PLAYER_ID,PLAYER_NAME,SHOT_ID,GRID_TYPE,GAME_ID,GAME_EVENT_ID,TEAM_ID,TEAM_NAME,PERIOD,MINUTES_REMAINING,SECONDS_REMAINING,EVENT_TYPE,ACTION_TYPE,SHOT_TYPE,SHOT_ZONE_BASIC,SHOT_ZONE_AREA,SHOT_ZONE_RANGE,SHOT_DISTANCE,LOC_X,LOC_Y,SHOT_ATTEMPTED_FLAG,SHOT_MADE_FLAG,GAME_DATE,HTM,VTM,PLAYERS_ON,assisted,season_type,time,extra,year,DEF_ID,score_margin,DEF_POSITION,DEF_ROLE,D_LEBRON,dsc,OFF_POSITION,OFF_ROLE,O_LEBRON
1630163,LaMelo Ball,2210000320,Shot Chart Detail,22100003,20,1610612766,Charlotte Hornets,1,10,26,Missed Shot,Driving Floating Jump Shot,,Restricted Area,Center(C),Less Than 8 ft.,3,20,31,1,0,20211020,CHA,IND,|1626162|1628970|1630163|202330|203486,0,REG,,,2022,1627763,-4.0,PG,Wing Stopper,-1.0,MISS Ball 4' Driving Floating Jump Shot,PG,Primary Ball Handler,1.97
1626162,Kelly Oubre Jr.,2210000338,Shot Chart Detail,22100003,38,1610612766,Charlotte Hornets,1,9,8,Made Shot,Driving Layup Shot,2PT Field Goal,Restricted Area,Center(C),Less Than 8 ft.,2,-20,12,1,1,20211020,CHA,IND,|1626162|1628970|1630163|202330|203486,1,REG,,,2022,1627763,-2.0,PG,Wing Stopper,-1.0,Oubre Jr. 2' Driving Layup (2 PTS) (Ball 1 AST),SF,Athletic Finisher,1.23
202397,Ish Smith,22100003100,Shot Chart Detail,22100003,100,1610612766,Charlotte Hornets,1,5,41,Missed Shot,Driving Floating Jump Shot,,Restricted Area,Center(C),Less Than 8 ft.,2,25,16,1,0,20211020,CHA,IND,|1626162|1628998|1629023|1629667|202397,0,REG,,,2022,1627763,-5.0,PG,Wing Stopper,-1.0,MISS Smith 3' Driving Floating Jump Shot,PG,Slasher,-1.59
1626162,Kelly Oubre Jr.,22100003105,Shot Chart Detail,22100003,105,1610612766,Charlotte Hornets,1,5,18,Missed Shot,Pullup Jump shot,2PT Field Goal,In The Paint (Non-RA),Center(C),Less Than 8 ft.,4,9,43,1,0,20211020,CHA,IND,|1626162|1628998|1629023|1629667|202397,0,REG,,,2022,1627763,-7.0,PG,Wing Stopper,-1.0,MISS Oubre Jr. 4' Pullup Jump Shot,SF,Athletic Finisher,1.23
1626162,Kelly Oubre Jr.,22100003279,Shot Chart Detail,22100003,279,1610612766,Charlotte Hornets,2,6,59,Missed Shot,Floating Jump shot,2PT Field Goal,In The Paint (Non-RA),Center(C),Less Than 8 ft.,4,-39,28,1,0,20211020,CHA,IND,|1626162|1628998|1629023|1629667|1630163,0,REG,,,2022,1627763,-12.0,PG,Wing Stopper,-1.0,MISS Oubre Jr. 5' Floating Jump Shot,SF,Athletic Finisher,1.23
1628998,Cody Martin,22100003314,Shot Chart Detail,22100003,314,1610612766,Charlotte Hornets,2,5,8,Made Shot,Cutting Dunk Shot,2PT Field Goal,Restricted Area,Center(C),Less Than 8 ft.,0,-1,5,1,1,20211020,CHA,IND,|1628998|1629023|1629667|202330|202397,1,REG,,,2022,1627763,-15.0,PG,Wing Stopper,-1.0,Martin 1' Cutting Dunk Shot (4 PTS) (Smith 1 AST),SF,Athletic Finisher,-0.5
1630163,LaMelo Ball,22100003345,Shot Chart Detail,22100003,345,1610612766,Charlotte Hornets,2,3,25,Made Shot,Jump Shot,,Above the Break 3,Right Side Center(RC),24+ ft.,27,96,256,1,1,20211020,CHA,IND,|1628998|1630163|202330|202397|203486,1,REG,,,2022,1627763,-14.0,PG,Wing Stopper,-1.0,Ball 27' 3PT Jump Shot (16 PTS) (Smith 3 AST),PG,Primary Ball Handler,1.97
203486,Mason Plumlee,22100003357,Shot Chart Detail,22100003,357,1610612766,Charlotte Hornets,2,2,32,Made Shot,Cutting Dunk Shot,,Restricted Area,Center(C),Less Than 8 ft.,1,2,11,1,1,20211020,CHA,IND,|1628998|1630163|202330|202397|203486,1,REG,,,2022,1627763,-14.0,PG,Wing Stopper,-1.0,Plumlee 1' Cutting Dunk Shot (4 PTS) (Ball 3 AST),C,Roll + Cut Big,-0.99
202330,Gordon Hayward,22100003365,Shot Chart Detail,22100003,365,1610612766,Charlotte Hornets,2,1,41,Missed Shot,Pullup Jump shot,,Mid-Range,Left Side(L),16-24 ft.,18,-153,106,1,0,20211020,CHA,IND,|1628998|1630163|202330|202397|203486,0,REG,,,2022,1627763,-14.0,PG,Wing Stopper,-1.0,MISS Hayward 19' Pullup Jump Shot,SF,Shot Creator,0.35
1626162,Kelly Oubre Jr.,22100003412,Shot Chart Detail,22100003,412,1610612766,Charlotte Hornets,3,11,17,Missed Shot,Jump Shot,3PT Field Goal,Above the Break 3,Center(C),24+ ft.,25,-55,251,1,0,20211020,CHA,IND,|1626162|1628970|1630163|202330|203486,0,REG,,,2022,1627763,-16.0,PG,Wing Stopper,-1.0,MISS Oubre Jr. 26' 3PT Jump Shot,SF,Athletic Finisher,1.23
202330,Gordon Hayward,22100003454,Shot Chart Detail,22100003,454,1610612766,Charlotte Hornets,3,7,31,Made Shot,Jump Shot,,Mid-Range,Left Side(L),16-24 ft.,20,-200,36,1,1,20211020,CHA,IND,|1626162|1628970|1630163|202330|203486,1,REG,,,2022,1627763,-14.0,PG,Wing Stopper,-1.0,Hayward 20' Jump Shot (11 PTS) (Plumlee 4 AST),SF,Shot Creator,0.35
202397,Ish Smith,22100003587,Shot Chart Detail,22100003,587,1610612766,Charlotte Hornets,4,10,58,Missed Shot,Running Layup Shot,,Restricted Area,Center(C),Less Than 8 ft.,0,-4,9,1,0,20211020,CHA,IND,|1628970|1628998|1629023|202330|202397,0,REG,,,2022,1627763,3.0,PG,Wing Stopper,-1.0,MISS Smith 1' Running Layup,PG,Slasher,-1.59
1628970,Miles Bridges,22100003602,Shot Chart Detail,22100003,602,1610612766,Charlotte Hornets,4,9,41,Made Shot,Driving Finger Roll Layup Shot,,Restricted Area,Center(C),Less Than 8 ft.,3,7,36,1,1,20211020,CHA,IND,|1626162|1628970|1629023|202330|202397,0,REG,,,2022,1627763,6.0,PG,Wing Stopper,-1.0,Bridges 4' Driving Finger Roll Layup (9 PTS),PF,Shot Creator,1.39
202397,Ish Smith,22100003643,Shot Chart Detail,22100003,643,1610612766,Charlotte Hornets,4,7,9,Made Shot,Fadeaway Jump Shot,,In The Paint (Non-RA),Center(C),Less Than 8 ft.,7,0,78,1,1,20211020,CHA,IND,|1626162|1628970|1628998|202397|203486,0,REG,,,2022,1627763,10.0,PG,Wing Stopper,-1.0,Smith 8' Fadeaway Jumper (14 PTS),PG,Slasher,-1.59
202330,Gordon Hayward,22100003689,Shot Chart Detail,22100003,689,1610612766,Charlotte Hornets,4,3,52,Made Shot,Step Back Jump shot,,In The Paint (Non-RA),Right Side(R),8-16 ft.,11,58,100,1,1,20211020,CHA,IND,|1626162|1628970|1630163|202330|203486,0,REG,,,2022,1627763,0.0,PG,Wing Stopper,-1.0,Hayward 12' Step Back Jump Shot (21 PTS),SF,Shot Creator,0.35
1626162,Kelly Oubre Jr.,22100003723,Shot Chart Detail,22100003,723,1610612766,Charlotte Hornets,4,0,58,Missed Shot,Layup Shot,2PT Field Goal,Restricted Area,Center(C),Less Than 8 ft.,2,-20,6,1,0,20211020,CHA,IND,|1626162|1628970|1630163|202330|203486,0,REG,,,2022,1627763,-1.0,PG,Wing Stopper,-1.0,MISS Oubre Jr. 2' Layup,SF,Athletic Finisher,1.23
203915,Spencer Dinwiddie,2210001911,Shot Chart Detail,22100019,11,1610612764,Washington Wizards,1,11,12,Missed Shot,Driving Layup Shot,,In The Paint (Non-RA),Right Side(R),8-16 ft.,8,62,53,1,0,20211022,WAS,IND,|1628398|1628988|1629655|203484|203915,0,REG,,,2022,1627763,1.0,PG,Wing Stopper,-1.0,MISS Dinwiddie 8' Driving Layup,PG,Shot Creator,1.2
203915,Spencer Dinwiddie,2210001949,Shot Chart Detail,22100019,49,1610612764,Washington Wizards,1,8,20,Made Shot,Driving Layup Shot,,In The Paint (Non-RA),Center(C),Less Than 8 ft.,4,45,20,1,1,20211022,WAS,IND,|1628398|1628988|1629655|203484|203915,0,REG,,,2022,1627763,6.0,PG,Wing Stopper,-1.0,Dinwiddie 5' Driving Layup (5 PTS),PG,Shot Creator,1.2
1629655,Daniel Gafford,2210001982,Shot Chart Detail,22100019,82,1610612764,Washington Wizards,1,6,3,Missed Shot,Putback Layup Shot,,Restricted Area,Center(C),Less Than 8 ft.,2,20,12,1,0,20211022,WAS,IND,|1628398|1628988|1629655|203484|203526,0,REG,,,2022,1627763|204456,3.0,,,,,C,Roll + Cut Big,-0.32
1628398,Kyle Kuzma,22100019118,Shot Chart Detail,22100019,118,1610612764,Washington Wizards,1,3,33,Missed Shot,Floating Jump shot,,In The Paint (Non-RA),Center(C),Less Than 8 ft.,4,-28,33,1,0,20211022,WAS,IND,|1626149|1628398|1630166|202722|203526,0,REG,,,2022,1627763,0.0,PG,Wing Stopper,-1.0,MISS Kuzma 4' Floating Jump Shot,PF,Movement Shooter,-0.74
203526,Raul Neto,22100019234,Shot Chart Detail,22100019,234,1610612764,Washington Wizards,2,7,49,Made Shot,Layup Shot,,Restricted Area,Center(C),Less Than 8 ft.,3,6,34,1,1,20211022,WAS,IND,|1626149|1628988|202722|203484|203526,0,REG,,,2022,1627763,1.0,PG,Wing Stopper,-1.0,Neto 3' Layup (4 PTS),PG,Slasher,-0.92
203526,Raul Neto,22100019282,Shot Chart Detail,22100019,282,1610612764,Washington Wizards,2,5,14,Made Shot,Turnaround Fadeaway shot,,In The Paint (Non-RA),Left Side(L),8-16 ft.,12,-80,94,1,1,20211022,WAS,IND,|1628398|1628988|1629655|1630166|203526,0,REG,,,2022,1627763,3.0,PG,Wing Stopper,-1.0,Neto 12' Turnaround Fadeaway (6 PTS),PG,Slasher,-0.92
203915,Spencer Dinwiddie,22100019312,Shot Chart Detail,22100019,312,1610612764,Washington Wizards,2,2,46,Made Shot,Layup Shot,,Restricted Area,Center(C),Less Than 8 ft.,3,33,17,1,1,20211022,WAS,IND,|1628398|1629655|203484|203526|203915,0,REG,,,2022,1627763|1626167,2.0,,,,,PG,Shot Creator,1.2
203915,Spencer Dinwiddie,22100019326,Shot Chart Detail,22100019,326,1610612764,Washington Wizards,2,0,48,Made Shot,Jump Shot,,Right Corner 3,Right Side(R),24+ ft.,23,235,-20,1,1,20211022,WAS,IND,|1628398|1629655|203484|203526|203915,1,REG,,,2022,1627763,5.0,PG,Wing Stopper,-1.0,Dinwiddie 24' 3PT Jump Shot (21 PTS) (Kuzma 2 AST),PG,Shot Creator,1.2
203915,Spencer Dinwiddie,22100019380,Shot Chart Detail,22100019,380,1610612764,Washington Wizards,3,8,58,Missed Shot,Step Back Jump shot,,Above the Break 3,Right Side Center(RC),24+ ft.,26,222,153,1,0,20211022,WAS,IND,|1626149|1628398|1628988|203484|203915,0,REG,,,2022,1627763,0.0,PG,Wing Stopper,-1.0,MISS Dinwiddie 27' 3PT Step Back Jump Shot,PG,Shot Creator,1.2
203915,Spencer Dinwiddie,22100019519,Shot Chart Detail,22100019,519,1610612764,Washington Wizards,3,0,3,Missed Shot,Driving Dunk Shot,,In The Paint (Non-RA),Center(C),Less Than 8 ft.,6,-55,35,1,0,20211022,WAS,IND,|1626149|1630166|202722|203526|203915,0,REG,,,2022,1627763,10.0,PG,Wing Stopper,-1.0,MISS Dinwiddie 7' Driving Dunk,PG,Shot Creator,1.2
1628988,Aaron Holiday,22100019538,Shot Chart Detail,22100019,538,1610612764,Washington Wizards,4,11,30,Missed Shot,Jump Shot,,Above the Break 3,Right Side Center(RC),24+ ft.,26,183,194,1,0,20211022,WAS,IND,|1626149|1628988|1630166|202722|203526,0,REG,,,2022,1627763,10.0,PG,Wing Stopper,-1.0,MISS Holiday 27' 3PT Jump Shot,PG,Primary Ball Handler,-1.11
203484,Kentavious Caldwell-Pope,22100019620,Shot Chart Detail,22100019,620,1610612764,Washington Wizards,4,2,47,Missed Shot,Jump Shot,,Above the Break 3,Left Side Center(LC),24+ ft.,29,-210,204,1,0,20211022,WAS,IND,|1626149|1628398|203484|203526|203915,0,REG,,,2022,1627763,-3.0,PG,Wing Stopper,-1.0,MISS Caldwell-Pope 29' 3PT Jump Shot,SG,Movement Shooter,-1.19
203915,Spencer Dinwiddie,22100019623,Shot Chart Detail,22100019,623,1610612764,Washington Wizards,4,2,17,Made Shot,Floating Jump shot,,Mid-Range,Left Side(L),8-16 ft.,11,-85,83,1,1,20211022,WAS,IND,|1626149|1628398|203484|203526|203915,0,REG,,,2022,1627763,-3.0,PG,Wing Stopper,-1.0,Dinwiddie 12' Floating Jump Shot (25 PTS),PG,Shot Creator,1.2
203915,Spencer Dinwiddie,22100019625,Shot Chart Detail,22100019,625,1610612764,Washington Wizards,4,1,44,Made Shot,Jump Shot,,Above the Break 3,Left Side Center(LC),24+ ft.,24,-138,203,1,1,20211022,WAS,IND,|1626149|1628398|203484|203526|203915,0,REG,,,2022,1627763,-3.0,PG,Wing Stopper,-1.0,Dinwiddie 25' 3PT Jump Shot (28 PTS),PG,Shot Creator,1.2
203915,Spencer Dinwiddie,22100019668,Shot Chart Detail,22100019,668,1610612764,Washington Wizards,5,4,19,Missed Shot,Floating Jump shot,,Mid-Range,Center(C),16-24 ft.,17,-22,172,1,0,20211022,WAS,IND,|1626149|1628398|203484|203526|203915,0,REG,,,2022,1627763,0.0,PG,Wing Stopper,-1.0,MISS Dinwiddie 17' Floating Jump Shot,PG,Shot Creator,1.2
203526,Raul Neto,22100019675,Shot Chart Detail,22100019,675,1610612764,Washington Wizards,5,3,19,Missed Shot,Jump Shot,,Left Corner 3,Left Side(L),24+ ft.,23,-238,-6,1,0,20211022,WAS,IND,|1626149|1628398|203484|203526|203915,0,REG,,,2022,1627763,-4.0,PG,Wing Stopper,-1.0,MISS Neto 24' 3PT Jump Shot,PG,Slasher,-0.92
203484,Kentavious Caldwell-Pope,22100019687,Shot Chart Detail,22100019,687,1610612764,Washington Wizards,5,2,46,Missed Shot,Jump Shot,,Left Corner 3,Left Side(L),24+ ft.,24,-245,-6,1,0,20211022,WAS,IND,|1626149|1628398|202722|203484|203915,0,REG,,,2022,1627763,-5.0,PG,Wing Stopper,-1.0,MISS Caldwell-Pope 25' 3PT Jump Shot,SG,Movement Shooter,-1.19
1626149,Montrezl Harrell,22100019691,Shot Chart Detail,22100019,691,1610612764,Washington Wizards,5,2,21,Made Shot,Dunk Shot,2PT Field Goal,Restricted Area,Center(C),Less Than 8 ft.,3,-34,17,1,1,20211022,WAS,IND,|1626149|1628398|202722|203484|203915,1,REG,,,2022,1627763|1626167,-3.0,,,,,C,Post Scorer,1.58
1629130,Duncan Robinson,2210002825,Shot Chart Detail,22100028,25,1610612748,Miami Heat,1,9,22,Missed Shot,Jump Shot,,Above the Break 3,Right Side Center(RC),24+ ft.,25,183,171,1,0,20211023,IND,MIA,|1628389|1629130|1629216|200782|202710,0,REG,,,2022,1627763,5.0,PG,Wing Stopper,-1.0,MISS Robinson 25' 3PT Jump Shot,SG,Off Screen Shooter,0.28
1629130,Duncan Robinson,2210002861,Shot Chart Detail,22100028,61,1610612748,Miami Heat,1,6,31,Made Shot,Pullup Jump shot,,Above the Break 3,Center(C),24+ ft.,25,23,250,1,1,20211023,IND,MIA,|1628389|1629130|1629216|200782|202710,1,REG,,,2022,1627763,4.0,PG,Wing Stopper,-1.0,Robinson 25' 3PT Pullup Jump Shot (6 PTS) (Adebayo 1 AST),SG,Off Screen Shooter,0.28
1629639,Tyler Herro,22100028135,Shot Chart Detail,22100028,135,1610612748,Miami Heat,1,0,0,Missed Shot,Pullup Jump shot,,Above the Break 3,Right Side Center(RC),24+ ft.,23,168,169,1,0,20211023,IND,MIA,|1629216|1629622|1629639|202693|203473,0,REG,,,2022,1627763,-4.0,PG,Wing Stopper,-1.0,MISS Herro 24' 3PT Pullup Jump Shot,SG,Primary Ball Handler,0.17
1629639,Tyler Herro,22100028244,Shot Chart Detail,22100028,244,1610612748,Miami Heat,2,5,19,Missed Shot,Running Layup Shot,,In The Paint (Non-RA),Center(C),Less Than 8 ft.,4,-42,19,1,0,20211023,IND,MIA,|1628389|1629130|1629639|200782|202710,0,REG,,,2022,1627763,-8.0,PG,Wing Stopper,-1.0,MISS Herro 5' Running Layup,SG,Primary Ball Handler,0.17
1629639,Tyler Herro,22100028258,Shot Chart Detail,22100028,258,1610612748,Miami Heat,2,3,45,Made Shot,Pullup Jump shot,,Mid-Range,Left Side(L),8-16 ft.,14,-140,17,1,1,20211023,IND,MIA,|1628389|1629130|1629216|1629639|200782,0,REG,,,2022,1627763,-8.0,PG,Wing Stopper,-1.0,Herro 14' Pullup Jump Shot (14 PTS),SG,Primary Ball Handler,0.17
1629130,Duncan Robinson,22100028304,Shot Chart Detail,22100028,304,1610612748,Miami Heat,2,0,53,Made Shot,Jump Shot,,Right Corner 3,Right Side(R),24+ ft.,23,228,47,1,1,20211023,IND,MIA,|1628389|1629130|1629639|200782|202710,1,REG,,,2022,1627763,-7.0,PG,Wing Stopper,-1.0,Robinson 3PT Jump Shot (9 PTS) (Butler 3 AST),SG,Off Screen Shooter,0.28
202710,Jimmy Butler,22100028347,Shot Chart Detail,22100028,347,1610612748,Miami Heat,3,11,9,Made Shot,Driving Layup Shot,,Restricted Area,Center(C),Less Than 8 ft.,2,16,25,1,1,20211023,IND,MIA,|1628389|1629130|1629216|200782|202710,1,REG,,,2022,1627763,-8.0,PG,Wing Stopper,-1.0,Butler 3' Driving Layup (8 PTS) (Tucker 2 AST),SF,Shot Creator,2.89
202710,Jimmy Butler,22100028368,Shot Chart Detail,22100028,368,1610612748,Miami Heat,3,9,6,Made Shot,Layup Shot,,Restricted Area,Center(C),Less Than 8 ft.,3,29,8,1,1,20211023,IND,MIA,|1628389|1629130|1629216|200782|202710,1,REG,,,2022,1627763,-8.0,PG,Wing Stopper,-1.0,Butler 3' Layup (10 PTS) (Robinson 1 AST),SF,Shot Creator,2.89
202710,Jimmy Butler,22100028398,Shot Chart Detail,22100028,398,1610612748,Miami Heat,3,6,11,Made Shot,Jump Shot,,In The Paint (Non-RA),Center(C),Less Than 8 ft.,5,34,37,1,1,20211023,IND,MIA,|1628389|1629130|1629639|200782|202710,1,REG,,,2022,1627763,-8.0,PG,Wing Stopper,-1.0,Butler 5' Jump Shot (12 PTS) (Robinson 2 AST),SF,Shot Creator,2.89
202693,Markieff Morris,22100028480,Shot Chart Detail,22100028,480,1610612748,Miami Heat,4,11,47,Made Shot,Dunk Shot,,Restricted Area,Center(C),Less Than 8 ft.,1,0,17,1,1,20211023,IND,MIA,|1628389|1629216|1629622|1629639|202693,1,REG,,,2022,1627763,1.0,PG,Wing Stopper,-1.0,Morris 2' Dunk (2 PTS) (Adebayo 2 AST),PF,Versatile Big,-0.82
1629639,Tyler Herro,22100028494,Shot Chart Detail,22100028,494,1610612748,Miami Heat,4,10,14,Made Shot,Pullup Jump shot,,Mid-Range,Left Side(L),8-16 ft.,10,-108,17,1,1,20211023,IND,MIA,|1628389|1629216|1629622|1629639|202693,0,REG,,,2022,1627763,3.0,PG,Wing Stopper,-1.0,Herro 11' Pullup Jump Shot (22 PTS),SG,Primary Ball Handler,0.17
1629639,Tyler Herro,22100028593,Shot Chart Detail,22100028,593,1610612748,Miami Heat,4,1,52,Missed Shot,Pullup Jump shot,,Above the Break 3,Right Side Center(RC),24+ ft.,24,212,132,1,0,20211023,IND,MIA,|1628389|1629130|1629639|200782|202710,0,REG,,,2022,1627763,-2.0,PG,Wing Stopper,-1.0,MISS Herro 25' 3PT Pullup Jump Shot,SG,Primary Ball Handler,0.17
1629639,Tyler Herro,22100028608,Shot Chart Detail,22100028,608,1610612748,Miami Heat,4,0,51,Made Shot,Step Back Jump shot,,Above the Break 3,Left Side Center(LC),24+ ft.,25,-85,244,1,1,20211023,IND,MIA,|1628389|1629130|1629639|200782|202710,0,REG,,,2022,1627763,0.0,PG,Wing Stopper,-1.0,Herro 26' 3PT Step Back Jump Shot (30 PTS),SG,Primary Ball Handler,0.17
202710,Jimmy Butler,22100028614,Shot Chart Detail,22100028,614,1610612748,Miami Heat,4,0,17,Missed Shot,Driving Layup Shot,,Restricted Area,Center(C),Less Than 8 ft.,2,20,21,1,0,20211023,IND,MIA,|1628389|1629130|1629639|200782|202710,0,REG,,,2022,1627763,0.0,PG,Wing Stopper,-1.0,Brogdon BLOCK (2 BLK),SF,Shot Creator,2.89
202710,Jimmy Butler,22100028620,Shot Chart Detail,22100028,620,1610612748,Miami Heat,4,0,12,Missed Shot,Turnaround Jump Shot,,Mid-Range,Right Side(R),16-24 ft.,17,146,104,1,0,20211023,IND,MIA,|1628389|1629130|1629639|200782|202710,0,REG,,,2022,1627763,0.0,PG,Wing Stopper,-1.0,MISS Butler 18' Turnaround Jump Shot,SF,Shot Creator,2.89
202710,Jimmy Butler,22100028634,Shot Chart Detail,22100028,634,1610612748,Miami Heat,5,4,16,Made Shot,Alley Oop Layup shot,,Restricted Area,Center(C),Less Than 8 ft.,1,2,11,1,1,20211023,IND,MIA,|1628389|1629130|1629639|200782|202710,1,REG,,,2022,1627763,0.0,PG,Wing Stopper,-1.0,Butler 1' Alley Oop Layup (19 PTS) (Adebayo 3 AST),SF,Shot Creator,2.89
203114,Khris Middleton,22100042186,Shot Chart Detail,22100042,186,1610612749,Milwaukee Bucks,1,0,0,Made Shot,Fadeaway Jump Shot,,Right Corner 3,Right Side(R),24+ ft.,23,232,-6,1,1,20211025,IND,MIL,|1626192|1630572|201588|203114|203918,1,REG,,,2022,1627763,3.0,PG,Wing Stopper,-1.0,Middleton 3PT Fadeaway Jumper (12 PTS) (Hill 1 AST),SF,Shot Creator,1.71
203114,Khris Middleton,22100042288,Shot Chart Detail,22100042,288,1610612749,Milwaukee Bucks,2,6,37,Missed Shot,Turnaround Jump Shot,,In The Paint (Non-RA),Center(C),Less Than 8 ft.,6,-18,67,1,0,20211025,IND,MIL,|1628960|1629670|201588|203114|203507,0,REG,,,2022,1627763,8.0,PG,Wing Stopper,-1.0,MISS Middleton 7' Turnaround Jump Shot,SF,Shot Creator,1.71
203114,Khris Middleton,22100042322,Shot Chart Detail,22100042,322,1610612749,Milwaukee Bucks,2,3,36,Missed Shot,Turnaround Jump Shot,,Mid-Range,Left Side(L),8-16 ft.,12,-89,92,1,0,20211025,IND,MIL,|1626192|1629670|1630572|201588|203114,0,REG,,,2022,1627763,9.0,PG,Wing Stopper,-1.0,MISS Middleton 13' Turnaround Jump Shot,SF,Shot Creator,1.71
1628960,Grayson Allen,22100042389,Shot Chart Detail,22100042,389,1610612749,Milwaukee Bucks,3,11,25,Missed Shot,Running Jump Shot,3PT Field Goal,Above the Break 3,Left Side Center(LC),24+ ft.,26,-186,183,1,0,20211025,IND,MIL,|1628960|201588|203114|203507|203648,0,REG,,,2022,1627763,12.0,PG,Wing Stopper,-1.0,MISS Allen 26' 3PT Running Jump Shot,SG,Movement Shooter,0.25
203507,Giannis Antetokounmpo,22100042432,Shot Chart Detail,22100042,432,1610612749,Milwaukee Bucks,3,8,25,Made Shot,Running Finger Roll Layup Shot,,Restricted Area,Center(C),Less Than 8 ft.,3,-2,34,1,1,20211025,IND,MIL,|1626192|1628960|201588|203114|203507,0,REG,,,2022,1627763|1626167,14.0,,,,,PF,Shot Creator,4.57
1630572,Sandro Mamukelashvili,22100042466,Shot Chart Detail,22100042,466,1610612749,Milwaukee Bucks,3,6,13,Made Shot,Layup Shot,,Restricted Area,Center(C),Less Than 8 ft.,0,-7,5,1,1,20211025,IND,MIL,|1626192|1629670|1630572|201588|203507,1,REG,,,2022,1627763,17.0,PG,Wing Stopper,-1.0,Mamukelashvili 1' Layup (2 PTS) (Nwora 3 AST),PF,Stretch Big,-0.77
1629620,Justin Robinson,22100042591,Shot Chart Detail,22100042,591,1610612749,Milwaukee Bucks,4,11,47,Missed Shot,Running Finger Roll Layup Shot,,In The Paint (Non-RA),Center(C),Less Than 8 ft.,6,17,62,1,0,20211025,IND,MIL,|1626192|1628960|1629620|1629670|203507,0,REG,,,2022,1627763,15.0,PG,Wing Stopper,-1.0,MISS Robinson 6' Running Finger Roll Layup,PG,Secondary Ball Handler,-1.37
203507,Giannis Antetokounmpo,22100042624,Shot Chart Detail,22100042,624,1610612749,Milwaukee Bucks,4,9,31,Missed Shot,Running Jump Shot,,Restricted Area,Center(C),Less Than 8 ft.,3,-36,8,1,0,20211025,IND,MIL,|1626192|1628960|1629670|201588|203507,0,REG,,,2022,1629048|1627763,15.0,,,,,PF,Shot Creator,4.57
203507,Giannis Antetokounmpo,22100042632,Shot Chart Detail,22100042,632,1610612749,Milwaukee Bucks,4,8,26,Missed Shot,Turnaround Jump Shot,,Mid-Range,Right Side(R),8-16 ft.,11,115,34,1,0,20211025,IND,MIL,|1626192|1628960|1629670|201588|203507,0,REG,,,2022,1630537|1627763,12.0,,,,,PF,Shot Creator,4.57
1627832,Fred VanVleet,2210005817,Shot Chart Detail,22100058,17,1610612761,Toronto Raptors,1,10,39,Made Shot,Jump Shot,3PT Field Goal,Right Corner 3,Right Side(R),24+ ft.,24,227,86,1,1,20211027,TOR,IND,|1627832|1628384|1629018|1630173|1630567,1,REG,,,2022,1627763,1.0,PG,Wing Stopper,-1.0,VanVleet 24' 3PT Jump Shot (3 PTS) (Anunoby 1 AST),PG,Primary Ball Handler,1.46
1627832,Fred VanVleet,2210005825,Shot Chart Detail,22100058,25,1610612761,Toronto Raptors,1,10,4,Missed Shot,Jump Shot,3PT Field Goal,Left Corner 3,Left Side(L),24+ ft.,22,-229,6,1,0,20211027,TOR,IND,|1627832|1628384|1629018|1630173|1630567,0,REG,,,2022,1627763,1.0,PG,Wing Stopper,-1.0,MISS VanVleet 3PT Jump Shot,PG,Primary Ball Handler,1.46
1628384,O.G. Anunoby,2210005882,Shot Chart Detail,22100058,82,1610612761,Toronto Raptors,1,5,24,Made Shot,Turnaround Fadeaway shot,,In The Paint (Non-RA),Center(C),8-16 ft.,8,-26,76,1,1,20211027,TOR,IND,|1627832|1628384|1629018|1630173|1630567,1,REG,,,2022,1627763,3.0,PG,Wing Stopper,-1.0,Anunoby 8' Turnaround Fadeaway (9 PTS) (Barnes 1 AST),SF,Shot Creator,-0.2
1630567,Scottie Barnes,22100058255,Shot Chart Detail,22100058,255,1610612761,Toronto Raptors,2,7,18,Missed Shot,Turnaround Jump Shot,,In The Paint (Non-RA),Center(C),Less Than 8 ft.,6,-43,52,1,0,20211027,TOR,IND,|1627832|1629004|1629018|1630173|1630567,0,REG,,,2022,1627763,-3.0,PG,Wing Stopper,-1.0,MISS Barnes 7' Turnaround Jump Shot,PF,Shot Creator,-0.19
1630567,Scottie Barnes,22100058257,Shot Chart Detail,22100058,257,1610612761,Toronto Raptors,2,7,15,Made Shot,Fadeaway Jump Shot,,Restricted Area,Center(C),Less Than 8 ft.,2,-1,23,1,1,20211027,TOR,IND,|1627832|1629004|1629018|1630173|1630567,0,REG,,,2022,1627763,-1.0,PG,Wing Stopper,-1.0,Barnes 2' Fadeaway Jumper (2 PTS),PF,Shot Creator,-0.19
1627832,Fred VanVleet,22100058334,Shot Chart Detail,22100058,334,1610612761,Toronto Raptors,2,2,10,Missed Shot,Floating Jump shot,2PT Field Goal,In The Paint (Non-RA),Center(C),Less Than 8 ft.,7,-44,64,1,0,20211027,TOR,IND,|1627832|1628384|1629018|1630173|1630567,0,REG,,,2022,1627763,4.0,PG,Wing Stopper,-1.0,MISS VanVleet 8' Floating Jump Shot,PG,Primary Ball Handler,1.46
1630567,Scottie Barnes,22100058349,Shot Chart Detail,22100058,349,1610612761,Toronto Raptors,2,1,19,Made Shot,Cutting Finger Roll Layup Shot,,In The Paint (Non-RA),Center(C),Less Than 8 ft.,4,0,44,1,1,20211027,TOR,IND,|1627832|1628384|1629018|1630173|1630567,1,REG,,,2022,1627763,8.0,PG,Wing Stopper,-1.0,Barnes 4' Cutting Finger Roll Layup Shot (10 PTS) (VanVleet 3 AST),PF,Shot Creator,-0.19
1627832,Fred VanVleet,22100058383,Shot Chart Detail,22100058,383,1610612761,Toronto Raptors,3,10,35,Missed Shot,Driving Floating Jump Shot,2PT Field Goal,In The Paint (Non-RA),Center(C),8-16 ft.,11,38,110,1,0,20211027,TOR,IND,|1627832|1628384|1629018|1630173|1630567,0,REG,,,2022,1627763,9.0,PG,Wing Stopper,-1.0,MISS VanVleet 12' Driving Floating Jump Shot,PG,Primary Ball Handler,1.46
203095,Evan Fournier,2210010929,Shot Chart Detail,22100109,29,1610612752,New York Knicks,1,9,40,Missed Shot,Step Back Jump shot,,Mid-Range,Center(C),16-24 ft.,20,-2,203,1,0,20211103,IND,NYK,|1629011|1629628|202689|203095|203944,0,REG,,,2022,1627763,-11.0,PG,Wing Stopper,-1.0,MISS Fournier 20' Step Back Jump Shot,SG,Movement Shooter,-0.12
203095,Evan Fournier,2210010942,Shot Chart Detail,22100109,42,1610612752,New York Knicks,1,8,34,Made Shot,Pullup Jump shot,,Above the Break 3,Left Side Center(LC),24+ ft.,25,-223,119,1,1,20211103,IND,NYK,|1629011|1629628|202689|203095|203944,1,REG,,,2022,1627763,-8.0,PG,Wing Stopper,-1.0,Fournier 25' 3PT Pullup Jump Shot (3 PTS) (Randle 1 AST),SG,Movement Shooter,-0.12
1629628,RJ Barrett,2210010947,Shot Chart Detail,22100109,47,1610612752,New York Knicks,1,8,11,Missed Shot,Jump Shot,,Left Corner 3,Left Side(L),24+ ft.,23,-227,43,1,0,20211103,IND,NYK,|1629011|1629628|202689|203095|203944,0,REG,,,2022,1627763,-8.0,PG,Wing Stopper,-1.0,MISS Barrett 3PT Jump Shot,SF,Secondary Ball Handler,0.31
203095,Evan Fournier,2210010966,Shot Chart Detail,22100109,66,1610612752,New York Knicks,1,6,41,Missed Shot,Step Back Jump shot,,Above the Break 3,Right Side Center(RC),24+ ft.,26,123,230,1,0,20211103,IND,NYK,|1629011|1629628|202689|203095|203944,0,REG,,,2022,1627763,-9.0,PG,Wing Stopper,-1.0,MISS Fournier 26' 3PT Step Back Jump Shot,SG,Movement Shooter,-0.12
203095,Evan Fournier,22100109103,Shot Chart Detail,22100109,103,1610612752,New York Knicks,1,3,34,Made Shot,Driving Layup Shot,,In The Paint (Non-RA),Center(C),Less Than 8 ft.,5,22,52,1,1,20211103,IND,NYK,|1629628|201565|203095|203457|203944,1,REG,,,2022,1627763|1628470,-8.0,,,,,SG,Movement Shooter,-0.12
1629628,RJ Barrett,22100109283,Shot Chart Detail,22100109,283,1610612752,New York Knicks,2,3,17,Made Shot,Running Dunk Shot,,Restricted Area,Center(C),Less Than 8 ft.,0,4,4,1,1,20211103,IND,NYK,|1629011|1629628|202689|203095|203944,1,REG,,,2022,1627763,-12.0,PG,Wing Stopper,-1.0,Barrett 1' Running Dunk (5 PTS) (Walker 2 AST),SF,Secondary Ball Handler,0.31
203095,Evan Fournier,22100109286,Shot Chart Detail,22100109,286,1610612752,New York Knicks,2,2,46,Missed Shot,Driving Floating Jump Shot,,In The Paint (Non-RA),Center(C),8-16 ft.,10,-36,95,1,0,20211103,IND,NYK,|1629011|1629628|202689|203095|203944,0,REG,,,2022,1627763,-14.0,PG,Wing Stopper,-1.0,MISS Fournier 10' Driving Floating Jump Shot,SG,Movement Shooter,-0.12
202689,Kemba Walker,22100109323,Shot Chart Detail,22100109,323,1610612752,New York Knicks,2,0,51,Missed Shot,Driving Floating Bank Jump Shot,,In The Paint (Non-RA),Center(C),Less Than 8 ft.,5,42,37,1,0,20211103,IND,NYK,|1629011|1629628|202689|203095|203944,0,REG,,,2022,1627763,-9.0,PG,Wing Stopper,-1.0,MISS Walker 6' Driving Floating Bank Jump Shot,PG,Primary Ball Handler,-0.38
203944,Julius Randle,22100109397,Shot Chart Detail,22100109,397,1610612752,New York Knicks,3,6,49,Made Shot,Turnaround Fadeaway shot,,In The Paint (Non-RA),Center(C),8-16 ft.,11,-43,105,1,1,20211103,IND,NYK,|1629011|1629628|202689|203095|203944,1,REG,,,2022,1627763,-5.0,PG,Wing Stopper,-1.0,Randle 11' Turnaround Fadeaway (11 PTS) (Fournier 3 AST),PF,Shot Creator,-0.03
201565,Derrick Rose,22100109573,Shot Chart Detail,22100109,573,1610612752,New York Knicks,4,6,56,Missed Shot,Driving Floating Jump Shot,,In The Paint (Non-RA),Center(C),8-16 ft.,9,-31,95,1,0,20211103,IND,NYK,|1629011|1629628|201565|202692|203944,0,REG,,,2022,1627763,-6.0,PG,Wing Stopper,-1.0,MISS Rose 10' Driving Floating Jump Shot,PG,Primary Ball Handler,0.47
1629628,RJ Barrett,22100109585,Shot Chart Detail,22100109,585,1610612752,New York Knicks,4,6,11,Missed Shot,Driving Finger Roll Layup Shot,,Restricted Area,Center(C),Less Than 8 ft.,2,-20,15,1,0,20211103,IND,NYK,|1629011|1629628|201565|202692|203944,0,REG,,,2022,1627763,-6.0,PG,Wing Stopper,-1.0,MISS Barrett 3' Driving Finger Roll Layup,SF,Secondary Ball Handler,0.31
203095,Evan Fournier,22100109602,Shot Chart Detail,22100109,602,1610612752,New York Knicks,4,4,45,Made Shot,Driving Layup Shot,,Restricted Area,Center(C),Less Than 8 ft.,3,-23,23,1,1,20211103,IND,NYK,|1629011|1629628|202689|203095|203944,1,REG,,,2022,1627763,-9.0,PG,Wing Stopper,-1.0,Fournier 3' Driving Layup (14 PTS) (Robinson 2 AST),SG,Movement Shooter,-0.12
203095,Evan Fournier,22100109606,Shot Chart Detail,22100109,606,1610612752,New York Knicks,4,4,13,Missed Shot,Driving Floating Jump Shot,,In The Paint (Non-RA),Left Side(L),8-16 ft.,12,-78,101,1,0,20211103,IND,NYK,|1629011|1629628|202689|203095|203944,0,REG,,,2022,1627763,-12.0,PG,Wing Stopper,-1.0,MISS Fournier 13' Driving Floating Jump Shot,SG,Movement Shooter,-0.12
203932,Aaron Gordon,2210016715,Shot Chart Detail,22100167,15,1610612743,Denver Nuggets,1,10,31,Missed Shot,Turnaround Fadeaway Bank Jump Shot,,Mid-Range,Left Side(L),8-16 ft.,13,-135,11,1,0,20211110,DEN,IND,|1628420|201145|203115|203210|203932,0,REG,,,2022,1627763,6.0,PG,Wing Stopper,-1.0,MISS Gordon 14' Turnaround Fadeaway Bank Jump Shot,PF,Shot Creator,0.46
1628420,Monte Morris,2210016725,Shot Chart Detail,22100167,25,1610612743,Denver Nuggets,1,9,26,Missed Shot,Jump Shot,3PT Field Goal,Above the Break 3,Right Side Center(RC),24+ ft.,25,82,246,1,0,20211110,DEN,IND,|1628420|201145|203115|203210|203932,0,REG,,,2022,1627763,8.0,PG,Wing Stopper,-1.0,MISS Morris 26' 3PT Jump Shot,PG,Primary Ball Handler,0.96
1630192,Zeke Nnaji,22100167104,Shot Chart Detail,22100167,104,1610612743,Denver Nuggets,1,3,18,Made Shot,Layup Shot,,Restricted Area,Center(C),Less Than 8 ft.,2,-26,11,1,1,20211110,DEN,IND,|1628408|1630192|1630538|203115|203932,1,REG,,,2022,204456|1627763,5.0,,,,,PF,Stretch Big,-1.48
1630538,Bones Hyland,22100167121,Shot Chart Detail,22100167,121,1610612743,Denver Nuggets,1,0,53,Missed Shot,Pullup Jump shot,,Above the Break 3,Center(C),24+ ft.,25,7,258,1,0,20211110,DEN,IND,|1628408|1630192|1630267|1630538|203085,0,REG,,,2022,1627763,6.0,PG,Wing Stopper,-1.0,MISS Hyland 26' 3PT Pullup Jump Shot,SG,Primary Ball Handler,1.26
1630192,Zeke Nnaji,22100167146,Shot Chart Detail,22100167,146,1610612743,Denver Nuggets,2,10,35,Made Shot,Alley Oop Layup shot,,Restricted Area,Center(C),Less Than 8 ft.,2,22,11,1,1,20211110,DEN,IND,|1628408|1630192|1630267|1630538|203085,1,REG,,,2022,1627763,5.0,PG,Wing Stopper,-1.0,Nnaji 2' Alley Oop Layup (8 PTS) (Hyland 4 AST),PF,Stretch Big,-1.48
1630538,Bones Hyland,22100167152,Shot Chart Detail,22100167,152,1610612743,Denver Nuggets,2,10,2,Made Shot,Jump Shot,,Above the Break 3,Right Side Center(RC),24+ ft.,28,153,237,1,1,20211110,DEN,IND,|1628408|1630192|1630267|1630538|203085,1,REG,,,2022,1627763,8.0,PG,Wing Stopper,-1.0,Hyland 28' 3PT Jump Shot (6 PTS) (Campazzo 1 AST),SG,Primary Ball Handler,1.26
1630538,Bones Hyland,22100167156,Shot Chart Detail,22100167,156,1610612743,Denver Nuggets,2,9,20,Missed Shot,Fadeaway Jump Shot,,Mid-Range,Left Side(L),8-16 ft.,12,-114,50,1,0,20211110,DEN,IND,|1628408|1630192|1630267|1630538|203085,0,REG,,,2022,1627763,8.0,PG,Wing Stopper,-1.0,MISS Hyland 12' Fadeaway Jumper,SG,Primary Ball Handler,1.26
1628420,Monte Morris,22100167239,Shot Chart Detail,22100167,239,1610612743,Denver Nuggets,2,3,6,Made Shot,Driving Layup Shot,2PT Field Goal,Restricted Area,Center(C),Less Than 8 ft.,2,-11,19,1,1,20211110,DEN,IND,|1628420|201145|203115|203210|203932,0,REG,,,2022,1627763,-2.0,PG,Wing Stopper,-1.0,Morris 2' Driving Layup (4 PTS),PG,Primary Ball Handler,0.96
203932,Aaron Gordon,22100167259,Shot Chart Detail,22100167,259,1610612743,Denver Nuggets,2,0,48,Missed Shot,Pullup Jump shot,,Mid-Range,Right Side Center(RC),16-24 ft.,18,92,166,1,0,20211110,DEN,IND,|1628420|201145|203115|203210|203932,0,REG,,,2022,1627763,-1.0,PG,Wing Stopper,-1.0,MISS Gordon 19' Pullup Jump Shot,PF,Shot Creator,0.46
203932,Aaron Gordon,22100167303,Shot Chart Detail,22100167,303,1610612743,Denver Nuggets,3,10,8,Missed Shot,Reverse Layup Shot,,In The Paint (Non-RA),Center(C),Less Than 8 ft.,5,-2,54,1,0,20211110,DEN,IND,|1628420|201145|203115|203210|203932,0,REG,,,2022,1627763,-3.0,PG,Wing Stopper,-1.0,MISS Gordon 5' Reverse Layup,PF,Shot Creator,0.46
1628420,Monte Morris,22100167523,Shot Chart Detail,22100167,523,1610612743,Denver Nuggets,4,7,6,Missed Shot,Pullup Jump shot,2PT Field Goal,Mid-Range,Center(C),16-24 ft.,21,20,212,1,0,20211110,DEN,IND,|1628420|1630192|1630538|203115|203932,0,REG,,,2022,1627763,1.0,PG,Wing Stopper,-1.0,MISS Morris 21' Pullup Jump Shot,PG,Primary Ball Handler,0.96
202711,Bojan Bogdanovic,2210017220,Shot Chart Detail,22100172,20,1610612762,Utah Jazz,1,10,36,Missed Shot,Jump Shot,,Above the Break 3,Left Side Center(LC),24+ ft.,25,-158,201,1,0,20211111,UTA,IND,|1626220|1628378|201144|202711|203497,0,REG,,,2022,1627763,3.0,PG,Wing Stopper,-1.0,MISS Bogdanovic 26' 3PT Jump Shot,PF,Off Screen Shooter,1.64
204060,Joe Ingles,2210017268,Shot Chart Detail,22100172,68,1610612762,Utah Jazz,1,5,48,Missed Shot,Jump Shot,,Above the Break 3,Right Side Center(RC),24+ ft.,25,93,237,1,0,20211111,UTA,IND,|1626220|1628378|202355|202711|204060,0,REG,,,2022,1627763|204456,4.0,,,,,SF,Movement Shooter,-0.36
203903,Jordan Clarkson,22100172182,Shot Chart Detail,22100172,182,1610612762,Utah Jazz,2,9,36,Missed Shot,Jump Shot,,Above the Break 3,Left Side Center(LC),24+ ft.,27,-201,184,1,0,20211111,UTA,IND,|1629672|1630235|203497|203903|204060,0,REG,,,2022,1627763,-1.0,PG,Wing Stopper,-1.0,MISS Clarkson 27' 3PT Jump Shot,SG,Secondary Ball Handler,2.05
203903,Jordan Clarkson,22100172186,Shot Chart Detail,22100172,186,1610612762,Utah Jazz,2,9,14,Missed Shot,Driving Floating Jump Shot,,In The Paint (Non-RA),Left Side(L),8-16 ft.,8,-49,75,1,0,20211111,UTA,IND,|1629672|1630235|203497|203903|204060,0,REG,,,2022,1627763,-1.0,PG,Wing Stopper,-1.0,MISS Clarkson 9' Driving Floating Jump Shot,SG,Secondary Ball Handler,2.05
203903,Jordan Clarkson,22100172191,Shot Chart Detail,22100172,191,1610612762,Utah Jazz,2,8,36,Missed Shot,Jump Shot,,Right Corner 3,Right Side(R),24+ ft.,22,224,17,1,0,20211111,UTA,IND,|1629672|1630235|203497|203903|204060,0,REG,,,2022,1627763,-3.0,PG,Wing Stopper,-1.0,MISS Clarkson 3PT Jump Shot,SG,Secondary Ball Handler,2.05
203903,Jordan Clarkson,22100172214,Shot Chart Detail,22100172,214,1610612762,Utah Jazz,2,7,27,Made Shot,Jump Shot,,Right Corner 3,Right Side(R),24+ ft.,23,233,6,1,1,20211111,UTA,IND,|1628378|202355|202711|203903|204060,1,REG,,,2022,1627763,2.0,PG,Wing Stopper,-1.0,Clarkson 3PT Jump Shot (6 PTS) (Ingles 2 AST),SG,Secondary Ball Handler,2.05
202711,Bojan Bogdanovic,22100172220,Shot Chart Detail,22100172,220,1610612762,Utah Jazz,2,6,48,Made Shot,Driving Layup Shot,,Restricted Area,Center(C),Less Than 8 ft.,3,25,18,1,1,20211111,UTA,IND,|1628378|202355|202711|203903|204060,0,REG,,,2022,1627763,4.0,PG,Wing Stopper,-1.0,Bogdanovic 3' Driving Layup (7 PTS),PF,Off Screen Shooter,1.64
1628378,Donovan Mitchell,22100172301,Shot Chart Detail,22100172,301,1610612762,Utah Jazz,2,1,38,Made Shot,Driving Layup Shot,,Restricted Area,Center(C),Less Than 8 ft.,1,9,12,1,1,20211111,UTA,IND,|1626220|1628378|201144|202711|203497,0,REG,,,2022,1627763,-3.0,PG,Wing Stopper,-1.0,Mitchell 2' Driving Layup (15 PTS),SG,Primary Ball Handler,3.2
1628378,Donovan Mitchell,22100172334,Shot Chart Detail,22100172,334,1610612762,Utah Jazz,3,10,25,Missed Shot,Driving Layup Shot,,Restricted Area,Center(C),Less Than 8 ft.,3,36,14,1,0,20211111,UTA,IND,|1626220|1628378|201144|202711|203497,0,REG,,,2022,1627763,-9.0,PG,Wing Stopper,-1.0,MISS Mitchell 4' Driving Layup,SG,Primary Ball Handler,3.2
202711,Bojan Bogdanovic,22100172373,Shot Chart Detail,22100172,373,1610612762,Utah Jazz,3,7,58,Missed Shot,Pullup Jump shot,,Mid-Range,Center(C),8-16 ft.,15,7,157,1,0,20211111,UTA,IND,|1626220|1628378|201144|202355|202711,0,REG,,,2022,1627763|1626167,-11.0,,,,,PF,Off Screen Shooter,1.64
202355,Hassan Whiteside,22100172375,Shot Chart Detail,22100172,375,1610612762,Utah Jazz,3,7,52,Made Shot,Putback Layup Shot,,Restricted Area,Center(C),Less Than 8 ft.,0,0,0,1,1,20211111,UTA,IND,|1626220|1628378|201144|202355|202711,0,REG,,,2022,1627763|1626167|1627734,-9.0,,,,,C,Roll + Cut Big,0.62
203903,Jordan Clarkson,22100172494,Shot Chart Detail,22100172,494,1610612762,Utah Jazz,4,11,21,Made Shot,Jump Shot,,Left Corner 3,Left Side(L),24+ ft.,22,-225,-5,1,1,20211111,UTA,IND,|1629672|201144|203497|203903|204060,1,REG,,,2022,1627763,-7.0,PG,Wing Stopper,-1.0,Clarkson 3PT Jump Shot (9 PTS) (Conley 4 AST),SG,Secondary Ball Handler,2.05
201144,Mike Conley,22100172581,Shot Chart Detail,22100172,581,1610612762,Utah Jazz,4,5,7,Made Shot,Jump Shot,,Above the Break 3,Left Side Center(LC),24+ ft.,24,-130,208,1,1,20211111,UTA,IND,|1626220|1628378|201144|203497|204060,1,REG,,,2022,1627763,-8.0,PG,Wing Stopper,-1.0,Conley 25' 3PT Jump Shot (6 PTS) (Ingles 4 AST),PG,Primary Ball Handler,1.55
203903,Jordan Clarkson,22100172611,Shot Chart Detail,22100172,611,1610612762,Utah Jazz,4,3,46,Made Shot,Turnaround Fadeaway shot,,In The Paint (Non-RA),Center(C),8-16 ft.,9,-12,98,1,1,20211111,UTA,IND,|1626220|201144|202355|202711|203903,0,REG,,,2022,1627763,-11.0,PG,Wing Stopper,-1.0,Clarkson 10' Turnaround Fadeaway (11 PTS),SG,Secondary Ball Handler,2.05
203903,Jordan Clarkson,22100172619,Shot Chart Detail,22100172,619,1610612762,Utah Jazz,4,3,10,Missed Shot,Driving Reverse Layup Shot,,Restricted Area,Center(C),Less Than 8 ft.,3,33,19,1,0,20211111,UTA,IND,|1626220|201144|202355|202711|203903,0,REG,,,2022,1627763,-12.0,PG,Wing Stopper,-1.0,MISS Clarkson 4' Driving Reverse Layup,SG,Secondary Ball Handler,2.05
1630178,Tyrese Maxey,2210018641,Shot Chart Detail,22100186,41,1610612755,Philadelphia 76ers,1,7,25,Missed Shot,Driving Finger Roll Layup Shot,2PT Field Goal,In The Paint (Non-RA),Center(C),Less Than 8 ft.,4,-12,43,1,0,20211113,IND,PHI,|1630178|201980|202699|203083|203552,0,REG,,,2022,1627763,4.0,PG,Wing Stopper,-1.0,Turner BLOCK (1 BLK),PG,Primary Ball Handler,1.19
1627788,Furkan Korkmaz,22100186192,Shot Chart Detail,22100186,192,1610612755,Philadelphia 76ers,2,7,57,Made Shot,Pullup Jump shot,,Above the Break 3,Left Side Center(LC),24+ ft.,25,-179,177,1,1,20211113,IND,PHI,|1627777|1627788|1629003|1630178|203083,0,REG,,,2022,1627763,-15.0,PG,Wing Stopper,-1.0,Korkmaz 25' 3PT Pullup Jump Shot (5 PTS),SG,Movement Shooter,-0.99
1630178,Tyrese Maxey,22100186230,Shot Chart Detail,22100186,230,1610612755,Philadelphia 76ers,2,5,14,Missed Shot,Driving Floating Jump Shot,2PT Field Goal,In The Paint (Non-RA),Center(C),Less Than 8 ft.,6,26,57,1,0,20211113,IND,PHI,|1630178|201980|202699|203083|203552,0,REG,,,2022,1627763|1626167,-16.0,,,,,PG,Primary Ball Handler,1.19
1630178,Tyrese Maxey,22100186244,Shot Chart Detail,22100186,244,1610612755,Philadelphia 76ers,2,4,12,Missed Shot,Driving Floating Jump Shot,2PT Field Goal,Mid-Range,Left Side(L),8-16 ft.,13,-94,94,1,0,20211113,IND,PHI,|1630178|201980|202699|203083|203552,0,REG,,,2022,1627763,-17.0,PG,Wing Stopper,-1.0,MISS Maxey 13' Driving Floating Jump Shot,PG,Primary Ball Handler,1.19
201980,Danny Green,22100186302,Shot Chart Detail,22100186,302,1610612755,Philadelphia 76ers,2,0,2,Made Shot,Jump Shot,,Above the Break 3,Right Side Center(RC),24+ ft.,28,169,224,1,1,20211113,IND,PHI,|1630178|201980|202699|203083|203552,1,REG,,,2022,1627763,-10.0,PG,Wing Stopper,-1.0,Green 28' 3PT Jump Shot (8 PTS) (Curry 2 AST),SF,Movement Shooter,-1.99
1629003,Shake Milton,22100186505,Shot Chart Detail,22100186,505,1610612755,Philadelphia 76ers,4,10,0,Made Shot,Floating Jump shot,,Mid-Range,Left Side(L),8-16 ft.,9,-94,17,1,1,20211113,IND,PHI,|1627777|1627788|1629003|1629646|1630178,0,REG,,,2022,1627763,-7.0,PG,Wing Stopper,-1.0,Milton 10' Floating Jump Shot (7 PTS),SG,Primary Ball Handler,-0.4
203552,Seth Curry,22100186556,Shot Chart Detail,22100186,556,1610612755,Philadelphia 76ers,4,5,48,Missed Shot,Step Back Jump shot,,Above the Break 3,Right Side Center(RC),24+ ft.,24,181,168,1,0,20211113,IND,PHI,|1627777|1629003|1630178|203083|203552,0,REG,,,2022,1627763,-10.0,PG,Wing Stopper,-1.0,MISS Curry 25' 3PT Step Back Jump Shot,SG,Secondary Ball Handler,0.13
1629003,Shake Milton,22100186568,Shot Chart Detail,22100186,568,1610612755,Philadelphia 76ers,4,5,27,Missed Shot,Driving Layup Shot,2PT Field Goal,Restricted Area,Center(C),Less Than 8 ft.,2,-25,12,1,0,20211113,IND,PHI,|1629003|1630178|202699|203083|203552,0,REG,,,2022,1627763,-11.0,PG,Wing Stopper,-1.0,MISS Milton 3' Driving Layup,SG,Primary Ball Handler,-0.4
1630178,Tyrese Maxey,22100186574,Shot Chart Detail,22100186,574,1610612755,Philadelphia 76ers,4,4,49,Made Shot,Jump Shot,,Right Corner 3,Right Side(R),24+ ft.,22,224,0,1,1,20211113,IND,PHI,|1629003|1630178|202699|203083|203552,1,REG,,,2022,1627763,-8.0,PG,Wing Stopper,-1.0,Maxey 3PT Jump Shot (17 PTS) (Curry 4 AST),PG,Primary Ball Handler,1.19
202689,Kemba Walker,2210020318,Shot Chart Detail,22100203,18,1610612752,New York Knicks,1,9,34,Made Shot,Driving Floating Bank Jump Shot,,Restricted Area,Center(C),Less Than 8 ft.,2,-23,12,1,1,20211115,NYK,IND,|1629011|1629628|202689|203095|203944,0,REG,,,2022,1627763,2.0,PG,Wing Stopper,-1.0,Walker 3' Driving Floating Bank Jump Shot (6 PTS),PG,Primary Ball Handler,-0.38
1629628,RJ Barrett,2210020326,Shot Chart Detail,22100203,26,1610612752,New York Knicks,1,8,49,Missed Shot,Jump Shot,,Left Corner 3,Left Side(L),24+ ft.,23,-233,26,1,0,20211115,NYK,IND,|1629011|1629628|202689|203095|203944,0,REG,,,2022,1627763,2.0,PG,Wing Stopper,-1.0,MISS Barrett 3PT Jump Shot,SF,Secondary Ball Handler,0.31
1629628,RJ Barrett,2210020335,Shot Chart Detail,22100203,35,1610612752,New York Knicks,1,7,44,Missed Shot,Pullup Jump shot,,Mid-Range,Center(C),8-16 ft.,15,-34,153,1,0,20211115,NYK,IND,|1629011|1629628|202689|203095|203944,0,REG,,,2022,1627763,-1.0,PG,Wing Stopper,-1.0,MISS Barrett 16' Pullup Jump Shot,SF,Secondary Ball Handler,0.31
203095,Evan Fournier,2210020366,Shot Chart Detail,22100203,66,1610612752,New York Knicks,1,5,28,Missed Shot,Jump Shot,,Mid-Range,Right Side(R),16-24 ft.,23,219,74,1,0,20211115,NYK,IND,|1629011|1629628|202689|203095|203944,0,REG,,,2022,1627763,-3.0,PG,Wing Stopper,-1.0,MISS Fournier 3PT Jump Shot,SG,Movement Shooter,-0.12
1630193,Immanuel Quickley,22100203166,Shot Chart Detail,22100203,166,1610612752,New York Knicks,2,10,17,Made Shot,Jump Shot,,Above the Break 3,Left Side Center(LC),24+ ft.,28,-170,226,1,1,20211115,NYK,IND,|1630167|1630193|201565|201959|202692,1,REG,,,2022,1627763,1.0,PG,Wing Stopper,-1.0,Quickley 28' 3PT Jump Shot (3 PTS) (Rose 1 AST),PG,Primary Ball Handler,1.75
203944,Julius Randle,22100203243,Shot Chart Detail,22100203,243,1610612752,New York Knicks,2,4,16,Missed Shot,Step Back Jump shot,,Mid-Range,Right Side(R),8-16 ft.,14,140,16,1,0,20211115,NYK,IND,|1629011|1629628|202689|203095|203944,0,REG,,,2022,1627763,3.0,PG,Wing Stopper,-1.0,MISS Randle 14' Step Back Jump Shot,PF,Shot Creator,-0.03
1629628,RJ Barrett,22100203276,Shot Chart Detail,22100203,276,1610612752,New York Knicks,2,2,1,Missed Shot,Jump Shot,3PT Field Goal,Left Corner 3,Left Side(L),24+ ft.,23,-238,-1,1,0,20211115,NYK,IND,|1629628|201959|202689|203095|203944,0,REG,,,2022,1627763,2.0,PG,Wing Stopper,-1.0,MISS Barrett 24' 3PT Jump Shot,SF,Secondary Ball Handler,0.31
203095,Evan Fournier,22100203384,Shot Chart Detail,22100203,384,1610612752,New York Knicks,3,4,48,Missed Shot,Driving Floating Jump Shot,,Restricted Area,Center(C),Less Than 8 ft.,2,-26,6,1,0,20211115,NYK,IND,|1629628|201959|202689|203095|203944,0,REG,,,2022,1627763,-11.0,PG,Wing Stopper,-1.0,MISS Fournier 3' Driving Floating Jump Shot,SG,Movement Shooter,-0.12
1629628,RJ Barrett,22100203403,Shot Chart Detail,22100203,403,1610612752,New York Knicks,3,3,35,Missed Shot,Driving Layup Shot,2PT Field Goal,In The Paint (Non-RA),Center(C),Less Than 8 ft.,4,34,24,1,0,20211115,NYK,IND,|1629628|201565|201959|203095|203944,0,REG,,,2022,1627763,-6.0,PG,Wing Stopper,-1.0,MISS Barrett 4' Driving Layup,SF,Secondary Ball Handler,0.31
1630193,Immanuel Quickley,22100203455,Shot Chart Detail,22100203,455,1610612752,New York Knicks,4,11,45,Missed Shot,Driving Layup Shot,,In The Paint (Non-RA),Center(C),Less Than 8 ft.,4,34,36,1,0,20211115,NYK,IND,|1630167|1630193|201565|201959|202692,0,REG,,,2022,1627763,-5.0,PG,Wing Stopper,-1.0,MISS Quickley 5' Driving Layup,PG,Primary Ball Handler,1.75
201565,Derrick Rose,22100203486,Shot Chart Detail,22100203,486,1610612752,New York Knicks,4,9,30,Missed Shot,Jump Shot,,Above the Break 3,Left Side Center(LC),24+ ft.,24,-134,209,1,0,20211115,NYK,IND,|1630167|1630193|201565|201959|202692,0,REG,,,2022,1627763,-3.0,PG,Wing Stopper,-1.0,MISS Rose 25' 3PT Jump Shot,PG,Primary Ball Handler,0.47
1630193,Immanuel Quickley,22100203544,Shot Chart Detail,22100203,544,1610612752,New York Knicks,4,5,3,Made Shot,Jump Shot,,Right Corner 3,Right Side(R),24+ ft.,24,244,3,1,1,20211115,NYK,IND,|1629628|1630193|201959|202692|203944,1,REG,,,2022,1627763,1.0,PG,Wing Stopper,-1.0,Quickley 24' 3PT Jump Shot (16 PTS) (Randle 4 AST),PG,Primary Ball Handler,1.75
201565,Derrick Rose,22100203554,Shot Chart Detail,22100203,554,1610612752,New York Knicks,4,4,14,Made Shot,Turnaround Jump Shot,,In The Paint (Non-RA),Left Side(L),8-16 ft.,12,-71,105,1,1,20211115,NYK,IND,|1629628|1630193|201565|201959|203944,0,REG,,,2022,1627763,3.0,PG,Wing Stopper,-1.0,Rose 13' Turnaround Jump Shot (12 PTS),PG,Primary Ball Handler,0.47
1630595,Cade Cunningham,2210021426,Shot Chart Detail,22100214,26,1610612765,Detroit Pistons,1,9,28,Missed Shot,Fadeaway Jump Shot,,In The Paint (Non-RA),Center(C),Less Than 8 ft.,7,38,65,1,0,20211117,DET,IND,|1630165|1630180|1630191|1630595|203924,0,REG,,,2022,1627763,-1.0,PG,Wing Stopper,-1.0,MISS Cunningham 8' Fadeaway Jumper,SG,Primary Ball Handler,-1.38
1630595,Cade Cunningham,2210021456,Shot Chart Detail,22100214,56,1610612765,Detroit Pistons,1,7,1,Missed Shot,Jump Shot,,Above the Break 3,Center(C),24+ ft.,25,70,242,1,0,20211117,DET,IND,|1630165|1630180|1630191|1630595|203924,0,REG,,,2022,1627763,-2.0,PG,Wing Stopper,-1.0,MISS Cunningham 25' 3PT Jump Shot,SG,Primary Ball Handler,-1.38
1628977,Hamidou Diallo,22100214131,Shot Chart Detail,22100214,131,1610612765,Detroit Pistons,1,1,10,Made Shot,Driving Layup Shot,,Restricted Area,Center(C),Less Than 8 ft.,3,-23,20,1,1,20211117,DET,IND,|1626168|1628402|1628977|202709|203924,0,REG,,,2022,1627763,2.0,PG,Wing Stopper,-1.0,Diallo 3' Driving Layup (2 PTS),SG,Athletic Finisher,-1.5
1630180,Saddiq Bey,22100214266,Shot Chart Detail,22100214,266,1610612765,Detroit Pistons,2,4,59,Missed Shot,Hook Shot,,In The Paint (Non-RA),Center(C),Less Than 8 ft.,6,-20,58,1,0,20211117,DET,IND,|1630165|1630180|1630191|1630595|203924,0,REG,,,2022,1627763,3.0,PG,Wing Stopper,-1.0,MISS Bey 6' Hook Shot,SF,Shot Creator,-0.03
1630180,Saddiq Bey,22100214268,Shot Chart Detail,22100214,268,1610612765,Detroit Pistons,2,4,51,Missed Shot,Tip Layup Shot,,Restricted Area,Center(C),Less Than 8 ft.,0,0,0,1,0,20211117,DET,IND,|1630165|1630180|1630191|1630595|203924,0,REG,,,2022,1627763,3.0,PG,Wing Stopper,-1.0,MISS Bey Tip Layup Shot,SF,Shot Creator,-0.03
1630595,Cade Cunningham,22100214303,Shot Chart Detail,22100214,303,1610612765,Detroit Pistons,2,2,8,Missed Shot,Pullup Jump shot,,Above the Break 3,Center(C),24+ ft.,26,-65,256,1,0,20211117,DET,IND,|1630165|1630191|1630595|202709|203924,0,REG,,,2022,1627763,4.0,PG,Wing Stopper,-1.0,MISS Cunningham 26' 3PT Pullup Jump Shot,SG,Primary Ball Handler,-1.38
202709,Cory Joseph,22100214425,Shot Chart Detail,22100214,425,1610612765,Detroit Pistons,3,4,20,Made Shot,Driving Layup Shot,,In The Paint (Non-RA),Center(C),Less Than 8 ft.,5,50,32,1,1,20211117,DET,IND,|1628402|1630191|1630595|202709|203924,0,REG,,,2022,1627763,2.0,PG,Wing Stopper,-1.0,Joseph 6' Driving Layup (12 PTS),PG,Primary Ball Handler,-1.69
1628402,Frank Jackson,22100214510,Shot Chart Detail,22100214,510,1610612765,Detroit Pistons,4,10,17,Missed Shot,Jump Shot,,Left Corner 3,Left Side(L),24+ ft.,24,-233,82,1,0,20211117,DET,IND,|1626168|1628402|1628977|1630180|202709,0,REG,,,2022,1627763,-6.0,PG,Wing Stopper,-1.0,MISS F. Jackson 25' 3PT Jump Shot,,,
1630595,Cade Cunningham,22100214615,Shot Chart Detail,22100214,615,1610612765,Detroit Pistons,4,1,43,Missed Shot,Driving Floating Jump Shot,,In The Paint (Non-RA),Center(C),Less Than 8 ft.,5,-23,55,1,0,20211117,DET,IND,|1630180|1630191|1630595|202709|203924,0,REG,,,2022,1627763,4.0,PG,Wing Stopper,-1.0,MISS Cunningham 6' Driving Floating Jump Shot,SG,Primary Ball Handler,-1.38
202330,Gordon Hayward,2210023012,Shot Chart Detail,22100230,12,1610612766,Charlotte Hornets,1,10,35,Missed Shot,Jump Shot,,Mid-Range,Center(C),16-24 ft.,22,65,218,1,0,20211119,CHA,IND,|1626179|1628970|1630163|202330|203486,0,REG,,,2022,1627763,0.0,PG,Wing Stopper,-1.0,MISS Hayward 23' Jump Shot,SF,Shot Creator,0.35
1626179,Terry Rozier,2210023024,Shot Chart Detail,22100230,24,1610612766,Charlotte Hornets,1,9,30,Missed Shot,Driving Layup Shot,2PT Field Goal,Restricted Area,Center(C),Less Than 8 ft.,3,4,32,1,0,20211119,CHA,IND,|1626179|1628970|1630163|202330|203486,0,REG,,,2022,1627763,-1.0,PG,Wing Stopper,-1.0,MISS Rozier 3' Driving Layup,SG,Primary Ball Handler,1.55
1630163,LaMelo Ball,2210023044,Shot Chart Detail,22100230,44,1610612766,Charlotte Hornets,1,7,50,Made Shot,Running Dunk Shot,,Restricted Area,Center(C),Less Than 8 ft.,0,4,-1,1,1,20211119,CHA,IND,|1626179|1628970|1630163|202330|203486,0,REG,,,2022,1627763,1.0,PG,Wing Stopper,-1.0,Ball Running Dunk (2 PTS),PG,Primary Ball Handler,1.97
1626179,Terry Rozier,2210023060,Shot Chart Detail,22100230,60,1610612766,Charlotte Hornets,1,6,17,Made Shot,Floating Jump shot,2PT Field Goal,In The Paint (Non-RA),Center(C),8-16 ft.,8,6,85,1,1,20211119,CHA,IND,|1626179|1628970|1630163|202330|203486,0,REG,,,2022,1630537|1627763,1.0,,,,,SG,Primary Ball Handler,1.55
1626179,Terry Rozier,2210023063,Shot Chart Detail,22100230,63,1610612766,Charlotte Hornets,1,5,43,Made Shot,Driving Layup Shot,2PT Field Goal,Restricted Area,Center(C),Less Than 8 ft.,3,15,27,1,1,20211119,CHA,IND,|1626179|1628970|1630163|202330|203486,0,REG,,,2022,1627763,3.0,PG,Wing Stopper,-1.0,Rozier 3' Driving Layup (4 PTS),SG,Primary Ball Handler,1.55
1626162,Kelly Oubre Jr.,22100230170,Shot Chart Detail,22100230,170,1610612766,Charlotte Hornets,2,11,28,Missed Shot,Jump Shot,3PT Field Goal,Right Corner 3,Right Side(R),24+ ft.,23,235,6,1,0,20211119,CHA,IND,|1626162|1626179|1629667|202330|203486,0,REG,,,2022,1627763,3.0,PG,Wing Stopper,-1.0,MISS Oubre Jr. 24' 3PT Jump Shot,SF,Athletic Finisher,1.23
1626162,Kelly Oubre Jr.,22100230173,Shot Chart Detail,22100230,173,1610612766,Charlotte Hornets,2,10,58,Made Shot,Jump Shot,3PT Field Goal,Above the Break 3,Center(C),24+ ft.,25,-23,250,1,1,20211119,CHA,IND,|1626162|1626179|1629667|202330|203486,1,REG,,,2022,1627763,4.0,PG,Wing Stopper,-1.0,Oubre Jr. 25' 3PT Jump Shot (6 PTS) (Plumlee 1 AST),SF,Athletic Finisher,1.23
1626162,Kelly Oubre Jr.,22100230195,Shot Chart Detail,22100230,195,1610612766,Charlotte Hornets,2,9,18,Missed Shot,Jump Shot,3PT Field Goal,Above the Break 3,Right Side Center(RC),24+ ft.,26,186,189,1,0,20211119,CHA,IND,|1626162|1626179|1629667|202330|203486,0,REG,,,2022,1627763,9.0,PG,Wing Stopper,-1.0,MISS Oubre Jr. 27' 3PT Jump Shot,SF,Athletic Finisher,1.23
1628970,Miles Bridges,22100230216,Shot Chart Detail,22100230,216,1610612766,Charlotte Hornets,2,6,57,Missed Shot,Jump Shot,,Above the Break 3,Left Side Center(LC),24+ ft.,24,-159,190,1,0,20211119,CHA,IND,|1626162|1626179|1628970|1629667|203486,0,REG,,,2022,1627763,3.0,PG,Wing Stopper,-1.0,MISS Bridges 25' 3PT Jump Shot,PF,Shot Creator,1.39
1630163,LaMelo Ball,22100230237,Shot Chart Detail,22100230,237,1610612766,Charlotte Hornets,2,5,38,Made Shot,Running Layup Shot,,Restricted Area,Center(C),Less Than 8 ft.,1,-13,-4,1,1,20211119,CHA,IND,|1628970|1628998|1629667|1630163|203486,0,REG,,,2022,1627763,5.0,PG,Wing Stopper,-1.0,Ball 1' Running Layup (11 PTS),PG,Primary Ball Handler,1.97
1630163,LaMelo Ball,22100230303,Shot Chart Detail,22100230,303,1610612766,Charlotte Hornets,2,2,6,Made Shot,Floating Jump shot,,In The Paint (Non-RA),Center(C),8-16 ft.,12,1,129,1,1,20211119,CHA,IND,|1626162|1628998|1630163|202330|203486,0,REG,,,2022,1627763,12.0,PG,Wing Stopper,-1.0,Ball 13' Floating Jump Shot (21 PTS),PG,Primary Ball Handler,1.97
202330,Gordon Hayward,22100230309,Shot Chart Detail,22100230,309,1610612766,Charlotte Hornets,2,0,57,Made Shot,Running Layup Shot,,Restricted Area,Center(C),Less Than 8 ft.,2,-11,24,1,1,20211119,CHA,IND,|1626162|1628998|1630163|202330|203486,1,REG,,,2022,1627763|1626167,14.0,,,,,SF,Shot Creator,0.35
1626179,Terry Rozier,22100230348,Shot Chart Detail,22100230,348,1610612766,Charlotte Hornets,3,9,40,Missed Shot,Jump Shot,3PT Field Goal,Above the Break 3,Left Side Center(LC),24+ ft.,25,-238,96,1,0,20211119,CHA,IND,|1626179|1628970|1630163|202330|203486,0,REG,,,2022,1627763,19.0,PG,Wing Stopper,-1.0,MISS Rozier 26' 3PT Jump Shot,SG,Primary Ball Handler,1.55
1627742,Brandon Ingram,221002407,Shot Chart Detail,22100240,7,1610612740,New Orleans Pelicans,1,11,47,Missed Shot,Fadeaway Jump Shot,2PT Field Goal,In The Paint (Non-RA),Center(C),8-16 ft.,11,-54,106,1,0,20211120,IND,NOP,|1627742|1628404|1629638|202685|203107,0,REG,,,2022,1627763,0.0,PG,Wing Stopper,-1.0,MISS Ingram 12' Fadeaway Jumper,SF,Shot Creator,0.72
1627742,Brandon Ingram,2210024023,Shot Chart Detail,22100240,23,1610612740,New Orleans Pelicans,1,9,51,Missed Shot,Driving Dunk Shot,2PT Field Goal,Restricted Area,Center(C),Less Than 8 ft.,3,7,36,1,0,20211120,IND,NOP,|1627742|1628404|1629638|202685|203107,0,REG,,,2022,1627763|1626167,-1.0,,,,,SF,Shot Creator,0.72
1627742,Brandon Ingram,2210024076,Shot Chart Detail,22100240,76,1610612740,New Orleans Pelicans,1,4,55,Missed Shot,Pullup Jump shot,2PT Field Goal,Mid-Range,Right Side(R),8-16 ft.,13,98,99,1,0,20211120,IND,NOP,|1627742|1628404|1629638|202685|203107,0,REG,,,2022,1627763,-13.0,PG,Wing Stopper,-1.0,MISS Ingram 14' Pullup Jump Shot,SF,Shot Creator,0.72
1627742,Brandon Ingram,22100240326,Shot Chart Detail,22100240,326,1610612740,New Orleans Pelicans,3,11,13,Made Shot,Running Layup Shot,2PT Field Goal,Restricted Area,Center(C),Less Than 8 ft.,1,-11,15,1,1,20211120,IND,NOP,|1627742|1628404|1629638|202685|203107,0,REG,,,2022,1627763,-13.0,PG,Wing Stopper,-1.0,Ingram 2' Running Layup (8 PTS),SF,Shot Creator,0.72
202685,Jonas Valanciunas,22100240343,Shot Chart Detail,22100240,343,1610612740,New Orleans Pelicans,3,10,1,Made Shot,Hook Shot,,In The Paint (Non-RA),Center(C),Less Than 8 ft.,6,-2,62,1,1,20211120,IND,NOP,|1627742|1628404|1629638|202685|203107,1,REG,,,2022,1627763,-15.0,PG,Wing Stopper,-1.0,Valanciunas 6' Hook Shot (17 PTS) (Ingram 4 AST),C,Post Scorer,0.36
1630184,Kira Lewis Jr.,22100240405,Shot Chart Detail,22100240,405,1610612740,New Orleans Pelicans,3,5,46,Made Shot,Running Layup Shot,,Restricted Area,Center(C),Less Than 8 ft.,2,-23,10,1,1,20211120,IND,NOP,|1627742|1628404|1630184|1630529|202685,0,REG,,,2022,1627763,-18.0,PG,Wing Stopper,-1.0,Lewis Jr. 3' Running Layup (7 PTS),PG,Primary Ball Handler,-1.31
1627742,Brandon Ingram,22100240416,Shot Chart Detail,22100240,416,1610612740,New Orleans Pelicans,3,5,6,Missed Shot,Jump Shot,3PT Field Goal,Above the Break 3,Left Side Center(LC),24+ ft.,25,-210,152,1,0,20211120,IND,NOP,|1627742|1628404|1629637|1630184|1630529,0,REG,,,2022,1627763,-20.0,PG,Wing Stopper,-1.0,MISS Ingram 26' 3PT Jump Shot,SF,Shot Creator,0.72
1628396,Tony Bradley,2210025751,Shot Chart Detail,22100257,51,1610612741,Chicago Bulls,1,6,41,Made Shot,Hook Shot,,Restricted Area,Center(C),Less Than 8 ft.,3,3,39,1,1,20211122,CHI,IND,|1628366|1628396|1629632|201942|203897,1,REG,,,2022,1627763|1626167,-8.0,,,,,C,Roll + Cut Big,-2.06
1628366,Lonzo Ball,2210025776,Shot Chart Detail,22100257,76,1610612741,Chicago Bulls,1,5,4,Missed Shot,Step Back Jump shot,,Above the Break 3,Left Side Center(LC),24+ ft.,25,-195,159,1,0,20211122,CHI,IND,|1627884|1628366|1629632|1630245|203897,0,REG,,,2022,1627763,-10.0,PG,Wing Stopper,-1.0,MISS Ball 25' 3PT Step Back Jump Shot,PG,Primary Ball Handler,-0.48
203897,Zach LaVine,2210025794,Shot Chart Detail,22100257,94,1610612741,Chicago Bulls,1,3,41,Missed Shot,Driving Layup Shot,,Restricted Area,Center(C),Less Than 8 ft.,2,25,14,1,0,20211122,CHI,IND,|1627884|1628366|1628972|1630245|203897,0,REG,,,2022,1627763,-16.0,PG,Wing Stopper,-1.0,MISS LaVine 3' Driving Layup,SG,Shot Creator,2.03
1629750,Javonte Green,22100257134,Shot Chart Detail,22100257,134,1610612741,Chicago Bulls,1,1,24,Missed Shot,Floating Jump shot,,In The Paint (Non-RA),Center(C),Less Than 8 ft.,7,-2,71,1,0,20211122,CHI,IND,|1627884|1628972|1629632|1629750|201942,0,REG,,,2022,1627763,-16.0,PG,Wing Stopper,-1.0,MISS Green 7' Floating Jump Shot,SF,Athletic Finisher,-0.6
203897,Zach LaVine,22100257294,Shot Chart Detail,22100257,294,1610612741,Chicago Bulls,2,1,13,Missed Shot,Pullup Jump shot,,Above the Break 3,Center(C),24+ ft.,24,26,245,1,0,20211122,CHI,IND,|1627884|1628366|1629750|201942|203897,0,REG,,,2022,1627763,-17.0,PG,Wing Stopper,-1.0,MISS LaVine 25' 3PT Pullup Jump Shot,SG,Shot Creator,2.03
201942,DeMar DeRozan,22100257335,Shot Chart Detail,22100257,335,1610612741,Chicago Bulls,3,9,24,Missed Shot,Jump Shot,,Left Corner 3,Left Side(L),24+ ft.,22,-225,-6,1,0,20211122,CHI,IND,|1628366|1628396|1629632|201942|203897,0,REG,,,2022,1627763,-19.0,PG,Wing Stopper,-1.0,MISS DeRozan 3PT Jump Shot,PF,Shot Creator,2.79
201942,DeMar DeRozan,22100257361,Shot Chart Detail,22100257,361,1610612741,Chicago Bulls,3,7,50,Made Shot,Turnaround Jump Shot,,In The Paint (Non-RA),Center(C),8-16 ft.,11,-6,111,1,1,20211122,CHI,IND,|1627884|1628366|1629750|201942|203897,0,REG,,,2022,1627763,-22.0,PG,Wing Stopper,-1.0,DeRozan 11' Turnaround Jump Shot (16 PTS),PF,Shot Creator,2.79
1628972,Troy Brown Jr.,22100257405,Shot Chart Detail,22100257,405,1610612741,Chicago Bulls,3,4,41,Missed Shot,Driving Layup Shot,,Restricted Area,Center(C),Less Than 8 ft.,1,-10,4,1,0,20211122,CHI,IND,|1627884|1628366|1628972|1629750|203897,0,REG,,,2022,1627763,-22.0,PG,Wing Stopper,-1.0,MISS Brown Jr. 1' Driving Layup,SF,Athletic Finisher,-1.47
1630245,Ayo Dosunmu,22100257459,Shot Chart Detail,22100257,459,1610612741,Chicago Bulls,3,0,40,Made Shot,Jump Shot,,Above the Break 3,Right Side Center(RC),24+ ft.,25,200,152,1,1,20211122,CHI,IND,|1627884|1628972|1629632|1630245|201942,1,REG,,,2022,1627763,-28.0,PG,Wing Stopper,-1.0,Dosunmu 25' 3PT Jump Shot (3 PTS) (DeRozan 2 AST),SG,Primary Ball Handler,-1.8
2544,LeBron James,2210026815,Shot Chart Detail,22100268,15,1610612747,Los Angeles Lakers,1,11,3,Missed Shot,Driving Floating Jump Shot,,Mid-Range,Left Side(L),8-16 ft.,9,-96,4,1,0,20211124,IND,LAL,|1629659|201566|201599|202340|2544,0,REG,,,2022,1627763,0.0,PG,Wing Stopper,-1.0,MISS James 10' Driving Floating Jump Shot,C,Shot Creator,3.61
2544,LeBron James,2210026841,Shot Chart Detail,22100268,41,1610612747,Los Angeles Lakers,1,8,55,Missed Shot,Driving Layup Shot,,Restricted Area,Center(C),Less Than 8 ft.,3,-31,17,1,0,20211124,IND,LAL,|1629659|201566|201599|202340|2544,0,REG,,,2022,1627763,-3.0,PG,Wing Stopper,-1.0,MISS James 4' Driving Layup,C,Shot Creator,3.61
2544,LeBron James,2210026851,Shot Chart Detail,22100268,51,1610612747,Los Angeles Lakers,1,8,6,Made Shot,Jump Shot,,Above the Break 3,Center(C),24+ ft.,27,-1,274,1,1,20211124,IND,LAL,|1629659|201566|201599|202340|2544,1,REG,,,2022,1627763,-2.0,PG,Wing Stopper,-1.0,James 27' 3PT Jump Shot (3 PTS) (Westbrook 1 AST),C,Shot Creator,3.61
2544,LeBron James,22100268185,Shot Chart Detail,22100268,185,1610612747,Los Angeles Lakers,2,10,8,Made Shot,Driving Finger Roll Layup Shot,,Restricted Area,Center(C),Less Than 8 ft.,2,-25,9,1,1,20211124,IND,LAL,|1628370|201566|2544|2546|2730,0,REG,,,2022,1627763|204456,-9.0,,,,,C,Shot Creator,3.61
2544,LeBron James,22100268226,Shot Chart Detail,22100268,226,1610612747,Los Angeles Lakers,2,7,36,Made Shot,Driving Finger Roll Layup Shot,,Restricted Area,Center(C),Less Than 8 ft.,2,18,22,1,1,20211124,IND,LAL,|1629659|201599|201961|202340|2544,0,REG,,,2022,1627763,-4.0,PG,Wing Stopper,-1.0,James 3' Driving Finger Roll Layup (9 PTS),C,Shot Creator,3.61
201961,Wayne Ellington,22100268236,Shot Chart Detail,22100268,236,1610612747,Los Angeles Lakers,2,6,41,Missed Shot,Jump Shot,,Above the Break 3,Center(C),24+ ft.,26,71,255,1,0,20211124,IND,LAL,|1629659|201599|201961|202340|2544,0,REG,,,2022,1627763,-7.0,PG,Wing Stopper,-1.0,MISS Ellington 26' 3PT Jump Shot,SG,Off Screen Shooter,-0.62
2544,LeBron James,22100268248,Shot Chart Detail,22100268,248,1610612747,Los Angeles Lakers,2,6,7,Made Shot,Turnaround Fadeaway Bank Jump Shot,,Mid-Range,Left Side(L),8-16 ft.,14,-123,80,1,1,20211124,IND,LAL,|1629659|201599|201961|202340|2544,0,REG,,,2022,1627763,-6.0,PG,Wing Stopper,-1.0,James 15' Turnaround Fadeaway Bank Jump Shot (12 PTS),C,Shot Creator,3.61
2544,LeBron James,22100268309,Shot Chart Detail,22100268,309,1610612747,Los Angeles Lakers,2,1,58,Made Shot,Cutting Finger Roll Layup Shot,,Restricted Area,Center(C),Less Than 8 ft.,0,2,3,1,1,20211124,IND,LAL,|1628370|201566|202340|2544|2546,1,REG,,,2022,1627763,-3.0,PG,Wing Stopper,-1.0,James Cutting Finger Roll Layup Shot (14 PTS) (Monk 1 AST),C,Shot Creator,3.61
2544,LeBron James,22100268360,Shot Chart Detail,22100268,360,1610612747,Los Angeles Lakers,3,10,45,Missed Shot,Jump Shot,,Above the Break 3,Center(C),24+ ft.,27,29,275,1,0,20211124,IND,LAL,|1629659|201566|201599|202340|2544,0,REG,,,2022,1627763,-4.0,PG,Wing Stopper,-1.0,MISS James 28' 3PT Jump Shot,C,Shot Creator,3.61
1629659,Talen Horton-Tucker,22100268364,Shot Chart Detail,22100268,364,1610612747,Los Angeles Lakers,3,10,22,Missed Shot,Step Back Jump shot,3PT Field Goal,Above the Break 3,Left Side Center(LC),24+ ft.,25,-175,190,1,0,20211124,IND,LAL,|1629659|201566|201599|202340|2544,0,REG,,,2022,1627763,-4.0,PG,Wing Stopper,-1.0,MISS Horton-Tucker 26' 3PT Step Back Jump Shot,SG,Secondary Ball Handler,-0.74
1629659,Talen Horton-Tucker,22100268407,Shot Chart Detail,22100268,407,1610612747,Los Angeles Lakers,3,7,13,Made Shot,Running Finger Roll Layup Shot,2PT Field Goal,Restricted Area,Center(C),Less Than 8 ft.,3,27,20,1,1,20211124,IND,LAL,|1629659|201566|201599|202340|2544,0,REG,,,2022,1627763,-8.0,PG,Wing Stopper,-1.0,Horton-Tucker 3' Running Finger Roll Layup (8 PTS),SG,Secondary Ball Handler,-0.74
2544,LeBron James,22100268420,Shot Chart Detail,22100268,420,1610612747,Los Angeles Lakers,3,5,46,Made Shot,Step Back Jump shot,,Above the Break 3,Left Side Center(LC),24+ ft.,25,-184,180,1,1,20211124,IND,LAL,|1629659|201566|201599|202340|2544,0,REG,,,2022,1627763,-5.0,PG,Wing Stopper,-1.0,James 26' 3PT Step Back Jump Shot (22 PTS),C,Shot Creator,3.61
2544,LeBron James,22100268435,Shot Chart Detail,22100268,435,1610612747,Los Angeles Lakers,3,4,20,Missed Shot,Jump Shot,,Above the Break 3,Right Side Center(RC),24+ ft.,29,207,209,1,0,20211124,IND,LAL,|1628370|1629659|201599|202340|2544,0,REG,,,2022,1627763,-7.0,PG,Wing Stopper,-1.0,Brogdon BLOCK (1 BLK),C,Shot Creator,3.61
201961,Wayne Ellington,22100268568,Shot Chart Detail,22100268,568,1610612747,Los Angeles Lakers,4,7,54,Made Shot,Jump Shot,,Left Corner 3,Left Side(L),24+ ft.,22,-224,12,1,1,20211124,IND,LAL,|1628370|1629659|201961|2544|2546,1,REG,,,2022,1627763,0.0,PG,Wing Stopper,-1.0,Ellington 3PT Jump Shot (9 PTS) (Anthony 1 AST),SG,Off Screen Shooter,-0.62
1628370,Malik Monk,22100268630,Shot Chart Detail,22100268,630,1610612747,Los Angeles Lakers,4,3,34,Missed Shot,Jump Shot,3PT Field Goal,Above the Break 3,Right Side Center(RC),24+ ft.,25,142,211,1,0,20211124,IND,LAL,|1628370|1629659|201566|201961|2544,0,REG,,,2022,1627763,-1.0,PG,Wing Stopper,-1.0,MISS Monk 25' 3PT Jump Shot,SG,Movement Shooter,0.67
2544,LeBron James,22100268699,Shot Chart Detail,22100268,699,1610612747,Los Angeles Lakers,4,0,2,Missed Shot,Pullup Jump shot,,Above the Break 3,Center(C),24+ ft.,31,-92,301,1,0,20211124,IND,LAL,|1628370|201566|202340|2544|2546,0,REG,,,2022,1627763,0.0,PG,Wing Stopper,-1.0,MISS James 31' 3PT Pullup Jump Shot,C,Shot Creator,3.61
2544,LeBron James,22100268754,Shot Chart Detail,22100268,754,1610612747,Los Angeles Lakers,5,0,41,Made Shot,Turnaround Fadeaway shot,,Mid-Range,Left Side(L),16-24 ft.,19,-191,27,1,1,20211124,IND,LAL,|1628370|201566|201961|2544|2546,0,REG,,,2022,1627763,6.0,PG,Wing Stopper,-1.0,James 19' Turnaround Fadeaway (39 PTS),C,Shot Creator,3.61
201961,Wayne Ellington,22100268757,Shot Chart Detail,22100268,757,1610612747,Los Angeles Lakers,5,0,5,Made Shot,Turnaround Jump Shot,,Mid-Range,Right Side(R),8-16 ft.,14,142,22,1,1,20211124,IND,LAL,|1628370|201566|201961|2544|2546,1,REG,,,2022,1627763,8.0,PG,Wing Stopper,-1.0,Ellington 14' Turnaround Jump Shot (14 PTS) (Anthony 2 AST),SG,Off Screen Shooter,-0.62
1627783,Pascal Siakam,2210028412,Shot Chart Detail,22100284,12,1610612761,Toronto Raptors,1,11,10,Made Shot,Turnaround Jump Shot,2PT Field Goal,In The Paint (Non-RA),Center(C),Less Than 8 ft.,6,38,56,1,1,20211126,IND,TOR,|1627783|1627832|1629018|1630173|1630567,0,REG,,,2022,1627763,2.0,PG,Wing Stopper,-1.0,Siakam 7' Turnaround Jump Shot (2 PTS),PF,Shot Creator,1.28
1630567,Scottie Barnes,2210028434,Shot Chart Detail,22100284,34,1610612761,Toronto Raptors,1,8,35,Made Shot,Turnaround Jump Shot,,Mid-Range,Right Side(R),8-16 ft.,10,97,51,1,1,20211126,IND,TOR,|1627783|1627832|1629018|1630173|1630567,0,REG,,,2022,1627763,3.0,PG,Wing Stopper,-1.0,Barnes 11' Turnaround Jump Shot (2 PTS),PF,Shot Creator,-0.19
1627832,Fred VanVleet,2210028461,Shot Chart Detail,22100284,61,1610612761,Toronto Raptors,1,5,34,Made Shot,Jump Shot,,Above the Break 3,Right Side Center(RC),24+ ft.,28,141,245,1,1,20211126,IND,TOR,|1627783|1627832|1629018|1630173|1630567,1,REG,,,2022,1627763,5.0,PG,Wing Stopper,-1.0,VanVleet 28' 3PT Jump Shot (6 PTS) (Achiuwa 2 AST),PG,Primary Ball Handler,1.46
1627832,Fred VanVleet,22100284313,Shot Chart Detail,22100284,313,1610612761,Toronto Raptors,3,10,41,Missed Shot,Step Back Jump shot,,Mid-Range,Right Side(R),8-16 ft.,13,131,11,1,0,20211126,IND,TOR,|1627783|1627832|1629018|1630173|1630567,0,REG,,,2022,1627763,-9.0,PG,Wing Stopper,-1.0,MISS VanVleet 13' Step Back Jump Shot,PG,Primary Ball Handler,1.46
1629018,Gary Trent Jr.,22100284358,Shot Chart Detail,22100284,358,1610612761,Toronto Raptors,3,8,8,Made Shot,Running Dunk Shot,,Restricted Area,Center(C),Less Than 8 ft.,0,-1,0,1,1,20211126,IND,TOR,|1627783|1627832|1629018|1630173|1630567,0,REG,,,2022,1627763,-9.0,PG,Wing Stopper,-1.0,Trent Jr. Running Dunk (13 PTS),SG,Secondary Ball Handler,0.55
1630567,Scottie Barnes,22100284384,Shot Chart Detail,22100284,384,1610612761,Toronto Raptors,3,5,37,Missed Shot,Turnaround Jump Shot,,Mid-Range,Left Side(L),8-16 ft.,9,-83,38,1,0,20211126,IND,TOR,|1627783|1627832|1629018|1630173|1630567,0,REG,,,2022,1627763,-6.0,PG,Wing Stopper,-1.0,MISS Barnes 9' Turnaround Jump Shot,PF,Shot Creator,-0.19
1627832,Fred VanVleet,22100284422,Shot Chart Detail,22100284,422,1610612761,Toronto Raptors,3,3,48,Made Shot,Jump Shot,,Above the Break 3,Center(C),24+ ft.,27,-15,277,1,1,20211126,IND,TOR,|1627783|1627832|1629004|1629018|1630567,1,REG,,,2022,1627763,-10.0,PG,Wing Stopper,-1.0,VanVleet 28' 3PT Jump Shot (19 PTS) (Trent Jr. 1 AST),PG,Primary Ball Handler,1.46
1630173,Precious Achiuwa,22100284493,Shot Chart Detail,22100284,493,1610612761,Toronto Raptors,4,10,47,Missed Shot,Jump Shot,,Above the Break 3,Left Side Center(LC),24+ ft.,26,-186,186,1,0,20211126,IND,TOR,|1627783|1629004|1630173|1630201|1630625,0,REG,,,2022,1627763,-9.0,PG,Wing Stopper,-1.0,MISS Achiuwa 26' 3PT Jump Shot,C,Shot Creator,-1.17
1627783,Pascal Siakam,22100284501,Shot Chart Detail,22100284,501,1610612761,Toronto Raptors,4,10,23,Made Shot,Pullup Jump shot,2PT Field Goal,In The Paint (Non-RA),Center(C),8-16 ft.,9,-18,97,1,1,20211126,IND,TOR,|1627783|1629004|1630173|1630201|1630625,0,REG,,,2022,1627763,-7.0,PG,Wing Stopper,-1.0,Siakam 10' Pullup Jump Shot (13 PTS),PF,Shot Creator,1.28
1627783,Pascal Siakam,22100284536,Shot Chart Detail,22100284,536,1610612761,Toronto Raptors,4,7,43,Missed Shot,Step Back Jump shot,2PT Field Goal,Mid-Range,Center(C),16-24 ft.,21,-49,212,1,0,20211126,IND,TOR,|1627783|1627832|1629018|1630173|1630567,0,REG,,,2022,1627763,-13.0,PG,Wing Stopper,-1.0,MISS Siakam 22' Step Back Jump Shot,PF,Shot Creator,1.28
1627832,Fred VanVleet,22100284547,Shot Chart Detail,22100284,547,1610612761,Toronto Raptors,4,6,31,Missed Shot,Driving Floating Jump Shot,,In The Paint (Non-RA),Center(C),8-16 ft.,13,-2,134,1,0,20211126,IND,TOR,|1627783|1627832|1629018|1630173|1630567,0,REG,,,2022,1627763,-17.0,PG,Wing Stopper,-1.0,MISS VanVleet 13' Driving Floating Jump Shot,PG,Primary Ball Handler,1.46
1627832,Fred VanVleet,22100284551,Shot Chart Detail,22100284,551,1610612761,Toronto Raptors,4,6,14,Made Shot,Cutting Layup Shot,,Restricted Area,Center(C),Less Than 8 ft.,3,-26,15,1,1,20211126,IND,TOR,|1627783|1627832|1629018|1630173|1630567,1,REG,,,2022,1627763,-15.0,PG,Wing Stopper,-1.0,VanVleet 3' Cutting Layup Shot (25 PTS) (Siakam 4 AST),PG,Primary Ball Handler,1.46
1627783,Pascal Siakam,22100284604,Shot Chart Detail,22100284,604,1610612761,Toronto Raptors,4,2,56,Made Shot,Driving Layup Shot,2PT Field Goal,Restricted Area,Center(C),Less Than 8 ft.,2,-26,12,1,1,20211126,IND,TOR,|1627783|1627832|1628449|1630567|1630625,1,REG,,,2022,1627763|1626167,-12.0,,,,,PF,Shot Creator,1.28
1630625,Dalano Banton,22100284636,Shot Chart Detail,22100284,636,1610612761,Toronto Raptors,4,1,23,Missed Shot,Pullup Jump shot,,Above the Break 3,Center(C),24+ ft.,27,51,274,1,0,20211126,IND,TOR,|1628449|1629067|1630201|1630551|1630625,0,REG,,,2022,1627763,-17.0,PG,Wing Stopper,-1.0,MISS Banton 28' 3PT Pullup Jump Shot,PG,Athletic Finisher,-1.76
203507,Giannis Antetokounmpo,2210030146,Shot Chart Detail,22100301,46,1610612749,Milwaukee Bucks,1,8,28,Missed Shot,Finger Roll Layup Shot,,Restricted Area,Center(C),Less Than 8 ft.,2,-25,5,1,0,20211128,IND,MIL,|1626171|1628960|201950|203114|203507,0,REG,,,2022,1627763,0.0,PG,Wing Stopper,-1.0,MISS G. Antetokounmpo 3' Finger Roll Layup,PF,Shot Creator,4.57
1626192,Pat Connaughton,22100301100,Shot Chart Detail,22100301,100,1610612749,Milwaukee Bucks,1,4,53,Missed Shot,Jump Shot,3PT Field Goal,Above the Break 3,Left Side Center(LC),24+ ft.,26,-194,178,1,0,20211128,IND,MIL,|1626192|201588|201950|203507|203918,0,REG,,,2022,1627763,6.0,PG,Wing Stopper,-1.0,MISS Connaughton 26' 3PT Jump Shot,SF,Movement Shooter,-0.39
203114,Khris Middleton,22100301126,Shot Chart Detail,22100301,126,1610612749,Milwaukee Bucks,1,2,41,Missed Shot,Jump Bank Shot,,Mid-Range,Left Side(L),8-16 ft.,13,-109,80,1,0,20211128,IND,MIL,|1626171|1626192|201588|203114|203918,0,REG,,,2022,1627763,5.0,PG,Wing Stopper,-1.0,MISS Middleton 14' Jump Bank Shot,SF,Shot Creator,1.71
201950,Jrue Holiday,22100301219,Shot Chart Detail,22100301,219,1610612749,Milwaukee Bucks,2,7,10,Missed Shot,Driving Layup Shot,,In The Paint (Non-RA),Center(C),Less Than 8 ft.,6,-40,49,1,0,20211128,IND,MIL,|1626192|1628960|201950|203507|203918,0,REG,,,2022,1627763,5.0,PG,Wing Stopper,-1.0,Holiday BLOCK (1 BLK),PG,Shot Creator,2.06
201950,Jrue Holiday,22100301235,Shot Chart Detail,22100301,235,1610612749,Milwaukee Bucks,2,6,27,Made Shot,Running Layup Shot,,Restricted Area,Center(C),Less Than 8 ft.,3,-25,29,1,1,20211128,IND,MIL,|1626192|201588|201950|203507|203918,0,REG,,,2022,1627763,7.0,PG,Wing Stopper,-1.0,Holiday 4' Running Layup (10 PTS),PG,Shot Creator,2.06
203507,Giannis Antetokounmpo,22100301280,Shot Chart Detail,22100301,280,1610612749,Milwaukee Bucks,2,2,54,Made Shot,Turnaround Jump Shot,,Mid-Range,Left Side(L),8-16 ft.,12,-120,23,1,1,20211128,IND,MIL,|1626171|1628960|201588|203114|203507,1,REG,,,2022,1627763|1627747,8.0,,,,,PF,Shot Creator,4.57
203114,Khris Middleton,22100301290,Shot Chart Detail,22100301,290,1610612749,Milwaukee Bucks,2,2,33,Missed Shot,Pullup Jump shot,,In The Paint (Non-RA),Center(C),8-16 ft.,11,29,107,1,0,20211128,IND,MIL,|1626171|1626192|1628960|201588|203114,0,REG,,,2022,1627763,7.0,PG,Wing Stopper,-1.0,MISS Middleton 11' Pullup Jump Shot,SF,Shot Creator,1.71
1626171,Bobby Portis,22100301361,Shot Chart Detail,22100301,361,1610612749,Milwaukee Bucks,3,10,0,Missed Shot,Running Dunk Shot,2PT Field Goal,Restricted Area,Center(C),Less Than 8 ft.,3,-33,21,1,0,20211128,IND,MIL,|1626171|1628960|201950|203114|203507,0,REG,,,2022,1627763,4.0,PG,Wing Stopper,-1.0,Holiday BLOCK (2 BLK),C,Versatile Big,0.03
203507,Giannis Antetokounmpo,22100301410,Shot Chart Detail,22100301,410,1610612749,Milwaukee Bucks,3,6,8,Missed Shot,Turnaround Jump Shot,,Restricted Area,Center(C),Less Than 8 ft.,3,-16,30,1,0,20211128,IND,MIL,|1626192|1628960|201588|203114|203507,0,REG,,,2022,1627763|1630537,6.0,,,,,PF,Shot Creator,4.57
1626157,Karl-Anthony Towns,2210030923,Shot Chart Detail,22100309,23,1610612750,Minnesota Timberwolves,1,9,42,Made Shot,Hook Shot,,In The Paint (Non-RA),Center(C),Less Than 8 ft.,5,-29,47,1,1,20211129,MIN,IND,|1626156|1626157|1627752|1629006|1630162,0,REG,,,2022,1627763|203200,2.0,,,,,C,Shot Creator,3.14
1626157,Karl-Anthony Towns,2210030975,Shot Chart Detail,22100309,75,1610612750,Minnesota Timberwolves,1,5,10,Missed Shot,Turnaround Hook Shot,2PT Field Goal,In The Paint (Non-RA),Center(C),Less Than 8 ft.,7,-76,22,1,0,20211129,MIN,IND,|1626157|1627736|1629006|1630162|1630195,0,REG,,,2022,1627763,-1.0,PG,Wing Stopper,-1.0,MISS Towns 8' Turnaround Hook Shot,C,Shot Creator,3.14
1630162,Anthony Edwards,2210030980,Shot Chart Detail,22100309,80,1610612750,Minnesota Timberwolves,1,4,28,Missed Shot,Jump Shot,,Above the Break 3,Center(C),24+ ft.,25,-67,246,1,0,20211129,MIN,IND,|1626157|1627736|1629006|1630162|1630195,0,REG,,,2022,1627763,-3.0,PG,Wing Stopper,-1.0,MISS Edwards 25' 3PT Jump Shot,SG,Shot Creator,1.11
1629675,Naz Reid,22100309202,Shot Chart Detail,22100309,202,1610612750,Minnesota Timberwolves,2,8,37,Made Shot,Reverse Layup Shot,,Restricted Area,Center(C),Less Than 8 ft.,0,-2,3,1,1,20211129,MIN,IND,|1626156|1629006|1629669|1629675|1630162,1,REG,,,2022,1627763,-3.0,PG,Wing Stopper,-1.0,Reid Reverse Layup (7 PTS) (Okogie 3 AST),C,Stretch Big,-0.76
1626157,Karl-Anthony Towns,22100309229,Shot Chart Detail,22100309,229,1610612750,Minnesota Timberwolves,2,6,31,Made Shot,Hook Shot,,In The Paint (Non-RA),Center(C),Less Than 8 ft.,5,-12,53,1,1,20211129,MIN,IND,|1626156|1626157|1629006|1629675|1630162,0,REG,,,2022,1627763|1629103,1.0,,,,,C,Shot Creator,3.14
1626157,Karl-Anthony Towns,22100309236,Shot Chart Detail,22100309,236,1610612750,Minnesota Timberwolves,2,5,25,Made Shot,Turnaround Hook Shot,,Mid-Range,Left Side(L),8-16 ft.,9,-87,26,1,1,20211129,MIN,IND,|1626156|1626157|1629006|1629675|1630162,1,REG,,,2022,1627763,3.0,PG,Wing Stopper,-1.0,Towns 9' Turnaround Hook Shot (8 PTS) (Russell 4 AST),C,Shot Creator,3.14
1626157,Karl-Anthony Towns,22100309253,Shot Chart Detail,22100309,253,1610612750,Minnesota Timberwolves,2,4,19,Missed Shot,Layup Shot,2PT Field Goal,Restricted Area,Center(C),Less Than 8 ft.,2,7,24,1,0,20211129,MIN,IND,|1626157|1627736|1629006|1630162|1630195,0,REG,,,2022,1627763,-2.0,PG,Wing Stopper,-1.0,MISS Towns 3' Layup,C,Shot Creator,3.14
1626157,Karl-Anthony Towns,22100309291,Shot Chart Detail,22100309,291,1610612750,Minnesota Timberwolves,2,1,20,Made Shot,Turnaround Hook Shot,,In The Paint (Non-RA),Center(C),Less Than 8 ft.,6,-26,59,1,1,20211129,MIN,IND,|1626156|1626157|1627736|1627752|1630162,1,REG,,,2022,1627763,-3.0,PG,Wing Stopper,-1.0,Towns 6' Turnaround Hook Shot (14 PTS) (Russell 7 AST),C,Shot Creator,3.14
1626156,D'Angelo Russell,22100309402,Shot Chart Detail,22100309,402,1610612750,Minnesota Timberwolves,3,5,52,Missed Shot,Jump Shot,3PT Field Goal,Above the Break 3,Left Side Center(LC),24+ ft.,25,-120,221,1,0,20211129,MIN,IND,|1626156|1626157|1627752|1629675|1630162,0,REG,,,2022,1627763|1629103,-6.0,,,,,PG,Primary Ball Handler,1.74
1630162,Anthony Edwards,22100309568,Shot Chart Detail,22100309,568,1610612750,Minnesota Timberwolves,4,7,33,Missed Shot,Driving Layup Shot,,Restricted Area,Center(C),Less Than 8 ft.,0,2,6,1,0,20211129,MIN,IND,|1626156|1627736|1629006|1629675|1630162,0,REG,,,2022,1627763,4.0,PG,Wing Stopper,-1.0,MISS Edwards 1' Driving Layup,SG,Shot Creator,1.11
1627736,Malik Beasley,22100309647,Shot Chart Detail,22100309,647,1610612750,Minnesota Timberwolves,4,0,52,Made Shot,Jump Shot,,Right Corner 3,Right Side(R),24+ ft.,23,232,16,1,1,20211129,MIN,IND,|1626156|1627736|1629006|1629675|1630162,1,REG,,,2022,1627763,3.0,PG,Wing Stopper,-1.0,Beasley 3PT Jump Shot (9 PTS) (Russell 11 AST),SG,Off Screen Shooter,0.41
1627789,Timothe Luwawu-Cabarrot,221003197,Shot Chart Detail,22100319,7,1610612737,Atlanta Hawks,1,11,35,Made Shot,Jump Shot,3PT Field Goal,Above the Break 3,Right Side Center(RC),24+ ft.,25,213,143,1,1,20211201,IND,ATL,|1627789|1628381|1628989|1629027|203991,1,REG,,,2022,1627763,3.0,PG,Wing Stopper,-1.0,Luwawu-Cabarrot 26' 3PT Jump Shot (3 PTS) (Capela 1 AST),SF,Athletic Finisher,-1.48
1628989,Kevin Huerter,2210031920,Shot Chart Detail,22100319,20,1610612737,Atlanta Hawks,1,10,11,Made Shot,Alley Oop Layup shot,,Restricted Area,Center(C),Less Than 8 ft.,0,2,1,1,1,20211201,IND,ATL,|1627789|1628381|1628989|1629027|203991,1,REG,,,2022,1627763,3.0,PG,Wing Stopper,-1.0,Huerter Alley Oop Layup (2 PTS) (Young 1 AST),SF,Movement Shooter,-0.29
1629027,Trae Young,22100319275,Shot Chart Detail,22100319,275,1610612737,Atlanta Hawks,2,2,1,Made Shot,Driving Floating Jump Shot,,Mid-Range,Right Side(R),8-16 ft.,13,91,105,1,1,20211201,IND,ATL,|1627789|1628381|1628989|1629027|203991,0,REG,,,2022,1627763,5.0,PG,Wing Stopper,-1.0,Young 14' Driving Floating Jump Shot (13 PTS),PG,Shot Creator,5.09
1629027,Trae Young,22100319398,Shot Chart Detail,22100319,398,1610612737,Atlanta Hawks,3,3,57,Made Shot,Driving Finger Roll Layup Shot,,Restricted Area,Center(C),Less Than 8 ft.,3,12,31,1,1,20211201,IND,ATL,|1626153|1628989|1629027|201568|203991,1,REG,,,2022,1627763,1.0,PG,Wing Stopper,-1.0,Young 3' Driving Finger Roll Layup (24 PTS) (Capela 4 AST),PG,Shot Creator,5.09
203524,Solomon Hill,22100319494,Shot Chart Detail,22100319,494,1610612737,Atlanta Hawks,4,8,12,Missed Shot,Jump Shot,,Above the Break 3,Center(C),24+ ft.,25,13,259,1,0,20211201,IND,ATL,|101150|1626153|1628381|201568|203524,0,REG,,,2022,1627763,3.0,PG,Wing Stopper,-1.0,MISS S. Hill 26' 3PT Jump Shot,SF,Athletic Finisher,-1.25
201568,Danilo Gallinari,22100319534,Shot Chart Detail,22100319,534,1610612737,Atlanta Hawks,4,4,48,Missed Shot,Jump Shot,,Above the Break 3,Left Side Center(LC),24+ ft.,26,-92,252,1,0,20211201,IND,ATL,|1627789|1628989|1629027|201568|203991,0,REG,,,2022,1627763,6.0,PG,Wing Stopper,-1.0,MISS Gallinari 27' 3PT Jump Shot,PF,Shot Creator,0.52
1629130,Duncan Robinson,2210033312,Shot Chart Detail,22100333,12,1610612748,Miami Heat,1,10,45,Made Shot,Jump Shot,3PT Field Goal,Above the Break 3,Center(C),24+ ft.,25,48,248,1,1,20211203,IND,MIA,|1629130|1629639|200768|200782|203473,1,REG,,,2022,1627763,-1.0,PG,Wing Stopper,-1.0,Robinson 25' 3PT Jump Shot (3 PTS) (Tucker 1 AST),SG,Off Screen Shooter,0.28
1629130,Duncan Robinson,2210033338,Shot Chart Detail,22100333,38,1610612748,Miami Heat,1,7,42,Missed Shot,Pullup Jump shot,3PT Field Goal,Above the Break 3,Right Side Center(RC),24+ ft.,25,145,209,1,0,20211203,IND,MIA,|1629130|1629639|200768|200782|203473,0,REG,,,2022,1627763,5.0,PG,Wing Stopper,-1.0,MISS Robinson 25' 3PT Pullup Jump Shot,SG,Off Screen Shooter,0.28
200768,Kyle Lowry,2210033353,Shot Chart Detail,22100333,53,1610612748,Miami Heat,1,6,25,Made Shot,Pullup Jump shot,,Above the Break 3,Right Side Center(RC),24+ ft.,24,156,192,1,1,20211203,IND,MIA,|1629130|1629639|200768|200782|203473,0,REG,,,2022,1627763,6.0,PG,Wing Stopper,-1.0,Lowry 25' 3PT Pullup Jump Shot (11 PTS),PG,Primary Ball Handler,0.56
200768,Kyle Lowry,2210033372,Shot Chart Detail,22100333,72,1610612748,Miami Heat,1,5,0,Missed Shot,Jump Shot,,Above the Break 3,Right Side Center(RC),24+ ft.,29,98,274,1,0,20211203,IND,MIA,|1629130|1629216|200768|200782|203473,0,REG,,,2022,1627763,9.0,PG,Wing Stopper,-1.0,MISS Lowry 29' 3PT Jump Shot,PG,Primary Ball Handler,0.56
1629130,Duncan Robinson,2210033397,Shot Chart Detail,22100333,97,1610612748,Miami Heat,1,3,19,Made Shot,Jump Shot,3PT Field Goal,Left Corner 3,Left Side(L),24+ ft.,23,-230,40,1,1,20211203,IND,MIA,|1629130|1629216|200768|200782|2617,1,REG,,,2022,1627763,12.0,PG,Wing Stopper,-1.0,Robinson 3PT Jump Shot (11 PTS) (Lowry 3 AST),SG,Off Screen Shooter,0.28
1630209,Omer Yurtseven,22100333202,Shot Chart Detail,22100333,202,1610612748,Miami Heat,2,6,48,Missed Shot,Running Pull-Up Jump Shot,,Restricted Area,Center(C),Less Than 8 ft.,3,-20,34,1,0,20211203,IND,MIA,|1628997|1629622|1629639|1630209|200768,0,REG,,,2022,1627763|1626167,11.0,,,,,C,Roll + Cut Big,-0.45
1629639,Tyler Herro,22100333241,Shot Chart Detail,22100333,241,1610612748,Miami Heat,2,4,18,Missed Shot,Turnaround Jump Shot,,Mid-Range,Center(C),8-16 ft.,15,2,155,1,0,20211203,IND,MIA,|1629130|1629639|200768|200782|203473,0,REG,,,2022,1627763,5.0,PG,Wing Stopper,-1.0,MISS Herro 16' Turnaround Jump Shot,SG,Primary Ball Handler,0.17
200768,Kyle Lowry,22100333271,Shot Chart Detail,22100333,271,1610612748,Miami Heat,2,2,5,Made Shot,Turnaround Fadeaway shot,,In The Paint (Non-RA),Center(C),Less Than 8 ft.,7,-61,48,1,1,20211203,IND,MIA,|1629130|1629639|200768|200782|203473,0,REG,,,2022,1627763,4.0,PG,Wing Stopper,-1.0,Lowry 8' Turnaround Fadeaway (20 PTS),PG,Primary Ball Handler,0.56
200782,P.J. Tucker,22100333310,Shot Chart Detail,22100333,310,1610612748,Miami Heat,3,11,45,Missed Shot,Reverse Layup Shot,,Restricted Area,Center(C),Less Than 8 ft.,2,-17,13,1,0,20211203,IND,MIA,|1629130|1629639|200768|200782|203473,0,REG,,,2022,1627763,7.0,PG,Wing Stopper,-1.0,MISS Tucker 2' Reverse Layup,PF,Athletic Finisher,-0.88
203473,Dewayne Dedmon,22100333328,Shot Chart Detail,22100333,328,1610612748,Miami Heat,3,9,57,Made Shot,Putback Layup Shot,,Restricted Area,Center(C),Less Than 8 ft.,0,0,0,1,1,20211203,IND,MIA,|1629130|1629639|200768|200782|203473,0,REG,,,2022,1627763|1627734,5.0,,,,,C,Roll + Cut Big,-1.81
1629639,Tyler Herro,22100333337,Shot Chart Detail,22100333,337,1610612748,Miami Heat,3,8,31,Missed Shot,Driving Finger Roll Layup Shot,,In The Paint (Non-RA),Center(C),Less Than 8 ft.,4,33,28,1,0,20211203,IND,MIA,|1629130|1629639|200768|200782|203473,0,REG,,,2022,1627763,8.0,PG,Wing Stopper,-1.0,MISS Herro 4' Driving Finger Roll Layup,SG,Primary Ball Handler,0.17
200768,Kyle Lowry,22100333473,Shot Chart Detail,22100333,473,1610612748,Miami Heat,4,9,6,Made Shot,Jump Shot,,Left Corner 3,Left Side(L),24+ ft.,23,-235,11,1,1,20211203,IND,MIA,|1628997|1629216|1629622|1630209|200768,1,REG,,,2022,1627763,18.0,PG,Wing Stopper,-1.0,Lowry 24' 3PT Jump Shot (26 PTS) (Vincent 4 AST),PG,Primary Ball Handler,0.56
200768,Kyle Lowry,22100333589,Shot Chart Detail,22100333,589,1610612748,Miami Heat,4,0,45,Missed Shot,Pullup Jump shot,,Mid-Range,Right Side Center(RC),16-24 ft.,20,165,126,1,0,20211203,IND,MIA,|1629216|1629639|1630209|200768|200782,0,REG,,,2022,1627763,11.0,PG,Wing Stopper,-1.0,MISS Lowry 21' Pullup Jump Shot,PG,Primary Ball Handler,0.56
203484,Kentavious Caldwell-Pope,2210035546,Shot Chart Detail,22100355,46,1610612764,Washington Wizards,1,8,44,Missed Shot,Pullup Jump shot,,Mid-Range,Center(C),8-16 ft.,15,15,158,1,0,20211206,IND,WAS,|1628398|1628988|1629655|203078|203484,0,REG,,,2022,1627763,-3.0,PG,Wing Stopper,-1.0,MISS Caldwell-Pope 16' Pullup Jump Shot,SG,Movement Shooter,-1.19
1628398,Kyle Kuzma,2210035548,Shot Chart Detail,22100355,48,1610612764,Washington Wizards,1,8,37,Missed Shot,Floating Jump shot,2PT Field Goal,In The Paint (Non-RA),Center(C),8-16 ft.,11,-53,104,1,0,20211206,IND,WAS,|1628398|1628988|1629655|203078|203484,0,REG,,,2022,1627763|1626167,-3.0,,,,,PF,Movement Shooter,-0.74
203526,Raul Neto,2210035579,Shot Chart Detail,22100355,79,1610612764,Washington Wizards,1,6,38,Made Shot,Driving Finger Roll Layup Shot,,In The Paint (Non-RA),Center(C),Less Than 8 ft.,4,36,31,1,1,20211206,IND,WAS,|1626149|1628398|203078|203484|203526,1,REG,,,2022,1627763,-2.0,PG,Wing Stopper,-1.0,Neto 5' Driving Finger Roll Layup (2 PTS) (Harrell 1 AST),PG,Slasher,-0.92
1630557,Corey Kispert,22100355249,Shot Chart Detail,22100355,249,1610612764,Washington Wizards,2,6,47,Made Shot,Layup Shot,,Restricted Area,Center(C),Less Than 8 ft.,2,-22,17,1,1,20211206,IND,WAS,|1629655|1630557|203078|203484|203526,1,REG,,,2022,1630537|1627763|1626167,-10.0,,,,,SF,Movement Shooter,-0.59
203484,Kentavious Caldwell-Pope,22100355291,Shot Chart Detail,22100355,291,1610612764,Washington Wizards,2,2,34,Made Shot,Jump Shot,,Above the Break 3,Left Side Center(LC),24+ ft.,25,-218,126,1,1,20211206,IND,WAS,|1628398|1629655|203078|203484|203526,1,REG,,,2022,1627763,-10.0,PG,Wing Stopper,-1.0,Caldwell-Pope 25' 3PT Jump Shot (3 PTS) (Kuzma 1 AST),SG,Movement Shooter,-1.19
1628988,Aaron Holiday,22100355332,Shot Chart Detail,22100355,332,1610612764,Washington Wizards,3,11,19,Made Shot,Driving Floating Jump Shot,,In The Paint (Non-RA),Center(C),Less Than 8 ft.,5,11,57,1,1,20211206,IND,WAS,|1628398|1628988|1629655|203078|203484,0,REG,,,2022,1627763,-12.0,PG,Wing Stopper,-1.0,Holiday 6' Driving Floating Jump Shot (5 PTS),PG,Primary Ball Handler,-1.11
1628988,Aaron Holiday,22100355339,Shot Chart Detail,22100355,339,1610612764,Washington Wizards,3,10,25,Made Shot,Driving Floating Bank Jump Shot,,In The Paint (Non-RA),Center(C),Less Than 8 ft.,5,-29,43,1,1,20211206,IND,WAS,|1628398|1628988|1629655|203078|203484,0,REG,,,2022,1627763,-10.0,PG,Wing Stopper,-1.0,Holiday 5' Driving Floating Bank Jump Shot (7 PTS),PG,Primary Ball Handler,-1.11
1630166,Deni Avdija,22100355421,Shot Chart Detail,22100355,421,1610612764,Washington Wizards,3,4,3,Missed Shot,Running Jump Shot,,In The Paint (Non-RA),Center(C),8-16 ft.,13,6,130,1,0,20211206,IND,WAS,|1626149|1630166|1630557|203078|203526,0,REG,,,2022,1627763,-12.0,PG,Wing Stopper,-1.0,MISS Avdija 13' Running Jump Shot,SF,Athletic Finisher,-0.89
203484,Kentavious Caldwell-Pope,22100355565,Shot Chart Detail,22100355,565,1610612764,Washington Wizards,4,5,46,Missed Shot,Step Back Jump shot,,Left Corner 3,Left Side(L),24+ ft.,23,-238,26,1,0,20211206,IND,WAS,|1628398|1629655|1630557|203484|203526,0,REG,,,2022,1627763,-14.0,PG,Wing Stopper,-1.0,MISS Caldwell-Pope 24' 3PT Step Back Jump Shot,SG,Movement Shooter,-1.19
1626149,Montrezl Harrell,22100355605,Shot Chart Detail,22100355,605,1610612764,Washington Wizards,4,2,3,Made Shot,Dunk Shot,2PT Field Goal,Restricted Area,Center(C),Less Than 8 ft.,1,-13,-4,1,1,20211206,IND,WAS,|1626149|1628398|1630557|203078|203484,1,REG,,,2022,1627763|1629052,-12.0,,,,,C,Post Scorer,1.58
1628988,Aaron Holiday,22100355639,Shot Chart Detail,22100355,639,1610612764,Washington Wizards,4,0,22,Made Shot,Running Layup Shot,2PT Field Goal,Restricted Area,Center(C),Less Than 8 ft.,2,13,22,1,1,20211206,IND,WAS,|1628988|1630166|1630264|1630557|203526,0,REG,,,2022,1627763,-6.0,PG,Wing Stopper,-1.0,Holiday 3' Running Layup (11 PTS),PG,Primary Ball Handler,-1.11
202692,Alec Burks,2210036913,Shot Chart Detail,22100369,13,1610612752,New York Knicks,1,11,18,Made Shot,Driving Floating Bank Jump Shot,,In The Paint (Non-RA),Right Side(R),8-16 ft.,9,71,56,1,1,20211208,IND,NYK,|1629628|201959|202692|203095|203944,0,REG,,,2022,1627763,4.0,PG,Wing Stopper,-1.0,Burks 9' Driving Floating Bank Jump Shot (2 PTS),SG,Primary Ball Handler,0.94
203944,Julius Randle,22100369112,Shot Chart Detail,22100369,112,1610612752,New York Knicks,1,2,13,Made Shot,Jump Shot,,Above the Break 3,Right Side Center(RC),24+ ft.,26,212,156,1,1,20211208,IND,NYK,|1629011|1629628|1630193|201565|203944,1,REG,,,2022,1627763|1629052,-5.0,,,,,PF,Shot Creator,-0.03
201565,Derrick Rose,22100369247,Shot Chart Detail,22100369,247,1610612752,New York Knicks,2,5,5,Missed Shot,Driving Finger Roll Layup Shot,,In The Paint (Non-RA),Center(C),Less Than 8 ft.,7,50,55,1,0,20211208,IND,NYK,|1629628|1630167|201565|203095|203944,0,REG,,,2022,1627763,-11.0,PG,Wing Stopper,-1.0,MISS Rose 7' Driving Finger Roll Layup,PG,Primary Ball Handler,0.47
203944,Julius Randle,22100369249,Shot Chart Detail,22100369,249,1610612752,New York Knicks,2,5,4,Missed Shot,Tip Layup Shot,,Restricted Area,Center(C),Less Than 8 ft.,0,0,0,1,0,20211208,IND,NYK,|1629628|1630167|201565|203095|203944,0,REG,,,2022,1630537|1627763,-11.0,,,,,PF,Shot Creator,-0.03
202692,Alec Burks,22100369268,Shot Chart Detail,22100369,268,1610612752,New York Knicks,2,4,12,Made Shot,Driving Floating Jump Shot,,In The Paint (Non-RA),Center(C),8-16 ft.,11,37,105,1,1,20211208,IND,NYK,|1629628|1630167|202692|203095|203944,0,REG,,,2022,1627763,-14.0,PG,Wing Stopper,-1.0,Burks 11' Driving Floating Jump Shot (8 PTS),SG,Primary Ball Handler,0.94
203944,Julius Randle,22100369310,Shot Chart Detail,22100369,310,1610612752,New York Knicks,2,0,32,Made Shot,Driving Layup Shot,,Restricted Area,Center(C),Less Than 8 ft.,2,26,8,1,1,20211208,IND,NYK,|1629628|201959|202692|203095|203944,1,REG,,,2022,1627763|1626167,-13.0,,,,,PF,Shot Creator,-0.03
203944,Julius Randle,22100369320,Shot Chart Detail,22100369,320,1610612752,New York Knicks,2,0,1,Missed Shot,Fadeaway Jump Shot,,Mid-Range,Right Side(R),8-16 ft.,14,135,42,1,0,20211208,IND,NYK,|1629628|201959|202692|203095|203944,0,REG,,,2022,1627763|1628470,-13.0,,,,,PF,Shot Creator,-0.03
202692,Alec Burks,22100369366,Shot Chart Detail,22100369,366,1610612752,New York Knicks,3,8,41,Made Shot,Floating Jump shot,,In The Paint (Non-RA),Center(C),8-16 ft.,13,4,130,1,1,20211208,IND,NYK,|1629628|201959|202692|203095|203944,0,REG,,,2022,1627763,-19.0,PG,Wing Stopper,-1.0,Burks 13' Floating Jump Shot (10 PTS),SG,Primary Ball Handler,0.94
1629628,RJ Barrett,22100369370,Shot Chart Detail,22100369,370,1610612752,New York Knicks,3,8,16,Made Shot,Driving Floating Jump Shot,2PT Field Goal,In The Paint (Non-RA),Center(C),Less Than 8 ft.,6,-26,63,1,1,20211208,IND,NYK,|1629628|201959|202692|203095|203944,0,REG,,,2022,1627763,-17.0,PG,Wing Stopper,-1.0,Barrett 7' Driving Floating Jump Shot (10 PTS),SF,Secondary Ball Handler,0.31
1629628,RJ Barrett,22100369394,Shot Chart Detail,22100369,394,1610612752,New York Knicks,3,6,11,Missed Shot,Driving Floating Jump Shot,2PT Field Goal,In The Paint (Non-RA),Center(C),8-16 ft.,12,-13,126,1,0,20211208,IND,NYK,|1629628|201959|202692|203095|203944,0,REG,,,2022,1627763,-18.0,PG,Wing Stopper,-1.0,MISS Barrett 13' Driving Floating Jump Shot,SF,Secondary Ball Handler,0.31
1629628,RJ Barrett,22100369396,Shot Chart Detail,22100369,396,1610612752,New York Knicks,3,6,2,Made Shot,Turnaround Fadeaway Bank Jump Shot,2PT Field Goal,In The Paint (Non-RA),Left Side(L),8-16 ft.,8,-61,52,1,1,20211208,IND,NYK,|1629628|201959|202692|203095|203944,0,REG,,,2022,1627763,-16.0,PG,Wing Stopper,-1.0,Barrett 8' Turnaround Fadeaway Bank Jump Shot (15 PTS),SF,Secondary Ball Handler,0.31
203095,Evan Fournier,22100369413,Shot Chart Detail,22100369,413,1610612752,New York Knicks,3,4,42,Missed Shot,Turnaround Fadeaway shot,,In The Paint (Non-RA),Left Side(L),8-16 ft.,9,-60,70,1,0,20211208,IND,NYK,|1629628|201565|201959|203095|203944,0,REG,,,2022,1627763,-15.0,PG,Wing Stopper,-1.0,MISS Fournier 9' Turnaround Fadeaway Shot,SG,Movement Shooter,-0.12
1629011,Mitchell Robinson,22100369464,Shot Chart Detail,22100369,464,1610612752,New York Knicks,3,1,41,Made Shot,Tip Layup Shot,2PT Field Goal,Restricted Area,Center(C),Less Than 8 ft.,0,0,0,1,1,20211208,IND,NYK,|1629011|1629628|1630167|1630193|201565,0,REG,,,2022,1627763|1626167,-18.0,,,,,C,Athletic Finisher,-0.01
1629029,Luka Doncic,2210038311,Shot Chart Detail,22100383,11,1610612742,Dallas Mavericks,1,11,16,Made Shot,Driving Finger Roll Layup Shot,,Restricted Area,Center(C),Less Than 8 ft.,3,23,22,1,1,20211210,IND,DAL,|1627827|1629029|203493|203939|204001,1,REG,,,2022,1627763,2.0,PG,Wing Stopper,-1.0,Doncic 3' Driving Finger Roll Layup (2 PTS) (Porzingis 1 AST),PG,Shot Creator,4.15
1629029,Luka Doncic,2210038344,Shot Chart Detail,22100383,44,1610612742,Dallas Mavericks,1,8,31,Missed Shot,Pullup Jump shot,,Above the Break 3,Center(C),24+ ft.,26,-16,261,1,0,20211210,IND,DAL,|1627827|1629029|203493|203939|204001,0,REG,,,2022,1627763,4.0,PG,Wing Stopper,-1.0,MISS Doncic 26' 3PT Pullup Jump Shot,PG,Shot Creator,4.15
1629029,Luka Doncic,2210038353,Shot Chart Detail,22100383,53,1610612742,Dallas Mavericks,1,7,26,Missed Shot,Turnaround Fadeaway shot,,Mid-Range,Left Side(L),8-16 ft.,14,-109,92,1,0,20211210,IND,DAL,|1627827|1629029|203493|203939|204001,0,REG,,,2022,1627763,4.0,PG,Wing Stopper,-1.0,MISS Doncic 14' Turnaround Fadeaway Shot,PG,Shot Creator,4.15
1629029,Luka Doncic,22100383100,Shot Chart Detail,22100383,100,1610612742,Dallas Mavericks,1,3,38,Made Shot,Floating Jump shot,,Mid-Range,Right Side(R),8-16 ft.,10,89,47,1,1,20211210,IND,DAL,|1627827|1628973|1629029|1629650|203501,0,REG,,,2022,1627763,1.0,PG,Wing Stopper,-1.0,Doncic 10' Floating Jump Shot (6 PTS),PG,Shot Creator,4.15
1629650,Moses Brown,22100383107,Shot Chart Detail,22100383,107,1610612742,Dallas Mavericks,1,2,51,Made Shot,Running Dunk Shot,,Restricted Area,Center(C),Less Than 8 ft.,0,-2,-1,1,1,20211210,IND,DAL,|1627827|1628973|1629029|1629650|203501,1,REG,,,2022,1627763,5.0,PG,Wing Stopper,-1.0,Brown Running Dunk (2 PTS) (Doncic 3 AST),C,Roll + Cut Big,-0.76
1629029,Luka Doncic,22100383126,Shot Chart Detail,22100383,126,1610612742,Dallas Mavericks,1,1,35,Missed Shot,Pullup Jump shot,,Above the Break 3,Center(C),24+ ft.,27,1,279,1,0,20211210,IND,DAL,|1628467|1628973|1629029|1629650|203501,0,REG,,,2022,1627763,5.0,PG,Wing Stopper,-1.0,MISS Doncic 28' 3PT Pullup Jump Shot,PG,Shot Creator,4.15
1627827,Dorian Finney-Smith,22100383142,Shot Chart Detail,22100383,142,1610612742,Dallas Mavericks,1,4,3,Missed Shot,Tip Dunk Shot,2PT Field Goal,Restricted Area,Center(C),Less Than 8 ft.,2,18,9,1,0,20211210,IND,DAL,|1627827|1628973|1629029|1629650|203501,0,REG,,,2022,1627763,2.0,PG,Wing Stopper,-1.0,MISS Finney-Smith 2' Tip Dunk Shot,PF,Athletic Finisher,-0.05
1627827,Dorian Finney-Smith,22100383240,Shot Chart Detail,22100383,240,1610612742,Dallas Mavericks,2,5,6,Missed Shot,Jump Shot,3PT Field Goal,Left Corner 3,Left Side(L),24+ ft.,24,-234,62,1,0,20211210,IND,DAL,|1627827|1629029|1630182|203493|203939,0,REG,,,2022,1627763,-4.0,PG,Wing Stopper,-1.0,MISS Finney-Smith 24' 3PT Jump Shot,PF,Athletic Finisher,-0.05
1629029,Luka Doncic,22100383258,Shot Chart Detail,22100383,258,1610612742,Dallas Mavericks,2,3,51,Made Shot,Tip Layup Shot,,Restricted Area,Center(C),Less Than 8 ft.,0,0,0,1,1,20211210,IND,DAL,|1627827|1629029|1630182|203493|203939,0,REG,,,2022,1627763,-6.0,PG,Wing Stopper,-1.0,Doncic Tip Layup Shot (12 PTS),PG,Shot Creator,4.15
1629029,Luka Doncic,22100383347,Shot Chart Detail,22100383,347,1610612742,Dallas Mavericks,3,8,49,Missed Shot,Pullup Jump shot,,Above the Break 3,Center(C),24+ ft.,29,-87,278,1,0,20211210,IND,DAL,|1627827|1629029|203493|203939|204001,0,REG,,,2022,1627763,-4.0,PG,Wing Stopper,-1.0,MISS Doncic 29' 3PT Pullup Jump Shot,PG,Shot Creator,4.15
1629029,Luka Doncic,22100383369,Shot Chart Detail,22100383,369,1610612742,Dallas Mavericks,3,7,23,Made Shot,Putback Layup Shot,,Restricted Area,Center(C),Less Than 8 ft.,2,25,15,1,1,20211210,IND,DAL,|1627827|1628973|1629029|203939|204001,0,REG,,,2022,1627763,-2.0,PG,Wing Stopper,-1.0,Doncic 3' Putback Layup (23 PTS),PG,Shot Creator,4.15
1628973,Jalen Brunson,22100383373,Shot Chart Detail,22100383,373,1610612742,Dallas Mavericks,3,6,42,Missed Shot,Pullup Jump shot,,In The Paint (Non-RA),Center(C),8-16 ft.,11,15,117,1,0,20211210,IND,DAL,|1627827|1628973|1629029|203939|204001,0,REG,,,2022,1627763,-4.0,PG,Wing Stopper,-1.0,MISS Brunson 12' Pullup Jump Shot,SG,Shot Creator,1.1
1629029,Luka Doncic,22100383386,Shot Chart Detail,22100383,386,1610612742,Dallas Mavericks,3,5,49,Missed Shot,Pullup Jump shot,,Above the Break 3,Right Side Center(RC),24+ ft.,27,165,220,1,0,20211210,IND,DAL,|1627827|1628973|1629029|1629650|203501,0,REG,,,2022,1627763,-6.0,PG,Wing Stopper,-1.0,MISS Doncic 28' 3PT Pullup Jump Shot,PG,Shot Creator,4.15
203939,Dwight Powell,22100383491,Shot Chart Detail,22100383,491,1610612742,Dallas Mavericks,4,9,54,Made Shot,Alley Oop Dunk Shot,,Restricted Area,Center(C),Less Than 8 ft.,2,-22,16,1,1,20211210,IND,DAL,|1627827|1628467|1629029|203501|203939,1,REG,,,2022,1627763,-5.0,PG,Wing Stopper,-1.0,Powell 3' Alley Oop Dunk (2 PTS) (Doncic 8 AST),C,Roll + Cut Big,0.33
1629029,Luka Doncic,22100383507,Shot Chart Detail,22100383,507,1610612742,Dallas Mavericks,4,8,40,Made Shot,Cutting Layup Shot,,Restricted Area,Center(C),Less Than 8 ft.,2,26,5,1,1,20211210,IND,DAL,|1627827|1628467|1629029|203501|203939,1,REG,,,2022,1627763,0.0,PG,Wing Stopper,-1.0,Doncic 3' Cutting Layup Shot (25 PTS) (Powell 2 AST),PG,Shot Creator,4.15
1629029,Luka Doncic,22100383528,Shot Chart Detail,22100383,528,1610612742,Dallas Mavericks,4,7,2,Missed Shot,Step Back Jump shot,,Mid-Range,Left Side(L),16-24 ft.,18,-164,88,1,0,20211210,IND,DAL,|1627827|1629029|203493|203501|203939,0,REG,,,2022,1627763|1626167,-1.0,,,,,PG,Shot Creator,4.15
1629029,Luka Doncic,22100383539,Shot Chart Detail,22100383,539,1610612742,Dallas Mavericks,4,5,47,Missed Shot,Driving Floating Bank Jump Shot,,In The Paint (Non-RA),Center(C),8-16 ft.,10,-44,95,1,0,20211210,IND,DAL,|1627827|1629029|203493|203501|203939,0,REG,,,2022,1627763,-3.0,PG,Wing Stopper,-1.0,MISS Doncic 10' Driving Floating Bank Jump Shot,PG,Shot Creator,4.15
204001,Kristaps Porzingis,22100383584,Shot Chart Detail,22100383,584,1610612742,Dallas Mavericks,4,2,59,Made Shot,Tip Layup Shot,,Restricted Area,Center(C),Less Than 8 ft.,0,0,0,1,1,20211210,IND,DAL,|1627827|1628973|1629029|203501|204001,0,REG,,,2022,1627763|1629052,-7.0,,,,,PF,Versatile Big,1.73
1629029,Luka Doncic,22100383597,Shot Chart Detail,22100383,597,1610612742,Dallas Mavericks,4,1,36,Missed Shot,Step Back Jump shot,,Left Corner 3,Left Side(L),24+ ft.,23,-230,15,1,0,20211210,IND,DAL,|1627827|1628973|1629029|203501|204001,0,REG,,,2022,1627763,-11.0,PG,Wing Stopper,-1.0,MISS Doncic 3PT Step Back Jump Shot,PG,Shot Creator,4.15
203952,Andrew Wiggins,2210040591,Shot Chart Detail,22100405,91,1610612744,Golden State Warriors,1,5,53,Made Shot,Putback Layup Shot,,Restricted Area,Center(C),Less Than 8 ft.,1,-16,10,1,1,20211213,IND,GSW,|1626172|1629673|201939|203110|203952,0,REG,,,2022,1627763,0.0,PG,Wing Stopper,-1.0,Wiggins 2' Putback Layup (4 PTS),SF,Shot Creator,0.24
203490,Otto Porter Jr.,22100405140,Shot Chart Detail,22100405,140,1610612744,Golden State Warriors,1,2,47,Made Shot,Turnaround Fadeaway shot,,Mid-Range,Right Side(R),8-16 ft.,13,132,26,1,1,20211213,IND,GSW,|1627780|1629308|1629673|203110|203490,0,REG,,,2022,1627763,-4.0,PG,Wing Stopper,-1.0,Porter Jr. 13' Turnaround Fadeaway (2 PTS),PF,Athletic Finisher,0.16
1629673,Jordan Poole,22100405144,Shot Chart Detail,22100405,144,1610612744,Golden State Warriors,1,2,11,Missed Shot,Driving Finger Roll Layup Shot,,Restricted Area,Center(C),Less Than 8 ft.,2,20,13,1,0,20211213,IND,GSW,|1627780|1629308|1629673|203110|203490,0,REG,,,2022,1627763,-7.0,PG,Wing Stopper,-1.0,MISS Poole 2' Driving Finger Roll Layup,SG,Primary Ball Handler,0.89
201939,Stephen Curry,22100405265,Shot Chart Detail,22100405,265,1610612744,Golden State Warriors,2,7,4,Missed Shot,Jump Shot,,Above the Break 3,Center(C),24+ ft.,26,-64,258,1,0,20211213,IND,GSW,|1627814|1629308|1630228|201939|203952,0,REG,,,2022,1627763,-2.0,PG,Wing Stopper,-1.0,MISS Curry 27' 3PT Jump Shot,PG,Primary Ball Handler,3.73
201939,Stephen Curry,22100405365,Shot Chart Detail,22100405,365,1610612744,Golden State Warriors,2,0,47,Missed Shot,Driving Finger Roll Layup Shot,,Restricted Area,Center(C),Less Than 8 ft.,2,-20,-6,1,0,20211213,IND,GSW,|1627814|201939|203110|203490|203952,0,REG,,,2022,1627763,-5.0,PG,Wing Stopper,-1.0,MISS Curry 2' Driving Finger Roll Layup,PG,Primary Ball Handler,3.73
1626172,Kevon Looney,22100405394,Shot Chart Detail,22100405,394,1610612744,Golden State Warriors,3,11,20,Missed Shot,Jump Shot,2PT Field Goal,Restricted Area,Center(C),Less Than 8 ft.,2,16,20,1,0,20211213,IND,GSW,|1626172|1629673|201939|203110|203952,0,REG,,,2022,1627763,-8.0,PG,Wing Stopper,-1.0,Turner BLOCK (2 BLK),C,Roll + Cut Big,-0.8
201939,Stephen Curry,22100405441,Shot Chart Detail,22100405,441,1610612744,Golden State Warriors,3,7,6,Made Shot,Pullup Jump shot,,Above the Break 3,Left Side Center(LC),24+ ft.,26,-178,191,1,1,20211213,IND,GSW,|1626172|1629673|201939|203110|203952,1,REG,,,2022,1627763,-2.0,PG,Wing Stopper,-1.0,Curry 26' 3PT Pullup Jump Shot (16 PTS) (Looney 3 AST),PG,Primary Ball Handler,3.73
201939,Stephen Curry,22100405449,Shot Chart Detail,22100405,449,1610612744,Golden State Warriors,3,6,7,Missed Shot,Jump Shot,,Right Corner 3,Right Side(R),24+ ft.,24,230,79,1,0,20211213,IND,GSW,|1626172|1629673|201939|203110|203952,0,REG,,,2022,1627763,0.0,PG,Wing Stopper,-1.0,MISS Curry 24' 3PT Jump Shot,PG,Primary Ball Handler,3.73
203952,Andrew Wiggins,22100405463,Shot Chart Detail,22100405,463,1610612744,Golden State Warriors,3,5,31,Missed Shot,Driving Finger Roll Layup Shot,,Restricted Area,Center(C),Less Than 8 ft.,2,-21,18,1,0,20211213,IND,GSW,|1626172|1627780|1629673|203490|203952,0,REG,,,2022,1627763,0.0,PG,Wing Stopper,-1.0,Turner BLOCK (4 BLK),SF,Shot Creator,0.24
201939,Stephen Curry,22100405554,Shot Chart Detail,22100405,554,1610612744,Golden State Warriors,4,11,42,Missed Shot,Turnaround Fadeaway shot,,Above the Break 3,Right Side Center(RC),24+ ft.,26,205,170,1,0,20211213,IND,GSW,|1626172|1627814|1629308|201939|203490,0,REG,,,2022,1627763,-4.0,PG,Wing Stopper,-1.0,MISS Curry 27' 3PT Turnaround Fadeaway Shot,PG,Primary Ball Handler,3.73
1626172,Kevon Looney,22100405630,Shot Chart Detail,22100405,630,1610612744,Golden State Warriors,4,4,53,Made Shot,Layup Shot,2PT Field Goal,Restricted Area,Center(C),Less Than 8 ft.,0,-4,7,1,1,20211213,IND,GSW,|1626172|1627814|1629673|203110|203952,0,REG,,,2022,1627763,-2.0,PG,Wing Stopper,-1.0,Looney 1' Layup (12 PTS),C,Roll + Cut Big,-0.8
201939,Stephen Curry,22100405644,Shot Chart Detail,22100405,644,1610612744,Golden State Warriors,4,4,2,Missed Shot,Fadeaway Jump Shot,,Right Corner 3,Right Side(R),24+ ft.,22,229,13,1,0,20211213,IND,GSW,|1626172|201939|203110|203490|203952,0,REG,,,2022,1627763,-5.0,PG,Wing Stopper,-1.0,MISS Curry 3PT Fadeaway Jumper,PG,Primary Ball Handler,3.73
201939,Stephen Curry,22100405661,Shot Chart Detail,22100405,661,1610612744,Golden State Warriors,4,2,33,Missed Shot,Jump Shot,,Above the Break 3,Left Side Center(LC),24+ ft.,26,-206,159,1,0,20211213,IND,GSW,|1626172|201939|203110|203490|203952,0,REG,,,2022,1627763,-5.0,PG,Wing Stopper,-1.0,MISS Curry 26' 3PT Jump Shot,PG,Primary Ball Handler,3.73
201939,Stephen Curry,22100405679,Shot Chart Detail,22100405,679,1610612744,Golden State Warriors,4,0,18,Missed Shot,Jump Shot,,Above the Break 3,Right Side Center(RC),24+ ft.,25,216,133,1,0,20211213,IND,GSW,|1626172|201939|203110|203490|203952,0,REG,,,2022,1627763,0.0,PG,Wing Stopper,-1.0,MISS Curry 25' 3PT Jump Shot,PG,Primary Ball Handler,3.73
201950,Jrue Holiday,221004217,Shot Chart Detail,22100421,7,1610612749,Milwaukee Bucks,1,11,43,Made Shot,Step Back Jump shot,,Above the Break 3,Left Side Center(LC),24+ ft.,24,-183,166,1,1,20211215,MIL,IND,|1626171|1626192|1628960|1629670|201950,0,REG,,,2022,1627763,3.0,PG,Wing Stopper,-1.0,Holiday 25' 3PT Step Back Jump Shot (3 PTS),PG,Shot Creator,2.06
1626171,Bobby Portis,2210042111,Shot Chart Detail,22100421,11,1610612749,Milwaukee Bucks,1,11,10,Missed Shot,Turnaround Jump Shot,2PT Field Goal,In The Paint (Non-RA),Center(C),8-16 ft.,9,22,90,1,0,20211215,MIL,IND,|1626171|1626192|1628960|1629670|201950,0,REG,,,2022,1627763,3.0,PG,Wing Stopper,-1.0,MISS Portis 9' Turnaround Jump Shot,C,Versatile Big,0.03
201950,Jrue Holiday,2210042115,Shot Chart Detail,22100421,15,1610612749,Milwaukee Bucks,1,10,41,Made Shot,Driving Floating Jump Shot,,In The Paint (Non-RA),Right Side(R),8-16 ft.,11,61,96,1,1,20211215,MIL,IND,|1626171|1626192|1628960|1629670|201950,0,REG,,,2022,1627763,5.0,PG,Wing Stopper,-1.0,Holiday 11' Driving Floating Jump Shot (5 PTS),PG,Shot Creator,2.06
201950,Jrue Holiday,2210042146,Shot Chart Detail,22100421,46,1610612749,Milwaukee Bucks,1,6,59,Missed Shot,Fadeaway Jump Shot,,In The Paint (Non-RA),Center(C),Less Than 8 ft.,6,-37,48,1,0,20211215,MIL,IND,|1626171|1626192|1628960|1629670|201950,0,REG,,,2022,1627763,7.0,PG,Wing Stopper,-1.0,MISS Holiday 6' Fadeaway Jumper,PG,Shot Creator,2.06
201950,Jrue Holiday,2210042183,Shot Chart Detail,22100421,83,1610612749,Milwaukee Bucks,1,4,10,Missed Shot,Driving Layup Shot,,In The Paint (Non-RA),Center(C),Less Than 8 ft.,4,-38,32,1,0,20211215,MIL,IND,|1628960|1630572|201950|203648|203918,0,REG,,,2022,1627763,-3.0,PG,Wing Stopper,-1.0,MISS Holiday 5' Driving Layup,PG,Shot Creator,2.06
201950,Jrue Holiday,2210042187,Shot Chart Detail,22100421,87,1610612749,Milwaukee Bucks,1,3,38,Made Shot,Driving Layup Shot,,Restricted Area,Center(C),Less Than 8 ft.,0,-6,6,1,1,20211215,MIL,IND,|1628960|1630572|201950|203648|203918,0,REG,,,2022,1627763,-3.0,PG,Wing Stopper,-1.0,Holiday 1' Driving Layup (9 PTS),PG,Shot Creator,2.06
1629670,Jordan Nwora,22100421325,Shot Chart Detail,22100421,325,1610612749,Milwaukee Bucks,3,10,46,Made Shot,Driving Dunk Shot,,Restricted Area,Center(C),Less Than 8 ft.,0,-5,8,1,1,20211215,MIL,IND,|1626171|1626192|1628960|1629670|201950,1,REG,,,2022,1627763,4.0,PG,Wing Stopper,-1.0,Nwora 1' Driving Dunk (7 PTS) (Portis 2 AST),SF,Movement Shooter,-1.12
1626171,Bobby Portis,22100421362,Shot Chart Detail,22100421,362,1610612749,Milwaukee Bucks,3,7,17,Made Shot,Dunk Shot,2PT Field Goal,Restricted Area,Center(C),Less Than 8 ft.,0,-7,5,1,1,20211215,MIL,IND,|1626171|1626192|1628960|1629670|201950,0,REG,,,2022,1627763,1.0,PG,Wing Stopper,-1.0,Portis 1' Dunk (14 PTS),C,Versatile Big,0.03
201950,Jrue Holiday,22100421382,Shot Chart Detail,22100421,382,1610612749,Milwaukee Bucks,3,5,54,Made Shot,Driving Finger Roll Layup Shot,,In The Paint (Non-RA),Left Side(L),8-16 ft.,9,-66,71,1,1,20211215,MIL,IND,|1626192|1628960|1630572|201950|203918,0,REG,,,2022,1627763,3.0,PG,Wing Stopper,-1.0,Holiday 10' Driving Finger Roll Layup (22 PTS),PG,Shot Creator,2.06
201950,Jrue Holiday,22100421398,Shot Chart Detail,22100421,398,1610612749,Milwaukee Bucks,3,4,12,Made Shot,Driving Layup Shot,,Restricted Area,Center(C),Less Than 8 ft.,0,0,4,1,1,20211215,MIL,IND,|1628960|1630572|201950|203648|203918,0,REG,,,2022,1627763,3.0,PG,Wing Stopper,-1.0,Holiday Driving Layup (24 PTS),PG,Shot Creator,2.06
1626171,Bobby Portis,22100421420,Shot Chart Detail,22100421,420,1610612749,Milwaukee Bucks,3,3,6,Made Shot,Driving Floating Jump Shot,2PT Field Goal,Mid-Range,Right Side(R),8-16 ft.,12,121,-9,1,1,20211215,MIL,IND,|1626171|201588|201950|203648|203918,1,REG,,,2022,1627763|1629052,1.0,,,,,C,Versatile Big,0.03
1626171,Bobby Portis,22100421435,Shot Chart Detail,22100421,435,1610612749,Milwaukee Bucks,3,1,18,Missed Shot,Turnaround Fadeaway shot,2PT Field Goal,Mid-Range,Right Side(R),8-16 ft.,10,105,-4,1,0,20211215,MIL,IND,|1626171|1630606|201588|203648|203918,0,REG,,,2022,1627763,1.0,PG,Wing Stopper,-1.0,MISS Portis 11' Turnaround Fadeaway Shot,C,Versatile Big,0.03
1628960,Grayson Allen,22100421548,Shot Chart Detail,22100421,548,1610612749,Milwaukee Bucks,4,5,48,Missed Shot,Jump Shot,,Above the Break 3,Left Side Center(LC),24+ ft.,29,-186,230,1,0,20211215,MIL,IND,|1626192|1628960|1629670|201950|203648,0,REG,,,2022,1627763,9.0,PG,Wing Stopper,-1.0,MISS Allen 30' 3PT Jump Shot,SG,Movement Shooter,0.25
201950,Jrue Holiday,22100421572,Shot Chart Detail,22100421,572,1610612749,Milwaukee Bucks,4,4,27,Made Shot,Driving Reverse Layup Shot,,Restricted Area,Center(C),Less Than 8 ft.,0,2,6,1,1,20211215,MIL,IND,|1626171|1629670|201588|201950|203648,0,REG,,,2022,1627763,15.0,PG,Wing Stopper,-1.0,Holiday 1' Driving Reverse Layup (26 PTS),PG,Shot Creator,2.06
1629216,Gabe Vincent,2210046522,Shot Chart Detail,22100465,22,1610612748,Miami Heat,1,9,58,Made Shot,Jump Shot,,Left Corner 3,Left Side(L),24+ ft.,23,-237,-6,1,1,20211221,MIA,IND,|1629130|1629216|1629622|200768|203473,1,REG,,,2022,1627763,-1.0,PG,Wing Stopper,-1.0,Vincent 24' 3PT Jump Shot (3 PTS) (Lowry 1 AST),PG,Primary Ball Handler,-0.91
200768,Kyle Lowry,2210046553,Shot Chart Detail,22100465,53,1610612748,Miami Heat,1,7,4,Missed Shot,Running Pull-Up Jump Shot,,Above the Break 3,Left Side Center(LC),24+ ft.,26,-112,243,1,0,20211221,MIA,IND,|1629130|1629216|1629644|200768|203473,0,REG,,,2022,1627763,-1.0,PG,Wing Stopper,-1.0,MISS Lowry 27' 3PT Running Pull-Up Jump Shot,PG,Primary Ball Handler,0.56
1630202,Payton Pritchard,22100618166,Shot Chart Detail,22100618,166,1610612738,Boston Celtics,2,11,27,Missed Shot,Fadeaway Jump Shot,,Mid-Range,Left Side(L),16-24 ft.,16,-165,25,1,0,20220112,IND,BOS,|1626196|1627759|1629684|1630202|201143,0,REG,,,2022,1627763,10.0,PG,Wing Stopper,-1.0,MISS Pritchard 17' Fadeaway Jumper,PG,Secondary Ball Handler,0.58
1626196,Josh Richardson,22100618171,Shot Chart Detail,22100618,171,1610612738,Boston Celtics,2,10,57,Missed Shot,Running Pull-Up Jump Shot,2PT Field Goal,Restricted Area,Center(C),Less Than 8 ft.,2,23,12,1,0,20220112,IND,BOS,|1626196|1627759|1629684|1630202|201143,0,REG,,,2022,1627763,10.0,PG,Wing Stopper,-1.0,Brissett BLOCK (1 BLK),SG,Movement Shooter,-0.59
1630202,Payton Pritchard,22100618185,Shot Chart Detail,22100618,185,1610612738,Boston Celtics,2,9,36,Missed Shot,Pullup Jump shot,,Above the Break 3,Right Side Center(RC),24+ ft.,26,135,223,1,0,20220112,IND,BOS,|1626196|1627759|1629684|1630202|201143,0,REG,,,2022,1627763,9.0,PG,Wing Stopper,-1.0,MISS Pritchard 26' 3PT Pullup Jump Shot,PG,Secondary Ball Handler,0.58
1627759,Jaylen Brown,22100618333,Shot Chart Detail,22100618,333,1610612738,Boston Celtics,3,9,12,Made Shot,Driving Floating Jump Shot,2PT Field Goal,In The Paint (Non-RA),Center(C),Less Than 8 ft.,7,10,72,1,1,20220112,IND,BOS,|1627759|1628369|1629057|201143|203471,0,REG,,,2022,1627763,13.0,PG,Wing Stopper,-1.0,Brown 7' Driving Floating Jump Shot (22 PTS),SF,Shot Creator,1.22
2772,Trevor Ariza,2210068014,Shot Chart Detail,22100680,14,1610612747,Los Angeles Lakers,1,10,41,Missed Shot,Jump Shot,,Above the Break 3,Left Side Center(LC),24+ ft.,26,-162,215,1,0,20220119,LAL,IND,|201566|202340|2544|2730|2772,0,REG,,,2022,1627763,2.0,PG,Wing Stopper,-1.0,MISS Ariza 27' 3PT Jump Shot,SF,Athletic Finisher,-1.18
201566,Russell Westbrook,2210068054,Shot Chart Detail,22100680,54,1610612747,Los Angeles Lakers,1,7,29,Missed Shot,Turnaround Fadeaway Bank Jump Shot,2PT Field Goal,In The Paint (Non-RA),Center(C),Less Than 8 ft.,6,-45,40,1,0,20220119,LAL,IND,|201566|202340|2544|2730|2772,0,REG,,,2022,1627763,6.0,PG,Wing Stopper,-1.0,MISS Westbrook 6' Turnaround Fadeaway Bank Jump Shot,PG,Shot Creator,0.48
202340,Avery Bradley,2210068062,Shot Chart Detail,22100680,62,1610612747,Los Angeles Lakers,1,6,44,Missed Shot,Step Back Jump shot,,Above the Break 3,Right Side Center(RC),24+ ft.,25,179,182,1,0,20220119,LAL,IND,|201566|202340|2544|2730|2772,0,REG,,,2022,1627763,4.0,PG,Wing Stopper,-1.0,MISS Bradley 26' 3PT Step Back Jump Shot,SG,Athletic Finisher,-2.49
2772,Trevor Ariza,2210068078,Shot Chart Detail,22100680,78,1610612747,Los Angeles Lakers,1,6,2,Missed Shot,Cutting Layup Shot,,Restricted Area,Center(C),Less Than 8 ft.,2,-2,22,1,0,20220119,LAL,IND,|1626169|201566|202340|2544|2772,0,REG,,,2022,1630537|1627763,5.0,,,,,SF,Athletic Finisher,-1.18
2730,Dwight Howard,22100680330,Shot Chart Detail,22100680,330,1610612747,Los Angeles Lakers,2,1,0,Made Shot,Tip Layup Shot,,Restricted Area,Center(C),Less Than 8 ft.,0,0,0,1,1,20220119,LAL,IND,|1628370|201566|2544|2546|2730,0,REG,,,2022,1627763,7.0,PG,Wing Stopper,-1.0,Howard Tip Layup Shot (4 PTS),C,Roll + Cut Big,-0.79
2544,LeBron James,22100680373,Shot Chart Detail,22100680,373,1610612747,Los Angeles Lakers,3,10,26,Missed Shot,Pullup Jump shot,,Mid-Range,Center(C),16-24 ft.,21,-42,215,1,0,20220119,LAL,IND,|201566|202340|2544|2730|2772,0,REG,,,2022,1627763,5.0,PG,Wing Stopper,-1.0,MISS James 22' Pullup Jump Shot,C,Shot Creator,3.61
201566,Russell Westbrook,22100680402,Shot Chart Detail,22100680,402,1610612747,Los Angeles Lakers,3,8,42,Missed Shot,Driving Finger Roll Layup Shot,2PT Field Goal,Restricted Area,Center(C),Less Than 8 ft.,1,7,18,1,0,20220119,LAL,IND,|201566|202340|2544|2730|2772,0,REG,,,2022,1627763,4.0,PG,Wing Stopper,-1.0,MISS Westbrook 2' Driving Finger Roll Layup,PG,Shot Creator,0.48
201566,Russell Westbrook,22100680415,Shot Chart Detail,22100680,415,1610612747,Los Angeles Lakers,3,7,45,Missed Shot,Cutting Layup Shot,2PT Field Goal,Restricted Area,Center(C),Less Than 8 ft.,2,-17,22,1,0,20220119,LAL,IND,|201566|202340|2544|2730|2772,0,REG,,,2022,1627763,3.0,PG,Wing Stopper,-1.0,MISS Westbrook 3' Cutting Layup Shot,PG,Shot Creator,0.48
202340,Avery Bradley,22100680448,Shot Chart Detail,22100680,448,1610612747,Los Angeles Lakers,3,5,10,Made Shot,Reverse Layup Shot,,Restricted Area,Center(C),Less Than 8 ft.,3,-13,29,1,1,20220119,LAL,IND,|1626169|1628370|201566|202340|2546,1,REG,,,2022,1627763,2.0,PG,Wing Stopper,-1.0,Bradley 3' Reverse Layup (5 PTS) (Johnson 1 AST),SG,Athletic Finisher,-2.49
2546,Carmelo Anthony,22100680454,Shot Chart Detail,22100680,454,1610612747,Los Angeles Lakers,3,4,33,Made Shot,Jump Shot,,Mid-Range,Center(C),8-16 ft.,14,-33,146,1,1,20220119,LAL,IND,|1626169|1628370|201566|202340|2546,0,REG,,,2022,1627763|1629052,1.0,,,,,PF,Versatile Big,-0.23
2546,Carmelo Anthony,22100680472,Shot Chart Detail,22100680,472,1610612747,Los Angeles Lakers,3,3,31,Made Shot,Turnaround Jump Shot,,Mid-Range,Left Side(L),8-16 ft.,12,-88,85,1,1,20220119,LAL,IND,|1626169|1628370|1629659|1630559|2546,1,REG,,,2022,1627763|1629052,2.0,,,,,PF,Versatile Big,-0.23
1628983,Shai Gilgeous-Alexander,2210089713,Shot Chart Detail,22100897,13,1610612760,Oklahoma City Thunder,1,11,18,Missed Shot,Driving Finger Roll Layup Shot,2PT Field Goal,Restricted Area,Center(C),Less Than 8 ft.,3,22,25,1,0,20220225,IND,OKC,|1628983|1629647|1629676|1630544|1630598,0,REG,,,2022,1627763,-2.0,PG,Wing Stopper,-1.0,Jackson BLOCK (1 BLK),PG,Shot Creator,1.74
1628983,Shai Gilgeous-Alexander,2210089727,Shot Chart Detail,22100897,27,1610612760,Oklahoma City Thunder,1,9,54,Made Shot,Pullup Jump shot,3PT Field Goal,Above the Break 3,Center(C),24+ ft.,25,70,246,1,1,20220225,IND,OKC,|1628983|1629647|1629676|1630544|1630598,0,REG,,,2022,1627763,-7.0,PG,Wing Stopper,-1.0,Gilgeous-Alexander 26' 3PT Pullup Jump Shot (3 PTS),PG,Shot Creator,1.74
1629676,Isaiah Roby,22100897208,Shot Chart Detail,22100897,208,1610612760,Oklahoma City Thunder,2,9,19,Made Shot,Driving Layup Shot,2PT Field Goal,Restricted Area,Center(C),Less Than 8 ft.,2,4,25,1,1,20220225,IND,OKC,|1629676|1630177|1630197|1630249|1630322,1,REG,,,2022,1627763,-1.0,PG,Wing Stopper,-1.0,Roby 3' Driving Layup (6 PTS) (Pokusevski 1 AST),PF,Stretch Big,-0.76
1630846,Olivier Sarr,22100897280,Shot Chart Detail,22100897,280,1610612760,Oklahoma City Thunder,2,4,31,Made Shot,Running Dunk Shot,,Restricted Area,Center(C),Less Than 8 ft.,1,18,-2,1,1,20220225,IND,OKC,|1630177|1630197|1630249|1630598|1630846,1,REG,,,2022,1627763,4.0,PG,Wing Stopper,-1.0,Sarr 2' Running Dunk (2 PTS) (Maledon 2 AST),C,Roll + Cut Big,-2.27
1628983,Shai Gilgeous-Alexander,22100897354,Shot Chart Detail,22100897,354,1610612760,Oklahoma City Thunder,2,0,0,Made Shot,Finger Roll Layup Shot,2PT Field Goal,Restricted Area,Center(C),Less Than 8 ft.,3,20,24,1,1,20220225,IND,OKC,|1628983|1629647|1630322|1630544|1630598,0,REG,,,2022,1627763,8.0,PG,Wing Stopper,-1.0,Gilgeous-Alexander 3' Finger Roll Layup (19 PTS),PG,Shot Creator,1.74
1629647,Darius Bazley,22100897399,Shot Chart Detail,22100897,399,1610612760,Oklahoma City Thunder,3,8,23,Missed Shot,Putback Layup Shot,,Restricted Area,Center(C),Less Than 8 ft.,2,21,1,1,0,20220225,IND,OKC,|1628983|1629647|1629676|1630544|1630598,0,REG,,,2022,1627741|1627763,1.0,,,,,PF,Athletic Finisher,-2.68
1628983,Shai Gilgeous-Alexander,22100897431,Shot Chart Detail,22100897,431,1610612760,Oklahoma City Thunder,3,6,10,Missed Shot,Step Back Jump shot,3PT Field Goal,Above the Break 3,Left Side Center(LC),24+ ft.,26,-151,217,1,0,20220225,IND,OKC,|1628983|1629647|1630544|1630598|1630846,0,REG,,,2022,1627763,1.0,PG,Wing Stopper,-1.0,MISS Gilgeous-Alexander 26' 3PT Step Back Jump Shot,PG,Shot Creator,1.74
1630322,Lindy Waters III,22100897463,Shot Chart Detail,22100897,463,1610612760,Oklahoma City Thunder,3,4,16,Missed Shot,Jump Shot,,Above the Break 3,Center(C),24+ ft.,26,-40,257,1,0,20220225,IND,OKC,|1628983|1629647|1630322|1630544|1630846,0,REG,,,2022,1627763,2.0,PG,Wing Stopper,-1.0,MISS Waters III 26' 3PT Jump Shot,SG,Movement Shooter,-0.31
1628983,Shai Gilgeous-Alexander,22100897499,Shot Chart Detail,22100897,499,1610612760,Oklahoma City Thunder,3,1,2,Missed Shot,Step Back Jump shot,3PT Field Goal,Above the Break 3,Right Side Center(RC),24+ ft.,25,194,158,1,0,20220225,IND,OKC,|1628983|1630177|1630197|1630322|1630846,0,REG,,,2022,1627763,1.0,PG,Wing Stopper,-1.0,MISS Gilgeous-Alexander 25' 3PT Step Back Jump Shot,PG,Shot Creator,1.74
1629057,Robert Williams III,221009147,Shot Chart Detail,22100914,7,1610612738,Boston Celtics,1,11,48,Missed Shot,Alley Oop Dunk Shot,,Restricted Area,Center(C),Less Than 8 ft.,2,6,29,1,0,20220227,IND,BOS,|1627759|1628369|1629057|1629684|203935,0,REG,,,2022,1630543|1627763,0.0,,,,,C,Roll + Cut Big,-0.23
1628369,Jayson Tatum,2210091426,Shot Chart Detail,22100914,26,1610612738,Boston Celtics,1,9,51,Made Shot,Fadeaway Jump Shot,,In The Paint (Non-RA),Center(C),Less Than 8 ft.,5,4,54,1,1,20220227,IND,BOS,|1627759|1628369|1629057|1629684|203935,0,REG,,,2022,1630543|1627763,3.0,,,,,SF,Shot Creator,3.33
1629057,Robert Williams III,2210091428,Shot Chart Detail,22100914,28,1610612738,Boston Celtics,1,9,20,Made Shot,Layup Shot,,Restricted Area,Center(C),Less Than 8 ft.,2,-16,12,1,1,20220227,IND,BOS,|1627759|1628369|1629057|1629684|203935,0,REG,,,2022,1627763,2.0,PG,Wing Stopper,-1.0,Williams III 2' Layup (2 PTS),C,Roll + Cut Big,-0.23
1627759,Jaylen Brown,2210091443,Shot Chart Detail,22100914,43,1610612738,Boston Celtics,1,7,56,Made Shot,Turnaround Fadeaway shot,2PT Field Goal,Mid-Range,Left Side(L),8-16 ft.,12,-118,44,1,1,20220227,IND,BOS,|1627759|1628401|1629057|1629684|203935,0,REG,,,2022,1627763,1.0,PG,Wing Stopper,-1.0,Brown 13' Turnaround Fadeaway (4 PTS),SF,Shot Creator,1.22
1627759,Jaylen Brown,2210091459,Shot Chart Detail,22100914,59,1610612738,Boston Celtics,1,6,48,Missed Shot,Turnaround Fadeaway shot,2PT Field Goal,In The Paint (Non-RA),Center(C),8-16 ft.,12,-50,113,1,0,20220227,IND,BOS,|1627759|1628401|1629057|1629684|203935,0,REG,,,2022,1627763,-3.0,PG,Wing Stopper,-1.0,MISS Brown 12' Turnaround Fadeaway Shot,SF,Shot Creator,1.22
1627759,Jaylen Brown,2210091478,Shot Chart Detail,22100914,78,1610612738,Boston Celtics,1,5,25,Made Shot,Cutting Layup Shot,2PT Field Goal,Restricted Area,Center(C),Less Than 8 ft.,1,-10,13,1,1,20220227,IND,BOS,|1627759|1628401|1629057|1629684|203935,1,REG,,,2022,1627763,-2.0,PG,Wing Stopper,-1.0,Brown 2' Cutting Layup Shot (6 PTS) (Williams III 1 AST),SF,Shot Creator,1.22
1628401,Derrick White,22100914176,Shot Chart Detail,22100914,176,1610612738,Boston Celtics,2,10,2,Missed Shot,Jump Shot,,Above the Break 3,Right Side Center(RC),24+ ft.,25,225,112,1,0,20220227,IND,BOS,|1628369|1628401|1628464|1629057|1630202,0,REG,,,2022,1627763,1.0,PG,Wing Stopper,-1.0,MISS White 25' 3PT Jump Shot,SG,Primary Ball Handler,0.57
1628369,Jayson Tatum,22100914283,Shot Chart Detail,22100914,283,1610612738,Boston Celtics,2,1,21,Made Shot,Jump Shot,,Left Corner 3,Left Side(L),24+ ft.,22,-225,20,1,1,20220227,IND,BOS,|1627759|1628369|1628401|1629057|203935,1,REG,,,2022,1627763,-8.0,PG,Wing Stopper,-1.0,Tatum 3PT Jump Shot (10 PTS) (Smart 4 AST),SF,Shot Creator,3.33
1627759,Jaylen Brown,22100914286,Shot Chart Detail,22100914,286,1610612738,Boston Celtics,2,1,1,Made Shot,Turnaround Jump Shot,2PT Field Goal,Restricted Area,Center(C),Less Than 8 ft.,2,-2,28,1,1,20220227,IND,BOS,|1627759|1628369|1628401|1629057|203935,1,REG,,,2022,1627763,-8.0,PG,Wing Stopper,-1.0,Brown 3' Turnaround Jump Shot (10 PTS) (Smart 5 AST),SF,Shot Creator,1.22
1627759,Jaylen Brown,22100914328,Shot Chart Detail,22100914,328,1610612738,Boston Celtics,3,10,18,Missed Shot,Cutting Layup Shot,2PT Field Goal,Restricted Area,Center(C),Less Than 8 ft.,3,-1,30,1,0,20220227,IND,BOS,|1627759|1628369|1629057|1629684|203935,0,REG,,,2022,1627763,-17.0,PG,Wing Stopper,-1.0,Jackson BLOCK (2 BLK),SF,Shot Creator,1.22
1628369,Jayson Tatum,22100914334,Shot Chart Detail,22100914,334,1610612738,Boston Celtics,3,9,51,Made Shot,Layup Shot,,Restricted Area,Center(C),Less Than 8 ft.,3,-1,30,1,1,20220227,IND,BOS,|1627759|1628369|1629057|1629684|203935,1,REG,,,2022,1627763,-15.0,PG,Wing Stopper,-1.0,Tatum 3' Layup (12 PTS) (Smart 6 AST),SF,Shot Creator,3.33
1629057,Robert Williams III,22100914370,Shot Chart Detail,22100914,370,1610612738,Boston Celtics,3,7,32,Missed Shot,Tip Layup Shot,,Restricted Area,Center(C),Less Than 8 ft.,0,0,0,1,0,20220227,IND,BOS,|1627759|1628369|1629057|1629684|203935,0,REG,,,2022,1627763|1630169,-13.0,,,,,C,Roll + Cut Big,-0.23
1629057,Robert Williams III,22100914372,Shot Chart Detail,22100914,372,1610612738,Boston Celtics,3,7,30,Missed Shot,Jump Shot,,Restricted Area,Center(C),Less Than 8 ft.,3,-20,32,1,0,20220227,IND,BOS,|1627759|1628369|1629057|1629684|203935,0,REG,,,2022,1627763|1630169,-13.0,,,,,C,Roll + Cut Big,-0.23
1628369,Jayson Tatum,22100914383,Shot Chart Detail,22100914,383,1610612738,Boston Celtics,3,7,5,Missed Shot,Jump Shot,,Above the Break 3,Left Side Center(LC),24+ ft.,24,-183,169,1,0,20220227,IND,BOS,|1627759|1628369|1629057|1629684|203935,0,REG,,,2022,1627763,-13.0,PG,Wing Stopper,-1.0,MISS Tatum 25' 3PT Jump Shot,SF,Shot Creator,3.33
1627759,Jaylen Brown,22100914461,Shot Chart Detail,22100914,461,1610612738,Boston Celtics,3,2,39,Made Shot,Running Finger Roll Layup Shot,2PT Field Goal,Restricted Area,Center(C),Less Than 8 ft.,2,25,6,1,1,20220227,IND,BOS,|1627759|1628369|1628401|1628464|203935,0,REG,,,2022,1627763,-7.0,PG,Wing Stopper,-1.0,Brown 3' Running Finger Roll Layup (20 PTS),SF,Shot Creator,1.22
1630532,Franz Wagner,221009337,Shot Chart Detail,22100933,7,1610612753,Orlando Magic,1,11,41,Missed Shot,Cutting Layup Shot,,In The Paint (Non-RA),Center(C),Less Than 8 ft.,4,-39,13,1,0,20220302,ORL,IND,|1628964|1628976|1630175|1630532|1630591,0,REG,,,2022,1627763|1630169,0.0,,,,,SF,Secondary Ball Handler,-0.51
1630532,Franz Wagner,2210093311,Shot Chart Detail,22100933,11,1610612753,Orlando Magic,1,11,16,Made Shot,Driving Layup Shot,,Restricted Area,Center(C),Less Than 8 ft.,3,-5,31,1,1,20220302,ORL,IND,|1628964|1628976|1630175|1630532|1630591,0,REG,,,2022,1627763,0.0,PG,Wing Stopper,-1.0,Wagner 3' Driving Layup (2 PTS),SF,Secondary Ball Handler,-0.51
1630532,Franz Wagner,2210093327,Shot Chart Detail,22100933,27,1610612753,Orlando Magic,1,9,37,Missed Shot,Driving Layup Shot,,Restricted Area,Center(C),Less Than 8 ft.,2,-27,13,1,0,20220302,ORL,IND,|1628964|1628976|1630175|1630532|1630591,0,REG,,,2022,1627763,3.0,PG,Wing Stopper,-1.0,MISS Wagner 3' Driving Layup,SF,Secondary Ball Handler,-0.51
1628976,Wendell Carter Jr.,2210093342,Shot Chart Detail,22100933,42,1610612753,Orlando Magic,1,8,17,Made Shot,Driving Dunk Shot,,Restricted Area,Center(C),Less Than 8 ft.,0,5,0,1,1,20220302,ORL,IND,|1628964|1628976|1630175|1630532|1630591,1,REG,,,2022,1627763,5.0,PG,Wing Stopper,-1.0,Carter Jr. 1' Driving Dunk (3 PTS) (Wagner 1 AST),PF,Stretch Big,-0.83
1628365,Markelle Fultz,22100933197,Shot Chart Detail,22100933,197,1610612753,Orlando Magic,2,10,21,Made Shot,Cutting Layup Shot,2PT Field Goal,Restricted Area,Center(C),Less Than 8 ft.,1,-18,1,1,1,20220302,ORL,IND,|1628365|1628976|1629643|203082|203914,1,REG,,,2022,202362|1627763,8.0,,,,,PG,Slasher,0.11
1630532,Franz Wagner,22100933304,Shot Chart Detail,22100933,304,1610612753,Orlando Magic,2,2,37,Made Shot,Driving Floating Jump Shot,,In The Paint (Non-RA),Center(C),Less Than 8 ft.,7,2,72,1,1,20220302,ORL,IND,|1628964|1630175|1630181|1630532|1630591,1,REG,,,2022,1627763,5.0,PG,Wing Stopper,-1.0,Wagner 7' Driving Floating Jump Shot (7 PTS) (Anthony 4 AST),SF,Secondary Ball Handler,-0.51
1630591,Jalen Suggs,22100933325,Shot Chart Detail,22100933,325,1610612753,Orlando Magic,2,1,55,Missed Shot,Step Back Jump shot,,Mid-Range,Right Side(R),8-16 ft.,15,96,124,1,0,20220302,ORL,IND,|1628964|1630175|1630181|1630532|1630591,0,REG,,,2022,1627763,4.0,PG,Wing Stopper,-1.0,MISS Suggs 16' Step Back Jump Shot,PG,Primary Ball Handler,-2.47
1630532,Franz Wagner,22100933359,Shot Chart Detail,22100933,359,1610612753,Orlando Magic,3,10,29,Missed Shot,Pullup Jump shot,,Above the Break 3,Center(C),24+ ft.,26,-11,268,1,0,20220302,ORL,IND,|1628964|1628976|1630175|1630532|1630591,0,REG,,,2022,1627763,5.0,PG,Wing Stopper,-1.0,MISS Wagner 27' 3PT Pullup Jump Shot,SF,Secondary Ball Handler,-0.51
1630175,Cole Anthony,22100933369,Shot Chart Detail,22100933,369,1610612753,Orlando Magic,3,9,22,Made Shot,Jump Shot,,Mid-Range,Right Side(R),16-24 ft.,16,135,89,1,1,20220302,ORL,IND,|1628964|1628976|1630175|1630532|1630591,0,REG,,,2022,1627763,9.0,PG,Wing Stopper,-1.0,Anthony 16' Jump Shot (5 PTS),PG,Primary Ball Handler,-0.54
1630532,Franz Wagner,22100933386,Shot Chart Detail,22100933,386,1610612753,Orlando Magic,3,7,30,Made Shot,Jump Shot,,Left Corner 3,Left Side(L),24+ ft.,24,-235,64,1,1,20220302,ORL,IND,|1628964|1628976|1630175|1630532|1630591,1,REG,,,2022,1627763,14.0,PG,Wing Stopper,-1.0,Wagner 24' 3PT Jump Shot (22 PTS) (Carter Jr. 5 AST),SF,Secondary Ball Handler,-0.51
1629678,Admiral Schofield,22100933501,Shot Chart Detail,22100933,501,1610612753,Orlando Magic,4,11,45,Missed Shot,Jump Shot,,Above the Break 3,Right Side Center(RC),24+ ft.,25,188,173,1,0,20220302,ORL,IND,|1628365|1629643|1629678|1630181|203082,0,REG,,,2022,1627763,15.0,PG,Wing Stopper,-1.0,MISS Schofield 26' 3PT Jump Shot,SF,Stationary Shooter,-2.46
203082,Terrence Ross,22100933518,Shot Chart Detail,22100933,518,1610612753,Orlando Magic,4,10,12,Missed Shot,Jump Shot,,Above the Break 3,Right Side Center(RC),24+ ft.,25,142,214,1,0,20220302,ORL,IND,|1628365|1629643|1629678|1630181|203082,0,REG,,,2022,1627763,12.0,PG,Wing Stopper,-1.0,MISS Ross 26' 3PT Jump Shot,SG,Off Screen Shooter,-1.43
1630532,Franz Wagner,22100933594,Shot Chart Detail,22100933,594,1610612753,Orlando Magic,4,5,11,Missed Shot,Driving Floating Jump Shot,,In The Paint (Non-RA),Center(C),Less Than 8 ft.,7,-42,67,1,0,20220302,ORL,IND,|1628964|1628976|1630175|1630532|1630591,0,REG,,,2022,1627763,1.0,PG,Wing Stopper,-1.0,MISS Wagner 8' Driving Floating Jump Shot,SF,Secondary Ball Handler,-0.51
1630175,Cole Anthony,22100933598,Shot Chart Detail,22100933,598,1610612753,Orlando Magic,4,4,35,Missed Shot,Driving Hook Shot,,In The Paint (Non-RA),Center(C),Less Than 8 ft.,4,38,32,1,0,20220302,ORL,IND,|1628964|1628976|1630175|1630532|1630591,0,REG,,,2022,1627763,-2.0,PG,Wing Stopper,-1.0,MISS Anthony 5' Driving Hook Shot,PG,Primary Ball Handler,-0.54
1628964,Mo Bamba,22100933619,Shot Chart Detail,22100933,619,1610612753,Orlando Magic,4,3,42,Made Shot,Tip Layup Shot,2PT Field Goal,Restricted Area,Center(C),Less Than 8 ft.,0,0,0,1,1,20220302,ORL,IND,|1628964|1628976|1630175|1630532|1630591,0,REG,,,2022,1630188|1627763,0.0,,,,,C,Stretch Big,-2.33
1630532,Franz Wagner,22100933627,Shot Chart Detail,22100933,627,1610612753,Orlando Magic,4,2,20,Made Shot,Driving Floating Jump Shot,,In The Paint (Non-RA),Center(C),Less Than 8 ft.,4,29,31,1,1,20220302,ORL,IND,|1628964|1628976|1630175|1630532|1630591,0,REG,,,2022,1627763,2.0,PG,Wing Stopper,-1.0,Wagner 4' Driving Floating Jump Shot (28 PTS),SF,Secondary Ball Handler,-0.51
1628964,Mo Bamba,22100933659,Shot Chart Detail,22100933,659,1610612753,Orlando Magic,4,0,5,Made Shot,Tip Layup Shot,2PT Field Goal,Restricted Area,Center(C),Less Than 8 ft.,0,0,0,1,1,20220302,ORL,IND,|1628964|1628976|1630175|1630532|1630591,0,REG,,,2022,1627763|1629052,0.0,,,,,C,Stretch Big,-2.33
1630591,Jalen Suggs,22100933736,Shot Chart Detail,22100933,736,1610612753,Orlando Magic,5,0,17,Missed Shot,Pullup Jump shot,,Above the Break 3,Right Side Center(RC),24+ ft.,27,147,231,1,0,20220302,ORL,IND,|1628964|1628976|1630175|1630532|1630591,0,REG,,,2022,1627763,-8.0,PG,Wing Stopper,-1.0,MISS Suggs 27' 3PT Pullup Jump Shot,PG,Primary Ball Handler,-2.47
203924,Jerami Grant,2210094620,Shot Chart Detail,22100946,20,1610612765,Detroit Pistons,1,10,48,Made Shot,Pullup Jump shot,,Mid-Range,Right Side(R),8-16 ft.,15,156,11,1,1,20220304,DET,IND,|1630180|1630191|1630595|202709|203924,1,REG,,,2022,1627763,-2.0,PG,Wing Stopper,-1.0,Grant 16' Pullup Jump Shot (2 PTS) (Cunningham 1 AST),PF,Shot Creator,0.23
1630595,Cade Cunningham,2210094662,Shot Chart Detail,22100946,62,1610612765,Detroit Pistons,1,7,25,Made Shot,Jump Shot,,Left Corner 3,Left Side(L),24+ ft.,23,-232,1,1,1,20220304,DET,IND,|1630180|1630191|1630595|202709|203924,1,REG,,,2022,1627763,0.0,PG,Wing Stopper,-1.0,Cunningham 3PT Jump Shot (5 PTS) (Grant 2 AST),SG,Primary Ball Handler,-1.38
203482,Kelly Olynyk,22100946213,Shot Chart Detail,22100946,213,1610612765,Detroit Pistons,2,9,12,Missed Shot,Driving Layup Shot,,Restricted Area,Center(C),Less Than 8 ft.,2,-4,21,1,0,20220304,DET,IND,|1628963|1628977|1630165|203482|203585,0,REG,,,2022,1627763|1629052,12.0,,,,,C,Versatile Big,0.57
1630191,Isaiah Stewart,22100946392,Shot Chart Detail,22100946,392,1610612765,Detroit Pistons,3,9,3,Missed Shot,Tip Layup Shot,,Restricted Area,Center(C),Less Than 8 ft.,0,0,0,1,0,20220304,DET,IND,|1630180|1630191|1630595|202709|203924,0,REG,,,2022,1630543|1627763|1629052,5.0,,,,,C,Roll + Cut Big,-2.14
1630180,Saddiq Bey,22100946454,Shot Chart Detail,22100946,454,1610612765,Detroit Pistons,3,4,19,Missed Shot,Driving Floating Bank Jump Shot,,Restricted Area,Center(C),Less Than 8 ft.,3,34,13,1,0,20220304,DET,IND,|1628963|1630165|1630180|203482|203585,0,REG,,,2022,1627763,-1.0,PG,Wing Stopper,-1.0,MISS Bey 4' Driving Floating Bank Jump Shot,SF,Shot Creator,-0.03
203585,Rodney McGruder,22100946456,Shot Chart Detail,22100946,456,1610612765,Detroit Pistons,3,4,14,Missed Shot,Jump Shot,,Above the Break 3,Right Side Center(RC),24+ ft.,26,173,204,1,0,20220304,DET,IND,|1628963|1630165|1630180|203482|203585,0,REG,,,2022,1627763|1630678,-1.0,,,,,SG,Athletic Finisher,-0.71
1628963,Marvin Bagley III,22100946474,Shot Chart Detail,22100946,474,1610612765,Detroit Pistons,3,2,54,Made Shot,Floating Jump shot,2PT Field Goal,In The Paint (Non-RA),Center(C),Less Than 8 ft.,5,12,55,1,1,20220304,DET,IND,|1628963|1630165|1630180|203482|203585,0,REG,,,2022,1627763,2.0,PG,Wing Stopper,-1.0,Bagley III 6' Floating Jump Shot (14 PTS),PF,Roll + Cut Big,0.27
1630595,Cade Cunningham,22100946689,Shot Chart Detail,22100946,689,1610612765,Detroit Pistons,4,0,37,Missed Shot,Turnaround Fadeaway shot,,In The Paint (Non-RA),Center(C),8-16 ft.,10,-42,98,1,0,20220304,DET,IND,|1630180|1630191|1630595|202709|203924,0,REG,,,2022,1627763,1.0,PG,Wing Stopper,-1.0,MISS Cunningham 11' Turnaround Fadeaway Shot,SG,Primary Ball Handler,-1.38
1630166,Deni Avdija,22100963145,Shot Chart Detail,22100963,145,1610612764,Washington Wizards,1,0,20,Missed Shot,Jump Shot,,Above the Break 3,Left Side Center(LC),24+ ft.,25,-184,174,1,0,20220306,WAS,IND,|1629060|1629655|1630166|1630557|202397,0,REG,,,2022,1627763,4.0,PG,Wing Stopper,-1.0,MISS Avdija 25' 3PT Jump Shot,SF,Athletic Finisher,-0.89
203107,Tomas Satoransky,22100963209,Shot Chart Detail,22100963,209,1610612764,Washington Wizards,2,7,18,Missed Shot,Jump Shot,,Right Corner 3,Right Side(R),24+ ft.,23,233,12,1,0,20220306,WAS,IND,|1629060|1630557|202397|203107|204001,0,REG,,,2022,1627763,-2.0,PG,Wing Stopper,-1.0,MISS Satoransky 3PT Jump Shot,SG-PG-SF,Primary Ball Handler,-1.47
203484,Kentavious Caldwell-Pope,22100963286,Shot Chart Detail,22100963,286,1610612764,Washington Wizards,2,2,16,Made Shot,Jump Shot,,Above the Break 3,Center(C),24+ ft.,25,71,248,1,1,20220306,WAS,IND,|1628398|1630166|1630264|203484|203526,1,REG,,,2022,1627763,-4.0,PG,Wing Stopper,-1.0,Caldwell-Pope 26' 3PT Jump Shot (8 PTS) (Avdija 1 AST),SG,Movement Shooter,-1.19
203484,Kentavious Caldwell-Pope,22100963303,Shot Chart Detail,22100963,303,1610612764,Washington Wizards,2,0,58,Missed Shot,Jump Shot,,Above the Break 3,Right Side Center(RC),24+ ft.,26,237,115,1,0,20220306,WAS,IND,|1628398|1630166|1630264|202397|203484,0,REG,,,2022,1627763,-4.0,PG,Wing Stopper,-1.0,MISS Caldwell-Pope 26' 3PT Jump Shot,SG,Movement Shooter,-1.19
203484,Kentavious Caldwell-Pope,22100963324,Shot Chart Detail,22100963,324,1610612764,Washington Wizards,3,11,37,Made Shot,Pullup Jump shot,,Mid-Range,Center(C),16-24 ft.,17,1,176,1,1,20220306,WAS,IND,|1628398|1630557|202397|203484|204001,1,REG,,,2022,1627763,-2.0,PG,Wing Stopper,-1.0,Caldwell-Pope 18' Pullup Jump Shot (10 PTS) (Smith 5 AST),SG,Movement Shooter,-1.19
203484,Kentavious Caldwell-Pope,22100963342,Shot Chart Detail,22100963,342,1610612764,Washington Wizards,3,10,19,Missed Shot,Jump Shot,,Above the Break 3,Left Side Center(LC),24+ ft.,25,-200,164,1,0,20220306,WAS,IND,|1628398|1630557|202397|203484|204001,0,REG,,,2022,1627763,1.0,PG,Wing Stopper,-1.0,MISS Caldwell-Pope 26' 3PT Jump Shot,SG,Movement Shooter,-1.19
1628398,Kyle Kuzma,22100963391,Shot Chart Detail,22100963,391,1610612764,Washington Wizards,3,6,15,Missed Shot,Layup Shot,2PT Field Goal,In The Paint (Non-RA),Center(C),Less Than 8 ft.,4,-43,20,1,0,20220306,WAS,IND,|1628398|1629655|1630557|202397|203484,0,REG,,,2022,1627763|1629052,5.0,,,,,PF,Movement Shooter,-0.74
1630166,Deni Avdija,22100963433,Shot Chart Detail,22100963,433,1610612764,Washington Wizards,3,3,17,Made Shot,Running Layup Shot,,Restricted Area,Center(C),Less Than 8 ft.,2,25,14,1,1,20220306,WAS,IND,|1628398|1629655|1630166|203107|203484,1,REG,,,2022,1627763,7.0,PG,Wing Stopper,-1.0,Avdija 3' Running Layup (4 PTS) (Kuzma 6 AST),SF,Athletic Finisher,-0.89
1628398,Kyle Kuzma,22100963484,Shot Chart Detail,22100963,484,1610612764,Washington Wizards,3,0,1,Missed Shot,Fadeaway Jump Shot,2PT Field Goal,Mid-Range,Right Side Center(RC),16-24 ft.,17,134,115,1,0,20220306,WAS,IND,|1628398|1629060|1630166|1630264|203107,0,REG,,,2022,1627763,9.0,PG,Wing Stopper,-1.0,MISS Kuzma 18' Fadeaway Jumper,PF,Movement Shooter,-0.74
1630557,Corey Kispert,22100963494,Shot Chart Detail,22100963,494,1610612764,Washington Wizards,4,11,36,Missed Shot,Jump Shot,,Above the Break 3,Left Side Center(LC),24+ ft.,25,-229,116,1,0,20220306,WAS,IND,|1629060|1630166|1630557|203107|204001,0,REG,,,2022,1627763,9.0,PG,Wing Stopper,-1.0,MISS Kispert 26' 3PT Jump Shot,SF,Movement Shooter,-0.59
1629636,Darius Garland,2210097627,Shot Chart Detail,22100976,27,1610612739,Cleveland Cavaliers,1,10,26,Missed Shot,Step Back Jump shot,,Left Corner 3,Left Side(L),24+ ft.,23,-233,37,1,0,20220308,IND,CLE,|1628374|1629636|1629731|1630171|1630596,0,REG,,,2022,1627763,1.0,PG,Wing Stopper,-1.0,MISS Garland 24' 3PT Step Back Jump Shot,PG,Primary Ball Handler,2.04
1626224,Cedi Osman,22100976192,Shot Chart Detail,22100976,192,1610612739,Cleveland Cavaliers,1,0,7,Missed Shot,Jump Shot,3PT Field Goal,Above the Break 3,Left Side Center(LC),24+ ft.,24,-222,98,1,0,20220308,IND,CLE,|1626224|1628374|1629636|1630596|201567,0,REG,,,2022,1627763,6.0,PG,Wing Stopper,-1.0,MISS Osman 24' 3PT Jump Shot,SF,Movement Shooter,-0.82
1626224,Cedi Osman,22100976219,Shot Chart Detail,22100976,219,1610612739,Cleveland Cavaliers,2,10,26,Missed Shot,Jump Shot,3PT Field Goal,Above the Break 3,Left Side Center(LC),24+ ft.,27,-121,252,1,0,20220308,IND,CLE,|1626224|1629636|1630171|1630596|201567,0,REG,,,2022,1627763,7.0,PG,Wing Stopper,-1.0,MISS Osman 28' 3PT Jump Shot,SF,Movement Shooter,-0.82
1629636,Darius Garland,22100976243,Shot Chart Detail,22100976,243,1610612739,Cleveland Cavaliers,2,9,2,Missed Shot,Driving Finger Roll Layup Shot,2PT Field Goal,In The Paint (Non-RA),Center(C),Less Than 8 ft.,4,1,47,1,0,20220308,IND,CLE,|1629636|1629731|1630171|1630596|201567,0,REG,,,2022,1627763|1630543,3.0,,,,,PG,Primary Ball Handler,2.04
1630171,Isaac Okoro,22100976247,Shot Chart Detail,22100976,247,1610612739,Cleveland Cavaliers,2,8,41,Made Shot,Driving Finger Roll Layup Shot,,Restricted Area,Center(C),Less Than 8 ft.,0,-6,6,1,1,20220308,IND,CLE,|1629636|1629731|1630171|1630596|201567,0,REG,,,2022,1627763,2.0,PG,Wing Stopper,-1.0,Okoro 1' Driving Finger Roll Layup (2 PTS),SF,Athletic Finisher,-0.76
1630171,Isaac Okoro,22100976354,Shot Chart Detail,22100976,354,1610612739,Cleveland Cavaliers,2,0,52,Made Shot,Driving Finger Roll Layup Shot,,Restricted Area,Center(C),Less Than 8 ft.,0,-2,-1,1,1,20220308,IND,CLE,|1628374|1629636|1629731|1630171|1630596,1,REG,,,2022,1627763,4.0,PG,Wing Stopper,-1.0,Okoro Driving Finger Roll Layup (7 PTS) (Markkanen 1 AST),SF,Athletic Finisher,-0.76
1629731,Dean Wade,22100976404,Shot Chart Detail,22100976,404,1610612739,Cleveland Cavaliers,3,8,32,Missed Shot,Jump Shot,,Above the Break 3,Left Side Center(LC),24+ ft.,25,-224,131,1,0,20220308,IND,CLE,|1628374|1629636|1629731|1630171|1630596,0,REG,,,2022,1627763,-2.0,PG,Wing Stopper,-1.0,MISS Wade 26' 3PT Jump Shot,PF,Athletic Finisher,-1.57
1628374,Lauri Markkanen,22100976433,Shot Chart Detail,22100976,433,1610612739,Cleveland Cavaliers,3,5,56,Made Shot,Cutting Layup Shot,2PT Field Goal,Restricted Area,Center(C),Less Than 8 ft.,0,1,1,1,1,20220308,IND,CLE,|1628374|1629636|1629731|1630171|1630596,1,REG,,,2022,1627763|1630543,-2.0,,,,,SF,Athletic Finisher,0.65
1630171,Isaac Okoro,22100976440,Shot Chart Detail,22100976,440,1610612739,Cleveland Cavaliers,3,5,33,Made Shot,Running Layup Shot,,Restricted Area,Center(C),Less Than 8 ft.,1,11,6,1,1,20220308,IND,CLE,|1628374|1629636|1629731|1630171|1630596,1,REG,,,2022,1627763|1627741,0.0,,,,,SF,Athletic Finisher,-0.76
1629636,Darius Garland,22100976448,Shot Chart Detail,22100976,448,1610612739,Cleveland Cavaliers,3,4,57,Made Shot,Running Finger Roll Layup Shot,,Restricted Area,Center(C),Less Than 8 ft.,1,-4,13,1,1,20220308,IND,CLE,|1628374|1629636|1629731|1630171|1630596,0,REG,,,2022,1627763|1630169,0.0,,,,,PG,Primary Ball Handler,2.04
1629636,Darius Garland,22100976558,Shot Chart Detail,22100976,558,1610612739,Cleveland Cavaliers,4,10,31,Made Shot,Running Pull-Up Jump Shot,3PT Field Goal,Above the Break 3,Right Side Center(RC),24+ ft.,27,97,262,1,1,20220308,IND,CLE,|1629636|1629731|1630171|1630205|1630596,0,REG,,,2022,1627763,-1.0,PG,Wing Stopper,-1.0,Garland 28' 3PT Running Pull-Up Jump Shot (23 PTS),PG,Primary Ball Handler,2.04
1628374,Lauri Markkanen,22100976609,Shot Chart Detail,22100976,609,1610612739,Cleveland Cavaliers,4,5,39,Missed Shot,Hook Shot,2PT Field Goal,In The Paint (Non-RA),Center(C),Less Than 8 ft.,4,-28,31,1,0,20220308,IND,CLE,|1628374|1629636|1629731|1630171|1630205,0,REG,,,2022,1627763,3.0,PG,Wing Stopper,-1.0,MISS Markkanen 4' Hook Shot,SF,Athletic Finisher,0.65
1628374,Lauri Markkanen,22100976611,Shot Chart Detail,22100976,611,1610612739,Cleveland Cavaliers,4,5,35,Made Shot,Tip Layup Shot,2PT Field Goal,Restricted Area,Center(C),Less Than 8 ft.,0,0,0,1,1,20220308,IND,CLE,|1628374|1629636|1629731|1630171|1630205,0,REG,,,2022,1627763,5.0,PG,Wing Stopper,-1.0,Markkanen Tip Layup Shot (21 PTS),SF,Athletic Finisher,0.65
1629636,Darius Garland,22100976620,Shot Chart Detail,22100976,620,1610612739,Cleveland Cavaliers,4,5,20,Made Shot,Cutting Layup Shot,,Restricted Area,Center(C),Less Than 8 ft.,0,1,6,1,1,20220308,IND,CLE,|1628374|1629636|1629731|1630171|1630596,1,REG,,,2022,1627763,7.0,PG,Wing Stopper,-1.0,Garland 1' Cutting Layup Shot (34 PTS) (Wade 1 AST),PG,Primary Ball Handler,2.04
1630596,Evan Mobley,22100976647,Shot Chart Detail,22100976,647,1610612739,Cleveland Cavaliers,4,3,8,Missed Shot,Turnaround Jump Shot,,In The Paint (Non-RA),Center(C),Less Than 8 ft.,4,-1,49,1,0,20220308,IND,CLE,|1628374|1629636|1629731|1630205|1630596,0,REG,,,2022,1627763|1630188,5.0,,,,,PF,Shot Creator,-0.79
1630596,Evan Mobley,22100976674,Shot Chart Detail,22100976,674,1610612739,Cleveland Cavaliers,4,1,16,Missed Shot,Turnaround Jump Shot,,Mid-Range,Right Side(R),8-16 ft.,13,130,2,1,0,20220308,IND,CLE,|1628374|1629636|1629731|1630171|1630596,0,REG,,,2022,1627763,0.0,PG,Wing Stopper,-1.0,MISS Mobley 13' Turnaround Jump Shot,PF,Shot Creator,-0.79
1630596,Evan Mobley,22100976684,Shot Chart Detail,22100976,684,1610612739,Cleveland Cavaliers,4,0,33,Made Shot,Tip Layup Shot,,Restricted Area,Center(C),Less Than 8 ft.,0,0,0,1,1,20220308,IND,CLE,|1628374|1629636|1629731|1630171|1630596,0,REG,,,2022,1627763,0.0,PG,Wing Stopper,-1.0,Mobley Tip Layup Shot (22 PTS),PF,Shot Creator,-0.79
1628415,Dillon Brooks,2210102975,Shot Chart Detail,22101029,75,1610612763,Memphis Grizzlies,1,7,17,Missed Shot,Floating Jump shot,,In The Paint (Non-RA),Center(C),8-16 ft.,8,1,85,1,0,20220315,IND,MEM,|1626145|1628415|1628991|1630217|203500,0,REG,,,2022,1627763,2.0,PG,Wing Stopper,-1.0,MISS Brooks 9' Floating Jump Shot,SF,Shot Creator,0.45
1628991,Jaren Jackson Jr.,22101029196,Shot Chart Detail,22101029,196,1610612763,Memphis Grizzlies,2,11,33,Made Shot,Turnaround Jump Shot,,In The Paint (Non-RA),Center(C),Less Than 8 ft.,7,-36,67,1,1,20220315,IND,MEM,|1628415|1628991|1629634|1629723|1630217,0,REG,,,2022,1627763,9.0,PG,Wing Stopper,-1.0,Jackson Jr. 8' Turnaround Jump Shot (5 PTS),PF,Movement Shooter,0.7
1628415,Dillon Brooks,22101029222,Shot Chart Detail,22101029,222,1610612763,Memphis Grizzlies,2,8,58,Made Shot,Driving Finger Roll Layup Shot,2PT Field Goal,Restricted Area,Center(C),Less Than 8 ft.,2,22,12,1,1,20220315,IND,MEM,|1628415|1628991|1629634|1629723|1630217,1,REG,,,2022,202362|1627763,11.0,,,,,SF,Shot Creator,0.45
1629001,De'Anthony Melton,22101029333,Shot Chart Detail,22101029,333,1610612763,Memphis Grizzlies,2,1,31,Made Shot,Running Jump Shot,,Above the Break 3,Right Side Center(RC),24+ ft.,25,132,223,1,1,20220315,IND,MEM,|1626145|1629001|1630533|203500|203937,1,REG,,,2022,1627763,24.0,PG,Wing Stopper,-1.0,Melton 26' 3PT Running Jump Shot (8 PTS) (Jones 7 AST),SG,Movement Shooter,0.0
1629001,De'Anthony Melton,22101029337,Shot Chart Detail,22101029,337,1610612763,Memphis Grizzlies,2,1,9,Missed Shot,Driving Layup Shot,,In The Paint (Non-RA),Center(C),Less Than 8 ft.,4,40,25,1,0,20220315,IND,MEM,|1626145|1629001|1630533|203500|203937,0,REG,,,2022,1627763,24.0,PG,Wing Stopper,-1.0,Taylor BLOCK (1 BLK),SG,Movement Shooter,0.0
1630533,Ziaire Williams,22101029346,Shot Chart Detail,22101029,346,1610612763,Memphis Grizzlies,2,0,31,Missed Shot,Jump Shot,,Left Corner 3,Left Side(L),24+ ft.,23,-233,18,1,0,20220315,IND,MEM,|1626145|1629001|1630533|203500|203937,0,REG,,,2022,1627763,25.0,PG,Wing Stopper,-1.0,MISS Williams 3PT Jump Shot,SF,Movement Shooter,-1.15
1628415,Dillon Brooks,22101029448,Shot Chart Detail,22101029,448,1610612763,Memphis Grizzlies,3,6,27,Missed Shot,Pullup Jump shot,,Above the Break 3,Center(C),24+ ft.,27,-54,268,1,0,20220315,IND,MEM,|1626145|1628415|1628991|1630217|203500,0,REG,,,2022,1627763|1630169,35.0,,,,,SF,Shot Creator,0.45
1628415,Dillon Brooks,22101029452,Shot Chart Detail,22101029,452,1610612763,Memphis Grizzlies,3,5,46,Missed Shot,Driving Floating Jump Shot,,Mid-Range,Left Side(L),8-16 ft.,10,-92,45,1,0,20220315,IND,MEM,|1626145|1628415|1628991|1630217|203500,0,REG,,,2022,1627763,33.0,PG,Wing Stopper,-1.0,MISS Brooks 10' Driving Floating Jump Shot,SF,Shot Creator,0.45
1628415,Dillon Brooks,22101029640,Shot Chart Detail,22101029,640,1610612763,Memphis Grizzlies,4,7,41,Missed Shot,Jump Shot,3PT Field Goal,Above the Break 3,Right Side Center(RC),24+ ft.,25,156,201,1,0,20220315,IND,MEM,|1628415|1629001|1629634|1629723|203937,0,REG,,,2022,1627763,36.0,PG,Wing Stopper,-1.0,MISS Brooks 25' 3PT Jump Shot,SF,Shot Creator,0.45
1629645,Kevin Porter Jr.,2210105363,Shot Chart Detail,22101053,63,1610612745,Houston Rockets,1,6,26,Missed Shot,Step Back Jump shot,,Mid-Range,Left Side Center(LC),16-24 ft.,20,-114,174,1,0,20220318,HOU,IND,|1626174|1629645|1629726|1630224|1630256,0,REG,,,2022,1627763,4.0,PG,Wing Stopper,-1.0,MISS Porter Jr. 21' Step Back Jump Shot,PG,Shot Creator,-1.06
1626174,Christian Wood,22101053108,Shot Chart Detail,22101053,108,1610612745,Houston Rockets,1,3,2,Missed Shot,Turnaround Hook Shot,2PT Field Goal,In The Paint (Non-RA),Center(C),Less Than 8 ft.,6,-44,52,1,0,20220318,HOU,IND,|1626174|1629645|1630224|1630578|203471,0,REG,,,2022,1627763,2.0,PG,Wing Stopper,-1.0,MISS Wood 7' Turnaround Hook Shot,C,Shot Creator,0.22
1630224,Jalen Green,22101053275,Shot Chart Detail,22101053,275,1610612745,Houston Rockets,2,5,15,Missed Shot,Driving Finger Roll Layup Shot,,Restricted Area,Center(C),Less Than 8 ft.,1,-10,4,1,0,20220318,HOU,IND,|1626174|1629645|1630224|1630256|1630528,0,REG,,,2022,1627763,-6.0,PG,Wing Stopper,-1.0,MISS Green 1' Driving Finger Roll Layup,SG,Secondary Ball Handler,-1.0
1629645,Kevin Porter Jr.,22101053281,Shot Chart Detail,22101053,281,1610612745,Houston Rockets,2,4,54,Missed Shot,Driving Layup Shot,,Restricted Area,Center(C),Less Than 8 ft.,1,-4,15,1,0,20220318,HOU,IND,|1626174|1629645|1630224|1630256|1630528,0,REG,,,2022,1627763,-6.0,PG,Wing Stopper,-1.0,MISS Porter Jr. 2' Driving Layup,PG,Shot Creator,-1.06
1630256,Jae'Sean Tate,22101053372,Shot Chart Detail,22101053,372,1610612745,Houston Rockets,3,9,46,Made Shot,Tip Layup Shot,,Restricted Area,Center(C),Less Than 8 ft.,0,0,0,1,1,20220318,HOU,IND,|1626174|1629645|1629726|1630224|1630256,0,REG,,,2022,1627741|1627763,3.0,,,,,PF,Athletic Finisher,-0.66
1629645,Kevin Porter Jr.,22101053396,Shot Chart Detail,22101053,396,1610612745,Houston Rockets,3,7,18,Made Shot,Driving Finger Roll Layup Shot,,Restricted Area,Center(C),Less Than 8 ft.,1,-15,6,1,1,20220318,HOU,IND,|1626174|1629645|1629726|1630224|1630256,0,REG,,,2022,1627763,5.0,PG,Wing Stopper,-1.0,Porter Jr. 2' Driving Finger Roll Layup (12 PTS),PG,Shot Creator,-1.06
1630224,Jalen Green,22101053441,Shot Chart Detail,22101053,441,1610612745,Houston Rockets,3,4,10,Made Shot,Jump Shot,,Above the Break 3,Right Side Center(RC),24+ ft.,27,205,180,1,1,20220318,HOU,IND,|1626174|1629645|1630224|1630578|203471,1,REG,,,2022,1627763,5.0,PG,Wing Stopper,-1.0,Green 27' 3PT Jump Shot (14 PTS) (Wood 6 AST),SG,Secondary Ball Handler,-1.0
1629645,Kevin Porter Jr.,22101053661,Shot Chart Detail,22101053,661,1610612745,Houston Rockets,4,0,9,Missed Shot,Driving Floating Jump Shot,,In The Paint (Non-RA),Center(C),Less Than 8 ft.,5,-43,30,1,0,20220318,HOU,IND,|1626174|1629645|1629726|1630224|1630528,0,REG,,,2022,1627763,-2.0,PG,Wing Stopper,-1.0,MISS Porter Jr. 5' Driving Floating Jump Shot,PG,Shot Creator,-1.06
