PLAYER_ID,PLAYER_NAME,SHOT_ID,GRID_TYPE,GAME_ID,GAME_EVENT_ID,TEAM_ID,TEAM_NAME,PERIOD,MINUTES_REMAINING,SECONDS_REMAINING,EVENT_TYPE,ACTION_TYPE,SHOT_TYPE,SHOT_ZONE_BASIC,SHOT_ZONE_AREA,SHOT_ZONE_RANGE,SHOT_DISTANCE,LOC_X,LOC_Y,SHOT_ATTEMPTED_FLAG,SHOT_MADE_FLAG,GAME_DATE,HTM,VTM,PLAYERS_ON,assisted,season_type,year,DEF_ID,DEF_POSITION,DEF_ROLE,D_LEBRON,OFF_POSITION,OFF_ROLE,O_LEBRON
1627742,Brandon Ingram,22100009141,Shot Chart Detail,22100009,141,1610612740,New Orleans Pelicans,1,0,15,Missed Shot,Fadeaway Jump Shot,2PT Field Goal,Mid-Range,Right Side(R),8-16 ft.,14,134,60,1,0,20211020,NOP,PHI,|1627742|1629637|1630530|202066|203107,0,REG,2022,1629680|203083,,,,SF,Shot Creator,0.72
1628984,Devonte' Graham,22100009508,Shot Chart Detail,22100009,508,1610612740,New Orleans Pelicans,4,7,19,Missed Shot,Jump Shot,,Mid-Range,Left Side(L),8-16 ft.,15,-121,100,1,0,20211020,NOP,PHI,|1627742|1628984|1629638|202066|202685,0,REG,2022,203083,C,Anchor Big,1.99,PG,Primary Ball Handler,0.84
202685,Jonas Valanciunas,22100009540,Shot Chart Detail,22100009,540,1610612740,New Orleans Pelicans,4,4,52,Missed Shot,Tip Layup Shot,,Restricted Area,Center(C),Less Than 8 ft.,0,0,0,1,0,20211020,NOP,PHI,|1627742|1628984|1629638|202066|202685,0,REG,2022,1627777|203083,,,,C,Post Scorer,0.36
202685,Jonas Valanciunas,22100009546,Shot Chart Detail,22100009,546,1610612740,New Orleans Pelicans,4,4,31,Missed Shot,Cutting Dunk Shot,,Restricted Area,Center(C),Less Than 8 ft.,3,-37,-1,1,0,20211020,NOP,PHI,|1627742|1628984|1629638|202066|202685,0,REG,2022,203083,C,Anchor Big,1.99,C,Post Scorer,0.36
1630167,Obi Toppin,22100050191,Shot Chart Detail,22100050,191,1610612752,New York Knicks,2,9,56,Missed Shot,Fadeaway Jump Shot,2PT Field Goal,In The Paint (Non-RA),Center(C),Less Than 8 ft.,7,-7,71,1,0,20211026,NYK,PHI,|1630167|1630193|201565|201959|202692,0,REG,2022,1627777|203083,,,,PF,Athletic Finisher,1.11
201959,Taj Gibson,22100050209,Shot Chart Detail,22100050,209,1610612752,New York Knicks,2,8,26,Missed Shot,Hook Shot,,In The Paint (Non-RA),Center(C),Less Than 8 ft.,5,-11,55,1,0,20211026,NYK,PHI,|1630167|1630193|201565|201959|202692,0,REG,2022,202699|203083,,,,C,Roll + Cut Big,-2.53
1629011,Mitchell Robinson,22100050416,Shot Chart Detail,22100050,416,1610612752,New York Knicks,3,3,21,Made Shot,Dunk Shot,2PT Field Goal,Restricted Area,Center(C),Less Than 8 ft.,0,-2,8,1,1,20211026,NYK,PHI,|1629011|1629628|201565|203095|203944,1,REG,2022,203083,C,Anchor Big,1.99,C,Athletic Finisher,-0.01
202692,Alec Burks,22100050457,Shot Chart Detail,22100050,457,1610612752,New York Knicks,3,0,12,Missed Shot,Pullup Jump shot,,Above the Break 3,Right Side Center(RC),24+ ft.,24,120,214,1,0,20211026,NYK,PHI,|1629011|1630167|1630193|201565|202692,0,REG,2022,203083,C,Anchor Big,1.99,SG,Primary Ball Handler,0.94
202692,Alec Burks,22100050472,Shot Chart Detail,22100050,472,1610612752,New York Knicks,4,11,31,Missed Shot,Driving Layup Shot,,Restricted Area,Center(C),Less Than 8 ft.,2,11,22,1,0,20211026,NYK,PHI,|1630167|1630193|201565|201959|202692,0,REG,2022,1630198|203083,,,,SG,Primary Ball Handler,0.94
202692,Alec Burks,22100050484,Shot Chart Detail,22100050,484,1610612752,New York Knicks,4,10,15,Missed Shot,Driving Finger Roll Layup Shot,,Restricted Area,Center(C),Less Than 8 ft.,3,22,26,1,0,20211026,NYK,PHI,|1630167|1630193|201565|201959|202692,0,REG,2022,203083,C,Anchor Big,1.99,SG,Primary Ball Handler,0.94
201565,Derrick Rose,22100050492,Shot Chart Detail,22100050,492,1610612752,New York Knicks,4,9,30,Missed Shot,Pullup Jump shot,,Mid-Range,Right Side Center(RC),16-24 ft.,18,120,145,1,0,20211026,NYK,PHI,|1630167|1630193|201565|201959|202692,0,REG,2022,203083,C,Anchor Big,1.99,PG,Primary Ball Handler,0.47
1626168,Trey Lyles,22100065131,Shot Chart Detail,22100065,131,1610612765,Detroit Pistons,1,2,14,Missed Shot,Jump Shot,3PT Field Goal,Above the Break 3,Center(C),24+ ft.,25,16,257,1,0,20211028,PHI,DET,|1626168|1628402|1630180|202709|203482,0,REG,2022,203083,C,Anchor Big,1.99,PF,Stretch Big,-0.19
203482,Kelly Olynyk,22100065148,Shot Chart Detail,22100065,148,1610612765,Detroit Pistons,1,0,31,Missed Shot,Step Back Jump shot,,Above the Break 3,Left Side Center(LC),24+ ft.,25,-213,146,1,0,20211028,PHI,DET,|1626168|1628402|1630180|202709|203482,0,REG,2022,203083,C,Anchor Big,1.99,C,Versatile Big,0.57
1628402,Frank Jackson,22100065173,Shot Chart Detail,22100065,173,1610612765,Detroit Pistons,2,10,52,Made Shot,Driving Finger Roll Layup Shot,,Restricted Area,Center(C),Less Than 8 ft.,1,-16,10,1,1,20211028,PHI,DET,|1626168|1628402|1628977|202709|203482,0,REG,2022,203083,C,Anchor Big,1.99,,,
1629629,Cam Reddish,22100082165,Shot Chart Detail,22100082,165,1610612737,Atlanta Hawks,1,0,43,Missed Shot,Fadeaway Jump Shot,,In The Paint (Non-RA),Center(C),8-16 ft.,13,-29,133,1,0,20211030,PHI,ATL,|101150|1628989|1629629|201568|203476,0,REG,2022,203083,C,Anchor Big,1.99,SF,Secondary Ball Handler,-1.02
1629629,Cam Reddish,22100082217,Shot Chart Detail,22100082,217,1610612737,Atlanta Hawks,2,8,20,Missed Shot,Pullup Jump shot,,In The Paint (Non-RA),Center(C),8-16 ft.,10,9,104,1,0,20211030,PHI,ATL,|101150|1628989|1629629|201568|203476,0,REG,2022,203083,C,Anchor Big,1.99,SF,Secondary Ball Handler,-1.02
1628381,John Collins,22100082232,Shot Chart Detail,22100082,232,1610612737,Atlanta Hawks,2,7,50,Missed Shot,Alley Oop Layup shot,2PT Field Goal,Restricted Area,Center(C),Less Than 8 ft.,2,28,-1,1,0,20211030,PHI,ATL,|1628381|1629027|1629631|203991|203992,0,REG,2022,203083,C,Anchor Big,1.99,PF,Post Scorer,0.19
1629629,Cam Reddish,22100082484,Shot Chart Detail,22100082,484,1610612737,Atlanta Hawks,3,1,22,Made Shot,Driving Reverse Layup Shot,,Restricted Area,Center(C),Less Than 8 ft.,1,-2,-16,1,1,20211030,PHI,ATL,|101150|1628989|1629629|201568|203476,0,REG,2022,203083,C,Anchor Big,1.99,SF,Secondary Ball Handler,-1.02
1629629,Cam Reddish,22100082489,Shot Chart Detail,22100082,489,1610612737,Atlanta Hawks,3,0,54,Missed Shot,Jump Shot,,Above the Break 3,Right Side Center(RC),24+ ft.,27,99,255,1,0,20211030,PHI,ATL,|101150|1628989|1629629|201568|203476,0,REG,2022,1627788|203083,,,,SF,Secondary Ball Handler,-1.02
203476,Gorgui Dieng,22100082494,Shot Chart Detail,22100082,494,1610612737,Atlanta Hawks,3,0,33,Missed Shot,Jump Shot,,Above the Break 3,Left Side Center(LC),24+ ft.,25,-92,243,1,0,20211030,PHI,ATL,|101150|1628989|1629629|201568|203476,0,REG,2022,203083,C,Anchor Big,1.99,C,Stretch Big,-0.55
1628989,Kevin Huerter,22100082523,Shot Chart Detail,22100082,523,1610612737,Atlanta Hawks,4,10,12,Missed Shot,Jump Shot,,Right Corner 3,Right Side(R),24+ ft.,22,222,56,1,0,20211030,PHI,ATL,|101150|1628989|1629629|201568|203476,0,REG,2022,203083,C,Anchor Big,1.99,SF,Movement Shooter,-0.29
1626181,Norman Powell,2210009619,Shot Chart Detail,22100096,19,1610612757,Portland Trail Blazers,1,10,18,Made Shot,Driving Layup Shot,2PT Field Goal,Restricted Area,Center(C),Less Than 8 ft.,2,10,23,1,1,20211101,PHI,POR,|1626181|203081|203468|203496|203994,1,REG,2022,203083,C,Anchor Big,1.99,SF-SG,Movement Shooter,0.54
203468,CJ McCollum,2210009636,Shot Chart Detail,22100096,36,1610612757,Portland Trail Blazers,1,8,33,Missed Shot,Pullup Jump shot,,Mid-Range,Left Side Center(LC),16-24 ft.,20,-134,152,1,0,20211101,PHI,POR,|1626181|203081|203468|203496|203994,0,REG,2022,203083,C,Anchor Big,1.99,SG-PG,Shot Creator,1.93
1626181,Norman Powell,2210009655,Shot Chart Detail,22100096,55,1610612757,Portland Trail Blazers,1,7,15,Made Shot,Driving Finger Roll Layup Shot,2PT Field Goal,Restricted Area,Center(C),Less Than 8 ft.,2,-20,7,1,1,20211101,PHI,POR,|1626181|203081|203468|203496|203994,1,REG,2022,1630178|203083,,,,SF-SG,Movement Shooter,0.54
203081,Damian Lillard,2210009689,Shot Chart Detail,22100096,89,1610612757,Portland Trail Blazers,1,4,7,Missed Shot,Fadeaway Jump Shot,,Mid-Range,Right Side(R),8-16 ft.,8,82,6,1,0,20211101,PHI,POR,|1626204|1629014|1629642|203081|203469,0,REG,2022,1627788|203083,,,,PG,Shot Creator,3.52
1629014,Anfernee Simons,2210009693,Shot Chart Detail,22100096,93,1610612757,Portland Trail Blazers,1,3,40,Made Shot,Pullup Jump shot,,Above the Break 3,Center(C),24+ ft.,27,11,279,1,1,20211101,PHI,POR,|1626204|1629014|1629642|203081|203469,0,REG,2022,203083,C,Anchor Big,1.99,SG,Shot Creator,1.25
1626181,Norman Powell,22100096254,Shot Chart Detail,22100096,254,1610612757,Portland Trail Blazers,2,3,30,Made Shot,Driving Layup Shot,2PT Field Goal,Restricted Area,Center(C),Less Than 8 ft.,0,-6,4,1,1,20211101,PHI,POR,|1626181|203081|203468|203496|203994,0,REG,2022,203083|203552,,,,SF-SG,Movement Shooter,0.54
203081,Damian Lillard,22100096306,Shot Chart Detail,22100096,306,1610612757,Portland Trail Blazers,3,11,20,Missed Shot,Pullup Jump shot,,Above the Break 3,Left Side Center(LC),24+ ft.,25,-138,218,1,0,20211101,PHI,POR,|1626181|203081|203468|203496|203994,0,REG,2022,203083,C,Anchor Big,1.99,PG,Shot Creator,3.52
203081,Damian Lillard,22100096321,Shot Chart Detail,22100096,321,1610612757,Portland Trail Blazers,3,10,24,Made Shot,Fadeaway Jump Shot,,In The Paint (Non-RA),Center(C),8-16 ft.,10,40,100,1,1,20211101,PHI,POR,|1626181|203081|203468|203496|203994,1,REG,2022,1630178|203083,,,,PG,Shot Creator,3.52
203994,Jusuf Nurkic,22100096337,Shot Chart Detail,22100096,337,1610612757,Portland Trail Blazers,3,9,22,Made Shot,Driving Layup Shot,,Restricted Area,Center(C),Less Than 8 ft.,0,-1,4,1,1,20211101,PHI,POR,|1626181|203081|203468|203496|203994,1,REG,2022,203083,C,Anchor Big,1.99,C,Post Scorer,-0.07
1626181,Norman Powell,22100096368,Shot Chart Detail,22100096,368,1610612757,Portland Trail Blazers,3,7,14,Made Shot,Driving Finger Roll Layup Shot,2PT Field Goal,Restricted Area,Center(C),Less Than 8 ft.,3,-34,10,1,1,20211101,PHI,POR,|1626181|1629642|203081|203468|203994,1,REG,2022,203083,C,Anchor Big,1.99,SF-SG,Movement Shooter,0.54
203994,Jusuf Nurkic,22100096376,Shot Chart Detail,22100096,376,1610612757,Portland Trail Blazers,3,6,8,Made Shot,Reverse Layup Shot,,Restricted Area,Center(C),Less Than 8 ft.,2,-23,-4,1,1,20211101,PHI,POR,|1626181|1629642|203081|203468|203994,1,REG,2022,201980|203083,,,,C,Post Scorer,-0.07
1626204,Larry Nance Jr.,22100096409,Shot Chart Detail,22100096,409,1610612757,Portland Trail Blazers,3,4,3,Made Shot,Driving Dunk Shot,2PT Field Goal,Restricted Area,Center(C),Less Than 8 ft.,1,-10,17,1,1,20211101,PHI,POR,|1626204|1629014|1629642|203081|203469,1,REG,2022,203083,C,Anchor Big,1.99,C-PF,Roll + Cut Big,-0.57
203469,Cody Zeller,22100096413,Shot Chart Detail,22100096,413,1610612757,Portland Trail Blazers,3,3,27,Missed Shot,Driving Dunk Shot,,Restricted Area,Center(C),Less Than 8 ft.,1,-16,5,1,0,20211101,PHI,POR,|1626204|1629014|1629642|203081|203469,0,REG,2022,1629680|1630178|203083,,,,C,Roll + Cut Big,-0.53
1629014,Anfernee Simons,22100096422,Shot Chart Detail,22100096,422,1610612757,Portland Trail Blazers,3,2,53,Made Shot,Driving Finger Roll Layup Shot,,Restricted Area,Center(C),Less Than 8 ft.,0,9,3,1,1,20211101,PHI,POR,|1626204|1629014|1629642|203081|203469,0,REG,2022,1629680|203083,,,,SG,Shot Creator,1.25
203081,Damian Lillard,22100096557,Shot Chart Detail,22100096,557,1610612757,Portland Trail Blazers,4,5,3,Made Shot,Driving Finger Roll Layup Shot,,Restricted Area,Center(C),Less Than 8 ft.,2,-27,-4,1,1,20211101,PHI,POR,|1626181|1629014|203081|203468|203994,0,REG,2022,203083,C,Anchor Big,1.99,PG,Shot Creator,3.52
203482,Kelly Olynyk,22100119108,Shot Chart Detail,22100119,108,1610612765,Detroit Pistons,1,2,18,Made Shot,Jump Shot,,Above the Break 3,Center(C),24+ ft.,25,20,256,1,1,20211104,DET,PHI,|1628367|1630180|202709|203482|203924,1,REG,2022,203083,C,Anchor Big,1.99,C,Versatile Big,0.57
203482,Kelly Olynyk,22100119116,Shot Chart Detail,22100119,116,1610612765,Detroit Pistons,1,1,5,Missed Shot,Jump Shot,,Above the Break 3,Left Side Center(LC),24+ ft.,26,-178,194,1,0,20211104,DET,PHI,|1628367|1630180|202709|203482|203924,0,REG,2022,203083,C,Anchor Big,1.99,C,Versatile Big,0.57
203924,Jerami Grant,22100119131,Shot Chart Detail,22100119,131,1610612765,Detroit Pistons,1,0,10,Made Shot,Layup Shot,,In The Paint (Non-RA),Center(C),Less Than 8 ft.,4,33,37,1,1,20211104,DET,PHI,|1628367|1630180|202709|203482|203924,1,REG,2022,203083,C,Anchor Big,1.99,PF,Shot Creator,0.23
1626168,Trey Lyles,22100119148,Shot Chart Detail,22100119,148,1610612765,Detroit Pistons,2,11,5,Missed Shot,Pullup Jump shot,2PT Field Goal,Mid-Range,Left Side Center(LC),16-24 ft.,17,-59,162,1,0,20211104,DET,PHI,|1626168|1628367|1628402|202709|203482,0,REG,2022,1630194|203083,,,,PF,Stretch Big,-0.19
1626168,Trey Lyles,22100119152,Shot Chart Detail,22100119,152,1610612765,Detroit Pistons,2,10,49,Missed Shot,Cutting Layup Shot,2PT Field Goal,In The Paint (Non-RA),Center(C),Less Than 8 ft.,5,-49,29,1,0,20211104,DET,PHI,|1626168|1628367|1628402|202709|203482,0,REG,2022,203083,C,Anchor Big,1.99,PF,Stretch Big,-0.19
1626168,Trey Lyles,22100119163,Shot Chart Detail,22100119,163,1610612765,Detroit Pistons,2,10,4,Missed Shot,Jump Shot,3PT Field Goal,Above the Break 3,Right Side Center(RC),24+ ft.,25,201,163,1,0,20211104,DET,PHI,|1626168|1628367|1628402|202709|203482,0,REG,2022,203083,C,Anchor Big,1.99,PF,Stretch Big,-0.19
203924,Jerami Grant,22100119408,Shot Chart Detail,22100119,408,1610612765,Detroit Pistons,3,3,43,Missed Shot,Jump Shot,,Above the Break 3,Center(C),24+ ft.,24,37,247,1,0,20211104,DET,PHI,|1630165|1630180|202709|203482|203924,0,REG,2022,203083,C,Anchor Big,1.99,PF,Shot Creator,0.23
203482,Kelly Olynyk,22100119416,Shot Chart Detail,22100119,416,1610612765,Detroit Pistons,3,2,36,Made Shot,Layup Shot,,In The Paint (Non-RA),Center(C),Less Than 8 ft.,4,39,22,1,1,20211104,DET,PHI,|1630165|1630180|202709|203482|203924,1,REG,2022,203083|203552,,,,C,Versatile Big,0.57
202709,Cory Joseph,22100119425,Shot Chart Detail,22100119,425,1610612765,Detroit Pistons,3,1,50,Made Shot,Pullup Jump shot,,Mid-Range,Center(C),16-24 ft.,16,-36,157,1,1,20211104,DET,PHI,|1626168|1628367|1630180|202709|203482,0,REG,2022,203083,C,Anchor Big,1.99,PG,Primary Ball Handler,-1.69
1626168,Trey Lyles,22100119430,Shot Chart Detail,22100119,430,1610612765,Detroit Pistons,3,0,59,Missed Shot,Jump Shot,3PT Field Goal,Left Corner 3,Left Side(L),24+ ft.,23,-234,-1,1,0,20211104,DET,PHI,|1626168|1628367|1630180|202709|203482,0,REG,2022,203083,C,Anchor Big,1.99,PF,Stretch Big,-0.19
1628402,Frank Jackson,22100119462,Shot Chart Detail,22100119,462,1610612765,Detroit Pistons,3,0,0,Missed Shot,Jump Shot,,Above the Break 3,Right Side Center(RC),24+ ft.,31,150,277,1,0,20211104,DET,PHI,|1626168|1628367|1628402|1630191|202709,0,REG,2022,203083,C,Anchor Big,1.99,,,
201942,DeMar DeRozan,22100135185,Shot Chart Detail,22100135,185,1610612741,Chicago Bulls,2,10,4,Missed Shot,Driving Layup Shot,,Restricted Area,Center(C),Less Than 8 ft.,0,2,8,1,0,20211106,CHI,PHI,|1627884|1628366|1628396|1630245|201942,0,REG,2022,1630178|203083,,,,PF,Shot Creator,2.79
201942,DeMar DeRozan,22100135192,Shot Chart Detail,22100135,192,1610612741,Chicago Bulls,2,9,34,Made Shot,Pullup Jump shot,,In The Paint (Non-RA),Center(C),8-16 ft.,13,66,122,1,1,20211106,CHI,PHI,|1627936|1628366|1628396|1630245|201942,1,REG,2022,203083,C,Anchor Big,1.99,PF,Shot Creator,2.79
1628396,Tony Bradley,22100135200,Shot Chart Detail,22100135,200,1610612741,Chicago Bulls,2,8,51,Missed Shot,Layup Shot,,Restricted Area,Center(C),Less Than 8 ft.,0,4,5,1,0,20211106,CHI,PHI,|1627936|1628366|1628396|1630245|201942,0,REG,2022,1630178|203083,,,,C,Roll + Cut Big,-2.06
1628396,Tony Bradley,22100135202,Shot Chart Detail,22100135,202,1610612741,Chicago Bulls,2,8,47,Missed Shot,Putback Layup Shot,,Restricted Area,Center(C),Less Than 8 ft.,0,0,0,1,0,20211106,CHI,PHI,|1627936|1628366|1628396|1630245|201942,0,REG,2022,1630194|1630178|203083,,,,C,Roll + Cut Big,-2.06
1628396,Tony Bradley,22100135214,Shot Chart Detail,22100135,214,1610612741,Chicago Bulls,2,7,54,Missed Shot,Putback Dunk Shot,,Restricted Area,Center(C),Less Than 8 ft.,0,0,0,1,0,20211106,CHI,PHI,|1627936|1628366|1628396|1630245|201942,0,REG,2022,203083,C,Anchor Big,1.99,C,Roll + Cut Big,-2.06
202696,Nikola Vucevic,22100135429,Shot Chart Detail,22100135,429,1610612741,Chicago Bulls,3,3,33,Missed Shot,Jump Shot,,Above the Break 3,Center(C),24+ ft.,25,-34,257,1,0,20211106,CHI,PHI,|1627884|1627936|1628366|202696|203897,0,REG,2022,203083,C,Anchor Big,1.99,C,Post Scorer,0.25
202696,Nikola Vucevic,22100135440,Shot Chart Detail,22100135,440,1610612741,Chicago Bulls,3,3,0,Made Shot,Turnaround Hook Shot,,In The Paint (Non-RA),Center(C),Less Than 8 ft.,4,39,22,1,1,20211106,CHI,PHI,|1627884|1627936|1630245|202696|203897,1,REG,2022,203083,C,Anchor Big,1.99,C,Post Scorer,0.25
201942,DeMar DeRozan,22100135476,Shot Chart Detail,22100135,476,1610612741,Chicago Bulls,3,0,29,Missed Shot,Pullup Jump shot,,Mid-Range,Left Side(L),8-16 ft.,15,-114,109,1,0,20211106,CHI,PHI,|1627884|1627936|1628396|1630245|201942,0,REG,2022,203083,C,Anchor Big,1.99,PF,Shot Creator,2.79
1626171,Bobby Portis,2210015528,Shot Chart Detail,22100155,28,1610612749,Milwaukee Bucks,1,10,12,Missed Shot,Jump Shot,3PT Field Goal,Above the Break 3,Center(C),24+ ft.,24,-51,242,1,0,20211109,PHI,MIL,|1626171|1628960|201588|201950|203507,0,REG,2022,203083,C,Anchor Big,1.99,C,Versatile Big,0.03
1628960,Grayson Allen,2210015532,Shot Chart Detail,22100155,32,1610612749,Milwaukee Bucks,1,9,43,Missed Shot,Pullup Jump shot,,Above the Break 3,Right Side Center(RC),24+ ft.,27,154,230,1,0,20211109,PHI,MIL,|1626171|1628960|201588|201950|203507,0,REG,2022,203083,C,Anchor Big,1.99,SG,Movement Shooter,0.25
203507,Giannis Antetokounmpo,2210015556,Shot Chart Detail,22100155,56,1610612749,Milwaukee Bucks,1,7,36,Made Shot,Driving Finger Roll Layup Shot,,Restricted Area,Center(C),Less Than 8 ft.,1,-5,-11,1,1,20211109,PHI,MIL,|1626171|1628960|201588|201950|203507,0,REG,2022,203083,C,Anchor Big,1.99,PF,Shot Creator,4.57
201950,Jrue Holiday,2210015558,Shot Chart Detail,22100155,58,1610612749,Milwaukee Bucks,1,6,50,Missed Shot,Pullup Jump shot,,In The Paint (Non-RA),Right Side(R),8-16 ft.,11,69,88,1,0,20211109,PHI,MIL,|1626171|1628960|201588|201950|203507,0,REG,2022,203083,C,Anchor Big,1.99,PG,Shot Creator,2.06
1626171,Bobby Portis,2210015560,Shot Chart Detail,22100155,60,1610612749,Milwaukee Bucks,1,6,45,Made Shot,Hook Bank Shot,2PT Field Goal,Restricted Area,Center(C),Less Than 8 ft.,2,11,20,1,1,20211109,PHI,MIL,|1626171|1628960|201588|201950|203507,0,REG,2022,203083,C,Anchor Big,1.99,C,Versatile Big,0.03
203507,Giannis Antetokounmpo,2210015584,Shot Chart Detail,22100155,84,1610612749,Milwaukee Bucks,1,4,19,Missed Shot,Driving Floating Jump Shot,,In The Paint (Non-RA),Center(C),Less Than 8 ft.,6,9,63,1,0,20211109,PHI,MIL,|1626192|1628400|1628960|201950|203507,0,REG,2022,1630194|203083,,,,PF,Shot Creator,4.57
1628400,Semi Ojeleye,2210015595,Shot Chart Detail,22100155,95,1610612749,Milwaukee Bucks,1,3,50,Made Shot,Fadeaway Jump Shot,,In The Paint (Non-RA),Center(C),Less Than 8 ft.,6,9,68,1,1,20211109,PHI,MIL,|1626192|1628400|1629620|1629670|203507,1,REG,2022,203083,C,Anchor Big,1.99,PF,Athletic Finisher,-1.54
1626171,Bobby Portis,22100155260,Shot Chart Detail,22100155,260,1610612749,Milwaukee Bucks,2,4,25,Made Shot,Jump Shot,3PT Field Goal,Right Corner 3,Right Side(R),24+ ft.,23,224,55,1,1,20211109,PHI,MIL,|1626171|1626192|1628960|201950|203507,1,REG,2022,203083,C,Anchor Big,1.99,C,Versatile Big,0.03
1628400,Semi Ojeleye,22100155280,Shot Chart Detail,22100155,280,1610612749,Milwaukee Bucks,2,3,14,Made Shot,Jump Shot,,Right Corner 3,Right Side(R),24+ ft.,22,222,46,1,1,20211109,PHI,MIL,|1626171|1628400|1628960|1629670|201588,1,REG,2022,203083,C,Anchor Big,1.99,PF,Athletic Finisher,-1.54
1626171,Bobby Portis,22100155299,Shot Chart Detail,22100155,299,1610612749,Milwaukee Bucks,2,0,49,Missed Shot,Hook Shot,2PT Field Goal,In The Paint (Non-RA),Center(C),Less Than 8 ft.,7,40,62,1,0,20211109,PHI,MIL,|1626171|1628400|1628960|1629670|201588,0,REG,2022,1630178|203083,,,,C,Versatile Big,0.03
1626171,Bobby Portis,22100155326,Shot Chart Detail,22100155,326,1610612749,Milwaukee Bucks,3,11,48,Made Shot,Driving Floating Jump Shot,2PT Field Goal,Mid-Range,Right Side(R),8-16 ft.,8,88,1,1,1,20211109,PHI,MIL,|1626171|1628960|201588|201950|203507,1,REG,2022,203083,C,Anchor Big,1.99,C,Versatile Big,0.03
203507,Giannis Antetokounmpo,22100155445,Shot Chart Detail,22100155,445,1610612749,Milwaukee Bucks,3,3,54,Made Shot,Driving Finger Roll Layup Shot,,Restricted Area,Center(C),Less Than 8 ft.,1,-11,4,1,1,20211109,PHI,MIL,|1626192|1628400|1629620|1629670|203507,1,REG,2022,203083,C,Anchor Big,1.99,PF,Shot Creator,4.57
1626171,Bobby Portis,22100155454,Shot Chart Detail,22100155,454,1610612749,Milwaukee Bucks,3,3,21,Made Shot,Jump Shot,3PT Field Goal,Left Corner 3,Left Side(L),24+ ft.,23,-234,23,1,1,20211109,PHI,MIL,|1626171|1626192|1628400|1629620|1629670,1,REG,2022,203083,C,Anchor Big,1.99,C,Versatile Big,0.03
1629670,Jordan Nwora,22100155461,Shot Chart Detail,22100155,461,1610612749,Milwaukee Bucks,3,2,22,Missed Shot,Pullup Jump shot,,Above the Break 3,Left Side Center(LC),24+ ft.,27,-159,225,1,0,20211109,PHI,MIL,|1626171|1626192|1628400|1629620|1629670,0,REG,2022,203083,C,Anchor Big,1.99,SF,Movement Shooter,-1.12
1626171,Bobby Portis,22100155482,Shot Chart Detail,22100155,482,1610612749,Milwaukee Bucks,3,1,25,Missed Shot,Driving Layup Shot,2PT Field Goal,In The Paint (Non-RA),Center(C),Less Than 8 ft.,4,-44,15,1,0,20211109,PHI,MIL,|1626171|1626192|1628400|1629620|201588,0,REG,2022,1630178|203083,,,,C,Versatile Big,0.03
1626192,Pat Connaughton,22100155485,Shot Chart Detail,22100155,485,1610612749,Milwaukee Bucks,3,1,20,Missed Shot,Driving Layup Shot,,Restricted Area,Center(C),Less Than 8 ft.,2,17,15,1,0,20211109,PHI,MIL,|1626171|1626192|1628400|1629620|201588,0,REG,2022,203083,C,Anchor Big,1.99,SF,Movement Shooter,-0.39
1626171,Bobby Portis,22100155503,Shot Chart Detail,22100155,503,1610612749,Milwaukee Bucks,3,0,0,Missed Shot,Running Jump Shot,3PT Field Goal,Above the Break 3,Left Side Center(LC),24+ ft.,40,-140,379,1,0,20211109,PHI,MIL,|1626171|1626192|1628400|1629620|201588,0,REG,2022,203083,C,Anchor Big,1.99,C,Versatile Big,0.03
201950,Jrue Holiday,22100155584,Shot Chart Detail,22100155,584,1610612749,Milwaukee Bucks,4,7,6,Missed Shot,Running Finger Roll Layup Shot,,Restricted Area,Center(C),Less Than 8 ft.,1,-9,13,1,0,20211109,PHI,MIL,|1626171|1626192|1628400|1628960|201950,0,REG,2022,203083,C,Anchor Big,1.99,PG,Shot Creator,2.06
201588,George Hill,22100155606,Shot Chart Detail,22100155,606,1610612749,Milwaukee Bucks,4,5,16,Missed Shot,Driving Floating Jump Shot,,Restricted Area,Center(C),Less Than 8 ft.,3,-6,37,1,0,20211109,PHI,MIL,|1626171|1626192|1628960|201588|203507,0,REG,2022,1627788|203083,,,,PG,Primary Ball Handler,-1.1
1626192,Pat Connaughton,22100155626,Shot Chart Detail,22100155,626,1610612749,Milwaukee Bucks,4,3,54,Made Shot,Jump Shot,,Above the Break 3,Right Side Center(RC),24+ ft.,26,168,210,1,1,20211109,PHI,MIL,|1626171|1626192|201588|201950|203507,1,REG,2022,203083,C,Anchor Big,1.99,SF,Movement Shooter,-0.39
203507,Giannis Antetokounmpo,22100155631,Shot Chart Detail,22100155,631,1610612749,Milwaukee Bucks,4,3,16,Missed Shot,Driving Layup Shot,,In The Paint (Non-RA),Center(C),Less Than 8 ft.,4,11,39,1,0,20211109,PHI,MIL,|1626171|1626192|201588|201950|203507,0,REG,2022,201980|203083,,,,PF,Shot Creator,4.57
1630173,Precious Achiuwa,2210017111,Shot Chart Detail,22100171,11,1610612761,Toronto Raptors,1,11,2,Missed Shot,Turnaround Fadeaway shot,,Mid-Range,Right Side(R),8-16 ft.,9,96,-8,1,0,20211111,PHI,TOR,|1627832|1628384|1629018|1630173|1630567,0,REG,2022,203083,C,Anchor Big,1.99,C,Shot Creator,-1.17
1629018,Gary Trent Jr.,2210017136,Shot Chart Detail,22100171,36,1610612761,Toronto Raptors,1,8,13,Missed Shot,Driving Floating Jump Shot,,Mid-Range,Left Side(L),8-16 ft.,9,-96,20,1,0,20211111,PHI,TOR,|1627832|1628384|1629018|1630173|1630567,0,REG,2022,203083|203552,,,,SG,Secondary Ball Handler,0.55
1629018,Gary Trent Jr.,2210017144,Shot Chart Detail,22100171,44,1610612761,Toronto Raptors,1,7,34,Made Shot,Driving Layup Shot,,Restricted Area,Center(C),Less Than 8 ft.,1,-18,-1,1,1,20211111,PHI,TOR,|1627832|1628384|1629018|1630173|1630567,1,REG,2022,203083,C,Anchor Big,1.99,SG,Secondary Ball Handler,0.55
1630173,Precious Achiuwa,22100171208,Shot Chart Detail,22100171,208,1610612761,Toronto Raptors,2,8,36,Missed Shot,Fadeaway Jump Shot,,In The Paint (Non-RA),Center(C),Less Than 8 ft.,7,-29,65,1,0,20211111,PHI,TOR,|1628449|1629018|1630173|1630567|1630625,0,REG,2022,203083,C,Anchor Big,1.99,C,Shot Creator,-1.17
1628449,Chris Boucher,22100171282,Shot Chart Detail,22100171,282,1610612761,Toronto Raptors,2,4,0,Missed Shot,Jump Shot,,Above the Break 3,Right Side Center(RC),24+ ft.,24,82,231,1,0,20211111,PHI,TOR,|1627832|1628384|1628449|1630173|1630567,0,REG,2022,203083,C,Anchor Big,1.99,SF,Stretch Big,0.5
1627832,Fred VanVleet,22100171387,Shot Chart Detail,22100171,387,1610612761,Toronto Raptors,3,8,17,Missed Shot,Pullup Jump shot,2PT Field Goal,Mid-Range,Right Side(R),8-16 ft.,11,108,48,1,0,20211111,PHI,TOR,|1627832|1628384|1629018|1630173|1630567,0,REG,2022,203083|203552,,,,PG,Primary Ball Handler,1.46
1630567,Scottie Barnes,22100171389,Shot Chart Detail,22100171,389,1610612761,Toronto Raptors,3,8,10,Made Shot,Putback Layup Shot,,Restricted Area,Center(C),Less Than 8 ft.,0,0,0,1,1,20211111,PHI,TOR,|1627832|1628384|1629018|1630173|1630567,0,REG,2022,202699|203083,,,,PF,Shot Creator,-0.19
1630173,Precious Achiuwa,22100171398,Shot Chart Detail,22100171,398,1610612761,Toronto Raptors,3,6,57,Missed Shot,Running Pull-Up Jump Shot,,In The Paint (Non-RA),Center(C),Less Than 8 ft.,7,-32,66,1,0,20211111,PHI,TOR,|1627832|1628384|1629018|1630173|1630567,0,REG,2022,203083,C,Anchor Big,1.99,C,Shot Creator,-1.17
1629018,Gary Trent Jr.,22100171403,Shot Chart Detail,22100171,403,1610612761,Toronto Raptors,3,6,47,Made Shot,Jump Shot,,Right Corner 3,Right Side(R),24+ ft.,22,223,48,1,1,20211111,PHI,TOR,|1627832|1628384|1629018|1630173|1630567,1,REG,2022,203083,C,Anchor Big,1.99,SG,Secondary Ball Handler,0.55
1630173,Precious Achiuwa,22100171425,Shot Chart Detail,22100171,425,1610612761,Toronto Raptors,3,5,17,Made Shot,Pullup Jump shot,,In The Paint (Non-RA),Center(C),8-16 ft.,8,20,78,1,1,20211111,PHI,TOR,|1627832|1628449|1630173|1630567|1630625,1,REG,2022,203083,C,Anchor Big,1.99,C,Shot Creator,-1.17
1627832,Fred VanVleet,22100171436,Shot Chart Detail,22100171,436,1610612761,Toronto Raptors,3,3,29,Made Shot,Running Finger Roll Layup Shot,2PT Field Goal,Restricted Area,Center(C),Less Than 8 ft.,1,-6,11,1,1,20211111,PHI,TOR,|1627832|1628449|1630173|1630567|1630625,0,REG,2022,203083|203552,,,,PG,Primary Ball Handler,1.46
1628384,O.G. Anunoby,22100171596,Shot Chart Detail,22100171,596,1610612761,Toronto Raptors,4,3,58,Missed Shot,Jump Shot,,Above the Break 3,Left Side Center(LC),24+ ft.,26,-137,224,1,0,20211111,PHI,TOR,|1627832|1628384|1629004|1629018|1630567,0,REG,2022,203083,C,Anchor Big,1.99,SF,Shot Creator,-0.2
1630567,Scottie Barnes,22100171615,Shot Chart Detail,22100171,615,1610612761,Toronto Raptors,4,2,35,Missed Shot,Tip Layup Shot,,Restricted Area,Center(C),Less Than 8 ft.,0,0,0,1,0,20211111,PHI,TOR,|1627832|1628384|1629004|1629018|1630567,0,REG,2022,203083,C,Anchor Big,1.99,PF,Shot Creator,-0.19
1630173,Precious Achiuwa,22100171642,Shot Chart Detail,22100171,642,1610612761,Toronto Raptors,4,1,33,Missed Shot,Dunk Shot,,Restricted Area,Center(C),Less Than 8 ft.,3,-21,30,1,0,20211111,PHI,TOR,|1627832|1628384|1629018|1630173|1630567,0,REG,2022,203083,C,Anchor Big,1.99,C,Shot Creator,-1.17
1627734,Domantas Sabonis,2210018615,Shot Chart Detail,22100186,15,1610612754,Indiana Pacers,1,10,37,Made Shot,Reverse Layup Shot,,Restricted Area,Center(C),Less Than 8 ft.,1,9,12,1,1,20211113,IND,PHI,|1626167|1627734|1627747|1627763|1630537,1,REG,2022,201980|202699|203083,,,,PF,Post Scorer,0.54
1627734,Domantas Sabonis,2210018622,Shot Chart Detail,22100186,22,1610612754,Indiana Pacers,1,9,48,Made Shot,Jump Shot,,Mid-Range,Left Side(L),8-16 ft.,15,-97,125,1,1,20211113,IND,PHI,|1626167|1627734|1627747|1627763|1630537,1,REG,2022,203083,C,Anchor Big,1.99,PF,Post Scorer,0.54
1627734,Domantas Sabonis,2210018634,Shot Chart Detail,22100186,34,1610612754,Indiana Pacers,1,8,24,Made Shot,Layup Shot,,Restricted Area,Center(C),Less Than 8 ft.,2,-17,21,1,1,20211113,IND,PHI,|1626167|1627734|1627747|1627763|1630537,1,REG,2022,202699|203083,,,,PF,Post Scorer,0.54
1627763,Malcolm Brogdon,2210018638,Shot Chart Detail,22100186,38,1610612754,Indiana Pacers,1,7,48,Missed Shot,Floating Jump shot,,Mid-Range,Center(C),8-16 ft.,15,16,153,1,0,20211113,IND,PHI,|1626167|1627734|1627747|1627763|1630537,0,REG,2022,203083,C,Anchor Big,1.99,PG,Primary Ball Handler,1.88
1627747,Caris LeVert,2210018646,Shot Chart Detail,22100186,46,1610612754,Indiana Pacers,1,7,4,Made Shot,Driving Layup Shot,,Restricted Area,Center(C),Less Than 8 ft.,1,15,6,1,1,20211113,IND,PHI,|1626167|1627734|1627747|1627763|1630537,1,REG,2022,203083,C,Anchor Big,1.99,SG,Slasher,0.83
1627734,Domantas Sabonis,2210018651,Shot Chart Detail,22100186,51,1610612754,Indiana Pacers,1,6,24,Made Shot,Jump Shot,,Above the Break 3,Left Side Center(LC),24+ ft.,26,-91,246,1,1,20211113,IND,PHI,|1626167|1627734|1627747|1627763|1630537,1,REG,2022,203083,C,Anchor Big,1.99,PF,Post Scorer,0.54
1626167,Myles Turner,22100186193,Shot Chart Detail,22100186,193,1610612754,Indiana Pacers,2,7,45,Missed Shot,Jump Shot,3PT Field Goal,Above the Break 3,Center(C),24+ ft.,26,-12,265,1,0,20211113,IND,PHI,|1626167|1627747|1627763|1629103|1630537,0,REG,2022,203083,C,Anchor Big,1.99,C,Versatile Big,-0.59
1627747,Caris LeVert,22100186224,Shot Chart Detail,22100186,224,1610612754,Indiana Pacers,2,5,37,Missed Shot,Step Back Jump shot,,Mid-Range,Left Side Center(LC),16-24 ft.,19,-125,147,1,0,20211113,IND,PHI,|1626167|1627747|1627763|1628470|1630537,0,REG,2022,203083,C,Anchor Big,1.99,SG,Slasher,0.83
1630537,Chris Duarte,22100186228,Shot Chart Detail,22100186,228,1610612754,Indiana Pacers,2,5,28,Missed Shot,Fadeaway Jump Shot,,Mid-Range,Right Side Center(RC),16-24 ft.,16,121,112,1,0,20211113,IND,PHI,|1626167|1627747|1627763|1628470|1630537,0,REG,2022,203083,C,Anchor Big,1.99,SG,Secondary Ball Handler,-0.7
1630537,Chris Duarte,22100186232,Shot Chart Detail,22100186,232,1610612754,Indiana Pacers,2,5,5,Made Shot,Running Jump Shot,,Above the Break 3,Center(C),24+ ft.,26,-16,260,1,1,20211113,IND,PHI,|1626167|1627747|1627763|1628470|1630537,1,REG,2022,203083,C,Anchor Big,1.99,SG,Secondary Ball Handler,-0.7
1626167,Myles Turner,22100186246,Shot Chart Detail,22100186,246,1610612754,Indiana Pacers,2,4,3,Made Shot,Finger Roll Layup Shot,2PT Field Goal,Restricted Area,Center(C),Less Than 8 ft.,0,0,7,1,1,20211113,IND,PHI,|1626167|1627747|1627763|1630537|203200,1,REG,2022,203083,C,Anchor Big,1.99,C,Versatile Big,-0.59
1626167,Myles Turner,22100186260,Shot Chart Detail,22100186,260,1610612754,Indiana Pacers,2,3,28,Made Shot,Jump Shot,2PT Field Goal,In The Paint (Non-RA),Center(C),8-16 ft.,12,6,122,1,1,20211113,IND,PHI,|1626167|1627747|1627763|1630537|203200,1,REG,2022,201980|203083,,,,C,Versatile Big,-0.59
1626167,Myles Turner,22100186272,Shot Chart Detail,22100186,272,1610612754,Indiana Pacers,2,2,7,Made Shot,Jump Shot,3PT Field Goal,Above the Break 3,Left Side Center(LC),24+ ft.,27,-110,256,1,1,20211113,IND,PHI,|1626167|1627734|1627763|203200|204456,1,REG,2022,203083,C,Anchor Big,1.99,C,Versatile Big,-0.59
1627734,Domantas Sabonis,22100186320,Shot Chart Detail,22100186,320,1610612754,Indiana Pacers,3,11,7,Missed Shot,Floating Jump shot,,In The Paint (Non-RA),Center(C),Less Than 8 ft.,6,-7,68,1,0,20211113,IND,PHI,|1626167|1627734|1627747|1627763|1630537,0,REG,2022,203083,C,Anchor Big,1.99,PF,Post Scorer,0.54
1626167,Myles Turner,22100186328,Shot Chart Detail,22100186,328,1610612754,Indiana Pacers,3,10,30,Made Shot,Jump Shot,3PT Field Goal,Above the Break 3,Right Side Center(RC),24+ ft.,26,130,232,1,1,20211113,IND,PHI,|1626167|1627734|1627747|1627763|1630537,1,REG,2022,203083,C,Anchor Big,1.99,C,Versatile Big,-0.59
1627763,Malcolm Brogdon,22100186337,Shot Chart Detail,22100186,337,1610612754,Indiana Pacers,3,9,27,Missed Shot,Pullup Jump shot,,Mid-Range,Right Side Center(RC),16-24 ft.,19,153,115,1,0,20211113,IND,PHI,|1626167|1627734|1627747|1627763|1630537,0,REG,2022,203083,C,Anchor Big,1.99,PG,Primary Ball Handler,1.88
1627734,Domantas Sabonis,22100186339,Shot Chart Detail,22100186,339,1610612754,Indiana Pacers,3,9,24,Missed Shot,Jump Shot,,In The Paint (Non-RA),Right Side(R),8-16 ft.,9,77,56,1,0,20211113,IND,PHI,|1626167|1627734|1627747|1627763|1630537,0,REG,2022,202699|203083,,,,PF,Post Scorer,0.54
1626167,Myles Turner,22100186572,Shot Chart Detail,22100186,572,1610612754,Indiana Pacers,4,5,8,Missed Shot,Jump Shot,3PT Field Goal,Above the Break 3,Center(C),24+ ft.,26,18,261,1,0,20211113,IND,PHI,|1626167|1627763|1629103|1630537|203200,0,REG,2022,203083,C,Anchor Big,1.99,C,Versatile Big,-0.59
1627763,Malcolm Brogdon,22100186579,Shot Chart Detail,22100186,579,1610612754,Indiana Pacers,4,4,31,Missed Shot,Pullup Jump shot,,Mid-Range,Left Side Center(LC),16-24 ft.,18,-80,164,1,0,20211113,IND,PHI,|1626167|1627763|1629103|203200|204456,0,REG,2022,203083,C,Anchor Big,1.99,PG,Primary Ball Handler,1.88
203932,Aaron Gordon,2210022821,Shot Chart Detail,22100228,21,1610612743,Denver Nuggets,1,10,3,Missed Shot,Jump Shot,,Above the Break 3,Right Side Center(RC),24+ ft.,25,165,197,1,0,20211118,DEN,PHI,|1628420|201145|203115|203932|203999,0,REG,2022,203083,C,Anchor Big,1.99,PF,Shot Creator,0.46
203999,Nikola Jokic,2210022824,Shot Chart Detail,22100228,24,1610612743,Denver Nuggets,1,9,31,Made Shot,Layup Shot,,Restricted Area,Center(C),Less Than 8 ft.,3,31,21,1,1,20211118,DEN,PHI,|1628420|201145|203115|203932|203999,1,REG,2022,203083|1627777,,,,C,Post Scorer,5.25
203999,Nikola Jokic,2210022843,Shot Chart Detail,22100228,43,1610612743,Denver Nuggets,1,7,19,Made Shot,Cutting Dunk Shot,,Restricted Area,Center(C),Less Than 8 ft.,2,-1,20,1,1,20211118,DEN,PHI,|1628420|201145|203115|203932|203999,1,REG,2022,203083,C,Anchor Big,1.99,C,Post Scorer,5.25
203999,Nikola Jokic,2210022848,Shot Chart Detail,22100228,48,1610612743,Denver Nuggets,1,6,42,Missed Shot,Jump Shot,,Above the Break 3,Left Side Center(LC),24+ ft.,26,-116,237,1,0,20211118,DEN,PHI,|1628420|201145|203115|203932|203999,0,REG,2022,203083,C,Anchor Big,1.99,C,Post Scorer,5.25
203999,Nikola Jokic,2210022863,Shot Chart Detail,22100228,63,1610612743,Denver Nuggets,1,5,33,Made Shot,Floating Jump shot,,In The Paint (Non-RA),Center(C),Less Than 8 ft.,7,-62,39,1,1,20211118,DEN,PHI,|1628420|201145|203115|203932|203999,1,REG,2022,203083,C,Anchor Big,1.99,C,Post Scorer,5.25
203999,Nikola Jokic,2210022881,Shot Chart Detail,22100228,81,1610612743,Denver Nuggets,1,4,13,Made Shot,Dunk Shot,,Restricted Area,Center(C),Less Than 8 ft.,1,2,13,1,1,20211118,DEN,PHI,|1628408|1628420|203115|203932|203999,1,REG,2022,1630178|203083,,,,C,Post Scorer,5.25
203999,Nikola Jokic,22100228103,Shot Chart Detail,22100228,103,1610612743,Denver Nuggets,1,2,29,Made Shot,Jump Shot,,Above the Break 3,Center(C),24+ ft.,26,-72,252,1,1,20211118,DEN,PHI,|1628408|1630538|203085|203932|203999,0,REG,2022,203083|1627788,,,,C,Post Scorer,5.25
203999,Nikola Jokic,22100228237,Shot Chart Detail,22100228,237,1610612743,Denver Nuggets,2,5,7,Made Shot,Jump Shot,,Above the Break 3,Right Side Center(RC),24+ ft.,26,114,238,1,1,20211118,DEN,PHI,|1628420|201145|203115|203932|203999,1,REG,2022,203083,C,Anchor Big,1.99,C,Post Scorer,5.25
203999,Nikola Jokic,22100228267,Shot Chart Detail,22100228,267,1610612743,Denver Nuggets,2,2,20,Made Shot,Jump Shot,,Above the Break 3,Center(C),24+ ft.,25,18,253,1,1,20211118,DEN,PHI,|1628420|201145|203115|203932|203999,1,REG,2022,203083,C,Anchor Big,1.99,C,Post Scorer,5.25
203999,Nikola Jokic,22100228280,Shot Chart Detail,22100228,280,1610612743,Denver Nuggets,2,0,30,Made Shot,Driving Layup Shot,,In The Paint (Non-RA),Center(C),Less Than 8 ft.,4,44,22,1,1,20211118,DEN,PHI,|1628420|201145|203115|203932|203999,1,REG,2022,1630178|203083|1627777,,,,C,Post Scorer,5.25
203999,Nikola Jokic,22100228302,Shot Chart Detail,22100228,302,1610612743,Denver Nuggets,3,11,41,Missed Shot,Turnaround Fadeaway shot,,Mid-Range,Left Side(L),8-16 ft.,10,-103,19,1,0,20211118,DEN,PHI,|1628420|201145|203115|203932|203999,0,REG,2022,1630178|203083,,,,C,Post Scorer,5.25
203999,Nikola Jokic,22100228318,Shot Chart Detail,22100228,318,1610612743,Denver Nuggets,3,10,13,Missed Shot,Pullup Jump shot,,In The Paint (Non-RA),Center(C),8-16 ft.,9,-1,96,1,0,20211118,DEN,PHI,|1628420|201145|203115|203932|203999,0,REG,2022,203083,C,Anchor Big,1.99,C,Post Scorer,5.25
203115,Will Barton,22100228326,Shot Chart Detail,22100228,326,1610612743,Denver Nuggets,3,8,43,Made Shot,Jump Shot,,Right Corner 3,Right Side(R),24+ ft.,22,228,29,1,1,20211118,DEN,PHI,|1628420|201145|203115|203932|203999,1,REG,2022,203083,C,Anchor Big,1.99,SG,Primary Ball Handler,-0.6
203932,Aaron Gordon,22100228337,Shot Chart Detail,22100228,337,1610612743,Denver Nuggets,3,7,46,Made Shot,Dunk Shot,,Restricted Area,Center(C),Less Than 8 ft.,0,2,3,1,1,20211118,DEN,PHI,|1628420|201145|203115|203932|203999,0,REG,2022,203083,C,Anchor Big,1.99,PF,Shot Creator,0.46
1630267,Facundo Campazzo,22100228599,Shot Chart Detail,22100228,599,1610612743,Denver Nuggets,4,0,42,Missed Shot,Running Pull-Up Jump Shot,,Above the Break 3,Left Side Center(LC),24+ ft.,25,-183,176,1,0,20211118,DEN,PHI,|1627822|1629626|1630210|1630267|203085,0,REG,2022,203083,C,Anchor Big,1.99,PG,Primary Ball Handler,-1.41
203994,Jusuf Nurkic,221002467,Shot Chart Detail,22100246,7,1610612757,Portland Trail Blazers,1,11,38,Made Shot,Driving Reverse Layup Shot,,Restricted Area,Center(C),Less Than 8 ft.,1,10,1,1,1,20211120,POR,PHI,|1626181|203081|203468|203496|203994,0,REG,2022,203083|1627777,,,,C,Post Scorer,-0.07
203468,CJ McCollum,2210024647,Shot Chart Detail,22100246,47,1610612757,Portland Trail Blazers,1,8,3,Missed Shot,Fadeaway Jump Shot,,Mid-Range,Left Side(L),8-16 ft.,13,-131,42,1,0,20211120,POR,PHI,|1626181|203081|203468|203496|203994,0,REG,2022,203083,C,Anchor Big,1.99,SG-PG,Shot Creator,1.93
203468,CJ McCollum,2210024657,Shot Chart Detail,22100246,57,1610612757,Portland Trail Blazers,1,7,39,Made Shot,Pullup Jump shot,,Mid-Range,Left Side(L),8-16 ft.,13,-127,32,1,1,20211120,POR,PHI,|1626181|203081|203468|203496|203994,1,REG,2022,203083,C,Anchor Big,1.99,SG-PG,Shot Creator,1.93
1629014,Anfernee Simons,22100246209,Shot Chart Detail,22100246,209,1610612757,Portland Trail Blazers,2,6,45,Missed Shot,Driving Layup Shot,,Restricted Area,Center(C),Less Than 8 ft.,2,22,16,1,0,20211120,POR,PHI,|1626181|1629014|203081|203503|203994,0,REG,2022,203083|203552,,,,SG,Shot Creator,1.25
1626181,Norman Powell,22100246290,Shot Chart Detail,22100246,290,1610612757,Portland Trail Blazers,2,1,18,Missed Shot,Driving Layup Shot,2PT Field Goal,Restricted Area,Center(C),Less Than 8 ft.,2,-16,18,1,0,20211120,POR,PHI,|1626181|1626204|203081|203468|203994,0,REG,2022,1629003|203083,,,,SF-SG,Movement Shooter,0.54
1626181,Norman Powell,22100246331,Shot Chart Detail,22100246,331,1610612757,Portland Trail Blazers,3,10,52,Made Shot,Driving Floating Bank Jump Shot,2PT Field Goal,Mid-Range,Right Side Center(RC),16-24 ft.,17,92,147,1,1,20211120,POR,PHI,|1626181|203081|203468|203496|203994,0,REG,2022,203083|1627777,,,,SF-SG,Movement Shooter,0.54
203468,CJ McCollum,22100246342,Shot Chart Detail,22100246,342,1610612757,Portland Trail Blazers,3,9,39,Missed Shot,Driving Floating Jump Shot,,Restricted Area,Center(C),Less Than 8 ft.,3,-39,0,1,0,20211120,POR,PHI,|1626181|203081|203468|203496|203994,0,REG,2022,203083|203552,,,,SG-PG,Shot Creator,1.93
203994,Jusuf Nurkic,22100246357,Shot Chart Detail,22100246,357,1610612757,Portland Trail Blazers,3,8,10,Made Shot,Jump Shot,,Above the Break 3,Left Side Center(LC),24+ ft.,25,-123,219,1,1,20211120,POR,PHI,|1626181|203081|203468|203496|203994,1,REG,2022,203083,C,Anchor Big,1.99,C,Post Scorer,-0.07
1626181,Norman Powell,22100246367,Shot Chart Detail,22100246,367,1610612757,Portland Trail Blazers,3,7,13,Made Shot,Jump Shot,3PT Field Goal,Right Corner 3,Right Side(R),24+ ft.,23,230,59,1,1,20211120,POR,PHI,|1626181|203081|203468|203496|203994,1,REG,2022,203083,C,Anchor Big,1.99,SF-SG,Movement Shooter,0.54
1628964,Mo Bamba,22100305133,Shot Chart Detail,22100305,133,1610612753,Orlando Magic,1,2,12,Missed Shot,Tip Layup Shot,2PT Field Goal,Restricted Area,Center(C),Less Than 8 ft.,0,0,0,1,0,20211129,PHI,ORL,|1628964|1629643|1630181|1630532|203082,0,REG,2022,203083,C,Anchor Big,1.99,C,Stretch Big,-2.33
1630181,R.J. Hampton,22100305138,Shot Chart Detail,22100305,138,1610612753,Orlando Magic,1,1,59,Made Shot,Running Layup Shot,,Restricted Area,Center(C),Less Than 8 ft.,1,6,9,1,1,20211129,PHI,ORL,|1628964|1629643|1630181|1630532|203082,0,REG,2022,1627777|203083,,,,SG,Primary Ball Handler,-3.16
203082,Terrence Ross,22100305160,Shot Chart Detail,22100305,160,1610612753,Orlando Magic,1,0,9,Missed Shot,Pullup Jump shot,,Above the Break 3,Center(C),24+ ft.,26,-26,260,1,0,20211129,PHI,ORL,|1628964|1629643|1630181|1630532|203082,0,REG,2022,1629680|203083,,,,SG,Off Screen Shooter,-1.43
203082,Terrence Ross,22100305194,Shot Chart Detail,22100305,194,1610612753,Orlando Magic,2,9,40,Missed Shot,Pullup Jump shot,,Above the Break 3,Left Side Center(LC),24+ ft.,26,-202,172,1,0,20211129,PHI,ORL,|1628964|1629643|1630181|1630532|203082,0,REG,2022,203083,C,Anchor Big,1.99,SG,Off Screen Shooter,-1.43
1628964,Mo Bamba,22100305205,Shot Chart Detail,22100305,205,1610612753,Orlando Magic,2,8,8,Made Shot,Jump Shot,3PT Field Goal,Above the Break 3,Center(C),24+ ft.,25,-64,242,1,1,20211129,PHI,ORL,|1628964|1629643|1630181|1630532|203082,1,REG,2022,203083,C,Anchor Big,1.99,C,Stretch Big,-2.33
1628976,Wendell Carter Jr.,22100305292,Shot Chart Detail,22100305,292,1610612753,Orlando Magic,2,0,0,Missed Shot,Jump Shot,3PT Field Goal,Above the Break 3,Left Side Center(LC),24+ ft.,26,-234,119,1,0,20211129,PHI,ORL,|1628976|1629643|1630532|1630591|203914,0,REG,2022,203083,C,Anchor Big,1.99,PF,Stretch Big,-0.83
1628964,Mo Bamba,22100305419,Shot Chart Detail,22100305,419,1610612753,Orlando Magic,3,2,42,Missed Shot,Alley Oop Dunk Shot,2PT Field Goal,Restricted Area,Center(C),Less Than 8 ft.,2,-18,20,1,0,20211129,PHI,ORL,|1628964|1629643|1629649|1630181|203082,0,REG,2022,203083,C,Anchor Big,1.99,C,Stretch Big,-2.33
1628964,Mo Bamba,22100305425,Shot Chart Detail,22100305,425,1610612753,Orlando Magic,3,2,3,Made Shot,Reverse Layup Shot,2PT Field Goal,Restricted Area,Center(C),Less Than 8 ft.,2,-21,6,1,1,20211129,PHI,ORL,|1628964|1629643|1629649|1630181|203082,1,REG,2022,203083,C,Anchor Big,1.99,C,Stretch Big,-2.33
203082,Terrence Ross,22100305442,Shot Chart Detail,22100305,442,1610612753,Orlando Magic,3,0,40,Missed Shot,Pullup Jump shot,,In The Paint (Non-RA),Center(C),8-16 ft.,14,67,131,1,0,20211129,PHI,ORL,|1628964|1629643|1629649|1630181|203082,0,REG,2022,203083,C,Anchor Big,1.99,SG,Off Screen Shooter,-1.43
1628964,Mo Bamba,22100305488,Shot Chart Detail,22100305,488,1610612753,Orlando Magic,4,9,58,Missed Shot,Pullup Jump shot,2PT Field Goal,Mid-Range,Right Side(R),8-16 ft.,12,121,17,1,0,20211129,PHI,ORL,|1628964|1629643|1629649|1630181|203082,0,REG,2022,203083,C,Anchor Big,1.99,C,Stretch Big,-2.33
1630591,Jalen Suggs,22100305526,Shot Chart Detail,22100305,526,1610612753,Orlando Magic,4,7,47,Made Shot,Driving Layup Shot,,Restricted Area,Center(C),Less Than 8 ft.,2,-22,15,1,1,20211129,PHI,ORL,|1628964|1628976|1630532|1630591|203914,0,REG,2022,203083,C,Anchor Big,1.99,PG,Primary Ball Handler,-2.47
1628369,Jayson Tatum,22100322166,Shot Chart Detail,22100322,166,1610612738,Boston Celtics,2,11,1,Missed Shot,Driving Layup Shot,,In The Paint (Non-RA),Center(C),Less Than 8 ft.,6,-47,50,1,0,20211201,BOS,PHI,|1626196|1628369|1629057|1629684|203471,0,REG,2022,203083,C,Anchor Big,1.99,SF,Shot Creator,3.33
1629057,Robert Williams III,22100322171,Shot Chart Detail,22100322,171,1610612738,Boston Celtics,2,11,21,Made Shot,Tip Dunk Shot,,Restricted Area,Center(C),Less Than 8 ft.,0,1,2,1,1,20211201,BOS,PHI,|1626196|1628369|1629057|1629684|203471,0,REG,2022,203083,C,Anchor Big,1.99,C,Roll + Cut Big,-0.23
1628369,Jayson Tatum,22100322187,Shot Chart Detail,22100322,187,1610612738,Boston Celtics,2,9,19,Missed Shot,Pullup Jump shot,,Above the Break 3,Right Side Center(RC),24+ ft.,28,129,249,1,0,20211201,BOS,PHI,|1626196|1628369|1629057|1629684|203471,0,REG,2022,1629680|203083,,,,SF,Shot Creator,3.33
1628369,Jayson Tatum,22100322206,Shot Chart Detail,22100322,206,1610612738,Boston Celtics,2,7,53,Missed Shot,Pullup Jump shot,,Above the Break 3,Left Side Center(LC),24+ ft.,26,-159,207,1,0,20211201,BOS,PHI,|1626196|1628369|1629057|1629684|203471,0,REG,2022,203083,C,Anchor Big,1.99,SF,Shot Creator,3.33
203935,Marcus Smart,22100322452,Shot Chart Detail,22100322,452,1610612738,Boston Celtics,3,0,15,Made Shot,Driving Floating Bank Jump Shot,,In The Paint (Non-RA),Center(C),Less Than 8 ft.,5,-48,26,1,1,20211201,BOS,PHI,|1628369|1629684|202683|203471|203935,1,REG,2022,1629003|203083,,,,PG,Primary Ball Handler,0.63
203471,Dennis Schroder,22100322477,Shot Chart Detail,22100322,477,1610612738,Boston Celtics,4,10,55,Missed Shot,Driving Layup Shot,,In The Paint (Non-RA),Center(C),Less Than 8 ft.,5,50,22,1,0,20211201,BOS,PHI,|1628369|1629057|1629684|203471|203935,0,REG,2022,1630178|203083,,,,PG,Shot Creator,-0.76
1629057,Robert Williams III,22100322530,Shot Chart Detail,22100322,530,1610612738,Boston Celtics,4,6,48,Missed Shot,Tip Layup Shot,,Restricted Area,Center(C),Less Than 8 ft.,0,0,0,1,0,20211201,BOS,PHI,|1626196|1627759|1628369|1629057|203471,0,REG,2022,1630178|203083,,,,C,Roll + Cut Big,-0.23
203471,Dennis Schroder,22100322534,Shot Chart Detail,22100322,534,1610612738,Boston Celtics,4,6,26,Made Shot,Pullup Jump shot,,Restricted Area,Center(C),Less Than 8 ft.,3,31,11,1,1,20211201,BOS,PHI,|1626196|1627759|1628369|1629057|203471,0,REG,2022,203083,C,Anchor Big,1.99,PG,Shot Creator,-0.76
1628369,Jayson Tatum,22100322537,Shot Chart Detail,22100322,537,1610612738,Boston Celtics,4,5,53,Missed Shot,Pullup Jump shot,,Above the Break 3,Right Side Center(RC),24+ ft.,25,120,227,1,0,20211201,BOS,PHI,|1626196|1627759|1628369|1629057|203471,0,REG,2022,203083,C,Anchor Big,1.99,SF,Shot Creator,3.33
1630550,JT Thor,22100353100,Shot Chart Detail,22100353,100,1610612766,Charlotte Hornets,1,1,55,Made Shot,Cutting Dunk Shot,,Restricted Area,Center(C),Less Than 8 ft.,2,20,20,1,1,20211206,CHA,PHI,|1626162|1629023|1630547|1630550|202330,1,REG,2022,203083,C,Anchor Big,1.99,PF,Athletic Finisher,-1.72
1629023,P.J. Washington,22100353146,Shot Chart Detail,22100353,146,1610612766,Charlotte Hornets,2,11,28,Made Shot,Jump Shot,,Above the Break 3,Center(C),24+ ft.,26,33,259,1,1,20211206,CHA,PHI,|1628998|1629023|1630547|1630550|202330,1,REG,2022,203083,C,Anchor Big,1.99,C,Athletic Finisher,-0.05
202330,Gordon Hayward,22100353150,Shot Chart Detail,22100353,150,1610612766,Charlotte Hornets,2,10,51,Missed Shot,Jump Shot,,Above the Break 3,Right Side Center(RC),24+ ft.,25,153,200,1,0,20211206,CHA,PHI,|1628998|1629023|1630547|1630550|202330,0,REG,2022,203083,C,Anchor Big,1.99,SF,Shot Creator,0.35
1629023,P.J. Washington,22100353158,Shot Chart Detail,22100353,158,1610612766,Charlotte Hornets,2,9,59,Missed Shot,Pullup Jump shot,,Above the Break 3,Center(C),24+ ft.,26,-10,260,1,0,20211206,CHA,PHI,|1628998|1629023|1630547|1630550|202330,0,REG,2022,203083,C,Anchor Big,1.99,C,Athletic Finisher,-0.05
1629023,P.J. Washington,22100353164,Shot Chart Detail,22100353,164,1610612766,Charlotte Hornets,2,9,50,Missed Shot,Driving Floating Bank Jump Shot,,Restricted Area,Center(C),Less Than 8 ft.,2,9,26,1,0,20211206,CHA,PHI,|1628998|1629023|1630547|1630550|202330,0,REG,2022,203083,C,Anchor Big,1.99,C,Athletic Finisher,-0.05
1629023,P.J. Washington,22100353166,Shot Chart Detail,22100353,166,1610612766,Charlotte Hornets,2,9,45,Made Shot,Tip Layup Shot,,Restricted Area,Center(C),Less Than 8 ft.,0,0,0,1,1,20211206,CHA,PHI,|1628998|1629023|1630547|1630550|202330,0,REG,2022,1630198|203083,,,,C,Athletic Finisher,-0.05
1630547,James Bouknight,22100353190,Shot Chart Detail,22100353,190,1610612766,Charlotte Hornets,2,7,46,Missed Shot,Driving Reverse Layup Shot,,In The Paint (Non-RA),Center(C),Less Than 8 ft.,5,16,-51,1,0,20211206,CHA,PHI,|1626162|1628970|1628998|1629023|1630547,0,REG,2022,203083,C,Anchor Big,1.99,SG,Athletic Finisher,-0.49
202330,Gordon Hayward,22100353470,Shot Chart Detail,22100353,470,1610612766,Charlotte Hornets,3,0,0,Made Shot,Layup Shot,,Restricted Area,Center(C),Less Than 8 ft.,2,-12,25,1,1,20211206,CHA,PHI,|1626162|1629023|1630547|1630550|202330,1,REG,2022,1627788|203083,,,,SF,Shot Creator,0.35
1629023,P.J. Washington,22100353530,Shot Chart Detail,22100353,530,1610612766,Charlotte Hornets,4,7,32,Missed Shot,Jump Shot,,Above the Break 3,Center(C),24+ ft.,26,18,261,1,0,20211206,CHA,PHI,|1628970|1629023|1630547|1630550|202330,0,REG,2022,203083,C,Anchor Big,1.99,C,Athletic Finisher,-0.05
203497,Rudy Gobert,22100379135,Shot Chart Detail,22100379,135,1610612762,Utah Jazz,1,0,22,Missed Shot,Fadeaway Jump Shot,,In The Paint (Non-RA),Center(C),8-16 ft.,10,-17,99,1,0,20211209,PHI,UTA,|200752|201144|203497|203903|204060,0,REG,2022,203083,C,Anchor Big,1.99,C,Roll + Cut Big,1.08
201144,Mike Conley,22100379155,Shot Chart Detail,22100379,155,1610612762,Utah Jazz,2,11,8,Made Shot,Driving Finger Roll Layup Shot,,Restricted Area,Center(C),Less Than 8 ft.,2,-28,-10,1,1,20211209,PHI,UTA,|200752|201144|203497|203903|204060,1,REG,2022,1629003|203083,,,,PG,Primary Ball Handler,1.55
203903,Jordan Clarkson,22100379187,Shot Chart Detail,22100379,187,1610612762,Utah Jazz,2,8,43,Missed Shot,Jump Shot,,Above the Break 3,Right Side Center(RC),24+ ft.,24,157,190,1,0,20211209,PHI,UTA,|1630235|200752|203497|203903|204060,0,REG,2022,203083,C,Anchor Big,1.99,SG,Secondary Ball Handler,2.05
200752,Rudy Gay,22100379191,Shot Chart Detail,22100379,191,1610612762,Utah Jazz,2,8,23,Made Shot,Jump Shot,,Above the Break 3,Center(C),24+ ft.,26,0,263,1,1,20211209,PHI,UTA,|1630235|200752|203497|203903|204060,1,REG,2022,1627777|203083,,,,PF,Low Minute,0.1
204060,Joe Ingles,22100379213,Shot Chart Detail,22100379,213,1610612762,Utah Jazz,2,7,6,Made Shot,Pullup Jump shot,,Above the Break 3,Right Side Center(RC),24+ ft.,24,181,166,1,1,20211209,PHI,UTA,|1630235|200752|202355|203903|204060,0,REG,2022,203083,C,Anchor Big,1.99,SF,Movement Shooter,-0.36
202355,Hassan Whiteside,22100379455,Shot Chart Detail,22100379,455,1610612762,Utah Jazz,3,1,58,Made Shot,Alley Oop Dunk Shot,,Restricted Area,Center(C),Less Than 8 ft.,1,9,12,1,1,20211209,PHI,UTA,|200752|201144|202355|203903|204060,1,REG,2022,203083,C,Anchor Big,1.99,C,Roll + Cut Big,0.62
202355,Hassan Whiteside,22100379461,Shot Chart Detail,22100379,461,1610612762,Utah Jazz,3,1,23,Missed Shot,Floating Jump shot,,In The Paint (Non-RA),Center(C),8-16 ft.,12,-40,116,1,0,20211209,PHI,UTA,|200752|201144|202355|203903|204060,0,REG,2022,1629680|1629003|203083,,,,C,Roll + Cut Big,0.62
202357,Nemanja Bjelica,22100396129,Shot Chart Detail,22100396,129,1610612744,Golden State Warriors,1,1,47,Missed Shot,Jump Shot,,Above the Break 3,Left Side Center(LC),24+ ft.,25,-131,222,1,0,20211211,PHI,GSW,|1627780|201939|202357|203490|2738,0,REG,2022,203083,C,Anchor Big,1.99,C,Stretch Big,-0.04
201939,Stephen Curry,22100396150,Shot Chart Detail,22100396,150,1610612744,Golden State Warriors,1,0,2,Missed Shot,Pullup Jump shot,,Above the Break 3,Center(C),24+ ft.,26,-44,264,1,0,20211211,PHI,GSW,|1627780|201939|202357|203490|2738,0,REG,2022,203083,C,Anchor Big,1.99,PG,Primary Ball Handler,3.73
202357,Nemanja Bjelica,22100396194,Shot Chart Detail,22100396,194,1610612744,Golden State Warriors,2,8,13,Missed Shot,Jump Shot,,Above the Break 3,Right Side Center(RC),24+ ft.,27,109,252,1,0,20211211,PHI,GSW,|1627814|201939|202357|203110|2738,0,REG,2022,203083,C,Anchor Big,1.99,C,Stretch Big,-0.04
1627814,Damion Lee,22100396209,Shot Chart Detail,22100396,209,1610612744,Golden State Warriors,2,7,55,Missed Shot,Pullup Jump shot,,Mid-Range,Center(C),16-24 ft.,21,36,214,1,0,20211211,PHI,GSW,|1626172|1627814|1629673|203110|203952,0,REG,2022,203083,C,Anchor Big,1.99,SG,Off Screen Shooter,-1.08
2738,Andre Iguodala,22100396452,Shot Chart Detail,22100396,452,1610612744,Golden State Warriors,3,0,36,Missed Shot,Jump Shot,,Above the Break 3,Left Side Center(LC),24+ ft.,25,-183,171,1,0,20211211,PHI,GSW,|1627780|1629673|202357|203490|2738,0,REG,2022,203083,C,Anchor Big,1.99,SF,Athletic Finisher,-0.25
1627780,Gary Payton II,22100396476,Shot Chart Detail,22100396,476,1610612744,Golden State Warriors,4,10,33,Missed Shot,Running Layup Shot,2PT Field Goal,Restricted Area,Center(C),Less Than 8 ft.,2,-23,3,1,0,20211211,PHI,GSW,|1627780|201939|202357|203490|2738,0,REG,2022,1627777|203083,,,,SG,Stretch Big,0.59
203490,Otto Porter Jr.,22100396478,Shot Chart Detail,22100396,478,1610612744,Golden State Warriors,4,10,28,Missed Shot,Tip Layup Shot,,Restricted Area,Center(C),Less Than 8 ft.,0,0,0,1,0,20211211,PHI,GSW,|1627780|201939|202357|203490|2738,0,REG,2022,1627788|1629003|203083,,,,PF,Athletic Finisher,0.16
203110,Draymond Green,22100396523,Shot Chart Detail,22100396,523,1610612744,Golden State Warriors,4,7,24,Made Shot,Driving Dunk Shot,,Restricted Area,Center(C),Less Than 8 ft.,0,-1,-2,1,1,20211211,PHI,GSW,|1627814|201939|203110|203490|203952,1,REG,2022,203083,C,Anchor Big,1.99,PF,Roll + Cut Big,-1.31
1628415,Dillon Brooks,2210040943,Shot Chart Detail,22100409,43,1610612763,Memphis Grizzlies,1,9,8,Made Shot,Pullup Jump shot,,In The Paint (Non-RA),Center(C),8-16 ft.,12,26,125,1,1,20211213,MEM,PHI,|1626145|1628415|1628991|1630217|203500,0,REG,2022,203083,C,Anchor Big,1.99,SF,Shot Creator,0.45
1630217,Desmond Bane,2210040946,Shot Chart Detail,22100409,46,1610612763,Memphis Grizzlies,1,8,33,Made Shot,Driving Floating Bank Jump Shot,,In The Paint (Non-RA),Center(C),Less Than 8 ft.,7,4,79,1,1,20211213,MEM,PHI,|1626145|1628415|1628991|1630217|203500,1,REG,2022,203083,C,Anchor Big,1.99,SG,Off Screen Shooter,1.76
1628415,Dillon Brooks,2210040964,Shot Chart Detail,22100409,64,1610612763,Memphis Grizzlies,1,7,14,Missed Shot,Jump Shot,,Above the Break 3,Left Side Center(LC),24+ ft.,23,-165,174,1,0,20211213,MEM,PHI,|1626145|1628415|1628991|1630217|203500,0,REG,2022,203083,C,Anchor Big,1.99,SF,Shot Creator,0.45
1628415,Dillon Brooks,2210040999,Shot Chart Detail,22100409,99,1610612763,Memphis Grizzlies,1,4,25,Made Shot,Running Finger Roll Layup Shot,,Restricted Area,Center(C),Less Than 8 ft.,2,22,5,1,1,20211213,MEM,PHI,|1626145|1628415|1629001|203500|203937,0,REG,2022,201980|203083,,,,SF,Shot Creator,0.45
1629001,De'Anthony Melton,22100409102,Shot Chart Detail,22100409,102,1610612763,Memphis Grizzlies,1,4,1,Missed Shot,Jump Shot,,Above the Break 3,Left Side Center(LC),24+ ft.,24,-100,229,1,0,20211213,MEM,PHI,|1626145|1628415|1629001|203500|203937,0,REG,2022,203083,C,Anchor Big,1.99,SG,Movement Shooter,0.0
1628991,Jaren Jackson Jr.,22100409225,Shot Chart Detail,22100409,225,1610612763,Memphis Grizzlies,2,7,54,Missed Shot,Jump Shot,3PT Field Goal,Above the Break 3,Right Side Center(RC),24+ ft.,25,132,218,1,0,20211213,MEM,PHI,|1628991|1629681|1629723|1630217|203500,0,REG,2022,203083,C,Anchor Big,1.99,PF,Movement Shooter,0.7
1630217,Desmond Bane,22100409232,Shot Chart Detail,22100409,232,1610612763,Memphis Grizzlies,2,7,29,Missed Shot,Running Pull-Up Jump Shot,,Mid-Range,Center(C),8-16 ft.,14,9,145,1,0,20211213,MEM,PHI,|1628991|1629681|1629723|1630217|203500,0,REG,2022,202699|203083,,,,SG,Off Screen Shooter,1.76
1626145,Tyus Jones,22100409253,Shot Chart Detail,22100409,253,1610612763,Memphis Grizzlies,2,5,27,Made Shot,Driving Floating Jump Shot,2PT Field Goal,In The Paint (Non-RA),Center(C),8-16 ft.,8,-21,79,1,1,20211213,MEM,PHI,|1626145|1628991|1629723|1630217|203500,0,REG,2022,203083,C,Anchor Big,1.99,PG,Primary Ball Handler,1.11
1628415,Dillon Brooks,22100409273,Shot Chart Detail,22100409,273,1610612763,Memphis Grizzlies,2,3,53,Made Shot,Step Back Jump shot,,Mid-Range,Center(C),16-24 ft.,19,27,192,1,1,20211213,MEM,PHI,|1626145|1628415|1629001|203500|203937,0,REG,2022,203083,C,Anchor Big,1.99,SF,Shot Creator,0.45
203500,Steven Adams,22100409277,Shot Chart Detail,22100409,277,1610612763,Memphis Grizzlies,2,3,23,Made Shot,Driving Dunk Shot,,Restricted Area,Center(C),Less Than 8 ft.,0,-4,6,1,1,20211213,MEM,PHI,|1626145|1628415|1629001|203500|203937,0,REG,2022,203083,C,Anchor Big,1.99,C,Post Scorer,0.41
203500,Steven Adams,22100409282,Shot Chart Detail,22100409,282,1610612763,Memphis Grizzlies,2,2,38,Missed Shot,Cutting Layup Shot,,Restricted Area,Center(C),Less Than 8 ft.,2,-23,8,1,0,20211213,MEM,PHI,|1626145|1628415|1629001|203500|203937,0,REG,2022,203083,C,Anchor Big,1.99,C,Post Scorer,0.41
1628415,Dillon Brooks,22100409297,Shot Chart Detail,22100409,297,1610612763,Memphis Grizzlies,2,1,5,Made Shot,Driving Finger Roll Layup Shot,,Restricted Area,Center(C),Less Than 8 ft.,3,-21,24,1,1,20211213,MEM,PHI,|1626145|1628415|1628991|1629001|203937,1,REG,2022,1629680|203083,,,,SF,Shot Creator,0.45
1628991,Jaren Jackson Jr.,22100409333,Shot Chart Detail,22100409,333,1610612763,Memphis Grizzlies,3,11,42,Made Shot,Driving Floating Jump Shot,,In The Paint (Non-RA),Center(C),Less Than 8 ft.,6,6,64,1,1,20211213,MEM,PHI,|1626145|1628415|1628991|1630217|203500,1,REG,2022,203083,C,Anchor Big,1.99,PF,Movement Shooter,0.7
1628415,Dillon Brooks,22100409354,Shot Chart Detail,22100409,354,1610612763,Memphis Grizzlies,3,9,21,Made Shot,Pullup Jump shot,,Mid-Range,Right Side(R),8-16 ft.,14,93,109,1,1,20211213,MEM,PHI,|1626145|1628415|1628991|1630217|203500,1,REG,2022,1629680|203083,,,,SF,Shot Creator,0.45
1628991,Jaren Jackson Jr.,22100409377,Shot Chart Detail,22100409,377,1610612763,Memphis Grizzlies,3,7,17,Missed Shot,Driving Layup Shot,,In The Paint (Non-RA),Center(C),Less Than 8 ft.,5,16,53,1,0,20211213,MEM,PHI,|1626145|1628415|1628991|1630217|203500,0,REG,2022,203083,C,Anchor Big,1.99,PF,Movement Shooter,0.7
1630209,Omer Yurtseven,22100419146,Shot Chart Detail,22100419,146,1610612748,Miami Heat,1,0,38,Missed Shot,Reverse Layup Shot,,Restricted Area,Center(C),Less Than 8 ft.,0,-4,8,1,0,20211215,PHI,MIA,|1629130|1629216|1629622|1630209|200782,0,REG,2022,1630198|203083,,,,C,Roll + Cut Big,-0.45
1629622,Max Strus,22100419193,Shot Chart Detail,22100419,193,1610612748,Miami Heat,2,10,30,Missed Shot,Pullup Jump shot,,Above the Break 3,Left Side Center(LC),24+ ft.,25,-207,157,1,0,20211215,PHI,MIA,|1629216|1629622|1630209|1630585|200782,0,REG,2022,201980|203083,,,,SF,Off Screen Shooter,-0.06
1630209,Omer Yurtseven,22100419195,Shot Chart Detail,22100419,195,1610612748,Miami Heat,2,10,23,Made Shot,Dunk Shot,,Restricted Area,Center(C),Less Than 8 ft.,0,-4,4,1,1,20211215,PHI,MIA,|1629216|1629622|1630209|1630585|200782,0,REG,2022,203083,C,Anchor Big,1.99,C,Roll + Cut Big,-0.45
1630209,Omer Yurtseven,22100419199,Shot Chart Detail,22100419,199,1610612748,Miami Heat,2,9,48,Made Shot,Turnaround Hook Shot,,In The Paint (Non-RA),Center(C),Less Than 8 ft.,4,-38,27,1,1,20211215,PHI,MIA,|1629216|1629622|1630209|1630585|200782,1,REG,2022,203083,C,Anchor Big,1.99,C,Roll + Cut Big,-0.45
1628418,Thomas Bryant,2210046414,Shot Chart Detail,22100464,14,1610612764,Washington Wizards,1,10,53,Made Shot,Pullup Jump shot,,Mid-Range,Right Side(R),16-24 ft.,19,158,109,1,1,20220217,BKN,WAS,|1628398|1628418|1630557|203484|203526,0,REG,2022,203083,C,Anchor Big,1.99,C,Roll + Cut Big,-1.14
1628418,Thomas Bryant,2210046434,Shot Chart Detail,22100464,34,1610612764,Washington Wizards,1,8,37,Made Shot,Cutting Dunk Shot,,Restricted Area,Center(C),Less Than 8 ft.,0,1,5,1,1,20220217,BKN,WAS,|1628398|1628418|1630557|203484|203526,1,REG,2022,203083,C,Anchor Big,1.99,C,Roll + Cut Big,-1.14
1628418,Thomas Bryant,22100464286,Shot Chart Detail,22100464,286,1610612764,Washington Wizards,2,4,18,Made Shot,Jump Shot,,Mid-Range,Left Side Center(LC),16-24 ft.,19,-98,171,1,1,20220217,BKN,WAS,|1628398|1628418|1630557|203484|203526,0,REG,2022,203083,C,Anchor Big,1.99,C,Roll + Cut Big,-1.14
1628398,Kyle Kuzma,22100464289,Shot Chart Detail,22100464,289,1610612764,Washington Wizards,2,3,45,Missed Shot,Driving Bank Hook Shot,2PT Field Goal,In The Paint (Non-RA),Center(C),Less Than 8 ft.,7,66,34,1,0,20220217,BKN,WAS,|1628398|1628418|1630557|203484|203526,0,REG,2022,203083|1628971,,,,PF,Movement Shooter,-0.74
1630166,Deni Avdija,22100464313,Shot Chart Detail,22100464,313,1610612764,Washington Wizards,2,2,31,Made Shot,Running Layup Shot,,Restricted Area,Center(C),Less Than 8 ft.,1,-16,4,1,1,20220217,BKN,WAS,|1628398|1629655|1630166|203484|203526,0,REG,2022,203083,C,Anchor Big,1.99,SF,Athletic Finisher,-0.89
203526,Raul Neto,22100464370,Shot Chart Detail,22100464,370,1610612764,Washington Wizards,3,11,16,Made Shot,Driving Floating Jump Shot,,In The Paint (Non-RA),Center(C),Less Than 8 ft.,6,15,59,1,1,20220217,BKN,WAS,|1628398|1628418|1630557|203484|203526,0,REG,2022,203083,C,Anchor Big,1.99,PG,Slasher,-0.92
1628398,Kyle Kuzma,22100464375,Shot Chart Detail,22100464,375,1610612764,Washington Wizards,3,10,45,Missed Shot,Jump Shot,3PT Field Goal,Above the Break 3,Center(C),24+ ft.,25,-6,259,1,0,20220217,BKN,WAS,|1628398|1628418|1630557|203484|203526,0,REG,2022,203083,C,Anchor Big,1.99,PF,Movement Shooter,-0.74
1629060,Rui Hachimura,22100464556,Shot Chart Detail,22100464,556,1610612764,Washington Wizards,4,6,48,Made Shot,Cutting Dunk Shot,2PT Field Goal,Restricted Area,Center(C),Less Than 8 ft.,1,9,13,1,1,20220217,BKN,WAS,|1629060|1630166|1630264|1630557|202397,1,REG,2022,203083,C,Anchor Big,1.99,PF,Shot Creator,-0.88
1629057,Robert Williams III,22100635462,Shot Chart Detail,22100635,462,1610612738,Boston Celtics,3,0,31,Made Shot,Layup Shot,,Restricted Area,Center(C),Less Than 8 ft.,1,9,-6,1,1,20220114,PHI,BOS,|1626196|1627759|1628369|1629057|1630202,1,REG,2022,203083,C,Anchor Big,1.99,C,Roll + Cut Big,-0.23
1628369,Jayson Tatum,22100635480,Shot Chart Detail,22100635,480,1610612738,Boston Celtics,4,10,35,Made Shot,Driving Layup Shot,,Restricted Area,Center(C),Less Than 8 ft.,1,6,17,1,1,20220114,PHI,BOS,|1626196|1627759|1628369|1629057|1630202,0,REG,2022,203083|1627788,,,,SF,Shot Creator,3.33
1630202,Payton Pritchard,22100635513,Shot Chart Detail,22100635,513,1610612738,Boston Celtics,4,7,57,Made Shot,Pullup Jump shot,,Mid-Range,Center(C),16-24 ft.,18,23,185,1,1,20220114,PHI,BOS,|1629641|1629684|1630174|1630202|202683,0,REG,2022,203083,C,Anchor Big,1.99,PG,Secondary Ball Handler,0.58
1630202,Payton Pritchard,22100635516,Shot Chart Detail,22100635,516,1610612738,Boston Celtics,4,7,19,Made Shot,Pullup Jump shot,,Above the Break 3,Right Side Center(RC),24+ ft.,26,97,251,1,1,20220114,PHI,BOS,|1629641|1629684|1630174|1630202|202683,0,REG,2022,203083,C,Anchor Big,1.99,PG,Secondary Ball Handler,0.58
1629684,Grant Williams,22100635581,Shot Chart Detail,22100635,581,1610612738,Boston Celtics,4,2,1,Made Shot,Running Layup Shot,,Restricted Area,Center(C),Less Than 8 ft.,1,5,13,1,1,20220114,PHI,BOS,|1628981|1629641|1629684|1630174|1630271,0,REG,2022,203083|1627777,,,,PF,Athletic Finisher,-1.75
1628981,Bruno Fernando,22100635622,Shot Chart Detail,22100635,622,1610612738,Boston Celtics,4,0,16,Made Shot,Fadeaway Jump Shot,2PT Field Goal,Mid-Range,Center(C),16-24 ft.,16,-42,159,1,1,20220114,PHI,BOS,|1628981|1629641|1629684|1630174|1630271,0,REG,2022,203083,C,Anchor Big,1.99,C,Roll + Cut Big,-0.26
203920,Khem Birch,2210072618,Shot Chart Detail,22100726,18,1610612761,Toronto Raptors,1,11,19,Missed Shot,Floating Jump shot,,In The Paint (Non-RA),Right Side(R),8-16 ft.,9,65,64,1,0,20220228,BKN,TOR,|1627783|1629018|1630201|1630567|203920,0,REG,2022,203083,C,Anchor Big,1.99,C,Roll + Cut Big,-1.15
1630567,Scottie Barnes,2210072660,Shot Chart Detail,22100726,60,1610612761,Toronto Raptors,1,8,44,Made Shot,Floating Jump shot,,Mid-Range,Left Side(L),8-16 ft.,10,-108,-1,1,1,20220228,BKN,TOR,|1627783|1629018|1630201|1630567|203920,0,REG,2022,203083,C,Anchor Big,1.99,PF,Shot Creator,-0.19
1630201,Malachi Flynn,2210072678,Shot Chart Detail,22100726,78,1610612761,Toronto Raptors,1,7,38,Made Shot,Pullup Jump shot,,Mid-Range,Right Side Center(RC),16-24 ft.,17,119,122,1,1,20220228,BKN,TOR,|1627783|1629018|1630173|1630201|1630567,1,REG,2022,203083,C,Anchor Big,1.99,PG,Shot Creator,-0.35
1629018,Gary Trent Jr.,22100726100,Shot Chart Detail,22100726,100,1610612761,Toronto Raptors,1,6,38,Missed Shot,Driving Layup Shot,,Restricted Area,Center(C),Less Than 8 ft.,3,-33,19,1,0,20220228,BKN,TOR,|1627783|1628449|1629018|1630173|1630567,0,REG,2022,203083|201988,,,,SG,Secondary Ball Handler,0.55
1630567,Scottie Barnes,22100726297,Shot Chart Detail,22100726,297,1610612761,Toronto Raptors,2,4,18,Made Shot,Tip Layup Shot,,Restricted Area,Center(C),Less Than 8 ft.,0,0,0,1,1,20220228,BKN,TOR,|1627783|1629018|1630201|1630567|201152,0,REG,2022,203083,C,Anchor Big,1.99,PF,Shot Creator,-0.19
1630173,Precious Achiuwa,22100726311,Shot Chart Detail,22100726,311,1610612761,Toronto Raptors,2,3,41,Made Shot,Driving Floating Bank Jump Shot,,In The Paint (Non-RA),Right Side(R),8-16 ft.,8,74,51,1,1,20220228,BKN,TOR,|1627783|1629018|1630173|1630201|1630567,0,REG,2022,203083,C,Anchor Big,1.99,C,Shot Creator,-1.17
1629018,Gary Trent Jr.,22100726372,Shot Chart Detail,22100726,372,1610612761,Toronto Raptors,3,11,39,Missed Shot,Driving Floating Jump Shot,,Mid-Range,Right Side(R),8-16 ft.,13,132,16,1,0,20220228,BKN,TOR,|1627783|1629018|1630201|1630567|203920,0,REG,2022,203083|201949,,,,SG,Secondary Ball Handler,0.55
1627783,Pascal Siakam,22100726397,Shot Chart Detail,22100726,397,1610612761,Toronto Raptors,3,9,8,Missed Shot,Fadeaway Jump Shot,2PT Field Goal,In The Paint (Non-RA),Right Side(R),8-16 ft.,8,53,63,1,0,20220228,BKN,TOR,|1627783|1629018|1630201|1630567|203920,0,REG,2022,203083,C,Anchor Big,1.99,PF,Shot Creator,1.28
2546,Carmelo Anthony,22100733128,Shot Chart Detail,22100733,128,1610612747,Los Angeles Lakers,1,0,48,Made Shot,Turnaround Fadeaway shot,,Mid-Range,Left Side(L),16-24 ft.,16,-164,42,1,1,20220127,PHI,LAL,|1629659|1630559|201566|2546|2730,1,REG,2022,201980|1627777|203083,,,,PF,Versatile Big,-0.23
201566,Russell Westbrook,22100733144,Shot Chart Detail,22100733,144,1610612747,Los Angeles Lakers,2,11,46,Made Shot,Pullup Jump shot,,In The Paint (Non-RA),Right Side(R),8-16 ft.,12,69,100,1,1,20220127,PHI,LAL,|1629659|1630559|201566|2546|2730,0,REG,2022,201980|1627788|203083,,,,PG,Shot Creator,0.48
1629659,Talen Horton-Tucker,22100733177,Shot Chart Detail,22100733,177,1610612747,Los Angeles Lakers,2,8,36,Missed Shot,Layup Shot,2PT Field Goal,Restricted Area,Center(C),Less Than 8 ft.,2,22,7,1,0,20220127,PHI,LAL,|1629659|1630559|201566|2546|2730,0,REG,2022,1627777|203083,,,,SG,Secondary Ball Handler,-0.74
2546,Carmelo Anthony,22100733202,Shot Chart Detail,22100733,202,1610612747,Los Angeles Lakers,2,7,5,Missed Shot,Driving Reverse Layup Shot,,Restricted Area,Center(C),Less Than 8 ft.,2,23,15,1,0,20220127,PHI,LAL,|1626169|1628370|1630559|203076|2546,0,REG,2022,1627777|1630198|203083,,,,PF,Versatile Big,-0.23
2546,Carmelo Anthony,22100733204,Shot Chart Detail,22100733,204,1610612747,Los Angeles Lakers,2,7,1,Made Shot,Tip Layup Shot,,Restricted Area,Center(C),Less Than 8 ft.,0,0,0,1,1,20220127,PHI,LAL,|1626169|1628370|1630559|203076|2546,0,REG,2022,1627777|1630198|203083,,,,PF,Versatile Big,-0.23
201566,Russell Westbrook,22100733520,Shot Chart Detail,22100733,520,1610612747,Los Angeles Lakers,4,9,15,Made Shot,Running Layup Shot,,Restricted Area,Center(C),Less Than 8 ft.,1,-1,15,1,1,20220127,PHI,LAL,|1630559|201566|201961|203076|2546,0,REG,2022,1630198|203083,,,,PG,Shot Creator,0.48
1626169,Stanley Johnson,22100733615,Shot Chart Detail,22100733,615,1610612747,Los Angeles Lakers,4,1,52,Missed Shot,Driving Finger Roll Layup Shot,2PT Field Goal,Restricted Area,Center(C),Less Than 8 ft.,3,20,24,1,0,20220127,PHI,LAL,|1626169|1629659|1630559|201961|203145,0,REG,2022,203083,C,Anchor Big,1.99,PF,Athletic Finisher,-0.77
1626169,Stanley Johnson,22100733631,Shot Chart Detail,22100733,631,1610612747,Los Angeles Lakers,4,0,25,Missed Shot,Jump Shot,3PT Field Goal,Above the Break 3,Left Side Center(LC),24+ ft.,25,-110,225,1,0,20220127,PHI,LAL,|1626169|1629659|1630559|201961|203145,0,REG,2022,203083,C,Anchor Big,1.99,PF,Athletic Finisher,-0.77
1629630,Ja Morant,2210076125,Shot Chart Detail,22100761,25,1610612763,Memphis Grizzlies,1,9,8,Made Shot,Driving Layup Shot,,Restricted Area,Center(C),Less Than 8 ft.,1,-12,8,1,1,20220131,PHI,MEM,|1628991|1629630|1630217|1630533|203500,1,REG,2022,1629680|203083,,,,PG,Slasher,3.6
1629630,Ja Morant,2210076177,Shot Chart Detail,22100761,77,1610612763,Memphis Grizzlies,1,5,40,Missed Shot,Pullup Jump shot,,In The Paint (Non-RA),Center(C),8-16 ft.,9,26,95,1,0,20220131,PHI,MEM,|1629001|1629630|1630533|203500|203937,0,REG,2022,203083,C,Anchor Big,1.99,PG,Slasher,3.6
1629634,Brandon Clarke,22100761117,Shot Chart Detail,22100761,117,1610612763,Memphis Grizzlies,1,3,7,Made Shot,Pullup Jump shot,,Mid-Range,Center(C),16-24 ft.,16,-48,158,1,1,20220131,PHI,MEM,|1629001|1629630|1629634|1629723|203937,1,REG,2022,1630178|203083,,,,PF,Roll + Cut Big,1.37
1629630,Ja Morant,22100761125,Shot Chart Detail,22100761,125,1610612763,Memphis Grizzlies,1,2,22,Made Shot,Driving Finger Roll Layup Shot,,Restricted Area,Center(C),Less Than 8 ft.,0,0,-2,1,1,20220131,PHI,MEM,|1629001|1629630|1629634|1629723|203937,0,REG,2022,203083,C,Anchor Big,1.99,PG,Slasher,3.6
1629630,Ja Morant,22100761128,Shot Chart Detail,22100761,128,1610612763,Memphis Grizzlies,1,1,52,Missed Shot,Pullup Jump shot,,In The Paint (Non-RA),Center(C),Less Than 8 ft.,7,5,71,1,0,20220131,PHI,MEM,|1629001|1629630|1629634|1629723|203937,0,REG,2022,203083,C,Anchor Big,1.99,PG,Slasher,3.6
1626145,Tyus Jones,22100761225,Shot Chart Detail,22100761,225,1610612763,Memphis Grizzlies,2,7,39,Missed Shot,Driving Floating Jump Shot,2PT Field Goal,In The Paint (Non-RA),Center(C),8-16 ft.,10,6,104,1,0,20220131,PHI,MEM,|1626145|1628991|1630217|1630533|203500,0,REG,2022,203083,C,Anchor Big,1.99,PG,Primary Ball Handler,1.11
203500,Steven Adams,22100761259,Shot Chart Detail,22100761,259,1610612763,Memphis Grizzlies,2,4,44,Made Shot,Reverse Layup Shot,,Restricted Area,Center(C),Less Than 8 ft.,1,-16,3,1,1,20220131,PHI,MEM,|1628991|1629001|1629630|1630533|203500,1,REG,2022,203083,C,Anchor Big,1.99,C,Post Scorer,0.41
1629001,De'Anthony Melton,22100761269,Shot Chart Detail,22100761,269,1610612763,Memphis Grizzlies,2,4,12,Missed Shot,Jump Shot,3PT Field Goal,Above the Break 3,Right Side Center(RC),24+ ft.,26,125,235,1,0,20220131,PHI,MEM,|1629001|1629630|1630533|203500|203937,0,REG,2022,203083,C,Anchor Big,1.99,SG,Movement Shooter,0.0
1629001,De'Anthony Melton,22100761285,Shot Chart Detail,22100761,285,1610612763,Memphis Grizzlies,2,3,11,Missed Shot,Driving Floating Jump Shot,2PT Field Goal,Mid-Range,Right Side Center(RC),16-24 ft.,18,112,152,1,0,20220131,PHI,MEM,|1629001|1629630|1630533|203500|203937,0,REG,2022,203083,C,Anchor Big,1.99,SG,Movement Shooter,0.0
1629001,De'Anthony Melton,22100761301,Shot Chart Detail,22100761,301,1610612763,Memphis Grizzlies,2,2,32,Made Shot,Driving Floating Jump Shot,2PT Field Goal,In The Paint (Non-RA),Right Side(R),8-16 ft.,10,74,80,1,1,20220131,PHI,MEM,|1629001|1629630|1630533|203500|203937,1,REG,2022,1629680|203083,,,,SG,Movement Shooter,0.0
1630533,Ziaire Williams,22100761307,Shot Chart Detail,22100761,307,1610612763,Memphis Grizzlies,2,1,58,Missed Shot,Pullup Jump shot,,In The Paint (Non-RA),Right Side(R),8-16 ft.,13,76,106,1,0,20220131,PHI,MEM,|1629001|1629630|1630533|203500|203937,0,REG,2022,203083,C,Anchor Big,1.99,SF,Movement Shooter,-1.15
1629630,Ja Morant,22100761320,Shot Chart Detail,22100761,320,1610612763,Memphis Grizzlies,2,0,49,Missed Shot,Driving Floating Jump Shot,,In The Paint (Non-RA),Center(C),Less Than 8 ft.,5,-5,50,1,0,20220131,PHI,MEM,|1629001|1629630|1630217|203500|203937,0,REG,2022,203083,C,Anchor Big,1.99,PG,Slasher,3.6
1629630,Ja Morant,22100761383,Shot Chart Detail,22100761,383,1610612763,Memphis Grizzlies,3,10,18,Made Shot,Finger Roll Layup Shot,,Restricted Area,Center(C),Less Than 8 ft.,0,2,4,1,1,20220131,PHI,MEM,|1628991|1629630|1630217|1630533|203500,0,REG,2022,203083,C,Anchor Big,1.99,PG,Slasher,3.6
1629630,Ja Morant,22100761387,Shot Chart Detail,22100761,387,1610612763,Memphis Grizzlies,3,9,50,Made Shot,Driving Layup Shot,,Restricted Area,Center(C),Less Than 8 ft.,1,-17,7,1,1,20220131,PHI,MEM,|1628991|1629630|1630217|1630533|203500,0,REG,2022,203083,C,Anchor Big,1.99,PG,Slasher,3.6
1629630,Ja Morant,22100761415,Shot Chart Detail,22100761,415,1610612763,Memphis Grizzlies,3,7,57,Made Shot,Pullup Jump shot,,In The Paint (Non-RA),Center(C),8-16 ft.,8,-10,88,1,1,20220131,PHI,MEM,|1628991|1629630|1630217|1630533|203500,0,REG,2022,203083,C,Anchor Big,1.99,PG,Slasher,3.6
1629630,Ja Morant,22100761418,Shot Chart Detail,22100761,418,1610612763,Memphis Grizzlies,3,7,20,Made Shot,Pullup Jump shot,,In The Paint (Non-RA),Center(C),8-16 ft.,9,-12,97,1,1,20220131,PHI,MEM,|1628991|1629630|1630217|1630533|203500,0,REG,2022,203083,C,Anchor Big,1.99,PG,Slasher,3.6
1630533,Ziaire Williams,22100761438,Shot Chart Detail,22100761,438,1610612763,Memphis Grizzlies,3,6,6,Made Shot,Driving Finger Roll Layup Shot,,Restricted Area,Center(C),Less Than 8 ft.,0,0,7,1,1,20220131,PHI,MEM,|1629630|1630217|1630533|203500|203937,1,REG,2022,203083,C,Anchor Big,1.99,SF,Movement Shooter,-1.15
1628991,Jaren Jackson Jr.,22100761557,Shot Chart Detail,22100761,557,1610612763,Memphis Grizzlies,4,9,36,Missed Shot,Jump Shot,,Right Corner 3,Right Side(R),24+ ft.,23,225,65,1,0,20220131,PHI,MEM,|1626145|1628991|1629634|1629723|1630217,0,REG,2022,203083,C,Anchor Big,1.99,PF,Movement Shooter,0.7
1626145,Tyus Jones,22100761571,Shot Chart Detail,22100761,571,1610612763,Memphis Grizzlies,4,7,51,Made Shot,Running Layup Shot,2PT Field Goal,Restricted Area,Center(C),Less Than 8 ft.,1,-9,8,1,1,20220131,PHI,MEM,|1626145|1628991|1629634|1629723|1630217,1,REG,2022,203083,C,Anchor Big,1.99,PG,Primary Ball Handler,1.11
1630217,Desmond Bane,22100761614,Shot Chart Detail,22100761,614,1610612763,Memphis Grizzlies,4,4,43,Made Shot,Pullup Jump shot,,Above the Break 3,Center(C),24+ ft.,25,-66,246,1,1,20220131,PHI,MEM,|1629630|1630217|1630533|203500|203937,1,REG,2022,203083,C,Anchor Big,1.99,SG,Off Screen Shooter,1.76
1629630,Ja Morant,22100761637,Shot Chart Detail,22100761,637,1610612763,Memphis Grizzlies,4,2,29,Missed Shot,Pullup Jump shot,,Above the Break 3,Left Side Center(LC),24+ ft.,25,-109,236,1,0,20220131,PHI,MEM,|1628991|1629630|1630217|1630533|203500,0,REG,2022,203083,C,Anchor Big,1.99,PG,Slasher,3.6
1629630,Ja Morant,22100761641,Shot Chart Detail,22100761,641,1610612763,Memphis Grizzlies,4,1,55,Made Shot,Driving Layup Shot,,Restricted Area,Center(C),Less Than 8 ft.,1,-9,7,1,1,20220131,PHI,MEM,|1628991|1629630|1630217|1630533|203500,0,REG,2022,203083,C,Anchor Big,1.99,PG,Slasher,3.6
1630217,Desmond Bane,22100761667,Shot Chart Detail,22100761,667,1610612763,Memphis Grizzlies,4,0,27,Missed Shot,Driving Layup Shot,,Restricted Area,Center(C),Less Than 8 ft.,2,-11,17,1,0,20220131,PHI,MEM,|1628991|1629630|1630217|1630533|203937,0,REG,2022,1630178|203083,,,,SG,Off Screen Shooter,1.76
1628991,Jaren Jackson Jr.,22100761720,Shot Chart Detail,22100761,720,1610612763,Memphis Grizzlies,5,4,32,Missed Shot,Layup Shot,2PT Field Goal,Restricted Area,Center(C),Less Than 8 ft.,1,-18,8,1,0,20220131,PHI,MEM,|1628991|1629630|1630217|1630533|203500,0,REG,2022,203083,C,Anchor Big,1.99,PF,Movement Shooter,0.7
1630217,Desmond Bane,22100761735,Shot Chart Detail,22100761,735,1610612763,Memphis Grizzlies,5,3,26,Made Shot,Pullup Jump shot,,Mid-Range,Center(C),8-16 ft.,15,45,152,1,1,20220131,PHI,MEM,|1628991|1629630|1630217|1630533|203500,0,REG,2022,203083,C,Anchor Big,1.99,SG,Off Screen Shooter,1.76
1630217,Desmond Bane,22100761737,Shot Chart Detail,22100761,737,1610612763,Memphis Grizzlies,5,2,47,Made Shot,Pullup Jump shot,,Mid-Range,Center(C),16-24 ft.,20,-7,204,1,1,20220131,PHI,MEM,|1628991|1629630|1630217|1630533|203500,0,REG,2022,203083,C,Anchor Big,1.99,SG,Off Screen Shooter,1.76
1629630,Ja Morant,22100761756,Shot Chart Detail,22100761,756,1610612763,Memphis Grizzlies,5,1,10,Missed Shot,Driving Floating Jump Shot,,In The Paint (Non-RA),Center(C),Less Than 8 ft.,5,1,58,1,0,20220131,PHI,MEM,|1628991|1629630|1630217|1630533|203500,0,REG,2022,201980|203083,,,,PG,Slasher,3.6
1627734,Domantas Sabonis,2210085935,Shot Chart Detail,22100859,35,1610612758,Sacramento Kings,1,8,50,Missed Shot,Hook Shot,2PT Field Goal,In The Paint (Non-RA),Center(C),Less Than 8 ft.,6,-64,16,1,0,20220214,BKN,SAC,|1627734|1628368|203084|203090|203200,0,REG,2022,203083,C,Anchor Big,1.99,PF,Post Scorer,0.54
203084,Harrison Barnes,2210085937,Shot Chart Detail,22100859,37,1610612758,Sacramento Kings,1,8,47,Missed Shot,Reverse Layup Shot,,Restricted Area,Center(C),Less Than 8 ft.,1,-9,11,1,0,20220214,BKN,SAC,|1627734|1628368|203084|203090|203200,0,REG,2022,203083|201988,,,,PF,Movement Shooter,0.43
1627734,Domantas Sabonis,2210085948,Shot Chart Detail,22100859,48,1610612758,Sacramento Kings,1,7,37,Made Shot,Layup Shot,2PT Field Goal,Restricted Area,Center(C),Less Than 8 ft.,1,-16,0,1,1,20220214,BKN,SAC,|1627734|1628368|203084|203090|203200,0,REG,2022,203083,C,Anchor Big,1.99,PF,Post Scorer,0.54
1626158,Richaun Holmes,22100859185,Shot Chart Detail,22100859,185,1610612758,Sacramento Kings,2,9,10,Missed Shot,Cutting Dunk Shot,2PT Field Goal,Restricted Area,Center(C),Less Than 8 ft.,0,7,3,1,0,20220214,BKN,SAC,|1626158|1628978|1629002|1630558|203200,0,REG,2022,203083|1628971,,,,C,Roll + Cut Big,-0.77
1628978,Donte DiVincenzo,22100859195,Shot Chart Detail,22100859,195,1610612758,Sacramento Kings,2,8,57,Missed Shot,Driving Layup Shot,,In The Paint (Non-RA),Center(C),Less Than 8 ft.,4,-32,27,1,0,20220214,BKN,SAC,|1627734|1628368|1628978|1629002|203200,0,REG,2022,203083,C,Anchor Big,1.99,SG,Secondary Ball Handler,-1.13
1628368,De'Aaron Fox,22100859199,Shot Chart Detail,22100859,199,1610612758,Sacramento Kings,2,8,49,Made Shot,Pullup Jump shot,,Mid-Range,Center(C),8-16 ft.,14,18,146,1,1,20220214,BKN,SAC,|1627734|1628368|1628978|1629002|203200,0,REG,2022,203083,C,Anchor Big,1.99,PG,Shot Creator,1.08
1627734,Domantas Sabonis,22100859320,Shot Chart Detail,22100859,320,1610612758,Sacramento Kings,3,11,46,Made Shot,Jump Shot,2PT Field Goal,Mid-Range,Right Side(R),8-16 ft.,13,137,13,1,1,20220214,BKN,SAC,|1627734|1628368|203084|203090|203200,1,REG,2022,203083,C,Anchor Big,1.99,PF,Post Scorer,0.54
1627734,Domantas Sabonis,22100859335,Shot Chart Detail,22100859,335,1610612758,Sacramento Kings,3,10,47,Missed Shot,Layup Shot,2PT Field Goal,Restricted Area,Center(C),Less Than 8 ft.,3,12,29,1,0,20220214,BKN,SAC,|1627734|1628368|203084|203090|203200,0,REG,2022,203083|1628971|1630556,,,,PF,Post Scorer,0.54
1627734,Domantas Sabonis,22100859362,Shot Chart Detail,22100859,362,1610612758,Sacramento Kings,3,9,1,Missed Shot,Jump Shot,2PT Field Goal,Mid-Range,Center(C),16-24 ft.,18,-50,175,1,0,20220214,BKN,SAC,|1627734|1628368|203084|203090|203200,0,REG,2022,203083,C,Anchor Big,1.99,PF,Post Scorer,0.54
203084,Harrison Barnes,22100859365,Shot Chart Detail,22100859,365,1610612758,Sacramento Kings,3,8,42,Made Shot,Fadeaway Jump Shot,,Mid-Range,Left Side(L),8-16 ft.,12,-97,74,1,1,20220214,BKN,SAC,|1627734|1628368|203084|203090|203200,0,REG,2022,203083,C,Anchor Big,1.99,PF,Movement Shooter,0.43
1626158,Richaun Holmes,22100859396,Shot Chart Detail,22100859,396,1610612758,Sacramento Kings,3,6,50,Missed Shot,Putback Layup Shot,2PT Field Goal,Restricted Area,Center(C),Less Than 8 ft.,2,-7,20,1,0,20220214,BKN,SAC,|1626158|1628368|1629002|1630558|203084,0,REG,2022,203083|201988,,,,C,Roll + Cut Big,-0.77
1626158,Richaun Holmes,22100859411,Shot Chart Detail,22100859,411,1610612758,Sacramento Kings,3,5,32,Made Shot,Hook Shot,2PT Field Goal,In The Paint (Non-RA),Left Side(L),8-16 ft.,8,-70,39,1,1,20220214,BKN,SAC,|1626158|1628978|1629002|1630558|203084,1,REG,2022,203083,C,Anchor Big,1.99,C,Roll + Cut Big,-0.77
1629002,Chimezie Metu,22100859415,Shot Chart Detail,22100859,415,1610612758,Sacramento Kings,3,4,55,Missed Shot,Driving Reverse Layup Shot,,Restricted Area,Center(C),Less Than 8 ft.,2,27,-3,1,0,20220214,BKN,SAC,|1626158|1628978|1629002|1630558|203084,0,REG,2022,203083|203552,,,,C,Athletic Finisher,-1.74
1626158,Richaun Holmes,22100859419,Shot Chart Detail,22100859,419,1610612758,Sacramento Kings,3,4,27,Missed Shot,Dunk Shot,2PT Field Goal,Restricted Area,Center(C),Less Than 8 ft.,1,12,6,1,0,20220214,BKN,SAC,|1626158|1628978|1629002|1630558|203084,0,REG,2022,203083,C,Anchor Big,1.99,C,Roll + Cut Big,-0.77
1626158,Richaun Holmes,22100859587,Shot Chart Detail,22100859,587,1610612758,Sacramento Kings,4,5,14,Made Shot,Jump Shot,2PT Field Goal,In The Paint (Non-RA),Center(C),8-16 ft.,12,-15,127,1,1,20220214,BKN,SAC,|1626158|1628368|1628978|203090|203200,1,REG,2022,203083,C,Anchor Big,1.99,C,Roll + Cut Big,-0.77
202689,Kemba Walker,2210087742,Shot Chart Detail,22100877,42,1610612752,New York Knicks,1,8,37,Made Shot,Pullup Jump shot,,Above the Break 3,Right Side Center(RC),24+ ft.,24,89,232,1,1,20220216,NYK,BKN,|1629011|1629656|202689|203095|203944,0,REG,2022,203083,C,Anchor Big,1.99,PG,Primary Ball Handler,-0.38
1629656,Quentin Grimes,2210087769,Shot Chart Detail,22100877,69,1610612752,New York Knicks,1,6,21,Made Shot,Running Layup Shot,,Restricted Area,Center(C),Less Than 8 ft.,0,-4,0,1,1,20220216,NYK,BKN,|1629011|1629656|202689|203095|203944,0,REG,2022,203083,C,Anchor Big,1.99,SG,Movement Shooter,-0.95
1629629,Cam Reddish,22100877214,Shot Chart Detail,22100877,214,1610612752,New York Knicks,2,7,25,Missed Shot,Driving Layup Shot,,Restricted Area,Center(C),Less Than 8 ft.,0,-4,6,1,0,20220216,NYK,BKN,|1629011|1629629|1630167|1630193|202692,0,REG,2022,203083,C,Anchor Big,1.99,SF,Secondary Ball Handler,-1.02
1630167,Obi Toppin,22100877224,Shot Chart Detail,22100877,224,1610612752,New York Knicks,2,6,44,Made Shot,Running Dunk Shot,,Restricted Area,Center(C),Less Than 8 ft.,0,-9,4,1,1,20220216,NYK,BKN,|1629011|1629629|1630167|1630193|202692,1,REG,2022,203083,C,Anchor Big,1.99,PF,Athletic Finisher,1.11
201959,Taj Gibson,22100877260,Shot Chart Detail,22100877,260,1610612752,New York Knicks,2,5,5,Missed Shot,Turnaround Fadeaway Bank Jump Shot,,In The Paint (Non-RA),Center(C),Less Than 8 ft.,4,-40,20,1,0,20220216,NYK,BKN,|1629656|201959|202689|203095|203944,0,REG,2022,203552|203083,,,,C,Roll + Cut Big,-2.53
203944,Julius Randle,22100877315,Shot Chart Detail,22100877,315,1610612752,New York Knicks,2,0,5,Missed Shot,Step Back Jump shot,,Above the Break 3,Center(C),24+ ft.,25,75,244,1,0,20220216,NYK,BKN,|1629656|201959|202689|203095|203944,0,REG,2022,203083,C,Anchor Big,1.99,PF,Shot Creator,-0.03
202689,Kemba Walker,22100877343,Shot Chart Detail,22100877,343,1610612752,New York Knicks,3,10,16,Missed Shot,Pullup Jump shot,,Above the Break 3,Left Side Center(LC),24+ ft.,24,-118,220,1,0,20220216,NYK,BKN,|1629656|201959|202689|203095|203944,0,REG,2022,203083,C,Anchor Big,1.99,PG,Primary Ball Handler,-0.38
202689,Kemba Walker,22100877351,Shot Chart Detail,22100877,351,1610612752,New York Knicks,3,9,28,Made Shot,Pullup Jump shot,,Mid-Range,Left Side Center(LC),16-24 ft.,17,-92,143,1,1,20220216,NYK,BKN,|1629656|201959|202689|203095|203944,0,REG,2022,203083,C,Anchor Big,1.99,PG,Primary Ball Handler,-0.38
1629656,Quentin Grimes,22100877354,Shot Chart Detail,22100877,354,1610612752,New York Knicks,3,9,2,Missed Shot,Jump Shot,3PT Field Goal,Above the Break 3,Right Side Center(RC),24+ ft.,26,154,220,1,0,20220216,NYK,BKN,|1629656|201959|202689|203095|203944,0,REG,2022,203083,C,Anchor Big,1.99,SG,Movement Shooter,-0.95
203944,Julius Randle,22100877364,Shot Chart Detail,22100877,364,1610612752,New York Knicks,3,8,18,Missed Shot,Step Back Jump shot,,In The Paint (Non-RA),Left Side(L),8-16 ft.,12,-72,96,1,0,20220216,NYK,BKN,|1629656|201959|202689|203095|203944,0,REG,2022,201949|203083,,,,PF,Shot Creator,-0.03
201959,Taj Gibson,22100877369,Shot Chart Detail,22100877,369,1610612752,New York Knicks,3,7,51,Made Shot,Cutting Dunk Shot,,Restricted Area,Center(C),Less Than 8 ft.,0,7,0,1,1,20220216,NYK,BKN,|1629656|201959|202689|203095|203944,1,REG,2022,203083,C,Anchor Big,1.99,C,Roll + Cut Big,-2.53
203095,Evan Fournier,22100877373,Shot Chart Detail,22100877,373,1610612752,New York Knicks,3,7,23,Missed Shot,Pullup Jump shot,,Above the Break 3,Center(C),24+ ft.,25,5,257,1,0,20220216,NYK,BKN,|1629656|201959|202689|203095|203944,0,REG,2022,203083,C,Anchor Big,1.99,SG,Movement Shooter,-0.12
203944,Julius Randle,22100877382,Shot Chart Detail,22100877,382,1610612752,New York Knicks,3,6,38,Missed Shot,Layup Shot,,Restricted Area,Center(C),Less Than 8 ft.,2,-10,24,1,0,20220216,NYK,BKN,|1629656|201959|202689|203095|203944,0,REG,2022,201949|203083,,,,PF,Shot Creator,-0.03
201143,Al Horford,221008909,Shot Chart Detail,22100890,9,1610612738,Boston Celtics,1,11,35,Made Shot,Cutting Dunk Shot,,Restricted Area,Center(C),Less Than 8 ft.,0,-5,-1,1,1,20220224,BKN,BOS,|1627759|1628369|1629057|201143|203935,1,REG,2022,203083,C,Anchor Big,1.99,C,Versatile Big,0.42
1628369,Jayson Tatum,2210089061,Shot Chart Detail,22100890,61,1610612738,Boston Celtics,1,7,20,Made Shot,Pullup Jump shot,,Above the Break 3,Left Side Center(LC),24+ ft.,25,-187,180,1,1,20220224,BKN,BOS,|1627759|1628369|1629057|201143|203935,0,REG,2022,203083,C,Anchor Big,1.99,SF,Shot Creator,3.33
1629057,Robert Williams III,22100890257,Shot Chart Detail,22100890,257,1610612738,Boston Celtics,2,5,28,Made Shot,Alley Oop Dunk Shot,,Restricted Area,Center(C),Less Than 8 ft.,0,-1,6,1,1,20220224,BKN,BOS,|1627759|1628369|1629057|201143|203935,1,REG,2022,203083,C,Anchor Big,1.99,C,Roll + Cut Big,-0.23
1629057,Robert Williams III,22100890288,Shot Chart Detail,22100890,288,1610612738,Boston Celtics,2,3,6,Made Shot,Tip Layup Shot,,Restricted Area,Center(C),Less Than 8 ft.,0,0,0,1,1,20220224,BKN,BOS,|1627759|1628369|1629057|1629684|203935,0,REG,2022,203083|1630560,,,,C,Roll + Cut Big,-0.23
1629057,Robert Williams III,22100890301,Shot Chart Detail,22100890,301,1610612738,Boston Celtics,2,1,57,Missed Shot,Tip Layup Shot,,Restricted Area,Center(C),Less Than 8 ft.,0,0,0,1,0,20220224,BKN,BOS,|1627759|1628369|1629057|1629684|203935,0,REG,2022,203083|201988,,,,C,Roll + Cut Big,-0.23
1628369,Jayson Tatum,22100890334,Shot Chart Detail,22100890,334,1610612738,Boston Celtics,2,0,2,Missed Shot,Driving Layup Shot,,Restricted Area,Center(C),Less Than 8 ft.,2,25,-1,1,0,20220224,BKN,BOS,|1627759|1628369|1629684|201143|203935,0,REG,2022,203083|1628971,,,,SF,Shot Creator,3.33
1627759,Jaylen Brown,22100890364,Shot Chart Detail,22100890,364,1610612738,Boston Celtics,3,9,56,Missed Shot,Running Layup Shot,2PT Field Goal,Restricted Area,Center(C),Less Than 8 ft.,2,21,4,1,0,20220224,BKN,BOS,|1627759|1628369|1629057|201143|203935,0,REG,2022,203083,C,Anchor Big,1.99,SF,Shot Creator,1.22
1628369,Jayson Tatum,22100890381,Shot Chart Detail,22100890,381,1610612738,Boston Celtics,3,8,19,Made Shot,Jump Shot,,Right Corner 3,Right Side(R),24+ ft.,23,237,19,1,1,20220224,BKN,BOS,|1627759|1628369|1629057|201143|203935,1,REG,2022,203083,C,Anchor Big,1.99,SF,Shot Creator,3.33
1627759,Jaylen Brown,22100890393,Shot Chart Detail,22100890,393,1610612738,Boston Celtics,3,7,23,Made Shot,Pullup Jump shot,2PT Field Goal,Mid-Range,Right Side Center(RC),16-24 ft.,19,130,140,1,1,20220224,BKN,BOS,|1627759|1628369|1629057|201143|203935,0,REG,2022,203083,C,Anchor Big,1.99,SF,Shot Creator,1.22
1626171,Bobby Portis,2210091040,Shot Chart Detail,22100910,40,1610612749,Milwaukee Bucks,1,8,33,Made Shot,Jump Shot,3PT Field Goal,Right Corner 3,Right Side(R),24+ ft.,24,240,51,1,1,20220226,MIL,BKN,|1626171|1628960|201950|203114|203507,1,REG,2022,203083,C,Anchor Big,1.99,C,Versatile Big,0.03
1626171,Bobby Portis,2210091044,Shot Chart Detail,22100910,44,1610612749,Milwaukee Bucks,1,8,13,Made Shot,Running Jump Shot,3PT Field Goal,Above the Break 3,Center(C),24+ ft.,26,34,264,1,1,20220226,MIL,BKN,|1626171|1628960|201950|203114|203507,1,REG,2022,203083,C,Anchor Big,1.99,C,Versatile Big,0.03
201586,Serge Ibaka,2210091059,Shot Chart Detail,22100910,59,1610612749,Milwaukee Bucks,1,7,8,Made Shot,Cutting Layup Shot,,Restricted Area,Center(C),Less Than 8 ft.,2,1,26,1,1,20220226,MIL,BKN,|1628960|201586|201950|203114|203507,1,REG,2022,203083,C,Anchor Big,1.99,C,Stretch Big,-1.77
203507,Giannis Antetokounmpo,22100910205,Shot Chart Detail,22100910,205,1610612749,Milwaukee Bucks,2,11,43,Missed Shot,Pullup Jump shot,,Mid-Range,Right Side Center(RC),16-24 ft.,19,132,146,1,0,20220226,MIL,BKN,|1627761|1628960|1628975|203114|203507,0,REG,2022,203083,C,Anchor Big,1.99,PF,Shot Creator,4.57
203507,Giannis Antetokounmpo,22100910219,Shot Chart Detail,22100910,219,1610612749,Milwaukee Bucks,2,10,24,Missed Shot,Driving Layup Shot,,Restricted Area,Center(C),Less Than 8 ft.,3,10,36,1,0,20220226,MIL,BKN,|1627761|1628960|201950|203114|203507,0,REG,2022,203083|1628971,,,,PF,Shot Creator,4.57
203507,Giannis Antetokounmpo,22100910229,Shot Chart Detail,22100910,229,1610612749,Milwaukee Bucks,2,9,48,Made Shot,Running Finger Roll Layup Shot,,Restricted Area,Center(C),Less Than 8 ft.,0,4,6,1,1,20220226,MIL,BKN,|1627761|1628960|201950|203114|203507,1,REG,2022,203083|1630556,,,,PF,Shot Creator,4.57
203507,Giannis Antetokounmpo,22100910236,Shot Chart Detail,22100910,236,1610612749,Milwaukee Bucks,2,8,53,Made Shot,Pullup Jump shot,,Above the Break 3,Left Side Center(LC),24+ ft.,25,-104,232,1,1,20220226,MIL,BKN,|1627761|1628960|201950|203114|203507,0,REG,2022,203083,C,Anchor Big,1.99,PF,Shot Creator,4.57
201950,Jrue Holiday,22100910419,Shot Chart Detail,22100910,419,1610612749,Milwaukee Bucks,3,7,59,Missed Shot,Jump Shot,,Above the Break 3,Right Side Center(RC),24+ ft.,25,104,238,1,0,20220226,MIL,BKN,|1626171|201950|202083|203114|203507,0,REG,2022,203083,C,Anchor Big,1.99,PG,Shot Creator,2.06
203507,Giannis Antetokounmpo,22100910442,Shot Chart Detail,22100910,442,1610612749,Milwaukee Bucks,3,5,22,Missed Shot,Jump Shot,,Above the Break 3,Left Side Center(LC),24+ ft.,26,-137,227,1,0,20220226,MIL,BKN,|201586|201950|202083|203114|203507,0,REG,2022,203083,C,Anchor Big,1.99,PF,Shot Creator,4.57
203507,Giannis Antetokounmpo,22100910446,Shot Chart Detail,22100910,446,1610612749,Milwaukee Bucks,3,4,43,Made Shot,Step Back Jump shot,,In The Paint (Non-RA),Center(C),8-16 ft.,12,54,112,1,1,20220226,MIL,BKN,|201586|201950|202083|203114|203507,1,REG,2022,203083|201949|203552,,,,PF,Shot Creator,4.57
201586,Serge Ibaka,22100910450,Shot Chart Detail,22100910,450,1610612749,Milwaukee Bucks,3,4,8,Missed Shot,Jump Shot,3PT Field Goal,Above the Break 3,Center(C),24+ ft.,25,74,243,1,0,20220226,MIL,BKN,|201586|201950|202083|203114|203507,0,REG,2022,203083,C,Anchor Big,1.99,C,Stretch Big,-1.77
201950,Jrue Holiday,22100910559,Shot Chart Detail,22100910,559,1610612749,Milwaukee Bucks,4,8,54,Made Shot,Hook Shot,,Restricted Area,Center(C),Less Than 8 ft.,2,1,29,1,1,20220226,MIL,BKN,|1626171|1627761|1628960|201950|203507,1,REG,2022,203083,C,Anchor Big,1.99,PG,Shot Creator,2.06
1626171,Bobby Portis,22100910567,Shot Chart Detail,22100910,567,1610612749,Milwaukee Bucks,4,8,20,Missed Shot,Jump Shot,3PT Field Goal,Left Corner 3,Left Side(L),24+ ft.,23,-232,-19,1,0,20220226,MIL,BKN,|1626171|1627761|1628960|201950|203507,0,REG,2022,203083,C,Anchor Big,1.99,C,Versatile Big,0.03
1626171,Bobby Portis,22100910610,Shot Chart Detail,22100910,610,1610612749,Milwaukee Bucks,4,5,14,Missed Shot,Jump Shot,3PT Field Goal,Above the Break 3,Left Side Center(LC),24+ ft.,25,-87,244,1,0,20220226,MIL,BKN,|1626171|201950|202083|203114|203507,0,REG,2022,203083,C,Anchor Big,1.99,C,Versatile Big,0.03
203114,Khris Middleton,22100910640,Shot Chart Detail,22100910,640,1610612749,Milwaukee Bucks,4,2,49,Made Shot,Jump Shot,,Mid-Range,Center(C),16-24 ft.,18,-43,179,1,1,20220226,MIL,BKN,|1626171|201950|202083|203114|203507,0,REG,2022,203083,C,Anchor Big,1.99,SF,Shot Creator,1.71
203507,Giannis Antetokounmpo,22100910665,Shot Chart Detail,22100910,665,1610612749,Milwaukee Bucks,4,0,26,Missed Shot,Driving Layup Shot,,Restricted Area,Center(C),Less Than 8 ft.,1,0,13,1,0,20220226,MIL,BKN,|1626171|201950|202083|203114|203507,0,REG,2022,203083|201949|202681,,,,PF,Shot Creator,4.57
1629622,Max Strus,2210094121,Shot Chart Detail,22100941,21,1610612748,Miami Heat,1,9,56,Made Shot,Pullup Jump shot,,Above the Break 3,Center(C),24+ ft.,24,-74,237,1,1,20220303,BKN,MIA,|1628389|1629130|1629216|1629622|1630209,1,REG,2022,203083,C,Anchor Big,1.99,SF,Off Screen Shooter,-0.06
1628389,Bam Adebayo,2210094133,Shot Chart Detail,22100941,33,1610612748,Miami Heat,1,9,21,Made Shot,Driving Hook Shot,2PT Field Goal,In The Paint (Non-RA),Center(C),8-16 ft.,9,27,93,1,1,20220303,BKN,MIA,|1628389|1629130|1629216|1629622|1630209,1,REG,2022,203083,C,Anchor Big,1.99,C,Shot Creator,0.61
1628389,Bam Adebayo,2210094143,Shot Chart Detail,22100941,43,1610612748,Miami Heat,1,8,37,Missed Shot,Pullup Jump shot,2PT Field Goal,In The Paint (Non-RA),Center(C),8-16 ft.,11,17,109,1,0,20220303,BKN,MIA,|1628389|1629130|1629216|1629622|1630209,0,REG,2022,203083|203552,,,,C,Shot Creator,0.61
1630209,Omer Yurtseven,2210094145,Shot Chart Detail,22100941,45,1610612748,Miami Heat,1,8,31,Made Shot,Driving Floating Bank Jump Shot,,In The Paint (Non-RA),Center(C),Less Than 8 ft.,4,-45,16,1,1,20220303,BKN,MIA,|1628389|1629130|1629216|1629622|1630209,1,REG,2022,203083,C,Anchor Big,1.99,C,Roll + Cut Big,-0.45
1630209,Omer Yurtseven,2210094174,Shot Chart Detail,22100941,74,1610612748,Miami Heat,1,6,11,Missed Shot,Cutting Layup Shot,,Restricted Area,Center(C),Less Than 8 ft.,3,-32,5,1,0,20220303,BKN,MIA,|1628389|1629130|1629216|1629622|1630209,0,REG,2022,203083|1630560,,,,C,Roll + Cut Big,-0.45
1628389,Bam Adebayo,2210094186,Shot Chart Detail,22100941,86,1610612748,Miami Heat,1,5,34,Made Shot,Driving Floating Jump Shot,2PT Field Goal,In The Paint (Non-RA),Center(C),8-16 ft.,10,33,95,1,1,20220303,BKN,MIA,|1628389|1628997|1629130|1629622|1629639,0,REG,2022,203083,C,Anchor Big,1.99,C,Shot Creator,0.61
1629639,Tyler Herro,22100941250,Shot Chart Detail,22100941,250,1610612748,Miami Heat,2,7,42,Made Shot,Driving Layup Shot,,Restricted Area,Center(C),Less Than 8 ft.,3,-27,17,1,1,20220303,BKN,MIA,|1628389|1628997|1629312|1629622|1629639,0,REG,2022,203083|1628971,,,,SG,Primary Ball Handler,0.17
1629622,Max Strus,22100941274,Shot Chart Detail,22100941,274,1610612748,Miami Heat,2,6,3,Missed Shot,Jump Shot,,Above the Break 3,Left Side Center(LC),24+ ft.,24,-130,211,1,0,20220303,BKN,MIA,|1628389|1628997|1629130|1629622|1629639,0,REG,2022,203083,C,Anchor Big,1.99,SF,Off Screen Shooter,-0.06
1629622,Max Strus,22100941306,Shot Chart Detail,22100941,306,1610612748,Miami Heat,2,3,51,Made Shot,Jump Shot,,Above the Break 3,Left Side Center(LC),24+ ft.,25,-123,218,1,1,20220303,BKN,MIA,|1628389|1628997|1629130|1629622|1629639,1,REG,2022,203083,C,Anchor Big,1.99,SF,Off Screen Shooter,-0.06
1628389,Bam Adebayo,22100941320,Shot Chart Detail,22100941,320,1610612748,Miami Heat,2,2,44,Made Shot,Turnaround Hook Shot,2PT Field Goal,In The Paint (Non-RA),Center(C),8-16 ft.,12,44,119,1,1,20220303,BKN,MIA,|1628389|1628997|1629130|1629622|1629639,1,REG,2022,203083|201988,,,,C,Shot Creator,0.61
1629216,Gabe Vincent,22100941375,Shot Chart Detail,22100941,375,1610612748,Miami Heat,3,10,36,Made Shot,Pullup Jump shot,,In The Paint (Non-RA),Center(C),8-16 ft.,13,-20,138,1,1,20220303,BKN,MIA,|1628389|1628997|1629130|1629216|1629622,0,REG,2022,203083,C,Anchor Big,1.99,PG,Primary Ball Handler,-0.91
1628389,Bam Adebayo,22100941390,Shot Chart Detail,22100941,390,1610612748,Miami Heat,3,9,21,Made Shot,Driving Layup Shot,2PT Field Goal,Restricted Area,Center(C),Less Than 8 ft.,2,25,13,1,1,20220303,BKN,MIA,|1628389|1628997|1629130|1629216|1629622,0,REG,2022,203083,C,Anchor Big,1.99,C,Shot Creator,0.61
1628389,Bam Adebayo,22100941396,Shot Chart Detail,22100941,396,1610612748,Miami Heat,3,8,53,Made Shot,Driving Dunk Shot,2PT Field Goal,Restricted Area,Center(C),Less Than 8 ft.,0,-5,8,1,1,20220303,BKN,MIA,|1628389|1628997|1629130|1629216|1629622,0,REG,2022,203083,C,Anchor Big,1.99,C,Shot Creator,0.61
1628389,Bam Adebayo,22100941415,Shot Chart Detail,22100941,415,1610612748,Miami Heat,3,7,26,Made Shot,Cutting Dunk Shot,2PT Field Goal,Restricted Area,Center(C),Less Than 8 ft.,0,-4,4,1,1,20220303,BKN,MIA,|1628389|1628997|1629130|1629216|1629622,1,REG,2022,203083,C,Anchor Big,1.99,C,Shot Creator,0.61
1628389,Bam Adebayo,22100941573,Shot Chart Detail,22100941,573,1610612748,Miami Heat,4,7,55,Made Shot,Alley Oop Dunk Shot,2PT Field Goal,Restricted Area,Center(C),Less Than 8 ft.,0,0,7,1,1,20220303,BKN,MIA,|1628389|1629130|1629216|1629312|1629639,1,REG,2022,203083,C,Anchor Big,1.99,C,Shot Creator,0.61
1629057,Robert Williams III,221009608,Shot Chart Detail,22100960,8,1610612738,Boston Celtics,1,11,38,Made Shot,Alley Oop Dunk Shot,,Restricted Area,Center(C),Less Than 8 ft.,2,-6,20,1,1,20220306,BOS,BKN,|1627759|1628369|1629057|201143|203935,1,REG,2022,203083,C,Anchor Big,1.99,C,Roll + Cut Big,-0.23
1627759,Jaylen Brown,2210096016,Shot Chart Detail,22100960,16,1610612738,Boston Celtics,1,10,41,Missed Shot,Pullup Jump shot,2PT Field Goal,Mid-Range,Left Side Center(LC),16-24 ft.,20,-91,179,1,0,20220306,BOS,BKN,|1627759|1628369|1629057|201143|203935,0,REG,2022,203083,C,Anchor Big,1.99,SF,Shot Creator,1.22
1629057,Robert Williams III,2210096042,Shot Chart Detail,22100960,42,1610612738,Boston Celtics,1,8,33,Made Shot,Alley Oop Dunk Shot,,Restricted Area,Center(C),Less Than 8 ft.,2,1,20,1,1,20220306,BOS,BKN,|1627759|1628369|1629057|201143|203935,1,REG,2022,203083,C,Anchor Big,1.99,C,Roll + Cut Big,-0.23
1628369,Jayson Tatum,22100960191,Shot Chart Detail,22100960,191,1610612738,Boston Celtics,2,11,6,Made Shot,Jump Shot,3PT Field Goal,Above the Break 3,Center(C),24+ ft.,25,-58,253,1,1,20220306,BOS,BKN,|1628369|1628401|1628464|1630202|201143,1,REG,2022,203083,C,Anchor Big,1.99,SF,Shot Creator,3.33
201143,Al Horford,22100960251,Shot Chart Detail,22100960,251,1610612738,Boston Celtics,2,6,48,Missed Shot,Jump Shot,,Left Corner 3,Left Side(L),24+ ft.,22,-224,50,1,0,20220306,BOS,BKN,|1627759|1628401|1628464|1630202|201143,0,REG,2022,203083,C,Anchor Big,1.99,C,Versatile Big,0.42
201143,Al Horford,22100960369,Shot Chart Detail,22100960,369,1610612738,Boston Celtics,3,10,7,Made Shot,Jump Shot,,Left Corner 3,Left Side(L),24+ ft.,23,-233,27,1,1,20220306,BOS,BKN,|1627759|1628369|1629057|201143|203935,1,REG,2022,203083,C,Anchor Big,1.99,C,Versatile Big,0.42
1628369,Jayson Tatum,22100960376,Shot Chart Detail,22100960,376,1610612738,Boston Celtics,3,9,23,Made Shot,Jump Shot,,Above the Break 3,Center(C),24+ ft.,25,-25,256,1,1,20220306,BOS,BKN,|1627759|1628369|1629057|201143|203935,1,REG,2022,203083,C,Anchor Big,1.99,SF,Shot Creator,3.33
1630163,LaMelo Ball,2210097514,Shot Chart Detail,22100975,14,1610612766,Charlotte Hornets,1,10,51,Made Shot,Floating Jump shot,,In The Paint (Non-RA),Center(C),8-16 ft.,12,-25,120,1,1,20220308,CHA,BKN,|1626179|1628970|1629023|1630163|203486,1,REG,2022,203083,C,Anchor Big,1.99,PG,Primary Ball Handler,1.97
1630163,LaMelo Ball,2210097556,Shot Chart Detail,22100975,56,1610612766,Charlotte Hornets,1,7,2,Made Shot,Pullup Jump shot,,Mid-Range,Left Side(L),8-16 ft.,15,-102,118,1,1,20220308,CHA,BKN,|1626179|1628970|1629023|1630163|203486,1,REG,2022,203083,C,Anchor Big,1.99,PG,Primary Ball Handler,1.97
1626179,Terry Rozier,22100975274,Shot Chart Detail,22100975,274,1610612766,Charlotte Hornets,2,3,52,Made Shot,Driving Floating Jump Shot,2PT Field Goal,In The Paint (Non-RA),Center(C),Less Than 8 ft.,6,-2,62,1,1,20220308,CHA,BKN,|1626179|1628970|1628998|1629023|203486,0,REG,2022,203083,C,Anchor Big,1.99,SG,Primary Ball Handler,1.55
1628970,Miles Bridges,22100975324,Shot Chart Detail,22100975,324,1610612766,Charlotte Hornets,2,0,31,Made Shot,Step Back Jump shot,,Above the Break 3,Center(C),24+ ft.,26,21,260,1,1,20220308,CHA,BKN,|1626179|1628970|1629023|1630163|203486,0,REG,2022,203083,C,Anchor Big,1.99,PF,Shot Creator,1.39
1628970,Miles Bridges,22100975350,Shot Chart Detail,22100975,350,1610612766,Charlotte Hornets,3,10,42,Made Shot,Jump Shot,,Mid-Range,Left Side Center(LC),16-24 ft.,19,-104,169,1,1,20220308,CHA,BKN,|1626179|1628970|1629023|1630163|203486,0,REG,2022,203083,C,Anchor Big,1.99,PF,Shot Creator,1.39
1626179,Terry Rozier,22100975587,Shot Chart Detail,22100975,587,1610612766,Charlotte Hornets,4,6,17,Missed Shot,Pullup Jump shot,,Above the Break 3,Right Side Center(RC),24+ ft.,25,141,211,1,0,20220308,CHA,BKN,|1626149|1626162|1626179|1628970|1629023,0,REG,2022,203083,C,Anchor Big,1.99,SG,Primary Ball Handler,1.55
1626149,Montrezl Harrell,22100975610,Shot Chart Detail,22100975,610,1610612766,Charlotte Hornets,4,4,2,Made Shot,Dunk Shot,2PT Field Goal,Restricted Area,Center(C),Less Than 8 ft.,0,1,8,1,1,20220308,CHA,BKN,|1626149|1626162|1626179|1628970|1629023,1,REG,2022,203083,C,Anchor Big,1.99,C,Post Scorer,1.58
203954,Joel Embiid,2210099315,Shot Chart Detail,22100993,15,1610612755,Philadelphia 76ers,1,11,2,Made Shot,Turnaround Fadeaway shot,,In The Paint (Non-RA),Left Side(L),8-16 ft.,12,-72,104,1,1,20220310,PHI,BKN,|1629680|1630178|201935|202699|203954,0,REG,2022,203083|1628971,,,,C,Shot Creator,4.24
203954,Joel Embiid,2210099325,Shot Chart Detail,22100993,25,1610612755,Philadelphia 76ers,1,10,22,Missed Shot,Driving Dunk Shot,,Restricted Area,Center(C),Less Than 8 ft.,1,5,19,1,0,20220310,PHI,BKN,|1629680|1630178|201935|202699|203954,0,REG,2022,203083,C,Anchor Big,1.99,C,Shot Creator,4.24
201935,James Harden,2210099330,Shot Chart Detail,22100993,30,1610612755,Philadelphia 76ers,1,9,56,Missed Shot,Step Back Jump shot,,Mid-Range,Right Side(R),8-16 ft.,15,81,135,1,0,20220310,PHI,BKN,|1629680|1630178|201935|202699|203954,0,REG,2022,203083,C,Anchor Big,1.99,PG,Shot Creator,3.12
203954,Joel Embiid,2210099344,Shot Chart Detail,22100993,44,1610612755,Philadelphia 76ers,1,8,23,Missed Shot,Finger Roll Layup Shot,,Restricted Area,Center(C),Less Than 8 ft.,3,-4,35,1,0,20220310,PHI,BKN,|1629680|1630178|201935|202699|203954,0,REG,2022,203083|1628971,,,,C,Shot Creator,4.24
203954,Joel Embiid,2210099354,Shot Chart Detail,22100993,54,1610612755,Philadelphia 76ers,1,7,55,Made Shot,Turnaround Fadeaway shot,,Mid-Range,Right Side(R),8-16 ft.,10,96,47,1,1,20220310,PHI,BKN,|1629680|1630178|201935|202699|203954,0,REG,2022,203083|201142,,,,C,Shot Creator,4.24
203954,Joel Embiid,22100993126,Shot Chart Detail,22100993,126,1610612755,Philadelphia 76ers,1,3,27,Made Shot,Driving Layup Shot,,Restricted Area,Center(C),Less Than 8 ft.,1,-15,9,1,1,20220310,PHI,BKN,|1627777|1629003|1629680|1630178|203954,0,REG,2022,203083,C,Anchor Big,1.99,C,Shot Creator,4.24
203954,Joel Embiid,22100993404,Shot Chart Detail,22100993,404,1610612755,Philadelphia 76ers,3,9,30,Missed Shot,Turnaround Fadeaway shot,,In The Paint (Non-RA),Center(C),Less Than 8 ft.,6,-61,-21,1,0,20220310,PHI,BKN,|1629680|1630178|201935|202699|203954,0,REG,2022,203083|203552,,,,C,Shot Creator,4.24
203954,Joel Embiid,22100993437,Shot Chart Detail,22100993,437,1610612755,Philadelphia 76ers,3,6,34,Missed Shot,Jump Shot,,Above the Break 3,Center(C),24+ ft.,26,-34,265,1,0,20220310,PHI,BKN,|1629680|1630178|201935|202699|203954,0,REG,2022,203083,C,Anchor Big,1.99,C,Shot Creator,4.24
201935,James Harden,22100993453,Shot Chart Detail,22100993,453,1610612755,Philadelphia 76ers,3,5,17,Missed Shot,Driving Floating Jump Shot,,In The Paint (Non-RA),Center(C),8-16 ft.,11,-32,110,1,0,20220310,PHI,BKN,|1629680|1630178|201935|202699|203954,0,REG,2022,203083|202681,,,,PG,Shot Creator,3.12
203954,Joel Embiid,22100993461,Shot Chart Detail,22100993,461,1610612755,Philadelphia 76ers,3,4,33,Missed Shot,Pullup Jump shot,,In The Paint (Non-RA),Center(C),8-16 ft.,9,-38,91,1,0,20220310,PHI,BKN,|1629680|1630178|201935|202699|203954,0,REG,2022,203083,C,Anchor Big,1.99,C,Shot Creator,4.24
1629680,Matisse Thybulle,22100993468,Shot Chart Detail,22100993,468,1610612755,Philadelphia 76ers,3,3,56,Made Shot,Dunk Shot,2PT Field Goal,Restricted Area,Center(C),Less Than 8 ft.,1,-9,7,1,1,20220310,PHI,BKN,|1629680|1630178|201935|202699|203954,1,REG,2022,203083|202681,,,,SG,Athletic Finisher,-1.66
1630178,Tyrese Maxey,22100993479,Shot Chart Detail,22100993,479,1610612755,Philadelphia 76ers,3,3,25,Missed Shot,Fadeaway Jump Shot,,Mid-Range,Left Side Center(LC),16-24 ft.,18,-148,113,1,0,20220310,PHI,BKN,|1627777|1629003|1630178|202699|203954,0,REG,2022,203083|1628971,,,,PG,Primary Ball Handler,1.19
203954,Joel Embiid,22100993483,Shot Chart Detail,22100993,483,1610612755,Philadelphia 76ers,3,2,34,Missed Shot,Pullup Jump shot,,Mid-Range,Left Side Center(LC),16-24 ft.,17,-87,147,1,0,20220310,PHI,BKN,|1627777|1629003|1630178|202699|203954,0,REG,2022,203083,C,Anchor Big,1.99,C,Shot Creator,4.24
203954,Joel Embiid,22100993489,Shot Chart Detail,22100993,489,1610612755,Philadelphia 76ers,3,2,1,Missed Shot,Pullup Jump shot,,Mid-Range,Center(C),16-24 ft.,17,51,170,1,0,20220310,PHI,BKN,|1627777|1627788|1629003|202699|203954,0,REG,2022,203083|203552,,,,C,Shot Creator,4.24
1630579,Jericho Sims,22101012106,Shot Chart Detail,22101012,106,1610612752,New York Knicks,1,4,13,Made Shot,Dunk Shot,,Restricted Area,Center(C),Less Than 8 ft.,1,7,9,1,1,20220313,BKN,NYK,|1630193|1630579|202692|203095|203944,1,REG,2022,203083,C,Anchor Big,1.99,PF,Athletic Finisher,-2.38
1629011,Mitchell Robinson,22101012254,Shot Chart Detail,22101012,254,1610612752,New York Knicks,2,4,50,Made Shot,Putback Dunk Shot,2PT Field Goal,Restricted Area,Center(C),Less Than 8 ft.,0,6,1,1,1,20220313,BKN,NYK,|1629011|1629628|202692|203095|203944,0,REG,2022,203083,C,Anchor Big,1.99,C,Athletic Finisher,-0.01
1629628,RJ Barrett,22101012268,Shot Chart Detail,22101012,268,1610612752,New York Knicks,2,4,5,Made Shot,Running Layup Shot,,Restricted Area,Center(C),Less Than 8 ft.,2,16,14,1,1,20220313,BKN,NYK,|1629011|1629628|202692|203095|203944,0,REG,2022,203083,C,Anchor Big,1.99,SF,Secondary Ball Handler,0.31
1629628,RJ Barrett,22101012327,Shot Chart Detail,22101012,327,1610612752,New York Knicks,2,0,35,Made Shot,Turnaround Fadeaway shot,2PT Field Goal,In The Paint (Non-RA),Center(C),8-16 ft.,12,-44,116,1,1,20220313,BKN,NYK,|1629628|1630193|1630579|202692|203095,0,REG,2022,203083,C,Anchor Big,1.99,SF,Secondary Ball Handler,0.31
202692,Alec Burks,22101012342,Shot Chart Detail,22101012,342,1610612752,New York Knicks,3,11,49,Missed Shot,Driving Layup Shot,,Restricted Area,Center(C),Less Than 8 ft.,1,17,4,1,0,20220313,BKN,NYK,|1629011|1629628|202692|203095|203944,0,REG,2022,203083|201609,,,,SG,Primary Ball Handler,0.94
203095,Evan Fournier,22101012364,Shot Chart Detail,22101012,364,1610612752,New York Knicks,3,9,45,Made Shot,Step Back Jump shot,,Above the Break 3,Left Side Center(LC),24+ ft.,25,-137,218,1,1,20220313,BKN,NYK,|1629011|1629628|202692|203095|203944,1,REG,2022,203083,C,Anchor Big,1.99,SG,Movement Shooter,-0.12
202692,Alec Burks,22101012373,Shot Chart Detail,22101012,373,1610612752,New York Knicks,3,9,12,Missed Shot,Pullup Jump shot,,Mid-Range,Left Side Center(LC),16-24 ft.,18,-123,141,1,0,20220313,BKN,NYK,|1629011|1629628|202692|203095|203944,0,REG,2022,203083,C,Anchor Big,1.99,SG,Primary Ball Handler,0.94
203944,Julius Randle,22101012384,Shot Chart Detail,22101012,384,1610612752,New York Knicks,3,8,48,Missed Shot,Driving Layup Shot,,Restricted Area,Center(C),Less Than 8 ft.,2,-20,10,1,0,20220313,BKN,NYK,|1629011|1629628|202692|203095|203944,0,REG,2022,203083|201609,,,,PF,Shot Creator,-0.03
203944,Julius Randle,22101012570,Shot Chart Detail,22101012,570,1610612752,New York Knicks,4,6,22,Missed Shot,Step Back Jump shot,,Above the Break 3,Left Side Center(LC),24+ ft.,25,-102,236,1,0,20220313,BKN,NYK,|1629628|1630193|1630579|202692|203944,0,REG,2022,203083,C,Anchor Big,1.99,PF,Shot Creator,-0.03
1629628,RJ Barrett,22101012606,Shot Chart Detail,22101012,606,1610612752,New York Knicks,4,2,52,Made Shot,Driving Layup Shot,2PT Field Goal,Restricted Area,Center(C),Less Than 8 ft.,2,-23,2,1,1,20220313,BKN,NYK,|1629628|1630579|202692|203095|203944,1,REG,2022,203083,C,Anchor Big,1.99,SF,Secondary Ball Handler,0.31
1628976,Wendell Carter Jr.,2210103014,Shot Chart Detail,22101030,14,1610612753,Orlando Magic,1,10,53,Made Shot,Jump Shot,,Mid-Range,Center(C),16-24 ft.,19,10,199,1,1,20220315,ORL,BKN,|1628964|1628976|1630175|1630181|1630532,1,REG,2022,203083,C,Anchor Big,1.99,PF,Stretch Big,-0.83
1628976,Wendell Carter Jr.,2210103036,Shot Chart Detail,22101030,36,1610612753,Orlando Magic,1,8,52,Made Shot,Driving Layup Shot,,Restricted Area,Center(C),Less Than 8 ft.,3,33,11,1,1,20220315,ORL,BKN,|1628964|1628976|1630175|1630181|1630532,1,REG,2022,203083,C,Anchor Big,1.99,PF,Stretch Big,-0.83
1630532,Franz Wagner,2210103040,Shot Chart Detail,22101030,40,1610612753,Orlando Magic,1,8,20,Made Shot,Driving Layup Shot,,Restricted Area,Center(C),Less Than 8 ft.,3,-2,31,1,1,20220315,ORL,BKN,|1628964|1628976|1630175|1630181|1630532,0,REG,2022,203083,C,Anchor Big,1.99,SF,Secondary Ball Handler,-0.51
1630175,Cole Anthony,2210103063,Shot Chart Detail,22101030,63,1610612753,Orlando Magic,1,6,57,Made Shot,Pullup Jump shot,,Mid-Range,Left Side Center(LC),16-24 ft.,20,-143,143,1,1,20220315,ORL,BKN,|1628964|1628976|1630175|1630181|1630532,0,REG,2022,203083,C,Anchor Big,1.99,PG,Primary Ball Handler,-0.54
1628964,Mo Bamba,2210103068,Shot Chart Detail,22101030,68,1610612753,Orlando Magic,1,6,20,Missed Shot,Jump Shot,3PT Field Goal,Above the Break 3,Right Side Center(RC),24+ ft.,25,136,213,1,0,20220315,ORL,BKN,|1628964|1628976|1630175|1630181|1630532,0,REG,2022,203083,C,Anchor Big,1.99,C,Stretch Big,-2.33
1628976,Wendell Carter Jr.,2210103082,Shot Chart Detail,22101030,82,1610612753,Orlando Magic,1,5,3,Made Shot,Jump Shot,,Above the Break 3,Left Side Center(LC),24+ ft.,24,-203,132,1,1,20220315,ORL,BKN,|1628365|1628964|1628976|1630181|1630532,1,REG,2022,203083,C,Anchor Big,1.99,PF,Stretch Big,-0.83
1630532,Franz Wagner,2210103091,Shot Chart Detail,22101030,91,1610612753,Orlando Magic,1,4,16,Missed Shot,Pullup Jump shot,,Mid-Range,Right Side(R),8-16 ft.,15,142,73,1,0,20220315,ORL,BKN,|1628365|1628964|1628976|1630181|1630532,0,REG,2022,203083,C,Anchor Big,1.99,SF,Secondary Ball Handler,-0.51
1628365,Markelle Fultz,22101030106,Shot Chart Detail,22101030,106,1610612753,Orlando Magic,1,3,37,Missed Shot,Pullup Jump shot,2PT Field Goal,In The Paint (Non-RA),Center(C),8-16 ft.,14,-64,132,1,0,20220315,ORL,BKN,|1628365|1628976|1629643|1630181|203082,0,REG,2022,203083,C,Anchor Big,1.99,PG,Slasher,0.11
1628976,Wendell Carter Jr.,22101030317,Shot Chart Detail,22101030,317,1610612753,Orlando Magic,2,3,46,Missed Shot,Pullup Jump shot,,Mid-Range,Center(C),16-24 ft.,20,12,208,1,0,20220315,ORL,BKN,|1628964|1628976|1630175|1630181|1630532,0,REG,2022,203083,C,Anchor Big,1.99,PF,Stretch Big,-0.83
1628976,Wendell Carter Jr.,22101030341,Shot Chart Detail,22101030,341,1610612753,Orlando Magic,2,2,5,Made Shot,Driving Hook Shot,2PT Field Goal,In The Paint (Non-RA),Center(C),Less Than 8 ft.,4,-5,42,1,1,20220315,ORL,BKN,|1628976|1629643|1630175|1630181|1630532,0,REG,2022,203083,C,Anchor Big,1.99,PF,Stretch Big,-0.83
1628976,Wendell Carter Jr.,22101030349,Shot Chart Detail,22101030,349,1610612753,Orlando Magic,2,1,17,Missed Shot,Pullup Jump shot,2PT Field Goal,In The Paint (Non-RA),Center(C),8-16 ft.,12,-49,119,1,0,20220315,ORL,BKN,|1628976|1629643|1630175|1630181|1630532,0,REG,2022,203083,C,Anchor Big,1.99,PF,Stretch Big,-0.83
1630532,Franz Wagner,22101030356,Shot Chart Detail,22101030,356,1610612753,Orlando Magic,2,0,53,Missed Shot,Driving Floating Jump Shot,,In The Paint (Non-RA),Center(C),8-16 ft.,13,49,125,1,0,20220315,ORL,BKN,|1628976|1629643|1630175|1630181|1630532,0,REG,2022,203083|1628971,,,,SF,Secondary Ball Handler,-0.51
1628964,Mo Bamba,22101030384,Shot Chart Detail,22101030,384,1610612753,Orlando Magic,3,11,8,Made Shot,Driving Finger Roll Layup Shot,2PT Field Goal,Restricted Area,Center(C),Less Than 8 ft.,3,-2,38,1,1,20220315,ORL,BKN,|1628964|1628976|1630175|1630181|1630532,1,REG,2022,203083,C,Anchor Big,1.99,C,Stretch Big,-2.33
1630532,Franz Wagner,22101030391,Shot Chart Detail,22101030,391,1610612753,Orlando Magic,3,10,8,Made Shot,Step Back Jump shot,,Above the Break 3,Right Side Center(RC),24+ ft.,25,205,151,1,1,20220315,ORL,BKN,|1628964|1628976|1630175|1630181|1630532,1,REG,2022,203083,C,Anchor Big,1.99,SF,Secondary Ball Handler,-0.51
1630532,Franz Wagner,22101030398,Shot Chart Detail,22101030,398,1610612753,Orlando Magic,3,9,36,Made Shot,Pullup Jump shot,,Above the Break 3,Right Side Center(RC),24+ ft.,25,152,204,1,1,20220315,ORL,BKN,|1628964|1628976|1630175|1630181|1630532,1,REG,2022,203083,C,Anchor Big,1.99,SF,Secondary Ball Handler,-0.51
1630532,Franz Wagner,22101030402,Shot Chart Detail,22101030,402,1610612753,Orlando Magic,3,8,57,Missed Shot,Driving Layup Shot,,Restricted Area,Center(C),Less Than 8 ft.,2,28,10,1,0,20220315,ORL,BKN,|1628964|1628976|1630175|1630181|1630532,0,REG,2022,203083,C,Anchor Big,1.99,SF,Secondary Ball Handler,-0.51
203939,Dwight Powell,2210103615,Shot Chart Detail,22101036,15,1610612742,Dallas Mavericks,1,10,35,Made Shot,Alley Oop Layup shot,,Restricted Area,Center(C),Less Than 8 ft.,0,-9,1,1,1,20220316,BKN,DAL,|1627827|1628973|1629029|203915|203939,1,REG,2022,203083,C,Anchor Big,1.99,C,Roll + Cut Big,0.33
203915,Spencer Dinwiddie,2210103623,Shot Chart Detail,22101036,23,1610612742,Dallas Mavericks,1,9,30,Missed Shot,Tip Layup Shot,,Restricted Area,Center(C),Less Than 8 ft.,0,0,0,1,0,20220316,BKN,DAL,|1627827|1628973|1629029|203915|203939,0,REG,2022,203083|1628971,,,,PG,Shot Creator,1.2
1629029,Luka Doncic,2210103627,Shot Chart Detail,22101036,27,1610612742,Dallas Mavericks,1,9,11,Made Shot,Step Back Jump shot,,Above the Break 3,Center(C),24+ ft.,26,77,257,1,1,20220316,BKN,DAL,|1627827|1628973|1629029|203915|203939,0,REG,2022,203083,C,Anchor Big,1.99,PG,Shot Creator,4.15
1629029,Luka Doncic,2210103659,Shot Chart Detail,22101036,59,1610612742,Dallas Mavericks,1,6,43,Made Shot,Step Back Jump shot,,Mid-Range,Right Side Center(RC),16-24 ft.,16,96,137,1,1,20220316,BKN,DAL,|1627827|1628973|1629029|203915|203939,1,REG,2022,203083|1628971,,,,PG,Shot Creator,4.15
1629029,Luka Doncic,22101036246,Shot Chart Detail,22101036,246,1610612742,Dallas Mavericks,2,5,14,Missed Shot,Step Back Jump shot,,Above the Break 3,Left Side Center(LC),24+ ft.,28,-154,237,1,0,20220316,BKN,DAL,|1627827|1628467|1629029|1630182|203939,0,REG,2022,203083,C,Anchor Big,1.99,PG,Shot Creator,4.15
1629029,Luka Doncic,22101036257,Shot Chart Detail,22101036,257,1610612742,Dallas Mavericks,2,4,33,Made Shot,Driving Floating Bank Jump Shot,,Restricted Area,Center(C),Less Than 8 ft.,3,-27,17,1,1,20220316,BKN,DAL,|1627827|1628467|1629029|1630182|203939,0,REG,2022,203083,C,Anchor Big,1.99,PG,Shot Creator,4.15
1629029,Luka Doncic,22101036266,Shot Chart Detail,22101036,266,1610612742,Dallas Mavericks,2,3,40,Made Shot,Jump Shot,,Above the Break 3,Right Side Center(RC),24+ ft.,30,150,263,1,1,20220316,BKN,DAL,|1627827|1628467|1629029|1630182|203939,1,REG,2022,203083,C,Anchor Big,1.99,PG,Shot Creator,4.15
1629029,Luka Doncic,22101036275,Shot Chart Detail,22101036,275,1610612742,Dallas Mavericks,2,3,17,Made Shot,Step Back Jump shot,,Above the Break 3,Center(C),24+ ft.,31,-67,306,1,1,20220316,BKN,DAL,|1627827|1628467|1628973|1629029|1630182,0,REG,2022,203083,C,Anchor Big,1.99,PG,Shot Creator,4.15
1628973,Jalen Brunson,22101036311,Shot Chart Detail,22101036,311,1610612742,Dallas Mavericks,2,0,51,Missed Shot,Driving Layup Shot,,In The Paint (Non-RA),Center(C),Less Than 8 ft.,5,-53,22,1,0,20220316,BKN,DAL,|1628467|1628973|1629029|1630182|203939,0,REG,2022,203083,C,Anchor Big,1.99,SG,Shot Creator,1.1
1629029,Luka Doncic,22101036385,Shot Chart Detail,22101036,385,1610612742,Dallas Mavericks,3,7,34,Made Shot,Step Back Jump shot,,Above the Break 3,Left Side Center(LC),24+ ft.,28,-150,241,1,1,20220316,BKN,DAL,|1627827|1628467|1628973|1629029|203939,0,REG,2022,203083,C,Anchor Big,1.99,PG,Shot Creator,4.15
203915,Spencer Dinwiddie,22101036508,Shot Chart Detail,22101036,508,1610612742,Dallas Mavericks,4,10,53,Missed Shot,Driving Layup Shot,,In The Paint (Non-RA),Center(C),Less Than 8 ft.,6,45,48,1,0,20220316,BKN,DAL,|1627827|1628973|202722|203915|203939,0,REG,2022,201609|203083,,,,PG,Shot Creator,1.2
203939,Dwight Powell,22101036528,Shot Chart Detail,22101036,528,1610612742,Dallas Mavericks,4,8,24,Made Shot,Hook Shot,,Restricted Area,Center(C),Less Than 8 ft.,3,-1,32,1,1,20220316,BKN,DAL,|1627827|1628973|202722|203915|203939,0,REG,2022,203083,C,Anchor Big,1.99,C,Roll + Cut Big,0.33
203915,Spencer Dinwiddie,22101036538,Shot Chart Detail,22101036,538,1610612742,Dallas Mavericks,4,7,53,Made Shot,Jump Shot,,Above the Break 3,Right Side Center(RC),24+ ft.,25,203,159,1,1,20220316,BKN,DAL,|1627827|1628973|1629029|203915|203939,0,REG,2022,203083,C,Anchor Big,1.99,PG,Shot Creator,1.2
203915,Spencer Dinwiddie,22101036540,Shot Chart Detail,22101036,540,1610612742,Dallas Mavericks,4,7,17,Missed Shot,Pullup Jump shot,,Above the Break 3,Center(C),24+ ft.,27,27,270,1,0,20220316,BKN,DAL,|1627827|1628973|1629029|203915|203939,0,REG,2022,203083,C,Anchor Big,1.99,PG,Shot Creator,1.2
1629234,Drew Eubanks,221010488,Shot Chart Detail,22101048,8,1610612757,Portland Trail Blazers,1,11,14,Made Shot,Turnaround Hook Shot,,In The Paint (Non-RA),Center(C),8-16 ft.,8,36,74,1,1,20220318,BKN,POR,|1626159|1628404|1629234|1630314|1630570,1,REG,2022,203083,C,Anchor Big,1.99,C,Roll + Cut Big,-1.2
1629234,Drew Eubanks,2210104832,Shot Chart Detail,22101048,32,1610612757,Portland Trail Blazers,1,9,31,Made Shot,Dunk Shot,,Restricted Area,Center(C),Less Than 8 ft.,1,2,11,1,1,20220318,BKN,POR,|1626159|1628404|1629234|1630314|1630570,1,REG,2022,203083,C,Anchor Big,1.99,C,Roll + Cut Big,-1.2
1628404,Josh Hart,2210104836,Shot Chart Detail,22101048,36,1610612757,Portland Trail Blazers,1,9,11,Made Shot,Driving Layup Shot,,Restricted Area,Center(C),Less Than 8 ft.,2,26,5,1,1,20220318,BKN,POR,|1626159|1628404|1629234|1630314|1630570,0,REG,2022,203083|1628971,,,,SG,Primary Ball Handler,0.08
1628404,Josh Hart,2210104859,Shot Chart Detail,22101048,59,1610612757,Portland Trail Blazers,1,7,21,Made Shot,Step Back Jump shot,,Left Corner 3,Left Side(L),24+ ft.,22,-228,-17,1,1,20220318,BKN,POR,|1626159|1628404|1629234|1630314|1630570,0,REG,2022,203083,C,Anchor Big,1.99,SG,Primary Ball Handler,0.08
1629234,Drew Eubanks,2210104872,Shot Chart Detail,22101048,72,1610612757,Portland Trail Blazers,1,5,46,Made Shot,Hook Shot,,In The Paint (Non-RA),Right Side(R),8-16 ft.,8,42,72,1,1,20220318,BKN,POR,|1628404|1629234|1630314|1630570|203463,1,REG,2022,203083,C,Anchor Big,1.99,C,Roll + Cut Big,-1.2
203463,Ben McLemore,2210104875,Shot Chart Detail,22101048,75,1610612757,Portland Trail Blazers,1,5,21,Missed Shot,Jump Shot,,Above the Break 3,Center(C),24+ ft.,25,2,258,1,0,20220318,BKN,POR,|1628404|1629234|1630314|1630570|203463,0,REG,2022,203083,C,Anchor Big,1.99,SG,Off Screen Shooter,-0.72
1629234,Drew Eubanks,22101048180,Shot Chart Detail,22101048,180,1610612757,Portland Trail Blazers,2,10,35,Made Shot,Dunk Shot,,Restricted Area,Center(C),Less Than 8 ft.,0,1,1,1,1,20220318,BKN,POR,|1627739|1629234|1629604|1630314|203463,1,REG,2022,203083|201949,,,,C,Roll + Cut Big,-1.2
1629234,Drew Eubanks,22101048220,Shot Chart Detail,22101048,220,1610612757,Portland Trail Blazers,2,8,16,Made Shot,Tip Layup Shot,,Restricted Area,Center(C),Less Than 8 ft.,0,0,0,1,1,20220318,BKN,POR,|1626159|1627739|1629234|1629604|1630314,0,REG,2022,203083,C,Anchor Big,1.99,C,Roll + Cut Big,-1.2
1630570,Trendon Watford,22101048240,Shot Chart Detail,22101048,240,1610612757,Portland Trail Blazers,2,7,0,Made Shot,Floating Jump shot,,In The Paint (Non-RA),Center(C),8-16 ft.,13,62,122,1,1,20220318,BKN,POR,|1626159|1627739|1628404|1630314|1630570,1,REG,2022,203083|203552,,,,SF,Roll + Cut Big,-1.41
1629234,Drew Eubanks,22101048344,Shot Chart Detail,22101048,344,1610612757,Portland Trail Blazers,3,11,39,Made Shot,Tip Layup Shot,,Restricted Area,Center(C),Less Than 8 ft.,0,0,0,1,1,20220318,BKN,POR,|1626159|1628404|1629234|1630314|1630570,0,REG,2022,203083,C,Anchor Big,1.99,C,Roll + Cut Big,-1.2
1629234,Drew Eubanks,22101048353,Shot Chart Detail,22101048,353,1610612757,Portland Trail Blazers,3,10,40,Made Shot,Hook Shot,,In The Paint (Non-RA),Center(C),Less Than 8 ft.,5,-10,58,1,1,20220318,BKN,POR,|1626159|1628404|1629234|1630314|1630570,1,REG,2022,203083,C,Anchor Big,1.99,C,Roll + Cut Big,-1.2
1630314,Brandon Williams,22101048371,Shot Chart Detail,22101048,371,1610612757,Portland Trail Blazers,3,9,12,Made Shot,Jump Shot,,Above the Break 3,Right Side Center(RC),24+ ft.,25,109,228,1,1,20220318,BKN,POR,|1626159|1628404|1629234|1630314|1630570,0,REG,2022,203083,C,Anchor Big,1.99,PG,Shot Creator,-0.22
1629604,CJ Elleby,22101048394,Shot Chart Detail,22101048,394,1610612757,Portland Trail Blazers,3,7,22,Made Shot,Driving Layup Shot,,Restricted Area,Center(C),Less Than 8 ft.,3,-29,21,1,1,20220318,BKN,POR,|1626159|1628404|1629234|1629604|1630314,1,REG,2022,203083,C,Anchor Big,1.99,SF,Athletic Finisher,-1.78
1630314,Brandon Williams,22101048409,Shot Chart Detail,22101048,409,1610612757,Portland Trail Blazers,3,6,25,Missed Shot,Driving Layup Shot,,Restricted Area,Center(C),Less Than 8 ft.,3,36,15,1,0,20220318,BKN,POR,|1626159|1628404|1629234|1629604|1630314,0,REG,2022,203083,C,Anchor Big,1.99,PG,Shot Creator,-0.22
203463,Ben McLemore,22101048567,Shot Chart Detail,22101048,567,1610612757,Portland Trail Blazers,4,8,18,Missed Shot,Pullup Jump shot,,Mid-Range,Left Side Center(LC),16-24 ft.,21,-129,178,1,0,20220318,BKN,POR,|1626159|1627739|1629604|1630570|203463,0,REG,2022,203083,C,Anchor Big,1.99,SG,Off Screen Shooter,-0.72
1630314,Brandon Williams,22101048585,Shot Chart Detail,22101048,585,1610612757,Portland Trail Blazers,4,7,44,Missed Shot,Step Back Jump shot,,Mid-Range,Right Side(R),16-24 ft.,18,151,99,1,0,20220318,BKN,POR,|1627739|1628404|1629234|1629604|1630314,0,REG,2022,203083,C,Anchor Big,1.99,PG,Shot Creator,-0.22
1630314,Brandon Williams,22101048607,Shot Chart Detail,22101048,607,1610612757,Portland Trail Blazers,4,5,55,Made Shot,Driving Layup Shot,,Restricted Area,Center(C),Less Than 8 ft.,3,-31,15,1,1,20220318,BKN,POR,|1627739|1628404|1629234|1629604|1630314,0,REG,2022,203083|1630560,,,,PG,Shot Creator,-0.22
1629234,Drew Eubanks,22101048620,Shot Chart Detail,22101048,620,1610612757,Portland Trail Blazers,4,4,29,Made Shot,Running Dunk Shot,,Restricted Area,Center(C),Less Than 8 ft.,0,-2,4,1,1,20220318,BKN,POR,|1626159|1627739|1628404|1629234|1630314,1,REG,2022,203083,C,Anchor Big,1.99,C,Roll + Cut Big,-1.2
1626145,Tyus Jones,2210108923,Shot Chart Detail,22101089,23,1610612763,Memphis Grizzlies,1,10,4,Made Shot,Driving Floating Jump Shot,2PT Field Goal,In The Paint (Non-RA),Center(C),8-16 ft.,9,38,87,1,1,20220323,MEM,BKN,|1626145|1628415|1628991|1630217|203500,0,REG,2022,203083|1630556,,,,PG,Primary Ball Handler,1.11
1630217,Desmond Bane,2210108934,Shot Chart Detail,22101089,34,1610612763,Memphis Grizzlies,1,8,52,Missed Shot,Jump Shot,,Left Corner 3,Left Side(L),24+ ft.,22,-224,29,1,0,20220323,MEM,BKN,|1626145|1628415|1628991|1630217|203500,0,REG,2022,203083,C,Anchor Big,1.99,SG,Off Screen Shooter,1.76
203500,Steven Adams,2210108954,Shot Chart Detail,22101089,54,1610612763,Memphis Grizzlies,1,6,58,Made Shot,Putback Layup Shot,,Restricted Area,Center(C),Less Than 8 ft.,2,23,6,1,1,20220323,MEM,BKN,|1626145|1628415|1628991|1630217|203500,0,REG,2022,203083|202681,,,,C,Post Scorer,0.41
203500,Steven Adams,2210108959,Shot Chart Detail,22101089,59,1610612763,Memphis Grizzlies,1,6,31,Missed Shot,Putback Layup Shot,,Restricted Area,Center(C),Less Than 8 ft.,0,0,0,1,0,20220323,MEM,BKN,|1626145|1628415|1628991|1630217|203500,0,REG,2022,203083|1630556,,,,C,Post Scorer,0.41
1626145,Tyus Jones,22101089303,Shot Chart Detail,22101089,303,1610612763,Memphis Grizzlies,2,5,9,Made Shot,Driving Floating Jump Shot,2PT Field Goal,In The Paint (Non-RA),Center(C),Less Than 8 ft.,7,12,78,1,1,20220323,MEM,BKN,|1626145|1628415|1629001|203500|203937,0,REG,2022,203083,C,Anchor Big,1.99,PG,Primary Ball Handler,1.11
203937,Kyle Anderson,22101089306,Shot Chart Detail,22101089,306,1610612763,Memphis Grizzlies,2,4,33,Missed Shot,Driving Floating Jump Shot,,In The Paint (Non-RA),Center(C),8-16 ft.,10,-33,98,1,0,20220323,MEM,BKN,|1626145|1628415|1629001|203500|203937,0,REG,2022,203083,C,Anchor Big,1.99,PF,Athletic Finisher,-0.51
203937,Kyle Anderson,22101089325,Shot Chart Detail,22101089,325,1610612763,Memphis Grizzlies,2,3,10,Made Shot,Tip Dunk Shot,,Restricted Area,Center(C),Less Than 8 ft.,0,0,0,1,1,20220323,MEM,BKN,|1626145|1628415|1629001|203500|203937,0,REG,2022,203083|201142,,,,PF,Athletic Finisher,-0.51
1626145,Tyus Jones,22101089336,Shot Chart Detail,22101089,336,1610612763,Memphis Grizzlies,2,2,4,Missed Shot,Pullup Jump shot,2PT Field Goal,Mid-Range,Right Side Center(RC),16-24 ft.,16,116,121,1,0,20220323,MEM,BKN,|1626145|1628415|1629001|203500|203937,0,REG,2022,203083,C,Anchor Big,1.99,PG,Primary Ball Handler,1.11
1630217,Desmond Bane,22101089359,Shot Chart Detail,22101089,359,1610612763,Memphis Grizzlies,2,0,58,Missed Shot,Driving Finger Roll Layup Shot,,In The Paint (Non-RA),Center(C),Less Than 8 ft.,7,50,52,1,0,20220323,MEM,BKN,|1626145|1628415|1628991|1630217|203500,0,REG,2022,203083|1628971,,,,SG,Off Screen Shooter,1.76
1629001,De'Anthony Melton,22101089367,Shot Chart Detail,22101089,367,1610612763,Memphis Grizzlies,2,0,56,Made Shot,Jump Shot,,Right Corner 3,Right Side(R),24+ ft.,23,232,19,1,1,20220323,MEM,BKN,|1626145|1628415|1629001|203500|203937,1,REG,2022,203083|1630560,,,,SG,Movement Shooter,0.0
1628415,Dillon Brooks,22101089468,Shot Chart Detail,22101089,468,1610612763,Memphis Grizzlies,3,5,13,Missed Shot,Step Back Jump shot,,Above the Break 3,Left Side Center(LC),24+ ft.,25,-115,230,1,0,20220323,MEM,BKN,|1626145|1628415|1629001|203500|203937,0,REG,2022,203083,C,Anchor Big,1.99,SF,Shot Creator,0.45
203937,Kyle Anderson,22101089475,Shot Chart Detail,22101089,475,1610612763,Memphis Grizzlies,3,4,50,Missed Shot,Driving Hook Shot,,Restricted Area,Center(C),Less Than 8 ft.,3,23,28,1,0,20220323,MEM,BKN,|1626145|1628415|1629001|203500|203937,0,REG,2022,203083,C,Anchor Big,1.99,PF,Athletic Finisher,-0.51
1626145,Tyus Jones,22101089531,Shot Chart Detail,22101089,531,1610612763,Memphis Grizzlies,3,0,10,Made Shot,Driving Floating Bank Jump Shot,2PT Field Goal,In The Paint (Non-RA),Left Side(L),8-16 ft.,8,-55,70,1,1,20220323,MEM,BKN,|1626145|1629001|1630533|203500|203937,0,REG,2022,203083,C,Anchor Big,1.99,PG,Primary Ball Handler,1.11
1628389,Bam Adebayo,2210111125,Shot Chart Detail,22101111,25,1610612748,Miami Heat,1,9,56,Missed Shot,Pullup Jump shot,2PT Field Goal,Mid-Range,Center(C),16-24 ft.,16,-17,169,1,0,20220326,MIA,BKN,|1628389|1629130|200768|200782|202710,0,REG,2022,203083,C,Anchor Big,1.99,C,Shot Creator,0.61
1629130,Duncan Robinson,2210111139,Shot Chart Detail,22101111,39,1610612748,Miami Heat,1,8,28,Missed Shot,Jump Shot,,Above the Break 3,Right Side Center(RC),24+ ft.,27,126,242,1,0,20220326,MIA,BKN,|1628389|1629130|200768|200782|202710,0,REG,2022,203083|1628971,,,,SG,Off Screen Shooter,0.28
1628389,Bam Adebayo,2210111149,Shot Chart Detail,22101111,49,1610612748,Miami Heat,1,7,11,Missed Shot,Jump Shot,3PT Field Goal,Above the Break 3,Center(C),24+ ft.,27,-32,274,1,0,20220326,MIA,BKN,|1628389|1629130|200768|200782|202710,0,REG,2022,203083,C,Anchor Big,1.99,C,Shot Creator,0.61
200768,Kyle Lowry,2210111166,Shot Chart Detail,22101111,66,1610612748,Miami Heat,1,5,42,Made Shot,Jump Shot,,Mid-Range,Left Side(L),16-24 ft.,17,-138,100,1,1,20220326,MIA,BKN,|1628389|1629639|200768|200782|202710,0,REG,2022,203083,C,Anchor Big,1.99,PG,Primary Ball Handler,0.56
203473,Dewayne Dedmon,22101111175,Shot Chart Detail,22101111,175,1610612748,Miami Heat,2,11,31,Made Shot,Jump Shot,,Above the Break 3,Left Side Center(LC),24+ ft.,25,-186,171,1,1,20220326,MIA,BKN,|1628997|1629130|1629639|203473|203506,1,REG,2022,203083,C,Anchor Big,1.99,C,Roll + Cut Big,-1.81
1629639,Tyler Herro,22101111183,Shot Chart Detail,22101111,183,1610612748,Miami Heat,2,10,21,Missed Shot,Step Back Jump shot,,Mid-Range,Left Side(L),16-24 ft.,19,-189,37,1,0,20220326,MIA,BKN,|1628997|1629130|1629639|203473|203506,0,REG,2022,203083,C,Anchor Big,1.99,SG,Primary Ball Handler,0.17
200768,Kyle Lowry,22101111221,Shot Chart Detail,22101111,221,1610612748,Miami Heat,2,7,54,Missed Shot,Pullup Jump shot,,Above the Break 3,Right Side Center(RC),24+ ft.,25,93,234,1,0,20220326,MIA,BKN,|1628389|1628997|1629639|200768|203506,0,REG,2022,203083|201988,,,,PG,Primary Ball Handler,0.56
1628389,Bam Adebayo,22101111228,Shot Chart Detail,22101111,228,1610612748,Miami Heat,2,7,0,Missed Shot,Turnaround Jump Shot,2PT Field Goal,Mid-Range,Left Side(L),8-16 ft.,9,-99,13,1,0,20220326,MIA,BKN,|1628389|1628997|1629639|200768|203506,0,REG,2022,203083,C,Anchor Big,1.99,C,Shot Creator,0.61
1629130,Duncan Robinson,22101111361,Shot Chart Detail,22101111,361,1610612748,Miami Heat,3,11,6,Missed Shot,Jump Shot,,Above the Break 3,Center(C),24+ ft.,24,-31,248,1,0,20220326,MIA,BKN,|1628389|1629130|200768|200782|202710,0,REG,2022,203083,C,Anchor Big,1.99,SG,Off Screen Shooter,0.28
200768,Kyle Lowry,22101111377,Shot Chart Detail,22101111,377,1610612748,Miami Heat,3,9,37,Made Shot,Pullup Jump shot,,Above the Break 3,Left Side Center(LC),24+ ft.,26,-82,252,1,1,20220326,MIA,BKN,|1628389|1629130|200768|200782|202710,0,REG,2022,203083,C,Anchor Big,1.99,PG,Primary Ball Handler,0.56
1628389,Bam Adebayo,22101111411,Shot Chart Detail,22101111,411,1610612748,Miami Heat,3,7,50,Made Shot,Fadeaway Jump Shot,2PT Field Goal,Mid-Range,Left Side(L),8-16 ft.,11,-118,21,1,1,20220326,MIA,BKN,|1628389|1629639|200768|200782|202710,0,REG,2022,203083,C,Anchor Big,1.99,C,Shot Creator,0.61
1628970,Miles Bridges,2210112031,Shot Chart Detail,22101120,31,1610612766,Charlotte Hornets,1,9,52,Made Shot,Putback Layup Shot,,Restricted Area,Center(C),Less Than 8 ft.,2,11,17,1,1,20220327,BKN,CHA,|1626179|1628970|1629023|1630163|203486,0,REG,2022,203083|203552,,,,PF,Shot Creator,1.39
203486,Mason Plumlee,2210112038,Shot Chart Detail,22101120,38,1610612766,Charlotte Hornets,1,9,0,Missed Shot,Floating Jump shot,,Mid-Range,Right Side(R),8-16 ft.,11,102,47,1,0,20220327,BKN,CHA,|1626179|1628970|1629023|1630163|203486,0,REG,2022,203083,C,Anchor Big,1.99,C,Roll + Cut Big,-0.99
1630163,LaMelo Ball,2210112052,Shot Chart Detail,22101120,52,1610612766,Charlotte Hornets,1,8,5,Made Shot,Step Back Jump shot,,Above the Break 3,Left Side Center(LC),24+ ft.,24,-181,169,1,1,20220327,BKN,CHA,|1626179|1628970|1629023|1630163|203486,0,REG,2022,203083,C,Anchor Big,1.99,PG,Primary Ball Handler,1.97
203486,Mason Plumlee,2210112070,Shot Chart Detail,22101120,70,1610612766,Charlotte Hornets,1,6,6,Missed Shot,Driving Dunk Shot,,Restricted Area,Center(C),Less Than 8 ft.,0,-2,-2,1,0,20220327,BKN,CHA,|1626179|1628970|1629023|1630163|203486,0,REG,2022,203083,C,Anchor Big,1.99,C,Roll + Cut Big,-0.99
1626149,Montrezl Harrell,22101120189,Shot Chart Detail,22101120,189,1610612766,Charlotte Hornets,2,11,36,Missed Shot,Jump Shot,2PT Field Goal,Mid-Range,Left Side Center(LC),16-24 ft.,18,-100,157,1,0,20220327,BKN,CHA,|1626149|1626162|1629667|1630163|202738,0,REG,2022,203083,C,Anchor Big,1.99,C,Post Scorer,1.58
1630163,LaMelo Ball,22101120200,Shot Chart Detail,22101120,200,1610612766,Charlotte Hornets,2,10,41,Made Shot,Floating Jump shot,,In The Paint (Non-RA),Center(C),8-16 ft.,13,11,130,1,1,20220327,BKN,CHA,|1626149|1626162|1629667|1630163|202738,1,REG,2022,203083|202681,,,,PG,Primary Ball Handler,1.97
1629023,P.J. Washington,22101120315,Shot Chart Detail,22101120,315,1610612766,Charlotte Hornets,2,3,59,Made Shot,Driving Floating Jump Shot,,In The Paint (Non-RA),Right Side(R),8-16 ft.,12,67,106,1,1,20220327,BKN,CHA,|1626179|1628970|1628998|1629023|1630163,1,REG,2022,203083,C,Anchor Big,1.99,C,Athletic Finisher,-0.05
1628970,Miles Bridges,22101120319,Shot Chart Detail,22101120,319,1610612766,Charlotte Hornets,2,3,32,Made Shot,Jump Shot,,Above the Break 3,Left Side Center(LC),24+ ft.,24,-130,210,1,1,20220327,BKN,CHA,|1626179|1628970|1628998|1629023|1630163,1,REG,2022,203083,C,Anchor Big,1.99,PF,Shot Creator,1.39
203486,Mason Plumlee,22101120336,Shot Chart Detail,22101120,336,1610612766,Charlotte Hornets,2,5,56,Missed Shot,Tip Layup Shot,,Restricted Area,Center(C),Less Than 8 ft.,3,2,39,1,0,20220327,BKN,CHA,|1626179|1628970|1628998|1629667|203486,0,REG,2022,203083,C,Anchor Big,1.99,C,Roll + Cut Big,-0.99
1629023,P.J. Washington,22101120444,Shot Chart Detail,22101120,444,1610612766,Charlotte Hornets,3,6,50,Missed Shot,Driving Layup Shot,,In The Paint (Non-RA),Center(C),Less Than 8 ft.,5,-22,50,1,0,20220327,BKN,CHA,|1626179|1628970|1629023|1630163|203486,0,REG,2022,203083,C,Anchor Big,1.99,C,Athletic Finisher,-0.05
1629023,P.J. Washington,22101120447,Shot Chart Detail,22101120,447,1610612766,Charlotte Hornets,3,6,46,Made Shot,Reverse Layup Shot,,Restricted Area,Center(C),Less Than 8 ft.,1,-12,11,1,1,20220327,BKN,CHA,|1626179|1628970|1629023|1630163|203486,0,REG,2022,203083|202681,,,,C,Athletic Finisher,-0.05
1626179,Terry Rozier,22101120457,Shot Chart Detail,22101120,457,1610612766,Charlotte Hornets,3,6,6,Made Shot,Running Dunk Shot,2PT Field Goal,Restricted Area,Center(C),Less Than 8 ft.,1,12,4,1,1,20220327,BKN,CHA,|1626179|1628970|1628998|1630163|203486,1,REG,2022,203083,C,Anchor Big,1.99,SG,Primary Ball Handler,1.55
203486,Mason Plumlee,22101120462,Shot Chart Detail,22101120,462,1610612766,Charlotte Hornets,3,5,39,Made Shot,Cutting Layup Shot,,Restricted Area,Center(C),Less Than 8 ft.,1,0,17,1,1,20220327,BKN,CHA,|1626179|1628970|1628998|1630163|203486,1,REG,2022,203083,C,Anchor Big,1.99,C,Roll + Cut Big,-0.99
203486,Mason Plumlee,22101120598,Shot Chart Detail,22101120,598,1610612766,Charlotte Hornets,4,9,5,Made Shot,Driving Dunk Shot,,Restricted Area,Center(C),Less Than 8 ft.,1,-11,2,1,1,20220327,BKN,CHA,|1626162|1626179|1629667|202738|203486,1,REG,2022,203083,C,Anchor Big,1.99,C,Roll + Cut Big,-0.99
202738,Isaiah Thomas,22101120606,Shot Chart Detail,22101120,606,1610612766,Charlotte Hornets,4,8,27,Made Shot,Pullup Jump shot,,Above the Break 3,Center(C),24+ ft.,25,-16,257,1,1,20220327,BKN,CHA,|1626162|1626179|1629667|202738|203486,0,REG,2022,203083,C,Anchor Big,1.99,PG,Secondary Ball Handler,-0.1
202738,Isaiah Thomas,22101120631,Shot Chart Detail,22101120,631,1610612766,Charlotte Hornets,4,6,57,Made Shot,Driving Layup Shot,,In The Paint (Non-RA),Center(C),Less Than 8 ft.,4,0,42,1,1,20220327,BKN,CHA,|1628970|1629023|1630163|202738|203486,1,REG,2022,203083|202681,,,,PG,Secondary Ball Handler,-0.1
1630163,LaMelo Ball,22101120641,Shot Chart Detail,22101120,641,1610612766,Charlotte Hornets,4,6,11,Missed Shot,Driving Floating Jump Shot,,In The Paint (Non-RA),Center(C),Less Than 8 ft.,5,-2,55,1,0,20220327,BKN,CHA,|1628970|1629023|1630163|202738|203486,0,REG,2022,203083|201609,,,,PG,Primary Ball Handler,1.97
1629023,P.J. Washington,22101120677,Shot Chart Detail,22101120,677,1610612766,Charlotte Hornets,4,3,21,Made Shot,Driving Layup Shot,,Restricted Area,Center(C),Less Than 8 ft.,1,-10,-3,1,1,20220327,BKN,CHA,|1626179|1628970|1628998|1629023|1630163,1,REG,2022,203083|203552,,,,C,Athletic Finisher,-0.05
1628970,Miles Bridges,22101120691,Shot Chart Detail,22101120,691,1610612766,Charlotte Hornets,4,1,16,Missed Shot,Driving Layup Shot,,Restricted Area,Center(C),Less Than 8 ft.,3,-25,26,1,0,20220327,BKN,CHA,|1626179|1628970|1628998|1629023|1630163,0,REG,2022,203083,C,Anchor Big,1.99,PF,Shot Creator,1.39
1630191,Isaiah Stewart,221011339,Shot Chart Detail,22101133,9,1610612765,Detroit Pistons,1,11,24,Made Shot,Turnaround Hook Shot,,In The Paint (Non-RA),Right Side(R),8-16 ft.,8,43,74,1,1,20220329,BKN,DET,|1628963|1630180|1630191|1630595|202709,1,REG,2022,203083|1628971,,,,C,Roll + Cut Big,-2.14
202709,Cory Joseph,2210113312,Shot Chart Detail,22101133,12,1610612765,Detroit Pistons,1,10,45,Missed Shot,Floating Jump shot,,Mid-Range,Right Side(R),8-16 ft.,12,109,69,1,0,20220329,BKN,DET,|1628963|1630180|1630191|1630595|202709,0,REG,2022,203083|203552,,,,PG,Primary Ball Handler,-1.69
203585,Rodney McGruder,22101133211,Shot Chart Detail,22101133,211,1610612765,Detroit Pistons,2,8,24,Made Shot,Pullup Jump shot,,Left Corner 3,Left Side(L),24+ ft.,23,-237,3,1,1,20220329,BKN,DET,|1628402|1630165|1630296|203482|203585,1,REG,2022,203083,C,Anchor Big,1.99,SG,Athletic Finisher,-0.71
1630165,Killian Hayes,22101133215,Shot Chart Detail,22101133,215,1610612765,Detroit Pistons,2,7,58,Made Shot,Step Back Jump shot,,Above the Break 3,Left Side Center(LC),24+ ft.,24,-135,210,1,1,20220329,BKN,DET,|1628402|1630165|1630296|203482|203585,0,REG,2022,203083|201988,,,,PG,Primary Ball Handler,-2.46
1630180,Saddiq Bey,22101133283,Shot Chart Detail,22101133,283,1610612765,Detroit Pistons,2,3,5,Missed Shot,Pullup Jump shot,,Mid-Range,Center(C),16-24 ft.,17,12,178,1,0,20220329,BKN,DET,|1628963|1630165|1630180|1630191|202709,0,REG,2022,203083|1628971|202681,,,,SF,Shot Creator,-0.03
1628963,Marvin Bagley III,22101133296,Shot Chart Detail,22101133,296,1610612765,Detroit Pistons,2,2,3,Made Shot,Cutting Layup Shot,2PT Field Goal,Restricted Area,Center(C),Less Than 8 ft.,0,-1,5,1,1,20220329,BKN,DET,|1628963|1630165|1630180|1630191|202709,1,REG,2022,203083,C,Anchor Big,1.99,PF,Roll + Cut Big,0.27
1630191,Isaiah Stewart,22101133300,Shot Chart Detail,22101133,300,1610612765,Detroit Pistons,2,1,38,Missed Shot,Jump Shot,,Mid-Range,Right Side Center(RC),16-24 ft.,20,124,159,1,0,20220329,BKN,DET,|1628963|1630165|1630180|1630191|202709,0,REG,2022,203083,C,Anchor Big,1.99,C,Roll + Cut Big,-2.14
202709,Cory Joseph,22101133305,Shot Chart Detail,22101133,305,1610612765,Detroit Pistons,2,1,3,Missed Shot,Fadeaway Jump Shot,,Mid-Range,Left Side(L),8-16 ft.,9,-97,9,1,0,20220329,BKN,DET,|1628963|1630165|1630180|1630191|202709,0,REG,2022,203083,C,Anchor Big,1.99,PG,Primary Ball Handler,-1.69
1630191,Isaiah Stewart,22101133309,Shot Chart Detail,22101133,309,1610612765,Detroit Pistons,2,0,53,Missed Shot,Hook Shot,,Restricted Area,Center(C),Less Than 8 ft.,3,17,34,1,0,20220329,BKN,DET,|1628963|1630165|1630180|1630191|202709,0,REG,2022,203083|201142,,,,C,Roll + Cut Big,-2.14
1630191,Isaiah Stewart,22101133366,Shot Chart Detail,22101133,366,1610612765,Detroit Pistons,3,9,5,Missed Shot,Driving Layup Shot,,Restricted Area,Center(C),Less Than 8 ft.,1,11,11,1,0,20220329,BKN,DET,|1628963|1630180|1630191|1630595|202709,0,REG,2022,203083,C,Anchor Big,1.99,C,Roll + Cut Big,-2.14
1630595,Cade Cunningham,22101133373,Shot Chart Detail,22101133,373,1610612765,Detroit Pistons,3,8,39,Missed Shot,Pullup Jump shot,,Mid-Range,Center(C),16-24 ft.,20,-38,204,1,0,20220329,BKN,DET,|1628963|1630180|1630191|1630595|202709,0,REG,2022,203083,C,Anchor Big,1.99,SG,Primary Ball Handler,-1.38
1630180,Saddiq Bey,22101133390,Shot Chart Detail,22101133,390,1610612765,Detroit Pistons,3,7,22,Missed Shot,Jump Shot,,Mid-Range,Center(C),8-16 ft.,14,-12,144,1,0,20220329,BKN,DET,|1628963|1630180|1630191|1630595|202709,0,REG,2022,203083,C,Anchor Big,1.99,SF,Shot Creator,-0.03
1630595,Cade Cunningham,22101133408,Shot Chart Detail,22101133,408,1610612765,Detroit Pistons,3,6,7,Missed Shot,Pullup Jump shot,,Above the Break 3,Center(C),24+ ft.,25,-5,254,1,0,20220329,BKN,DET,|1628963|1630165|1630180|1630191|1630595,0,REG,2022,203083,C,Anchor Big,1.99,SG,Primary Ball Handler,-1.38
1628963,Marvin Bagley III,22101133413,Shot Chart Detail,22101133,413,1610612765,Detroit Pistons,3,5,45,Made Shot,Alley Oop Layup shot,2PT Field Goal,Restricted Area,Center(C),Less Than 8 ft.,2,-23,13,1,1,20220329,BKN,DET,|1628963|1630165|1630180|1630191|1630595,1,REG,2022,203083|201142,,,,PF,Roll + Cut Big,0.27
1630595,Cade Cunningham,22101133594,Shot Chart Detail,22101133,594,1610612765,Detroit Pistons,4,3,43,Made Shot,Driving Floating Bank Jump Shot,,Restricted Area,Center(C),Less Than 8 ft.,3,38,11,1,1,20220329,BKN,DET,|1630165|1630180|1630191|1630296|1630595,0,REG,2022,203083,C,Anchor Big,1.99,SG,Primary Ball Handler,-1.38
1630595,Cade Cunningham,22101133603,Shot Chart Detail,22101133,603,1610612765,Detroit Pistons,4,3,21,Made Shot,Pullup Jump shot,,Mid-Range,Center(C),8-16 ft.,14,-17,147,1,1,20220329,BKN,DET,|1630165|1630180|1630191|1630296|1630595,0,REG,2022,203083|202681,,,,SG,Primary Ball Handler,-1.38
1630595,Cade Cunningham,22101133608,Shot Chart Detail,22101133,608,1610612765,Detroit Pistons,4,3,2,Made Shot,Pullup Jump shot,,Above the Break 3,Center(C),24+ ft.,26,-2,264,1,1,20220329,BKN,DET,|1630165|1630180|1630191|1630296|1630595,0,REG,2022,203083|201142,,,,SG,Primary Ball Handler,-1.38
1630296,Braxton Key,22101133611,Shot Chart Detail,22101133,611,1610612765,Detroit Pistons,4,2,15,Missed Shot,Pullup Jump shot,,Mid-Range,Center(C),16-24 ft.,21,49,210,1,0,20220329,BKN,DET,|1630165|1630180|1630191|1630296|1630595,0,REG,2022,203083,C,Anchor Big,1.99,SF,Athletic Finisher,-0.99
1630595,Cade Cunningham,22101133624,Shot Chart Detail,22101133,624,1610612765,Detroit Pistons,4,1,19,Missed Shot,Pullup Jump shot,,Mid-Range,Center(C),8-16 ft.,14,-12,147,1,0,20220329,BKN,DET,|1628963|1630165|1630180|1630191|1630595,0,REG,2022,203083,C,Anchor Big,1.99,SG,Primary Ball Handler,-1.38
201572,Brook Lopez,2210114816,Shot Chart Detail,22101148,16,1610612749,Milwaukee Bucks,1,10,42,Missed Shot,Jump Shot,3PT Field Goal,Above the Break 3,Left Side Center(LC),24+ ft.,27,-97,262,1,0,20220331,BKN,MIL,|201572|201950|202083|203114|203507,0,REG,2022,203083,C,Anchor Big,1.99,C,Stretch Big,0.01
203507,Giannis Antetokounmpo,2210114828,Shot Chart Detail,22101148,28,1610612749,Milwaukee Bucks,1,9,36,Missed Shot,Pullup Jump shot,,Mid-Range,Left Side(L),8-16 ft.,15,-142,67,1,0,20220331,BKN,MIL,|201572|201950|202083|203114|203507,0,REG,2022,203083,C,Anchor Big,1.99,PF,Shot Creator,4.57
203507,Giannis Antetokounmpo,2210114841,Shot Chart Detail,22101148,41,1610612749,Milwaukee Bucks,1,8,37,Made Shot,Driving Dunk Shot,,Restricted Area,Center(C),Less Than 8 ft.,0,1,7,1,1,20220331,BKN,MIL,|201572|201950|202083|203114|203507,0,REG,2022,203083|203552,,,,PF,Shot Creator,4.57
201572,Brook Lopez,2210114862,Shot Chart Detail,22101148,62,1610612749,Milwaukee Bucks,1,6,27,Made Shot,Fadeaway Jump Shot,,In The Paint (Non-RA),Center(C),8-16 ft.,8,-39,78,1,1,20220331,BKN,MIL,|1626192|201572|201950|202083|203507,1,REG,2022,203083|1628971,,,,C,Stretch Big,0.01
203507,Giannis Antetokounmpo,2210114866,Shot Chart Detail,22101148,66,1610612749,Milwaukee Bucks,1,6,1,Made Shot,Driving Finger Roll Layup Shot,,Restricted Area,Center(C),Less Than 8 ft.,0,0,4,1,1,20220331,BKN,MIL,|1626192|201572|201950|202083|203507,0,REG,2022,203083|201142,,,,PF,Shot Creator,4.57
1626192,Pat Connaughton,2210114872,Shot Chart Detail,22101148,72,1610612749,Milwaukee Bucks,1,5,22,Made Shot,Finger Roll Layup Shot,2PT Field Goal,Restricted Area,Center(C),Less Than 8 ft.,2,16,15,1,1,20220331,BKN,MIL,|1626192|201572|201950|202083|203507,0,REG,2022,203083|1628971|201142,,,,SF,Movement Shooter,-0.39
201572,Brook Lopez,2210114879,Shot Chart Detail,22101148,79,1610612749,Milwaukee Bucks,1,4,24,Missed Shot,Jump Shot,,Above the Break 3,Center(C),24+ ft.,25,-9,254,1,0,20220331,BKN,MIL,|1626192|201572|201950|202083|203507,0,REG,2022,203083,C,Anchor Big,1.99,C,Stretch Big,0.01
201572,Brook Lopez,22101148263,Shot Chart Detail,22101148,263,1610612749,Milwaukee Bucks,2,3,59,Missed Shot,Jump Shot,,Mid-Range,Right Side Center(RC),16-24 ft.,17,56,167,1,0,20220331,BKN,MIL,|1626171|201572|201950|202083|203114,0,REG,2022,203083,C,Anchor Big,1.99,C,Stretch Big,0.01
203114,Khris Middleton,22101148275,Shot Chart Detail,22101148,275,1610612749,Milwaukee Bucks,2,2,57,Missed Shot,Pullup Jump shot,,Above the Break 3,Center(C),24+ ft.,25,59,249,1,0,20220331,BKN,MIL,|1626171|201572|201950|202083|203114,0,REG,2022,203083,C,Anchor Big,1.99,SF,Shot Creator,1.71
201588,George Hill,22101148292,Shot Chart Detail,22101148,292,1610612749,Milwaukee Bucks,2,2,22,Missed Shot,Driving Layup Shot,,Restricted Area,Center(C),Less Than 8 ft.,2,-20,6,1,0,20220331,BKN,MIL,|1626171|201588|202083|203114|203507,0,REG,2022,203083|201609,,,,PG,Primary Ball Handler,-1.1
1626171,Bobby Portis,22101148303,Shot Chart Detail,22101148,303,1610612749,Milwaukee Bucks,2,1,31,Missed Shot,Jump Shot,3PT Field Goal,Right Corner 3,Right Side(R),24+ ft.,23,230,60,1,0,20220331,BKN,MIL,|1626171|201588|202083|203114|203507,0,REG,2022,203083,C,Anchor Big,1.99,C,Versatile Big,0.03
201572,Brook Lopez,22101148327,Shot Chart Detail,22101148,327,1610612749,Milwaukee Bucks,3,11,25,Missed Shot,Jump Shot,3PT Field Goal,Above the Break 3,Center(C),24+ ft.,24,1,248,1,0,20220331,BKN,MIL,|201572|201950|202083|203114|203507,0,REG,2022,203083,C,Anchor Big,1.99,C,Stretch Big,0.01
201950,Jrue Holiday,22101148333,Shot Chart Detail,22101148,333,1610612749,Milwaukee Bucks,3,10,56,Missed Shot,Driving Layup Shot,,Restricted Area,Center(C),Less Than 8 ft.,3,31,15,1,0,20220331,BKN,MIL,|201572|201950|202083|203114|203507,0,REG,2022,203083,C,Anchor Big,1.99,PG,Shot Creator,2.06
201950,Jrue Holiday,22101148647,Shot Chart Detail,22101148,647,1610612749,Milwaukee Bucks,4,2,1,Missed Shot,Step Back Jump shot,,Mid-Range,Right Side Center(RC),16-24 ft.,20,92,178,1,0,20220331,BKN,MIL,|1626171|1628960|201950|202083|203507,0,REG,2022,203083,C,Anchor Big,1.99,PG,Shot Creator,2.06
203507,Giannis Antetokounmpo,22101148679,Shot Chart Detail,22101148,679,1610612749,Milwaukee Bucks,4,0,18,Made Shot,Step Back Jump shot,,Above the Break 3,Right Side Center(RC),24+ ft.,24,82,236,1,1,20220331,BKN,MIL,|1626171|1626192|1628960|201950|203507,0,REG,2022,203083,C,Anchor Big,1.99,PF,Shot Creator,4.57
201950,Jrue Holiday,22101148696,Shot Chart Detail,22101148,696,1610612749,Milwaukee Bucks,4,3,43,Missed Shot,Driving Finger Roll Layup Shot,,Restricted Area,Center(C),Less Than 8 ft.,3,2,39,1,0,20220331,BKN,MIL,|1626171|1628960|201950|202083|203507,0,REG,2022,203083,C,Anchor Big,1.99,PG,Shot Creator,2.06
201950,Jrue Holiday,22101148783,Shot Chart Detail,22101148,783,1610612749,Milwaukee Bucks,4,6,31,Missed Shot,Pullup Jump shot,,Backcourt,Back Court(BC),Back Court Shot,59,-168,573,1,0,20220331,BKN,MIL,|1626192|1628960|201572|201950|202083,0,REG,2022,203083,C,Anchor Big,1.99,PG,Shot Creator,2.06
1629027,Trae Young,221011637,Shot Chart Detail,22101163,7,1610612737,Atlanta Hawks,1,11,39,Missed Shot,Step Back Jump shot,,Above the Break 3,Center(C),24+ ft.,26,33,263,1,0,20220402,ATL,BKN,|1627789|1628989|1629027|1629631|203991,0,REG,2022,203083,C,Anchor Big,1.99,PG,Shot Creator,5.09
1628989,Kevin Huerter,2210116315,Shot Chart Detail,22101163,15,1610612737,Atlanta Hawks,1,10,54,Missed Shot,Jump Shot,,Above the Break 3,Left Side Center(LC),24+ ft.,25,-192,168,1,0,20220402,ATL,BKN,|1627789|1628989|1629027|1629631|203991,0,REG,2022,203083,C,Anchor Big,1.99,SF,Movement Shooter,-0.29
203991,Clint Capela,2210116342,Shot Chart Detail,22101163,42,1610612737,Atlanta Hawks,1,8,49,Made Shot,Dunk Shot,,Restricted Area,Center(C),Less Than 8 ft.,1,-1,11,1,1,20220402,ATL,BKN,|1627789|1628989|1629027|1629631|203991,1,REG,2022,203083|201988,,,,C,Roll + Cut Big,0.47
1629027,Trae Young,2210116349,Shot Chart Detail,22101163,49,1610612737,Atlanta Hawks,1,8,22,Missed Shot,Pullup Jump shot,,Above the Break 3,Center(C),24+ ft.,26,6,265,1,0,20220402,ATL,BKN,|1627789|1628989|1629027|1629631|203991,0,REG,2022,203083,C,Anchor Big,1.99,PG,Shot Creator,5.09
1627789,Timothe Luwawu-Cabarrot,2210116367,Shot Chart Detail,22101163,67,1610612737,Atlanta Hawks,1,7,14,Made Shot,Jump Shot,3PT Field Goal,Right Corner 3,Right Side(R),24+ ft.,23,233,-25,1,1,20220402,ATL,BKN,|1627789|1628989|1629027|1629631|203991,1,REG,2022,203083,C,Anchor Big,1.99,SF,Athletic Finisher,-1.48
203991,Clint Capela,22101163386,Shot Chart Detail,22101163,386,1610612737,Atlanta Hawks,3,10,31,Made Shot,Running Dunk Shot,,Restricted Area,Center(C),Less Than 8 ft.,0,1,1,1,1,20220402,ATL,BKN,|1627789|1628989|1629027|1629631|203991,1,REG,2022,203083|201988,,,,C,Roll + Cut Big,0.47
1628989,Kevin Huerter,22101163407,Shot Chart Detail,22101163,407,1610612737,Atlanta Hawks,3,8,51,Missed Shot,Driving Layup Shot,,Restricted Area,Center(C),Less Than 8 ft.,2,23,10,1,0,20220402,ATL,BKN,|1627789|1628989|1629027|1629631|203991,0,REG,2022,203083|201142,,,,SF,Movement Shooter,-0.29
203991,Clint Capela,22101163418,Shot Chart Detail,22101163,418,1610612737,Atlanta Hawks,3,7,43,Missed Shot,Driving Hook Shot,,In The Paint (Non-RA),Center(C),8-16 ft.,9,0,93,1,0,20220402,ATL,BKN,|1627789|1628989|1629027|1629631|203991,0,REG,2022,203083,C,Anchor Big,1.99,C,Roll + Cut Big,0.47
1628989,Kevin Huerter,22101163420,Shot Chart Detail,22101163,420,1610612737,Atlanta Hawks,3,7,36,Missed Shot,Pullup Jump shot,,Right Corner 3,Right Side(R),24+ ft.,23,229,35,1,0,20220402,ATL,BKN,|1627789|1628989|1629027|1629631|203991,0,REG,2022,203083,C,Anchor Big,1.99,SF,Movement Shooter,-0.29
1629645,Kevin Porter Jr.,2210118011,Shot Chart Detail,22101180,11,1610612745,Houston Rockets,1,11,22,Made Shot,Step Back Jump shot,2PT Field Goal,Mid-Range,Left Side Center(LC),16-24 ft.,20,-136,150,1,1,20220405,BKN,HOU,|1629645|1629726|1630224|1630256|1630578,0,REG,2022,203083,C,Anchor Big,1.99,PG,Shot Creator,-1.06
1630578,Alperen Sengun,2210118015,Shot Chart Detail,22101180,15,1610612745,Houston Rockets,1,10,52,Missed Shot,Turnaround Hook Shot,,Restricted Area,Center(C),Less Than 8 ft.,3,10,30,1,0,20220405,BKN,HOU,|1629645|1629726|1630224|1630256|1630578,0,REG,2022,203083,C,Anchor Big,1.99,C,Post Scorer,-0.86
1629645,Kevin Porter Jr.,2210118023,Shot Chart Detail,22101180,23,1610612745,Houston Rockets,1,9,55,Made Shot,Running Finger Roll Layup Shot,2PT Field Goal,Restricted Area,Center(C),Less Than 8 ft.,1,-16,-1,1,1,20220405,BKN,HOU,|1629645|1629726|1630224|1630256|1630578,0,REG,2022,203083,C,Anchor Big,1.99,PG,Shot Creator,-1.06
1630578,Alperen Sengun,2210118032,Shot Chart Detail,22101180,32,1610612745,Houston Rockets,1,8,53,Made Shot,Turnaround Hook Shot,,Restricted Area,Center(C),Less Than 8 ft.,2,-6,20,1,1,20220405,BKN,HOU,|1629645|1629726|1630224|1630256|1630578,0,REG,2022,203083,C,Anchor Big,1.99,C,Post Scorer,-0.86
1629645,Kevin Porter Jr.,2210118066,Shot Chart Detail,22101180,66,1610612745,Houston Rockets,1,5,49,Missed Shot,Driving Finger Roll Layup Shot,2PT Field Goal,In The Paint (Non-RA),Center(C),Less Than 8 ft.,4,-40,-6,1,0,20220405,BKN,HOU,|1629645|1629726|1630224|1630256|1630578,0,REG,2022,203083,C,Anchor Big,1.99,PG,Shot Creator,-1.06
1629645,Kevin Porter Jr.,22101180290,Shot Chart Detail,22101180,290,1610612745,Houston Rockets,2,3,47,Made Shot,Pullup Jump shot,2PT Field Goal,Mid-Range,Center(C),16-24 ft.,17,-7,177,1,1,20220405,BKN,HOU,|1629645|1630224|1630256|1630528|1630578,0,REG,2022,203083,C,Anchor Big,1.99,PG,Shot Creator,-1.06
1629645,Kevin Porter Jr.,22101180311,Shot Chart Detail,22101180,311,1610612745,Houston Rockets,2,2,35,Missed Shot,Pullup Jump shot,2PT Field Goal,Mid-Range,Center(C),16-24 ft.,20,-2,201,1,0,20220405,BKN,HOU,|1629645|1630224|1630256|1630528|1630578,0,REG,2022,203083,C,Anchor Big,1.99,PG,Shot Creator,-1.06
1630578,Alperen Sengun,22101180342,Shot Chart Detail,22101180,342,1610612745,Houston Rockets,2,0,21,Missed Shot,Putback Layup Shot,,Restricted Area,Center(C),Less Than 8 ft.,3,-28,21,1,0,20220405,BKN,HOU,|1629645|1630224|1630256|1630528|1630578,0,REG,2022,203083,C,Anchor Big,1.99,C,Post Scorer,-0.86
1629726,Garrison Mathews,22101180558,Shot Chart Detail,22101180,558,1610612745,Houston Rockets,4,7,28,Missed Shot,Jump Shot,3PT Field Goal,Above the Break 3,Left Side Center(LC),24+ ft.,27,-176,206,1,0,20220405,BKN,HOU,|1629726|1630231|1630256|1630528|1630586,0,REG,2022,203083,C,Anchor Big,1.99,SG,Off Screen Shooter,0.31
1630528,Josh Christopher,22101180568,Shot Chart Detail,22101180,568,1610612745,Houston Rockets,4,6,49,Made Shot,Pullup Jump shot,,Above the Break 3,Center(C),24+ ft.,27,-11,272,1,1,20220405,BKN,HOU,|1629726|1630231|1630256|1630528|1630578,0,REG,2022,203083,C,Anchor Big,1.99,SG,Secondary Ball Handler,-0.63
1630528,Josh Christopher,22101180589,Shot Chart Detail,22101180,589,1610612745,Houston Rockets,4,5,29,Made Shot,Dunk Shot,,Restricted Area,Center(C),Less Than 8 ft.,0,-5,-3,1,1,20220405,BKN,HOU,|1629645|1630224|1630256|1630528|1630578,1,REG,2022,203083,C,Anchor Big,1.99,SG,Secondary Ball Handler,-0.63
1630528,Josh Christopher,22101180600,Shot Chart Detail,22101180,600,1610612745,Houston Rockets,4,5,3,Missed Shot,Cutting Layup Shot,,Restricted Area,Center(C),Less Than 8 ft.,2,18,15,1,0,20220405,BKN,HOU,|1629645|1630224|1630256|1630528|1630578,0,REG,2022,203083,C,Anchor Big,1.99,SG,Secondary Ball Handler,-0.63
1629645,Kevin Porter Jr.,22101180608,Shot Chart Detail,22101180,608,1610612745,Houston Rockets,4,4,47,Missed Shot,Step Back Jump shot,3PT Field Goal,Above the Break 3,Center(C),24+ ft.,26,42,264,1,0,20220405,BKN,HOU,|1629645|1630224|1630256|1630528|1630578,0,REG,2022,203083,C,Anchor Big,1.99,PG,Shot Creator,-1.06
1629645,Kevin Porter Jr.,22101180644,Shot Chart Detail,22101180,644,1610612745,Houston Rockets,4,2,28,Made Shot,Driving Layup Shot,2PT Field Goal,Restricted Area,Center(C),Less Than 8 ft.,2,23,-8,1,1,20220405,BKN,HOU,|1629645|1630224|1630256|1630528|1630578,0,REG,2022,203083,C,Anchor Big,1.99,PG,Shot Creator,-1.06
1630224,Jalen Green,22101180647,Shot Chart Detail,22101180,647,1610612745,Houston Rockets,4,2,4,Made Shot,Driving Layup Shot,,Restricted Area,Center(C),Less Than 8 ft.,2,15,20,1,1,20220405,BKN,HOU,|1629645|1630224|1630256|1630528|1630578,0,REG,2022,203083,C,Anchor Big,1.99,SG,Secondary Ball Handler,-1.0
1630167,Obi Toppin,2210119146,Shot Chart Detail,22101191,46,1610612752,New York Knicks,1,8,11,Missed Shot,Pullup Jump shot,,Mid-Range,Left Side(L),16-24 ft.,16,-157,55,1,0,20220406,NYK,BKN,|1629628|1630167|1630579|202692|203095,0,REG,2022,203083,C,Anchor Big,1.99,PF,Athletic Finisher,1.11
1629628,RJ Barrett,2210119151,Shot Chart Detail,22101191,51,1610612752,New York Knicks,1,7,35,Missed Shot,Driving Layup Shot,2PT Field Goal,Restricted Area,Center(C),Less Than 8 ft.,2,21,7,1,0,20220406,NYK,BKN,|1629628|1630167|1630579|202692|203095,0,REG,2022,203083,C,Anchor Big,1.99,SF,Secondary Ball Handler,0.31
202692,Alec Burks,2210119158,Shot Chart Detail,22101191,58,1610612752,New York Knicks,1,7,14,Missed Shot,Jump Shot,,Above the Break 3,Left Side Center(LC),24+ ft.,25,-108,228,1,0,20220406,NYK,BKN,|1629628|1630167|1630579|202692|203095,0,REG,2022,203083,C,Anchor Big,1.99,SG,Primary Ball Handler,0.94
1630579,Jericho Sims,2210119182,Shot Chart Detail,22101191,82,1610612752,New York Knicks,1,5,2,Missed Shot,Hook Shot,,Restricted Area,Center(C),Less Than 8 ft.,3,-17,34,1,0,20220406,NYK,BKN,|1629628|1630167|1630579|202692|203095,0,REG,2022,203083|1628971,,,,PF,Athletic Finisher,-2.38
1630193,Immanuel Quickley,22101191268,Shot Chart Detail,22101191,268,1610612752,New York Knicks,2,4,41,Missed Shot,Step Back Jump shot,,Above the Break 3,Center(C),24+ ft.,25,-11,253,1,0,20220406,NYK,BKN,|1629628|1630193|1630579|201959|202692,0,REG,2022,203083|1628971,,,,PG,Primary Ball Handler,1.75
1629628,RJ Barrett,22101191294,Shot Chart Detail,22101191,294,1610612752,New York Knicks,2,3,25,Made Shot,Step Back Jump shot,2PT Field Goal,Mid-Range,Center(C),16-24 ft.,21,-37,207,1,1,20220406,NYK,BKN,|1629628|1630167|1630579|202692|203095,0,REG,2022,203083,C,Anchor Big,1.99,SF,Secondary Ball Handler,0.31
1629628,RJ Barrett,22101191362,Shot Chart Detail,22101191,362,1610612752,New York Knicks,3,10,46,Missed Shot,Jump Shot,2PT Field Goal,Mid-Range,Left Side Center(LC),16-24 ft.,19,-87,174,1,0,20220406,NYK,BKN,|1629628|1630167|1630579|202692|203095,0,REG,2022,203083,C,Anchor Big,1.99,SF,Secondary Ball Handler,0.31
202692,Alec Burks,22101191385,Shot Chart Detail,22101191,385,1610612752,New York Knicks,3,9,16,Missed Shot,Driving Layup Shot,,In The Paint (Non-RA),Center(C),Less Than 8 ft.,5,38,34,1,0,20220406,NYK,BKN,|1629628|1630167|1630579|202692|203095,0,REG,2022,203083,C,Anchor Big,1.99,SG,Primary Ball Handler,0.94
1630579,Jericho Sims,22101191428,Shot Chart Detail,22101191,428,1610612752,New York Knicks,3,6,12,Made Shot,Alley Oop Dunk Shot,,Restricted Area,Center(C),Less Than 8 ft.,0,7,3,1,1,20220406,NYK,BKN,|1629628|1630167|1630579|202692|203095,1,REG,2022,203083,C,Anchor Big,1.99,PF,Athletic Finisher,-2.38
1628374,Lauri Markkanen,2210120525,Shot Chart Detail,22101205,25,1610612739,Cleveland Cavaliers,1,10,36,Made Shot,Tip Layup Shot,,Restricted Area,Center(C),Less Than 8 ft.,0,0,0,1,1,20220408,BKN,CLE,|1627747|1628374|1629636|1630171|1630596,0,REG,2022,203083|202681,,,,SF,Athletic Finisher,0.65
1629636,Darius Garland,2210120542,Shot Chart Detail,22101205,42,1610612739,Cleveland Cavaliers,1,9,9,Made Shot,Pullup Jump shot,,Mid-Range,Center(C),16-24 ft.,19,9,195,1,1,20220408,BKN,CLE,|1627747|1628374|1629636|1630171|1630596,0,REG,2022,203552|203083,,,,PG,Primary Ball Handler,2.04
1630596,Evan Mobley,2210120545,Shot Chart Detail,22101205,45,1610612739,Cleveland Cavaliers,1,8,35,Missed Shot,Pullup Jump shot,,Above the Break 3,Center(C),24+ ft.,26,33,260,1,0,20220408,BKN,CLE,|1627747|1628374|1629636|1630171|1630596,0,REG,2022,203083,C,Anchor Big,1.99,PF,Shot Creator,-0.79
1630596,Evan Mobley,2210120549,Shot Chart Detail,22101205,49,1610612739,Cleveland Cavaliers,1,8,12,Made Shot,Floating Jump shot,,In The Paint (Non-RA),Center(C),Less Than 8 ft.,5,-2,55,1,1,20220408,BKN,CLE,|1627747|1628374|1629636|1630171|1630596,1,REG,2022,203083,C,Anchor Big,1.99,PF,Shot Creator,-0.79
1629636,Darius Garland,2210120562,Shot Chart Detail,22101205,62,1610612739,Cleveland Cavaliers,1,7,24,Made Shot,Driving Floating Jump Shot,,Mid-Range,Right Side(R),8-16 ft.,11,89,74,1,1,20220408,BKN,CLE,|1628374|1629636|1630171|1630596|201567,0,REG,2022,203083,C,Anchor Big,1.99,PG,Primary Ball Handler,2.04
1627747,Caris LeVert,22101205349,Shot Chart Detail,22101205,349,1610612739,Cleveland Cavaliers,3,11,24,Missed Shot,Jump Shot,3PT Field Goal,Above the Break 3,Center(C),24+ ft.,26,17,262,1,0,20220408,BKN,CLE,|1627747|1628374|1629636|1630171|1630596,0,REG,2022,203083,C,Anchor Big,1.99,SG,Slasher,0.83
1628374,Lauri Markkanen,22101205353,Shot Chart Detail,22101205,353,1610612739,Cleveland Cavaliers,3,10,49,Missed Shot,Cutting Layup Shot,,In The Paint (Non-RA),Center(C),Less Than 8 ft.,5,-50,17,1,0,20220408,BKN,CLE,|1627747|1628374|1629636|1630171|1630596,0,REG,2022,203552|203083,,,,SF,Athletic Finisher,0.65
1630596,Evan Mobley,22101205551,Shot Chart Detail,22101205,551,1610612739,Cleveland Cavaliers,4,8,58,Missed Shot,Tip Layup Shot,,Restricted Area,Center(C),Less Than 8 ft.,0,0,0,1,0,20220408,BKN,CLE,|1626224|1630171|1630596|200765|201567,0,REG,2022,203083,C,Anchor Big,1.99,PF,Shot Creator,-0.79
1630596,Evan Mobley,22101205553,Shot Chart Detail,22101205,553,1610612739,Cleveland Cavaliers,4,8,56,Missed Shot,Tip Layup Shot,,Restricted Area,Center(C),Less Than 8 ft.,0,0,0,1,0,20220408,BKN,CLE,|1626224|1630171|1630596|200765|201567,0,REG,2022,203083|201142,,,,PF,Shot Creator,-0.79
1629636,Darius Garland,22101205562,Shot Chart Detail,22101205,562,1610612739,Cleveland Cavaliers,4,8,36,Missed Shot,Driving Floating Jump Shot,,In The Paint (Non-RA),Center(C),Less Than 8 ft.,7,-4,74,1,0,20220408,BKN,CLE,|1626224|1628374|1629636|1630171|1630596,0,REG,2022,201988|203083|201142|202681,,,,PG,Primary Ball Handler,2.04
1630596,Evan Mobley,22101205603,Shot Chart Detail,22101205,603,1610612739,Cleveland Cavaliers,4,4,25,Made Shot,Alley Oop Dunk Shot,,Restricted Area,Center(C),Less Than 8 ft.,3,-17,32,1,1,20220408,BKN,CLE,|1627747|1628374|1629636|1630171|1630596,1,REG,2022,203083,C,Anchor Big,1.99,PF,Shot Creator,-0.79
1630596,Evan Mobley,22101205616,Shot Chart Detail,22101205,616,1610612739,Cleveland Cavaliers,4,3,26,Made Shot,Dunk Shot,,In The Paint (Non-RA),Center(C),Less Than 8 ft.,4,-36,29,1,1,20220408,BKN,CLE,|1626224|1627747|1628374|1629636|1630596,1,REG,2022,203083,C,Anchor Big,1.99,PF,Shot Creator,-0.79
1628374,Lauri Markkanen,22101205620,Shot Chart Detail,22101205,620,1610612739,Cleveland Cavaliers,4,2,50,Missed Shot,Jump Shot,,Above the Break 3,Left Side Center(LC),24+ ft.,26,-200,169,1,0,20220408,BKN,CLE,|1626224|1627747|1628374|1629636|1630596,0,REG,2022,203083,C,Anchor Big,1.99,SF,Athletic Finisher,0.65
1627747,Caris LeVert,22101205631,Shot Chart Detail,22101205,631,1610612739,Cleveland Cavaliers,4,1,48,Made Shot,Driving Floating Jump Shot,,In The Paint (Non-RA),Center(C),Less Than 8 ft.,6,-16,63,1,1,20220408,BKN,CLE,|1626224|1627747|1628374|1629636|1630596,0,REG,2022,203083|202681,,,,SG,Slasher,0.83
204456,T.J. McConnell,221012169,Shot Chart Detail,22101216,9,1610612754,Indiana Pacers,1,11,14,Missed Shot,Fadeaway Jump Shot,,In The Paint (Non-RA),Left Side(L),8-16 ft.,12,-78,103,1,0,20220410,BKN,IND,|1627741|1629052|1630169|1630543|204456,0,REG,2022,203083,C,Anchor Big,1.99,PG,Slasher,-0.61
1630678,Terry Taylor,22101216270,Shot Chart Detail,22101216,270,1610612754,Indiana Pacers,2,5,36,Made Shot,Putback Layup Shot,,Restricted Area,Center(C),Less Than 8 ft.,0,6,0,1,1,20220410,BKN,IND,|1627741|1629052|1630169|1630678|204456,0,REG,2022,203083|1628971|1630556,,,,PF,Athletic Finisher,0.0
1630169,Tyrese Haliburton,22101216274,Shot Chart Detail,22101216,274,1610612754,Indiana Pacers,2,5,3,Missed Shot,Step Back Jump shot,,Above the Break 3,Right Side Center(RC),24+ ft.,24,152,194,1,0,20220410,BKN,IND,|1627741|1629052|1630169|1630678|204456,0,REG,2022,203083,C,Anchor Big,1.99,SG-PG,Primary Ball Handler,1.24
1630543,Isaiah Jackson,22101216302,Shot Chart Detail,22101216,302,1610612754,Indiana Pacers,2,3,29,Missed Shot,Step Back Jump shot,,In The Paint (Non-RA),Center(C),8-16 ft.,12,40,119,1,0,20220410,BKN,IND,|1627741|1630169|1630543|1630613|202362,0,REG,2022,203083,C,Anchor Big,1.99,C,Roll + Cut Big,-0.69
1627741,Buddy Hield,22101216315,Shot Chart Detail,22101216,315,1610612754,Indiana Pacers,2,2,34,Missed Shot,Jump Shot,3PT Field Goal,Above the Break 3,Center(C),24+ ft.,25,-56,252,1,0,20220410,BKN,IND,|1627741|1630169|1630543|1630613|202362,0,REG,2022,203083,C,Anchor Big,1.99,SG,Off Screen Shooter,1.1
1630678,Terry Taylor,22101216335,Shot Chart Detail,22101216,335,1610612754,Indiana Pacers,2,1,16,Missed Shot,Tip Layup Shot,,Restricted Area,Center(C),Less Than 8 ft.,0,0,0,1,0,20220410,BKN,IND,|1627741|1630169|1630613|1630678|202362,0,REG,2022,203083,C,Anchor Big,1.99,PF,Athletic Finisher,0.0
1630169,Tyrese Haliburton,22101216351,Shot Chart Detail,22101216,351,1610612754,Indiana Pacers,2,0,38,Missed Shot,Pullup Jump shot,,Above the Break 3,Center(C),24+ ft.,25,70,250,1,0,20220410,BKN,IND,|1627741|1628221|1630169|1630613|1630678,0,REG,2022,203083,C,Anchor Big,1.99,SG-PG,Primary Ball Handler,1.24
1627741,Buddy Hield,22101216374,Shot Chart Detail,22101216,374,1610612754,Indiana Pacers,3,11,12,Made Shot,Jump Shot,3PT Field Goal,Above the Break 3,Center(C),24+ ft.,26,-40,257,1,1,20220410,BKN,IND,|1627741|1629052|1630169|1630543|204456,1,REG,2022,203083,C,Anchor Big,1.99,SG,Off Screen Shooter,1.1
1630169,Tyrese Haliburton,22101216405,Shot Chart Detail,22101216,405,1610612754,Indiana Pacers,3,8,3,Made Shot,Driving Finger Roll Layup Shot,,Restricted Area,Center(C),Less Than 8 ft.,1,13,8,1,1,20220410,BKN,IND,|1627741|1629052|1630169|1630543|204456,0,REG,2022,203083|1630556,,,,SG-PG,Primary Ball Handler,1.24
1630543,Isaiah Jackson,22101216420,Shot Chart Detail,22101216,420,1610612754,Indiana Pacers,3,6,25,Made Shot,Alley Oop Dunk Shot,,Restricted Area,Center(C),Less Than 8 ft.,1,-7,12,1,1,20220410,BKN,IND,|1627741|1629052|1630169|1630543|204456,1,REG,2022,203083,C,Anchor Big,1.99,C,Roll + Cut Big,-0.69
