GRID_TYPE,GAME_ID,EVENTNUM,PLAYER_ID,PLAYER_NAME,TEAM_ID,TEAM_NAME,PERIOD,MINUTES_REMAINING,SECONDS_REMAINING,EVENT_TYPE,ACTION_TYPE,SHOT_TYPE,SHOT_ZONE_BASIC,SHOT_ZONE_AREA,SHOT_ZONE_RANGE,SHOT_DISTANCE,LOC_X,LOC_Y,SHOT_ATTEMPTED_FLAG,SHOT_MADE_FLAG,GAME_DATE,HTM,VTM,SHOT_ID,time,extra,PLAYERS_ON,assisted,season_type,year,DEF_ID,score_margin,DEF_POSITION,DEF_ROLE,D_LEBRON,dsc,OFF_POSITION,OFF_ROLE,O_LEBRON,ASSIST_ID
Shot Chart Detail,22400014,87,1630533,Ziaire Williams,1610612751,Brooklyn Nets,1,3,8,Missed Shot,Running Jump Shot,3PT Field Goal,Left Corner 3,Left Side(L),24+ ft.,23,-230,-26,1,0,20241115,NYK,BKN,2240001487,5320,0,1627732|1629661|1630533|1630560|1641730,0,REG,2025,1628973,0.0,PG,Low Activity,-1.3621928531320215,MISS Williams 3PT Running Jump Shot,SF,Movement Shooter,-1.223701293060566,
Shot Chart Detail,22400014,116,1630533,Ziaire Williams,1610612751,Brooklyn Nets,1,0,35,Missed Shot,Driving Layup Shot,2PT Field Goal,Restricted Area,Center(C),Less Than 8 ft.,2,10,25,1,0,20241115,NYK,BKN,22400014116,6850,0,1629003|1630533|1630553|1630560|1641730,0,REG,2025,1628404,-2.0,SG,Helper,1.0459886881210003,Hukporti BLOCK (1 BLK),SF,Movement Shooter,-1.223701293060566,
Shot Chart Detail,22400014,162,1630533,Ziaire Williams,1610612751,Brooklyn Nets,2,10,8,Missed Shot,Alley Oop Layup shot,2PT Field Goal,Restricted Area,Center(C),Less Than 8 ft.,3,21,31,1,0,20241115,NYK,BKN,22400014162,8320,0,203471|1627827|1630533|1630553|1630592,0,REG,2025,,,,,,,SF,Movement Shooter,-1.223701293060566,
Shot Chart Detail,22400014,226,1630533,Ziaire Williams,1610612751,Brooklyn Nets,2,5,42,Made Shot,Running Layup Shot,2PT Field Goal,Restricted Area,Center(C),Less Than 8 ft.,0,-1,3,1,1,20241115,NYK,BKN,22400014226,10980,0,1627732|1629661|1630533|1630560|1630592,1,REG,2025,1628969,-3.0,SF,Point of Attack,-0.7219619475308189,Williams Running Layup (2 PTS) (Thomas 2 AST),SF,Movement Shooter,-1.223701293060566,1630560.0
Shot Chart Detail,22400014,455,1630533,Ziaire Williams,1610612751,Brooklyn Nets,3,1,2,Missed Shot,Jump Shot,3PT Field Goal,Above the Break 3,Right Side Center(RC),24+ ft.,26,114,241,1,0,20241115,NYK,BKN,22400014455,20980,0,203471|1630533|1630553|1630592|1641730,0,REG,2025,1628404,-21.0,SG,Helper,1.0459886881210003,MISS Williams 27' 3PT Jump Shot,SF,Movement Shooter,-1.223701293060566,
Shot Chart Detail,22400014,460,1630533,Ziaire Williams,1610612751,Brooklyn Nets,3,0,30,Missed Shot,Driving Layup Shot,2PT Field Goal,Restricted Area,Center(C),Less Than 8 ft.,3,20,29,1,0,20241115,NYK,BKN,22400014460,21300,0,203471|1630533|1630553|1630592|1641730,0,REG,2025,1642359,-21.0,SG,Helper,-0.0105403602546522,Dadiet BLOCK (1 BLK),SF,Movement Shooter,-1.223701293060566,
Shot Chart Detail,22400014,514,1630533,Ziaire Williams,1610612751,Brooklyn Nets,4,9,56,Made Shot,Jump Shot,3PT Field Goal,Right Corner 3,Right Side(R),24+ ft.,23,229,32,1,1,20241115,NYK,BKN,22400014514,22840,0,203471|1627827|1629661|1630533|1630560,1,REG,2025,1626166,-13.0,PG,Low Activity,-0.2452385637783286,Williams 3PT Jump Shot (5 PTS) (C. Johnson 2 AST),SF,Movement Shooter,-1.223701293060566,1629661.0
Shot Chart Detail,22400014,594,1630533,Ziaire Williams,1610612751,Brooklyn Nets,4,4,27,Made Shot,Putback Layup Shot,2PT Field Goal,Restricted Area,Center(C),Less Than 8 ft.,0,-7,4,1,1,20241115,NYK,BKN,22400014594,26130,0,203471|1627732|1629661|1630533|1630560,0,REG,2025,1628404,-7.0,SG,Helper,1.0459886881210003,Williams 1' Putback Layup (7 PTS),SF,Movement Shooter,-1.223701293060566,
Shot Chart Detail,22400014,622,1630533,Ziaire Williams,1610612751,Brooklyn Nets,4,3,27,Missed Shot,Jump Shot,3PT Field Goal,Right Corner 3,Right Side(R),24+ ft.,23,235,10,1,0,20241115,NYK,BKN,22400014622,26730,0,203471|1627827|1629661|1630533|1630560,0,REG,2025,1628404,-6.0,SG,Helper,1.0459886881210003,MISS Williams 24' 3PT Jump Shot,SF,Movement Shooter,-1.223701293060566,
Shot Chart Detail,22400014,646,1630533,Ziaire Williams,1610612751,Brooklyn Nets,4,1,34,Made Shot,Alley Oop Dunk Shot,2PT Field Goal,Restricted Area,Center(C),Less Than 8 ft.,1,-18,1,1,1,20241115,NYK,BKN,22400014646,27860,0,203471|1627827|1629661|1630533|1630560,1,REG,2025,1628973,-4.0,PG,Low Activity,-1.3621928531320215,Williams 2' Alley Oop Dunk (9 PTS) (C. Johnson 3 AST),SF,Movement Shooter,-1.223701293060566,1629661.0
Shot Chart Detail,22400022,59,1630533,Ziaire Williams,1610612751,Brooklyn Nets,1,6,42,Made Shot,Driving Layup Shot,2PT Field Goal,Restricted Area,Center(C),Less Than 8 ft.,2,-27,7,1,1,20241119,BKN,CHA,2240002259,3180,0,203471|1627732|1627827|1629661|1630533,1,REG,2025,1641706,-13.0,SF,Helper,-0.810689088803665,Williams 3' Driving Layup (2 PTS) (C. Johnson 1 AST),SF,Movement Shooter,-1.223701293060566,1629661.0
Shot Chart Detail,22400022,99,1630533,Ziaire Williams,1610612751,Brooklyn Nets,1,4,28,Made Shot,Running Dunk Shot,2PT Field Goal,Restricted Area,Center(C),Less Than 8 ft.,1,-7,8,1,1,20241119,BKN,CHA,2240002299,4520,0,1629661|1630533|1630553|1630570|1641730,0,REG,2025,,,,,,,SF,Movement Shooter,-1.223701293060566,
Shot Chart Detail,22400022,121,1630533,Ziaire Williams,1610612751,Brooklyn Nets,1,3,4,Missed Shot,Jump Shot,3PT Field Goal,Above the Break 3,Right Side Center(RC),24+ ft.,26,157,210,1,0,20241119,BKN,CHA,22400022121,5360,0,203471|1629003|1630533|1630553|1641730,0,REG,2025,1642275,-13.0,PF,Helper,-0.1092777113111581,MISS Williams 26' 3PT Jump Shot,SF,Movement Shooter,-1.223701293060566,
Shot Chart Detail,22400022,484,1630533,Ziaire Williams,1610612751,Brooklyn Nets,3,3,11,Missed Shot,Layup Shot,2PT Field Goal,In The Paint (Non-RA),Center(C),Less Than 8 ft.,4,-43,17,1,0,20241119,BKN,CHA,22400022484,19690,0,203471|1630533|1630553|1630570|1641730,0,REG,2025,1641706,7.0,SF,Helper,-0.810689088803665,MISS Williams 5' Layup,SF,Movement Shooter,-1.223701293060566,
Shot Chart Detail,22400022,514,1630533,Ziaire Williams,1610612751,Brooklyn Nets,3,1,26,Missed Shot,Jump Shot,3PT Field Goal,Above the Break 3,Right Side Center(RC),24+ ft.,25,191,171,1,0,20241119,BKN,CHA,22400022514,20740,0,203471|1629003|1630533|1630592|1641730,0,REG,2025,1642275,2.0,PF,Helper,-0.1092777113111581,MISS Williams 26' 3PT Jump Shot,SF,Movement Shooter,-1.223701293060566,
Shot Chart Detail,22400027,453,1630533,Ziaire Williams,1610612751,Brooklyn Nets,3,2,57,Missed Shot,Jump Shot,3PT Field Goal,Above the Break 3,Right Side Center(RC),24+ ft.,25,210,150,1,0,20241122,PHI,BKN,22400027453,19830,0,203471|1629651|1630533|1630592|1641730,0,REG,2025,202704,-2.0,PG,Chaser,-0.4777642575342385,MISS Williams 26' 3PT Jump Shot,SF,Movement Shooter,-1.223701293060566,
Shot Chart Detail,22400043,16,1630533,Ziaire Williams,1610612751,Brooklyn Nets,1,10,19,Missed Shot,Floating Jump shot,2PT Field Goal,Restricted Area,Center(C),Less Than 8 ft.,3,-9,32,1,0,20241129,BKN,ORL,2240004316,1010,0,1627732|1629661|1630533|1630592|1631213,0,REG,2025,1628976,-2.0,C,Mobile Big,1.1432656713494864,MISS Williams 3' Floating Jump Shot,SF,Movement Shooter,-1.223701293060566,
Shot Chart Detail,22400043,28,1630533,Ziaire Williams,1610612751,Brooklyn Nets,1,9,3,Missed Shot,Jump Shot,3PT Field Goal,Above the Break 3,Right Side Center(RC),24+ ft.,25,156,205,1,0,20241129,BKN,ORL,2240004328,1770,0,1627732|1629661|1630533|1630592|1631213,0,REG,2025,1628976,4.0,C,Mobile Big,1.1432656713494864,MISS Williams 26' 3PT Jump Shot,SF,Movement Shooter,-1.223701293060566,
Shot Chart Detail,22400043,38,1630533,Ziaire Williams,1610612751,Brooklyn Nets,1,8,5,Made Shot,Jump Shot,3PT Field Goal,Right Corner 3,Right Side(R),24+ ft.,23,230,41,1,1,20241129,BKN,ORL,2240004338,2350,0,1627732|1629661|1630533|1630592|1631213,1,REG,2025,1628976,4.0,C,Mobile Big,1.1432656713494864,Williams 3PT Jump Shot (3 PTS) (Simmons 3 AST),SF,Movement Shooter,-1.223701293060566,1627732.0
Shot Chart Detail,22400043,238,1630533,Ziaire Williams,1610612751,Brooklyn Nets,2,5,28,Missed Shot,Fadeaway Jump Shot,2PT Field Goal,In The Paint (Non-RA),Center(C),Less Than 8 ft.,6,-21,60,1,0,20241129,BKN,ORL,22400043238,11120,0,1629003|1629651|1629661|1630533|1630592,0,REG,2025,1628976,-5.0,C,Mobile Big,1.1432656713494864,MISS Williams 6' Fadeaway Jumper,SF,Movement Shooter,-1.223701293060566,
Shot Chart Detail,22400043,279,1630533,Ziaire Williams,1610612751,Brooklyn Nets,2,2,4,Missed Shot,Driving Layup Shot,2PT Field Goal,Restricted Area,Center(C),Less Than 8 ft.,1,10,7,1,0,20241129,BKN,ORL,22400043279,13160,0,1629003|1629651|1629661|1630533|1630592,0,REG,2025,1628976,-7.0,C,Mobile Big,1.1432656713494864,MISS Williams 1' Driving Layup,SF,Movement Shooter,-1.223701293060566,
Shot Chart Detail,22400043,363,1630533,Ziaire Williams,1610612751,Brooklyn Nets,3,8,12,Missed Shot,Driving Layup Shot,2PT Field Goal,Restricted Area,Center(C),Less Than 8 ft.,2,6,25,1,0,20241129,BKN,ORL,22400043363,16680,0,1627732|1629661|1630533|1630592|1631213,0,REG,2025,1629048|1628976,-19.0,,,,,SF,Movement Shooter,-1.223701293060566,
Shot Chart Detail,22400043,375,1630533,Ziaire Williams,1610612751,Brooklyn Nets,3,7,47,Missed Shot,Driving Reverse Layup Shot,2PT Field Goal,Restricted Area,Center(C),Less Than 8 ft.,0,7,1,1,0,20241129,BKN,ORL,22400043375,16930,0,1627732|1629661|1630533|1630592|1631213,0,REG,2025,1628976,-21.0,C,Mobile Big,1.1432656713494864,MISS Williams 1' Driving Reverse Layup,SF,Movement Shooter,-1.223701293060566,
Shot Chart Detail,22400064,201,1630533,Ziaire Williams,1610612751,Brooklyn Nets,2,8,59,Made Shot,Jump Shot,3PT Field Goal,Right Corner 3,Right Side(R),24+ ft.,22,228,15,1,1,20241023,ATL,BKN,22400064201,9010,0,1627732|1629003|1629651|1630533|1630592,1,REG,2025,1642258,1.0,SF,Helper,-0.7737410091128153,Williams 3PT Jump Shot (4 PTS) (Simmons 4 AST),SF,Movement Shooter,-1.223701293060566,1627732.0
Shot Chart Detail,22400064,332,1630533,Ziaire Williams,1610612751,Brooklyn Nets,2,0,1,Missed Shot,Jump Shot,3PT Field Goal,Right Corner 3,Right Side(R),24+ ft.,23,228,34,1,0,20241023,ATL,BKN,22400064332,14390,0,203471|1629661|1630533|1630560|1630592,0,REG,2025,203991,4.0,C,Anchor Big,0.9478678928777102,MISS Williams 3PT Jump Shot,SF,Movement Shooter,-1.223701293060566,
Shot Chart Detail,22400064,476,1630533,Ziaire Williams,1610612751,Brooklyn Nets,3,2,34,Made Shot,Cutting Layup Shot,2PT Field Goal,Restricted Area,Center(C),Less Than 8 ft.,2,-9,18,1,1,20241023,ATL,BKN,22400064476,20060,0,1627732|1629651|1630533|1630592|1641730,1,REG,2025,1642258,0.0,SF,Helper,-0.7737410091128153,Williams 2' Cutting Layup Shot (6 PTS) (Wilson 1 AST),SF,Movement Shooter,-1.223701293060566,1630592.0
Shot Chart Detail,22400064,490,1630533,Ziaire Williams,1610612751,Brooklyn Nets,3,1,16,Made Shot,Jump Shot,3PT Field Goal,Left Corner 3,Left Side(L),24+ ft.,23,-230,13,1,1,20241023,ATL,BKN,22400064490,20840,0,1627732|1629651|1630533|1630592|1641730,1,REG,2025,203992,0.0,SG,Chaser,-0.4350566304358918,Williams 3PT Jump Shot (9 PTS) (Simmons 8 AST),SF,Movement Shooter,-1.223701293060566,1627732.0
Shot Chart Detail,22400064,511,1630533,Ziaire Williams,1610612751,Brooklyn Nets,3,0,26,Missed Shot,Layup Shot,2PT Field Goal,Restricted Area,Center(C),Less Than 8 ft.,3,-26,28,1,0,20241023,ATL,BKN,22400064511,21340,0,203471|1629651|1630533|1630592|1641730,0,REG,2025,1630168|1629027,0.0,,,,,SF,Movement Shooter,-1.223701293060566,
Shot Chart Detail,22400064,544,1630533,Ziaire Williams,1610612751,Brooklyn Nets,4,10,15,Missed Shot,Driving Layup Shot,2PT Field Goal,Restricted Area,Center(C),Less Than 8 ft.,2,11,17,1,0,20241023,ATL,BKN,22400064544,22650,0,203471|1629651|1630533|1630592|1641730,0,REG,2025,1642258,-3.0,SF,Helper,-0.7737410091128153,MISS Williams 2' Driving Layup,SF,Movement Shooter,-1.223701293060566,
Shot Chart Detail,22400077,125,1630533,Ziaire Williams,1610612751,Brooklyn Nets,1,1,55,Made Shot,Jump Shot,3PT Field Goal,Right Corner 3,Right Side(R),24+ ft.,23,229,60,1,1,20241025,ORL,BKN,22400077125,6050,0,203471|1629003|1629651|1630533|1641730,1,REG,2025,203914,-5.0,SG,Chaser,0.1776746588051987,Williams 24' 3PT Jump Shot (3 PTS) (Schröder 1 AST),SF,Movement Shooter,-1.223701293060566,203471.0
Shot Chart Detail,22400077,182,1630533,Ziaire Williams,1610612751,Brooklyn Nets,2,11,22,Missed Shot,Running Layup Shot,2PT Field Goal,Restricted Area,Center(C),Less Than 8 ft.,1,12,12,1,0,20241025,ORL,BKN,22400077182,7580,0,203471|1629003|1629651|1630533|1641730,0,REG,2025,203914,4.0,SG,Chaser,0.1776746588051987,MISS Williams 2' Running Layup,SF,Movement Shooter,-1.223701293060566,
Shot Chart Detail,22400077,211,1630533,Ziaire Williams,1610612751,Brooklyn Nets,2,9,25,Missed Shot,Layup Shot,2PT Field Goal,Restricted Area,Center(C),Less Than 8 ft.,2,-12,27,1,0,20241025,ORL,BKN,22400077211,8750,0,1627732|1629003|1629661|1630533|1641730,0,REG,2025,1641710,0.0,PG,Point of Attack,0.9739664566440976,MISS Williams 3' Layup,SF,Movement Shooter,-1.223701293060566,
Shot Chart Detail,22400077,462,1630533,Ziaire Williams,1610612751,Brooklyn Nets,3,4,8,Missed Shot,Jump Shot,3PT Field Goal,Right Corner 3,Right Side(R),24+ ft.,23,223,59,1,0,20241025,ORL,BKN,22400077462,19120,0,1627732|1629003|1630533|1630592|1641730,0,REG,2025,203484,-3.0,SG,Chaser,0.8136391214561904,MISS Williams 3PT Jump Shot,SF,Movement Shooter,-1.223701293060566,
Shot Chart Detail,22400077,506,1630533,Ziaire Williams,1610612751,Brooklyn Nets,3,0,58,Missed Shot,Running Jump Shot,2PT Field Goal,In The Paint (Non-RA),Center(C),Less Than 8 ft.,7,62,47,1,0,20241025,ORL,BKN,22400077506,21020,0,203471|1629651|1630533|1630592|1641730,0,REG,2025,1631094,-10.0,PF,Helper,-0.3223471475933223,MISS Williams 8' Running Jump Shot,SF,Movement Shooter,-1.223701293060566,
Shot Chart Detail,22400077,510,1630533,Ziaire Williams,1610612751,Brooklyn Nets,3,0,53,Made Shot,Putback Layup Shot,2PT Field Goal,Restricted Area,Center(C),Less Than 8 ft.,2,13,20,1,1,20241025,ORL,BKN,22400077510,21070,0,203471|1629651|1630533|1630592|1641730,0,REG,2025,1630532|1631094|1628976,-8.0,,,,,SF,Movement Shooter,-1.223701293060566,
Shot Chart Detail,22400077,540,1630533,Ziaire Williams,1610612751,Brooklyn Nets,4,11,12,Made Shot,Step Back Jump shot,2PT Field Goal,Mid-Range,Right Side(R),8-16 ft.,13,130,9,1,1,20241025,ORL,BKN,22400077540,22080,0,203471|1629651|1629661|1630533|1630560,1,REG,2025,1630175,-10.0,PG,Point of Attack,0.216822897363409,Williams 13' Step Back Jump Shot (7 PTS) (C. Johnson 2 AST),SF,Movement Shooter,-1.223701293060566,1629661.0
Shot Chart Detail,22400098,147,1630533,Ziaire Williams,1610612751,Brooklyn Nets,1,1,44,Made Shot,Driving Layup Shot,2PT Field Goal,In The Paint (Non-RA),Center(C),Less Than 8 ft.,4,-2,47,1,1,20241027,BKN,MIL,22400098147,6160,0,203471|1629651|1630533|1630592|1641730,1,REG,2025,203507|1626192,8.0,,,,,SF,Movement Shooter,-1.223701293060566,203471.0
Shot Chart Detail,22400098,153,1630533,Ziaire Williams,1610612751,Brooklyn Nets,1,1,5,Missed Shot,Tip Layup Shot,2PT Field Goal,Restricted Area,Center(C),Less Than 8 ft.,0,0,0,1,0,20241027,BKN,MIL,22400098153,6550,0,203471|1629651|1630533|1630592|1641730,0,REG,2025,1626192|1626171,5.0,,,,,SF,Movement Shooter,-1.223701293060566,
Shot Chart Detail,22400098,165,1630533,Ziaire Williams,1610612751,Brooklyn Nets,1,0,9,Missed Shot,Driving Hook Shot,2PT Field Goal,In The Paint (Non-RA),Center(C),Less Than 8 ft.,6,-60,19,1,0,20241027,BKN,MIL,22400098165,7110,0,203471|1629651|1630533|1630592|1641730,0,REG,2025,203507,2.0,PF,Helper,0.9285409479155592,MISS Williams 6' Driving Hook Shot,SF,Movement Shooter,-1.223701293060566,
Shot Chart Detail,22400098,186,1630533,Ziaire Williams,1610612751,Brooklyn Nets,2,11,4,Missed Shot,Driving Floating Jump Shot,2PT Field Goal,Mid-Range,Center(C),8-16 ft.,14,0,145,1,0,20241027,BKN,MIL,22400098186,7760,0,203471|1629651|1630533|1630553|1641730,0,REG,2025,1626192,2.0,SG,Helper,0.1196865081794363,MISS Williams 15' Driving Floating Jump Shot,SF,Movement Shooter,-1.223701293060566,
Shot Chart Detail,22400098,190,1630533,Ziaire Williams,1610612751,Brooklyn Nets,2,10,38,Made Shot,Jump Shot,3PT Field Goal,Above the Break 3,Left Side Center(LC),24+ ft.,25,-141,216,1,1,20241027,BKN,MIL,22400098190,8020,0,203471|1629651|1630533|1630553|1641730,1,REG,2025,1626171,5.0,PF,Mobile Big,0.4124501144968134,Williams 26' 3PT Jump Shot (5 PTS) (Schröder 2 AST),SF,Movement Shooter,-1.223701293060566,203471.0
Shot Chart Detail,22400098,217,1630533,Ziaire Williams,1610612751,Brooklyn Nets,2,7,56,Missed Shot,Running Jump Shot,3PT Field Goal,Left Corner 3,Left Side(L),24+ ft.,23,-230,-22,1,0,20241027,BKN,MIL,22400098217,9640,0,1627732|1627827|1630533|1630553|1630560,0,REG,2025,1626192,6.0,SG,Helper,0.1196865081794363,MISS Williams 3PT Running Jump Shot,SF,Movement Shooter,-1.223701293060566,
Shot Chart Detail,22400098,221,1630533,Ziaire Williams,1610612751,Brooklyn Nets,2,7,39,Missed Shot,Running Reverse Layup Shot,2PT Field Goal,Restricted Area,Center(C),Less Than 8 ft.,0,7,-2,1,0,20241027,BKN,MIL,22400098221,9810,0,1627732|1627827|1630533|1630553|1630560,0,REG,2025,1626171,6.0,PF,Mobile Big,0.4124501144968134,MISS Williams 1' Running Reverse Layup,SF,Movement Shooter,-1.223701293060566,
Shot Chart Detail,22400098,547,1630533,Ziaire Williams,1610612751,Brooklyn Nets,4,6,23,Made Shot,Tip Dunk Shot,2PT Field Goal,Restricted Area,Center(C),Less Than 8 ft.,0,0,0,1,1,20241027,BKN,MIL,22400098547,24970,0,203471|1629651|1630533|1630560|1641730,0,REG,2025,203081,15.0,PG,Low Activity,-0.9426347556301712,Williams Tip Dunk Shot (7 PTS),SF,Movement Shooter,-1.223701293060566,
Shot Chart Detail,22400113,111,1630533,Ziaire Williams,1610612751,Brooklyn Nets,1,2,37,Made Shot,Jump Shot,3PT Field Goal,Above the Break 3,Right Side Center(RC),24+ ft.,25,207,157,1,1,20241029,BKN,DEN,22400113111,5630,0,203471|1629003|1629651|1630533|1630592,1,REG,2025,1631124,9.0,SG,Low Activity,-0.6343274810810637,Williams 26' 3PT Jump Shot (3 PTS) (Schröder 2 AST),SF,Movement Shooter,-1.223701293060566,203471.0
Shot Chart Detail,22400113,142,1630533,Ziaire Williams,1610612751,Brooklyn Nets,1,0,31,Made Shot,Alley Oop Dunk Shot,2PT Field Goal,Restricted Area,Center(C),Less Than 8 ft.,1,7,16,1,1,20241029,BKN,DEN,22400113142,6890,0,203471|1629003|1629651|1630533|1630553,1,REG,2025,1629008,13.0,SF,Low Activity,-0.9747779807873777,Williams 2' Alley Oop Dunk (5 PTS) (Claxton 1 AST),SF,Movement Shooter,-1.223701293060566,1629651.0
Shot Chart Detail,22400113,183,1630533,Ziaire Williams,1610612751,Brooklyn Nets,2,9,42,Made Shot,Jump Shot,3PT Field Goal,Above the Break 3,Right Side Center(RC),24+ ft.,24,211,128,1,1,20241029,BKN,DEN,22400113183,8580,0,203471|1629651|1630533|1630553|1630592,1,REG,2025,203967,17.0,C,Mobile Big,-0.1408861774210534,Williams 25' 3PT Jump Shot (8 PTS) (Wilson 1 AST),SF,Movement Shooter,-1.223701293060566,1630592.0
Shot Chart Detail,22400113,205,1630533,Ziaire Williams,1610612751,Brooklyn Nets,2,8,24,Made Shot,Running Layup Shot,2PT Field Goal,Restricted Area,Center(C),Less Than 8 ft.,2,-4,23,1,1,20241029,BKN,DEN,22400113205,9360,0,1629003|1629651|1630533|1630553|1630560,1,REG,2025,1629008,15.0,SF,Low Activity,-0.9747779807873777,Williams 2' Running Layup (10 PTS) (Thomas 2 AST),SF,Movement Shooter,-1.223701293060566,1630560.0
Shot Chart Detail,22400113,228,1630533,Ziaire Williams,1610612751,Brooklyn Nets,2,6,48,Made Shot,Jump Shot,3PT Field Goal,Above the Break 3,Center(C),24+ ft.,25,20,257,1,1,20241029,BKN,DEN,22400113228,10320,0,1627827|1629003|1629661|1630533|1630560,1,REG,2025,1631212,11.0,SF,Point of Attack,1.0294772728566917,Williams 26' 3PT Jump Shot (13 PTS) (Finney-Smith 2 AST),SF,Movement Shooter,-1.223701293060566,1627827.0
Shot Chart Detail,22400113,233,1630533,Ziaire Williams,1610612751,Brooklyn Nets,2,6,16,Missed Shot,Running Jump Shot,3PT Field Goal,Above the Break 3,Center(C),24+ ft.,25,78,247,1,0,20241029,BKN,DEN,22400113233,10640,0,1627827|1629003|1629661|1630533|1630560,0,REG,2025,,,,,,,SF,Movement Shooter,-1.223701293060566,
Shot Chart Detail,22400113,555,1630533,Ziaire Williams,1610612751,Brooklyn Nets,4,8,37,Made Shot,Jump Shot,3PT Field Goal,Right Corner 3,Right Side(R),24+ ft.,22,227,8,1,1,20241029,BKN,DEN,22400113555,23630,0,1627827|1629661|1630533|1630560|1630592,1,REG,2025,201566,0.0,PG,Wing Stopper,-0.2817020561037108,Williams 3PT Jump Shot (16 PTS) (Finney-Smith 3 AST),SF,Movement Shooter,-1.223701293060566,1627827.0
Shot Chart Detail,22400113,583,1630533,Ziaire Williams,1610612751,Brooklyn Nets,4,7,2,Made Shot,Putback Layup Shot,2PT Field Goal,Restricted Area,Center(C),Less Than 8 ft.,0,0,0,1,1,20241029,BKN,DEN,22400113583,24580,0,1627827|1629661|1630533|1630553|1630560,0,REG,2025,1627750,3.0,PG,Chaser,-0.8585965585786796,Williams Putback Layup (18 PTS),SF,Movement Shooter,-1.223701293060566,
Shot Chart Detail,22400124,150,1630533,Ziaire Williams,1610612751,Brooklyn Nets,1,2,13,Made Shot,Running Dunk Shot,2PT Field Goal,Restricted Area,Center(C),Less Than 8 ft.,1,-2,18,1,1,20241030,MEM,BKN,22400124150,5870,0,203471|1630533|1630553|1630592|1641730,0,REG,2025,1630583,-2.0,PF,Helper,0.0863417036500426,Williams 2' Running Dunk (2 PTS),SF,Movement Shooter,-1.223701293060566,
Shot Chart Detail,22400124,227,1630533,Ziaire Williams,1610612751,Brooklyn Nets,2,9,51,Missed Shot,Jump Shot,3PT Field Goal,Above the Break 3,Left Side Center(LC),24+ ft.,25,-217,133,1,0,20241030,MEM,BKN,22400124227,8490,0,203471|1627827|1630533|1630553|1630592,0,REG,2025,1629634,1.0,PF,Mobile Big,0.6789228756591789,MISS Williams 25' 3PT Jump Shot,SF,Movement Shooter,-1.223701293060566,
Shot Chart Detail,22400124,248,1630533,Ziaire Williams,1610612751,Brooklyn Nets,2,8,8,Missed Shot,Jump Shot,3PT Field Goal,Above the Break 3,Center(C),24+ ft.,25,7,258,1,0,20241030,MEM,BKN,22400124248,9520,0,1627732|1627827|1630533|1630560|1630592,0,REG,2025,1629723,1.0,SG,Chaser,1.5121835074421404,MISS Williams 26' 3PT Jump Shot,SF,Movement Shooter,-1.223701293060566,
Shot Chart Detail,22400124,252,1630533,Ziaire Williams,1610612751,Brooklyn Nets,2,7,55,Made Shot,Running Dunk Shot,2PT Field Goal,Restricted Area,Center(C),Less Than 8 ft.,2,22,16,1,1,20241030,MEM,BKN,22400124252,9650,0,1627732|1627827|1629661|1630533|1630560,1,REG,2025,,,,,,,SF,Movement Shooter,-1.223701293060566,1630560.0
Shot Chart Detail,22400124,270,1630533,Ziaire Williams,1610612751,Brooklyn Nets,2,6,56,Made Shot,Jump Shot,3PT Field Goal,Right Corner 3,Right Side(R),24+ ft.,23,230,13,1,1,20241030,MEM,BKN,22400124270,10240,0,1627732|1627827|1629661|1630533|1630560,1,REG,2025,1628991,4.0,C,Mobile Big,0.7576642658534011,Williams 3PT Jump Shot (8 PTS) (Finney-Smith 1 AST),SF,Movement Shooter,-1.223701293060566,1627827.0
Shot Chart Detail,22400124,304,1630533,Ziaire Williams,1610612751,Brooklyn Nets,2,4,4,Made Shot,Running Dunk Shot,2PT Field Goal,Restricted Area,Center(C),Less Than 8 ft.,1,-2,16,1,1,20241030,MEM,BKN,22400124304,11960,0,1627732|1627827|1629661|1630533|1630560,0,REG,2025,,,,,,,SF,Movement Shooter,-1.223701293060566,
Shot Chart Detail,22400124,355,1630533,Ziaire Williams,1610612751,Brooklyn Nets,2,0,8,Missed Shot,Running Finger Roll Layup Shot,2PT Field Goal,Restricted Area,Center(C),Less Than 8 ft.,1,-10,13,1,0,20241030,MEM,BKN,22400124355,14320,0,203471|1629661|1630533|1630560|1630592,0,REG,2025,1629630,5.0,PG,Point of Attack,-1.010775923988021,LaRavia BLOCK (1 BLK),SF,Movement Shooter,-1.223701293060566,
Shot Chart Detail,22400124,524,1630533,Ziaire Williams,1610612751,Brooklyn Nets,3,1,31,Made Shot,Running Finger Roll Layup Shot,2PT Field Goal,Restricted Area,Center(C),Less Than 8 ft.,2,-18,9,1,1,20241030,MEM,BKN,22400124524,20690,0,1627732|1627827|1630533|1630553|1630592,1,REG,2025,1630590,4.0,PG,Point of Attack,0.7115226921520668,Williams 2' Running Finger Roll Layup (12 PTS) (K. Johnson 1 AST),SF,Movement Shooter,-1.223701293060566,1630553.0
Shot Chart Detail,22400124,567,1630533,Ziaire Williams,1610612751,Brooklyn Nets,3,0,0,Missed Shot,Driving Floating Jump Shot,3PT Field Goal,Backcourt,Back Court(BC),Back Court Shot,46,-105,458,1,0,20241030,MEM,BKN,22400124567,21600,0,203471|1627827|1629661|1630533|1630592,0,REG,2025,,,,,,,SF,Movement Shooter,-1.223701293060566,
Shot Chart Detail,22400124,575,1630533,Ziaire Williams,1610612751,Brooklyn Nets,4,11,21,Made Shot,Driving Finger Roll Layup Shot,2PT Field Goal,Restricted Area,Center(C),Less Than 8 ft.,1,-15,8,1,1,20241030,MEM,BKN,22400124575,21990,0,203471|1627827|1629661|1630533|1630592,1,REG,2025,1642377,3.0,SG,Wing Stopper,-0.8760851436239909,Williams 2' Driving Finger Roll Layup (17 PTS) (Schröder 7 AST),SF,Movement Shooter,-1.223701293060566,203471.0
Shot Chart Detail,22400136,117,1630533,Ziaire Williams,1610612751,Brooklyn Nets,1,3,5,Made Shot,Running Pull-Up Jump Shot,2PT Field Goal,In The Paint (Non-RA),Center(C),Less Than 8 ft.,5,-33,43,1,1,20241101,BKN,CHI,22400136117,5350,0,203471|1629651|1630533|1630592|1641730,1,REG,2025,1629659,11.0,SG,Chaser,-0.2841284619602584,Williams 5' Running Pull-Up Jump Shot (2 PTS) (Schröder 3 AST),SF,Movement Shooter,-1.223701293060566,203471.0
Shot Chart Detail,22400136,136,1630533,Ziaire Williams,1610612751,Brooklyn Nets,1,1,30,Missed Shot,Running Layup Shot,2PT Field Goal,Restricted Area,Center(C),Less Than 8 ft.,1,9,6,1,0,20241101,BKN,CHI,22400136136,6300,0,203471|1629651|1630533|1630592|1641730,0,REG,2025,1630245|1629659,11.0,,,,,SF,Movement Shooter,-1.223701293060566,
Shot Chart Detail,22400136,143,1630533,Ziaire Williams,1610612751,Brooklyn Nets,1,0,56,Missed Shot,Pullup Jump shot,2PT Field Goal,Mid-Range,Center(C),8-16 ft.,15,49,152,1,0,20241101,BKN,CHI,22400136143,6640,0,203471|1629651|1630533|1630592|1641730,0,REG,2025,1630188,8.0,C,Mobile Big,0.8682597706218594,MISS Williams 16' Pullup Jump Shot,SF,Movement Shooter,-1.223701293060566,
Shot Chart Detail,22400136,145,1630533,Ziaire Williams,1610612751,Brooklyn Nets,1,0,53,Made Shot,Putback Layup Shot,2PT Field Goal,Restricted Area,Center(C),Less Than 8 ft.,2,0,21,1,1,20241101,BKN,CHI,22400136145,6670,0,203471|1629651|1630533|1630592|1641730,0,REG,2025,1630188,10.0,C,Mobile Big,0.8682597706218594,Williams 2' Putback Layup (4 PTS),SF,Movement Shooter,-1.223701293060566,
Shot Chart Detail,22400136,453,1630533,Ziaire Williams,1610612751,Brooklyn Nets,3,1,9,Missed Shot,Jump Shot,3PT Field Goal,Above the Break 3,Right Side Center(RC),24+ ft.,24,154,196,1,0,20241101,BKN,CHI,22400136453,20910,0,203471|1629651|1630533|1630592|1641730,0,REG,2025,1629632,2.0,SG,Chaser,-1.1217511490818404,MISS Williams 25' 3PT Jump Shot,SF,Movement Shooter,-1.223701293060566,
Shot Chart Detail,22400136,491,1630533,Ziaire Williams,1610612751,Brooklyn Nets,4,10,48,Missed Shot,Jump Shot,3PT Field Goal,Right Corner 3,Right Side(R),24+ ft.,22,224,-6,1,0,20241101,BKN,CHI,22400136491,22320,0,1627732|1627827|1630533|1630553|1630592,0,REG,2025,1629632,-2.0,SG,Chaser,-1.1217511490818404,MISS Williams 3PT Jump Shot,SF,Movement Shooter,-1.223701293060566,
Shot Chart Detail,22400136,517,1630533,Ziaire Williams,1610612751,Brooklyn Nets,4,9,21,Made Shot,Cutting Layup Shot,2PT Field Goal,Restricted Area,Center(C),Less Than 8 ft.,2,-25,5,1,1,20241101,BKN,CHI,22400136517,23190,0,1627732|1627827|1630533|1630553|1630592,1,REG,2025,1630581,-2.0,PG,Helper,0.3582419624634708,Williams 3' Cutting Layup Shot (6 PTS) (K. Johnson 1 AST),SF,Movement Shooter,-1.223701293060566,1630553.0
Shot Chart Detail,22400136,521,1630533,Ziaire Williams,1610612751,Brooklyn Nets,4,8,56,Made Shot,Driving Floating Jump Shot,2PT Field Goal,In The Paint (Non-RA),Center(C),8-16 ft.,9,-18,95,1,1,20241101,BKN,CHI,22400136521,23440,0,1627732|1627827|1630533|1630553|1630592,1,REG,2025,1630188,0.0,C,Mobile Big,0.8682597706218594,Williams 10' Driving Floating Jump Shot (8 PTS) (Simmons 10 AST),SF,Movement Shooter,-1.223701293060566,1627732.0
Shot Chart Detail,22400136,530,1630533,Ziaire Williams,1610612751,Brooklyn Nets,4,8,21,Made Shot,Running Reverse Layup Shot,2PT Field Goal,Restricted Area,Center(C),Less Than 8 ft.,1,-13,-5,1,1,20241101,BKN,CHI,22400136530,23790,0,1627732|1627827|1630533|1630553|1630592,1,REG,2025,1630581,2.0,PG,Helper,0.3582419624634708,Williams 1' Running Reverse Layup (10 PTS) (Simmons 11 AST),SF,Movement Shooter,-1.223701293060566,1627732.0
Shot Chart Detail,22400151,127,1630533,Ziaire Williams,1610612751,Brooklyn Nets,1,2,44,Made Shot,Cutting Dunk Shot,2PT Field Goal,Restricted Area,Center(C),Less Than 8 ft.,1,-11,0,1,1,20241103,BKN,DET,22400151127,5560,0,203471|1629651|1630533|1630592|1641730,1,REG,2025,1627736,-3.0,SG,Chaser,-1.2029442767458918,Williams 1' Cutting Dunk Shot (2 PTS) (Claxton 1 AST),SF,Movement Shooter,-1.223701293060566,1629651.0
Shot Chart Detail,22400151,151,1630533,Ziaire Williams,1610612751,Brooklyn Nets,1,0,31,Missed Shot,Jump Shot,3PT Field Goal,Above the Break 3,Left Side Center(LC),24+ ft.,24,-178,173,1,0,20241103,BKN,DET,22400151151,6890,0,203471|1629651|1630533|1630592|1641730,0,REG,2025,1627736,-2.0,SG,Chaser,-1.2029442767458918,MISS Williams 25' 3PT Jump Shot,SF,Movement Shooter,-1.223701293060566,
Shot Chart Detail,22400151,177,1630533,Ziaire Williams,1610612751,Brooklyn Nets,2,11,4,Missed Shot,Jump Shot,3PT Field Goal,Right Corner 3,Right Side(R),24+ ft.,23,230,18,1,0,20241103,BKN,DET,22400151177,7760,0,203471|1629651|1630533|1630553|1641730,0,REG,2025,203501,-2.0,SG,Chaser,-0.7830368476381194,MISS Williams 3PT Jump Shot,SF,Movement Shooter,-1.223701293060566,
Shot Chart Detail,22400151,484,1630533,Ziaire Williams,1610612751,Brooklyn Nets,3,1,44,Made Shot,Cutting Layup Shot,2PT Field Goal,Restricted Area,Center(C),Less Than 8 ft.,2,-16,14,1,1,20241103,BKN,DET,22400151484,20560,0,203471|1629651|1630533|1630592|1641730,1,REG,2025,1630191|1627736,-1.0,,,,,SF,Movement Shooter,-1.223701293060566,1629651.0
Shot Chart Detail,22400151,670,1630533,Ziaire Williams,1610612751,Brooklyn Nets,4,1,18,Missed Shot,Jump Shot,3PT Field Goal,Right Corner 3,Right Side(R),24+ ft.,22,223,11,1,0,20241103,BKN,DET,22400151670,28020,0,1629003|1630533|1630553|1631213|1641730,0,REG,2025,1631105,-14.0,C,Mobile Big,1.501355662192265,MISS Williams 3PT Jump Shot,SF,Movement Shooter,-1.223701293060566,
Shot Chart Detail,22400158,562,1630533,Ziaire Williams,1610612751,Brooklyn Nets,4,7,38,Missed Shot,Jump Shot,3PT Field Goal,Above the Break 3,Right Side Center(RC),24+ ft.,25,98,233,1,0,20241104,BKN,MEM,22400158562,24220,0,1629003|1629651|1630533|1630560|1630592,0,REG,2025,1630590,4.0,PG,Point of Attack,0.7115226921520668,MISS Williams 25' 3PT Jump Shot,SF,Movement Shooter,-1.223701293060566,
Shot Chart Detail,22400158,593,1630533,Ziaire Williams,1610612751,Brooklyn Nets,4,5,25,Missed Shot,Jump Shot,3PT Field Goal,Left Corner 3,Left Side(L),24+ ft.,23,-235,8,1,0,20241104,BKN,MEM,22400158593,25550,0,203471|1629003|1629651|1630533|1630560,0,REG,2025,1641744,2.0,C,Mobile Big,1.0296911284277035,MISS Williams 24' 3PT Jump Shot,SF,Movement Shooter,-1.223701293060566,
Shot Chart Detail,22400187,82,1630533,Ziaire Williams,1610612751,Brooklyn Nets,1,5,47,Missed Shot,Jump Shot,3PT Field Goal,Right Corner 3,Right Side(R),24+ ft.,23,222,83,1,0,20241108,BOS,BKN,2240018782,3730,0,203471|1627732|1630533|1630560|1630592,0,REG,2025,1628369,12.0,PF,Helper,0.9005426978752056,MISS Williams 24' 3PT Jump Shot,SF,Movement Shooter,-1.223701293060566,
Shot Chart Detail,22400187,94,1630533,Ziaire Williams,1610612751,Brooklyn Nets,1,5,4,Missed Shot,Driving Layup Shot,2PT Field Goal,In The Paint (Non-RA),Center(C),Less Than 8 ft.,4,-39,25,1,0,20241108,BOS,BKN,2240018794,4160,0,203471|1627732|1630533|1630560|1630592,0,REG,2025,1628369|1629674,8.0,,,,,SF,Movement Shooter,-1.223701293060566,
Shot Chart Detail,22400187,114,1630533,Ziaire Williams,1610612751,Brooklyn Nets,1,4,1,Made Shot,Tip Dunk Shot,2PT Field Goal,Restricted Area,Center(C),Less Than 8 ft.,0,0,0,1,1,20241108,BOS,BKN,22400187114,4790,0,1627732|1629661|1630533|1630553|1630592,0,REG,2025,,,,,,,SF,Movement Shooter,-1.223701293060566,
Shot Chart Detail,22400187,127,1630533,Ziaire Williams,1610612751,Brooklyn Nets,1,3,10,Made Shot,Running Layup Shot,2PT Field Goal,Restricted Area,Center(C),Less Than 8 ft.,0,5,-4,1,1,20241108,BOS,BKN,22400187127,5300,0,1627732|1629661|1630533|1630553|1630592,1,REG,2025,1641775,8.0,PF,Low Activity,0.4623711878987022,Williams 1' Running Layup (4 PTS) (Simmons 2 AST),SF,Movement Shooter,-1.223701293060566,1627732.0
Shot Chart Detail,22400187,187,1630533,Ziaire Williams,1610612751,Brooklyn Nets,2,9,44,Made Shot,Driving Layup Shot,2PT Field Goal,Restricted Area,Center(C),Less Than 8 ft.,0,-2,4,1,1,20241108,BOS,BKN,22400187187,8560,0,1627732|1629661|1630533|1630553|1630592,1,REG,2025,1628401,6.0,SG,Chaser,0.918594956840613,Williams Driving Layup (6 PTS) (Simmons 4 AST),SF,Movement Shooter,-1.223701293060566,1627732.0
Shot Chart Detail,22400187,439,1630533,Ziaire Williams,1610612751,Brooklyn Nets,3,2,14,Missed Shot,Jump Shot,3PT Field Goal,Right Corner 3,Right Side(R),24+ ft.,23,227,58,1,0,20241108,BOS,BKN,22400187439,20260,0,1627732|1629661|1630533|1630553|1630592,0,REG,2025,1628401,5.0,SG,Chaser,0.918594956840613,MISS Williams 3PT Jump Shot,SF,Movement Shooter,-1.223701293060566,
Shot Chart Detail,22400187,454,1630533,Ziaire Williams,1610612751,Brooklyn Nets,3,0,15,Made Shot,Cutting Layup Shot,2PT Field Goal,Restricted Area,Center(C),Less Than 8 ft.,2,12,16,1,1,20241108,BOS,BKN,22400187454,21450,0,1627732|1629661|1630533|1630553|1630592,1,REG,2025,1628401,2.0,SG,Chaser,0.918594956840613,Williams 2' Cutting Layup Shot (8 PTS) (Simmons 7 AST),SF,Movement Shooter,-1.223701293060566,1627732.0
Shot Chart Detail,22400187,475,1630533,Ziaire Williams,1610612751,Brooklyn Nets,4,10,13,Missed Shot,Driving Layup Shot,2PT Field Goal,In The Paint (Non-RA),Center(C),Less Than 8 ft.,4,37,25,1,0,20241108,BOS,BKN,22400187475,22670,0,1627732|1629661|1630533|1630553|1630592,0,REG,2025,201950,0.0,PG,Point of Attack,0.5769213477933667,MISS Williams 4' Driving Layup,SF,Movement Shooter,-1.223701293060566,
Shot Chart Detail,22400187,482,1630533,Ziaire Williams,1610612751,Brooklyn Nets,4,10,6,Missed Shot,Putback Layup Shot,2PT Field Goal,Restricted Area,Center(C),Less Than 8 ft.,3,31,7,1,0,20241108,BOS,BKN,22400187482,22740,0,1627732|1629661|1630533|1630553|1630592,0,REG,2025,1641775|1629674,1.0,,,,,SF,Movement Shooter,-1.223701293060566,
Shot Chart Detail,22400187,494,1630533,Ziaire Williams,1610612751,Brooklyn Nets,4,9,15,Missed Shot,Running Pull-Up Jump Shot,3PT Field Goal,Above the Break 3,Left Side Center(LC),24+ ft.,25,-140,218,1,0,20241108,BOS,BKN,22400187494,23250,0,1627732|1629661|1630533|1630553|1630592,0,REG,2025,1629674,4.0,C,Helper,1.301199017849252,MISS Williams 26' 3PT Running Pull-Up Jump Shot,SF,Movement Shooter,-1.223701293060566,
Shot Chart Detail,22400187,525,1630533,Ziaire Williams,1610612751,Brooklyn Nets,4,10,12,Missed Shot,Tip Layup Shot,2PT Field Goal,Restricted Area,Center(C),Less Than 8 ft.,2,10,18,1,0,20241108,BOS,BKN,22400187525,22680,0,1627732|1629661|1630533|1630553|1630592,0,REG,2025,1641775|1629674,0.0,,,,,SF,Movement Shooter,-1.223701293060566,
Shot Chart Detail,22400199,122,1630533,Ziaire Williams,1610612751,Brooklyn Nets,1,2,0,Missed Shot,Jump Shot,3PT Field Goal,Right Corner 3,Right Side(R),24+ ft.,24,233,59,1,0,20241109,CLE,BKN,22400199122,6000,0,203471|1629003|1630533|1630592|1641730,0,REG,2025,1630596,-4.0,PF,Mobile Big,1.7315342260498177,MISS Williams 24' 3PT Jump Shot,SF,Movement Shooter,-1.223701293060566,
Shot Chart Detail,22400199,141,1630533,Ziaire Williams,1610612751,Brooklyn Nets,1,0,32,Missed Shot,Jump Shot,3PT Field Goal,Right Corner 3,Right Side(R),24+ ft.,22,229,5,1,0,20241109,CLE,BKN,22400199141,6880,0,203471|1629003|1630533|1630592|1641730,0,REG,2025,1627747,-6.0,SG,Chaser,-0.1372702807186707,MISS Williams 3PT Jump Shot,SF,Movement Shooter,-1.223701293060566,
Shot Chart Detail,22400199,468,1630533,Ziaire Williams,1610612751,Brooklyn Nets,3,0,4,Missed Shot,Driving Layup Shot,2PT Field Goal,In The Paint (Non-RA),Center(C),Less Than 8 ft.,6,-23,62,1,0,20241109,CLE,BKN,22400199468,21560,0,1629003|1630533|1630553|1630560|1641730,0,REG,2025,1627777,12.0,PF,Helper,-0.6341645790057852,Niang BLOCK (1 BLK),SF,Movement Shooter,-1.223701293060566,
Shot Chart Detail,22400214,41,1630533,Ziaire Williams,1610612751,Brooklyn Nets,1,8,23,Missed Shot,Jump Shot,3PT Field Goal,Right Corner 3,Right Side(R),24+ ft.,22,228,-4,1,0,20241111,NOP,BKN,2240021441,2170,0,203471|1629651|1629661|1630533|1630560,0,REG,2025,1630631,-4.0,PG,Point of Attack,-1.0184415589678633,MISS Williams 3PT Jump Shot,SF,Movement Shooter,-1.223701293060566,
Shot Chart Detail,22400214,43,1630533,Ziaire Williams,1610612751,Brooklyn Nets,1,8,18,Missed Shot,Cutting Layup Shot,2PT Field Goal,Restricted Area,Center(C),Less Than 8 ft.,1,-2,13,1,0,20241111,NOP,BKN,2240021443,2220,0,203471|1629651|1629661|1630533|1630560,0,REG,2025,1630631,-4.0,PG,Point of Attack,-1.0184415589678633,MISS Williams 1' Cutting Layup Shot,SF,Movement Shooter,-1.223701293060566,
Shot Chart Detail,22400214,260,1630533,Ziaire Williams,1610612751,Brooklyn Nets,2,4,20,Made Shot,Jump Shot,3PT Field Goal,Above the Break 3,Left Side Center(LC),24+ ft.,25,-87,239,1,1,20241111,NOP,BKN,22400214260,11800,0,203471|1629651|1630533|1630553|1630560,1,REG,2025,1629669,0.0,SG,Chaser,-0.3274528329954727,Williams 25' 3PT Jump Shot (3 PTS) (Claxton 1 AST),SF,Movement Shooter,-1.223701293060566,1629651.0
Shot Chart Detail,22400214,293,1630533,Ziaire Williams,1610612751,Brooklyn Nets,2,1,59,Missed Shot,Jump Shot,3PT Field Goal,Above the Break 3,Right Side Center(RC),24+ ft.,25,210,150,1,0,20241111,NOP,BKN,22400214293,13210,0,203471|1629651|1629661|1630533|1630560,0,REG,2025,1630530,-5.0,SF,Wing Stopper,-1.570008285347356,MISS Williams 26' 3PT Jump Shot,SF,Movement Shooter,-1.223701293060566,
Shot Chart Detail,22400214,297,1630533,Ziaire Williams,1610612751,Brooklyn Nets,2,1,24,Missed Shot,Turnaround Jump Shot,2PT Field Goal,In The Paint (Non-RA),Center(C),Less Than 8 ft.,4,-33,31,1,0,20241111,NOP,BKN,22400214297,13560,0,203471|1629651|1629661|1630533|1630560,0,REG,2025,1630527|1627742,-8.0,,,,,SF,Movement Shooter,-1.223701293060566,
Shot Chart Detail,22400214,341,1630533,Ziaire Williams,1610612751,Brooklyn Nets,3,10,4,Missed Shot,Dunk Shot,2PT Field Goal,In The Paint (Non-RA),Center(C),Less Than 8 ft.,4,-16,42,1,0,20241111,NOP,BKN,22400214341,15560,0,203471|1629651|1629661|1630533|1630560,0,REG,2025,1630530,2.0,SF,Wing Stopper,-1.570008285347356,Murphy III BLOCK (2 BLK),SF,Movement Shooter,-1.223701293060566,
Shot Chart Detail,22400214,359,1630533,Ziaire Williams,1610612751,Brooklyn Nets,3,8,33,Made Shot,Jump Shot,3PT Field Goal,Right Corner 3,Right Side(R),24+ ft.,23,234,13,1,1,20241111,NOP,BKN,22400214359,16470,0,203471|1629651|1629661|1630533|1630560,1,REG,2025,1627742,3.0,SF,Helper,-1.3477268234180788,Williams 3PT Jump Shot (8 PTS) (Claxton 3 AST),SF,Movement Shooter,-1.223701293060566,1629651.0
Shot Chart Detail,22400214,388,1630533,Ziaire Williams,1610612751,Brooklyn Nets,3,6,51,Missed Shot,Reverse Layup Shot,2PT Field Goal,Restricted Area,Center(C),Less Than 8 ft.,2,28,10,1,0,20241111,NOP,BKN,22400214388,17490,0,203471|1629651|1630533|1630560|1630592,0,REG,2025,1642274,-1.0,C,Mobile Big,-0.5336688718975623,MISS Williams 3' Reverse Layup,SF,Movement Shooter,-1.223701293060566,
Shot Chart Detail,22400214,393,1630533,Ziaire Williams,1610612751,Brooklyn Nets,3,6,14,Missed Shot,Jump Shot,3PT Field Goal,Above the Break 3,Left Side Center(LC),24+ ft.,26,-142,227,1,0,20241111,NOP,BKN,22400214393,17860,0,203471|1629651|1630533|1630560|1630592,0,REG,2025,,,,,,,SF,Movement Shooter,-1.223701293060566,
Shot Chart Detail,22400214,547,1630533,Ziaire Williams,1610612751,Brooklyn Nets,4,7,13,Missed Shot,Jump Shot,3PT Field Goal,Above the Break 3,Right Side Center(RC),24+ ft.,24,161,188,1,0,20241111,NOP,BKN,22400214547,24470,0,1627732|1630533|1630560|1630592|1641730,0,REG,2025,1627742,-6.0,SF,Helper,-1.3477268234180788,MISS Williams 25' 3PT Jump Shot,SF,Movement Shooter,-1.223701293060566,
Shot Chart Detail,22400214,553,1630533,Ziaire Williams,1610612751,Brooklyn Nets,4,6,55,Made Shot,Tip Layup Shot,2PT Field Goal,Restricted Area,Center(C),Less Than 8 ft.,0,0,0,1,1,20241111,NOP,BKN,22400214553,24650,0,1627732|1630533|1630560|1630592|1641730,0,REG,2025,1627742,-4.0,SF,Helper,-1.3477268234180788,Williams Tip Layup Shot (12 PTS),SF,Movement Shooter,-1.223701293060566,
Shot Chart Detail,22400214,607,1630533,Ziaire Williams,1610612751,Brooklyn Nets,4,2,31,Missed Shot,Jump Shot,3PT Field Goal,Above the Break 3,Right Side Center(RC),24+ ft.,24,214,128,1,0,20241111,NOP,BKN,22400214607,27290,0,203471|1629651|1629661|1630533|1630560,0,REG,2025,1642274,-4.0,C,Mobile Big,-0.5336688718975623,MISS Williams 25' 3PT Jump Shot,SF,Movement Shooter,-1.223701293060566,
Shot Chart Detail,22400218,31,1630533,Ziaire Williams,1610612751,Brooklyn Nets,1,9,49,Missed Shot,Jump Shot,3PT Field Goal,Left Corner 3,Left Side(L),24+ ft.,23,-233,8,1,0,20241113,BKN,BOS,2240021831,1310,0,203471|1629651|1629661|1630533|1630560,0,REG,2025,1627759,1.0,SF,Wing Stopper,-0.0052159482294472,MISS Williams 3PT Jump Shot,SF,Movement Shooter,-1.223701293060566,
Shot Chart Detail,22400218,50,1630533,Ziaire Williams,1610612751,Brooklyn Nets,1,8,35,Made Shot,Running Dunk Shot,2PT Field Goal,Restricted Area,Center(C),Less Than 8 ft.,0,2,7,1,1,20241113,BKN,BOS,2240021850,2050,0,203471|1629651|1629661|1630533|1630560,0,REG,2025,,,,,,,SF,Movement Shooter,-1.223701293060566,
Shot Chart Detail,22400218,72,1630533,Ziaire Williams,1610612751,Brooklyn Nets,1,6,47,Made Shot,Jump Shot,3PT Field Goal,Above the Break 3,Right Side Center(RC),24+ ft.,25,205,144,1,1,20241113,BKN,BOS,2240021872,3130,0,1629003|1629651|1629661|1630533|1630560,1,REG,2025,1628436,9.0,C,Anchor Big,1.605332069352424,Williams 25' 3PT Jump Shot (7 PTS) (Claxton 2 AST),SF,Movement Shooter,-1.223701293060566,1629651.0
Shot Chart Detail,22400218,80,1630533,Ziaire Williams,1610612751,Brooklyn Nets,1,5,55,Made Shot,Reverse Layup Shot,2PT Field Goal,Restricted Area,Center(C),Less Than 8 ft.,2,16,12,1,1,20241113,BKN,BOS,2240021880,3650,0,1629003|1629651|1629661|1630533|1630560,1,REG,2025,1628436,11.0,C,Anchor Big,1.605332069352424,Williams 2' Reverse Layup (9 PTS) (Milton 1 AST),SF,Movement Shooter,-1.223701293060566,1629003.0
Shot Chart Detail,22400218,87,1630533,Ziaire Williams,1610612751,Brooklyn Nets,1,5,15,Missed Shot,Driving Layup Shot,2PT Field Goal,In The Paint (Non-RA),Right Side(R),8-16 ft.,8,50,69,1,0,20241113,BKN,BOS,2240021887,4050,0,1629003|1629651|1629661|1630533|1630560,0,REG,2025,201950,8.0,PG,Point of Attack,0.5769213477933667,MISS Williams 9' Driving Layup,SF,Movement Shooter,-1.223701293060566,
Shot Chart Detail,22400218,96,1630533,Ziaire Williams,1610612751,Brooklyn Nets,1,4,16,Made Shot,Layup Shot,2PT Field Goal,Restricted Area,Center(C),Less Than 8 ft.,1,11,0,1,1,20241113,BKN,BOS,2240021896,4640,0,1629003|1629651|1629661|1630533|1630560,0,REG,2025,1628436,10.0,C,Anchor Big,1.605332069352424,Williams 1' Layup (11 PTS),SF,Movement Shooter,-1.223701293060566,
Shot Chart Detail,22400218,264,1630533,Ziaire Williams,1610612751,Brooklyn Nets,2,4,11,Made Shot,Driving Reverse Layup Shot,2PT Field Goal,In The Paint (Non-RA),Center(C),Less Than 8 ft.,4,33,34,1,1,20241113,BKN,BOS,22400218264,11890,0,1629003|1629661|1630533|1630560|1631213,1,REG,2025,1628436|1630202,2.0,,,,,SF,Movement Shooter,-1.223701293060566,1630560.0
Shot Chart Detail,22400218,293,1630533,Ziaire Williams,1610612751,Brooklyn Nets,2,2,41,Missed Shot,Driving Layup Shot,2PT Field Goal,In The Paint (Non-RA),Center(C),Less Than 8 ft.,5,-33,38,1,0,20241113,BKN,BOS,22400218293,12790,0,203471|1629651|1629661|1630533|1630560,0,REG,2025,1628436,0.0,C,Anchor Big,1.605332069352424,MISS Williams 5' Driving Layup,SF,Movement Shooter,-1.223701293060566,
Shot Chart Detail,22400218,330,1630533,Ziaire Williams,1610612751,Brooklyn Nets,3,11,48,Missed Shot,Jump Shot,3PT Field Goal,Right Corner 3,Right Side(R),24+ ft.,22,227,3,1,0,20241113,BKN,BOS,22400218330,14520,0,203471|1629651|1629661|1630533|1630560,0,REG,2025,1629674,-5.0,C,Helper,1.301199017849252,MISS Williams 3PT Jump Shot,SF,Movement Shooter,-1.223701293060566,
Shot Chart Detail,22400218,340,1630533,Ziaire Williams,1610612751,Brooklyn Nets,3,10,35,Made Shot,Driving Layup Shot,2PT Field Goal,Restricted Area,Center(C),Less Than 8 ft.,2,4,26,1,1,20241113,BKN,BOS,22400218340,15250,0,203471|1629651|1629661|1630533|1630560,1,REG,2025,1628369,-5.0,PF,Helper,0.9005426978752056,Williams 3' Driving Layup (18 PTS) (Thomas 3 AST),SF,Movement Shooter,-1.223701293060566,1630560.0
Shot Chart Detail,22400218,353,1630533,Ziaire Williams,1610612751,Brooklyn Nets,3,9,18,Made Shot,Jump Shot,3PT Field Goal,Above the Break 3,Right Side Center(RC),24+ ft.,25,225,129,1,1,20241113,BKN,BOS,22400218353,16020,0,203471|1629651|1629661|1630533|1630560,1,REG,2025,201950,-4.0,PG,Point of Attack,0.5769213477933667,Williams 26' 3PT Jump Shot (21 PTS) (Schröder 2 AST),SF,Movement Shooter,-1.223701293060566,203471.0
Shot Chart Detail,22400218,376,1630533,Ziaire Williams,1610612751,Brooklyn Nets,3,7,38,Missed Shot,Dunk Shot,2PT Field Goal,Restricted Area,Center(C),Less Than 8 ft.,1,9,10,1,0,20241113,BKN,BOS,22400218376,17020,0,203471|1629651|1629661|1630533|1630560,0,REG,2025,201950,-12.0,PG,Point of Attack,0.5769213477933667,MISS Williams 1' Dunk,SF,Movement Shooter,-1.223701293060566,
Shot Chart Detail,22400218,404,1630533,Ziaire Williams,1610612751,Brooklyn Nets,3,5,28,Made Shot,Driving Layup Shot,2PT Field Goal,Restricted Area,Center(C),Less Than 8 ft.,0,-4,4,1,1,20241113,BKN,BOS,22400218404,18320,0,1629003|1629651|1629661|1630533|1630560,1,REG,2025,1630573,-14.0,PF,Chaser,0.2294795794753444,Williams 1' Driving Layup (23 PTS) (Milton 4 AST),SF,Movement Shooter,-1.223701293060566,1629003.0
Shot Chart Detail,22400218,646,1630533,Ziaire Williams,1610612751,Brooklyn Nets,4,5,3,Missed Shot,Step Back Jump shot,3PT Field Goal,Left Corner 3,Left Side(L),24+ ft.,23,-233,-26,1,0,20241113,BKN,BOS,22400218646,25770,0,1629003|1629661|1630533|1630553|1630560,0,REG,2025,1628436,-23.0,C,Anchor Big,1.605332069352424,MISS Williams 3PT Step Back Jump Shot,SF,Movement Shooter,-1.223701293060566,
Shot Chart Detail,22400240,117,1630533,Ziaire Williams,1610612751,Brooklyn Nets,1,3,14,Made Shot,Pullup Jump shot,2PT Field Goal,In The Paint (Non-RA),Center(C),8-16 ft.,13,-2,138,1,1,20241117,NYK,BKN,22400240117,5260,0,1630533|1630560|1630570|1630592|1641730,1,REG,2025,1628973,1.0,PG,Low Activity,-1.3621928531320215,Williams 14' Pullup Jump Shot (2 PTS) (Thomas 1 AST),SF,Movement Shooter,-1.223701293060566,1630560.0
Shot Chart Detail,22400240,179,1630533,Ziaire Williams,1610612751,Brooklyn Nets,2,10,32,Missed Shot,Turnaround Fadeaway shot,2PT Field Goal,In The Paint (Non-RA),Center(C),8-16 ft.,12,55,108,1,0,20241117,NYK,BKN,22400240179,8080,0,203471|1630533|1630553|1630592|1641730,0,REG,2025,1642359,-3.0,SG,Helper,-0.0105403602546522,MISS Williams 12' Turnaround Fadeaway Shot,SF,Movement Shooter,-1.223701293060566,
Shot Chart Detail,22400240,188,1630533,Ziaire Williams,1610612751,Brooklyn Nets,2,9,57,Missed Shot,Jump Shot,3PT Field Goal,Right Corner 3,Right Side(R),24+ ft.,22,229,10,1,0,20241117,NYK,BKN,22400240188,8430,0,203471|1630533|1630553|1630592|1641730,0,REG,2025,1628404,-7.0,SG,Helper,1.0459886881210003,MISS Williams 3PT Jump Shot,SF,Movement Shooter,-1.223701293060566,
Shot Chart Detail,22400240,193,1630533,Ziaire Williams,1610612751,Brooklyn Nets,2,9,36,Missed Shot,Driving Reverse Layup Shot,2PT Field Goal,Restricted Area,Center(C),Less Than 8 ft.,2,11,17,1,0,20241117,NYK,BKN,22400240193,8640,0,203471|1630533|1630553|1630592|1641730,0,REG,2025,1628404|1626157,-7.0,,,,,SF,Movement Shooter,-1.223701293060566,
Shot Chart Detail,22400240,500,1630533,Ziaire Williams,1610612751,Brooklyn Nets,4,11,4,Missed Shot,Jump Shot,3PT Field Goal,Right Corner 3,Right Side(R),24+ ft.,23,238,8,1,0,20241117,NYK,BKN,22400240500,22160,0,203471|1627827|1629661|1630533|1630592,0,REG,2025,1626157,-11.0,C,Anchor Big,0.5968761834576316,MISS Williams 24' 3PT Jump Shot,SF,Movement Shooter,-1.223701293060566,
Shot Chart Detail,22400240,572,1630533,Ziaire Williams,1610612751,Brooklyn Nets,4,6,21,Missed Shot,Jump Shot,3PT Field Goal,Above the Break 3,Left Side Center(LC),24+ ft.,24,-157,193,1,0,20241117,NYK,BKN,22400240572,24990,0,1627732|1629661|1630533|1630560|1630592,0,REG,2025,1628973,-10.0,PG,Low Activity,-1.3621928531320215,MISS Williams 25' 3PT Jump Shot,SF,Movement Shooter,-1.223701293060566,
Shot Chart Detail,22400240,624,1630533,Ziaire Williams,1610612751,Brooklyn Nets,4,1,58,Missed Shot,Jump Shot,3PT Field Goal,Left Corner 3,Left Side(L),24+ ft.,22,-228,22,1,0,20241117,NYK,BKN,22400240624,27620,0,203471|1627827|1629661|1630533|1630560,0,REG,2025,1628973,-12.0,PG,Low Activity,-1.3621928531320215,MISS Williams 3PT Jump Shot,SF,Movement Shooter,-1.223701293060566,
Shot Chart Detail,22400276,38,1630533,Ziaire Williams,1610612751,Brooklyn Nets,1,8,12,Missed Shot,Jump Shot,3PT Field Goal,Right Corner 3,Right Side(R),24+ ft.,24,237,62,1,0,20241124,SAC,BKN,2240027638,2280,0,1627732|1629651|1629661|1630533|1630560,0,REG,2025,1628368,0.0,PG,Point of Attack,-0.4380796887783822,MISS Williams 24' 3PT Jump Shot,SF,Movement Shooter,-1.223701293060566,
Shot Chart Detail,22400276,40,1630533,Ziaire Williams,1610612751,Brooklyn Nets,1,8,7,Missed Shot,Jump Shot,3PT Field Goal,Above the Break 3,Right Side Center(RC),24+ ft.,25,199,163,1,0,20241124,SAC,BKN,2240027640,2330,0,1627732|1629651|1629661|1630533|1630560,0,REG,2025,1628368,0.0,PG,Point of Attack,-0.4380796887783822,MISS Williams 26' 3PT Jump Shot,SF,Movement Shooter,-1.223701293060566,
Shot Chart Detail,22400276,47,1630533,Ziaire Williams,1610612751,Brooklyn Nets,1,7,42,Made Shot,Putback Layup Shot,2PT Field Goal,Restricted Area,Center(C),Less Than 8 ft.,1,-1,18,1,1,20241124,SAC,BKN,2240027647,2580,0,1627732|1629651|1629661|1630533|1630560,0,REG,2025,201942,2.0,SF,Low Activity,-0.7394020277524757,Williams 2' Putback Layup (2 PTS),SF,Movement Shooter,-1.223701293060566,
Shot Chart Detail,22400276,52,1630533,Ziaire Williams,1610612751,Brooklyn Nets,1,6,56,Made Shot,Jump Shot,3PT Field Goal,Right Corner 3,Right Side(R),24+ ft.,24,237,68,1,1,20241124,SAC,BKN,2240027652,3040,0,1627732|1629651|1629661|1630533|1630560,1,REG,2025,1628368,2.0,PG,Point of Attack,-0.4380796887783822,Williams 25' 3PT Jump Shot (5 PTS) (Thomas 1 AST),SF,Movement Shooter,-1.223701293060566,1630560.0
Shot Chart Detail,22400276,241,1630533,Ziaire Williams,1610612751,Brooklyn Nets,2,6,23,Missed Shot,Driving Layup Shot,2PT Field Goal,Restricted Area,Center(C),Less Than 8 ft.,3,-20,34,1,0,20241124,SAC,BKN,22400276241,10570,0,1627732|1629651|1630533|1630560|1630592,0,REG,2025,1631165|1628989,16.0,,,,,SF,Movement Shooter,-1.223701293060566,
Shot Chart Detail,22400276,296,1630533,Ziaire Williams,1610612751,Brooklyn Nets,2,3,16,Missed Shot,Running Dunk Shot,2PT Field Goal,Restricted Area,Center(C),Less Than 8 ft.,2,20,11,1,0,20241124,SAC,BKN,22400276296,12440,0,1629651|1629661|1630533|1630560|1630570,0,REG,2025,201942,14.0,SF,Low Activity,-0.7394020277524757,MISS Williams 2' Running Dunk,SF,Movement Shooter,-1.223701293060566,
Shot Chart Detail,22400276,365,1630533,Ziaire Williams,1610612751,Brooklyn Nets,3,11,26,Missed Shot,Jump Shot,3PT Field Goal,Left Corner 3,Left Side(L),24+ ft.,23,-234,-16,1,0,20241124,SAC,BKN,22400276365,14740,0,1627732|1629651|1629661|1630533|1630560,0,REG,2025,1628368,8.0,PG,Point of Attack,-0.4380796887783822,MISS Williams 3PT Jump Shot,SF,Movement Shooter,-1.223701293060566,
Shot Chart Detail,22400276,393,1630533,Ziaire Williams,1610612751,Brooklyn Nets,3,9,4,Missed Shot,Jump Shot,2PT Field Goal,Mid-Range,Left Side(L),16-24 ft.,16,-168,-16,1,0,20241124,SAC,BKN,22400276393,16160,0,1627732|1629651|1629661|1630533|1630560,0,REG,2025,,,,,,,SF,Movement Shooter,-1.223701293060566,
Shot Chart Detail,22400276,604,1630533,Ziaire Williams,1610612751,Brooklyn Nets,4,6,14,Missed Shot,Jump Shot,3PT Field Goal,Above the Break 3,Right Side Center(RC),24+ ft.,24,146,201,1,0,20241124,SAC,BKN,22400276604,25060,0,1627732|1630533|1630560|1630592|1641730,0,REG,2025,1628368,5.0,PG,Point of Attack,-0.4380796887783822,MISS Williams 25' 3PT Jump Shot,SF,Movement Shooter,-1.223701293060566,
Shot Chart Detail,22400284,46,1630533,Ziaire Williams,1610612751,Brooklyn Nets,1,8,18,Missed Shot,Driving Layup Shot,2PT Field Goal,Restricted Area,Center(C),Less Than 8 ft.,3,31,5,1,0,20241125,GSW,BKN,2240028446,2220,0,203471|1629661|1630533|1630560|1630592,0,REG,2025,1631218,5.0,C,Mobile Big,0.7865771946700365,MISS Williams 3' Driving Layup,SF,Movement Shooter,-1.223701293060566,
Shot Chart Detail,22400284,56,1630533,Ziaire Williams,1610612751,Brooklyn Nets,1,7,26,Made Shot,Alley Oop Dunk Shot,2PT Field Goal,Restricted Area,Center(C),Less Than 8 ft.,1,-10,1,1,1,20241125,GSW,BKN,2240028456,2740,0,203471|1629661|1630533|1630560|1630592,1,REG,2025,203952,1.0,SF,Wing Stopper,-0.224181324830397,Williams 1' Alley Oop Dunk (2 PTS) (Schröder 1 AST),SF,Movement Shooter,-1.223701293060566,203471.0
Shot Chart Detail,22400284,71,1630533,Ziaire Williams,1610612751,Brooklyn Nets,1,6,22,Made Shot,Jump Shot,3PT Field Goal,Above the Break 3,Right Side Center(RC),24+ ft.,25,126,221,1,1,20241125,GSW,BKN,2240028471,3380,0,1629003|1629661|1630533|1630560|1630592,1,REG,2025,203110,4.0,PF,Mobile Big,2.4217639609439425,Williams 25' 3PT Jump Shot (5 PTS) (Wilson 1 AST),SF,Movement Shooter,-1.223701293060566,1630592.0
Shot Chart Detail,22400284,258,1630533,Ziaire Williams,1610612751,Brooklyn Nets,2,5,26,Missed Shot,Jump Shot,3PT Field Goal,Above the Break 3,Right Side Center(RC),24+ ft.,26,199,172,1,0,20241125,GSW,BKN,22400284258,11140,0,1629003|1629661|1630533|1630560|1630592,0,REG,2025,1626172,-6.0,C,Anchor Big,1.674381960973268,MISS Williams 26' 3PT Jump Shot,SF,Movement Shooter,-1.223701293060566,
Shot Chart Detail,22400284,279,1630533,Ziaire Williams,1610612751,Brooklyn Nets,2,3,56,Missed Shot,Driving Dunk Shot,2PT Field Goal,Restricted Area,Center(C),Less Than 8 ft.,2,-15,21,1,0,20241125,GSW,BKN,22400284279,12040,0,203471|1629661|1630533|1630560|1630592,0,REG,2025,1631218,-7.0,C,Mobile Big,0.7865771946700365,Jackson-Davis BLOCK (1 BLK),SF,Movement Shooter,-1.223701293060566,
Shot Chart Detail,22400284,376,1630533,Ziaire Williams,1610612751,Brooklyn Nets,2,0,1,Missed Shot,Alley Oop Layup shot,2PT Field Goal,Restricted Area,Center(C),Less Than 8 ft.,2,0,20,1,0,20241125,GSW,BKN,22400284376,14390,0,203471|1629661|1630533|1630560|1630592,0,REG,2025,,,,,,,SF,Movement Shooter,-1.223701293060566,
Shot Chart Detail,22400284,443,1630533,Ziaire Williams,1610612751,Brooklyn Nets,3,4,51,Made Shot,Jump Shot,3PT Field Goal,Above the Break 3,Center(C),24+ ft.,26,-3,263,1,1,20241125,GSW,BKN,22400284443,18690,0,1629003|1630533|1630553|1630592|1631213,1,REG,2025,,,,,,,SF,Movement Shooter,-1.223701293060566,1630592.0
Shot Chart Detail,22400284,447,1630533,Ziaire Williams,1610612751,Brooklyn Nets,3,4,33,Made Shot,Running Dunk Shot,2PT Field Goal,Restricted Area,Center(C),Less Than 8 ft.,0,-9,1,1,1,20241125,GSW,BKN,22400284447,18870,0,1629003|1630533|1630553|1630592|1631213,0,REG,2025,,,,,,,SF,Movement Shooter,-1.223701293060566,
Shot Chart Detail,22400284,461,1630533,Ziaire Williams,1610612751,Brooklyn Nets,3,3,39,Made Shot,Running Layup Shot,2PT Field Goal,Restricted Area,Center(C),Less Than 8 ft.,2,20,4,1,1,20241125,GSW,BKN,22400284461,19410,0,1629003|1630533|1630553|1630592|1631213,0,REG,2025,1641764,-7.0,SG,Point of Attack,0.6537935870600696,Williams 2' Running Layup (13 PTS),SF,Movement Shooter,-1.223701293060566,
Shot Chart Detail,22400284,560,1630533,Ziaire Williams,1610612751,Brooklyn Nets,4,8,27,Missed Shot,Putback Layup Shot,2PT Field Goal,Restricted Area,Center(C),Less Than 8 ft.,2,-27,7,1,0,20241125,GSW,BKN,22400284560,23730,0,1629003|1630533|1630553|1630592|1631213,0,REG,2025,1641764|1630322,2.0,,,,,SF,Movement Shooter,-1.223701293060566,
Shot Chart Detail,22400284,682,1630533,Ziaire Williams,1610612751,Brooklyn Nets,4,2,12,Made Shot,Cutting Dunk Shot,2PT Field Goal,Restricted Area,Center(C),Less Than 8 ft.,1,-12,4,1,1,20241125,GSW,BKN,22400284682,27480,0,203471|1630533|1630553|1630570|1630592,1,REG,2025,1627780,9.0,SG,Wing Stopper,0.9485156587719104,Williams 1' Cutting Dunk Shot (19 PTS) (Schröder 6 AST),SF,Movement Shooter,-1.223701293060566,203471.0
Shot Chart Detail,22400297,29,1630533,Ziaire Williams,1610612751,Brooklyn Nets,1,9,45,Missed Shot,Running Dunk Shot,2PT Field Goal,Restricted Area,Center(C),Less Than 8 ft.,1,1,14,1,0,20241127,PHX,BKN,2240029729,1350,0,203471|1627732|1627827|1629661|1630533,0,REG,2025,203078,-5.0,SG,Point of Attack,-0.9309659194259567,MISS Williams 1' Running Dunk,SF,Movement Shooter,-1.223701293060566,
Shot Chart Detail,22400297,35,1630533,Ziaire Williams,1610612751,Brooklyn Nets,1,9,20,Missed Shot,Jump Shot,3PT Field Goal,Above the Break 3,Right Side Center(RC),24+ ft.,25,152,208,1,0,20241127,PHX,BKN,2240029735,1600,0,203471|1627732|1627827|1629661|1630533,0,REG,2025,203078,-5.0,SG,Point of Attack,-0.9309659194259567,MISS Williams 26' 3PT Jump Shot,SF,Movement Shooter,-1.223701293060566,
Shot Chart Detail,22400297,240,1630533,Ziaire Williams,1610612751,Brooklyn Nets,2,6,11,Made Shot,Driving Layup Shot,2PT Field Goal,Restricted Area,Center(C),Less Than 8 ft.,2,-21,14,1,1,20241127,PHX,BKN,22400297240,10690,0,1627732|1627827|1629003|1629661|1630533,1,REG,2025,203994|1626220,-1.0,,,,,SF,Movement Shooter,-1.223701293060566,1627827.0
Shot Chart Detail,22400297,246,1630533,Ziaire Williams,1610612751,Brooklyn Nets,2,5,35,Missed Shot,Driving Reverse Layup Shot,2PT Field Goal,Restricted Area,Center(C),Less Than 8 ft.,2,-20,21,1,0,20241127,PHX,BKN,22400297246,11050,0,1627732|1627827|1629003|1629661|1630533,0,REG,2025,1626220,-1.0,SF,Wing Stopper,0.0540399548438837,MISS Williams 3' Driving Reverse Layup,SF,Movement Shooter,-1.223701293060566,
Shot Chart Detail,22400297,389,1630533,Ziaire Williams,1610612751,Brooklyn Nets,3,7,44,Made Shot,Running Dunk Shot,2PT Field Goal,Restricted Area,Center(C),Less Than 8 ft.,2,6,20,1,1,20241127,PHX,BKN,22400297389,16960,0,203471|1627732|1627827|1629661|1630533,1,REG,2025,1626164,9.0,SG,Chaser,-2.4799731722623704,Williams 2' Running Dunk (4 PTS) (Simmons 5 AST),SF,Movement Shooter,-1.223701293060566,1627732.0
Shot Chart Detail,22400297,468,1630533,Ziaire Williams,1610612751,Brooklyn Nets,3,2,4,Made Shot,Running Layup Shot,2PT Field Goal,Restricted Area,Center(C),Less Than 8 ft.,1,-7,11,1,1,20241127,PHX,BKN,22400297468,20360,0,203471|1629003|1630533|1630570|1631213,0,REG,2025,1626145,10.0,PG,Point of Attack,-1.3965012350621044,Williams 1' Running Layup (6 PTS),SF,Movement Shooter,-1.223701293060566,
Shot Chart Detail,22400297,609,1630533,Ziaire Williams,1610612751,Brooklyn Nets,4,5,4,Missed Shot,Turnaround Fadeaway shot,2PT Field Goal,Mid-Range,Left Side(L),16-24 ft.,18,-168,84,1,0,20241127,PHX,BKN,22400297609,25760,0,1627732|1627827|1629661|1630533|1631213,0,REG,2025,1626145,14.0,PG,Point of Attack,-1.3965012350621044,MISS Williams 19' Turnaround Fadeaway Shot,SF,Movement Shooter,-1.223701293060566,
Shot Chart Detail,22400297,613,1630533,Ziaire Williams,1610612751,Brooklyn Nets,4,4,49,Made Shot,Running Layup Shot,2PT Field Goal,In The Paint (Non-RA),Center(C),Less Than 8 ft.,4,-36,20,1,1,20241127,PHX,BKN,22400297613,25910,0,1627732|1627827|1629661|1630533|1631213,1,REG,2025,1628960,16.0,SG,Chaser,-0.6564382443748993,Williams 4' Running Layup (8 PTS) (Simmons 8 AST),SF,Movement Shooter,-1.223701293060566,1627732.0
Shot Chart Detail,22400305,189,1630533,Ziaire Williams,1610612751,Brooklyn Nets,1,0,0,Missed Shot,Jump Shot,3PT Field Goal,Backcourt,Back Court(BC),Back Court Shot,70,-66,699,1,0,20241201,BKN,ORL,22400305189,7200,0,203471|1627732|1629003|1630533|1630553,0,REG,2025,,,,,,,SF,Movement Shooter,-1.223701293060566,
Shot Chart Detail,22400305,229,1630533,Ziaire Williams,1610612751,Brooklyn Nets,2,8,39,Missed Shot,Jump Shot,3PT Field Goal,Right Corner 3,Right Side(R),24+ ft.,22,225,38,1,0,20241201,BKN,ORL,22400305229,9210,0,203471|1627732|1629003|1630533|1630553,0,REG,2025,1630591,-1.0,PG,Point of Attack,0.445946536272521,MISS Williams 3PT Jump Shot,SF,Movement Shooter,-1.223701293060566,
Shot Chart Detail,22400305,419,1630533,Ziaire Williams,1610612751,Brooklyn Nets,3,9,26,Missed Shot,Jump Shot,3PT Field Goal,Above the Break 3,Right Side Center(RC),24+ ft.,25,181,177,1,0,20241201,BKN,ORL,22400305419,15940,0,203471|1629651|1629661|1630533|1630570,0,REG,2025,1628976,-1.0,C,Mobile Big,1.1432656713494864,MISS Williams 25' 3PT Jump Shot,SF,Movement Shooter,-1.223701293060566,
Shot Chart Detail,22400305,423,1630533,Ziaire Williams,1610612751,Brooklyn Nets,3,9,7,Missed Shot,Pullup Jump shot,2PT Field Goal,In The Paint (Non-RA),Center(C),Less Than 8 ft.,7,71,4,1,0,20241201,BKN,ORL,22400305423,16130,0,203471|1629651|1629661|1630533|1630570,0,REG,2025,1641710,-1.0,PG,Point of Attack,0.9739664566440976,MISS Williams 7' Pullup Jump Shot,SF,Movement Shooter,-1.223701293060566,
Shot Chart Detail,22400305,438,1630533,Ziaire Williams,1610612751,Brooklyn Nets,3,7,36,Missed Shot,Jump Shot,3PT Field Goal,Above the Break 3,Left Side Center(LC),24+ ft.,25,-210,136,1,0,20241201,BKN,ORL,22400305438,17040,0,203471|1629651|1629661|1630533|1630570,0,REG,2025,1628976,-4.0,C,Mobile Big,1.1432656713494864,MISS Williams 25' 3PT Jump Shot,SF,Movement Shooter,-1.223701293060566,
Shot Chart Detail,22400305,543,1630533,Ziaire Williams,1610612751,Brooklyn Nets,3,0,18,Missed Shot,Cutting Layup Shot,2PT Field Goal,Restricted Area,Center(C),Less Than 8 ft.,2,22,9,1,0,20241201,BKN,ORL,22400305543,21420,0,1629003|1630533|1630553|1630592|1631213,0,REG,2025,1629021,-6.0,C,Mobile Big,0.2041631445270262,MISS Williams 2' Cutting Layup Shot,SF,Movement Shooter,-1.223701293060566,
Shot Chart Detail,22400465,125,1630533,Ziaire Williams,1610612751,Brooklyn Nets,1,2,29,Missed Shot,Layup Shot,2PT Field Goal,Restricted Area,Center(C),Less Than 8 ft.,3,-39,-6,1,0,20250102,MIL,BKN,22400465125,5710,0,1629651|1630533|1630549|1630560|1631213,0,REG,2025,1631157,4.0,PG,Point of Attack,0.5164223509562057,Portis BLOCK (1 BLK),SF,Movement Shooter,-1.223701293060566,
Shot Chart Detail,22400465,183,1630533,Ziaire Williams,1610612751,Brooklyn Nets,2,11,8,Made Shot,Jump Shot,3PT Field Goal,Above the Break 3,Left Side Center(LC),24+ ft.,27,-229,144,1,1,20250102,MIL,BKN,22400465183,7720,0,1630533|1630549|1630553|1630560|1631213,1,REG,2025,1626171|203081,10.0,,,,,SF,Movement Shooter,-1.223701293060566,1631213.0
Shot Chart Detail,22400465,187,1630533,Ziaire Williams,1610612751,Brooklyn Nets,2,10,31,Missed Shot,Jump Shot,3PT Field Goal,Right Corner 3,Right Side(R),24+ ft.,22,229,-10,1,0,20250102,MIL,BKN,22400465187,8090,0,1630533|1630549|1630553|1630560|1631213,0,REG,2025,1626171,7.0,PF,Mobile Big,0.4124501144968134,MISS Williams 3PT Jump Shot,SF,Movement Shooter,-1.223701293060566,
Shot Chart Detail,22400465,490,1630533,Ziaire Williams,1610612751,Brooklyn Nets,3,2,35,Made Shot,Jump Shot,3PT Field Goal,Above the Break 3,Left Side Center(LC),24+ ft.,26,-153,220,1,1,20250102,MIL,BKN,22400465490,20050,0,1629651|1630533|1630549|1630553|1630560,1,REG,2025,1629018,15.0,SG,Point of Attack,-0.4978383955394189,Williams 27' 3PT Jump Shot (6 PTS) (Thomas 2 AST),SF,Movement Shooter,-1.223701293060566,1630560.0
Shot Chart Detail,22400465,502,1630533,Ziaire Williams,1610612751,Brooklyn Nets,3,1,29,Missed Shot,Jump Shot,3PT Field Goal,Above the Break 3,Left Side Center(LC),24+ ft.,25,-156,199,1,0,20250102,MIL,BKN,22400465502,20710,0,1630533|1630549|1630553|1630560|1630592,0,REG,2025,203507,13.0,PF,Helper,0.9285409479155592,MISS Williams 25' 3PT Jump Shot,SF,Movement Shooter,-1.223701293060566,
Shot Chart Detail,22400478,10,1630533,Ziaire Williams,1610612751,Brooklyn Nets,1,11,18,Made Shot,Jump Shot,3PT Field Goal,Above the Break 3,Right Side Center(RC),24+ ft.,23,175,163,1,1,20250104,BKN,PHI,2240047810,420,0,1626156|1629651|1630533|1630553|1630592,1,REG,2025,202331,6.0,PF,Helper,-0.083430987481401,Williams 24' 3PT Jump Shot (3 PTS) (Johnson 1 AST),SF,Movement Shooter,-1.223701293060566,1630553.0
Shot Chart Detail,22400478,18,1630533,Ziaire Williams,1610612751,Brooklyn Nets,1,10,20,Made Shot,Jump Shot,3PT Field Goal,Above the Break 3,Center(C),24+ ft.,26,-32,265,1,1,20250104,BKN,PHI,2240047818,1000,0,1626156|1629651|1630533|1630553|1630592,1,REG,2025,202331,11.0,PF,Helper,-0.083430987481401,Williams 27' 3PT Jump Shot (6 PTS) (Russell 2 AST),SF,Movement Shooter,-1.223701293060566,1626156.0
Shot Chart Detail,22400478,57,1630533,Ziaire Williams,1610612751,Brooklyn Nets,1,7,45,Missed Shot,Jump Shot,3PT Field Goal,Right Corner 3,Right Side(R),24+ ft.,23,228,31,1,0,20250104,BKN,PHI,2240047857,2550,0,1626156|1629651|1630533|1630553|1630592,0,REG,2025,1628997,2.0,SF,Point of Attack,-0.0778437787635345,MISS Williams 3PT Jump Shot,SF,Movement Shooter,-1.223701293060566,
Shot Chart Detail,22400478,68,1630533,Ziaire Williams,1610612751,Brooklyn Nets,1,6,53,Made Shot,Running Reverse Layup Shot,2PT Field Goal,Restricted Area,Center(C),Less Than 8 ft.,1,18,1,1,1,20250104,BKN,PHI,2240047868,3070,0,1626156|1629651|1630533|1630553|1630592,1,REG,2025,203954,2.0,C,Anchor Big,-0.4059027126108747,Williams 2' Running Reverse Layup (8 PTS) (Russell 3 AST),SF,Movement Shooter,-1.223701293060566,1626156.0
Shot Chart Detail,22400478,286,1630533,Ziaire Williams,1610612751,Brooklyn Nets,2,3,18,Missed Shot,Jump Shot,3PT Field Goal,Left Corner 3,Left Side(L),24+ ft.,23,-238,-8,1,0,20250104,BKN,PHI,22400478286,12420,0,1626156|1629651|1630533|1630553|1630592,0,REG,2025,202331,-13.0,PF,Helper,-0.083430987481401,MISS Williams 24' 3PT Jump Shot,SF,Movement Shooter,-1.223701293060566,
Shot Chart Detail,22400478,358,1630533,Ziaire Williams,1610612751,Brooklyn Nets,3,9,50,Made Shot,Running Alley Oop Dunk Shot,2PT Field Goal,Restricted Area,Center(C),Less Than 8 ft.,1,15,5,1,1,20250104,BKN,PHI,22400478358,15700,0,1629651|1630533|1630553|1630592|1631213,1,REG,2025,,,,,,,SF,Movement Shooter,-1.223701293060566,1631213.0
Shot Chart Detail,22400478,388,1630533,Ziaire Williams,1610612751,Brooklyn Nets,3,7,14,Made Shot,Jump Shot,3PT Field Goal,Above the Break 3,Right Side Center(RC),24+ ft.,25,108,226,1,1,20250104,BKN,PHI,22400478388,17260,0,1629651|1630533|1630553|1630592|1631213,1,REG,2025,1627824,-24.0,C,Mobile Big,-1.1338069590685516,Williams 25' 3PT Jump Shot (16 PTS) (Johnson 5 AST),SF,Movement Shooter,-1.223701293060566,1630553.0
Shot Chart Detail,22400478,546,1630533,Ziaire Williams,1610612751,Brooklyn Nets,4,8,18,Made Shot,Jump Shot,3PT Field Goal,Left Corner 3,Left Side(L),24+ ft.,23,-230,-5,1,1,20250104,BKN,PHI,22400478546,23820,0,1629651|1630533|1630553|1631213|1641787,1,REG,2025,1630178,-23.0,PG,Chaser,-1.767860210206346,Williams 3PT Jump Shot (19 PTS) (Johnson 7 AST),SF,Movement Shooter,-1.223701293060566,1630553.0
Shot Chart Detail,22400495,46,1630533,Ziaire Williams,1610612751,Brooklyn Nets,1,7,20,Missed Shot,Running Jump Shot,3PT Field Goal,Above the Break 3,Right Side Center(RC),24+ ft.,25,191,171,1,0,20250106,BKN,IND,2240049546,2800,0,1629651|1630533|1630553|1631213|1641730,0,REG,2025,1626167,-1.0,C,Mobile Big,1.2952253862434222,MISS Williams 26' 3PT Running Jump Shot,SF,Movement Shooter,-1.223701293060566,
Shot Chart Detail,22400495,73,1630533,Ziaire Williams,1610612751,Brooklyn Nets,1,5,11,Made Shot,Jump Shot,3PT Field Goal,Above the Break 3,Center(C),24+ ft.,24,72,237,1,1,20250106,BKN,IND,2240049573,4090,0,1629651|1630533|1630592|1631213|1641730,1,REG,2025,1630167,-1.0,PF,Helper,-0.2512745388125467,Williams 25' 3PT Jump Shot (3 PTS) (Martin 1 AST),SF,Movement Shooter,-1.223701293060566,1631213.0
Shot Chart Detail,22400495,224,1630533,Ziaire Williams,1610612751,Brooklyn Nets,2,5,53,Made Shot,Jump Shot,3PT Field Goal,Above the Break 3,Right Side Center(RC),24+ ft.,25,120,220,1,1,20250106,BKN,IND,22400495224,10870,0,1630533|1630549|1630592|1631213|1641730,1,REG,2025,1631097,-7.0,SF,Chaser,-0.7304179719721491,Williams 25' 3PT Jump Shot (6 PTS) (Wilson 1 AST),SF,Movement Shooter,-1.223701293060566,1630592.0
Shot Chart Detail,22400495,233,1630533,Ziaire Williams,1610612751,Brooklyn Nets,2,4,50,Missed Shot,Running Layup Shot,2PT Field Goal,Restricted Area,Center(C),Less Than 8 ft.,3,-31,5,1,0,20250106,BKN,IND,22400495233,11500,0,1630533|1630549|1630592|1631213|1641730,0,REG,2025,1626167,-7.0,C,Mobile Big,1.2952253862434222,MISS Williams 3' Running Layup,SF,Movement Shooter,-1.223701293060566,
Shot Chart Detail,22400495,263,1630533,Ziaire Williams,1610612751,Brooklyn Nets,2,2,38,Made Shot,Reverse Layup Shot,2PT Field Goal,Restricted Area,Center(C),Less Than 8 ft.,2,22,6,1,1,20250106,BKN,IND,22400495263,12820,0,1629651|1630533|1630553|1631213|1641730,1,REG,2025,1626167,-7.0,C,Mobile Big,1.2952253862434222,Williams 2' Reverse Layup (8 PTS) (Claxton 2 AST),SF,Movement Shooter,-1.223701293060566,1629651.0
Shot Chart Detail,22400495,274,1630533,Ziaire Williams,1610612751,Brooklyn Nets,2,1,54,Missed Shot,Step Back Jump shot,3PT Field Goal,Above the Break 3,Center(C),24+ ft.,25,12,252,1,0,20250106,BKN,IND,22400495274,13260,0,1629651|1630533|1630553|1631213|1641730,0,REG,2025,1626167,-11.0,C,Mobile Big,1.2952253862434222,MISS Williams 25' 3PT Step Back Jump Shot,SF,Movement Shooter,-1.223701293060566,
Shot Chart Detail,22400495,386,1630533,Ziaire Williams,1610612751,Brooklyn Nets,3,5,39,Missed Shot,Jump Shot,3PT Field Goal,Above the Break 3,Right Side Center(RC),24+ ft.,25,202,153,1,0,20250106,BKN,IND,22400495386,18210,0,1629651|1630533|1630592|1631213|1641730,0,REG,2025,1631097,-19.0,SF,Chaser,-0.7304179719721491,MISS Williams 25' 3PT Jump Shot,SF,Movement Shooter,-1.223701293060566,
Shot Chart Detail,22400495,544,1630533,Ziaire Williams,1610612751,Brooklyn Nets,4,7,44,Made Shot,Running Layup Shot,2PT Field Goal,Restricted Area,Center(C),Less Than 8 ft.,0,-1,1,1,1,20250106,BKN,IND,22400495544,24160,0,1629651|1630533|1630592|1631213|1641730,0,REG,2025,1630169,-10.0,PG,Low Activity,-0.1050298115763358,Williams Running Layup (10 PTS),SF,Movement Shooter,-1.223701293060566,
Shot Chart Detail,22400513,25,1630533,Ziaire Williams,1610612751,Brooklyn Nets,1,9,57,Missed Shot,Cutting Layup Shot,2PT Field Goal,Restricted Area,Center(C),Less Than 8 ft.,1,-4,11,1,0,20250108,BKN,DET,2240051325,1230,0,1629651|1630533|1630553|1631213|1641730,0,REG,2025,,,,,,,SF,Movement Shooter,-1.223701293060566,
Shot Chart Detail,22400513,34,1630533,Ziaire Williams,1610612751,Brooklyn Nets,1,8,55,Missed Shot,Jump Shot,3PT Field Goal,Above the Break 3,Center(C),24+ ft.,25,10,256,1,0,20250108,BKN,DET,2240051334,1850,0,1629651|1630533|1630553|1631213|1641730,0,REG,2025,203501,-6.0,SG,Chaser,-0.7830368476381194,MISS Williams 26' 3PT Jump Shot,SF,Movement Shooter,-1.223701293060566,
Shot Chart Detail,22400513,54,1630533,Ziaire Williams,1610612751,Brooklyn Nets,1,7,26,Made Shot,Driving Layup Shot,2PT Field Goal,Restricted Area,Center(C),Less Than 8 ft.,1,18,5,1,1,20250108,BKN,DET,2240051354,2740,0,1629651|1630533|1630592|1631213|1641730,1,REG,2025,1630595|1631105,-7.0,,,,,SF,Movement Shooter,-1.223701293060566,1630592.0
Shot Chart Detail,22400513,66,1630533,Ziaire Williams,1610612751,Brooklyn Nets,1,6,31,Missed Shot,Jump Shot,3PT Field Goal,Right Corner 3,Right Side(R),24+ ft.,22,225,6,1,0,20250108,BKN,DET,2240051366,3290,0,1629651|1630533|1630592|1631213|1641730,0,REG,2025,1630595,-11.0,PG,Helper,-0.4143845891874698,MISS Williams 3PT Jump Shot,SF,Movement Shooter,-1.223701293060566,
Shot Chart Detail,22400513,90,1630533,Ziaire Williams,1610612751,Brooklyn Nets,1,4,25,Missed Shot,Jump Shot,3PT Field Goal,Above the Break 3,Right Side Center(RC),24+ ft.,26,108,237,1,0,20250108,BKN,DET,2240051390,4550,0,1629651|1630533|1630592|1631213|1641787,0,REG,2025,1630595,-8.0,PG,Helper,-0.4143845891874698,MISS Williams 26' 3PT Jump Shot,SF,Movement Shooter,-1.223701293060566,
Shot Chart Detail,22400513,200,1630533,Ziaire Williams,1610612751,Brooklyn Nets,2,10,0,Made Shot,Running Dunk Shot,2PT Field Goal,Restricted Area,Center(C),Less Than 8 ft.,0,-1,7,1,1,20250108,BKN,DET,22400513200,8400,0,1629651|1630533|1630553|1641736|1641787,1,REG,2025,1627736,1.0,SG,Chaser,-1.2029442767458918,Williams 1' Running Dunk (4 PTS) (Evbuomwan 1 AST),SF,Movement Shooter,-1.223701293060566,1641787.0
Shot Chart Detail,22400513,364,1630533,Ziaire Williams,1610612751,Brooklyn Nets,3,9,40,Missed Shot,Step Back Jump shot,3PT Field Goal,Left Corner 3,Left Side(L),24+ ft.,22,-225,-22,1,0,20250108,BKN,DET,22400513364,15800,0,1629651|1630533|1630553|1631213|1641730,0,REG,2025,1627736,-9.0,SG,Chaser,-1.2029442767458918,MISS Williams 3PT Step Back Jump Shot,SF,Movement Shooter,-1.223701293060566,
Shot Chart Detail,22400513,371,1630533,Ziaire Williams,1610612751,Brooklyn Nets,3,8,50,Missed Shot,Driving Floating Bank Jump Shot,2PT Field Goal,In The Paint (Non-RA),Center(C),8-16 ft.,10,18,100,1,0,20250108,BKN,DET,22400513371,16300,0,1629651|1630533|1630553|1631213|1641730,0,REG,2025,202699,-11.0,PF,Helper,0.8987691092643165,MISS Williams 10' Driving Floating Bank Jump Shot,SF,Movement Shooter,-1.223701293060566,
Shot Chart Detail,22400513,402,1630533,Ziaire Williams,1610612751,Brooklyn Nets,3,6,27,Missed Shot,Jump Shot,3PT Field Goal,Above the Break 3,Right Side Center(RC),24+ ft.,24,210,119,1,0,20250108,BKN,DET,22400513402,17730,0,1629651|1630533|1630553|1631213|1641730,0,REG,2025,203501,-10.0,SG,Chaser,-0.7830368476381194,MISS Williams 24' 3PT Jump Shot,SF,Movement Shooter,-1.223701293060566,
Shot Chart Detail,22400513,455,1630533,Ziaire Williams,1610612751,Brooklyn Nets,3,2,50,Missed Shot,Driving Floating Bank Jump Shot,2PT Field Goal,In The Paint (Non-RA),Center(C),Less Than 8 ft.,6,-61,21,1,0,20250108,BKN,DET,22400513455,19900,0,1630533|1630592|1641730|1641736|1641787,0,REG,2025,1630191,-16.0,C,Mobile Big,2.044620311576195,MISS Williams 6' Driving Floating Bank Jump Shot,SF,Movement Shooter,-1.223701293060566,
Shot Chart Detail,22400513,514,1630533,Ziaire Williams,1610612751,Brooklyn Nets,4,10,18,Made Shot,Driving Layup Shot,2PT Field Goal,Restricted Area,Center(C),Less Than 8 ft.,2,11,19,1,1,20250108,BKN,DET,22400513514,22620,0,1629651|1630533|1630592|1631213|1641730,0,REG,2025,1630191|1641842,-16.0,,,,,SF,Movement Shooter,-1.223701293060566,
Shot Chart Detail,22400513,521,1630533,Ziaire Williams,1610612751,Brooklyn Nets,4,8,58,Missed Shot,Step Back Jump shot,3PT Field Goal,Above the Break 3,Left Side Center(LC),24+ ft.,25,-124,218,1,0,20250108,BKN,DET,22400513521,23420,0,1629651|1630533|1630592|1631213|1641730,0,REG,2025,1627736,-22.0,SG,Chaser,-1.2029442767458918,MISS Williams 25' 3PT Step Back Jump Shot,SF,Movement Shooter,-1.223701293060566,
Shot Chart Detail,22400513,532,1630533,Ziaire Williams,1610612751,Brooklyn Nets,4,8,1,Made Shot,Running Jump Shot,3PT Field Goal,Above the Break 3,Right Side Center(RC),24+ ft.,25,123,222,1,1,20250108,BKN,DET,22400513532,23990,0,1629651|1630533|1630592|1631213|1641730,1,REG,2025,1631204|1631323,-19.0,,,,,SF,Movement Shooter,-1.223701293060566,1641730.0
Shot Chart Detail,22400531,11,1630533,Ziaire Williams,1610612751,Brooklyn Nets,1,11,2,Made Shot,Jump Shot,3PT Field Goal,Right Corner 3,Right Side(R),24+ ft.,24,237,64,1,1,20250110,DEN,BKN,2240053111,580,0,1627732|1629651|1630533|1630553|1641730,1,REG,2025,1631128,3.0,SG,Point of Attack,-0.2333453493331476,Williams 25' 3PT Jump Shot (3 PTS) (Simmons 2 AST),SF,Movement Shooter,-1.223701293060566,1627732.0
Shot Chart Detail,22400531,230,1630533,Ziaire Williams,1610612751,Brooklyn Nets,2,9,2,Missed Shot,Floating Jump shot,2PT Field Goal,In The Paint (Non-RA),Center(C),Less Than 8 ft.,6,-4,68,1,0,20250110,DEN,BKN,22400531230,8980,0,1629651|1630533|1631213|1641730|1641787,0,REG,2025,1631124|1631212,2.0,,,,,SF,Movement Shooter,-1.223701293060566,
Shot Chart Detail,22400531,280,1630533,Ziaire Williams,1610612751,Brooklyn Nets,2,6,40,Made Shot,Jump Shot,3PT Field Goal,Above the Break 3,Right Side Center(RC),24+ ft.,25,184,172,1,1,20250110,DEN,BKN,22400531280,10400,0,1627732|1630533|1630549|1630592|1641730,1,REG,2025,201566,6.0,PG,Wing Stopper,-0.2817020561037108,Williams 25' 3PT Jump Shot (8 PTS) (Simmons 5 AST),SF,Movement Shooter,-1.223701293060566,1627732.0
Shot Chart Detail,22400531,350,1630533,Ziaire Williams,1610612751,Brooklyn Nets,2,2,39,Missed Shot,Jump Shot,3PT Field Goal,Above the Break 3,Left Side Center(LC),24+ ft.,26,-145,219,1,0,20250110,DEN,BKN,22400531350,12810,0,1629651|1630533|1630553|1631213|1641730,0,REG,2025,1631124,-8.0,SG,Low Activity,-0.6343274810810637,MISS Williams 26' 3PT Jump Shot,SF,Movement Shooter,-1.223701293060566,
Shot Chart Detail,22400531,386,1630533,Ziaire Williams,1610612751,Brooklyn Nets,2,0,34,Missed Shot,Jump Shot,3PT Field Goal,Above the Break 3,Left Side Center(LC),24+ ft.,25,-202,157,1,0,20250110,DEN,BKN,22400531386,14060,0,1629651|1630533|1630553|1631213|1641730,0,REG,2025,203999,-6.0,C,Mobile Big,0.4732953981970984,MISS Williams 26' 3PT Jump Shot,SF,Movement Shooter,-1.223701293060566,
Shot Chart Detail,22400531,406,1630533,Ziaire Williams,1610612751,Brooklyn Nets,3,11,14,Made Shot,Running Layup Shot,2PT Field Goal,Restricted Area,Center(C),Less Than 8 ft.,2,-23,17,1,1,20250110,DEN,BKN,22400531406,14860,0,1627732|1629651|1630533|1630553|1641730,0,REG,2025,1631124,-7.0,SG,Low Activity,-0.6343274810810637,Williams 3' Running Layup (10 PTS),SF,Movement Shooter,-1.223701293060566,
Shot Chart Detail,22400531,413,1630533,Ziaire Williams,1610612751,Brooklyn Nets,3,10,32,Missed Shot,Running Jump Shot,3PT Field Goal,Right Corner 3,Right Side(R),24+ ft.,24,230,84,1,0,20250110,DEN,BKN,22400531413,15280,0,1627732|1629651|1630533|1630553|1641730,0,REG,2025,203999,-9.0,C,Mobile Big,0.4732953981970984,MISS Williams 24' 3PT Running Jump Shot,SF,Movement Shooter,-1.223701293060566,
Shot Chart Detail,22400531,451,1630533,Ziaire Williams,1610612751,Brooklyn Nets,3,6,58,Missed Shot,Jump Shot,3PT Field Goal,Above the Break 3,Right Side Center(RC),24+ ft.,26,138,226,1,0,20250110,DEN,BKN,22400531451,17420,0,1627732|1629651|1630533|1630592|1641730,0,REG,2025,201566,-17.0,PG,Wing Stopper,-0.2817020561037108,MISS Williams 26' 3PT Jump Shot,SF,Movement Shooter,-1.223701293060566,
Shot Chart Detail,22400546,40,1630533,Ziaire Williams,1610612751,Brooklyn Nets,1,7,55,Missed Shot,Jump Shot,3PT Field Goal,Right Corner 3,Right Side(R),24+ ft.,23,233,0,1,0,20250112,UTA,BKN,2240054640,2450,0,1627732|1629651|1630533|1630553|1641730,0,REG,2025,1630695,1.0,C,Helper,0.2761320749884838,MISS Williams 3PT Jump Shot,SF,Movement Shooter,-1.223701293060566,
Shot Chart Detail,22400546,51,1630533,Ziaire Williams,1610612751,Brooklyn Nets,1,6,59,Made Shot,Jump Shot,3PT Field Goal,Above the Break 3,Right Side Center(RC),24+ ft.,27,211,177,1,1,20250112,UTA,BKN,2240054651,3010,0,1627732|1629651|1630533|1630553|1641730,1,REG,2025,1629234,2.0,C,Anchor Big,1.2750654669929418,Williams 28' 3PT Jump Shot (3 PTS) (K. Johnson 1 AST),SF,Movement Shooter,-1.223701293060566,1630553.0
Shot Chart Detail,22400546,294,1630533,Ziaire Williams,1610612751,Brooklyn Nets,2,2,2,Made Shot,Running Alley Oop Dunk Shot,2PT Field Goal,Restricted Area,Center(C),Less Than 8 ft.,3,-16,27,1,1,20250112,UTA,BKN,22400546294,13180,0,1629651|1630533|1630553|1631213|1641730,1,REG,2025,1629234,0.0,C,Anchor Big,1.2750654669929418,Williams 3' Running Alley Oop Dunk Shot (7 PTS) (K. Johnson 2 AST),SF,Movement Shooter,-1.223701293060566,1630553.0
Shot Chart Detail,22400546,312,1630533,Ziaire Williams,1610612751,Brooklyn Nets,2,0,56,Missed Shot,Driving Dunk Shot,2PT Field Goal,Restricted Area,Center(C),Less Than 8 ft.,3,-22,31,1,0,20250112,UTA,BKN,22400546312,13840,0,1629651|1630533|1630553|1631213|1641730,0,REG,2025,1629234|1642271,2.0,,,,,SF,Movement Shooter,-1.223701293060566,
Shot Chart Detail,22400546,315,1630533,Ziaire Williams,1610612751,Brooklyn Nets,2,0,45,Missed Shot,Jump Shot,3PT Field Goal,Right Corner 3,Right Side(R),24+ ft.,23,233,5,1,0,20250112,UTA,BKN,22400546315,13950,0,1629651|1630533|1630553|1631213|1641730,0,REG,2025,1629234,2.0,C,Anchor Big,1.2750654669929418,MISS Williams 3PT Jump Shot,SF,Movement Shooter,-1.223701293060566,
Shot Chart Detail,22400546,339,1630533,Ziaire Williams,1610612751,Brooklyn Nets,3,11,13,Missed Shot,Pullup Jump shot,3PT Field Goal,Above the Break 3,Right Side Center(RC),24+ ft.,24,143,205,1,0,20250112,UTA,BKN,22400546339,14870,0,1627732|1629651|1630533|1630553|1641730,0,REG,2025,1642268|1630695,-1.0,,,,,SF,Movement Shooter,-1.223701293060566,
Shot Chart Detail,22400546,355,1630533,Ziaire Williams,1610612751,Brooklyn Nets,3,10,0,Made Shot,Running Jump Shot,3PT Field Goal,Left Corner 3,Left Side(L),24+ ft.,23,-233,20,1,1,20250112,UTA,BKN,22400546355,15600,0,1627732|1629651|1630533|1630553|1641730,1,REG,2025,1642262,-3.0,SG,Chaser,-0.5281975136820785,Williams 3PT Running Jump Shot (10 PTS) (Clowney 1 AST),SF,Movement Shooter,-1.223701293060566,1641730.0
Shot Chart Detail,22400546,359,1630533,Ziaire Williams,1610612751,Brooklyn Nets,3,9,36,Made Shot,Running Jump Shot,3PT Field Goal,Above the Break 3,Left Side Center(LC),24+ ft.,28,-190,212,1,1,20250112,UTA,BKN,22400546359,15840,0,1627732|1629651|1630533|1630553|1641730,1,REG,2025,1630695,0.0,C,Helper,0.2761320749884838,Williams 28' 3PT Running Jump Shot (13 PTS) (Simmons 5 AST),SF,Movement Shooter,-1.223701293060566,1627732.0
Shot Chart Detail,22400546,379,1630533,Ziaire Williams,1610612751,Brooklyn Nets,3,8,14,Missed Shot,Pullup Jump shot,3PT Field Goal,Above the Break 3,Center(C),24+ ft.,25,59,253,1,0,20250112,UTA,BKN,22400546379,16660,0,1627732|1629651|1630533|1630592|1641730,0,REG,2025,1629012,-1.0,SG,Chaser,-2.408867914866001,MISS Williams 26' 3PT Pullup Jump Shot,SF,Movement Shooter,-1.223701293060566,
Shot Chart Detail,22400546,399,1630533,Ziaire Williams,1610612751,Brooklyn Nets,3,6,46,Missed Shot,Cutting Layup Shot,2PT Field Goal,Restricted Area,Center(C),Less Than 8 ft.,2,21,13,1,0,20250112,UTA,BKN,22400546399,17540,0,1627732|1630533|1630549|1630592|1641730,0,REG,2025,1629234,1.0,C,Anchor Big,1.2750654669929418,Eubanks BLOCK (3 BLK),SF,Movement Shooter,-1.223701293060566,
Shot Chart Detail,22400546,587,1630533,Ziaire Williams,1610612751,Brooklyn Nets,4,8,13,Missed Shot,Pullup Jump shot,2PT Field Goal,Mid-Range,Left Side Center(LC),16-24 ft.,19,-159,116,1,0,20250112,UTA,BKN,22400546587,23870,0,1629651|1630533|1630592|1631213|1641730,0,REG,2025,1629234,-9.0,C,Anchor Big,1.2750654669929418,MISS Williams 20' Pullup Jump Shot,SF,Movement Shooter,-1.223701293060566,
Shot Chart Detail,22400560,38,1630533,Ziaire Williams,1610612751,Brooklyn Nets,1,8,8,Missed Shot,Running Layup Shot,2PT Field Goal,Restricted Area,Center(C),Less Than 8 ft.,0,5,5,1,0,20250114,POR,BKN,2240056038,2320,0,1627732|1629661|1630533|1630553|1641730,0,REG,2025,1631101,5.0,SG,Chaser,-1.148829528791153,MISS Williams 1' Running Layup,SF,Movement Shooter,-1.223701293060566,
Shot Chart Detail,22400560,64,1630533,Ziaire Williams,1610612751,Brooklyn Nets,1,6,5,Made Shot,Jump Shot,3PT Field Goal,Above the Break 3,Right Side Center(RC),24+ ft.,25,175,184,1,1,20250114,POR,BKN,2240056064,3550,0,1627732|1630533|1630592|1631213|1641730,1,REG,2025,1630703,6.0,PG,Chaser,-0.61303015604528,Williams 25' 3PT Jump Shot (3 PTS) (Martin 1 AST),SF,Movement Shooter,-1.223701293060566,1631213.0
Shot Chart Detail,22400560,234,1630533,Ziaire Williams,1610612751,Brooklyn Nets,2,6,45,Made Shot,Jump Shot,3PT Field Goal,Above the Break 3,Right Side Center(RC),24+ ft.,25,194,159,1,1,20250114,POR,BKN,22400560234,10350,0,1627732|1630533|1630553|1631213|1641730,1,REG,2025,1630703,8.0,PG,Chaser,-0.61303015604528,Williams 25' 3PT Jump Shot (8 PTS) (Martin 3 AST),SF,Movement Shooter,-1.223701293060566,1631213.0
Shot Chart Detail,22400560,406,1630533,Ziaire Williams,1610612751,Brooklyn Nets,3,6,8,Made Shot,Running Jump Shot,3PT Field Goal,Right Corner 3,Right Side(R),24+ ft.,22,223,21,1,1,20250114,POR,BKN,22400560406,17920,0,1627732|1629661|1630533|1630553|1641730,1,REG,2025,1641739,12.0,PF,Wing Stopper,0.4713644847669148,Williams 3PT Running Jump Shot (11 PTS) (K. Johnson 3 AST),SF,Movement Shooter,-1.223701293060566,1630553.0
Shot Chart Detail,22400560,416,1630533,Ziaire Williams,1610612751,Brooklyn Nets,3,5,11,Missed Shot,Jump Shot,3PT Field Goal,Right Corner 3,Right Side(R),24+ ft.,22,223,26,1,0,20250114,POR,BKN,22400560416,18490,0,1627732|1629661|1630533|1630553|1641730,0,REG,2025,1631101,12.0,SG,Chaser,-1.148829528791153,MISS Williams 3PT Jump Shot,SF,Movement Shooter,-1.223701293060566,
Shot Chart Detail,22400560,589,1630533,Ziaire Williams,1610612751,Brooklyn Nets,4,5,43,Missed Shot,Tip Layup Shot,2PT Field Goal,Restricted Area,Center(C),Less Than 8 ft.,0,0,0,1,0,20250114,POR,BKN,22400560589,25370,0,1626156|1630533|1630553|1631213|1641730,0,REG,2025,1641739,11.0,PF,Wing Stopper,0.4713644847669148,Camara BLOCK (2 BLK),SF,Movement Shooter,-1.223701293060566,
Shot Chart Detail,22400560,638,1630533,Ziaire Williams,1610612751,Brooklyn Nets,4,2,9,Made Shot,Running Dunk Shot,2PT Field Goal,Restricted Area,Center(C),Less Than 8 ft.,0,-6,-5,1,1,20250114,POR,BKN,22400560638,27510,0,1626156|1629661|1630533|1630553|1641730,1,REG,2025,1642270,12.0,C,Anchor Big,2.1732311577468386,Williams 1' Running Dunk (13 PTS) (K. Johnson 4 AST),SF,Movement Shooter,-1.223701293060566,1630553.0
Shot Chart Detail,22400571,26,1630533,Ziaire Williams,1610612751,Brooklyn Nets,1,9,47,Made Shot,Running Layup Shot,2PT Field Goal,Restricted Area,Center(C),Less Than 8 ft.,2,-15,14,1,1,20250115,LAC,BKN,2240057126,1330,0,1629651|1630533|1630553|1631213|1641730,0,REG,2025,201935,2.0,PG,Helper,0.6466092944779289,Williams 2' Running Layup (2 PTS),SF,Movement Shooter,-1.223701293060566,
Shot Chart Detail,22400571,63,1630533,Ziaire Williams,1610612751,Brooklyn Nets,1,7,33,Missed Shot,Layup Shot,2PT Field Goal,Restricted Area,Center(C),Less Than 8 ft.,3,-3,34,1,0,20250115,LAC,BKN,2240057163,2670,0,1629651|1630533|1630553|1631213|1641730,0,REG,2025,201935,-3.0,PG,Helper,0.6466092944779289,MISS Williams 3' Layup,SF,Movement Shooter,-1.223701293060566,
Shot Chart Detail,22400571,66,1630533,Ziaire Williams,1610612751,Brooklyn Nets,1,6,21,Made Shot,Cutting Dunk Shot,2PT Field Goal,Restricted Area,Center(C),Less Than 8 ft.,0,0,5,1,1,20250115,LAC,BKN,2240057166,3390,0,1630533|1630549|1630592|1631213|1641730,1,REG,2025,1627884,-4.0,SF,Point of Attack,0.4823853368545776,Williams 1' Cutting Dunk Shot (4 PTS) (Martin 2 AST),SF,Movement Shooter,-1.223701293060566,1631213.0
Shot Chart Detail,22400571,368,1630533,Ziaire Williams,1610612751,Brooklyn Nets,3,9,13,Missed Shot,Pullup Jump shot,3PT Field Goal,Above the Break 3,Left Side Center(LC),24+ ft.,26,-115,242,1,0,20250115,LAC,BKN,22400571368,16070,0,1629651|1630533|1630553|1631213|1641730,0,REG,2025,1627884,-40.0,SF,Point of Attack,0.4823853368545776,MISS Williams 27' 3PT Pullup Jump Shot,SF,Movement Shooter,-1.223701293060566,
Shot Chart Detail,22400585,15,1630533,Ziaire Williams,1610612751,Brooklyn Nets,1,10,41,Made Shot,Cutting Layup Shot,2PT Field Goal,In The Paint (Non-RA),Center(C),Less Than 8 ft.,7,1,78,1,1,20250117,LAL,BKN,2240058515,790,0,1627732|1629651|1630533|1630553|1641730,1,REG,2025,1630559,0.0,SG,Chaser,-0.6843604407697146,Williams 8' Cutting Layup Shot (2 PTS) (Simmons 1 AST),SF,Movement Shooter,-1.223701293060566,1627732.0
Shot Chart Detail,22400585,29,1630533,Ziaire Williams,1610612751,Brooklyn Nets,1,9,27,Missed Shot,Driving Layup Shot,2PT Field Goal,Restricted Area,Center(C),Less Than 8 ft.,2,6,22,1,0,20250117,LAL,BKN,2240058529,1530,0,1627732|1629651|1630533|1630553|1641730,0,REG,2025,2544,-1.0,SF,Helper,-0.3391402346407149,MISS Williams 2' Driving Layup,SF,Movement Shooter,-1.223701293060566,
Shot Chart Detail,22400585,217,1630533,Ziaire Williams,1610612751,Brooklyn Nets,2,6,4,Missed Shot,Jump Shot,3PT Field Goal,Above the Break 3,Right Side Center(RC),24+ ft.,26,115,236,1,0,20250117,LAL,BKN,22400585217,10760,0,1627732|1630533|1630553|1641730|1641787,0,REG,2025,1630559,-1.0,SG,Chaser,-0.6843604407697146,MISS Williams 26' 3PT Jump Shot,SF,Movement Shooter,-1.223701293060566,
Shot Chart Detail,22400585,236,1630533,Ziaire Williams,1610612751,Brooklyn Nets,2,4,17,Made Shot,Running Jump Shot,3PT Field Goal,Above the Break 3,Right Side Center(RC),24+ ft.,27,116,252,1,1,20250117,LAL,BKN,22400585236,11830,0,1626156|1629651|1630533|1630553|1641730,1,REG,2025,1630559,-3.0,SG,Chaser,-0.6843604407697146,Williams 28' 3PT Running Jump Shot (5 PTS) (Russell 3 AST),SF,Movement Shooter,-1.223701293060566,1626156.0
Shot Chart Detail,22400585,298,1630533,Ziaire Williams,1610612751,Brooklyn Nets,2,0,2,Missed Shot,Pullup Jump shot,3PT Field Goal,Above the Break 3,Left Side Center(LC),24+ ft.,29,-180,238,1,0,20250117,LAL,BKN,22400585298,14380,0,1626156|1629651|1630533|1631213|1641730,0,REG,2025,2544,-6.0,SF,Helper,-0.3391402346407149,MISS Williams 30' 3PT Pullup Jump Shot,SF,Movement Shooter,-1.223701293060566,
Shot Chart Detail,22400585,314,1630533,Ziaire Williams,1610612751,Brooklyn Nets,3,10,42,Missed Shot,Running Jump Shot,3PT Field Goal,Above the Break 3,Right Side Center(RC),24+ ft.,25,191,171,1,0,20250117,LAL,BKN,22400585314,15180,0,1627732|1629651|1630533|1630553|1641730,0,REG,2025,1630559,-2.0,SG,Chaser,-0.6843604407697146,MISS Williams 26' 3PT Running Jump Shot,SF,Movement Shooter,-1.223701293060566,
Shot Chart Detail,22400585,334,1630533,Ziaire Williams,1610612751,Brooklyn Nets,3,9,28,Made Shot,Tip Dunk Shot,2PT Field Goal,Restricted Area,Center(C),Less Than 8 ft.,0,0,0,1,1,20250117,LAL,BKN,22400585334,15920,0,1627732|1629651|1630533|1630553|1641730,0,REG,2025,1630559,-3.0,SG,Chaser,-0.6843604407697146,Williams Tip Dunk Shot (7 PTS),SF,Movement Shooter,-1.223701293060566,
Shot Chart Detail,22400585,349,1630533,Ziaire Williams,1610612751,Brooklyn Nets,3,8,30,Made Shot,Jump Shot,3PT Field Goal,Above the Break 3,Left Side Center(LC),24+ ft.,27,-118,245,1,1,20250117,LAL,BKN,22400585349,16500,0,1627732|1629651|1630533|1630553|1641730,1,REG,2025,,,,,,,SF,Movement Shooter,-1.223701293060566,1627732.0
Shot Chart Detail,22400585,353,1630533,Ziaire Williams,1610612751,Brooklyn Nets,3,8,5,Missed Shot,Step Back Jump shot,3PT Field Goal,Above the Break 3,Left Side Center(LC),24+ ft.,25,-154,206,1,0,20250117,LAL,BKN,22400585353,16750,0,1627732|1629651|1630533|1630553|1641730,0,REG,2025,1629216,2.0,PG,Point of Attack,-0.4105631954827208,MISS Williams 26' 3PT Step Back Jump Shot,SF,Movement Shooter,-1.223701293060566,
Shot Chart Detail,22400585,496,1630533,Ziaire Williams,1610612751,Brooklyn Nets,4,10,40,Missed Shot,Pullup Jump shot,3PT Field Goal,Above the Break 3,Center(C),24+ ft.,25,-6,250,1,0,20250117,LAL,BKN,22400585496,22400,0,1626156|1629651|1630533|1630592|1641787,0,REG,2025,2544,-3.0,SF,Helper,-0.3391402346407149,MISS Williams 25' 3PT Pullup Jump Shot,SF,Movement Shooter,-1.223701293060566,
Shot Chart Detail,22400585,517,1630533,Ziaire Williams,1610612751,Brooklyn Nets,4,8,32,Missed Shot,Jump Shot,3PT Field Goal,Left Corner 3,Left Side(L),24+ ft.,23,-230,64,1,0,20250117,LAL,BKN,22400585517,23680,0,1626156|1629651|1630533|1630592|1641787,0,REG,2025,2544,1.0,SF,Helper,-0.3391402346407149,MISS Williams 24' 3PT Jump Shot,SF,Movement Shooter,-1.223701293060566,
Shot Chart Detail,22400585,519,1630533,Ziaire Williams,1610612751,Brooklyn Nets,4,8,24,Missed Shot,Driving Layup Shot,2PT Field Goal,Restricted Area,Center(C),Less Than 8 ft.,3,-12,32,1,0,20250117,LAL,BKN,22400585519,23760,0,1627732|1629651|1630533|1630592|1641787,0,REG,2025,2544,1.0,SF,Helper,-0.3391402346407149,L. James BLOCK (2 BLK),SF,Movement Shooter,-1.223701293060566,
Shot Chart Detail,22400585,531,1630533,Ziaire Williams,1610612751,Brooklyn Nets,4,7,33,Made Shot,Jump Shot,3PT Field Goal,Above the Break 3,Left Side Center(LC),24+ ft.,25,-181,173,1,1,20250117,LAL,BKN,22400585531,24270,0,1627732|1629651|1630533|1630592|1641787,1,REG,2025,1630559,1.0,SG,Chaser,-0.6843604407697146,Williams 25' 3PT Jump Shot (15 PTS) (Wilson 2 AST),SF,Movement Shooter,-1.223701293060566,1630592.0
Shot Chart Detail,22400595,10,1630533,Ziaire Williams,1610612751,Brooklyn Nets,1,11,30,Missed Shot,Running Jump Shot,3PT Field Goal,Right Corner 3,Right Side(R),24+ ft.,23,227,43,1,0,20250119,OKC,BKN,2240059510,300,0,1626156|1629651|1629661|1630533|1641730,0,REG,2025,1631119,0.0,PF,Anchor Big,1.348662035319894,MISS Williams 3PT Running Jump Shot,SF,Movement Shooter,-1.223701293060566,
Shot Chart Detail,22400595,49,1630533,Ziaire Williams,1610612751,Brooklyn Nets,1,8,59,Missed Shot,Jump Shot,3PT Field Goal,Left Corner 3,Left Side(L),24+ ft.,23,-235,-10,1,0,20250119,OKC,BKN,2240059549,1810,0,1626156|1629651|1629661|1630533|1641730,0,REG,2025,,,,,,,SF,Movement Shooter,-1.223701293060566,
Shot Chart Detail,22400595,55,1630533,Ziaire Williams,1610612751,Brooklyn Nets,1,8,18,Missed Shot,Jump Shot,3PT Field Goal,Right Corner 3,Right Side(R),24+ ft.,22,227,-20,1,0,20250119,OKC,BKN,2240059555,2220,0,1626156|1629651|1629661|1630533|1641730,0,REG,2025,1641717,-9.0,SG,Point of Attack,1.285608486148073,MISS Williams 3PT Jump Shot,SF,Movement Shooter,-1.223701293060566,
Shot Chart Detail,22400595,216,1630533,Ziaire Williams,1610612751,Brooklyn Nets,2,7,35,Missed Shot,Cutting Layup Shot,2PT Field Goal,Restricted Area,Center(C),Less Than 8 ft.,2,-18,10,1,0,20250119,OKC,BKN,22400595216,9850,0,1629661|1630533|1630549|1631213|1641787,0,REG,2025,1630598|1631119,-20.0,,,,,SF,Movement Shooter,-1.223701293060566,
Shot Chart Detail,22400595,219,1630533,Ziaire Williams,1610612751,Brooklyn Nets,2,7,31,Made Shot,Tip Layup Shot,2PT Field Goal,Restricted Area,Center(C),Less Than 8 ft.,1,-6,11,1,1,20250119,OKC,BKN,22400595219,9890,0,1629661|1630533|1630549|1631213|1641787,0,REG,2025,1630598|1631119,-18.0,,,,,SF,Movement Shooter,-1.223701293060566,
Shot Chart Detail,22400595,232,1630533,Ziaire Williams,1610612751,Brooklyn Nets,2,6,2,Made Shot,Jump Shot,3PT Field Goal,Right Corner 3,Right Side(R),24+ ft.,23,232,59,1,1,20250119,OKC,BKN,22400595232,10780,0,1629661|1630533|1630549|1631213|1641787,1,REG,2025,1627936,-12.0,SG,Wing Stopper,1.5690047760220245,Williams 24' 3PT Jump Shot (5 PTS) (Sharpe 2 AST),SF,Movement Shooter,-1.223701293060566,1630549.0
Shot Chart Detail,22400595,260,1630533,Ziaire Williams,1610612751,Brooklyn Nets,2,4,24,Missed Shot,Pullup Jump shot,2PT Field Goal,In The Paint (Non-RA),Center(C),8-16 ft.,10,26,106,1,0,20250119,OKC,BKN,22400595260,11760,0,1630533|1630549|1630553|1631213|1641730,0,REG,2025,1628983,-16.0,PG,Helper,0.8784818701389275,MISS Williams 11' Pullup Jump Shot,SF,Movement Shooter,-1.223701293060566,
Shot Chart Detail,22400595,310,1630533,Ziaire Williams,1610612751,Brooklyn Nets,2,0,1,Missed Shot,Step Back Jump shot,2PT Field Goal,Mid-Range,Left Side(L),16-24 ft.,20,-205,-38,1,0,20250119,OKC,BKN,22400595310,14390,0,1626156|1629651|1629661|1630533|1641730,0,REG,2025,1641717,-21.0,SG,Point of Attack,1.285608486148073,MISS Williams 21' Step Back Jump Shot,SF,Movement Shooter,-1.223701293060566,
Shot Chart Detail,22400636,76,1630533,Ziaire Williams,1610612751,Brooklyn Nets,1,5,44,Missed Shot,Jump Shot,3PT Field Goal,Left Corner 3,Left Side(L),24+ ft.,23,-233,-3,1,0,20250125,BKN,MIA,2240063676,3760,0,1629651|1630533|1630592|1631213|1641730,0,REG,2025,1629130,-4.0,SF,Low Activity,-0.6378388643362327,MISS Williams 3PT Jump Shot,SF,Movement Shooter,-1.223701293060566,
Shot Chart Detail,22400636,83,1630533,Ziaire Williams,1610612751,Brooklyn Nets,1,5,7,Missed Shot,Jump Shot,3PT Field Goal,Above the Break 3,Center(C),24+ ft.,28,-78,275,1,0,20250125,BKN,MIA,2240063683,4130,0,1629651|1630533|1630592|1631213|1641787,0,REG,2025,1629312,-4.0,SF,Point of Attack,1.0227755186491836,MISS Williams 29' 3PT Jump Shot,SF,Movement Shooter,-1.223701293060566,
Shot Chart Detail,22400636,109,1630533,Ziaire Williams,1610612751,Brooklyn Nets,1,3,22,Missed Shot,Jump Shot,3PT Field Goal,Above the Break 3,Right Side Center(RC),24+ ft.,24,176,174,1,0,20250125,BKN,MIA,22400636109,5180,0,1630533|1630549|1630553|1631213|1641787,0,REG,2025,1631170,-6.0,SF,Helper,0.3853304031939498,MISS Williams 25' 3PT Jump Shot,SF,Movement Shooter,-1.223701293060566,
Shot Chart Detail,22400636,114,1630533,Ziaire Williams,1610612751,Brooklyn Nets,1,2,46,Missed Shot,Driving Layup Shot,2PT Field Goal,Restricted Area,Center(C),Less Than 8 ft.,2,-22,13,1,0,20250125,BKN,MIA,22400636114,5540,0,1630533|1630549|1630553|1631213|1641787,0,REG,2025,1631170|1631107,-6.0,,,,,SF,Movement Shooter,-1.223701293060566,
Shot Chart Detail,22400636,469,1630533,Ziaire Williams,1610612751,Brooklyn Nets,3,1,15,Missed Shot,Pullup Jump shot,2PT Field Goal,In The Paint (Non-RA),Center(C),Less Than 8 ft.,7,-66,35,1,0,20250125,BKN,MIA,22400636469,20850,0,1630533|1630549|1630592|1631213|1641787,0,REG,2025,1629639,-11.0,SG,Chaser,-0.6688884424932596,MISS Williams 7' Pullup Jump Shot,SF,Movement Shooter,-1.223701293060566,
Shot Chart Detail,22400651,206,1630533,Ziaire Williams,1610612751,Brooklyn Nets,2,9,0,Missed Shot,Jump Shot,3PT Field Goal,Above the Break 3,Right Side Center(RC),24+ ft.,26,141,222,1,0,20250127,BKN,SAC,22400651206,9000,0,1626156|1629651|1630533|1630592|1641787,0,REG,2025,201942,8.0,SF,Low Activity,-0.7394020277524757,MISS Williams 26' 3PT Jump Shot,SF,Movement Shooter,-1.223701293060566,
Shot Chart Detail,22400651,312,1630533,Ziaire Williams,1610612751,Brooklyn Nets,2,2,49,Missed Shot,Running Jump Shot,3PT Field Goal,Left Corner 3,Left Side(L),24+ ft.,24,-241,25,1,0,20250127,BKN,SAC,22400651312,12710,0,1626156|1629651|1630533|1630592|1641787,0,REG,2025,1628368,4.0,PG,Point of Attack,-0.4380796887783822,MISS Williams 24' 3PT Running Jump Shot,SF,Movement Shooter,-1.223701293060566,
Shot Chart Detail,22400651,316,1630533,Ziaire Williams,1610612751,Brooklyn Nets,2,2,38,Missed Shot,Running Dunk Shot,2PT Field Goal,Restricted Area,Center(C),Less Than 8 ft.,1,-9,6,1,0,20250127,BKN,SAC,22400651316,12820,0,1626156|1629651|1630533|1630592|1641787,0,REG,2025,1627734,4.0,C,Mobile Big,0.4655651121127069,MISS Williams 1' Running Dunk,SF,Movement Shooter,-1.223701293060566,
Shot Chart Detail,22400651,346,1630533,Ziaire Williams,1610612751,Brooklyn Nets,2,1,7,Made Shot,Jump Shot,3PT Field Goal,Above the Break 3,Right Side Center(RC),24+ ft.,24,199,144,1,1,20250127,BKN,SAC,22400651346,13730,0,1626156|1629651|1630533|1630592|1641787,1,REG,2025,1628368,7.0,PG,Point of Attack,-0.4380796887783822,Williams 25' 3PT Jump Shot (5 PTS) (Russell 3 AST),SF,Movement Shooter,-1.223701293060566,1626156.0
Shot Chart Detail,22400651,360,1630533,Ziaire Williams,1610612751,Brooklyn Nets,2,0,25,Missed Shot,Step Back Jump shot,3PT Field Goal,Above the Break 3,Right Side Center(RC),24+ ft.,25,120,220,1,0,20250127,BKN,SAC,22400651360,14150,0,1626156|1630533|1630549|1630592|1641787,0,REG,2025,1631165,7.0,SG,Point of Attack,1.4284864537861697,MISS Williams 25' 3PT Step Back Jump Shot,SF,Movement Shooter,-1.223701293060566,
Shot Chart Detail,22400651,433,1630533,Ziaire Williams,1610612751,Brooklyn Nets,3,8,13,Missed Shot,Jump Shot,3PT Field Goal,Above the Break 3,Right Side Center(RC),24+ ft.,25,165,200,1,0,20250127,BKN,SAC,22400651433,16670,0,1626156|1630533|1630549|1630592|1631213,0,REG,2025,1631165,-1.0,SG,Point of Attack,1.4284864537861697,MISS Williams 26' 3PT Jump Shot,SF,Movement Shooter,-1.223701293060566,
Shot Chart Detail,22400651,612,1630533,Ziaire Williams,1610612751,Brooklyn Nets,4,8,11,Missed Shot,Driving Dunk Shot,2PT Field Goal,Restricted Area,Center(C),Less Than 8 ft.,1,-10,3,1,0,20250127,BKN,SAC,22400651612,23890,0,1626156|1629651|1630533|1630592|1631213,0,REG,2025,1631099|1631165,-4.0,,,,,SF,Movement Shooter,-1.223701293060566,
Shot Chart Detail,22400663,57,1630533,Ziaire Williams,1610612751,Brooklyn Nets,1,7,19,Missed Shot,Driving Layup Shot,2PT Field Goal,Restricted Area,Center(C),Less Than 8 ft.,3,22,24,1,0,20250129,CHA,BKN,2240066357,2810,0,1626156|1629651|1630533|1630553|1630592,0,REG,2025,201959,4.0,C,Anchor Big,1.027762803800606,MISS Williams 3' Driving Layup,SF,Movement Shooter,-1.223701293060566,
Shot Chart Detail,22400663,59,1630533,Ziaire Williams,1610612751,Brooklyn Nets,1,7,11,Missed Shot,Step Back Jump shot,3PT Field Goal,Right Corner 3,Right Side(R),24+ ft.,22,227,22,1,0,20250129,CHA,BKN,2240066359,2890,0,1626156|1629651|1630533|1630553|1630592,0,REG,2025,201959,4.0,C,Anchor Big,1.027762803800606,MISS Williams 3PT Step Back Jump Shot,SF,Movement Shooter,-1.223701293060566,
Shot Chart Detail,22400663,68,1630533,Ziaire Williams,1610612751,Brooklyn Nets,1,6,41,Missed Shot,Jump Shot,3PT Field Goal,Above the Break 3,Right Side Center(RC),24+ ft.,26,134,229,1,0,20250129,CHA,BKN,2240066368,3190,0,1627732|1629651|1630533|1630592|1641787,0,REG,2025,1628970,4.0,PF,Wing Stopper,-0.8078097609390652,MISS Williams 27' 3PT Jump Shot,SF,Movement Shooter,-1.223701293060566,
Shot Chart Detail,22400663,181,1630533,Ziaire Williams,1610612751,Brooklyn Nets,2,9,13,Made Shot,Jump Shot,3PT Field Goal,Above the Break 3,Left Side Center(LC),24+ ft.,25,-184,173,1,1,20250129,CHA,BKN,22400663181,8870,0,1626156|1627732|1630533|1630549|1630592,1,REG,2025,1629610,12.0,SG,Helper,-0.196662794488886,Williams 25' 3PT Jump Shot (3 PTS) (Russell 3 AST),SF,Movement Shooter,-1.223701293060566,1626156.0
Shot Chart Detail,22400663,208,1630533,Ziaire Williams,1610612751,Brooklyn Nets,2,7,50,Made Shot,Layup Shot,2PT Field Goal,Restricted Area,Center(C),Less Than 8 ft.,1,18,8,1,1,20250129,CHA,BKN,22400663208,9700,0,1626156|1627732|1630533|1630549|1630592,1,REG,2025,203995,12.0,PG,Chaser,-1.1715941925758229,Williams 2' Layup (5 PTS) (Sharpe 1 AST),SF,Movement Shooter,-1.223701293060566,1630549.0
Shot Chart Detail,22400663,275,1630533,Ziaire Williams,1610612751,Brooklyn Nets,2,3,25,Missed Shot,Jump Shot,3PT Field Goal,Above the Break 3,Right Side Center(RC),24+ ft.,25,158,199,1,0,20250129,CHA,BKN,22400663275,12350,0,1626156|1629651|1630533|1630592|1641787,0,REG,2025,1631217,9.0,C,Mobile Big,0.757560413519071,MISS Williams 25' 3PT Jump Shot,SF,Movement Shooter,-1.223701293060566,
Shot Chart Detail,22400663,279,1630533,Ziaire Williams,1610612751,Brooklyn Nets,2,3,9,Made Shot,Running Layup Shot,2PT Field Goal,Restricted Area,Center(C),Less Than 8 ft.,1,-11,8,1,1,20250129,CHA,BKN,22400663279,12510,0,1626156|1629651|1630533|1630592|1641787,1,REG,2025,1629006,11.0,SG,Wing Stopper,0.7415747228337058,Williams 1' Running Layup (7 PTS) (Russell 4 AST),SF,Movement Shooter,-1.223701293060566,1626156.0
Shot Chart Detail,22400663,351,1630533,Ziaire Williams,1610612751,Brooklyn Nets,3,10,12,Made Shot,Jump Shot,3PT Field Goal,Above the Break 3,Right Side Center(RC),24+ ft.,25,157,207,1,1,20250129,CHA,BKN,22400663351,15480,0,1626156|1629651|1630533|1630553|1630592,1,REG,2025,201959,18.0,C,Anchor Big,1.027762803800606,Williams 26' 3PT Jump Shot (10 PTS) (Russell 5 AST),SF,Movement Shooter,-1.223701293060566,1626156.0
Shot Chart Detail,22400663,357,1630533,Ziaire Williams,1610612751,Brooklyn Nets,3,9,45,Missed Shot,Driving Layup Shot,2PT Field Goal,Restricted Area,Center(C),Less Than 8 ft.,1,17,8,1,0,20250129,CHA,BKN,22400663357,15750,0,1626156|1629651|1630533|1630553|1630592,0,REG,2025,201959,16.0,C,Anchor Big,1.027762803800606,Gibson BLOCK (3 BLK),SF,Movement Shooter,-1.223701293060566,
Shot Chart Detail,22400663,447,1630533,Ziaire Williams,1610612751,Brooklyn Nets,3,3,55,Made Shot,Pullup Jump shot,3PT Field Goal,Above the Break 3,Left Side Center(LC),24+ ft.,29,-194,228,1,1,20250129,CHA,BKN,22400663447,19250,0,1627732|1630533|1630570|1630592|1641787,0,REG,2025,1631217,17.0,C,Mobile Big,0.757560413519071,Williams 30' 3PT Pullup Jump Shot (13 PTS),SF,Movement Shooter,-1.223701293060566,
Shot Chart Detail,22400689,50,1630533,Ziaire Williams,1610612751,Brooklyn Nets,1,6,46,Missed Shot,Jump Shot,3PT Field Goal,Above the Break 3,Right Side Center(RC),24+ ft.,26,202,171,1,0,20250201,HOU,BKN,2240068950,3140,0,1626156|1629651|1630533|1630553|1630592,0,REG,2025,1627832,2.0,PG,Point of Attack,0.7033444587699375,MISS Williams 26' 3PT Jump Shot,SF,Movement Shooter,-1.223701293060566,
Shot Chart Detail,22400689,81,1630533,Ziaire Williams,1610612751,Brooklyn Nets,1,4,9,Missed Shot,Jump Shot,3PT Field Goal,Left Corner 3,Left Side(L),24+ ft.,22,-228,-12,1,0,20250201,HOU,BKN,2240068981,4710,0,1627732|1630533|1630549|1630592|1641787,0,REG,2025,1631106,0.0,PF,Wing Stopper,1.592619435365759,MISS Williams 3PT Jump Shot,SF,Movement Shooter,-1.223701293060566,
Shot Chart Detail,22400689,260,1630533,Ziaire Williams,1610612751,Brooklyn Nets,2,4,26,Made Shot,Putback Layup Shot,2PT Field Goal,Restricted Area,Center(C),Less Than 8 ft.,0,1,9,1,1,20250201,HOU,BKN,22400689260,11740,0,1626156|1629651|1630533|1630553|1630592,0,REG,2025,1630224|1631106,7.0,,,,,SF,Movement Shooter,-1.223701293060566,
Shot Chart Detail,22400689,274,1630533,Ziaire Williams,1610612751,Brooklyn Nets,2,3,31,Made Shot,Putback Layup Shot,2PT Field Goal,Restricted Area,Center(C),Less Than 8 ft.,3,20,31,1,1,20250201,HOU,BKN,22400689274,12290,0,1626156|1629651|1630533|1630553|1630592,0,REG,2025,1630224,6.0,SG,Chaser,-0.4311015971565015,Williams 4' Putback Layup (4 PTS),SF,Movement Shooter,-1.223701293060566,
Shot Chart Detail,22400689,279,1630533,Ziaire Williams,1610612751,Brooklyn Nets,2,2,35,Made Shot,Running Alley Oop Dunk Shot,2PT Field Goal,Restricted Area,Center(C),Less Than 8 ft.,2,6,21,1,1,20250201,HOU,BKN,22400689279,12850,0,1626156|1629651|1630533|1630553|1630592,1,REG,2025,1628988,10.0,PG,Point of Attack,-0.4268533634665963,Williams 2' Running Alley Oop Dunk Shot (6 PTS) (Johnson 4 AST),SF,Movement Shooter,-1.223701293060566,1630553.0
Shot Chart Detail,22400689,358,1630533,Ziaire Williams,1610612751,Brooklyn Nets,3,8,44,Made Shot,Running Jump Shot,3PT Field Goal,Above the Break 3,Right Side Center(RC),24+ ft.,25,88,242,1,1,20250201,HOU,BKN,22400689358,16360,0,1626156|1629651|1630533|1630553|1630592,1,REG,2025,1641708,14.0,SF,Point of Attack,1.7624847777185322,Williams 26' 3PT Running Jump Shot (9 PTS) (Russell 2 AST),SF,Movement Shooter,-1.223701293060566,1626156.0
Shot Chart Detail,22400689,388,1630533,Ziaire Williams,1610612751,Brooklyn Nets,3,6,38,Made Shot,Turnaround Fadeaway shot,2PT Field Goal,In The Paint (Non-RA),Center(C),8-16 ft.,10,-1,104,1,1,20250201,HOU,BKN,22400689388,17620,0,1627732|1629651|1630533|1630592|1641787,0,REG,2025,1630224,17.0,SG,Chaser,-0.4311015971565015,Williams 10' Turnaround Fadeaway (11 PTS),SF,Movement Shooter,-1.223701293060566,
Shot Chart Detail,22400689,406,1630533,Ziaire Williams,1610612751,Brooklyn Nets,3,4,19,Missed Shot,Step Back Jump shot,3PT Field Goal,Above the Break 3,Right Side Center(RC),24+ ft.,26,189,179,1,0,20250201,HOU,BKN,22400689406,19010,0,1627732|1629651|1630533|1630592|1641787,0,REG,2025,1628988,15.0,PG,Point of Attack,-0.4268533634665963,MISS Williams 26' 3PT Step Back Jump Shot,SF,Movement Shooter,-1.223701293060566,
Shot Chart Detail,22400689,411,1630533,Ziaire Williams,1610612751,Brooklyn Nets,3,3,38,Missed Shot,Cutting Layup Shot,2PT Field Goal,In The Paint (Non-RA),Center(C),Less Than 8 ft.,4,-25,36,1,0,20250201,HOU,BKN,22400689411,19420,0,1627732|1629651|1630533|1630592|1641787,0,REG,2025,1641708,17.0,SF,Point of Attack,1.7624847777185322,MISS Williams 4' Cutting Layup Shot,SF,Movement Shooter,-1.223701293060566,
Shot Chart Detail,22400689,413,1630533,Ziaire Williams,1610612751,Brooklyn Nets,3,3,36,Made Shot,Tip Layup Shot,2PT Field Goal,Restricted Area,Center(C),Less Than 8 ft.,0,0,0,1,1,20250201,HOU,BKN,22400689413,19440,0,1627732|1630549|1630553|1630570|1641787,0,REG,2025,1641708|201145,19.0,,,,,SF,Movement Shooter,-1.223701293060566,
Shot Chart Detail,22400689,519,1630533,Ziaire Williams,1610612751,Brooklyn Nets,4,9,49,Missed Shot,Jump Shot,3PT Field Goal,Above the Break 3,Left Side Center(LC),24+ ft.,27,-200,195,1,0,20250201,HOU,BKN,22400689519,22910,0,1627732|1630533|1630549|1630570|1641787,0,REG,2025,1641708,19.0,SF,Point of Attack,1.7624847777185322,MISS Williams 28' 3PT Jump Shot,SF,Movement Shooter,-1.223701293060566,
Shot Chart Detail,22400689,586,1630533,Ziaire Williams,1610612751,Brooklyn Nets,4,4,49,Missed Shot,Driving Floating Jump Shot,2PT Field Goal,Restricted Area,Center(C),Less Than 8 ft.,3,25,23,1,0,20250201,HOU,BKN,22400689586,25910,0,1627732|1629651|1630533|1630553|1630592,0,REG,2025,1628415,15.0,SF,Wing Stopper,-0.1549225331868106,Sheppard BLOCK (1 BLK),SF,Movement Shooter,-1.223701293060566,
Shot Chart Detail,22400689,595,1630533,Ziaire Williams,1610612751,Brooklyn Nets,4,4,29,Missed Shot,Driving Floating Jump Shot,2PT Field Goal,In The Paint (Non-RA),Center(C),Less Than 8 ft.,6,58,18,1,0,20250201,HOU,BKN,22400689595,26110,0,1626156|1629651|1630533|1630553|1630592,0,REG,2025,1631106,13.0,PF,Wing Stopper,1.592619435365759,MISS Williams 6' Driving Floating Jump Shot,SF,Movement Shooter,-1.223701293060566,
Shot Chart Detail,22400689,603,1630533,Ziaire Williams,1610612751,Brooklyn Nets,4,3,53,Made Shot,Driving Dunk Shot,2PT Field Goal,Restricted Area,Center(C),Less Than 8 ft.,2,-7,21,1,1,20250201,HOU,BKN,22400689603,26470,0,1626156|1629651|1630533|1630553|1630592,1,REG,2025,1641708,15.0,SF,Point of Attack,1.7624847777185322,Williams 2' Driving Dunk (15 PTS) (Russell 3 AST),SF,Movement Shooter,-1.223701293060566,1626156.0
Shot Chart Detail,22400689,629,1630533,Ziaire Williams,1610612751,Brooklyn Nets,4,1,31,Made Shot,Jump Shot,3PT Field Goal,Above the Break 3,Right Side Center(RC),24+ ft.,26,207,173,1,1,20250201,HOU,BKN,22400689629,27890,0,1626156|1629651|1630533|1630553|1630592,1,REG,2025,1631106,13.0,PF,Wing Stopper,1.592619435365759,Williams 27' 3PT Jump Shot (18 PTS) (Johnson 5 AST),SF,Movement Shooter,-1.223701293060566,1630553.0
Shot Chart Detail,22400711,29,1630533,Ziaire Williams,1610612751,Brooklyn Nets,1,8,53,Missed Shot,Pullup Jump shot,2PT Field Goal,Mid-Range,Right Side(R),8-16 ft.,11,115,24,1,0,20250204,BKN,HOU,2240071129,1870,0,1626156|1629651|1630533|1630553|1630592,0,REG,2025,1641708,-5.0,SF,Point of Attack,1.7624847777185322,MISS Williams 12' Pullup Jump Shot,SF,Movement Shooter,-1.223701293060566,
Shot Chart Detail,22400711,64,1630533,Ziaire Williams,1610612751,Brooklyn Nets,1,5,56,Missed Shot,Jump Shot,3PT Field Goal,Above the Break 3,Right Side Center(RC),24+ ft.,24,196,152,1,0,20250204,BKN,HOU,2240071164,3640,0,1629651|1630533|1630553|1630592|1641736,0,REG,2025,1630224,1.0,SG,Chaser,-0.4311015971565015,MISS Williams 25' 3PT Jump Shot,SF,Movement Shooter,-1.223701293060566,
Shot Chart Detail,22400711,356,1630533,Ziaire Williams,1610612751,Brooklyn Nets,3,11,21,Made Shot,Jump Shot,3PT Field Goal,Right Corner 3,Right Side(R),24+ ft.,22,224,37,1,1,20250204,BKN,HOU,22400711356,14790,0,1626156|1629651|1630533|1630553|1630592,1,REG,2025,1630224,-1.0,SG,Chaser,-0.4311015971565015,Williams 3PT Jump Shot (5 PTS) (Wilson 1 AST),SF,Movement Shooter,-1.223701293060566,1630592.0
Shot Chart Detail,22400711,604,1630533,Ziaire Williams,1610612751,Brooklyn Nets,4,4,12,Missed Shot,Jump Shot,3PT Field Goal,Above the Break 3,Left Side Center(LC),24+ ft.,26,-91,244,1,0,20250204,BKN,HOU,22400711604,26280,0,1629651|1630533|1630553|1630570|1641736,0,REG,2025,1628415,2.0,SF,Wing Stopper,-0.1549225331868106,MISS Williams 26' 3PT Jump Shot,SF,Movement Shooter,-1.223701293060566,
Shot Chart Detail,22400711,653,1630533,Ziaire Williams,1610612751,Brooklyn Nets,4,0,47,Made Shot,Running Jump Shot,3PT Field Goal,Left Corner 3,Left Side(L),24+ ft.,23,-234,31,1,1,20250204,BKN,HOU,22400711653,28330,0,1626156|1629651|1630533|1630553|1641787,1,REG,2025,1641708,-1.0,SF,Point of Attack,1.7624847777185322,Williams 24' 3PT Running Jump Shot (8 PTS) (Russell 5 AST),SF,Movement Shooter,-1.223701293060566,1626156.0
Shot Chart Detail,22400720,34,1630533,Ziaire Williams,1610612751,Brooklyn Nets,1,9,30,Missed Shot,Driving Floating Jump Shot,2PT Field Goal,In The Paint (Non-RA),Center(C),Less Than 8 ft.,5,10,58,1,0,20250205,BKN,WAS,2240072034,1500,0,1626156|1629651|1629661|1630533|1630553,0,REG,2025,1629673,-6.0,SG,Low Activity,-2.0266257671249024,MISS Williams 6' Driving Floating Jump Shot,SF,Movement Shooter,-1.223701293060566,
Shot Chart Detail,22400720,36,1630533,Ziaire Williams,1610612751,Brooklyn Nets,1,9,28,Missed Shot,Tip Layup Shot,2PT Field Goal,Restricted Area,Center(C),Less Than 8 ft.,0,0,0,1,0,20250205,BKN,WAS,2240072036,1520,0,1626156|1629651|1629661|1630533|1630553,0,REG,2025,1629673,-6.0,SG,Low Activity,-2.0266257671249024,MISS Williams Tip Layup Shot,SF,Movement Shooter,-1.223701293060566,
Shot Chart Detail,22400720,246,1630533,Ziaire Williams,1610612751,Brooklyn Nets,2,6,21,Missed Shot,Running Jump Shot,3PT Field Goal,Above the Break 3,Right Side Center(RC),24+ ft.,24,195,146,1,0,20250205,BKN,WAS,22400720246,10590,0,1627732|1630533|1630549|1630553|1630592,0,REG,2025,1642273,0.0,SG,Helper,-0.1232784624481297,MISS Williams 24' 3PT Running Jump Shot,SF,Movement Shooter,-1.223701293060566,
Shot Chart Detail,22400720,268,1630533,Ziaire Williams,1610612751,Brooklyn Nets,2,4,24,Missed Shot,Driving Layup Shot,2PT Field Goal,Restricted Area,Center(C),Less Than 8 ft.,3,-34,20,1,0,20250205,BKN,WAS,22400720268,11760,0,1627732|1630533|1630549|1630553|1630592,0,REG,2025,1641731,-1.0,SF,Point of Attack,-0.8607855764356039,MISS Williams 4' Driving Layup,SF,Movement Shooter,-1.223701293060566,
Shot Chart Detail,22400720,303,1630533,Ziaire Williams,1610612751,Brooklyn Nets,2,1,58,Missed Shot,Jump Shot,3PT Field Goal,Right Corner 3,Right Side(R),24+ ft.,22,223,2,1,0,20250205,BKN,WAS,22400720303,13220,0,1626156|1629651|1629661|1630533|1630553,0,REG,2025,1629673,0.0,SG,Low Activity,-2.0266257671249024,MISS Williams 3PT Jump Shot,SF,Movement Shooter,-1.223701293060566,
Shot Chart Detail,22400720,353,1630533,Ziaire Williams,1610612751,Brooklyn Nets,3,11,22,Made Shot,Running Layup Shot,2PT Field Goal,Restricted Area,Center(C),Less Than 8 ft.,3,-29,-8,1,1,20250205,BKN,WAS,22400720353,14780,0,1626156|1629651|1629661|1630533|1630553,1,REG,2025,,,,,,,SF,Movement Shooter,-1.223701293060566,1630553.0
Shot Chart Detail,22400720,391,1630533,Ziaire Williams,1610612751,Brooklyn Nets,3,7,43,Missed Shot,Jump Shot,3PT Field Goal,Above the Break 3,Right Side Center(RC),24+ ft.,24,228,89,1,0,20250205,BKN,WAS,22400720391,16970,0,1626156|1629651|1629661|1630533|1630553,0,REG,2025,1629673,-3.0,SG,Low Activity,-2.0266257671249024,MISS Williams 24' 3PT Jump Shot,SF,Movement Shooter,-1.223701293060566,
Shot Chart Detail,22400720,398,1630533,Ziaire Williams,1610612751,Brooklyn Nets,3,7,3,Missed Shot,Reverse Layup Shot,2PT Field Goal,Restricted Area,Center(C),Less Than 8 ft.,3,-32,14,1,0,20250205,BKN,WAS,22400720398,17370,0,1626156|1629651|1629661|1630533|1630553,0,REG,2025,1642273,-6.0,SG,Helper,-0.1232784624481297,MISS Williams 3' Reverse Layup,SF,Movement Shooter,-1.223701293060566,
Shot Chart Detail,22400737,51,1630533,Ziaire Williams,1610612751,Brooklyn Nets,1,7,50,Missed Shot,Jump Shot,3PT Field Goal,Right Corner 3,Right Side(R),24+ ft.,24,230,87,1,0,20250207,BKN,MIA,2240073751,2500,0,1626156|1629651|1629661|1630533|1630553,0,REG,2025,1629312,-6.0,SF,Point of Attack,1.0227755186491836,MISS Williams 25' 3PT Jump Shot,SF,Movement Shooter,-1.223701293060566,
Shot Chart Detail,22400737,76,1630533,Ziaire Williams,1610612751,Brooklyn Nets,1,6,4,Made Shot,Jump Shot,3PT Field Goal,Above the Break 3,Left Side Center(LC),24+ ft.,27,-206,178,1,1,20250207,BKN,MIA,2240073776,3560,0,1629651|1629661|1630533|1630570|1630592,1,REG,2025,1629312,-6.0,SF,Point of Attack,1.0227755186491836,Williams 27' 3PT Jump Shot (3 PTS) (Watford 1 AST),SF,Movement Shooter,-1.223701293060566,1630570.0
Shot Chart Detail,22400737,300,1630533,Ziaire Williams,1610612751,Brooklyn Nets,2,2,53,Missed Shot,Running Jump Shot,3PT Field Goal,Above the Break 3,Right Side Center(RC),24+ ft.,26,179,189,1,0,20250207,BKN,MIA,22400737300,12670,0,1626156|1629651|1629661|1630533|1630553,0,REG,2025,1641796,-8.0,SG,Chaser,0.46236190101845,MISS Williams 26' 3PT Running Jump Shot,SF,Movement Shooter,-1.223701293060566,
Shot Chart Detail,22400737,308,1630533,Ziaire Williams,1610612751,Brooklyn Nets,2,2,16,Made Shot,Jump Shot,3PT Field Goal,Left Corner 3,Left Side(L),24+ ft.,22,-228,-15,1,1,20250207,BKN,MIA,22400737308,13040,0,1626156|1629651|1629661|1630533|1630553,1,REG,2025,1631107,-5.0,PF,Helper,0.4073679555845172,Williams 3PT Jump Shot (6 PTS) (C. Johnson 1 AST),SF,Movement Shooter,-1.223701293060566,1629661.0
Shot Chart Detail,22400737,534,1630533,Ziaire Williams,1610612751,Brooklyn Nets,4,10,23,Made Shot,Putback Layup Shot,2PT Field Goal,In The Paint (Non-RA),Right Side(R),8-16 ft.,8,74,38,1,1,20250207,BKN,MIA,22400737534,22570,0,1626156|1630533|1630549|1631213|1641787,0,REG,2025,1631170,-4.0,SF,Helper,0.3853304031939498,Williams 8' Putback Layup (8 PTS),SF,Movement Shooter,-1.223701293060566,
Shot Chart Detail,22400737,627,1630533,Ziaire Williams,1610612751,Brooklyn Nets,4,3,19,Missed Shot,Jump Shot,3PT Field Goal,Above the Break 3,Center(C),24+ ft.,25,-72,246,1,0,20250207,BKN,MIA,22400737627,26810,0,1629651|1629661|1630533|1630553|1630570,0,REG,2025,1641796,11.0,SG,Chaser,0.46236190101845,MISS Williams 26' 3PT Jump Shot,SF,Movement Shooter,-1.223701293060566,
Shot Chart Detail,22400758,68,1630533,Ziaire Williams,1610612751,Brooklyn Nets,1,8,36,Made Shot,Jump Shot,3PT Field Goal,Above the Break 3,Right Side Center(RC),24+ ft.,25,175,185,1,1,20250210,BKN,CHA,2240075868,2040,0,1626156|1629651|1629661|1630533|1630553,1,REG,2025,1628970,0.0,PF,Wing Stopper,-0.8078097609390652,Williams 25' 3PT Jump Shot (3 PTS) (Russell 1 AST),SF,Movement Shooter,-1.223701293060566,1626156.0
Shot Chart Detail,22400758,114,1630533,Ziaire Williams,1610612751,Brooklyn Nets,1,6,25,Made Shot,Driving Dunk Shot,2PT Field Goal,Restricted Area,Center(C),Less Than 8 ft.,1,7,16,1,1,20250210,BKN,CHA,22400758114,3350,0,1629651|1629661|1630533|1630553|1630570,0,REG,2025,,,,,,,SF,Movement Shooter,-1.223701293060566,
Shot Chart Detail,22400758,293,1630533,Ziaire Williams,1610612751,Brooklyn Nets,2,9,43,Missed Shot,Jump Shot,3PT Field Goal,Right Corner 3,Right Side(R),24+ ft.,23,235,46,1,0,20250210,BKN,CHA,22400758293,8570,0,1626156|1630533|1630549|1631213|1641787,0,REG,2025,1641733,4.0,SG,Chaser,-1.7417650746571605,MISS Williams 24' 3PT Jump Shot,SF,Movement Shooter,-1.223701293060566,
Shot Chart Detail,22400758,303,1630533,Ziaire Williams,1610612751,Brooklyn Nets,2,9,3,Made Shot,Jump Shot,3PT Field Goal,Above the Break 3,Right Side Center(RC),24+ ft.,25,189,175,1,1,20250210,BKN,CHA,22400758303,8970,0,1630533|1630549|1630570|1631213|1641787,1,REG,2025,1641733,5.0,SG,Chaser,-1.7417650746571605,Williams 26' 3PT Jump Shot (10 PTS) (Martin 3 AST),SF,Movement Shooter,-1.223701293060566,1631213.0
Shot Chart Detail,22400758,436,1630533,Ziaire Williams,1610612751,Brooklyn Nets,3,10,22,Missed Shot,Running Layup Shot,2PT Field Goal,Restricted Area,Center(C),Less Than 8 ft.,2,-27,9,1,0,20250210,BKN,CHA,22400758436,15380,0,1626156|1629651|1629661|1630533|1630553,0,REG,2025,1641733,13.0,SG,Chaser,-1.7417650746571605,MISS Williams 3' Running Layup,SF,Movement Shooter,-1.223701293060566,
Shot Chart Detail,22400758,479,1630533,Ziaire Williams,1610612751,Brooklyn Nets,3,7,32,Missed Shot,Jump Shot,3PT Field Goal,Above the Break 3,Right Side Center(RC),24+ ft.,25,186,176,1,0,20250210,BKN,CHA,22400758479,17080,0,1626156|1629651|1629661|1630533|1630553,0,REG,2025,1628970,13.0,PF,Wing Stopper,-0.8078097609390652,MISS Williams 26' 3PT Jump Shot,SF,Movement Shooter,-1.223701293060566,
Shot Chart Detail,22400758,645,1630533,Ziaire Williams,1610612751,Brooklyn Nets,4,8,10,Missed Shot,Pullup Jump shot,2PT Field Goal,Mid-Range,Left Side(L),8-16 ft.,12,-98,83,1,0,20250210,BKN,CHA,22400758645,23900,0,1629661|1630533|1630549|1630570|1641787,0,REG,2025,1628970|1642275,16.0,,,,,SF,Movement Shooter,-1.223701293060566,
Shot Chart Detail,22400758,661,1630533,Ziaire Williams,1610612751,Brooklyn Nets,4,7,43,Missed Shot,Jump Shot,3PT Field Goal,Left Corner 3,Left Side(L),24+ ft.,23,-234,4,1,0,20250210,BKN,CHA,22400758661,24170,0,1629661|1630533|1630549|1630570|1641787,0,REG,2025,1642354,17.0,PG,Point of Attack,-0.6466666037210771,MISS Williams 3PT Jump Shot,SF,Movement Shooter,-1.223701293060566,
Shot Chart Detail,22400772,179,1630533,Ziaire Williams,1610612751,Brooklyn Nets,2,10,49,Made Shot,Running Layup Shot,2PT Field Goal,Restricted Area,Center(C),Less Than 8 ft.,2,-22,13,1,1,20250212,BKN,PHI,22400772179,7910,0,1626156|1630533|1630549|1631213|1641787,1,REG,2025,1630215,4.0,SG,Point of Attack,-0.8148005966118943,Williams 3' Running Layup (2 PTS) (Russell 1 AST),SF,Movement Shooter,-1.223701293060566,1626156.0
Shot Chart Detail,22400772,188,1630533,Ziaire Williams,1610612751,Brooklyn Nets,2,10,20,Missed Shot,Jump Shot,3PT Field Goal,Above the Break 3,Right Side Center(RC),24+ ft.,25,207,154,1,0,20250212,BKN,PHI,22400772188,8200,0,1626156|1630533|1630549|1631213|1641787,0,REG,2025,1629656,5.0,SG,Chaser,-0.9549438896275974,MISS Williams 26' 3PT Jump Shot,SF,Movement Shooter,-1.223701293060566,
Shot Chart Detail,22400772,194,1630533,Ziaire Williams,1610612751,Brooklyn Nets,2,9,44,Missed Shot,Pullup Jump shot,2PT Field Goal,Mid-Range,Right Side(R),8-16 ft.,15,135,76,1,0,20250212,BKN,PHI,22400772194,8560,0,1626156|1630533|1630549|1631213|1641787,0,REG,2025,1629656,7.0,SG,Chaser,-0.9549438896275974,MISS Williams 15' Pullup Jump Shot,SF,Movement Shooter,-1.223701293060566,
Shot Chart Detail,22400772,215,1630533,Ziaire Williams,1610612751,Brooklyn Nets,2,8,36,Made Shot,Jump Shot,3PT Field Goal,Left Corner 3,Left Side(L),24+ ft.,24,-243,17,1,1,20250212,BKN,PHI,22400772215,9240,0,1626156|1629651|1630533|1631213|1641787,1,REG,2025,1630215,7.0,SG,Point of Attack,-0.8148005966118943,Williams 24' 3PT Jump Shot (6 PTS) (Russell 2 AST),SF,Movement Shooter,-1.223701293060566,1626156.0
Shot Chart Detail,22400772,338,1630533,Ziaire Williams,1610612751,Brooklyn Nets,3,11,29,Missed Shot,Running Jump Shot,3PT Field Goal,Left Corner 3,Left Side(L),24+ ft.,22,-222,17,1,0,20250212,BKN,PHI,22400772338,14710,0,1626156|1629651|1629661|1630533|1630553,0,REG,2025,1627824,4.0,C,Mobile Big,-1.1338069590685516,MISS Williams 3PT Running Jump Shot,SF,Movement Shooter,-1.223701293060566,
Shot Chart Detail,22400772,342,1630533,Ziaire Williams,1610612751,Brooklyn Nets,3,11,2,Missed Shot,Jump Shot,3PT Field Goal,Right Corner 3,Right Side(R),24+ ft.,22,224,10,1,0,20250212,BKN,PHI,22400772342,14980,0,1626156|1629651|1629661|1630533|1630553,0,REG,2025,202331,2.0,PF,Helper,-0.083430987481401,MISS Williams 3PT Jump Shot,SF,Movement Shooter,-1.223701293060566,
Shot Chart Detail,22400791,26,1630533,Ziaire Williams,1610612751,Brooklyn Nets,1,10,28,Missed Shot,Jump Shot,3PT Field Goal,Right Corner 3,Right Side(R),24+ ft.,22,224,-5,1,0,20250220,BKN,CLE,2240079126,920,0,1626156|1629651|1629661|1630533|1630553,0,REG,2025,1629636,-3.0,PG,Point of Attack,-0.7882593873424613,MISS Williams 3PT Jump Shot,SF,Movement Shooter,-1.223701293060566,
Shot Chart Detail,22400791,63,1630533,Ziaire Williams,1610612751,Brooklyn Nets,1,7,46,Missed Shot,Jump Shot,3PT Field Goal,Left Corner 3,Left Side(L),24+ ft.,23,-237,-18,1,0,20250220,BKN,CLE,2240079163,2540,0,1626156|1629651|1629661|1630533|1630553,0,REG,2025,1630596,-4.0,PF,Mobile Big,1.7315342260498177,MISS Williams 24' 3PT Jump Shot,SF,Movement Shooter,-1.223701293060566,
Shot Chart Detail,22400791,78,1630533,Ziaire Williams,1610612751,Brooklyn Nets,1,7,8,Made Shot,Running Layup Shot,2PT Field Goal,Restricted Area,Center(C),Less Than 8 ft.,1,-13,4,1,1,20250220,BKN,CLE,2240079178,2920,0,1629651|1629661|1630165|1630533|1630553,1,REG,2025,1629622,-2.0,SF,Wing Stopper,-0.311477835612477,Williams 1' Running Layup (2 PTS) (K. Johnson 1 AST),SF,Movement Shooter,-1.223701293060566,1630553.0
Shot Chart Detail,22400791,106,1630533,Ziaire Williams,1610612751,Brooklyn Nets,1,4,42,Made Shot,Jump Shot,3PT Field Goal,Above the Break 3,Right Side Center(RC),24+ ft.,24,165,187,1,1,20250220,BKN,CLE,22400791106,4380,0,1629651|1630165|1630533|1630553|1630592,1,REG,2025,1629631,1.0,SF,Wing Stopper,-0.7279107360767546,Williams 25' 3PT Jump Shot (5 PTS) (Hayes 1 AST),SF,Movement Shooter,-1.223701293060566,1630165.0
Shot Chart Detail,22400791,378,1630533,Ziaire Williams,1610612751,Brooklyn Nets,2,0,43,Made Shot,Running Dunk Shot,2PT Field Goal,Restricted Area,Center(C),Less Than 8 ft.,1,-1,11,1,1,20250220,BKN,CLE,22400791378,13970,0,1626156|1629651|1629661|1630533|1630570,0,REG,2025,,,,,,,SF,Movement Shooter,-1.223701293060566,
Shot Chart Detail,22400791,545,1630533,Ziaire Williams,1610612751,Brooklyn Nets,3,1,35,Missed Shot,Jump Shot,3PT Field Goal,Above the Break 3,Right Side Center(RC),24+ ft.,24,199,148,1,0,20250220,BKN,CLE,22400791545,20650,0,1630533|1630549|1630570|1630592|1631213,0,REG,2025,1628378,-7.0,SG,Chaser,-0.336167717062668,MISS Williams 25' 3PT Jump Shot,SF,Movement Shooter,-1.223701293060566,
Shot Chart Detail,22400791,590,1630533,Ziaire Williams,1610612751,Brooklyn Nets,4,9,44,Missed Shot,Jump Shot,3PT Field Goal,Right Corner 3,Right Side(R),24+ ft.,22,229,-13,1,0,20250220,BKN,CLE,22400791590,22960,0,1629651|1629661|1630533|1630570|1630592,0,REG,2025,1628378,-10.0,SG,Chaser,-0.336167717062668,MISS Williams 3PT Jump Shot,SF,Movement Shooter,-1.223701293060566,
Shot Chart Detail,22400791,681,1630533,Ziaire Williams,1610612751,Brooklyn Nets,4,4,49,Missed Shot,Jump Shot,3PT Field Goal,Right Corner 3,Right Side(R),24+ ft.,23,230,2,1,0,20250220,BKN,CLE,22400791681,25910,0,1629651|1629661|1630533|1630553|1630570,0,REG,2025,1629636,-15.0,PG,Point of Attack,-0.7882593873424613,MISS Williams 3PT Jump Shot,SF,Movement Shooter,-1.223701293060566,
Shot Chart Detail,22400791,693,1630533,Ziaire Williams,1610612751,Brooklyn Nets,4,3,45,Missed Shot,Jump Shot,3PT Field Goal,Above the Break 3,Left Side Center(LC),24+ ft.,26,-151,221,1,0,20250220,BKN,CLE,22400791693,26550,0,1629651|1629661|1630533|1630553|1630570,0,REG,2025,1630241,-19.0,SG,Chaser,0.0773270697649379,MISS Williams 27' 3PT Jump Shot,SF,Movement Shooter,-1.223701293060566,
Shot Chart Detail,22400807,52,1630533,Ziaire Williams,1610612751,Brooklyn Nets,1,7,24,Made Shot,Driving Floating Bank Jump Shot,2PT Field Goal,In The Paint (Non-RA),Right Side(R),8-16 ft.,8,75,41,1,1,20250222,PHI,BKN,2240080752,2760,0,1629651|1629661|1630165|1630533|1630553,0,REG,2025,203954,1.0,C,Anchor Big,-0.4059027126108747,Williams 9' Driving Floating Bank Jump Shot (2 PTS),SF,Movement Shooter,-1.223701293060566,
Shot Chart Detail,22400807,64,1630533,Ziaire Williams,1610612751,Brooklyn Nets,1,6,27,Made Shot,Running Jump Shot,3PT Field Goal,Left Corner 3,Left Side(L),24+ ft.,23,-235,-8,1,1,20250222,PHI,BKN,2240080764,3330,0,1629651|1629661|1630165|1630533|1630553,1,REG,2025,,,,,,,SF,Movement Shooter,-1.223701293060566,1629661.0
Shot Chart Detail,22400807,243,1630533,Ziaire Williams,1610612751,Brooklyn Nets,2,6,57,Made Shot,Putback Layup Shot,2PT Field Goal,Restricted Area,Center(C),Less Than 8 ft.,3,-10,33,1,1,20250222,PHI,BKN,22400807243,10230,0,1629651|1629661|1630165|1630533|1630592,0,REG,2025,1626162,11.0,SF,Helper,-0.6398395679320051,Williams 3' Putback Layup (8 PTS),SF,Movement Shooter,-1.223701293060566,
Shot Chart Detail,22400807,261,1630533,Ziaire Williams,1610612751,Brooklyn Nets,2,5,50,Missed Shot,Jump Shot,3PT Field Goal,Above the Break 3,Left Side Center(LC),24+ ft.,27,-196,194,1,0,20250222,PHI,BKN,22400807261,10900,0,1629651|1629661|1630165|1630533|1630592,0,REG,2025,1626162,9.0,SF,Helper,-0.6398395679320051,MISS Williams 28' 3PT Jump Shot,SF,Movement Shooter,-1.223701293060566,
Shot Chart Detail,22400807,299,1630533,Ziaire Williams,1610612751,Brooklyn Nets,2,3,45,Made Shot,Jump Shot,3PT Field Goal,Above the Break 3,Left Side Center(LC),24+ ft.,27,-208,185,1,1,20250222,PHI,BKN,22400807299,12150,0,1629651|1629661|1630165|1630533|1630553,1,REG,2025,1626162,15.0,SF,Helper,-0.6398395679320051,Williams 28' 3PT Jump Shot (11 PTS) (K. Johnson 2 AST),SF,Movement Shooter,-1.223701293060566,1630553.0
Shot Chart Detail,22400807,355,1630533,Ziaire Williams,1610612751,Brooklyn Nets,3,10,37,Missed Shot,Running Jump Shot,3PT Field Goal,Above the Break 3,Left Side Center(LC),24+ ft.,25,-156,205,1,0,20250222,PHI,BKN,22400807355,15230,0,1629651|1629661|1630165|1630533|1630553,0,REG,2025,202331,13.0,PF,Helper,-0.083430987481401,MISS Williams 26' 3PT Running Jump Shot,SF,Movement Shooter,-1.223701293060566,
Shot Chart Detail,22400807,380,1630533,Ziaire Williams,1610612751,Brooklyn Nets,3,8,38,Missed Shot,Jump Shot,3PT Field Goal,Above the Break 3,Right Side Center(RC),24+ ft.,24,225,106,1,0,20250222,PHI,BKN,22400807380,16420,0,1629651|1629661|1630165|1630533|1630553,0,REG,2025,,,,,,,SF,Movement Shooter,-1.223701293060566,
Shot Chart Detail,22400807,394,1630533,Ziaire Williams,1610612751,Brooklyn Nets,3,7,51,Missed Shot,Running Jump Shot,3PT Field Goal,Above the Break 3,Right Side Center(RC),24+ ft.,26,222,151,1,0,20250222,PHI,BKN,22400807394,16890,0,1629651|1629661|1630165|1630533|1630553,0,REG,2025,203954,14.0,C,Anchor Big,-0.4059027126108747,MISS Williams 27' 3PT Running Jump Shot,SF,Movement Shooter,-1.223701293060566,
Shot Chart Detail,22400807,555,1630533,Ziaire Williams,1610612751,Brooklyn Nets,4,7,53,Missed Shot,Driving Layup Shot,2PT Field Goal,Restricted Area,Center(C),Less Than 8 ft.,3,-15,26,1,0,20250222,PHI,BKN,22400807555,24070,0,1629651|1629661|1630533|1630553|1630592,0,REG,2025,1627824|1626162,5.0,,,,,SF,Movement Shooter,-1.223701293060566,
Shot Chart Detail,22400824,49,1630533,Ziaire Williams,1610612751,Brooklyn Nets,1,8,9,Made Shot,Running Jump Shot,3PT Field Goal,Left Corner 3,Left Side(L),24+ ft.,23,-239,9,1,1,20250224,WAS,BKN,2240082449,2310,0,1629651|1629661|1630165|1630533|1630553,1,REG,2025,1642273,-6.0,SG,Helper,-0.1232784624481297,Williams 24' 3PT Running Jump Shot (3 PTS) (C. Johnson 1 AST),SF,Movement Shooter,-1.223701293060566,1629661.0
Shot Chart Detail,22400824,269,1630533,Ziaire Williams,1610612751,Brooklyn Nets,2,5,29,Made Shot,Jump Shot,3PT Field Goal,Right Corner 3,Right Side(R),24+ ft.,24,234,55,1,1,20250224,WAS,BKN,22400824269,11110,0,1630165|1630533|1630549|1630553|1631213,1,REG,2025,203114,-5.0,SF,Helper,0.0880008778187741,Williams 24' 3PT Jump Shot (6 PTS) (Hayes 5 AST),SF,Movement Shooter,-1.223701293060566,1630165.0
Shot Chart Detail,22400824,342,1630533,Ziaire Williams,1610612751,Brooklyn Nets,2,0,54,Missed Shot,Step Back Jump shot,3PT Field Goal,Left Corner 3,Left Side(L),24+ ft.,23,-233,-11,1,0,20250224,WAS,BKN,22400824342,13860,0,1629651|1629661|1630533|1630592|1631213,0,REG,2025,203114,-9.0,SF,Helper,0.0880008778187741,MISS Williams 3PT Step Back Jump Shot,SF,Movement Shooter,-1.223701293060566,
Shot Chart Detail,22400824,377,1630533,Ziaire Williams,1610612751,Brooklyn Nets,3,10,32,Made Shot,Running Jump Shot,3PT Field Goal,Above the Break 3,Right Side Center(RC),24+ ft.,26,214,149,1,1,20250224,WAS,BKN,22400824377,15280,0,1629651|1629661|1630165|1630533|1630553,1,REG,2025,,,,,,,SF,Movement Shooter,-1.223701293060566,1630553.0
Shot Chart Detail,22400824,411,1630533,Ziaire Williams,1610612751,Brooklyn Nets,3,7,14,Made Shot,Jump Shot,3PT Field Goal,Right Corner 3,Right Side(R),24+ ft.,23,239,-11,1,1,20250224,WAS,BKN,22400824411,17260,0,1629651|1629661|1630165|1630533|1630553,1,REG,2025,1641731,1.0,SF,Point of Attack,-0.8607855764356039,Williams 24' 3PT Jump Shot (14 PTS) (K. Johnson 4 AST),SF,Movement Shooter,-1.223701293060566,1630553.0
Shot Chart Detail,22400824,430,1630533,Ziaire Williams,1610612751,Brooklyn Nets,3,6,10,Made Shot,Running Alley Oop Dunk Shot,2PT Field Goal,Restricted Area,Center(C),Less Than 8 ft.,3,23,21,1,1,20250224,WAS,BKN,22400824430,17900,0,1629651|1629661|1630165|1630533|1630553,1,REG,2025,1630557,3.0,SF,Low Activity,-1.7770348851164444,Williams 3' Running Alley Oop Dunk Shot (16 PTS) (Hayes 7 AST),SF,Movement Shooter,-1.223701293060566,1630165.0
Shot Chart Detail,22400824,465,1630533,Ziaire Williams,1610612751,Brooklyn Nets,3,4,7,Made Shot,Jump Shot,3PT Field Goal,Left Corner 3,Left Side(L),24+ ft.,23,-237,-15,1,1,20250224,WAS,BKN,22400824465,19130,0,1629661|1630533|1630549|1630570|1630592,1,REG,2025,1642267,7.0,PG,Point of Attack,-1.6014382047136893,Williams 24' 3PT Jump Shot (19 PTS) (Watford 2 AST),SF,Movement Shooter,-1.223701293060566,1630570.0
Shot Chart Detail,22400824,475,1630533,Ziaire Williams,1610612751,Brooklyn Nets,3,8,50,Missed Shot,Running Alley Oop Layup Shot,2PT Field Goal,Restricted Area,Center(C),Less Than 8 ft.,1,12,-1,1,0,20250224,WAS,BKN,22400824475,16300,0,1629651|1629661|1630165|1630533|1630553,0,REG,2025,203114,0.0,SF,Helper,0.0880008778187741,MISS Williams 1' Running Alley Oop Layup Shot,SF,Movement Shooter,-1.223701293060566,
Shot Chart Detail,22400824,701,1630533,Ziaire Williams,1610612751,Brooklyn Nets,4,0,29,Missed Shot,Driving Layup Shot,2PT Field Goal,In The Paint (Non-RA),Center(C),Less Than 8 ft.,5,36,41,1,0,20250224,WAS,BKN,22400824701,28510,0,1629651|1629661|1630533|1630553|1630570,0,REG,2025,1626158|203114,-6.0,,,,,SF,Movement Shooter,-1.223701293060566,
Shot Chart Detail,22400824,704,1630533,Ziaire Williams,1610612751,Brooklyn Nets,4,0,25,Missed Shot,Pullup Jump shot,3PT Field Goal,Right Corner 3,Right Side(R),24+ ft.,23,230,1,1,0,20250224,WAS,BKN,22400824704,28550,0,1629651|1629661|1630533|1630553|1630570,0,REG,2025,1626158,-6.0,PF,Anchor Big,0.9460983730754569,MISS Williams 3PT Pullup Jump Shot,SF,Movement Shooter,-1.223701293060566,
Shot Chart Detail,22400840,33,1630533,Ziaire Williams,1610612751,Brooklyn Nets,1,9,37,Missed Shot,Jump Shot,3PT Field Goal,Above the Break 3,Left Side Center(LC),24+ ft.,25,-126,227,1,0,20250226,BKN,OKC,2240084033,1430,0,1629661|1630165|1630533|1630549|1630553,0,REG,2025,1629652,4.0,SF,Point of Attack,0.7527492137493987,MISS Williams 26' 3PT Jump Shot,SF,Movement Shooter,-1.223701293060566,
Shot Chart Detail,22400840,42,1630533,Ziaire Williams,1610612751,Brooklyn Nets,1,8,34,Made Shot,Jump Shot,3PT Field Goal,Above the Break 3,Right Side Center(RC),24+ ft.,24,217,120,1,1,20250226,BKN,OKC,2240084042,2060,0,1629661|1630165|1630533|1630549|1630553,1,REG,2025,,,,,,,SF,Movement Shooter,-1.223701293060566,1630553.0
Shot Chart Detail,22400840,63,1630533,Ziaire Williams,1610612751,Brooklyn Nets,1,6,58,Missed Shot,Jump Shot,3PT Field Goal,Above the Break 3,Left Side Center(LC),24+ ft.,25,-99,236,1,0,20250226,BKN,OKC,2240084063,3020,0,1629661|1630165|1630533|1630549|1630553,0,REG,2025,1631096,10.0,C,Mobile Big,1.7331546298314084,MISS Williams 26' 3PT Jump Shot,SF,Movement Shooter,-1.223701293060566,
Shot Chart Detail,22400840,246,1630533,Ziaire Williams,1610612751,Brooklyn Nets,2,6,5,Missed Shot,Jump Shot,3PT Field Goal,Right Corner 3,Right Side(R),24+ ft.,22,224,42,1,0,20250226,BKN,OKC,22400840246,10750,0,1629661|1630165|1630533|1630549|1630553,0,REG,2025,1631096,2.0,C,Mobile Big,1.7331546298314084,MISS Williams 3PT Jump Shot,SF,Movement Shooter,-1.223701293060566,
Shot Chart Detail,22400840,306,1630533,Ziaire Williams,1610612751,Brooklyn Nets,2,3,8,Made Shot,Jump Shot,3PT Field Goal,Above the Break 3,Right Side Center(RC),24+ ft.,24,225,103,1,1,20250226,BKN,OKC,22400840306,12520,0,1629661|1630165|1630533|1630549|1630553,1,REG,2025,1641717,10.0,SG,Point of Attack,1.285608486148073,Williams 25' 3PT Jump Shot (7 PTS) (Hayes 4 AST),SF,Movement Shooter,-1.223701293060566,1630165.0
Shot Chart Detail,22400840,312,1630533,Ziaire Williams,1610612751,Brooklyn Nets,2,2,24,Made Shot,Running Jump Shot,3PT Field Goal,Left Corner 3,Left Side(L),24+ ft.,22,-227,-20,1,1,20250226,BKN,OKC,22400840312,12960,0,1629661|1630165|1630533|1630549|1630553,1,REG,2025,1628983,13.0,PG,Helper,0.8784818701389275,Williams 3PT Running Jump Shot (10 PTS) (Hayes 6 AST),SF,Movement Shooter,-1.223701293060566,1630165.0
Shot Chart Detail,22400840,360,1630533,Ziaire Williams,1610612751,Brooklyn Nets,3,11,30,Missed Shot,Driving Layup Shot,2PT Field Goal,Restricted Area,Center(C),Less Than 8 ft.,1,10,13,1,0,20250226,BKN,OKC,22400840360,14700,0,1629661|1630165|1630533|1630549|1630553,0,REG,2025,1631096|1629652,14.0,,,,,SF,Movement Shooter,-1.223701293060566,
Shot Chart Detail,22400840,370,1630533,Ziaire Williams,1610612751,Brooklyn Nets,3,10,36,Missed Shot,Jump Shot,3PT Field Goal,Above the Break 3,Right Side Center(RC),24+ ft.,24,190,158,1,0,20250226,BKN,OKC,22400840370,15240,0,1629661|1630165|1630533|1630549|1630553,0,REG,2025,1631096,11.0,C,Mobile Big,1.7331546298314084,MISS Williams 25' 3PT Jump Shot,SF,Movement Shooter,-1.223701293060566,
Shot Chart Detail,22400840,379,1630533,Ziaire Williams,1610612751,Brooklyn Nets,3,9,30,Missed Shot,Jump Shot,3PT Field Goal,Right Corner 3,Right Side(R),24+ ft.,22,224,-5,1,0,20250226,BKN,OKC,22400840379,15900,0,1629661|1630165|1630533|1630549|1630553,0,REG,2025,1631114,10.0,SG,Helper,0.9614742757633686,MISS Williams 3PT Jump Shot,SF,Movement Shooter,-1.223701293060566,
Shot Chart Detail,22400840,382,1630533,Ziaire Williams,1610612751,Brooklyn Nets,3,9,7,Missed Shot,Jump Shot,3PT Field Goal,Left Corner 3,Left Side(L),24+ ft.,23,-234,-6,1,0,20250226,BKN,OKC,22400840382,16130,0,1629661|1630165|1630533|1630549|1630553,0,REG,2025,1629652,8.0,SF,Point of Attack,0.7527492137493987,MISS Williams 3PT Jump Shot,SF,Movement Shooter,-1.223701293060566,
Shot Chart Detail,22400840,387,1630533,Ziaire Williams,1610612751,Brooklyn Nets,3,8,38,Made Shot,Jump Shot,3PT Field Goal,Right Corner 3,Right Side(R),24+ ft.,23,232,-25,1,1,20250226,BKN,OKC,22400840387,16420,0,1629661|1630165|1630533|1630549|1630553,1,REG,2025,1631096,14.0,C,Mobile Big,1.7331546298314084,Williams 3PT Jump Shot (13 PTS) (Sharpe 3 AST),SF,Movement Shooter,-1.223701293060566,1630549.0
Shot Chart Detail,22400840,395,1630533,Ziaire Williams,1610612751,Brooklyn Nets,3,8,1,Missed Shot,Jump Shot,3PT Field Goal,Above the Break 3,Center(C),24+ ft.,25,55,244,1,0,20250226,BKN,OKC,22400840395,16790,0,1629661|1630165|1630533|1630549|1630553,0,REG,2025,1631096,14.0,C,Mobile Big,1.7331546298314084,MISS Williams 25' 3PT Jump Shot,SF,Movement Shooter,-1.223701293060566,
Shot Chart Detail,22400840,644,1630533,Ziaire Williams,1610612751,Brooklyn Nets,4,4,42,Made Shot,Driving Floating Bank Jump Shot,2PT Field Goal,In The Paint (Non-RA),Center(C),Less Than 8 ft.,4,36,33,1,1,20250226,BKN,OKC,22400840644,25980,0,1629661|1630165|1630533|1630549|1630553,0,REG,2025,1630598,-12.0,SG,Chaser,-0.2802871768000448,Williams 5' Driving Floating Bank Jump Shot (15 PTS),SF,Movement Shooter,-1.223701293060566,
Shot Chart Detail,22400840,693,1630533,Ziaire Williams,1610612751,Brooklyn Nets,4,1,48,Missed Shot,Pullup Jump shot,3PT Field Goal,Above the Break 3,Center(C),24+ ft.,25,-36,253,1,0,20250226,BKN,OKC,22400840693,27720,0,1629661|1630165|1630533|1630549|1630553,0,REG,2025,1631114,-8.0,SG,Helper,0.9614742757633686,MISS Williams 26' 3PT Pullup Jump Shot,SF,Movement Shooter,-1.223701293060566,
Shot Chart Detail,22400840,711,1630533,Ziaire Williams,1610612751,Brooklyn Nets,4,0,21,Made Shot,Jump Shot,3PT Field Goal,Above the Break 3,Right Side Center(RC),24+ ft.,26,82,247,1,1,20250226,BKN,OKC,22400840711,28590,0,1629661|1630165|1630533|1630549|1630553,1,REG,2025,1630598,-6.0,SG,Chaser,-0.2802871768000448,Williams 26' 3PT Jump Shot (18 PTS) (Sharpe 5 AST),SF,Movement Shooter,-1.223701293060566,1630549.0
Shot Chart Detail,22400853,23,1630533,Ziaire Williams,1610612751,Brooklyn Nets,1,9,30,Made Shot,Jump Shot,3PT Field Goal,Right Corner 3,Right Side(R),24+ ft.,23,228,71,1,1,20250228,BKN,POR,2240085323,1500,0,1629651|1629661|1630165|1630533|1630560,1,REG,2025,1631101,2.0,SG,Chaser,-1.148829528791153,Williams 24' 3PT Jump Shot (3 PTS) (Claxton 2 AST),SF,Movement Shooter,-1.223701293060566,1629651.0
Shot Chart Detail,22400853,26,1630533,Ziaire Williams,1610612751,Brooklyn Nets,1,8,50,Made Shot,Pullup Jump shot,2PT Field Goal,Mid-Range,Center(C),16-24 ft.,16,6,163,1,1,20250228,BKN,POR,2240085326,1900,0,1629651|1629661|1630165|1630533|1630560,1,REG,2025,1642270,2.0,C,Anchor Big,2.1732311577468386,Williams 16' Pullup Jump Shot (5 PTS) (Claxton 3 AST),SF,Movement Shooter,-1.223701293060566,1629651.0
Shot Chart Detail,22400853,43,1630533,Ziaire Williams,1610612751,Brooklyn Nets,1,7,23,Missed Shot,Jump Shot,3PT Field Goal,Right Corner 3,Right Side(R),24+ ft.,23,230,9,1,0,20250228,BKN,POR,2240085343,2770,0,1629651|1629661|1630165|1630533|1630553,0,REG,2025,1631200,-4.0,SF,Helper,-0.1667188980028285,MISS Williams 3PT Jump Shot,SF,Movement Shooter,-1.223701293060566,
Shot Chart Detail,22400853,325,1630533,Ziaire Williams,1610612751,Brooklyn Nets,3,11,24,Missed Shot,Driving Floating Jump Shot,2PT Field Goal,In The Paint (Non-RA),Center(C),8-16 ft.,8,-42,75,1,0,20250228,BKN,POR,22400853325,14760,0,1629651|1629661|1630165|1630533|1630560,0,REG,2025,1629014,-19.0,SG,Low Activity,-1.5748321625987722,MISS Williams 9' Driving Floating Jump Shot,SF,Movement Shooter,-1.223701293060566,
Shot Chart Detail,22400861,13,1630533,Ziaire Williams,1610612751,Brooklyn Nets,1,11,16,Made Shot,Running Dunk Shot,2PT Field Goal,Restricted Area,Center(C),Less Than 8 ft.,1,7,15,1,1,20250301,DET,BKN,2240086113,440,0,1629651|1629661|1630165|1630533|1630553,1,REG,2025,,,,,,,SF,Movement Shooter,-1.223701293060566,1630553.0
Shot Chart Detail,22400861,37,1630533,Ziaire Williams,1610612751,Brooklyn Nets,1,9,4,Missed Shot,Jump Shot,3PT Field Goal,Above the Break 3,Left Side Center(LC),24+ ft.,24,-207,140,1,0,20250301,DET,BKN,2240086137,1760,0,1629651|1629661|1630165|1630533|1630553,0,REG,2025,202699,-2.0,PF,Helper,0.8987691092643165,MISS Williams 25' 3PT Jump Shot,SF,Movement Shooter,-1.223701293060566,
Shot Chart Detail,22400861,41,1630533,Ziaire Williams,1610612751,Brooklyn Nets,1,8,37,Missed Shot,Driving Layup Shot,2PT Field Goal,In The Paint (Non-RA),Center(C),Less Than 8 ft.,5,-36,42,1,0,20250301,DET,BKN,2240086141,2030,0,1629651|1629661|1630165|1630533|1630553,0,REG,2025,1630595,-5.0,PG,Helper,-0.4143845891874698,Duren BLOCK (1 BLK),SF,Movement Shooter,-1.223701293060566,
Shot Chart Detail,22400861,62,1630533,Ziaire Williams,1610612751,Brooklyn Nets,1,6,41,Missed Shot,Jump Shot,3PT Field Goal,Above the Break 3,Right Side Center(RC),24+ ft.,26,174,205,1,0,20250301,DET,BKN,2240086162,3190,0,1629651|1629661|1630165|1630533|1630553,0,REG,2025,202699,-13.0,PF,Helper,0.8987691092643165,MISS Williams 27' 3PT Jump Shot,SF,Movement Shooter,-1.223701293060566,
Shot Chart Detail,22400861,282,1630533,Ziaire Williams,1610612751,Brooklyn Nets,2,5,40,Missed Shot,Jump Shot,3PT Field Goal,Right Corner 3,Right Side(R),24+ ft.,23,232,38,1,0,20250301,DET,BKN,22400861282,11000,0,1629651|1629661|1630533|1630553|1641736,0,REG,2025,1641709,-23.0,SF,Point of Attack,1.545353025690135,MISS Williams 24' 3PT Jump Shot,SF,Movement Shooter,-1.223701293060566,
Shot Chart Detail,22400861,292,1630533,Ziaire Williams,1610612751,Brooklyn Nets,2,4,47,Missed Shot,Driving Layup Shot,2PT Field Goal,In The Paint (Non-RA),Center(C),Less Than 8 ft.,4,28,31,1,0,20250301,DET,BKN,22400861292,11530,0,1629651|1629661|1630533|1630553|1641736,0,REG,2025,1641709|1631105,-21.0,,,,,SF,Movement Shooter,-1.223701293060566,
Shot Chart Detail,22400861,295,1630533,Ziaire Williams,1610612751,Brooklyn Nets,2,4,45,Made Shot,Driving Dunk Shot,2PT Field Goal,Restricted Area,Center(C),Less Than 8 ft.,2,21,15,1,1,20250301,DET,BKN,22400861295,11550,0,1629651|1629661|1630533|1630553|1641736,0,REG,2025,1641709|1631105,-19.0,,,,,SF,Movement Shooter,-1.223701293060566,
Shot Chart Detail,22400861,423,1630533,Ziaire Williams,1610612751,Brooklyn Nets,3,8,59,Made Shot,Dunk Shot,2PT Field Goal,Restricted Area,Center(C),Less Than 8 ft.,2,25,-5,1,1,20250301,DET,BKN,22400861423,16210,0,1629651|1629661|1630165|1630533|1630553,1,REG,2025,1631105|202699,-18.0,,,,,SF,Movement Shooter,-1.223701293060566,1629651.0
Shot Chart Detail,22400861,430,1630533,Ziaire Williams,1610612751,Brooklyn Nets,3,8,20,Missed Shot,Jump Shot,3PT Field Goal,Right Corner 3,Right Side(R),24+ ft.,23,234,-8,1,0,20250301,DET,BKN,22400861430,16600,0,1629651|1629661|1630165|1630533|1630553,0,REG,2025,202699,-20.0,PF,Helper,0.8987691092643165,MISS Williams 3PT Jump Shot,SF,Movement Shooter,-1.223701293060566,
Shot Chart Detail,22400861,450,1630533,Ziaire Williams,1610612751,Brooklyn Nets,3,6,26,Missed Shot,Step Back Jump shot,3PT Field Goal,Right Corner 3,Right Side(R),24+ ft.,23,232,-1,1,0,20250301,DET,BKN,22400861450,17740,0,1629651|1629661|1630165|1630533|1630553,0,REG,2025,1641709,-16.0,SF,Point of Attack,1.545353025690135,MISS Williams 3PT Step Back Jump Shot,SF,Movement Shooter,-1.223701293060566,
Shot Chart Detail,22400861,625,1630533,Ziaire Williams,1610612751,Brooklyn Nets,4,7,48,Missed Shot,Driving Floating Jump Shot,2PT Field Goal,Mid-Range,Left Side(L),8-16 ft.,11,-86,75,1,0,20250301,DET,BKN,22400861625,24120,0,1630533|1630549|1630553|1631213|1641736,0,REG,2025,1641709|1630595,-11.0,,,,,SF,Movement Shooter,-1.223701293060566,
Shot Chart Detail,22400861,710,1630533,Ziaire Williams,1610612751,Brooklyn Nets,4,3,40,Missed Shot,Jump Shot,3PT Field Goal,Above the Break 3,Right Side Center(RC),24+ ft.,24,130,206,1,0,20250301,DET,BKN,22400861710,26600,0,1630165|1630533|1630592|1641721|1641736,0,REG,2025,1631105,-21.0,C,Mobile Big,1.501355662192265,MISS Williams 24' 3PT Jump Shot,SF,Movement Shooter,-1.223701293060566,
Shot Chart Detail,22400861,751,1630533,Ziaire Williams,1610612751,Brooklyn Nets,4,1,14,Made Shot,Driving Floating Bank Jump Shot,2PT Field Goal,In The Paint (Non-RA),Center(C),Less Than 8 ft.,7,74,26,1,1,20250301,DET,BKN,22400861751,28060,0,1630165|1630533|1630592|1641721|1641736,0,REG,2025,1630322|1630194,-21.0,,,,,SF,Movement Shooter,-1.223701293060566,
Shot Chart Detail,22400861,760,1630533,Ziaire Williams,1610612751,Brooklyn Nets,4,0,31,Made Shot,Running Dunk Shot,2PT Field Goal,Restricted Area,Center(C),Less Than 8 ft.,0,5,2,1,1,20250301,DET,BKN,22400861760,28490,0,1630165|1630533|1630592|1641721|1641736,0,REG,2025,,,,,,,SF,Movement Shooter,-1.223701293060566,
Shot Chart Detail,22400888,17,1630533,Ziaire Williams,1610612751,Brooklyn Nets,1,10,29,Missed Shot,Jump Shot,3PT Field Goal,Above the Break 3,Right Side Center(RC),24+ ft.,25,222,120,1,0,20250304,SAS,BKN,2240088817,910,0,1626156|1629651|1629661|1630533|1630560,0,REG,2025,101108,-5.0,PG,Low Activity,-0.1515759568290708,MISS Williams 25' 3PT Jump Shot,SF,Movement Shooter,-1.223701293060566,
Shot Chart Detail,22400888,236,1630533,Ziaire Williams,1610612751,Brooklyn Nets,2,6,12,Missed Shot,Driving Layup Shot,2PT Field Goal,Restricted Area,Center(C),Less Than 8 ft.,2,18,14,1,0,20250304,SAS,BKN,22400888236,10680,0,1629651|1629661|1630533|1630592|1631213,0,REG,2025,203084,5.0,PF,Helper,-1.728994092863148,MISS Williams 2' Driving Layup,SF,Movement Shooter,-1.223701293060566,
Shot Chart Detail,22400888,256,1630533,Ziaire Williams,1610612751,Brooklyn Nets,2,4,45,Made Shot,Jump Shot,3PT Field Goal,Left Corner 3,Left Side(L),24+ ft.,23,-233,-18,1,1,20250304,SAS,BKN,22400888256,11550,0,1629651|1629661|1630533|1630553|1631213,1,REG,2025,1630170,5.0,SG,Chaser,-0.7414327459656238,Williams 3PT Jump Shot (5 PTS) (Claxton 2 AST),SF,Movement Shooter,-1.223701293060566,1629651.0
Shot Chart Detail,22400888,381,1630533,Ziaire Williams,1610612751,Brooklyn Nets,3,9,47,Missed Shot,Running Jump Shot,3PT Field Goal,Above the Break 3,Right Side Center(RC),24+ ft.,24,224,106,1,0,20250304,SAS,BKN,22400888381,15730,0,1626156|1629651|1629661|1630533|1630560,0,REG,2025,,,,,,,SF,Movement Shooter,-1.223701293060566,
Shot Chart Detail,22400888,393,1630533,Ziaire Williams,1610612751,Brooklyn Nets,3,8,20,Missed Shot,Jump Shot,3PT Field Goal,Above the Break 3,Left Side Center(LC),24+ ft.,25,-116,232,1,0,20250304,SAS,BKN,22400888393,16600,0,1626156|1629651|1629661|1630533|1630560,0,REG,2025,1628368,-7.0,PG,Point of Attack,-0.4380796887783822,MISS Williams 26' 3PT Jump Shot,SF,Movement Shooter,-1.223701293060566,
Shot Chart Detail,22400888,412,1630533,Ziaire Williams,1610612751,Brooklyn Nets,3,6,35,Made Shot,Driving Hook Shot,2PT Field Goal,Restricted Area,Center(C),Less Than 8 ft.,3,-16,34,1,1,20250304,SAS,BKN,22400888412,17650,0,1629651|1629661|1630533|1630553|1631213,1,REG,2025,202687|1630170,-13.0,,,,,SF,Movement Shooter,-1.223701293060566,1631213.0
Shot Chart Detail,22400888,430,1630533,Ziaire Williams,1610612751,Brooklyn Nets,3,5,29,Missed Shot,Jump Shot,3PT Field Goal,Right Corner 3,Right Side(R),24+ ft.,22,224,4,1,0,20250304,SAS,BKN,22400888430,18310,0,1629651|1629661|1630533|1630553|1631213,0,REG,2025,1630170,-16.0,SG,Chaser,-0.7414327459656238,MISS Williams 3PT Jump Shot,SF,Movement Shooter,-1.223701293060566,
Shot Chart Detail,22400901,87,1630533,Ziaire Williams,1610612751,Brooklyn Nets,1,5,25,Made Shot,Jump Shot,3PT Field Goal,Above the Break 3,Left Side Center(LC),24+ ft.,25,-92,242,1,1,20250306,BKN,GSW,2240090187,3950,0,1629651|1629661|1630533|1630592|1631213,1,REG,2025,1630611,20.0,PF,Helper,0.0887467501352638,Williams 26' 3PT Jump Shot (3 PTS) (Claxton 5 AST),SF,Movement Shooter,-1.223701293060566,1629651.0
Shot Chart Detail,22400901,112,1630533,Ziaire Williams,1610612751,Brooklyn Nets,1,3,54,Missed Shot,Jump Shot,3PT Field Goal,Above the Break 3,Right Side Center(RC),24+ ft.,26,89,245,1,0,20250306,BKN,GSW,22400901112,4860,0,1630533|1630549|1630570|1630592|1631213,0,REG,2025,1626172,22.0,C,Anchor Big,1.674381960973268,MISS Williams 26' 3PT Jump Shot,SF,Movement Shooter,-1.223701293060566,
Shot Chart Detail,22400901,134,1630533,Ziaire Williams,1610612751,Brooklyn Nets,1,1,35,Made Shot,Tip Dunk Shot,2PT Field Goal,Restricted Area,Center(C),Less Than 8 ft.,0,0,0,1,1,20250306,BKN,GSW,22400901134,6250,0,1630533|1630549|1630570|1630592|1631213,0,REG,2025,202710,20.0,SF,Wing Stopper,0.1160977330715379,Williams Tip Dunk Shot (5 PTS),SF,Movement Shooter,-1.223701293060566,
Shot Chart Detail,22400901,177,1630533,Ziaire Williams,1610612751,Brooklyn Nets,2,11,5,Made Shot,Jump Shot,3PT Field Goal,Left Corner 3,Left Side(L),24+ ft.,22,-227,-16,1,1,20250306,BKN,GSW,22400901177,7750,0,1626156|1630533|1630549|1630560|1630570,1,REG,2025,203110,18.0,PF,Mobile Big,2.4217639609439425,Williams 3PT Jump Shot (8 PTS) (Russell 1 AST),SF,Movement Shooter,-1.223701293060566,1626156.0
Shot Chart Detail,22400901,194,1630533,Ziaire Williams,1610612751,Brooklyn Nets,2,9,8,Made Shot,Layup Shot,2PT Field Goal,Restricted Area,Center(C),Less Than 8 ft.,2,16,25,1,1,20250306,BKN,GSW,22400901194,8920,0,1626156|1630533|1630549|1630560|1630570,0,REG,2025,203110,16.0,PF,Mobile Big,2.4217639609439425,Williams 3' Layup (10 PTS),SF,Movement Shooter,-1.223701293060566,
Shot Chart Detail,22400901,286,1630533,Ziaire Williams,1610612751,Brooklyn Nets,2,2,48,Missed Shot,Running Jump Shot,3PT Field Goal,Left Corner 3,Left Side(L),24+ ft.,23,-230,-32,1,0,20250306,BKN,GSW,22400901286,12720,0,1629651|1629661|1630533|1630592|1631213,0,REG,2025,1630611,14.0,PF,Helper,0.0887467501352638,MISS Williams 3PT Running Jump Shot,SF,Movement Shooter,-1.223701293060566,
Shot Chart Detail,22400901,303,1630533,Ziaire Williams,1610612751,Brooklyn Nets,2,1,41,Missed Shot,Pullup Jump shot,2PT Field Goal,Mid-Range,Right Side(R),16-24 ft.,20,199,-20,1,0,20250306,BKN,GSW,22400901303,13390,0,1626156|1629651|1629661|1630533|1631213,0,REG,2025,201939,8.0,PG,Low Activity,-0.4969601010662379,MISS Williams 20' Pullup Jump Shot,SF,Movement Shooter,-1.223701293060566,
Shot Chart Detail,22400901,499,1630533,Ziaire Williams,1610612751,Brooklyn Nets,3,0,9,Missed Shot,Jump Shot,3PT Field Goal,Right Corner 3,Right Side(R),24+ ft.,23,238,11,1,0,20250306,BKN,GSW,22400901499,21510,0,1630533|1630549|1630560|1630570|1631213,0,REG,2025,,,,,,,SF,Movement Shooter,-1.223701293060566,
Shot Chart Detail,22400912,7,1630533,Ziaire Williams,1610612751,Brooklyn Nets,1,11,40,Made Shot,Jump Shot,3PT Field Goal,Left Corner 3,Left Side(L),24+ ft.,23,-234,31,1,1,20250308,CHA,BKN,224009127,200,0,1626156|1629651|1630533|1630553|1630560,1,REG,2025,1630182,3.0,SG,Point of Attack,-0.3995172874527458,Williams 24' 3PT Jump Shot (3 PTS) (Thomas 1 AST),SF,Movement Shooter,-1.223701293060566,1630560.0
Shot Chart Detail,22400912,23,1630533,Ziaire Williams,1610612751,Brooklyn Nets,1,10,0,Made Shot,Jump Shot,3PT Field Goal,Above the Break 3,Left Side Center(LC),24+ ft.,26,-147,216,1,1,20250308,CHA,BKN,2240091223,1200,0,1626156|1629651|1630533|1630553|1630560,0,REG,2025,1628970,2.0,PF,Wing Stopper,-0.8078097609390652,Williams 26' 3PT Jump Shot (6 PTS),SF,Movement Shooter,-1.223701293060566,
Shot Chart Detail,22400912,28,1630533,Ziaire Williams,1610612751,Brooklyn Nets,1,9,37,Missed Shot,Jump Shot,3PT Field Goal,Above the Break 3,Right Side Center(RC),24+ ft.,26,123,231,1,0,20250308,CHA,BKN,2240091228,1430,0,1626156|1629651|1630533|1630553|1630560,0,REG,2025,1628970,2.0,PF,Wing Stopper,-0.8078097609390652,MISS Williams 26' 3PT Jump Shot,SF,Movement Shooter,-1.223701293060566,
Shot Chart Detail,22400912,266,1630533,Ziaire Williams,1610612751,Brooklyn Nets,2,5,13,Missed Shot,Jump Shot,3PT Field Goal,Left Corner 3,Left Side(L),24+ ft.,22,-227,31,1,0,20250308,CHA,BKN,22400912266,11270,0,1629651|1630533|1630560|1630570|1631213,0,REG,2025,1629610,10.0,SG,Helper,-0.196662794488886,MISS Williams 3PT Jump Shot,SF,Movement Shooter,-1.223701293060566,
Shot Chart Detail,22400912,290,1630533,Ziaire Williams,1610612751,Brooklyn Nets,2,3,33,Missed Shot,Jump Shot,3PT Field Goal,Left Corner 3,Left Side(L),24+ ft.,23,-230,-7,1,0,20250308,CHA,BKN,22400912290,12270,0,1626156|1629651|1630533|1630553|1630560,0,REG,2025,1629610,5.0,SG,Helper,-0.196662794488886,MISS Williams 3PT Jump Shot,SF,Movement Shooter,-1.223701293060566,
Shot Chart Detail,22400912,362,1630533,Ziaire Williams,1610612751,Brooklyn Nets,3,10,28,Made Shot,Driving Floating Jump Shot,2PT Field Goal,In The Paint (Non-RA),Center(C),Less Than 8 ft.,7,-22,74,1,1,20250308,CHA,BKN,22400912362,15320,0,1626156|1629651|1630533|1630553|1630560,1,REG,2025,1631217,14.0,C,Mobile Big,0.757560413519071,Williams 8' Driving Floating Jump Shot (11 PTS) (Russell 4 AST),SF,Movement Shooter,-1.223701293060566,1626156.0
Shot Chart Detail,22400912,366,1630533,Ziaire Williams,1610612751,Brooklyn Nets,3,10,4,Made Shot,Jump Shot,3PT Field Goal,Above the Break 3,Right Side Center(RC),24+ ft.,24,143,202,1,1,20250308,CHA,BKN,22400912366,15560,0,1626156|1629651|1630533|1630553|1630560,1,REG,2025,1628970,15.0,PF,Wing Stopper,-0.8078097609390652,Williams 25' 3PT Jump Shot (14 PTS) (Russell 5 AST),SF,Movement Shooter,-1.223701293060566,1626156.0
Shot Chart Detail,22400912,381,1630533,Ziaire Williams,1610612751,Brooklyn Nets,3,9,6,Made Shot,Driving Floating Bank Jump Shot,2PT Field Goal,Mid-Range,Right Side(R),8-16 ft.,8,82,36,1,1,20250308,CHA,BKN,22400912381,16140,0,1626156|1629651|1630533|1630553|1630560,1,REG,2025,1628970,17.0,PF,Wing Stopper,-0.8078097609390652,Williams 9' Driving Floating Bank Jump Shot (16 PTS) (Russell 6 AST),SF,Movement Shooter,-1.223701293060566,1626156.0
Shot Chart Detail,22400912,597,1630533,Ziaire Williams,1610612751,Brooklyn Nets,4,4,3,Made Shot,Jump Shot,3PT Field Goal,Above the Break 3,Left Side Center(LC),24+ ft.,25,-214,136,1,1,20250308,CHA,BKN,22400912597,26370,0,1629651|1630533|1630553|1630560|1631213,1,REG,2025,1642275,9.0,PF,Helper,-0.1092777113111581,Williams 25' 3PT Jump Shot (19 PTS) (Thomas 3 AST),SF,Movement Shooter,-1.223701293060566,1630560.0
Shot Chart Detail,22400912,602,1630533,Ziaire Williams,1610612751,Brooklyn Nets,4,3,25,Missed Shot,Jump Shot,3PT Field Goal,Right Corner 3,Right Side(R),24+ ft.,22,229,12,1,0,20250308,CHA,BKN,22400912602,26750,0,1629651|1630533|1630553|1630560|1631213,0,REG,2025,1628970,9.0,PF,Wing Stopper,-0.8078097609390652,MISS Williams 3PT Jump Shot,SF,Movement Shooter,-1.223701293060566,
Shot Chart Detail,22400912,624,1630533,Ziaire Williams,1610612751,Brooklyn Nets,4,1,5,Missed Shot,Jump Shot,3PT Field Goal,Left Corner 3,Left Side(L),24+ ft.,23,-234,12,1,0,20250308,CHA,BKN,22400912624,28150,0,1626156|1629651|1630533|1630553|1630560,0,REG,2025,,,,,,,SF,Movement Shooter,-1.223701293060566,
Shot Chart Detail,22400930,36,1630533,Ziaire Williams,1610612751,Brooklyn Nets,1,9,4,Made Shot,Jump Shot,3PT Field Goal,Right Corner 3,Right Side(R),24+ ft.,23,233,47,1,1,20250310,BKN,LAL,2240093036,1760,0,1626156|1629651|1629661|1630533|1630553,1,REG,2025,1629216,2.0,PG,Point of Attack,-0.4105631954827208,Williams 24' 3PT Jump Shot (3 PTS) (Russell 2 AST),SF,Movement Shooter,-1.223701293060566,1626156.0
Shot Chart Detail,22400930,46,1630533,Ziaire Williams,1610612751,Brooklyn Nets,1,7,52,Missed Shot,Pullup Jump shot,3PT Field Goal,Above the Break 3,Left Side Center(LC),24+ ft.,25,-130,216,1,0,20250310,BKN,LAL,2240093046,2480,0,1626156|1629651|1629661|1630533|1630553,0,REG,2025,1629216,0.0,PG,Point of Attack,-0.4105631954827208,MISS Williams 25' 3PT Pullup Jump Shot,SF,Movement Shooter,-1.223701293060566,
Shot Chart Detail,22400930,66,1630533,Ziaire Williams,1610612751,Brooklyn Nets,1,6,18,Missed Shot,Jump Shot,3PT Field Goal,Right Corner 3,Right Side(R),24+ ft.,24,237,49,1,0,20250310,BKN,LAL,2240093066,3420,0,1626156|1629651|1629661|1630533|1630553,0,REG,2025,1629029,-6.0,PG,Helper,0.0280008356607092,MISS Williams 24' 3PT Jump Shot,SF,Movement Shooter,-1.223701293060566,
Shot Chart Detail,22400930,93,1630533,Ziaire Williams,1610612751,Brooklyn Nets,1,4,18,Missed Shot,Jump Shot,3PT Field Goal,Above the Break 3,Left Side Center(LC),24+ ft.,24,-172,181,1,0,20250310,BKN,LAL,2240093093,4620,0,1630549|1630592|1631213|1641730|1641736,0,REG,2025,1629216,-8.0,PG,Point of Attack,-0.4105631954827208,MISS Williams 25' 3PT Jump Shot,SF,Movement Shooter,-1.223701293060566,
Shot Chart Detail,22400930,352,1630533,Ziaire Williams,1610612751,Brooklyn Nets,3,11,4,Missed Shot,Jump Shot,3PT Field Goal,Left Corner 3,Left Side(L),24+ ft.,23,-229,-23,1,0,20250310,BKN,LAL,22400930352,14960,0,1626156|1629651|1629661|1630533|1630553,0,REG,2025,1629029,3.0,PG,Helper,0.0280008356607092,MISS Williams 3PT Jump Shot,SF,Movement Shooter,-1.223701293060566,
Shot Chart Detail,22400930,366,1630533,Ziaire Williams,1610612751,Brooklyn Nets,3,9,55,Missed Shot,Running Jump Shot,3PT Field Goal,Left Corner 3,Left Side(L),24+ ft.,23,-232,-25,1,0,20250310,BKN,LAL,22400930366,15650,0,1626156|1629651|1629661|1630533|1630553,0,REG,2025,1629029,2.0,PG,Helper,0.0280008356607092,MISS Williams 3PT Running Jump Shot,SF,Movement Shooter,-1.223701293060566,
Shot Chart Detail,22400930,396,1630533,Ziaire Williams,1610612751,Brooklyn Nets,3,7,14,Missed Shot,Driving Layup Shot,2PT Field Goal,Restricted Area,Center(C),Less Than 8 ft.,3,25,29,1,0,20250310,BKN,LAL,22400930396,17260,0,1626156|1629651|1629661|1630533|1630553,0,REG,2025,1630559|1629029,6.0,,,,,SF,Movement Shooter,-1.223701293060566,
Shot Chart Detail,22400930,580,1630533,Ziaire Williams,1610612751,Brooklyn Nets,4,7,41,Missed Shot,Jump Shot,3PT Field Goal,Right Corner 3,Right Side(R),24+ ft.,22,225,36,1,0,20250310,BKN,LAL,22400930580,24190,0,1629661|1630533|1630549|1631213|1641730,0,REG,2025,1642261,2.0,SF,Helper,-1.06197341840789,MISS Williams 3PT Jump Shot,SF,Movement Shooter,-1.223701293060566,
Shot Chart Detail,22400930,582,1630533,Ziaire Williams,1610612751,Brooklyn Nets,4,7,29,Missed Shot,Jump Shot,3PT Field Goal,Right Corner 3,Right Side(R),24+ ft.,22,222,14,1,0,20250310,BKN,LAL,22400930582,24310,0,1629661|1630533|1630549|1631213|1641730,0,REG,2025,1642261,2.0,SF,Helper,-1.06197341840789,MISS Williams 3PT Jump Shot,SF,Movement Shooter,-1.223701293060566,
Shot Chart Detail,22400930,671,1630533,Ziaire Williams,1610612751,Brooklyn Nets,4,0,13,Made Shot,Putback Layup Shot,2PT Field Goal,Restricted Area,Center(C),Less Than 8 ft.,0,0,0,1,1,20250310,BKN,LAL,22400930671,28670,0,1629651|1629661|1630533|1631213|1641730,0,REG,2025,1629029,5.0,PG,Helper,0.0280008356607092,Williams Putback Layup (7 PTS),SF,Movement Shooter,-1.223701293060566,
Shot Chart Detail,22400940,20,1630533,Ziaire Williams,1610612751,Brooklyn Nets,1,10,15,Made Shot,Jump Shot,3PT Field Goal,Right Corner 3,Right Side(R),24+ ft.,23,230,15,1,1,20250311,CLE,BKN,2240094020,1050,0,1629651|1629661|1630533|1630553|1630560,1,REG,2025,1630596,-2.0,PF,Mobile Big,1.7315342260498177,Williams 3PT Jump Shot (3 PTS) (C. Johnson 1 AST),SF,Movement Shooter,-1.223701293060566,1629661.0
Shot Chart Detail,22400940,29,1630533,Ziaire Williams,1610612751,Brooklyn Nets,1,9,7,Made Shot,Jump Shot,3PT Field Goal,Above the Break 3,Right Side Center(RC),24+ ft.,27,184,198,1,1,20250311,CLE,BKN,2240094029,1730,0,1629651|1629661|1630533|1630553|1630560,1,REG,2025,1630596,1.0,PF,Mobile Big,1.7315342260498177,Williams 27' 3PT Jump Shot (6 PTS) (C. Johnson 2 AST),SF,Movement Shooter,-1.223701293060566,1629661.0
Shot Chart Detail,22400940,44,1630533,Ziaire Williams,1610612751,Brooklyn Nets,1,7,22,Made Shot,Jump Shot,3PT Field Goal,Above the Break 3,Left Side Center(LC),24+ ft.,26,-103,241,1,1,20250311,CLE,BKN,2240094044,2780,0,1629651|1629661|1630533|1630553|1630560,1,REG,2025,1630596,3.0,PF,Mobile Big,1.7315342260498177,Williams 26' 3PT Jump Shot (9 PTS) (Thomas 1 AST),SF,Movement Shooter,-1.223701293060566,1630560.0
Shot Chart Detail,22400940,88,1630533,Ziaire Williams,1610612751,Brooklyn Nets,1,4,36,Missed Shot,Jump Shot,3PT Field Goal,Above the Break 3,Left Side Center(LC),24+ ft.,24,-227,93,1,0,20250311,CLE,BKN,2240094088,4440,0,1630533|1630549|1630560|1630570|1631213,0,REG,2025,1629636,0.0,PG,Point of Attack,-0.7882593873424613,MISS Williams 25' 3PT Jump Shot,SF,Movement Shooter,-1.223701293060566,
Shot Chart Detail,22400940,295,1630533,Ziaire Williams,1610612751,Brooklyn Nets,2,0,29,Missed Shot,Jump Shot,3PT Field Goal,Above the Break 3,Right Side Center(RC),24+ ft.,24,230,89,1,0,20250311,CLE,BKN,22400940295,14110,0,1629651|1630533|1630553|1630570|1631213,0,REG,2025,1630596,13.0,PF,Mobile Big,1.7315342260498177,MISS Williams 25' 3PT Jump Shot,SF,Movement Shooter,-1.223701293060566,
Shot Chart Detail,22400940,341,1630533,Ziaire Williams,1610612751,Brooklyn Nets,3,9,23,Made Shot,Jump Shot,3PT Field Goal,Left Corner 3,Left Side(L),24+ ft.,23,-230,13,1,1,20250311,CLE,BKN,22400940341,15970,0,1629651|1629661|1630533|1630553|1630560,1,REG,2025,1629636,18.0,PG,Point of Attack,-0.7882593873424613,Williams 3PT Jump Shot (12 PTS) (C. Johnson 4 AST),SF,Movement Shooter,-1.223701293060566,1629661.0
Shot Chart Detail,22400940,354,1630533,Ziaire Williams,1610612751,Brooklyn Nets,3,8,8,Missed Shot,Driving Dunk Shot,2PT Field Goal,Restricted Area,Center(C),Less Than 8 ft.,1,-5,18,1,0,20250311,CLE,BKN,22400940354,16720,0,1629651|1629661|1630533|1630553|1630560,0,REG,2025,1630171|1628386,14.0,,,,,SF,Movement Shooter,-1.223701293060566,
Shot Chart Detail,22400940,361,1630533,Ziaire Williams,1610612751,Brooklyn Nets,3,7,48,Made Shot,Driving Layup Shot,2PT Field Goal,Restricted Area,Center(C),Less Than 8 ft.,1,5,10,1,1,20250311,CLE,BKN,22400940361,16920,0,1629651|1629661|1630533|1630553|1630560,1,REG,2025,1630596|1629622,16.0,,,,,SF,Movement Shooter,-1.223701293060566,1629661.0
Shot Chart Detail,22400940,368,1630533,Ziaire Williams,1610612751,Brooklyn Nets,3,7,1,Missed Shot,Jump Shot,3PT Field Goal,Above the Break 3,Left Side Center(LC),24+ ft.,25,-213,138,1,0,20250311,CLE,BKN,22400940368,17390,0,1629651|1629661|1630533|1630553|1630560,0,REG,2025,1630171,16.0,SG,Point of Attack,0.0653541768808491,MISS Williams 25' 3PT Jump Shot,SF,Movement Shooter,-1.223701293060566,
Shot Chart Detail,22400940,398,1630533,Ziaire Williams,1610612751,Brooklyn Nets,3,5,23,Missed Shot,Jump Shot,3PT Field Goal,Above the Break 3,Right Side Center(RC),24+ ft.,33,151,304,1,0,20250311,CLE,BKN,22400940398,18370,0,1630533|1630549|1630570|1630592|1631213,0,REG,2025,1629731,11.0,PF,Wing Stopper,0.9380541584538208,MISS Williams 34' 3PT Jump Shot,SF,Movement Shooter,-1.223701293060566,
Shot Chart Detail,22400940,563,1630533,Ziaire Williams,1610612751,Brooklyn Nets,4,3,54,Missed Shot,Jump Shot,3PT Field Goal,Above the Break 3,Right Side Center(RC),24+ ft.,25,157,204,1,0,20250311,CLE,BKN,22400940563,26460,0,1629651|1629661|1630533|1630553|1630560,0,REG,2025,1629622,-2.0,SF,Wing Stopper,-0.311477835612477,MISS Williams 26' 3PT Jump Shot,SF,Movement Shooter,-1.223701293060566,
Shot Chart Detail,22400956,7,1630533,Ziaire Williams,1610612751,Brooklyn Nets,1,11,44,Made Shot,Cutting Dunk Shot,2PT Field Goal,Restricted Area,Center(C),Less Than 8 ft.,2,-2,24,1,1,20250313,CHI,BKN,224009567,160,0,1626156|1629651|1629661|1630533|1630560,1,REG,2025,,,,,,,SF,Movement Shooter,-1.223701293060566,1630560.0
Shot Chart Detail,22400956,249,1630533,Ziaire Williams,1610612751,Brooklyn Nets,2,6,1,Made Shot,Cutting Dunk Shot,2PT Field Goal,Restricted Area,Center(C),Less Than 8 ft.,2,-24,12,1,1,20250313,CHI,BKN,22400956249,10790,0,1629651|1629661|1630533|1630560|1631213,1,REG,2025,,,,,,,SF,Movement Shooter,-1.223701293060566,1631213.0
Shot Chart Detail,22400956,257,1630533,Ziaire Williams,1610612751,Brooklyn Nets,2,5,33,Made Shot,Jump Shot,3PT Field Goal,Above the Break 3,Right Side Center(RC),24+ ft.,27,170,211,1,1,20250313,CHI,BKN,22400956257,11070,0,1629651|1629661|1630533|1630560|1631213,1,REG,2025,,,,,,,SF,Movement Shooter,-1.223701293060566,1631213.0
Shot Chart Detail,22400956,296,1630533,Ziaire Williams,1610612751,Brooklyn Nets,2,2,22,Made Shot,Cutting Dunk Shot,2PT Field Goal,Restricted Area,Center(C),Less Than 8 ft.,2,24,7,1,1,20250313,CHI,BKN,22400956296,12980,0,1626156|1629651|1629661|1630533|1630560,1,REG,2025,,,,,,,SF,Movement Shooter,-1.223701293060566,1630560.0
Shot Chart Detail,22400956,308,1630533,Ziaire Williams,1610612751,Brooklyn Nets,2,1,5,Made Shot,Cutting Dunk Shot,2PT Field Goal,Restricted Area,Center(C),Less Than 8 ft.,2,22,19,1,1,20250313,CHI,BKN,22400956308,13750,0,1626156|1629651|1629661|1630533|1630560,1,REG,2025,,,,,,,SF,Movement Shooter,-1.223701293060566,1629661.0
Shot Chart Detail,22400956,604,1630533,Ziaire Williams,1610612751,Brooklyn Nets,4,4,5,Missed Shot,Jump Shot,3PT Field Goal,Above the Break 3,Center(C),24+ ft.,30,-20,305,1,0,20250313,CHI,BKN,22400956604,26350,0,1629651|1629661|1630533|1630553|1630560,0,REG,2025,1641763,0.0,SF,Helper,-0.0079388892544512,MISS Williams 31' 3PT Jump Shot,SF,Movement Shooter,-1.223701293060566,
Shot Chart Detail,22400956,641,1630533,Ziaire Williams,1610612751,Brooklyn Nets,4,3,14,Missed Shot,Layup Shot,2PT Field Goal,In The Paint (Non-RA),Center(C),Less Than 8 ft.,6,64,24,1,0,20250313,CHI,BKN,22400956641,26860,0,1626156|1629651|1629661|1630533|1630560,0,REG,2025,1641763,-4.0,SF,Helper,-0.0079388892544512,Phillips BLOCK (1 BLK),SF,Movement Shooter,-1.223701293060566,
Shot Chart Detail,22400968,267,1630533,Ziaire Williams,1610612751,Brooklyn Nets,2,2,39,Made Shot,Running Jump Shot,3PT Field Goal,Above the Break 3,Right Side Center(RC),24+ ft.,24,186,160,1,1,20250315,BKN,BOS,22400968267,12810,0,1629661|1630533|1630553|1631213|1641736,1,REG,2025,1628369,-16.0,PF,Helper,0.9005426978752056,Williams 25' 3PT Running Jump Shot (3 PTS) (K. Johnson 1 AST),SF,Movement Shooter,-1.223701293060566,1630553.0
Shot Chart Detail,22400968,337,1630533,Ziaire Williams,1610612751,Brooklyn Nets,3,10,48,Made Shot,Pullup Jump shot,2PT Field Goal,In The Paint (Non-RA),Center(C),8-16 ft.,13,-53,124,1,1,20250315,BKN,BOS,22400968337,15120,0,1626156|1629661|1630533|1630549|1630553,0,REG,2025,1628369,-7.0,PF,Helper,0.9005426978752056,Williams 13' Pullup Jump Shot (5 PTS),SF,Movement Shooter,-1.223701293060566,
Shot Chart Detail,22400968,367,1630533,Ziaire Williams,1610612751,Brooklyn Nets,3,8,11,Missed Shot,Running Jump Shot,3PT Field Goal,Left Corner 3,Left Side(L),24+ ft.,22,-225,-16,1,0,20250315,BKN,BOS,22400968367,16690,0,1626156|1629661|1630533|1630549|1630553,0,REG,2025,201950,-5.0,PG,Point of Attack,0.5769213477933667,MISS Williams 3PT Running Jump Shot,SF,Movement Shooter,-1.223701293060566,
Shot Chart Detail,22400968,432,1630533,Ziaire Williams,1610612751,Brooklyn Nets,3,1,37,Made Shot,Jump Shot,3PT Field Goal,Above the Break 3,Right Side Center(RC),24+ ft.,26,102,243,1,1,20250315,BKN,BOS,22400968432,20630,0,1630533|1630592|1631213|1641721|1641736,1,REG,2025,1629674,-9.0,C,Helper,1.301199017849252,Williams 26' 3PT Jump Shot (8 PTS) (Martin 4 AST),SF,Movement Shooter,-1.223701293060566,1631213.0
Shot Chart Detail,22400968,549,1630533,Ziaire Williams,1610612751,Brooklyn Nets,4,5,31,Made Shot,Jump Shot,3PT Field Goal,Above the Break 3,Right Side Center(RC),24+ ft.,24,176,173,1,1,20250315,BKN,BOS,22400968549,25490,0,1626156|1629661|1630533|1630549|1630553,1,REG,2025,,,,,,,SF,Movement Shooter,-1.223701293060566,1629661.0
Shot Chart Detail,22400968,557,1630533,Ziaire Williams,1610612751,Brooklyn Nets,4,4,40,Missed Shot,Jump Shot,3PT Field Goal,Above the Break 3,Left Side Center(LC),24+ ft.,25,-148,205,1,0,20250315,BKN,BOS,22400968557,26000,0,1626156|1629661|1630533|1630549|1630553,0,REG,2025,1628369,-9.0,PF,Helper,0.9005426978752056,MISS Williams 25' 3PT Jump Shot,SF,Movement Shooter,-1.223701293060566,
Shot Chart Detail,22400968,580,1630533,Ziaire Williams,1610612751,Brooklyn Nets,4,3,22,Missed Shot,Driving Layup Shot,2PT Field Goal,Restricted Area,Center(C),Less Than 8 ft.,2,29,5,1,0,20250315,BKN,BOS,22400968580,26780,0,1626156|1629661|1630533|1630549|1630553,0,REG,2025,1628436,-8.0,C,Anchor Big,1.605332069352424,MISS Williams 3' Driving Layup,SF,Movement Shooter,-1.223701293060566,
Shot Chart Detail,22400968,603,1630533,Ziaire Williams,1610612751,Brooklyn Nets,4,1,32,Missed Shot,Jump Shot,3PT Field Goal,Above the Break 3,Left Side Center(LC),24+ ft.,27,-99,253,1,0,20250315,BKN,BOS,22400968603,27880,0,1626156|1629661|1630533|1630549|1630553,0,REG,2025,1630573,-9.0,PF,Chaser,0.2294795794753444,MISS Williams 27' 3PT Jump Shot,SF,Movement Shooter,-1.223701293060566,
Shot Chart Detail,22400968,613,1630533,Ziaire Williams,1610612751,Brooklyn Nets,4,0,56,Made Shot,Jump Shot,3PT Field Goal,Above the Break 3,Right Side Center(RC),24+ ft.,25,138,210,1,1,20250315,BKN,BOS,22400968613,28240,0,1626156|1629661|1630533|1630549|1630553,1,REG,2025,204001,-4.0,C,Anchor Big,0.957457449632146,Williams 25' 3PT Jump Shot (14 PTS) (Russell 7 AST),SF,Movement Shooter,-1.223701293060566,1626156.0
Shot Chart Detail,22400994,53,1630533,Ziaire Williams,1610612751,Brooklyn Nets,1,7,13,Missed Shot,Jump Shot,3PT Field Goal,Above the Break 3,Left Side Center(LC),24+ ft.,26,-190,182,1,0,20250318,BOS,BKN,2240099453,2870,0,1626156|1629651|1629661|1630533|1630553,0,REG,2025,1630573,1.0,PF,Chaser,0.2294795794753444,MISS Williams 26' 3PT Jump Shot,SF,Movement Shooter,-1.223701293060566,
Shot Chart Detail,22400994,60,1630533,Ziaire Williams,1610612751,Brooklyn Nets,1,6,5,Missed Shot,Jump Shot,3PT Field Goal,Right Corner 3,Right Side(R),24+ ft.,22,223,47,1,0,20250318,BOS,BKN,2240099460,3550,0,1626156|1629651|1629661|1630533|1630553,0,REG,2025,201950,3.0,PG,Point of Attack,0.5769213477933667,MISS Williams 3PT Jump Shot,SF,Movement Shooter,-1.223701293060566,
Shot Chart Detail,22400994,233,1630533,Ziaire Williams,1610612751,Brooklyn Nets,2,4,21,Made Shot,Driving Layup Shot,2PT Field Goal,In The Paint (Non-RA),Center(C),Less Than 8 ft.,4,-42,24,1,1,20250318,BOS,BKN,22400994233,11790,0,1626156|1629651|1629661|1630533|1630592,1,REG,2025,1629674,4.0,C,Helper,1.301199017849252,Williams 5' Driving Layup (4 PTS) (Russell 2 AST),SF,Movement Shooter,-1.223701293060566,1626156.0
Shot Chart Detail,22400994,239,1630533,Ziaire Williams,1610612751,Brooklyn Nets,2,3,48,Made Shot,Jump Shot,3PT Field Goal,Above the Break 3,Left Side Center(LC),24+ ft.,26,-124,230,1,1,20250318,BOS,BKN,22400994239,12120,0,1626156|1629651|1629661|1630533|1630592,1,REG,2025,,,,,,,SF,Movement Shooter,-1.223701293060566,1629661.0
Shot Chart Detail,22400994,274,1630533,Ziaire Williams,1610612751,Brooklyn Nets,2,0,53,Missed Shot,Running Finger Roll Layup Shot,2PT Field Goal,Restricted Area,Center(C),Less Than 8 ft.,2,-9,20,1,0,20250318,BOS,BKN,22400994274,13870,0,1626156|1629651|1629661|1630533|1630592,0,REG,2025,1628401,5.0,SG,Chaser,0.918594956840613,MISS Williams 2' Running Finger Roll Layup,SF,Movement Shooter,-1.223701293060566,
Shot Chart Detail,22400994,307,1630533,Ziaire Williams,1610612751,Brooklyn Nets,3,10,16,Missed Shot,Driving Layup Shot,2PT Field Goal,In The Paint (Non-RA),Center(C),Less Than 8 ft.,4,39,17,1,0,20250318,BOS,BKN,22400994307,15440,0,1626156|1629651|1629661|1630533|1630553,0,REG,2025,204001,2.0,C,Anchor Big,0.957457449632146,MISS Williams 4' Driving Layup,SF,Movement Shooter,-1.223701293060566,
Shot Chart Detail,22400994,310,1630533,Ziaire Williams,1610612751,Brooklyn Nets,3,9,46,Missed Shot,Jump Shot,3PT Field Goal,Above the Break 3,Right Side Center(RC),24+ ft.,26,207,159,1,0,20250318,BOS,BKN,22400994310,15740,0,1626156|1629651|1629661|1630533|1630553,0,REG,2025,201143,0.0,C,Helper,1.2395189740329604,MISS Williams 26' 3PT Jump Shot,SF,Movement Shooter,-1.223701293060566,
Shot Chart Detail,22400994,314,1630533,Ziaire Williams,1610612751,Brooklyn Nets,3,9,29,Made Shot,Driving Layup Shot,2PT Field Goal,Restricted Area,Center(C),Less Than 8 ft.,2,-2,29,1,1,20250318,BOS,BKN,22400994314,15910,0,1626156|1629651|1629661|1630533|1630553,1,REG,2025,201143,2.0,C,Helper,1.2395189740329604,Williams 3' Driving Layup (9 PTS) (Russell 4 AST),SF,Movement Shooter,-1.223701293060566,1626156.0
Shot Chart Detail,22400994,355,1630533,Ziaire Williams,1610612751,Brooklyn Nets,3,6,29,Made Shot,Jump Shot,3PT Field Goal,Left Corner 3,Left Side(L),24+ ft.,23,-233,10,1,1,20250318,BOS,BKN,22400994355,17710,0,1626156|1629651|1629661|1630533|1630553,1,REG,2025,1628401,4.0,SG,Chaser,0.918594956840613,Williams 3PT Jump Shot (12 PTS) (Russell 5 AST),SF,Movement Shooter,-1.223701293060566,1626156.0
Shot Chart Detail,22400994,559,1630533,Ziaire Williams,1610612751,Brooklyn Nets,4,3,7,Missed Shot,Jump Shot,3PT Field Goal,Left Corner 3,Left Side(L),24+ ft.,22,-225,16,1,0,20250318,BOS,BKN,22400994559,26930,0,1626156|1629651|1629661|1630533|1630553,0,REG,2025,201143,-6.0,C,Helper,1.2395189740329604,MISS Williams 3PT Jump Shot,SF,Movement Shooter,-1.223701293060566,
Shot Chart Detail,22400994,590,1630533,Ziaire Williams,1610612751,Brooklyn Nets,4,0,47,Made Shot,Jump Shot,3PT Field Goal,Above the Break 3,Right Side Center(RC),24+ ft.,26,183,194,1,1,20250318,BOS,BKN,22400994590,28330,0,1626156|1629651|1629661|1630533|1630553,1,REG,2025,201143,-4.0,C,Helper,1.2395189740329604,Williams 27' 3PT Jump Shot (15 PTS) (Russell 7 AST),SF,Movement Shooter,-1.223701293060566,1626156.0
Shot Chart Detail,22401011,30,1630533,Ziaire Williams,1610612751,Brooklyn Nets,1,9,53,Made Shot,Running Dunk Shot,2PT Field Goal,Restricted Area,Center(C),Less Than 8 ft.,0,-7,3,1,1,20250320,IND,BKN,2240101130,1270,0,1626156|1629651|1630533|1630553|1630592,0,REG,2025,,,,,,,SF,Movement Shooter,-1.223701293060566,
Shot Chart Detail,22401011,77,1630533,Ziaire Williams,1610612751,Brooklyn Nets,1,6,12,Made Shot,Running Dunk Shot,2PT Field Goal,Restricted Area,Center(C),Less Than 8 ft.,0,0,0,1,1,20250320,IND,BKN,2240101177,3480,0,1629651|1630533|1630570|1630592|1631213,1,REG,2025,1631097,2.0,SF,Chaser,-0.7304179719721491,Williams Running Dunk (4 PTS) (Martin 1 AST),SF,Movement Shooter,-1.223701293060566,1631213.0
Shot Chart Detail,22401011,103,1630533,Ziaire Williams,1610612751,Brooklyn Nets,1,4,45,Made Shot,Jump Shot,3PT Field Goal,Above the Break 3,Right Side Center(RC),24+ ft.,26,140,226,1,1,20250320,IND,BKN,22401011103,4350,0,1630533|1630549|1630570|1631213|1641721,1,REG,2025,1630167,1.0,PF,Helper,-0.2512745388125467,Williams 27' 3PT Jump Shot (7 PTS) (Watford 1 AST),SF,Movement Shooter,-1.223701293060566,1630570.0
Shot Chart Detail,22401011,256,1630533,Ziaire Williams,1610612751,Brooklyn Nets,2,5,37,Made Shot,Jump Shot,3PT Field Goal,Above the Break 3,Left Side Center(LC),24+ ft.,24,-210,130,1,1,20250320,IND,BKN,22401011256,11030,0,1626156|1629651|1630533|1630592|1631213,1,REG,2025,,,,,,,SF,Movement Shooter,-1.223701293060566,1626156.0
Shot Chart Detail,22401011,368,1630533,Ziaire Williams,1610612751,Brooklyn Nets,3,11,23,Missed Shot,Jump Shot,3PT Field Goal,Above the Break 3,Right Side Center(RC),24+ ft.,25,210,144,1,0,20250320,IND,BKN,22401011368,14770,0,1626156|1629651|1630533|1630553|1630592,0,REG,2025,1631097,10.0,SF,Chaser,-0.7304179719721491,MISS Williams 25' 3PT Jump Shot,SF,Movement Shooter,-1.223701293060566,
Shot Chart Detail,22401011,371,1630533,Ziaire Williams,1610612751,Brooklyn Nets,3,10,37,Made Shot,Jump Shot,3PT Field Goal,Above the Break 3,Right Side Center(RC),24+ ft.,28,161,230,1,1,20250320,IND,BKN,22401011371,15230,0,1626156|1629651|1630533|1630553|1630592,1,REG,2025,1630174,11.0,SF,Wing Stopper,-0.2864835199083971,Williams 28' 3PT Jump Shot (13 PTS) (Johnson 2 AST),SF,Movement Shooter,-1.223701293060566,1630553.0
Shot Chart Detail,22401011,381,1630533,Ziaire Williams,1610612751,Brooklyn Nets,3,9,48,Missed Shot,Jump Shot,3PT Field Goal,Right Corner 3,Right Side(R),24+ ft.,22,227,-1,1,0,20250320,IND,BKN,22401011381,15720,0,1626156|1629651|1630533|1630553|1630592,0,REG,2025,1631097,11.0,SF,Chaser,-0.7304179719721491,MISS Williams 3PT Jump Shot,SF,Movement Shooter,-1.223701293060566,
Shot Chart Detail,22401011,400,1630533,Ziaire Williams,1610612751,Brooklyn Nets,3,8,12,Made Shot,Jump Shot,3PT Field Goal,Right Corner 3,Right Side(R),24+ ft.,23,238,5,1,1,20250320,IND,BKN,22401011400,16680,0,1626156|1629651|1630533|1630553|1630592,1,REG,2025,,,,,,,SF,Movement Shooter,-1.223701293060566,1626156.0
Shot Chart Detail,22401011,522,1630533,Ziaire Williams,1610612751,Brooklyn Nets,3,0,5,Missed Shot,Jump Shot,3PT Field Goal,Right Corner 3,Right Side(R),24+ ft.,23,230,-3,1,0,20250320,IND,BKN,22401011522,21550,0,1630533|1630549|1630570|1631213|1641730,0,REG,2025,1641767|204456,4.0,,,,,SF,Movement Shooter,-1.223701293060566,
Shot Chart Detail,22401011,569,1630533,Ziaire Williams,1610612751,Brooklyn Nets,4,8,21,Missed Shot,Pullup Jump shot,2PT Field Goal,In The Paint (Non-RA),Center(C),8-16 ft.,9,10,95,1,0,20250320,IND,BKN,22401011569,23790,0,1626156|1630533|1630549|1630570|1641721,0,REG,2025,1641767,5.0,SG,Chaser,-0.1150111627757145,MISS Williams 10' Pullup Jump Shot,SF,Movement Shooter,-1.223701293060566,
Shot Chart Detail,22401011,651,1630533,Ziaire Williams,1610612751,Brooklyn Nets,4,1,42,Made Shot,Jump Shot,3PT Field Goal,Above the Break 3,Right Side Center(RC),24+ ft.,26,205,162,1,1,20250320,IND,BKN,22401011651,27780,0,1626156|1629651|1630533|1630553|1631213,1,REG,2025,,,,,,,SF,Movement Shooter,-1.223701293060566,1626156.0
Shot Chart Detail,22401011,676,1630533,Ziaire Williams,1610612751,Brooklyn Nets,4,0,0,Missed Shot,Pullup Jump shot,3PT Field Goal,Above the Break 3,Left Side Center(LC),24+ ft.,25,-183,179,1,0,20250320,IND,BKN,22401011676,28800,0,1626156|1629651|1630533|1630553|1631213,0,REG,2025,,,,,,,SF,Movement Shooter,-1.223701293060566,
Shot Chart Detail,22401011,723,1630533,Ziaire Williams,1610612751,Brooklyn Nets,5,1,51,Missed Shot,Jump Shot,3PT Field Goal,Above the Break 3,Center(C),24+ ft.,25,-37,256,1,0,20250320,IND,BKN,22401011723,30690,1,1626156|1629651|1630533|1630553|1631213,0,REG,2025,,,,,,,SF,Movement Shooter,-1.223701293060566,
Shot Chart Detail,22401011,730,1630533,Ziaire Williams,1610612751,Brooklyn Nets,5,1,15,Made Shot,Jump Shot,3PT Field Goal,Above the Break 3,Left Side Center(LC),24+ ft.,26,-207,173,1,1,20250320,IND,BKN,22401011730,31050,1,1626156|1629651|1630533|1630553|1631213,1,REG,2025,,,,,,,SF,Movement Shooter,-1.223701293060566,1626156.0
Shot Chart Detail,22401011,743,1630533,Ziaire Williams,1610612751,Brooklyn Nets,5,0,36,Missed Shot,Step Back Jump shot,3PT Field Goal,Above the Break 3,Center(C),24+ ft.,29,56,288,1,0,20250320,IND,BKN,22401011743,31440,1,1626156|1629651|1630533|1630553|1631213,0,REG,2025,,,,,,,SF,Movement Shooter,-1.223701293060566,
Shot Chart Detail,22401040,11,1630533,Ziaire Williams,1610612751,Brooklyn Nets,1,11,16,Missed Shot,Jump Shot,3PT Field Goal,Above the Break 3,Left Side Center(LC),24+ ft.,25,-164,195,1,0,20250324,BKN,DAL,2240104011,440,0,1629651|1629661|1630533|1630553|1631213,0,REG,2025,1629023,-2.0,PF,Wing Stopper,0.3284960757794962,MISS Williams 25' 3PT Jump Shot,SF,Movement Shooter,-1.223701293060566,
Shot Chart Detail,22401040,52,1630533,Ziaire Williams,1610612751,Brooklyn Nets,1,7,28,Missed Shot,Jump Shot,3PT Field Goal,Right Corner 3,Right Side(R),24+ ft.,23,233,-15,1,0,20250324,BKN,DAL,2240104052,2720,0,1629651|1629661|1630533|1630553|1631213,0,REG,2025,203915,-6.0,PG,Chaser,-0.7701891201072688,MISS Williams 3PT Jump Shot,SF,Movement Shooter,-1.223701293060566,
Shot Chart Detail,22401040,82,1630533,Ziaire Williams,1610612751,Brooklyn Nets,1,4,38,Made Shot,Jump Shot,3PT Field Goal,Right Corner 3,Right Side(R),24+ ft.,23,239,11,1,1,20250324,BKN,DAL,2240104082,4420,0,1629661|1630533|1630549|1630553|1630570,1,REG,2025,203915,-10.0,PG,Chaser,-0.7701891201072688,Williams 24' 3PT Jump Shot (3 PTS) (Watford 1 AST),SF,Movement Shooter,-1.223701293060566,1630570.0
Shot Chart Detail,22401040,244,1630533,Ziaire Williams,1610612751,Brooklyn Nets,2,5,2,Missed Shot,Driving Floating Jump Shot,2PT Field Goal,In The Paint (Non-RA),Center(C),Less Than 8 ft.,5,49,13,1,0,20250324,BKN,DAL,22401040244,11380,0,1629651|1629661|1630533|1630549|1631213,0,REG,2025,1629023,-13.0,PF,Wing Stopper,0.3284960757794962,MISS Williams 5' Driving Floating Jump Shot,SF,Movement Shooter,-1.223701293060566,
Shot Chart Detail,22401040,341,1630533,Ziaire Williams,1610612751,Brooklyn Nets,3,10,40,Made Shot,Jump Shot,3PT Field Goal,Left Corner 3,Left Side(L),24+ ft.,23,-227,63,1,1,20250324,BKN,DAL,22401040341,15200,0,1629651|1629661|1630533|1630553|1641730,1,REG,2025,203076,-12.0,PF,Mobile Big,1.5522057845679815,Williams 24' 3PT Jump Shot (6 PTS) (Claxton 2 AST),SF,Movement Shooter,-1.223701293060566,1629651.0
Shot Chart Detail,22401040,345,1630533,Ziaire Williams,1610612751,Brooklyn Nets,3,10,13,Missed Shot,Jump Shot,3PT Field Goal,Above the Break 3,Right Side Center(RC),24+ ft.,25,162,197,1,0,20250324,BKN,DAL,22401040345,15470,0,1629651|1629661|1630533|1630553|1641730,0,REG,2025,203076|202691,-12.0,,,,,SF,Movement Shooter,-1.223701293060566,
Shot Chart Detail,22401054,29,1630533,Ziaire Williams,1610612751,Brooklyn Nets,1,10,3,Missed Shot,Jump Shot,3PT Field Goal,Above the Break 3,Right Side Center(RC),24+ ft.,25,175,184,1,0,20250326,BKN,TOR,2240105429,1170,0,1626156|1629651|1630533|1630553|1641730,0,REG,2025,1629628,-3.0,SF,Helper,-0.7197389998038191,MISS Williams 25' 3PT Jump Shot,SF,Movement Shooter,-1.223701293060566,
Shot Chart Detail,22401054,33,1630533,Ziaire Williams,1610612751,Brooklyn Nets,1,9,42,Missed Shot,Driving Layup Shot,2PT Field Goal,In The Paint (Non-RA),Center(C),Less Than 8 ft.,6,-58,21,1,0,20250326,BKN,TOR,2240105433,1380,0,1626156|1629651|1630533|1630553|1641730,0,REG,2025,1629628,-3.0,SF,Helper,-0.7197389998038191,MISS Williams 6' Driving Layup,SF,Movement Shooter,-1.223701293060566,
Shot Chart Detail,22401054,37,1630533,Ziaire Williams,1610612751,Brooklyn Nets,1,9,30,Made Shot,Running Layup Shot,2PT Field Goal,Restricted Area,Center(C),Less Than 8 ft.,1,-16,8,1,1,20250326,BKN,TOR,2240105437,1500,0,1626156|1629651|1630533|1630553|1641730,1,REG,2025,1629628,-1.0,SF,Helper,-0.7197389998038191,Williams 2' Running Layup (2 PTS) (Johnson 2 AST),SF,Movement Shooter,-1.223701293060566,1630553.0
Shot Chart Detail,22401054,259,1630533,Ziaire Williams,1610612751,Brooklyn Nets,2,6,45,Made Shot,Jump Shot,3PT Field Goal,Above the Break 3,Left Side Center(LC),24+ ft.,24,-141,206,1,1,20250326,BKN,TOR,22401054259,10350,0,1629651|1630533|1630570|1641721|1641727,1,REG,2025,1630534,-11.0,SG,Wing Stopper,-0.1173582603867409,Williams 25' 3PT Jump Shot (5 PTS) (Watford 2 AST),SF,Movement Shooter,-1.223701293060566,1630570.0
Shot Chart Detail,22401054,264,1630533,Ziaire Williams,1610612751,Brooklyn Nets,2,6,6,Made Shot,Driving Floating Jump Shot,2PT Field Goal,In The Paint (Non-RA),Center(C),8-16 ft.,10,-13,100,1,1,20250326,BKN,TOR,22401054264,10740,0,1626156|1629651|1630533|1630553|1630570,1,REG,2025,1629628,-12.0,SF,Helper,-0.7197389998038191,Williams 10' Driving Floating Jump Shot (7 PTS) (Claxton 1 AST),SF,Movement Shooter,-1.223701293060566,1629651.0
Shot Chart Detail,22401054,294,1630533,Ziaire Williams,1610612751,Brooklyn Nets,2,4,26,Made Shot,Jump Shot,3PT Field Goal,Above the Break 3,Left Side Center(LC),24+ ft.,25,-142,206,1,1,20250326,BKN,TOR,22401054294,11740,0,1626156|1629651|1630533|1630553|1630592,1,REG,2025,1629628,-12.0,SF,Helper,-0.7197389998038191,Williams 25' 3PT Jump Shot (11 PTS) (Russell 1 AST),SF,Movement Shooter,-1.223701293060566,1626156.0
Shot Chart Detail,22401054,344,1630533,Ziaire Williams,1610612751,Brooklyn Nets,2,0,3,Missed Shot,Jump Shot,3PT Field Goal,Above the Break 3,Right Side Center(RC),24+ ft.,24,224,108,1,0,20250326,BKN,TOR,22401054344,14370,0,1626156|1629651|1630533|1630553|1630592,0,REG,2025,1629628,-17.0,SF,Helper,-0.7197389998038191,MISS Williams 25' 3PT Jump Shot,SF,Movement Shooter,-1.223701293060566,
Shot Chart Detail,22401054,364,1630533,Ziaire Williams,1610612751,Brooklyn Nets,3,10,57,Missed Shot,Reverse Layup Shot,2PT Field Goal,Restricted Area,Center(C),Less Than 8 ft.,2,20,-6,1,0,20250326,BKN,TOR,22401054364,15030,0,1626156|1629651|1630533|1630553|1641730,0,REG,2025,1642347,-17.0,PG,Point of Attack,-0.5461810869932374,MISS Williams 2' Reverse Layup,SF,Movement Shooter,-1.223701293060566,
Shot Chart Detail,22401054,374,1630533,Ziaire Williams,1610612751,Brooklyn Nets,3,10,13,Missed Shot,Jump Shot,3PT Field Goal,Above the Break 3,Center(C),24+ ft.,27,-47,268,1,0,20250326,BKN,TOR,22401054374,15470,0,1626156|1629651|1630533|1630553|1641730,0,REG,2025,1642347,-14.0,PG,Point of Attack,-0.5461810869932374,MISS Williams 27' 3PT Jump Shot,SF,Movement Shooter,-1.223701293060566,
Shot Chart Detail,22401054,395,1630533,Ziaire Williams,1610612751,Brooklyn Nets,3,8,45,Missed Shot,Jump Shot,3PT Field Goal,Left Corner 3,Left Side(L),24+ ft.,23,-230,1,1,0,20250326,BKN,TOR,22401054395,16350,0,1626156|1629651|1630533|1630553|1641730,0,REG,2025,1629628,-12.0,SF,Helper,-0.7197389998038191,MISS Williams 3PT Jump Shot,SF,Movement Shooter,-1.223701293060566,
Shot Chart Detail,22401054,574,1630533,Ziaire Williams,1610612751,Brooklyn Nets,4,8,46,Missed Shot,Jump Shot,3PT Field Goal,Above the Break 3,Right Side Center(RC),24+ ft.,26,83,249,1,0,20250326,BKN,TOR,22401054574,23540,0,1626156|1629651|1630533|1630553|1630570,0,REG,2025,,,,,,,SF,Movement Shooter,-1.223701293060566,
Shot Chart Detail,22401054,591,1630533,Ziaire Williams,1610612751,Brooklyn Nets,4,7,27,Missed Shot,Running Dunk Shot,2PT Field Goal,Restricted Area,Center(C),Less Than 8 ft.,1,10,0,1,0,20250326,BKN,TOR,22401054591,24330,0,1626156|1629651|1630533|1630553|1630570,0,REG,2025,1642419,-27.0,SF,Low Activity,-0.7768653910203955,MISS Williams 1' Running Dunk,SF,Movement Shooter,-1.223701293060566,
Shot Chart Detail,22401054,595,1630533,Ziaire Williams,1610612751,Brooklyn Nets,4,7,13,Missed Shot,Jump Shot,3PT Field Goal,Left Corner 3,Left Side(L),24+ ft.,23,-234,-11,1,0,20250326,BKN,TOR,22401054595,24470,0,1626156|1629651|1630533|1630553|1630570,0,REG,2025,1630639,-29.0,SG,Point of Attack,-0.3916793001203212,MISS Williams 3PT Jump Shot,SF,Movement Shooter,-1.223701293060566,
Shot Chart Detail,22401054,604,1630533,Ziaire Williams,1610612751,Brooklyn Nets,4,6,43,Missed Shot,Pullup Jump shot,3PT Field Goal,Above the Break 3,Center(C),24+ ft.,26,60,256,1,0,20250326,BKN,TOR,22401054604,24770,0,1626156|1629651|1630533|1630553|1630592,0,REG,2025,1629628,-29.0,SF,Helper,-0.7197389998038191,MISS Williams 26' 3PT Pullup Jump Shot,SF,Movement Shooter,-1.223701293060566,
Shot Chart Detail,22401068,21,1630533,Ziaire Williams,1610612751,Brooklyn Nets,1,10,39,Made Shot,Running Jump Shot,3PT Field Goal,Right Corner 3,Right Side(R),24+ ft.,22,227,8,1,1,20250328,BKN,LAC,2240106821,810,0,1626156|1629651|1629661|1630533|1630553,1,REG,2025,1627826,1.0,C,Anchor Big,1.7552205348740877,Williams 3PT Running Jump Shot (3 PTS) (C. Johnson 1 AST),SF,Movement Shooter,-1.223701293060566,1629661.0
Shot Chart Detail,22401068,40,1630533,Ziaire Williams,1610612751,Brooklyn Nets,1,9,27,Made Shot,Cutting Dunk Shot,2PT Field Goal,Restricted Area,Center(C),Less Than 8 ft.,0,0,9,1,1,20250328,BKN,LAC,2240106840,1530,0,1626156|1629651|1629661|1630533|1630553,1,REG,2025,1626181,5.0,SG,Chaser,-0.4565389245082117,Williams 1' Cutting Dunk Shot (6 PTS) (Claxton 1 AST),SF,Movement Shooter,-1.223701293060566,1629651.0
Shot Chart Detail,22401068,271,1630533,Ziaire Williams,1610612751,Brooklyn Nets,2,4,12,Missed Shot,Jump Shot,3PT Field Goal,Above the Break 3,Left Side Center(LC),24+ ft.,24,-110,221,1,0,20250328,BKN,LAC,22401068271,11880,0,1629651|1629661|1630533|1630553|1631213,0,REG,2025,203992,-7.0,SG,Chaser,-0.4350566304358918,MISS Williams 25' 3PT Jump Shot,SF,Movement Shooter,-1.223701293060566,
Shot Chart Detail,22401068,305,1630533,Ziaire Williams,1610612751,Brooklyn Nets,2,1,35,Missed Shot,Jump Shot,3PT Field Goal,Right Corner 3,Right Side(R),24+ ft.,23,229,63,1,0,20250328,BKN,LAC,22401068305,13450,0,1626156|1629651|1629661|1630533|1630553,0,REG,2025,1626181,-16.0,SG,Chaser,-0.4565389245082117,MISS Williams 24' 3PT Jump Shot,SF,Movement Shooter,-1.223701293060566,
Shot Chart Detail,22401068,333,1630533,Ziaire Williams,1610612751,Brooklyn Nets,3,10,46,Missed Shot,Jump Shot,3PT Field Goal,Above the Break 3,Center(C),24+ ft.,25,34,256,1,0,20250328,BKN,LAC,22401068333,15140,0,1626156|1629651|1629661|1630533|1630553,0,REG,2025,1626181,-25.0,SG,Chaser,-0.4565389245082117,MISS Williams 26' 3PT Jump Shot,SF,Movement Shooter,-1.223701293060566,
Shot Chart Detail,22401068,392,1630533,Ziaire Williams,1610612751,Brooklyn Nets,3,6,6,Missed Shot,Jump Shot,3PT Field Goal,Above the Break 3,Center(C),24+ ft.,25,59,253,1,0,20250328,BKN,LAC,22401068392,17940,0,1630533|1630553|1630570|1631166|1631213,0,REG,2025,202695,-33.0,SF,Helper,0.1345521186752098,MISS Williams 26' 3PT Jump Shot,SF,Movement Shooter,-1.223701293060566,
Shot Chart Detail,22401075,253,1630533,Ziaire Williams,1610612751,Brooklyn Nets,2,6,8,Missed Shot,Jump Shot,3PT Field Goal,Left Corner 3,Left Side(L),24+ ft.,23,-238,-16,1,0,20250329,WAS,BKN,22401075253,10720,0,1629661|1630533|1630553|1631213|1641730,0,REG,2025,1642259,-10.0,C,Mobile Big,-0.3710517541838518,MISS Williams 24' 3PT Jump Shot,SF,Movement Shooter,-1.223701293060566,
Shot Chart Detail,22401075,255,1630533,Ziaire Williams,1610612751,Brooklyn Nets,2,6,5,Missed Shot,Driving Layup Shot,2PT Field Goal,In The Paint (Non-RA),Right Side(R),8-16 ft.,8,71,38,1,0,20250329,WAS,BKN,22401075255,10750,0,1629661|1630533|1630553|1631213|1641730,0,REG,2025,1642358|1642267,-10.0,,,,,SF,Movement Shooter,-1.223701293060566,
Shot Chart Detail,22401075,259,1630533,Ziaire Williams,1610612751,Brooklyn Nets,2,5,48,Missed Shot,Running Jump Shot,3PT Field Goal,Above the Break 3,Right Side Center(RC),24+ ft.,26,201,173,1,0,20250329,WAS,BKN,22401075259,10920,0,1629661|1630533|1630553|1631213|1641730,0,REG,2025,1641774,-10.0,C,Mobile Big,0.3582366953423099,MISS Williams 27' 3PT Running Jump Shot,SF,Movement Shooter,-1.223701293060566,
Shot Chart Detail,22401075,274,1630533,Ziaire Williams,1610612751,Brooklyn Nets,2,4,50,Missed Shot,Jump Shot,3PT Field Goal,Above the Break 3,Left Side Center(LC),24+ ft.,25,-228,121,1,0,20250329,WAS,BKN,22401075274,11500,0,1629661|1630533|1630553|1631213|1641730,0,REG,2025,1629673,-12.0,SG,Low Activity,-2.0266257671249024,MISS Williams 26' 3PT Jump Shot,SF,Movement Shooter,-1.223701293060566,
Shot Chart Detail,22401075,328,1630533,Ziaire Williams,1610612751,Brooklyn Nets,2,0,32,Missed Shot,Running Layup Shot,2PT Field Goal,In The Paint (Non-RA),Center(C),Less Than 8 ft.,4,-42,9,1,0,20250329,WAS,BKN,22401075328,14080,0,1629661|1630533|1630553|1631213|1641730,0,REG,2025,1642267,-8.0,PG,Point of Attack,-1.6014382047136893,MISS Williams 4' Running Layup,SF,Movement Shooter,-1.223701293060566,
Shot Chart Detail,22401095,11,1630533,Ziaire Williams,1610612751,Brooklyn Nets,1,11,6,Missed Shot,Jump Shot,3PT Field Goal,Left Corner 3,Left Side(L),24+ ft.,23,-229,68,1,0,20250331,DAL,BKN,2240109511,540,0,1626156|1629651|1630533|1630553|1630592,0,REG,2025,1629023,-3.0,PF,Wing Stopper,0.3284960757794962,MISS Williams 24' 3PT Jump Shot,SF,Movement Shooter,-1.223701293060566,
Shot Chart Detail,22401095,33,1630533,Ziaire Williams,1610612751,Brooklyn Nets,1,9,16,Made Shot,Running Layup Shot,2PT Field Goal,Restricted Area,Center(C),Less Than 8 ft.,1,-15,8,1,1,20250331,DAL,BKN,2240109533,1640,0,1626156|1629651|1630533|1630553|1630592,1,REG,2025,,,,,,,SF,Movement Shooter,-1.223701293060566,1630592.0
Shot Chart Detail,22401095,272,1630533,Ziaire Williams,1610612751,Brooklyn Nets,2,3,44,Made Shot,Jump Shot,3PT Field Goal,Left Corner 3,Left Side(L),24+ ft.,22,-227,9,1,1,20250331,DAL,BKN,22401095272,12160,0,1629651|1630533|1630553|1630592|1631213,1,REG,2025,1629023,-1.0,PF,Wing Stopper,0.3284960757794962,Williams 3PT Jump Shot (5 PTS) (Martin 1 AST),SF,Movement Shooter,-1.223701293060566,1631213.0
Shot Chart Detail,22401095,276,1630533,Ziaire Williams,1610612751,Brooklyn Nets,2,3,18,Made Shot,Fadeaway Jump Shot,2PT Field Goal,Mid-Range,Left Side(L),8-16 ft.,13,-98,99,1,1,20250331,DAL,BKN,22401095276,12420,0,1629651|1630533|1630553|1630592|1631213,1,REG,2025,1629023,1.0,PF,Wing Stopper,0.3284960757794962,Williams 14' Fadeaway Jumper (7 PTS) (Johnson 2 AST),SF,Movement Shooter,-1.223701293060566,1630553.0
Shot Chart Detail,22401095,293,1630533,Ziaire Williams,1610612751,Brooklyn Nets,2,2,12,Made Shot,Step Back Jump shot,3PT Field Goal,Above the Break 3,Right Side Center(RC),24+ ft.,24,224,100,1,1,20250331,DAL,BKN,22401095293,13080,0,1626156|1629651|1630533|1630553|1630592,1,REG,2025,1629023,1.0,PF,Wing Stopper,0.3284960757794962,Williams 25' 3PT Step Back Jump Shot (10 PTS) (Johnson 3 AST),SF,Movement Shooter,-1.223701293060566,1630553.0
Shot Chart Detail,22401095,336,1630533,Ziaire Williams,1610612751,Brooklyn Nets,3,10,34,Missed Shot,Jump Shot,3PT Field Goal,Left Corner 3,Left Side(L),24+ ft.,22,-224,20,1,0,20250331,DAL,BKN,22401095336,15260,0,1626156|1629651|1630533|1630553|1630592,0,REG,2025,203076,-5.0,PF,Mobile Big,1.5522057845679815,MISS Williams 3PT Jump Shot,SF,Movement Shooter,-1.223701293060566,
Shot Chart Detail,22401095,348,1630533,Ziaire Williams,1610612751,Brooklyn Nets,3,9,47,Missed Shot,Running Jump Shot,3PT Field Goal,Left Corner 3,Left Side(L),24+ ft.,23,-230,-6,1,0,20250331,DAL,BKN,22401095348,15730,0,1626156|1629651|1630533|1630553|1630592,0,REG,2025,203076,-5.0,PF,Mobile Big,1.5522057845679815,MISS Williams 3PT Running Jump Shot,SF,Movement Shooter,-1.223701293060566,
Shot Chart Detail,22401095,417,1630533,Ziaire Williams,1610612751,Brooklyn Nets,3,5,22,Missed Shot,Jump Shot,3PT Field Goal,Left Corner 3,Left Side(L),24+ ft.,22,-225,11,1,0,20250331,DAL,BKN,22401095417,18380,0,1626156|1629651|1630533|1630553|1630592,0,REG,2025,1630539,-4.0,C,Mobile Big,0.6862246670003649,MISS Williams 3PT Jump Shot,SF,Movement Shooter,-1.223701293060566,
Shot Chart Detail,22401134,40,1630533,Ziaire Williams,1610612751,Brooklyn Nets,1,8,24,Missed Shot,Jump Shot,3PT Field Goal,Left Corner 3,Left Side(L),24+ ft.,22,-222,-12,1,0,20250406,BKN,TOR,2240113440,2160,0,1630533|1630553|1630570|1631166|1641736,0,REG,2025,,,,,,,SF,Movement Shooter,-1.223701293060566,
Shot Chart Detail,22401134,195,1630533,Ziaire Williams,1610612751,Brooklyn Nets,2,10,59,Made Shot,Jump Shot,3PT Field Goal,Above the Break 3,Left Side Center(LC),24+ ft.,25,-151,208,1,1,20250406,BKN,TOR,22401134195,7810,0,1630533|1630553|1630570|1630623|1641787,1,REG,2025,1630639,-4.0,SG,Point of Attack,-0.3916793001203212,Williams 26' 3PT Jump Shot (5 PTS) (Watford 1 AST),SF,Movement Shooter,-1.223701293060566,1630570.0
Shot Chart Detail,22401134,223,1630533,Ziaire Williams,1610612751,Brooklyn Nets,2,8,55,Made Shot,Layup Shot,2PT Field Goal,Restricted Area,Center(C),Less Than 8 ft.,0,-5,8,1,1,20250406,BKN,TOR,22401134223,9050,0,1630533|1630553|1630570|1630623|1641787,1,REG,2025,,,,,,,SF,Movement Shooter,-1.223701293060566,1630570.0
Shot Chart Detail,22401134,236,1630533,Ziaire Williams,1610612751,Brooklyn Nets,2,8,5,Made Shot,Running Finger Roll Layup Shot,2PT Field Goal,Restricted Area,Center(C),Less Than 8 ft.,2,-22,11,1,1,20250406,BKN,TOR,22401134236,9550,0,1630533|1630553|1630570|1630623|1641787,1,REG,2025,,,,,,,SF,Movement Shooter,-1.223701293060566,1630553.0
Shot Chart Detail,22401134,619,1630533,Ziaire Williams,1610612751,Brooklyn Nets,4,7,56,Made Shot,Running Dunk Shot,2PT Field Goal,Restricted Area,Center(C),Less Than 8 ft.,1,-6,15,1,1,20250406,BKN,TOR,22401134619,24040,0,1630623|1631166|1641721|1641727|1641736,1,REG,2025,1631197,-9.0,SG,Chaser,-0.1782295903695427,Williams 2' Running Dunk (11 PTS) (Johnson 4 AST),SF,Movement Shooter,-1.223701293060566,1630553.0
Shot Chart Detail,22401150,30,1630533,Ziaire Williams,1610612751,Brooklyn Nets,1,8,54,Made Shot,Jump Shot,3PT Field Goal,Above the Break 3,Left Side Center(LC),24+ ft.,24,-170,178,1,1,20250408,BKN,NOP,2240115030,1860,0,1629651|1630533|1630570|1630592|1641736,1,REG,2025,203482,5.0,C,Helper,0.4635202898276939,Williams 25' 3PT Jump Shot (3 PTS) (Claxton 1 AST),SF,Movement Shooter,-1.223701293060566,1629651.0
Shot Chart Detail,22401150,37,1630533,Ziaire Williams,1610612751,Brooklyn Nets,1,7,59,Missed Shot,Jump Shot,3PT Field Goal,Above the Break 3,Right Side Center(RC),24+ ft.,26,108,237,1,0,20250408,BKN,NOP,2240115037,2410,0,1629651|1630533|1630570|1630592|1641736,0,REG,2025,1630631,5.0,PG,Point of Attack,-1.0184415589678633,MISS Williams 26' 3PT Jump Shot,SF,Movement Shooter,-1.223701293060566,
Shot Chart Detail,22401150,61,1630533,Ziaire Williams,1610612751,Brooklyn Nets,1,6,12,Missed Shot,Running Jump Shot,3PT Field Goal,Right Corner 3,Right Side(R),24+ ft.,23,229,38,1,0,20250408,BKN,NOP,2240115061,3480,0,1629651|1630533|1630570|1630592|1641736,0,REG,2025,1630631,9.0,PG,Point of Attack,-1.0184415589678633,MISS Williams 3PT Running Jump Shot,SF,Movement Shooter,-1.223701293060566,
Shot Chart Detail,22401150,72,1630533,Ziaire Williams,1610612751,Brooklyn Nets,1,4,48,Made Shot,Jump Shot,3PT Field Goal,Left Corner 3,Left Side(L),24+ ft.,23,-222,64,1,1,20250408,BKN,NOP,2240115072,4320,0,1629651|1630533|1630570|1630592|1641736,1,REG,2025,203482,9.0,C,Helper,0.4635202898276939,Williams 3PT Jump Shot (8 PTS) (Watford 2 AST),SF,Movement Shooter,-1.223701293060566,1630570.0
Shot Chart Detail,22401150,177,1630533,Ziaire Williams,1610612751,Brooklyn Nets,2,10,15,Missed Shot,Jump Shot,3PT Field Goal,Left Corner 3,Left Side(L),24+ ft.,22,-223,-16,1,0,20250408,BKN,NOP,22401150177,8250,0,1629651|1630533|1630592|1630623|1641787,0,REG,2025,203901,3.0,PG,Point of Attack,0.6215351880304025,MISS Williams 3PT Jump Shot,SF,Movement Shooter,-1.223701293060566,
Shot Chart Detail,22401169,42,1630533,Ziaire Williams,1610612751,Brooklyn Nets,1,8,57,Missed Shot,Pullup Jump shot,2PT Field Goal,Mid-Range,Right Side Center(RC),16-24 ft.,16,123,117,1,0,20250410,BKN,ATL,2240116942,1830,0,1629651|1630533|1630553|1630570|1641736,0,REG,2025,,,,,,,SF,Movement Shooter,-1.223701293060566,
Shot Chart Detail,22401169,57,1630533,Ziaire Williams,1610612751,Brooklyn Nets,1,8,10,Made Shot,Running Jump Shot,3PT Field Goal,Right Corner 3,Right Side(R),24+ ft.,24,230,79,1,1,20250410,BKN,ATL,2240116957,2300,0,1629651|1630533|1630553|1630570|1641736,1,REG,2025,,,,,,,SF,Movement Shooter,-1.223701293060566,1630553.0
Shot Chart Detail,22401169,93,1630533,Ziaire Williams,1610612751,Brooklyn Nets,1,6,11,Missed Shot,Driving Floating Jump Shot,2PT Field Goal,In The Paint (Non-RA),Center(C),Less Than 8 ft.,7,75,7,1,0,20250410,BKN,ATL,2240116993,3490,0,1630533|1630623|1631166|1641727|1641787,0,REG,2025,,,,,,,SF,Movement Shooter,-1.223701293060566,
Shot Chart Detail,22401169,197,1630533,Ziaire Williams,1610612751,Brooklyn Nets,2,10,58,Missed Shot,Jump Shot,3PT Field Goal,Right Corner 3,Right Side(R),24+ ft.,23,233,-9,1,0,20250410,BKN,ATL,22401169197,7820,0,1629651|1630533|1630553|1630570|1641736,0,REG,2025,1627777,-21.0,PF,Helper,-0.6341645790057852,MISS Williams 3PT Jump Shot,SF,Movement Shooter,-1.223701293060566,
Shot Chart Detail,22401169,199,1630533,Ziaire Williams,1610612751,Brooklyn Nets,2,10,53,Made Shot,Driving Floating Bank Jump Shot,2PT Field Goal,Mid-Range,Right Side(R),8-16 ft.,8,85,18,1,1,20250410,BKN,ATL,22401169199,7870,0,1629651|1630533|1630553|1630570|1641736,1,REG,2025,1627777,-19.0,PF,Helper,-0.6341645790057852,Williams 9' Driving Floating Bank Jump Shot (6 PTS) (Beekman 1 AST),SF,Movement Shooter,-1.223701293060566,1641736.0
Shot Chart Detail,22401169,225,1630533,Ziaire Williams,1610612751,Brooklyn Nets,2,9,26,Missed Shot,Layup Shot,2PT Field Goal,In The Paint (Non-RA),Center(C),Less Than 8 ft.,5,32,39,1,0,20250410,BKN,ATL,22401169225,8740,0,1629651|1630533|1630570|1630623|1641736,0,REG,2025,,,,,,,SF,Movement Shooter,-1.223701293060566,
Shot Chart Detail,22401169,435,1630533,Ziaire Williams,1610612751,Brooklyn Nets,3,7,25,Made Shot,Driving Floating Jump Shot,2PT Field Goal,In The Paint (Non-RA),Center(C),Less Than 8 ft.,7,-10,75,1,1,20250410,BKN,ATL,22401169435,17150,0,1629651|1630533|1630553|1630592|1631213,0,REG,2025,1629027,-27.0,PG,Low Activity,-1.5856726718676522,Williams 8' Driving Floating Jump Shot (9 PTS),SF,Movement Shooter,-1.223701293060566,
