PLAYER_ID,PLAYER_NAME,SHOT_ID,GRID_TYPE,GAME_ID,GAME_EVENT_ID,TEAM_ID,TEAM_NAME,PERIOD,MINUTES_REMAINING,SECONDS_REMAINING,EVENT_TYPE,ACTION_TYPE,SHOT_TYPE,SHOT_ZONE_BASIC,SHOT_ZONE_AREA,SHOT_ZONE_RANGE,SHOT_DISTANCE,LOC_X,LOC_Y,SHOT_ATTEMPTED_FLAG,SHOT_MADE_FLAG,GAME_DATE,HTM,VTM,PLAYERS_ON,assisted,season_type,year,DEF_ID,DEF_POSITION,DEF_ROLE,D_LEBRON
203954,Joel Embiid,220000137,Shot Chart Detail,22000013,7,1610612755,Philadelphia 76ers,1,11,43,Missed Shot,Fadeaway Jump Shot,,Mid-Range,Center(C),8-16 ft.,14,-4,147,1,0,20201223,PHI,WAS,|1627732|201980|202699|203552|203954,0,REG,2021,1628418,C,Anchor Big,0.02
203954,Joel Embiid,2200001348,Shot Chart Detail,22000013,48,1610612755,Philadelphia 76ers,1,8,1,Made Shot,Alley Oop Dunk Shot,,Restricted Area,Center(C),Less Than 8 ft.,2,-2,21,1,1,20201223,PHI,WAS,|1627732|201980|202699|203552|203954,1,REG,2021,1628418,C,Anchor Big,0.02
203954,Joel Embiid,2200001358,Shot Chart Detail,22000013,58,1610612755,Philadelphia 76ers,1,6,45,Missed Shot,Fadeaway Jump Shot,,Mid-Range,Right Side(R),8-16 ft.,15,94,120,1,0,20201223,PHI,WAS,|1627732|201980|202699|203552|203954,0,REG,2021,1628418,C,Anchor Big,0.02
203954,Joel Embiid,2200001383,Shot Chart Detail,22000013,83,1610612755,Philadelphia 76ers,1,4,56,Made Shot,Jump Shot,,Mid-Range,Left Side(L),8-16 ft.,10,-103,34,1,1,20201223,PHI,WAS,|1627732|1629003|202699|203552|203954,0,REG,2021,1628418,C,Anchor Big,0.02
203954,Joel Embiid,2200001395,Shot Chart Detail,22000013,95,1610612755,Philadelphia 76ers,1,4,13,Made Shot,Jump Shot,,Mid-Range,Center(C),16-24 ft.,20,9,200,1,1,20201223,PHI,WAS,|1627732|1629003|202699|203552|203954,0,REG,2021,201577,C,,0.57
203954,Joel Embiid,22000013100,Shot Chart Detail,22000013,100,1610612755,Philadelphia 76ers,1,3,43,Made Shot,Putback Layup Shot,,Restricted Area,Center(C),Less Than 8 ft.,1,13,14,1,1,20201223,PHI,WAS,|1627732|1629003|202699|203552|203954,0,REG,2021,203078|1630166,,,
203954,Joel Embiid,22000013202,Shot Chart Detail,22000013,202,1610612755,Philadelphia 76ers,2,8,8,Missed Shot,Turnaround Fadeaway shot,,In The Paint (Non-RA),Center(C),Less Than 8 ft.,6,63,6,1,0,20201223,PHI,WAS,|1627788|1629003|1630178|203118|203954,0,REG,2021,1628418,C,Anchor Big,0.02
203954,Joel Embiid,22000013210,Shot Chart Detail,22000013,210,1610612755,Philadelphia 76ers,2,7,0,Missed Shot,Pullup Jump shot,,Mid-Range,Center(C),16-24 ft.,16,-11,168,1,0,20201223,PHI,WAS,|1627788|1629003|1630178|203118|203954,0,REG,2021,1628418,C,Anchor Big,0.02
203954,Joel Embiid,22000013241,Shot Chart Detail,22000013,241,1610612755,Philadelphia 76ers,2,5,16,Made Shot,Jump Shot,,Above the Break 3,Center(C),24+ ft.,26,-46,266,1,1,20201223,PHI,WAS,|1627732|1629003|202699|203552|203954,1,REG,2021,203078,SG,,0.21
203954,Joel Embiid,22000013549,Shot Chart Detail,22000013,549,1610612755,Philadelphia 76ers,4,9,12,Made Shot,Fadeaway Jump Shot,,Mid-Range,Left Side(L),8-16 ft.,11,-115,1,1,1,20201223,PHI,WAS,|1627788|1629003|203118|203552|203954,0,REG,2021,201577,C,,0.57
203954,Joel Embiid,22000013553,Shot Chart Detail,22000013,553,1610612755,Philadelphia 76ers,4,8,45,Made Shot,Jump Shot,,Mid-Range,Left Side Center(LC),16-24 ft.,18,-117,137,1,1,20201223,PHI,WAS,|1627788|1629003|203118|203552|203954,0,REG,2021,201577,C,,0.57
203954,Joel Embiid,22000013571,Shot Chart Detail,22000013,571,1610612755,Philadelphia 76ers,4,7,37,Made Shot,Pullup Jump shot,,Mid-Range,Center(C),16-24 ft.,18,-20,185,1,1,20201223,PHI,WAS,|1627788|1629003|203118|203552|203954,0,REG,2021,1629067|1628418,,,
203954,Joel Embiid,22000013577,Shot Chart Detail,22000013,577,1610612755,Philadelphia 76ers,4,6,54,Missed Shot,Pullup Jump shot,,Mid-Range,Left Side(L),16-24 ft.,16,-159,53,1,0,20201223,PHI,WAS,|1627788|1629003|203118|203552|203954,0,REG,2021,1628418,C,Anchor Big,0.02
203954,Joel Embiid,22000013585,Shot Chart Detail,22000013,585,1610612755,Philadelphia 76ers,4,6,23,Made Shot,Driving Layup Shot,,Restricted Area,Center(C),Less Than 8 ft.,1,8,12,1,1,20201223,PHI,WAS,|1627732|1629003|203118|203552|203954,0,REG,2021,203078|1629067|1628418,,,
203954,Joel Embiid,22000013613,Shot Chart Detail,22000013,613,1610612755,Philadelphia 76ers,4,4,56,Missed Shot,Turnaround Fadeaway shot,,In The Paint (Non-RA),Center(C),8-16 ft.,11,-56,105,1,0,20201223,PHI,WAS,|1627732|1629003|202699|203552|203954,0,REG,2021,203078|1628418,,,
203954,Joel Embiid,22000013637,Shot Chart Detail,22000013,637,1610612755,Philadelphia 76ers,4,3,35,Missed Shot,Layup Shot,,Restricted Area,Center(C),Less Than 8 ft.,2,8,22,1,0,20201223,PHI,WAS,|1627732|1629003|202699|203552|203954,0,REG,2021,203078|202722|1630166|1628418,,,
203954,Joel Embiid,22000013666,Shot Chart Detail,22000013,666,1610612755,Philadelphia 76ers,4,1,9,Made Shot,Driving Layup Shot,,Restricted Area,Center(C),Less Than 8 ft.,1,-13,4,1,1,20201223,PHI,WAS,|1627732|1629003|202699|203552|203954,0,REG,2021,1628418,C,Anchor Big,0.02
203954,Joel Embiid,2200002521,Shot Chart Detail,22000025,21,1610612755,Philadelphia 76ers,1,11,13,Missed Shot,Driving Finger Roll Layup Shot,,Restricted Area,Center(C),Less Than 8 ft.,1,-4,11,1,0,20201226,NYK,PHI,|1627732|201980|202699|203552|203954,0,REG,2021,203944|1629011|1629628,,,
203954,Joel Embiid,2200002525,Shot Chart Detail,22000025,25,1610612755,Philadelphia 76ers,1,10,50,Missed Shot,Jump Shot,,Above the Break 3,Center(C),24+ ft.,25,-63,252,1,0,20201226,NYK,PHI,|1627732|201980|202699|203552|203954,0,REG,2021,1629011,C,Anchor Big,2.06
203954,Joel Embiid,2200002528,Shot Chart Detail,22000025,28,1610612755,Philadelphia 76ers,1,10,15,Made Shot,Fadeaway Jump Shot,,Mid-Range,Center(C),16-24 ft.,16,-30,164,1,1,20201226,NYK,PHI,|1627732|201980|202699|203552|203954,0,REG,2021,1629011,C,Anchor Big,2.06
203954,Joel Embiid,2200002546,Shot Chart Detail,22000025,46,1610612755,Philadelphia 76ers,1,7,53,Made Shot,Fadeaway Jump Shot,,Mid-Range,Left Side(L),8-16 ft.,15,-117,100,1,1,20201226,NYK,PHI,|1627732|201980|202699|203552|203954,0,REG,2021,1629011,C,Anchor Big,2.06
203954,Joel Embiid,2200002549,Shot Chart Detail,22000025,49,1610612755,Philadelphia 76ers,1,7,12,Made Shot,Jump Shot,,Above the Break 3,Right Side Center(RC),24+ ft.,26,171,199,1,1,20201226,NYK,PHI,|1627732|201980|202699|203552|203954,1,REG,2021,203901,PG,Point of Attack,-0.07
203954,Joel Embiid,2200002563,Shot Chart Detail,22000025,63,1610612755,Philadelphia 76ers,1,5,54,Missed Shot,Fadeaway Jump Shot,,Mid-Range,Left Side(L),8-16 ft.,12,-92,78,1,0,20201226,NYK,PHI,|1627732|201980|202699|203552|203954,0,REG,2021,1629011,C,Anchor Big,2.06
203954,Joel Embiid,2200002587,Shot Chart Detail,22000025,87,1610612755,Philadelphia 76ers,1,4,50,Missed Shot,Turnaround Jump Shot,,In The Paint (Non-RA),Center(C),8-16 ft.,9,-37,83,1,0,20201226,NYK,PHI,|1627732|1629003|202699|203552|203954,0,REG,2021,203901|203457,,,
203954,Joel Embiid,22000025106,Shot Chart Detail,22000025,106,1610612755,Philadelphia 76ers,1,3,11,Made Shot,Layup Shot,,Restricted Area,Center(C),Less Than 8 ft.,2,14,21,1,1,20201226,NYK,PHI,|1627732|1629003|202699|203552|203954,0,REG,2021,1629628,SG,Chaser,-1.07
203954,Joel Embiid,22000025113,Shot Chart Detail,22000025,113,1610612755,Philadelphia 76ers,1,2,17,Missed Shot,Layup Shot,,Restricted Area,Center(C),Less Than 8 ft.,0,1,8,1,0,20201226,NYK,PHI,|1627732|1629003|202699|203552|203954,0,REG,2021,202692,SG,,-1.71
203954,Joel Embiid,22000025276,Shot Chart Detail,22000025,276,1610612755,Philadelphia 76ers,2,4,17,Made Shot,Turnaround Bank Hook Shot,,In The Paint (Non-RA),Center(C),Less Than 8 ft.,5,9,52,1,1,20201226,NYK,PHI,|1627732|201980|202699|203552|203954,1,REG,2021,1629011,C,Anchor Big,2.06
203954,Joel Embiid,22000025283,Shot Chart Detail,22000025,283,1610612755,Philadelphia 76ers,2,3,45,Made Shot,Layup Shot,,Restricted Area,Center(C),Less Than 8 ft.,1,-11,11,1,1,20201226,NYK,PHI,|1627732|201980|202699|203552|203954,1,REG,2021,202692,SG,,-1.71
203954,Joel Embiid,22000025319,Shot Chart Detail,22000025,319,1610612755,Philadelphia 76ers,2,1,9,Made Shot,Fadeaway Jump Shot,,In The Paint (Non-RA),Left Side(L),8-16 ft.,8,-49,69,1,1,20201226,NYK,PHI,|1627732|201980|203118|203552|203954,1,REG,2021,203944|203457,,,
203954,Joel Embiid,22000025358,Shot Chart Detail,22000025,358,1610612755,Philadelphia 76ers,3,10,51,Missed Shot,Step Back Jump shot,,Mid-Range,Left Side Center(LC),16-24 ft.,17,-76,155,1,0,20201226,NYK,PHI,|1627732|201980|202699|203552|203954,0,REG,2021,1629011,C,Anchor Big,2.06
203954,Joel Embiid,22000025387,Shot Chart Detail,22000025,387,1610612755,Philadelphia 76ers,3,8,8,Made Shot,Tip Layup Shot,,Restricted Area,Center(C),Less Than 8 ft.,0,0,0,1,1,20201226,NYK,PHI,|1627732|201980|202699|203552|203954,0,REG,2021,203901|203944,,,
203954,Joel Embiid,22000025415,Shot Chart Detail,22000025,415,1610612755,Philadelphia 76ers,3,5,38,Made Shot,Layup Shot,,Restricted Area,Center(C),Less Than 8 ft.,0,8,5,1,1,20201226,NYK,PHI,|1627732|201980|202699|203552|203954,0,REG,2021,1629011|203493,,,
203954,Joel Embiid,22000025428,Shot Chart Detail,22000025,428,1610612755,Philadelphia 76ers,3,4,31,Missed Shot,Jump Shot,,Mid-Range,Left Side(L),8-16 ft.,12,-93,84,1,0,20201226,NYK,PHI,|1627732|1629003|201980|202699|203954,0,REG,2021,1629011,C,Anchor Big,2.06
203954,Joel Embiid,22000025547,Shot Chart Detail,22000025,547,1610612755,Philadelphia 76ers,4,7,43,Missed Shot,Jump Shot,,Mid-Range,Center(C),8-16 ft.,15,-19,158,1,0,20201226,NYK,PHI,|1627788|1629003|202699|203552|203954,0,REG,2021,203944,PF,Mobile Big,0.07
203954,Joel Embiid,22000025559,Shot Chart Detail,22000025,559,1610612755,Philadelphia 76ers,4,6,58,Missed Shot,Jump Shot,,In The Paint (Non-RA),Left Side(L),8-16 ft.,10,-76,68,1,0,20201226,NYK,PHI,|1627732|201980|202699|203552|203954,0,REG,2021,1629628,SG,Chaser,-1.07
203954,Joel Embiid,22000025563,Shot Chart Detail,22000025,563,1610612755,Philadelphia 76ers,4,6,27,Made Shot,Jump Shot,,Above the Break 3,Center(C),24+ ft.,25,-51,249,1,1,20201226,NYK,PHI,|1627732|201980|202699|203552|203954,0,REG,2021,1629628,SG,Chaser,-1.07
203954,Joel Embiid,22000025566,Shot Chart Detail,22000025,566,1610612755,Philadelphia 76ers,4,6,2,Missed Shot,Jump Shot,,Above the Break 3,Center(C),24+ ft.,25,-39,249,1,0,20201226,NYK,PHI,|1627732|201980|202699|203552|203954,0,REG,2021,,,,
203954,Joel Embiid,2200004915,Shot Chart Detail,22000049,15,1610612755,Philadelphia 76ers,1,11,14,Missed Shot,Hook Shot,,In The Paint (Non-RA),Center(C),Less Than 8 ft.,4,12,48,1,0,20201229,PHI,TOR,|1627732|201980|202699|203552|203954,0,REG,2021,203382,C,,-0.05
203954,Joel Embiid,2200004947,Shot Chart Detail,22000049,47,1610612755,Philadelphia 76ers,1,8,2,Missed Shot,Jump Shot,,Mid-Range,Right Side(R),8-16 ft.,14,145,38,1,0,20201229,PHI,TOR,|1627732|201980|202699|203552|203954,0,REG,2021,203382,C,,-0.05
203954,Joel Embiid,2200004998,Shot Chart Detail,22000049,98,1610612755,Philadelphia 76ers,1,3,53,Made Shot,Jump Shot,,Above the Break 3,Left Side Center(LC),24+ ft.,25,-193,167,1,1,20201229,PHI,TOR,|1627732|1629003|202699|203552|203954,1,REG,2021,,,,
203954,Joel Embiid,22000049126,Shot Chart Detail,22000049,126,1610612755,Philadelphia 76ers,1,2,10,Missed Shot,Jump Shot,,Above the Break 3,Right Side Center(RC),24+ ft.,27,136,241,1,0,20201229,PHI,TOR,|1629003|1629680|1630178|202699|203954,0,REG,2021,,,,
203954,Joel Embiid,22000049253,Shot Chart Detail,22000049,253,1610612755,Philadelphia 76ers,2,6,50,Missed Shot,Jump Shot,,Above the Break 3,Center(C),24+ ft.,26,-18,269,1,0,20201229,PHI,TOR,|1627732|201980|202699|203552|203954,0,REG,2021,1627783,PF,Helper,1.73
203954,Joel Embiid,22000049316,Shot Chart Detail,22000049,316,1610612755,Philadelphia 76ers,2,3,10,Made Shot,Driving Floating Jump Shot,,In The Paint (Non-RA),Center(C),Less Than 8 ft.,6,24,62,1,1,20201229,PHI,TOR,|1627732|1629003|202699|203552|203954,1,REG,2021,203382|1626169,,,
203954,Joel Embiid,22000049333,Shot Chart Detail,22000049,333,1610612755,Philadelphia 76ers,2,1,52,Made Shot,Reverse Layup Shot,,Restricted Area,Center(C),Less Than 8 ft.,2,2,29,1,1,20201229,PHI,TOR,|1627732|1629003|202699|203552|203954,1,REG,2021,1627832,PG,Point of Attack,-0.37
203954,Joel Embiid,22000049362,Shot Chart Detail,22000049,362,1610612755,Philadelphia 76ers,2,0,34,Missed Shot,Jump Shot,,Above the Break 3,Center(C),24+ ft.,27,1,271,1,0,20201229,PHI,TOR,|1627732|1629003|202699|203552|203954,0,REG,2021,,,,
203954,Joel Embiid,22000049391,Shot Chart Detail,22000049,391,1610612755,Philadelphia 76ers,3,10,49,Missed Shot,Jump Shot,,Above the Break 3,Left Side Center(LC),24+ ft.,27,-89,262,1,0,20201229,PHI,TOR,|1627732|201980|202699|203552|203954,0,REG,2021,203382,C,,-0.05
203954,Joel Embiid,22000049503,Shot Chart Detail,22000049,503,1610612755,Philadelphia 76ers,3,2,46,Made Shot,Layup Shot,,Restricted Area,Center(C),Less Than 8 ft.,1,-11,-1,1,1,20201229,PHI,TOR,|1627732|1629003|1630178|202699|203954,1,REG,2021,,,,
203954,Joel Embiid,22000049515,Shot Chart Detail,22000049,515,1610612755,Philadelphia 76ers,3,1,48,Made Shot,Jump Shot,,Mid-Range,Center(C),16-24 ft.,17,-33,175,1,1,20201229,PHI,TOR,|1629003|1629680|1630178|202699|203954,1,REG,2021,1626169,SF,Chaser,-0.23
203954,Joel Embiid,22000049564,Shot Chart Detail,22000049,564,1610612755,Philadelphia 76ers,4,10,48,Missed Shot,Driving Layup Shot,,Restricted Area,Center(C),Less Than 8 ft.,2,-16,25,1,0,20201229,PHI,TOR,|1629003|1629680|203118|203552|203954,0,REG,2021,,,,
203954,Joel Embiid,22000049571,Shot Chart Detail,22000049,571,1610612755,Philadelphia 76ers,4,10,11,Made Shot,Putback Layup Shot,,Restricted Area,Center(C),Less Than 8 ft.,2,4,22,1,1,20201229,PHI,TOR,|1629003|1629680|203118|203552|203954,0,REG,2021,1628384,SF,Wing Stopper,0.05
203954,Joel Embiid,22000049594,Shot Chart Detail,22000049,594,1610612755,Philadelphia 76ers,4,8,14,Missed Shot,Jump Shot,,In The Paint (Non-RA),Center(C),8-16 ft.,13,-23,134,1,0,20201229,PHI,TOR,|1629003|1629680|203118|203552|203954,0,REG,2021,200768|1629744,,,
203954,Joel Embiid,22000049597,Shot Chart Detail,22000049,597,1610612755,Philadelphia 76ers,4,8,10,Made Shot,Tip Layup Shot,,Restricted Area,Center(C),Less Than 8 ft.,0,0,0,1,1,20201229,PHI,TOR,|1629003|1629680|203118|203552|203954,0,REG,2021,200768|1626169|1629744,,,
203954,Joel Embiid,22000049713,Shot Chart Detail,22000049,713,1610612755,Philadelphia 76ers,4,2,3,Missed Shot,Jump Shot,,Above the Break 3,Left Side Center(LC),24+ ft.,25,-81,247,1,0,20201229,PHI,TOR,|1627732|201980|202699|203552|203954,0,REG,2021,203382,C,,-0.05
203954,Joel Embiid,22000049732,Shot Chart Detail,22000049,732,1610612755,Philadelphia 76ers,4,0,41,Missed Shot,Pullup Jump shot,,Mid-Range,Center(C),16-24 ft.,19,14,196,1,0,20201229,PHI,TOR,|1627732|201980|202699|203552|203954,0,REG,2021,203382,C,,-0.05
203954,Joel Embiid,2200006417,Shot Chart Detail,22000064,17,1610612755,Philadelphia 76ers,1,10,18,Missed Shot,Jump Shot,,Above the Break 3,Center(C),24+ ft.,24,-16,244,1,0,20201231,ORL,PHI,|1627732|201980|202699|203552|203954,0,REG,2021,,,,
203954,Joel Embiid,2200006421,Shot Chart Detail,22000064,21,1610612755,Philadelphia 76ers,1,9,48,Made Shot,Jump Shot,,Mid-Range,Right Side Center(RC),16-24 ft.,21,128,169,1,1,20201231,ORL,PHI,|1627732|201980|202699|203552|203954,1,REG,2021,,,,
203954,Joel Embiid,2200006463,Shot Chart Detail,22000064,63,1610612755,Philadelphia 76ers,1,7,15,Made Shot,Layup Shot,,Restricted Area,Center(C),Less Than 8 ft.,3,2,36,1,1,20201231,ORL,PHI,|1627732|201980|202699|203552|203954,1,REG,2021,1628407|203095,,,
203954,Joel Embiid,2200006472,Shot Chart Detail,22000064,72,1610612755,Philadelphia 76ers,1,6,16,Made Shot,Jump Shot,,Mid-Range,Left Side(L),8-16 ft.,14,-138,37,1,1,20201231,ORL,PHI,|1627732|201980|202699|203552|203954,0,REG,2021,,,,
203954,Joel Embiid,2200006484,Shot Chart Detail,22000064,84,1610612755,Philadelphia 76ers,1,5,9,Made Shot,Driving Dunk Shot,,Restricted Area,Center(C),Less Than 8 ft.,3,-23,25,1,1,20201231,ORL,PHI,|1627732|201980|202699|203552|203954,0,REG,2021,203095,SG,,-1.81
203954,Joel Embiid,22000064102,Shot Chart Detail,22000064,102,1610612755,Philadelphia 76ers,1,3,57,Missed Shot,Layup Shot,,Restricted Area,Center(C),Less Than 8 ft.,3,-25,28,1,0,20201231,ORL,PHI,|1627732|1629003|202699|203552|203954,0,REG,2021,,,,
203954,Joel Embiid,22000064289,Shot Chart Detail,22000064,289,1610612755,Philadelphia 76ers,2,2,24,Made Shot,Layup Shot,,In The Paint (Non-RA),Center(C),Less Than 8 ft.,4,33,32,1,1,20201231,ORL,PHI,|1627732|201980|202699|203552|203954,1,REG,2021,1629643,PF,Helper,-0.12
203954,Joel Embiid,22000064388,Shot Chart Detail,22000064,388,1610612755,Philadelphia 76ers,3,7,52,Missed Shot,Turnaround Jump Shot,,Mid-Range,Center(C),16-24 ft.,16,-25,159,1,0,20201231,ORL,PHI,|1627732|201980|202699|203552|203954,0,REG,2021,1628365,SG,Point of Attack,-0.62
203954,Joel Embiid,22000064411,Shot Chart Detail,22000064,411,1610612755,Philadelphia 76ers,3,6,4,Made Shot,Jump Shot,,Above the Break 3,Left Side Center(LC),24+ ft.,24,-172,179,1,1,20201231,ORL,PHI,|1627732|201980|202699|203552|203954,1,REG,2021,203487,PG,Point of Attack,-0.35
203954,Joel Embiid,22000064425,Shot Chart Detail,22000064,425,1610612755,Philadelphia 76ers,3,4,51,Made Shot,Pullup Jump shot,,Mid-Range,Left Side(L),8-16 ft.,12,-114,38,1,1,20201231,ORL,PHI,|1627732|1629003|202699|203552|203954,0,REG,2021,,,,
203954,Joel Embiid,22000064450,Shot Chart Detail,22000064,450,1610612755,Philadelphia 76ers,3,2,20,Missed Shot,Jump Shot,,Mid-Range,Center(C),16-24 ft.,19,-25,193,1,0,20201231,ORL,PHI,|1627732|1629003|202699|203552|203954,0,REG,2021,,,,
203954,Joel Embiid,220000827,Shot Chart Detail,22000082,7,1610612755,Philadelphia 76ers,1,11,42,Made Shot,Pullup Jump shot,,In The Paint (Non-RA),Center(C),8-16 ft.,12,16,120,1,1,20210102,PHI,CHA,|1627732|201980|202699|203552|203954,1,REG,2021,202687,C,,0.82
203954,Joel Embiid,2200008216,Shot Chart Detail,22000082,16,1610612755,Philadelphia 76ers,1,10,49,Missed Shot,Jump Shot,,Above the Break 3,Center(C),24+ ft.,26,-29,263,1,0,20210102,PHI,CHA,|1627732|201980|202699|203552|203954,0,REG,2021,,,,
203954,Joel Embiid,2200008220,Shot Chart Detail,22000082,20,1610612755,Philadelphia 76ers,1,10,11,Made Shot,Jump Shot,,Above the Break 3,Center(C),24+ ft.,26,54,256,1,1,20210102,PHI,CHA,|1627732|201980|202699|203552|203954,1,REG,2021,202687,C,,0.82
203954,Joel Embiid,2200008233,Shot Chart Detail,22000082,33,1610612755,Philadelphia 76ers,1,9,22,Made Shot,Turnaround Fadeaway shot,,Mid-Range,Right Side(R),8-16 ft.,13,133,43,1,1,20210102,PHI,CHA,|1627732|201980|202699|203552|203954,0,REG,2021,202687|1629023,,,
203954,Joel Embiid,22000082106,Shot Chart Detail,22000082,106,1610612755,Philadelphia 76ers,1,3,1,Missed Shot,Tip Layup Shot,,Restricted Area,Center(C),Less Than 8 ft.,0,0,0,1,0,20210102,PHI,CHA,|1629003|1629680|1630178|202699|203954,0,REG,2021,1630163|1629023,,,
203954,Joel Embiid,22000082108,Shot Chart Detail,22000082,108,1610612755,Philadelphia 76ers,1,3,1,Missed Shot,Layup Shot,,Restricted Area,Center(C),Less Than 8 ft.,3,17,27,1,0,20210102,PHI,CHA,|1629003|1629680|1630178|202699|203954,0,REG,2021,1630163|1628970|1629023,,,
203954,Joel Embiid,22000082249,Shot Chart Detail,22000082,249,1610612755,Philadelphia 76ers,2,6,59,Made Shot,Layup Shot,,Restricted Area,Center(C),Less Than 8 ft.,1,12,-7,1,1,20210102,PHI,CHA,|1627732|1629003|1630178|203552|203954,1,REG,2021,202330,SF,,-2.12
203954,Joel Embiid,22000082257,Shot Chart Detail,22000082,257,1610612755,Philadelphia 76ers,2,5,46,Made Shot,Pullup Jump shot,,Mid-Range,Left Side Center(LC),16-24 ft.,18,-65,172,1,1,20210102,PHI,CHA,|1627732|1629003|1630178|203552|203954,0,REG,2021,1626179,PG,Point of Attack,-1.26
203954,Joel Embiid,22000082421,Shot Chart Detail,22000082,421,1610612755,Philadelphia 76ers,3,7,47,Made Shot,Turnaround Hook Shot,,In The Paint (Non-RA),Center(C),Less Than 8 ft.,5,-2,53,1,1,20210102,PHI,CHA,|1627732|201980|202699|203552|203954,1,REG,2021,202687,C,,0.82
203954,Joel Embiid,22000082461,Shot Chart Detail,22000082,461,1610612755,Philadelphia 76ers,3,5,7,Missed Shot,Turnaround Jump Shot,,Restricted Area,Center(C),Less Than 8 ft.,3,-20,33,1,0,20210102,PHI,CHA,|1627732|1629003|201980|203552|203954,0,REG,2021,1628970,SF,Helper,0.15
203954,Joel Embiid,22000082653,Shot Chart Detail,22000082,653,1610612755,Philadelphia 76ers,4,4,7,Made Shot,Fadeaway Jump Shot,,Mid-Range,Left Side(L),16-24 ft.,16,-163,28,1,1,20210102,PHI,CHA,|1627732|201980|202699|203552|203954,1,REG,2021,202687,C,,0.82
203954,Joel Embiid,220000947,Shot Chart Detail,22000094,7,1610612755,Philadelphia 76ers,1,11,43,Missed Shot,Jump Shot,,Above the Break 3,Right Side Center(RC),24+ ft.,25,120,221,1,0,20210104,PHI,CHA,|1627732|201980|202699|203552|203954,0,REG,2021,202330,SF,,-2.12
203954,Joel Embiid,2200009485,Shot Chart Detail,22000094,85,1610612755,Philadelphia 76ers,1,4,48,Missed Shot,Jump Shot,,Above the Break 3,Center(C),24+ ft.,26,32,262,1,0,20210104,PHI,CHA,|1627732|201980|202699|203552|203954,0,REG,2021,202687,C,,0.82
203954,Joel Embiid,2200009488,Shot Chart Detail,22000094,88,1610612755,Philadelphia 76ers,1,4,40,Missed Shot,Pullup Jump shot,,In The Paint (Non-RA),Center(C),8-16 ft.,10,34,95,1,0,20210104,PHI,CHA,|1627732|201980|202699|203552|203954,0,REG,2021,1630163|1628970,,,
203954,Joel Embiid,22000094243,Shot Chart Detail,22000094,243,1610612755,Philadelphia 76ers,2,6,4,Made Shot,Running Layup Shot,,Restricted Area,Center(C),Less Than 8 ft.,3,25,19,1,1,20210104,PHI,CHA,|1627732|201980|202699|203552|203954,1,REG,2021,202687|1626179,,,
203954,Joel Embiid,22000094264,Shot Chart Detail,22000094,264,1610612755,Philadelphia 76ers,2,4,26,Missed Shot,Turnaround Fadeaway shot,,Restricted Area,Center(C),Less Than 8 ft.,3,-37,-8,1,0,20210104,PHI,CHA,|1627732|1629003|202699|203552|203954,0,REG,2021,202687,C,,0.82
203954,Joel Embiid,22000094273,Shot Chart Detail,22000094,273,1610612755,Philadelphia 76ers,2,4,0,Made Shot,Layup Shot,,Restricted Area,Center(C),Less Than 8 ft.,2,17,24,1,1,20210104,PHI,CHA,|1627732|1629003|202699|203552|203954,1,REG,2021,1628970|1629023,,,
203954,Joel Embiid,22000094287,Shot Chart Detail,22000094,287,1610612755,Philadelphia 76ers,2,2,50,Missed Shot,Layup Shot,,Restricted Area,Center(C),Less Than 8 ft.,1,-16,-5,1,0,20210104,PHI,CHA,|1627732|1629003|202699|203552|203954,0,REG,2021,1630163|1629023,,,
203954,Joel Embiid,22000094289,Shot Chart Detail,22000094,289,1610612755,Philadelphia 76ers,2,2,47,Made Shot,Tip Layup Shot,,Restricted Area,Center(C),Less Than 8 ft.,0,0,0,1,1,20210104,PHI,CHA,|1627732|1629003|202699|203552|203954,0,REG,2021,1630163|1629023,,,
203954,Joel Embiid,22000094361,Shot Chart Detail,22000094,361,1610612755,Philadelphia 76ers,3,8,40,Made Shot,Turnaround Fadeaway shot,,Mid-Range,Left Side Center(LC),16-24 ft.,19,-139,130,1,1,20210104,PHI,CHA,|1627732|201980|202699|203552|203954,0,REG,2021,202687,C,,0.82
203954,Joel Embiid,22000094411,Shot Chart Detail,22000094,411,1610612755,Philadelphia 76ers,3,4,9,Missed Shot,Jump Shot,,Above the Break 3,Center(C),24+ ft.,27,-79,264,1,0,20210104,PHI,CHA,|1627732|201980|202699|203552|203954,0,REG,2021,202687,C,,0.82
203954,Joel Embiid,220001097,Shot Chart Detail,22000109,7,1610612755,Philadelphia 76ers,1,11,42,Missed Shot,Jump Shot,,In The Paint (Non-RA),Center(C),8-16 ft.,10,30,104,1,0,20210106,PHI,WAS,|1627732|201980|202699|203552|203954,0,REG,2021,1628418,C,Anchor Big,0.02
203954,Joel Embiid,2200010913,Shot Chart Detail,22000109,13,1610612755,Philadelphia 76ers,1,10,33,Missed Shot,Driving Layup Shot,,In The Paint (Non-RA),Center(C),Less Than 8 ft.,4,-32,32,1,0,20210106,PHI,WAS,|1627732|201980|202699|203552|203954,0,REG,2021,1628418,C,Anchor Big,0.02
203954,Joel Embiid,2200010946,Shot Chart Detail,22000109,46,1610612755,Philadelphia 76ers,1,7,35,Missed Shot,Driving Layup Shot,,Restricted Area,Center(C),Less Than 8 ft.,3,-35,-16,1,0,20210106,PHI,WAS,|1627732|201980|202699|203552|203954,0,REG,2021,1630166|1628418,,,
203954,Joel Embiid,2200010958,Shot Chart Detail,22000109,58,1610612755,Philadelphia 76ers,1,6,45,Missed Shot,Turnaround Jump Shot,,In The Paint (Non-RA),Center(C),Less Than 8 ft.,6,19,66,1,0,20210106,PHI,WAS,|1627732|201980|202699|203552|203954,0,REG,2021,203078|1628418,,,
203954,Joel Embiid,2200010981,Shot Chart Detail,22000109,81,1610612755,Philadelphia 76ers,1,4,45,Missed Shot,Running Layup Shot,,Restricted Area,Center(C),Less Than 8 ft.,3,-14,27,1,0,20210106,PHI,WAS,|1627732|201980|202699|203552|203954,0,REG,2021,1629060,PF,Helper,-0.35
203954,Joel Embiid,22000109109,Shot Chart Detail,22000109,109,1610612755,Philadelphia 76ers,1,2,23,Missed Shot,Fadeaway Jump Shot,,In The Paint (Non-RA),Center(C),Less Than 8 ft.,6,-68,9,1,0,20210106,PHI,WAS,|1629003|1629680|202699|203552|203954,0,REG,2021,1628418,C,Anchor Big,0.02
203954,Joel Embiid,22000109224,Shot Chart Detail,22000109,224,1610612755,Philadelphia 76ers,2,7,33,Made Shot,Jump Shot,,Mid-Range,Right Side Center(RC),16-24 ft.,16,114,113,1,1,20210106,PHI,WAS,|1627732|1629003|201980|203552|203954,0,REG,2021,1628418,C,Anchor Big,0.02
203954,Joel Embiid,22000109227,Shot Chart Detail,22000109,227,1610612755,Philadelphia 76ers,2,7,12,Made Shot,Dunk Shot,,Restricted Area,Center(C),Less Than 8 ft.,0,-3,9,1,1,20210106,PHI,WAS,|1627732|1629003|201980|203552|203954,1,REG,2021,1628418,C,Anchor Big,0.02
203954,Joel Embiid,22000109251,Shot Chart Detail,22000109,251,1610612755,Philadelphia 76ers,2,5,50,Made Shot,Driving Finger Roll Layup Shot,,Restricted Area,Center(C),Less Than 8 ft.,1,-10,8,1,1,20210106,PHI,WAS,|1627732|201980|202699|203552|203954,0,REG,2021,203078|1628418,,,
203954,Joel Embiid,22000109278,Shot Chart Detail,22000109,278,1610612755,Philadelphia 76ers,2,4,42,Made Shot,Finger Roll Layup Shot,,Restricted Area,Center(C),Less Than 8 ft.,1,14,8,1,1,20210106,PHI,WAS,|1627732|1629680|202699|203552|203954,0,REG,2021,1628418,C,Anchor Big,0.02
203954,Joel Embiid,22000109281,Shot Chart Detail,22000109,281,1610612755,Philadelphia 76ers,2,3,57,Made Shot,Jump Shot,,Above the Break 3,Left Side Center(LC),24+ ft.,26,-185,192,1,1,20210106,PHI,WAS,|1627732|1629680|202699|203552|203954,1,REG,2021,1629060,PF,Helper,-0.35
203954,Joel Embiid,22000109295,Shot Chart Detail,22000109,295,1610612755,Philadelphia 76ers,2,2,53,Made Shot,Driving Layup Shot,,Restricted Area,Center(C),Less Than 8 ft.,1,-4,10,1,1,20210106,PHI,WAS,|1627732|1629680|202699|203552|203954,1,REG,2021,1629060,PF,Helper,-0.35
203954,Joel Embiid,22000109306,Shot Chart Detail,22000109,306,1610612755,Philadelphia 76ers,2,2,30,Missed Shot,Jump Shot,,In The Paint (Non-RA),Center(C),Less Than 8 ft.,7,-75,24,1,0,20210106,PHI,WAS,|1629003|1629680|202699|203552|203954,0,REG,2021,202722|1628418,,,
203954,Joel Embiid,22000109330,Shot Chart Detail,22000109,330,1610612755,Philadelphia 76ers,2,0,30,Missed Shot,Pullup Jump shot,,In The Paint (Non-RA),Center(C),8-16 ft.,10,-27,100,1,0,20210106,PHI,WAS,|1629003|1629680|202699|203552|203954,0,REG,2021,1628418,C,Anchor Big,0.02
203954,Joel Embiid,22000109377,Shot Chart Detail,22000109,377,1610612755,Philadelphia 76ers,3,10,5,Made Shot,Fadeaway Jump Shot,,Mid-Range,Left Side(L),8-16 ft.,13,-132,33,1,1,20210106,PHI,WAS,|1627732|201980|202699|203552|203954,1,REG,2021,201566|1628418,,,
203954,Joel Embiid,22000109396,Shot Chart Detail,22000109,396,1610612755,Philadelphia 76ers,3,8,22,Made Shot,Jump Shot,,Above the Break 3,Center(C),24+ ft.,26,-43,263,1,1,20210106,PHI,WAS,|1627732|201980|202699|203552|203954,1,REG,2021,1629060|1628418,,,
203954,Joel Embiid,22000109576,Shot Chart Detail,22000109,576,1610612755,Philadelphia 76ers,4,9,20,Missed Shot,Jump Shot,,Above the Break 3,Center(C),24+ ft.,26,29,268,1,0,20210106,PHI,WAS,|1627732|201980|202699|203552|203954,0,REG,2021,201577,C,,0.57
203954,Joel Embiid,22000109616,Shot Chart Detail,22000109,616,1610612755,Philadelphia 76ers,4,4,58,Made Shot,Fadeaway Jump Shot,,In The Paint (Non-RA),Center(C),Less Than 8 ft.,6,51,47,1,1,20210106,PHI,WAS,|1627732|201980|202699|203552|203954,1,REG,2021,1628418,C,Anchor Big,0.02
203954,Joel Embiid,22000109639,Shot Chart Detail,22000109,639,1610612755,Philadelphia 76ers,4,3,16,Made Shot,Cutting Layup Shot,,Restricted Area,Center(C),Less Than 8 ft.,1,4,11,1,1,20210106,PHI,WAS,|1627732|201980|202699|203552|203954,1,REG,2021,1628418,C,Anchor Big,0.02
203954,Joel Embiid,22000109661,Shot Chart Detail,22000109,661,1610612755,Philadelphia 76ers,4,1,55,Made Shot,Jump Shot,,Above the Break 3,Center(C),24+ ft.,28,-87,268,1,1,20210106,PHI,WAS,|1627732|201980|202699|203552|203954,1,REG,2021,1628418,C,Anchor Big,0.02
203954,Joel Embiid,2200011839,Shot Chart Detail,22000118,39,1610612755,Philadelphia 76ers,1,8,20,Missed Shot,Jump Shot,,Mid-Range,Right Side(R),8-16 ft.,14,99,100,1,0,20210107,BKN,PHI,|1627732|1629003|201980|202699|203954,0,REG,2021,,,,
203954,Joel Embiid,2200011857,Shot Chart Detail,22000118,57,1610612755,Philadelphia 76ers,1,6,58,Missed Shot,Turnaround Jump Shot,,In The Paint (Non-RA),Center(C),8-16 ft.,9,-37,83,1,0,20210107,BKN,PHI,|1627732|1629003|201980|202699|203954,0,REG,2021,,,,
203954,Joel Embiid,2200011863,Shot Chart Detail,22000118,63,1610612755,Philadelphia 76ers,1,6,31,Missed Shot,Turnaround Fadeaway shot,,Mid-Range,Left Side(L),8-16 ft.,9,-89,22,1,0,20210107,BKN,PHI,|1627732|1629003|201980|202699|203954,0,REG,2021,,,,
203954,Joel Embiid,2200011882,Shot Chart Detail,22000118,82,1610612755,Philadelphia 76ers,1,4,53,Made Shot,Pullup Jump shot,,Above the Break 3,Left Side Center(LC),24+ ft.,24,-92,230,1,1,20210107,BKN,PHI,|1627732|1630178|201980|202699|203954,1,REG,2021,,,,
203954,Joel Embiid,22000118273,Shot Chart Detail,22000118,273,1610612755,Philadelphia 76ers,2,5,15,Missed Shot,Turnaround Fadeaway shot,,Mid-Range,Right Side(R),8-16 ft.,13,130,-12,1,0,20210107,BKN,PHI,|1627732|1629680|201980|202699|203954,0,REG,2021,201145,PF,,-0.04
203954,Joel Embiid,22000118297,Shot Chart Detail,22000118,297,1610612755,Philadelphia 76ers,2,3,47,Made Shot,Cutting Layup Shot,,Restricted Area,Center(C),Less Than 8 ft.,0,0,0,1,1,20210107,BKN,PHI,|1627732|1629003|201980|202699|203954,1,REG,2021,201599,C,,0.26
203954,Joel Embiid,22000118313,Shot Chart Detail,22000118,313,1610612755,Philadelphia 76ers,2,2,51,Missed Shot,Turnaround Jump Shot,,In The Paint (Non-RA),Center(C),8-16 ft.,9,25,88,1,0,20210107,BKN,PHI,|1627732|1629003|201980|202699|203954,0,REG,2021,,,,
203954,Joel Embiid,22000118387,Shot Chart Detail,22000118,387,1610612755,Philadelphia 76ers,3,10,36,Made Shot,Jump Shot,,Mid-Range,Right Side(R),8-16 ft.,15,95,121,1,1,20210107,BKN,PHI,|1627732|1629003|201980|202699|203954,1,REG,2021,201145,PF,,-0.04
203954,Joel Embiid,22000118461,Shot Chart Detail,22000118,461,1610612755,Philadelphia 76ers,3,4,18,Missed Shot,Driving Layup Shot,,Restricted Area,Center(C),Less Than 8 ft.,2,26,4,1,0,20210107,BKN,PHI,|1629003|1630178|201980|202699|203954,0,REG,2021,1627789,SF,Chaser,-0.57
203954,Joel Embiid,22000118585,Shot Chart Detail,22000118,585,1610612755,Philadelphia 76ers,4,8,53,Missed Shot,Turnaround Fadeaway shot,,In The Paint (Non-RA),Center(C),Less Than 8 ft.,7,-44,55,1,0,20210107,BKN,PHI,|1627732|1629003|201980|202699|203954,0,REG,2021,201599,C,,0.26
203954,Joel Embiid,22000118594,Shot Chart Detail,22000118,594,1610612755,Philadelphia 76ers,4,7,54,Made Shot,Jump Shot,,Above the Break 3,Left Side Center(LC),24+ ft.,25,-125,221,1,1,20210107,BKN,PHI,|1627732|1629003|201980|202699|203954,1,REG,2021,1629013,SG,Chaser,-0.95
203954,Joel Embiid,22000118637,Shot Chart Detail,22000118,637,1610612755,Philadelphia 76ers,4,4,48,Made Shot,Driving Floating Bank Jump Shot,,In The Paint (Non-RA),Right Side(R),8-16 ft.,11,68,95,1,1,20210107,BKN,PHI,|1627732|1629003|201980|202699|203954,1,REG,2021,,,,
203954,Joel Embiid,22000118660,Shot Chart Detail,22000118,660,1610612755,Philadelphia 76ers,4,2,40,Made Shot,Turnaround Hook Shot,,In The Paint (Non-RA),Center(C),Less Than 8 ft.,7,13,76,1,1,20210107,BKN,PHI,|1627732|1629003|201980|202699|203954,1,REG,2021,,,,
203954,Joel Embiid,22000118664,Shot Chart Detail,22000118,664,1610612755,Philadelphia 76ers,4,2,4,Made Shot,Turnaround Jump Shot,,In The Paint (Non-RA),Center(C),8-16 ft.,11,-13,111,1,1,20210107,BKN,PHI,|1627732|1629003|201980|202699|203954,0,REG,2021,1627747,SF,Chaser,-0.36
203954,Joel Embiid,2200015318,Shot Chart Detail,22000153,18,1610612755,Philadelphia 76ers,1,10,34,Made Shot,Turnaround Hook Shot,,Restricted Area,Center(C),Less Than 8 ft.,2,-9,22,1,1,20210111,ATL,PHI,|1629751|1630178|201980|203118|203954,1,REG,2021,203991,C,Helper,-0.12
203954,Joel Embiid,2200015322,Shot Chart Detail,22000153,22,1610612755,Philadelphia 76ers,1,10,19,Missed Shot,Pullup Jump shot,,Above the Break 3,Center(C),24+ ft.,24,1,246,1,0,20210111,ATL,PHI,|1629751|1630178|201980|203118|203954,0,REG,2021,1629629,SF,Chaser,-1.25
203954,Joel Embiid,2200015341,Shot Chart Detail,22000153,41,1610612755,Philadelphia 76ers,1,8,15,Made Shot,Driving Layup Shot,,Restricted Area,Center(C),Less Than 8 ft.,0,0,8,1,1,20210111,ATL,PHI,|1629751|1630178|201980|203118|203954,1,REG,2021,203991,C,Helper,-0.12
203954,Joel Embiid,2200015362,Shot Chart Detail,22000153,62,1610612755,Philadelphia 76ers,1,6,52,Missed Shot,Jump Shot,,Above the Break 3,Center(C),24+ ft.,25,43,251,1,0,20210111,ATL,PHI,|1629751|1630178|201980|203954|2730,0,REG,2021,203991,C,Helper,-0.12
203954,Joel Embiid,2200015383,Shot Chart Detail,22000153,83,1610612755,Philadelphia 76ers,1,5,45,Missed Shot,Jump Shot,,In The Paint (Non-RA),Center(C),8-16 ft.,9,3,93,1,0,20210111,ATL,PHI,|1630178|1630198|201980|203954|2730,0,REG,2021,1628981,C,Anchor Big,-0.15
203954,Joel Embiid,2200015389,Shot Chart Detail,22000153,89,1610612755,Philadelphia 76ers,1,5,17,Made Shot,Jump Shot,,Mid-Range,Left Side(L),8-16 ft.,13,-133,26,1,1,20210111,ATL,PHI,|1630178|1630198|201980|203954|2730,0,REG,2021,1628981,C,Anchor Big,-0.15
203954,Joel Embiid,22000153103,Shot Chart Detail,22000153,103,1610612755,Philadelphia 76ers,1,3,58,Made Shot,Jump Shot,,Above the Break 3,Left Side Center(LC),24+ ft.,25,-111,235,1,1,20210111,ATL,PHI,|1630178|1630198|201980|203954|2730,1,REG,2021,1628981,C,Anchor Big,-0.15
203954,Joel Embiid,22000153108,Shot Chart Detail,22000153,108,1610612755,Philadelphia 76ers,1,3,24,Made Shot,Layup Shot,,Restricted Area,Center(C),Less Than 8 ft.,0,3,6,1,1,20210111,ATL,PHI,|1630178|1630198|201980|203954|2730,0,REG,2021,1628981,C,Anchor Big,-0.15
203954,Joel Embiid,22000153207,Shot Chart Detail,22000153,207,1610612755,Philadelphia 76ers,2,8,48,Missed Shot,Jump Shot,,Mid-Range,Right Side(R),8-16 ft.,9,94,4,1,0,20210111,ATL,PHI,|1629751|1630178|201980|203118|203954,0,REG,2021,1629164|203991,,,
203954,Joel Embiid,22000153247,Shot Chart Detail,22000153,247,1610612755,Philadelphia 76ers,2,5,51,Missed Shot,Jump Bank Shot,,In The Paint (Non-RA),Center(C),Less Than 8 ft.,7,44,63,1,0,20210111,ATL,PHI,|1629751|1630178|201980|203118|203954,0,REG,2021,1628981|1629631,,,
203954,Joel Embiid,22000153259,Shot Chart Detail,22000153,259,1610612755,Philadelphia 76ers,2,5,28,Missed Shot,Pullup Jump shot,,Mid-Range,Left Side Center(LC),16-24 ft.,20,-64,195,1,0,20210111,ATL,PHI,|1629751|1630178|201980|203118|203954,0,REG,2021,1628981,C,Anchor Big,-0.15
203954,Joel Embiid,22000153283,Shot Chart Detail,22000153,283,1610612755,Philadelphia 76ers,2,4,3,Missed Shot,Turnaround Hook Shot,,In The Paint (Non-RA),Center(C),Less Than 8 ft.,7,-5,71,1,0,20210111,ATL,PHI,|1629751|1630178|201980|203954|2730,0,REG,2021,203991,C,Helper,-0.12
203954,Joel Embiid,22000153288,Shot Chart Detail,22000153,288,1610612755,Philadelphia 76ers,2,3,36,Made Shot,Driving Layup Shot,,Restricted Area,Center(C),Less Than 8 ft.,1,6,9,1,1,20210111,ATL,PHI,|1629751|1630178|201980|203954|2730,0,REG,2021,203991,C,Helper,-0.12
203954,Joel Embiid,22000153294,Shot Chart Detail,22000153,294,1610612755,Philadelphia 76ers,2,2,59,Made Shot,Pullup Jump shot,,In The Paint (Non-RA),Center(C),8-16 ft.,14,-52,138,1,1,20210111,ATL,PHI,|1629751|1630178|201980|203954|2730,1,REG,2021,203991,C,Helper,-0.12
203954,Joel Embiid,22000153305,Shot Chart Detail,22000153,305,1610612755,Philadelphia 76ers,2,2,32,Missed Shot,Jump Shot,,Above the Break 3,Center(C),24+ ft.,25,-78,241,1,0,20210111,ATL,PHI,|1629751|1630178|201980|203954|2730,0,REG,2021,203991,C,Helper,-0.12
203954,Joel Embiid,22000153309,Shot Chart Detail,22000153,309,1610612755,Philadelphia 76ers,2,2,0,Missed Shot,Jump Shot,,In The Paint (Non-RA),Center(C),8-16 ft.,13,-53,121,1,0,20210111,ATL,PHI,|1629751|1630178|201980|203954|2730,0,REG,2021,203991,C,Helper,-0.12
203954,Joel Embiid,22000153347,Shot Chart Detail,22000153,347,1610612755,Philadelphia 76ers,2,0,1,Made Shot,Driving Layup Shot,,Restricted Area,Center(C),Less Than 8 ft.,0,-4,5,1,1,20210111,ATL,PHI,|1630178|201980|203118|203954|2730,0,REG,2021,203991,C,Helper,-0.12
203954,Joel Embiid,2200015713,Shot Chart Detail,22000157,13,1610612755,Philadelphia 76ers,1,11,1,Missed Shot,Pullup Jump shot,,Mid-Range,Center(C),16-24 ft.,17,-9,171,1,0,20210112,PHI,MIA,|1627732|1630178|201980|203118|203954,0,REG,2021,1630173,PF,Mobile Big,0.67
203954,Joel Embiid,2200015785,Shot Chart Detail,22000157,85,1610612755,Philadelphia 76ers,1,4,27,Missed Shot,Jump Shot,,Above the Break 3,Left Side Center(LC),24+ ft.,25,-120,229,1,0,20210112,PHI,MIA,|1627732|1630198|201980|203118|203954,0,REG,2021,1629622,SF,Chaser,-0.41
203954,Joel Embiid,2200015799,Shot Chart Detail,22000157,99,1610612755,Philadelphia 76ers,1,3,2,Made Shot,Driving Floating Jump Shot,,In The Paint (Non-RA),Center(C),Less Than 8 ft.,4,-31,27,1,1,20210112,PHI,MIA,|1627732|1630198|201980|203118|203954,1,REG,2021,1629622,SF,Chaser,-0.41
203954,Joel Embiid,22000157264,Shot Chart Detail,22000157,264,1610612755,Philadelphia 76ers,2,4,57,Missed Shot,Step Back Jump shot,,In The Paint (Non-RA),Center(C),8-16 ft.,13,-48,125,1,0,20210112,PHI,MIA,|1630178|1630198|201980|203118|203954,0,REG,2021,1630173,PF,Mobile Big,0.67
203954,Joel Embiid,22000157271,Shot Chart Detail,22000157,271,1610612755,Philadelphia 76ers,2,3,50,Missed Shot,Driving Finger Roll Layup Shot,,Restricted Area,Center(C),Less Than 8 ft.,3,-36,3,1,0,20210112,PHI,MIA,|1630178|1630198|201980|203118|203954,0,REG,2021,1630173,PF,Mobile Big,0.67
203954,Joel Embiid,22000157298,Shot Chart Detail,22000157,298,1610612755,Philadelphia 76ers,2,1,0,Made Shot,Turnaround Fadeaway shot,,In The Paint (Non-RA),Center(C),Less Than 8 ft.,5,-58,6,1,1,20210112,PHI,MIA,|1630178|1630198|201980|203118|203954,1,REG,2021,1630173,PF,Mobile Big,0.67
203954,Joel Embiid,22000157315,Shot Chart Detail,22000157,315,1610612755,Philadelphia 76ers,2,0,1,Made Shot,Tip Layup Shot,,Restricted Area,Center(C),Less Than 8 ft.,0,0,0,1,1,20210112,PHI,MIA,|1630178|1630198|201980|203118|203954,0,REG,2021,1630173,PF,Mobile Big,0.67
203954,Joel Embiid,22000157323,Shot Chart Detail,22000157,323,1610612755,Philadelphia 76ers,3,11,23,Made Shot,Jump Shot,,Mid-Range,Left Side(L),16-24 ft.,16,-142,75,1,1,20210112,PHI,MIA,|1627732|1630178|201980|203118|203954,0,REG,2021,1630173,PF,Mobile Big,0.67
203954,Joel Embiid,22000157355,Shot Chart Detail,22000157,355,1610612755,Philadelphia 76ers,3,8,26,Made Shot,Driving Finger Roll Layup Shot,,Restricted Area,Center(C),Less Than 8 ft.,2,-8,26,1,1,20210112,PHI,MIA,|1627732|1630178|201980|203118|203954,0,REG,2021,1630173|1629216,,,
203954,Joel Embiid,22000157358,Shot Chart Detail,22000157,358,1610612755,Philadelphia 76ers,3,8,2,Made Shot,Alley Oop Dunk Shot,,Restricted Area,Center(C),Less Than 8 ft.,1,0,12,1,1,20210112,PHI,MIA,|1627732|1630178|201980|203118|203954,1,REG,2021,1630173,PF,Mobile Big,0.67
203954,Joel Embiid,22000157366,Shot Chart Detail,22000157,366,1610612755,Philadelphia 76ers,3,7,34,Made Shot,Step Back Jump shot,,Mid-Range,Center(C),16-24 ft.,20,4,207,1,1,20210112,PHI,MIA,|1630178|1630198|201980|203118|203954,1,REG,2021,1630173,PF,Mobile Big,0.67
203954,Joel Embiid,22000157370,Shot Chart Detail,22000157,370,1610612755,Philadelphia 76ers,3,7,8,Made Shot,Driving Dunk Shot,,Restricted Area,Center(C),Less Than 8 ft.,1,-3,11,1,1,20210112,PHI,MIA,|1630178|1630198|201980|203118|203954,1,REG,2021,1630173,PF,Mobile Big,0.67
203954,Joel Embiid,22000157381,Shot Chart Detail,22000157,381,1610612755,Philadelphia 76ers,3,6,14,Made Shot,Finger Roll Layup Shot,,In The Paint (Non-RA),Center(C),Less Than 8 ft.,4,-5,44,1,1,20210112,PHI,MIA,|1630178|1630198|201980|203118|203954,1,REG,2021,1629639|1629735|1629216,,,
203954,Joel Embiid,22000157394,Shot Chart Detail,22000157,394,1610612755,Philadelphia 76ers,3,5,28,Made Shot,Pullup Jump shot,,Mid-Range,Center(C),16-24 ft.,18,-14,186,1,1,20210112,PHI,MIA,|1630178|1630198|201980|203118|203954,1,REG,2021,1629735,PF,Helper,0.5
203954,Joel Embiid,22000157401,Shot Chart Detail,22000157,401,1610612755,Philadelphia 76ers,3,5,2,Made Shot,Turnaround Fadeaway shot,,Mid-Range,Right Side(R),8-16 ft.,11,93,60,1,1,20210112,PHI,MIA,|1630178|1630198|201980|203118|203954,0,REG,2021,1629735|1629622,,,
203954,Joel Embiid,22000157545,Shot Chart Detail,22000157,545,1610612755,Philadelphia 76ers,4,6,22,Missed Shot,Step Back Jump shot,,Mid-Range,Left Side Center(LC),16-24 ft.,19,-68,186,1,0,20210112,PHI,MIA,|1627732|1630198|201980|203118|203954,0,REG,2021,,,,
203954,Joel Embiid,22000157559,Shot Chart Detail,22000157,559,1610612755,Philadelphia 76ers,4,5,12,Missed Shot,Jump Shot,,Above the Break 3,Right Side Center(RC),24+ ft.,26,124,238,1,0,20210112,PHI,MIA,|1627732|1630198|201980|203118|203954,0,REG,2021,1629639|1629735,,,
203954,Joel Embiid,22000157643,Shot Chart Detail,22000157,643,1610612755,Philadelphia 76ers,4,0,4,Made Shot,Jump Shot,,Mid-Range,Center(C),16-24 ft.,20,-61,195,1,1,20210112,PHI,MIA,|1629751|1630198|201980|203118|203954,1,REG,2021,1630173,PF,Mobile Big,0.67
203954,Joel Embiid,22000157669,Shot Chart Detail,22000157,669,1610612755,Philadelphia 76ers,5,3,49,Made Shot,Pullup Jump shot,,Mid-Range,Left Side Center(LC),16-24 ft.,16,-89,144,1,1,20210112,PHI,MIA,|1629751|1630198|201980|203118|203954,0,REG,2021,1630173,PF,Mobile Big,0.67
203954,Joel Embiid,22000157673,Shot Chart Detail,22000157,673,1610612755,Philadelphia 76ers,5,3,9,Made Shot,Fadeaway Jump Shot,,Mid-Range,Right Side(R),8-16 ft.,10,107,15,1,1,20210112,PHI,MIA,|1629751|1630198|201980|203118|203954,0,REG,2021,1630173|1629216,,,
203954,Joel Embiid,22000157676,Shot Chart Detail,22000157,676,1610612755,Philadelphia 76ers,5,2,37,Made Shot,Driving Floating Jump Shot,,Restricted Area,Center(C),Less Than 8 ft.,2,-1,25,1,1,20210112,PHI,MIA,|1629751|1630198|201980|203118|203954,0,REG,2021,1630173,PF,Mobile Big,0.67
203954,Joel Embiid,22000157681,Shot Chart Detail,22000157,681,1610612755,Philadelphia 76ers,5,2,3,Made Shot,Fadeaway Jump Shot,,Mid-Range,Right Side Center(RC),16-24 ft.,16,116,122,1,1,20210112,PHI,MIA,|1629751|1630198|201980|203118|203954,0,REG,2021,1630173|1629130,,,
203954,Joel Embiid,22000157684,Shot Chart Detail,22000157,684,1610612755,Philadelphia 76ers,5,1,41,Missed Shot,Jump Shot,,Above the Break 3,Right Side Center(RC),24+ ft.,28,90,274,1,0,20210112,PHI,MIA,|1629751|1630198|201980|203118|203954,0,REG,2021,1630173,PF,Mobile Big,0.67
203954,Joel Embiid,2200017416,Shot Chart Detail,22000174,16,1610612755,Philadelphia 76ers,1,10,51,Made Shot,Pullup Jump shot,,Mid-Range,Left Side(L),8-16 ft.,10,-105,21,1,1,20210114,PHI,MIA,|1627732|1630178|201980|202699|203954,0,REG,2021,1630173,PF,Mobile Big,0.67
203954,Joel Embiid,2200017477,Shot Chart Detail,22000174,77,1610612755,Philadelphia 76ers,1,5,37,Missed Shot,Step Back Jump shot,,Mid-Range,Left Side(L),8-16 ft.,12,-127,13,1,0,20210114,PHI,MIA,|1627732|1630178|201980|202699|203954,0,REG,2021,2738|1629735,,,
203954,Joel Embiid,22000174114,Shot Chart Detail,22000174,114,1610612755,Philadelphia 76ers,1,3,9,Missed Shot,Cutting Layup Shot,,In The Paint (Non-RA),Center(C),Less Than 8 ft.,6,-59,29,1,0,20210114,PHI,MIA,|1629003|1629680|1630178|203118|203954,0,REG,2021,1629735,PF,Helper,0.5
203954,Joel Embiid,22000174269,Shot Chart Detail,22000174,269,1610612755,Philadelphia 76ers,2,4,12,Missed Shot,Jump Shot,,Mid-Range,Center(C),16-24 ft.,16,-16,164,1,0,20210114,PHI,MIA,|1627732|1630178|201980|202699|203954,0,REG,2021,1629735,PF,Helper,0.5
203954,Joel Embiid,22000174276,Shot Chart Detail,22000174,276,1610612755,Philadelphia 76ers,2,3,9,Made Shot,Jump Shot,,In The Paint (Non-RA),Right Side(R),8-16 ft.,11,57,98,1,1,20210114,PHI,MIA,|1627732|1630178|201980|202699|203954,1,REG,2021,1629735,PF,Helper,0.5
203954,Joel Embiid,22000174336,Shot Chart Detail,22000174,336,1610612755,Philadelphia 76ers,3,11,11,Made Shot,Jump Shot,,Left Corner 3,Left Side(L),24+ ft.,23,-232,21,1,1,20210114,PHI,MIA,|1627732|1630178|201980|202699|203954,1,REG,2021,,,,
203954,Joel Embiid,22000174401,Shot Chart Detail,22000174,401,1610612755,Philadelphia 76ers,3,6,9,Missed Shot,Jump Shot,,Mid-Range,Center(C),16-24 ft.,16,-16,160,1,0,20210114,PHI,MIA,|1627732|1629003|201980|202699|203954,0,REG,2021,1629130|1629216,,,
203954,Joel Embiid,22000174425,Shot Chart Detail,22000174,425,1610612755,Philadelphia 76ers,3,4,19,Missed Shot,Jump Shot,,Above the Break 3,Center(C),24+ ft.,26,-9,268,1,0,20210114,PHI,MIA,|1627732|1629003|201980|202699|203954,0,REG,2021,1629735,PF,Helper,0.5
203954,Joel Embiid,2200019913,Shot Chart Detail,22000199,13,1610612755,Philadelphia 76ers,1,11,9,Missed Shot,Jump Shot,,Left Corner 3,Left Side(L),24+ ft.,22,-226,-10,1,0,20210410,OKC,PHI,|1627732|1627788|1629680|203552|203954,0,REG,2021,1629650,C,Anchor Big,-0.2
203954,Joel Embiid,2200019936,Shot Chart Detail,22000199,36,1610612755,Philadelphia 76ers,1,9,1,Missed Shot,Pullup Jump shot,,Mid-Range,Left Side(L),8-16 ft.,15,-137,69,1,0,20210410,OKC,PHI,|1627732|1627788|1629680|203552|203954,0,REG,2021,1629650,C,Anchor Big,-0.2
203954,Joel Embiid,2200019952,Shot Chart Detail,22000199,52,1610612755,Philadelphia 76ers,1,7,48,Made Shot,Dunk Shot,,Restricted Area,Center(C),Less Than 8 ft.,1,4,16,1,1,20210410,OKC,PHI,|1627732|1627788|1629680|203552|203954,0,REG,2021,1629652|1629650,,,
203954,Joel Embiid,2200019978,Shot Chart Detail,22000199,78,1610612755,Philadelphia 76ers,1,5,36,Missed Shot,Turnaround Fadeaway shot,,Mid-Range,Right Side(R),8-16 ft.,15,85,125,1,0,20210410,OKC,PHI,|1627732|1627788|1629680|203552|203954,0,REG,2021,1629652|1629650,,,
203954,Joel Embiid,2200019984,Shot Chart Detail,22000199,84,1610612755,Philadelphia 76ers,1,5,5,Made Shot,Jump Shot,,Mid-Range,Right Side(R),8-16 ft.,13,92,92,1,1,20210410,OKC,PHI,|1627732|1627788|1629680|203552|203954,0,REG,2021,1629652|1629650,,,
203954,Joel Embiid,22000199113,Shot Chart Detail,22000199,113,1610612755,Philadelphia 76ers,1,3,19,Made Shot,Hook Shot,,In The Paint (Non-RA),Center(C),8-16 ft.,8,-24,80,1,1,20210410,OKC,PHI,|1627788|1629003|203118|203552|203954,1,REG,2021,1629658|1628396,,,
203954,Joel Embiid,22000199123,Shot Chart Detail,22000199,123,1610612755,Philadelphia 76ers,1,1,59,Made Shot,Jump Shot,,Mid-Range,Center(C),16-24 ft.,17,-38,169,1,1,20210410,OKC,PHI,|1627788|1629003|203118|203552|203954,1,REG,2021,1628396,C,Helper,-0.33
203954,Joel Embiid,22000199127,Shot Chart Detail,22000199,127,1610612755,Philadelphia 76ers,1,1,29,Made Shot,Fadeaway Jump Shot,,Mid-Range,Left Side(L),8-16 ft.,13,-134,-11,1,1,20210410,OKC,PHI,|1627788|1629003|203118|203552|203954,0,REG,2021,1628396,C,Helper,-0.33
203954,Joel Embiid,22000199260,Shot Chart Detail,22000199,260,1610612755,Philadelphia 76ers,2,5,6,Made Shot,Dunk Shot,,Restricted Area,Center(C),Less Than 8 ft.,1,-9,8,1,1,20210410,OKC,PHI,|1627732|1627788|1629680|203552|203954,1,REG,2021,1630177|1628396,,,
203954,Joel Embiid,22000199306,Shot Chart Detail,22000199,306,1610612755,Philadelphia 76ers,2,1,37,Made Shot,Layup Shot,,Restricted Area,Center(C),Less Than 8 ft.,3,-28,13,1,1,20210410,OKC,PHI,|1627788|1629003|1629680|203552|203954,0,REG,2021,1629026|1629650,,,
203954,Joel Embiid,22000199342,Shot Chart Detail,22000199,342,1610612755,Philadelphia 76ers,3,10,23,Missed Shot,Jump Shot,,Mid-Range,Right Side Center(RC),16-24 ft.,19,134,136,1,0,20210410,OKC,PHI,|1627732|1627788|1629680|203552|203954,0,REG,2021,1629652,SF,Point of Attack,-0.15
203954,Joel Embiid,22000199347,Shot Chart Detail,22000199,347,1610612755,Philadelphia 76ers,3,9,56,Made Shot,Alley Oop Dunk Shot,,Restricted Area,Center(C),Less Than 8 ft.,1,14,6,1,1,20210410,OKC,PHI,|1627732|1627788|1629680|203552|203954,1,REG,2021,1629650,C,Anchor Big,-0.2
203954,Joel Embiid,22000199367,Shot Chart Detail,22000199,367,1610612755,Philadelphia 76ers,3,8,5,Made Shot,Fadeaway Jump Shot,,Mid-Range,Left Side(L),8-16 ft.,10,-103,1,1,1,20210410,OKC,PHI,|1627732|1627788|1629680|203552|203954,0,REG,2021,1629658|1629650,,,
203954,Joel Embiid,22000199377,Shot Chart Detail,22000199,377,1610612755,Philadelphia 76ers,3,6,54,Missed Shot,Fadeaway Jump Shot,,In The Paint (Non-RA),Center(C),Less Than 8 ft.,5,-54,11,1,0,20210410,OKC,PHI,|1627732|1627788|1629680|203552|203954,0,REG,2021,1629652|1629650,,,
203954,Joel Embiid,22000199381,Shot Chart Detail,22000199,381,1610612755,Philadelphia 76ers,3,6,42,Missed Shot,Step Back Jump shot,,In The Paint (Non-RA),Center(C),8-16 ft.,15,-70,135,1,0,20210410,OKC,PHI,|1627732|1627788|1629680|203552|203954,0,REG,2021,1629650,C,Anchor Big,-0.2
203954,Joel Embiid,22000199384,Shot Chart Detail,22000199,384,1610612755,Philadelphia 76ers,3,6,17,Made Shot,Layup Shot,,Restricted Area,Center(C),Less Than 8 ft.,1,8,15,1,1,20210410,OKC,PHI,|1627732|1627788|1629680|203552|203954,1,REG,2021,1629652|1629650,,,
203954,Joel Embiid,22000199420,Shot Chart Detail,22000199,420,1610612755,Philadelphia 76ers,3,3,28,Missed Shot,Jump Shot,,Above the Break 3,Left Side Center(LC),24+ ft.,25,-192,162,1,0,20210410,OKC,PHI,|1627732|1627788|1629680|203552|203954,0,REG,2021,1629004|1628396,,,
203954,Joel Embiid,2200021810,Shot Chart Detail,22000218,10,1610612755,Philadelphia 76ers,1,11,15,Missed Shot,Jump Shot,,Above the Break 3,Left Side Center(LC),24+ ft.,25,-164,190,1,0,20210120,PHI,BOS,|1627732|1630178|201980|202699|203954,0,REG,2021,1627759,SF,Chaser,-0.03
203954,Joel Embiid,2200021822,Shot Chart Detail,22000218,22,1610612755,Philadelphia 76ers,1,10,20,Made Shot,Jump Shot,,Mid-Range,Right Side(R),8-16 ft.,11,112,20,1,1,20210120,PHI,BOS,|1627732|1630178|201980|202699|203954,1,REG,2021,202684,PF,,-1.78
203954,Joel Embiid,2200021855,Shot Chart Detail,22000218,55,1610612755,Philadelphia 76ers,1,6,39,Made Shot,Fadeaway Jump Shot,,In The Paint (Non-RA),Center(C),8-16 ft.,11,-30,112,1,1,20210120,PHI,BOS,|1627732|1630178|201980|202699|203954,0,REG,2021,202684,PF,,-1.78
203954,Joel Embiid,2200021865,Shot Chart Detail,22000218,65,1610612755,Philadelphia 76ers,1,5,56,Made Shot,Jump Shot,,Above the Break 3,Left Side Center(LC),24+ ft.,26,-172,204,1,1,20210120,PHI,BOS,|1627732|1630178|201980|202699|203954,1,REG,2021,202684,PF,,-1.78
203954,Joel Embiid,2200021873,Shot Chart Detail,22000218,73,1610612755,Philadelphia 76ers,1,4,57,Made Shot,Driving Finger Roll Layup Shot,,Restricted Area,Center(C),Less Than 8 ft.,1,0,11,1,1,20210120,PHI,BOS,|1627732|1630178|201980|202699|203954,0,REG,2021,1630202|1629684,,,
203954,Joel Embiid,22000218107,Shot Chart Detail,22000218,107,1610612755,Philadelphia 76ers,1,3,10,Made Shot,Jump Shot,,Mid-Range,Center(C),16-24 ft.,21,-57,205,1,1,20210120,PHI,BOS,|1627788|1629003|1629680|202699|203954,1,REG,2021,1628464,C,Anchor Big,1.31
203954,Joel Embiid,22000218215,Shot Chart Detail,22000218,215,1610612755,Philadelphia 76ers,2,7,12,Made Shot,Turnaround Hook Shot,,In The Paint (Non-RA),Center(C),Less Than 8 ft.,5,-17,53,1,1,20210120,PHI,BOS,|1627732|1627788|1629003|1630178|203954,0,REG,2021,1628464,C,Anchor Big,1.31
203954,Joel Embiid,22000218221,Shot Chart Detail,22000218,221,1610612755,Philadelphia 76ers,2,5,37,Missed Shot,Jump Shot,,Above the Break 3,Right Side Center(RC),24+ ft.,25,221,120,1,0,20210120,PHI,BOS,|1627732|1627788|1629003|1630178|203954,0,REG,2021,1628400,PF,Helper,-0.4
203954,Joel Embiid,22000218354,Shot Chart Detail,22000218,354,1610612755,Philadelphia 76ers,3,11,27,Made Shot,Driving Floating Jump Shot,,Mid-Range,Center(C),16-24 ft.,16,-10,161,1,1,20210120,PHI,BOS,|1627732|1630178|201980|202699|203954,1,REG,2021,201952,PG,,-0.49
203954,Joel Embiid,22000218395,Shot Chart Detail,22000218,395,1610612755,Philadelphia 76ers,3,8,2,Made Shot,Layup Shot,,Restricted Area,Center(C),Less Than 8 ft.,0,-3,6,1,1,20210120,PHI,BOS,|1627732|1630178|201980|202699|203954,1,REG,2021,1627759,SF,Chaser,-0.03
203954,Joel Embiid,22000218413,Shot Chart Detail,22000218,413,1610612755,Philadelphia 76ers,3,7,0,Made Shot,Driving Finger Roll Layup Shot,,Restricted Area,Center(C),Less Than 8 ft.,1,-9,5,1,1,20210120,PHI,BOS,|1627732|1630178|201980|202699|203954,0,REG,2021,202684,PF,,-1.78
203954,Joel Embiid,22000218433,Shot Chart Detail,22000218,433,1610612755,Philadelphia 76ers,3,4,42,Missed Shot,Turnaround Jump Shot,,Mid-Range,Center(C),8-16 ft.,15,9,152,1,0,20210120,PHI,BOS,|1627732|1630178|201980|202699|203954,0,REG,2021,201952,PG,,-0.49
203954,Joel Embiid,22000218438,Shot Chart Detail,22000218,438,1610612755,Philadelphia 76ers,3,4,9,Made Shot,Step Back Jump shot,,Mid-Range,Center(C),16-24 ft.,18,-15,184,1,1,20210120,PHI,BOS,|1627732|1630178|201980|202699|203954,0,REG,2021,202684,PF,,-1.78
203954,Joel Embiid,22000218440,Shot Chart Detail,22000218,440,1610612755,Philadelphia 76ers,3,3,40,Missed Shot,Jump Shot,,Above the Break 3,Center(C),24+ ft.,25,-5,251,1,0,20210120,PHI,BOS,|1627732|1630178|201980|202699|203954,0,REG,2021,203935,PG,Point of Attack,0.96
203954,Joel Embiid,22000218471,Shot Chart Detail,22000218,471,1610612755,Philadelphia 76ers,3,1,53,Made Shot,Driving Layup Shot,,Restricted Area,Center(C),Less Than 8 ft.,0,-3,8,1,1,20210120,PHI,BOS,|1627788|1629003|1629680|202699|203954,0,REG,2021,1628464,C,Anchor Big,1.31
203954,Joel Embiid,22000218575,Shot Chart Detail,22000218,575,1610612755,Philadelphia 76ers,4,6,13,Missed Shot,Turnaround Fadeaway shot,,Restricted Area,Center(C),Less Than 8 ft.,3,-5,32,1,0,20210120,PHI,BOS,|1627788|1629003|1629680|202699|203954,0,REG,2021,1628464,C,Anchor Big,1.31
203954,Joel Embiid,22000218585,Shot Chart Detail,22000218,585,1610612755,Philadelphia 76ers,4,5,44,Made Shot,Turnaround Fadeaway shot,,Mid-Range,Center(C),16-24 ft.,16,-5,161,1,1,20210120,PHI,BOS,|1629003|1629680|201980|202699|203954,0,REG,2021,1630202|202684,,,
203954,Joel Embiid,22000218633,Shot Chart Detail,22000218,633,1610612755,Philadelphia 76ers,4,2,37,Missed Shot,Reverse Layup Shot,,Restricted Area,Center(C),Less Than 8 ft.,0,-4,8,1,0,20210120,PHI,BOS,|1627732|1629003|201980|202699|203954,0,REG,2021,1628464,C,Anchor Big,1.31
203954,Joel Embiid,22000218643,Shot Chart Detail,22000218,643,1610612755,Philadelphia 76ers,4,1,27,Missed Shot,Jump Shot,,Above the Break 3,Center(C),24+ ft.,26,58,260,1,0,20210120,PHI,BOS,|1627732|1629003|201980|202699|203954,0,REG,2021,1628464,C,Anchor Big,1.31
203954,Joel Embiid,220002337,Shot Chart Detail,22000233,7,1610612755,Philadelphia 76ers,1,11,36,Made Shot,Finger Roll Layup Shot,,Restricted Area,Center(C),Less Than 8 ft.,2,-19,7,1,1,20210122,PHI,BOS,|1627732|201980|202699|203552|203954,0,REG,2021,1629684|202684,,,
203954,Joel Embiid,2200023323,Shot Chart Detail,22000233,23,1610612755,Philadelphia 76ers,1,10,9,Made Shot,Step Back Jump shot,,In The Paint (Non-RA),Center(C),8-16 ft.,11,-30,113,1,1,20210122,PHI,BOS,|1627732|201980|202699|203552|203954,0,REG,2021,202684,PF,,-1.78
203954,Joel Embiid,2200023355,Shot Chart Detail,22000233,55,1610612755,Philadelphia 76ers,1,7,29,Made Shot,Driving Dunk Shot,,Restricted Area,Center(C),Less Than 8 ft.,0,-6,2,1,1,20210122,PHI,BOS,|1627732|201980|202699|203552|203954,0,REG,2021,,,,
203954,Joel Embiid,22000233206,Shot Chart Detail,22000233,206,1610612755,Philadelphia 76ers,2,7,54,Missed Shot,Turnaround Fadeaway shot,,Mid-Range,Right Side(R),8-16 ft.,14,81,123,1,0,20210122,PHI,BOS,|1627788|1629680|1630178|202699|203954,0,REG,2021,202684,PF,,-1.78
203954,Joel Embiid,22000233239,Shot Chart Detail,22000233,239,1610612755,Philadelphia 76ers,2,5,26,Made Shot,Pullup Jump shot,,In The Paint (Non-RA),Center(C),8-16 ft.,12,-33,122,1,1,20210122,PHI,BOS,|1627732|1630178|202699|203552|203954,0,REG,2021,202684,PF,,-1.78
203954,Joel Embiid,22000233246,Shot Chart Detail,22000233,246,1610612755,Philadelphia 76ers,2,4,24,Made Shot,Pullup Jump shot,,In The Paint (Non-RA),Left Side(L),8-16 ft.,10,-56,91,1,1,20210122,PHI,BOS,|1627732|1630178|202699|203552|203954,1,REG,2021,202684,PF,,-1.78
203954,Joel Embiid,22000233263,Shot Chart Detail,22000233,263,1610612755,Philadelphia 76ers,2,3,5,Made Shot,Jump Shot,,In The Paint (Non-RA),Center(C),Less Than 8 ft.,5,-41,42,1,1,20210122,PHI,BOS,|1627732|201980|202699|203552|203954,0,REG,2021,1629057,C,Anchor Big,1.59
203954,Joel Embiid,22000233316,Shot Chart Detail,22000233,316,1610612755,Philadelphia 76ers,3,11,27,Made Shot,Jump Shot,,Above the Break 3,Center(C),24+ ft.,26,72,250,1,1,20210122,PHI,BOS,|1627732|201980|202699|203552|203954,1,REG,2021,,,,
203954,Joel Embiid,22000233338,Shot Chart Detail,22000233,338,1610612755,Philadelphia 76ers,3,8,48,Missed Shot,Jump Shot,,In The Paint (Non-RA),Center(C),8-16 ft.,10,-3,104,1,0,20210122,PHI,BOS,|1627732|201980|202699|203552|203954,0,REG,2021,,,,
203954,Joel Embiid,22000233340,Shot Chart Detail,22000233,340,1610612755,Philadelphia 76ers,3,8,44,Missed Shot,Layup Shot,,Restricted Area,Center(C),Less Than 8 ft.,3,-19,25,1,0,20210122,PHI,BOS,|1627732|201980|202699|203552|203954,0,REG,2021,202684,PF,,-1.78
203954,Joel Embiid,22000233379,Shot Chart Detail,22000233,379,1610612755,Philadelphia 76ers,3,6,31,Made Shot,Running Layup Shot,,Restricted Area,Center(C),Less Than 8 ft.,1,9,6,1,1,20210122,PHI,BOS,|1627732|201980|202699|203552|203954,1,REG,2021,,,,
203954,Joel Embiid,22000233388,Shot Chart Detail,22000233,388,1610612755,Philadelphia 76ers,3,5,48,Missed Shot,Pullup Jump shot,,Mid-Range,Right Side(R),8-16 ft.,13,115,68,1,0,20210122,PHI,BOS,|1627732|201980|202699|203552|203954,0,REG,2021,202684,PF,,-1.78
203954,Joel Embiid,22000233548,Shot Chart Detail,22000233,548,1610612755,Philadelphia 76ers,4,8,22,Made Shot,Jump Shot,,Mid-Range,Left Side(L),8-16 ft.,13,-108,73,1,1,20210122,PHI,BOS,|1627732|1627788|1629003|1629680|203954,0,REG,2021,203935|202684,,,
203954,Joel Embiid,22000233557,Shot Chart Detail,22000233,557,1610612755,Philadelphia 76ers,4,7,45,Made Shot,Turnaround Jump Shot,,In The Paint (Non-RA),Center(C),Less Than 8 ft.,5,-43,40,1,1,20210122,PHI,BOS,|1627732|1627788|1629003|1629680|203954,1,REG,2021,202684,PF,,-1.78
203954,Joel Embiid,22000233659,Shot Chart Detail,22000233,659,1610612755,Philadelphia 76ers,4,0,48,Made Shot,Pullup Jump shot,,Above the Break 3,Left Side Center(LC),24+ ft.,25,-131,216,1,1,20210122,PHI,BOS,|1627732|1629680|202699|203552|203954,0,REG,2021,,,,
203954,Joel Embiid,220002437,Shot Chart Detail,22000243,7,1610612755,Philadelphia 76ers,1,11,40,Made Shot,Pullup Jump shot,,Mid-Range,Right Side Center(RC),16-24 ft.,16,95,129,1,1,20210123,DET,PHI,|1627732|201980|202699|203552|203954,0,REG,2021,203486,C,Helper,0.59
203954,Joel Embiid,2200024318,Shot Chart Detail,22000243,18,1610612755,Philadelphia 76ers,1,9,57,Made Shot,Turnaround Fadeaway shot,,In The Paint (Non-RA),Center(C),Less Than 8 ft.,5,-49,31,1,1,20210123,DET,PHI,|1627732|201980|202699|203552|203954,0,REG,2021,203486,C,Helper,0.59
203954,Joel Embiid,2200024349,Shot Chart Detail,22000243,49,1610612755,Philadelphia 76ers,1,8,9,Missed Shot,Fadeaway Jump Shot,,In The Paint (Non-RA),Center(C),Less Than 8 ft.,6,3,68,1,0,20210123,DET,PHI,|1627732|201980|202699|203552|203954,0,REG,2021,203924|203486,,,
203954,Joel Embiid,2200024357,Shot Chart Detail,22000243,57,1610612755,Philadelphia 76ers,1,7,16,Missed Shot,Floating Jump shot,,In The Paint (Non-RA),Right Side(R),8-16 ft.,9,65,74,1,0,20210123,DET,PHI,|1627732|201980|202699|203552|203954,0,REG,2021,203486,C,Helper,0.59
203954,Joel Embiid,2200024374,Shot Chart Detail,22000243,74,1610612755,Philadelphia 76ers,1,5,19,Missed Shot,Jump Shot,,Above the Break 3,Center(C),24+ ft.,26,18,262,1,0,20210123,DET,PHI,|1627732|201980|202699|203552|203954,0,REG,2021,203486,C,Helper,0.59
203954,Joel Embiid,2200024386,Shot Chart Detail,22000243,86,1610612755,Philadelphia 76ers,1,4,31,Made Shot,Jump Shot,,Mid-Range,Right Side(R),8-16 ft.,15,87,132,1,1,20210123,DET,PHI,|1629003|201980|202699|203552|203954,1,REG,2021,203486|1630180,,,
203954,Joel Embiid,2200024398,Shot Chart Detail,22000243,98,1610612755,Philadelphia 76ers,1,3,15,Missed Shot,Jump Shot,,In The Paint (Non-RA),Center(C),Less Than 8 ft.,5,3,53,1,0,20210123,DET,PHI,|1629003|201980|202699|203552|203954,0,REG,2021,203486,C,Helper,0.59
203954,Joel Embiid,22000243103,Shot Chart Detail,22000243,103,1610612755,Philadelphia 76ers,1,2,51,Made Shot,Turnaround Hook Shot,,In The Paint (Non-RA),Center(C),Less Than 8 ft.,4,0,41,1,1,20210123,DET,PHI,|1629003|201980|202699|203552|203954,0,REG,2021,203486|201961,,,
203954,Joel Embiid,22000243225,Shot Chart Detail,22000243,225,1610612755,Philadelphia 76ers,2,7,31,Missed Shot,Jump Shot,,Mid-Range,Left Side(L),16-24 ft.,21,-173,122,1,0,20210123,DET,PHI,|1627732|1627788|1629680|1630178|203954,0,REG,2021,203486,C,Helper,0.59
203954,Joel Embiid,22000243241,Shot Chart Detail,22000243,241,1610612755,Philadelphia 76ers,2,6,23,Made Shot,Driving Layup Shot,,Restricted Area,Center(C),Less Than 8 ft.,2,16,15,1,1,20210123,DET,PHI,|1627732|1630178|201980|203552|203954,0,REG,2021,203486,C,Helper,0.59
203954,Joel Embiid,22000243260,Shot Chart Detail,22000243,260,1610612755,Philadelphia 76ers,2,5,25,Made Shot,Jump Shot,,Mid-Range,Left Side(L),8-16 ft.,10,-100,15,1,1,20210123,DET,PHI,|1627732|201980|202699|203552|203954,0,REG,2021,203486,C,Helper,0.59
203954,Joel Embiid,22000243283,Shot Chart Detail,22000243,283,1610612755,Philadelphia 76ers,2,3,58,Made Shot,Layup Shot,,Restricted Area,Center(C),Less Than 8 ft.,1,-9,6,1,1,20210123,DET,PHI,|1627732|201980|202699|203552|203954,0,REG,2021,1630191|203924,,,
203954,Joel Embiid,22000243360,Shot Chart Detail,22000243,360,1610612755,Philadelphia 76ers,3,11,30,Missed Shot,Driving Reverse Layup Shot,,Restricted Area,Center(C),Less Than 8 ft.,2,26,6,1,0,20210123,DET,PHI,|1627732|201980|202699|203552|203954,0,REG,2021,203486,C,Helper,0.59
203954,Joel Embiid,22000243399,Shot Chart Detail,22000243,399,1610612755,Philadelphia 76ers,3,8,37,Missed Shot,Alley Oop Dunk Shot,,Restricted Area,Center(C),Less Than 8 ft.,2,16,12,1,0,20210123,DET,PHI,|1627732|201980|202699|203552|203954,0,REG,2021,1630191,C,Mobile Big,1.53
203954,Joel Embiid,22000243460,Shot Chart Detail,22000243,460,1610612755,Philadelphia 76ers,3,4,35,Made Shot,Layup Shot,,Restricted Area,Center(C),Less Than 8 ft.,3,25,23,1,1,20210123,DET,PHI,|1627732|1627788|1629003|201980|203954,1,REG,2021,1628367|1626153,,,
203954,Joel Embiid,22000243464,Shot Chart Detail,22000243,464,1610612755,Philadelphia 76ers,3,4,9,Made Shot,Jump Shot,,Above the Break 3,Center(C),24+ ft.,25,48,254,1,1,20210123,DET,PHI,|1627732|1627788|1629003|201980|203954,1,REG,2021,1626143,C,Helper,-0.83
203954,Joel Embiid,22000243660,Shot Chart Detail,22000243,660,1610612755,Philadelphia 76ers,4,2,8,Made Shot,Fadeaway Jump Shot,,In The Paint (Non-RA),Center(C),Less Than 8 ft.,4,-6,47,1,1,20210123,DET,PHI,|1627732|201980|202699|203552|203954,0,REG,2021,1630191,C,Mobile Big,1.53
203954,Joel Embiid,22000243663,Shot Chart Detail,22000243,663,1610612755,Philadelphia 76ers,4,1,40,Missed Shot,Layup Shot,,Restricted Area,Center(C),Less Than 8 ft.,2,25,0,1,0,20210123,DET,PHI,|1627732|201980|202699|203552|203954,0,REG,2021,1630191,C,Mobile Big,1.53
203954,Joel Embiid,22000243669,Shot Chart Detail,22000243,669,1610612755,Philadelphia 76ers,4,1,16,Missed Shot,Jump Shot,,In The Paint (Non-RA),Center(C),8-16 ft.,15,-63,138,1,0,20210123,DET,PHI,|1627732|201980|202699|203552|203954,0,REG,2021,1630191,C,Mobile Big,1.53
203954,Joel Embiid,22000243674,Shot Chart Detail,22000243,674,1610612755,Philadelphia 76ers,4,0,49,Missed Shot,Jump Shot,,In The Paint (Non-RA),Center(C),Less Than 8 ft.,7,-49,50,1,0,20210123,DET,PHI,|1627732|201980|202699|203552|203954,0,REG,2021,1630191,C,Mobile Big,1.53
203954,Joel Embiid,2200027638,Shot Chart Detail,22000276,38,1610612755,Philadelphia 76ers,1,8,48,Made Shot,Pullup Jump shot,,In The Paint (Non-RA),Center(C),Less Than 8 ft.,6,-68,-4,1,1,20210127,PHI,LAL,|1627732|201980|202699|203552|203954,1,REG,2021,201188,C,,1.54
203954,Joel Embiid,2200027650,Shot Chart Detail,22000276,50,1610612755,Philadelphia 76ers,1,7,16,Missed Shot,Pullup Jump shot,,Mid-Range,Right Side(R),8-16 ft.,9,93,8,1,0,20210127,PHI,LAL,|1627732|201980|202699|203552|203954,0,REG,2021,201188,C,,1.54
203954,Joel Embiid,2200027660,Shot Chart Detail,22000276,60,1610612755,Philadelphia 76ers,1,6,37,Made Shot,Driving Layup Shot,,In The Paint (Non-RA),Center(C),Less Than 8 ft.,4,-44,11,1,1,20210127,PHI,LAL,|1627732|201980|202699|203552|203954,0,REG,2021,201188,C,,1.54
203954,Joel Embiid,2200027676,Shot Chart Detail,22000276,76,1610612755,Philadelphia 76ers,1,5,46,Made Shot,Pullup Jump shot,,Mid-Range,Center(C),8-16 ft.,15,24,153,1,1,20210127,PHI,LAL,|1627732|201980|202699|203552|203954,1,REG,2021,201188,C,,1.54
203954,Joel Embiid,22000276108,Shot Chart Detail,22000276,108,1610612755,Philadelphia 76ers,1,3,56,Made Shot,Putback Layup Shot,,Restricted Area,Center(C),Less Than 8 ft.,1,0,17,1,1,20210127,PHI,LAL,|1627732|1629680|201980|203552|203954,0,REG,2021,203471|1628398,,,
203954,Joel Embiid,22000276252,Shot Chart Detail,22000276,252,1610612755,Philadelphia 76ers,2,6,15,Missed Shot,Jump Shot,,Above the Break 3,Left Side Center(LC),24+ ft.,26,-152,213,1,0,20210127,PHI,LAL,|1627732|201980|202699|203552|203954,0,REG,2021,201188,C,,1.54
203954,Joel Embiid,22000276255,Shot Chart Detail,22000276,255,1610612755,Philadelphia 76ers,2,5,48,Missed Shot,Fadeaway Jump Shot,,Mid-Range,Left Side(L),8-16 ft.,9,-95,21,1,0,20210127,PHI,LAL,|1627732|201980|202699|203552|203954,0,REG,2021,201188,C,,1.54
203954,Joel Embiid,22000276266,Shot Chart Detail,22000276,266,1610612755,Philadelphia 76ers,2,5,2,Missed Shot,Pullup Jump shot,,In The Paint (Non-RA),Center(C),8-16 ft.,12,-15,126,1,0,20210127,PHI,LAL,|1627732|201980|202699|203552|203954,0,REG,2021,1627936,PG,Point of Attack,0.48
203954,Joel Embiid,22000276381,Shot Chart Detail,22000276,381,1610612755,Philadelphia 76ers,3,8,41,Made Shot,Cutting Layup Shot,,Restricted Area,Center(C),Less Than 8 ft.,1,-3,18,1,1,20210127,PHI,LAL,|1627732|201980|202699|203552|203954,1,REG,2021,203076,PF,,0.47
203954,Joel Embiid,22000276395,Shot Chart Detail,22000276,395,1610612755,Philadelphia 76ers,3,7,39,Missed Shot,Jump Shot,,Above the Break 3,Left Side Center(LC),24+ ft.,27,-141,241,1,0,20210127,PHI,LAL,|1627732|201980|202699|203552|203954,0,REG,2021,201188,C,,1.54
203954,Joel Embiid,22000276453,Shot Chart Detail,22000276,453,1610612755,Philadelphia 76ers,3,3,5,Made Shot,Jump Shot,,Above the Break 3,Center(C),24+ ft.,25,42,247,1,1,20210127,PHI,LAL,|1629003|201980|202699|203552|203954,1,REG,2021,203076,PF,,0.47
203954,Joel Embiid,22000276480,Shot Chart Detail,22000276,480,1610612755,Philadelphia 76ers,3,1,15,Missed Shot,Fadeaway Jump Shot,,Mid-Range,Left Side(L),8-16 ft.,14,-141,15,1,0,20210127,PHI,LAL,|1629003|1629680|1630178|202699|203954,0,REG,2021,1628398|1626149,,,
203954,Joel Embiid,22000276592,Shot Chart Detail,22000276,592,1610612755,Philadelphia 76ers,4,7,1,Made Shot,Driving Floating Jump Shot,,In The Paint (Non-RA),Center(C),8-16 ft.,9,-14,96,1,1,20210127,PHI,LAL,|1627732|1627788|201980|203552|203954,0,REG,2021,1626149,PF,Helper,-0.2
203954,Joel Embiid,22000276603,Shot Chart Detail,22000276,603,1610612755,Philadelphia 76ers,4,5,22,Missed Shot,Turnaround Fadeaway shot,,Mid-Range,Left Side(L),16-24 ft.,16,-148,65,1,0,20210127,PHI,LAL,|1627732|1627788|201980|203552|203954,0,REG,2021,2544|1626149,,,
203954,Joel Embiid,22000276620,Shot Chart Detail,22000276,620,1610612755,Philadelphia 76ers,4,4,12,Missed Shot,Fadeaway Jump Shot,,Mid-Range,Left Side(L),8-16 ft.,13,-122,64,1,0,20210127,PHI,LAL,|1627732|201980|202699|203552|203954,0,REG,2021,203076,PF,,0.47
203954,Joel Embiid,22000276634,Shot Chart Detail,22000276,634,1610612755,Philadelphia 76ers,4,3,7,Made Shot,Driving Reverse Layup Shot,,Restricted Area,Center(C),Less Than 8 ft.,0,4,7,1,1,20210127,PHI,LAL,|1627732|201980|202699|203552|203954,0,REG,2021,203076,PF,,0.47
203954,Joel Embiid,22000276659,Shot Chart Detail,22000276,659,1610612755,Philadelphia 76ers,4,0,47,Missed Shot,Pullup Jump shot,,Mid-Range,Left Side Center(LC),16-24 ft.,18,-117,141,1,0,20210127,PHI,LAL,|1627732|201980|202699|203552|203954,0,REG,2021,203076,PF,,0.47
203954,Joel Embiid,22000276663,Shot Chart Detail,22000276,663,1610612755,Philadelphia 76ers,4,1,27,Missed Shot,Turnaround Jump Shot,,Restricted Area,Center(C),Less Than 8 ft.,2,-9,25,1,0,20210127,PHI,LAL,|1627732|201980|202699|203552|203954,0,REG,2021,203076,PF,,0.47
203954,Joel Embiid,2200029412,Shot Chart Detail,22000294,12,1610612755,Philadelphia 76ers,1,11,17,Missed Shot,Jump Shot,,Above the Break 3,Left Side Center(LC),24+ ft.,26,-112,236,1,0,20210129,MIN,PHI,|1627732|201980|202699|203552|203954,0,REG,2021,202334,PF,,-0.49
203954,Joel Embiid,2200029429,Shot Chart Detail,22000294,29,1610612755,Philadelphia 76ers,1,9,47,Missed Shot,Hook Shot,,In The Paint (Non-RA),Left Side(L),8-16 ft.,8,-57,57,1,0,20210129,MIN,PHI,|1627732|201980|202699|203552|203954,0,REG,2021,202334,PF,,-0.49
203954,Joel Embiid,2200029435,Shot Chart Detail,22000294,35,1610612755,Philadelphia 76ers,1,8,58,Missed Shot,Jump Shot,,Mid-Range,Left Side(L),8-16 ft.,14,-131,58,1,0,20210129,MIN,PHI,|1627732|201980|202699|203552|203954,0,REG,2021,202334,PF,,-0.49
203954,Joel Embiid,2200029451,Shot Chart Detail,22000294,51,1610612755,Philadelphia 76ers,1,7,55,Missed Shot,Hook Shot,,In The Paint (Non-RA),Center(C),Less Than 8 ft.,5,4,54,1,0,20210129,MIN,PHI,|1627732|201980|202699|203552|203954,0,REG,2021,202334,PF,,-0.49
203954,Joel Embiid,2200029460,Shot Chart Detail,22000294,60,1610612755,Philadelphia 76ers,1,7,0,Missed Shot,Jump Shot,,Mid-Range,Right Side(R),8-16 ft.,11,98,58,1,0,20210129,MIN,PHI,|1627732|201980|202699|203552|203954,0,REG,2021,202334,PF,,-0.49
203954,Joel Embiid,2200029472,Shot Chart Detail,22000294,72,1610612755,Philadelphia 76ers,1,6,3,Made Shot,Cutting Layup Shot,,Restricted Area,Center(C),Less Than 8 ft.,1,-6,8,1,1,20210129,MIN,PHI,|1627732|201980|202699|203552|203954,1,REG,2021,202334,PF,,-0.49
203954,Joel Embiid,2200029492,Shot Chart Detail,22000294,92,1610612755,Philadelphia 76ers,1,4,44,Made Shot,Jump Shot,,Above the Break 3,Left Side Center(LC),24+ ft.,25,-83,242,1,1,20210129,MIN,PHI,|1627732|1629680|201980|203552|203954,1,REG,2021,1630162,SG,Chaser,-1.51
203954,Joel Embiid,2200029496,Shot Chart Detail,22000294,96,1610612755,Philadelphia 76ers,1,4,9,Missed Shot,Driving Hook Shot,,In The Paint (Non-RA),Center(C),Less Than 8 ft.,7,0,73,1,0,20210129,MIN,PHI,|1627732|1629680|201980|203552|203954,0,REG,2021,202334,PF,,-0.49
203954,Joel Embiid,22000294127,Shot Chart Detail,22000294,127,1610612755,Philadelphia 76ers,1,3,30,Missed Shot,Layup Shot,,Restricted Area,Center(C),Less Than 8 ft.,0,-2,0,1,0,20210129,MIN,PHI,|1627732|1629680|201980|203552|203954,0,REG,2021,1629020|201937,,,
203954,Joel Embiid,22000294248,Shot Chart Detail,22000294,248,1610612755,Philadelphia 76ers,2,5,49,Missed Shot,Jump Shot,,Mid-Range,Left Side(L),8-16 ft.,15,-123,95,1,0,20210129,MIN,PHI,|1627788|1630178|202699|203552|203954,0,REG,2021,202334,PF,,-0.49
203954,Joel Embiid,22000294303,Shot Chart Detail,22000294,303,1610612755,Philadelphia 76ers,2,3,9,Made Shot,Driving Layup Shot,,Restricted Area,Center(C),Less Than 8 ft.,2,2,25,1,1,20210129,MIN,PHI,|1627732|1627788|201980|203552|203954,0,REG,2021,202334|1629006,,,
203954,Joel Embiid,22000294318,Shot Chart Detail,22000294,318,1610612755,Philadelphia 76ers,2,1,27,Made Shot,Driving Layup Shot,,Restricted Area,Center(C),Less Than 8 ft.,2,-14,26,1,1,20210129,MIN,PHI,|1627732|1627788|201980|203552|203954,0,REG,2021,202334,PF,,-0.49
203954,Joel Embiid,22000294376,Shot Chart Detail,22000294,376,1610612755,Philadelphia 76ers,3,11,27,Made Shot,Jump Shot,,Mid-Range,Left Side(L),8-16 ft.,13,-100,94,1,1,20210129,MIN,PHI,|1627732|201980|202699|203552|203954,0,REG,2021,202334,PF,,-0.49
203954,Joel Embiid,22000294378,Shot Chart Detail,22000294,378,1610612755,Philadelphia 76ers,3,10,45,Made Shot,Jump Shot,,Mid-Range,Left Side(L),16-24 ft.,21,-209,50,1,1,20210129,MIN,PHI,|1627732|201980|202699|203552|203954,1,REG,2021,202334,PF,,-0.49
203954,Joel Embiid,22000294381,Shot Chart Detail,22000294,381,1610612755,Philadelphia 76ers,3,10,8,Made Shot,Jump Shot,,Mid-Range,Left Side(L),16-24 ft.,16,-134,95,1,1,20210129,MIN,PHI,|1627732|201980|202699|203552|203954,0,REG,2021,202334,PF,,-0.49
203954,Joel Embiid,22000294388,Shot Chart Detail,22000294,388,1610612755,Philadelphia 76ers,3,9,7,Made Shot,Driving Dunk Shot,,Restricted Area,Center(C),Less Than 8 ft.,2,5,22,1,1,20210129,MIN,PHI,|1627732|201980|202699|203552|203954,0,REG,2021,202334,PF,,-0.49
203954,Joel Embiid,22000294427,Shot Chart Detail,22000294,427,1610612755,Philadelphia 76ers,3,6,1,Missed Shot,Layup Shot,,Restricted Area,Center(C),Less Than 8 ft.,0,1,9,1,0,20210129,MIN,PHI,|1627732|201980|202699|203552|203954,0,REG,2021,1629020,PF,Helper,-0.11
203954,Joel Embiid,22000294429,Shot Chart Detail,22000294,429,1610612755,Philadelphia 76ers,3,5,56,Made Shot,Putback Layup Shot,,Restricted Area,Center(C),Less Than 8 ft.,1,-2,13,1,1,20210129,MIN,PHI,|1627732|201980|202699|203552|203954,0,REG,2021,1629020|1627736,,,
203954,Joel Embiid,22000294451,Shot Chart Detail,22000294,451,1610612755,Philadelphia 76ers,3,3,39,Made Shot,Turnaround Fadeaway shot,,In The Paint (Non-RA),Center(C),8-16 ft.,9,45,85,1,1,20210129,MIN,PHI,|1627732|1629680|201980|203552|203954,0,REG,2021,1629020,PF,Helper,-0.11
203954,Joel Embiid,2200032713,Shot Chart Detail,22000327,13,1610612755,Philadelphia 76ers,1,11,0,Missed Shot,Jump Shot,,Mid-Range,Right Side Center(RC),16-24 ft.,18,110,151,1,0,20210203,CHA,PHI,|1627732|201980|202699|203552|203954,0,REG,2021,203469,C,Anchor Big,0.36
203954,Joel Embiid,2200032721,Shot Chart Detail,22000327,21,1610612755,Philadelphia 76ers,1,10,7,Missed Shot,Step Back Jump shot,,Mid-Range,Left Side(L),8-16 ft.,10,-101,-27,1,0,20210203,CHA,PHI,|1627732|201980|202699|203552|203954,0,REG,2021,203469|1628984,,,
203954,Joel Embiid,2200032729,Shot Chart Detail,22000327,29,1610612755,Philadelphia 76ers,1,9,40,Made Shot,Jump Shot,,Above the Break 3,Center(C),24+ ft.,25,-47,252,1,1,20210203,CHA,PHI,|1627732|201980|202699|203552|203954,1,REG,2021,202330,SF,,-2.12
203954,Joel Embiid,2200032737,Shot Chart Detail,22000327,37,1610612755,Philadelphia 76ers,1,8,42,Missed Shot,Running Jump Shot,,Above the Break 3,Left Side Center(LC),24+ ft.,25,-97,235,1,0,20210203,CHA,PHI,|1627732|201980|202699|203552|203954,0,REG,2021,203469,C,Anchor Big,0.36
203954,Joel Embiid,2200032744,Shot Chart Detail,22000327,44,1610612755,Philadelphia 76ers,1,7,56,Made Shot,Running Dunk Shot,,Restricted Area,Center(C),Less Than 8 ft.,0,-4,8,1,1,20210203,CHA,PHI,|1627732|201980|202699|203552|203954,0,REG,2021,203469,C,Anchor Big,0.36
203954,Joel Embiid,2200032747,Shot Chart Detail,22000327,47,1610612755,Philadelphia 76ers,1,7,35,Made Shot,Running Jump Shot,,Above the Break 3,Left Side Center(LC),24+ ft.,25,-143,206,1,1,20210203,CHA,PHI,|1627732|201980|202699|203552|203954,1,REG,2021,203469,C,Anchor Big,0.36
203954,Joel Embiid,2200032779,Shot Chart Detail,22000327,79,1610612755,Philadelphia 76ers,1,4,43,Made Shot,Layup Shot,,Restricted Area,Center(C),Less Than 8 ft.,1,-8,14,1,1,20210203,CHA,PHI,|1627732|201980|202699|203552|203954,0,REG,2021,203469|1628370,,,
203954,Joel Embiid,22000327103,Shot Chart Detail,22000327,103,1610612755,Philadelphia 76ers,1,3,4,Made Shot,Pullup Jump shot,,Mid-Range,Right Side Center(RC),16-24 ft.,16,114,114,1,1,20210203,CHA,PHI,|1627732|1629003|1629680|203552|203954,0,REG,2021,202687,C,,0.82
203954,Joel Embiid,22000327262,Shot Chart Detail,22000327,262,1610612755,Philadelphia 76ers,2,4,56,Made Shot,Turnaround Fadeaway shot,,In The Paint (Non-RA),Center(C),8-16 ft.,9,40,88,1,1,20210203,CHA,PHI,|1627732|201980|202699|203552|203954,0,REG,2021,203469|1630163,,,
203954,Joel Embiid,22000327277,Shot Chart Detail,22000327,277,1610612755,Philadelphia 76ers,2,3,11,Made Shot,Jump Shot,,Above the Break 3,Right Side Center(RC),24+ ft.,24,154,194,1,1,20210203,CHA,PHI,|1627732|201980|202699|203552|203954,1,REG,2021,203469,C,Anchor Big,0.36
203954,Joel Embiid,22000327308,Shot Chart Detail,22000327,308,1610612755,Philadelphia 76ers,2,0,24,Made Shot,Layup Shot,,Restricted Area,Center(C),Less Than 8 ft.,2,-19,15,1,1,20210203,CHA,PHI,|1629680|201980|202699|203552|203954,1,REG,2021,1630163,PG,Chaser,-0.36
203954,Joel Embiid,22000327335,Shot Chart Detail,22000327,335,1610612755,Philadelphia 76ers,3,10,39,Missed Shot,Jump Shot,,Mid-Range,Left Side Center(LC),16-24 ft.,17,-134,110,1,0,20210203,CHA,PHI,|1627732|201980|202699|203552|203954,0,REG,2021,203469,C,Anchor Big,0.36
203954,Joel Embiid,22000327348,Shot Chart Detail,22000327,348,1610612755,Philadelphia 76ers,3,9,24,Missed Shot,Turnaround Fadeaway shot,,In The Paint (Non-RA),Center(C),8-16 ft.,11,-9,117,1,0,20210203,CHA,PHI,|1627732|201980|202699|203552|203954,0,REG,2021,202330|1630163,,,
203954,Joel Embiid,22000327380,Shot Chart Detail,22000327,380,1610612755,Philadelphia 76ers,3,6,41,Missed Shot,Alley Oop Layup shot,,Restricted Area,Center(C),Less Than 8 ft.,2,-24,2,1,0,20210203,CHA,PHI,|1627732|201980|202699|203552|203954,0,REG,2021,203469,C,Anchor Big,0.36
203954,Joel Embiid,22000327384,Shot Chart Detail,22000327,384,1610612755,Philadelphia 76ers,3,6,15,Made Shot,Jump Shot,,In The Paint (Non-RA),Center(C),8-16 ft.,12,15,123,1,1,20210203,CHA,PHI,|1627732|201980|202699|203552|203954,1,REG,2021,203469,C,Anchor Big,0.36
203954,Joel Embiid,22000327388,Shot Chart Detail,22000327,388,1610612755,Philadelphia 76ers,3,5,31,Made Shot,Fadeaway Jump Shot,,In The Paint (Non-RA),Center(C),Less Than 8 ft.,7,-47,63,1,1,20210203,CHA,PHI,|1627732|201980|202699|203552|203954,1,REG,2021,203469|1628984,,,
203954,Joel Embiid,22000327599,Shot Chart Detail,22000327,599,1610612755,Philadelphia 76ers,4,3,48,Made Shot,Fadeaway Jump Shot,,In The Paint (Non-RA),Center(C),8-16 ft.,12,-46,112,1,1,20210203,CHA,PHI,|1627732|201980|202699|203552|203954,1,REG,2021,203469,C,Anchor Big,0.36
203954,Joel Embiid,2200033710,Shot Chart Detail,22000337,10,1610612755,Philadelphia 76ers,1,11,2,Made Shot,Jump Shot,,In The Paint (Non-RA),Center(C),Less Than 8 ft.,7,6,75,1,1,20210204,PHI,POR,|1627788|201980|202699|203552|203954,1,REG,2021,202683|1629018,,,
203954,Joel Embiid,2200033723,Shot Chart Detail,22000337,23,1610612755,Philadelphia 76ers,1,9,6,Missed Shot,Pullup Jump shot,,In The Paint (Non-RA),Center(C),8-16 ft.,9,-41,82,1,0,20210204,PHI,POR,|1627788|201980|202699|203552|203954,0,REG,2021,202683,C,,-1.03
203954,Joel Embiid,2200033730,Shot Chart Detail,22000337,30,1610612755,Philadelphia 76ers,1,7,59,Missed Shot,Driving Layup Shot,,In The Paint (Non-RA),Center(C),Less Than 8 ft.,5,-30,48,1,0,20210204,PHI,POR,|1627788|201980|202699|203552|203954,0,REG,2021,202683,C,,-1.03
203954,Joel Embiid,2200033748,Shot Chart Detail,22000337,48,1610612755,Philadelphia 76ers,1,6,40,Made Shot,Jump Shot,,Mid-Range,Left Side(L),8-16 ft.,14,-98,100,1,1,20210204,PHI,POR,|1627788|201980|202699|203552|203954,0,REG,2021,202683,C,,-1.03
203954,Joel Embiid,2200033751,Shot Chart Detail,22000337,51,1610612755,Philadelphia 76ers,1,6,9,Missed Shot,Driving Layup Shot,,Restricted Area,Center(C),Less Than 8 ft.,3,-33,5,1,0,20210204,PHI,POR,|1627788|201980|202699|203552|203954,0,REG,2021,202683,C,,-1.03
203954,Joel Embiid,22000337139,Shot Chart Detail,22000337,139,1610612755,Philadelphia 76ers,1,0,51,Made Shot,Floating Jump shot,,In The Paint (Non-RA),Center(C),Less Than 8 ft.,6,-8,63,1,1,20210204,PHI,POR,|1627788|1629003|1629680|1630178|203954,1,REG,2021,1629014,SG,Point of Attack,-1.07
203954,Joel Embiid,22000337161,Shot Chart Detail,22000337,161,1610612755,Philadelphia 76ers,2,11,23,Missed Shot,Driving Hook Shot,,In The Paint (Non-RA),Center(C),Less Than 8 ft.,6,3,61,1,0,20210204,PHI,POR,|1629003|1629680|1630178|202699|203954,0,REG,2021,1629014|1629604|1628385,,,
203954,Joel Embiid,22000337178,Shot Chart Detail,22000337,178,1610612755,Philadelphia 76ers,2,9,50,Made Shot,Turnaround Hook Shot,,In The Paint (Non-RA),Center(C),Less Than 8 ft.,4,9,48,1,1,20210204,PHI,POR,|1629003|1629680|1630178|202699|203954,1,REG,2021,1629014|1628385,,,
203954,Joel Embiid,22000337193,Shot Chart Detail,22000337,193,1610612755,Philadelphia 76ers,2,9,0,Made Shot,Pullup Jump shot,,In The Paint (Non-RA),Center(C),8-16 ft.,13,17,132,1,1,20210204,PHI,POR,|1629680|1630178|202699|203552|203954,1,REG,2021,1628385,PF,Anchor Big,-0.37
203954,Joel Embiid,22000337196,Shot Chart Detail,22000337,196,1610612755,Philadelphia 76ers,2,8,32,Made Shot,Pullup Jump shot,,Mid-Range,Center(C),8-16 ft.,14,29,143,1,1,20210204,PHI,POR,|1629680|1630178|202699|203552|203954,0,REG,2021,1628385,PF,Anchor Big,-0.37
203954,Joel Embiid,22000337209,Shot Chart Detail,22000337,209,1610612755,Philadelphia 76ers,2,7,31,Made Shot,Fadeaway Jump Shot,,In The Paint (Non-RA),Center(C),8-16 ft.,10,16,100,1,1,20210204,PHI,POR,|1629680|1630178|202699|203552|203954,0,REG,2021,1629604|1628385,,,
203954,Joel Embiid,22000337239,Shot Chart Detail,22000337,239,1610612755,Philadelphia 76ers,2,5,41,Made Shot,Fadeaway Jump Shot,,In The Paint (Non-RA),Left Side(L),8-16 ft.,10,-69,79,1,1,20210204,PHI,POR,|1627788|201980|202699|203552|203954,0,REG,2021,1628385,PF,Anchor Big,-0.37
203954,Joel Embiid,22000337242,Shot Chart Detail,22000337,242,1610612755,Philadelphia 76ers,2,5,7,Missed Shot,Driving Reverse Layup Shot,,In The Paint (Non-RA),Center(C),Less Than 8 ft.,4,-3,48,1,0,20210204,PHI,POR,|1627788|201980|202699|203552|203954,0,REG,2021,1628385|203918,,,
203954,Joel Embiid,22000337253,Shot Chart Detail,22000337,253,1610612755,Philadelphia 76ers,2,4,13,Made Shot,Pullup Jump shot,,Mid-Range,Center(C),8-16 ft.,15,-4,150,1,1,20210204,PHI,POR,|1627788|201980|202699|203552|203954,1,REG,2021,202683,C,,-1.03
203954,Joel Embiid,22000337276,Shot Chart Detail,22000337,276,1610612755,Philadelphia 76ers,2,2,57,Missed Shot,Jump Shot,,In The Paint (Non-RA),Center(C),Less Than 8 ft.,7,-47,53,1,0,20210204,PHI,POR,|1627788|1629003|201980|202699|203954,0,REG,2021,202683,C,,-1.03
203954,Joel Embiid,22000337282,Shot Chart Detail,22000337,282,1610612755,Philadelphia 76ers,2,2,24,Made Shot,Pullup Jump shot,,In The Paint (Non-RA),Center(C),8-16 ft.,13,51,124,1,1,20210204,PHI,POR,|1627788|1629003|201980|202699|203954,1,REG,2021,202683,C,,-1.03
203954,Joel Embiid,22000337298,Shot Chart Detail,22000337,298,1610612755,Philadelphia 76ers,2,0,31,Made Shot,Hook Bank Shot,,In The Paint (Non-RA),Center(C),Less Than 8 ft.,7,-10,71,1,1,20210204,PHI,POR,|1627788|1629003|201980|202699|203954,1,REG,2021,2546|203918,,,
203954,Joel Embiid,22000337347,Shot Chart Detail,22000337,347,1610612755,Philadelphia 76ers,3,9,0,Made Shot,Fadeaway Jump Shot,,Mid-Range,Left Side Center(LC),16-24 ft.,19,-130,139,1,1,20210204,PHI,POR,|1627788|1630178|201980|202699|203954,0,REG,2021,202683|203918,,,
203954,Joel Embiid,22000337350,Shot Chart Detail,22000337,350,1610612755,Philadelphia 76ers,3,8,24,Made Shot,Jump Shot,,Mid-Range,Left Side(L),16-24 ft.,18,-160,101,1,1,20210204,PHI,POR,|1627788|1630178|201980|202699|203954,0,REG,2021,202683,C,,-1.03
203954,Joel Embiid,22000337394,Shot Chart Detail,22000337,394,1610612755,Philadelphia 76ers,3,3,30,Missed Shot,Jump Shot,,Above the Break 3,Right Side Center(RC),24+ ft.,27,128,243,1,0,20210204,PHI,POR,|1629003|1629680|1630178|202699|203954,0,REG,2021,202683,C,,-1.03
203954,Joel Embiid,22000337513,Shot Chart Detail,22000337,513,1610612755,Philadelphia 76ers,4,9,23,Made Shot,Driving Layup Shot,,Restricted Area,Center(C),Less Than 8 ft.,3,9,31,1,1,20210204,PHI,POR,|1627788|1629003|1629680|202699|203954,0,REG,2021,202683,C,,-1.03
203954,Joel Embiid,2200035416,Shot Chart Detail,22000354,16,1610612755,Philadelphia 76ers,1,10,52,Missed Shot,Jump Shot,,In The Paint (Non-RA),Center(C),8-16 ft.,13,-18,134,1,0,20210206,PHI,BKN,|1627732|201980|202699|203552|203954,0,REG,2021,201599,C,,0.26
203954,Joel Embiid,2200035424,Shot Chart Detail,22000354,24,1610612755,Philadelphia 76ers,1,9,59,Missed Shot,Running Pull-Up Jump Shot,,Above the Break 3,Right Side Center(RC),24+ ft.,25,128,225,1,0,20210206,PHI,BKN,|1627732|201980|202699|203552|203954,0,REG,2021,201599,C,,0.26
203954,Joel Embiid,2200035432,Shot Chart Detail,22000354,32,1610612755,Philadelphia 76ers,1,8,57,Made Shot,Fadeaway Jump Shot,,In The Paint (Non-RA),Left Side(L),8-16 ft.,9,-78,56,1,1,20210206,PHI,BKN,|1627732|201980|202699|203552|203954,0,REG,2021,201599,C,,0.26
203954,Joel Embiid,2200035444,Shot Chart Detail,22000354,44,1610612755,Philadelphia 76ers,1,7,53,Made Shot,Turnaround Fadeaway shot,,In The Paint (Non-RA),Center(C),Less Than 8 ft.,6,1,64,1,1,20210206,PHI,BKN,|1627732|201980|202699|203552|203954,0,REG,2021,201935|201145,,,
203954,Joel Embiid,2200035476,Shot Chart Detail,22000354,76,1610612755,Philadelphia 76ers,1,5,18,Made Shot,Jump Shot,,Above the Break 3,Center(C),24+ ft.,26,39,264,1,1,20210206,PHI,BKN,|1627732|201980|202699|203552|203954,1,REG,2021,201599,C,,0.26
203954,Joel Embiid,2200035480,Shot Chart Detail,22000354,80,1610612755,Philadelphia 76ers,1,4,46,Made Shot,Turnaround Fadeaway shot,,In The Paint (Non-RA),Center(C),8-16 ft.,12,57,106,1,1,20210206,PHI,BKN,|1627732|201980|202699|203552|203954,1,REG,2021,201599,C,,0.26
203954,Joel Embiid,2200035491,Shot Chart Detail,22000354,91,1610612755,Philadelphia 76ers,1,4,27,Missed Shot,Jump Shot,,Above the Break 3,Center(C),24+ ft.,26,29,263,1,0,20210206,PHI,BKN,|1627732|1627788|201980|202699|203954,0,REG,2021,201599,C,,0.26
203954,Joel Embiid,2200035494,Shot Chart Detail,22000354,94,1610612755,Philadelphia 76ers,1,3,49,Made Shot,Pullup Jump shot,,In The Paint (Non-RA),Center(C),Less Than 8 ft.,6,-62,26,1,1,20210206,PHI,BKN,|1627732|1627788|201980|202699|203954,0,REG,2021,201599,C,,0.26
203954,Joel Embiid,22000354117,Shot Chart Detail,22000354,117,1610612755,Philadelphia 76ers,1,1,23,Missed Shot,Driving Floating Jump Shot,,Restricted Area,Center(C),Less Than 8 ft.,1,0,17,1,0,20210206,PHI,BKN,|1627732|1627788|1629680|201980|203954,0,REG,2021,1629013,SG,Chaser,-0.95
203954,Joel Embiid,22000354130,Shot Chart Detail,22000354,130,1610612755,Philadelphia 76ers,1,0,37,Missed Shot,Jump Shot,,Above the Break 3,Center(C),24+ ft.,26,41,258,1,0,20210206,PHI,BKN,|1627732|1627788|1629003|1629680|203954,0,REG,2021,201599,C,,0.26
203954,Joel Embiid,22000354260,Shot Chart Detail,22000354,260,1610612755,Philadelphia 76ers,2,4,13,Missed Shot,Jump Shot,,Above the Break 3,Left Side Center(LC),24+ ft.,27,-98,262,1,0,20210206,PHI,BKN,|1627732|1629003|201980|203552|203954,0,REG,2021,201599,C,,0.26
203954,Joel Embiid,22000354273,Shot Chart Detail,22000354,273,1610612755,Philadelphia 76ers,2,2,31,Made Shot,Jump Shot,,In The Paint (Non-RA),Right Side(R),8-16 ft.,11,71,94,1,1,20210206,PHI,BKN,|1627732|1629003|201980|203552|203954,1,REG,2021,201599,C,,0.26
203954,Joel Embiid,22000354281,Shot Chart Detail,22000354,281,1610612755,Philadelphia 76ers,2,1,35,Missed Shot,Jump Shot,,In The Paint (Non-RA),Left Side(L),8-16 ft.,8,-76,42,1,0,20210206,PHI,BKN,|1627732|1629003|201980|203552|203954,0,REG,2021,201599,C,,0.26
203954,Joel Embiid,22000354295,Shot Chart Detail,22000354,295,1610612755,Philadelphia 76ers,2,0,4,Missed Shot,Jump Shot,,Above the Break 3,Right Side Center(RC),24+ ft.,25,155,205,1,0,20210206,PHI,BKN,|1627732|1629003|201980|203552|203954,0,REG,2021,201599,C,,0.26
203954,Joel Embiid,22000354314,Shot Chart Detail,22000354,314,1610612755,Philadelphia 76ers,3,11,5,Made Shot,Pullup Jump shot,,Mid-Range,Center(C),16-24 ft.,20,19,206,1,1,20210206,PHI,BKN,|1627732|201980|202699|203552|203954,1,REG,2021,201599,C,,0.26
203954,Joel Embiid,22000354323,Shot Chart Detail,22000354,323,1610612755,Philadelphia 76ers,3,9,48,Missed Shot,Jump Shot,,In The Paint (Non-RA),Left Side(L),8-16 ft.,9,-57,73,1,0,20210206,PHI,BKN,|1627732|201980|202699|203552|203954,0,REG,2021,201599,C,,0.26
203954,Joel Embiid,22000354335,Shot Chart Detail,22000354,335,1610612755,Philadelphia 76ers,3,8,36,Made Shot,Floating Jump shot,,Mid-Range,Left Side Center(LC),16-24 ft.,19,-67,180,1,1,20210206,PHI,BKN,|1627732|201980|202699|203552|203954,1,REG,2021,201145|203925,,,
203954,Joel Embiid,22000354376,Shot Chart Detail,22000354,376,1610612755,Philadelphia 76ers,3,5,45,Missed Shot,Jump Shot,,Above the Break 3,Center(C),24+ ft.,26,-9,264,1,0,20210206,PHI,BKN,|1627732|1627788|201980|202699|203954,0,REG,2021,,,,
203954,Joel Embiid,22000354431,Shot Chart Detail,22000354,431,1610612755,Philadelphia 76ers,3,2,10,Missed Shot,Putback Layup Shot,,Restricted Area,Center(C),Less Than 8 ft.,3,11,34,1,0,20210206,PHI,BKN,|1627732|1627788|1629680|201980|203954,0,REG,2021,204020,SG,Point of Attack,0.3
203954,Joel Embiid,22000354443,Shot Chart Detail,22000354,443,1610612755,Philadelphia 76ers,3,1,12,Made Shot,Jump Shot,,Mid-Range,Center(C),8-16 ft.,14,4,142,1,1,20210206,PHI,BKN,|1627732|1627788|1629003|1629680|203954,1,REG,2021,,,,
203954,Joel Embiid,22000354569,Shot Chart Detail,22000354,569,1610612755,Philadelphia 76ers,4,4,47,Made Shot,Pullup Jump shot,,Mid-Range,Center(C),16-24 ft.,23,-66,223,1,1,20210206,PHI,BKN,|1627732|1629003|202699|203552|203954,1,REG,2021,,,,
203954,Joel Embiid,2200038128,Shot Chart Detail,22000381,28,1610612755,Philadelphia 76ers,1,9,19,Made Shot,Driving Hook Shot,,In The Paint (Non-RA),Left Side(L),8-16 ft.,10,-55,90,1,1,20210209,SAC,PHI,|1627732|201980|202699|203552|203954,0,REG,2021,1626158,PF,Helper,0.05
203954,Joel Embiid,2200038131,Shot Chart Detail,22000381,31,1610612755,Philadelphia 76ers,1,8,58,Missed Shot,Jump Shot,,Above the Break 3,Left Side Center(LC),24+ ft.,24,-218,122,1,0,20210209,SAC,PHI,|1627732|201980|202699|203552|203954,0,REG,2021,1626158,PF,Helper,0.05
203954,Joel Embiid,2200038176,Shot Chart Detail,22000381,76,1610612755,Philadelphia 76ers,1,5,25,Missed Shot,Dunk Shot,,Restricted Area,Center(C),Less Than 8 ft.,1,-3,17,1,0,20210209,SAC,PHI,|1627732|201980|202699|203552|203954,0,REG,2021,203084|1628963,,,
203954,Joel Embiid,22000381115,Shot Chart Detail,22000381,115,1610612755,Philadelphia 76ers,1,3,16,Made Shot,Jump Shot,,Mid-Range,Right Side(R),8-16 ft.,12,123,4,1,1,20210209,SAC,PHI,|1627732|1627788|201980|203552|203954,0,REG,2021,202355,C,,0.17
203954,Joel Embiid,22000381230,Shot Chart Detail,22000381,230,1610612755,Philadelphia 76ers,2,7,5,Missed Shot,Jump Shot,,In The Paint (Non-RA),Center(C),8-16 ft.,15,78,138,1,0,20210209,SAC,PHI,|1629003|1629680|202699|203552|203954,0,REG,2021,1626158,PF,Helper,0.05
203954,Joel Embiid,22000381332,Shot Chart Detail,22000381,332,1610612755,Philadelphia 76ers,3,11,24,Missed Shot,Jump Shot,,Above the Break 3,Center(C),24+ ft.,24,35,242,1,0,20210209,SAC,PHI,|1627732|201980|202699|203552|203954,0,REG,2021,203084,SF,,0.86
203954,Joel Embiid,22000381370,Shot Chart Detail,22000381,370,1610612755,Philadelphia 76ers,3,8,11,Made Shot,Driving Layup Shot,,Restricted Area,Center(C),Less Than 8 ft.,3,-2,30,1,1,20210209,SAC,PHI,|1627732|201980|202699|203552|203954,0,REG,2021,1627741|1628963,,,
203954,Joel Embiid,22000381372,Shot Chart Detail,22000381,372,1610612755,Philadelphia 76ers,3,7,49,Missed Shot,Jump Shot,,Mid-Range,Center(C),16-24 ft.,17,-32,169,1,0,20210209,SAC,PHI,|1627732|201980|202699|203552|203954,0,REG,2021,1628368,PG,Point of Attack,-1.36
203954,Joel Embiid,22000381396,Shot Chart Detail,22000381,396,1610612755,Philadelphia 76ers,3,5,53,Made Shot,Dunk Shot,,Restricted Area,Center(C),Less Than 8 ft.,0,-2,1,1,1,20210209,SAC,PHI,|1627732|201980|202699|203552|203954,1,REG,2021,1628963|1630169,,,
203954,Joel Embiid,22000381410,Shot Chart Detail,22000381,410,1610612755,Philadelphia 76ers,3,4,49,Missed Shot,Jump Shot,,Mid-Range,Left Side Center(LC),16-24 ft.,16,-120,120,1,0,20210209,SAC,PHI,|1627732|201980|202699|203552|203954,0,REG,2021,1628963,PF,Helper,-1.67
203954,Joel Embiid,22000381431,Shot Chart Detail,22000381,431,1610612755,Philadelphia 76ers,3,3,20,Missed Shot,Layup Shot,,Restricted Area,Center(C),Less Than 8 ft.,3,-4,30,1,0,20210209,SAC,PHI,|1627732|1627788|201980|203552|203954,0,REG,2021,1628963,PF,Helper,-1.67
203954,Joel Embiid,22000381433,Shot Chart Detail,22000381,433,1610612755,Philadelphia 76ers,3,3,18,Missed Shot,Putback Layup Shot,,Restricted Area,Center(C),Less Than 8 ft.,3,5,36,1,0,20210209,SAC,PHI,|1627732|1627788|201980|203552|203954,0,REG,2021,203084|1628963,,,
203954,Joel Embiid,22000381614,Shot Chart Detail,22000381,614,1610612755,Philadelphia 76ers,4,4,13,Made Shot,Jump Shot,,Mid-Range,Left Side Center(LC),16-24 ft.,18,-97,152,1,1,20210209,SAC,PHI,|1627732|1629003|1629680|202699|203954,1,REG,2021,203084,SF,,0.86
203954,Joel Embiid,22000381629,Shot Chart Detail,22000381,629,1610612755,Philadelphia 76ers,4,2,38,Missed Shot,Fadeaway Jump Shot,,Mid-Range,Left Side(L),8-16 ft.,10,-107,9,1,0,20210209,SAC,PHI,|1627732|1629003|1629680|202699|203954,0,REG,2021,1628368|1626158,,,
203954,Joel Embiid,22000381643,Shot Chart Detail,22000381,643,1610612755,Philadelphia 76ers,4,1,8,Made Shot,Turnaround Fadeaway shot,,Mid-Range,Center(C),8-16 ft.,14,14,145,1,1,20210209,SAC,PHI,|1627732|1629680|202699|203552|203954,0,REG,2021,1627741,SG,Chaser,-1.39
203954,Joel Embiid,220003947,Shot Chart Detail,22000394,7,1610612755,Philadelphia 76ers,1,11,36,Made Shot,Jump Shot,,Mid-Range,Right Side(R),16-24 ft.,16,133,95,1,1,20210211,POR,PHI,|1627732|201980|202699|203552|203954,1,REG,2021,202683,C,,-1.03
203954,Joel Embiid,2200039441,Shot Chart Detail,22000394,41,1610612755,Philadelphia 76ers,1,8,12,Missed Shot,Hook Shot,,Restricted Area,Center(C),Less Than 8 ft.,3,-3,38,1,0,20210211,POR,PHI,|1627732|201980|202699|203552|203954,0,REG,2021,202683,C,,-1.03
203954,Joel Embiid,2200039459,Shot Chart Detail,22000394,59,1610612755,Philadelphia 76ers,1,7,12,Missed Shot,Fadeaway Jump Shot,,Mid-Range,Left Side(L),8-16 ft.,11,-111,24,1,0,20210211,POR,PHI,|1627732|201980|202699|203552|203954,0,REG,2021,202683,C,,-1.03
203954,Joel Embiid,2200039468,Shot Chart Detail,22000394,68,1610612755,Philadelphia 76ers,1,6,31,Missed Shot,Jump Shot,,Mid-Range,Left Side(L),16-24 ft.,17,-156,73,1,0,20210211,POR,PHI,|1627732|201980|202699|203552|203954,0,REG,2021,202683,C,,-1.03
203954,Joel Embiid,22000394105,Shot Chart Detail,22000394,105,1610612755,Philadelphia 76ers,1,4,25,Missed Shot,Turnaround Hook Shot,,In The Paint (Non-RA),Center(C),Less Than 8 ft.,4,-35,27,1,0,20210211,POR,PHI,|1627732|201980|202699|203552|203954,0,REG,2021,202683,C,,-1.03
203954,Joel Embiid,22000394107,Shot Chart Detail,22000394,107,1610612755,Philadelphia 76ers,1,4,23,Made Shot,Putback Dunk Shot,,Restricted Area,Center(C),Less Than 8 ft.,1,-18,4,1,1,20210211,POR,PHI,|1627732|201980|202699|203552|203954,0,REG,2021,2546|202683|203496,,,
203954,Joel Embiid,22000394130,Shot Chart Detail,22000394,130,1610612755,Philadelphia 76ers,1,2,40,Made Shot,Cutting Dunk Shot,,Restricted Area,Center(C),Less Than 8 ft.,0,-2,6,1,1,20210211,POR,PHI,|1627732|1627788|1629680|203552|203954,1,REG,2021,1629014,SG,Point of Attack,-1.07
203954,Joel Embiid,22000394238,Shot Chart Detail,22000394,238,1610612755,Philadelphia 76ers,2,7,10,Missed Shot,Jump Shot,,Above the Break 3,Right Side Center(RC),24+ ft.,25,84,241,1,0,20210211,POR,PHI,|1627732|201980|202699|203552|203954,0,REG,2021,,,,
203954,Joel Embiid,22000394251,Shot Chart Detail,22000394,251,1610612755,Philadelphia 76ers,2,6,19,Missed Shot,Driving Hook Shot,,In The Paint (Non-RA),Center(C),Less Than 8 ft.,5,-25,46,1,0,20210211,POR,PHI,|1627732|201980|202699|203552|203954,0,REG,2021,202683,C,,-1.03
203954,Joel Embiid,22000394261,Shot Chart Detail,22000394,261,1610612755,Philadelphia 76ers,2,4,58,Made Shot,Driving Floating Jump Shot,,In The Paint (Non-RA),Center(C),Less Than 8 ft.,4,24,34,1,1,20210211,POR,PHI,|1627732|201980|202699|203552|203954,0,REG,2021,202683,C,,-1.03
203954,Joel Embiid,22000394267,Shot Chart Detail,22000394,267,1610612755,Philadelphia 76ers,2,4,3,Made Shot,Jump Shot,,Mid-Range,Center(C),8-16 ft.,15,-16,152,1,1,20210211,POR,PHI,|1627732|201980|202699|203552|203954,1,REG,2021,202683,C,,-1.03
203954,Joel Embiid,22000394297,Shot Chart Detail,22000394,297,1610612755,Philadelphia 76ers,2,2,34,Made Shot,Driving Floating Jump Shot,,In The Paint (Non-RA),Center(C),Less Than 8 ft.,4,-3,43,1,1,20210211,POR,PHI,|1627732|1627788|201980|203552|203954,0,REG,2021,202683,C,,-1.03
203954,Joel Embiid,22000394308,Shot Chart Detail,22000394,308,1610612755,Philadelphia 76ers,2,1,20,Missed Shot,Turnaround Hook Shot,,In The Paint (Non-RA),Center(C),Less Than 8 ft.,4,-31,26,1,0,20210211,POR,PHI,|1627732|1627788|201980|203552|203954,0,REG,2021,,,,
203954,Joel Embiid,22000394318,Shot Chart Detail,22000394,318,1610612755,Philadelphia 76ers,2,1,8,Made Shot,Driving Dunk Shot,,Restricted Area,Center(C),Less Than 8 ft.,1,13,5,1,1,20210211,POR,PHI,|1627732|1627788|201980|203552|203954,1,REG,2021,203081,PG,,-2.16
203954,Joel Embiid,22000394328,Shot Chart Detail,22000394,328,1610612755,Philadelphia 76ers,2,0,2,Made Shot,Turnaround Fadeaway shot,,Mid-Range,Right Side(R),16-24 ft.,16,160,14,1,1,20210211,POR,PHI,|1627732|1627788|201980|203552|203954,0,REG,2021,203496,SF,Wing Stopper,-0.79
203954,Joel Embiid,22000394330,Shot Chart Detail,22000394,330,1610612755,Philadelphia 76ers,2,0,0,Made Shot,Turnaround Fadeaway Bank Jump Shot,,Mid-Range,Left Side(L),16-24 ft.,16,-139,92,1,1,20210211,POR,PHI,|1627732|1627788|201980|203552|203954,1,REG,2021,203496,SF,Wing Stopper,-0.79
203954,Joel Embiid,22000394346,Shot Chart Detail,22000394,346,1610612755,Philadelphia 76ers,3,11,16,Made Shot,Jump Shot,,Right Corner 3,Right Side(R),24+ ft.,22,223,39,1,1,20210211,POR,PHI,|1627732|201980|202699|203552|203954,1,REG,2021,202683,C,,-1.03
203954,Joel Embiid,22000394370,Shot Chart Detail,22000394,370,1610612755,Philadelphia 76ers,3,8,42,Made Shot,Alley Oop Dunk Shot,,Restricted Area,Center(C),Less Than 8 ft.,0,-7,2,1,1,20210211,POR,PHI,|1627732|201980|202699|203552|203954,1,REG,2021,1627884,SF,Chaser,-0.28
203954,Joel Embiid,22000394383,Shot Chart Detail,22000394,383,1610612755,Philadelphia 76ers,3,7,29,Missed Shot,Jump Shot,,Mid-Range,Right Side Center(RC),16-24 ft.,16,65,157,1,0,20210211,POR,PHI,|1627732|201980|202699|203552|203954,0,REG,2021,202683,C,,-1.03
203954,Joel Embiid,22000394390,Shot Chart Detail,22000394,390,1610612755,Philadelphia 76ers,3,6,37,Missed Shot,Fadeaway Jump Shot,,Mid-Range,Center(C),8-16 ft.,15,-3,159,1,0,20210211,POR,PHI,|1627732|201980|202699|203552|203954,0,REG,2021,202683,C,,-1.03
203954,Joel Embiid,22000394405,Shot Chart Detail,22000394,405,1610612755,Philadelphia 76ers,3,4,42,Missed Shot,Driving Floating Jump Shot,,In The Paint (Non-RA),Center(C),Less Than 8 ft.,4,-43,22,1,0,20210211,POR,PHI,|1627732|201980|202699|203552|203954,0,REG,2021,202683,C,,-1.03
203954,Joel Embiid,22000394543,Shot Chart Detail,22000394,543,1610612755,Philadelphia 76ers,4,7,18,Made Shot,Jump Shot,,Mid-Range,Left Side Center(LC),16-24 ft.,18,-123,142,1,1,20210211,POR,PHI,|1627732|1627788|202699|203552|203954,0,REG,2021,202683,C,,-1.03
203954,Joel Embiid,22000394546,Shot Chart Detail,22000394,546,1610612755,Philadelphia 76ers,4,6,37,Missed Shot,Pullup Jump shot,,Mid-Range,Left Side(L),8-16 ft.,12,-117,43,1,0,20210211,POR,PHI,|1627732|1627788|202699|203552|203954,0,REG,2021,202683,C,,-1.03
203954,Joel Embiid,22000394598,Shot Chart Detail,22000394,598,1610612755,Philadelphia 76ers,4,2,3,Missed Shot,Pullup Jump shot,,Restricted Area,Center(C),Less Than 8 ft.,3,-25,29,1,0,20210211,POR,PHI,|1627732|201980|202699|203552|203954,0,REG,2021,202683,C,,-1.03
203954,Joel Embiid,22000394610,Shot Chart Detail,22000394,610,1610612755,Philadelphia 76ers,4,1,1,Made Shot,Pullup Jump shot,,Mid-Range,Center(C),16-24 ft.,16,38,158,1,1,20210211,POR,PHI,|1627732|201980|202699|203552|203954,0,REG,2021,202683,C,,-1.03
203954,Joel Embiid,2200040610,Shot Chart Detail,22000406,10,1610612755,Philadelphia 76ers,1,11,10,Made Shot,Jump Shot,,Mid-Range,Left Side(L),8-16 ft.,15,-149,37,1,1,20210213,PHX,PHI,|1627732|201980|202699|203552|203954,0,REG,2021,1629028,C,Anchor Big,0.2
203954,Joel Embiid,2200040620,Shot Chart Detail,22000406,20,1610612755,Philadelphia 76ers,1,9,44,Missed Shot,Driving Floating Jump Shot,,Mid-Range,Left Side(L),8-16 ft.,11,-116,24,1,0,20210213,PHX,PHI,|1627732|201980|202699|203552|203954,0,REG,2021,1626163,C,Helper,0.2
203954,Joel Embiid,2200040662,Shot Chart Detail,22000406,62,1610612755,Philadelphia 76ers,1,5,59,Made Shot,Jump Shot,,Mid-Range,Left Side(L),16-24 ft.,18,-162,83,1,1,20210213,PHX,PHI,|1627732|201980|202699|203552|203954,0,REG,2021,1629028,C,Anchor Big,0.2
203954,Joel Embiid,2200040676,Shot Chart Detail,22000406,76,1610612755,Philadelphia 76ers,1,4,51,Missed Shot,Pullup Jump shot,,In The Paint (Non-RA),Left Side(L),8-16 ft.,13,-75,114,1,0,20210213,PHX,PHI,|1627732|201980|202699|203552|203954,0,REG,2021,1629028,C,Anchor Big,0.2
203954,Joel Embiid,2200040683,Shot Chart Detail,22000406,83,1610612755,Philadelphia 76ers,1,3,55,Made Shot,Jump Shot,,Above the Break 3,Right Side Center(RC),24+ ft.,26,127,227,1,1,20210213,PHX,PHI,|1627732|201980|202699|203552|203954,1,REG,2021,1629028,C,Anchor Big,0.2
203954,Joel Embiid,22000406104,Shot Chart Detail,22000406,104,1610612755,Philadelphia 76ers,1,2,28,Made Shot,Layup Shot,,Restricted Area,Center(C),Less Than 8 ft.,3,-13,31,1,1,20210213,PHX,PHI,|1627732|1627788|202699|203552|203954,0,REG,2021,203967,PF,Helper,-1.17
203954,Joel Embiid,22000406200,Shot Chart Detail,22000406,200,1610612755,Philadelphia 76ers,2,7,32,Missed Shot,Step Back Jump shot,,Mid-Range,Left Side(L),8-16 ft.,13,-131,10,1,0,20210213,PHX,PHI,|1627732|1627788|1629680|203118|203954,0,REG,2021,1629028|202734,,,
203954,Joel Embiid,22000406293,Shot Chart Detail,22000406,293,1610612755,Philadelphia 76ers,2,0,4,Missed Shot,Turnaround Jump Shot,,In The Paint (Non-RA),Center(C),Less Than 8 ft.,7,-76,4,1,0,20210213,PHX,PHI,|1627732|201980|202699|203552|203954,0,REG,2021,101108|203967,,,
203954,Joel Embiid,22000406295,Shot Chart Detail,22000406,295,1610612755,Philadelphia 76ers,2,0,1,Missed Shot,Putback Layup Shot,,Restricted Area,Center(C),Less Than 8 ft.,3,-29,15,1,0,20210213,PHX,PHI,|1627732|201980|202699|203552|203954,0,REG,2021,101108|203967|1628969,,,
203954,Joel Embiid,22000406297,Shot Chart Detail,22000406,297,1610612755,Philadelphia 76ers,2,0,0,Missed Shot,Tip Layup Shot,,Restricted Area,Center(C),Less Than 8 ft.,0,0,0,1,0,20210213,PHX,PHI,|1627732|201980|202699|203552|203954,0,REG,2021,1628969,SF,Wing Stopper,-0.01
203954,Joel Embiid,22000406299,Shot Chart Detail,22000406,299,1610612755,Philadelphia 76ers,2,0,0,Made Shot,Tip Layup Shot,,Restricted Area,Center(C),Less Than 8 ft.,0,0,0,1,1,20210213,PHX,PHI,|1627732|201980|202699|203552|203954,0,REG,2021,1628969,SF,Wing Stopper,-0.01
203954,Joel Embiid,22000406312,Shot Chart Detail,22000406,312,1610612755,Philadelphia 76ers,3,10,37,Missed Shot,Jump Shot,,Mid-Range,Right Side Center(RC),16-24 ft.,18,127,131,1,0,20210213,PHX,PHI,|1627732|201980|202699|203552|203954,0,REG,2021,101108,PG,,0.45
203954,Joel Embiid,22000406319,Shot Chart Detail,22000406,319,1610612755,Philadelphia 76ers,3,9,37,Made Shot,Jump Shot,,Mid-Range,Right Side(R),8-16 ft.,15,103,122,1,1,20210213,PHX,PHI,|1627732|201980|202699|203552|203954,1,REG,2021,,,,
203954,Joel Embiid,22000406347,Shot Chart Detail,22000406,347,1610612755,Philadelphia 76ers,3,7,12,Missed Shot,Jump Shot,,Mid-Range,Right Side(R),8-16 ft.,12,125,11,1,0,20210213,PHX,PHI,|1627732|201980|202699|203552|203954,0,REG,2021,1629028,C,Anchor Big,0.2
203954,Joel Embiid,22000406350,Shot Chart Detail,22000406,350,1610612755,Philadelphia 76ers,3,6,45,Made Shot,Jump Shot,,Mid-Range,Left Side Center(LC),16-24 ft.,18,-136,118,1,1,20210213,PHX,PHI,|1627732|201980|202699|203552|203954,1,REG,2021,1629028,C,Anchor Big,0.2
203954,Joel Embiid,22000406384,Shot Chart Detail,22000406,384,1610612755,Philadelphia 76ers,3,3,28,Missed Shot,Driving Layup Shot,,In The Paint (Non-RA),Center(C),Less Than 8 ft.,6,-50,36,1,0,20210213,PHX,PHI,|1627732|201980|202699|203552|203954,0,REG,2021,203967,PF,Helper,-1.17
203954,Joel Embiid,22000406457,Shot Chart Detail,22000406,457,1610612755,Philadelphia 76ers,4,9,57,Made Shot,Driving Dunk Shot,,Restricted Area,Center(C),Less Than 8 ft.,1,0,18,1,1,20210213,PHX,PHI,|1627788|1629680|203118|203552|203954,0,REG,2021,203967|202734,,,
203954,Joel Embiid,22000406464,Shot Chart Detail,22000406,464,1610612755,Philadelphia 76ers,4,8,56,Made Shot,Jump Shot,,Mid-Range,Left Side Center(LC),16-24 ft.,18,-70,172,1,1,20210213,PHX,PHI,|1627788|1629680|203118|203552|203954,1,REG,2021,203967,PF,Helper,-1.17
203954,Joel Embiid,22000406467,Shot Chart Detail,22000406,467,1610612755,Philadelphia 76ers,4,8,18,Made Shot,Pullup Jump shot,,Mid-Range,Left Side Center(LC),16-24 ft.,20,-131,153,1,1,20210213,PHX,PHI,|1627788|1629680|203118|203552|203954,0,REG,2021,203967|202734,,,
203954,Joel Embiid,22000406521,Shot Chart Detail,22000406,521,1610612755,Philadelphia 76ers,4,5,38,Made Shot,Step Back Jump shot,,Mid-Range,Left Side Center(LC),16-24 ft.,17,-121,130,1,1,20210213,PHX,PHI,|1627732|201980|202699|203552|203954,0,REG,2021,1629028|203109,,,
203954,Joel Embiid,22000406530,Shot Chart Detail,22000406,530,1610612755,Philadelphia 76ers,4,4,38,Missed Shot,Jump Shot,,Mid-Range,Right Side Center(RC),16-24 ft.,17,70,158,1,0,20210213,PHX,PHI,|1627732|201980|202699|203552|203954,0,REG,2021,1629028,C,Anchor Big,0.2
203954,Joel Embiid,22000406542,Shot Chart Detail,22000406,542,1610612755,Philadelphia 76ers,4,3,34,Missed Shot,Driving Floating Jump Shot,,Mid-Range,Left Side(L),8-16 ft.,12,-111,60,1,0,20210213,PHX,PHI,|1627732|201980|202699|203552|203954,0,REG,2021,1629028,C,Anchor Big,0.2
203954,Joel Embiid,22000406546,Shot Chart Detail,22000406,546,1610612755,Philadelphia 76ers,4,2,51,Made Shot,Step Back Jump shot,,Above the Break 3,Right Side Center(RC),24+ ft.,26,189,184,1,1,20210213,PHX,PHI,|1627732|201980|202699|203552|203954,0,REG,2021,1629028|1626164,,,
203954,Joel Embiid,220004398,Shot Chart Detail,22000439,8,1610612755,Philadelphia 76ers,1,11,37,Made Shot,Step Back Jump shot,,In The Paint (Non-RA),Center(C),8-16 ft.,10,45,96,1,1,20210217,PHI,HOU,|1629680|201980|202699|203552|203954,0,REG,2021,,,,
203954,Joel Embiid,2200043952,Shot Chart Detail,22000439,52,1610612755,Philadelphia 76ers,1,7,6,Missed Shot,Driving Floating Jump Shot,,In The Paint (Non-RA),Center(C),8-16 ft.,10,7,100,1,0,20210217,PHI,HOU,|1627788|1629680|201980|202699|203954,0,REG,2021,,,,
203954,Joel Embiid,2200043968,Shot Chart Detail,22000439,68,1610612755,Philadelphia 76ers,1,5,12,Made Shot,Jump Shot,,Above the Break 3,Center(C),24+ ft.,26,77,257,1,1,20210217,PHI,HOU,|1627788|1629680|201980|202699|203954,1,REG,2021,,,,
203954,Joel Embiid,2200043985,Shot Chart Detail,22000439,85,1610612755,Philadelphia 76ers,1,3,50,Made Shot,Pullup Jump shot,,Restricted Area,Center(C),Less Than 8 ft.,3,-33,16,1,1,20210217,PHI,HOU,|1627788|1629680|201980|202699|203954,0,REG,2021,1628425,SG,Chaser,-0.71
203954,Joel Embiid,2200043993,Shot Chart Detail,22000439,93,1610612755,Philadelphia 76ers,1,2,35,Missed Shot,Jump Shot,,In The Paint (Non-RA),Center(C),Less Than 8 ft.,5,2,50,1,0,20210217,PHI,HOU,|1627788|1629680|201980|202699|203954,0,REG,2021,203463,SG,Chaser,-0.71
203954,Joel Embiid,22000439119,Shot Chart Detail,22000439,119,1610612755,Philadelphia 76ers,1,3,30,Missed Shot,Jump Shot,,Mid-Range,Center(C),16-24 ft.,16,9,167,1,0,20210217,PHI,HOU,|1627788|1629680|201980|202699|203954,0,REG,2021,,,,
203954,Joel Embiid,22000439280,Shot Chart Detail,22000439,280,1610612755,Philadelphia 76ers,2,3,35,Missed Shot,Step Back Jump shot,,Mid-Range,Center(C),8-16 ft.,14,-14,145,1,0,20210217,PHI,HOU,|1627788|201980|202699|203552|203954,0,REG,2021,,,,
203954,Joel Embiid,22000439318,Shot Chart Detail,22000439,318,1610612755,Philadelphia 76ers,2,0,47,Missed Shot,Turnaround Jump Shot,,In The Paint (Non-RA),Center(C),8-16 ft.,9,38,87,1,0,20210217,PHI,HOU,|1629680|201980|202699|203552|203954,0,REG,2021,,,,
203954,Joel Embiid,22000439323,Shot Chart Detail,22000439,323,1610612755,Philadelphia 76ers,2,0,31,Missed Shot,Jump Shot,,Above the Break 3,Left Side Center(LC),24+ ft.,25,-93,240,1,0,20210217,PHI,HOU,|1629680|201980|202699|203552|203954,0,REG,2021,,,,
203954,Joel Embiid,22000439338,Shot Chart Detail,22000439,338,1610612755,Philadelphia 76ers,3,11,28,Made Shot,Driving Layup Shot,,Restricted Area,Center(C),Less Than 8 ft.,0,2,8,1,1,20210217,PHI,HOU,|1629680|201980|202699|203552|203954,0,REG,2021,,,,
203954,Joel Embiid,22000439340,Shot Chart Detail,22000439,340,1610612755,Philadelphia 76ers,3,10,57,Made Shot,Driving Finger Roll Layup Shot,,Restricted Area,Center(C),Less Than 8 ft.,3,-9,29,1,1,20210217,PHI,HOU,|1629680|201980|202699|203552|203954,0,REG,2021,201569,SG,,-2.09
203954,Joel Embiid,22000439349,Shot Chart Detail,22000439,349,1610612755,Philadelphia 76ers,3,9,11,Made Shot,Turnaround Fadeaway shot,,Mid-Range,Right Side(R),8-16 ft.,11,112,25,1,1,20210217,PHI,HOU,|1629680|201980|202699|203552|203954,0,REG,2021,,,,
203954,Joel Embiid,22000439352,Shot Chart Detail,22000439,352,1610612755,Philadelphia 76ers,3,8,52,Missed Shot,Jump Shot,,Above the Break 3,Right Side Center(RC),24+ ft.,26,93,247,1,0,20210217,PHI,HOU,|1629680|201980|202699|203552|203954,0,REG,2021,,,,
203954,Joel Embiid,22000439384,Shot Chart Detail,22000439,384,1610612755,Philadelphia 76ers,3,6,22,Made Shot,Running Layup Shot,,Restricted Area,Center(C),Less Than 8 ft.,1,10,15,1,1,20210217,PHI,HOU,|1629680|201980|202699|203552|203954,1,REG,2021,202322,PG,,-1.12
203954,Joel Embiid,22000439412,Shot Chart Detail,22000439,412,1610612755,Philadelphia 76ers,3,4,0,Missed Shot,Layup Shot,,Restricted Area,Center(C),Less Than 8 ft.,1,-7,8,1,0,20210217,PHI,HOU,|1629680|201980|202699|203552|203954,0,REG,2021,1628021,SG,Wing Stopper,0.63
203954,Joel Embiid,22000439414,Shot Chart Detail,22000439,414,1610612755,Philadelphia 76ers,3,3,54,Made Shot,Tip Layup Shot,,Restricted Area,Center(C),Less Than 8 ft.,0,0,0,1,1,20210217,PHI,HOU,|1629680|201980|202699|203552|203954,0,REG,2021,1628021,SG,Wing Stopper,0.63
203954,Joel Embiid,22000439556,Shot Chart Detail,22000439,556,1610612755,Philadelphia 76ers,4,7,46,Missed Shot,Fadeaway Jump Shot,,Mid-Range,Left Side(L),8-16 ft.,15,-127,81,1,0,20210217,PHI,HOU,|1630178|1630198|201980|203118|203954,0,REG,2021,,,,
203954,Joel Embiid,22000439581,Shot Chart Detail,22000439,581,1610612755,Philadelphia 76ers,4,6,36,Missed Shot,Fadeaway Jump Shot,,Mid-Range,Left Side Center(LC),16-24 ft.,16,-134,100,1,0,20210217,PHI,HOU,|1629680|201980|202699|203552|203954,0,REG,2021,,,,
203954,Joel Embiid,22000439620,Shot Chart Detail,22000439,620,1610612755,Philadelphia 76ers,4,2,53,Missed Shot,Driving Layup Shot,,Restricted Area,Center(C),Less Than 8 ft.,2,-7,22,1,0,20210217,PHI,HOU,|1629680|201980|202699|203552|203954,0,REG,2021,,,,
203954,Joel Embiid,22000439627,Shot Chart Detail,22000439,627,1610612755,Philadelphia 76ers,4,2,0,Made Shot,Turnaround Hook Shot,,In The Paint (Non-RA),Center(C),Less Than 8 ft.,5,-16,52,1,1,20210217,PHI,HOU,|1629680|201980|202699|203552|203954,0,REG,2021,1628021,SG,Wing Stopper,0.63
203954,Joel Embiid,22000439643,Shot Chart Detail,22000439,643,1610612755,Philadelphia 76ers,4,1,8,Made Shot,Fadeaway Jump Shot,,Mid-Range,Left Side(L),8-16 ft.,12,-115,47,1,1,20210217,PHI,HOU,|1629680|201980|202699|203552|203954,0,REG,2021,,,,
203954,Joel Embiid,220004507,Shot Chart Detail,22000450,7,1610612755,Philadelphia 76ers,1,11,35,Made Shot,Pullup Jump shot,,In The Paint (Non-RA),Center(C),8-16 ft.,11,-25,116,1,1,20210219,PHI,CHI,|1629680|201980|202699|203552|203954,0,REG,2021,,,,
203954,Joel Embiid,2200045037,Shot Chart Detail,22000450,37,1610612755,Philadelphia 76ers,1,8,47,Made Shot,Layup Shot,,Restricted Area,Center(C),Less Than 8 ft.,0,6,5,1,1,20210219,PHI,CHI,|1629680|201980|202699|203552|203954,0,REG,2021,,,,
203954,Joel Embiid,2200045049,Shot Chart Detail,22000450,49,1610612755,Philadelphia 76ers,1,7,39,Made Shot,Driving Hook Shot,,In The Paint (Non-RA),Center(C),Less Than 8 ft.,7,5,71,1,1,20210219,PHI,CHI,|1629680|201980|202699|203552|203954,0,REG,2021,,,,
203954,Joel Embiid,2200045074,Shot Chart Detail,22000450,74,1610612755,Philadelphia 76ers,1,5,30,Missed Shot,Driving Layup Shot,,Restricted Area,Center(C),Less Than 8 ft.,2,-19,8,1,0,20210219,PHI,CHI,|1629680|201980|202699|203552|203954,0,REG,2021,,,,
203954,Joel Embiid,2200045088,Shot Chart Detail,22000450,88,1610612755,Philadelphia 76ers,1,5,15,Made Shot,Turnaround Fadeaway shot,,Mid-Range,Right Side(R),8-16 ft.,11,117,7,1,1,20210219,PHI,CHI,|1629680|201980|202699|203552|203954,1,REG,2021,201152,PF,,-0.48
203954,Joel Embiid,22000450107,Shot Chart Detail,22000450,107,1610612755,Philadelphia 76ers,1,3,28,Made Shot,Driving Finger Roll Layup Shot,,Restricted Area,Center(C),Less Than 8 ft.,0,-3,4,1,1,20210219,PHI,CHI,|1629680|201980|202699|203552|203954,0,REG,2021,201152,PF,,-0.48
203954,Joel Embiid,22000450244,Shot Chart Detail,22000450,244,1610612755,Philadelphia 76ers,2,6,58,Made Shot,Running Layup Shot,,Restricted Area,Center(C),Less Than 8 ft.,0,3,7,1,1,20210219,PHI,CHI,|1630178|1630198|202699|203552|203954,1,REG,2021,1627756,SG,Chaser,-0.13
203954,Joel Embiid,22000450270,Shot Chart Detail,22000450,270,1610612755,Philadelphia 76ers,2,5,40,Made Shot,Jump Shot,,Mid-Range,Left Side(L),8-16 ft.,10,-99,28,1,1,20210219,PHI,CHI,|1629680|201980|202699|203552|203954,0,REG,2021,,,,
203954,Joel Embiid,22000450290,Shot Chart Detail,22000450,290,1610612755,Philadelphia 76ers,2,3,34,Made Shot,Driving Dunk Shot,,Restricted Area,Center(C),Less Than 8 ft.,0,-1,-3,1,1,20210219,PHI,CHI,|1629680|201980|202699|203552|203954,1,REG,2021,,,,
203954,Joel Embiid,22000450300,Shot Chart Detail,22000450,300,1610612755,Philadelphia 76ers,2,2,11,Missed Shot,Jump Shot,,Mid-Range,Center(C),16-24 ft.,21,-49,209,1,0,20210219,PHI,CHI,|1629680|201980|202699|203552|203954,0,REG,2021,,,,
203954,Joel Embiid,22000450304,Shot Chart Detail,22000450,304,1610612755,Philadelphia 76ers,2,1,48,Missed Shot,Turnaround Jump Shot,,Mid-Range,Left Side(L),8-16 ft.,10,-94,47,1,0,20210219,PHI,CHI,|1629680|201980|202699|203552|203954,0,REG,2021,,,,
203954,Joel Embiid,22000450325,Shot Chart Detail,22000450,325,1610612755,Philadelphia 76ers,2,0,53,Missed Shot,Putback Layup Shot,,Restricted Area,Center(C),Less Than 8 ft.,0,0,0,1,0,20210219,PHI,CHI,|1629680|201980|202699|203552|203954,0,REG,2021,,,,
203954,Joel Embiid,22000450335,Shot Chart Detail,22000450,335,1610612755,Philadelphia 76ers,2,0,33,Made Shot,Running Layup Shot,,Restricted Area,Center(C),Less Than 8 ft.,1,6,8,1,1,20210219,PHI,CHI,|1629680|1630198|201980|202699|203954,0,REG,2021,,,,
203954,Joel Embiid,22000450349,Shot Chart Detail,22000450,349,1610612755,Philadelphia 76ers,2,0,5,Missed Shot,Jump Shot,,Above the Break 3,Center(C),24+ ft.,26,29,262,1,0,20210219,PHI,CHI,|1630198|201980|202699|203552|203954,0,REG,2021,1629655,C,Mobile Big,1.34
203954,Joel Embiid,22000450369,Shot Chart Detail,22000450,369,1610612755,Philadelphia 76ers,3,10,51,Made Shot,Jump Shot,,Mid-Range,Center(C),16-24 ft.,16,-2,169,1,1,20210219,PHI,CHI,|1629680|201980|202699|203552|203954,1,REG,2021,,,,
203954,Joel Embiid,22000450382,Shot Chart Detail,22000450,382,1610612755,Philadelphia 76ers,3,9,28,Made Shot,Turnaround Fadeaway shot,,Mid-Range,Center(C),8-16 ft.,14,7,146,1,1,20210219,PHI,CHI,|1629680|201980|202699|203552|203954,0,REG,2021,,,,
203954,Joel Embiid,22000450416,Shot Chart Detail,22000450,416,1610612755,Philadelphia 76ers,3,7,28,Made Shot,Turnaround Hook Shot,,In The Paint (Non-RA),Center(C),Less Than 8 ft.,4,-15,43,1,1,20210219,PHI,CHI,|1629680|201980|202699|203552|203954,0,REG,2021,1629632|203897,,,
203954,Joel Embiid,22000450424,Shot Chart Detail,22000450,424,1610612755,Philadelphia 76ers,3,6,18,Missed Shot,Jump Shot,,Mid-Range,Left Side(L),8-16 ft.,13,-120,71,1,0,20210219,PHI,CHI,|1629680|201980|202699|203552|203954,0,REG,2021,,,,
203954,Joel Embiid,22000450453,Shot Chart Detail,22000450,453,1610612755,Philadelphia 76ers,3,3,35,Made Shot,Jump Shot,,Mid-Range,Center(C),16-24 ft.,18,1,183,1,1,20210219,PHI,CHI,|1629680|1630178|201980|202699|203954,1,REG,2021,201152,PF,,-0.48
203954,Joel Embiid,22000450461,Shot Chart Detail,22000450,461,1610612755,Philadelphia 76ers,3,2,25,Made Shot,Pullup Jump shot,,Above the Break 3,Left Side Center(LC),24+ ft.,25,-78,239,1,1,20210219,PHI,CHI,|1629680|1630178|201980|202699|203954,1,REG,2021,201152,PF,,-0.48
203954,Joel Embiid,22000450565,Shot Chart Detail,22000450,565,1610612755,Philadelphia 76ers,4,7,45,Made Shot,Pullup Jump shot,,Mid-Range,Center(C),16-24 ft.,20,11,209,1,1,20210219,PHI,CHI,|1630178|201980|202699|203552|203954,1,REG,2021,,,,
203954,Joel Embiid,22000450586,Shot Chart Detail,22000450,586,1610612755,Philadelphia 76ers,4,6,27,Missed Shot,Pullup Jump shot,,Mid-Range,Left Side(L),8-16 ft.,11,-109,47,1,0,20210219,PHI,CHI,|1629680|201980|202699|203552|203954,0,REG,2021,,,,
203954,Joel Embiid,22000450592,Shot Chart Detail,22000450,592,1610612755,Philadelphia 76ers,4,5,55,Made Shot,Putback Layup Shot,,Restricted Area,Center(C),Less Than 8 ft.,0,0,0,1,1,20210219,PHI,CHI,|1629680|201980|202699|203552|203954,0,REG,2021,203897,PG,Point of Attack,-2.4
203954,Joel Embiid,22000450605,Shot Chart Detail,22000450,605,1610612755,Philadelphia 76ers,4,4,23,Missed Shot,Layup Shot,,Restricted Area,Center(C),Less Than 8 ft.,1,8,14,1,0,20210219,PHI,CHI,|1629680|201980|202699|203552|203954,0,REG,2021,,,,
203954,Joel Embiid,22000450632,Shot Chart Detail,22000450,632,1610612755,Philadelphia 76ers,4,1,53,Missed Shot,Jump Shot,,In The Paint (Non-RA),Left Side(L),8-16 ft.,11,-78,87,1,0,20210219,PHI,CHI,|1629680|201980|202699|203552|203954,0,REG,2021,201152,PF,,-0.48
203954,Joel Embiid,22000450646,Shot Chart Detail,22000450,646,1610612755,Philadelphia 76ers,4,0,41,Made Shot,Step Back Jump shot,,Mid-Range,Left Side(L),16-24 ft.,16,-169,16,1,1,20210219,PHI,CHI,|1629680|201980|202699|203552|203954,0,REG,2021,202066|201152,,,
203954,Joel Embiid,2200046843,Shot Chart Detail,22000468,43,1610612755,Philadelphia 76ers,1,9,1,Made Shot,Layup Shot,,In The Paint (Non-RA),Center(C),Less Than 8 ft.,4,43,-21,1,1,20210221,TOR,PHI,|1627732|201980|202699|203552|203954,1,REG,2021,1627761,SF,Chaser,-0.22
203954,Joel Embiid,2200046859,Shot Chart Detail,22000468,59,1610612755,Philadelphia 76ers,1,11,25,Missed Shot,Driving Layup Shot,,In The Paint (Non-RA),Center(C),Less Than 8 ft.,5,25,53,1,0,20210221,TOR,PHI,|1627732|201980|202699|203552|203954,0,REG,2021,1627783,PF,Helper,1.73
203954,Joel Embiid,2200046864,Shot Chart Detail,22000468,64,1610612755,Philadelphia 76ers,1,7,49,Missed Shot,Jump Shot,,In The Paint (Non-RA),Center(C),8-16 ft.,11,0,114,1,0,20210221,TOR,PHI,|1627732|201980|202699|203552|203954,0,REG,2021,203382|1627832,,,
203954,Joel Embiid,2200046888,Shot Chart Detail,22000468,88,1610612755,Philadelphia 76ers,1,5,42,Made Shot,Putback Layup Shot,,Restricted Area,Center(C),Less Than 8 ft.,0,0,0,1,1,20210221,TOR,PHI,|1629003|201980|202699|203552|203954,0,REG,2021,203382,C,,-0.05
203954,Joel Embiid,22000468111,Shot Chart Detail,22000468,111,1610612755,Philadelphia 76ers,1,3,50,Missed Shot,Pullup Jump shot,,Mid-Range,Center(C),8-16 ft.,15,0,150,1,0,20210221,TOR,PHI,|1629003|201980|202699|203552|203954,0,REG,2021,203382|1628449,,,
203954,Joel Embiid,22000468292,Shot Chart Detail,22000468,292,1610612755,Philadelphia 76ers,2,2,48,Made Shot,Jump Shot,,Above the Break 3,Center(C),24+ ft.,26,16,264,1,1,20210221,TOR,PHI,|1627732|201980|202699|203552|203954,1,REG,2021,203382,C,,-0.05
203954,Joel Embiid,22000468296,Shot Chart Detail,22000468,296,1610612755,Philadelphia 76ers,2,2,13,Missed Shot,Step Back Jump shot,,Mid-Range,Right Side(R),8-16 ft.,15,105,110,1,0,20210221,TOR,PHI,|1627732|201980|202699|203552|203954,0,REG,2021,203382|1627783,,,
203954,Joel Embiid,22000468313,Shot Chart Detail,22000468,313,1610612755,Philadelphia 76ers,2,0,43,Missed Shot,Finger Roll Layup Shot,,Mid-Range,Right Side(R),8-16 ft.,8,81,1,1,0,20210221,TOR,PHI,|1627732|201980|202699|203552|203954,0,REG,2021,203382|1627832,,,
203954,Joel Embiid,22000468412,Shot Chart Detail,22000468,412,1610612755,Philadelphia 76ers,3,5,24,Missed Shot,Pullup Jump shot,,Mid-Range,Left Side(L),8-16 ft.,12,-121,7,1,0,20210221,TOR,PHI,|1627732|1629003|1629680|202699|203954,0,REG,2021,203382,C,,-0.05
203954,Joel Embiid,22000468414,Shot Chart Detail,22000468,414,1610612755,Philadelphia 76ers,3,5,10,Missed Shot,Jump Shot,,Mid-Range,Left Side Center(LC),16-24 ft.,18,-90,159,1,0,20210221,TOR,PHI,|1627732|1629003|1629680|202699|203954,0,REG,2021,203382|1627832,,,
203954,Joel Embiid,22000468430,Shot Chart Detail,22000468,430,1610612755,Philadelphia 76ers,3,4,7,Made Shot,Turnaround Hook Shot,,In The Paint (Non-RA),Center(C),8-16 ft.,11,-43,102,1,1,20210221,TOR,PHI,|1629003|1629680|1630198|202699|203954,1,REG,2021,1628449,PF,Helper,-0.95
203954,Joel Embiid,22000468434,Shot Chart Detail,22000468,434,1610612755,Philadelphia 76ers,3,3,37,Made Shot,Layup Shot,,Restricted Area,Center(C),Less Than 8 ft.,3,-30,-5,1,1,20210221,TOR,PHI,|1629003|1629680|1630198|202699|203954,1,REG,2021,1628449|1627783,,,
203954,Joel Embiid,22000468455,Shot Chart Detail,22000468,455,1610612755,Philadelphia 76ers,3,1,41,Missed Shot,Jump Shot,,Mid-Range,Left Side Center(LC),16-24 ft.,16,-123,111,1,0,20210221,TOR,PHI,|1629003|1629680|1630198|202699|203954,0,REG,2021,203382,C,,-0.05
203954,Joel Embiid,22000468556,Shot Chart Detail,22000468,556,1610612755,Philadelphia 76ers,4,6,6,Missed Shot,Step Back Jump shot,,Mid-Range,Left Side(L),8-16 ft.,15,-109,112,1,0,20210221,TOR,PHI,|1627732|1629680|202699|203552|203954,0,REG,2021,203382,C,,-0.05
203954,Joel Embiid,22000468575,Shot Chart Detail,22000468,575,1610612755,Philadelphia 76ers,4,5,0,Missed Shot,Layup Shot,,In The Paint (Non-RA),Center(C),Less Than 8 ft.,4,36,22,1,0,20210221,TOR,PHI,|1627732|1630198|202699|203552|203954,0,REG,2021,1627783,PF,Helper,1.73
203954,Joel Embiid,22000468580,Shot Chart Detail,22000468,580,1610612755,Philadelphia 76ers,4,4,28,Missed Shot,Jump Shot,,Mid-Range,Center(C),8-16 ft.,14,-16,141,1,0,20210221,TOR,PHI,|1627732|1630198|202699|203552|203954,0,REG,2021,203382,C,,-0.05
203954,Joel Embiid,22000468588,Shot Chart Detail,22000468,588,1610612755,Philadelphia 76ers,4,3,50,Missed Shot,Driving Floating Jump Shot,,In The Paint (Non-RA),Center(C),Less Than 8 ft.,7,-12,74,1,0,20210221,TOR,PHI,|1627732|1630198|202699|203552|203954,0,REG,2021,203382,C,,-0.05
203954,Joel Embiid,22000468603,Shot Chart Detail,22000468,603,1610612755,Philadelphia 76ers,4,2,31,Missed Shot,Jump Shot,,Above the Break 3,Right Side Center(RC),24+ ft.,25,222,131,1,0,20210221,TOR,PHI,|1627732|1629003|202699|203552|203954,0,REG,2021,1627832,PG,Point of Attack,-0.37
203954,Joel Embiid,22000468657,Shot Chart Detail,22000468,657,1610612755,Philadelphia 76ers,4,0,30,Made Shot,Jump Shot,,Mid-Range,Left Side Center(LC),16-24 ft.,21,-132,167,1,1,20210221,TOR,PHI,|1627732|1629003|1629680|202699|203954,1,REG,2021,203382,C,,-0.05
203954,Joel Embiid,22000468669,Shot Chart Detail,22000468,669,1610612755,Philadelphia 76ers,4,0,15,Missed Shot,Jump Shot,,Above the Break 3,Center(C),24+ ft.,25,48,253,1,0,20210221,TOR,PHI,|1627732|1629003|1629680|202699|203954,0,REG,2021,203382,C,,-0.05
203954,Joel Embiid,220004847,Shot Chart Detail,22000484,7,1610612755,Philadelphia 76ers,1,11,42,Made Shot,Hook Shot,,In The Paint (Non-RA),Center(C),Less Than 8 ft.,6,-42,55,1,1,20210223,TOR,PHI,|1627732|1627788|201980|202699|203954,1,REG,2021,1627783,PF,Helper,1.73
203954,Joel Embiid,2200048416,Shot Chart Detail,22000484,16,1610612755,Philadelphia 76ers,1,10,14,Missed Shot,Layup Shot,,In The Paint (Non-RA),Center(C),Less Than 8 ft.,6,49,35,1,0,20210223,TOR,PHI,|1627732|1627788|201980|202699|203954,0,REG,2021,1627832,PG,Point of Attack,-0.37
203954,Joel Embiid,2200048482,Shot Chart Detail,22000484,82,1610612755,Philadelphia 76ers,1,4,51,Missed Shot,Layup Shot,,Restricted Area,Center(C),Less Than 8 ft.,1,5,9,1,0,20210223,TOR,PHI,|1627732|1627788|201980|202699|203954,0,REG,2021,203382,C,,-0.05
203954,Joel Embiid,22000484103,Shot Chart Detail,22000484,103,1610612755,Philadelphia 76ers,1,3,10,Missed Shot,Turnaround Fadeaway shot,,Mid-Range,Left Side(L),8-16 ft.,10,-105,-17,1,0,20210223,TOR,PHI,|1627788|1629003|201980|202699|203954,0,REG,2021,203382,C,,-0.05
203954,Joel Embiid,22000484237,Shot Chart Detail,22000484,237,1610612755,Philadelphia 76ers,2,4,54,Missed Shot,Fadeaway Jump Shot,,In The Paint (Non-RA),Center(C),Less Than 8 ft.,7,-75,6,1,0,20210223,TOR,PHI,|1627732|1627788|1629003|202699|203954,0,REG,2021,1627783,PF,Helper,1.73
203954,Joel Embiid,22000484258,Shot Chart Detail,22000484,258,1610612755,Philadelphia 76ers,2,3,10,Missed Shot,Layup Shot,,Restricted Area,Center(C),Less Than 8 ft.,3,33,11,1,0,20210223,TOR,PHI,|1627732|1627788|201980|202699|203954,0,REG,2021,1628449|1627832,,,
203954,Joel Embiid,22000484277,Shot Chart Detail,22000484,277,1610612755,Philadelphia 76ers,2,1,51,Missed Shot,Jump Shot,,Mid-Range,Center(C),8-16 ft.,15,2,159,1,0,20210223,TOR,PHI,|1627788|1629003|201980|202699|203954,0,REG,2021,203382,C,,-0.05
203954,Joel Embiid,22000484300,Shot Chart Detail,22000484,300,1610612755,Philadelphia 76ers,2,0,2,Missed Shot,Driving Hook Shot,,In The Paint (Non-RA),Center(C),Less Than 8 ft.,5,-19,47,1,0,20210223,TOR,PHI,|1627788|1629003|1629680|202699|203954,0,REG,2021,203382|1629744,,,
203954,Joel Embiid,22000484327,Shot Chart Detail,22000484,327,1610612755,Philadelphia 76ers,3,10,46,Missed Shot,Driving Layup Shot,,In The Paint (Non-RA),Center(C),Less Than 8 ft.,6,26,59,1,0,20210223,TOR,PHI,|1627732|1627788|201980|202699|203954,0,REG,2021,1627783,PF,Helper,1.73
203954,Joel Embiid,22000484427,Shot Chart Detail,22000484,427,1610612755,Philadelphia 76ers,3,2,39,Missed Shot,Jump Shot,,Mid-Range,Left Side(L),16-24 ft.,23,-209,102,1,0,20210223,TOR,PHI,|1627788|1629003|1629680|202699|203954,0,REG,2021,203382,C,,-0.05
203954,Joel Embiid,22000484431,Shot Chart Detail,22000484,431,1610612755,Philadelphia 76ers,3,2,4,Made Shot,Step Back Jump shot,,Above the Break 3,Right Side Center(RC),24+ ft.,26,92,249,1,1,20210223,TOR,PHI,|1627788|1629003|1629680|202699|203954,1,REG,2021,203382,C,,-0.05
203954,Joel Embiid,22000484588,Shot Chart Detail,22000484,588,1610612755,Philadelphia 76ers,4,2,31,Missed Shot,Driving Layup Shot,,In The Paint (Non-RA),Center(C),Less Than 8 ft.,4,38,26,1,0,20210223,TOR,PHI,|1627732|1629003|201980|202699|203954,0,REG,2021,203382,C,,-0.05
203954,Joel Embiid,22000484590,Shot Chart Detail,22000484,590,1610612755,Philadelphia 76ers,4,2,26,Made Shot,Tip Layup Shot,,Restricted Area,Center(C),Less Than 8 ft.,0,0,0,1,1,20210223,TOR,PHI,|1627732|1629003|201980|202699|203954,0,REG,2021,203382|1628384,,,
203954,Joel Embiid,220004987,Shot Chart Detail,22000498,7,1610612755,Philadelphia 76ers,1,11,46,Missed Shot,Jump Shot,,Mid-Range,Left Side(L),8-16 ft.,10,-102,32,1,0,20210225,PHI,DAL,|1627732|201980|202699|203552|203954,0,REG,2021,1626246|1629029,,,
203954,Joel Embiid,2200049810,Shot Chart Detail,22000498,10,1610612755,Philadelphia 76ers,1,11,6,Made Shot,Jump Shot,,Above the Break 3,Center(C),24+ ft.,24,-26,248,1,1,20210225,PHI,DAL,|1627732|201980|202699|203552|203954,1,REG,2021,1626246,C,Helper,0.1
203954,Joel Embiid,2200049840,Shot Chart Detail,22000498,40,1610612755,Philadelphia 76ers,1,8,39,Missed Shot,Jump Shot,,Mid-Range,Right Side(R),8-16 ft.,14,115,82,1,0,20210225,PHI,DAL,|1627732|201980|202699|203552|203954,0,REG,2021,1626246,C,Helper,0.1
203954,Joel Embiid,2200049849,Shot Chart Detail,22000498,49,1610612755,Philadelphia 76ers,1,8,10,Missed Shot,Step Back Jump shot,,In The Paint (Non-RA),Right Side(R),8-16 ft.,10,63,87,1,0,20210225,PHI,DAL,|1627732|201980|202699|203552|203954,0,REG,2021,1626246,C,Helper,0.1
203954,Joel Embiid,2200049858,Shot Chart Detail,22000498,58,1610612755,Philadelphia 76ers,1,7,6,Missed Shot,Pullup Jump shot,,In The Paint (Non-RA),Left Side(L),8-16 ft.,10,-54,93,1,0,20210225,PHI,DAL,|1627732|201980|202699|203552|203954,0,REG,2021,1626246,C,Helper,0.1
203954,Joel Embiid,2200049878,Shot Chart Detail,22000498,78,1610612755,Philadelphia 76ers,1,5,36,Missed Shot,Fadeaway Jump Shot,,Mid-Range,Center(C),16-24 ft.,20,-24,199,1,0,20210225,PHI,DAL,|1627732|201980|202699|203552|203954,0,REG,2021,1627827|1626196,,,
203954,Joel Embiid,22000498245,Shot Chart Detail,22000498,245,1610612755,Philadelphia 76ers,2,7,25,Missed Shot,Jump Shot,,Above the Break 3,Center(C),24+ ft.,25,25,258,1,0,20210225,PHI,DAL,|1627732|1627788|202699|203552|203954,0,REG,2021,,,,
203954,Joel Embiid,22000498262,Shot Chart Detail,22000498,262,1610612755,Philadelphia 76ers,2,5,59,Made Shot,Jump Shot,,Mid-Range,Left Side(L),8-16 ft.,13,-102,90,1,1,20210225,PHI,DAL,|1627732|1627788|202699|203552|203954,1,REG,2021,1626246,C,Helper,0.1
203954,Joel Embiid,22000498265,Shot Chart Detail,22000498,265,1610612755,Philadelphia 76ers,2,5,35,Missed Shot,Jump Shot,,Above the Break 3,Center(C),24+ ft.,26,28,263,1,0,20210225,PHI,DAL,|1627732|1627788|202699|203552|203954,0,REG,2021,,,,
203954,Joel Embiid,22000498279,Shot Chart Detail,22000498,279,1610612755,Philadelphia 76ers,2,4,49,Made Shot,Jump Shot,,In The Paint (Non-RA),Center(C),Less Than 8 ft.,5,-43,35,1,1,20210225,PHI,DAL,|1627732|201980|202699|203552|203954,1,REG,2021,1626246,C,Helper,0.1
203954,Joel Embiid,22000498314,Shot Chart Detail,22000498,314,1610612755,Philadelphia 76ers,2,2,31,Missed Shot,Driving Floating Jump Shot,,In The Paint (Non-RA),Center(C),Less Than 8 ft.,6,-36,53,1,0,20210225,PHI,DAL,|1627732|201980|202699|203552|203954,0,REG,2021,1626246,C,Helper,0.1
203954,Joel Embiid,22000498328,Shot Chart Detail,22000498,328,1610612755,Philadelphia 76ers,2,1,59,Made Shot,Running Dunk Shot,,Restricted Area,Center(C),Less Than 8 ft.,0,2,6,1,1,20210225,PHI,DAL,|1627732|201980|202699|203552|203954,1,REG,2021,1629029,SG,Low Activity,-0.28
203954,Joel Embiid,22000498331,Shot Chart Detail,22000498,331,1610612755,Philadelphia 76ers,2,1,32,Made Shot,Jump Shot,,Above the Break 3,Center(C),24+ ft.,26,79,250,1,1,20210225,PHI,DAL,|1627732|201980|202699|203552|203954,1,REG,2021,1626161,C,Helper,0.79
203954,Joel Embiid,22000498368,Shot Chart Detail,22000498,368,1610612755,Philadelphia 76ers,3,10,37,Missed Shot,Hook Shot,,In The Paint (Non-RA),Center(C),Less Than 8 ft.,6,-11,59,1,0,20210225,PHI,DAL,|1627732|201980|202699|203552|203954,0,REG,2021,1628467,PF,Helper,0.98
203954,Joel Embiid,22000498374,Shot Chart Detail,22000498,374,1610612755,Philadelphia 76ers,3,10,4,Missed Shot,Tip Layup Shot,,Restricted Area,Center(C),Less Than 8 ft.,0,0,0,1,0,20210225,PHI,DAL,|1627732|201980|202699|203552|203954,0,REG,2021,,,,
203954,Joel Embiid,22000498386,Shot Chart Detail,22000498,386,1610612755,Philadelphia 76ers,3,9,20,Missed Shot,Driving Floating Jump Shot,,In The Paint (Non-RA),Center(C),Less Than 8 ft.,5,33,43,1,0,20210225,PHI,DAL,|1627732|201980|202699|203552|203954,0,REG,2021,1627827|1628467,,,
203954,Joel Embiid,22000498391,Shot Chart Detail,22000498,391,1610612755,Philadelphia 76ers,3,8,55,Missed Shot,Jump Shot,,In The Paint (Non-RA),Center(C),8-16 ft.,12,41,121,1,0,20210225,PHI,DAL,|1627732|201980|202699|203552|203954,0,REG,2021,1627827,PF,Wing Stopper,0.98
203954,Joel Embiid,22000498407,Shot Chart Detail,22000498,407,1610612755,Philadelphia 76ers,3,7,34,Missed Shot,Fadeaway Jump Shot,,In The Paint (Non-RA),Right Side(R),8-16 ft.,9,63,75,1,0,20210225,PHI,DAL,|1627732|201980|202699|203552|203954,0,REG,2021,1628467,PF,Helper,0.98
203954,Joel Embiid,22000498437,Shot Chart Detail,22000498,437,1610612755,Philadelphia 76ers,3,5,4,Missed Shot,Jump Shot,,Above the Break 3,Left Side Center(LC),24+ ft.,25,-93,236,1,0,20210225,PHI,DAL,|1627732|201980|203118|203552|203954,0,REG,2021,1627827,PF,Wing Stopper,0.98
203954,Joel Embiid,22000498480,Shot Chart Detail,22000498,480,1610612755,Philadelphia 76ers,3,2,3,Missed Shot,Layup Shot,,Restricted Area,Center(C),Less Than 8 ft.,1,-1,15,1,0,20210225,PHI,DAL,|1627732|1629003|203118|203552|203954,0,REG,2021,1629029|1628467|203501,,,
203954,Joel Embiid,220005137,Shot Chart Detail,22000513,7,1610612755,Philadelphia 76ers,1,11,41,Missed Shot,Turnaround Fadeaway shot,,In The Paint (Non-RA),Center(C),8-16 ft.,8,35,73,1,0,20210227,PHI,CLE,|1627732|1627788|201980|203552|203954,0,REG,2021,1628386,C,Anchor Big,0.01
203954,Joel Embiid,2200051334,Shot Chart Detail,22000513,34,1610612755,Philadelphia 76ers,1,8,25,Made Shot,Fadeaway Jump Shot,,Mid-Range,Left Side(L),8-16 ft.,9,-82,41,1,1,20210227,PHI,CLE,|1627732|1627788|201980|203552|203954,0,REG,2021,1628386,C,Anchor Big,0.01
203954,Joel Embiid,2200051339,Shot Chart Detail,22000513,39,1610612755,Philadelphia 76ers,1,8,6,Made Shot,Putback Layup Shot,,Restricted Area,Center(C),Less Than 8 ft.,0,0,0,1,1,20210227,PHI,CLE,|1627732|1627788|201980|203552|203954,0,REG,2021,1628386,C,Anchor Big,0.01
203954,Joel Embiid,2200051388,Shot Chart Detail,22000513,88,1610612755,Philadelphia 76ers,1,4,2,Missed Shot,Jump Shot,,Mid-Range,Left Side(L),8-16 ft.,12,-113,50,1,0,20210227,PHI,CLE,|1627732|201980|203118|203552|203954,0,REG,2021,1628386,C,Anchor Big,0.01
203954,Joel Embiid,22000513105,Shot Chart Detail,22000513,105,1610612755,Philadelphia 76ers,1,2,54,Missed Shot,Layup Shot,,Restricted Area,Center(C),Less Than 8 ft.,0,-5,6,1,0,20210227,PHI,CLE,|1629003|1629680|201980|203118|203954,0,REG,2021,1628386,C,Anchor Big,0.01
203954,Joel Embiid,22000513107,Shot Chart Detail,22000513,107,1610612755,Philadelphia 76ers,1,2,49,Made Shot,Putback Layup Shot,,Restricted Area,Center(C),Less Than 8 ft.,0,0,0,1,1,20210227,PHI,CLE,|1629003|1629680|201980|203118|203954,0,REG,2021,1628422|1628386,,,
203954,Joel Embiid,22000513252,Shot Chart Detail,22000513,252,1610612755,Philadelphia 76ers,2,6,19,Missed Shot,Jump Shot,,Above the Break 3,Right Side Center(RC),24+ ft.,28,141,250,1,0,20210227,PHI,CLE,|1627732|1627788|201980|203552|203954,0,REG,2021,1628386,C,Anchor Big,0.01
203954,Joel Embiid,22000513257,Shot Chart Detail,22000513,257,1610612755,Philadelphia 76ers,2,5,42,Missed Shot,Layup Shot,,In The Paint (Non-RA),Center(C),Less Than 8 ft.,5,5,59,1,0,20210227,PHI,CLE,|1627732|1627788|201980|203552|203954,0,REG,2021,1629636|1628386,,,
203954,Joel Embiid,22000513267,Shot Chart Detail,22000513,267,1610612755,Philadelphia 76ers,2,5,1,Made Shot,Turnaround Hook Shot,,In The Paint (Non-RA),Center(C),Less Than 8 ft.,5,17,56,1,1,20210227,PHI,CLE,|1627732|1629003|201980|203552|203954,1,REG,2021,1628386,C,Anchor Big,0.01
203954,Joel Embiid,22000513322,Shot Chart Detail,22000513,322,1610612755,Philadelphia 76ers,2,0,53,Made Shot,Step Back Jump shot,,Mid-Range,Right Side Center(RC),16-24 ft.,18,112,142,1,1,20210227,PHI,CLE,|1627732|1629003|201980|203552|203954,0,REG,2021,,,,
203954,Joel Embiid,22000513351,Shot Chart Detail,22000513,351,1610612755,Philadelphia 76ers,3,11,3,Missed Shot,Jump Shot,,Mid-Range,Left Side Center(LC),16-24 ft.,18,-81,169,1,0,20210227,PHI,CLE,|1627732|201980|203118|203552|203954,0,REG,2021,1628386,C,Anchor Big,0.01
203954,Joel Embiid,22000513430,Shot Chart Detail,22000513,430,1610612755,Philadelphia 76ers,3,3,38,Missed Shot,Turnaround Jump Shot,,In The Paint (Non-RA),Center(C),8-16 ft.,14,38,136,1,0,20210227,PHI,CLE,|1627732|201980|203118|203552|203954,0,REG,2021,1629636|1629685,,,
203954,Joel Embiid,22000513577,Shot Chart Detail,22000513,577,1610612755,Philadelphia 76ers,4,6,40,Made Shot,Step Back Jump shot,,Mid-Range,Right Side Center(RC),16-24 ft.,17,134,113,1,1,20210227,PHI,CLE,|1629003|1629680|1630178|203552|203954,0,REG,2021,1628386,C,Anchor Big,0.01
203954,Joel Embiid,22000513594,Shot Chart Detail,22000513,594,1610612755,Philadelphia 76ers,4,5,26,Made Shot,Finger Roll Layup Shot,,Restricted Area,Center(C),Less Than 8 ft.,1,0,16,1,1,20210227,PHI,CLE,|1627732|1629003|201980|203552|203954,1,REG,2021,1630171,SG,Point of Attack,-0.23
203954,Joel Embiid,22000513605,Shot Chart Detail,22000513,605,1610612755,Philadelphia 76ers,4,3,45,Made Shot,Driving Dunk Shot,,Restricted Area,Center(C),Less Than 8 ft.,0,3,7,1,1,20210227,PHI,CLE,|1627732|1629003|201980|203552|203954,0,REG,2021,1628386,C,Anchor Big,0.01
203954,Joel Embiid,22000513627,Shot Chart Detail,22000513,627,1610612755,Philadelphia 76ers,4,1,38,Made Shot,Driving Dunk Shot,,Restricted Area,Center(C),Less Than 8 ft.,1,4,13,1,1,20210227,PHI,CLE,|1627732|1629003|201980|203552|203954,1,REG,2021,1628386,C,Anchor Big,0.01
203954,Joel Embiid,22000513650,Shot Chart Detail,22000513,650,1610612755,Philadelphia 76ers,4,0,1,Missed Shot,Jump Shot,,Mid-Range,Left Side(L),8-16 ft.,14,-141,34,1,0,20210227,PHI,CLE,|1627732|1629003|201980|203552|203954,0,REG,2021,1630171|1628386,,,
203954,Joel Embiid,22000513673,Shot Chart Detail,22000513,673,1610612755,Philadelphia 76ers,5,3,37,Missed Shot,Jump Shot,,Mid-Range,Center(C),16-24 ft.,18,-27,178,1,0,20210227,PHI,CLE,|1627732|1629003|201980|203552|203954,0,REG,2021,1629636|1628386,,,
203954,Joel Embiid,22000513678,Shot Chart Detail,22000513,678,1610612755,Philadelphia 76ers,5,3,8,Made Shot,Cutting Finger Roll Layup Shot,,Restricted Area,Center(C),Less Than 8 ft.,1,3,17,1,1,20210227,PHI,CLE,|1627732|1629003|201980|203552|203954,1,REG,2021,1630171,SG,Point of Attack,-0.23
203954,Joel Embiid,22000513718,Shot Chart Detail,22000513,718,1610612755,Philadelphia 76ers,5,0,38,Made Shot,Jump Shot,,Above the Break 3,Center(C),24+ ft.,26,-41,259,1,1,20210227,PHI,CLE,|1627732|1629003|201980|203552|203954,1,REG,2021,1628386,C,Anchor Big,0.01
203954,Joel Embiid,22000513730,Shot Chart Detail,22000513,730,1610612755,Philadelphia 76ers,5,0,23,Made Shot,Running Jump Shot,,Above the Break 3,Left Side Center(LC),24+ ft.,27,-128,248,1,1,20210227,PHI,CLE,|1627732|1629003|201980|203552|203954,1,REG,2021,1628386,C,Anchor Big,0.01
203954,Joel Embiid,22000513743,Shot Chart Detail,22000513,743,1610612755,Philadelphia 76ers,5,0,18,Made Shot,Driving Finger Roll Layup Shot,,Restricted Area,Center(C),Less Than 8 ft.,3,-3,31,1,1,20210227,PHI,CLE,|1627732|1629003|201980|203552|203954,1,REG,2021,1628386,C,Anchor Big,0.01
203954,Joel Embiid,2200053012,Shot Chart Detail,22000530,12,1610612755,Philadelphia 76ers,1,11,13,Made Shot,Fadeaway Jump Shot,,In The Paint (Non-RA),Left Side(L),8-16 ft.,8,-76,47,1,1,20210301,PHI,IND,|1627732|201980|203118|203552|203954,1,REG,2021,1626167,C,Anchor Big,0.68
203954,Joel Embiid,2200053035,Shot Chart Detail,22000530,35,1610612755,Philadelphia 76ers,1,8,51,Made Shot,Driving Finger Roll Layup Shot,,In The Paint (Non-RA),Center(C),Less Than 8 ft.,7,-22,74,1,1,20210301,PHI,IND,|1627732|201980|203118|203552|203954,0,REG,2021,1626167,C,Anchor Big,0.68
203954,Joel Embiid,2200053038,Shot Chart Detail,22000530,38,1610612755,Philadelphia 76ers,1,8,24,Missed Shot,Fadeaway Jump Shot,,Mid-Range,Right Side(R),8-16 ft.,12,88,95,1,0,20210301,PHI,IND,|1627732|201980|203118|203552|203954,0,REG,2021,1626167,C,Anchor Big,0.68
203954,Joel Embiid,2200053055,Shot Chart Detail,22000530,55,1610612755,Philadelphia 76ers,1,6,30,Missed Shot,Pullup Jump shot,,In The Paint (Non-RA),Center(C),Less Than 8 ft.,7,72,26,1,0,20210301,PHI,IND,|1627732|201980|203118|203552|203954,0,REG,2021,1627734,PF,Mobile Big,0.93
203954,Joel Embiid,2200053075,Shot Chart Detail,22000530,75,1610612755,Philadelphia 76ers,1,4,55,Made Shot,Finger Roll Layup Shot,,Restricted Area,Center(C),Less Than 8 ft.,3,3,32,1,1,20210301,PHI,IND,|1627732|201980|203118|203552|203954,0,REG,2021,1626167|1627734|203926,,,
203954,Joel Embiid,2200053089,Shot Chart Detail,22000530,89,1610612755,Philadelphia 76ers,1,3,22,Missed Shot,Jump Shot,,Above the Break 3,Left Side Center(LC),24+ ft.,27,-217,166,1,0,20210301,PHI,IND,|1627732|201980|203118|203552|203954,0,REG,2021,1626167,C,Anchor Big,0.68
203954,Joel Embiid,22000530258,Shot Chart Detail,22000530,258,1610612755,Philadelphia 76ers,2,5,11,Made Shot,Driving Dunk Shot,,Restricted Area,Center(C),Less Than 8 ft.,0,1,5,1,1,20210301,PHI,IND,|1627732|1627788|1629003|1629680|203954,1,REG,2021,203200|1627763,,,
203954,Joel Embiid,22000530269,Shot Chart Detail,22000530,269,1610612755,Philadelphia 76ers,2,4,6,Made Shot,Jump Shot,,Mid-Range,Right Side(R),8-16 ft.,11,88,73,1,1,20210301,PHI,IND,|1627732|1627788|1629003|1629680|203954,1,REG,2021,1626167,C,Anchor Big,0.68
203954,Joel Embiid,22000530294,Shot Chart Detail,22000530,294,1610612755,Philadelphia 76ers,2,2,12,Missed Shot,Jump Shot,,Mid-Range,Right Side(R),8-16 ft.,12,90,82,1,0,20210301,PHI,IND,|1627732|1629003|203118|203552|203954,0,REG,2021,1627734,PF,Mobile Big,0.93
203954,Joel Embiid,22000530314,Shot Chart Detail,22000530,314,1610612755,Philadelphia 76ers,2,0,27,Made Shot,Pullup Jump shot,,Above the Break 3,Center(C),24+ ft.,26,-3,269,1,1,20210301,PHI,IND,|1629003|1629680|203118|203552|203954,0,REG,2021,1626167,C,Anchor Big,0.68
203954,Joel Embiid,22000530329,Shot Chart Detail,22000530,329,1610612755,Philadelphia 76ers,3,11,22,Missed Shot,Dunk Shot,,Restricted Area,Center(C),Less Than 8 ft.,1,3,10,1,0,20210301,PHI,IND,|1627732|201980|203118|203552|203954,0,REG,2021,1626167,C,Anchor Big,0.68
203954,Joel Embiid,22000530357,Shot Chart Detail,22000530,357,1610612755,Philadelphia 76ers,3,9,30,Made Shot,Running Layup Shot,,Restricted Area,Center(C),Less Than 8 ft.,0,8,2,1,1,20210301,PHI,IND,|1627732|201980|203118|203552|203954,1,REG,2021,,,,
203954,Joel Embiid,22000530363,Shot Chart Detail,22000530,363,1610612755,Philadelphia 76ers,3,9,6,Made Shot,Jump Shot,,Mid-Range,Left Side Center(LC),16-24 ft.,18,-111,143,1,1,20210301,PHI,IND,|1627732|201980|203118|203552|203954,0,REG,2021,1626167,C,Anchor Big,0.68
203954,Joel Embiid,22000530381,Shot Chart Detail,22000530,381,1610612755,Philadelphia 76ers,3,7,57,Made Shot,Turnaround Fadeaway shot,,Mid-Range,Right Side(R),8-16 ft.,11,118,6,1,1,20210301,PHI,IND,|1627732|201980|203118|203552|203954,1,REG,2021,1626167,C,Anchor Big,0.68
203954,Joel Embiid,22000530386,Shot Chart Detail,22000530,386,1610612755,Philadelphia 76ers,3,7,18,Missed Shot,Turnaround Fadeaway shot,,Mid-Range,Right Side(R),8-16 ft.,10,100,-4,1,0,20210301,PHI,IND,|1627732|201980|203118|203552|203954,0,REG,2021,1626167|204456,,,
203954,Joel Embiid,22000530425,Shot Chart Detail,22000530,425,1610612755,Philadelphia 76ers,3,3,35,Made Shot,Jump Shot,,Mid-Range,Right Side(R),8-16 ft.,10,97,31,1,1,20210301,PHI,IND,|1627732|201980|203118|203552|203954,1,REG,2021,1626167,C,Anchor Big,0.68
203954,Joel Embiid,22000530444,Shot Chart Detail,22000530,444,1610612755,Philadelphia 76ers,3,2,9,Missed Shot,Fadeaway Jump Shot,,Mid-Range,Left Side(L),8-16 ft.,14,-116,81,1,0,20210301,PHI,IND,|1627732|1629003|203118|203552|203954,0,REG,2021,1626167|1628988,,,
203954,Joel Embiid,220005458,Shot Chart Detail,22000545,8,1610612755,Philadelphia 76ers,1,11,19,Made Shot,Turnaround Fadeaway shot,,In The Paint (Non-RA),Center(C),8-16 ft.,12,-13,126,1,1,20210303,PHI,UTA,|1627732|201980|202699|203552|203954,1,REG,2021,203497,C,Anchor Big,2.3
203954,Joel Embiid,2200054521,Shot Chart Detail,22000545,21,1610612755,Philadelphia 76ers,1,9,44,Made Shot,Layup Shot,,Restricted Area,Center(C),Less Than 8 ft.,0,-5,4,1,1,20210303,PHI,UTA,|1627732|201980|202699|203552|203954,1,REG,2021,201144|1626220,,,
203954,Joel Embiid,2200054525,Shot Chart Detail,22000545,25,1610612755,Philadelphia 76ers,1,9,5,Missed Shot,Pullup Jump shot,,In The Paint (Non-RA),Center(C),8-16 ft.,12,5,120,1,0,20210303,PHI,UTA,|1627732|201980|202699|203552|203954,0,REG,2021,203497,C,Anchor Big,2.3
203954,Joel Embiid,2200054546,Shot Chart Detail,22000545,46,1610612755,Philadelphia 76ers,1,6,28,Missed Shot,Jump Shot,,Mid-Range,Right Side(R),8-16 ft.,12,120,43,1,0,20210303,PHI,UTA,|1627732|201980|202699|203552|203954,0,REG,2021,203497,C,Anchor Big,2.3
203954,Joel Embiid,2200054569,Shot Chart Detail,22000545,69,1610612755,Philadelphia 76ers,1,4,9,Made Shot,Fadeaway Jump Shot,,Mid-Range,Left Side(L),8-16 ft.,9,-89,22,1,1,20210303,PHI,UTA,|1627732|201980|202699|203552|203954,0,REG,2021,202324,PF,,0.61
203954,Joel Embiid,2200054572,Shot Chart Detail,22000545,72,1610612755,Philadelphia 76ers,1,3,35,Made Shot,Jump Shot,,Mid-Range,Left Side(L),8-16 ft.,10,-105,7,1,1,20210303,PHI,UTA,|1627732|201980|202699|203552|203954,0,REG,2021,202324,PF,,0.61
203954,Joel Embiid,2200054599,Shot Chart Detail,22000545,99,1610612755,Philadelphia 76ers,1,2,23,Made Shot,Layup Shot,,Restricted Area,Center(C),Less Than 8 ft.,0,2,7,1,1,20210303,PHI,UTA,|1627732|1627788|203118|203552|203954,0,REG,2021,1627777|203497,,,
203954,Joel Embiid,22000545199,Shot Chart Detail,22000545,199,1610612755,Philadelphia 76ers,2,6,35,Made Shot,Fadeaway Jump Shot,,Mid-Range,Left Side(L),8-16 ft.,12,-126,-3,1,1,20210303,PHI,UTA,|1627732|1629003|1629680|202699|203954,0,REG,2021,202711|202324,,,
203954,Joel Embiid,22000545228,Shot Chart Detail,22000545,228,1610612755,Philadelphia 76ers,2,4,2,Missed Shot,Turnaround Fadeaway shot,,In The Paint (Non-RA),Center(C),8-16 ft.,8,14,86,1,0,20210303,PHI,UTA,|1627732|201980|202699|203552|203954,0,REG,2021,202324,PF,,0.61
203954,Joel Embiid,22000545235,Shot Chart Detail,22000545,235,1610612755,Philadelphia 76ers,2,3,26,Made Shot,Driving Layup Shot,,Restricted Area,Center(C),Less Than 8 ft.,0,8,-1,1,1,20210303,PHI,UTA,|1627732|201980|202699|203552|203954,0,REG,2021,202711|1626220,,,
203954,Joel Embiid,22000545243,Shot Chart Detail,22000545,243,1610612755,Philadelphia 76ers,2,2,34,Missed Shot,Fadeaway Jump Shot,,Mid-Range,Right Side(R),8-16 ft.,13,130,28,1,0,20210303,PHI,UTA,|1627732|201980|202699|203552|203954,0,REG,2021,203497,C,Anchor Big,2.3
203954,Joel Embiid,22000545253,Shot Chart Detail,22000545,253,1610612755,Philadelphia 76ers,2,2,7,Missed Shot,Layup Shot,,Restricted Area,Center(C),Less Than 8 ft.,1,-17,10,1,0,20210303,PHI,UTA,|1627732|201980|202699|203552|203954,0,REG,2021,201144|203497,,,
203954,Joel Embiid,22000545289,Shot Chart Detail,22000545,289,1610612755,Philadelphia 76ers,2,0,0,Made Shot,Tip Layup Shot,,Restricted Area,Center(C),Less Than 8 ft.,0,0,0,1,1,20210303,PHI,UTA,|1627732|201980|202699|203552|203954,0,REG,2021,1626220,SF,Chaser,0.9
203954,Joel Embiid,22000545312,Shot Chart Detail,22000545,312,1610612755,Philadelphia 76ers,3,10,27,Missed Shot,Jump Shot,,Above the Break 3,Center(C),24+ ft.,24,-26,247,1,0,20210303,PHI,UTA,|1627732|201980|202699|203552|203954,0,REG,2021,203497,C,Anchor Big,2.3
203954,Joel Embiid,22000545322,Shot Chart Detail,22000545,322,1610612755,Philadelphia 76ers,3,9,24,Made Shot,Jump Shot,,Mid-Range,Right Side Center(RC),16-24 ft.,20,116,167,1,1,20210303,PHI,UTA,|1627732|201980|202699|203552|203954,1,REG,2021,203497,C,Anchor Big,2.3
203954,Joel Embiid,22000545370,Shot Chart Detail,22000545,370,1610612755,Philadelphia 76ers,3,6,42,Missed Shot,Turnaround Fadeaway Bank Jump Shot,,In The Paint (Non-RA),Center(C),Less Than 8 ft.,4,11,41,1,0,20210303,PHI,UTA,|1627732|201980|202699|203552|203954,0,REG,2021,202711|202324|204060,,,
203954,Joel Embiid,22000545420,Shot Chart Detail,22000545,420,1610612755,Philadelphia 76ers,3,3,57,Missed Shot,Pullup Jump shot,,Mid-Range,Right Side(R),8-16 ft.,15,123,101,1,0,20210303,PHI,UTA,|1627732|201980|203118|203552|203954,0,REG,2021,203497,C,Anchor Big,2.3
203954,Joel Embiid,22000545423,Shot Chart Detail,22000545,423,1610612755,Philadelphia 76ers,3,3,37,Missed Shot,Step Back Jump shot,,Above the Break 3,Center(C),24+ ft.,25,18,257,1,0,20210303,PHI,UTA,|1627732|201980|203118|203552|203954,0,REG,2021,203497,C,Anchor Big,2.3
203954,Joel Embiid,22000545555,Shot Chart Detail,22000545,555,1610612755,Philadelphia 76ers,4,6,5,Made Shot,Driving Dunk Shot,,Restricted Area,Center(C),Less Than 8 ft.,0,-5,0,1,1,20210303,PHI,UTA,|1627732|1629003|202699|203552|203954,1,REG,2021,203497,C,Anchor Big,2.3
203954,Joel Embiid,22000545575,Shot Chart Detail,22000545,575,1610612755,Philadelphia 76ers,4,3,57,Made Shot,Jump Shot,,Above the Break 3,Center(C),24+ ft.,25,54,250,1,1,20210303,PHI,UTA,|1627732|1629003|202699|203552|203954,1,REG,2021,203497,C,Anchor Big,2.3
203954,Joel Embiid,22000545581,Shot Chart Detail,22000545,581,1610612755,Philadelphia 76ers,4,3,14,Missed Shot,Driving Layup Shot,,Restricted Area,Center(C),Less Than 8 ft.,0,-4,6,1,0,20210303,PHI,UTA,|1627732|1629003|202699|203552|203954,0,REG,2021,203497,C,Anchor Big,2.3
203954,Joel Embiid,22000545583,Shot Chart Detail,22000545,583,1610612755,Philadelphia 76ers,4,3,10,Made Shot,Tip Layup Shot,,Restricted Area,Center(C),Less Than 8 ft.,0,0,0,1,1,20210303,PHI,UTA,|1627732|1629003|202699|203552|203954,0,REG,2021,1628378|201144|203497,,,
203954,Joel Embiid,22000545586,Shot Chart Detail,22000545,586,1610612755,Philadelphia 76ers,4,2,34,Missed Shot,Jump Shot,,Above the Break 3,Center(C),24+ ft.,25,30,255,1,0,20210303,PHI,UTA,|1627732|1629003|202699|203552|203954,0,REG,2021,203497,C,Anchor Big,2.3
203954,Joel Embiid,22000545591,Shot Chart Detail,22000545,591,1610612755,Philadelphia 76ers,4,2,8,Made Shot,Driving Finger Roll Layup Shot,,Restricted Area,Center(C),Less Than 8 ft.,0,-3,1,1,1,20210303,PHI,UTA,|1627732|1629003|202699|203552|203954,0,REG,2021,203497,C,Anchor Big,2.3
203954,Joel Embiid,22000545605,Shot Chart Detail,22000545,605,1610612755,Philadelphia 76ers,4,1,12,Missed Shot,Jump Shot,,In The Paint (Non-RA),Center(C),8-16 ft.,8,7,84,1,0,20210303,PHI,UTA,|1627732|1629680|202699|203552|203954,0,REG,2021,201144|203497,,,
203954,Joel Embiid,22000545625,Shot Chart Detail,22000545,625,1610612755,Philadelphia 76ers,4,0,6,Made Shot,Jump Shot,,Above the Break 3,Right Side Center(RC),24+ ft.,26,163,209,1,1,20210303,PHI,UTA,|1627732|1629003|202699|203552|203954,0,REG,2021,202711,SF,Chaser,-2.36
203954,Joel Embiid,22000545636,Shot Chart Detail,22000545,636,1610612755,Philadelphia 76ers,5,4,26,Missed Shot,Fadeaway Jump Shot,,Mid-Range,Left Side(L),8-16 ft.,12,-107,64,1,0,20210303,PHI,UTA,|1627732|1629003|202699|203552|203954,0,REG,2021,203497,C,Anchor Big,2.3
203954,Joel Embiid,2200057923,Shot Chart Detail,22000579,23,1610612755,Philadelphia 76ers,1,10,9,Missed Shot,Layup Shot,,In The Paint (Non-RA),Center(C),Less Than 8 ft.,5,54,24,1,0,20210312,WAS,PHI,|1629680|201980|202699|203552|203954,0,REG,2021,1629060,PF,Helper,-0.35
203954,Joel Embiid,2200057925,Shot Chart Detail,22000579,25,1610612755,Philadelphia 76ers,1,10,6,Made Shot,Putback Layup Shot,,Restricted Area,Center(C),Less Than 8 ft.,3,19,30,1,1,20210312,WAS,PHI,|1629680|201980|202699|203552|203954,0,REG,2021,1629060|201566,,,
203954,Joel Embiid,2200057933,Shot Chart Detail,22000579,33,1610612755,Philadelphia 76ers,1,9,21,Made Shot,Dunk Shot,,In The Paint (Non-RA),Center(C),Less Than 8 ft.,4,-37,20,1,1,20210312,WAS,PHI,|1629680|201980|202699|203552|203954,0,REG,2021,,,,
203954,Joel Embiid,2200057989,Shot Chart Detail,22000579,89,1610612755,Philadelphia 76ers,1,5,9,Made Shot,Jump Shot,,Above the Break 3,Left Side Center(LC),24+ ft.,26,-193,177,1,1,20210312,WAS,PHI,|1629680|201980|202699|203552|203954,1,REG,2021,,,,
203954,Joel Embiid,22000579100,Shot Chart Detail,22000579,100,1610612755,Philadelphia 76ers,1,4,13,Made Shot,Jump Shot,,Mid-Range,Left Side Center(LC),16-24 ft.,17,-120,134,1,1,20210312,WAS,PHI,|1629680|201980|202699|203552|203954,0,REG,2021,201577,C,,0.57
203954,Joel Embiid,22000579276,Shot Chart Detail,22000579,276,1610612755,Philadelphia 76ers,2,3,28,Made Shot,Turnaround Hook Shot,,In The Paint (Non-RA),Center(C),8-16 ft.,11,29,110,1,1,20210312,WAS,PHI,|1629003|1629680|202699|203552|203954,0,REG,2021,1630166|1629726,,,
203954,Joel Embiid,22000579304,Shot Chart Detail,22000579,304,1610612755,Philadelphia 76ers,2,1,50,Made Shot,Hook Bank Shot,,In The Paint (Non-RA),Center(C),Less Than 8 ft.,6,-49,46,1,1,20210312,WAS,PHI,|1629680|201980|202699|203552|203954,1,REG,2021,1629726,SG,Chaser,-0.25
203954,Joel Embiid,22000579327,Shot Chart Detail,22000579,327,1610612755,Philadelphia 76ers,2,0,29,Missed Shot,Layup Shot,,Mid-Range,Left Side(L),8-16 ft.,11,-107,31,1,0,20210312,WAS,PHI,|1629003|201980|202699|203552|203954,0,REG,2021,201566,PG,,-0.23
203954,Joel Embiid,22000579330,Shot Chart Detail,22000579,330,1610612755,Philadelphia 76ers,2,0,24,Missed Shot,Layup Shot,,In The Paint (Non-RA),Center(C),Less Than 8 ft.,6,-51,38,1,0,20210312,WAS,PHI,|1629003|201980|202699|203552|203954,0,REG,2021,,,,
203954,Joel Embiid,22000579346,Shot Chart Detail,22000579,346,1610612755,Philadelphia 76ers,3,11,6,Made Shot,Driving Dunk Shot,,In The Paint (Non-RA),Center(C),Less Than 8 ft.,5,-27,47,1,1,20210312,WAS,PHI,|1629680|201980|202699|203552|203954,0,REG,2021,,,,
203954,Joel Embiid,22000579397,Shot Chart Detail,22000579,397,1610612755,Philadelphia 76ers,3,6,27,Made Shot,Cutting Dunk Shot,,In The Paint (Non-RA),Center(C),Less Than 8 ft.,5,54,18,1,1,20210312,WAS,PHI,|1629680|201980|202699|203552|203954,1,REG,2021,1629726|1629060,,,
203954,Joel Embiid,22000750217,Shot Chart Detail,22000750,217,1610612755,Philadelphia 76ers,2,8,34,Made Shot,Dunk Shot,,Restricted Area,Center(C),Less Than 8 ft.,0,-4,1,1,1,20210403,PHI,MIN,|1627788|1629003|1629680|203118|203954,1,REG,2021,1630183,PF,Wing Stopper,0.37
203954,Joel Embiid,22000750254,Shot Chart Detail,22000750,254,1610612755,Philadelphia 76ers,2,7,4,Missed Shot,Tip Layup Shot,,Restricted Area,Center(C),Less Than 8 ft.,0,0,0,1,0,20210403,PHI,MIN,|1627732|201980|202699|203552|203954,0,REG,2021,1630162|1627774,,,
203954,Joel Embiid,22000750256,Shot Chart Detail,22000750,256,1610612755,Philadelphia 76ers,2,7,2,Missed Shot,Layup Shot,,Restricted Area,Center(C),Less Than 8 ft.,0,-7,6,1,0,20210403,PHI,MIN,|1627732|201980|202699|203552|203954,0,REG,2021,1627774|1626157,,,
203954,Joel Embiid,22000750259,Shot Chart Detail,22000750,259,1610612755,Philadelphia 76ers,2,6,36,Made Shot,Layup Shot,,Restricted Area,Center(C),Less Than 8 ft.,2,7,19,1,1,20210403,PHI,MIN,|1627732|201980|202699|203552|203954,1,REG,2021,1630183|1626157,,,
203954,Joel Embiid,22000750315,Shot Chart Detail,22000750,315,1610612755,Philadelphia 76ers,2,1,32,Made Shot,Fadeaway Jump Shot,,Mid-Range,Left Side(L),8-16 ft.,9,-93,-22,1,1,20210403,PHI,MIN,|1627732|1629003|202699|203552|203954,0,REG,2021,1629006|1626157,,,
203954,Joel Embiid,22000750333,Shot Chart Detail,22000750,333,1610612755,Philadelphia 76ers,2,0,43,Missed Shot,Turnaround Jump Shot,,In The Paint (Non-RA),Center(C),8-16 ft.,8,-43,79,1,0,20210403,PHI,MIN,|1627732|1629003|202699|203552|203954,0,REG,2021,1626157,C,Anchor Big,0.32
203954,Joel Embiid,22000750350,Shot Chart Detail,22000750,350,1610612755,Philadelphia 76ers,2,0,1,Missed Shot,Jump Shot,,Above the Break 3,Center(C),24+ ft.,26,-69,258,1,0,20210403,PHI,MIN,|1627732|1629680|203118|203552|203954,0,REG,2021,1629020,PF,Helper,-0.11
203954,Joel Embiid,22000750388,Shot Chart Detail,22000750,388,1610612755,Philadelphia 76ers,3,8,36,Missed Shot,Jump Shot,,Above the Break 3,Center(C),24+ ft.,25,59,244,1,0,20210403,PHI,MIN,|1627732|201980|202699|203552|203954,0,REG,2021,1626157,C,Anchor Big,0.32
203954,Joel Embiid,22000750416,Shot Chart Detail,22000750,416,1610612755,Philadelphia 76ers,3,6,28,Made Shot,Pullup Jump shot,,Mid-Range,Right Side(R),8-16 ft.,15,106,113,1,1,20210403,PHI,MIN,|1627732|201980|203118|203552|203954,1,REG,2021,1626157,C,Anchor Big,0.32
203954,Joel Embiid,22000750423,Shot Chart Detail,22000750,423,1610612755,Philadelphia 76ers,3,5,37,Missed Shot,Jump Shot,,Above the Break 3,Center(C),24+ ft.,25,49,252,1,0,20210403,PHI,MIN,|1627732|201980|203118|203552|203954,0,REG,2021,1626157,C,Anchor Big,0.32
203954,Joel Embiid,22000750536,Shot Chart Detail,22000750,536,1610612755,Philadelphia 76ers,4,10,36,Made Shot,Jump Shot,,Mid-Range,Right Side(R),8-16 ft.,13,82,102,1,1,20210403,PHI,MIN,|1627788|1629003|1629680|203118|203954,1,REG,2021,1626157,C,Anchor Big,0.32
203954,Joel Embiid,22000750548,Shot Chart Detail,22000750,548,1610612755,Philadelphia 76ers,4,9,44,Made Shot,Dunk Shot,,Restricted Area,Center(C),Less Than 8 ft.,1,11,13,1,1,20210403,PHI,MIN,|1627788|1629003|1629680|202699|203954,1,REG,2021,1630162,SG,Chaser,-1.51
203954,Joel Embiid,22000750604,Shot Chart Detail,22000750,604,1610612755,Philadelphia 76ers,4,5,11,Missed Shot,Layup Shot,,Restricted Area,Center(C),Less Than 8 ft.,1,19,5,1,0,20210403,PHI,MIN,|1627732|201980|202699|203552|203954,0,REG,2021,1629675,C,Anchor Big,0.39
203954,Joel Embiid,22000750651,Shot Chart Detail,22000750,651,1610612755,Philadelphia 76ers,4,0,36,Missed Shot,Jump Shot,,Above the Break 3,Left Side Center(LC),24+ ft.,25,-98,232,1,0,20210403,PHI,MIN,|1627732|201980|202699|203552|203954,0,REG,2021,1626157,C,Anchor Big,0.32
203954,Joel Embiid,220007719,Shot Chart Detail,22000771,9,1610612755,Philadelphia 76ers,1,11,12,Made Shot,Jump Shot,,Mid-Range,Left Side(L),8-16 ft.,12,-117,52,1,1,20210406,BOS,PHI,|1627732|201980|202699|203552|203954,0,REG,2021,1629057,C,Anchor Big,1.59
203954,Joel Embiid,2200077147,Shot Chart Detail,22000771,47,1610612755,Philadelphia 76ers,1,8,14,Made Shot,Hook Shot,,In The Paint (Non-RA),Center(C),Less Than 8 ft.,5,24,47,1,1,20210406,BOS,PHI,|1627732|201980|202699|203552|203954,0,REG,2021,1629057|202689,,,
203954,Joel Embiid,2200077169,Shot Chart Detail,22000771,69,1610612755,Philadelphia 76ers,1,6,57,Made Shot,Driving Dunk Shot,,Restricted Area,Center(C),Less Than 8 ft.,1,-10,5,1,1,20210406,BOS,PHI,|1627732|1629680|202699|203552|203954,0,REG,2021,1627759|1628436,,,
203954,Joel Embiid,2200077195,Shot Chart Detail,22000771,95,1610612755,Philadelphia 76ers,1,3,44,Missed Shot,Driving Floating Jump Shot,,In The Paint (Non-RA),Center(C),Less Than 8 ft.,7,-71,14,1,0,20210406,BOS,PHI,|1629003|1629680|202699|203552|203954,0,REG,2021,202689|1628436,,,
203954,Joel Embiid,22000771119,Shot Chart Detail,22000771,119,1610612755,Philadelphia 76ers,1,2,41,Missed Shot,Jump Shot,,Above the Break 3,Center(C),24+ ft.,26,51,260,1,0,20210406,BOS,PHI,|1629003|1629680|202699|203118|203954,0,REG,2021,1628436,C,Helper,0.19
203954,Joel Embiid,22000771226,Shot Chart Detail,22000771,226,1610612755,Philadelphia 76ers,2,6,25,Missed Shot,Jump Shot,,Right Corner 3,Right Side(R),24+ ft.,24,237,57,1,0,20210406,BOS,PHI,|1627732|1629003|201980|203552|203954,0,REG,2021,1628436,C,Helper,0.19
203954,Joel Embiid,22000771246,Shot Chart Detail,22000771,246,1610612755,Philadelphia 76ers,2,5,15,Made Shot,Pullup Jump shot,,Mid-Range,Right Side(R),8-16 ft.,12,110,60,1,1,20210406,BOS,PHI,|1627732|201980|202699|203552|203954,0,REG,2021,1628369|1628436,,,
203954,Joel Embiid,22000771295,Shot Chart Detail,22000771,295,1610612755,Philadelphia 76ers,2,1,48,Missed Shot,Jump Shot,,Above the Break 3,Center(C),24+ ft.,25,-40,250,1,0,20210406,BOS,PHI,|1627732|1629680|202699|203552|203954,0,REG,2021,1629605,C,Helper,-0.47
203954,Joel Embiid,22000771303,Shot Chart Detail,22000771,303,1610612755,Philadelphia 76ers,2,0,37,Missed Shot,Jump Shot,,Above the Break 3,Center(C),24+ ft.,25,78,247,1,0,20210406,BOS,PHI,|1627732|1629680|202699|203552|203954,0,REG,2021,1629605,C,Helper,-0.47
203954,Joel Embiid,22000771315,Shot Chart Detail,22000771,315,1610612755,Philadelphia 76ers,3,11,38,Missed Shot,Jump Shot,,Mid-Range,Right Side(R),8-16 ft.,13,125,36,1,0,20210406,BOS,PHI,|1627732|201980|202699|203552|203954,0,REG,2021,1629057,C,Anchor Big,1.59
203954,Joel Embiid,22000771323,Shot Chart Detail,22000771,323,1610612755,Philadelphia 76ers,3,10,29,Made Shot,Jump Shot,,In The Paint (Non-RA),Center(C),8-16 ft.,13,48,125,1,1,20210406,BOS,PHI,|1627732|201980|202699|203552|203954,1,REG,2021,1629057,C,Anchor Big,1.59
203954,Joel Embiid,22000771344,Shot Chart Detail,22000771,344,1610612755,Philadelphia 76ers,3,8,52,Made Shot,Jump Shot,,Above the Break 3,Center(C),24+ ft.,27,67,269,1,1,20210406,BOS,PHI,|1627732|201980|202699|203552|203954,1,REG,2021,1629605,C,Helper,-0.47
203954,Joel Embiid,22000771358,Shot Chart Detail,22000771,358,1610612755,Philadelphia 76ers,3,7,26,Missed Shot,Jump Shot,,Mid-Range,Left Side(L),8-16 ft.,15,-139,62,1,0,20210406,BOS,PHI,|1627732|201980|202699|203552|203954,0,REG,2021,1629605,C,Helper,-0.47
203954,Joel Embiid,22000771393,Shot Chart Detail,22000771,393,1610612755,Philadelphia 76ers,3,4,10,Made Shot,Jump Shot,,Mid-Range,Left Side(L),8-16 ft.,14,-139,45,1,1,20210406,BOS,PHI,|1627732|201980|203118|203552|203954,0,REG,2021,1629605,C,Helper,-0.47
203954,Joel Embiid,22000771535,Shot Chart Detail,22000771,535,1610612755,Philadelphia 76ers,4,6,14,Made Shot,Dunk Shot,,Restricted Area,Center(C),Less Than 8 ft.,2,-5,25,1,1,20210406,BOS,PHI,|1627732|201980|202699|203552|203954,1,REG,2021,1627759|1628436,,,
203954,Joel Embiid,22000771548,Shot Chart Detail,22000771,548,1610612755,Philadelphia 76ers,4,5,27,Missed Shot,Turnaround Fadeaway shot,,Mid-Range,Right Side(R),8-16 ft.,13,128,27,1,0,20210406,BOS,PHI,|1627732|201980|202699|203552|203954,0,REG,2021,1628400|203935,,,
203954,Joel Embiid,22000771555,Shot Chart Detail,22000771,555,1610612755,Philadelphia 76ers,4,4,28,Made Shot,Step Back Jump shot,,Mid-Range,Right Side Center(RC),16-24 ft.,19,106,160,1,1,20210406,BOS,PHI,|1627732|201980|202699|203552|203954,0,REG,2021,1628436,C,Helper,0.19
203954,Joel Embiid,22000771565,Shot Chart Detail,22000771,565,1610612755,Philadelphia 76ers,4,3,17,Missed Shot,Turnaround Fadeaway shot,,Mid-Range,Left Side Center(LC),16-24 ft.,16,-109,122,1,0,20210406,BOS,PHI,|1627732|201980|202699|203552|203954,0,REG,2021,1628400,PF,Helper,-0.4
203954,Joel Embiid,22000771571,Shot Chart Detail,22000771,571,1610612755,Philadelphia 76ers,4,2,50,Missed Shot,Layup Shot,,In The Paint (Non-RA),Center(C),Less Than 8 ft.,5,-27,43,1,0,20210406,BOS,PHI,|1627732|201980|202699|203552|203954,0,REG,2021,1628400|202689|203935,,,
203954,Joel Embiid,2200079546,Shot Chart Detail,22000795,46,1610612755,Philadelphia 76ers,1,8,3,Made Shot,Dunk Shot,,Restricted Area,Center(C),Less Than 8 ft.,0,-4,1,1,1,20210409,NOP,PHI,|1627732|201980|202699|203552|203954,1,REG,2021,203500,C,Mobile Big,0.99
203954,Joel Embiid,2200079552,Shot Chart Detail,22000795,52,1610612755,Philadelphia 76ers,1,7,40,Missed Shot,Driving Floating Jump Shot,,Mid-Range,Left Side(L),8-16 ft.,8,-86,10,1,0,20210409,NOP,PHI,|1627732|201980|202699|203552|203954,0,REG,2021,203500,C,Mobile Big,0.99
203954,Joel Embiid,2200079557,Shot Chart Detail,22000795,57,1610612755,Philadelphia 76ers,1,7,14,Made Shot,Turnaround Fadeaway shot,,In The Paint (Non-RA),Center(C),8-16 ft.,8,14,82,1,1,20210409,NOP,PHI,|1627732|201980|202699|203552|203954,1,REG,2021,1629627,PF,Helper,-1.17
203954,Joel Embiid,2200079591,Shot Chart Detail,22000795,91,1610612755,Philadelphia 76ers,1,3,59,Missed Shot,Jump Shot,,Above the Break 3,Left Side Center(LC),24+ ft.,24,-155,195,1,0,20210409,NOP,PHI,|1627732|201980|202699|203552|203954,0,REG,2021,1626195,C,Helper,-0.7
203954,Joel Embiid,22000795126,Shot Chart Detail,22000795,126,1610612755,Philadelphia 76ers,1,2,14,Missed Shot,Layup Shot,,Restricted Area,Center(C),Less Than 8 ft.,1,1,11,1,0,20210409,NOP,PHI,|1627732|1629003|1629680|203118|203954,0,REG,2021,1626195,C,Helper,-0.7
203954,Joel Embiid,22000795128,Shot Chart Detail,22000795,128,1610612755,Philadelphia 76ers,1,2,9,Made Shot,Putback Layup Shot,,Restricted Area,Center(C),Less Than 8 ft.,0,0,0,1,1,20210409,NOP,PHI,|1627732|1629003|1629680|203118|203954,0,REG,2021,201949|1626195,,,
203954,Joel Embiid,22000795248,Shot Chart Detail,22000795,248,1610612755,Philadelphia 76ers,2,5,49,Missed Shot,Jump Shot,,Above the Break 3,Left Side Center(LC),24+ ft.,24,-116,220,1,0,20210409,NOP,PHI,|1627732|201980|202699|203552|203954,0,REG,2021,,,,
203954,Joel Embiid,22000795260,Shot Chart Detail,22000795,260,1610612755,Philadelphia 76ers,2,4,13,Made Shot,Jump Shot,,Mid-Range,Left Side(L),8-16 ft.,14,-144,34,1,1,20210409,NOP,PHI,|1627732|201980|202699|203552|203954,0,REG,2021,203500,C,Mobile Big,0.99
203954,Joel Embiid,22000795273,Shot Chart Detail,22000795,273,1610612755,Philadelphia 76ers,2,3,41,Missed Shot,Jump Shot,,Mid-Range,Left Side(L),8-16 ft.,11,-105,34,1,0,20210409,NOP,PHI,|1627732|201980|202699|203552|203954,0,REG,2021,203500,C,Mobile Big,0.99
203954,Joel Embiid,22000795310,Shot Chart Detail,22000795,310,1610612755,Philadelphia 76ers,2,1,32,Missed Shot,Driving Layup Shot,,In The Paint (Non-RA),Center(C),Less Than 8 ft.,4,-3,41,1,0,20210409,NOP,PHI,|1627732|201980|202699|203552|203954,0,REG,2021,1626195,C,Helper,-0.7
203954,Joel Embiid,22000795398,Shot Chart Detail,22000795,398,1610612755,Philadelphia 76ers,3,7,43,Missed Shot,Jump Shot,,Mid-Range,Left Side(L),8-16 ft.,15,-125,85,1,0,20210409,NOP,PHI,|1627732|201980|202699|203552|203954,0,REG,2021,203500,C,Mobile Big,0.99
203954,Joel Embiid,22000795403,Shot Chart Detail,22000795,403,1610612755,Philadelphia 76ers,3,7,6,Missed Shot,Jump Shot,,Above the Break 3,Left Side Center(LC),24+ ft.,25,-204,155,1,0,20210409,NOP,PHI,|1627732|201980|202699|203552|203954,0,REG,2021,203500,C,Mobile Big,0.99
203954,Joel Embiid,22000795408,Shot Chart Detail,22000795,408,1610612755,Philadelphia 76ers,3,6,37,Missed Shot,Jump Shot,,Mid-Range,Left Side(L),16-24 ft.,18,-149,104,1,0,20210409,NOP,PHI,|1627732|201980|202699|203552|203954,0,REG,2021,203500,C,Mobile Big,0.99
203954,Joel Embiid,22000795435,Shot Chart Detail,22000795,435,1610612755,Philadelphia 76ers,3,4,44,Missed Shot,Jump Shot,,Mid-Range,Right Side(R),8-16 ft.,12,117,38,1,0,20210409,NOP,PHI,|1629003|1629680|201980|202699|203954,0,REG,2021,203500,C,Mobile Big,0.99
203954,Joel Embiid,22000795587,Shot Chart Detail,22000795,587,1610612755,Philadelphia 76ers,4,6,33,Made Shot,Turnaround Jump Shot,,Mid-Range,Center(C),8-16 ft.,15,-11,154,1,1,20210409,NOP,PHI,|1627732|201980|202699|203552|203954,0,REG,2021,203500,C,Mobile Big,0.99
203954,Joel Embiid,22000795639,Shot Chart Detail,22000795,639,1610612755,Philadelphia 76ers,4,2,50,Missed Shot,Jump Shot,,Mid-Range,Left Side(L),8-16 ft.,15,-145,64,1,0,20210409,NOP,PHI,|1627732|1629003|201980|202699|203954,0,REG,2021,203500,C,Mobile Big,0.99
203954,Joel Embiid,2200081831,Shot Chart Detail,22000818,31,1610612755,Philadelphia 76ers,1,9,18,Missed Shot,Driving Finger Roll Layup Shot,,Restricted Area,Center(C),Less Than 8 ft.,2,-20,20,1,0,20210412,DAL,PHI,|1627732|201980|202699|203552|203954,0,REG,2021,1626196,SG,Point of Attack,-0.64
203954,Joel Embiid,2200081892,Shot Chart Detail,22000818,92,1610612755,Philadelphia 76ers,1,5,1,Made Shot,Driving Floating Jump Shot,,In The Paint (Non-RA),Center(C),Less Than 8 ft.,4,4,41,1,1,20210412,DAL,PHI,|1629003|201980|202699|203552|203954,0,REG,2021,1626246,C,Helper,0.1
203954,Joel Embiid,2200081898,Shot Chart Detail,22000818,98,1610612755,Philadelphia 76ers,1,4,5,Made Shot,Pullup Jump shot,,In The Paint (Non-RA),Center(C),8-16 ft.,13,-23,137,1,1,20210412,DAL,PHI,|1629003|201980|202699|203552|203954,0,REG,2021,1626246,C,Helper,0.1
203954,Joel Embiid,22000818101,Shot Chart Detail,22000818,101,1610612755,Philadelphia 76ers,1,3,31,Missed Shot,Pullup Jump shot,,In The Paint (Non-RA),Center(C),8-16 ft.,14,-66,127,1,0,20210412,DAL,PHI,|1629003|201980|202699|203552|203954,0,REG,2021,1626246,C,Helper,0.1
203954,Joel Embiid,22000818115,Shot Chart Detail,22000818,115,1610612755,Philadelphia 76ers,1,2,54,Missed Shot,Jump Shot,,Above the Break 3,Center(C),24+ ft.,25,-72,244,1,0,20210412,DAL,PHI,|1629003|1629680|202699|203552|203954,0,REG,2021,1626246,C,Helper,0.1
203954,Joel Embiid,22000818119,Shot Chart Detail,22000818,119,1610612755,Philadelphia 76ers,1,2,17,Missed Shot,Alley Oop Dunk Shot,,Restricted Area,Center(C),Less Than 8 ft.,2,19,8,1,0,20210412,DAL,PHI,|1629003|1629680|202699|203552|203954,0,REG,2021,1626246,C,Helper,0.1
203954,Joel Embiid,22000818255,Shot Chart Detail,22000818,255,1610612755,Philadelphia 76ers,2,6,1,Made Shot,Jump Shot,,Above the Break 3,Left Side Center(LC),24+ ft.,24,-161,188,1,1,20210412,DAL,PHI,|1629003|201980|202699|203552|203954,1,REG,2021,1626246,C,Helper,0.1
203954,Joel Embiid,22000818259,Shot Chart Detail,22000818,259,1610612755,Philadelphia 76ers,2,5,32,Missed Shot,Pullup Jump shot,,In The Paint (Non-RA),Center(C),8-16 ft.,13,2,131,1,0,20210412,DAL,PHI,|1629003|201980|202699|203552|203954,0,REG,2021,1626246,C,Helper,0.1
203954,Joel Embiid,22000818269,Shot Chart Detail,22000818,269,1610612755,Philadelphia 76ers,2,4,23,Missed Shot,Pullup Jump shot,,Mid-Range,Left Side(L),8-16 ft.,14,-123,71,1,0,20210412,DAL,PHI,|1629003|201980|202699|203552|203954,0,REG,2021,1626246,C,Helper,0.1
203954,Joel Embiid,22000818306,Shot Chart Detail,22000818,306,1610612755,Philadelphia 76ers,2,1,59,Made Shot,Driving Layup Shot,,Restricted Area,Center(C),Less Than 8 ft.,1,4,12,1,1,20210412,DAL,PHI,|1627732|1629003|202699|203552|203954,1,REG,2021,1629029|1626161,,,
203954,Joel Embiid,22000818326,Shot Chart Detail,22000818,326,1610612755,Philadelphia 76ers,2,1,1,Made Shot,Turnaround Fadeaway shot,,In The Paint (Non-RA),Center(C),8-16 ft.,10,0,104,1,1,20210412,DAL,PHI,|1627732|1629003|201980|202699|203954,0,REG,2021,1626161,C,Helper,0.79
203954,Joel Embiid,22000818339,Shot Chart Detail,22000818,339,1610612755,Philadelphia 76ers,2,0,26,Missed Shot,Turnaround Fadeaway shot,,In The Paint (Non-RA),Center(C),8-16 ft.,13,19,137,1,0,20210412,DAL,PHI,|1629003|1629680|201980|202699|203954,0,REG,2021,1626161,C,Helper,0.79
203954,Joel Embiid,22000818377,Shot Chart Detail,22000818,377,1610612755,Philadelphia 76ers,3,9,44,Made Shot,Layup Shot,,Restricted Area,Center(C),Less Than 8 ft.,0,7,5,1,1,20210412,DAL,PHI,|1627732|201980|202699|203552|203954,1,REG,2021,1627827,PF,Wing Stopper,0.98
203954,Joel Embiid,22000818381,Shot Chart Detail,22000818,381,1610612755,Philadelphia 76ers,3,9,10,Made Shot,Pullup Jump shot,,Mid-Range,Right Side(R),8-16 ft.,15,153,-12,1,1,20210412,DAL,PHI,|1627732|201980|202699|203552|203954,1,REG,2021,1628467,PF,Helper,0.98
203954,Joel Embiid,22000818385,Shot Chart Detail,22000818,385,1610612755,Philadelphia 76ers,3,8,44,Made Shot,Jump Shot,,Above the Break 3,Center(C),24+ ft.,25,27,251,1,1,20210412,DAL,PHI,|1627732|201980|202699|203552|203954,1,REG,2021,1628467,PF,Helper,0.98
203954,Joel Embiid,22000818431,Shot Chart Detail,22000818,431,1610612755,Philadelphia 76ers,3,4,47,Made Shot,Fadeaway Jump Shot,,Mid-Range,Left Side(L),8-16 ft.,12,-125,15,1,1,20210412,DAL,PHI,|1627732|201980|202699|203552|203954,0,REG,2021,1628467,PF,Helper,0.98
203954,Joel Embiid,22000818434,Shot Chart Detail,22000818,434,1610612755,Philadelphia 76ers,3,4,17,Made Shot,Turnaround Fadeaway shot,,Mid-Range,Right Side(R),8-16 ft.,13,133,11,1,1,20210412,DAL,PHI,|1627732|201980|202699|203552|203954,1,REG,2021,1628467|1627827,,,
203954,Joel Embiid,2200083016,Shot Chart Detail,22000830,16,1610612755,Philadelphia 76ers,1,10,24,Missed Shot,Turnaround Bank Hook Shot,,Restricted Area,Center(C),Less Than 8 ft.,2,20,20,1,0,20210414,PHI,BKN,|1627732|201980|202699|203552|203954,0,REG,2021,201599,C,,0.26
203954,Joel Embiid,2200083020,Shot Chart Detail,22000830,20,1610612755,Philadelphia 76ers,1,9,52,Made Shot,Jump Shot,,Above the Break 3,Center(C),24+ ft.,26,-38,266,1,1,20210414,PHI,BKN,|1627732|201980|202699|203552|203954,1,REG,2021,201599,C,,0.26
203954,Joel Embiid,2200083023,Shot Chart Detail,22000830,23,1610612755,Philadelphia 76ers,1,9,28,Missed Shot,Jump Shot,,Above the Break 3,Center(C),24+ ft.,27,13,279,1,0,20210414,PHI,BKN,|1627732|201980|202699|203552|203954,0,REG,2021,201599,C,,0.26
203954,Joel Embiid,2200083034,Shot Chart Detail,22000830,34,1610612755,Philadelphia 76ers,1,8,48,Made Shot,Turnaround Fadeaway shot,,In The Paint (Non-RA),Center(C),Less Than 8 ft.,6,-59,26,1,1,20210414,PHI,BKN,|1627732|201980|202699|203552|203954,0,REG,2021,201599,C,,0.26
203954,Joel Embiid,2200083048,Shot Chart Detail,22000830,48,1610612755,Philadelphia 76ers,1,7,9,Missed Shot,Jump Shot,,Above the Break 3,Center(C),24+ ft.,25,38,253,1,0,20210414,PHI,BKN,|1627732|201980|202699|203552|203954,0,REG,2021,,,,
203954,Joel Embiid,2200083065,Shot Chart Detail,22000830,65,1610612755,Philadelphia 76ers,1,4,50,Missed Shot,Jump Shot,,Mid-Range,Right Side Center(RC),16-24 ft.,17,90,148,1,0,20210414,PHI,BKN,|1627732|201980|202699|203552|203954,0,REG,2021,201599,C,,0.26
203954,Joel Embiid,2200083091,Shot Chart Detail,22000830,91,1610612755,Philadelphia 76ers,1,3,23,Missed Shot,Hook Shot,,Restricted Area,Center(C),Less Than 8 ft.,3,-20,32,1,0,20210414,PHI,BKN,|1627732|1629003|1629680|201980|203954,0,REG,2021,201599,C,,0.26
203954,Joel Embiid,2200083095,Shot Chart Detail,22000830,95,1610612755,Philadelphia 76ers,1,2,55,Made Shot,Jump Shot,,Right Corner 3,Right Side(R),24+ ft.,23,231,36,1,1,20210414,PHI,BKN,|1627732|1629003|1629680|201980|203954,1,REG,2021,201599,C,,0.26
203954,Joel Embiid,22000830104,Shot Chart Detail,22000830,104,1610612755,Philadelphia 76ers,1,2,21,Missed Shot,Layup Shot,,Restricted Area,Center(C),Less Than 8 ft.,2,-20,17,1,0,20210414,PHI,BKN,|1627732|1627788|1629003|1629680|203954,0,REG,2021,201599,C,,0.26
203954,Joel Embiid,22000830203,Shot Chart Detail,22000830,203,1610612755,Philadelphia 76ers,2,6,37,Missed Shot,Layup Shot,,Restricted Area,Center(C),Less Than 8 ft.,2,-29,6,1,0,20210414,PHI,BKN,|1629003|201980|202699|203552|203954,0,REG,2021,202681,PG,,-1.17
203954,Joel Embiid,22000830220,Shot Chart Detail,22000830,220,1610612755,Philadelphia 76ers,2,5,31,Made Shot,Driving Dunk Shot,,Restricted Area,Center(C),Less Than 8 ft.,0,-3,6,1,1,20210414,PHI,BKN,|1627732|201980|202699|203552|203954,0,REG,2021,201599,C,,0.26
203954,Joel Embiid,22000830224,Shot Chart Detail,22000830,224,1610612755,Philadelphia 76ers,2,4,50,Made Shot,Putback Layup Shot,,Restricted Area,Center(C),Less Than 8 ft.,0,0,0,1,1,20210414,PHI,BKN,|1627732|201980|202699|203552|203954,0,REG,2021,201599|203925,,,
203954,Joel Embiid,22000830236,Shot Chart Detail,22000830,236,1610612755,Philadelphia 76ers,2,3,39,Missed Shot,Jump Shot,,Mid-Range,Center(C),16-24 ft.,17,-19,176,1,0,20210414,PHI,BKN,|1627732|201980|202699|203552|203954,0,REG,2021,201599,C,,0.26
203954,Joel Embiid,22000830243,Shot Chart Detail,22000830,243,1610612755,Philadelphia 76ers,2,3,14,Missed Shot,Fadeaway Jump Shot,,Mid-Range,Left Side(L),8-16 ft.,8,-84,25,1,0,20210414,PHI,BKN,|1627732|201980|202699|203552|203954,0,REG,2021,201599,C,,0.26
203954,Joel Embiid,22000830250,Shot Chart Detail,22000830,250,1610612755,Philadelphia 76ers,2,2,36,Made Shot,Layup Shot,,Restricted Area,Center(C),Less Than 8 ft.,1,12,8,1,1,20210414,PHI,BKN,|1627732|201980|202699|203552|203954,0,REG,2021,201599,C,,0.26
203954,Joel Embiid,22000830263,Shot Chart Detail,22000830,263,1610612755,Philadelphia 76ers,2,1,55,Missed Shot,Turnaround Bank Hook Shot,,In The Paint (Non-RA),Center(C),8-16 ft.,8,5,87,1,0,20210414,PHI,BKN,|1627732|1629003|201980|203552|203954,0,REG,2021,201599,C,,0.26
203954,Joel Embiid,22000830331,Shot Chart Detail,22000830,331,1610612755,Philadelphia 76ers,3,10,41,Made Shot,Layup Shot,,Restricted Area,Center(C),Less Than 8 ft.,2,-9,21,1,1,20210414,PHI,BKN,|1627732|201980|202699|203552|203954,1,REG,2021,201145,PF,,-0.04
203954,Joel Embiid,22000830335,Shot Chart Detail,22000830,335,1610612755,Philadelphia 76ers,3,10,15,Made Shot,Jump Shot,,Above the Break 3,Center(C),24+ ft.,27,-47,267,1,1,20210414,PHI,BKN,|1627732|201980|202699|203552|203954,1,REG,2021,,,,
203954,Joel Embiid,22000830353,Shot Chart Detail,22000830,353,1610612755,Philadelphia 76ers,3,8,28,Missed Shot,Turnaround Fadeaway shot,,Mid-Range,Left Side(L),8-16 ft.,13,-101,96,1,0,20210414,PHI,BKN,|1627732|201980|202699|203552|203954,0,REG,2021,201599,C,,0.26
203954,Joel Embiid,22000830359,Shot Chart Detail,22000830,359,1610612755,Philadelphia 76ers,3,7,54,Made Shot,Pullup Jump shot,,Mid-Range,Center(C),16-24 ft.,19,-41,195,1,1,20210414,PHI,BKN,|1627732|201980|202699|203552|203954,0,REG,2021,201145,PF,,-0.04
203954,Joel Embiid,22000830366,Shot Chart Detail,22000830,366,1610612755,Philadelphia 76ers,3,6,52,Made Shot,Pullup Jump shot,,Mid-Range,Left Side(L),8-16 ft.,14,-137,55,1,1,20210414,PHI,BKN,|1627732|201980|202699|203552|203954,0,REG,2021,201599|203925,,,
203954,Joel Embiid,22000830369,Shot Chart Detail,22000830,369,1610612755,Philadelphia 76ers,3,6,24,Missed Shot,Fadeaway Jump Shot,,Mid-Range,Left Side Center(LC),16-24 ft.,21,-103,193,1,0,20210414,PHI,BKN,|1627732|201980|202699|203552|203954,0,REG,2021,201599,C,,0.26
203954,Joel Embiid,22000830377,Shot Chart Detail,22000830,377,1610612755,Philadelphia 76ers,3,5,52,Made Shot,Floating Jump shot,,In The Paint (Non-RA),Center(C),8-16 ft.,9,0,92,1,1,20210414,PHI,BKN,|1627732|201980|202699|203552|203954,1,REG,2021,201599,C,,0.26
203954,Joel Embiid,22000830381,Shot Chart Detail,22000830,381,1610612755,Philadelphia 76ers,3,5,25,Missed Shot,Jump Shot,,Above the Break 3,Center(C),24+ ft.,25,31,258,1,0,20210414,PHI,BKN,|1627732|201980|202699|203552|203954,0,REG,2021,,,,
203954,Joel Embiid,22000830385,Shot Chart Detail,22000830,385,1610612755,Philadelphia 76ers,3,5,16,Missed Shot,Driving Layup Shot,,Restricted Area,Center(C),Less Than 8 ft.,2,18,10,1,0,20210414,PHI,BKN,|1627732|201980|202699|203552|203954,0,REG,2021,201599,C,,0.26
203954,Joel Embiid,22000830418,Shot Chart Detail,22000830,418,1610612755,Philadelphia 76ers,3,2,45,Missed Shot,Fadeaway Jump Shot,,Mid-Range,Left Side Center(LC),16-24 ft.,20,-103,176,1,0,20210414,PHI,BKN,|1627732|1627788|1629003|201980|203954,0,REG,2021,201145,PF,,-0.04
203954,Joel Embiid,22000830424,Shot Chart Detail,22000830,424,1610612755,Philadelphia 76ers,3,2,15,Made Shot,Driving Floating Jump Shot,,In The Paint (Non-RA),Center(C),8-16 ft.,12,-12,123,1,1,20210414,PHI,BKN,|1627732|1627788|1629003|201980|203954,1,REG,2021,201599,C,,0.26
203954,Joel Embiid,22000830428,Shot Chart Detail,22000830,428,1610612755,Philadelphia 76ers,3,1,47,Made Shot,Driving Finger Roll Layup Shot,,Restricted Area,Center(C),Less Than 8 ft.,3,-6,33,1,1,20210414,PHI,BKN,|1627732|1627788|1629003|201980|203954,1,REG,2021,201599,C,,0.26
203954,Joel Embiid,22000830558,Shot Chart Detail,22000830,558,1610612755,Philadelphia 76ers,4,4,6,Missed Shot,Turnaround Fadeaway shot,,Mid-Range,Right Side(R),8-16 ft.,10,100,41,1,0,20210414,PHI,BKN,|1627732|1629003|201980|202699|203954,0,REG,2021,1629013|1628993,,,
203954,Joel Embiid,2200084613,Shot Chart Detail,22000846,13,1610612755,Philadelphia 76ers,1,10,51,Made Shot,Pullup Jump shot,,In The Paint (Non-RA),Center(C),8-16 ft.,13,-32,134,1,1,20210416,PHI,LAC,|1627732|1627788|201980|203118|203954,0,REG,2021,1627826,C,Anchor Big,0.44
203954,Joel Embiid,2200084622,Shot Chart Detail,22000846,22,1610612755,Philadelphia 76ers,1,9,44,Made Shot,Fadeaway Jump Shot,,In The Paint (Non-RA),Center(C),8-16 ft.,11,9,116,1,1,20210416,PHI,LAC,|1627732|1627788|201980|203118|203954,1,REG,2021,1627826,C,Anchor Big,0.44
203954,Joel Embiid,2200084639,Shot Chart Detail,22000846,39,1610612755,Philadelphia 76ers,1,8,35,Made Shot,Running Dunk Shot,,Restricted Area,Center(C),Less Than 8 ft.,1,-2,10,1,1,20210416,PHI,LAC,|1627732|1627788|201980|203118|203954,1,REG,2021,202704,PG,,-0.94
203954,Joel Embiid,22000846103,Shot Chart Detail,22000846,103,1610612755,Philadelphia 76ers,1,4,10,Missed Shot,Jump Shot,,Above the Break 3,Left Side Center(LC),24+ ft.,25,-210,143,1,0,20210416,PHI,LAC,|1627732|1627788|1629003|201980|203954,0,REG,2021,202694|201587,,,
203954,Joel Embiid,22000846109,Shot Chart Detail,22000846,109,1610612755,Philadelphia 76ers,1,3,49,Made Shot,Driving Layup Shot,,Restricted Area,Center(C),Less Than 8 ft.,3,-20,29,1,1,20210416,PHI,LAC,|1627732|1627788|1629003|201980|203954,0,REG,2021,201587|200765,,,
203954,Joel Embiid,22000846285,Shot Chart Detail,22000846,285,1610612755,Philadelphia 76ers,2,4,10,Missed Shot,Running Layup Shot,,In The Paint (Non-RA),Center(C),Less Than 8 ft.,4,-35,24,1,0,20210416,PHI,LAC,|1627732|1627788|1629680|201980|203954,0,REG,2021,202335|200765,,,
203954,Joel Embiid,22000846355,Shot Chart Detail,22000846,355,1610612755,Philadelphia 76ers,2,0,1,Missed Shot,Jump Shot,,Above the Break 3,Left Side Center(LC),24+ ft.,28,-185,211,1,0,20210416,PHI,LAC,|1627732|1627788|1629680|201980|203954,0,REG,2021,202335,PF,,-0.2
203954,Joel Embiid,22000846409,Shot Chart Detail,22000846,409,1610612755,Philadelphia 76ers,3,8,58,Made Shot,Putback Dunk Shot,,Restricted Area,Center(C),Less Than 8 ft.,0,0,0,1,1,20210416,PHI,LAC,|1627732|1627788|201229|201980|203954,0,REG,2021,1627826|202704,,,
203954,Joel Embiid,22000846412,Shot Chart Detail,22000846,412,1610612755,Philadelphia 76ers,3,8,35,Missed Shot,Turnaround Hook Shot,,In The Paint (Non-RA),Center(C),8-16 ft.,9,-47,86,1,0,20210416,PHI,LAC,|1627732|1627788|201229|201980|203954,0,REG,2021,1627826,C,Anchor Big,0.44
203954,Joel Embiid,22000846417,Shot Chart Detail,22000846,417,1610612755,Philadelphia 76ers,3,8,7,Made Shot,Step Back Jump shot,,Mid-Range,Left Side Center(LC),16-24 ft.,21,-66,202,1,1,20210416,PHI,LAC,|1627732|1627788|201229|201980|203954,0,REG,2021,1627826,C,Anchor Big,0.44
203954,Joel Embiid,22000846420,Shot Chart Detail,22000846,420,1610612755,Philadelphia 76ers,3,7,38,Made Shot,Reverse Layup Shot,,Restricted Area,Center(C),Less Than 8 ft.,1,-3,13,1,1,20210416,PHI,LAC,|1627732|1627788|201229|201980|203954,1,REG,2021,1627826,C,Anchor Big,0.44
203954,Joel Embiid,22000846427,Shot Chart Detail,22000846,427,1610612755,Philadelphia 76ers,3,7,1,Missed Shot,Jump Bank Shot,,Restricted Area,Center(C),Less Than 8 ft.,3,31,21,1,0,20210416,PHI,LAC,|1627732|1627788|201229|201980|203954,0,REG,2021,202694|202704,,,
203954,Joel Embiid,22000846435,Shot Chart Detail,22000846,435,1610612755,Philadelphia 76ers,3,6,22,Missed Shot,Jump Shot,,In The Paint (Non-RA),Center(C),8-16 ft.,8,-38,79,1,0,20210416,PHI,LAC,|1627732|1627788|201229|201980|203954,0,REG,2021,1627826,C,Anchor Big,0.44
203954,Joel Embiid,22000846473,Shot Chart Detail,22000846,473,1610612755,Philadelphia 76ers,3,3,3,Missed Shot,Driving Layup Shot,,Restricted Area,Center(C),Less Than 8 ft.,1,8,7,1,0,20210416,PHI,LAC,|1629003|1629680|1630178|201980|203954,0,REG,2021,202694,PF,,-0.4
203954,Joel Embiid,22000846477,Shot Chart Detail,22000846,477,1610612755,Philadelphia 76ers,3,2,33,Made Shot,Jump Bank Shot,,Mid-Range,Center(C),8-16 ft.,15,-8,157,1,1,20210416,PHI,LAC,|1629003|1629680|1630178|201980|203954,1,REG,2021,201587,SF,,-0.18
203954,Joel Embiid,22000846489,Shot Chart Detail,22000846,489,1610612755,Philadelphia 76ers,3,1,58,Made Shot,Jump Shot,,Mid-Range,Center(C),16-24 ft.,16,-20,168,1,1,20210416,PHI,LAC,|1629003|1629680|1630178|201980|203954,0,REG,2021,202694|200765,,,
203954,Joel Embiid,22000846591,Shot Chart Detail,22000846,591,1610612755,Philadelphia 76ers,4,6,51,Made Shot,Turnaround Fadeaway shot,,Mid-Range,Left Side(L),8-16 ft.,13,-128,49,1,1,20210416,PHI,LAC,|1627732|1627788|1629003|201980|203954,0,REG,2021,201587|202335,,,
203954,Joel Embiid,22000846594,Shot Chart Detail,22000846,594,1610612755,Philadelphia 76ers,4,6,9,Missed Shot,Jump Shot,,Above the Break 3,Center(C),24+ ft.,25,-16,259,1,0,20210416,PHI,LAC,|1627732|1627788|1629003|201980|203954,0,REG,2021,202335,PF,,-0.2
203954,Joel Embiid,22000846605,Shot Chart Detail,22000846,605,1610612755,Philadelphia 76ers,4,5,36,Missed Shot,Turnaround Fadeaway Bank Jump Shot,,In The Paint (Non-RA),Center(C),8-16 ft.,12,31,126,1,0,20210416,PHI,LAC,|1627732|1627788|1629003|201980|203954,0,REG,2021,201587|202335,,,
203954,Joel Embiid,22000846617,Shot Chart Detail,22000846,617,1610612755,Philadelphia 76ers,4,4,38,Missed Shot,Fadeaway Jump Shot,,In The Paint (Non-RA),Center(C),8-16 ft.,11,55,97,1,0,20210416,PHI,LAC,|1627732|1627788|1629003|201980|203954,0,REG,2021,202335|202331,,,
203954,Joel Embiid,2200087010,Shot Chart Detail,22000870,10,1610612755,Philadelphia 76ers,1,11,6,Made Shot,Turnaround Jump Shot,,Mid-Range,Right Side(R),8-16 ft.,9,89,-16,1,1,20210419,PHI,GSW,|1627788|201980|203118|203552|203954,1,REG,2021,1626172,PF,Helper,-0.97
203954,Joel Embiid,2200087021,Shot Chart Detail,22000870,21,1610612755,Philadelphia 76ers,1,9,41,Missed Shot,Turnaround Fadeaway shot,,Mid-Range,Left Side(L),8-16 ft.,11,-85,83,1,0,20210419,PHI,GSW,|1627788|201980|203118|203552|203954,0,REG,2021,1626172,PF,Helper,-0.97
203954,Joel Embiid,2200087046,Shot Chart Detail,22000870,46,1610612755,Philadelphia 76ers,1,7,7,Missed Shot,Putback Layup Shot,,Restricted Area,Center(C),Less Than 8 ft.,0,0,0,1,0,20210419,PHI,GSW,|1627788|201980|203118|203552|203954,0,REG,2021,203145|1626172,,,
203954,Joel Embiid,2200087077,Shot Chart Detail,22000870,77,1610612755,Philadelphia 76ers,1,4,49,Made Shot,Turnaround Hook Shot,,In The Paint (Non-RA),Center(C),Less Than 8 ft.,6,-18,58,1,1,20210419,PHI,GSW,|1627788|1629003|1629680|201980|203954,1,REG,2021,203110,SF,,1.0
203954,Joel Embiid,22000870230,Shot Chart Detail,22000870,230,1610612755,Philadelphia 76ers,2,6,16,Missed Shot,Driving Layup Shot,,In The Paint (Non-RA),Center(C),Less Than 8 ft.,4,-36,21,1,0,20210419,PHI,GSW,|1627788|1630178|201980|203552|203954,0,REG,2021,203110,SF,,1.0
203954,Joel Embiid,22000870248,Shot Chart Detail,22000870,248,1610612755,Philadelphia 76ers,2,4,53,Made Shot,Turnaround Fadeaway shot,,Mid-Range,Right Side(R),8-16 ft.,11,88,78,1,1,20210419,PHI,GSW,|1627788|201980|203118|203552|203954,1,REG,2021,203952|203110,,,
203954,Joel Embiid,22000870257,Shot Chart Detail,22000870,257,1610612755,Philadelphia 76ers,2,4,10,Made Shot,Reverse Layup Shot,,Restricted Area,Center(C),Less Than 8 ft.,3,-30,10,1,1,20210419,PHI,GSW,|1627788|201980|203118|203552|203954,0,REG,2021,1626172|201939,,,
203954,Joel Embiid,22000870259,Shot Chart Detail,22000870,259,1610612755,Philadelphia 76ers,2,3,40,Missed Shot,Driving Layup Shot,,In The Paint (Non-RA),Center(C),Less Than 8 ft.,4,-20,43,1,0,20210419,PHI,GSW,|1627788|201980|203118|203552|203954,0,REG,2021,1626172|203952,,,
203954,Joel Embiid,22000870267,Shot Chart Detail,22000870,267,1610612755,Philadelphia 76ers,2,3,21,Missed Shot,Layup Shot,,In The Paint (Non-RA),Center(C),Less Than 8 ft.,7,-63,31,1,0,20210419,PHI,GSW,|1627788|201980|203118|203552|203954,0,REG,2021,1626172|203952|1627814,,,
203954,Joel Embiid,22000870292,Shot Chart Detail,22000870,292,1610612755,Philadelphia 76ers,2,1,14,Missed Shot,Finger Roll Layup Shot,,Restricted Area,Center(C),Less Than 8 ft.,3,13,31,1,0,20210419,PHI,GSW,|1629003|1629680|201980|203552|203954,0,REG,2021,1626172,PF,Helper,-0.97
203954,Joel Embiid,22000870295,Shot Chart Detail,22000870,295,1610612755,Philadelphia 76ers,2,0,55,Made Shot,Jump Shot,,Left Corner 3,Left Side(L),24+ ft.,23,-234,22,1,1,20210419,PHI,GSW,|1629003|1629680|201980|203552|203954,1,REG,2021,1626172,PF,Helper,-0.97
203954,Joel Embiid,22000870303,Shot Chart Detail,22000870,303,1610612755,Philadelphia 76ers,2,0,7,Made Shot,Fadeaway Jump Shot,,In The Paint (Non-RA),Center(C),8-16 ft.,10,-15,101,1,1,20210419,PHI,GSW,|1629003|1629680|201980|203552|203954,1,REG,2021,1626172,PF,Helper,-0.97
203954,Joel Embiid,22000870326,Shot Chart Detail,22000870,326,1610612755,Philadelphia 76ers,3,11,12,Missed Shot,Jump Shot,,Mid-Range,Center(C),16-24 ft.,20,-20,201,1,0,20210419,PHI,GSW,|1627788|201980|203118|203552|203954,0,REG,2021,1626172,PF,Helper,-0.97
203954,Joel Embiid,22000870347,Shot Chart Detail,22000870,347,1610612755,Philadelphia 76ers,3,8,59,Made Shot,Jump Bank Shot,,Mid-Range,Right Side(R),8-16 ft.,11,95,71,1,1,20210419,PHI,GSW,|1627788|201980|203118|203552|203954,0,REG,2021,203145|1626172,,,
203954,Joel Embiid,22000870384,Shot Chart Detail,22000870,384,1610612755,Philadelphia 76ers,3,6,19,Missed Shot,Driving Finger Roll Layup Shot,,Restricted Area,Center(C),Less Than 8 ft.,1,4,13,1,0,20210419,PHI,GSW,|1627788|1629680|201980|203552|203954,0,REG,2021,1626162|1626172,,,
203954,Joel Embiid,22000870388,Shot Chart Detail,22000870,388,1610612755,Philadelphia 76ers,3,5,56,Missed Shot,Running Layup Shot,,Restricted Area,Center(C),Less Than 8 ft.,1,2,16,1,0,20210419,PHI,GSW,|1627788|1629680|201980|203552|203954,0,REG,2021,1626172|203952,,,
203954,Joel Embiid,22000870421,Shot Chart Detail,22000870,421,1610612755,Philadelphia 76ers,3,3,0,Missed Shot,Fadeaway Jump Shot,,Mid-Range,Center(C),16-24 ft.,19,-12,199,1,0,20210419,PHI,GSW,|1629003|1629680|201588|201980|203954,0,REG,2021,203110,SF,,1.0
203954,Joel Embiid,22000870568,Shot Chart Detail,22000870,568,1610612755,Philadelphia 76ers,4,6,17,Made Shot,Driving Dunk Shot,,Restricted Area,Center(C),Less Than 8 ft.,2,-2,20,1,1,20210419,PHI,GSW,|1629680|1630178|201588|203552|203954,1,REG,2021,1627814|203110,,,
203954,Joel Embiid,22000870601,Shot Chart Detail,22000870,601,1610612755,Philadelphia 76ers,4,3,9,Missed Shot,Pullup Jump shot,,Above the Break 3,Left Side Center(LC),24+ ft.,26,-109,243,1,0,20210419,PHI,GSW,|1629680|1630178|201980|203552|203954,0,REG,2021,1626172,PF,Helper,-0.97
203954,Joel Embiid,22000870631,Shot Chart Detail,22000870,631,1610612755,Philadelphia 76ers,4,0,58,Missed Shot,Fadeaway Jump Shot,,In The Paint (Non-RA),Center(C),8-16 ft.,10,-18,107,1,0,20210419,PHI,GSW,|1629003|201588|201980|203552|203954,0,REG,2021,1626172,PF,Helper,-0.97
203954,Joel Embiid,22000870635,Shot Chart Detail,22000870,635,1610612755,Philadelphia 76ers,4,0,39,Missed Shot,Running Pull-Up Jump Shot,,Above the Break 3,Center(C),24+ ft.,26,-56,256,1,0,20210419,PHI,GSW,|1629003|201588|201980|203552|203954,0,REG,2021,1626172,PF,Helper,-0.97
203954,Joel Embiid,220008839,Shot Chart Detail,22000883,9,1610612755,Philadelphia 76ers,1,11,37,Made Shot,Driving Finger Roll Layup Shot,,Restricted Area,Center(C),Less Than 8 ft.,0,2,5,1,1,20210421,PHI,PHX,|1627788|1629003|1629680|201980|203954,1,REG,2021,1629028|203109|1628969,,,
203954,Joel Embiid,2200088313,Shot Chart Detail,22000883,13,1610612755,Philadelphia 76ers,1,11,13,Made Shot,Jump Shot,,Above the Break 3,Left Side Center(LC),24+ ft.,25,-111,233,1,1,20210421,PHI,PHX,|1627788|1629003|1629680|201980|203954,1,REG,2021,1629028,C,Anchor Big,0.2
203954,Joel Embiid,2200088344,Shot Chart Detail,22000883,44,1610612755,Philadelphia 76ers,1,8,47,Missed Shot,Driving Layup Shot,,In The Paint (Non-RA),Right Side(R),8-16 ft.,8,75,43,1,0,20210421,PHI,PHX,|1627788|1629003|1629680|201980|203954,0,REG,2021,1629028|203109,,,
203954,Joel Embiid,2200088350,Shot Chart Detail,22000883,50,1610612755,Philadelphia 76ers,1,8,35,Missed Shot,Pullup Jump shot,,Above the Break 3,Center(C),24+ ft.,25,-76,247,1,0,20210421,PHI,PHX,|1627788|1629003|1629680|201980|203954,0,REG,2021,1629028,C,Anchor Big,0.2
203954,Joel Embiid,2200088354,Shot Chart Detail,22000883,54,1610612755,Philadelphia 76ers,1,7,54,Missed Shot,Layup Shot,,Restricted Area,Center(C),Less Than 8 ft.,2,3,22,1,0,20210421,PHI,PHX,|1627788|1629003|1629680|201980|203954,0,REG,2021,1626164,SG,Chaser,-2.36
203954,Joel Embiid,2200088357,Shot Chart Detail,22000883,57,1610612755,Philadelphia 76ers,1,7,52,Made Shot,Putback Layup Shot,,Restricted Area,Center(C),Less Than 8 ft.,0,0,0,1,1,20210421,PHI,PHX,|1627788|1629003|1629680|201980|203954,0,REG,2021,101108|1626164,,,
203954,Joel Embiid,2200088364,Shot Chart Detail,22000883,64,1610612755,Philadelphia 76ers,1,7,19,Made Shot,Fadeaway Jump Shot,,Mid-Range,Right Side(R),8-16 ft.,11,106,52,1,1,20210421,PHI,PHX,|1627788|1629003|1629680|201980|203954,0,REG,2021,1629028,C,Anchor Big,0.2
203954,Joel Embiid,2200088370,Shot Chart Detail,22000883,70,1610612755,Philadelphia 76ers,1,6,2,Missed Shot,Jump Shot,,Mid-Range,Right Side(R),8-16 ft.,10,90,48,1,0,20210421,PHI,PHX,|1627788|1629003|1629680|201980|203954,0,REG,2021,1629028,C,Anchor Big,0.2
203954,Joel Embiid,22000883106,Shot Chart Detail,22000883,106,1610612755,Philadelphia 76ers,1,3,2,Missed Shot,Layup Shot,,In The Paint (Non-RA),Center(C),Less Than 8 ft.,6,43,48,1,0,20210421,PHI,PHX,|1629003|1629680|1630178|201588|203954,0,REG,2021,1626166|1629028|1628969,,,
203954,Joel Embiid,22000883232,Shot Chart Detail,22000883,232,1610612755,Philadelphia 76ers,2,5,12,Missed Shot,Jump Shot,,In The Paint (Non-RA),Center(C),Less Than 8 ft.,5,-54,26,1,0,20210421,PHI,PHX,|1627788|1629680|1630178|201980|203954,0,REG,2021,1629028,C,Anchor Big,0.2
203954,Joel Embiid,22000883248,Shot Chart Detail,22000883,248,1610612755,Philadelphia 76ers,2,4,23,Made Shot,Jump Shot,,In The Paint (Non-RA),Center(C),Less Than 8 ft.,5,-2,53,1,1,20210421,PHI,PHX,|1627788|1629680|1630178|201980|203954,0,REG,2021,203967,PF,Helper,-1.17
203954,Joel Embiid,22000883263,Shot Chart Detail,22000883,263,1610612755,Philadelphia 76ers,2,3,27,Made Shot,Driving Layup Shot,,Restricted Area,Center(C),Less Than 8 ft.,1,-11,10,1,1,20210421,PHI,PHX,|1627788|1629680|1630178|201980|203954,0,REG,2021,203967|203109,,,
203954,Joel Embiid,22000883328,Shot Chart Detail,22000883,328,1610612755,Philadelphia 76ers,3,10,6,Made Shot,Putback Layup Shot,,Restricted Area,Center(C),Less Than 8 ft.,0,0,0,1,1,20210421,PHI,PHX,|1627788|1629003|1629680|201980|203954,0,REG,2021,101108|1626164,,,
203954,Joel Embiid,22000883338,Shot Chart Detail,22000883,338,1610612755,Philadelphia 76ers,3,9,6,Made Shot,Turnaround Jump Shot,,In The Paint (Non-RA),Center(C),Less Than 8 ft.,5,-31,42,1,1,20210421,PHI,PHX,|1629003|1629680|201980|203118|203954,0,REG,2021,1629028|1626164,,,
203954,Joel Embiid,22000883356,Shot Chart Detail,22000883,356,1610612755,Philadelphia 76ers,3,7,11,Missed Shot,Pullup Jump shot,,Mid-Range,Center(C),16-24 ft.,18,22,187,1,0,20210421,PHI,PHX,|1629003|1629680|201980|203118|203954,0,REG,2021,1629028,C,Anchor Big,0.2
203954,Joel Embiid,22000883411,Shot Chart Detail,22000883,411,1610612755,Philadelphia 76ers,3,4,21,Made Shot,Layup Shot,,Restricted Area,Center(C),Less Than 8 ft.,0,-3,-1,1,1,20210421,PHI,PHX,|1629680|1630178|201588|203118|203954,1,REG,2021,1629661,PF,Low Activity,-0.4
203954,Joel Embiid,22000883577,Shot Chart Detail,22000883,577,1610612755,Philadelphia 76ers,4,5,36,Missed Shot,Turnaround Fadeaway shot,,In The Paint (Non-RA),Right Side(R),8-16 ft.,14,72,122,1,0,20210421,PHI,PHX,|1627788|1629680|1630178|201980|203954,0,REG,2021,1629028,C,Anchor Big,0.2
203954,Joel Embiid,22000883585,Shot Chart Detail,22000883,585,1610612755,Philadelphia 76ers,4,4,40,Made Shot,Pullup Jump shot,,Above the Break 3,Center(C),24+ ft.,26,-40,263,1,1,20210421,PHI,PHX,|1627788|1629680|1630178|201980|203954,0,REG,2021,1629028,C,Anchor Big,0.2
203954,Joel Embiid,22000883624,Shot Chart Detail,22000883,624,1610612755,Philadelphia 76ers,4,1,41,Made Shot,Driving Reverse Layup Shot,,Restricted Area,Center(C),Less Than 8 ft.,0,3,5,1,1,20210421,PHI,PHX,|1629680|1630178|201588|201980|203954,1,REG,2021,1629028,C,Anchor Big,0.2
203954,Joel Embiid,22000883629,Shot Chart Detail,22000883,629,1610612755,Philadelphia 76ers,4,1,17,Made Shot,Driving Finger Roll Layup Shot,,Restricted Area,Center(C),Less Than 8 ft.,1,11,13,1,1,20210421,PHI,PHX,|1629680|1630178|201588|201980|203954,1,REG,2021,1629028,C,Anchor Big,0.2
203954,Joel Embiid,22000883633,Shot Chart Detail,22000883,633,1610612755,Philadelphia 76ers,4,0,52,Made Shot,Driving Finger Roll Layup Shot,,Restricted Area,Center(C),Less Than 8 ft.,0,-5,3,1,1,20210421,PHI,PHX,|1629680|1630178|201588|201980|203954,0,REG,2021,1629028,C,Anchor Big,0.2
203954,Joel Embiid,22000883644,Shot Chart Detail,22000883,644,1610612755,Philadelphia 76ers,4,0,7,Made Shot,Pullup Jump shot,,Above the Break 3,Left Side Center(LC),24+ ft.,24,-129,210,1,1,20210421,PHI,PHX,|1627788|1630178|201588|201980|203954,1,REG,2021,1626164,SG,Chaser,-2.36
203954,Joel Embiid,22000883660,Shot Chart Detail,22000883,660,1610612755,Philadelphia 76ers,4,0,0,Missed Shot,Jump Shot,,Backcourt,Back Court(BC),Back Court Shot,67,-3,673,1,0,20210421,PHI,PHX,|1627788|1630178|201588|201980|203954,0,REG,2021,,,,
203954,Joel Embiid,220008948,Shot Chart Detail,22000894,8,1610612755,Philadelphia 76ers,1,11,24,Missed Shot,Layup Shot,,Restricted Area,Center(C),Less Than 8 ft.,2,4,20,1,0,20210422,MIL,PHI,|201588|201980|202699|203552|203954,0,REG,2021,201572,C,,-0.27
203954,Joel Embiid,2200089431,Shot Chart Detail,22000894,31,1610612755,Philadelphia 76ers,1,9,14,Made Shot,Turnaround Hook Shot,,Restricted Area,Center(C),Less Than 8 ft.,3,-22,26,1,1,20210422,MIL,PHI,|201588|201980|202699|203552|203954,0,REG,2021,201572|203507,,,
203954,Joel Embiid,2200089434,Shot Chart Detail,22000894,34,1610612755,Philadelphia 76ers,1,8,37,Missed Shot,Jump Shot,,In The Paint (Non-RA),Left Side(L),8-16 ft.,12,-78,94,1,0,20210422,MIL,PHI,|201588|201980|202699|203552|203954,0,REG,2021,201572,C,,-0.27
203954,Joel Embiid,2200089447,Shot Chart Detail,22000894,47,1610612755,Philadelphia 76ers,1,7,11,Missed Shot,Jump Shot,,Mid-Range,Center(C),8-16 ft.,15,-73,139,1,0,20210422,MIL,PHI,|201588|201980|202699|203552|203954,0,REG,2021,201572,C,,-0.27
203954,Joel Embiid,2200089466,Shot Chart Detail,22000894,66,1610612755,Philadelphia 76ers,1,5,42,Missed Shot,Jump Shot,,In The Paint (Non-RA),Center(C),Less Than 8 ft.,7,-7,70,1,0,20210422,MIL,PHI,|1629003|201980|202699|203552|203954,0,REG,2021,201572|203507,,,
203954,Joel Embiid,2200089487,Shot Chart Detail,22000894,87,1610612755,Philadelphia 76ers,1,4,30,Missed Shot,Jump Shot,,Above the Break 3,Center(C),24+ ft.,25,-30,258,1,0,20210422,MIL,PHI,|1629003|1629680|1630178|202699|203954,0,REG,2021,201572,C,,-0.27
203954,Joel Embiid,22000894203,Shot Chart Detail,22000894,203,1610612755,Philadelphia 76ers,2,8,32,Made Shot,Jump Shot,,Mid-Range,Left Side(L),8-16 ft.,11,-87,70,1,1,20210422,MIL,PHI,|1629003|1629680|203118|203552|203954,0,REG,2021,201572,C,,-0.27
203954,Joel Embiid,22000894209,Shot Chart Detail,22000894,209,1610612755,Philadelphia 76ers,2,7,34,Made Shot,Jump Shot,,Mid-Range,Left Side(L),8-16 ft.,12,-101,67,1,1,20210422,MIL,PHI,|1629003|1629680|203118|203552|203954,0,REG,2021,201572,C,,-0.27
203954,Joel Embiid,22000894232,Shot Chart Detail,22000894,232,1610612755,Philadelphia 76ers,2,6,20,Made Shot,Driving Layup Shot,,Restricted Area,Center(C),Less Than 8 ft.,1,-9,7,1,1,20210422,MIL,PHI,|201588|202699|203118|203552|203954,0,REG,2021,201572,C,,-0.27
203954,Joel Embiid,22000894234,Shot Chart Detail,22000894,234,1610612755,Philadelphia 76ers,2,5,54,Made Shot,Pullup Jump shot,,In The Paint (Non-RA),Center(C),Less Than 8 ft.,7,-58,49,1,1,20210422,MIL,PHI,|201588|202699|203118|203552|203954,1,REG,2021,201572,C,,-0.27
203954,Joel Embiid,22000894241,Shot Chart Detail,22000894,241,1610612755,Philadelphia 76ers,2,5,25,Missed Shot,Pullup Jump shot,,Mid-Range,Left Side Center(LC),16-24 ft.,16,-72,144,1,0,20210422,MIL,PHI,|201588|202699|203118|203552|203954,0,REG,2021,201572,C,,-0.27
203954,Joel Embiid,22000894248,Shot Chart Detail,22000894,248,1610612755,Philadelphia 76ers,2,4,28,Made Shot,Jump Shot,,Mid-Range,Left Side(L),8-16 ft.,14,-99,106,1,1,20210422,MIL,PHI,|201588|202699|203118|203552|203954,0,REG,2021,201572|203114,,,
203954,Joel Embiid,22000894257,Shot Chart Detail,22000894,257,1610612755,Philadelphia 76ers,2,3,20,Made Shot,Jump Shot,,Mid-Range,Left Side(L),8-16 ft.,14,-112,84,1,1,20210422,MIL,PHI,|201588|202699|203118|203552|203954,0,REG,2021,201572,C,,-0.27
203954,Joel Embiid,22000894264,Shot Chart Detail,22000894,264,1610612755,Philadelphia 76ers,2,2,16,Made Shot,Driving Reverse Layup Shot,,Restricted Area,Center(C),Less Than 8 ft.,1,3,12,1,1,20210422,MIL,PHI,|201588|202699|203118|203552|203954,1,REG,2021,201572,C,,-0.27
203954,Joel Embiid,22000894293,Shot Chart Detail,22000894,293,1610612755,Philadelphia 76ers,2,0,4,Missed Shot,Pullup Jump shot,,Mid-Range,Left Side(L),8-16 ft.,12,-123,18,1,0,20210422,MIL,PHI,|201588|201980|202699|203552|203954,0,REG,2021,201572,C,,-0.27
203954,Joel Embiid,22000894334,Shot Chart Detail,22000894,334,1610612755,Philadelphia 76ers,3,8,49,Missed Shot,Jump Shot,,Mid-Range,Left Side Center(LC),16-24 ft.,16,-113,127,1,0,20210422,MIL,PHI,|201588|201980|202699|203552|203954,0,REG,2021,201572,C,,-0.27
203954,Joel Embiid,22000894339,Shot Chart Detail,22000894,339,1610612755,Philadelphia 76ers,3,8,24,Missed Shot,Jump Shot,,Above the Break 3,Left Side Center(LC),24+ ft.,26,-109,243,1,0,20210422,MIL,PHI,|201588|201980|202699|203552|203954,0,REG,2021,201572,C,,-0.27
203954,Joel Embiid,22000894347,Shot Chart Detail,22000894,347,1610612755,Philadelphia 76ers,3,7,53,Missed Shot,Jump Shot,,Above the Break 3,Center(C),24+ ft.,26,-19,266,1,0,20210422,MIL,PHI,|201588|201980|202699|203552|203954,0,REG,2021,201572,C,,-0.27
203954,Joel Embiid,22000894352,Shot Chart Detail,22000894,352,1610612755,Philadelphia 76ers,3,6,57,Missed Shot,Floating Jump shot,,In The Paint (Non-RA),Center(C),8-16 ft.,11,-11,119,1,0,20210422,MIL,PHI,|201588|201980|202699|203552|203954,0,REG,2021,203507,SF,Low Activity,-0.39
203954,Joel Embiid,22000894359,Shot Chart Detail,22000894,359,1610612755,Philadelphia 76ers,3,4,50,Missed Shot,Jump Shot,,Above the Break 3,Right Side Center(RC),24+ ft.,26,139,220,1,0,20210422,MIL,PHI,|1629003|1629680|202699|203552|203954,0,REG,2021,201572,C,,-0.27
203954,Joel Embiid,22000894376,Shot Chart Detail,22000894,376,1610612755,Philadelphia 76ers,3,5,58,Made Shot,Step Back Jump shot,,Mid-Range,Left Side(L),8-16 ft.,12,-116,46,1,1,20210422,MIL,PHI,|201588|201980|202699|203552|203954,0,REG,2021,201572,C,,-0.27
203954,Joel Embiid,2200091826,Shot Chart Detail,22000918,26,1610612755,Philadelphia 76ers,1,10,12,Missed Shot,Jump Shot,,Above the Break 3,Left Side Center(LC),24+ ft.,26,-198,177,1,0,20210426,PHI,OKC,|1627732|1627788|202699|203552|203954,0,REG,2021,1629650,C,Anchor Big,-0.2
203954,Joel Embiid,2200091843,Shot Chart Detail,22000918,43,1610612755,Philadelphia 76ers,1,8,44,Made Shot,Driving Reverse Layup Shot,,Restricted Area,Center(C),Less Than 8 ft.,1,-10,13,1,1,20210426,PHI,OKC,|1627732|1627788|202699|203552|203954,1,REG,2021,1630197|1629650,,,
203954,Joel Embiid,2200091849,Shot Chart Detail,22000918,49,1610612755,Philadelphia 76ers,1,7,43,Missed Shot,Fadeaway Jump Shot,,In The Paint (Non-RA),Center(C),8-16 ft.,10,-3,103,1,0,20210426,PHI,OKC,|1627732|1627788|202699|203552|203954,0,REG,2021,1629650,C,Anchor Big,-0.2
203954,Joel Embiid,2200091872,Shot Chart Detail,22000918,72,1610612755,Philadelphia 76ers,1,5,36,Made Shot,Driving Layup Shot,,Restricted Area,Center(C),Less Than 8 ft.,1,-9,6,1,1,20210426,PHI,OKC,|1627732|1627788|202699|203552|203954,0,REG,2021,1629650,C,Anchor Big,-0.2
203954,Joel Embiid,22000918248,Shot Chart Detail,22000918,248,1610612755,Philadelphia 76ers,2,5,31,Made Shot,Driving Hook Shot,,In The Paint (Non-RA),Center(C),Less Than 8 ft.,5,-11,58,1,1,20210426,PHI,OKC,|1627732|1629003|202699|203552|203954,0,REG,2021,1630177|1629650,,,
203954,Joel Embiid,22000918251,Shot Chart Detail,22000918,251,1610612755,Philadelphia 76ers,2,5,3,Made Shot,Jump Shot,,Above the Break 3,Right Side Center(RC),24+ ft.,25,136,211,1,1,20210426,PHI,OKC,|1627732|1629003|202699|203552|203954,1,REG,2021,1629650,C,Anchor Big,-0.2
203954,Joel Embiid,22000918309,Shot Chart Detail,22000918,309,1610612755,Philadelphia 76ers,2,0,55,Made Shot,Layup Shot,,Restricted Area,Center(C),Less Than 8 ft.,1,11,5,1,1,20210426,PHI,OKC,|1627732|1627788|202699|203552|203954,0,REG,2021,1629647|1629650,,,
203954,Joel Embiid,22000918344,Shot Chart Detail,22000918,344,1610612755,Philadelphia 76ers,3,11,47,Made Shot,Jump Shot,,Above the Break 3,Center(C),24+ ft.,27,-54,270,1,1,20210426,PHI,OKC,|1627732|1627788|202699|203552|203954,1,REG,2021,1629647,PF,Helper,0.44
203954,Joel Embiid,22000918362,Shot Chart Detail,22000918,362,1610612755,Philadelphia 76ers,3,10,20,Missed Shot,Jump Shot,,Above the Break 3,Center(C),24+ ft.,27,47,273,1,0,20210426,PHI,OKC,|1627732|1627788|202699|203552|203954,0,REG,2021,1629650,C,Anchor Big,-0.2
203954,Joel Embiid,22000918382,Shot Chart Detail,22000918,382,1610612755,Philadelphia 76ers,3,8,29,Missed Shot,Jump Shot,,Above the Break 3,Center(C),24+ ft.,25,-18,257,1,0,20210426,PHI,OKC,|1627732|1627788|202699|203552|203954,0,REG,2021,1629650,C,Anchor Big,-0.2
203954,Joel Embiid,220009347,Shot Chart Detail,22000934,7,1610612755,Philadelphia 76ers,1,11,34,Missed Shot,Turnaround Fadeaway shot,,Mid-Range,Center(C),16-24 ft.,17,-32,168,1,0,20210428,PHI,ATL,|1627732|201980|202699|203552|203954,0,REG,2021,203991,C,Helper,-0.12
203954,Joel Embiid,2200093460,Shot Chart Detail,22000934,60,1610612755,Philadelphia 76ers,1,7,7,Missed Shot,Turnaround Hook Shot,,Mid-Range,Center(C),8-16 ft.,15,-52,142,1,0,20210428,PHI,ATL,|1627732|201980|202699|203552|203954,0,REG,2021,203991|203524,,,
203954,Joel Embiid,2200093467,Shot Chart Detail,22000934,67,1610612755,Philadelphia 76ers,1,6,25,Missed Shot,Turnaround Fadeaway shot,,Mid-Range,Right Side Center(RC),16-24 ft.,16,100,131,1,0,20210428,PHI,ATL,|1627732|201980|202699|203552|203954,0,REG,2021,203991,C,Helper,-0.12
203954,Joel Embiid,22000934114,Shot Chart Detail,22000934,114,1610612755,Philadelphia 76ers,1,2,36,Made Shot,Running Jump Shot,,Above the Break 3,Left Side Center(LC),24+ ft.,24,-140,203,1,1,20210428,PHI,ATL,|1627732|201588|201980|203552|203954,1,REG,2021,203991,C,Helper,-0.12
203954,Joel Embiid,22000934131,Shot Chart Detail,22000934,131,1610612755,Philadelphia 76ers,1,2,2,Made Shot,Reverse Layup Shot,,Restricted Area,Center(C),Less Than 8 ft.,2,-8,19,1,1,20210428,PHI,ATL,|1629003|1629680|201588|203552|203954,1,REG,2021,201568|1630168,,,
203954,Joel Embiid,22000934261,Shot Chart Detail,22000934,261,1610612755,Philadelphia 76ers,2,4,54,Missed Shot,Jump Shot,,Mid-Range,Right Side Center(RC),16-24 ft.,19,121,159,1,0,20210428,PHI,ATL,|201588|201980|202699|203552|203954,0,REG,2021,203991,C,Helper,-0.12
203954,Joel Embiid,22000934267,Shot Chart Detail,22000934,267,1610612755,Philadelphia 76ers,2,4,28,Made Shot,Jump Shot,,Mid-Range,Left Side(L),8-16 ft.,12,-107,56,1,1,20210428,PHI,ATL,|201588|201980|202699|203552|203954,0,REG,2021,203991,C,Helper,-0.12
203954,Joel Embiid,22000934278,Shot Chart Detail,22000934,278,1610612755,Philadelphia 76ers,2,3,16,Made Shot,Jump Shot,,Mid-Range,Left Side Center(LC),16-24 ft.,19,-68,184,1,1,20210428,PHI,ATL,|201588|201980|202699|203552|203954,0,REG,2021,203991,C,Helper,-0.12
203954,Joel Embiid,22000934289,Shot Chart Detail,22000934,289,1610612755,Philadelphia 76ers,2,2,0,Made Shot,Turnaround Fadeaway shot,,Mid-Range,Center(C),8-16 ft.,14,43,143,1,1,20210428,PHI,ATL,|201588|201980|202699|203552|203954,1,REG,2021,203991,C,Helper,-0.12
203954,Joel Embiid,22000934292,Shot Chart Detail,22000934,292,1610612755,Philadelphia 76ers,2,1,25,Made Shot,Jump Shot,,In The Paint (Non-RA),Center(C),Less Than 8 ft.,6,35,59,1,1,20210428,PHI,ATL,|201588|201980|202699|203552|203954,0,REG,2021,203991,C,Helper,-0.12
203954,Joel Embiid,22000934312,Shot Chart Detail,22000934,312,1610612755,Philadelphia 76ers,2,0,1,Made Shot,Putback Layup Shot,,Restricted Area,Center(C),Less Than 8 ft.,1,7,13,1,1,20210428,PHI,ATL,|201588|201980|202699|203552|203954,0,REG,2021,203991|203524,,,
203954,Joel Embiid,22000934358,Shot Chart Detail,22000934,358,1610612755,Philadelphia 76ers,3,8,46,Missed Shot,Layup Shot,,In The Paint (Non-RA),Center(C),Less Than 8 ft.,5,-38,34,1,0,20210428,PHI,ATL,|1627732|201980|202699|203552|203954,0,REG,2021,1628381,PF,Anchor Big,1.03
203954,Joel Embiid,22000934381,Shot Chart Detail,22000934,381,1610612755,Philadelphia 76ers,3,7,15,Missed Shot,Turnaround Fadeaway shot,,Mid-Range,Center(C),16-24 ft.,16,-51,158,1,0,20210428,PHI,ATL,|1627732|201980|202699|203552|203954,0,REG,2021,203991,C,Helper,-0.12
203954,Joel Embiid,22000934385,Shot Chart Detail,22000934,385,1610612755,Philadelphia 76ers,3,6,53,Missed Shot,Jump Shot,,Above the Break 3,Center(C),24+ ft.,27,-39,269,1,0,20210428,PHI,ATL,|1627732|201980|202699|203552|203954,0,REG,2021,203991,C,Helper,-0.12
203954,Joel Embiid,22000934400,Shot Chart Detail,22000934,400,1610612755,Philadelphia 76ers,3,5,34,Missed Shot,Jump Shot,,Left Corner 3,Left Side(L),24+ ft.,24,-235,76,1,0,20210428,PHI,ATL,|201588|201980|202699|203552|203954,0,REG,2021,1629164|203991,,,
203954,Joel Embiid,22000934419,Shot Chart Detail,22000934,419,1610612755,Philadelphia 76ers,3,4,28,Missed Shot,Fadeaway Jump Shot,,Mid-Range,Left Side Center(LC),16-24 ft.,19,-92,174,1,0,20210428,PHI,ATL,|201588|201980|202699|203552|203954,0,REG,2021,1628381,PF,Anchor Big,1.03
203954,Joel Embiid,2200094910,Shot Chart Detail,22000949,10,1610612755,Philadelphia 76ers,1,11,28,Made Shot,Turnaround Fadeaway shot,,Mid-Range,Left Side(L),8-16 ft.,10,-91,43,1,1,20210430,PHI,ATL,|1627732|201980|202699|203552|203954,0,REG,2021,203991,C,Helper,-0.12
203954,Joel Embiid,2200094935,Shot Chart Detail,22000949,35,1610612755,Philadelphia 76ers,1,9,26,Missed Shot,Jump Shot,,Mid-Range,Left Side Center(LC),16-24 ft.,17,-101,142,1,0,20210430,PHI,ATL,|1627732|201980|202699|203552|203954,0,REG,2021,203524,SF,Chaser,-0.47
203954,Joel Embiid,2200094980,Shot Chart Detail,22000949,80,1610612755,Philadelphia 76ers,1,5,19,Made Shot,Driving Layup Shot,,Restricted Area,Center(C),Less Than 8 ft.,0,-4,5,1,1,20210430,PHI,ATL,|1627732|201980|202699|203552|203954,1,REG,2021,1630168,C,Anchor Big,1.19
203954,Joel Embiid,2200094997,Shot Chart Detail,22000949,97,1610612755,Philadelphia 76ers,1,4,29,Missed Shot,Turnaround Fadeaway shot,,In The Paint (Non-RA),Center(C),8-16 ft.,12,-57,115,1,0,20210430,PHI,ATL,|1627732|1629680|202699|203552|203954,0,REG,2021,1630168,C,Anchor Big,1.19
203954,Joel Embiid,22000949111,Shot Chart Detail,22000949,111,1610612755,Philadelphia 76ers,1,3,37,Missed Shot,Jump Shot,,Mid-Range,Center(C),16-24 ft.,18,11,185,1,0,20210430,PHI,ATL,|1627732|1629003|1629680|201588|203954,0,REG,2021,1628381,PF,Anchor Big,1.03
203954,Joel Embiid,22000949294,Shot Chart Detail,22000949,294,1610612755,Philadelphia 76ers,2,3,59,Made Shot,Layup Shot,,Restricted Area,Center(C),Less Than 8 ft.,0,1,0,1,1,20210430,PHI,ATL,|1627732|201980|202699|203552|203954,1,REG,2021,1628381,PF,Anchor Big,1.03
203954,Joel Embiid,22000949310,Shot Chart Detail,22000949,310,1610612755,Philadelphia 76ers,2,2,36,Missed Shot,Turnaround Fadeaway Bank Jump Shot,,Mid-Range,Left Side(L),8-16 ft.,8,-81,30,1,0,20210430,PHI,ATL,|1627732|201980|202699|203552|203954,0,REG,2021,1628381|203524,,,
203954,Joel Embiid,22000949321,Shot Chart Detail,22000949,321,1610612755,Philadelphia 76ers,2,1,56,Made Shot,Running Alley Oop Layup Shot,,Restricted Area,Center(C),Less Than 8 ft.,0,-5,3,1,1,20210430,PHI,ATL,|1627732|201980|202699|203552|203954,1,REG,2021,201568,SF,,0.1
203954,Joel Embiid,22000949334,Shot Chart Detail,22000949,334,1610612755,Philadelphia 76ers,2,1,7,Made Shot,Turnaround Fadeaway shot,,In The Paint (Non-RA),Center(C),8-16 ft.,8,6,88,1,1,20210430,PHI,ATL,|1627732|201980|202699|203552|203954,0,REG,2021,1628381,PF,Anchor Big,1.03
203954,Joel Embiid,22000949378,Shot Chart Detail,22000949,378,1610612755,Philadelphia 76ers,3,10,0,Missed Shot,Pullup Jump shot,,In The Paint (Non-RA),Center(C),8-16 ft.,14,65,133,1,0,20210430,PHI,ATL,|1627732|201980|202699|203552|203954,0,REG,2021,203991,C,Helper,-0.12
203954,Joel Embiid,22000949386,Shot Chart Detail,22000949,386,1610612755,Philadelphia 76ers,3,9,15,Made Shot,Jump Shot,,Above the Break 3,Center(C),24+ ft.,26,-45,264,1,1,20210430,PHI,ATL,|1627732|201980|202699|203552|203954,1,REG,2021,203524,SF,Chaser,-0.47
203954,Joel Embiid,22000949421,Shot Chart Detail,22000949,421,1610612755,Philadelphia 76ers,3,6,4,Missed Shot,Fadeaway Jump Shot,,Mid-Range,Center(C),16-24 ft.,18,-14,186,1,0,20210430,PHI,ATL,|1627732|201980|202699|203552|203954,0,REG,2021,203991,C,Helper,-0.12
203954,Joel Embiid,22000949427,Shot Chart Detail,22000949,427,1610612755,Philadelphia 76ers,3,5,29,Missed Shot,Jump Shot,,Above the Break 3,Right Side Center(RC),24+ ft.,27,95,253,1,0,20210430,PHI,ATL,|1627732|201980|202699|203552|203954,0,REG,2021,,,,
203954,Joel Embiid,22000949444,Shot Chart Detail,22000949,444,1610612755,Philadelphia 76ers,3,4,2,Missed Shot,Turnaround Fadeaway shot,,In The Paint (Non-RA),Center(C),Less Than 8 ft.,7,78,8,1,0,20210430,PHI,ATL,|1627732|201980|202699|203552|203954,0,REG,2021,203991,C,Helper,-0.12
203954,Joel Embiid,220009737,Shot Chart Detail,22000973,7,1610612755,Philadelphia 76ers,1,11,43,Made Shot,Turnaround Hook Shot,,In The Paint (Non-RA),Center(C),Less Than 8 ft.,5,-2,56,1,1,20210502,SAS,PHI,|1627732|201980|202699|203552|203954,1,REG,2021,1629234,PF,Helper,0.08
203954,Joel Embiid,2200097325,Shot Chart Detail,22000973,25,1610612755,Philadelphia 76ers,1,10,19,Made Shot,Finger Roll Layup Shot,,Restricted Area,Center(C),Less Than 8 ft.,1,19,3,1,1,20210502,SAS,PHI,|1627732|201980|202699|203552|203954,1,REG,2021,1629640,SF,Helper,0.31
203954,Joel Embiid,2200097328,Shot Chart Detail,22000973,28,1610612755,Philadelphia 76ers,1,9,54,Made Shot,Cutting Dunk Shot,,Restricted Area,Center(C),Less Than 8 ft.,0,1,0,1,1,20210502,SAS,PHI,|1627732|201980|202699|203552|203954,1,REG,2021,1629234|200752,,,
203954,Joel Embiid,2200097338,Shot Chart Detail,22000973,38,1610612755,Philadelphia 76ers,1,9,14,Made Shot,Tip Layup Shot,,Restricted Area,Center(C),Less Than 8 ft.,0,0,0,1,1,20210502,SAS,PHI,|1627732|201980|202699|203552|203954,0,REG,2021,1630170|200752,,,
203954,Joel Embiid,2200097364,Shot Chart Detail,22000973,64,1610612755,Philadelphia 76ers,1,7,43,Made Shot,Driving Dunk Shot,,Restricted Area,Center(C),Less Than 8 ft.,1,-4,14,1,1,20210502,SAS,PHI,|1627732|1629680|201980|203552|203954,1,REG,2021,1629234|200752,,,
203954,Joel Embiid,2200097369,Shot Chart Detail,22000973,69,1610612755,Philadelphia 76ers,1,7,0,Missed Shot,Step Back Jump shot,,Mid-Range,Right Side Center(RC),16-24 ft.,22,177,143,1,0,20210502,SAS,PHI,|1627732|1629680|201980|203552|203954,0,REG,2021,1629234,PF,Helper,0.08
203954,Joel Embiid,2200097378,Shot Chart Detail,22000973,78,1610612755,Philadelphia 76ers,1,6,19,Missed Shot,Floating Jump shot,,Restricted Area,Center(C),Less Than 8 ft.,2,-21,13,1,0,20210502,SAS,PHI,|1627732|1629680|201980|203552|203954,0,REG,2021,1630170|1629234,,,
203954,Joel Embiid,2200097380,Shot Chart Detail,22000973,80,1610612755,Philadelphia 76ers,1,6,19,Made Shot,Putback Layup Shot,,Restricted Area,Center(C),Less Than 8 ft.,1,-13,4,1,1,20210502,SAS,PHI,|1627732|1629680|201980|203552|203954,0,REG,2021,1629234,PF,Helper,0.08
203954,Joel Embiid,22000973292,Shot Chart Detail,22000973,292,1610612755,Philadelphia 76ers,2,6,0,Missed Shot,Jump Shot,,Above the Break 3,Left Side Center(LC),24+ ft.,25,-171,189,1,0,20210502,SAS,PHI,|1627732|201980|202699|203552|203954,0,REG,2021,,,,
203954,Joel Embiid,22000973299,Shot Chart Detail,22000973,299,1610612755,Philadelphia 76ers,2,4,54,Made Shot,Jump Shot,,Mid-Range,Center(C),8-16 ft.,14,29,141,1,1,20210502,SAS,PHI,|1627732|201980|202699|203552|203954,0,REG,2021,1629640,SF,Helper,0.31
203954,Joel Embiid,22000973331,Shot Chart Detail,22000973,331,1610612755,Philadelphia 76ers,2,2,29,Made Shot,Turnaround Hook Shot,,In The Paint (Non-RA),Center(C),Less Than 8 ft.,6,-47,41,1,1,20210502,SAS,PHI,|1627732|201980|202699|203552|203954,0,REG,2021,203476,C,Helper,1.04
203954,Joel Embiid,22000973372,Shot Chart Detail,22000973,372,1610612755,Philadelphia 76ers,3,11,23,Missed Shot,Turnaround Fadeaway shot,,Mid-Range,Right Side(R),16-24 ft.,16,147,73,1,0,20210502,SAS,PHI,|1627732|201980|202699|203552|203954,0,REG,2021,200752,SF,,-1.22
203954,Joel Embiid,22000973402,Shot Chart Detail,22000973,402,1610612755,Philadelphia 76ers,3,8,57,Made Shot,Jump Shot,,Above the Break 3,Left Side Center(LC),24+ ft.,24,-134,211,1,1,20210502,SAS,PHI,|1627732|201980|202699|203552|203954,1,REG,2021,1629234,PF,Helper,0.08
203954,Joel Embiid,22000973420,Shot Chart Detail,22000973,420,1610612755,Philadelphia 76ers,3,7,1,Missed Shot,Pullup Jump shot,,In The Paint (Non-RA),Center(C),8-16 ft.,13,-2,132,1,0,20210502,SAS,PHI,|1627732|201980|202699|203552|203954,0,REG,2021,1629234,PF,Helper,0.08
203954,Joel Embiid,22000973436,Shot Chart Detail,22000973,436,1610612755,Philadelphia 76ers,3,5,53,Made Shot,Tip Layup Shot,,Restricted Area,Center(C),Less Than 8 ft.,0,0,0,1,1,20210502,SAS,PHI,|1627732|201980|202699|203552|203954,0,REG,2021,203476,C,Helper,1.04
203954,Joel Embiid,22000973457,Shot Chart Detail,22000973,457,1610612755,Philadelphia 76ers,3,3,9,Missed Shot,Pullup Jump shot,,Above the Break 3,Left Side Center(LC),24+ ft.,26,-166,207,1,0,20210502,SAS,PHI,|1627732|201980|202699|203552|203954,0,REG,2021,200752,SF,,-1.22
203954,Joel Embiid,22000973567,Shot Chart Detail,22000973,567,1610612755,Philadelphia 76ers,4,6,54,Made Shot,Jump Shot,,Mid-Range,Left Side(L),8-16 ft.,14,-136,34,1,1,20210502,SAS,PHI,|1629003|1629680|201588|202699|203954,0,REG,2021,1629234,PF,Helper,0.08
203954,Joel Embiid,22000973570,Shot Chart Detail,22000973,570,1610612755,Philadelphia 76ers,4,6,8,Made Shot,Step Back Jump shot,,Mid-Range,Left Side(L),8-16 ft.,13,-134,-3,1,1,20210502,SAS,PHI,|1629003|1629680|201588|202699|203954,0,REG,2021,1629234|1629677,,,
203954,Joel Embiid,22000973619,Shot Chart Detail,22000973,619,1610612755,Philadelphia 76ers,4,2,14,Missed Shot,Pullup Jump shot,,Mid-Range,Center(C),16-24 ft.,22,-11,226,1,0,20210502,SAS,PHI,|1627732|201980|202699|203552|203954,0,REG,2021,203476,C,Helper,1.04
203954,Joel Embiid,22000973627,Shot Chart Detail,22000973,627,1610612755,Philadelphia 76ers,4,1,20,Made Shot,Fadeaway Jump Shot,,In The Paint (Non-RA),Left Side(L),8-16 ft.,13,-67,112,1,1,20210502,SAS,PHI,|1627732|201980|202699|203552|203954,0,REG,2021,200752,SF,,-1.22
203954,Joel Embiid,22000973645,Shot Chart Detail,22000973,645,1610612755,Philadelphia 76ers,4,0,0,Missed Shot,Turnaround Jump Shot,,Mid-Range,Left Side(L),8-16 ft.,15,-132,76,1,0,20210502,SAS,PHI,|1627732|201980|202699|203552|203954,0,REG,2021,1629640,SF,Helper,0.31
203954,Joel Embiid,22000973667,Shot Chart Detail,22000973,667,1610612755,Philadelphia 76ers,5,3,21,Missed Shot,Turnaround Jump Shot,,Mid-Range,Right Side(R),8-16 ft.,12,119,23,1,0,20210502,SAS,PHI,|1627732|201980|202699|203552|203954,0,REG,2021,203476,C,Helper,1.04
203954,Joel Embiid,22000973711,Shot Chart Detail,22000973,711,1610612755,Philadelphia 76ers,5,0,0,Missed Shot,Turnaround Jump Shot,,In The Paint (Non-RA),Center(C),Less Than 8 ft.,5,35,38,1,0,20210502,SAS,PHI,|1627732|201980|202699|203552|203954,0,REG,2021,203476,C,Helper,1.04
203954,Joel Embiid,2200097918,Shot Chart Detail,22000979,18,1610612755,Philadelphia 76ers,1,10,43,Made Shot,Running Dunk Shot,,Restricted Area,Center(C),Less Than 8 ft.,0,-3,0,1,1,20210503,CHI,PHI,|1627732|201980|202699|203552|203954,1,REG,2021,202066,SG,,-0.23
203954,Joel Embiid,2200097950,Shot Chart Detail,22000979,50,1610612755,Philadelphia 76ers,1,7,50,Missed Shot,Driving Hook Shot,,In The Paint (Non-RA),Center(C),Less Than 8 ft.,5,5,50,1,0,20210503,CHI,PHI,|1627732|201980|202699|203552|203954,0,REG,2021,1628464|201152,,,
203954,Joel Embiid,2200097962,Shot Chart Detail,22000979,62,1610612755,Philadelphia 76ers,1,6,39,Made Shot,Layup Shot,,Restricted Area,Center(C),Less Than 8 ft.,1,-5,11,1,1,20210503,CHI,PHI,|1627732|201980|202699|203552|203954,0,REG,2021,1630172,PF,Wing Stopper,0.12
203954,Joel Embiid,22000979101,Shot Chart Detail,22000979,101,1610612755,Philadelphia 76ers,1,3,42,Made Shot,Jump Shot,,Mid-Range,Left Side Center(LC),16-24 ft.,17,-138,105,1,1,20210503,CHI,PHI,|1627732|1629680|201588|203552|203954,0,REG,2021,1628464,C,Anchor Big,1.31
203954,Joel Embiid,22000979246,Shot Chart Detail,22000979,246,1610612755,Philadelphia 76ers,2,3,51,Missed Shot,Turnaround Jump Shot,,In The Paint (Non-RA),Center(C),8-16 ft.,8,-8,83,1,0,20210503,CHI,PHI,|1627732|201980|202699|203552|203954,0,REG,2021,1628374|201152,,,
203954,Joel Embiid,22000979267,Shot Chart Detail,22000979,267,1610612755,Philadelphia 76ers,2,2,16,Missed Shot,Jump Shot,,Above the Break 3,Center(C),24+ ft.,25,13,251,1,0,20210503,CHI,PHI,|1627732|201980|202699|203552|203954,0,REG,2021,1628464,C,Anchor Big,1.31
203954,Joel Embiid,22000979280,Shot Chart Detail,22000979,280,1610612755,Philadelphia 76ers,2,1,17,Missed Shot,Jump Shot,,In The Paint (Non-RA),Left Side(L),8-16 ft.,8,-63,62,1,0,20210503,CHI,PHI,|1627732|201980|202699|203552|203954,0,REG,2021,201152,PF,,-0.48
203954,Joel Embiid,22000979322,Shot Chart Detail,22000979,322,1610612755,Philadelphia 76ers,3,10,17,Missed Shot,Jump Shot,,Above the Break 3,Left Side Center(LC),24+ ft.,24,-91,227,1,0,20210503,CHI,PHI,|1627732|201980|202699|203552|203954,0,REG,2021,1628464,C,Anchor Big,1.31
203954,Joel Embiid,22000979360,Shot Chart Detail,22000979,360,1610612755,Philadelphia 76ers,3,5,50,Missed Shot,Driving Floating Jump Shot,,Mid-Range,Left Side(L),8-16 ft.,9,-97,-6,1,0,20210503,CHI,PHI,|1627732|201980|202699|203552|203954,0,REG,2021,1628464,C,Anchor Big,1.31
203954,Joel Embiid,22000979391,Shot Chart Detail,22000979,391,1610612755,Philadelphia 76ers,3,3,31,Missed Shot,Putback Layup Shot,,Restricted Area,Center(C),Less Than 8 ft.,3,19,25,1,0,20210503,CHI,PHI,|1627732|1629680|202699|203552|203954,0,REG,2021,1628464,C,Anchor Big,1.31
203954,Joel Embiid,22000979393,Shot Chart Detail,22000979,393,1610612755,Philadelphia 76ers,3,3,20,Missed Shot,Driving Layup Shot,,Restricted Area,Center(C),Less Than 8 ft.,1,-14,8,1,0,20210503,CHI,PHI,|1627732|1629680|202699|203552|203954,0,REG,2021,1628374,PF,Helper,-0.24
203954,Joel Embiid,22000979520,Shot Chart Detail,22000979,520,1610612755,Philadelphia 76ers,4,6,38,Made Shot,Turnaround Jump Shot,,In The Paint (Non-RA),Left Side(L),8-16 ft.,8,-49,69,1,1,20210503,CHI,PHI,|1627732|201980|202699|203552|203954,1,REG,2021,1628464,C,Anchor Big,1.31
203954,Joel Embiid,22000979560,Shot Chart Detail,22000979,560,1610612755,Philadelphia 76ers,4,3,23,Missed Shot,Jump Shot,,Above the Break 3,Right Side Center(RC),24+ ft.,25,180,187,1,0,20210503,CHI,PHI,|1627732|201980|202699|203552|203954,0,REG,2021,1628464,C,Anchor Big,1.31
203954,Joel Embiid,2200099410,Shot Chart Detail,22000994,10,1610612755,Philadelphia 76ers,1,11,23,Missed Shot,Driving Layup Shot,,Restricted Area,Center(C),Less Than 8 ft.,2,-20,11,1,0,20210505,HOU,PHI,|1627732|201980|202699|203552|203954,0,REG,2021,203482,C,Helper,-1.15
203954,Joel Embiid,2200099412,Shot Chart Detail,22000994,12,1610612755,Philadelphia 76ers,1,11,22,Made Shot,Tip Layup Shot,,Restricted Area,Center(C),Less Than 8 ft.,0,0,0,1,1,20210505,HOU,PHI,|1627732|201980|202699|203552|203954,0,REG,2021,202340|203482,,,
203954,Joel Embiid,2200099428,Shot Chart Detail,22000994,28,1610612755,Philadelphia 76ers,1,9,32,Missed Shot,Running Jump Shot,,Above the Break 3,Center(C),24+ ft.,25,2,251,1,0,20210505,HOU,PHI,|1627732|201980|202699|203552|203954,0,REG,2021,203482,C,Helper,-1.15
203954,Joel Embiid,2200099464,Shot Chart Detail,22000994,64,1610612755,Philadelphia 76ers,1,7,11,Missed Shot,Running Jump Shot,,Above the Break 3,Center(C),24+ ft.,25,9,251,1,0,20210505,HOU,PHI,|1627732|201980|202699|203552|203954,0,REG,2021,203482,C,Helper,-1.15
203954,Joel Embiid,22000994109,Shot Chart Detail,22000994,109,1610612755,Philadelphia 76ers,1,3,45,Missed Shot,Turnaround Jump Shot,,In The Paint (Non-RA),Center(C),8-16 ft.,12,-41,119,1,0,20210505,HOU,PHI,|1627732|201980|202699|203552|203954,0,REG,2021,203482,C,Helper,-1.15
203954,Joel Embiid,22000994117,Shot Chart Detail,22000994,117,1610612755,Philadelphia 76ers,1,2,47,Missed Shot,Tip Layup Shot,,Restricted Area,Center(C),Less Than 8 ft.,0,0,0,1,0,20210505,HOU,PHI,|1627732|201980|202699|203552|203954,0,REG,2021,1630237|203482,,,
203954,Joel Embiid,22000994119,Shot Chart Detail,22000994,119,1610612755,Philadelphia 76ers,1,2,46,Made Shot,Putback Layup Shot,,Restricted Area,Center(C),Less Than 8 ft.,0,0,0,1,1,20210505,HOU,PHI,|1627732|201980|202699|203552|203954,0,REG,2021,1629717|203482|1629645,,,
203954,Joel Embiid,22000994233,Shot Chart Detail,22000994,233,1610612755,Philadelphia 76ers,2,5,39,Made Shot,Turnaround Hook Shot,,In The Paint (Non-RA),Center(C),Less Than 8 ft.,4,-6,46,1,1,20210505,HOU,PHI,|1629680|1630178|201588|202699|203954,0,REG,2021,203482|1629645,,,
203954,Joel Embiid,22000994262,Shot Chart Detail,22000994,262,1610612755,Philadelphia 76ers,2,4,41,Made Shot,Tip Layup Shot,,Restricted Area,Center(C),Less Than 8 ft.,0,0,0,1,1,20210505,HOU,PHI,|1627732|201980|202699|203552|203954,0,REG,2021,203482,C,Helper,-1.15
203954,Joel Embiid,22000994289,Shot Chart Detail,22000994,289,1610612755,Philadelphia 76ers,2,1,55,Missed Shot,Turnaround Hook Shot,,In The Paint (Non-RA),Center(C),8-16 ft.,9,-6,92,1,0,20210505,HOU,PHI,|1627732|201980|202699|203552|203954,0,REG,2021,203482,C,Helper,-1.15
203954,Joel Embiid,22000994302,Shot Chart Detail,22000994,302,1610612755,Philadelphia 76ers,2,0,22,Missed Shot,Turnaround Jump Shot,,In The Paint (Non-RA),Center(C),Less Than 8 ft.,5,-14,57,1,0,20210505,HOU,PHI,|1627732|201980|202699|203552|203954,0,REG,2021,1630231,SF,Low Activity,-0.55
203954,Joel Embiid,22000994305,Shot Chart Detail,22000994,305,1610612755,Philadelphia 76ers,2,0,21,Made Shot,Putback Layup Shot,,Restricted Area,Center(C),Less Than 8 ft.,0,0,6,1,1,20210505,HOU,PHI,|1627732|201980|202699|203552|203954,0,REG,2021,1630231|203482,,,
203954,Joel Embiid,22000994311,Shot Chart Detail,22000994,311,1610612755,Philadelphia 76ers,3,11,39,Made Shot,Fadeaway Jump Shot,,Mid-Range,Left Side(L),16-24 ft.,16,-134,97,1,1,20210505,HOU,PHI,|1627732|201980|202699|203552|203954,0,REG,2021,203482,C,Helper,-1.15
203954,Joel Embiid,22000994324,Shot Chart Detail,22000994,324,1610612755,Philadelphia 76ers,3,10,18,Made Shot,Fadeaway Jump Shot,,Mid-Range,Center(C),8-16 ft.,14,5,148,1,1,20210505,HOU,PHI,|1627732|201980|202699|203552|203954,0,REG,2021,,,,
203954,Joel Embiid,22000994340,Shot Chart Detail,22000994,340,1610612755,Philadelphia 76ers,3,8,39,Made Shot,Turnaround Fadeaway shot,,In The Paint (Non-RA),Center(C),8-16 ft.,8,4,86,1,1,20210505,HOU,PHI,|1627732|201980|202699|203552|203954,1,REG,2021,203482,C,Helper,-1.15
203954,Joel Embiid,22000994359,Shot Chart Detail,22000994,359,1610612755,Philadelphia 76ers,3,7,47,Made Shot,Driving Reverse Layup Shot,,Restricted Area,Center(C),Less Than 8 ft.,2,13,18,1,1,20210505,HOU,PHI,|1627732|201980|202699|203552|203954,1,REG,2021,203482,C,Helper,-1.15
203954,Joel Embiid,22000994415,Shot Chart Detail,22000994,415,1610612755,Philadelphia 76ers,3,4,15,Made Shot,Putback Layup Shot,,Restricted Area,Center(C),Less Than 8 ft.,1,14,1,1,1,20210505,HOU,PHI,|1629003|1629680|201588|202699|203954,0,REG,2021,1630237|203482,,,
203954,Joel Embiid,220010037,Shot Chart Detail,22001003,7,1610612755,Philadelphia 76ers,1,11,47,Made Shot,Jump Shot,,Above the Break 3,Center(C),24+ ft.,26,-15,260,1,1,20210507,PHI,NOP,|1627732|201980|202699|203552|203954,1,REG,2021,1626195,C,Helper,-0.7
203954,Joel Embiid,2200100315,Shot Chart Detail,22001003,15,1610612755,Philadelphia 76ers,1,10,42,Made Shot,Turnaround Fadeaway shot,,In The Paint (Non-RA),Center(C),8-16 ft.,9,7,94,1,1,20210507,PHI,NOP,|1627732|201980|202699|203552|203954,1,REG,2021,1626195,C,Helper,-0.7
203954,Joel Embiid,2200100334,Shot Chart Detail,22001003,34,1610612755,Philadelphia 76ers,1,9,2,Missed Shot,Jump Shot,,Mid-Range,Left Side(L),8-16 ft.,11,-114,17,1,0,20210507,PHI,NOP,|1627732|201980|202699|203552|203954,0,REG,2021,1626195,C,Helper,-0.7
203954,Joel Embiid,2200100359,Shot Chart Detail,22001003,59,1610612755,Philadelphia 76ers,1,7,6,Made Shot,Driving Bank Hook Shot,,In The Paint (Non-RA),Center(C),Less Than 8 ft.,6,-3,63,1,1,20210507,PHI,NOP,|1627732|201588|201980|202699|203954,0,REG,2021,1630230|1626195,,,
203954,Joel Embiid,2200100374,Shot Chart Detail,22001003,74,1610612755,Philadelphia 76ers,1,5,49,Made Shot,Running Layup Shot,,In The Paint (Non-RA),Center(C),Less Than 8 ft.,4,-49,-6,1,1,20210507,PHI,NOP,|1627732|201588|201980|202699|203954,1,REG,2021,1626195,C,Helper,-0.7
203954,Joel Embiid,22001003239,Shot Chart Detail,22001003,239,1610612755,Philadelphia 76ers,2,6,6,Missed Shot,Fadeaway Jump Shot,,In The Paint (Non-RA),Center(C),8-16 ft.,12,19,124,1,0,20210507,PHI,NOP,|1627732|201980|202699|203552|203954,0,REG,2021,1629637,C,Anchor Big,0.45
203954,Joel Embiid,22001003312,Shot Chart Detail,22001003,312,1610612755,Philadelphia 76ers,2,1,19,Made Shot,Dunk Shot,,Restricted Area,Center(C),Less Than 8 ft.,0,-5,5,1,1,20210507,PHI,NOP,|1627732|201980|202699|203552|203954,1,REG,2021,1629637,C,Anchor Big,0.45
203954,Joel Embiid,22001003321,Shot Chart Detail,22001003,321,1610612755,Philadelphia 76ers,2,0,37,Made Shot,Driving Layup Shot,,Restricted Area,Center(C),Less Than 8 ft.,1,-16,9,1,1,20210507,PHI,NOP,|1627732|201980|202699|203552|203954,0,REG,2021,1629637,C,Anchor Big,0.45
203954,Joel Embiid,22001003361,Shot Chart Detail,22001003,361,1610612755,Philadelphia 76ers,3,10,49,Missed Shot,Jump Shot,,Mid-Range,Left Side(L),16-24 ft.,16,-136,94,1,0,20210507,PHI,NOP,|1627732|201980|202699|203552|203954,0,REG,2021,1626195,C,Helper,-0.7
203954,Joel Embiid,22001003369,Shot Chart Detail,22001003,369,1610612755,Philadelphia 76ers,3,10,0,Made Shot,Jump Shot,,Mid-Range,Left Side Center(LC),16-24 ft.,16,-132,107,1,1,20210507,PHI,NOP,|1627732|201980|202699|203552|203954,1,REG,2021,1626195,C,Helper,-0.7
203954,Joel Embiid,22001003373,Shot Chart Detail,22001003,373,1610612755,Philadelphia 76ers,3,9,25,Made Shot,Jump Shot,,Above the Break 3,Center(C),24+ ft.,25,-73,243,1,1,20210507,PHI,NOP,|1627732|201980|202699|203552|203954,1,REG,2021,1626195,C,Helper,-0.7
203954,Joel Embiid,22001003377,Shot Chart Detail,22001003,377,1610612755,Philadelphia 76ers,3,8,56,Made Shot,Jump Shot,,Above the Break 3,Center(C),24+ ft.,26,-17,262,1,1,20210507,PHI,NOP,|1627732|201980|202699|203552|203954,1,REG,2021,1626195,C,Helper,-0.7
203954,Joel Embiid,22001003388,Shot Chart Detail,22001003,388,1610612755,Philadelphia 76ers,3,7,37,Made Shot,Jump Shot,,Mid-Range,Left Side Center(LC),16-24 ft.,17,-134,113,1,1,20210507,PHI,NOP,|1627732|201980|202699|203552|203954,0,REG,2021,1626195,C,Helper,-0.7
203954,Joel Embiid,22001003392,Shot Chart Detail,22001003,392,1610612755,Philadelphia 76ers,3,7,7,Missed Shot,Turnaround Jump Shot,,In The Paint (Non-RA),Center(C),8-16 ft.,9,40,85,1,0,20210507,PHI,NOP,|1627732|201980|202699|203552|203954,0,REG,2021,1628366|1626195,,,
203954,Joel Embiid,22001003403,Shot Chart Detail,22001003,403,1610612755,Philadelphia 76ers,3,6,28,Made Shot,Floating Jump shot,,In The Paint (Non-RA),Center(C),8-16 ft.,12,-25,120,1,1,20210507,PHI,NOP,|1627732|201980|202699|203552|203954,0,REG,2021,1626195,C,Helper,-0.7
203954,Joel Embiid,22001003426,Shot Chart Detail,22001003,426,1610612755,Philadelphia 76ers,3,3,54,Missed Shot,Pullup Jump shot,,Mid-Range,Center(C),16-24 ft.,18,-35,178,1,0,20210507,PHI,NOP,|1627732|201980|202699|203552|203954,0,REG,2021,1628366|1626195,,,
203954,Joel Embiid,22001003573,Shot Chart Detail,22001003,573,1610612755,Philadelphia 76ers,4,6,33,Missed Shot,Step Back Jump shot,,Above the Break 3,Left Side Center(LC),24+ ft.,24,-228,101,1,0,20210507,PHI,NOP,|1627732|201980|202699|203552|203954,0,REG,2021,1629637|1630184,,,
203954,Joel Embiid,22001003609,Shot Chart Detail,22001003,609,1610612755,Philadelphia 76ers,4,4,4,Missed Shot,Turnaround Jump Shot,,In The Paint (Non-RA),Center(C),Less Than 8 ft.,7,74,17,1,0,20210507,PHI,NOP,|1627732|201980|202699|203552|203954,0,REG,2021,1628366|1626195,,,
203954,Joel Embiid,22001003637,Shot Chart Detail,22001003,637,1610612755,Philadelphia 76ers,4,2,27,Missed Shot,Layup Shot,,Restricted Area,Center(C),Less Than 8 ft.,2,8,27,1,0,20210507,PHI,NOP,|1627732|201980|202699|203552|203954,0,REG,2021,202339|201949|1626195,,,
203954,Joel Embiid,22001003657,Shot Chart Detail,22001003,657,1610612755,Philadelphia 76ers,4,0,35,Missed Shot,Pullup Jump shot,,Mid-Range,Center(C),16-24 ft.,19,2,197,1,0,20210507,PHI,NOP,|1627732|201980|202699|203552|203954,0,REG,2021,1626195,C,Helper,-0.7
203954,Joel Embiid,220010139,Shot Chart Detail,22001013,9,1610612755,Philadelphia 76ers,1,11,27,Made Shot,Fadeaway Jump Shot,,Mid-Range,Left Side(L),8-16 ft.,14,-138,52,1,1,20210508,PHI,DET,|1629680|1630178|201980|202699|203954,0,REG,2021,203486,C,Helper,0.59
203954,Joel Embiid,2200101316,Shot Chart Detail,22001013,16,1610612755,Philadelphia 76ers,1,10,31,Missed Shot,Fadeaway Jump Shot,,Mid-Range,Left Side(L),8-16 ft.,12,-120,17,1,0,20210508,PHI,DET,|1629680|1630178|201980|202699|203954,0,REG,2021,203486,C,Helper,0.59
203954,Joel Embiid,2200101340,Shot Chart Detail,22001013,40,1610612755,Philadelphia 76ers,1,8,11,Made Shot,Turnaround Fadeaway shot,,Mid-Range,Right Side(R),8-16 ft.,15,99,117,1,1,20210508,PHI,DET,|1629680|1630178|201980|202699|203954,0,REG,2021,203486,C,Helper,0.59
203954,Joel Embiid,2200101374,Shot Chart Detail,22001013,74,1610612755,Philadelphia 76ers,1,5,39,Made Shot,Tip Layup Shot,,Restricted Area,Center(C),Less Than 8 ft.,0,0,0,1,1,20210508,PHI,DET,|1629680|1630178|201980|202699|203954,0,REG,2021,203486,C,Helper,0.59
203954,Joel Embiid,22001013239,Shot Chart Detail,22001013,239,1610612755,Philadelphia 76ers,2,5,44,Made Shot,Turnaround Hook Shot,,In The Paint (Non-RA),Center(C),Less Than 8 ft.,6,5,69,1,1,20210508,PHI,DET,|1629680|1630178|201980|202699|203954,1,REG,2021,1626143,C,Helper,-0.83
203954,Joel Embiid,22001013264,Shot Chart Detail,22001013,264,1610612755,Philadelphia 76ers,2,4,23,Made Shot,Fadeaway Jump Shot,,Mid-Range,Left Side(L),8-16 ft.,10,-103,38,1,1,20210508,PHI,DET,|1629680|1630178|201980|202699|203954,0,REG,2021,203486,C,Helper,0.59
203954,Joel Embiid,22001013298,Shot Chart Detail,22001013,298,1610612755,Philadelphia 76ers,2,1,15,Made Shot,Turnaround Fadeaway shot,,Mid-Range,Center(C),16-24 ft.,16,40,158,1,1,20210508,PHI,DET,|1629680|1630178|201980|202699|203954,0,REG,2021,203486,C,Helper,0.59
203954,Joel Embiid,22001013317,Shot Chart Detail,22001013,317,1610612755,Philadelphia 76ers,3,11,50,Made Shot,Turnaround Fadeaway shot,,Mid-Range,Center(C),8-16 ft.,15,-32,154,1,1,20210508,PHI,DET,|1629680|1630178|201980|202699|203954,0,REG,2021,203486,C,Helper,0.59
203954,Joel Embiid,22001013346,Shot Chart Detail,22001013,346,1610612755,Philadelphia 76ers,3,9,19,Made Shot,Pullup Jump shot,,Above the Break 3,Center(C),24+ ft.,28,-47,285,1,1,20210508,PHI,DET,|1629003|1630178|201980|202699|203954,0,REG,2021,203486,C,Helper,0.59
203954,Joel Embiid,22001013362,Shot Chart Detail,22001013,362,1610612755,Philadelphia 76ers,3,7,10,Missed Shot,Fadeaway Jump Shot,,Mid-Range,Center(C),8-16 ft.,15,-79,139,1,0,20210508,PHI,DET,|1629003|1630178|201980|202699|203954,0,REG,2021,203486,C,Helper,0.59
203954,Joel Embiid,22001013373,Shot Chart Detail,22001013,373,1610612755,Philadelphia 76ers,3,6,11,Made Shot,Dunk Shot,,Restricted Area,Center(C),Less Than 8 ft.,1,4,16,1,1,20210508,PHI,DET,|1629003|1630178|201980|202699|203954,1,REG,2021,1630180,SF,Helper,-1.1
203954,Joel Embiid,22001013561,Shot Chart Detail,22001013,561,1610612755,Philadelphia 76ers,4,5,7,Made Shot,Layup Shot,,Restricted Area,Center(C),Less Than 8 ft.,3,-12,28,1,1,20210508,PHI,DET,|1630178|201588|201980|202699|203954,1,REG,2021,1629635,PF,Helper,-0.83
203954,Joel Embiid,22001013564,Shot Chart Detail,22001013,564,1610612755,Philadelphia 76ers,4,4,28,Made Shot,Fadeaway Jump Shot,,Mid-Range,Left Side Center(LC),16-24 ft.,16,-116,117,1,1,20210508,PHI,DET,|1630178|201588|201980|202699|203954,0,REG,2021,1630191,C,Mobile Big,1.53
203954,Joel Embiid,2200105024,Shot Chart Detail,22001050,24,1610612755,Philadelphia 76ers,1,9,57,Made Shot,Driving Reverse Layup Shot,,Restricted Area,Center(C),Less Than 8 ft.,1,15,7,1,1,20210513,MIA,PHI,|1627732|201980|202699|203552|203954,0,REG,2021,1628389,C,Anchor Big,0.91
203954,Joel Embiid,2200105030,Shot Chart Detail,22001050,30,1610612755,Philadelphia 76ers,1,8,48,Missed Shot,Fadeaway Jump Shot,,Mid-Range,Right Side(R),8-16 ft.,11,109,33,1,0,20210513,MIA,PHI,|1627732|201980|202699|203552|203954,0,REG,2021,1628389,C,Anchor Big,0.91
203954,Joel Embiid,2200105084,Shot Chart Detail,22001050,84,1610612755,Philadelphia 76ers,1,4,44,Made Shot,Layup Shot,,In The Paint (Non-RA),Center(C),Less Than 8 ft.,4,-36,27,1,1,20210513,MIA,PHI,|1627732|201588|202699|203552|203954,1,REG,2021,203473,C,Anchor Big,1.17
203954,Joel Embiid,22001050101,Shot Chart Detail,22001050,101,1610612755,Philadelphia 76ers,1,3,29,Missed Shot,Driving Floating Jump Shot,,Mid-Range,Left Side(L),8-16 ft.,13,-120,62,1,0,20210513,MIA,PHI,|1627732|1629003|201588|202699|203954,0,REG,2021,2772|203473,,,
203954,Joel Embiid,22001050124,Shot Chart Detail,22001050,124,1610612755,Philadelphia 76ers,1,2,32,Missed Shot,Fadeaway Jump Shot,,Left Corner 3,Left Side(L),24+ ft.,23,-231,-8,1,0,20210513,MIA,PHI,|1627788|1629003|201588|202699|203954,0,REG,2021,202710,SG,,-0.37
203954,Joel Embiid,22001050158,Shot Chart Detail,22001050,158,1610612755,Philadelphia 76ers,1,6,7,Missed Shot,Jump Shot,,Mid-Range,Center(C),8-16 ft.,14,-2,143,1,0,20210513,MIA,PHI,|1627732|201980|202699|203552|203954,0,REG,2021,1628389,C,Anchor Big,0.91
203954,Joel Embiid,22001050284,Shot Chart Detail,22001050,284,1610612755,Philadelphia 76ers,2,2,22,Missed Shot,Jump Shot,,Above the Break 3,Center(C),24+ ft.,30,-94,294,1,0,20210513,MIA,PHI,|1627732|201980|202699|203552|203954,0,REG,2021,2772,SF,,0.41
203954,Joel Embiid,22001050295,Shot Chart Detail,22001050,295,1610612755,Philadelphia 76ers,2,1,17,Missed Shot,Fadeaway Jump Shot,,In The Paint (Non-RA),Center(C),8-16 ft.,13,-1,137,1,0,20210513,MIA,PHI,|1627732|201980|202699|203552|203954,0,REG,2021,1628389,C,Anchor Big,0.91
203954,Joel Embiid,22001050349,Shot Chart Detail,22001050,349,1610612755,Philadelphia 76ers,3,8,3,Made Shot,Driving Layup Shot,,Restricted Area,Center(C),Less Than 8 ft.,1,-9,10,1,1,20210513,MIA,PHI,|1627732|201980|202699|203552|203954,1,REG,2021,1629134|2772,,,
203954,Joel Embiid,2200105536,Shot Chart Detail,22001055,36,1610612755,Philadelphia 76ers,1,9,17,Missed Shot,Layup Shot,,Restricted Area,Center(C),Less Than 8 ft.,3,-36,13,1,0,20210514,PHI,ORL,|1627732|201980|202699|203552|203954,0,REG,2021,1629021|1628976,,,
203954,Joel Embiid,2200105574,Shot Chart Detail,22001055,74,1610612755,Philadelphia 76ers,1,5,25,Missed Shot,Turnaround Jump Shot,,Restricted Area,Center(C),Less Than 8 ft.,2,22,6,1,0,20210514,PHI,ORL,|1627732|201588|201980|202699|203954,0,REG,2021,1628976,C,Mobile Big,2.06
203954,Joel Embiid,22001055112,Shot Chart Detail,22001055,112,1610612755,Philadelphia 76ers,1,3,22,Made Shot,Pullup Jump shot,,Mid-Range,Right Side(R),8-16 ft.,10,89,59,1,1,20210514,PHI,ORL,|1627788|1629003|201588|202699|203954,1,REG,2021,1628964,C,Anchor Big,1.84
203954,Joel Embiid,22001055230,Shot Chart Detail,22001055,230,1610612755,Philadelphia 76ers,2,6,45,Made Shot,Running Dunk Shot,,Restricted Area,Center(C),Less Than 8 ft.,1,13,11,1,1,20210514,PHI,ORL,|1627732|1627788|1630178|203552|203954,0,REG,2021,1628964,C,Anchor Big,1.84
203954,Joel Embiid,22001055258,Shot Chart Detail,22001055,258,1610612755,Philadelphia 76ers,2,4,53,Made Shot,Jump Shot,,Above the Break 3,Center(C),24+ ft.,24,8,249,1,1,20210514,PHI,ORL,|1627732|1630178|202699|203552|203954,1,REG,2021,1628976,C,Mobile Big,2.06
203954,Joel Embiid,22001055282,Shot Chart Detail,22001055,282,1610612755,Philadelphia 76ers,2,3,20,Missed Shot,Layup Shot,,In The Paint (Non-RA),Center(C),Less Than 8 ft.,4,-41,-25,1,0,20210514,PHI,ORL,|1627732|201980|202699|203552|203954,0,REG,2021,1628976,C,Mobile Big,2.06
203954,Joel Embiid,22001055354,Shot Chart Detail,22001055,354,1610612755,Philadelphia 76ers,3,11,38,Missed Shot,Fadeaway Jump Shot,,Mid-Range,Right Side Center(RC),16-24 ft.,20,147,143,1,0,20210514,PHI,ORL,|1627732|201980|202699|203552|203954,0,REG,2021,1628976,C,Mobile Big,2.06
203954,Joel Embiid,22001055379,Shot Chart Detail,22001055,379,1610612755,Philadelphia 76ers,3,9,46,Missed Shot,Turnaround Fadeaway shot,,Mid-Range,Center(C),8-16 ft.,15,-41,148,1,0,20210514,PHI,ORL,|1627732|201980|202699|203552|203954,0,REG,2021,1628407,SG,Wing Stopper,0.16
203954,Joel Embiid,22001055392,Shot Chart Detail,22001055,392,1610612755,Philadelphia 76ers,3,8,24,Missed Shot,Fadeaway Jump Shot,,Mid-Range,Left Side(L),8-16 ft.,15,-145,61,1,0,20210514,PHI,ORL,|1627732|201980|202699|203552|203954,0,REG,2021,1628976,C,Mobile Big,2.06
