PLAYER_ID,PLAYER_NAME,SHOT_ID,GRID_TYPE,GAME_ID,GAME_EVENT_ID,TEAM_ID,TEAM_NAME,PERIOD,MINUTES_REMAINING,SECONDS_REMAINING,EVENT_TYPE,ACTION_TYPE,SHOT_TYPE,SHOT_ZONE_BASIC,SHOT_ZONE_AREA,SHOT_ZONE_RANGE,SHOT_DISTANCE,LOC_X,LOC_Y,SHOT_ATTEMPTED_FLAG,SHOT_MADE_FLAG,GAME_DATE,HTM,VTM,PLAYERS_ON,assisted,season_type,year,DEF_ID,DEF_POSITION,DEF_ROLE,D_LEBRON
1628378,Donovan Mitchell,218000114,Shot Chart Detail,21800011,4,1610612762,Utah Jazz,1,11,47,Missed Shot,Layup Shot,2PT Field Goal,In The Paint (Non-RA),Center(C),Less Than 8 ft.,4,27,31,1,0,20181017,SAC,UTA,|1628378|201937|202324|203497|204060,0,REG,2019,1626161|1627812,,,
1628378,Donovan Mitchell,2180001143,Shot Chart Detail,21800011,43,1610612762,Utah Jazz,1,8,20,Missed Shot,Step Back Jump shot,2PT Field Goal,In The Paint (Non-RA),Center(C),8-16 ft.,15,-70,134,1,0,20181017,SAC,UTA,|1628378|201937|202324|203497|204060,0,REG,2019,1627812,PG,Point of Attack,-0.78
1628378,Donovan Mitchell,2180001171,Shot Chart Detail,21800011,71,1610612762,Utah Jazz,1,6,59,Missed Shot,Jump Shot,3PT Field Goal,Above the Break 3,Left Side Center(LC),24+ ft.,25,-180,177,1,0,20181017,SAC,UTA,|1628378|201937|203109|203497|204060,0,REG,2019,1627812,PG,Point of Attack,-0.78
1628378,Donovan Mitchell,21800011242,Shot Chart Detail,21800011,242,1610612762,Utah Jazz,2,6,34,Made Shot,Jump Shot,,Above the Break 3,Right Side Center(RC),24+ ft.,25,112,232,1,1,20181017,SAC,UTA,|1626220|1628378|201937|203109|203497,0,REG,2019,1626161|1627812,,,
1626220,Royce O'Neale,21800011244,Shot Chart Detail,21800011,244,1610612762,Utah Jazz,2,6,2,Missed Shot,Driving Layup Shot,2PT Field Goal,Restricted Area,Center(C),Less Than 8 ft.,3,-13,37,1,0,20181017,SAC,UTA,|1626220|1628378|201937|203109|203497,0,REG,2019,202357|1627812,,,
1628378,Donovan Mitchell,21800011284,Shot Chart Detail,21800011,284,1610612762,Utah Jazz,2,2,46,Missed Shot,Driving Layup Shot,2PT Field Goal,Mid-Range,Right Side(R),8-16 ft.,8,84,27,1,0,20181017,SAC,UTA,|1628378|203109|203497|203957|204060,0,REG,2019,1627812,PG,Point of Attack,-0.78
1628378,Donovan Mitchell,21800011327,Shot Chart Detail,21800011,327,1610612762,Utah Jazz,2,0,0,Missed Shot,Jump Shot,3PT Field Goal,Above the Break 3,Left Side Center(LC),24+ ft.,31,-107,300,1,0,20181017,SAC,UTA,|1628378|203109|203497|203957|204060,0,REG,2019,1627812,PG,Point of Attack,-0.78
1628378,Donovan Mitchell,21800011429,Shot Chart Detail,21800011,429,1610612762,Utah Jazz,3,4,8,Made Shot,Floating Jump shot,,In The Paint (Non-RA),Right Side(R),8-16 ft.,15,79,133,1,1,20181017,SAC,UTA,|1626220|1628378|203109|203497|203957,0,REG,2019,1626161|1627812,,,
1628378,Donovan Mitchell,21800011433,Shot Chart Detail,21800011,433,1610612762,Utah Jazz,3,3,41,Made Shot,Cutting Dunk Shot,,Restricted Area,Center(C),Less Than 8 ft.,1,4,17,1,1,20181017,SAC,UTA,|1626220|1628378|203109|203497|203957,1,REG,2019,1627812,PG,Point of Attack,-0.78
203109,Jae Crowder,21800011486,Shot Chart Detail,21800011,486,1610612762,Utah Jazz,3,0,23,Missed Shot,Jump Shot,,Mid-Range,Left Side(L),16-24 ft.,21,-218,16,1,0,20181017,SAC,UTA,|201937|202324|202692|203109|204060,0,REG,2019,1627812,PG,Point of Attack,-0.78
201950,Jrue Holiday,2180002214,Shot Chart Detail,21800022,14,1610612740,New Orleans Pelicans,1,11,10,Missed Shot,Jump Shot,3PT Field Goal,Above the Break 3,Left Side Center(LC),24+ ft.,27,-93,259,1,0,20181019,NOP,SAC,|201950|202703|202734|203076|203901,0,REG,2019,1627812,PG,Point of Attack,-0.78
201950,Jrue Holiday,2180002226,Shot Chart Detail,21800022,26,1610612740,New Orleans Pelicans,1,10,7,Made Shot,Jump Shot,2PT Field Goal,In The Paint (Non-RA),Center(C),Less Than 8 ft.,6,-39,48,1,1,20181019,NOP,SAC,|201950|202703|202734|203076|203901,1,REG,2019,1627812,PG,Point of Attack,-0.78
203121,Darius Miller,21800022197,Shot Chart Detail,21800022,197,1610612740,New Orleans Pelicans,2,11,13,Missed Shot,Jump Shot,,Right Corner 3,Right Side(R),24+ ft.,24,237,65,1,0,20181019,NOP,SAC,|201950|202703|203121|203546|203944,0,REG,2019,1627812,PG,Point of Attack,-0.78
201950,Jrue Holiday,21800022201,Shot Chart Detail,21800022,201,1610612740,New Orleans Pelicans,2,10,31,Missed Shot,Layup Shot,2PT Field Goal,Restricted Area,Center(C),Less Than 8 ft.,2,21,5,1,0,20181019,NOP,SAC,|201950|202703|203121|203546|203944,0,REG,2019,1628412|1627812,,,
203901,Elfrid Payton,21800022259,Shot Chart Detail,21800022,259,1610612740,New Orleans Pelicans,2,6,51,Missed Shot,Reverse Layup Shot,,Restricted Area,Center(C),Less Than 8 ft.,1,-13,7,1,0,20181019,NOP,SAC,|201950|202703|202734|203076|203901,0,REG,2019,1627812,PG,Point of Attack,-0.78
203901,Elfrid Payton,21800022290,Shot Chart Detail,21800022,290,1610612740,New Orleans Pelicans,2,4,37,Missed Shot,Floating Jump shot,,In The Paint (Non-RA),Center(C),Less Than 8 ft.,5,4,59,1,0,20181019,NOP,SAC,|201950|202734|203076|203901|203944,0,REG,2019,1627812,PG,Point of Attack,-0.78
202734,E'Twaun Moore,21800022295,Shot Chart Detail,21800022,295,1610612740,New Orleans Pelicans,2,4,10,Missed Shot,Jump Shot,,Left Corner 3,Left Side(L),24+ ft.,24,-239,22,1,0,20181019,NOP,SAC,|201950|202734|203076|203901|203944,0,REG,2019,1627812,PG,Point of Attack,-0.78
202734,E'Twaun Moore,21800022297,Shot Chart Detail,21800022,297,1610612740,New Orleans Pelicans,2,4,4,Made Shot,Floating Jump shot,,In The Paint (Non-RA),Center(C),8-16 ft.,11,-51,99,1,1,20181019,NOP,SAC,|201950|202734|203076|203901|203944,1,REG,2019,1627812,PG,Point of Attack,-0.78
203901,Elfrid Payton,21800022402,Shot Chart Detail,21800022,402,1610612740,New Orleans Pelicans,3,8,54,Made Shot,Driving Layup Shot,,Restricted Area,Center(C),Less Than 8 ft.,3,-3,36,1,1,20181019,NOP,SAC,|201950|202703|202734|203076|203901,0,REG,2019,1627812,PG,Point of Attack,-0.78
201950,Jrue Holiday,21800022418,Shot Chart Detail,21800022,418,1610612740,New Orleans Pelicans,3,7,11,Made Shot,Driving Layup Shot,2PT Field Goal,Restricted Area,Center(C),Less Than 8 ft.,2,-19,22,1,1,20181019,NOP,SAC,|201950|202703|202734|203076|203901,0,REG,2019,1627812,PG,Point of Attack,-0.78
1628977,Hamidou Diallo,21800037192,Shot Chart Detail,21800037,192,1610612760,Oklahoma City Thunder,1,0,48,Made Shot,Jump Shot,3PT Field Goal,Left Corner 3,Left Side(L),24+ ft.,22,-227,1,1,1,20181021,OKC,SAC,|1628977|203457|203471|203518|203924,1,REG,2019,1627812,PG,Point of Attack,-0.78
201566,Russell Westbrook,21800037370,Shot Chart Detail,21800037,370,1610612760,Oklahoma City Thunder,2,1,44,Missed Shot,Turnaround Jump Shot,,In The Paint (Non-RA),Left Side(L),8-16 ft.,11,-78,88,1,0,20181021,OKC,SAC,|1628390|201566|203471|203500|203924,0,REG,2019,1627812,PG,Point of Attack,-0.78
201566,Russell Westbrook,21800037382,Shot Chart Detail,21800037,382,1610612760,Oklahoma City Thunder,2,0,57,Missed Shot,Jump Shot,,Above the Break 3,Left Side Center(LC),24+ ft.,25,-146,205,1,0,20181021,OKC,SAC,|1628390|201566|203471|203500|203924,0,REG,2019,1627812,PG,Point of Attack,-0.78
1628390,Terrance Ferguson,21800037386,Shot Chart Detail,21800037,386,1610612760,Oklahoma City Thunder,2,0,34,Made Shot,Layup Shot,2PT Field Goal,Restricted Area,Center(C),Less Than 8 ft.,0,7,-1,1,1,20181021,OKC,SAC,|1628390|201566|203471|203500|203924,1,REG,2019,1627812,PG,Point of Attack,-0.78
203457,Nerlens Noel,21800037563,Shot Chart Detail,21800037,563,1610612760,Oklahoma City Thunder,3,1,31,Made Shot,Putback Dunk Shot,,Restricted Area,Center(C),Less Than 8 ft.,0,-8,0,1,1,20181021,OKC,SAC,|1628977|202331|203457|203471|203924,0,REG,2019,1627812,PG,Point of Attack,-0.78
203471,Dennis Schroder,21800037566,Shot Chart Detail,21800037,566,1610612760,Oklahoma City Thunder,3,1,3,Missed Shot,Driving Layup Shot,,Restricted Area,Center(C),Less Than 8 ft.,2,19,16,1,0,20181021,OKC,SAC,|1628977|202331|203457|203471|203924,0,REG,2019,1627812,PG,Point of Attack,-0.78
1628977,Hamidou Diallo,21800037613,Shot Chart Detail,21800037,613,1610612760,Oklahoma City Thunder,4,9,52,Made Shot,Running Layup Shot,2PT Field Goal,Restricted Area,Center(C),Less Than 8 ft.,0,6,5,1,1,20181021,OKC,SAC,|1628977|1629126|203457|203471|203924,1,REG,2019,1627812,PG,Point of Attack,-0.78
1628977,Hamidou Diallo,21800037641,Shot Chart Detail,21800037,641,1610612760,Oklahoma City Thunder,4,8,12,Missed Shot,Driving Reverse Layup Shot,2PT Field Goal,Restricted Area,Center(C),Less Than 8 ft.,1,3,-14,1,0,20181021,OKC,SAC,|1628977|1629126|201566|203457|203924,0,REG,2019,1627812,PG,Point of Attack,-0.78
201566,Russell Westbrook,21800037699,Shot Chart Detail,21800037,699,1610612760,Oklahoma City Thunder,4,5,10,Made Shot,Driving Layup Shot,2PT Field Goal,Restricted Area,Center(C),Less Than 8 ft.,1,-13,7,1,1,20181021,OKC,SAC,|201566|202331|203471|203500|203924,0,REG,2019,1627812,PG,Point of Attack,-0.78
202331,Paul George,21800037704,Shot Chart Detail,21800037,704,1610612760,Oklahoma City Thunder,4,4,57,Made Shot,Turnaround Fadeaway Bank Jump Shot,,In The Paint (Non-RA),Center(C),Less Than 8 ft.,6,-44,52,1,1,20181021,OKC,SAC,|201566|202331|203471|203500|203924,0,REG,2019,1627812,PG,Point of Attack,-0.78
1627736,Malik Beasley,21800051165,Shot Chart Detail,21800051,165,1610612743,Denver Nuggets,2,11,37,Made Shot,Running Pull-Up Jump Shot,,In The Paint (Non-RA),Center(C),Less Than 8 ft.,4,-36,25,1,1,20181023,DEN,SAC,|1626168|1627736|1627823|1628420|203486,0,REG,2019,1627812,PG,Point of Attack,-0.78
1627823,Juancho Hernangomez,21800051174,Shot Chart Detail,21800051,174,1610612743,Denver Nuggets,2,10,45,Missed Shot,Jump Shot,,Left Corner 3,Left Side(L),24+ ft.,22,-226,13,1,0,20181023,DEN,SAC,|1626168|1627736|1627823|1628420|203486,0,REG,2019,1627812,PG,Point of Attack,-0.78
1627736,Malik Beasley,21800051219,Shot Chart Detail,21800051,219,1610612743,Denver Nuggets,2,7,32,Made Shot,Jump Shot,3PT Field Goal,Right Corner 3,Right Side(R),24+ ft.,22,222,6,1,1,20181023,DEN,SAC,|1627736|1627750|1628470|200794|203486,1,REG,2019,1627812,PG,Point of Attack,-0.78
1627736,Malik Beasley,21800051223,Shot Chart Detail,21800051,223,1610612743,Denver Nuggets,2,7,2,Missed Shot,Jump Shot,3PT Field Goal,Right Corner 3,Right Side(R),24+ ft.,22,225,27,1,0,20181023,DEN,SAC,|1627736|1627750|1628470|200794|203486,0,REG,2019,1627812,PG,Point of Attack,-0.78
1628420,Monte Morris,21800051482,Shot Chart Detail,21800051,482,1610612743,Denver Nuggets,3,1,27,Made Shot,Jump Shot,,Mid-Range,Right Side Center(RC),16-24 ft.,20,93,185,1,1,20181023,DEN,SAC,|1626168|1627750|1627823|1628420|203486,1,REG,2019,1627812,PG,Point of Attack,-0.78
1629152,DeVaughn Akoon-Purcell,21800051632,Shot Chart Detail,21800051,632,1610612743,Denver Nuggets,4,1,45,Missed Shot,Jump Shot,,Mid-Range,Center(C),16-24 ft.,19,-27,193,1,0,20181023,DEN,SAC,|1627736|1627823|1628399|1629118|1629152,0,REG,2019,1627812,PG,Point of Attack,-0.78
1629152,DeVaughn Akoon-Purcell,21800051641,Shot Chart Detail,21800051,641,1610612743,Denver Nuggets,4,1,14,Missed Shot,Jump Shot,,Above the Break 3,Right Side Center(RC),24+ ft.,24,224,106,1,0,20181023,DEN,SAC,|1627736|1627823|1628399|1629118|1629152,0,REG,2019,1627812,PG,Point of Attack,-0.78
201144,Mike Conley,2180006196,Shot Chart Detail,21800061,96,1610612763,Memphis Grizzlies,1,4,30,Made Shot,Floating Jump shot,,In The Paint (Non-RA),Center(C),8-16 ft.,12,-6,123,1,1,20181024,SAC,MEM,|1627782|1628415|1628991|201144|201188,0,REG,2019,1628368|1627812,,,
202714,Shelvin Mack,21800061152,Shot Chart Detail,21800061,152,1610612763,Memphis Grizzlies,1,0,35,Missed Shot,Jump Shot,,Above the Break 3,Center(C),24+ ft.,25,5,254,1,0,20181024,SAC,MEM,|1627782|1628415|1628991|201956|202714,0,REG,2019,1627812,PG,Point of Attack,-0.78
1627782,Wayne Selden,21800061444,Shot Chart Detail,21800061,444,1610612763,Memphis Grizzlies,3,3,40,Made Shot,Jump Shot,3PT Field Goal,Right Corner 3,Right Side(R),24+ ft.,23,229,29,1,1,20181024,SAC,MEM,|1627782|1628415|201188|202714|203937,1,REG,2019,1627812,PG,Point of Attack,-0.78
1626162,Kelly Oubre Jr.,21800073218,Shot Chart Detail,21800073,218,1610612764,Washington Wizards,2,7,45,Made Shot,Pullup Jump shot,3PT Field Goal,Above the Break 3,Left Side Center(LC),24+ ft.,25,-120,225,1,1,20181026,SAC,WAS,|1626162|201145|203078|203085|203107,1,REG,2019,1627812,PG,Point of Attack,-0.78
1626162,Kelly Oubre Jr.,21800073229,Shot Chart Detail,21800073,229,1610612764,Washington Wizards,2,6,41,Made Shot,Jump Shot,3PT Field Goal,Above the Break 3,Right Side Center(RC),24+ ft.,24,169,178,1,1,20181026,SAC,WAS,|1626162|201145|202322|203078|203085,1,REG,2019,1627812,PG,Point of Attack,-0.78
203078,Bradley Beal,21800073328,Shot Chart Detail,21800073,328,1610612764,Washington Wizards,2,0,47,Missed Shot,Jump Shot,,Above the Break 3,Left Side Center(LC),24+ ft.,24,-188,159,1,0,20181026,SAC,WAS,|101133|202322|202693|203078|203490,0,REG,2019,1627812,PG,Point of Attack,-0.78
2548,Dwyane Wade,21800089173,Shot Chart Detail,21800089,173,1610612748,Miami Heat,1,1,11,Made Shot,Jump Shot,,Above the Break 3,Left Side Center(LC),24+ ft.,24,-204,136,1,1,20181029,MIA,SAC,|1626159|1626196|202355|204020|2548,1,REG,2019,1627812,PG,Point of Attack,-0.78
1626196,Josh Richardson,21800089233,Shot Chart Detail,21800089,233,1610612748,Miami Heat,2,8,43,Missed Shot,Jump Shot,,Above the Break 3,Right Side Center(RC),24+ ft.,25,168,189,1,0,20181029,MIA,SAC,|1626159|1626196|1628389|204020|2548,0,REG,2019,1627812,PG,Point of Attack,-0.78
204020,Tyler Johnson,21800089252,Shot Chart Detail,21800089,252,1610612748,Miami Heat,2,7,30,Made Shot,Running Layup Shot,,Restricted Area,Center(C),Less Than 8 ft.,0,3,5,1,1,20181029,MIA,SAC,|1626159|1626196|1628389|203585|204020,0,REG,2019,1627812,PG,Point of Attack,-0.78
1629027,Trae Young,21800114186,Shot Chart Detail,21800114,186,1610612737,Atlanta Hawks,2,11,38,Missed Shot,Driving Floating Jump Shot,,Mid-Range,Right Side Center(RC),16-24 ft.,16,73,146,1,0,20181101,ATL,SAC,|1627752|1627816|1629027|203145|203458,0,REG,2019,201585|1627812,,,
202391,Jeremy Lin,21800114256,Shot Chart Detail,21800114,256,1610612737,Atlanta Hawks,2,6,49,Made Shot,Driving Layup Shot,,Restricted Area,Center(C),Less Than 8 ft.,2,20,22,1,1,20181101,ATL,SAC,|1627761|1713|202391|203145|203473,0,REG,2019,1627812,PG,Point of Attack,-0.78
101108,Chris Paul,21800231166,Shot Chart Detail,21800231,166,1610612745,Houston Rockets,2,11,16,Made Shot,Turnaround Fadeaway shot,2PT Field Goal,In The Paint (Non-RA),Center(C),8-16 ft.,10,-49,96,1,1,20181117,HOU,SAC,|101108|200782|201569|203516|203991,0,REG,2019,1627812,PG,Point of Attack,-0.78
201569,Eric Gordon,21800231177,Shot Chart Detail,21800231,177,1610612745,Houston Rockets,2,10,23,Made Shot,Jump Shot,,Above the Break 3,Right Side Center(RC),24+ ft.,26,179,201,1,1,20181117,HOU,SAC,|101108|200782|201569|203516|203991,1,REG,2019,1627812,PG,Point of Attack,-0.78
201569,Eric Gordon,21800231495,Shot Chart Detail,21800231,495,1610612745,Houston Rockets,4,10,42,Missed Shot,Jump Shot,,Above the Break 3,Right Side Center(RC),24+ ft.,24,206,138,1,0,20181117,HOU,SAC,|101108|101123|1629109|201569|203991,0,REG,2019,1627812,PG,Point of Attack,-0.78
200782,P.J. Tucker,21800231536,Shot Chart Detail,21800231,536,1610612745,Houston Rockets,4,8,16,Missed Shot,Jump Shot,,Right Corner 3,Right Side(R),24+ ft.,22,224,35,1,0,20181117,HOU,SAC,|101108|200782|201935|203516|203991,0,REG,2019,1627812,PG,Point of Attack,-0.78
203526,Raul Neto,21800292709,Shot Chart Detail,21800292,709,1610612762,Utah Jazz,4,3,14,Made Shot,Driving Layup Shot,,Restricted Area,Center(C),Less Than 8 ft.,1,-13,11,1,1,20181125,SAC,UTA,|1628960|202692|203109|203497|203526,0,REG,2019,1628385|1627812,,,
203526,Raul Neto,21800292725,Shot Chart Detail,21800292,725,1610612762,Utah Jazz,4,2,33,Made Shot,Jump Shot,,Right Corner 3,Right Side(R),24+ ft.,23,236,28,1,1,20181125,SAC,UTA,|1627777|1628960|202327|202692|203526,1,REG,2019,1627812,PG,Point of Attack,-0.78
203584,Troy Daniels,21800353574,Shot Chart Detail,21800353,574,1610612756,Phoenix Suns,4,6,49,Made Shot,Jump Shot,,Above the Break 3,Center(C),24+ ft.,25,16,257,1,1,20181204,PHX,SAC,|1626158|1627733|1628969|1629001|203584,1,REG,2019,1627812,PG,Point of Attack,-0.78
203584,Troy Daniels,21800353657,Shot Chart Detail,21800353,657,1610612756,Phoenix Suns,4,0,53,Missed Shot,Jump Shot,,Above the Break 3,Right Side Center(RC),24+ ft.,29,197,215,1,0,20181204,PHX,SAC,|1627733|1628969|1629001|1629059|203584,0,REG,2019,1627812,PG,Point of Attack,-0.78
1627883,Jalen Jones,21800372601,Shot Chart Detail,21800372,601,1610612739,Cleveland Cavaliers,4,1,23,Missed Shot,Jump Shot,,Mid-Range,Right Side(R),16-24 ft.,20,174,108,1,0,20181207,CLE,SAC,|101112|1627790|1627883|1628417|202692,0,REG,2019,1627812,PG,Point of Attack,-0.78
1629006,Josh Okogie,21800414160,Shot Chart Detail,21800414,160,1610612750,Minnesota Timberwolves,2,11,12,Made Shot,Running Layup Shot,,Restricted Area,Center(C),Less Than 8 ft.,1,10,2,1,1,20181212,SAC,MIN,|1626145|1629006|201565|203476|203967,1,REG,2019,1627812,PG,Point of Attack,-0.78
1626188,Quinn Cook,21800428160,Shot Chart Detail,21800428,160,1610612744,Golden State Warriors,1,1,6,Made Shot,Jump Shot,3PT Field Goal,Right Corner 3,Right Side(R),24+ ft.,23,234,41,1,1,20181214,SAC,GSW,|1626188|1628035|1628395|201142|201973,1,REG,2019,1627812,PG,Point of Attack,-0.78
1628035,Alfonzo McKinnie,21800428209,Shot Chart Detail,21800428,209,1610612744,Golden State Warriors,2,10,27,Missed Shot,Running Layup Shot,,Restricted Area,Center(C),Less Than 8 ft.,1,15,12,1,0,20181214,SAC,GSW,|1627814|1628035|201939|201973|203110,0,REG,2019,1627741|1627812,,,
201939,Stephen Curry,21800428219,Shot Chart Detail,21800428,219,1610612744,Golden State Warriors,2,9,31,Made Shot,Jump Shot,,Above the Break 3,Right Side Center(RC),24+ ft.,24,216,118,1,1,20181214,SAC,GSW,|1627814|1628035|201939|201973|203110,1,REG,2019,1627812,PG,Point of Attack,-0.78
201939,Stephen Curry,21800428534,Shot Chart Detail,21800428,534,1610612744,Golden State Warriors,3,0,25,Missed Shot,Jump Shot,,Above the Break 3,Right Side Center(RC),24+ ft.,25,137,210,1,0,20181214,SAC,GSW,|1627814|1628035|1628395|201939|201973,0,REG,2019,1627812,PG,Point of Attack,-0.78
1626188,Quinn Cook,21800428563,Shot Chart Detail,21800428,563,1610612744,Golden State Warriors,4,10,46,Missed Shot,Jump Shot,2PT Field Goal,Mid-Range,Center(C),8-16 ft.,14,27,147,1,0,20181214,SAC,GSW,|1626188|1628035|201973|202691|203110,0,REG,2019,1627812,PG,Point of Attack,-0.78
1626188,Quinn Cook,21800428585,Shot Chart Detail,21800428,585,1610612744,Golden State Warriors,4,8,24,Missed Shot,Cutting Layup Shot,2PT Field Goal,Restricted Area,Center(C),Less Than 8 ft.,3,-25,26,1,0,20181214,SAC,GSW,|1626188|1628035|201973|202691|203110,0,REG,2019,1627812,PG,Point of Attack,-0.78
201939,Stephen Curry,21800428678,Shot Chart Detail,21800428,678,1610612744,Golden State Warriors,4,3,3,Missed Shot,Jump Shot,,Above the Break 3,Left Side Center(LC),24+ ft.,25,-105,229,1,0,20181214,SAC,GSW,|1626172|201142|201939|202691|203110,0,REG,2019,1627812,PG,Point of Attack,-0.78
1628973,Jalen Brunson,21800440174,Shot Chart Detail,21800440,174,1610612742,Dallas Mavericks,2,11,27,Missed Shot,Driving Floating Jump Shot,2PT Field Goal,Mid-Range,Left Side(L),8-16 ft.,11,-93,75,1,0,20181216,DAL,SAC,|1628973|1629151|1717|203939|2734,0,REG,2019,1626161|1627812,,,
2734,Devin Harris,21800440193,Shot Chart Detail,21800440,193,1610612742,Dallas Mavericks,2,10,4,Missed Shot,Running Finger Roll Layup Shot,,Restricted Area,Center(C),Less Than 8 ft.,1,-14,7,1,0,20181216,DAL,SAC,|1628973|1629151|1717|203939|2734,0,REG,2019,1627812,PG,Point of Attack,-0.78
1628973,Jalen Brunson,21800440200,Shot Chart Detail,21800440,200,1610612742,Dallas Mavericks,2,9,25,Made Shot,Driving Floating Jump Shot,2PT Field Goal,In The Paint (Non-RA),Left Side(L),8-16 ft.,9,-68,73,1,1,20181216,DAL,SAC,|1628973|1629151|1717|203939|2734,0,REG,2019,1627812,PG,Point of Attack,-0.78
2734,Devin Harris,21800440450,Shot Chart Detail,21800440,450,1610612742,Dallas Mavericks,3,4,4,Missed Shot,Jump Shot,,Above the Break 3,Center(C),24+ ft.,27,-65,268,1,0,20181216,DAL,SAC,|1627827|1629029|203084|203939|2734,0,REG,2019,1627812,PG,Point of Attack,-0.78
201565,Derrick Rose,21800446111,Shot Chart Detail,21800446,111,1610612750,Minnesota Timberwolves,1,4,7,Missed Shot,Layup Shot,2PT Field Goal,Restricted Area,Center(C),Less Than 8 ft.,2,14,22,1,0,20181217,MIN,SAC,|201565|203476|203496|203952|203967,0,REG,2019,1627786|1627812,,,
201565,Derrick Rose,21800446135,Shot Chart Detail,21800446,135,1610612750,Minnesota Timberwolves,1,4,11,Missed Shot,Driving Layup Shot,2PT Field Goal,Restricted Area,Center(C),Less Than 8 ft.,1,-9,15,1,0,20181217,MIN,SAC,|201565|203476|203496|203952|203967,0,REG,2019,1627786|1627812,,,
203476,Gorgui Dieng,21800446199,Shot Chart Detail,21800446,199,1610612750,Minnesota Timberwolves,2,10,24,Made Shot,Cutting Dunk Shot,,Restricted Area,Center(C),Less Than 8 ft.,1,0,13,1,1,20181217,MIN,SAC,|1626145|1629006|203476|203496|203967,1,REG,2019,203992|1627812,,,
201565,Derrick Rose,21800446406,Shot Chart Detail,21800446,406,1610612750,Minnesota Timberwolves,3,8,0,Missed Shot,Driving Layup Shot,,Restricted Area,Center(C),Less Than 8 ft.,0,6,7,1,0,20181217,MIN,SAC,|1626157|201565|201959|203496|203952,0,REG,2019,1627812,PG,Point of Attack,-0.78
1626157,Karl-Anthony Towns,21800446411,Shot Chart Detail,21800446,411,1610612750,Minnesota Timberwolves,3,7,37,Missed Shot,Jump Shot,3PT Field Goal,Above the Break 3,Center(C),24+ ft.,26,-8,264,1,0,20181217,MIN,SAC,|1626157|201565|201959|203496|203952,0,REG,2019,1627812,PG,Point of Attack,-0.78
203967,Dario Saric,21800446594,Shot Chart Detail,21800446,594,1610612750,Minnesota Timberwolves,4,7,9,Made Shot,Running Finger Roll Layup Shot,,Restricted Area,Center(C),Less Than 8 ft.,1,-1,11,1,1,20181217,MIN,SAC,|1626145|1629006|203476|203496|203967,1,REG,2019,1627812,PG,Point of Attack,-0.78
1629006,Josh Okogie,21800446645,Shot Chart Detail,21800446,645,1610612750,Minnesota Timberwolves,4,4,40,Missed Shot,Jump Shot,,Mid-Range,Center(C),16-24 ft.,16,43,162,1,0,20181217,MIN,SAC,|1626145|1629006|201229|203263|2736,0,REG,2019,1627812,PG,Point of Attack,-0.78
201566,Russell Westbrook,21800466259,Shot Chart Detail,21800466,259,1610612760,Oklahoma City Thunder,2,7,12,Made Shot,Turnaround Fadeaway Bank Jump Shot,2PT Field Goal,Mid-Range,Left Side(L),8-16 ft.,12,-103,67,1,1,20181219,SAC,OKC,|201566|202331|202335|203500|203518,0,REG,2019,1627812,PG,Point of Attack,-0.78
202331,Paul George,21800466273,Shot Chart Detail,21800466,273,1610612760,Oklahoma City Thunder,2,6,37,Missed Shot,Floating Jump shot,,In The Paint (Non-RA),Center(C),8-16 ft.,8,-1,86,1,0,20181219,SAC,OKC,|201566|202331|202335|203500|203518,0,REG,2019,1626161|1627812,,,
201566,Russell Westbrook,21800466276,Shot Chart Detail,21800466,276,1610612760,Oklahoma City Thunder,2,6,11,Made Shot,Jump Shot,2PT Field Goal,Mid-Range,Right Side(R),16-24 ft.,16,151,65,1,1,20181219,SAC,OKC,|201566|202331|202335|203500|203518,0,REG,2019,1627812,PG,Point of Attack,-0.78
202331,Paul George,21800466595,Shot Chart Detail,21800466,595,1610612760,Oklahoma City Thunder,4,8,58,Made Shot,Step Back Jump shot,,Mid-Range,Right Side Center(RC),16-24 ft.,17,137,114,1,1,20181219,SAC,OKC,|1628977|202331|202335|203457|203518,0,REG,2019,1627812,PG,Point of Attack,-0.78
203457,Nerlens Noel,21800466616,Shot Chart Detail,21800466,616,1610612760,Oklahoma City Thunder,4,7,23,Made Shot,Alley Oop Dunk Shot,,Restricted Area,Center(C),Less Than 8 ft.,1,9,5,1,1,20181219,SAC,OKC,|1628977|201566|202331|203457|203924,1,REG,2019,1627812,PG,Point of Attack,-0.78
202331,Paul George,21800466620,Shot Chart Detail,21800466,620,1610612760,Oklahoma City Thunder,4,7,1,Made Shot,Turnaround Jump Shot,,Mid-Range,Left Side(L),16-24 ft.,18,-173,77,1,1,20181219,SAC,OKC,|1628977|201566|202331|203457|203924,1,REG,2019,1627812,PG,Point of Attack,-0.78
1628390,Terrance Ferguson,21800466716,Shot Chart Detail,21800466,716,1610612760,Oklahoma City Thunder,4,1,53,Missed Shot,Driving Dunk Shot,2PT Field Goal,Restricted Area,Center(C),Less Than 8 ft.,3,36,9,1,0,20181219,SAC,OKC,|1628390|1628977|203457|203518|203924,0,REG,2019,203463|1627812,,,
201144,Mike Conley,21800477136,Shot Chart Detail,21800477,136,1610612763,Memphis Grizzlies,1,1,32,Made Shot,Jump Shot,,Above the Break 3,Right Side Center(RC),24+ ft.,25,192,163,1,1,20181221,SAC,MEM,|1627782|201144|201188|202714|203210,1,REG,2019,1627812,PG,Point of Attack,-0.78
202714,Shelvin Mack,21800477151,Shot Chart Detail,21800477,151,1610612763,Memphis Grizzlies,1,0,6,Made Shot,Driving Layup Shot,,Restricted Area,Center(C),Less Than 8 ft.,2,22,4,1,1,20181221,SAC,MEM,|1627782|201144|201188|202714|203210,0,REG,2019,1627812,PG,Point of Attack,-0.78
1628991,Jaren Jackson Jr.,21800477502,Shot Chart Detail,21800477,502,1610612763,Memphis Grizzlies,4,11,33,Missed Shot,Jump Shot,,Above the Break 3,Left Side Center(LC),24+ ft.,24,-179,172,1,0,20181221,SAC,MEM,|1627782|1628991|201144|202066|203210,0,REG,2019,1627812,PG,Point of Attack,-0.78
204025,Tim Frazier,21800492511,Shot Chart Detail,21800492,511,1610612740,New Orleans Pelicans,3,0,31,Made Shot,Driving Floating Jump Shot,,Mid-Range,Center(C),8-16 ft.,15,14,153,1,1,20181223,SAC,NOP,|1626143|1628402|202734|203076|204025,0,REG,2019,1627812,PG,Point of Attack,-0.78
203076,Anthony Davis,21800492514,Shot Chart Detail,21800492,514,1610612740,New Orleans Pelicans,3,0,1,Made Shot,Alley Oop Layup shot,,In The Paint (Non-RA),Center(C),Less Than 8 ft.,4,-40,15,1,1,20181223,SAC,NOP,|1626143|1628402|202734|203076|204025,1,REG,2019,1627812,PG,Point of Attack,-0.78
1628983,Shai Gilgeous-Alexander,21800511106,Shot Chart Detail,21800511,106,1610612746,LA Clippers,1,4,9,Made Shot,Driving Layup Shot,,Restricted Area,Center(C),Less Than 8 ft.,1,16,8,1,1,20181226,LAC,SAC,|1626149|1628983|201976|202340|202699,1,REG,2019,1627812,PG,Point of Attack,-0.78
101150,Lou Williams,21800511123,Shot Chart Detail,21800511,123,1610612746,LA Clippers,1,3,30,Missed Shot,Pullup Jump shot,2PT Field Goal,Mid-Range,Center(C),16-24 ft.,17,-38,166,1,0,20181226,LAC,SAC,|101150|1626149|201976|202340|202699,0,REG,2019,1627812,PG,Point of Attack,-0.78
101150,Lou Williams,21800511164,Shot Chart Detail,21800511,164,1610612746,LA Clippers,1,0,35,Missed Shot,Pullup Jump shot,2PT Field Goal,Mid-Range,Right Side(R),8-16 ft.,10,100,32,1,0,20181226,LAC,SAC,|101150|1626149|1627820|201976|203118,0,REG,2019,1627812,PG,Point of Attack,-0.78
101150,Lou Williams,21800511168,Shot Chart Detail,21800511,168,1610612746,LA Clippers,1,0,7,Missed Shot,Jump Shot,3PT Field Goal,Above the Break 3,Left Side Center(LC),24+ ft.,25,-93,242,1,0,20181226,LAC,SAC,|101150|1626149|1627820|201976|203118,0,REG,2019,201585|1627812,,,
101150,Lou Williams,21800511518,Shot Chart Detail,21800511,518,1610612746,LA Clippers,4,11,47,Made Shot,Pullup Jump shot,3PT Field Goal,Above the Break 3,Center(C),24+ ft.,26,33,258,1,1,20181226,LAC,SAC,|101150|1626149|1627820|201976|203118,0,REG,2019,1627812,PG,Point of Attack,-0.78
101150,Lou Williams,21800511567,Shot Chart Detail,21800511,567,1610612746,LA Clippers,4,8,14,Made Shot,Fadeaway Jump Shot,3PT Field Goal,Above the Break 3,Left Side Center(LC),24+ ft.,26,-117,239,1,1,20181226,LAC,SAC,|101150|1626149|1627820|201976|203118,1,REG,2019,1627812,PG,Point of Attack,-0.78
101150,Lou Williams,21800511570,Shot Chart Detail,21800511,570,1610612746,LA Clippers,4,7,52,Missed Shot,Pullup Jump shot,2PT Field Goal,Mid-Range,Left Side Center(LC),16-24 ft.,21,-125,179,1,0,20181226,LAC,SAC,|101150|1626149|1627820|201976|203118,0,REG,2019,1628385|1627812,,,
1627742,Brandon Ingram,21800541102,Shot Chart Detail,21800541,102,1610612747,Los Angeles Lakers,1,3,54,Missed Shot,Driving Layup Shot,2PT Field Goal,Restricted Area,Center(C),Less Than 8 ft.,1,11,-2,1,0,20181230,LAL,SAC,|1627742|1628398|1628404|203484|2199,0,REG,2019,201585|1627812,,,
2199,Tyson Chandler,21800541127,Shot Chart Detail,21800541,127,1610612747,Los Angeles Lakers,1,2,30,Made Shot,Alley Oop Dunk Shot,,Restricted Area,Center(C),Less Than 8 ft.,0,-6,-1,1,1,20181230,LAL,SAC,|1627742|1628404|202362|203484|2199,1,REG,2019,1627812,PG,Point of Attack,-0.78
203484,Kentavious Caldwell-Pope,21800541150,Shot Chart Detail,21800541,150,1610612747,Los Angeles Lakers,1,0,26,Missed Shot,Jump Shot,,Left Corner 3,Left Side(L),24+ ft.,22,-226,37,1,0,20181230,LAL,SAC,|1627742|1628404|202362|203484|2199,0,REG,2019,1627812,PG,Point of Attack,-0.78
203484,Kentavious Caldwell-Pope,21800541412,Shot Chart Detail,21800541,412,1610612747,Los Angeles Lakers,3,5,20,Made Shot,Cutting Layup Shot,,Restricted Area,Center(C),Less Than 8 ft.,1,10,6,1,1,20181230,LAL,SAC,|1627742|1628398|1628404|1629004|203484,1,REG,2019,1627812,PG,Point of Attack,-0.78
203081,Damian Lillard,21800552145,Shot Chart Detail,21800552,145,1610612757,Portland Trail Blazers,1,1,48,Missed Shot,Floating Jump shot,,In The Paint (Non-RA),Center(C),8-16 ft.,11,-55,105,1,0,20190101,SAC,POR,|202323|203081|203086|203090|203552,0,REG,2019,201585|1627812,,,
203552,Seth Curry,21800552201,Shot Chart Detail,21800552,201,1610612757,Portland Trail Blazers,2,9,12,Missed Shot,Jump Shot,,Above the Break 3,Right Side Center(RC),24+ ft.,25,174,193,1,0,20190101,SAC,POR,|1628380|202323|203086|203552|203917,0,REG,2019,1627812,PG,Point of Attack,-0.78
203081,Damian Lillard,21800552555,Shot Chart Detail,21800552,555,1610612757,Portland Trail Blazers,4,8,26,Made Shot,Fadeaway Jump Shot,,Mid-Range,Right Side(R),8-16 ft.,12,129,6,1,1,20190101,SAC,POR,|202329|203081|203468|203552|203994,1,REG,2019,1627812,PG,Point of Attack,-0.78
203081,Damian Lillard,21800552562,Shot Chart Detail,21800552,562,1610612757,Portland Trail Blazers,4,7,10,Missed Shot,Jump Shot,,Above the Break 3,Left Side Center(LC),24+ ft.,25,-175,184,1,0,20190101,SAC,POR,|202329|203081|203468|203552|203994,0,REG,2019,1627812,PG,Point of Attack,-0.78
203914,Gary Harris,21800564173,Shot Chart Detail,21800564,173,1610612743,Denver Nuggets,2,11,30,Missed Shot,Jump Shot,,Above the Break 3,Left Side Center(LC),24+ ft.,25,-152,204,1,0,20190103,SAC,DEN,|1626168|1627736|1628420|200794|203914,0,REG,2019,1627812|1628382,,,
203486,Mason Plumlee,21800564272,Shot Chart Detail,21800564,272,1610612743,Denver Nuggets,2,4,20,Made Shot,Tip Dunk Shot,,Restricted Area,Center(C),Less Than 8 ft.,0,0,-6,1,1,20190103,SAC,DEN,|1627736|1627750|1628470|203486|203999,0,REG,2019,1627812|1628382,,,
203999,Nikola Jokic,21800564274,Shot Chart Detail,21800564,274,1610612743,Denver Nuggets,2,3,50,Made Shot,Jump Shot,,Above the Break 3,Center(C),24+ ft.,25,5,259,1,1,20190103,SAC,DEN,|1627736|1627750|1628470|203486|203999,1,REG,2019,201585|1627812,,,
1627750,Jamal Murray,21800564451,Shot Chart Detail,21800564,451,1610612743,Denver Nuggets,3,2,27,Missed Shot,Driving Layup Shot,2PT Field Goal,In The Paint (Non-RA),Center(C),Less Than 8 ft.,4,33,25,1,0,20190103,SAC,DEN,|1627750|1628470|200794|203914|203999,0,REG,2019,1627812,PG,Point of Attack,-0.78
1627750,Jamal Murray,21800564453,Shot Chart Detail,21800564,453,1610612743,Denver Nuggets,3,2,23,Made Shot,Tip Layup Shot,2PT Field Goal,Restricted Area,Center(C),Less Than 8 ft.,0,0,-6,1,1,20190103,SAC,DEN,|1627750|1628470|200794|203914|203999,0,REG,2019,1627812,PG,Point of Attack,-0.78
1628420,Monte Morris,21800564466,Shot Chart Detail,21800564,466,1610612743,Denver Nuggets,3,2,5,Missed Shot,Pullup Jump shot,2PT Field Goal,Mid-Range,Center(C),8-16 ft.,15,-29,153,1,0,20190103,SAC,DEN,|1628420|1628470|200794|203486|203914,0,REG,2019,1627812,PG,Point of Attack,-0.78
1628420,Monte Morris,21800564468,Shot Chart Detail,21800564,468,1610612743,Denver Nuggets,3,1,59,Missed Shot,Jump Shot,3PT Field Goal,Above the Break 3,Left Side Center(LC),24+ ft.,25,-122,225,1,0,20190103,SAC,DEN,|1628420|1628470|200794|203486|203914,0,REG,2019,1627812,PG,Point of Attack,-0.78
1628420,Monte Morris,21800564476,Shot Chart Detail,21800564,476,1610612743,Denver Nuggets,3,1,13,Made Shot,Jump Shot,3PT Field Goal,Above the Break 3,Right Side Center(RC),24+ ft.,25,133,218,1,1,20190103,SAC,DEN,|1628420|1628470|200794|203486|203914,1,REG,2019,1627812,PG,Point of Attack,-0.78
1628420,Monte Morris,21800564490,Shot Chart Detail,21800564,490,1610612743,Denver Nuggets,3,0,30,Missed Shot,Jump Shot,,Above the Break 3,Left Side Center(LC),24+ ft.,24,-92,227,1,0,20190103,SAC,DEN,|1627736|1628420|200794|203486|203914,0,REG,2019,202357|1627812,,,
202691,Klay Thompson,2180058374,Shot Chart Detail,21800583,74,1610612744,Golden State Warriors,1,5,5,Made Shot,Running Layup Shot,,Restricted Area,Center(C),Less Than 8 ft.,1,16,7,1,1,20190105,SAC,GSW,|1626172|201142|201939|202691|203110,1,REG,2019,1627741|1627812,,,
201939,Stephen Curry,2180058387,Shot Chart Detail,21800583,87,1610612744,Golden State Warriors,1,4,33,Made Shot,Jump Shot,,Above the Break 3,Right Side Center(RC),24+ ft.,25,188,169,1,1,20190105,SAC,GSW,|1628395|201142|201939|202691|2738,1,REG,2019,1627812,PG,Point of Attack,-0.78
203110,Draymond Green,21800583184,Shot Chart Detail,21800583,184,1610612744,Golden State Warriors,2,9,53,Made Shot,Running Layup Shot,,Restricted Area,Center(C),Less Than 8 ft.,0,6,4,1,1,20190105,SAC,GSW,|201939|201973|203110|2733|2738,1,REG,2019,1627812,PG,Point of Attack,-0.78
201939,Stephen Curry,21800583193,Shot Chart Detail,21800583,193,1610612744,Golden State Warriors,2,9,19,Missed Shot,Jump Shot,3PT Field Goal,Above the Break 3,Left Side Center(LC),24+ ft.,24,-228,89,1,0,20190105,SAC,GSW,|201939|201973|203110|2733|2738,0,REG,2019,1627812,PG,Point of Attack,-0.78
201939,Stephen Curry,21800583235,Shot Chart Detail,21800583,235,1610612744,Golden State Warriors,2,6,39,Made Shot,Jump Shot,,Above the Break 3,Left Side Center(LC),24+ ft.,25,-161,202,1,1,20190105,SAC,GSW,|1626172|1628035|201142|201939|202691,1,REG,2019,1627812,PG,Point of Attack,-0.78
202691,Klay Thompson,21800583240,Shot Chart Detail,21800583,240,1610612744,Golden State Warriors,2,6,11,Made Shot,Jump Shot,,Above the Break 3,Right Side Center(RC),24+ ft.,25,127,222,1,1,20190105,SAC,GSW,|1626172|1628035|201142|201939|202691,1,REG,2019,1627812,PG,Point of Attack,-0.78
201939,Stephen Curry,21800583485,Shot Chart Detail,21800583,485,1610612744,Golden State Warriors,4,11,48,Made Shot,Pullup Jump shot,3PT Field Goal,Above the Break 3,Center(C),24+ ft.,24,30,243,1,1,20190105,SAC,GSW,|201939|201973|202691|203110|2738,0,REG,2019,1627812,PG,Point of Attack,-0.78
201939,Stephen Curry,21800583489,Shot Chart Detail,21800583,489,1610612744,Golden State Warriors,4,11,18,Missed Shot,Pullup Jump shot,3PT Field Goal,Above the Break 3,Right Side Center(RC),24+ ft.,25,87,241,1,0,20190105,SAC,GSW,|201939|201973|202691|203110|2738,0,REG,2019,1628385|1627812,,,
202691,Klay Thompson,21800583500,Shot Chart Detail,21800583,500,1610612744,Golden State Warriors,4,10,20,Missed Shot,Reverse Layup Shot,,Restricted Area,Center(C),Less Than 8 ft.,1,-13,8,1,0,20190105,SAC,GSW,|201939|201973|202691|203110|2738,0,REG,2019,203992|1627812,,,
202691,Klay Thompson,21800583504,Shot Chart Detail,21800583,504,1610612744,Golden State Warriors,4,10,15,Missed Shot,Putback Layup Shot,,Restricted Area,Center(C),Less Than 8 ft.,0,-5,6,1,0,20190105,SAC,GSW,|201939|201973|202691|203110|2738,0,REG,2019,203992|1627812,,,
201939,Stephen Curry,21800583510,Shot Chart Detail,21800583,510,1610612744,Golden State Warriors,4,9,50,Missed Shot,Jump Shot,3PT Field Goal,Right Corner 3,Right Side(R),24+ ft.,23,234,43,1,0,20190105,SAC,GSW,|201939|201973|202691|203110|2738,0,REG,2019,1627812,PG,Point of Attack,-0.78
1628411,Wes Iwundu,21800598156,Shot Chart Detail,21800598,156,1610612753,Orlando Magic,1,0,50,Missed Shot,Jump Shot,2PT Field Goal,Mid-Range,Left Side(L),16-24 ft.,16,-160,10,1,0,20190107,SAC,ORL,|1628411|1628964|203082|203613|203932,0,REG,2019,1627812,PG,Point of Attack,-0.78
1628964,Mo Bamba,21800598195,Shot Chart Detail,21800598,195,1610612753,Orlando Magic,2,9,23,Missed Shot,Jump Shot,3PT Field Goal,Above the Break 3,Center(C),24+ ft.,25,10,257,1,0,20190107,SAC,ORL,|1628964|203082|203095|203613|203932,0,REG,2019,1627812,PG,Point of Attack,-0.78
203613,Jonathon Simmons,21800598241,Shot Chart Detail,21800598,241,1610612753,Orlando Magic,2,5,21,Missed Shot,Jump Shot,,Above the Break 3,Left Side Center(LC),24+ ft.,25,-123,218,1,0,20190107,SAC,ORL,|1628411|202696|203082|203613|203932,0,REG,2019,1628385|1627812,,,
1628515,Isaiah Briscoe,21800598466,Shot Chart Detail,21800598,466,1610612753,Orlando Magic,3,1,23,Missed Shot,Jump Shot,,Above the Break 3,Left Side Center(LC),24+ ft.,24,-222,113,1,0,20190107,SAC,ORL,|1628411|1628515|1628964|203082|203932,0,REG,2019,1628963|1627812,,,
1628515,Isaiah Briscoe,21800598480,Shot Chart Detail,21800598,480,1610612753,Orlando Magic,3,0,21,Missed Shot,Jump Shot,,Mid-Range,Right Side Center(RC),16-24 ft.,20,101,180,1,0,20190107,SAC,ORL,|1628411|1628515|1628964|203082|203932,0,REG,2019,1627812,PG,Point of Attack,-0.78
1628515,Isaiah Briscoe,21800598566,Shot Chart Detail,21800598,566,1610612753,Orlando Magic,4,6,6,Missed Shot,Jump Shot,,Above the Break 3,Left Side Center(LC),24+ ft.,24,-216,117,1,0,20190107,SAC,ORL,|1626185|1628411|1628515|203082|203920,0,REG,2019,1627812,PG,Point of Attack,-0.78
1626170,Jerian Grant,21800598604,Shot Chart Detail,21800598,604,1610612753,Orlando Magic,4,3,9,Missed Shot,Jump Shot,3PT Field Goal,Above the Break 3,Left Side Center(LC),24+ ft.,24,-152,198,1,0,20190107,SAC,ORL,|1626170|1626185|1628411|1628515|203920,0,REG,2019,1627812,PG,Point of Attack,-0.78
1628515,Isaiah Briscoe,21800598628,Shot Chart Detail,21800598,628,1610612753,Orlando Magic,4,0,46,Missed Shot,Pullup Jump shot,,In The Paint (Non-RA),Right Side(R),8-16 ft.,8,45,72,1,0,20190107,SAC,ORL,|1626170|1626185|1628411|1628515|203920,0,REG,2019,1627812,PG,Point of Attack,-0.78
1628367,Josh Jackson,21800604161,Shot Chart Detail,21800604,161,1610612756,Phoenix Suns,1,0,3,Missed Shot,Running Pull-Up Jump Shot,,Above the Break 3,Center(C),24+ ft.,25,5,258,1,0,20190108,PHX,SAC,|1626158|1626162|1628367|1629001|203112,0,REG,2019,203992|1627812,,,
2037,Jamal Crawford,21800604174,Shot Chart Detail,21800604,174,1610612756,Phoenix Suns,2,11,17,Missed Shot,Pullup Jump shot,,Mid-Range,Center(C),16-24 ft.,16,18,167,1,0,20190108,PHX,SAC,|1626158|1626162|203112|203584|2037,0,REG,2019,1627812,PG,Point of Attack,-0.78
1626162,Kelly Oubre Jr.,21800604182,Shot Chart Detail,21800604,182,1610612756,Phoenix Suns,2,10,30,Made Shot,Jump Shot,,Above the Break 3,Center(C),24+ ft.,26,8,262,1,1,20190108,PHX,SAC,|1626158|1626162|203112|203584|2037,1,REG,2019,203992|1627812,,,
1626162,Kelly Oubre Jr.,21800604207,Shot Chart Detail,21800604,207,1610612756,Phoenix Suns,2,8,25,Made Shot,Pullup Jump shot,,Above the Break 3,Center(C),24+ ft.,25,-14,252,1,1,20190108,PHX,SAC,|1626158|1626162|203584|2037|203933,0,REG,2019,1627812,PG,Point of Attack,-0.78
2037,Jamal Crawford,21800604210,Shot Chart Detail,21800604,210,1610612756,Phoenix Suns,2,7,52,Missed Shot,Pullup Jump shot,,Mid-Range,Center(C),8-16 ft.,13,-5,139,1,0,20190108,PHX,SAC,|1626158|1626162|203584|2037|203933,0,REG,2019,1627812,PG,Point of Attack,-0.78
2037,Jamal Crawford,21800604226,Shot Chart Detail,21800604,226,1610612756,Phoenix Suns,2,6,24,Missed Shot,Pullup Jump shot,,Mid-Range,Left Side(L),8-16 ft.,15,-105,110,1,0,20190108,PHX,SAC,|1626162|1629028|203584|2037|203933,0,REG,2019,1627812,PG,Point of Attack,-0.78
2037,Jamal Crawford,21800604534,Shot Chart Detail,21800604,534,1610612756,Phoenix Suns,4,10,34,Missed Shot,Pullup Jump shot,,Above the Break 3,Right Side Center(RC),24+ ft.,24,136,208,1,0,20190108,PHX,SAC,|1626158|1626162|1628969|203112|2037,0,REG,2019,1627812,PG,Point of Attack,-0.78
1626162,Kelly Oubre Jr.,21800604602,Shot Chart Detail,21800604,602,1610612756,Phoenix Suns,4,5,57,Made Shot,Running Layup Shot,2PT Field Goal,Restricted Area,Center(C),Less Than 8 ft.,0,5,-1,1,1,20190108,PHX,SAC,|1626162|1628969|1629001|1629028|203584,0,REG,2019,1628368|1627812,,,
101181,Jose Calderon,21800620136,Shot Chart Detail,21800620,136,1610612765,Detroit Pistons,1,0,43,Missed Shot,Driving Layup Shot,2PT Field Goal,Restricted Area,Center(C),Less Than 8 ft.,3,36,17,1,0,20190110,SAC,DET,|101181|1626169|203083|203922|204038,0,REG,2019,1627812,PG,Point of Attack,-0.78
204038,Langston Galloway,21800620253,Shot Chart Detail,21800620,253,1610612765,Detroit Pistons,2,5,31,Missed Shot,Jump Shot,,Left Corner 3,Left Side(L),24+ ft.,23,-232,34,1,0,20190110,SAC,DET,|1626169|202704|203083|203493|204038,0,REG,2019,1627812,PG,Point of Attack,-0.78
204038,Langston Galloway,21800620507,Shot Chart Detail,21800620,507,1610612765,Detroit Pistons,4,10,5,Missed Shot,Jump Shot,,Above the Break 3,Right Side Center(RC),24+ ft.,27,186,200,1,0,20190110,SAC,DET,|101181|1626169|1629017|203083|204038,0,REG,2019,1627812,PG,Point of Attack,-0.78
1629017,Khyri Thomas,21800620510,Shot Chart Detail,21800620,510,1610612765,Detroit Pistons,4,9,37,Missed Shot,Layup Shot,,Restricted Area,Center(C),Less Than 8 ft.,2,-21,8,1,0,20190110,SAC,DET,|101181|1626169|1629017|203083|204038,0,REG,2019,1627812,PG,Point of Attack,-0.78
1628984,Devonte' Graham,21800636204,Shot Chart Detail,21800636,204,1610612766,Charlotte Hornets,2,10,40,Made Shot,Driving Layup Shot,,Restricted Area,Center(C),Less Than 8 ft.,1,8,16,1,1,20190112,SAC,CHA,|101107|1628370|1628984|203077|203087,0,REG,2019,1627812,PG,Point of Attack,-0.78
202689,Kemba Walker,21800636241,Shot Chart Detail,21800636,241,1610612766,Charlotte Hornets,2,7,6,Missed Shot,Step Back Jump shot,,Above the Break 3,Left Side Center(LC),24+ ft.,25,-159,196,1,0,20190112,SAC,CHA,|101107|1628370|202687|202689|203087,0,REG,2019,1627812,PG,Point of Attack,-0.78
202689,Kemba Walker,21800636257,Shot Chart Detail,21800636,257,1610612766,Charlotte Hornets,2,6,20,Missed Shot,Step Back Jump shot,,Mid-Range,Right Side Center(RC),16-24 ft.,17,127,118,1,0,20190112,SAC,CHA,|101107|1628970|201587|202687|202689,0,REG,2019,1627812,PG,Point of Attack,-0.78
202689,Kemba Walker,21800636570,Shot Chart Detail,21800636,570,1610612766,Charlotte Hornets,4,7,28,Missed Shot,Jump Shot,,Above the Break 3,Center(C),24+ ft.,25,65,242,1,0,20190112,SAC,CHA,|101107|1628370|1628984|202687|202689,0,REG,2019,1627812,PG,Point of Attack,-0.78
202689,Kemba Walker,21800636581,Shot Chart Detail,21800636,581,1610612766,Charlotte Hornets,4,6,27,Made Shot,Driving Layup Shot,,Restricted Area,Center(C),Less Than 8 ft.,2,28,9,1,1,20190112,SAC,CHA,|101107|1628984|201587|202687|202689,0,REG,2019,1626161|1627812,,,
203081,Damian Lillard,21800649146,Shot Chart Detail,21800649,146,1610612757,Portland Trail Blazers,1,0,25,Missed Shot,Driving Layup Shot,,Restricted Area,Center(C),Less Than 8 ft.,2,0,20,1,0,20190114,SAC,POR,|1628380|202323|203081|203086|203552,0,REG,2019,1627812,PG,Point of Attack,-0.78
203917,Nik Stauskas,21800649169,Shot Chart Detail,21800649,169,1610612757,Portland Trail Blazers,2,10,55,Made Shot,Cutting Layup Shot,,Restricted Area,Center(C),Less Than 8 ft.,1,13,5,1,1,20190114,SAC,POR,|1628380|202323|203086|203552|203917,1,REG,2019,1627812,PG,Point of Attack,-0.78
202323,Evan Turner,21800649175,Shot Chart Detail,21800649,175,1610612757,Portland Trail Blazers,2,10,6,Missed Shot,Turnaround Jump Shot,,Mid-Range,Right Side(R),8-16 ft.,11,115,-6,1,0,20190114,SAC,POR,|1628380|202323|203086|203552|203917,0,REG,2019,1627812,PG,Point of Attack,-0.78
202323,Evan Turner,21800649191,Shot Chart Detail,21800649,191,1610612757,Portland Trail Blazers,2,9,31,Missed Shot,Jump Shot,,Above the Break 3,Right Side Center(RC),24+ ft.,24,94,231,1,0,20190114,SAC,POR,|1628380|202323|203086|203552|203917,0,REG,2019,1627812,PG,Point of Attack,-0.78
203081,Damian Lillard,21800649445,Shot Chart Detail,21800649,445,1610612757,Portland Trail Blazers,3,2,25,Missed Shot,Jump Shot,,Above the Break 3,Right Side Center(RC),24+ ft.,25,170,188,1,0,20190114,SAC,POR,|1628380|202323|203081|203086|203552,0,REG,2019,1627812,PG,Point of Attack,-0.78
203552,Seth Curry,21800649481,Shot Chart Detail,21800649,481,1610612757,Portland Trail Blazers,4,11,49,Missed Shot,Jump Shot,,Above the Break 3,Right Side Center(RC),24+ ft.,25,192,175,1,0,20190114,SAC,POR,|1627774|1628380|202323|203086|203552,0,REG,2019,1628385|1627812,,,
1627774,Jake Layman,21800649495,Shot Chart Detail,21800649,495,1610612757,Portland Trail Blazers,4,10,45,Made Shot,Layup Shot,2PT Field Goal,Restricted Area,Center(C),Less Than 8 ft.,2,-19,20,1,1,20190114,SAC,POR,|1627774|1628380|202323|203086|203552,0,REG,2019,1627812,PG,Point of Attack,-0.78
203081,Damian Lillard,21800649524,Shot Chart Detail,21800649,524,1610612757,Portland Trail Blazers,4,7,57,Made Shot,Jump Shot,,Above the Break 3,Left Side Center(LC),24+ ft.,26,-193,178,1,1,20190114,SAC,POR,|1627774|1628380|202323|203081|203086,1,REG,2019,1627812,PG,Point of Attack,-0.78
203077,Michael Kidd-Gilchrist,2180066698,Shot Chart Detail,21800666,98,1610612766,Charlotte Hornets,1,4,29,Made Shot,Layup Shot,,Restricted Area,Center(C),Less Than 8 ft.,1,-6,15,1,1,20190117,CHA,SAC,|1626195|1628970|1628984|202689|203077,0,REG,2019,1627812,PG,Point of Attack,-0.78
2225,Tony Parker,21800666137,Shot Chart Detail,21800666,137,1610612766,Charlotte Hornets,1,0,32,Missed Shot,Driving Layup Shot,,Restricted Area,Center(C),Less Than 8 ft.,2,-20,17,1,0,20190117,CHA,SAC,|1626195|1628970|1628984|203077|2225,0,REG,2019,1627812|1628385,,,
2225,Tony Parker,21800666161,Shot Chart Detail,21800666,161,1610612766,Charlotte Hornets,2,10,20,Made Shot,Driving Layup Shot,,Restricted Area,Center(C),Less Than 8 ft.,1,-5,15,1,1,20190117,CHA,SAC,|101107|1628370|1628984|203077|2225,0,REG,2019,1627812|1628963,,,
2225,Tony Parker,21800666181,Shot Chart Detail,21800666,181,1610612766,Charlotte Hornets,2,9,7,Made Shot,Running Layup Shot,,Restricted Area,Center(C),Less Than 8 ft.,1,11,10,1,1,20190117,CHA,SAC,|101107|1626195|1628370|203087|2225,0,REG,2019,1627812,PG,Point of Attack,-0.78
1628970,Miles Bridges,21800666460,Shot Chart Detail,21800666,460,1610612766,Charlotte Hornets,3,1,5,Missed Shot,Dunk Shot,,Restricted Area,Center(C),Less Than 8 ft.,2,-19,11,1,0,20190117,CHA,SAC,|101107|1628970|201587|203077|2225,0,REG,2019,1627812|203992,,,
2225,Tony Parker,21800666480,Shot Chart Detail,21800666,480,1610612766,Charlotte Hornets,3,0,0,Missed Shot,Jump Shot,,Backcourt,Back Court(BC),Back Court Shot,50,-176,473,1,0,20190117,CHA,SAC,|101107|1628970|201587|203077|2225,0,REG,2019,1627812,PG,Point of Attack,-0.78
2225,Tony Parker,21800666514,Shot Chart Detail,21800666,514,1610612766,Charlotte Hornets,4,9,32,Made Shot,Floating Jump shot,,In The Paint (Non-RA),Center(C),Less Than 8 ft.,5,5,59,1,1,20190117,CHA,SAC,|1626195|1628370|1628970|203077|2225,0,REG,2019,1627812,PG,Point of Attack,-0.78
2585,Zaza Pachulia,21800680161,Shot Chart Detail,21800680,161,1610612765,Detroit Pistons,1,0,35,Missed Shot,Floating Jump shot,,Mid-Range,Center(C),8-16 ft.,15,9,151,1,0,20190119,DET,SAC,|1626169|1628379|1629017|201933|2585,0,REG,2019,1627812,PG,Point of Attack,-0.78
2585,Zaza Pachulia,21800680178,Shot Chart Detail,21800680,178,1610612765,Detroit Pistons,2,11,21,Made Shot,Layup Shot,,Restricted Area,Center(C),Less Than 8 ft.,1,-11,5,1,1,20190119,DET,SAC,|101181|1626169|1628379|1629017|2585,1,REG,2019,1627812,PG,Point of Attack,-0.78
1626156,D'Angelo Russell,21800696153,Shot Chart Detail,21800696,153,1610612751,Brooklyn Nets,1,1,26,Missed Shot,Driving Floating Bank Jump Shot,2PT Field Goal,In The Paint (Non-RA),Center(C),Less Than 8 ft.,4,20,41,1,0,20190121,BKN,SAC,|1626156|1626178|201960|202334|203915,0,REG,2019,1627812,PG,Point of Attack,-0.78
1626156,D'Angelo Russell,21800696157,Shot Chart Detail,21800696,157,1610612751,Brooklyn Nets,1,0,55,Made Shot,Jump Shot,3PT Field Goal,Above the Break 3,Right Side Center(RC),24+ ft.,24,156,194,1,1,20190121,BKN,SAC,|1626156|1626178|201960|202334|203915,1,REG,2019,1627812,PG,Point of Attack,-0.78
1626178,Rondae Hollis-Jefferson,21800696165,Shot Chart Detail,21800696,165,1610612751,Brooklyn Nets,1,0,32,Missed Shot,Turnaround Fadeaway shot,,In The Paint (Non-RA),Center(C),8-16 ft.,8,18,83,1,0,20190121,BKN,SAC,|1626156|1626178|201960|202334|203915,0,REG,2019,1627812,PG,Point of Attack,-0.78
1626156,D'Angelo Russell,21800696168,Shot Chart Detail,21800696,168,1610612751,Brooklyn Nets,1,0,2,Made Shot,Pullup Jump shot,3PT Field Goal,Above the Break 3,Center(C),24+ ft.,26,-13,262,1,1,20190121,BKN,SAC,|1626156|1626178|201960|202334|203915,0,REG,2019,1628385|1627812,,,
1626178,Rondae Hollis-Jefferson,21800696179,Shot Chart Detail,21800696,179,1610612751,Brooklyn Nets,2,10,49,Missed Shot,Cutting Layup Shot,,Restricted Area,Center(C),Less Than 8 ft.,0,-3,4,1,0,20190121,BKN,SAC,|1626156|1626178|201960|202334|203894,0,REG,2019,1627812,PG,Point of Attack,-0.78
203894,Shabazz Napier,21800696225,Shot Chart Detail,21800696,225,1610612751,Brooklyn Nets,2,7,38,Made Shot,Driving Reverse Layup Shot,,Restricted Area,Center(C),Less Than 8 ft.,2,-23,6,1,1,20190121,BKN,SAC,|1626156|1629066|202334|203894|203915,0,REG,2019,1628963|1627812,,,
1626156,D'Angelo Russell,21800696521,Shot Chart Detail,21800696,521,1610612751,Brooklyn Nets,4,9,40,Missed Shot,Jump Shot,3PT Field Goal,Above the Break 3,Right Side Center(RC),24+ ft.,27,160,218,1,0,20190121,BKN,SAC,|1626156|1626203|201960|202334|203915,0,REG,2019,1627812,PG,Point of Attack,-0.78
1627832,Fred VanVleet,2180070276,Shot Chart Detail,21800702,76,1610612761,Toronto Raptors,1,6,9,Missed Shot,Jump Shot,,Above the Break 3,Right Side Center(RC),24+ ft.,25,200,164,1,0,20190122,TOR,SAC,|1627783|1627832|200768|201586|201980,0,REG,2019,1627812,PG,Point of Attack,-0.78
200768,Kyle Lowry,2180070280,Shot Chart Detail,21800702,80,1610612761,Toronto Raptors,1,5,53,Made Shot,Turnaround Fadeaway shot,,Mid-Range,Center(C),16-24 ft.,17,38,168,1,1,20190122,TOR,SAC,|1627783|1627832|200768|201586|201980,0,REG,2019,1627812,PG,Point of Attack,-0.78
200768,Kyle Lowry,21800702236,Shot Chart Detail,21800702,236,1610612761,Toronto Raptors,2,6,58,Missed Shot,Fadeaway Jump Shot,,In The Paint (Non-RA),Center(C),Less Than 8 ft.,6,-63,27,1,0,20190122,TOR,SAC,|101139|1626153|1626181|1628449|200768,0,REG,2019,201585|1627812,,,
200768,Kyle Lowry,21800702411,Shot Chart Detail,21800702,411,1610612761,Toronto Raptors,3,5,43,Missed Shot,Pullup Jump shot,,Above the Break 3,Left Side Center(LC),24+ ft.,24,-86,234,1,0,20190122,TOR,SAC,|1627783|1627832|200768|201586|201980,0,REG,2019,1628385|1627812,,,
200768,Kyle Lowry,21800702422,Shot Chart Detail,21800702,422,1610612761,Toronto Raptors,3,4,40,Missed Shot,Driving Layup Shot,,Restricted Area,Center(C),Less Than 8 ft.,2,-20,13,1,0,20190122,TOR,SAC,|1627783|1627832|200768|201586|201980,0,REG,2019,1627812,PG,Point of Attack,-0.78
1627783,Pascal Siakam,21800702433,Shot Chart Detail,21800702,433,1610612761,Toronto Raptors,3,3,58,Made Shot,Tip Layup Shot,2PT Field Goal,Restricted Area,Center(C),Less Than 8 ft.,0,0,-6,1,1,20190122,TOR,SAC,|1627783|1627832|200768|201586|201980,0,REG,2019,1627812,PG,Point of Attack,-0.78
1626153,Delon Wright,21800702602,Shot Chart Detail,21800702,602,1610612761,Toronto Raptors,4,7,29,Made Shot,Putback Layup Shot,,Restricted Area,Center(C),Less Than 8 ft.,2,-16,13,1,1,20190122,TOR,SAC,|101139|1626153|1626181|1628449|200768,0,REG,2019,1627812,PG,Point of Attack,-0.78
200768,Kyle Lowry,21800702653,Shot Chart Detail,21800702,653,1610612761,Toronto Raptors,4,4,6,Missed Shot,Pullup Jump shot,,Mid-Range,Left Side Center(LC),16-24 ft.,21,-86,193,1,0,20190122,TOR,SAC,|1626153|1627783|1627832|200768|201586,0,REG,2019,1627812,PG,Point of Attack,-0.78
1628070,Jordan Loyd,21800702711,Shot Chart Detail,21800702,711,1610612761,Toronto Raptors,4,0,41,Missed Shot,Driving Finger Roll Layup Shot,,Restricted Area,Center(C),Less Than 8 ft.,0,5,6,1,0,20190122,TOR,SAC,|1626181|1627775|1627781|1628070|1628449,0,REG,2019,1627812,PG,Point of Attack,-0.78
202714,Shelvin Mack,21800725171,Shot Chart Detail,21800725,171,1610612763,Memphis Grizzlies,2,11,45,Missed Shot,Jump Shot,,Left Corner 3,Left Side(L),24+ ft.,23,-232,-6,1,0,20190125,MEM,SAC,|201149|201956|202714|203200|203210,0,REG,2019,1627812,PG,Point of Attack,-0.78
202714,Shelvin Mack,21800725187,Shot Chart Detail,21800725,187,1610612763,Memphis Grizzlies,2,10,3,Missed Shot,Floating Jump shot,,Mid-Range,Right Side(R),8-16 ft.,12,92,78,1,0,20190125,MEM,SAC,|201149|201956|202714|203200|203210,0,REG,2019,1627812,PG,Point of Attack,-0.78
203200,Justin Holiday,21800725209,Shot Chart Detail,21800725,209,1610612763,Memphis Grizzlies,2,8,21,Made Shot,Jump Shot,,Right Corner 3,Right Side(R),24+ ft.,23,231,9,1,1,20190125,MEM,SAC,|1628991|201144|201149|201956|203200,1,REG,2019,1627812,PG,Point of Attack,-0.78
202714,Shelvin Mack,21800725499,Shot Chart Detail,21800725,499,1610612763,Memphis Grizzlies,3,0,1,Missed Shot,Driving Floating Jump Shot,,In The Paint (Non-RA),Left Side(L),8-16 ft.,9,-60,76,1,0,20190125,MEM,SAC,|1628975|201149|202714|203210|203998,0,REG,2019,1627812,PG,Point of Attack,-0.78
101150,Lou Williams,21800736216,Shot Chart Detail,21800736,216,1610612746,LA Clippers,2,7,51,Missed Shot,Running Finger Roll Layup Shot,2PT Field Goal,Restricted Area,Center(C),Less Than 8 ft.,3,-10,29,1,0,20190127,LAC,SAC,|101150|1626149|1628983|1629010|203118,0,REG,2019,203992|1627812,,,
1628983,Shai Gilgeous-Alexander,21800736228,Shot Chart Detail,21800736,228,1610612746,LA Clippers,2,7,16,Made Shot,Cutting Dunk Shot,,Restricted Area,Center(C),Less Than 8 ft.,2,12,24,1,1,20190127,LAC,SAC,|101150|1626149|1628983|1629010|202699,1,REG,2019,1627812,PG,Point of Attack,-0.78
1628983,Shai Gilgeous-Alexander,21800736684,Shot Chart Detail,21800736,684,1610612746,LA Clippers,4,1,16,Made Shot,Cutting Layup Shot,,Restricted Area,Center(C),Less Than 8 ft.,2,-9,21,1,1,20190127,LAC,SAC,|1626149|1628983|201976|202340|202699,1,REG,2019,1627812,PG,Point of Attack,-0.78
1628989,Kevin Huerter,21800762171,Shot Chart Detail,21800762,171,1610612737,Atlanta Hawks,2,10,46,Missed Shot,Jump Shot,,Above the Break 3,Left Side Center(LC),24+ ft.,27,-202,184,1,0,20190130,SAC,ATL,|1627761|1628381|1628989|1629027|1713,0,REG,2019,1627812,PG,Point of Attack,-0.78
1627761,DeAndre' Bembry,21800762181,Shot Chart Detail,21800762,181,1610612737,Atlanta Hawks,2,9,52,Made Shot,Cutting Dunk Shot,2PT Field Goal,Restricted Area,Center(C),Less Than 8 ft.,1,-3,10,1,1,20190130,SAC,ATL,|1627761|1628381|1628989|1629027|1713,1,REG,2019,1628963|1627812,,,
1629027,Trae Young,21800762200,Shot Chart Detail,21800762,200,1610612737,Atlanta Hawks,2,8,40,Made Shot,Pullup Jump shot,,Above the Break 3,Center(C),24+ ft.,25,18,257,1,1,20190130,SAC,ATL,|1627752|1628381|1628989|1629027|1713,0,REG,2019,1627812,PG,Point of Attack,-0.78
1629027,Trae Young,21800762213,Shot Chart Detail,21800762,213,1610612737,Atlanta Hawks,2,7,8,Missed Shot,Jump Shot,,Above the Break 3,Left Side Center(LC),24+ ft.,28,-114,256,1,0,20190130,SAC,ATL,|1627752|1628381|1628989|1629027|203473,0,REG,2019,1628963|1627812,,,
1629027,Trae Young,21800762219,Shot Chart Detail,21800762,219,1610612737,Atlanta Hawks,2,6,29,Made Shot,Driving Layup Shot,,Restricted Area,Center(C),Less Than 8 ft.,3,29,8,1,1,20190130,SAC,ATL,|1627752|1628381|1628989|1629027|203473,0,REG,2019,1627812,PG,Point of Attack,-0.78
1628989,Kevin Huerter,21800762228,Shot Chart Detail,21800762,228,1610612737,Atlanta Hawks,2,5,49,Missed Shot,Jump Shot,,Right Corner 3,Right Side(R),24+ ft.,24,241,31,1,0,20190130,SAC,ATL,|1627752|1628381|1628989|1629027|203473,0,REG,2019,1627812,PG,Point of Attack,-0.78
203145,Kent Bazemore,21800762497,Shot Chart Detail,21800762,497,1610612737,Atlanta Hawks,3,2,3,Made Shot,Jump Shot,,Above the Break 3,Left Side Center(LC),24+ ft.,25,-188,167,1,1,20190130,SAC,ATL,|1627752|1629016|1629027|203145|203458,1,REG,2019,1627812,PG,Point of Attack,-0.78
203458,Alex Len,21800762503,Shot Chart Detail,21800762,503,1610612737,Atlanta Hawks,3,1,32,Made Shot,Layup Shot,,In The Paint (Non-RA),Center(C),Less Than 8 ft.,4,32,25,1,1,20190130,SAC,ATL,|1627752|1629016|1629027|203145|203458,1,REG,2019,1627812,PG,Point of Attack,-0.78
1628381,John Collins,21800762545,Shot Chart Detail,21800762,545,1610612737,Atlanta Hawks,4,10,46,Made Shot,Cutting Dunk Shot,,Restricted Area,Center(C),Less Than 8 ft.,1,-2,10,1,1,20190130,SAC,ATL,|1627761|1628381|1628989|1629016|1629027,1,REG,2019,1627812,PG,Point of Attack,-0.78
1629027,Trae Young,21800762549,Shot Chart Detail,21800762,549,1610612737,Atlanta Hawks,4,10,20,Made Shot,Pullup Jump shot,,Above the Break 3,Right Side Center(RC),24+ ft.,24,83,234,1,1,20190130,SAC,ATL,|1627761|1628381|1628989|1629016|1629027,0,REG,2019,1626161|1627812,,,
202391,Jeremy Lin,21800762607,Shot Chart Detail,21800762,607,1610612737,Atlanta Hawks,4,5,20,Made Shot,Jump Bank Shot,,In The Paint (Non-RA),Center(C),Less Than 8 ft.,5,47,31,1,1,20190130,SAC,ATL,|1627752|1629016|202391|203145|203473,0,REG,2019,1627812,PG,Point of Attack,-0.78
203145,Kent Bazemore,21800762619,Shot Chart Detail,21800762,619,1610612737,Atlanta Hawks,4,4,35,Missed Shot,Pullup Jump shot,,Above the Break 3,Center(C),24+ ft.,25,-2,252,1,0,20190130,SAC,ATL,|1627752|202391|203145|203458|203473,0,REG,2019,1627812,PG,Point of Attack,-0.78
203954,Joel Embiid,21800785225,Shot Chart Detail,21800785,225,1610612755,Philadelphia 76ers,2,7,52,Missed Shot,Layup Shot,,Restricted Area,Center(C),Less Than 8 ft.,2,4,28,1,0,20190202,SAC,PHI,|1627732|1629003|202710|203488|203954,0,REG,2019,1627812,PG,Point of Attack,-0.78
203954,Joel Embiid,21800785227,Shot Chart Detail,21800785,227,1610612755,Philadelphia 76ers,2,7,50,Made Shot,Tip Layup Shot,,Restricted Area,Center(C),Less Than 8 ft.,0,0,-6,1,1,20190202,SAC,PHI,|1627732|1629003|202710|203488|203954,0,REG,2019,1627812|203992,,,
1629013,Landry Shamet,21800785396,Shot Chart Detail,21800785,396,1610612755,Philadelphia 76ers,3,8,2,Made Shot,Driving Layup Shot,,Restricted Area,Center(C),Less Than 8 ft.,1,19,1,1,1,20190202,SAC,PHI,|1627732|1629013|202710|203488|203954,0,REG,2019,1626161|1627812,,,
1629013,Landry Shamet,21800785599,Shot Chart Detail,21800785,599,1610612755,Philadelphia 76ers,4,5,32,Missed Shot,Jump Shot,,Above the Break 3,Center(C),24+ ft.,24,-65,241,1,0,20190202,SAC,PHI,|1627732|1629003|1629013|202710|203954,0,REG,2019,1627812,PG,Point of Attack,-0.78
200752,Rudy Gay,21800795197,Shot Chart Detail,21800795,197,1610612759,San Antonio Spurs,2,8,34,Missed Shot,Jump Shot,,Restricted Area,Center(C),Less Than 8 ft.,2,22,19,1,0,20190204,SAC,SAS,|1627854|200752|201942|202722|2200,0,REG,2019,1628385|1627812,,,
201988,Patty Mills,21800795225,Shot Chart Detail,21800795,225,1610612759,San Antonio Spurs,2,6,8,Missed Shot,Jump Shot,,Mid-Range,Center(C),16-24 ft.,19,28,188,1,0,20190204,SAC,SAS,|200746|200752|201942|201988|202722,0,REG,2019,1628963|1627812,,,
200752,Rudy Gay,21800795234,Shot Chart Detail,21800795,234,1610612759,San Antonio Spurs,2,8,37,Missed Shot,Jump Shot,,Restricted Area,Center(C),Less Than 8 ft.,2,22,15,1,0,20190204,SAC,SAS,|1627854|200752|201942|202722|2200,0,REG,2019,1627812,PG,Point of Attack,-0.78
1627854,Bryn Forbes,21800795521,Shot Chart Detail,21800795,521,1610612759,San Antonio Spurs,4,7,54,Missed Shot,Jump Shot,,Above the Break 3,Right Side Center(RC),24+ ft.,26,189,179,1,0,20190204,SAC,SAS,|1627751|1627854|201158|201942|202722,0,REG,2019,1627812,PG,Point of Attack,-0.78
1627854,Bryn Forbes,21800795534,Shot Chart Detail,21800795,534,1610612759,San Antonio Spurs,4,7,28,Made Shot,Jump Shot,2PT Field Goal,In The Paint (Non-RA),Center(C),8-16 ft.,9,16,98,1,1,20190204,SAC,SAS,|1627854|200746|201158|201942|202722,0,REG,2019,1627812,PG,Point of Attack,-0.78
201988,Patty Mills,21800795572,Shot Chart Detail,21800795,572,1610612759,San Antonio Spurs,4,3,56,Made Shot,Reverse Layup Shot,,Restricted Area,Center(C),Less Than 8 ft.,1,-13,10,1,1,20190204,SAC,SAS,|1627854|200746|201942|201988|202722,1,REG,2019,1627812,PG,Point of Attack,-0.78
203085,Austin Rivers,21800809225,Shot Chart Detail,21800809,225,1610612745,Houston Rockets,2,7,49,Missed Shot,Jump Shot,,Left Corner 3,Left Side(L),24+ ft.,22,-226,20,1,0,20190206,SAC,HOU,|101108|101123|201569|202702|203085,0,REG,2019,1627812,PG,Point of Attack,-0.78
101123,Gerald Green,21800809475,Shot Chart Detail,21800809,475,1610612745,Houston Rockets,3,1,31,Missed Shot,Layup Shot,,Restricted Area,Center(C),Less Than 8 ft.,2,24,17,1,0,20190206,SAC,HOU,|101108|101123|202702|203085|203516,0,REG,2019,1627812,PG,Point of Attack,-0.78
203085,Austin Rivers,21800809490,Shot Chart Detail,21800809,490,1610612745,Houston Rockets,3,0,28,Missed Shot,Driving Hook Shot,,In The Paint (Non-RA),Center(C),Less Than 8 ft.,5,12,53,1,0,20190206,SAC,HOU,|101108|101123|202702|203085|203516,0,REG,2019,1627741|1627812,,,
203085,Austin Rivers,21800809567,Shot Chart Detail,21800809,567,1610612745,Houston Rockets,4,7,19,Missed Shot,Jump Shot,,Above the Break 3,Right Side Center(RC),24+ ft.,24,201,143,1,0,20190206,SAC,HOU,|101123|200782|201569|201935|203085,0,REG,2019,1627812,PG,Point of Attack,-0.78
203516,James Ennis III,21800809618,Shot Chart Detail,21800809,618,1610612745,Houston Rockets,4,3,37,Missed Shot,Jump Shot,,Right Corner 3,Right Side(R),24+ ft.,23,232,13,1,0,20190206,SAC,HOU,|101108|101123|1628392|200782|203516,0,REG,2019,1627812,PG,Point of Attack,-0.78
101123,Gerald Green,21800809647,Shot Chart Detail,21800809,647,1610612745,Houston Rockets,4,1,33,Missed Shot,Jump Shot,3PT Field Goal,Above the Break 3,Left Side Center(LC),24+ ft.,25,-131,221,1,0,20190206,SAC,HOU,|101123|1628392|202702|203085|203516,0,REG,2019,1627812,PG,Point of Attack,-0.78
101123,Gerald Green,21800809662,Shot Chart Detail,21800809,662,1610612745,Houston Rockets,4,0,45,Missed Shot,Turnaround Fadeaway shot,2PT Field Goal,In The Paint (Non-RA),Center(C),8-16 ft.,10,9,108,1,0,20190206,SAC,HOU,|101123|1628392|202702|203085|203516,0,REG,2019,1627812,PG,Point of Attack,-0.78
1626196,Josh Richardson,21800824165,Shot Chart Detail,21800824,165,1610612748,Miami Heat,1,0,38,Made Shot,Cutting Dunk Shot,2PT Field Goal,Restricted Area,Center(C),Less Than 8 ft.,1,0,10,1,1,20190208,SAC,MIA,|1626196|1628389|201949|203585|2548,1,REG,2019,1627812,PG,Point of Attack,-0.78
1626196,Josh Richardson,21800824209,Shot Chart Detail,21800824,209,1610612748,Miami Heat,2,9,30,Missed Shot,Pullup Jump shot,2PT Field Goal,Mid-Range,Right Side(R),8-16 ft.,10,81,64,1,0,20190208,SAC,MIA,|1626196|1628389|1629130|201949|203585,0,REG,2019,1628385|1627812,,,
1626196,Josh Richardson,21800824219,Shot Chart Detail,21800824,219,1610612748,Miami Heat,2,8,35,Made Shot,Driving Layup Shot,2PT Field Goal,In The Paint (Non-RA),Center(C),Less Than 8 ft.,4,3,47,1,1,20190208,SAC,MIA,|1626196|1628389|1629130|201949|203585,1,REG,2019,1627812,PG,Point of Attack,-0.78
203585,Rodney McGruder,21800824259,Shot Chart Detail,21800824,259,1610612748,Miami Heat,2,6,22,Made Shot,Driving Layup Shot,,Restricted Area,Center(C),Less Than 8 ft.,2,25,11,1,1,20190208,SAC,MIA,|1626159|201949|202355|203079|203585,0,REG,2019,1627812,PG,Point of Attack,-0.78
201949,James Johnson,21800824262,Shot Chart Detail,21800824,262,1610612748,Miami Heat,2,5,44,Made Shot,Jump Shot,,Left Corner 3,Left Side(L),24+ ft.,22,-225,34,1,1,20190208,SAC,MIA,|1626159|201949|202355|203079|203585,1,REG,2019,1627812,PG,Point of Attack,-0.78
203079,Dion Waiters,21800824266,Shot Chart Detail,21800824,266,1610612748,Miami Heat,2,5,8,Missed Shot,Fadeaway Jump Shot,,Mid-Range,Left Side(L),8-16 ft.,13,-136,11,1,0,20190208,SAC,MIA,|1626159|201949|202355|203079|203585,0,REG,2019,1627812,PG,Point of Attack,-0.78
2548,Dwyane Wade,21800824508,Shot Chart Detail,21800824,508,1610612748,Miami Heat,4,10,44,Missed Shot,Jump Shot,,Above the Break 3,Center(C),24+ ft.,25,1,253,1,0,20190208,SAC,MIA,|1626196|1628389|201949|203585|2548,0,REG,2019,1628385|1627812,,,
1626196,Josh Richardson,21800824526,Shot Chart Detail,21800824,526,1610612748,Miami Heat,4,8,35,Missed Shot,Turnaround Fadeaway shot,2PT Field Goal,Mid-Range,Right Side(R),16-24 ft.,17,152,85,1,0,20190208,SAC,MIA,|1626196|1628389|201949|203585|2548,0,REG,2019,1627812,PG,Point of Attack,-0.78
1626196,Josh Richardson,21800824557,Shot Chart Detail,21800824,557,1610612748,Miami Heat,4,6,29,Made Shot,Running Finger Roll Layup Shot,,Restricted Area,Center(C),Less Than 8 ft.,1,-15,6,1,1,20190208,SAC,MIA,|1626159|1626196|1628389|201949|203585,1,REG,2019,1627812,PG,Point of Attack,-0.78
1629059,Elie Okobo,21800836157,Shot Chart Detail,21800836,157,1610612756,Phoenix Suns,1,0,35,Missed Shot,Jump Shot,,Left Corner 3,Left Side(L),24+ ft.,22,-226,21,1,0,20190210,SAC,PHX,|1626158|1626162|1626164|1627733|1629059,0,REG,2019,1627812,PG,Point of Attack,-0.78
1629059,Elie Okobo,21800836208,Shot Chart Detail,21800836,208,1610612756,Phoenix Suns,2,8,12,Missed Shot,Driving Layup Shot,,In The Paint (Non-RA),Center(C),Less Than 8 ft.,5,49,18,1,0,20190210,SAC,PHX,|1626158|1626162|1627733|1629059|2037,0,REG,2019,1626161|1627812,,,
1629059,Elie Okobo,21800836515,Shot Chart Detail,21800836,515,1610612756,Phoenix Suns,3,1,50,Made Shot,Driving Layup Shot,,Restricted Area,Center(C),Less Than 8 ft.,2,18,15,1,1,20190210,SAC,PHX,|1626158|1626162|1626164|1627733|1629059,0,REG,2019,1627812,PG,Point of Attack,-0.78
1629059,Elie Okobo,21800836534,Shot Chart Detail,21800836,534,1610612756,Phoenix Suns,3,0,47,Made Shot,Running Layup Shot,,Restricted Area,Center(C),Less Than 8 ft.,2,24,10,1,1,20190210,SAC,PHX,|1626158|1626162|1627733|1628969|1629059,1,REG,2019,1627812,PG,Point of Attack,-0.78
1629059,Elie Okobo,21800836614,Shot Chart Detail,21800836,614,1610612756,Phoenix Suns,4,8,56,Missed Shot,Jump Shot,,Above the Break 3,Center(C),24+ ft.,25,67,241,1,0,20190210,SAC,PHX,|1626158|1628367|1628969|1629059|204020,0,REG,2019,1627812,PG,Point of Attack,-0.78
1628367,Josh Jackson,21800836624,Shot Chart Detail,21800836,624,1610612756,Phoenix Suns,4,8,14,Made Shot,Jump Bank Shot,,In The Paint (Non-RA),Center(C),Less Than 8 ft.,4,9,47,1,1,20190210,SAC,PHX,|1626164|1628367|1628969|1629028|204020,1,REG,2019,1627812,PG,Point of Attack,-0.78
202738,Isaiah Thomas,21800860129,Shot Chart Detail,21800860,129,1610612743,Denver Nuggets,1,2,1,Missed Shot,Pullup Jump shot,,Above the Break 3,Right Side Center(RC),24+ ft.,24,122,210,1,0,20190213,DEN,SAC,|1628420|1628470|200794|202738|203486,0,REG,2019,1627812,PG,Point of Attack,-0.78
202738,Isaiah Thomas,21800860180,Shot Chart Detail,21800860,180,1610612743,Denver Nuggets,2,10,32,Missed Shot,Pullup Jump shot,,Above the Break 3,Center(C),24+ ft.,24,16,248,1,0,20190213,DEN,SAC,|1626168|1628420|202738|203115|203486,0,REG,2019,1627812,PG,Point of Attack,-0.78
203115,Will Barton,21800860199,Shot Chart Detail,21800860,199,1610612743,Denver Nuggets,2,9,34,Missed Shot,Layup Shot,,Restricted Area,Center(C),Less Than 8 ft.,3,35,16,1,0,20190213,DEN,SAC,|1626168|1628420|202738|203115|203486,0,REG,2019,1627812,PG,Point of Attack,-0.78
1626168,Trey Lyles,21800860209,Shot Chart Detail,21800860,209,1610612743,Denver Nuggets,2,9,17,Missed Shot,Cutting Layup Shot,2PT Field Goal,Restricted Area,Center(C),Less Than 8 ft.,1,-13,15,1,0,20190213,DEN,SAC,|1626168|1628420|202738|203115|203999,0,REG,2019,1627812,PG,Point of Attack,-0.78
1627750,Jamal Murray,21800860253,Shot Chart Detail,21800860,253,1610612743,Denver Nuggets,2,5,17,Made Shot,Jump Shot,,Above the Break 3,Left Side Center(LC),24+ ft.,26,-149,216,1,1,20190213,DEN,SAC,|1627736|1627750|200794|203115|203999,1,REG,2019,202357|1627812,,,
202738,Isaiah Thomas,21800860498,Shot Chart Detail,21800860,498,1610612743,Denver Nuggets,3,2,16,Made Shot,Jump Shot,,Above the Break 3,Right Side Center(RC),24+ ft.,23,177,161,1,1,20190213,DEN,SAC,|1628420|1628470|200794|202738|203486,1,REG,2019,1627812,PG,Point of Attack,-0.78
202738,Isaiah Thomas,21800860523,Shot Chart Detail,21800860,523,1610612743,Denver Nuggets,3,0,31,Made Shot,Step Back Jump shot,,Mid-Range,Left Side(L),8-16 ft.,10,-103,24,1,1,20190213,DEN,SAC,|1628420|1628470|200794|202738|203486,1,REG,2019,1627812,PG,Point of Attack,-0.78
200794,Paul Millsap,21800860546,Shot Chart Detail,21800860,546,1610612743,Denver Nuggets,4,11,3,Made Shot,Dunk Shot,,Restricted Area,Center(C),Less Than 8 ft.,1,-3,11,1,1,20190213,DEN,SAC,|1628420|1628470|200794|202738|203486,1,REG,2019,1627812,PG,Point of Attack,-0.78
202738,Isaiah Thomas,21800860554,Shot Chart Detail,21800860,554,1610612743,Denver Nuggets,4,10,27,Missed Shot,Jump Shot,,Above the Break 3,Center(C),24+ ft.,24,5,248,1,0,20190213,DEN,SAC,|1627736|1628420|200794|202738|203486,0,REG,2019,203992|1627812,,,
203110,Draymond Green,21800871346,Shot Chart Detail,21800871,346,1610612744,Golden State Warriors,2,2,1,Missed Shot,Jump Shot,,Mid-Range,Left Side Center(LC),16-24 ft.,20,-85,183,1,0,20190221,GSW,SAC,|201142|201939|202691|203110|2738,0,REG,2019,1627812,PG,Point of Attack,-0.78
1626188,Quinn Cook,21800871546,Shot Chart Detail,21800871,546,1610612744,Golden State Warriors,3,1,29,Missed Shot,Jump Shot,,Above the Break 3,Right Side Center(RC),24+ ft.,27,150,229,1,0,20190221,GSW,SAC,|1626172|1626188|201142|201973|2738,0,REG,2019,1627812,PG,Point of Attack,-0.78
201142,Kevin Durant,21800871553,Shot Chart Detail,21800871,553,1610612744,Golden State Warriors,3,0,56,Missed Shot,Jump Shot,,In The Paint (Non-RA),Center(C),8-16 ft.,14,-69,129,1,0,20190221,GSW,SAC,|1626172|1626188|201142|201973|2738,0,REG,2019,1627812,PG,Point of Attack,-0.78
202691,Klay Thompson,21800871577,Shot Chart Detail,21800871,577,1610612744,Golden State Warriors,4,11,47,Missed Shot,Jump Shot,,Mid-Range,Right Side Center(RC),16-24 ft.,21,138,159,1,0,20190221,GSW,SAC,|1626188|202326|202691|203110|2738,0,REG,2019,1627812,PG,Point of Attack,-0.78
202326,DeMarcus Cousins,21800871587,Shot Chart Detail,21800871,587,1610612744,Golden State Warriors,4,11,8,Made Shot,Running Layup Shot,,Restricted Area,Center(C),Less Than 8 ft.,1,-9,9,1,1,20190221,GSW,SAC,|1626188|202326|202691|203110|2738,1,REG,2019,1627812,PG,Point of Attack,-0.78
202326,DeMarcus Cousins,21800871601,Shot Chart Detail,21800871,601,1610612744,Golden State Warriors,4,10,7,Made Shot,Running Dunk Shot,,Restricted Area,Center(C),Less Than 8 ft.,0,2,1,1,1,20190221,GSW,SAC,|1626188|202326|202691|203110|2738,1,REG,2019,1626161|1627812,,,
203471,Dennis Schroder,21800890205,Shot Chart Detail,21800890,205,1610612760,Oklahoma City Thunder,2,8,39,Missed Shot,Pullup Jump shot,,Mid-Range,Center(C),16-24 ft.,16,5,167,1,0,20190223,OKC,SAC,|1629126|201566|202693|203457|203471,0,REG,2019,1627812,PG,Point of Attack,-0.78
201566,Russell Westbrook,21800890491,Shot Chart Detail,21800890,491,1610612760,Oklahoma City Thunder,3,3,13,Missed Shot,Fadeaway Jump Shot,,In The Paint (Non-RA),Right Side(R),8-16 ft.,9,75,53,1,0,20190223,OKC,SAC,|1628390|201566|202693|203457|203471,0,REG,2019,1627741|1627812,,,
203471,Dennis Schroder,21800890494,Shot Chart Detail,21800890,494,1610612760,Oklahoma City Thunder,3,2,46,Missed Shot,Pullup Jump shot,,Mid-Range,Left Side Center(LC),16-24 ft.,19,-116,157,1,0,20190223,OKC,SAC,|1628390|201566|202693|203457|203471,0,REG,2019,1627812,PG,Point of Attack,-0.78
203471,Dennis Schroder,21800890518,Shot Chart Detail,21800890,518,1610612760,Oklahoma City Thunder,3,1,45,Made Shot,Pullup Jump shot,,Above the Break 3,Left Side Center(LC),24+ ft.,25,-181,185,1,1,20190223,OKC,SAC,|1627846|202331|202693|203457|203471,1,REG,2019,1627812,PG,Point of Attack,-0.78
203471,Dennis Schroder,21800890551,Shot Chart Detail,21800890,551,1610612760,Oklahoma City Thunder,4,11,35,Made Shot,Driving Layup Shot,,Restricted Area,Center(C),Less Than 8 ft.,1,13,-4,1,1,20190223,OKC,SAC,|101109|202331|202693|203457|203471,0,REG,2019,1627812,PG,Point of Attack,-0.78
203471,Dennis Schroder,21800890584,Shot Chart Detail,21800890,584,1610612760,Oklahoma City Thunder,4,8,36,Made Shot,Pullup Jump shot,,Mid-Range,Left Side(L),8-16 ft.,14,-142,5,1,1,20190223,OKC,SAC,|101109|202331|202693|203457|203471,0,REG,2019,1628385|1627812,,,
201573,Jerryd Bayless,21800905194,Shot Chart Detail,21800905,194,1610612750,Minnesota Timberwolves,2,10,18,Missed Shot,Driving Layup Shot,,Restricted Area,Center(C),Less Than 8 ft.,0,6,-1,1,0,20190225,MIN,SAC,|201229|201565|201573|201959|2736,0,REG,2019,1627812,PG,Point of Attack,-0.78
201565,Derrick Rose,21800905560,Shot Chart Detail,21800905,560,1610612750,Minnesota Timberwolves,3,0,27,Made Shot,Layup Shot,,Restricted Area,Center(C),Less Than 8 ft.,1,-8,15,1,1,20190225,MIN,SAC,|201229|201565|201573|201959|2736,0,REG,2019,1627812,PG,Point of Attack,-0.78
201565,Derrick Rose,21800905589,Shot Chart Detail,21800905,589,1610612750,Minnesota Timberwolves,4,10,30,Missed Shot,Pullup Jump shot,,In The Paint (Non-RA),Center(C),8-16 ft.,12,-45,121,1,0,20190225,MIN,SAC,|201229|201565|201573|201959|2736,0,REG,2019,1628963|1627812,,,
1626145,Tyus Jones,21800905636,Shot Chart Detail,21800905,636,1610612750,Minnesota Timberwolves,4,8,3,Made Shot,Pullup Jump shot,3PT Field Goal,Above the Break 3,Center(C),24+ ft.,26,9,269,1,1,20190225,MIN,SAC,|1626145|1629006|201959|203952|2736,0,REG,2019,1627812,PG,Point of Attack,-0.78
1627763,Malcolm Brogdon,21800920185,Shot Chart Detail,21800920,185,1610612749,Milwaukee Bucks,2,10,48,Made Shot,Driving Layup Shot,,Restricted Area,Center(C),Less Than 8 ft.,2,7,24,1,1,20190227,SAC,MIL,|101141|1627763|202703|203503|203507,1,REG,2019,1627812,PG,Point of Attack,-0.78
202703,Nikola Mirotic,21800920203,Shot Chart Detail,21800920,203,1610612749,Milwaukee Bucks,2,9,56,Missed Shot,Jump Shot,,Above the Break 3,Left Side Center(LC),24+ ft.,24,-85,235,1,0,20190227,SAC,MIL,|101141|1627763|202703|203503|203507,0,REG,2019,1627812,PG,Point of Attack,-0.78
202339,Eric Bledsoe,21800920230,Shot Chart Detail,21800920,230,1610612749,Milwaukee Bucks,2,7,44,Missed Shot,Jump Shot,,In The Paint (Non-RA),Center(C),8-16 ft.,9,8,94,1,0,20190227,SAC,MIL,|101141|1626192|202339|202703|203503,0,REG,2019,1627812,PG,Point of Attack,-0.78
1626192,Pat Connaughton,21800920261,Shot Chart Detail,21800920,261,1610612749,Milwaukee Bucks,2,5,58,Missed Shot,Driving Dunk Shot,2PT Field Goal,Restricted Area,Center(C),Less Than 8 ft.,0,0,5,1,0,20190227,SAC,MIL,|1626192|1628391|201572|202339|203503,0,REG,2019,1627812,PG,Point of Attack,-0.78
1626192,Pat Connaughton,21800920554,Shot Chart Detail,21800920,554,1610612749,Milwaukee Bucks,3,0,23,Missed Shot,Jump Shot,,Left Corner 3,Left Side(L),24+ ft.,22,-226,27,1,0,20190227,SAC,MIL,|101141|1626192|1627763|203503|203507,0,REG,2019,1627812,PG,Point of Attack,-0.78
203114,Khris Middleton,21800920608,Shot Chart Detail,21800920,608,1610612749,Milwaukee Bucks,4,9,29,Missed Shot,Reverse Layup Shot,,Restricted Area,Center(C),Less Than 8 ft.,2,3,28,1,0,20190227,SAC,MIL,|201572|202339|202703|203114|203503,0,REG,2019,1628385|1627812,,,
202339,Eric Bledsoe,21800920612,Shot Chart Detail,21800920,612,1610612749,Milwaukee Bucks,4,9,4,Made Shot,Driving Layup Shot,,Restricted Area,Center(C),Less Than 8 ft.,2,11,17,1,1,20190227,SAC,MIL,|201572|202339|202703|203114|203503,0,REG,2019,1627812,PG,Point of Attack,-0.78
202703,Nikola Mirotic,21800920621,Shot Chart Detail,21800920,621,1610612749,Milwaukee Bucks,4,7,20,Missed Shot,Fadeaway Jump Shot,,Mid-Range,Center(C),8-16 ft.,15,-2,158,1,0,20190227,SAC,MIL,|201572|202339|202703|203114|203503,0,REG,2019,1627812,PG,Point of Attack,-0.78
202703,Nikola Mirotic,21800920627,Shot Chart Detail,21800920,627,1610612749,Milwaukee Bucks,4,6,56,Made Shot,Jump Shot,,Above the Break 3,Left Side Center(LC),24+ ft.,26,-88,253,1,1,20190227,SAC,MIL,|201572|202339|202703|203114|203503,1,REG,2019,1628385|1627812,,,
1628983,Shai Gilgeous-Alexander,2180093354,Shot Chart Detail,21800933,54,1610612746,LA Clippers,1,8,1,Made Shot,Jump Shot,,Mid-Range,Right Side Center(RC),16-24 ft.,17,91,153,1,1,20190301,SAC,LAC,|1627826|1628983|1629013|201568|201976,0,REG,2019,1627812,PG,Point of Attack,-0.78
1629019,Allonzo Trier,21800957163,Shot Chart Detail,21800957,163,1610612752,New York Knicks,2,11,47,Made Shot,Driving Layup Shot,,Restricted Area,Center(C),Less Than 8 ft.,2,22,4,1,1,20190304,SAC,NYK,|1626144|1627740|1629011|1629019|202498,0,REG,2019,203992|1627812,,,
1629019,Allonzo Trier,21800957174,Shot Chart Detail,21800957,174,1610612752,New York Knicks,2,10,53,Missed Shot,Layup Shot,,Restricted Area,Center(C),Less Than 8 ft.,2,18,23,1,0,20190304,SAC,NYK,|1626144|1627740|1629011|1629019|202498,0,REG,2019,203992|1627812,,,
1629019,Allonzo Trier,21800957198,Shot Chart Detail,21800957,198,1610612752,New York Knicks,2,9,28,Missed Shot,Jump Shot,,Above the Break 3,Left Side Center(LC),24+ ft.,26,-195,172,1,0,20190304,SAC,NYK,|1626144|1627740|1629011|1629019|202498,0,REG,2019,1627812,PG,Point of Attack,-0.78
1629019,Allonzo Trier,21800957518,Shot Chart Detail,21800957,518,1610612752,New York Knicks,4,10,11,Missed Shot,Layup Shot,,Restricted Area,Center(C),Less Than 8 ft.,2,22,15,1,0,20190304,SAC,NYK,|1626144|1627740|1629011|1629019|202498,0,REG,2019,1628385|1627812,,,
1626179,Terry Rozier,21800973127,Shot Chart Detail,21800973,127,1610612738,Boston Celtics,1,0,0,Made Shot,Step Back Jump shot,3PT Field Goal,Above the Break 3,Left Side Center(LC),24+ ft.,24,-139,203,1,1,20190306,SAC,BOS,|1626179|1627759|202330|202694|203382,0,REG,2019,1627812,PG,Point of Attack,-0.78
1628369,Jayson Tatum,21800973148,Shot Chart Detail,21800973,148,1610612738,Boston Celtics,2,11,17,Made Shot,Jump Shot,,Above the Break 3,Right Side Center(RC),24+ ft.,25,171,183,1,1,20190306,SAC,BOS,|1627759|1628369|1628400|201143|202330,1,REG,2019,1627812,PG,Point of Attack,-0.78
1626179,Terry Rozier,21800973523,Shot Chart Detail,21800973,523,1610612738,Boston Celtics,4,8,42,Missed Shot,Jump Shot,3PT Field Goal,Above the Break 3,Left Side Center(LC),24+ ft.,25,-138,220,1,0,20190306,SAC,BOS,|1626179|1627759|1628369|1628400|1628464,0,REG,2019,1627812,PG,Point of Attack,-0.78
203098,John Jenkins,21800986498,Shot Chart Detail,21800986,498,1610612752,New York Knicks,4,11,40,Made Shot,Jump Shot,,Right Corner 3,Right Side(R),24+ ft.,23,228,40,1,1,20190309,NYK,SAC,|1626144|1628436|1629011|1629019|203098,1,REG,2019,1627812,PG,Point of Attack,-0.78
203098,John Jenkins,21800986513,Shot Chart Detail,21800986,513,1610612752,New York Knicks,4,9,49,Made Shot,Jump Shot,,Above the Break 3,Right Side Center(RC),24+ ft.,26,171,200,1,1,20190309,NYK,SAC,|1626144|1628436|1629011|1629019|203098,1,REG,2019,1627812,PG,Point of Attack,-0.78
1626184,Chasson Randle,21801002157,Shot Chart Detail,21801002,157,1610612764,Washington Wizards,1,0,49,Made Shot,Running Layup Shot,2PT Field Goal,Restricted Area,Center(C),Less Than 8 ft.,1,9,12,1,1,20190311,WAS,SAC,|1626184|1628418|1628972|203078|203953,0,REG,2019,1627812,PG,Point of Attack,-0.78
1628972,Troy Brown Jr.,21801002200,Shot Chart Detail,21801002,200,1610612764,Washington Wizards,2,10,10,Made Shot,Jump Shot,,Above the Break 3,Right Side Center(RC),24+ ft.,25,133,218,1,1,20190311,WAS,SAC,|1626184|1628418|1628972|203107|203953,1,REG,2019,1627812,PG,Point of Attack,-0.78
1626184,Chasson Randle,21801002219,Shot Chart Detail,21801002,219,1610612764,Washington Wizards,2,8,55,Made Shot,Jump Shot,3PT Field Goal,Above the Break 3,Right Side Center(RC),24+ ft.,25,145,209,1,1,20190311,WAS,SAC,|1626184|1628418|1628972|203107|203953,1,REG,2019,1627812,PG,Point of Attack,-0.78
200755,JJ Redick,21801027147,Shot Chart Detail,21801027,147,1610612755,Philadelphia 76ers,1,0,32,Missed Shot,Jump Shot,,Above the Break 3,Center(C),24+ ft.,26,9,260,1,0,20190315,PHI,SAC,|1627732|200755|203118|203516|203954,0,REG,2019,1628385|1627812,,,
200755,JJ Redick,21801027202,Shot Chart Detail,21801027,202,1610612755,Philadelphia 76ers,2,8,50,Missed Shot,Jump Shot,,Above the Break 3,Right Side Center(RC),24+ ft.,24,228,93,1,0,20190315,PHI,SAC,|1627732|200755|202699|203516|203954,0,REG,2019,1627812,PG,Point of Attack,-0.78
202699,Tobias Harris,21801027232,Shot Chart Detail,21801027,232,1610612755,Philadelphia 76ers,2,6,11,Missed Shot,Cutting Layup Shot,,Restricted Area,Center(C),Less Than 8 ft.,2,18,16,1,0,20190315,PHI,SAC,|1626246|202699|202710|203118|204456,0,REG,2019,1627812,PG,Point of Attack,-0.78
204456,T.J. McConnell,21801027240,Shot Chart Detail,21801027,240,1610612755,Philadelphia 76ers,2,5,27,Missed Shot,Running Pull-Up Jump Shot,,Mid-Range,Right Side(R),8-16 ft.,13,106,90,1,0,20190315,PHI,SAC,|1626246|202699|202710|203118|204456,0,REG,2019,1627812,PG,Point of Attack,-0.78
200755,JJ Redick,21801027476,Shot Chart Detail,21801027,476,1610612755,Philadelphia 76ers,3,2,13,Made Shot,Jump Shot,,Above the Break 3,Left Side Center(LC),24+ ft.,26,-172,197,1,1,20190315,PHI,SAC,|1627732|200755|203118|203516|203954,1,REG,2019,1627812,PG,Point of Attack,-0.78
200755,JJ Redick,21801027519,Shot Chart Detail,21801027,519,1610612755,Philadelphia 76ers,4,10,58,Made Shot,Pullup Jump shot,,Mid-Range,Right Side Center(RC),16-24 ft.,22,107,198,1,1,20190315,PHI,SAC,|1627732|200755|203118|203516|203954,1,REG,2019,1627812,PG,Point of Attack,-0.78
203516,James Ennis III,21801027569,Shot Chart Detail,21801027,569,1610612755,Philadelphia 76ers,4,7,36,Missed Shot,Tip Layup Shot,,Restricted Area,Center(C),Less Than 8 ft.,0,0,-6,1,0,20190315,PHI,SAC,|1627732|202699|202710|203516|203954,0,REG,2019,1627812,PG,Point of Attack,-0.78
1627885,Shaquille Harrison,21801047566,Shot Chart Detail,21801047,566,1610612741,Chicago Bulls,4,7,31,Made Shot,Driving Layup Shot,,Restricted Area,Center(C),Less Than 8 ft.,2,-18,10,1,1,20190317,SAC,CHI,|1626245|1627782|1627789|1627885|1628469,0,REG,2019,1627812,PG,Point of Attack,-0.78
1627789,Timothe Luwawu-Cabarrot,21801047569,Shot Chart Detail,21801047,569,1610612741,Chicago Bulls,4,7,6,Made Shot,Jump Shot,,Left Corner 3,Left Side(L),24+ ft.,23,-224,78,1,1,20190317,SAC,CHI,|1626245|1627782|1627789|1627885|1628469,1,REG,2019,1627812,PG,Point of Attack,-0.78
1626178,Rondae Hollis-Jefferson,21801063525,Shot Chart Detail,21801063,525,1610612751,Brooklyn Nets,4,11,1,Made Shot,Dunk Shot,,Restricted Area,Center(C),Less Than 8 ft.,1,-6,13,1,1,20190319,SAC,BKN,|1626156|1626178|1626203|1629066|201162,1,REG,2019,1627812,PG,Point of Attack,-0.78
1626178,Rondae Hollis-Jefferson,21801063534,Shot Chart Detail,21801063,534,1610612751,Brooklyn Nets,4,10,31,Made Shot,Cutting Layup Shot,,Restricted Area,Center(C),Less Than 8 ft.,2,19,22,1,1,20190319,SAC,BKN,|1626156|1626178|1626203|1629066|201162,1,REG,2019,1627812,PG,Point of Attack,-0.78
1626156,D'Angelo Russell,21801063561,Shot Chart Detail,21801063,561,1610612751,Brooklyn Nets,4,9,6,Made Shot,Turnaround Jump Shot,2PT Field Goal,In The Paint (Non-RA),Center(C),Less Than 8 ft.,7,-76,15,1,1,20190319,SAC,BKN,|1626156|1626178|1626203|1629066|201162,0,REG,2019,1627812,PG,Point of Attack,-0.78
1626156,D'Angelo Russell,21801063567,Shot Chart Detail,21801063,567,1610612751,Brooklyn Nets,4,8,21,Made Shot,Running Layup Shot,2PT Field Goal,In The Paint (Non-RA),Center(C),Less Than 8 ft.,4,-25,38,1,1,20190319,SAC,BKN,|1626156|1626178|1626203|1629066|201162,0,REG,2019,1627812,PG,Point of Attack,-0.78
1628467,Maxi Kleber,21801078142,Shot Chart Detail,21801078,142,1610612742,Dallas Mavericks,1,1,3,Missed Shot,Layup Shot,,In The Paint (Non-RA),Center(C),Less Than 8 ft.,4,-9,48,1,0,20190321,SAC,DAL,|1628382|1628467|1717|203504|2734,0,REG,2019,1627812,PG,Point of Attack,-0.78
203504,Trey Burke,21801078197,Shot Chart Detail,21801078,197,1610612742,Dallas Mavericks,2,8,31,Missed Shot,Driving Layup Shot,,Restricted Area,Center(C),Less Than 8 ft.,1,-11,4,1,0,20190321,SAC,DAL,|1627827|1717|203504|203939|2734,0,REG,2019,1627812,PG,Point of Attack,-0.78
1717,Dirk Nowitzki,21801078201,Shot Chart Detail,21801078,201,1610612742,Dallas Mavericks,2,8,13,Missed Shot,Jump Shot,,Mid-Range,Left Side Center(LC),16-24 ft.,17,-67,159,1,0,20190321,SAC,DAL,|1627827|1717|203504|203939|2734,0,REG,2019,201147|1627812,,,
203504,Trey Burke,21801078465,Shot Chart Detail,21801078,465,1610612742,Dallas Mavericks,3,1,24,Missed Shot,Jump Shot,,Restricted Area,Center(C),Less Than 8 ft.,2,-29,4,1,0,20190321,SAC,DAL,|1629151|1717|203504|203939|2734,0,REG,2019,1627812,PG,Point of Attack,-0.78
203504,Trey Burke,21801078473,Shot Chart Detail,21801078,473,1610612742,Dallas Mavericks,3,0,29,Missed Shot,Driving Layup Shot,,Restricted Area,Center(C),Less Than 8 ft.,3,6,35,1,0,20190321,SAC,DAL,|1629151|1717|203504|203939|2734,0,REG,2019,1627812,PG,Point of Attack,-0.78
1629059,Elie Okobo,21801094130,Shot Chart Detail,21801094,130,1610612756,Phoenix Suns,1,1,23,Missed Shot,Step Back Jump shot,,Above the Break 3,Left Side Center(LC),24+ ft.,25,-127,218,1,0,20190323,SAC,PHX,|1626158|1626164|1628969|1629034|1629059,0,REG,2019,1627812,PG,Point of Attack,-0.78
203484,Kentavious Caldwell-Pope,21801102154,Shot Chart Detail,21801102,154,1610612747,Los Angeles Lakers,1,2,15,Missed Shot,Step Back Jump shot,,Above the Break 3,Left Side Center(LC),24+ ft.,24,-90,232,1,0,20190324,LAL,SAC,|1629021|200765|202362|203484|2199,0,REG,2019,1627812,PG,Point of Attack,-0.78
1627936,Alex Caruso,21801102358,Shot Chart Detail,21801102,358,1610612747,Los Angeles Lakers,2,0,6,Made Shot,Reverse Layup Shot,2PT Field Goal,Restricted Area,Center(C),Less Than 8 ft.,2,-14,15,1,1,20190324,LAL,SAC,|1627936|200765|202362|203484|2199,1,REG,2019,1627812,PG,Point of Attack,-0.78
2544,LeBron James,21801102610,Shot Chart Detail,21801102,610,1610612747,Los Angeles Lakers,4,7,53,Made Shot,Cutting Layup Shot,,Restricted Area,Center(C),Less Than 8 ft.,1,-16,8,1,1,20190324,LAL,SAC,|1628398|200765|201580|203484|2544,1,REG,2019,1627812,PG,Point of Attack,-0.78
203484,Kentavious Caldwell-Pope,21801102617,Shot Chart Detail,21801102,617,1610612747,Los Angeles Lakers,4,7,1,Missed Shot,Pullup Jump shot,,Above the Break 3,Center(C),24+ ft.,25,-73,247,1,0,20190324,LAL,SAC,|1628398|200765|201580|203484|2544,0,REG,2019,1627812|201147,,,
203504,Trey Burke,21801114173,Shot Chart Detail,21801114,173,1610612742,Dallas Mavericks,2,9,53,Missed Shot,Running Layup Shot,,Restricted Area,Center(C),Less Than 8 ft.,1,-13,2,1,0,20190326,DAL,SAC,|1629151|1717|203504|203939|2734,0,REG,2019,1627812,PG,Point of Attack,-0.78
203504,Trey Burke,21801114202,Shot Chart Detail,21801114,202,1610612742,Dallas Mavericks,2,7,6,Made Shot,Running Reverse Layup Shot,,Restricted Area,Center(C),Less Than 8 ft.,0,4,2,1,1,20190326,DAL,SAC,|1629151|1717|203504|203939|2734,1,REG,2019,1627812,PG,Point of Attack,-0.78
1628973,Jalen Brunson,21801114535,Shot Chart Detail,21801114,535,1610612742,Dallas Mavericks,4,6,57,Made Shot,Jump Shot,,Above the Break 3,Right Side Center(RC),24+ ft.,25,126,222,1,1,20190326,DAL,SAC,|1628467|1628973|1629029|1629151|203939,0,REG,2019,1627812,PG,Point of Attack,-0.78
203901,Elfrid Payton,21801128482,Shot Chart Detail,21801128,482,1610612740,New Orleans Pelicans,3,0,28,Made Shot,Cutting Dunk Shot,,Restricted Area,Center(C),Less Than 8 ft.,0,-3,3,1,1,20190328,NOP,SAC,|1626169|1626174|1627767|1629541|203901,1,REG,2019,1627812,PG,Point of Attack,-0.78
201569,Eric Gordon,21801138184,Shot Chart Detail,21801138,184,1610612745,Houston Rockets,2,10,15,Made Shot,Jump Shot,,Above the Break 3,Center(C),24+ ft.,26,15,260,1,1,20190330,HOU,SAC,|101108|200782|201569|202697|203991,1,REG,2019,1627812,PG,Point of Attack,-0.78
101108,Chris Paul,21801138205,Shot Chart Detail,21801138,205,1610612745,Houston Rockets,2,8,25,Missed Shot,Fadeaway Jump Shot,2PT Field Goal,Mid-Range,Right Side(R),8-16 ft.,9,97,11,1,0,20190330,HOU,SAC,|101108|200782|201569|202697|203991,0,REG,2019,1627812,PG,Point of Attack,-0.78
101108,Chris Paul,21801138457,Shot Chart Detail,21801138,457,1610612745,Houston Rockets,3,0,1,Made Shot,Jump Shot,3PT Field Goal,Above the Break 3,Left Side Center(LC),24+ ft.,25,-155,205,1,1,20190330,HOU,SAC,|101108|200782|201935|202697|203085,0,REG,2019,1627812,PG,Point of Attack,-0.78
200752,Rudy Gay,21801149452,Shot Chart Detail,21801149,452,1610612759,San Antonio Spurs,3,1,17,Made Shot,Pullup Jump shot,,Above the Break 3,Center(C),24+ ft.,25,-67,242,1,1,20190331,SAS,SAC,|1627751|200752|201158|201988|202722,0,REG,2019,1627812,PG,Point of Attack,-0.78
201158,Marco Belinelli,21801149480,Shot Chart Detail,21801149,480,1610612759,San Antonio Spurs,4,11,39,Missed Shot,Jump Shot,,Above the Break 3,Center(C),24+ ft.,24,-38,246,1,0,20190331,SAS,SAC,|1627751|1628401|200752|201158|201988,0,REG,2019,1627812,PG,Point of Attack,-0.78
201988,Patty Mills,21801149485,Shot Chart Detail,21801149,485,1610612759,San Antonio Spurs,4,11,6,Missed Shot,Jump Shot,,Left Corner 3,Left Side(L),24+ ft.,24,-232,62,1,0,20190331,SAS,SAC,|1627751|1628401|200752|201158|201988,0,REG,2019,1627812,PG,Point of Attack,-0.78
101108,Chris Paul,21801163197,Shot Chart Detail,21801163,197,1610612745,Houston Rockets,2,10,3,Missed Shot,Driving Layup Shot,2PT Field Goal,In The Paint (Non-RA),Center(C),Less Than 8 ft.,4,41,15,1,0,20190402,SAC,HOU,|101108|1627863|201569|202702|203085,0,REG,2019,1628963|1627812,,,
201569,Eric Gordon,21801163258,Shot Chart Detail,21801163,258,1610612745,Houston Rockets,2,5,14,Missed Shot,Jump Shot,,Above the Break 3,Right Side Center(RC),24+ ft.,27,117,252,1,0,20190402,SAC,HOU,|200782|201569|201935|202697|203991,0,REG,2019,1627812,PG,Point of Attack,-0.78
1627863,Danuel House Jr.,21801163427,Shot Chart Detail,21801163,427,1610612745,Houston Rockets,3,3,1,Made Shot,Running Dunk Shot,2PT Field Goal,Restricted Area,Center(C),Less Than 8 ft.,0,-2,6,1,1,20190402,SAC,HOU,|1627863|201935|202697|202702|203085,1,REG,2019,1627812,PG,Point of Attack,-0.78
101108,Chris Paul,21801163453,Shot Chart Detail,21801163,453,1610612745,Houston Rockets,3,0,10,Missed Shot,Turnaround Jump Shot,2PT Field Goal,In The Paint (Non-RA),Center(C),8-16 ft.,10,-47,99,1,0,20190402,SAC,HOU,|101108|1627863|202697|202702|203085,0,REG,2019,1627812,PG,Point of Attack,-0.78
1629012,Collin Sexton,21801178116,Shot Chart Detail,21801178,116,1610612739,Cleveland Cavaliers,1,1,54,Made Shot,Running Layup Shot,,Restricted Area,Center(C),Less Than 8 ft.,2,-16,13,1,1,20190404,SAC,CLE,|1626224|1627737|1628021|1629012|203903,0,REG,2019,1627812,PG,Point of Attack,-0.78
203903,Jordan Clarkson,21801178168,Shot Chart Detail,21801178,168,1610612739,Cleveland Cavaliers,2,10,11,Made Shot,Pullup Jump shot,,Mid-Range,Right Side(R),8-16 ft.,8,87,10,1,1,20190404,SAC,CLE,|1627737|1628021|202688|203903|203917,0,REG,2019,1627812,PG,Point of Attack,-0.78
202688,Brandon Knight,21801178196,Shot Chart Detail,21801178,196,1610612739,Cleveland Cavaliers,2,7,37,Missed Shot,Jump Shot,,Above the Break 3,Center(C),24+ ft.,26,12,263,1,0,20190404,SAC,CLE,|1627790|1628021|202688|203903|203917,0,REG,2019,1627812,PG,Point of Attack,-0.78
203903,Jordan Clarkson,21801178443,Shot Chart Detail,21801178,443,1610612739,Cleveland Cavaliers,3,0,6,Made Shot,Step Back Jump shot,,In The Paint (Non-RA),Right Side(R),8-16 ft.,15,79,132,1,1,20190404,SAC,CLE,|1627737|1628021|1629012|203903|203917,0,REG,2019,1627812,PG,Point of Attack,-0.78
202688,Brandon Knight,21801178462,Shot Chart Detail,21801178,462,1610612739,Cleveland Cavaliers,4,10,37,Made Shot,Jump Shot,,Above the Break 3,Left Side Center(LC),24+ ft.,26,-171,197,1,1,20190404,SAC,CLE,|1627737|1628021|202688|203903|203917,1,REG,2019,1627812,PG,Point of Attack,-0.78
1628960,Grayson Allen,21801188109,Shot Chart Detail,21801188,109,1610612762,Utah Jazz,1,5,39,Made Shot,Driving Floating Bank Jump Shot,,In The Paint (Non-RA),Center(C),Less Than 8 ft.,5,-47,34,1,1,20190405,UTA,SAC,|1626220|1628378|1628960|200757|203497,1,REG,2019,201585|1627812,,,
1628960,Grayson Allen,21801188128,Shot Chart Detail,21801188,128,1610612762,Utah Jazz,1,3,55,Made Shot,Running Layup Shot,,Restricted Area,Center(C),Less Than 8 ft.,3,-36,15,1,1,20190405,UTA,SAC,|1626220|1628378|1628960|200757|203497,1,REG,2019,1627812,PG,Point of Attack,-0.78
1628960,Grayson Allen,21801188141,Shot Chart Detail,21801188,141,1610612762,Utah Jazz,1,3,0,Made Shot,Jump Shot,,Above the Break 3,Center(C),24+ ft.,25,13,251,1,1,20190405,UTA,SAC,|1626220|1628378|1628960|200757|202327,1,REG,2019,201585|1627812,,,
1628960,Grayson Allen,21801188184,Shot Chart Detail,21801188,184,1610612762,Utah Jazz,2,11,32,Made Shot,Driving Floating Bank Jump Shot,,In The Paint (Non-RA),Center(C),Less Than 8 ft.,7,78,2,1,1,20190405,UTA,SAC,|1626220|1628960|200757|202327|204060,1,REG,2019,201585|1627812,,,
1628960,Grayson Allen,21801188187,Shot Chart Detail,21801188,187,1610612762,Utah Jazz,2,11,10,Made Shot,Layup Shot,,Restricted Area,Center(C),Less Than 8 ft.,2,20,10,1,1,20190405,UTA,SAC,|1626220|1628960|200757|202327|204060,0,REG,2019,1627812,PG,Point of Attack,-0.78
203109,Jae Crowder,21801188254,Shot Chart Detail,21801188,254,1610612762,Utah Jazz,2,6,17,Missed Shot,Jump Shot,,Left Corner 3,Left Side(L),24+ ft.,23,-232,11,1,0,20190405,UTA,SAC,|1626220|1627777|1628378|203109|203497,0,REG,2019,1627812,PG,Point of Attack,-0.78
203109,Jae Crowder,21801188292,Shot Chart Detail,21801188,292,1610612762,Utah Jazz,2,2,49,Missed Shot,Jump Shot,,Above the Break 3,Left Side Center(LC),24+ ft.,26,-152,222,1,0,20190405,UTA,SAC,|1626220|1627777|1628378|203109|203497,0,REG,2019,1627812,PG,Point of Attack,-0.78
1626220,Royce O'Neale,21801188324,Shot Chart Detail,21801188,324,1610612762,Utah Jazz,2,0,44,Missed Shot,Jump Shot,3PT Field Goal,Right Corner 3,Right Side(R),24+ ft.,22,228,-16,1,0,20190405,UTA,SAC,|1626220|1628378|203109|203497|204060,0,REG,2019,1627812,PG,Point of Attack,-0.78
204060,Joe Ingles,21801188371,Shot Chart Detail,21801188,371,1610612762,Utah Jazz,3,10,8,Made Shot,Jump Shot,,Above the Break 3,Left Side Center(LC),24+ ft.,25,-154,204,1,1,20190405,UTA,SAC,|1626220|1628378|203109|203497|204060,1,REG,2019,1627812,PG,Point of Attack,-0.78
204060,Joe Ingles,21801188401,Shot Chart Detail,21801188,401,1610612762,Utah Jazz,3,6,58,Missed Shot,Jump Shot,,Above the Break 3,Right Side Center(RC),24+ ft.,26,168,203,1,0,20190405,UTA,SAC,|1626220|1628378|203109|203497|204060,0,REG,2019,1627812,PG,Point of Attack,-0.78
1626220,Royce O'Neale,21801188403,Shot Chart Detail,21801188,403,1610612762,Utah Jazz,3,6,53,Missed Shot,Jump Shot,3PT Field Goal,Right Corner 3,Right Side(R),24+ ft.,23,229,31,1,0,20190405,UTA,SAC,|1626220|1628378|203109|203497|204060,0,REG,2019,1627812,PG,Point of Attack,-0.78
1628960,Grayson Allen,21801188487,Shot Chart Detail,21801188,487,1610612762,Utah Jazz,3,0,58,Made Shot,Pullup Jump shot,,Mid-Range,Center(C),16-24 ft.,17,7,171,1,1,20190405,UTA,SAC,|1627777|1628960|200757|202327|204060,1,REG,2019,1627812,PG,Point of Attack,-0.78
202327,Ekpe Udoh,21801188502,Shot Chart Detail,21801188,502,1610612762,Utah Jazz,3,0,2,Missed Shot,Turnaround Hook Shot,,In The Paint (Non-RA),Center(C),Less Than 8 ft.,6,29,59,1,0,20190405,UTA,SAC,|1627777|1628960|200757|202327|204060,0,REG,2019,1628963|1627812,,,
204060,Joe Ingles,21801188547,Shot Chart Detail,21801188,547,1610612762,Utah Jazz,4,9,2,Missed Shot,Jump Shot,,Above the Break 3,Right Side Center(RC),24+ ft.,26,171,204,1,0,20190405,UTA,SAC,|1626220|1628378|1628960|203497|204060,0,REG,2019,1627812,PG,Point of Attack,-0.78
1628378,Donovan Mitchell,21801188586,Shot Chart Detail,21801188,586,1610612762,Utah Jazz,4,6,45,Missed Shot,Jump Shot,,In The Paint (Non-RA),Center(C),Less Than 8 ft.,5,-21,53,1,0,20190405,UTA,SAC,|1626220|1627777|1628378|200757|203497,0,REG,2019,1627812,PG,Point of Attack,-0.78
1628378,Donovan Mitchell,21801188590,Shot Chart Detail,21801188,590,1610612762,Utah Jazz,4,6,24,Missed Shot,Jump Shot,,Above the Break 3,Center(C),24+ ft.,25,-64,251,1,0,20190405,UTA,SAC,|1626220|1627777|1628378|200757|203497,0,REG,2019,1627812,PG,Point of Attack,-0.78
1628378,Donovan Mitchell,21801188593,Shot Chart Detail,21801188,593,1610612762,Utah Jazz,4,5,59,Made Shot,Layup Shot,,Restricted Area,Center(C),Less Than 8 ft.,2,-19,15,1,1,20190405,UTA,SAC,|1626220|1627777|1628378|200757|203497,1,REG,2019,1627812,PG,Point of Attack,-0.78
1628396,Tony Bradley,21801188675,Shot Chart Detail,21801188,675,1610612762,Utah Jazz,4,1,6,Made Shot,Layup Shot,,Restricted Area,Center(C),Less Than 8 ft.,2,-18,13,1,1,20190405,UTA,SAC,|1627777|1628396|1628463|1628513|1628960,1,REG,2019,1627812|1628403,,,
1629541,Dairis Bertans,21801207209,Shot Chart Detail,21801207,209,1610612740,New Orleans Pelicans,2,8,43,Missed Shot,Jump Shot,,Left Corner 3,Left Side(L),24+ ft.,22,-225,25,1,0,20190407,SAC,NOP,|1626143|1627767|1629541|203524|203546,0,REG,2019,1627812,PG,Point of Attack,-0.78
1629541,Dairis Bertans,21801207213,Shot Chart Detail,21801207,213,1610612740,New Orleans Pelicans,2,8,30,Missed Shot,Jump Shot,,Mid-Range,Right Side Center(RC),16-24 ft.,21,120,183,1,0,20190407,SAC,NOP,|1626143|1627767|1629541|203524|203546,0,REG,2019,1627812,PG,Point of Attack,-0.78
1629541,Dairis Bertans,21801207217,Shot Chart Detail,21801207,217,1610612740,New Orleans Pelicans,2,7,57,Missed Shot,Pullup Jump shot,,Mid-Range,Left Side Center(LC),16-24 ft.,19,-147,128,1,0,20190407,SAC,NOP,|1626143|1627767|1629541|203524|203546,0,REG,2019,1627812,PG,Point of Attack,-0.78
1629541,Dairis Bertans,21801207462,Shot Chart Detail,21801207,462,1610612740,New Orleans Pelicans,3,1,22,Missed Shot,Jump Shot,,Above the Break 3,Right Side Center(RC),24+ ft.,25,170,195,1,0,20190407,SAC,NOP,|1626174|1627767|1629541|203524|203901,0,REG,2019,203084|1627812,,,
203901,Elfrid Payton,21801207472,Shot Chart Detail,21801207,472,1610612740,New Orleans Pelicans,3,0,30,Made Shot,Cutting Layup Shot,,Restricted Area,Center(C),Less Than 8 ft.,2,-27,0,1,1,20190407,SAC,NOP,|1626174|1627767|1629541|203524|203901,1,REG,2019,1627812,PG,Point of Attack,-0.78
203546,Ian Clark,21801207502,Shot Chart Detail,21801207,502,1610612740,New Orleans Pelicans,4,10,56,Made Shot,Jump Shot,,Left Corner 3,Left Side(L),24+ ft.,22,-228,10,1,1,20190407,SAC,NOP,|1626143|1627767|203524|203546|203901,1,REG,2019,1627812,PG,Point of Attack,-0.78
203901,Elfrid Payton,21801207553,Shot Chart Detail,21801207,553,1610612740,New Orleans Pelicans,4,7,31,Missed Shot,Hook Shot,,In The Paint (Non-RA),Center(C),Less Than 8 ft.,7,17,75,1,0,20190407,SAC,NOP,|1626143|1626174|203524|203546|203901,0,REG,2019,1627812,PG,Point of Attack,-0.78
1628380,Zach Collins,21801230120,Shot Chart Detail,21801230,120,1610612757,Portland Trail Blazers,1,1,35,Made Shot,Putback Layup Shot,,Restricted Area,Center(C),Less Than 8 ft.,0,0,-6,1,1,20190410,POR,SAC,|1627774|1628380|1629014|1629018|203086,0,REG,2019,1627812|1628963,,,
1629014,Anfernee Simons,21801230135,Shot Chart Detail,21801230,135,1610612757,Portland Trail Blazers,1,0,37,Made Shot,Pullup Jump shot,,Mid-Range,Right Side Center(RC),16-24 ft.,17,135,117,1,1,20190410,POR,SAC,|1627746|1627774|1628380|1629014|1629018,0,REG,2019,1627812,PG,Point of Attack,-0.78
1629014,Anfernee Simons,21801230142,Shot Chart Detail,21801230,142,1610612757,Portland Trail Blazers,1,0,2,Made Shot,Driving Finger Roll Layup Shot,,Restricted Area,Center(C),Less Than 8 ft.,1,-9,11,1,1,20190410,POR,SAC,|1627746|1627774|1628380|1629014|1629018,0,REG,2019,1627812,PG,Point of Attack,-0.78
1629014,Anfernee Simons,21801230178,Shot Chart Detail,21801230,178,1610612757,Portland Trail Blazers,2,8,51,Missed Shot,Jump Shot,,Above the Break 3,Left Side Center(LC),24+ ft.,27,-134,241,1,0,20190410,POR,SAC,|1627746|1627774|1628380|1629014|1629018,0,REG,2019,1627812,PG,Point of Attack,-0.78
1629014,Anfernee Simons,21801230193,Shot Chart Detail,21801230,193,1610612757,Portland Trail Blazers,2,7,35,Made Shot,Pullup Jump shot,,Above the Break 3,Left Side Center(LC),24+ ft.,25,-150,212,1,1,20190410,POR,SAC,|1627746|1627774|1628380|1629014|1629018,0,REG,2019,1627812,PG,Point of Attack,-0.78
1629014,Anfernee Simons,21801230306,Shot Chart Detail,21801230,306,1610612757,Portland Trail Blazers,3,10,22,Missed Shot,Step Back Bank Jump Shot,,Above the Break 3,Left Side Center(LC),24+ ft.,25,-165,195,1,0,20190410,POR,SAC,|1627746|1627774|1629014|1629018|203086,0,REG,2019,1627812,PG,Point of Attack,-0.78
1629018,Gary Trent Jr.,21801230316,Shot Chart Detail,21801230,316,1610612757,Portland Trail Blazers,3,9,42,Missed Shot,Jump Shot,,Above the Break 3,Left Side Center(LC),24+ ft.,25,-97,241,1,0,20190410,POR,SAC,|1627746|1627774|1629014|1629018|203086,0,REG,2019,1627812,PG,Point of Attack,-0.78
203086,Meyers Leonard,21801230373,Shot Chart Detail,21801230,373,1610612757,Portland Trail Blazers,3,5,22,Made Shot,Pullup Jump shot,,Mid-Range,Left Side(L),8-16 ft.,15,-119,99,1,1,20190410,POR,SAC,|1627746|1627774|1629014|1629018|203086,1,REG,2019,1627812|1628963,,,
1627746,Skal Labissiere,21801230377,Shot Chart Detail,21801230,377,1610612757,Portland Trail Blazers,3,4,51,Made Shot,Turnaround Hook Shot,2PT Field Goal,In The Paint (Non-RA),Center(C),Less Than 8 ft.,5,-47,26,1,1,20190410,POR,SAC,|1627746|1627774|1629014|1629018|203086,0,REG,2019,1627812,PG,Point of Attack,-0.78
1629018,Gary Trent Jr.,21801230433,Shot Chart Detail,21801230,433,1610612757,Portland Trail Blazers,4,11,44,Made Shot,Driving Layup Shot,,Restricted Area,Center(C),Less Than 8 ft.,1,1,11,1,1,20190410,POR,SAC,|1627774|1628380|1629014|1629018|203086,1,REG,2019,1627812,PG,Point of Attack,-0.78
1629018,Gary Trent Jr.,21801230443,Shot Chart Detail,21801230,443,1610612757,Portland Trail Blazers,4,10,31,Missed Shot,Turnaround Jump Shot,,In The Paint (Non-RA),Center(C),Less Than 8 ft.,4,-44,9,1,0,20190410,POR,SAC,|1627774|1628380|1629014|1629018|203086,0,REG,2019,1627812,PG,Point of Attack,-0.78
203086,Meyers Leonard,21801230483,Shot Chart Detail,21801230,483,1610612757,Portland Trail Blazers,4,7,31,Missed Shot,Jump Shot,,Mid-Range,Center(C),16-24 ft.,16,33,157,1,0,20190410,POR,SAC,|1627746|1627774|1629014|1629018|203086,0,REG,2019,1627812|201147,,,
1629014,Anfernee Simons,21801230528,Shot Chart Detail,21801230,528,1610612757,Portland Trail Blazers,4,2,33,Missed Shot,Driving Floating Jump Shot,,In The Paint (Non-RA),Center(C),8-16 ft.,13,56,122,1,0,20190410,POR,SAC,|1627746|1627774|1629014|1629018|203086,0,REG,2019,1627812,PG,Point of Attack,-0.78
1629014,Anfernee Simons,21801230538,Shot Chart Detail,21801230,538,1610612757,Portland Trail Blazers,4,2,5,Made Shot,Jump Shot,,Left Corner 3,Left Side(L),24+ ft.,22,-225,29,1,1,20190410,POR,SAC,|1627746|1627774|1629014|1629018|203086,1,REG,2019,1627812|1629168,,,
1629014,Anfernee Simons,21801230556,Shot Chart Detail,21801230,556,1610612757,Portland Trail Blazers,4,0,50,Missed Shot,Driving Floating Jump Shot,,In The Paint (Non-RA),Center(C),8-16 ft.,9,29,95,1,0,20190410,POR,SAC,|1627746|1627774|1629014|1629018|203086,0,REG,2019,1627812,PG,Point of Attack,-0.78
1629014,Anfernee Simons,21801230558,Shot Chart Detail,21801230,558,1610612757,Portland Trail Blazers,4,0,48,Made Shot,Tip Layup Shot,,Restricted Area,Center(C),Less Than 8 ft.,0,0,-6,1,1,20190410,POR,SAC,|1627746|1627774|1629014|1629018|203086,0,REG,2019,1627812,PG,Point of Attack,-0.78
