GRID_TYPE,GAME_ID,EVENTNUM,PLAYER_ID,PLAYER_NAME,TEAM_ID,TEAM_NAME,PERIOD,MINUTES_REMAINING,SECONDS_REMAINING,EVENT_TYPE,ACTION_TYPE,SHOT_TYPE,SHOT_ZONE_BASIC,SHOT_ZONE_AREA,SHOT_ZONE_RANGE,SHOT_DISTANCE,LOC_X,LOC_Y,SHOT_ATTEMPTED_FLAG,SHOT_MADE_FLAG,GAME_DATE,HTM,VTM,SHOT_ID,time,extra,PLAYERS_ON,assisted,season_type,year,DEF_ID,score_margin,DEF_POSITION,DEF_ROLE,D_LEBRON,dsc,OFF_POSITION,OFF_ROLE,O_LEBRON,ASSIST_ID
Shot Chart Detail,21800161,82,201980,Danny Green,1610612761,Toronto Raptors,1,4,27,Missed Shot,Jump Shot,3PT Field Goal,Above the Break 3,Left Side Center(LC),24+ ft.,25,-174,185,1,0,20181107,SAC,TOR,2180016182,4530,0,200768|201586|201980|202695|1627783,0,REG,2019,203992,-7.0,SG,Chaser,-0.87,MISS Green 25' 3PT Jump Shot,SG,Off Screen Shooter,0.16,
Shot Chart Detail,21800161,117,201980,Danny Green,1610612761,Toronto Raptors,1,2,38,Missed Shot,Pullup Jump shot,2PT Field Goal,Mid-Range,Center(C),16-24 ft.,23,4,230,1,0,20181107,SAC,TOR,21800161117,5620,0,200768|201980|202685|1627832|1628384,0,REG,2019,203992,-2.0,SG,Chaser,-0.87,MISS Green 23' Pullup Jump Shot,SG,Off Screen Shooter,0.16,
Shot Chart Detail,21800161,445,202695,Kawhi Leonard,1610612761,Toronto Raptors,3,4,13,Made Shot,Driving Dunk Shot,2PT Field Goal,Restricted Area,Center(C),Less Than 8 ft.,1,7,15,1,1,20181107,SAC,TOR,21800161445,19070,0,200768|201586|201980|202695|1627783,0,REG,2019,203992,,SG,Chaser,-0.87,Leonard 2' Driving Dunk (17 PTS),SF,Shot Creator,3.54,
Shot Chart Detail,21800161,476,200768,Kyle Lowry,1610612761,Toronto Raptors,3,2,34,Made Shot,Driving Floating Jump Shot,2PT Field Goal,In The Paint (Non-RA),Center(C),8-16 ft.,11,20,115,1,1,20181107,SAC,TOR,21800161476,20060,0,200768|201980|202685|1627832|1628384,0,REG,2019,203992,14.0,SG,Chaser,-0.87,Lowry 12' Driving Floating Jump Shot (16 PTS),PG,Primary Ball Handler,2.2,
Shot Chart Detail,21800161,507,1627832,Fred VanVleet,1610612761,Toronto Raptors,3,0,30,Made Shot,Jump Shot,3PT Field Goal,Above the Break 3,Right Side Center(RC),24+ ft.,25,93,240,1,1,20181107,SAC,TOR,21800161507,21300,0,202685|1626153|1627783|1627832|1628384,1,REG,2019,203992,16.0,SG,Chaser,-0.87,VanVleet 26' 3PT Jump Shot (6 PTS) (Wright 1 AST),PG,Primary Ball Handler,0.69,1626153.0
Shot Chart Detail,21800161,526,1628384,OG Anunoby,1610612761,Toronto Raptors,4,10,39,Made Shot,Driving Layup Shot,2PT Field Goal,In The Paint (Non-RA),Center(C),Less Than 8 ft.,4,40,3,1,1,20181107,SAC,TOR,21800161526,22410,0,202685|1626153|1627783|1627832|1628384,0,REG,2019,203992,14.0,SG,Chaser,-0.87,Anunoby 4' Driving Layup (9 PTS),SF,Athletic Finisher,-1.4,
Shot Chart Detail,21800161,540,1628384,OG Anunoby,1610612761,Toronto Raptors,4,9,35,Missed Shot,Jump Shot,3PT Field Goal,Right Corner 3,Right Side(R),24+ ft.,23,235,26,1,0,20181107,SAC,TOR,21800161540,23050,0,202685|1626153|1627783|1627832|1628384,0,REG,2019,203992,12.0,SG,Chaser,-0.87,MISS Anunoby 24' 3PT Jump Shot,SF,Athletic Finisher,-1.4,
Shot Chart Detail,21800183,75,1627742,Brandon Ingram,1610612747,Los Angeles Lakers,1,6,42,Missed Shot,Jump Shot,2PT Field Goal,Mid-Range,Right Side Center(RC),16-24 ft.,18,103,157,1,0,20181110,SAC,LAL,2180018375,3180,0,2199|2544|1627742|1628366|1628398,0,REG,2019,203992,4.0,SG,Chaser,-0.87,MISS Ingram 19' Jump Shot,SF,Shot Creator,-0.42,
Shot Chart Detail,21800183,147,1628404,Josh Hart,1610612747,Los Angeles Lakers,1,1,49,Missed Shot,Driving Floating Bank Jump Shot,2PT Field Goal,Mid-Range,Right Side(R),8-16 ft.,10,90,52,1,0,20181110,SAC,LAL,21800183147,6110,0,200765|201580|203484|1627742|1628404,0,REG,2019,203992|201585,6.0,,,,,SG,Off Screen Shooter,-1.61,
Shot Chart Detail,21800183,434,200765,Rajon Rondo,1610612747,Los Angeles Lakers,3,3,50,Made Shot,Pullup Jump shot,3PT Field Goal,Above the Break 3,Right Side Center(RC),24+ ft.,25,201,155,1,1,20181110,SAC,LAL,21800183434,19300,0,2199|2544|200765|1627742|1628398,0,REG,2019,203992,11.0,SG,Chaser,-0.87,Rondo 25' 3PT Pullup Jump Shot (3 PTS),PG,Primary Ball Handler,-1.18,
Shot Chart Detail,21800183,441,2199,Tyson Chandler,1610612747,Los Angeles Lakers,3,3,19,Missed Shot,Layup Shot,2PT Field Goal,Restricted Area,Center(C),Less Than 8 ft.,1,16,6,1,0,20181110,SAC,LAL,21800183441,19610,0,2199|2544|200765|1627742|1628398,0,REG,2019,203992|202357,9.0,,,,,C,Roll + Cut Big,-2.36,
Shot Chart Detail,21800197,96,201942,DeMar DeRozan,1610612759,San Antonio Spurs,1,3,34,Missed Shot,Jump Shot,2PT Field Goal,In The Paint (Non-RA),Center(C),Less Than 8 ft.,6,-25,62,1,0,20181112,SAC,SAS,2180019796,5060,0,200752|201158|201942|201988|1627751,0,REG,2019,203992,-5.0,SG,Chaser,-0.87,MISS DeRozan 7' Jump Shot,SG,Shot Creator,0.51,
Shot Chart Detail,21800197,144,1627854,Bryn Forbes,1610612759,San Antonio Spurs,2,11,37,Made Shot,Driving Floating Jump Shot,2PT Field Goal,In The Paint (Non-RA),Center(C),8-16 ft.,8,-8,84,1,1,20181112,SAC,SAS,21800197144,7430,0,200752|201158|201988|1627751|1627854,1,REG,2019,203992,1.0,SG,Chaser,-0.87,Forbes 8' Driving Floating Jump Shot (5 PTS) (Mills 1 AST),SG,Secondary Ball Handler,-1.12,201988.0
Shot Chart Detail,21800197,148,1627854,Bryn Forbes,1610612759,San Antonio Spurs,2,11,15,Missed Shot,Jump Shot,3PT Field Goal,Right Corner 3,Right Side(R),24+ ft.,23,236,40,1,0,20181112,SAC,SAS,21800197148,7650,0,200752|201158|201988|1627751|1627854,0,REG,2019,203992,1.0,SG,Chaser,-0.87,MISS Forbes 24' 3PT Jump Shot,SG,Secondary Ball Handler,-1.12,
Shot Chart Detail,21800197,222,201942,DeMar DeRozan,1610612759,San Antonio Spurs,2,4,57,Missed Shot,Driving Layup Shot,2PT Field Goal,Restricted Area,Center(C),Less Than 8 ft.,1,5,17,1,0,20181112,SAC,SAS,21800197222,11430,0,200746|201942|201967|202347|1628401,0,REG,2019,203992,-6.0,SG,Chaser,-0.87,MISS DeRozan 2' Driving Layup,SG,Shot Creator,0.51,
Shot Chart Detail,21800197,391,201988,Patty Mills,1610612759,San Antonio Spurs,3,4,0,Missed Shot,Jump Shot,3PT Field Goal,Right Corner 3,Right Side(R),24+ ft.,23,232,20,1,0,20181112,SAC,SAS,21800197391,19200,0,200746|200752|201158|201942|201988,0,REG,2019,203992,-3.0,SG,Chaser,-0.87,MISS Mills 3PT Jump Shot,PG,Primary Ball Handler,1.24,
Shot Chart Detail,21800197,439,200752,Rudy Gay,1610612759,San Antonio Spurs,3,1,18,Made Shot,Turnaround Fadeaway shot,2PT Field Goal,Mid-Range,Left Side(L),16-24 ft.,18,-158,91,1,1,20181112,SAC,SAS,21800197439,20820,0,200752|201158|201988|202722|1627751,0,REG,2019,203992,,SG,Chaser,-0.87,Gay 18' Turnaround Fadeaway (12 PTS),PF,Low Minute,-0.12,
Shot Chart Detail,21800197,526,201942,DeMar DeRozan,1610612759,San Antonio Spurs,4,6,56,Made Shot,Running Reverse Layup Shot,2PT Field Goal,Restricted Area,Center(C),Less Than 8 ft.,1,3,13,1,1,20181112,SAC,SAS,21800197526,24640,0,200746|201942|201967|1627854|1628401,1,REG,2019,203992|202357,-2.0,,,,,SG,Shot Creator,0.51,1627854.0
Shot Chart Detail,21800197,585,1627854,Bryn Forbes,1610612759,San Antonio Spurs,4,2,8,Missed Shot,Jump Shot,3PT Field Goal,Above the Break 3,Center(C),24+ ft.,25,70,247,1,0,20181112,SAC,SAS,21800197585,27520,0,200746|200752|201942|201988|1627854,0,REG,2019,203992,-10.0,SG,Chaser,-0.87,MISS Forbes 26' 3PT Jump Shot,SG,Secondary Ball Handler,-1.12,
Shot Chart Detail,21800197,607,1627854,Bryn Forbes,1610612759,San Antonio Spurs,4,0,3,Made Shot,Jump Shot,3PT Field Goal,Above the Break 3,Left Side Center(LC),24+ ft.,25,-183,183,1,1,20181112,SAC,SAS,21800197607,28770,0,201942|201988|202347|202722|1627854,1,REG,2019,203992,-5.0,SG,Chaser,-0.87,Forbes 26' 3PT Jump Shot (10 PTS) (Pondexter 2 AST),SG,Secondary Ball Handler,-1.12,202347.0
Shot Chart Detail,21800220,71,201144,Mike Conley,1610612763,Memphis Grizzlies,1,5,20,Made Shot,Driving Floating Bank Jump Shot,2PT Field Goal,Mid-Range,Right Side(R),8-16 ft.,11,105,53,1,1,20181116,MEM,SAC,2180022071,4000,0,201144|201188|201956|203937|1627782,1,REG,2019,203992,9.0,SG,Chaser,-0.87,Conley 12' Driving Floating Bank Jump Shot (2 PTS) (Selden 1 AST),PG,Primary Ball Handler,3.71,1627782.0
Shot Chart Detail,21800220,97,1627782,Wayne Selden,1610612763,Memphis Grizzlies,1,3,38,Missed Shot,Jump Shot,3PT Field Goal,Above the Break 3,Left Side Center(LC),24+ ft.,25,-103,229,1,0,20181116,MEM,SAC,2180022097,5020,0,201188|201956|202705|202714|1627782,0,REG,2019,203992,0.0,SG,Chaser,-0.87,MISS Selden 25' 3PT Jump Shot,SG,Movement Shooter,-1.34,
Shot Chart Detail,21800220,132,1627782,Wayne Selden,1610612763,Memphis Grizzlies,1,0,57,Missed Shot,Running Layup Shot,2PT Field Goal,Restricted Area,Center(C),Less Than 8 ft.,1,-15,-7,1,0,20181116,MEM,SAC,21800220132,6630,0,201956|202705|202714|1627782|1628991,0,REG,2019,203992,6.0,SG,Chaser,-0.87,MISS Selden 2' Running Layup,SG,Movement Shooter,-1.34,
Shot Chart Detail,21800220,176,202066,Garrett Temple,1610612763,Memphis Grizzlies,2,10,47,Made Shot,Jump Shot,3PT Field Goal,Right Corner 3,Right Side(R),24+ ft.,22,224,46,1,1,20181116,MEM,SAC,21800220176,7930,0,201144|202066|203937|1627782|1628991,1,REG,2019,203992,3.0,SG,Chaser,-0.87,Temple 3PT Jump Shot (9 PTS) (Conley 4 AST),SG,Movement Shooter,-2.05,201144.0
Shot Chart Detail,21800220,227,201188,Marc Gasol,1610612763,Memphis Grizzlies,2,6,39,Made Shot,Jump Shot,2PT Field Goal,Mid-Range,Left Side Center(LC),16-24 ft.,17,-58,162,1,1,20181116,MEM,SAC,21800220227,10410,0,201144|201188|202714|1627782|1628991,1,REG,2019,203992,-2.0,SG,Chaser,-0.87,Gasol 17' Jump Shot (2 PTS) (Selden 2 AST),C,Versatile Big,-0.59,1627782.0
Shot Chart Detail,21800220,496,1627782,Wayne Selden,1610612763,Memphis Grizzlies,3,1,11,Missed Shot,Running Layup Shot,2PT Field Goal,Restricted Area,Center(C),Less Than 8 ft.,3,26,29,1,0,20181116,MEM,SAC,21800220496,20890,0,202705|202714|203937|1627782|1628991,0,REG,2019,203992,11.0,SG,Chaser,-0.87,MISS Selden 4' Running Layup,SG,Movement Shooter,-1.34,
Shot Chart Detail,21800220,555,1627782,Wayne Selden,1610612763,Memphis Grizzlies,4,9,30,Made Shot,Cutting Dunk Shot,2PT Field Goal,Restricted Area,Center(C),Less Than 8 ft.,0,6,-4,1,1,20181116,MEM,SAC,21800220555,23100,0,201188|202705|202714|203937|1627782,1,REG,2019,203992,11.0,SG,Chaser,-0.87,Selden 1' Cutting Dunk Shot (10 PTS) (Mack 7 AST),SG,Movement Shooter,-1.34,202714.0
Shot Chart Detail,21800220,567,1627782,Wayne Selden,1610612763,Memphis Grizzlies,4,8,21,Missed Shot,Driving Floating Jump Shot,2PT Field Goal,Mid-Range,Left Side(L),8-16 ft.,9,-92,-13,1,0,20181116,MEM,SAC,21800220567,23790,0,201188|202705|202714|203937|1627782,0,REG,2019,203992,12.0,SG,Chaser,-0.87,MISS Selden 9' Driving Floating Jump Shot,SG,Movement Shooter,-1.34,
Shot Chart Detail,21800231,121,201569,Eric Gordon,1610612745,Houston Rockets,1,2,57,Missed Shot,Pullup Jump shot,3PT Field Goal,Above the Break 3,Left Side Center(LC),24+ ft.,26,-193,184,1,0,20181117,HOU,SAC,21800231121,5430,0,101108|101123|201569|203991|1629109,0,REG,2019,203992,-2.0,SG,Chaser,-0.87,MISS Gordon 27' 3PT Pullup Jump Shot,SG,Movement Shooter,1.52,
Shot Chart Detail,21800231,215,201935,James Harden,1610612745,Houston Rockets,2,6,57,Made Shot,Driving Layup Shot,2PT Field Goal,Restricted Area,Center(C),Less Than 8 ft.,2,-2,20,1,1,20181117,HOU,SAC,21800231215,10230,0,101108|200782|201569|201935|203516,0,REG,2019,203992,11.0,SG,Chaser,-0.87,Harden 2' Driving Layup (9 PTS),PG,Shot Creator,6.42,
Shot Chart Detail,21800231,518,201935,James Harden,1610612745,Houston Rockets,4,9,11,Missed Shot,Step Back Jump shot,3PT Field Goal,Above the Break 3,Left Side Center(LC),24+ ft.,26,-91,247,1,0,20181117,HOU,SAC,21800231518,23290,0,101108|200782|201935|203516|203991,0,REG,2019,203992,24.0,SG,Chaser,-0.87,MISS Harden 26' 3PT Step Back Jump Shot,PG,Shot Creator,6.42,
Shot Chart Detail,21800247,79,201566,Russell Westbrook,1610612760,Oklahoma City Thunder,1,6,42,Missed Shot,Driving Layup Shot,2PT Field Goal,In The Paint (Non-RA),Center(C),Less Than 8 ft.,4,-6,43,1,0,20181119,SAC,OKC,2180024779,3180,0,201566|202331|203471|203500|1627789,0,REG,2019,203992|1628368,-14.0,,,,,PG,Shot Creator,3.44,
Shot Chart Detail,21800247,92,201566,Russell Westbrook,1610612760,Oklahoma City Thunder,1,5,41,Made Shot,Reverse Layup Shot,2PT Field Goal,Restricted Area,Center(C),Less Than 8 ft.,1,-8,11,1,1,20181119,SAC,OKC,2180024792,3790,0,201566|202331|203471|203500|1627789,1,REG,2019,203992|1627741|1626161,-17.0,,,,,PG,Shot Creator,3.44,202331.0
Shot Chart Detail,21800247,113,201566,Russell Westbrook,1610612760,Oklahoma City Thunder,1,4,36,Made Shot,Jump Shot,3PT Field Goal,Above the Break 3,Left Side Center(LC),24+ ft.,24,-223,92,1,1,20181119,SAC,OKC,21800247113,4440,0,201566|202331|203471|203500|1627789,0,REG,2019,203992,-12.0,SG,Chaser,-0.87,Westbrook 24' 3PT Jump Shot (9 PTS),PG,Shot Creator,3.44,
Shot Chart Detail,21800247,165,203471,Dennis Schröder,1610612760,Oklahoma City Thunder,1,0,32,Missed Shot,Driving Layup Shot,2PT Field Goal,Restricted Area,Center(C),Less Than 8 ft.,1,15,11,1,0,20181119,SAC,OKC,21800247165,6880,0,101109|202331|202335|203471|1627789,0,REG,2019,203992,-11.0,SG,Chaser,-0.87,MISS Schroder 2' Driving Layup,PG,Primary Ball Handler,0.45,
Shot Chart Detail,21800247,183,101109,Raymond Felton,1610612760,Oklahoma City Thunder,2,11,30,Made Shot,Jump Shot,3PT Field Goal,Above the Break 3,Right Side Center(RC),24+ ft.,25,192,170,1,1,20181119,SAC,OKC,21800247183,7500,0,101109|202335|203471|1627789|1629126,1,REG,2019,203992,-12.0,SG,Chaser,-0.87,Felton 26' 3PT Jump Shot (3 PTS) (Patterson 1 AST),PG,Secondary Ball Handler,-0.83,202335.0
Shot Chart Detail,21800247,206,1627789,Timothe Luwawu-Cabarrot,1610612760,Oklahoma City Thunder,2,8,58,Made Shot,Driving Layup Shot,2PT Field Goal,Restricted Area,Center(C),Less Than 8 ft.,2,-20,10,1,1,20181119,SAC,OKC,21800247206,9020,0,101109|202335|203471|1627789|1629126,1,REG,2019,203992|202697,-12.0,,,,,SF,Stationary Shooter,-1.55,101109.0
Shot Chart Detail,21800247,218,1628977,Hamidou Diallo,1610612760,Oklahoma City Thunder,2,8,20,Made Shot,Jump Shot,3PT Field Goal,Right Corner 3,Right Side(R),24+ ft.,22,228,29,1,1,20181119,SAC,OKC,21800247218,9400,0,201566|202335|1627789|1628977|1629126,1,REG,2019,203992,-9.0,SG,Chaser,-0.87,Diallo 3PT Jump Shot (3 PTS) (Westbrook 3 AST),SG,Athletic Finisher,-1.56,201566.0
Shot Chart Detail,21800247,254,203924,Jerami Grant,1610612760,Oklahoma City Thunder,2,6,15,Made Shot,Cutting Dunk Shot,2PT Field Goal,Restricted Area,Center(C),Less Than 8 ft.,1,10,8,1,1,20181119,SAC,OKC,21800247254,10650,0,201566|203500|203924|1627789|1628977,1,REG,2019,203992|1628368,-5.0,,,,,PF,Stretch Big,-0.31,201566.0
Shot Chart Detail,21800247,340,1628977,Hamidou Diallo,1610612760,Oklahoma City Thunder,2,0,5,Made Shot,Running Layup Shot,2PT Field Goal,Restricted Area,Center(C),Less Than 8 ft.,2,-3,28,1,1,20181119,SAC,OKC,21800247340,14350,0,201566|202331|203500|1627789|1628977,1,REG,2019,203992,-13.0,SG,Chaser,-0.87,Diallo 3' Running Layup (11 PTS) (Westbrook 5 AST),SG,Athletic Finisher,-1.56,201566.0
Shot Chart Detail,21800247,563,1627789,Timothe Luwawu-Cabarrot,1610612760,Oklahoma City Thunder,4,8,56,Missed Shot,Jump Shot,3PT Field Goal,Above the Break 3,Right Side Center(RC),24+ ft.,24,111,221,1,0,20181119,SAC,OKC,21800247563,23440,0,201566|202335|203471|203500|1627789,0,REG,2019,203992,-4.0,SG,Chaser,-0.87,MISS Luwawu-Cabarrot 25' 3PT Jump Shot,SF,Stationary Shooter,-1.55,
Shot Chart Detail,21800247,669,201566,Russell Westbrook,1610612760,Oklahoma City Thunder,4,0,36,Made Shot,Driving Layup Shot,2PT Field Goal,Restricted Area,Center(C),Less Than 8 ft.,1,16,8,1,1,20181119,SAC,OKC,21800247669,28440,0,201566|202331|203471|203500|1628977,0,REG,2019,203992,-7.0,SG,Chaser,-0.87,Westbrook 2' Driving Layup (29 PTS),PG,Shot Creator,3.44,
Shot Chart Detail,21800247,699,203471,Dennis Schröder,1610612760,Oklahoma City Thunder,4,0,0,Missed Shot,Jump Shot,2PT Field Goal,Mid-Range,Left Side Center(LC),16-24 ft.,22,-154,169,1,0,20181119,SAC,OKC,21800247699,28800,0,203471,0,REG,2019,203992,-4.0,SG,Chaser,-0.87,MISS Schroder 23' Jump Shot,PG,Primary Ball Handler,0.45,
Shot Chart Detail,21800263,207,202324,Derrick Favors,1610612762,Utah Jazz,2,10,11,Made Shot,Tip Layup Shot,2PT Field Goal,Restricted Area,Center(C),Less Than 8 ft.,0,0,-6,1,1,20181121,UTA,SAC,21800263207,8290,0,202324|203109|203957|1626220|1628378,0,REG,2019,203992,-11.0,SG,Chaser,-0.87,Favors 1' Tip Layup Shot (4 PTS),C,Roll + Cut Big,0.87,
Shot Chart Detail,21800263,335,203109,Jae Crowder,1610612762,Utah Jazz,2,2,10,Missed Shot,Jump Shot,3PT Field Goal,Above the Break 3,Right Side Center(RC),24+ ft.,24,228,97,1,0,20181121,UTA,SAC,21800263335,13100,0,203109|203497|204060|1626220|1628378,0,REG,2019,203992,-4.0,SG,Chaser,-0.87,MISS Crowder 25' 3PT Jump Shot,SF,Movement Shooter,0.69,
Shot Chart Detail,21800263,476,202324,Derrick Favors,1610612762,Utah Jazz,3,3,38,Made Shot,Putback Dunk Shot,2PT Field Goal,Restricted Area,Center(C),Less Than 8 ft.,1,-4,15,1,1,20181121,UTA,SAC,21800263476,19420,0,202324|202692|203497|203957|204060,0,REG,2019,203992,,SG,Chaser,-0.87,Favors 2' Putback Dunk (6 PTS),C,Roll + Cut Big,0.87,
Shot Chart Detail,21800263,487,204060,Joe Ingles,1610612762,Utah Jazz,3,3,7,Missed Shot,Floating Jump shot,3PT Field Goal,Above the Break 3,Left Side Center(LC),24+ ft.,24,-227,102,1,0,20181121,UTA,SAC,21800263487,19730,0,202324|202692|203497|203957|204060,0,REG,2019,203992|1628385,-1.0,,,,,PF,Secondary Ball Handler,0.61,
Shot Chart Detail,21800263,531,202324,Derrick Favors,1610612762,Utah Jazz,3,0,0,Made Shot,Hook Shot,2PT Field Goal,Restricted Area,Center(C),Less Than 8 ft.,2,-21,0,1,1,20181121,UTA,SAC,21800263531,21600,0,202324|203497|203957|1626220|1628378,0,REG,2019,203992|1627741,-1.0,,,,,C,Roll + Cut Big,0.87,
Shot Chart Detail,21800263,692,203109,Jae Crowder,1610612762,Utah Jazz,4,0,21,Missed Shot,Jump Shot,3PT Field Goal,Above the Break 3,Right Side Center(RC),24+ ft.,25,196,163,1,0,20181121,UTA,SAC,21800263692,28590,0,201937|203109|203497|204060|1628378,0,REG,2019,203992,-7.0,SG,Chaser,-0.87,MISS Crowder 25' 3PT Jump Shot,SF,Movement Shooter,0.69,
Shot Chart Detail,21800285,120,202691,Klay Thompson,1610612744,Golden State Warriors,1,3,40,Made Shot,Pullup Jump shot,3PT Field Goal,Above the Break 3,Left Side Center(LC),24+ ft.,27,-141,233,1,1,20181124,GSW,SAC,21800285120,5000,0,2733|201142|201973|202691|1626172,1,REG,2019,203992,3.0,SG,Chaser,-0.87,Thompson 27' 3PT Pullup Jump Shot (8 PTS) (Looney 1 AST),SG,Off Screen Shooter,1.07,1626172.0
Shot Chart Detail,21800285,146,2733,Shaun Livingston,1610612744,Golden State Warriors,1,1,48,Missed Shot,Jump Shot,2PT Field Goal,Mid-Range,Left Side(L),8-16 ft.,13,-127,31,1,0,20181124,GSW,SAC,21800285146,6120,0,2733|201973|202691|1626172|1627814,0,REG,2019,203992,-2.0,SG,Chaser,-0.87,MISS Livingston 13' Jump Shot,PG,Shot Creator,-1.39,
Shot Chart Detail,21800285,162,202691,Klay Thompson,1610612744,Golden State Warriors,1,1,15,Made Shot,Jump Bank Shot,2PT Field Goal,Mid-Range,Left Side Center(LC),16-24 ft.,18,-136,123,1,1,20181124,GSW,SAC,21800285162,6450,0,2733|201973|202691|1626172|1627814,1,REG,2019,203992,0.0,SG,Chaser,-0.87,Thompson 18' Jump Bank Shot (12 PTS) (Looney 2 AST),SG,Off Screen Shooter,1.07,1626172.0
Shot Chart Detail,21800285,279,201142,Kevin Durant,1610612744,Golden State Warriors,2,5,6,Missed Shot,Layup Shot,2PT Field Goal,Restricted Area,Center(C),Less Than 8 ft.,1,6,18,1,0,20181124,GSW,SAC,21800285279,11340,0,2738|201142|1626188|1627814|1628395,0,REG,2019,203992,-6.0,SG,Chaser,-0.87,MISS Durant 2' Layup,SF,Shot Creator,4.01,
Shot Chart Detail,21800285,301,1627814,Damion Lee,1610612744,Golden State Warriors,2,4,31,Made Shot,Pullup Jump shot,3PT Field Goal,Right Corner 3,Right Side(R),24+ ft.,22,223,34,1,1,20181124,GSW,SAC,21800285301,11690,0,2738|202691|1626188|1627814|1628395,1,REG,2019,203992,-3.0,SG,Chaser,-0.87,Lee 3PT Pullup Jump Shot (5 PTS) (Cook 3 AST),SG,Off Screen Shooter,-1.02,1626188.0
Shot Chart Detail,21800285,309,2738,Andre Iguodala,1610612744,Golden State Warriors,2,3,59,Missed Shot,Jump Shot,3PT Field Goal,Left Corner 3,Left Side(L),24+ ft.,23,-230,20,1,0,20181124,GSW,SAC,21800285309,12010,0,2738|202691|1626172|1626188|1627814,0,REG,2019,203992,-5.0,SG,Chaser,-0.87,MISS Iguodala 3PT Jump Shot,SF,Athletic Finisher,0.02,
Shot Chart Detail,21800285,341,201142,Kevin Durant,1610612744,Golden State Warriors,2,1,51,Missed Shot,Jump Shot,3PT Field Goal,Above the Break 3,Left Side Center(LC),24+ ft.,25,-169,196,1,0,20181124,GSW,SAC,21800285341,13290,0,2738|201142|201973|202691|1626172,0,REG,2019,203992,-10.0,SG,Chaser,-0.87,MISS Durant 26' 3PT Jump Shot,SF,Shot Creator,4.01,
Shot Chart Detail,21800285,437,202691,Klay Thompson,1610612744,Golden State Warriors,3,7,6,Missed Shot,Jump Shot,3PT Field Goal,Above the Break 3,Center(C),24+ ft.,25,2,252,1,0,20181124,GSW,SAC,21800285437,17340,0,2738|201142|202691|1626188|1627745,0,REG,2019,203992,5.0,SG,Chaser,-0.87,MISS Thompson 25' 3PT Jump Shot,SG,Off Screen Shooter,1.07,
Shot Chart Detail,21800285,471,202691,Klay Thompson,1610612744,Golden State Warriors,3,4,59,Missed Shot,Jump Shot,2PT Field Goal,Mid-Range,Right Side(R),16-24 ft.,22,185,132,1,0,20181124,GSW,SAC,21800285471,18610,0,2738|201142|201973|202691|1627745,0,REG,2019,203992,3.0,SG,Chaser,-0.87,MISS Thompson 23' Jump Shot,SG,Off Screen Shooter,1.07,
Shot Chart Detail,21800285,473,1627745,Damian Jones,1610612744,Golden State Warriors,3,4,57,Made Shot,Putback Dunk Shot,2PT Field Goal,Restricted Area,Center(C),Less Than 8 ft.,0,0,-6,1,1,20181124,GSW,SAC,21800285473,18630,0,2738|201142|201973|202691|1627745,0,REG,2019,203992,,SG,Chaser,-0.87,Jones 1' Putback Dunk (13 PTS),C,Roll + Cut Big,-1.73,
Shot Chart Detail,21800285,486,201142,Kevin Durant,1610612744,Golden State Warriors,3,3,54,Missed Shot,Jump Shot,2PT Field Goal,Mid-Range,Left Side Center(LC),16-24 ft.,18,-127,137,1,0,20181124,GSW,SAC,21800285486,19260,0,2738|201142|201973|202691|1627745,0,REG,2019,203992,5.0,SG,Chaser,-0.87,MISS Durant 19' Jump Shot,SF,Shot Creator,4.01,
Shot Chart Detail,21800285,515,202691,Klay Thompson,1610612744,Golden State Warriors,3,2,7,Missed Shot,Pullup Jump shot,3PT Field Goal,Above the Break 3,Right Side Center(RC),24+ ft.,26,90,245,1,0,20181124,GSW,SAC,21800285515,20330,0,2733|201973|202691|1626172|1627814,0,REG,2019,203992,2.0,SG,Chaser,-0.87,MISS Thompson 26' 3PT Pullup Jump Shot,SG,Off Screen Shooter,1.07,
Shot Chart Detail,21800292,35,201937,Ricky Rubio,1610612762,Utah Jazz,1,7,48,Made Shot,Jump Shot,3PT Field Goal,Above the Break 3,Left Side Center(LC),24+ ft.,25,-92,241,1,1,20181125,SAC,UTA,2180029235,2520,0,201937|203109|203497|204060|1626220,1,REG,2019,203992|1626161,-2.0,,,,,PG,Primary Ball Handler,0.31,203497.0
Shot Chart Detail,21800292,62,203957,Danté Exum,1610612762,Utah Jazz,1,6,23,Made Shot,Dunk Shot,2PT Field Goal,Restricted Area,Center(C),Less Than 8 ft.,1,-8,6,1,1,20181125,SAC,UTA,2180029262,3370,0,201937|202324|202692|203497|203957,1,REG,2019,203992,,SG,Chaser,-0.87,Exum 1' Dunk (2 PTS) (Gobert 2 AST),PG,Slasher,-0.34,203497.0
Shot Chart Detail,21800292,257,201937,Ricky Rubio,1610612762,Utah Jazz,2,6,8,Made Shot,Driving Layup Shot,2PT Field Goal,Restricted Area,Center(C),Less Than 8 ft.,1,14,6,1,1,20181125,SAC,UTA,21800292257,10720,0,200757|201937|203497|1626220|1628960,0,REG,2019,203992,3.0,SG,Chaser,-0.87,Rubio 2' Driving Layup (21 PTS),PG,Primary Ball Handler,0.31,
Shot Chart Detail,21800292,287,1628960,Grayson Allen,1610612762,Utah Jazz,2,4,34,Made Shot,Jump Shot,3PT Field Goal,Left Corner 3,Left Side(L),24+ ft.,22,-225,-2,1,1,20181125,SAC,UTA,21800292287,11660,0,201937|203109|203497|1626220|1628960,1,REG,2019,203992,7.0,SG,Chaser,-0.87,Allen 3PT Jump Shot (3 PTS) (Rubio 2 AST),SG,Secondary Ball Handler,-0.99,201937.0
Shot Chart Detail,21800292,474,202324,Derrick Favors,1610612762,Utah Jazz,3,5,30,Made Shot,Jump Shot,2PT Field Goal,Mid-Range,Center(C),8-16 ft.,15,4,155,1,1,20181125,SAC,UTA,21800292474,18300,0,202324|202692|203497|203526|203957,1,REG,2019,203992,9.0,SG,Chaser,-0.87,Favors 16' Jump Shot (2 PTS) (Neto 1 AST),C,Roll + Cut Big,0.87,203526.0
Shot Chart Detail,21800292,479,202692,Alec Burks,1610612762,Utah Jazz,3,4,55,Made Shot,Driving Layup Shot,2PT Field Goal,Restricted Area,Center(C),Less Than 8 ft.,2,-22,10,1,1,20181125,SAC,UTA,21800292479,18650,0,202324|202692|203497|203526|203957,0,REG,2019,203992,9.0,SG,Chaser,-0.87,Burks 2' Driving Layup (4 PTS),SG,Secondary Ball Handler,-0.31,
Shot Chart Detail,21800318,64,101162,Marcin Gortat,1610612746,LA Clippers,1,6,8,Made Shot,Cutting Layup Shot,2PT Field Goal,Restricted Area,Center(C),Less Than 8 ft.,2,20,4,1,1,20181129,SAC,LAC,2180031864,3520,0,101162|201568|202340|202699|1628983,1,REG,2019,203992,9.0,SG,Chaser,-0.87,Gortat 2' Cutting Layup Shot (2 PTS) (Bradley 1 AST),C,Roll + Cut Big,-1.92,202340.0
Shot Chart Detail,21800318,103,201568,Danilo Gallinari,1610612746,LA Clippers,1,3,23,Missed Shot,Layup Shot,2PT Field Goal,Restricted Area,Center(C),Less Than 8 ft.,2,22,8,1,0,20181129,SAC,LAC,21800318103,5170,0,101162|201568|202340|202699|1628983,0,REG,2019,203992,9.0,SG,Chaser,-0.87,MISS Gallinari 2' Layup,SF,Shot Creator,2.3,
Shot Chart Detail,21800318,105,201568,Danilo Gallinari,1610612746,LA Clippers,1,3,19,Made Shot,Tip Layup Shot,2PT Field Goal,Restricted Area,Center(C),Less Than 8 ft.,0,0,-6,1,1,20181129,SAC,LAC,21800318105,5210,0,101162|201568|202340|202699|1628983,0,REG,2019,203992,11.0,SG,Chaser,-0.87,Gallinari 1' Tip Layup Shot (4 PTS),SF,Shot Creator,2.3,
Shot Chart Detail,21800318,300,202340,Avery Bradley,1610612746,LA Clippers,2,3,29,Missed Shot,Jump Shot,3PT Field Goal,Left Corner 3,Left Side(L),24+ ft.,22,-223,23,1,0,20181129,SAC,LAC,21800318300,12310,0,201568|202340|202699|1626149|1628983,0,REG,2019,203992,7.0,SG,Chaser,-0.87,MISS Bradley 3PT Jump Shot,SG,Movement Shooter,-2.24,
Shot Chart Detail,21800318,440,202699,Tobias Harris,1610612746,LA Clippers,3,5,38,Made Shot,Jump Shot,2PT Field Goal,Restricted Area,Center(C),Less Than 8 ft.,0,2,1,1,1,20181129,SAC,LAC,21800318440,18220,0,101150|202340|202699|1626149|1628983,0,REG,2019,203992|1628368,10.0,,,,,PF,Shot Creator,1.17,
Shot Chart Detail,21800318,487,1628414,Sindarius Thornwell,1610612746,LA Clippers,3,2,3,Missed Shot,Driving Layup Shot,2PT Field Goal,Restricted Area,Center(C),Less Than 8 ft.,2,20,13,1,0,20181129,SAC,LAC,21800318487,20370,0,101150|201976|203118|1626149|1628414,0,REG,2019,203992|1628382,3.0,,,,,SG,Athletic Finisher,-2.27,
Shot Chart Detail,21800318,524,1626149,Montrezl Harrell,1610612746,LA Clippers,4,11,12,Made Shot,Turnaround Fadeaway Bank Jump Shot,2PT Field Goal,Restricted Area,Center(C),Less Than 8 ft.,3,27,16,1,1,20181129,SAC,LAC,21800318524,22080,0,101150|201976|203118|1626149|1628414,1,REG,2019,203992,12.0,SG,Chaser,-0.87,Harrell 3' Turnaround Fadeaway Bank Jump Shot (18 PTS) (Williams 2 AST),C,Post Scorer,1.25,101150.0
Shot Chart Detail,21800318,551,203118,Mike Scott,1610612746,LA Clippers,4,8,36,Made Shot,Running Layup Shot,2PT Field Goal,Restricted Area,Center(C),Less Than 8 ft.,1,-8,8,1,1,20181129,SAC,LAC,21800318551,23640,0,101150|201568|201976|203118|1628414,1,REG,2019,203992,9.0,SG,Chaser,-0.87,Scott 1' Running Layup (5 PTS) (Thornwell 1 AST),PF,Stationary Shooter,-1.26,1628414.0
Shot Chart Detail,21800318,559,201976,Patrick Beverley,1610612746,LA Clippers,4,7,58,Made Shot,Driving Layup Shot,2PT Field Goal,Restricted Area,Center(C),Less Than 8 ft.,2,22,6,1,1,20181129,SAC,LAC,21800318559,24020,0,101150|201568|201976|203118|1628414,0,REG,2019,203992,9.0,SG,Chaser,-0.87,Beverley 2' Driving Layup (6 PTS),PG,Primary Ball Handler,0.44,
Shot Chart Detail,21800336,147,1627734,Domantas Sabonis,1610612754,Indiana Pacers,2,11,35,Missed Shot,Hook Shot,2PT Field Goal,Restricted Area,Center(C),Less Than 8 ft.,3,-7,36,1,0,20181201,SAC,IND,21800336147,7450,0,201152|202709|203926|1627734|1628988,0,REG,2019,203992,4.0,SG,Chaser,-0.87,MISS Sabonis 4' Hook Shot,C,Post Scorer,0.63,
Shot Chart Detail,21800336,164,1627734,Domantas Sabonis,1610612754,Indiana Pacers,2,9,53,Missed Shot,Jump Shot,2PT Field Goal,Mid-Range,Right Side Center(RC),16-24 ft.,17,125,128,1,0,20181201,SAC,IND,21800336164,8470,0,201152|202709|203926|1627734|1628988,0,REG,2019,203992,2.0,SG,Chaser,-0.87,MISS Sabonis 18' Jump Shot,C,Post Scorer,0.63,
Shot Chart Detail,21800336,289,201152,Thaddeus Young,1610612754,Indiana Pacers,2,1,57,Made Shot,Layup Shot,2PT Field Goal,Restricted Area,Center(C),Less Than 8 ft.,2,29,4,1,1,20181201,SAC,IND,21800336289,13230,0,201152|201936|201954|202711|1626167,1,REG,2019,203992,1.0,SG,Chaser,-0.87,Young 3' Layup (8 PTS) (Collison 7 AST),PF,Post Scorer,0.3,201954.0
Shot Chart Detail,21800336,299,201936,Tyreke Evans,1610612754,Indiana Pacers,2,1,29,Made Shot,Jump Shot,3PT Field Goal,Right Corner 3,Right Side(R),24+ ft.,23,233,37,1,1,20181201,SAC,IND,21800336299,13510,0,201152|201936|201954|202711|1626167,1,REG,2019,203992,2.0,SG,Chaser,-0.87,Evans 24' 3PT Jump Shot (10 PTS) (Collison 8 AST),SG,Shot Creator,-0.18,201954.0
Shot Chart Detail,21800336,472,201936,Tyreke Evans,1610612754,Indiana Pacers,3,1,51,Missed Shot,Floating Jump shot,2PT Field Goal,Restricted Area,Center(C),Less Than 8 ft.,2,2,20,1,0,20181201,SAC,IND,21800336472,20490,0,201936|202709|203926|1626167|1627734,0,REG,2019,203992,2.0,SG,Chaser,-0.87,MISS Evans 2' Floating Jump Shot,SG,Shot Creator,-0.18,
Shot Chart Detail,21800336,513,202709,Cory Joseph,1610612754,Indiana Pacers,4,10,45,Made Shot,Floating Jump shot,2PT Field Goal,In The Paint (Non-RA),Right Side(R),8-16 ft.,12,71,101,1,1,20181201,SAC,IND,21800336513,22350,0,201954|202709|202711|203926|1627734,0,REG,2019,203992|201585,3.0,,,,,PG,Primary Ball Handler,-0.09,
Shot Chart Detail,21800336,544,203926,Doug McDermott,1610612754,Indiana Pacers,4,7,57,Made Shot,Cutting Layup Shot,2PT Field Goal,Restricted Area,Center(C),Less Than 8 ft.,1,-16,4,1,1,20181201,SAC,IND,21800336544,24030,0,201954|202709|202711|203926|1627734,1,REG,2019,203992,2.0,SG,Chaser,-0.87,McDermott 2' Cutting Layup Shot (12 PTS) (Sabonis 5 AST),SF,Off Screen Shooter,-1.1,1627734.0
Shot Chart Detail,21800336,602,202709,Cory Joseph,1610612754,Indiana Pacers,4,3,42,Missed Shot,Jump Shot,3PT Field Goal,Right Corner 3,Right Side(R),24+ ft.,23,230,40,1,0,20181201,SAC,IND,21800336602,26580,0,201954|202709|202711|203926|1626167,0,REG,2019,203992,4.0,SG,Chaser,-0.87,MISS Joseph 3PT Jump Shot,PG,Primary Ball Handler,-0.09,
Shot Chart Detail,21800336,614,201954,Darren Collison,1610612754,Indiana Pacers,4,1,59,Missed Shot,Pullup Jump shot,2PT Field Goal,Mid-Range,Right Side(R),8-16 ft.,14,81,120,1,0,20181201,SAC,IND,21800336614,27610,0,201954|202709|202711|203926|1626167,0,REG,2019,203992,2.0,SG,Chaser,-0.87,MISS Collison 14' Pullup Jump Shot,PG,Primary Ball Handler,0.61,
Shot Chart Detail,21800353,114,1628367,Josh Jackson,1610612756,Phoenix Suns,1,3,41,Missed Shot,Driving Floating Bank Jump Shot,2PT Field Goal,Restricted Area,Center(C),Less Than 8 ft.,0,-3,4,1,0,20181204,PHX,SAC,21800353114,4990,0,2037|2772|1628367|1629028|1629059,0,REG,2019,203992,-14.0,SG,Chaser,-0.87,MISS Jackson 1' Driving Floating Bank Jump Shot,SG,Secondary Ball Handler,-2.34,
Shot Chart Detail,21800353,193,1629059,Elie Okobo,1610612756,Phoenix Suns,2,10,27,Missed Shot,Driving Floating Jump Shot,2PT Field Goal,In The Paint (Non-RA),Center(C),Less Than 8 ft.,7,63,41,1,0,20181204,PHX,SAC,21800353193,8130,0,201583|203584|1626158|1628969|1629059,0,REG,2019,203992|1626161,-28.0,,,,,PG,Primary Ball Handler,-1.96,
Shot Chart Detail,21800353,195,1626158,Richaun Holmes,1610612756,Phoenix Suns,2,10,25,Missed Shot,Tip Dunk Shot,2PT Field Goal,Restricted Area,Center(C),Less Than 8 ft.,0,0,-6,1,0,20181204,PHX,SAC,21800353195,8150,0,201583|203584|1626158|1628969|1629059,0,REG,2019,203992,-28.0,SG,Chaser,-0.87,MISS Holmes 1' Tip Dunk Shot,C,Roll + Cut Big,-0.84,
Shot Chart Detail,21800353,411,1628367,Josh Jackson,1610612756,Phoenix Suns,3,6,6,Made Shot,Driving Dunk Shot,2PT Field Goal,Restricted Area,Center(C),Less Than 8 ft.,1,-6,8,1,1,20181204,PHX,SAC,21800353411,17940,0,2037|2772|1626158|1628367|1629001,0,REG,2019,203992,,SG,Chaser,-0.87,Jackson 1' Driving Dunk (12 PTS),SG,Secondary Ball Handler,-2.34,
Shot Chart Detail,21800353,464,1628367,Josh Jackson,1610612756,Phoenix Suns,3,2,27,Made Shot,Running Dunk Shot,2PT Field Goal,Restricted Area,Center(C),Less Than 8 ft.,1,-10,3,1,1,20181204,PHX,SAC,21800353464,20130,0,2037|1626158|1628367|1628969|1629059,1,REG,2019,203992,,SG,Chaser,-0.87,Jackson 1' Running Dunk (14 PTS) (Okobo 1 AST),SG,Secondary Ball Handler,-2.34,1629059.0
Shot Chart Detail,21800353,470,1628367,Josh Jackson,1610612756,Phoenix Suns,3,1,45,Missed Shot,Step Back Jump shot,2PT Field Goal,Mid-Range,Right Side Center(RC),16-24 ft.,18,84,162,1,0,20181204,PHX,SAC,21800353470,20550,0,2037|1626158|1628367|1628969|1629059,0,REG,2019,203992,-31.0,SG,Chaser,-0.87,MISS Jackson 18' Step Back Jump Shot,SG,Secondary Ball Handler,-2.34,
Shot Chart Detail,21800353,480,1628969,Mikal Bridges,1610612756,Phoenix Suns,3,1,2,Missed Shot,Running Layup Shot,2PT Field Goal,Restricted Area,Center(C),Less Than 8 ft.,1,6,13,1,0,20181204,PHX,SAC,21800353480,20980,0,2037|203584|1626158|1628969|1629059,0,REG,2019,203992,-29.0,SG,Chaser,-0.87,MISS Bridges 1' Running Layup,SF,Athletic Finisher,-1.17,
Shot Chart Detail,21800353,500,2037,Jamal Crawford,1610612756,Phoenix Suns,3,0,0,Missed Shot,Pullup Jump shot,3PT Field Goal,Above the Break 3,Right Side Center(RC),24+ ft.,43,223,378,1,0,20181204,PHX,SAC,21800353500,21600,0,203584|1626158|1627733|1628969|1629059,0,REG,2019,203992,-32.0,SG,Chaser,-0.87,MISS Crawford 44' 3PT Pullup Jump Shot,SG,Shot Creator,-0.71,
Shot Chart Detail,21800353,513,1629059,Elie Okobo,1610612756,Phoenix Suns,4,10,55,Made Shot,Driving Floating Jump Shot,2PT Field Goal,In The Paint (Non-RA),Center(C),8-16 ft.,13,-60,124,1,1,20181204,PHX,SAC,21800353513,22250,0,203584|1626158|1627733|1628969|1629059,0,REG,2019,203992|1628412,-32.0,,,,,PG,Primary Ball Handler,-1.96,
Shot Chart Detail,21800372,87,203903,Jordan Clarkson,1610612739,Cleveland Cavaliers,1,4,17,Made Shot,Reverse Layup Shot,2PT Field Goal,Restricted Area,Center(C),Less Than 8 ft.,0,-2,-5,1,1,20181207,CLE,SAC,2180037287,4630,0,202684|202692|203903|1626224|1629012,0,REG,2019,203992,-11.0,SG,Chaser,-0.87,Clarkson 1' Reverse Layup (4 PTS),SG,Shot Creator,0.02,
Shot Chart Detail,21800372,407,203903,Jordan Clarkson,1610612739,Cleveland Cavaliers,3,3,40,Made Shot,Driving Dunk Shot,2PT Field Goal,Restricted Area,Center(C),Less Than 8 ft.,0,3,9,1,1,20181207,CLE,SAC,21800372407,19400,0,202684|202692|203903|1626224|1629012,0,REG,2019,203992,,SG,Chaser,-0.87,Clarkson 1' Driving Dunk (22 PTS),SG,Shot Creator,0.02,
Shot Chart Detail,21800372,425,203903,Jordan Clarkson,1610612739,Cleveland Cavaliers,3,3,14,Missed Shot,Jump Shot,3PT Field Goal,Above the Break 3,Right Side Center(RC),24+ ft.,25,189,171,1,0,20181207,CLE,SAC,21800372425,19660,0,203903|1626204|1626224|1628417|1629012,0,REG,2019,203992|201585,-5.0,,,,,SG,Shot Creator,0.02,
Shot Chart Detail,21800372,459,1626224,Cedi Osman,1610612739,Cleveland Cavaliers,3,0,38,Missed Shot,Jump Shot,3PT Field Goal,Left Corner 3,Left Side(L),24+ ft.,23,-227,51,1,0,20181207,CLE,SAC,21800372459,21220,0,202692|203903|1626204|1626224|1628417,0,REG,2019,203992,-7.0,SG,Chaser,-0.87,MISS Osman 3PT Jump Shot,SF,Secondary Ball Handler,-1.41,
Shot Chart Detail,21800372,465,1626224,Cedi Osman,1610612739,Cleveland Cavaliers,3,0,2,Missed Shot,Tip Layup Shot,2PT Field Goal,Restricted Area,Center(C),Less Than 8 ft.,0,0,-6,1,0,20181207,CLE,SAC,21800372465,21580,0,202692|203903|1626204|1626224|1628417,0,REG,2019,203992,-7.0,SG,Chaser,-0.87,MISS Osman 1' Tip Layup Shot,SF,Secondary Ball Handler,-1.41,
Shot Chart Detail,21800372,516,203903,Jordan Clarkson,1610612739,Cleveland Cavaliers,4,8,21,Missed Shot,Jump Shot,2PT Field Goal,Mid-Range,Right Side(R),8-16 ft.,10,85,64,1,0,20181207,CLE,SAC,21800372516,23790,0,202684|202692|203903|1626204|1629012,0,REG,2019,203992|1628382,-15.0,,,,,SG,Shot Creator,0.02,
Shot Chart Detail,21800379,23,201954,Darren Collison,1610612754,Indiana Pacers,1,9,37,Made Shot,Jump Shot,3PT Field Goal,Right Corner 3,Right Side(R),24+ ft.,22,223,11,1,1,20181208,IND,SAC,2180037923,1430,0,201152|201936|201954|202711|1626167,1,REG,2019,203992,6.0,SG,Chaser,-0.87,Collison 3PT Jump Shot (3 PTS) (Evans 2 AST),PG,Primary Ball Handler,0.61,201936.0
Shot Chart Detail,21800379,59,202711,Bojan Bogdanovic,1610612754,Indiana Pacers,1,6,44,Missed Shot,Pullup Jump shot,2PT Field Goal,Mid-Range,Right Side(R),16-24 ft.,17,176,5,1,0,20181208,IND,SAC,2180037959,3160,0,201152|201936|201954|202711|1626167,0,REG,2019,203992,-2.0,SG,Chaser,-0.87,MISS Bogdanovic 18' Pullup Jump Shot,SF,Off Screen Shooter,0.67,
Shot Chart Detail,21800379,138,1628988,Aaron Holiday,1610612754,Indiana Pacers,1,2,4,Missed Shot,Pullup Jump shot,2PT Field Goal,Mid-Range,Right Side Center(RC),16-24 ft.,19,91,174,1,0,20181208,IND,SAC,21800379138,5960,0,202709|203926|1627734|1628388|1628988,0,REG,2019,203992|201585,-4.0,,,,,PG,Secondary Ball Handler,-0.95,
Shot Chart Detail,21800379,154,1627734,Domantas Sabonis,1610612754,Indiana Pacers,1,0,48,Made Shot,Jump Shot,2PT Field Goal,In The Paint (Non-RA),Center(C),Less Than 8 ft.,6,-20,59,1,1,20181208,IND,SAC,21800379154,6720,0,202709|203926|1627734|1628388|1628988,1,REG,2019,203992,-7.0,SG,Chaser,-0.87,Sabonis 6' Jump Shot (2 PTS) (Joseph 1 AST),C,Post Scorer,0.63,202709.0
Shot Chart Detail,21800379,302,202711,Bojan Bogdanovic,1610612754,Indiana Pacers,2,1,45,Missed Shot,Driving Layup Shot,2PT Field Goal,Restricted Area,Center(C),Less Than 8 ft.,0,-3,7,1,0,20181208,IND,SAC,21800379302,13350,0,201152|201936|201954|202711|1626167,0,REG,2019,203992,-1.0,SG,Chaser,-0.87,MISS Bogdanovic 1' Driving Layup,SF,Off Screen Shooter,0.67,
Shot Chart Detail,21800379,306,202711,Bojan Bogdanovic,1610612754,Indiana Pacers,2,1,43,Made Shot,Jump Bank Shot,2PT Field Goal,Mid-Range,Right Side(R),8-16 ft.,12,128,-5,1,1,20181208,IND,SAC,21800379306,13370,0,201152|201936|201954|202711|1626167,1,REG,2019,203992,1.0,SG,Chaser,-0.87,Bogdanovic 13' Jump Bank Shot (11 PTS) (Evans 4 AST),SF,Off Screen Shooter,0.67,201936.0
Shot Chart Detail,21800379,324,201954,Darren Collison,1610612754,Indiana Pacers,2,0,0,Made Shot,Pullup Jump shot,2PT Field Goal,Mid-Range,Left Side Center(LC),16-24 ft.,19,-127,143,1,1,20181208,IND,SAC,21800379324,14400,0,201152|201936|201954|202711|1626167,0,REG,2019,203992,2.0,SG,Chaser,-0.87,Collison 19' Pullup Jump Shot (11 PTS),PG,Primary Ball Handler,0.61,
Shot Chart Detail,21800379,367,201954,Darren Collison,1610612754,Indiana Pacers,3,8,2,Missed Shot,Jump Shot,3PT Field Goal,Left Corner 3,Left Side(L),24+ ft.,23,-231,22,1,0,20181208,IND,SAC,21800379367,16780,0,201152|201936|201954|202711|1626167,0,REG,2019,203992,-1.0,SG,Chaser,-0.87,MISS Collison 3PT Jump Shot,PG,Primary Ball Handler,0.61,
Shot Chart Detail,21800379,373,202711,Bojan Bogdanovic,1610612754,Indiana Pacers,3,7,45,Made Shot,Driving Finger Roll Layup Shot,2PT Field Goal,Restricted Area,Center(C),Less Than 8 ft.,1,0,11,1,1,20181208,IND,SAC,21800379373,16950,0,201152|201936|201954|202711|1626167,1,REG,2019,203992,-1.0,SG,Chaser,-0.87,Bogdanovic 1' Driving Finger Roll Layup (13 PTS) (Collison 4 AST),SF,Off Screen Shooter,0.67,201954.0
Shot Chart Detail,21800379,387,202711,Bojan Bogdanovic,1610612754,Indiana Pacers,3,6,43,Missed Shot,Fadeaway Jump Shot,2PT Field Goal,Mid-Range,Left Side(L),8-16 ft.,12,-129,13,1,0,20181208,IND,SAC,21800379387,17570,0,201152|201936|201954|202711|1626167,0,REG,2019,203992|1627741,-2.0,,,,,SF,Off Screen Shooter,0.67,
Shot Chart Detail,21800379,394,202711,Bojan Bogdanovic,1610612754,Indiana Pacers,3,6,1,Missed Shot,Jump Shot,3PT Field Goal,Above the Break 3,Right Side Center(RC),24+ ft.,27,145,236,1,0,20181208,IND,SAC,21800379394,17990,0,201152|201936|201954|202711|1626167,0,REG,2019,203992|1626161,-2.0,,,,,SF,Off Screen Shooter,0.67,
Shot Chart Detail,21800379,408,201936,Tyreke Evans,1610612754,Indiana Pacers,3,4,53,Missed Shot,Driving Layup Shot,2PT Field Goal,Restricted Area,Center(C),Less Than 8 ft.,1,1,16,1,0,20181208,IND,SAC,21800379408,18670,0,201936|201954|202709|1626167|1627734,0,REG,2019,203992|1626161,-4.0,,,,,SG,Shot Creator,-0.18,
Shot Chart Detail,21800379,497,202709,Cory Joseph,1610612754,Indiana Pacers,4,10,59,Made Shot,Driving Finger Roll Layup Shot,2PT Field Goal,Restricted Area,Center(C),Less Than 8 ft.,2,-4,24,1,1,20181208,IND,SAC,21800379497,22210,0,201152|202709|203926|1627734|1628988,1,REG,2019,203992,7.0,SG,Chaser,-0.87,Joseph 2' Driving Finger Roll Layup (6 PTS) (Holiday 1 AST),PG,Primary Ball Handler,-0.09,1628988.0
Shot Chart Detail,21800379,543,1628988,Aaron Holiday,1610612754,Indiana Pacers,4,7,38,Missed Shot,Pullup Jump shot,3PT Field Goal,Above the Break 3,Right Side Center(RC),24+ ft.,27,175,218,1,0,20181208,IND,SAC,21800379543,24220,0,201152|202709|203926|1627734|1628988,0,REG,2019,203992,4.0,SG,Chaser,-0.87,MISS Holiday 28' 3PT Pullup Jump Shot,PG,Secondary Ball Handler,-0.95,
Shot Chart Detail,21800379,648,1626167,Myles Turner,1610612754,Indiana Pacers,4,1,35,Made Shot,Jump Bank Shot,2PT Field Goal,Mid-Range,Right Side(R),8-16 ft.,13,133,42,1,1,20181208,IND,SAC,21800379648,27850,0,201152|201954|202709|202711|1626167,1,REG,2019,203992,15.0,SG,Chaser,-0.87,Turner 14' Jump Bank Shot (9 PTS) (Bogdanovic 2 AST),C,Roll + Cut Big,-0.86,202711.0
Shot Chart Detail,21800379,652,202711,Bojan Bogdanovic,1610612754,Indiana Pacers,4,1,12,Missed Shot,Jump Shot,3PT Field Goal,Left Corner 3,Left Side(L),24+ ft.,23,-230,14,1,0,20181208,IND,SAC,21800379652,28080,0,201152|201954|202709|202711|1626167,0,REG,2019,203992,13.0,SG,Chaser,-0.87,MISS Bogdanovic 3PT Jump Shot,SF,Off Screen Shooter,0.67,
Shot Chart Detail,21800394,96,1627739,Kris Dunn,1610612741,Chicago Bulls,1,5,10,Missed Shot,Jump Shot,3PT Field Goal,Above the Break 3,Left Side Center(LC),24+ ft.,25,-173,189,1,0,20181210,CHI,SAC,2180039496,4100,0,203200|203897|203953|1627739|1628976,0,REG,2019,203992,1.0,SG,Chaser,-0.87,MISS Dunn 26' 3PT Jump Shot,PG,Slasher,-1.75,
Shot Chart Detail,21800394,99,203897,Zach LaVine,1610612741,Chicago Bulls,1,5,1,Made Shot,Jump Shot,3PT Field Goal,Left Corner 3,Left Side(L),24+ ft.,23,-230,-11,1,1,20181210,CHI,SAC,2180039499,4190,0,203200|203897|203953|1627739|1628976,1,REG,2019,203992,4.0,SG,Chaser,-0.87,LaVine 3PT Jump Shot (10 PTS) (Dunn 1 AST),SG,Shot Creator,0.76,1627739.0
Shot Chart Detail,21800394,132,1626171,Bobby Portis,1610612741,Chicago Bulls,1,2,39,Made Shot,Jump Shot,2PT Field Goal,In The Paint (Non-RA),Center(C),Less Than 8 ft.,7,8,73,1,1,20181210,CHI,SAC,21800394132,5610,0,203200|203953|1626171|1627739|1628976,0,REG,2019,203992,2.0,SG,Chaser,-0.87,Portis 7' Jump Shot (2 PTS),PF,Versatile Big,-0.49,
Shot Chart Detail,21800394,208,1627885,Shaquille Harrison,1610612741,Chicago Bulls,2,8,24,Missed Shot,Jump Shot,3PT Field Goal,Right Corner 3,Right Side(R),24+ ft.,23,237,30,1,0,20181210,CHI,SAC,21800394208,9360,0,201577|203953|1626171|1627739|1627885,0,REG,2019,203992,2.0,SG,Chaser,-0.87,MISS Harrison 24' 3PT Jump Shot,SG,Slasher,-2.23,
Shot Chart Detail,21800394,221,203953,Jabari Parker,1610612741,Chicago Bulls,2,7,21,Made Shot,Reverse Layup Shot,2PT Field Goal,Restricted Area,Center(C),Less Than 8 ft.,1,12,4,1,1,20181210,CHI,SAC,21800394221,9990,0,201577|203953|1626171|1627739|1627885,0,REG,2019,203992,6.0,SG,Chaser,-0.87,Parker 1' Reverse Layup (4 PTS),PF,Shot Creator,-1.33,
Shot Chart Detail,21800394,484,1627853,Ryan Arcidiacono,1610612741,Chicago Bulls,4,11,21,Made Shot,Cutting Layup Shot,2PT Field Goal,Restricted Area,Center(C),Less Than 8 ft.,3,31,10,1,1,20181210,CHI,SAC,21800394484,21990,0,1626171|1627853|1627885|1628374|1628990,0,REG,2019,203992,-5.0,SG,Chaser,-0.87,Arcidiacono 3' Cutting Layup Shot (2 PTS),PG,Primary Ball Handler,-0.67,
Shot Chart Detail,21800394,546,1627853,Ryan Arcidiacono,1610612741,Chicago Bulls,4,5,56,Missed Shot,Jump Shot,3PT Field Goal,Above the Break 3,Left Side Center(LC),24+ ft.,25,-116,231,1,0,20181210,CHI,SAC,21800394546,25240,0,203200|203897|1627853|1628374|1628976,0,REG,2019,203992,-12.0,SG,Chaser,-0.87,MISS Arcidiacono 26' 3PT Jump Shot,PG,Primary Ball Handler,-0.67,
Shot Chart Detail,21800394,566,1628374,Lauri Markkanen,1610612741,Chicago Bulls,4,3,16,Missed Shot,Driving Layup Shot,2PT Field Goal,Restricted Area,Center(C),Less Than 8 ft.,2,19,8,1,0,20181210,CHI,SAC,21800394566,26840,0,203200|203897|1627853|1628374|1628976,0,REG,2019,203992,-14.0,SG,Chaser,-0.87,MISS Markkanen 2' Driving Layup,PF,Movement Shooter,1.02,
Shot Chart Detail,21800394,578,203200,Justin Holiday,1610612741,Chicago Bulls,4,2,31,Missed Shot,Jump Shot,3PT Field Goal,Above the Break 3,Center(C),24+ ft.,24,24,246,1,0,20181210,CHI,SAC,21800394578,27290,0,203200|203897|1627853|1628374|1628976,0,REG,2019,203992,-17.0,SG,Chaser,-0.87,MISS Holiday 25' 3PT Jump Shot,SG,Off Screen Shooter,-2.08,
Shot Chart Detail,21800394,606,1628990,Chandler Hutchison,1610612741,Chicago Bulls,4,0,38,Made Shot,Jump Shot,3PT Field Goal,Right Corner 3,Right Side(R),24+ ft.,23,231,-3,1,1,20181210,CHI,SAC,21800394606,28420,0,1626166|1626171|1626245|1627739|1628990,1,REG,2019,203992,-19.0,SG,Chaser,-0.87,Hutchison 3PT Jump Shot (3 PTS) (Dunn 6 AST),SF,Athletic Finisher,-2.66,1627739.0
Shot Chart Detail,21800414,87,201952,Jeff Teague,1610612750,Minnesota Timberwolves,1,4,46,Missed Shot,Floating Jump shot,2PT Field Goal,In The Paint (Non-RA),Center(C),8-16 ft.,8,2,85,1,0,20181212,SAC,MIN,2180041487,4340,0,201565|201952|203952|203967|1626157,0,REG,2019,203992|1626161,-7.0,,,,,PG,Shot Creator,1.25,
Shot Chart Detail,21800414,117,201565,Derrick Rose,1610612750,Minnesota Timberwolves,1,2,49,Made Shot,Step Back Jump shot,2PT Field Goal,Mid-Range,Left Side Center(LC),16-24 ft.,20,-126,157,1,1,20181212,SAC,MIN,21800414117,5510,0,201565|203952|203967|1626145|1626157,0,REG,2019,203992,-1.0,SG,Chaser,-0.87,Rose 20' Step Back Jump Shot (4 PTS),PG,Shot Creator,1.32,
Shot Chart Detail,21800414,137,201565,Derrick Rose,1610612750,Minnesota Timberwolves,1,0,53,Missed Shot,Driving Layup Shot,2PT Field Goal,Restricted Area,Center(C),Less Than 8 ft.,2,19,16,1,0,20181212,SAC,MIN,21800414137,6670,0,201565|203476|203952|203967|1626145,0,REG,2019,203992,-5.0,SG,Chaser,-0.87,Koufos BLOCK (1 BLK),PG,Shot Creator,1.32,
Shot Chart Detail,21800414,177,201565,Derrick Rose,1610612750,Minnesota Timberwolves,2,8,55,Missed Shot,Step Back Jump shot,2PT Field Goal,Mid-Range,Center(C),16-24 ft.,17,42,172,1,0,20181212,SAC,MIN,21800414177,9050,0,201565|203476|203967|1626145|1629006,0,REG,2019,203992,-0.0,SG,Chaser,-0.87,MISS Rose 18' Step Back Jump Shot,PG,Shot Creator,1.32,
Shot Chart Detail,21800414,382,203496,Robert Covington,1610612750,Minnesota Timberwolves,3,5,47,Missed Shot,Pullup Jump shot,2PT Field Goal,Mid-Range,Right Side Center(RC),16-24 ft.,19,130,147,1,0,20181212,SAC,MIN,21800414382,18130,0,201952|201959|203496|203952|1626157,0,REG,2019,203992,-6.0,SG,Chaser,-0.87,MISS Covington 20' Pullup Jump Shot,SF,Athletic Finisher,-0.45,
Shot Chart Detail,21800414,392,1626157,Karl-Anthony Towns,1610612750,Minnesota Timberwolves,3,5,15,Made Shot,Hook Shot,2PT Field Goal,In The Paint (Non-RA),Center(C),Less Than 8 ft.,7,72,12,1,1,20181212,SAC,MIN,21800414392,18450,0,201565|201952|203952|203967|1626157,1,REG,2019,203992,-6.0,SG,Chaser,-0.87,Towns 7' Hook Shot (12 PTS) (Rose 2 AST),C,Shot Creator,3.48,201565.0
Shot Chart Detail,21800414,417,201565,Derrick Rose,1610612750,Minnesota Timberwolves,3,3,34,Made Shot,Running Layup Shot,2PT Field Goal,Restricted Area,Center(C),Less Than 8 ft.,1,6,8,1,1,20181212,SAC,MIN,21800414417,19460,0,201565|201952|203952|203967|1626157,0,REG,2019,203992,-2.0,SG,Chaser,-0.87,Rose 1' Running Layup (10 PTS),PG,Shot Creator,1.32,
Shot Chart Detail,21800414,424,203952,Andrew Wiggins,1610612750,Minnesota Timberwolves,3,2,21,Made Shot,Driving Finger Roll Layup Shot,2PT Field Goal,Restricted Area,Center(C),Less Than 8 ft.,1,19,4,1,1,20181212,SAC,MIN,21800414424,20190,0,201565|201952|203952|203967|1626157,1,REG,2019,203992|1628368,-5.0,,,,,SF,Shot Creator,-0.16,201565.0
Shot Chart Detail,21800414,437,201565,Derrick Rose,1610612750,Minnesota Timberwolves,3,2,7,Made Shot,Step Back Jump shot,3PT Field Goal,Above the Break 3,Left Side Center(LC),24+ ft.,24,-86,234,1,1,20181212,SAC,MIN,21800414437,20330,0,201565|203476|203952|203967|1626145,0,REG,2019,203992,-3.0,SG,Chaser,-0.87,Rose 25' 3PT Step Back Jump Shot (13 PTS),PG,Shot Creator,1.32,
Shot Chart Detail,21800414,526,203496,Robert Covington,1610612750,Minnesota Timberwolves,4,7,54,Missed Shot,Jump Shot,3PT Field Goal,Above the Break 3,Center(C),24+ ft.,24,-21,248,1,0,20181212,SAC,MIN,21800414526,24060,0,201565|203496|203967|1626145|1626157,0,REG,2019,203992,-13.0,SG,Chaser,-0.87,MISS Covington 25' 3PT Jump Shot,SF,Athletic Finisher,-0.45,
Shot Chart Detail,21800414,644,1626157,Karl-Anthony Towns,1610612750,Minnesota Timberwolves,4,1,11,Missed Shot,Jump Shot,3PT Field Goal,Above the Break 3,Center(C),24+ ft.,25,3,253,1,0,20181212,SAC,MIN,21800414644,28090,0,201952|203496|203952|203967|1626157,0,REG,2019,203992,-8.0,SG,Chaser,-0.87,MISS Towns 25' 3PT Jump Shot,C,Shot Creator,3.48,
Shot Chart Detail,21800414,654,203496,Robert Covington,1610612750,Minnesota Timberwolves,4,1,0,Made Shot,Tip Layup Shot,2PT Field Goal,Restricted Area,Center(C),Less Than 8 ft.,0,0,-6,1,1,20181212,SAC,MIN,21800414654,28200,0,201952|203496|203952|203967|1626157,0,REG,2019,203992|202357,-8.0,,,,,SF,Athletic Finisher,-0.45,
Shot Chart Detail,21800428,73,202691,Klay Thompson,1610612744,Golden State Warriors,1,6,55,Made Shot,Step Back Jump shot,2PT Field Goal,Mid-Range,Right Side Center(RC),16-24 ft.,21,147,152,1,1,20181214,SAC,GSW,2180042873,3050,0,201142|201939|202691|203110|1626172,0,REG,2019,203992,8.0,SG,Chaser,-0.87,Thompson 21' Step Back Jump Shot (4 PTS),SG,Off Screen Shooter,1.07,
Shot Chart Detail,21800428,118,201142,Kevin Durant,1610612744,Golden State Warriors,1,4,21,Missed Shot,Floating Jump shot,2PT Field Goal,Mid-Range,Left Side(L),8-16 ft.,8,-89,-4,1,0,20181214,SAC,GSW,21800428118,4590,0,201142|201973|202691|1626188|1628395,0,REG,2019,203992,3.0,SG,Chaser,-0.87,MISS Durant 9' Floating Jump Shot,SF,Shot Creator,4.01,
Shot Chart Detail,21800428,130,202691,Klay Thompson,1610612744,Golden State Warriors,1,3,31,Missed Shot,Jump Shot,3PT Field Goal,Above the Break 3,Right Side Center(RC),24+ ft.,27,105,249,1,0,20181214,SAC,GSW,21800428130,5090,0,201142|201973|202691|1626188|1628395,0,REG,2019,203992,5.0,SG,Chaser,-0.87,MISS Thompson 27' 3PT Jump Shot,SG,Off Screen Shooter,1.07,
Shot Chart Detail,21800428,141,202691,Klay Thompson,1610612744,Golden State Warriors,1,2,43,Missed Shot,Jump Shot,3PT Field Goal,Right Corner 3,Right Side(R),24+ ft.,24,233,64,1,0,20181214,SAC,GSW,21800428141,5570,0,201142|201973|202691|1626188|1628395,0,REG,2019,203992,6.0,SG,Chaser,-0.87,MISS Thompson 24' 3PT Jump Shot,SG,Off Screen Shooter,1.07,
Shot Chart Detail,21800428,351,1626172,Kevon Looney,1610612744,Golden State Warriors,2,0,44,Made Shot,Layup Shot,2PT Field Goal,Restricted Area,Center(C),Less Than 8 ft.,1,16,8,1,1,20181214,SAC,GSW,21800428351,13960,0,201142|201939|202691|203110|1626172,1,REG,2019,203992,16.0,SG,Chaser,-0.87,Looney 2' Layup (8 PTS) (Durant 5 AST),C,Roll + Cut Big,0.93,201142.0
Shot Chart Detail,21800428,354,201939,Stephen Curry,1610612744,Golden State Warriors,2,0,27,Missed Shot,Jump Shot,3PT Field Goal,Above the Break 3,Right Side Center(RC),24+ ft.,25,200,162,1,0,20181214,SAC,GSW,21800428354,14130,0,201142|201939|202691|203110|1626172,0,REG,2019,203992,14.0,SG,Chaser,-0.87,MISS Curry 26' 3PT Jump Shot,PG,Primary Ball Handler,4.7,
Shot Chart Detail,21800428,504,201142,Kevin Durant,1610612744,Golden State Warriors,3,1,59,Missed Shot,Driving Layup Shot,2PT Field Goal,In The Paint (Non-RA),Center(C),Less Than 8 ft.,6,-60,4,1,0,20181214,SAC,GSW,21800428504,20410,0,201142|201939|201973|1627814|1628395,0,REG,2019,203992,11.0,SG,Chaser,-0.87,MISS Durant 6' Driving Layup,SF,Shot Creator,4.01,
Shot Chart Detail,21800428,601,201973,Jonas Jerebko,1610612744,Golden State Warriors,4,7,43,Made Shot,Cutting Layup Shot,2PT Field Goal,Restricted Area,Center(C),Less Than 8 ft.,1,3,14,1,1,20181214,SAC,GSW,21800428601,24170,0,201142|201939|202691|1626172|1628035,1,REG,2019,203992,-5.0,SG,Chaser,-0.87,Jerebko 1' Cutting Layup Shot (7 PTS) (Thompson 2 AST),PF,Athletic Finisher,0.46,202691.0
Shot Chart Detail,21800440,20,1629029,Luka Dončić,1610612742,Dallas Mavericks,1,10,37,Made Shot,Driving Floating Bank Jump Shot,2PT Field Goal,In The Paint (Non-RA),Center(C),Less Than 8 ft.,5,-33,42,1,1,20181216,DAL,SAC,2180044020,830,0,201599|202083|203084|1628973|1629029,0,REG,2019,203992,0.0,SG,Chaser,-0.87,Doncic 5' Driving Floating Bank Jump Shot (2 PTS),SG,Shot Creator,1.71,
Shot Chart Detail,21800440,66,1629029,Luka Dončić,1610612742,Dallas Mavericks,1,6,20,Made Shot,Pullup Jump shot,2PT Field Goal,In The Paint (Non-RA),Center(C),Less Than 8 ft.,6,-54,33,1,1,20181216,DAL,SAC,2180044066,3400,0,201599|202083|203084|1627827|1629029,0,REG,2019,203992,-1.0,SG,Chaser,-0.87,Doncic 6' Pullup Jump Shot (6 PTS),SG,Shot Creator,1.71,
Shot Chart Detail,21800440,88,201599,DeAndre Jordan,1610612742,Dallas Mavericks,1,4,27,Made Shot,Alley Oop Dunk Shot,2PT Field Goal,Restricted Area,Center(C),Less Than 8 ft.,2,-12,17,1,1,20181216,DAL,SAC,2180044088,4530,0,201599|202083|203084|1627827|1629029,1,REG,2019,203992|201585,,,,,,C,Post Scorer,-2.11,1629029.0
Shot Chart Detail,21800440,195,2734,Devin Harris,1610612742,Dallas Mavericks,2,9,59,Made Shot,Jump Shot,3PT Field Goal,Right Corner 3,Right Side(R),24+ ft.,23,230,38,1,1,20181216,DAL,SAC,21800440195,8410,0,1717|2734|203939|1628973|1629151,1,REG,2019,203992,-2.0,SG,Chaser,-0.87,Harris 3PT Jump Shot (7 PTS) (Brunson 2 AST),PG,Movement Shooter,0.08,1628973.0
Shot Chart Detail,21800440,210,2734,Devin Harris,1610612742,Dallas Mavericks,2,8,35,Missed Shot,Layup Shot,2PT Field Goal,Restricted Area,Center(C),Less Than 8 ft.,3,-28,21,1,0,20181216,DAL,SAC,21800440210,9250,0,1717|2734|203939|1628973|1629151,0,REG,2019,203992,2.0,SG,Chaser,-0.87,MISS Harris 4' Layup,PG,Movement Shooter,0.08,
Shot Chart Detail,21800440,215,1629151,Ryan Broekhoff,1610612742,Dallas Mavericks,2,8,7,Missed Shot,Jump Shot,3PT Field Goal,Above the Break 3,Right Side Center(RC),24+ ft.,23,158,179,1,0,20181216,DAL,SAC,21800440215,9530,0,1717|2734|203939|1628973|1629151,0,REG,2019,203992,4.0,SG,Chaser,-0.87,MISS Broekhoff 24' 3PT Jump Shot,SG,Off Screen Shooter,-0.64,
Shot Chart Detail,21800440,253,1629029,Luka Dončić,1610612742,Dallas Mavericks,2,5,51,Made Shot,Step Back Jump shot,3PT Field Goal,Left Corner 3,Left Side(L),24+ ft.,23,-230,10,1,1,20181216,DAL,SAC,21800440253,10890,0,201599|202083|203084|1629029|1629151,0,REG,2019,203992,6.0,SG,Chaser,-0.87,Doncic 3PT Step Back Jump Shot (13 PTS),SG,Shot Creator,1.71,
Shot Chart Detail,21800440,289,203084,Harrison Barnes,1610612742,Dallas Mavericks,2,3,22,Made Shot,Cutting Dunk Shot,2PT Field Goal,Restricted Area,Center(C),Less Than 8 ft.,1,-11,16,1,1,20181216,DAL,SAC,21800440289,12380,0,201599|202083|203084|1627827|1629029,1,REG,2019,203992,1.0,SG,Chaser,-0.87,Barnes 2' Cutting Dunk Shot (9 PTS) (Matthews 3 AST),PF-SF,Shot Creator,-0.65,202083.0
Shot Chart Detail,21800440,298,203084,Harrison Barnes,1610612742,Dallas Mavericks,2,2,42,Missed Shot,Jump Shot,3PT Field Goal,Left Corner 3,Left Side(L),24+ ft.,23,-232,13,1,0,20181216,DAL,SAC,21800440298,12780,0,201599|202083|203084|1627827|1629029,0,REG,2019,203992,1.0,SG,Chaser,-0.87,MISS Barnes 3PT Jump Shot,PF-SF,Shot Creator,-0.65,
Shot Chart Detail,21800440,340,202083,Wesley Matthews,1610612742,Dallas Mavericks,3,11,22,Made Shot,Jump Shot,3PT Field Goal,Above the Break 3,Left Side Center(LC),24+ ft.,26,-134,232,1,1,20181216,DAL,SAC,21800440340,14780,0,201599|202083|203084|1628973|1629029,1,REG,2019,203992,-2.0,SG,Chaser,-0.87,Matthews 27' 3PT Jump Shot (6 PTS) (Brunson 3 AST),SF-SG,Off Screen Shooter,-0.57,1628973.0
Shot Chart Detail,21800440,355,1628973,Jalen Brunson,1610612742,Dallas Mavericks,3,10,8,Missed Shot,Turnaround Jump Shot,2PT Field Goal,In The Paint (Non-RA),Right Side(R),8-16 ft.,10,78,75,1,0,20181216,DAL,SAC,21800440355,15520,0,201599|202083|203084|1628973|1629029,0,REG,2019,203992,-3.0,SG,Chaser,-0.87,MISS Brunson 11' Turnaround Jump Shot,PG,Primary Ball Handler,-0.3,
Shot Chart Detail,21800440,397,202083,Wesley Matthews,1610612742,Dallas Mavericks,3,7,10,Missed Shot,Jump Shot,3PT Field Goal,Above the Break 3,Left Side Center(LC),24+ ft.,26,-116,234,1,0,20181216,DAL,SAC,21800440397,17300,0,201599|202083|1628467|1628973|1629029,0,REG,2019,203992|202357,-3.0,,,,,SF-SG,Off Screen Shooter,-0.57,
Shot Chart Detail,21800440,501,2734,Devin Harris,1610612742,Dallas Mavericks,3,0,0,Missed Shot,Jump Shot,3PT Field Goal,Above the Break 3,Left Side Center(LC),24+ ft.,30,-113,278,1,0,20181216,DAL,SAC,21800440501,21600,0,2734|203939|1627827|1628467|1628973,0,REG,2019,203992,-10.0,SG,Chaser,-0.87,MISS Harris 30' 3PT Jump Shot,PG,Movement Shooter,0.08,
Shot Chart Detail,21800440,520,1627827,Dorian Finney-Smith,1610612742,Dallas Mavericks,4,10,39,Missed Shot,Driving Layup Shot,2PT Field Goal,In The Paint (Non-RA),Center(C),Less Than 8 ft.,5,-37,34,1,0,20181216,DAL,SAC,21800440520,22410,0,2734|203939|1627827|1628467|1628973,0,REG,2019,203992,-8.0,SG,Chaser,-0.87,MISS Finney-Smith 5' Driving Layup,SF,Athletic Finisher,-0.78,
Shot Chart Detail,21800440,654,202083,Wesley Matthews,1610612742,Dallas Mavericks,4,1,46,Made Shot,Jump Shot,3PT Field Goal,Above the Break 3,Left Side Center(LC),24+ ft.,24,-207,137,1,1,20181216,DAL,SAC,21800440654,27740,0,201599|202083|203084|1628973|1629029,1,REG,2019,203992,-5.0,SG,Chaser,-0.87,Matthews 25' 3PT Jump Shot (13 PTS) (Jordan 3 AST),SF-SG,Off Screen Shooter,-0.57,201599.0
Shot Chart Detail,21800440,683,1628973,Jalen Brunson,1610612742,Dallas Mavericks,4,0,17,Made Shot,Running Layup Shot,2PT Field Goal,Restricted Area,Center(C),Less Than 8 ft.,1,-9,9,1,1,20181216,DAL,SAC,21800440683,28630,0,202083|203084|203939|1628973|1629029,0,REG,2019,203992,-7.0,SG,Chaser,-0.87,Brunson 1' Running Layup (12 PTS),PG,Primary Ball Handler,-0.3,
Shot Chart Detail,21800446,11,203952,Andrew Wiggins,1610612750,Minnesota Timberwolves,1,11,8,Missed Shot,Turnaround Jump Shot,2PT Field Goal,In The Paint (Non-RA),Center(C),Less Than 8 ft.,6,-32,59,1,0,20181217,MIN,SAC,2180044611,520,0,201565|201959|203496|203952|1626157,0,REG,2019,203992,-1.0,SG,Chaser,-0.87,MISS Wiggins 7' Turnaround Jump Shot,SF,Shot Creator,-0.16,
Shot Chart Detail,21800446,141,1629006,Josh Okogie,1610612750,Minnesota Timberwolves,1,2,3,Missed Shot,Driving Layup Shot,2PT Field Goal,Restricted Area,Center(C),Less Than 8 ft.,3,-20,26,1,0,20181217,MIN,SAC,21800446141,5970,0,203476|203952|203967|1626145|1629006,0,REG,2019,203992,9.0,SG,Chaser,-0.87,MISS Okogie 3' Driving Layup,SG,Athletic Finisher,-0.88,
Shot Chart Detail,21800446,199,203476,Gorgui Dieng,1610612750,Minnesota Timberwolves,2,10,24,Made Shot,Cutting Dunk Shot,2PT Field Goal,Restricted Area,Center(C),Less Than 8 ft.,1,0,13,1,1,20181217,MIN,SAC,21800446199,8160,0,203476|203496|203967|1626145|1629006,1,REG,2019,203992|1627812,20.0,,,,,C,Athletic Finisher,-1.39,203967.0
Shot Chart Detail,21800446,206,203967,Dario Šarić,1610612750,Minnesota Timberwolves,2,9,26,Made Shot,Layup Shot,2PT Field Goal,Restricted Area,Center(C),Less Than 8 ft.,0,-2,5,1,1,20181217,MIN,SAC,21800446206,8740,0,203476|203496|203967|1626145|1629006,1,REG,2019,203992,21.0,SG,Chaser,-0.87,Saric 1' Layup (6 PTS) (Covington 2 AST),PF,Stretch Big,-0.03,203496.0
Shot Chart Detail,21800477,82,1628991,Jaren Jackson Jr.,1610612763,Memphis Grizzlies,1,5,46,Made Shot,Putback Dunk Shot,2PT Field Goal,Restricted Area,Center(C),Less Than 8 ft.,1,-8,11,1,1,20181221,SAC,MEM,2180047782,3740,0,201188|202066|202714|203937|1628991,0,REG,2019,203992|202357,,,,,,PF,Post Scorer,-1.82,
Shot Chart Detail,21800477,116,201188,Marc Gasol,1610612763,Memphis Grizzlies,1,3,4,Missed Shot,Turnaround Fadeaway shot,2PT Field Goal,Mid-Range,Left Side Center(LC),16-24 ft.,19,-128,153,1,0,20181221,SAC,MEM,21800477116,5360,0,201144|201188|202705|202714|203210,0,REG,2019,203992,3.0,SG,Chaser,-0.87,MISS Gasol 20' Turnaround Fadeaway Shot,C,Versatile Big,-0.59,
Shot Chart Detail,21800477,124,202714,Shelvin Mack,1610612763,Memphis Grizzlies,1,2,1,Made Shot,Running Layup Shot,2PT Field Goal,Restricted Area,Center(C),Less Than 8 ft.,1,10,2,1,1,20181221,SAC,MEM,21800477124,5990,0,201144|201188|202705|202714|203210,0,REG,2019,203992,5.0,SG,Chaser,-0.87,Mack 1' Running Layup (5 PTS),PG,Primary Ball Handler,-1.51,
Shot Chart Detail,21800477,162,202714,Shelvin Mack,1610612763,Memphis Grizzlies,2,11,38,Missed Shot,Jump Shot,3PT Field Goal,Above the Break 3,Left Side Center(LC),24+ ft.,25,-131,220,1,0,20181221,SAC,MEM,21800477162,7420,0,201188|202714|203210|1627782|1628975,0,REG,2019,203992|201585,8.0,,,,,PG,Primary Ball Handler,-1.51,
Shot Chart Detail,21800477,429,203937,Kyle Anderson,1610612763,Memphis Grizzlies,3,4,20,Missed Shot,Jump Shot,3PT Field Goal,Left Corner 3,Left Side(L),24+ ft.,23,-230,-12,1,0,20181221,SAC,MEM,21800477429,19000,0,201188|202066|202714|203210|203937,0,REG,2019,203992,13.0,SG,Chaser,-0.87,MISS Anderson 3PT Jump Shot,SF,Roll + Cut Big,-2.02,
Shot Chart Detail,21800477,459,1627782,Wayne Selden,1610612763,Memphis Grizzlies,3,2,18,Missed Shot,Jump Shot,3PT Field Goal,Above the Break 3,Right Side Center(RC),24+ ft.,25,148,210,1,0,20181221,SAC,MEM,21800477459,20220,0,201188|202066|202714|203210|1627782,0,REG,2019,203992,14.0,SG,Chaser,-0.87,MISS Selden 26' 3PT Jump Shot,SG,Movement Shooter,-1.34,
Shot Chart Detail,21800477,470,202714,Shelvin Mack,1610612763,Memphis Grizzlies,3,1,51,Missed Shot,Jump Shot,3PT Field Goal,Above the Break 3,Right Side Center(RC),24+ ft.,25,83,236,1,0,20181221,SAC,MEM,21800477470,20490,0,201144|202714|203210|1627782|1628991,0,REG,2019,203992,14.0,SG,Chaser,-0.87,MISS Mack 25' 3PT Jump Shot,PG,Primary Ball Handler,-1.51,
Shot Chart Detail,21800477,520,1627782,Wayne Selden,1610612763,Memphis Grizzlies,4,9,49,Made Shot,Jump Shot,3PT Field Goal,Right Corner 3,Right Side(R),24+ ft.,23,230,30,1,1,20181221,SAC,MEM,21800477520,22910,0,201144|202066|203210|1627782|1628991,1,REG,2019,203992,9.0,SG,Chaser,-0.87,Selden 3PT Jump Shot (6 PTS) (Green 1 AST),SG,Movement Shooter,-1.34,203210.0
Shot Chart Detail,21800477,542,1627782,Wayne Selden,1610612763,Memphis Grizzlies,4,8,41,Missed Shot,Fadeaway Jump Shot,2PT Field Goal,In The Paint (Non-RA),Center(C),8-16 ft.,11,49,109,1,0,20181221,SAC,MEM,21800477542,23590,0,201188|202066|202714|203210|1627782,0,REG,2019,203992,7.0,SG,Chaser,-0.87,MISS Selden 12' Fadeaway Jumper,SG,Movement Shooter,-1.34,
Shot Chart Detail,21800477,549,203937,Kyle Anderson,1610612763,Memphis Grizzlies,4,8,6,Made Shot,Fadeaway Jump Shot,2PT Field Goal,In The Paint (Non-RA),Center(C),Less Than 8 ft.,7,-55,48,1,1,20181221,SAC,MEM,21800477549,23940,0,201188|202066|202714|203210|203937,0,REG,2019,203992,,SG,Chaser,-0.87,Anderson 7' Fadeaway Jumper (10 PTS),SF,Roll + Cut Big,-2.02,
Shot Chart Detail,21800477,552,202066,Garrett Temple,1610612763,Memphis Grizzlies,4,7,25,Made Shot,Fadeaway Jump Shot,2PT Field Goal,Mid-Range,Right Side(R),8-16 ft.,12,120,-22,1,1,20181221,SAC,MEM,21800477552,24350,0,201188|202066|202714|203210|203937,0,REG,2019,203992,,SG,Chaser,-0.87,Temple 12' Fadeaway Jumper (14 PTS),SG,Movement Shooter,-2.05,
Shot Chart Detail,21800477,665,202714,Shelvin Mack,1610612763,Memphis Grizzlies,4,0,0,Made Shot,Layup Shot,2PT Field Goal,Restricted Area,Center(C),Less Than 8 ft.,1,17,3,1,1,20181221,SAC,MEM,21800477665,28800,0,202714,1,REG,2019,203992,-3.0,SG,Chaser,-0.87,Mack 2' Layup (11 PTS) (Selden 3 AST),PG,Primary Ball Handler,-1.51,1627782.0
Shot Chart Detail,21800492,78,202734,E'Twaun Moore,1610612740,New Orleans Pelicans,1,6,5,Missed Shot,Jump Shot,3PT Field Goal,Left Corner 3,Left Side(L),24+ ft.,22,-224,10,1,0,20181223,SAC,NOP,2180049278,3550,0,201950|202734|203076|203121|1626143,0,REG,2019,203992,8.0,SG,Chaser,-0.87,MISS Moore 3PT Jump Shot,SG,Off Screen Shooter,-1.19,
Shot Chart Detail,21800492,93,203524,Solomon Hill,1610612740,New Orleans Pelicans,1,5,8,Made Shot,Cutting Layup Shot,2PT Field Goal,Restricted Area,Center(C),Less Than 8 ft.,1,13,10,1,1,20181223,SAC,NOP,2180049293,4120,0,201950|202734|203076|203524|1626143,1,REG,2019,203992,12.0,SG,Chaser,-0.87,S. Hill 2' Cutting Layup Shot (2 PTS) (Moore 1 AST),SF,Athletic Finisher,-2.0,202734.0
Shot Chart Detail,21800492,105,202734,E'Twaun Moore,1610612740,New Orleans Pelicans,1,4,12,Made Shot,Jump Shot,2PT Field Goal,In The Paint (Non-RA),Center(C),8-16 ft.,9,14,94,1,1,20181223,SAC,NOP,21800492105,4680,0,201950|202734|203076|203524|1626143,1,REG,2019,203992,14.0,SG,Chaser,-0.87,Moore 10' Jump Shot (4 PTS) (Holiday 2 AST),SG,Off Screen Shooter,-1.19,201950.0
Shot Chart Detail,21800492,494,201950,Jrue Holiday,1610612740,New Orleans Pelicans,3,1,43,Missed Shot,Jump Shot,3PT Field Goal,Above the Break 3,Center(C),24+ ft.,25,-21,251,1,0,20181223,SAC,NOP,21800492494,20570,0,201950|202734|203076|1626143|1628402,0,REG,2019,203992,6.0,SG,Chaser,-0.87,MISS Holiday 25' 3PT Jump Shot,SG,Shot Creator,3.19,
Shot Chart Detail,21800492,544,203944,Julius Randle,1610612740,New Orleans Pelicans,4,10,26,Made Shot,Running Layup Shot,2PT Field Goal,Restricted Area,Center(C),Less Than 8 ft.,2,-21,3,1,1,20181223,SAC,NOP,21800492544,22540,0,202734|203121|203524|203944|204025,1,REG,2019,203992,12.0,SG,Chaser,-0.87,Randle 2' Running Layup (14 PTS) (Frazier 6 AST),PF,Shot Creator,1.23,204025.0
Shot Chart Detail,21800492,649,203076,Anthony Davis,1610612740,New Orleans Pelicans,4,4,25,Missed Shot,Jump Shot,3PT Field Goal,Above the Break 3,Right Side Center(RC),24+ ft.,24,219,116,1,0,20181223,SAC,NOP,21800492649,26150,0,201950|202734|203076|203121|203944,0,REG,2019,203992|1626161,-3.0,,,,,C,Shot Creator,4.41,
Shot Chart Detail,21800511,82,202340,Avery Bradley,1610612746,LA Clippers,1,5,21,Missed Shot,Running Jump Shot,3PT Field Goal,Above the Break 3,Left Side Center(LC),24+ ft.,24,-139,206,1,0,20181226,LAC,SAC,2180051182,3990,0,201976|202340|202699|1626246|1628983,0,REG,2019,203992,7.0,SG,Chaser,-0.87,MISS Bradley 25' 3PT Running Jump Shot,SG,Movement Shooter,-2.24,
Shot Chart Detail,21800511,156,1627820,Tyrone Wallace,1610612746,LA Clippers,1,0,50,Missed Shot,Layup Shot,2PT Field Goal,Restricted Area,Center(C),Less Than 8 ft.,3,-14,36,1,0,20181226,LAC,SAC,21800511156,6700,0,101150|201976|203118|1626149|1627820,0,REG,2019,203992,12.0,SG,Chaser,-0.87,MISS Wallace 4' Layup,PG,Athletic Finisher,-2.14,
Shot Chart Detail,21800511,207,1627820,Tyrone Wallace,1610612746,LA Clippers,2,10,7,Made Shot,Running Layup Shot,2PT Field Goal,Restricted Area,Center(C),Less Than 8 ft.,1,14,8,1,1,20181226,LAC,SAC,21800511207,8330,0,101150|201976|203118|1626149|1627820,1,REG,2019,203992,19.0,SG,Chaser,-0.87,Wallace 2' Running Layup (4 PTS) (Beverley 1 AST),PG,Athletic Finisher,-2.14,201976.0
Shot Chart Detail,21800511,212,1626149,Montrezl Harrell,1610612746,LA Clippers,2,9,44,Made Shot,Alley Oop Layup shot,2PT Field Goal,Restricted Area,Center(C),Less Than 8 ft.,1,-3,17,1,1,20181226,LAC,SAC,21800511212,8560,0,101150|201976|203118|1626149|1627820,1,REG,2019,203992,21.0,SG,Chaser,-0.87,Harrell 2' Alley Oop Layup (10 PTS) (Williams 3 AST),C,Post Scorer,1.25,101150.0
Shot Chart Detail,21800511,332,202340,Avery Bradley,1610612746,LA Clippers,2,1,58,Made Shot,Reverse Layup Shot,2PT Field Goal,Restricted Area,Center(C),Less Than 8 ft.,1,-15,9,1,1,20181226,LAC,SAC,21800511332,13220,0,201568|202340|202699|1626246|1628983,1,REG,2019,203992|202697,20.0,,,,,SG,Movement Shooter,-2.24,1626246.0
Shot Chart Detail,21800511,474,202340,Avery Bradley,1610612746,LA Clippers,3,2,25,Made Shot,Reverse Layup Shot,2PT Field Goal,Restricted Area,Center(C),Less Than 8 ft.,1,13,10,1,1,20181226,LAC,SAC,21800511474,20150,0,101150|201976|202340|202699|1626149,1,REG,2019,203992,12.0,SG,Chaser,-0.87,Bradley 2' Reverse Layup (15 PTS) (Williams 6 AST),SG,Movement Shooter,-2.24,101150.0
Shot Chart Detail,21800514,153,1628366,Lonzo Ball,1610612747,Los Angeles Lakers,1,1,57,Made Shot,Jump Shot,3PT Field Goal,Above the Break 3,Left Side Center(LC),24+ ft.,25,-176,183,1,1,20181227,SAC,LAL,21800514153,6030,0,2199|202362|203484|1627742|1628366,1,REG,2019,203992,-3.0,SG,Chaser,-0.87,Ball 25' 3PT Jump Shot (9 PTS) (Stephenson 1 AST),PG,Primary Ball Handler,-0.92,202362.0
Shot Chart Detail,21800514,214,1628398,Kyle Kuzma,1610612747,Los Angeles Lakers,2,9,30,Missed Shot,Driving Floating Bank Jump Shot,2PT Field Goal,In The Paint (Non-RA),Center(C),Less Than 8 ft.,4,48,12,1,0,20181227,SAC,LAL,21800514214,8700,0,202362|203484|1627742|1627826|1628398,0,REG,2019,203992,2.0,SG,Chaser,-0.87,MISS Kuzma 5' Driving Floating Bank Jump Shot,PF,Shot Creator,0.78,
Shot Chart Detail,21800514,217,1627742,Brandon Ingram,1610612747,Los Angeles Lakers,2,9,7,Missed Shot,Jump Shot,3PT Field Goal,Right Corner 3,Right Side(R),24+ ft.,22,227,22,1,0,20181227,SAC,LAL,21800514217,8930,0,202362|203484|1627742|1627826|1628398,0,REG,2019,203992,2.0,SG,Chaser,-0.87,MISS Ingram 3PT Jump Shot,SF,Shot Creator,-0.42,
Shot Chart Detail,21800514,257,202362,Lance Stephenson,1610612747,Los Angeles Lakers,2,6,8,Missed Shot,Pullup Jump shot,2PT Field Goal,Mid-Range,Left Side Center(LC),16-24 ft.,22,-160,151,1,0,20181227,SAC,LAL,21800514257,10720,0,202362|1627826|1628366|1628398|1628404,0,REG,2019,203992,-2.0,SG,Chaser,-0.87,MISS Stephenson 22' Pullup Jump Shot,SG,Shot Creator,-1.28,
Shot Chart Detail,21800514,441,1628404,Josh Hart,1610612747,Los Angeles Lakers,3,4,56,Made Shot,Jump Shot,3PT Field Goal,Left Corner 3,Left Side(L),24+ ft.,22,-223,3,1,1,20181227,SAC,LAL,21800514441,18640,0,1627742|1627826|1628366|1628398|1628404,1,REG,2019,203992,9.0,SG,Chaser,-0.87,Hart 3PT Jump Shot (6 PTS) (Kuzma 3 AST),SG,Off Screen Shooter,-1.61,1628398.0
Shot Chart Detail,21800514,505,202362,Lance Stephenson,1610612747,Los Angeles Lakers,3,0,22,Made Shot,Layup Shot,2PT Field Goal,Restricted Area,Center(C),Less Than 8 ft.,1,0,14,1,1,20181227,SAC,LAL,21800514505,21380,0,202362|203484|1627742|1627936|1628398,1,REG,2019,203992,12.0,SG,Chaser,-0.87,Stephenson 1' Layup (7 PTS) (Kuzma 4 AST),SG,Shot Creator,-1.28,1628398.0
Shot Chart Detail,21800514,643,1628366,Lonzo Ball,1610612747,Los Angeles Lakers,4,1,42,Made Shot,Running Layup Shot,2PT Field Goal,Restricted Area,Center(C),Less Than 8 ft.,1,12,3,1,1,20181227,SAC,LAL,21800514643,27780,0,2199|203484|1627742|1628398|1628404,0,REG,2019,1626161|203992,3.0,,,,,PG,Primary Ball Handler,-0.92,
Shot Chart Detail,21800541,104,2199,Tyson Chandler,1610612747,Los Angeles Lakers,1,3,50,Made Shot,Tip Layup Shot,2PT Field Goal,Restricted Area,Center(C),Less Than 8 ft.,0,0,-6,1,1,20181230,LAL,SAC,21800541104,4900,0,2199|203484|1627742|1628398|1628404,0,REG,2019,203992,-1.0,SG,Chaser,-0.87,Chandler 1' Tip Layup Shot (4 PTS),C,Roll + Cut Big,-2.36,
Shot Chart Detail,21800541,130,203484,Kentavious Caldwell-Pope,1610612747,Los Angeles Lakers,1,1,52,Missed Shot,Jump Shot,3PT Field Goal,Above the Break 3,Right Side Center(RC),24+ ft.,27,103,250,1,0,20181230,LAL,SAC,21800541130,6080,0,2199|202362|203484|1627742|1628404,0,REG,2019,203992,1.0,SG,Chaser,-0.87,MISS Caldwell-Pope 27' 3PT Jump Shot,SG,Off Screen Shooter,-0.06,
Shot Chart Detail,21800541,145,203484,Kentavious Caldwell-Pope,1610612747,Los Angeles Lakers,1,0,45,Made Shot,Step Back Jump shot,3PT Field Goal,Above the Break 3,Left Side Center(LC),24+ ft.,25,-119,220,1,1,20181230,LAL,SAC,21800541145,6750,0,2199|202362|203484|1627742|1628404,1,REG,2019,203992,6.0,SG,Chaser,-0.87,Caldwell-Pope 25' 3PT Step Back Jump Shot (5 PTS) (Hart 1 AST),SG,Off Screen Shooter,-0.06,1628404.0
Shot Chart Detail,21800541,154,2199,Tyson Chandler,1610612747,Los Angeles Lakers,1,0,0,Missed Shot,Jump Shot,3PT Field Goal,Above the Break 3,Right Side Center(RC),24+ ft.,24,89,226,1,0,20181230,LAL,SAC,21800541154,7200,0,201580|202362|203484|1628366|1628398,0,REG,2019,203992,6.0,SG,Chaser,-0.87,MISS Chandler 24' 3PT Jump Shot,C,Roll + Cut Big,-2.36,
Shot Chart Detail,21800541,186,203484,Kentavious Caldwell-Pope,1610612747,Los Angeles Lakers,2,10,26,Missed Shot,Driving Layup Shot,2PT Field Goal,Restricted Area,Center(C),Less Than 8 ft.,3,-30,13,1,0,20181230,LAL,SAC,21800541186,8140,0,202362|203484|1628366|1628398|1629140,0,REG,2019,203992,1.0,SG,Chaser,-0.87,MISS Caldwell-Pope 3' Driving Layup,SG,Off Screen Shooter,-0.06,
Shot Chart Detail,21800541,196,203484,Kentavious Caldwell-Pope,1610612747,Los Angeles Lakers,2,9,22,Made Shot,Pullup Jump shot,2PT Field Goal,Mid-Range,Right Side Center(RC),16-24 ft.,18,106,157,1,1,20181230,LAL,SAC,21800541196,8780,0,202362|203484|1628366|1628398|1629140,0,REG,2019,203463|203992,2.0,,,,,SG,Off Screen Shooter,-0.06,
Shot Chart Detail,21800541,227,203484,Kentavious Caldwell-Pope,1610612747,Los Angeles Lakers,2,6,29,Missed Shot,Step Back Jump shot,3PT Field Goal,Left Corner 3,Left Side(L),24+ ft.,22,-227,10,1,0,20181230,LAL,SAC,21800541227,10510,0,203484|1627742|1628366|1628398|1628404,0,REG,2019,203992,0.0,SG,Chaser,-0.87,MISS Caldwell-Pope 3PT Step Back Jump Shot,SG,Off Screen Shooter,-0.06,
Shot Chart Detail,21800541,288,1628366,Lonzo Ball,1610612747,Los Angeles Lakers,2,3,4,Made Shot,Layup Shot,2PT Field Goal,Restricted Area,Center(C),Less Than 8 ft.,1,13,8,1,1,20181230,LAL,SAC,21800541288,12560,0,201580|1627742|1628366|1628398|1628404,1,REG,2019,203992,-1.0,SG,Chaser,-0.87,Ball 2' Layup (6 PTS) (Kuzma 4 AST),PG,Primary Ball Handler,-0.92,1628398.0
Shot Chart Detail,21800541,292,1628398,Kyle Kuzma,1610612747,Los Angeles Lakers,2,2,38,Made Shot,Driving Bank Hook Shot,2PT Field Goal,In The Paint (Non-RA),Center(C),Less Than 8 ft.,6,54,27,1,1,20181230,LAL,SAC,21800541292,12820,0,201580|1627742|1628366|1628398|1628404,1,REG,2019,203992,1.0,SG,Chaser,-0.87,Kuzma 6' Driving Bank Hook Shot (8 PTS) (Hart 2 AST),PF,Shot Creator,0.78,1628404.0
Shot Chart Detail,21800541,396,1628366,Lonzo Ball,1610612747,Los Angeles Lakers,3,6,52,Made Shot,Running Layup Shot,2PT Field Goal,Restricted Area,Center(C),Less Than 8 ft.,1,11,10,1,1,20181230,LAL,SAC,21800541396,17480,0,2199|1627742|1628366|1628398|1628404,1,REG,2019,203992,-6.0,SG,Chaser,-0.87,Ball 1' Running Layup (10 PTS) (Ingram 7 AST),PG,Primary Ball Handler,-0.92,1627742.0
Shot Chart Detail,21800541,465,1628398,Kyle Kuzma,1610612747,Los Angeles Lakers,3,2,25,Made Shot,Jump Shot,3PT Field Goal,Above the Break 3,Right Side Center(RC),24+ ft.,25,136,212,1,1,20181230,LAL,SAC,21800541465,20150,0,2199|203484|1627742|1628398|1629004,1,REG,2019,203992,1.0,SG,Chaser,-0.87,Kuzma 25' 3PT Jump Shot (13 PTS) (Ingram 9 AST),PF,Shot Creator,0.78,1627742.0
Shot Chart Detail,21800541,491,203484,Kentavious Caldwell-Pope,1610612747,Los Angeles Lakers,3,0,26,Made Shot,Jump Shot,3PT Field Goal,Above the Break 3,Center(C),24+ ft.,28,32,281,1,1,20181230,LAL,SAC,21800541491,21340,0,2199|203484|1627742|1628398|1629004,1,REG,2019,203992,-1.0,SG,Chaser,-0.87,Caldwell-Pope 28' 3PT Jump Shot (19 PTS) (Chandler 2 AST),SG,Off Screen Shooter,-0.06,2199.0
Shot Chart Detail,21800541,518,1628404,Josh Hart,1610612747,Los Angeles Lakers,4,11,5,Missed Shot,Jump Shot,3PT Field Goal,Above the Break 3,Left Side Center(LC),24+ ft.,25,-83,241,1,0,20181230,LAL,SAC,21800541518,22150,0,201580|203484|1628366|1628404|1629004,0,REG,2019,203992,-7.0,SG,Chaser,-0.87,MISS Hart 25' 3PT Jump Shot,SG,Off Screen Shooter,-1.61,
Shot Chart Detail,21800541,530,203484,Kentavious Caldwell-Pope,1610612747,Los Angeles Lakers,4,9,56,Made Shot,Jump Shot,3PT Field Goal,Right Corner 3,Right Side(R),24+ ft.,22,225,46,1,1,20181230,LAL,SAC,21800541530,22840,0,201580|203484|1628366|1628404|1629004,1,REG,2019,203992,-1.0,SG,Chaser,-0.87,Caldwell-Pope 3PT Jump Shot (22 PTS) (Ball 6 AST),SG,Off Screen Shooter,-0.06,1628366.0
Shot Chart Detail,21800541,563,1627742,Brandon Ingram,1610612747,Los Angeles Lakers,4,7,39,Missed Shot,Jump Shot,3PT Field Goal,Left Corner 3,Left Side(L),24+ ft.,24,-239,25,1,0,20181230,LAL,SAC,21800541563,24210,0,2199|1627742|1628366|1628398|1628404,0,REG,2019,203992,-4.0,SG,Chaser,-0.87,MISS Ingram 24' 3PT Jump Shot,SF,Shot Creator,-0.42,
Shot Chart Detail,21800541,573,1628366,Lonzo Ball,1610612747,Los Angeles Lakers,4,6,46,Missed Shot,Jump Shot,3PT Field Goal,Above the Break 3,Left Side Center(LC),24+ ft.,28,-201,205,1,0,20181230,LAL,SAC,21800541573,24740,0,2199|1627742|1628366|1628398|1628404,0,REG,2019,203992,-5.0,SG,Chaser,-0.87,MISS Ball 29' 3PT Jump Shot,PG,Primary Ball Handler,-0.92,
Shot Chart Detail,21800541,633,1628398,Kyle Kuzma,1610612747,Los Angeles Lakers,4,2,19,Missed Shot,Jump Shot,3PT Field Goal,Left Corner 3,Left Side(L),24+ ft.,23,-228,62,1,0,20181230,LAL,SAC,21800541633,27410,0,201580|203484|1627742|1628398|1628404,0,REG,2019,203992,0.0,SG,Chaser,-0.87,MISS Kuzma 24' 3PT Jump Shot,PF,Shot Creator,0.78,
Shot Chart Detail,21800552,137,1628380,Zach Collins,1610612757,Portland Trail Blazers,1,2,15,Missed Shot,Jump Shot,2PT Field Goal,Mid-Range,Right Side(R),16-24 ft.,20,204,13,1,0,20190101,SAC,POR,21800552137,5850,0,202323|203081|203086|203552|1628380,0,REG,2019,203992,-2.0,SG,Chaser,-0.87,MISS Collins 20' Jump Shot,C,Versatile Big,-1.68,
Shot Chart Detail,21800552,171,203081,Damian Lillard,1610612757,Portland Trail Blazers,1,0,5,Missed Shot,Jump Shot,3PT Field Goal,Right Corner 3,Right Side(R),24+ ft.,23,232,53,1,0,20190101,SAC,POR,21800552171,7150,0,202323|203081|203086|203552|1628380,0,REG,2019,203992,1.0,SG,Chaser,-0.87,MISS Lillard 24' 3PT Jump Shot,PG,Shot Creator,5.17,
Shot Chart Detail,21800552,179,203552,Seth Curry,1610612757,Portland Trail Blazers,2,11,37,Made Shot,Pullup Jump shot,2PT Field Goal,Mid-Range,Center(C),16-24 ft.,22,33,225,1,1,20190101,SAC,POR,21800552179,7430,0,202323|203086|203552|203917|1628380,0,REG,2019,203992,3.0,SG,Chaser,-0.87,Curry 23' Pullup Jump Shot (5 PTS),SG,Secondary Ball Handler,-0.78,
Shot Chart Detail,21800552,315,203994,Jusuf Nurkić,1610612757,Portland Trail Blazers,2,2,5,Made Shot,Running Dunk Shot,2PT Field Goal,Restricted Area,Center(C),Less Than 8 ft.,0,5,-1,1,1,20190101,SAC,POR,21800552315,13150,0,202329|203081|203090|203468|203994,1,REG,2019,203992,,SG,Chaser,-0.87,Nurkic 1' Running Dunk (11 PTS) (Lillard 5 AST),C,Post Scorer,1.26,203081.0
Shot Chart Detail,21800552,466,202329,Al-Farouq Aminu,1610612757,Portland Trail Blazers,3,3,21,Made Shot,Jump Shot,3PT Field Goal,Left Corner 3,Left Side(L),24+ ft.,22,-226,21,1,1,20190101,SAC,POR,21800552466,19590,0,202323|202329|203081|203552|203994,1,REG,2019,203992,6.0,SG,Chaser,-0.87,Aminu 3PT Jump Shot (10 PTS) (Nurkic 6 AST),PF,Athletic Finisher,-0.14,203994.0
Shot Chart Detail,21800552,496,203081,Damian Lillard,1610612757,Portland Trail Blazers,3,1,16,Missed Shot,Driving Layup Shot,2PT Field Goal,Restricted Area,Center(C),Less Than 8 ft.,2,-23,15,1,0,20190101,SAC,POR,21800552496,20840,0,202323|203081|203086|203552|1628380,0,REG,2019,203992,6.0,SG,Chaser,-0.87,MISS Lillard 3' Driving Layup,PG,Shot Creator,5.17,
Shot Chart Detail,21800552,498,1628380,Zach Collins,1610612757,Portland Trail Blazers,3,1,10,Made Shot,Layup Shot,2PT Field Goal,Restricted Area,Center(C),Less Than 8 ft.,1,-8,11,1,1,20190101,SAC,POR,21800552498,20900,0,202323|203081|203086|203552|1628380,0,REG,2019,203992|1628385,8.0,,,,,C,Versatile Big,-1.68,
Shot Chart Detail,21800552,516,202323,Evan Turner,1610612757,Portland Trail Blazers,4,11,44,Made Shot,Turnaround Fadeaway shot,2PT Field Goal,Mid-Range,Left Side(L),8-16 ft.,10,-109,-3,1,1,20190101,SAC,POR,21800552516,21760,0,202323|203086|203552|203917|1628380,0,REG,2019,203992,,SG,Chaser,-0.87,Turner 11' Turnaround Fadeaway (2 PTS),PG,Shot Creator,-0.65,
Shot Chart Detail,21800552,542,203468,CJ McCollum,1610612757,Portland Trail Blazers,4,9,16,Missed Shot,Driving Layup Shot,2PT Field Goal,Restricted Area,Center(C),Less Than 8 ft.,2,13,20,1,0,20190101,SAC,POR,21800552542,23240,0,203086|203468|203552|203917|1628380,0,REG,2019,203992|202357,-0.0,,,,,SG,Primary Ball Handler,1.63,
Shot Chart Detail,21800552,566,202329,Al-Farouq Aminu,1610612757,Portland Trail Blazers,4,6,39,Made Shot,Jump Shot,3PT Field Goal,Right Corner 3,Right Side(R),24+ ft.,23,231,20,1,1,20190101,SAC,POR,21800552566,24810,0,202329|203081|203468|203552|203994,1,REG,2019,203992,-4.0,SG,Chaser,-0.87,Aminu 3PT Jump Shot (13 PTS) (Curry 1 AST),PF,Athletic Finisher,-0.14,203552.0
Shot Chart Detail,21800552,607,203081,Damian Lillard,1610612757,Portland Trail Blazers,4,3,16,Missed Shot,Fadeaway Jump Shot,2PT Field Goal,Mid-Range,Right Side(R),16-24 ft.,18,184,17,1,0,20190101,SAC,POR,21800552607,26840,0,202329|203081|203090|203468|203994,0,REG,2019,203992|1626161,-7.0,,,,,PG,Shot Creator,5.17,
Shot Chart Detail,21800552,662,203090,Maurice Harkless,1610612757,Portland Trail Blazers,5,4,44,Missed Shot,Turnaround Jump Shot,2PT Field Goal,Mid-Range,Left Side(L),8-16 ft.,8,-89,11,1,0,20190101,SAC,POR,21800552662,28960,1,202329|203081|203090|203468|203994,0,REG,2019,203992,-0.0,SG,Chaser,-0.87,MISS Harkless 9' Turnaround Jump Shot,SF,Versatile Big,-0.83,
Shot Chart Detail,21800552,707,203468,CJ McCollum,1610612757,Portland Trail Blazers,5,1,6,Missed Shot,Cutting Layup Shot,2PT Field Goal,Restricted Area,Center(C),Less Than 8 ft.,1,-12,8,1,0,20190101,SAC,POR,21800552707,31140,1,202329|203081|203090|203468|203994,0,REG,2019,203992,5.0,SG,Chaser,-0.87,MISS McCollum 1' Cutting Layup Shot,SG,Primary Ball Handler,1.63,
Shot Chart Detail,21800564,152,203914,Gary Harris,1610612743,Denver Nuggets,1,0,55,Made Shot,Driving Layup Shot,2PT Field Goal,Restricted Area,Center(C),Less Than 8 ft.,2,24,7,1,1,20190103,SAC,DEN,21800564152,6650,0,200794|203914|1626168|1627736|1628420,0,REG,2019,203992,-3.0,SG,Chaser,-0.87,Harris 3' Driving Layup (8 PTS),SG,Movement Shooter,-0.15,
Shot Chart Detail,21800564,279,1627736,Malik Beasley,1610612743,Denver Nuggets,2,3,28,Made Shot,Running Dunk Shot,2PT Field Goal,Restricted Area,Center(C),Less Than 8 ft.,1,-7,13,1,1,20190103,SAC,DEN,21800564279,12320,0,203486|203999|1627736|1627750|1628470,1,REG,2019,203992,,SG,Chaser,-0.87,Beasley 1' Running Dunk (5 PTS) (Murray 3 AST),SG,Movement Shooter,0.28,1627750.0
Shot Chart Detail,21800564,435,1628470,Torrey Craig,1610612743,Denver Nuggets,3,4,7,Made Shot,Turnaround Fadeaway Bank Jump Shot,2PT Field Goal,In The Paint (Non-RA),Center(C),Less Than 8 ft.,6,-63,16,1,1,20190103,SAC,DEN,21800564435,19130,0,200794|203914|203999|1627750|1628470,1,REG,2019,203992,-1.0,SG,Chaser,-0.87,Craig 7' Turnaround Fadeaway Bank Jump Shot (2 PTS) (Murray 4 AST),SF,Athletic Finisher,-0.95,1627750.0
Shot Chart Detail,21800564,439,1627750,Jamal Murray,1610612743,Denver Nuggets,3,3,43,Missed Shot,Floating Jump shot,2PT Field Goal,In The Paint (Non-RA),Center(C),Less Than 8 ft.,5,22,45,1,0,20190103,SAC,DEN,21800564439,19370,0,200794|203914|203999|1627750|1628470,0,REG,2019,203992|1626161,-1.0,,,,,PG,Primary Ball Handler,1.52,
Shot Chart Detail,21800564,444,1628470,Torrey Craig,1610612743,Denver Nuggets,3,3,17,Missed Shot,Jump Shot,3PT Field Goal,Above the Break 3,Left Side Center(LC),24+ ft.,24,-189,162,1,0,20190103,SAC,DEN,21800564444,19630,0,200794|203914|203999|1627750|1628470,0,REG,2019,203992,-1.0,SG,Chaser,-0.87,MISS Craig 25' 3PT Jump Shot,SF,Athletic Finisher,-0.95,
Shot Chart Detail,21800564,516,1627736,Malik Beasley,1610612743,Denver Nuggets,4,10,29,Made Shot,Pullup Jump shot,2PT Field Goal,In The Paint (Non-RA),Center(C),8-16 ft.,12,-54,116,1,1,20190103,SAC,DEN,21800564516,22510,0,200794|203486|203914|1627736|1627750,1,REG,2019,203992,5.0,SG,Chaser,-0.87,Beasley 13' Pullup Jump Shot (7 PTS) (Murray 5 AST),SG,Movement Shooter,0.28,1627750.0
Shot Chart Detail,21800564,519,1627736,Malik Beasley,1610612743,Denver Nuggets,4,9,54,Missed Shot,Jump Shot,3PT Field Goal,Above the Break 3,Right Side Center(RC),24+ ft.,25,230,113,1,0,20190103,SAC,DEN,21800564519,22860,0,200794|203486|203914|1627736|1627750,0,REG,2019,203992,3.0,SG,Chaser,-0.87,MISS Beasley 26' 3PT Jump Shot,SG,Movement Shooter,0.28,
Shot Chart Detail,21800564,546,1627736,Malik Beasley,1610612743,Denver Nuggets,4,8,12,Missed Shot,Pullup Jump shot,2PT Field Goal,Mid-Range,Center(C),16-24 ft.,16,0,167,1,0,20190103,SAC,DEN,21800564546,23880,0,200794|203486|203914|1627736|1627750,0,REG,2019,203992|1628382,4.0,,,,,SG,Movement Shooter,0.28,
Shot Chart Detail,21800564,573,1627750,Jamal Murray,1610612743,Denver Nuggets,4,6,38,Made Shot,Jump Shot,3PT Field Goal,Above the Break 3,Left Side Center(LC),24+ ft.,24,-143,199,1,1,20190103,SAC,DEN,21800564573,24820,0,200794|203914|203999|1627736|1627750,1,REG,2019,203992,9.0,SG,Chaser,-0.87,Murray 25' 3PT Jump Shot (27 PTS) (Millsap 2 AST),PG,Primary Ball Handler,1.52,200794.0
Shot Chart Detail,21800583,46,201142,Kevin Durant,1610612744,Golden State Warriors,1,8,5,Made Shot,Pullup Jump shot,2PT Field Goal,Mid-Range,Right Side(R),16-24 ft.,16,145,86,1,1,20190105,SAC,GSW,2180058346,2350,0,201142|201939|202691|203110|1626172,0,REG,2019,203992,4.0,SG,Chaser,-0.87,Durant 17' Pullup Jump Shot (2 PTS),SF,Shot Creator,4.01,
Shot Chart Detail,21800583,53,202691,Klay Thompson,1610612744,Golden State Warriors,1,6,57,Made Shot,Driving Layup Shot,2PT Field Goal,Restricted Area,Center(C),Less Than 8 ft.,1,-9,7,1,1,20190105,SAC,GSW,2180058353,3030,0,201142|201939|202691|203110|1626172,0,REG,2019,203992|1627741,6.0,,,,,SG,Off Screen Shooter,1.07,
Shot Chart Detail,21800583,68,201142,Kevin Durant,1610612744,Golden State Warriors,1,5,34,Made Shot,Alley Oop Layup shot,2PT Field Goal,Restricted Area,Center(C),Less Than 8 ft.,1,14,10,1,1,20190105,SAC,GSW,2180058368,3860,0,201142|201939|202691|203110|1626172,1,REG,2019,203992,3.0,SG,Chaser,-0.87,Durant 2' Alley Oop Layup (4 PTS) (Green 2 AST),SF,Shot Creator,4.01,203110.0
Shot Chart Detail,21800583,145,2738,Andre Iguodala,1610612744,Golden State Warriors,1,1,3,Missed Shot,Jump Shot,3PT Field Goal,Above the Break 3,Right Side Center(RC),24+ ft.,25,89,237,1,0,20190105,SAC,GSW,21800583145,6570,0,2738|201142|201973|203110|1626188,0,REG,2019,203992,10.0,SG,Chaser,-0.87,MISS Iguodala 25' 3PT Jump Shot,SF,Athletic Finisher,0.02,
Shot Chart Detail,21800583,166,2738,Andre Iguodala,1610612744,Golden State Warriors,2,11,26,Missed Shot,Pullup Jump shot,3PT Field Goal,Above the Break 3,Center(C),24+ ft.,24,-8,249,1,0,20190105,SAC,GSW,21800583166,7540,0,2733|2738|201939|201973|203110,0,REG,2019,203992,11.0,SG,Chaser,-0.87,MISS Iguodala 25' 3PT Pullup Jump Shot,SF,Athletic Finisher,0.02,
Shot Chart Detail,21800583,170,2738,Andre Iguodala,1610612744,Golden State Warriors,2,11,7,Made Shot,Dunk Shot,2PT Field Goal,Restricted Area,Center(C),Less Than 8 ft.,1,3,13,1,1,20190105,SAC,GSW,21800583170,7730,0,2733|2738|201939|201973|203110,1,REG,2019,203992,,SG,Chaser,-0.87,Iguodala 1' Dunk (2 PTS) (Green 4 AST),SF,Athletic Finisher,0.02,203110.0
Shot Chart Detail,21800583,174,201939,Stephen Curry,1610612744,Golden State Warriors,2,10,29,Made Shot,Step Back Jump shot,2PT Field Goal,Mid-Range,Left Side Center(LC),16-24 ft.,19,-137,138,1,1,20190105,SAC,GSW,21800583174,8110,0,2733|2738|201939|201973|203110,0,REG,2019,203992,13.0,SG,Chaser,-0.87,Curry 19' Step Back Jump Shot (11 PTS),PG,Primary Ball Handler,4.7,
Shot Chart Detail,21800583,197,2738,Andre Iguodala,1610612744,Golden State Warriors,2,8,42,Missed Shot,Jump Shot,3PT Field Goal,Left Corner 3,Left Side(L),24+ ft.,22,-225,10,1,0,20190105,SAC,GSW,21800583197,9180,0,2733|2738|201939|201973|203110,0,REG,2019,203992,11.0,SG,Chaser,-0.87,MISS Iguodala 3PT Jump Shot,SF,Athletic Finisher,0.02,
Shot Chart Detail,21800583,215,1628035,Alfonzo McKinnie,1610612744,Golden State Warriors,2,7,49,Missed Shot,Driving Dunk Shot,2PT Field Goal,Restricted Area,Center(C),Less Than 8 ft.,1,19,6,1,0,20190105,SAC,GSW,21800583215,9710,0,201939|201973|202691|1626172|1628035,0,REG,2019,203992,6.0,SG,Chaser,-0.87,MISS McKinnie 2' Driving Dunk,SF,Athletic Finisher,-0.94,
Shot Chart Detail,21800583,313,201142,Kevin Durant,1610612744,Golden State Warriors,2,0,28,Missed Shot,Jump Shot,3PT Field Goal,Above the Break 3,Center(C),24+ ft.,26,4,267,1,0,20190105,SAC,GSW,21800583313,14120,0,2738|201142|201939|202691|203110,0,REG,2019,203992,1.0,SG,Chaser,-0.87,MISS Durant 27' 3PT Jump Shot,SF,Shot Creator,4.01,
Shot Chart Detail,21800583,338,201142,Kevin Durant,1610612744,Golden State Warriors,3,10,31,Missed Shot,Fadeaway Jump Shot,2PT Field Goal,Mid-Range,Right Side(R),16-24 ft.,16,141,87,1,0,20190105,SAC,GSW,21800583338,15290,0,201142|201939|202691|203110|1626172,0,REG,2019,203992|202357,2.0,,,,,SF,Shot Creator,4.01,
Shot Chart Detail,21800583,350,201142,Kevin Durant,1610612744,Golden State Warriors,3,9,56,Made Shot,Driving Floating Jump Shot,2PT Field Goal,In The Paint (Non-RA),Center(C),Less Than 8 ft.,6,-29,54,1,1,20190105,SAC,GSW,21800583350,15640,0,201142|201939|202691|203110|1626172,0,REG,2019,203992,7.0,SG,Chaser,-0.87,Durant 6' Driving Floating Jump Shot (15 PTS),SF,Shot Creator,4.01,
Shot Chart Detail,21800583,376,203110,Draymond Green,1610612744,Golden State Warriors,3,7,19,Made Shot,Jump Shot,3PT Field Goal,Above the Break 3,Center(C),24+ ft.,25,-53,245,1,1,20190105,SAC,GSW,21800583376,17210,0,201142|201939|202691|203110|1626172,1,REG,2019,203992,8.0,SG,Chaser,-0.87,Green 25' 3PT Jump Shot (12 PTS) (Durant 7 AST),PF,Stretch Big,-1.41,201142.0
Shot Chart Detail,21800583,468,201973,Jonas Jerebko,1610612744,Golden State Warriors,3,0,32,Made Shot,Tip Dunk Shot,2PT Field Goal,Restricted Area,Center(C),Less Than 8 ft.,0,0,-6,1,1,20190105,SAC,GSW,21800583468,21280,0,2738|201142|201973|1626188|1628395,0,REG,2019,203992|1628385,-7.0,,,,,PF,Athletic Finisher,0.46,
Shot Chart Detail,21800583,500,202691,Klay Thompson,1610612744,Golden State Warriors,4,10,20,Missed Shot,Reverse Layup Shot,2PT Field Goal,Restricted Area,Center(C),Less Than 8 ft.,1,-13,8,1,0,20190105,SAC,GSW,21800583500,22600,0,2738|201939|201973|202691|203110,0,REG,2019,203992|1627812,-4.0,,,,,SG,Off Screen Shooter,1.07,
Shot Chart Detail,21800583,504,202691,Klay Thompson,1610612744,Golden State Warriors,4,10,15,Missed Shot,Putback Layup Shot,2PT Field Goal,Restricted Area,Center(C),Less Than 8 ft.,0,-5,6,1,0,20190105,SAC,GSW,21800583504,22650,0,2738|201939|201973|202691|203110,0,REG,2019,203992|1627812,-4.0,,,,,SG,Off Screen Shooter,1.07,
Shot Chart Detail,21800598,40,203932,Aaron Gordon,1610612753,Orlando Magic,1,8,20,Missed Shot,Jump Shot,3PT Field Goal,Above the Break 3,Left Side Center(LC),24+ ft.,25,-165,191,1,0,20190107,SAC,ORL,2180059840,2200,0,201571|202696|203095|203932|1628371,0,REG,2019,203992,1.0,SG,Chaser,-0.87,MISS Gordon 25' 3PT Jump Shot,PF,Versatile Big,-0.59,
Shot Chart Detail,21800598,183,203082,Terrence Ross,1610612753,Orlando Magic,2,10,33,Missed Shot,Jump Shot,3PT Field Goal,Above the Break 3,Left Side Center(LC),24+ ft.,25,-202,153,1,0,20190107,SAC,ORL,21800598183,8070,0,203082|203095|203613|203932|1628964,0,REG,2019,203992,-8.0,SG,Chaser,-0.87,MISS Ross 25' 3PT Jump Shot,SG,Off Screen Shooter,0.11,
Shot Chart Detail,21800598,205,203082,Terrence Ross,1610612753,Orlando Magic,2,8,55,Missed Shot,Jump Shot,3PT Field Goal,Above the Break 3,Right Side Center(RC),24+ ft.,27,105,256,1,0,20190107,SAC,ORL,21800598205,9050,0,203082|203095|203613|203932|1628964,0,REG,2019,203992,-11.0,SG,Chaser,-0.87,MISS Ross 28' 3PT Jump Shot,SG,Off Screen Shooter,0.11,
Shot Chart Detail,21800598,220,203932,Aaron Gordon,1610612753,Orlando Magic,2,7,32,Made Shot,Driving Layup Shot,2PT Field Goal,Restricted Area,Center(C),Less Than 8 ft.,2,-20,11,1,1,20190107,SAC,ORL,21800598220,9880,0,203082|203095|203613|203932|1628964,0,REG,2019,203992|1628385,-11.0,,,,,PF,Versatile Big,-0.59,
Shot Chart Detail,21800598,330,201571,D.J. Augustin,1610612753,Orlando Magic,3,10,58,Missed Shot,Jump Shot,3PT Field Goal,Above the Break 3,Left Side Center(LC),24+ ft.,25,-89,234,1,0,20190107,SAC,ORL,21800598330,15020,0,201571|202696|203095|203932|1628371,0,REG,2019,203992,-17.0,SG,Chaser,-0.87,MISS Augustin 25' 3PT Jump Shot,PG,Primary Ball Handler,0.7,
Shot Chart Detail,21800598,484,1628515,Isaiah Briscoe,1610612753,Orlando Magic,3,0,0,Missed Shot,Driving Floating Jump Shot,2PT Field Goal,In The Paint (Non-RA),Center(C),8-16 ft.,10,-14,109,1,0,20190107,SAC,ORL,21800598484,21600,0,203082|203932|1628411|1628515|1628964,0,REG,2019,203992|201585,-28.0,,,,,PG,Primary Ball Handler,-2.63,
Shot Chart Detail,21800598,517,203082,Terrence Ross,1610612753,Orlando Magic,4,9,57,Made Shot,Jump Shot,3PT Field Goal,Above the Break 3,Right Side Center(RC),24+ ft.,24,171,179,1,1,20190107,SAC,ORL,21800598517,22830,0,203082|203920|203932|1628411|1628515,0,REG,2019,203992,-22.0,SG,Chaser,-0.87,Ross 25' 3PT Jump Shot (16 PTS),SG,Off Screen Shooter,0.11,
Shot Chart Detail,21800598,529,1628411,Wes Iwundu,1610612753,Orlando Magic,4,9,3,Missed Shot,Layup Shot,2PT Field Goal,In The Paint (Non-RA),Center(C),Less Than 8 ft.,4,44,14,1,0,20190107,SAC,ORL,21800598529,23370,0,203082|203920|203932|1628411|1628515,0,REG,2019,203992,-21.0,SG,Chaser,-0.87,Giles III BLOCK (1 BLK),SF,Athletic Finisher,-2.53,
Shot Chart Detail,21800604,161,1628367,Josh Jackson,1610612756,Phoenix Suns,1,0,3,Missed Shot,Running Pull-Up Jump Shot,3PT Field Goal,Above the Break 3,Center(C),24+ ft.,25,5,258,1,0,20190108,PHX,SAC,21800604161,7170,0,203112|1626158|1626162|1628367|1629001,0,REG,2019,203992|1627812,3.0,,,,,SG,Secondary Ball Handler,-2.34,
Shot Chart Detail,21800604,182,1626162,Kelly Oubre Jr.,1610612756,Phoenix Suns,2,10,30,Made Shot,Jump Shot,3PT Field Goal,Above the Break 3,Center(C),24+ ft.,26,8,262,1,1,20190108,PHX,SAC,21800604182,8100,0,2037|203112|203584|1626158|1626162,1,REG,2019,203992|1627812,1.0,,,,,SF,Movement Shooter,-0.29,1626158.0
Shot Chart Detail,21800604,203,203584,Troy Daniels,1610612756,Phoenix Suns,2,8,45,Missed Shot,Jump Shot,3PT Field Goal,Above the Break 3,Left Side Center(LC),24+ ft.,27,-133,241,1,0,20190108,PHX,SAC,21800604203,9150,0,2037|203584|203933|1626158|1626162,0,REG,2019,203992,-2.0,SG,Chaser,-0.87,MISS Daniels 28' 3PT Jump Shot,SG,Off Screen Shooter,-0.47,
Shot Chart Detail,21800604,242,1628367,Josh Jackson,1610612756,Phoenix Suns,2,5,5,Missed Shot,Driving Floating Jump Shot,2PT Field Goal,In The Paint (Non-RA),Center(C),8-16 ft.,10,25,99,1,0,20190108,PHX,SAC,21800604242,11350,0,203933|1626162|1628367|1629001|1629028,0,REG,2019,203992,-8.0,SG,Chaser,-0.87,MISS Jackson 10' Driving Floating Jump Shot,SG,Secondary Ball Handler,-2.34,
Shot Chart Detail,21800604,337,203933,T.J. Warren,1610612756,Phoenix Suns,3,11,2,Made Shot,Driving Layup Shot,2PT Field Goal,Restricted Area,Center(C),Less Than 8 ft.,0,-4,6,1,1,20190108,PHX,SAC,21800604337,14980,0,203933|1628367|1628969|1629001|1629028,0,REG,2019,203992,-17.0,SG,Chaser,-0.87,Warren 1' Driving Layup (11 PTS),SF,Slasher,-0.63,
Shot Chart Detail,21800604,377,1628367,Josh Jackson,1610612756,Phoenix Suns,3,8,42,Missed Shot,Running Layup Shot,2PT Field Goal,Restricted Area,Center(C),Less Than 8 ft.,2,14,19,1,0,20190108,PHX,SAC,21800604377,16380,0,203933|1626158|1628367|1628969|1629001,0,REG,2019,203992,-14.0,SG,Chaser,-0.87,MISS Jackson 2' Running Layup,SG,Secondary Ball Handler,-2.34,
Shot Chart Detail,21800604,391,1628367,Josh Jackson,1610612756,Phoenix Suns,3,7,59,Missed Shot,Driving Layup Shot,2PT Field Goal,Restricted Area,Center(C),Less Than 8 ft.,2,-18,9,1,0,20190108,PHX,SAC,21800604391,16810,0,203933|1626158|1628367|1628969|1629001,0,REG,2019,203992,-12.0,SG,Chaser,-0.87,MISS Jackson 2' Driving Layup,SG,Secondary Ball Handler,-2.34,
Shot Chart Detail,21800604,517,2037,Jamal Crawford,1610612756,Phoenix Suns,4,11,40,Made Shot,Jump Shot,3PT Field Goal,Above the Break 3,Left Side Center(LC),24+ ft.,25,-201,164,1,1,20190108,PHX,SAC,21800604517,21800,0,2037|203112|1626158|1626162|1628969,0,REG,2019,203992,3.0,SG,Chaser,-0.87,Crawford 26' 3PT Jump Shot (3 PTS),SG,Shot Creator,-0.71,
Shot Chart Detail,21800604,554,203584,Troy Daniels,1610612756,Phoenix Suns,4,9,36,Made Shot,Cutting Layup Shot,2PT Field Goal,Restricted Area,Center(C),Less Than 8 ft.,1,-6,10,1,1,20190108,PHX,SAC,21800604554,23040,0,2037|203112|203584|1626162|1629028,1,REG,2019,203992|1628385,1.0,,,,,SG,Off Screen Shooter,-0.47,2037.0
Shot Chart Detail,21800604,650,1629028,Deandre Ayton,1610612756,Phoenix Suns,4,2,5,Made Shot,Alley Oop Dunk Shot,2PT Field Goal,Restricted Area,Center(C),Less Than 8 ft.,0,-4,-2,1,1,20190108,PHX,SAC,21800604650,27550,0,203933|1626162|1628367|1629001|1629028,1,REG,2019,203992,,SG,Chaser,-0.87,Ayton Alley Oop Dunk (16 PTS) (Jackson 5 AST),C,Post Scorer,-0.65,1628367.0
Shot Chart Detail,21800604,681,1626162,Kelly Oubre Jr.,1610612756,Phoenix Suns,4,0,11,Made Shot,Tip Dunk Shot,2PT Field Goal,Restricted Area,Center(C),Less Than 8 ft.,0,0,-6,1,1,20190108,PHX,SAC,21800604681,28690,0,203112|1626158|1626162|1628367|1629001,0,REG,2019,203992,3.0,SG,Chaser,-0.87,Oubre Jr. 1' Tip Dunk Shot (26 PTS),SF,Movement Shooter,-0.29,
Shot Chart Detail,21800620,93,202704,Reggie Jackson,1610612765,Detroit Pistons,1,3,49,Made Shot,Driving Dunk Shot,2PT Field Goal,Restricted Area,Center(C),Less Than 8 ft.,0,6,6,1,1,20190110,SAC,DET,2180062093,4910,0,202704|203083|203493|204038|1626169,1,REG,2019,203992,,SG,Chaser,-0.87,Jackson 1' Driving Dunk (4 PTS) (Bullock 3 AST),PG,Primary Ball Handler,0.32,203493.0
Shot Chart Detail,21800620,114,204038,Langston Galloway,1610612765,Detroit Pistons,1,2,21,Missed Shot,Jump Shot,3PT Field Goal,Above the Break 3,Center(C),24+ ft.,26,15,262,1,0,20190110,SAC,DET,21800620114,5790,0,101181|203083|203493|204038|1626169,0,REG,2019,203992,-10.0,SG,Chaser,-0.87,MISS Galloway 26' 3PT Jump Shot,SG,Movement Shooter,-0.29,
Shot Chart Detail,21800620,132,204038,Langston Galloway,1610612765,Detroit Pistons,1,1,1,Made Shot,Jump Shot,3PT Field Goal,Left Corner 3,Left Side(L),24+ ft.,22,-229,16,1,1,20190110,SAC,DET,21800620132,6590,0,101181|203083|203922|204038|1626169,1,REG,2019,203992,-11.0,SG,Chaser,-0.87,Galloway 3PT Jump Shot (3 PTS) (Calderon 1 AST),SG,Movement Shooter,-0.29,101181.0
Shot Chart Detail,21800620,146,203922,Glenn Robinson III,1610612765,Detroit Pistons,1,0,2,Made Shot,Driving Layup Shot,2PT Field Goal,Restricted Area,Center(C),Less Than 8 ft.,2,22,12,1,1,20190110,SAC,DET,21800620146,7180,0,101181|203083|203922|204038|1626169,1,REG,2019,203992,-13.0,SG,Chaser,-0.87,Robinson III 3' Driving Layup (2 PTS) (Calderon 2 AST),SF,Athletic Finisher,-2.26,101181.0
Shot Chart Detail,21800620,188,202720,Jon Leuer,1610612765,Detroit Pistons,2,9,39,Made Shot,Turnaround Fadeaway shot,2PT Field Goal,Mid-Range,Left Side(L),8-16 ft.,15,-147,48,1,1,20190110,SAC,DET,21800620188,8610,0,101181|202720|203922|204038|1626169,1,REG,2019,203992,,SG,Chaser,-0.87,Leuer 15' Turnaround Fadeaway (2 PTS) (Calderon 3 AST),PF,Post Scorer,-2.08,101181.0
Shot Chart Detail,21800620,476,1629017,Khyri Thomas,1610612765,Detroit Pistons,3,0,20,Made Shot,Jump Shot,3PT Field Goal,Right Corner 3,Right Side(R),24+ ft.,23,237,27,1,1,20190110,SAC,DET,21800620476,21400,0,101181|202720|204038|1626169|1629017,1,REG,2019,203992,-17.0,SG,Chaser,-0.87,Thomas 24' 3PT Jump Shot (3 PTS) (Calderon 4 AST),SG,Movement Shooter,-1.15,101181.0
Shot Chart Detail,21800620,547,1628379,Luke Kennard,1610612765,Detroit Pistons,4,6,39,Missed Shot,Jump Shot,3PT Field Goal,Above the Break 3,Right Side Center(RC),24+ ft.,25,100,232,1,0,20190110,SAC,DET,21800620547,24810,0,101181|203083|203493|1628379|1629017,0,REG,2019,203992,-20.0,SG,Chaser,-0.87,MISS Kennard 25' 3PT Jump Shot,SG,Secondary Ball Handler,-0.88,
Shot Chart Detail,21800636,121,1628970,Miles Bridges,1610612766,Charlotte Hornets,1,4,6,Missed Shot,Running Layup Shot,2PT Field Goal,In The Paint (Non-RA),Center(C),Less Than 8 ft.,6,30,57,1,0,20190112,SAC,CHA,21800636121,4740,0,202689|203077|1626195|1628370|1628970,0,REG,2019,203992,-1.0,SG,Chaser,-0.87,MISS Bridges 6' Running Layup,SF,Athletic Finisher,-0.67,
Shot Chart Detail,21800636,142,1628370,Malik Monk,1610612766,Charlotte Hornets,1,2,56,Made Shot,Layup Shot,2PT Field Goal,Restricted Area,Center(C),Less Than 8 ft.,1,19,6,1,1,20190112,SAC,CHA,21800636142,5440,0,203077|1626195|1628370|1628970|1628984,0,REG,2019,203992|1628963,-3.0,,,,,SG,Movement Shooter,-0.67,
Shot Chart Detail,21800636,148,1628984,Devonte' Graham,1610612766,Charlotte Hornets,1,2,25,Made Shot,Jump Shot,3PT Field Goal,Above the Break 3,Center(C),24+ ft.,26,8,260,1,1,20190112,SAC,CHA,21800636148,5750,0,203077|1626195|1628370|1628970|1628984,0,REG,2019,203992,-0.0,SG,Chaser,-0.87,Graham 26' 3PT Jump Shot (3 PTS),PG,Shot Creator,0.43,
Shot Chart Detail,21800636,159,1628370,Malik Monk,1610612766,Charlotte Hornets,1,1,36,Missed Shot,Fadeaway Jump Shot,2PT Field Goal,In The Paint (Non-RA),Center(C),8-16 ft.,9,40,89,1,0,20190112,SAC,CHA,21800636159,6240,0,203077|1626195|1628370|1628970|1628984,0,REG,2019,203992,-2.0,SG,Chaser,-0.87,MISS Monk 10' Fadeaway Jumper,SG,Movement Shooter,-0.67,
Shot Chart Detail,21800636,183,203087,Jeremy Lamb,1610612766,Charlotte Hornets,1,0,12,Made Shot,Floating Jump shot,2PT Field Goal,In The Paint (Non-RA),Right Side(R),8-16 ft.,9,74,62,1,1,20190112,SAC,CHA,21800636183,7080,0,203077|203087|1626195|1628970|1628984,0,REG,2019,203992,-6.0,SG,Chaser,-0.87,Lamb 10' Floating Jump Shot (4 PTS),SG,Secondary Ball Handler,0.86,
Shot Chart Detail,21800636,196,1628370,Malik Monk,1610612766,Charlotte Hornets,2,11,43,Made Shot,Driving Reverse Dunk Shot,2PT Field Goal,Restricted Area,Center(C),Less Than 8 ft.,2,-9,20,1,1,20190112,SAC,CHA,21800636196,7370,0,101107|203077|203087|1628370|1628984,0,REG,2019,203992,-4.0,SG,Chaser,-0.87,Monk 2' Driving Reverse Dunk Shot (7 PTS),SG,Movement Shooter,-0.67,
Shot Chart Detail,21800636,312,203077,Michael Kidd-Gilchrist,1610612766,Charlotte Hornets,2,2,17,Made Shot,Jump Shot,3PT Field Goal,Above the Break 3,Left Side Center(LC),24+ ft.,25,-110,228,1,1,20190112,SAC,CHA,21800636312,13030,0,201587|202687|202689|203077|203087,1,REG,2019,203992,4.0,SG,Chaser,-0.87,Kidd-Gilchrist 25' 3PT Jump Shot (9 PTS) (Walker 3 AST),PF,Athletic Finisher,-1.14,202689.0
Shot Chart Detail,21800636,330,202689,Kemba Walker,1610612766,Charlotte Hornets,2,0,49,Made Shot,Layup Shot,2PT Field Goal,Restricted Area,Center(C),Less Than 8 ft.,2,-11,23,1,1,20190112,SAC,CHA,21800636330,13910,0,101107|201587|202689|203077|203087,1,REG,2019,203992,6.0,SG,Chaser,-0.87,Walker 3' Layup (14 PTS) (Batum 3 AST),PG,Primary Ball Handler,3.89,201587.0
Shot Chart Detail,21800636,483,1628370,Malik Monk,1610612766,Charlotte Hornets,3,2,45,Missed Shot,Jump Bank Shot,2PT Field Goal,Mid-Range,Right Side(R),8-16 ft.,9,89,38,1,0,20190112,SAC,CHA,21800636483,19950,0,202689|203077|1626195|1628370|1628970,0,REG,2019,203992,-2.0,SG,Chaser,-0.87,MISS Monk 10' Jump Bank Shot,SG,Movement Shooter,-0.67,
Shot Chart Detail,21800636,511,1628370,Malik Monk,1610612766,Charlotte Hornets,3,0,1,Missed Shot,Jump Shot,3PT Field Goal,Backcourt,Back Court(BC),Back Court Shot,51,11,510,1,0,20190112,SAC,CHA,21800636511,21590,0,101107|203077|1628370|1628970|1628984,0,REG,2019,203992,-6.0,SG,Chaser,-0.87,MISS Monk 51' 3PT Jump Shot,SG,Movement Shooter,-0.67,
Shot Chart Detail,21800636,529,1628370,Malik Monk,1610612766,Charlotte Hornets,4,10,54,Made Shot,Jump Shot,3PT Field Goal,Above the Break 3,Right Side Center(RC),24+ ft.,24,132,211,1,1,20190112,SAC,CHA,21800636529,22260,0,101107|203077|203087|1628370|1628984,1,REG,2019,203992,-3.0,SG,Chaser,-0.87,Monk 25' 3PT Jump Shot (10 PTS) (Graham 3 AST),SG,Movement Shooter,-0.67,1628984.0
Shot Chart Detail,21800636,549,101107,Marvin Williams,1610612766,Charlotte Hornets,4,9,32,Missed Shot,Jump Shot,3PT Field Goal,Above the Break 3,Left Side Center(LC),24+ ft.,24,-184,166,1,0,20190112,SAC,CHA,21800636549,23080,0,101107|203077|203087|1628370|1628984,0,REG,2019,203992,-2.0,SG,Chaser,-0.87,MISS Williams 25' 3PT Jump Shot,PF,Athletic Finisher,-0.1,
Shot Chart Detail,21800636,561,1628370,Malik Monk,1610612766,Charlotte Hornets,4,8,38,Missed Shot,Jump Shot,3PT Field Goal,Right Corner 3,Right Side(R),24+ ft.,24,229,79,1,0,20190112,SAC,CHA,21800636561,23620,0,101107|202687|202689|1628370|1628984,0,REG,2019,203992,-7.0,SG,Chaser,-0.87,MISS Monk 24' 3PT Jump Shot,SG,Movement Shooter,-0.67,
Shot Chart Detail,21800636,594,1628984,Devonte' Graham,1610612766,Charlotte Hornets,4,5,37,Made Shot,Jump Shot,3PT Field Goal,Left Corner 3,Left Side(L),24+ ft.,22,-226,41,1,1,20190112,SAC,CHA,21800636594,25430,0,101107|201587|202687|202689|1628984,1,REG,2019,203992,-3.0,SG,Chaser,-0.87,Graham 3PT Jump Shot (8 PTS) (Batum 5 AST),PG,Shot Creator,0.43,201587.0
Shot Chart Detail,21800649,165,202323,Evan Turner,1610612757,Portland Trail Blazers,2,11,15,Missed Shot,Jump Shot,2PT Field Goal,Mid-Range,Left Side(L),8-16 ft.,14,-143,38,1,0,20190114,SAC,POR,21800649165,7650,0,202323|203086|203552|203917|1628380,0,REG,2019,203992,1.0,SG,Chaser,-0.87,MISS Turner 15' Jump Shot,PG,Shot Creator,-0.65,
Shot Chart Detail,21800649,198,202323,Evan Turner,1610612757,Portland Trail Blazers,2,8,29,Missed Shot,Jump Shot,2PT Field Goal,In The Paint (Non-RA),Center(C),8-16 ft.,11,-2,110,1,0,20190114,SAC,POR,21800649198,9310,0,202323|203086|203552|203917|1628380,0,REG,2019,203992,-3.0,SG,Chaser,-0.87,MISS Turner 11' Jump Shot,PG,Shot Creator,-0.65,
Shot Chart Detail,21800649,225,203917,Nik Stauskas,1610612757,Portland Trail Blazers,2,6,28,Missed Shot,Jump Shot,3PT Field Goal,Above the Break 3,Right Side Center(RC),24+ ft.,24,112,221,1,0,20190114,SAC,POR,21800649225,10520,0,203086|203468|203552|203917|1628380,0,REG,2019,203992|1626161,-6.0,,,,,SG,Off Screen Shooter,-1.24,
Shot Chart Detail,21800649,271,203081,Damian Lillard,1610612757,Portland Trail Blazers,2,3,15,Missed Shot,Driving Layup Shot,2PT Field Goal,Restricted Area,Center(C),Less Than 8 ft.,2,-20,0,1,0,20190114,SAC,POR,21800649271,12450,0,202329|203081|203468|203994|1627774,0,REG,2019,203992,-10.0,SG,Chaser,-0.87,Bogdanovic BLOCK (1 BLK),PG,Shot Creator,5.17,
Shot Chart Detail,21800649,419,202323,Evan Turner,1610612757,Portland Trail Blazers,3,3,59,Made Shot,Driving Reverse Layup Shot,2PT Field Goal,Restricted Area,Center(C),Less Than 8 ft.,2,21,16,1,1,20190114,SAC,POR,21800649419,19210,0,202323|203081|203086|203552|1628380,1,REG,2019,203992,-14.0,SG,Chaser,-0.87,Turner 3' Driving Reverse Layup (4 PTS) (Lillard 3 AST),PG,Shot Creator,-0.65,203081.0
Shot Chart Detail,21800649,536,202323,Evan Turner,1610612757,Portland Trail Blazers,4,7,13,Missed Shot,Jump Shot,3PT Field Goal,Left Corner 3,Left Side(L),24+ ft.,22,-225,23,1,0,20190114,SAC,POR,21800649536,24470,0,202323|203081|203086|203468|1628380,0,REG,2019,203992,-10.0,SG,Chaser,-0.87,MISS Turner 3PT Jump Shot,PG,Shot Creator,-0.65,
Shot Chart Detail,21800649,591,202323,Evan Turner,1610612757,Portland Trail Blazers,4,4,5,Made Shot,Dunk Shot,2PT Field Goal,Restricted Area,Center(C),Less Than 8 ft.,2,-5,20,1,1,20190114,SAC,POR,21800649591,26350,0,202323|202329|203081|203468|203994,0,REG,2019,203992,,SG,Chaser,-0.87,Turner 2' Dunk (12 PTS),PG,Shot Creator,-0.65,
Shot Chart Detail,21800666,129,1628984,Devonte' Graham,1610612766,Charlotte Hornets,1,1,29,Missed Shot,Pullup Jump shot,3PT Field Goal,Above the Break 3,Center(C),24+ ft.,26,-40,265,1,0,20190117,CHA,SAC,21800666129,6310,0,2225|203077|1626195|1628970|1628984,0,REG,2019,203992,-8.0,SG,Chaser,-0.87,MISS Graham 27' 3PT Pullup Jump Shot,PG,Shot Creator,0.43,
Shot Chart Detail,21800666,151,1628970,Miles Bridges,1610612766,Charlotte Hornets,2,11,22,Made Shot,Layup Shot,2PT Field Goal,In The Paint (Non-RA),Center(C),Less Than 8 ft.,7,69,28,1,1,20190117,CHA,SAC,21800666151,7580,0,2225|101107|203077|1628970|1628984,0,REG,2019,203992,-6.0,SG,Chaser,-0.87,Bridges 7' Layup (5 PTS),SF,Athletic Finisher,-0.67,
Shot Chart Detail,21800666,154,1628984,Devonte' Graham,1610612766,Charlotte Hornets,2,10,50,Missed Shot,Jump Shot,3PT Field Goal,Left Corner 3,Left Side(L),24+ ft.,22,-229,21,1,0,20190117,CHA,SAC,21800666154,7900,0,2225|101107|203077|1628970|1628984,0,REG,2019,203992,-9.0,SG,Chaser,-0.87,MISS Graham 3PT Jump Shot,PG,Shot Creator,0.43,
Shot Chart Detail,21800666,399,203087,Jeremy Lamb,1610612766,Charlotte Hornets,3,5,27,Missed Shot,Jump Shot,2PT Field Goal,Mid-Range,Left Side(L),8-16 ft.,13,-111,72,1,0,20190117,CHA,SAC,21800666399,18330,0,202689|203077|203087|1626195|1628970,0,REG,2019,203992,7.0,SG,Chaser,-0.87,MISS Lamb 13' Jump Shot,SG,Secondary Ball Handler,0.86,
Shot Chart Detail,21800666,460,1628970,Miles Bridges,1610612766,Charlotte Hornets,3,1,5,Missed Shot,Dunk Shot,2PT Field Goal,Restricted Area,Center(C),Less Than 8 ft.,2,-19,11,1,0,20190117,CHA,SAC,21800666460,20950,0,2225|101107|201587|203077|1628970,0,REG,2019,1627812|203992,9.0,,,,,SF,Athletic Finisher,-0.67,
Shot Chart Detail,21800666,510,1628970,Miles Bridges,1610612766,Charlotte Hornets,4,10,1,Made Shot,Driving Layup Shot,2PT Field Goal,Restricted Area,Center(C),Less Than 8 ft.,0,3,5,1,1,20190117,CHA,SAC,21800666510,22790,0,2225|203077|1626195|1628370|1628970,1,REG,2019,203992,13.0,SG,Chaser,-0.87,Bridges 1' Driving Layup (12 PTS) (Hernangomez 1 AST),SF,Athletic Finisher,-0.67,1626195.0
Shot Chart Detail,21800666,518,1628970,Miles Bridges,1610612766,Charlotte Hornets,4,9,2,Made Shot,Jump Shot,3PT Field Goal,Right Corner 3,Right Side(R),24+ ft.,22,229,19,1,1,20190117,CHA,SAC,21800666518,23380,0,2225|203077|1626195|1628370|1628970,1,REG,2019,203992,15.0,SG,Chaser,-0.87,Bridges 3PT Jump Shot (15 PTS) (Parker 6 AST),SF,Athletic Finisher,-0.67,2225.0
Shot Chart Detail,21800666,567,1628370,Malik Monk,1610612766,Charlotte Hornets,4,6,11,Missed Shot,Jump Shot,3PT Field Goal,Above the Break 3,Left Side Center(LC),24+ ft.,24,-194,155,1,0,20190117,CHA,SAC,21800666567,25090,0,101107|201587|202689|203077|1628370,0,REG,2019,203992,14.0,SG,Chaser,-0.87,MISS Monk 25' 3PT Jump Shot,SG,Movement Shooter,-0.67,
Shot Chart Detail,21800666,612,202689,Kemba Walker,1610612766,Charlotte Hornets,4,2,49,Made Shot,Driving Layup Shot,2PT Field Goal,Restricted Area,Center(C),Less Than 8 ft.,1,6,10,1,1,20190117,CHA,SAC,21800666612,27110,0,101107|201587|202689|203077|203087,0,REG,2019,203992,14.0,SG,Chaser,-0.87,Walker 1' Driving Layup (21 PTS),PG,Primary Ball Handler,3.89,
Shot Chart Detail,21800680,118,203493,Reggie Bullock Jr.,1610612765,Detroit Pistons,1,3,15,Missed Shot,Jump Shot,3PT Field Goal,Above the Break 3,Left Side Center(LC),24+ ft.,27,-157,228,1,0,20190119,DET,SAC,21800680118,5250,0,101181|201933|202720|203493|1628971,0,REG,2019,203992|1628963,8.0,,,,,SG,Off Screen Shooter,-0.56,
Shot Chart Detail,21800680,140,101181,Jose Calderon,1610612765,Detroit Pistons,1,1,45,Made Shot,Jump Shot,3PT Field Goal,Above the Break 3,Right Side Center(RC),24+ ft.,25,138,211,1,1,20190119,DET,SAC,21800680140,6150,0,2585|201933|1626169|1628379|1629017,1,REG,2019,203992,8.0,SG,Chaser,-0.87,Calderon 25' 3PT Jump Shot (3 PTS) (Brown 3 AST),PG,Primary Ball Handler,-2.3,1628971.0
Shot Chart Detail,21800680,188,1629017,Khyri Thomas,1610612765,Detroit Pistons,2,10,21,Made Shot,Driving Layup Shot,2PT Field Goal,Restricted Area,Center(C),Less Than 8 ft.,1,-7,8,1,1,20190119,DET,SAC,21800680188,8190,0,2585|101181|1626169|1628379|1629017,0,REG,2019,203992,10.0,SG,Chaser,-0.87,Thomas 1' Driving Layup (2 PTS),SG,Movement Shooter,-1.15,
Shot Chart Detail,21800680,253,201933,Blake Griffin,1610612765,Detroit Pistons,2,4,56,Missed Shot,Jump Shot,2PT Field Goal,Mid-Range,Left Side(L),16-24 ft.,17,-176,13,1,0,20190119,DET,SAC,21800680253,11440,0,201933|202704|202720|203493|1628971,0,REG,2019,203992|1626161,9.0,,,,,PF,Shot Creator,1.47,
Shot Chart Detail,21800680,280,202704,Reggie Jackson,1610612765,Detroit Pistons,2,3,30,Missed Shot,Driving Finger Roll Layup Shot,2PT Field Goal,Restricted Area,Center(C),Less Than 8 ft.,0,0,4,1,0,20190119,DET,SAC,21800680280,12300,0,201933|202704|202720|203493|1628971,0,REG,2019,203992,10.0,SG,Chaser,-0.87,MISS Jackson Driving Finger Roll Layup,PG,Primary Ball Handler,0.32,
Shot Chart Detail,21800680,289,203493,Reggie Bullock Jr.,1610612765,Detroit Pistons,2,2,37,Missed Shot,Jump Shot,3PT Field Goal,Above the Break 3,Left Side Center(LC),24+ ft.,24,-226,92,1,0,20190119,DET,SAC,21800680289,12830,0,201933|202704|202720|203493|1628971,0,REG,2019,203992,8.0,SG,Chaser,-0.87,MISS Bullock 24' 3PT Jump Shot,SG,Off Screen Shooter,-0.56,
Shot Chart Detail,21800680,457,2585,Zaza Pachulia,1610612765,Detroit Pistons,3,3,53,Missed Shot,Tip Layup Shot,2PT Field Goal,Restricted Area,Center(C),Less Than 8 ft.,0,0,-6,1,0,20190119,DET,SAC,21800680457,19270,0,2585|101181|1626169|1628379|1628971,0,REG,2019,203992|1627741,4.0,,,,,C,Roll + Cut Big,-1.85,
Shot Chart Detail,21800680,459,2585,Zaza Pachulia,1610612765,Detroit Pistons,3,3,52,Made Shot,Tip Layup Shot,2PT Field Goal,Restricted Area,Center(C),Less Than 8 ft.,0,0,-6,1,1,20190119,DET,SAC,21800680459,19280,0,2585|101181|1626169|1628379|1628971,0,REG,2019,203992|1627741,6.0,,,,,C,Roll + Cut Big,-1.85,
Shot Chart Detail,21800680,462,1628379,Luke Kennard,1610612765,Detroit Pistons,3,3,21,Made Shot,Jump Shot,3PT Field Goal,Above the Break 3,Right Side Center(RC),24+ ft.,27,185,199,1,1,20190119,DET,SAC,21800680462,19590,0,2585|101181|1626169|1628379|1628971,1,REG,2019,203992,9.0,SG,Chaser,-0.87,Kennard 27' 3PT Jump Shot (13 PTS) (Brown 4 AST),SG,Secondary Ball Handler,-0.88,1628971.0
Shot Chart Detail,21800680,508,1626169,Stanley Johnson,1610612765,Detroit Pistons,3,0,2,Made Shot,Layup Shot,2PT Field Goal,Restricted Area,Center(C),Less Than 8 ft.,2,-21,9,1,1,20190119,DET,SAC,21800680508,21580,0,2585|101181|1626169|1628379|1629017,1,REG,2019,203992|1628368,8.0,,,,,SF,Movement Shooter,-2.68,101181.0
Shot Chart Detail,21800680,525,1629017,Khyri Thomas,1610612765,Detroit Pistons,4,11,32,Made Shot,Driving Floating Jump Shot,2PT Field Goal,In The Paint (Non-RA),Center(C),Less Than 8 ft.,6,-41,48,1,1,20190119,DET,SAC,21800680525,21880,0,2585|201933|202704|1628379|1629017,1,REG,2019,203992,10.0,SG,Chaser,-0.87,Thomas 6' Driving Floating Jump Shot (4 PTS) (Jackson 3 AST),SG,Movement Shooter,-1.15,202704.0
Shot Chart Detail,21800680,533,1628379,Luke Kennard,1610612765,Detroit Pistons,4,10,13,Missed Shot,Jump Shot,3PT Field Goal,Above the Break 3,Left Side Center(LC),24+ ft.,25,-108,236,1,0,20190119,DET,SAC,21800680533,22670,0,2585|201933|202704|1628379|1629017,0,REG,2019,203992,10.0,SG,Chaser,-0.87,MISS Kennard 26' 3PT Jump Shot,SG,Secondary Ball Handler,-0.88,
Shot Chart Detail,21800696,112,201960,DeMarre Carroll,1610612751,Brooklyn Nets,1,3,9,Missed Shot,Jump Shot,3PT Field Goal,Right Corner 3,Right Side(R),24+ ft.,23,226,47,1,0,20190121,BKN,SAC,21800696112,5310,0,201960|203915|203925|1626203|1628386,0,REG,2019,203992,4.0,SG,Chaser,-0.87,MISS Carroll 3PT Jump Shot,PF,Movement Shooter,0.17,
Shot Chart Detail,21800696,150,203915,Spencer Dinwiddie,1610612751,Brooklyn Nets,1,1,36,Missed Shot,Jump Shot,3PT Field Goal,Above the Break 3,Left Side Center(LC),24+ ft.,25,-199,157,1,0,20190121,BKN,SAC,21800696150,6240,0,201960|202334|203915|1626156|1626178,0,REG,2019,203992,3.0,SG,Chaser,-0.87,MISS Dinwiddie 25' 3PT Jump Shot,PG,Shot Creator,1.22,
Shot Chart Detail,21800696,188,201960,DeMarre Carroll,1610612751,Brooklyn Nets,2,9,49,Missed Shot,Cutting Layup Shot,2PT Field Goal,Restricted Area,Center(C),Less Than 8 ft.,2,-18,12,1,0,20190121,BKN,SAC,21800696188,8510,0,201960|202334|203894|1626156|1626178,0,REG,2019,203992|1628385,2.0,,,,,PF,Movement Shooter,0.17,
Shot Chart Detail,21800696,191,201960,DeMarre Carroll,1610612751,Brooklyn Nets,2,9,28,Missed Shot,Jump Shot,3PT Field Goal,Right Corner 3,Right Side(R),24+ ft.,23,226,43,1,0,20190121,BKN,SAC,21800696191,8720,0,201960|202334|203894|1626156|1626178,0,REG,2019,203992,0.0,SG,Chaser,-0.87,MISS Carroll 3PT Jump Shot,PF,Movement Shooter,0.17,
Shot Chart Detail,21800696,218,1626156,D'Angelo Russell,1610612751,Brooklyn Nets,2,8,16,Missed Shot,Driving Layup Shot,2PT Field Goal,In The Paint (Non-RA),Center(C),Less Than 8 ft.,7,-67,34,1,0,20190121,BKN,SAC,21800696218,9440,0,202334|203894|203915|1626156|1629066,0,REG,2019,203992,-5.0,SG,Chaser,-0.87,MISS Russell 8' Driving Layup,PG,Primary Ball Handler,1.79,
Shot Chart Detail,21800696,233,203915,Spencer Dinwiddie,1610612751,Brooklyn Nets,2,7,8,Missed Shot,Pullup Jump shot,3PT Field Goal,Above the Break 3,Left Side Center(LC),24+ ft.,24,-117,220,1,0,20190121,BKN,SAC,21800696233,10120,0,202334|203894|203915|1626156|1629066,0,REG,2019,203992,-1.0,SG,Chaser,-0.87,MISS Dinwiddie 25' 3PT Pullup Jump Shot,PG,Shot Creator,1.22,
Shot Chart Detail,21800696,245,1629066,Rodions Kurucs,1610612751,Brooklyn Nets,2,6,26,Made Shot,Driving Dunk Shot,2PT Field Goal,Restricted Area,Center(C),Less Than 8 ft.,2,3,27,1,1,20190121,BKN,SAC,21800696245,10540,0,202334|203894|203915|1626156|1629066,1,REG,2019,203992,,SG,Chaser,-0.87,Kurucs 3' Driving Dunk (10 PTS) (Dinwiddie 2 AST),SF,Athletic Finisher,-1.05,203915.0
Shot Chart Detail,21800696,264,1628386,Jarrett Allen,1610612751,Brooklyn Nets,2,5,2,Missed Shot,Hook Shot,2PT Field Goal,In The Paint (Non-RA),Center(C),Less Than 8 ft.,4,31,26,1,0,20190121,BKN,SAC,21800696264,11380,0,203894|203915|203925|1628386|1629066,0,REG,2019,203992,-1.0,SG,Chaser,-0.87,MISS Allen 4' Hook Shot,C,Roll + Cut Big,-0.29,
Shot Chart Detail,21800696,291,203915,Spencer Dinwiddie,1610612751,Brooklyn Nets,2,3,33,Missed Shot,Pullup Jump shot,3PT Field Goal,Above the Break 3,Left Side Center(LC),24+ ft.,25,-160,202,1,0,20190121,BKN,SAC,21800696291,12270,0,201960|203915|203925|1626203|1628386,0,REG,2019,203992,-1.0,SG,Chaser,-0.87,MISS Dinwiddie 26' 3PT Pullup Jump Shot,PG,Shot Creator,1.22,
Shot Chart Detail,21800696,424,1628386,Jarrett Allen,1610612751,Brooklyn Nets,3,3,58,Made Shot,Cutting Dunk Shot,2PT Field Goal,Restricted Area,Center(C),Less Than 8 ft.,1,-16,-2,1,1,20190121,BKN,SAC,21800696424,19220,0,203915|203925|1626203|1628386|1629066,1,REG,2019,203992,9.0,SG,Chaser,-0.87,Allen 2' Cutting Dunk Shot (8 PTS) (Harris 2 AST),C,Roll + Cut Big,-0.29,203925.0
Shot Chart Detail,21800696,449,203925,Joe Harris,1610612751,Brooklyn Nets,3,2,55,Made Shot,Jump Shot,3PT Field Goal,Above the Break 3,Right Side Center(RC),24+ ft.,26,100,241,1,1,20190121,BKN,SAC,21800696449,19850,0,201960|202334|203915|203925|1626178,1,REG,2019,203992,10.0,SG,Chaser,-0.87,Harris 26' 3PT Jump Shot (17 PTS) (Dinwiddie 5 AST),SG,Off Screen Shooter,-0.11,203915.0
Shot Chart Detail,21800696,496,1626203,Treveon Graham,1610612751,Brooklyn Nets,4,11,31,Made Shot,Pullup Jump shot,2PT Field Goal,Mid-Range,Right Side(R),8-16 ft.,10,85,59,1,1,20190121,BKN,SAC,21800696496,21890,0,201960|202334|203915|1626156|1626203,1,REG,2019,203992,10.0,SG,Chaser,-0.87,Graham 10' Pullup Jump Shot (3 PTS) (Carroll 1 AST),SG,Movement Shooter,-1.13,201960.0
Shot Chart Detail,21800696,513,203915,Spencer Dinwiddie,1610612751,Brooklyn Nets,4,10,4,Made Shot,Running Layup Shot,2PT Field Goal,Restricted Area,Center(C),Less Than 8 ft.,2,20,4,1,1,20190121,BKN,SAC,21800696513,22760,0,201960|202334|203915|1626156|1626203,1,REG,2019,203992,13.0,SG,Chaser,-0.87,Dinwiddie 2' Running Layup (10 PTS) (Graham 2 AST),PG,Shot Creator,1.22,1626203.0
Shot Chart Detail,21800696,541,1626203,Treveon Graham,1610612751,Brooklyn Nets,4,7,37,Made Shot,Jump Shot,3PT Field Goal,Left Corner 3,Left Side(L),24+ ft.,22,-227,-27,1,1,20190121,BKN,SAC,21800696541,24230,0,202334|203915|203925|1626156|1626203,1,REG,2019,203992,19.0,SG,Chaser,-0.87,Graham 3PT Jump Shot (8 PTS) (Dinwiddie 6 AST),SG,Movement Shooter,-1.13,203915.0
Shot Chart Detail,21800696,559,202334,Ed Davis,1610612751,Brooklyn Nets,4,6,25,Made Shot,Cutting Finger Roll Layup Shot,2PT Field Goal,Restricted Area,Center(C),Less Than 8 ft.,0,8,0,1,1,20190121,BKN,SAC,21800696559,24950,0,202334|203915|203925|1626156|1626203,1,REG,2019,203992,18.0,SG,Chaser,-0.87,Davis 1' Cutting Finger Roll Layup Shot (6 PTS) (Russell 8 AST),C,Roll + Cut Big,-0.91,1626156.0
Shot Chart Detail,21800696,573,1626156,D'Angelo Russell,1610612751,Brooklyn Nets,4,5,11,Missed Shot,Pullup Jump shot,3PT Field Goal,Above the Break 3,Right Side Center(RC),24+ ft.,26,158,213,1,0,20190121,BKN,SAC,21800696573,25690,0,202334|203915|203925|1626156|1626203,0,REG,2019,203992,22.0,SG,Chaser,-0.87,MISS Russell 27' 3PT Pullup Jump Shot,PG,Primary Ball Handler,1.79,
Shot Chart Detail,21800696,581,1626156,D'Angelo Russell,1610612751,Brooklyn Nets,4,4,26,Missed Shot,Driving Layup Shot,2PT Field Goal,Restricted Area,Center(C),Less Than 8 ft.,2,12,22,1,0,20190121,BKN,SAC,21800696581,26140,0,202334|203915|203925|1626156|1626203,0,REG,2019,203992,22.0,SG,Chaser,-0.87,MISS Russell 3' Driving Layup,PG,Primary Ball Handler,1.79,
Shot Chart Detail,21800702,50,1627832,Fred VanVleet,1610612761,Toronto Raptors,1,7,50,Made Shot,Running Layup Shot,2PT Field Goal,Restricted Area,Center(C),Less Than 8 ft.,2,-14,21,1,1,20190122,TOR,SAC,2180070250,2500,0,200768|201586|201980|1627783|1627832,1,REG,2019,203992,1.0,SG,Chaser,-0.87,VanVleet 3' Running Layup (5 PTS) (Lowry 3 AST),PG,Primary Ball Handler,0.69,200768.0
Shot Chart Detail,21800702,96,1627832,Fred VanVleet,1610612761,Toronto Raptors,1,4,5,Missed Shot,Hook Shot,2PT Field Goal,In The Paint (Non-RA),Center(C),Less Than 8 ft.,5,20,55,1,0,20190122,TOR,SAC,2180070296,4750,0,200768|201586|201980|1627783|1627832,0,REG,2019,203992,2.0,SG,Chaser,-0.87,MISS VanVleet 6' Hook Shot,PG,Primary Ball Handler,0.69,
Shot Chart Detail,21800702,284,201980,Danny Green,1610612761,Toronto Raptors,2,4,1,Missed Shot,Driving Reverse Layup Shot,2PT Field Goal,Restricted Area,Center(C),Less Than 8 ft.,2,15,17,1,0,20190122,TOR,SAC,21800702284,11990,0,201586|201980|1627775|1627783|1627832,0,REG,2019,203992|1628963,0.0,,,,,SG,Off Screen Shooter,0.16,
Shot Chart Detail,21800702,294,201586,Serge Ibaka,1610612761,Toronto Raptors,2,3,7,Made Shot,Turnaround Hook Shot,2PT Field Goal,Restricted Area,Center(C),Less Than 8 ft.,2,-20,15,1,1,20190122,TOR,SAC,21800702294,12530,0,201586|201980|1627775|1627783|1627832,0,REG,2019,203992,2.0,SG,Chaser,-0.87,Ibaka 3' Turnaround Hook Shot (9 PTS),C,Roll + Cut Big,0.65,
Shot Chart Detail,21800702,314,1627775,Patrick McCaw,1610612761,Toronto Raptors,2,1,39,Missed Shot,Driving Layup Shot,2PT Field Goal,Restricted Area,Center(C),Less Than 8 ft.,2,19,17,1,0,20190122,TOR,SAC,21800702314,13410,0,201586|201980|1627775|1627783|1627832,0,REG,2019,203992|1627741,5.0,,,,,SG,Movement Shooter,-2.28,
Shot Chart Detail,21800702,330,201586,Serge Ibaka,1610612761,Toronto Raptors,2,0,28,Made Shot,Running Finger Roll Layup Shot,2PT Field Goal,Restricted Area,Center(C),Less Than 8 ft.,2,3,27,1,1,20190122,TOR,SAC,21800702330,14120,0,201586|201980|1627775|1627783|1627832,1,REG,2019,203992,7.0,SG,Chaser,-0.87,Ibaka 3' Running Finger Roll Layup (13 PTS) (VanVleet 3 AST),C,Roll + Cut Big,0.65,1627832.0
Shot Chart Detail,21800702,353,1627832,Fred VanVleet,1610612761,Toronto Raptors,3,10,51,Made Shot,Jump Shot,3PT Field Goal,Above the Break 3,Left Side Center(LC),24+ ft.,24,-129,211,1,1,20190122,TOR,SAC,21800702353,15090,0,200768|201586|201980|1627783|1627832,1,REG,2019,203992,5.0,SG,Chaser,-0.87,VanVleet 25' 3PT Jump Shot (16 PTS) (Siakam 1 AST),PG,Primary Ball Handler,0.69,1627783.0
Shot Chart Detail,21800702,357,201980,Danny Green,1610612761,Toronto Raptors,3,10,23,Missed Shot,Jump Shot,3PT Field Goal,Above the Break 3,Right Side Center(RC),24+ ft.,24,175,174,1,0,20190122,TOR,SAC,21800702357,15370,0,200768|201586|201980|1627783|1627832,0,REG,2019,203992,5.0,SG,Chaser,-0.87,MISS Green 25' 3PT Jump Shot,SG,Off Screen Shooter,0.16,
Shot Chart Detail,21800702,427,201980,Danny Green,1610612761,Toronto Raptors,3,4,14,Missed Shot,Driving Floating Jump Shot,2PT Field Goal,In The Paint (Non-RA),Center(C),Less Than 8 ft.,6,-10,66,1,0,20190122,TOR,SAC,21800702427,19060,0,200768|201586|201980|1627783|1627832,0,REG,2019,203992|1628385,0.0,,,,,SG,Off Screen Shooter,0.16,
Shot Chart Detail,21800702,456,1626181,Norman Powell,1610612761,Toronto Raptors,3,3,12,Made Shot,Running Alley Oop Layup Shot,2PT Field Goal,Restricted Area,Center(C),Less Than 8 ft.,2,22,8,1,1,20190122,TOR,SAC,21800702456,19680,0,202328|1626153|1626181|1627783|1627832,1,REG,2019,203992,7.0,SG,Chaser,-0.87,Powell 2' Running Alley Oop Layup Shot (8 PTS) (VanVleet 5 AST),SG,Secondary Ball Handler,-0.37,1627832.0
Shot Chart Detail,21800702,502,202328,Greg Monroe,1610612761,Toronto Raptors,3,0,25,Missed Shot,Layup Shot,2PT Field Goal,Restricted Area,Center(C),Less Than 8 ft.,2,5,21,1,0,20190122,TOR,SAC,21800702502,21350,0,202328|1626153|1626181|1627832|1628449,0,REG,2019,203992,8.0,SG,Chaser,-0.87,MISS Monroe 2' Layup,C,Post Scorer,-0.72,
Shot Chart Detail,21800725,182,202714,Shelvin Mack,1610612763,Memphis Grizzlies,2,11,3,Made Shot,Running Layup Shot,2PT Field Goal,Restricted Area,Center(C),Less Than 8 ft.,1,-2,10,1,1,20190125,MEM,SAC,21800725182,7770,0,201149|201956|202714|203200|203210,0,REG,2019,203992,3.0,SG,Chaser,-0.87,Mack 1' Running Layup (2 PTS),PG,Primary Ball Handler,-1.51,
Shot Chart Detail,21800725,196,201956,Omri Casspi,1610612763,Memphis Grizzlies,2,9,38,Missed Shot,Cutting Layup Shot,2PT Field Goal,Restricted Area,Center(C),Less Than 8 ft.,1,18,6,1,0,20190125,MEM,SAC,21800725196,8620,0,201144|201149|201956|203200|203210,0,REG,2019,203992|1626161,-2.0,,,,,SF,Athletic Finisher,-1.19,
Shot Chart Detail,21800725,482,203998,Bruno Caboclo,1610612763,Memphis Grizzlies,3,1,49,Missed Shot,Putback Layup Shot,2PT Field Goal,Restricted Area,Center(C),Less Than 8 ft.,0,-2,6,1,0,20190125,MEM,SAC,21800725482,20510,0,201149|202714|203210|203998|1628975,0,REG,2019,203992,-2.0,SG,Chaser,-0.87,MISS Caboclo 1' Putback Layup,PF,Athletic Finisher,-0.8,
Shot Chart Detail,21800725,488,203998,Bruno Caboclo,1610612763,Memphis Grizzlies,3,1,6,Missed Shot,Jump Shot,3PT Field Goal,Right Corner 3,Right Side(R),24+ ft.,23,232,-22,1,0,20190125,MEM,SAC,21800725488,20940,0,201149|202714|203210|203998|1628975,0,REG,2019,203992,-2.0,SG,Chaser,-0.87,MISS Caboclo 3PT Jump Shot,PF,Athletic Finisher,-0.8,
Shot Chart Detail,21800725,492,203998,Bruno Caboclo,1610612763,Memphis Grizzlies,3,0,46,Missed Shot,Jump Shot,3PT Field Goal,Above the Break 3,Right Side Center(RC),24+ ft.,25,168,190,1,0,20190125,MEM,SAC,21800725492,21140,0,201149|202714|203210|203998|1628975,0,REG,2019,203992,-5.0,SG,Chaser,-0.87,MISS Caboclo 25' 3PT Jump Shot,PF,Athletic Finisher,-0.8,
Shot Chart Detail,21800725,511,203998,Bruno Caboclo,1610612763,Memphis Grizzlies,4,10,37,Missed Shot,Jump Shot,3PT Field Goal,Left Corner 3,Left Side(L),24+ ft.,22,-226,8,1,0,20190125,MEM,SAC,21800725511,22430,0,201149|202714|203210|203998|1628975,0,REG,2019,203992,-7.0,SG,Chaser,-0.87,MISS Caboclo 3PT Jump Shot,PF,Athletic Finisher,-0.8,
Shot Chart Detail,21800725,520,1628975,Jevon Carter,1610612763,Memphis Grizzlies,4,9,45,Missed Shot,Jump Shot,3PT Field Goal,Above the Break 3,Right Side Center(RC),24+ ft.,25,149,201,1,0,20190125,MEM,SAC,21800725520,22950,0,201149|202714|203210|203998|1628975,0,REG,2019,203992,-5.0,SG,Chaser,-0.87,MISS Carter 25' 3PT Jump Shot,PG,Secondary Ball Handler,-1.73,
Shot Chart Detail,21800736,88,201976,Patrick Beverley,1610612746,LA Clippers,1,4,54,Made Shot,Jump Shot,3PT Field Goal,Right Corner 3,Right Side(R),24+ ft.,23,231,25,1,1,20190127,LAC,SAC,2180073688,4260,0,101162|201976|202340|203118|1628983,1,REG,2019,203992,9.0,SG,Chaser,-0.87,Beverley 3PT Jump Shot (11 PTS) (Gilgeous-Alexander 2 AST),PG,Primary Ball Handler,0.44,1628983.0
Shot Chart Detail,21800736,137,101150,Lou Williams,1610612746,LA Clippers,1,1,48,Made Shot,Jump Shot,3PT Field Goal,Above the Break 3,Center(C),24+ ft.,27,-79,264,1,1,20190127,LAC,SAC,21800736137,6120,0,101150|201976|202340|203118|1626149,1,REG,2019,203992,14.0,SG,Chaser,-0.87,Williams 28' 3PT Jump Shot (3 PTS) (Beverley 2 AST),SG,Slasher,3.02,201976.0
Shot Chart Detail,21800736,154,101150,Lou Williams,1610612746,LA Clippers,1,0,33,Missed Shot,Fadeaway Jump Shot,2PT Field Goal,Mid-Range,Left Side(L),8-16 ft.,13,-135,-11,1,0,20190127,LAC,SAC,21800736154,6870,0,101150|203118|1626149|1628983|1629010,0,REG,2019,203992,16.0,SG,Chaser,-0.87,MISS Williams 14' Fadeaway Jumper,SG,Slasher,3.02,
Shot Chart Detail,21800736,216,101150,Lou Williams,1610612746,LA Clippers,2,7,51,Missed Shot,Running Finger Roll Layup Shot,2PT Field Goal,Restricted Area,Center(C),Less Than 8 ft.,3,-10,29,1,0,20190127,LAC,SAC,21800736216,9690,0,101150|203118|1626149|1628983|1629010,0,REG,2019,203992|1627812,23.0,,,,,SG,Slasher,3.02,
Shot Chart Detail,21800736,247,1629010,Jerome Robinson,1610612746,LA Clippers,2,6,14,Missed Shot,Jump Shot,3PT Field Goal,Above the Break 3,Right Side Center(RC),24+ ft.,24,181,167,1,0,20190127,LAC,SAC,21800736247,10660,0,202340|202699|1628405|1628983|1629010,0,REG,2019,203992,20.0,SG,Chaser,-0.87,MISS Robinson 25' 3PT Jump Shot,SG,Off Screen Shooter,-1.3,
Shot Chart Detail,21800736,249,1629010,Jerome Robinson,1610612746,LA Clippers,2,6,11,Missed Shot,Jump Shot,3PT Field Goal,Above the Break 3,Right Side Center(RC),24+ ft.,26,179,189,1,0,20190127,LAC,SAC,21800736249,10690,0,202340|202699|1628405|1628983|1629010,0,REG,2019,203992,20.0,SG,Chaser,-0.87,MISS Robinson 26' 3PT Jump Shot,SG,Off Screen Shooter,-1.3,
Shot Chart Detail,21800736,493,202699,Tobias Harris,1610612746,LA Clippers,3,2,18,Made Shot,Jump Shot,3PT Field Goal,Above the Break 3,Center(C),24+ ft.,26,-71,254,1,1,20190127,LAC,SAC,21800736493,20220,0,101150|201976|202340|202699|1626149,1,REG,2019,203992,13.0,SG,Chaser,-0.87,Harris 26' 3PT Jump Shot (11 PTS) (Beverley 5 AST),PF,Shot Creator,1.17,201976.0
Shot Chart Detail,21800736,535,1629010,Jerome Robinson,1610612746,LA Clippers,3,0,5,Missed Shot,Jump Shot,3PT Field Goal,Left Corner 3,Left Side(L),24+ ft.,24,-240,52,1,0,20190127,LAC,SAC,21800736535,21550,0,101150|202699|1626149|1628983|1629010,0,REG,2019,203992,11.0,SG,Chaser,-0.87,MISS Robinson 25' 3PT Jump Shot,SG,Off Screen Shooter,-1.3,
Shot Chart Detail,21800736,567,1629010,Jerome Robinson,1610612746,LA Clippers,4,9,51,Made Shot,Running Layup Shot,2PT Field Goal,Restricted Area,Center(C),Less Than 8 ft.,1,13,5,1,1,20190127,LAC,SAC,21800736567,22890,0,101150|203118|1626149|1628983|1629010,1,REG,2019,203992,9.0,SG,Chaser,-0.87,Robinson 1' Running Layup (4 PTS) (Williams 9 AST),SG,Off Screen Shooter,-1.3,101150.0
Shot Chart Detail,21800762,113,203458,Alex Len,1610612737,Atlanta Hawks,1,3,16,Made Shot,Layup Shot,2PT Field Goal,Restricted Area,Center(C),Less Than 8 ft.,2,-24,7,1,1,20190130,SAC,ATL,21800762113,5240,0,202391|203145|203458|1627752|1629016,1,REG,2019,203992,7.0,SG,Chaser,-0.87,Len 3' Layup (2 PTS) (Lin 1 AST),C,Stretch Big,-0.6,202391.0
Shot Chart Detail,21800762,417,1627752,Taurean Prince,1610612737,Atlanta Hawks,3,7,26,Made Shot,Driving Layup Shot,2PT Field Goal,Restricted Area,Center(C),Less Than 8 ft.,2,0,20,1,1,20190130,SAC,ATL,21800762417,17140,0,202391|203473|1627752|1628381|1628989,1,REG,2019,203992,-18.0,SG,Chaser,-0.87,Prince 2' Driving Layup (8 PTS) (Lin 2 AST),SF,Secondary Ball Handler,-1.41,202391.0
Shot Chart Detail,21800762,426,202391,Jeremy Lin,1610612737,Atlanta Hawks,3,6,16,Missed Shot,Jump Bank Shot,2PT Field Goal,In The Paint (Non-RA),Right Side(R),8-16 ft.,10,61,80,1,0,20190130,SAC,ATL,21800762426,17840,0,202391|203473|1627752|1628381|1628989,0,REG,2019,203992,-22.0,SG,Chaser,-0.87,MISS Lin 10' Jump Bank Shot,PG,Primary Ball Handler,-0.74,
Shot Chart Detail,21800762,490,203145,Kent Bazemore,1610612737,Atlanta Hawks,3,2,35,Missed Shot,Jump Shot,3PT Field Goal,Left Corner 3,Left Side(L),24+ ft.,22,-225,5,1,0,20190130,SAC,ATL,21800762490,20050,0,203145|203458|1627752|1629016|1629027,0,REG,2019,203992,-26.0,SG,Chaser,-0.87,MISS Bazemore 3PT Jump Shot,SG,Secondary Ball Handler,-1.65,
Shot Chart Detail,21800762,507,203458,Alex Len,1610612737,Atlanta Hawks,3,1,9,Missed Shot,Hook Shot,2PT Field Goal,In The Paint (Non-RA),Center(C),Less Than 8 ft.,6,-46,45,1,0,20190130,SAC,ATL,21800762507,20910,0,203145|203458|1627752|1629016|1629027,0,REG,2019,203992,-26.0,SG,Chaser,-0.87,MISS Len 6' Hook Shot,C,Stretch Big,-0.6,
Shot Chart Detail,21800762,559,1628989,Kevin Huerter,1610612737,Atlanta Hawks,4,9,34,Made Shot,Jump Shot,3PT Field Goal,Above the Break 3,Right Side Center(RC),24+ ft.,27,87,263,1,1,20190130,SAC,ATL,21800762559,23060,0,1627761|1628381|1628989|1629016|1629027,1,REG,2019,203992,-26.0,SG,Chaser,-0.87,Huerter 28' 3PT Jump Shot (11 PTS) (Young 8 AST),SG,Secondary Ball Handler,-0.7,1629027.0
Shot Chart Detail,21800762,563,1627761,DeAndre' Bembry,1610612737,Atlanta Hawks,4,9,15,Made Shot,Running Dunk Shot,2PT Field Goal,Restricted Area,Center(C),Less Than 8 ft.,1,-8,8,1,1,20190130,SAC,ATL,21800762563,23250,0,1627761|1628381|1628989|1629016|1629027,1,REG,2019,203992,,SG,Chaser,-0.87,Bembry 1' Running Dunk (11 PTS) (Huerter 3 AST),SG,Athletic Finisher,-2.14,1628989.0
Shot Chart Detail,21800762,581,1628989,Kevin Huerter,1610612737,Atlanta Hawks,4,8,11,Missed Shot,Turnaround Jump Shot,2PT Field Goal,In The Paint (Non-RA),Center(C),Less Than 8 ft.,5,-41,30,1,0,20190130,SAC,ATL,21800762581,23890,0,203145|203473|1628989|1629016|1629027,0,REG,2019,203992,-22.0,SG,Chaser,-0.87,MISS Huerter 5' Turnaround Jump Shot,SG,Secondary Ball Handler,-0.7,
Shot Chart Detail,21800762,588,1629016,Omari Spellman,1610612737,Atlanta Hawks,4,7,2,Made Shot,Jump Shot,3PT Field Goal,Left Corner 3,Left Side(L),24+ ft.,22,-227,8,1,1,20190130,SAC,ATL,21800762588,24580,0,203145|203473|1628989|1629016|1629027,1,REG,2019,203992,-22.0,SG,Chaser,-0.87,Spellman 3PT Jump Shot (3 PTS) (Huerter 4 AST),PF,Stretch Big,-1.28,1628989.0
Shot Chart Detail,21800785,117,1629013,Landry Shamet,1610612755,Philadelphia 76ers,1,3,43,Missed Shot,Jump Shot,3PT Field Goal,Above the Break 3,Right Side Center(RC),24+ ft.,25,189,174,1,0,20190202,SAC,PHI,21800785117,4970,0,201147|204456|1627732|1628413|1629013,0,REG,2019,203992,-8.0,SG,Chaser,-0.87,MISS Shamet 26' 3PT Jump Shot,SG,Off Screen Shooter,-0.46,
Shot Chart Detail,21800785,199,1629003,Shake Milton,1610612755,Philadelphia 76ers,2,9,52,Missed Shot,Jump Shot,3PT Field Goal,Right Corner 3,Right Side(R),24+ ft.,23,233,0,1,0,20190202,SAC,PHI,21800785199,8480,0,202710|203488|203954|204456|1629003,0,REG,2019,203992,-6.0,SG,Chaser,-0.87,MISS Milton 3PT Jump Shot,SG,Athletic Finisher,-0.67,
Shot Chart Detail,21800785,227,203954,Joel Embiid,1610612755,Philadelphia 76ers,2,7,50,Made Shot,Tip Layup Shot,2PT Field Goal,Restricted Area,Center(C),Less Than 8 ft.,0,0,-6,1,1,20190202,SAC,PHI,21800785227,9700,0,201147|203488|1627732|1628413|1629003,0,REG,2019,1627812|203992,-0.0,,,,,C,Post Scorer,2.29,
Shot Chart Detail,21800785,245,1627732,Ben Simmons,1610612755,Philadelphia 76ers,2,6,41,Missed Shot,Fadeaway Jump Shot,2PT Field Goal,Mid-Range,Right Side(R),8-16 ft.,8,82,6,1,0,20190202,SAC,PHI,21800785245,10390,0,201147|203488|1627732|1628413|1629003,0,REG,2019,203992,-2.0,SG,Chaser,-0.87,MISS Simmons 8' Fadeaway Jumper,PG,Post Scorer,1.26,
Shot Chart Detail,21800785,505,204456,T.J. McConnell,1610612755,Philadelphia 76ers,3,0,0,Missed Shot,Jump Shot,3PT Field Goal,Above the Break 3,Center(C),24+ ft.,25,50,248,1,0,20190202,SAC,PHI,21800785505,21600,0,202710|203954|204456|1627732|1629003,0,REG,2019,203992,-7.0,SG,Chaser,-0.87,MISS McConnell 25' 3PT Jump Shot,PG,Primary Ball Handler,-0.04,
Shot Chart Detail,21800785,559,1629003,Shake Milton,1610612755,Philadelphia 76ers,4,9,10,Made Shot,Floating Jump shot,2PT Field Goal,In The Paint (Non-RA),Left Side(L),8-16 ft.,9,-53,78,1,1,20190202,SAC,PHI,21800785559,23300,0,202710|203954|204456|1627732|1629003,1,REG,2019,203992,-6.0,SG,Chaser,-0.87,Milton 9' Floating Jump Shot (4 PTS) (Butler 6 AST),SG,Athletic Finisher,-0.67,202710.0
Shot Chart Detail,21800785,571,1629003,Shake Milton,1610612755,Philadelphia 76ers,4,7,54,Made Shot,Pullup Jump shot,2PT Field Goal,Mid-Range,Right Side(R),8-16 ft.,11,117,0,1,1,20190202,SAC,PHI,21800785571,24060,0,202710|203954|204456|1627732|1629003,1,REG,2019,203992|1628368,-0.0,,,,,SG,Athletic Finisher,-0.67,204456.0
Shot Chart Detail,21800795,129,201158,Marco Belinelli,1610612759,San Antonio Spurs,1,1,41,Missed Shot,Jump Shot,3PT Field Goal,Above the Break 3,Center(C),24+ ft.,24,-48,245,1,0,20190204,SAC,SAS,21800795129,6190,0,200746|201158|201988|1627751|1627854,0,REG,2019,203992,-9.0,SG,Chaser,-0.87,MISS Belinelli 25' 3PT Jump Shot,SG,Movement Shooter,-0.23,
Shot Chart Detail,21800795,142,201988,Patty Mills,1610612759,San Antonio Spurs,1,0,39,Missed Shot,Jump Shot,3PT Field Goal,Above the Break 3,Center(C),24+ ft.,25,-15,250,1,0,20190204,SAC,SAS,21800795142,6810,0,200752|201158|201988|1627751|1627854,0,REG,2019,203992,-11.0,SG,Chaser,-0.87,MISS Mills 25' 3PT Jump Shot,PG,Primary Ball Handler,1.24,
Shot Chart Detail,21800795,147,1627751,Jakob Poeltl,1610612759,San Antonio Spurs,1,0,7,Missed Shot,Layup Shot,2PT Field Goal,Restricted Area,Center(C),Less Than 8 ft.,1,12,4,1,0,20190204,SAC,SAS,21800795147,7130,0,200752|201158|201988|1627751|1627854,0,REG,2019,203992,-14.0,SG,Chaser,-0.87,MISS Poeltl 1' Layup,C,Roll + Cut Big,-0.24,
Shot Chart Detail,21800795,149,1627751,Jakob Poeltl,1610612759,San Antonio Spurs,1,0,6,Made Shot,Tip Layup Shot,2PT Field Goal,Restricted Area,Center(C),Less Than 8 ft.,0,0,-6,1,1,20190204,SAC,SAS,21800795149,7140,0,200752|201158|201988|1627751|1627854,0,REG,2019,203992,-12.0,SG,Chaser,-0.87,Poeltl 1' Tip Layup Shot (4 PTS),C,Roll + Cut Big,-0.24,
Shot Chart Detail,21800795,168,201158,Marco Belinelli,1610612759,San Antonio Spurs,2,10,17,Missed Shot,Jump Shot,3PT Field Goal,Left Corner 3,Left Side(L),24+ ft.,23,-231,5,1,0,20190204,SAC,SAS,21800795168,8230,0,200752|201158|201988|1627751|1627854,0,REG,2019,203992,-7.0,SG,Chaser,-0.87,MISS Belinelli 3PT Jump Shot,SG,Movement Shooter,-0.23,
Shot Chart Detail,21800795,206,201942,DeMar DeRozan,1610612759,San Antonio Spurs,2,8,5,Made Shot,Jump Bank Shot,2PT Field Goal,In The Paint (Non-RA),Center(C),Less Than 8 ft.,4,41,26,1,1,20190204,SAC,SAS,21800795206,9550,0,2200|200752|201942|202722|1627854,0,REG,2019,203992,-9.0,SG,Chaser,-0.87,DeRozan 5' Jump Bank Shot (11 PTS),SG,Shot Creator,0.51,
Shot Chart Detail,21800795,223,201942,DeMar DeRozan,1610612759,San Antonio Spurs,2,6,32,Made Shot,Layup Shot,2PT Field Goal,Restricted Area,Center(C),Less Than 8 ft.,1,-14,13,1,1,20190204,SAC,SAS,21800795223,10480,0,200746|200752|201942|201988|202722,0,REG,2019,203992,-7.0,SG,Chaser,-0.87,DeRozan 2' Layup (13 PTS),SG,Shot Creator,0.51,
Shot Chart Detail,21800795,440,1627854,Bryn Forbes,1610612759,San Antonio Spurs,3,2,57,Missed Shot,Jump Shot,3PT Field Goal,Above the Break 3,Right Side Center(RC),24+ ft.,25,168,190,1,0,20190204,SAC,SAS,21800795440,19830,0,2200|201158|201988|202722|1627854,0,REG,2019,203992,-6.0,SG,Chaser,-0.87,MISS Forbes 25' 3PT Jump Shot,SG,Secondary Ball Handler,-1.12,
Shot Chart Detail,21800795,459,202722,Davis Bertans,1610612759,San Antonio Spurs,3,1,40,Made Shot,Driving Floating Jump Shot,2PT Field Goal,In The Paint (Non-RA),Center(C),Less Than 8 ft.,7,20,69,1,1,20190204,SAC,SAS,21800795459,20600,0,200752|201158|201988|202722|1627751,1,REG,2019,203992,-10.0,SG,Chaser,-0.87,Bertans 7' Driving Floating Jump Shot (8 PTS) (Belinelli 4 AST),PF,Movement Shooter,-0.16,201158.0
Shot Chart Detail,21800795,492,201158,Marco Belinelli,1610612759,San Antonio Spurs,4,10,36,Made Shot,Jump Shot,3PT Field Goal,Left Corner 3,Left Side(L),24+ ft.,22,-224,17,1,1,20190204,SAC,SAS,21800795492,22440,0,200752|201158|201988|202722|1627751,1,REG,2019,203992,-7.0,SG,Chaser,-0.87,Belinelli 3PT Jump Shot (7 PTS) (Bertans 2 AST),SG,Movement Shooter,-0.23,202722.0
Shot Chart Detail,21800795,564,1627854,Bryn Forbes,1610612759,San Antonio Spurs,4,4,29,Made Shot,Jump Shot,2PT Field Goal,Mid-Range,Right Side(R),16-24 ft.,18,150,100,1,1,20190204,SAC,SAS,21800795564,26110,0,200746|201942|201988|202722|1627854,1,REG,2019,203992,-15.0,SG,Chaser,-0.87,Forbes 18' Jump Shot (12 PTS) (DeRozan 2 AST),SG,Secondary Ball Handler,-1.12,201942.0
Shot Chart Detail,21800809,22,201935,James Harden,1610612745,Houston Rockets,1,10,10,Missed Shot,Driving Layup Shot,2PT Field Goal,Restricted Area,Center(C),Less Than 8 ft.,2,22,18,1,0,20190206,SAC,HOU,2180080922,1100,0,101108|200782|201569|201935|202702,0,REG,2019,203992,-0.0,SG,Chaser,-0.87,Bjelica BLOCK (1 BLK),PG,Shot Creator,6.42,
Shot Chart Detail,21800809,45,201935,James Harden,1610612745,Houston Rockets,1,8,10,Made Shot,Jump Shot,3PT Field Goal,Above the Break 3,Right Side Center(RC),24+ ft.,25,122,226,1,1,20190206,SAC,HOU,2180080945,2300,0,101108|200782|201569|201935|202702,0,REG,2019,203992,1.0,SG,Chaser,-0.87,Harden 26' 3PT Jump Shot (5 PTS),PG,Shot Creator,6.42,
Shot Chart Detail,21800809,59,201935,James Harden,1610612745,Houston Rockets,1,7,11,Made Shot,Driving Layup Shot,2PT Field Goal,Restricted Area,Center(C),Less Than 8 ft.,1,19,5,1,1,20190206,SAC,HOU,2180080959,2890,0,101108|200782|201569|201935|202702,0,REG,2019,203992,2.0,SG,Chaser,-0.87,Harden 2' Driving Layup (7 PTS),PG,Shot Creator,6.42,
Shot Chart Detail,21800809,81,201935,James Harden,1610612745,Houston Rockets,1,5,52,Missed Shot,Driving Floating Jump Shot,2PT Field Goal,In The Paint (Non-RA),Center(C),8-16 ft.,10,-40,101,1,0,20190206,SAC,HOU,2180080981,3680,0,200782|201935|202702|203085|203516,0,REG,2019,203992,-0.0,SG,Chaser,-0.87,MISS Harden 11' Driving Floating Jump Shot,PG,Shot Creator,6.42,
Shot Chart Detail,21800809,83,203516,James Ennis III,1610612745,Houston Rockets,1,5,46,Missed Shot,Driving Layup Shot,2PT Field Goal,Restricted Area,Center(C),Less Than 8 ft.,2,-20,16,1,0,20190206,SAC,HOU,2180080983,3740,0,200782|201935|202702|203085|203516,0,REG,2019,203992|1627741,-0.0,,,,,SF,Athletic Finisher,-0.97,
Shot Chart Detail,21800809,94,201935,James Harden,1610612745,Houston Rockets,1,5,14,Missed Shot,Driving Layup Shot,2PT Field Goal,In The Paint (Non-RA),Center(C),8-16 ft.,11,-52,100,1,0,20190206,SAC,HOU,2180080994,4060,0,101123|200782|201935|203085|203516,0,REG,2019,203992|202357,-2.0,,,,,PG,Shot Creator,6.42,
Shot Chart Detail,21800809,96,201935,James Harden,1610612745,Houston Rockets,1,5,11,Missed Shot,Layup Shot,2PT Field Goal,Restricted Area,Center(C),Less Than 8 ft.,2,-6,28,1,0,20190206,SAC,HOU,2180080996,4090,0,101123|200782|201935|203085|203516,0,REG,2019,203992|1628963,-2.0,,,,,PG,Shot Creator,6.42,
Shot Chart Detail,21800809,111,201935,James Harden,1610612745,Houston Rockets,1,3,58,Missed Shot,Jump Shot,3PT Field Goal,Above the Break 3,Right Side Center(RC),24+ ft.,25,214,132,1,0,20190206,SAC,HOU,21800809111,4820,0,101123|200782|201935|203085|203516,0,REG,2019,203992|1628963,-0.0,,,,,PG,Shot Creator,6.42,
Shot Chart Detail,21800809,131,203085,Austin Rivers,1610612745,Houston Rockets,1,2,13,Made Shot,Layup Shot,2PT Field Goal,In The Paint (Non-RA),Center(C),Less Than 8 ft.,5,-5,57,1,1,20190206,SAC,HOU,21800809131,5870,0,101123|200782|201935|203085|203516,0,REG,2019,203992,2.0,SG,Chaser,-0.87,Rivers 6' Layup (4 PTS),SG,Shot Creator,-1.07,
Shot Chart Detail,21800809,151,101123,Gerald Green,1610612745,Houston Rockets,1,0,53,Made Shot,Jump Shot,3PT Field Goal,Above the Break 3,Right Side Center(RC),24+ ft.,24,169,184,1,1,20190206,SAC,HOU,21800809151,6670,0,101108|101123|202702|203085|203516,1,REG,2019,203992,5.0,SG,Chaser,-0.87,Green 25' 3PT Jump Shot (3 PTS) (Faried 1 AST),SG,Movement Shooter,0.27,202702.0
Shot Chart Detail,21800809,157,101123,Gerald Green,1610612745,Houston Rockets,1,0,23,Made Shot,Reverse Layup Shot,2PT Field Goal,Restricted Area,Center(C),Less Than 8 ft.,2,-16,17,1,1,20190206,SAC,HOU,21800809157,6970,0,101108|101123|202702|203085|203516,1,REG,2019,203992,5.0,SG,Chaser,-0.87,Green 2' Reverse Layup (5 PTS) (Paul 3 AST),SG,Movement Shooter,0.27,101108.0
Shot Chart Detail,21800809,243,101123,Gerald Green,1610612745,Houston Rockets,2,7,3,Made Shot,Jump Shot,3PT Field Goal,Right Corner 3,Right Side(R),24+ ft.,23,236,15,1,1,20190206,SAC,HOU,21800809243,10170,0,101108|101123|200782|201569|201935,1,REG,2019,203992,12.0,SG,Chaser,-0.87,Green 24' 3PT Jump Shot (13 PTS) (Paul 5 AST),SG,Movement Shooter,0.27,101108.0
Shot Chart Detail,21800809,266,201935,James Harden,1610612745,Houston Rockets,2,5,8,Made Shot,Step Back Bank Jump Shot,3PT Field Goal,Above the Break 3,Left Side Center(LC),24+ ft.,24,-223,104,1,1,20190206,SAC,HOU,21800809266,11320,0,200782|201569|201935|203085|203516,0,REG,2019,203992,18.0,SG,Chaser,-0.87,Harden 25' 3PT Step Back Bank Jump Shot (15 PTS),PG,Shot Creator,6.42,
Shot Chart Detail,21800809,279,201935,James Harden,1610612745,Houston Rockets,2,4,6,Missed Shot,Driving Reverse Layup Shot,2PT Field Goal,Restricted Area,Center(C),Less Than 8 ft.,1,18,8,1,0,20190206,SAC,HOU,21800809279,11940,0,200782|201569|201935|203085|203516,0,REG,2019,203992|1627741,22.0,,,,,PG,Shot Creator,6.42,
Shot Chart Detail,21800809,324,201935,James Harden,1610612745,Houston Rockets,2,1,33,Made Shot,Jump Shot,3PT Field Goal,Above the Break 3,Left Side Center(LC),24+ ft.,28,-111,259,1,1,20190206,SAC,HOU,21800809324,13470,0,101108|200782|201935|202702|203516,0,REG,2019,203992,32.0,SG,Chaser,-0.87,Harden 28' 3PT Jump Shot (25 PTS),PG,Shot Creator,6.42,
Shot Chart Detail,21800809,332,200782,P.J. Tucker,1610612745,Houston Rockets,2,0,42,Missed Shot,Jump Shot,3PT Field Goal,Left Corner 3,Left Side(L),24+ ft.,23,-228,31,1,0,20190206,SAC,HOU,21800809332,13980,0,101108|200782|201935|202702|203516,0,REG,2019,203992,29.0,SG,Chaser,-0.87,MISS Tucker 3PT Jump Shot,PF,Stationary Shooter,-1.45,
Shot Chart Detail,21800809,336,203516,James Ennis III,1610612745,Houston Rockets,2,0,5,Made Shot,Driving Layup Shot,2PT Field Goal,Restricted Area,Center(C),Less Than 8 ft.,2,18,13,1,1,20190206,SAC,HOU,21800809336,14350,0,101108|200782|201935|202702|203516,0,REG,2019,203992,31.0,SG,Chaser,-0.87,Ennis III 2' Driving Layup (2 PTS),SF,Athletic Finisher,-0.97,
Shot Chart Detail,21800809,350,201935,James Harden,1610612745,Houston Rockets,3,10,55,Made Shot,Step Back Jump shot,3PT Field Goal,Above the Break 3,Left Side Center(LC),24+ ft.,24,-212,132,1,1,20190206,SAC,HOU,21800809350,15050,0,101108|200782|201569|201935|202702,0,REG,2019,203992,37.0,SG,Chaser,-0.87,Harden 25' 3PT Step Back Jump Shot (31 PTS),PG,Shot Creator,6.42,
Shot Chart Detail,21800809,355,201935,James Harden,1610612745,Houston Rockets,3,10,2,Missed Shot,Step Back Jump shot,3PT Field Goal,Above the Break 3,Left Side Center(LC),24+ ft.,24,-158,192,1,0,20190206,SAC,HOU,21800809355,15580,0,101108|200782|201569|201935|202702,0,REG,2019,203992,32.0,SG,Chaser,-0.87,MISS Harden 25' 3PT Step Back Jump Shot,PG,Shot Creator,6.42,
Shot Chart Detail,21800809,403,201935,James Harden,1610612745,Houston Rockets,3,5,55,Missed Shot,Driving Floating Jump Shot,2PT Field Goal,In The Paint (Non-RA),Center(C),Less Than 8 ft.,5,-11,52,1,0,20190206,SAC,HOU,21800809403,18050,0,200782|201935|202702|203085|203516,0,REG,2019,203992,26.0,SG,Chaser,-0.87,MISS Harden 5' Driving Floating Jump Shot,PG,Shot Creator,6.42,
Shot Chart Detail,21800809,418,201935,James Harden,1610612745,Houston Rockets,3,4,40,Made Shot,Driving Layup Shot,2PT Field Goal,Restricted Area,Center(C),Less Than 8 ft.,2,-3,25,1,1,20190206,SAC,HOU,21800809418,18800,0,101123|200782|201935|203085|203516,0,REG,2019,203992|202357,24.0,,,,,PG,Shot Creator,6.42,
Shot Chart Detail,21800809,432,203085,Austin Rivers,1610612745,Houston Rockets,3,3,37,Missed Shot,Driving Layup Shot,2PT Field Goal,Restricted Area,Center(C),Less Than 8 ft.,3,-26,25,1,0,20190206,SAC,HOU,21800809432,19430,0,101123|200782|201935|203085|203516,0,REG,2019,203992,26.0,SG,Chaser,-0.87,Bogdanovic BLOCK (1 BLK),SG,Shot Creator,-1.07,
Shot Chart Detail,21800809,485,101123,Gerald Green,1610612745,Houston Rockets,3,0,56,Made Shot,Alley Oop Dunk Shot,2PT Field Goal,Restricted Area,Center(C),Less Than 8 ft.,0,6,5,1,1,20190206,SAC,HOU,21800809485,21040,0,101108|101123|202702|203085|203516,1,REG,2019,203992,,SG,Chaser,-0.87,Green 1' Alley Oop Dunk (17 PTS) (Paul 8 AST),SG,Movement Shooter,0.27,101108.0
Shot Chart Detail,21800824,115,203482,Kelly Olynyk,1610612748,Miami Heat,1,3,51,Made Shot,Cutting Layup Shot,2PT Field Goal,Restricted Area,Center(C),Less Than 8 ft.,1,15,10,1,1,20190208,SAC,MIA,21800824115,4890,0,2548|203079|203482|1626159|1628389,1,REG,2019,203992,6.0,SG,Chaser,-0.87,Olynyk 2' Cutting Layup Shot (7 PTS) (Wade 1 AST),PF,Athletic Finisher,-0.55,2548.0
Shot Chart Detail,21800824,159,203585,Rodney McGruder,1610612748,Miami Heat,1,1,0,Missed Shot,Jump Shot,3PT Field Goal,Right Corner 3,Right Side(R),24+ ft.,23,232,13,1,0,20190208,SAC,MIA,21800824159,6600,0,2548|201949|203585|1626196|1628389,0,REG,2019,203992,9.0,SG,Chaser,-0.87,MISS McGruder 3PT Jump Shot,SG,Movement Shooter,-1.14,
Shot Chart Detail,21800824,215,203585,Rodney McGruder,1610612748,Miami Heat,2,9,9,Made Shot,Cutting Dunk Shot,2PT Field Goal,Restricted Area,Center(C),Less Than 8 ft.,1,-11,16,1,1,20190208,SAC,MIA,21800824215,8910,0,201949|203585|1626196|1628389|1629130,1,REG,2019,203992,8.0,SG,Chaser,-0.87,McGruder 2' Cutting Dunk Shot (2 PTS) (Johnson 1 AST),SG,Movement Shooter,-1.14,201949.0
Shot Chart Detail,21800824,289,203585,Rodney McGruder,1610612748,Miami Heat,2,3,48,Missed Shot,Jump Shot,3PT Field Goal,Above the Break 3,Right Side Center(RC),24+ ft.,25,166,190,1,0,20190208,SAC,MIA,21800824289,12120,0,2548|202355|203079|203585|1626159,0,REG,2019,203992,6.0,SG,Chaser,-0.87,MISS McGruder 25' 3PT Jump Shot,SG,Movement Shooter,-1.14,
Shot Chart Detail,21800824,324,203585,Rodney McGruder,1610612748,Miami Heat,2,0,42,Missed Shot,Jump Shot,3PT Field Goal,Right Corner 3,Right Side(R),24+ ft.,23,231,10,1,0,20190208,SAC,MIA,21800824324,13980,0,2548|202355|203079|203585|1626196,0,REG,2019,203992,9.0,SG,Chaser,-0.87,MISS McGruder 3PT Jump Shot,SG,Movement Shooter,-1.14,
Shot Chart Detail,21800824,350,203079,Dion Waiters,1610612748,Miami Heat,3,11,28,Missed Shot,Pullup Jump shot,3PT Field Goal,Above the Break 3,Center(C),24+ ft.,24,-67,236,1,0,20190208,SAC,MIA,21800824350,14720,0,202355|203079|203482|1626159|1626196,0,REG,2019,203992,9.0,SG,Chaser,-0.87,MISS Waiters 25' 3PT Pullup Jump Shot,SG,Shot Creator,-0.43,
Shot Chart Detail,21800824,394,202355,Hassan Whiteside,1610612748,Miami Heat,3,7,30,Made Shot,Alley Oop Dunk Shot,2PT Field Goal,Restricted Area,Center(C),Less Than 8 ft.,1,-8,6,1,1,20190208,SAC,MIA,21800824394,17100,0,202355|203079|203482|1626159|1626196,1,REG,2019,203992,,SG,Chaser,-0.87,Whiteside 1' Alley Oop Dunk (16 PTS) (Winslow 4 AST),C,Post Scorer,0.96,1626159.0
Shot Chart Detail,21800824,456,1626159,Justise Winslow,1610612748,Miami Heat,3,2,42,Missed Shot,Jump Shot,3PT Field Goal,Left Corner 3,Left Side(L),24+ ft.,23,-232,50,1,0,20190208,SAC,MIA,21800824456,19980,0,2548|201949|203079|1626159|1628389,0,REG,2019,203992,14.0,SG,Chaser,-0.87,MISS Winslow 24' 3PT Jump Shot,SF,Primary Ball Handler,-1.05,
Shot Chart Detail,21800824,484,2548,Dwyane Wade,1610612748,Miami Heat,3,0,29,Missed Shot,Pullup Jump shot,3PT Field Goal,Above the Break 3,Center(C),24+ ft.,25,-15,251,1,0,20190208,SAC,MIA,21800824484,21310,0,2548|201949|203585|1626196|1628389,0,REG,2019,202692|203992,11.0,,,,,SG,Shot Creator,-0.2,
Shot Chart Detail,21800836,138,1626164,Devin Booker,1610612756,Phoenix Suns,1,2,4,Made Shot,Driving Layup Shot,2PT Field Goal,Restricted Area,Center(C),Less Than 8 ft.,2,-20,7,1,1,20190210,SAC,PHX,21800836138,5960,0,1626158|1626162|1626164|1627733|1629059,1,REG,2019,203992,-6.0,SG,Chaser,-0.87,Booker 2' Driving Layup (8 PTS) (Holmes 1 AST),SG,Shot Creator,1.93,1626158.0
Shot Chart Detail,21800836,152,1626162,Kelly Oubre Jr.,1610612756,Phoenix Suns,1,1,10,Missed Shot,Fadeaway Jump Shot,2PT Field Goal,Mid-Range,Right Side(R),8-16 ft.,8,82,-3,1,0,20190210,SAC,PHX,21800836152,6500,0,1626158|1626162|1626164|1627733|1629059,0,REG,2019,203992,-9.0,SG,Chaser,-0.87,MISS Oubre Jr. 8' Fadeaway Jumper,SF,Movement Shooter,-0.29,
Shot Chart Detail,21800836,161,1626164,Devin Booker,1610612756,Phoenix Suns,1,0,3,Missed Shot,Pullup Jump shot,2PT Field Goal,In The Paint (Non-RA),Center(C),8-16 ft.,10,0,100,1,0,20190210,SAC,PHX,21800836161,7170,0,1626158|1626162|1626164|1627733|1629059,0,REG,2019,203992,-10.0,SG,Chaser,-0.87,MISS Booker 10' Pullup Jump Shot,SG,Shot Creator,1.93,
Shot Chart Detail,21800836,186,1626162,Kelly Oubre Jr.,1610612756,Phoenix Suns,2,9,50,Missed Shot,Jump Shot,3PT Field Goal,Right Corner 3,Right Side(R),24+ ft.,23,233,29,1,0,20190210,SAC,PHX,21800836186,8500,0,2037|1626158|1626162|1627733|1629059,0,REG,2019,203992,-15.0,SG,Chaser,-0.87,MISS Oubre Jr. 3PT Jump Shot,SF,Movement Shooter,-0.29,
Shot Chart Detail,21800836,192,1626162,Kelly Oubre Jr.,1610612756,Phoenix Suns,2,9,24,Made Shot,Driving Hook Shot,2PT Field Goal,In The Paint (Non-RA),Center(C),Less Than 8 ft.,7,16,75,1,1,20190210,SAC,PHX,21800836192,8760,0,2037|1626158|1626162|1627733|1629059,1,REG,2019,203992,-13.0,SG,Chaser,-0.87,Oubre Jr. 8' Driving Hook Shot (4 PTS) (Bender 1 AST),SF,Movement Shooter,-0.29,1627733.0
Shot Chart Detail,21800836,231,1626162,Kelly Oubre Jr.,1610612756,Phoenix Suns,2,6,51,Missed Shot,Jump Shot,3PT Field Goal,Above the Break 3,Left Side Center(LC),24+ ft.,25,-214,138,1,0,20190210,SAC,PHX,21800836231,10290,0,204020|1626158|1626162|1627733|1628367,0,REG,2019,203992,-13.0,SG,Chaser,-0.87,MISS Oubre Jr. 25' 3PT Jump Shot,SF,Movement Shooter,-0.29,
Shot Chart Detail,21800836,250,204020,Tyler Johnson,1610612756,Phoenix Suns,2,5,53,Missed Shot,Floating Jump shot,2PT Field Goal,In The Paint (Non-RA),Center(C),8-16 ft.,10,6,107,1,0,20190210,SAC,PHX,21800836250,10870,0,204020|1626164|1627733|1628367|1629028,0,REG,2019,203992,-17.0,SG,Chaser,-0.87,MISS Johnson 11' Floating Jump Shot,PG,Movement Shooter,-0.65,
Shot Chart Detail,21800836,490,1626162,Kelly Oubre Jr.,1610612756,Phoenix Suns,3,2,58,Missed Shot,Driving Floating Jump Shot,2PT Field Goal,In The Paint (Non-RA),Center(C),Less Than 8 ft.,5,33,43,1,0,20190210,SAC,PHX,21800836490,19820,0,1626158|1626162|1626164|1627733|1629059,0,REG,2019,203992|1628385,-22.0,,,,,SF,Movement Shooter,-0.29,
Shot Chart Detail,21800836,574,1626164,Devin Booker,1610612756,Phoenix Suns,4,11,36,Made Shot,Jump Shot,3PT Field Goal,Above the Break 3,Left Side Center(LC),24+ ft.,24,-216,110,1,1,20190210,SAC,PHX,21800836574,21840,0,1626158|1626164|1627733|1628969|1629059,1,REG,2019,203992,-12.0,SG,Chaser,-0.87,Booker 24' 3PT Jump Shot (18 PTS) (Bender 3 AST),SG,Shot Creator,1.93,1627733.0
Shot Chart Detail,21800836,585,1626164,Devin Booker,1610612756,Phoenix Suns,4,11,4,Missed Shot,Jump Shot,2PT Field Goal,Mid-Range,Left Side(L),8-16 ft.,13,-134,21,1,0,20190210,SAC,PHX,21800836585,22160,0,1626158|1626164|1628367|1628969|1629059,0,REG,2019,203992,-14.0,SG,Chaser,-0.87,MISS Booker 14' Jump Shot,SG,Shot Creator,1.93,
Shot Chart Detail,21800836,622,1628969,Mikal Bridges,1610612756,Phoenix Suns,4,8,20,Missed Shot,Jump Shot,3PT Field Goal,Above the Break 3,Left Side Center(LC),24+ ft.,25,-131,214,1,0,20190210,SAC,PHX,21800836622,23800,0,204020|1626164|1628367|1628969|1629028,0,REG,2019,203992,-19.0,SG,Chaser,-0.87,MISS Bridges 25' 3PT Jump Shot,SF,Athletic Finisher,-1.17,
Shot Chart Detail,21800836,633,1629028,Deandre Ayton,1610612756,Phoenix Suns,4,7,53,Made Shot,Alley Oop Dunk Shot,2PT Field Goal,Restricted Area,Center(C),Less Than 8 ft.,1,2,13,1,1,20190210,SAC,PHX,21800836633,24070,0,204020|1626164|1628367|1628969|1629028,1,REG,2019,203992|1628963,,,,,,C,Post Scorer,-0.65,1628969.0
Shot Chart Detail,21800836,639,1626164,Devin Booker,1610612756,Phoenix Suns,4,7,10,Missed Shot,Pullup Jump shot,3PT Field Goal,Above the Break 3,Center(C),24+ ft.,25,-69,241,1,0,20190210,SAC,PHX,21800836639,24500,0,204020|1626164|1628367|1628969|1629028,0,REG,2019,203992,-18.0,SG,Chaser,-0.87,MISS Booker 25' 3PT Pullup Jump Shot,SG,Shot Creator,1.93,
Shot Chart Detail,21800836,648,204020,Tyler Johnson,1610612756,Phoenix Suns,4,6,16,Made Shot,Running Layup Shot,2PT Field Goal,Restricted Area,Center(C),Less Than 8 ft.,1,-3,11,1,1,20190210,SAC,PHX,21800836648,25040,0,204020|1626164|1628367|1628969|1629028,1,REG,2019,203992|1628368,-16.0,,,,,PG,Movement Shooter,-0.65,1626164.0
Shot Chart Detail,21800836,657,1628969,Mikal Bridges,1610612756,Phoenix Suns,4,5,51,Missed Shot,Jump Shot,3PT Field Goal,Right Corner 3,Right Side(R),24+ ft.,23,232,4,1,0,20190210,SAC,PHX,21800836657,25290,0,204020|1626164|1628367|1628969|1629028,0,REG,2019,203992,-16.0,SG,Chaser,-0.87,MISS Bridges 3PT Jump Shot,SF,Athletic Finisher,-1.17,
Shot Chart Detail,21800836,731,204020,Tyler Johnson,1610612756,Phoenix Suns,4,0,53,Missed Shot,Driving Layup Shot,2PT Field Goal,Restricted Area,Center(C),Less Than 8 ft.,2,-20,3,1,0,20190210,SAC,PHX,21800836731,28270,0,204020|1626164|1628367|1628969|1629028,0,REG,2019,203992,-15.0,SG,Chaser,-0.87,Bogdanovic BLOCK (1 BLK),PG,Movement Shooter,-0.65,
Shot Chart Detail,21800836,736,1626164,Devin Booker,1610612756,Phoenix Suns,4,0,26,Missed Shot,Driving Floating Jump Shot,2PT Field Goal,In The Paint (Non-RA),Center(C),Less Than 8 ft.,5,-18,51,1,0,20190210,SAC,PHX,21800836736,28540,0,204020|1626164|1628367|1628969|1629028,0,REG,2019,203992|1627741,-15.0,,,,,SG,Shot Creator,1.93,
Shot Chart Detail,21800860,133,1628420,Monté Morris,1610612743,Denver Nuggets,1,1,37,Missed Shot,Pullup Jump shot,2PT Field Goal,In The Paint (Non-RA),Center(C),Less Than 8 ft.,4,-34,22,1,0,20190213,DEN,SAC,21800860133,6230,0,200794|202738|203486|1628420|1628470,0,REG,2019,203992,-11.0,SG,Chaser,-0.87,MISS Morris 4' Pullup Jump Shot,PG,Primary Ball Handler,0.91,
Shot Chart Detail,21800860,151,1626168,Trey Lyles,1610612743,Denver Nuggets,1,0,47,Made Shot,Turnaround Fadeaway shot,2PT Field Goal,Mid-Range,Left Side(L),8-16 ft.,10,-103,17,1,1,20190213,DEN,SAC,21800860151,6730,0,202738|203486|1626168|1628420|1628470,0,REG,2019,203992,,SG,Chaser,-0.87,Lyles 10' Turnaround Fadeaway (2 PTS),PF,Versatile Big,-0.47,
Shot Chart Detail,21800860,162,1628470,Torrey Craig,1610612743,Denver Nuggets,2,11,49,Missed Shot,Jump Shot,3PT Field Goal,Above the Break 3,Right Side Center(RC),24+ ft.,24,157,193,1,0,20190213,DEN,SAC,21800860162,7310,0,202738|203486|1626168|1628420|1628470,0,REG,2019,203992,-11.0,SG,Chaser,-0.87,MISS Craig 25' 3PT Jump Shot,SF,Athletic Finisher,-0.95,
Shot Chart Detail,21800860,213,1628420,Monté Morris,1610612743,Denver Nuggets,2,8,55,Missed Shot,Jump Shot,3PT Field Goal,Above the Break 3,Right Side Center(RC),24+ ft.,24,194,151,1,0,20190213,DEN,SAC,21800860213,9050,0,202738|203115|203999|1626168|1628420,0,REG,2019,203992,-17.0,SG,Chaser,-0.87,MISS Morris 25' 3PT Jump Shot,PG,Primary Ball Handler,0.91,
Shot Chart Detail,21800860,226,1627736,Malik Beasley,1610612743,Denver Nuggets,2,7,12,Missed Shot,Pullup Jump shot,2PT Field Goal,In The Paint (Non-RA),Center(C),8-16 ft.,11,-51,105,1,0,20190213,DEN,SAC,21800860226,10080,0,203115|203999|1626168|1627736|1628420,0,REG,2019,203992,-15.0,SG,Chaser,-0.87,MISS Beasley 12' Pullup Jump Shot,SG,Movement Shooter,0.28,
Shot Chart Detail,21800860,466,1628470,Torrey Craig,1610612743,Denver Nuggets,3,3,45,Made Shot,Running Dunk Shot,2PT Field Goal,Restricted Area,Center(C),Less Than 8 ft.,0,-4,3,1,1,20190213,DEN,SAC,21800860466,19350,0,203486|203999|1627736|1628420|1628470,1,REG,2019,203992,,SG,Chaser,-0.87,Craig 1' Running Dunk (2 PTS) (Jokic 7 AST),SF,Athletic Finisher,-0.95,203999.0
Shot Chart Detail,21800860,474,1627736,Malik Beasley,1610612743,Denver Nuggets,3,3,6,Made Shot,Jump Shot,3PT Field Goal,Above the Break 3,Right Side Center(RC),24+ ft.,24,122,215,1,1,20190213,DEN,SAC,21800860474,19740,0,203486|203999|1627736|1628420|1628470,1,REG,2019,203992,-2.0,SG,Chaser,-0.87,Beasley 25' 3PT Jump Shot (19 PTS) (Jokic 8 AST),SG,Movement Shooter,0.28,203999.0
Shot Chart Detail,21800860,554,202738,Isaiah Thomas,1610612743,Denver Nuggets,4,10,27,Missed Shot,Jump Shot,3PT Field Goal,Above the Break 3,Center(C),24+ ft.,24,5,248,1,0,20190213,DEN,SAC,21800860554,22530,0,200794|202738|203486|1627736|1628420,0,REG,2019,203992|1627812,1.0,,,,,SG,Secondary Ball Handler,-0.39,
Shot Chart Detail,21800860,567,1628420,Monté Morris,1610612743,Denver Nuggets,4,9,54,Made Shot,Running Dunk Shot,2PT Field Goal,Restricted Area,Center(C),Less Than 8 ft.,1,8,9,1,1,20190213,DEN,SAC,21800860567,22860,0,200794|202738|203486|1627736|1628420,1,REG,2019,203992,,SG,Chaser,-0.87,Morris 1' Running Dunk (8 PTS) (Millsap 2 AST),PG,Primary Ball Handler,0.91,200794.0
Shot Chart Detail,21800860,596,1627736,Malik Beasley,1610612743,Denver Nuggets,4,7,16,Missed Shot,Jump Shot,3PT Field Goal,Above the Break 3,Left Side Center(LC),24+ ft.,24,-165,177,1,0,20190213,DEN,SAC,21800860596,24440,0,203486|203999|1627736|1627750|1628420,0,REG,2019,203992,1.0,SG,Chaser,-0.87,MISS Beasley 24' 3PT Jump Shot,SG,Movement Shooter,0.28,
Shot Chart Detail,21800860,615,1627736,Malik Beasley,1610612743,Denver Nuggets,4,6,13,Made Shot,Floating Jump shot,2PT Field Goal,Restricted Area,Center(C),Less Than 8 ft.,3,8,38,1,1,20190213,DEN,SAC,21800860615,25070,0,203115|203486|203999|1627736|1627750,1,REG,2019,203992,0.0,SG,Chaser,-0.87,Beasley 4' Floating Jump Shot (21 PTS) (Jokic 9 AST),SG,Movement Shooter,0.28,203999.0
Shot Chart Detail,21800860,669,203115,Will Barton,1610612743,Denver Nuggets,4,1,55,Missed Shot,Jump Shot,3PT Field Goal,Left Corner 3,Left Side(L),24+ ft.,22,-226,29,1,0,20190213,DEN,SAC,21800860669,27650,0,200794|203115|203999|1627750|1628420,0,REG,2019,203992,4.0,SG,Chaser,-0.87,MISS Barton 3PT Jump Shot,SF,Secondary Ball Handler,-0.93,
Shot Chart Detail,21800871,7,201142,Kevin Durant,1610612744,Golden State Warriors,1,11,39,Made Shot,Driving Layup Shot,2PT Field Goal,Restricted Area,Center(C),Less Than 8 ft.,1,13,7,1,1,20190221,GSW,SAC,218008717,210,0,201142|201939|202326|202691|203110,1,REG,2019,203992,2.0,SG,Chaser,-0.87,Durant 1' Driving Layup (2 PTS) (Green 1 AST),SF,Shot Creator,4.01,203110.0
Shot Chart Detail,21800871,17,201939,Stephen Curry,1610612744,Golden State Warriors,1,10,41,Made Shot,Running Jump Shot,3PT Field Goal,Above the Break 3,Left Side Center(LC),24+ ft.,27,-192,197,1,1,20190221,GSW,SAC,2180087117,790,0,201142|201939|202326|202691|203110,1,REG,2019,203992,3.0,SG,Chaser,-0.87,Curry 28' 3PT Running Jump Shot (3 PTS) (Green 2 AST),PG,Primary Ball Handler,4.7,203110.0
Shot Chart Detail,21800871,32,202691,Klay Thompson,1610612744,Golden State Warriors,1,9,10,Made Shot,Running Layup Shot,2PT Field Goal,Restricted Area,Center(C),Less Than 8 ft.,2,21,20,1,1,20190221,GSW,SAC,2180087132,1700,0,201142|201939|202326|202691|203110,0,REG,2019,203992|1627741,3.0,,,,,SG,Off Screen Shooter,1.07,
Shot Chart Detail,21800871,47,201142,Kevin Durant,1610612744,Golden State Warriors,1,7,59,Made Shot,Driving Layup Shot,2PT Field Goal,Mid-Range,Right Side(R),8-16 ft.,9,86,28,1,1,20190221,GSW,SAC,2180087147,2410,0,201142|201939|202326|202691|203110,1,REG,2019,203992,3.0,SG,Chaser,-0.87,Durant 9' Driving Layup (6 PTS) (Thompson 1 AST),SF,Shot Creator,4.01,202691.0
Shot Chart Detail,21800871,214,202691,Klay Thompson,1610612744,Golden State Warriors,2,9,25,Missed Shot,Jump Shot,3PT Field Goal,Above the Break 3,Right Side Center(RC),24+ ft.,25,217,141,1,0,20190221,GSW,SAC,21800871214,8750,0,2738|202326|202691|203110|1626188,0,REG,2019,203992,-3.0,SG,Chaser,-0.87,MISS Thompson 26' 3PT Jump Shot,SG,Off Screen Shooter,1.07,
Shot Chart Detail,21800871,262,202691,Klay Thompson,1610612744,Golden State Warriors,2,6,49,Missed Shot,Step Back Jump shot,2PT Field Goal,Mid-Range,Right Side(R),8-16 ft.,12,122,39,1,0,20190221,GSW,SAC,21800871262,10310,0,201939|202691|203110|1626172|1628035,0,REG,2019,203992,-7.0,SG,Chaser,-0.87,MISS Thompson 13' Step Back Jump Shot,SG,Off Screen Shooter,1.07,
Shot Chart Detail,21800871,331,201939,Stephen Curry,1610612744,Golden State Warriors,2,3,39,Made Shot,Jump Shot,3PT Field Goal,Above the Break 3,Left Side Center(LC),24+ ft.,28,-207,195,1,1,20190221,GSW,SAC,21800871331,12210,0,2738|201142|201939|202691|203110,1,REG,2019,203992,-3.0,SG,Chaser,-0.87,Curry 28' 3PT Jump Shot (17 PTS) (Thompson 3 AST),PG,Primary Ball Handler,4.7,202691.0
Shot Chart Detail,21800871,404,203110,Draymond Green,1610612744,Golden State Warriors,3,11,20,Missed Shot,Jump Shot,3PT Field Goal,Above the Break 3,Right Side Center(RC),24+ ft.,26,179,199,1,0,20190221,GSW,SAC,21800871404,14800,0,201142|201939|202326|202691|203110,0,REG,2019,203992,-4.0,SG,Chaser,-0.87,MISS Green 27' 3PT Jump Shot,PF,Stretch Big,-1.41,
Shot Chart Detail,21800871,563,201142,Kevin Durant,1610612744,Golden State Warriors,3,0,1,Made Shot,Jump Shot,3PT Field Goal,Above the Break 3,Left Side Center(LC),24+ ft.,28,-182,220,1,1,20190221,GSW,SAC,21800871563,21590,0,2738|201142|201973|1626172|1626188,1,REG,2019,203992,-2.0,SG,Chaser,-0.87,Durant 29' 3PT Jump Shot (26 PTS) (Looney 1 AST),SF,Shot Creator,4.01,1626172.0
Shot Chart Detail,21800871,620,202691,Klay Thompson,1610612744,Golden State Warriors,4,8,14,Missed Shot,Jump Shot,3PT Field Goal,Above the Break 3,Right Side Center(RC),24+ ft.,26,99,242,1,0,20190221,GSW,SAC,21800871620,23860,0,2738|202326|202691|203110|1626188,0,REG,2019,203992,0.0,SG,Chaser,-0.87,MISS Thompson 26' 3PT Jump Shot,SG,Off Screen Shooter,1.07,
Shot Chart Detail,21800871,701,202691,Klay Thompson,1610612744,Golden State Warriors,4,3,43,Missed Shot,Jump Shot,3PT Field Goal,Above the Break 3,Right Side Center(RC),24+ ft.,25,225,125,1,0,20190221,GSW,SAC,21800871701,26570,0,2738|201142|201939|202691|203110,0,REG,2019,203992,1.0,SG,Chaser,-0.87,MISS Thompson 26' 3PT Jump Shot,SG,Off Screen Shooter,1.07,
Shot Chart Detail,21800890,38,202331,Paul George,1610612760,Oklahoma City Thunder,1,9,1,Made Shot,Jump Shot,2PT Field Goal,Mid-Range,Right Side(R),8-16 ft.,13,123,66,1,1,20190223,OKC,SAC,2180089038,1790,0,201566|202331|203500|203924|1628390,0,REG,2019,203992,-2.0,SG,Chaser,-0.87,George 14' Jump Shot (4 PTS),SF,Shot Creator,3.8,
Shot Chart Detail,21800890,170,202331,Paul George,1610612760,Oklahoma City Thunder,2,11,8,Missed Shot,Pullup Jump shot,3PT Field Goal,Above the Break 3,Right Side Center(RC),24+ ft.,25,110,230,1,0,20190223,OKC,SAC,21800890170,7720,0,202331|202693|203457|203471|1627846,0,REG,2019,203992,-9.0,SG,Chaser,-0.87,MISS George 25' 3PT Pullup Jump Shot,SF,Shot Creator,3.8,
Shot Chart Detail,21800890,183,203471,Dennis Schröder,1610612760,Oklahoma City Thunder,2,9,59,Missed Shot,Jump Shot,3PT Field Goal,Above the Break 3,Left Side Center(LC),24+ ft.,24,-147,193,1,0,20190223,OKC,SAC,21800890183,8410,0,202331|202693|203457|203471|1627846,0,REG,2019,203992,-9.0,SG,Chaser,-0.87,MISS Schroder 24' 3PT Jump Shot,PG,Primary Ball Handler,0.45,
Shot Chart Detail,21800890,193,202331,Paul George,1610612760,Oklahoma City Thunder,2,9,0,Missed Shot,Driving Floating Jump Shot,2PT Field Goal,Restricted Area,Center(C),Less Than 8 ft.,2,24,9,1,0,20190223,OKC,SAC,21800890193,9000,0,202331|202693|203457|203471|1627846,0,REG,2019,203992|1628385,-11.0,,,,,SF,Shot Creator,3.8,
Shot Chart Detail,21800890,237,201566,Russell Westbrook,1610612760,Oklahoma City Thunder,2,7,16,Made Shot,Pullup Jump shot,3PT Field Goal,Above the Break 3,Right Side Center(RC),24+ ft.,24,192,158,1,1,20190223,OKC,SAC,21800890237,10040,0,201566|203457|203924|1628390|1629126,0,REG,2019,202692|203992,-7.0,,,,,PG,Shot Creator,3.44,
Shot Chart Detail,21800890,259,202331,Paul George,1610612760,Oklahoma City Thunder,2,5,57,Missed Shot,Jump Shot,2PT Field Goal,Mid-Range,Left Side(L),8-16 ft.,14,-129,62,1,0,20190223,OKC,SAC,21800890259,10830,0,201566|202331|203457|203924|1628390,0,REG,2019,203992,-14.0,SG,Chaser,-0.87,MISS George 14' Jump Shot,SF,Shot Creator,3.8,
Shot Chart Detail,21800890,263,203457,Nerlens Noel,1610612760,Oklahoma City Thunder,2,5,34,Missed Shot,Hook Shot,2PT Field Goal,In The Paint (Non-RA),Center(C),Less Than 8 ft.,7,-6,78,1,0,20190223,OKC,SAC,21800890263,11060,0,201566|202331|203457|203924|1628390,0,REG,2019,203992,-14.0,SG,Chaser,-0.87,MISS Noel 8' Hook Shot,C,Roll + Cut Big,-1.54,
Shot Chart Detail,21800890,302,203924,Jerami Grant,1610612760,Oklahoma City Thunder,2,3,19,Made Shot,Jump Shot,3PT Field Goal,Right Corner 3,Right Side(R),24+ ft.,22,228,30,1,1,20190223,OKC,SAC,21800890302,12410,0,201566|202331|203500|203924|1628390,1,REG,2019,203992,-13.0,SG,Chaser,-0.87,Grant 3PT Jump Shot (3 PTS) (Westbrook 2 AST),PF,Stretch Big,-0.31,201566.0
Shot Chart Detail,21800890,370,203500,Steven Adams,1610612760,Oklahoma City Thunder,3,10,51,Made Shot,Putback Layup Shot,2PT Field Goal,Restricted Area,Center(C),Less Than 8 ft.,0,-6,7,1,1,20190223,OKC,SAC,21800890370,15090,0,201566|202331|203500|203924|1628390,0,REG,2019,203992,-12.0,SG,Chaser,-0.87,Adams 1' Putback Layup (8 PTS),C,Post Scorer,0.53,
Shot Chart Detail,21800890,379,203924,Jerami Grant,1610612760,Oklahoma City Thunder,3,10,33,Missed Shot,Jump Shot,3PT Field Goal,Above the Break 3,Center(C),24+ ft.,25,69,244,1,0,20190223,OKC,SAC,21800890379,15270,0,201566|202331|203500|203924|1628390,0,REG,2019,203992,-12.0,SG,Chaser,-0.87,MISS Grant 25' 3PT Jump Shot,PF,Stretch Big,-0.31,
Shot Chart Detail,21800905,93,201565,Derrick Rose,1610612750,Minnesota Timberwolves,1,5,13,Missed Shot,Jump Shot,2PT Field Goal,In The Paint (Non-RA),Center(C),Less Than 8 ft.,7,-74,27,1,0,20190225,MIN,SAC,2180090593,4070,0,201565|203952|203967|1626145|1626157,0,REG,2019,203992,-5.0,SG,Chaser,-0.87,MISS Rose 8' Jump Shot,PG,Shot Creator,1.32,
Shot Chart Detail,21800905,98,203967,Dario Šarić,1610612750,Minnesota Timberwolves,1,4,59,Made Shot,Cutting Layup Shot,2PT Field Goal,Restricted Area,Center(C),Less Than 8 ft.,1,12,8,1,1,20190225,MIN,SAC,2180090598,4210,0,201565|203952|203967|1626145|1626157,1,REG,2019,203992,-3.0,SG,Chaser,-0.87,Saric 1' Cutting Layup Shot (2 PTS) (Towns 1 AST),PF,Stretch Big,-0.03,1626157.0
Shot Chart Detail,21800905,114,201565,Derrick Rose,1610612750,Minnesota Timberwolves,1,3,50,Missed Shot,Jump Shot,2PT Field Goal,In The Paint (Non-RA),Center(C),Less Than 8 ft.,5,39,36,1,0,20190225,MIN,SAC,21800905114,4900,0,201229|201565|201959|203952|1626145,0,REG,2019,203992,-5.0,SG,Chaser,-0.87,MISS Rose 5' Jump Shot,PG,Shot Creator,1.32,
Shot Chart Detail,21800905,123,201565,Derrick Rose,1610612750,Minnesota Timberwolves,1,3,11,Missed Shot,Driving Reverse Layup Shot,2PT Field Goal,Restricted Area,Center(C),Less Than 8 ft.,1,8,10,1,0,20190225,MIN,SAC,21800905123,5290,0,201229|201565|201959|203952|1626145,0,REG,2019,203992,-9.0,SG,Chaser,-0.87,MISS Rose 1' Driving Reverse Layup,PG,Shot Creator,1.32,
Shot Chart Detail,21800905,173,201573,Jerryd Bayless,1610612750,Minnesota Timberwolves,2,11,42,Missed Shot,Jump Shot,3PT Field Goal,Above the Break 3,Right Side Center(RC),24+ ft.,24,114,215,1,0,20190225,MIN,SAC,21800905173,7380,0,2736|201229|201565|201573|201959,0,REG,2019,203992,-11.0,SG,Chaser,-0.87,MISS Bayless 24' 3PT Jump Shot,PG,Primary Ball Handler,-0.45,
Shot Chart Detail,21800905,204,201229,Anthony Tolliver,1610612750,Minnesota Timberwolves,2,9,41,Missed Shot,Jump Shot,3PT Field Goal,Above the Break 3,Center(C),24+ ft.,25,-16,251,1,0,20190225,MIN,SAC,21800905204,8590,0,2736|201229|201565|201573|201959,0,REG,2019,203992,-7.0,SG,Chaser,-0.87,MISS Tolliver 25' 3PT Jump Shot,PF,Movement Shooter,-1.08,
Shot Chart Detail,21800905,553,201959,Taj Gibson,1610612750,Minnesota Timberwolves,3,0,51,Missed Shot,Turnaround Jump Shot,2PT Field Goal,Restricted Area,Center(C),Less Than 8 ft.,3,-13,33,1,0,20190225,MIN,SAC,21800905553,21090,0,2736|201229|201565|201573|201959,0,REG,2019,203992|1628963,13.0,,,,,PF,Post Scorer,-0.04,
Shot Chart Detail,21800905,628,1626145,Tyus Jones,1610612750,Minnesota Timberwolves,4,8,37,Made Shot,Reverse Layup Shot,2PT Field Goal,Restricted Area,Center(C),Less Than 8 ft.,1,-8,12,1,1,20190225,MIN,SAC,21800905628,23630,0,2736|201229|201959|1626145|1629006,0,REG,2019,203992|1628963,10.0,,,,,PG,Primary Ball Handler,0.28,
Shot Chart Detail,21800905,729,201565,Derrick Rose,1610612750,Minnesota Timberwolves,4,0,29,Made Shot,Pullup Jump shot,2PT Field Goal,Mid-Range,Left Side Center(LC),16-24 ft.,20,-133,153,1,1,20190225,MIN,SAC,21800905729,28510,0,2736|201565|203952|1626145|1626157,0,REG,2019,203992,7.0,SG,Chaser,-0.87,Rose 20' Pullup Jump Shot (20 PTS),PG,Shot Creator,1.32,
Shot Chart Detail,21800920,22,203507,Giannis Antetokounmpo,1610612749,Milwaukee Bucks,1,10,18,Made Shot,Dunk Shot,2PT Field Goal,Restricted Area,Center(C),Less Than 8 ft.,1,0,14,1,1,20190227,SAC,MIL,2180092022,1020,0,203507,1,REG,2019,203992,,SG,Chaser,-0.87,Antetokounmpo 1' Dunk (2 PTS) (Middleton 1 AST),PF,Shot Creator,4.33,203114.0
Shot Chart Detail,21800920,50,203114,Khris Middleton,1610612749,Milwaukee Bucks,1,7,6,Missed Shot,Hook Shot,2PT Field Goal,In The Paint (Non-RA),Center(C),Less Than 8 ft.,7,17,71,1,0,20190227,SAC,MIL,2180092050,2940,0,203114,0,REG,2019,203992,-4.0,SG,Chaser,-0.87,MISS Middleton 7' Hook Shot,SF,Shot Creator,1.3,
Shot Chart Detail,21800920,67,202703,Nikola Mirotic,1610612749,Milwaukee Bucks,1,5,47,Missed Shot,Jump Shot,2PT Field Goal,In The Paint (Non-RA),Center(C),Less Than 8 ft.,5,-52,4,1,0,20190227,SAC,MIL,2180092067,3730,0,202703,0,REG,2019,203992,-8.0,SG,Chaser,-0.87,MISS Mirotic 5' Jump Shot,PF,Athletic Finisher,0.9,
Shot Chart Detail,21800920,191,202703,Nikola Mirotic,1610612749,Milwaukee Bucks,2,10,25,Missed Shot,Jump Shot,3PT Field Goal,Above the Break 3,Left Side Center(LC),24+ ft.,24,-152,194,1,0,20190227,SAC,MIL,21800920191,8150,0,202703,0,REG,2019,203992|201147,3.0,,,,,PF,Athletic Finisher,0.9,
Shot Chart Detail,21800920,226,101141,Ersan Ilyasova,1610612749,Milwaukee Bucks,2,8,0,Made Shot,Cutting Layup Shot,2PT Field Goal,Restricted Area,Center(C),Less Than 8 ft.,1,11,16,1,1,20190227,SAC,MIL,21800920226,9600,0,101141,1,REG,2019,203992|1628963,1.0,,,,,PF,Stretch Big,-0.2,202703.0
Shot Chart Detail,21800920,254,201572,Brook Lopez,1610612749,Milwaukee Bucks,2,6,20,Missed Shot,Driving Layup Shot,2PT Field Goal,In The Paint (Non-RA),Center(C),Less Than 8 ft.,7,7,78,1,0,20190227,SAC,MIL,21800920254,10600,0,201572,0,REG,2019,203992|1626161,4.0,,,,,C,Movement Shooter,-0.18,
Shot Chart Detail,21800920,318,203114,Khris Middleton,1610612749,Milwaukee Bucks,2,1,26,Made Shot,Driving Layup Shot,2PT Field Goal,Restricted Area,Center(C),Less Than 8 ft.,3,-9,36,1,1,20190227,SAC,MIL,21800920318,13540,0,203114,0,REG,2019,203992,8.0,SG,Chaser,-0.87,Middleton 4' Driving Layup (11 PTS),SF,Shot Creator,1.3,
Shot Chart Detail,21800920,334,203114,Khris Middleton,1610612749,Milwaukee Bucks,2,0,29,Made Shot,Pullup Jump shot,2PT Field Goal,Mid-Range,Left Side(L),8-16 ft.,10,-103,27,1,1,20190227,SAC,MIL,21800920334,14110,0,203114,0,REG,2019,203992,9.0,SG,Chaser,-0.87,Middleton 11' Pullup Jump Shot (13 PTS),SF,Shot Creator,1.3,
Shot Chart Detail,21800920,404,203114,Khris Middleton,1610612749,Milwaukee Bucks,3,7,59,Missed Shot,Floating Jump shot,2PT Field Goal,Mid-Range,Right Side(R),8-16 ft.,8,81,20,1,0,20190227,SAC,MIL,21800920404,16810,0,203114,0,REG,2019,203992,7.0,SG,Chaser,-0.87,MISS Middleton 8' Floating Jump Shot,SF,Shot Creator,1.3,
Shot Chart Detail,21800920,456,201572,Brook Lopez,1610612749,Milwaukee Bucks,3,5,17,Missed Shot,Jump Shot,3PT Field Goal,Above the Break 3,Center(C),24+ ft.,26,9,262,1,0,20190227,SAC,MIL,21800920456,18430,0,201572,0,REG,2019,203992,15.0,SG,Chaser,-0.87,MISS Lopez 26' 3PT Jump Shot,C,Movement Shooter,-0.18,
Shot Chart Detail,21800920,458,201572,Brook Lopez,1610612749,Milwaukee Bucks,3,5,11,Missed Shot,Jump Shot,2PT Field Goal,In The Paint (Non-RA),Center(C),8-16 ft.,11,-8,115,1,0,20190227,SAC,MIL,21800920458,18490,0,201572,0,REG,2019,203992,15.0,SG,Chaser,-0.87,MISS Lopez 12' Jump Shot,C,Movement Shooter,-0.18,
Shot Chart Detail,21800920,577,1626192,Pat Connaughton,1610612749,Milwaukee Bucks,4,11,22,Missed Shot,Jump Shot,3PT Field Goal,Above the Break 3,Left Side Center(LC),24+ ft.,25,-136,217,1,0,20190227,SAC,MIL,21800920577,21980,0,1626192,0,REG,2019,203992,13.0,SG,Chaser,-0.87,MISS Connaughton 26' 3PT Jump Shot,SG,Athletic Finisher,0.52,
Shot Chart Detail,21800920,595,203503,Tony Snell,1610612749,Milwaukee Bucks,4,9,53,Missed Shot,Hook Shot,2PT Field Goal,In The Paint (Non-RA),Center(C),Less Than 8 ft.,7,-7,79,1,0,20190227,SAC,MIL,21800920595,22870,0,203503,0,REG,2019,203992,8.0,SG,Chaser,-0.87,MISS Snell 8' Hook Shot,SF,Movement Shooter,-0.6,
Shot Chart Detail,21800920,636,203114,Khris Middleton,1610612749,Milwaukee Bucks,4,6,29,Made Shot,Cutting Dunk Shot,2PT Field Goal,Restricted Area,Center(C),Less Than 8 ft.,1,10,10,1,1,20190227,SAC,MIL,21800920636,24910,0,203114,1,REG,2019,203992,12.0,SG,Chaser,-0.87,Middleton 1' Cutting Dunk Shot (21 PTS) (Bledsoe 11 AST),SF,Shot Creator,1.3,202339.0
Shot Chart Detail,21800920,643,203114,Khris Middleton,1610612749,Milwaukee Bucks,4,5,44,Missed Shot,Jump Shot,3PT Field Goal,Above the Break 3,Right Side Center(RC),24+ ft.,25,166,193,1,0,20190227,SAC,MIL,21800920643,25360,0,203114,0,REG,2019,203992,12.0,SG,Chaser,-0.87,MISS Middleton 25' 3PT Jump Shot,SF,Shot Creator,1.3,
Shot Chart Detail,21800920,650,203114,Khris Middleton,1610612749,Milwaukee Bucks,4,5,14,Missed Shot,Fadeaway Jump Shot,2PT Field Goal,In The Paint (Non-RA),Center(C),Less Than 8 ft.,4,-13,43,1,0,20190227,SAC,MIL,21800920650,25660,0,203114,0,REG,2019,203992,12.0,SG,Chaser,-0.87,Bogdanovic BLOCK (1 BLK),SF,Shot Creator,1.3,
Shot Chart Detail,21800920,697,203114,Khris Middleton,1610612749,Milwaukee Bucks,4,3,2,Missed Shot,Fadeaway Jump Shot,2PT Field Goal,In The Paint (Non-RA),Center(C),8-16 ft.,13,-34,128,1,0,20190227,SAC,MIL,21800920697,26980,0,203114,0,REG,2019,203992|1628368,8.0,,,,,SF,Shot Creator,1.3,
Shot Chart Detail,21800920,708,203507,Giannis Antetokounmpo,1610612749,Milwaukee Bucks,4,1,22,Missed Shot,Jump Shot,3PT Field Goal,Above the Break 3,Left Side Center(LC),24+ ft.,25,-157,200,1,0,20190227,SAC,MIL,21800920708,27980,0,203507,0,REG,2019,203992,2.0,SG,Chaser,-0.87,MISS Antetokounmpo 25' 3PT Jump Shot,PF,Shot Creator,4.33,
Shot Chart Detail,21800920,721,202339,Eric Bledsoe,1610612749,Milwaukee Bucks,4,0,11,Made Shot,Layup Shot,2PT Field Goal,In The Paint (Non-RA),Center(C),Less Than 8 ft.,4,46,15,1,1,20190227,SAC,MIL,21800920721,28690,0,202339,0,REG,2019,203992,-0.0,SG,Chaser,-0.87,Bledsoe 5' Layup (21 PTS),PG,Primary Ball Handler,2.47,
Shot Chart Detail,21800933,51,201976,Patrick Beverley,1610612746,LA Clippers,1,8,30,Made Shot,Jump Shot,3PT Field Goal,Above the Break 3,Left Side Center(LC),24+ ft.,25,-186,168,1,1,20190301,SAC,LAC,2180093351,2100,0,201568|201976|1627826|1628983|1629013,1,REG,2019,203992,5.0,SG,Chaser,-0.87,Beverley 25' 3PT Jump Shot (5 PTS) (Gallinari 1 AST),PG,Primary Ball Handler,0.44,201568.0
Shot Chart Detail,21800933,143,1626149,Montrezl Harrell,1610612746,LA Clippers,1,1,38,Made Shot,Layup Shot,2PT Field Goal,Restricted Area,Center(C),Less Than 8 ft.,2,-20,12,1,1,20190301,SAC,LAC,21800933143,6220,0,101150|202066|203210|1626149|1627820,1,REG,2019,203992,7.0,SG,Chaser,-0.87,Harrell 2' Layup (2 PTS) (Temple 1 AST),C,Post Scorer,1.25,202066.0
Shot Chart Detail,21800933,255,1628983,Shai Gilgeous-Alexander,1610612746,LA Clippers,2,5,1,Made Shot,Jump Shot,3PT Field Goal,Right Corner 3,Right Side(R),24+ ft.,23,232,17,1,1,20190301,SAC,LAC,21800933255,11390,0,201568|201976|1626149|1628983|1629013,1,REG,2019,203992,-0.0,SG,Chaser,-0.87,Gilgeous-Alexander 3PT Jump Shot (10 PTS) (Harrell 1 AST),PG,Slasher,-2.06,1626149.0
Shot Chart Detail,21800933,312,201568,Danilo Gallinari,1610612746,LA Clippers,2,1,32,Missed Shot,Jump Shot,2PT Field Goal,In The Paint (Non-RA),Center(C),8-16 ft.,8,-12,85,1,0,20190301,SAC,LAC,21800933312,13480,0,101150|201568|201976|1627826|1629013,0,REG,2019,203992,-3.0,SG,Chaser,-0.87,MISS Gallinari 9' Jump Shot,SF,Shot Creator,2.3,
Shot Chart Detail,21800933,365,1628983,Shai Gilgeous-Alexander,1610612746,LA Clippers,3,11,21,Missed Shot,Fadeaway Jump Shot,2PT Field Goal,Mid-Range,Right Side(R),8-16 ft.,10,101,-8,1,0,20190301,SAC,LAC,21800933365,14790,0,201568|201976|1627826|1628983|1629013,0,REG,2019,203992,-2.0,SG,Chaser,-0.87,MISS Gilgeous-Alexander 10' Fadeaway Jumper,PG,Slasher,-2.06,
Shot Chart Detail,21800933,380,1629013,Landry Shamet,1610612746,LA Clippers,3,9,40,Missed Shot,Jump Shot,3PT Field Goal,Above the Break 3,Right Side Center(RC),24+ ft.,24,213,127,1,0,20190301,SAC,LAC,21800933380,15800,0,201568|201976|1627826|1628983|1629013,0,REG,2019,203992,1.0,SG,Chaser,-0.87,MISS Shamet 25' 3PT Jump Shot,SG,Off Screen Shooter,-0.46,
Shot Chart Detail,21800933,555,202066,Garrett Temple,1610612746,LA Clippers,4,10,24,Missed Shot,Jump Shot,3PT Field Goal,Above the Break 3,Left Side Center(LC),24+ ft.,24,-141,204,1,0,20190301,SAC,LAC,21800933555,22560,0,101150|202066|203210|1626149|1629013,0,REG,2019,203992,8.0,SG,Chaser,-0.87,MISS Temple 25' 3PT Jump Shot,SG,Movement Shooter,-2.05,
Shot Chart Detail,21800933,571,1629013,Landry Shamet,1610612746,LA Clippers,4,8,36,Made Shot,Jump Shot,3PT Field Goal,Above the Break 3,Left Side Center(LC),24+ ft.,24,-210,130,1,1,20190301,SAC,LAC,21800933571,23640,0,101150|202066|203210|1626149|1629013,1,REG,2019,203992,11.0,SG,Chaser,-0.87,Shamet 25' 3PT Jump Shot (20 PTS) (Williams 3 AST),SG,Off Screen Shooter,-0.46,101150.0
Shot Chart Detail,21800933,650,1626149,Montrezl Harrell,1610612746,LA Clippers,4,3,8,Made Shot,Dunk Shot,2PT Field Goal,Restricted Area,Center(C),Less Than 8 ft.,1,8,13,1,1,20190301,SAC,LAC,21800933650,26920,0,101150|201568|201976|1626149|1628983,0,REG,2019,1626161|203992,,,,,,C,Post Scorer,1.25,
Shot Chart Detail,21800933,669,101150,Lou Williams,1610612746,LA Clippers,4,0,16,Missed Shot,Floating Jump shot,2PT Field Goal,In The Paint (Non-RA),Center(C),8-16 ft.,11,51,104,1,0,20190301,SAC,LAC,21800933669,28640,0,101150|201568|201976|1626149|1628983,0,REG,2019,203992,3.0,SG,Chaser,-0.87,MISS Williams 12' Floating Jump Shot,SG,Slasher,3.02,
Shot Chart Detail,21800957,19,1628422,Damyean Dotson,1610612752,New York Knicks,1,10,35,Missed Shot,Fadeaway Jump Shot,2PT Field Goal,Mid-Range,Right Side(R),8-16 ft.,15,135,70,1,0,20190304,SAC,NYK,2180095719,850,0,203943|1628372|1628422|1628436|1628995,0,REG,2019,203992,-2.0,SG,Chaser,-0.87,MISS Dotson 15' Fadeaway Jumper,SG,Off Screen Shooter,-1.54,
Shot Chart Detail,21800957,37,1628995,Kevin Knox II,1610612752,New York Knicks,1,9,25,Missed Shot,Fadeaway Jump Shot,2PT Field Goal,Mid-Range,Right Side(R),8-16 ft.,12,123,7,1,0,20190304,SAC,NYK,2180095737,1550,0,203943|1628372|1628422|1628436|1628995,0,REG,2019,203992,2.0,SG,Chaser,-0.87,MISS Knox II 12' Fadeaway Jumper,PF,Movement Shooter,-2.64,
Shot Chart Detail,21800957,43,1628995,Kevin Knox II,1610612752,New York Knicks,1,9,2,Made Shot,Cutting Layup Shot,2PT Field Goal,Restricted Area,Center(C),Less Than 8 ft.,2,18,10,1,1,20190304,SAC,NYK,2180095743,1780,0,203943|1628372|1628422|1628436|1628995,1,REG,2019,203992,4.0,SG,Chaser,-0.87,Knox II 2' Cutting Layup Shot (6 PTS) (Vonleh 1 AST),PF,Movement Shooter,-2.64,203943.0
Shot Chart Detail,21800957,163,1629019,Allonzo Trier,1610612752,New York Knicks,2,11,47,Made Shot,Driving Layup Shot,2PT Field Goal,Restricted Area,Center(C),Less Than 8 ft.,2,22,4,1,1,20190304,SAC,NYK,21800957163,7330,0,202498|1626144|1627740|1629011|1629019,0,REG,2019,203992|1627812,-7.0,,,,,SG,Shot Creator,-1.71,
Shot Chart Detail,21800957,174,1629019,Allonzo Trier,1610612752,New York Knicks,2,10,53,Missed Shot,Layup Shot,2PT Field Goal,Restricted Area,Center(C),Less Than 8 ft.,2,18,23,1,0,20190304,SAC,NYK,21800957174,7870,0,202498|1626144|1627740|1629011|1629019,0,REG,2019,203992|1627812,-7.0,,,,,SG,Shot Creator,-1.71,
Shot Chart Detail,21800957,212,1629019,Allonzo Trier,1610612752,New York Knicks,2,8,42,Made Shot,Layup Shot,2PT Field Goal,Restricted Area,Center(C),Less Than 8 ft.,1,8,12,1,1,20190304,SAC,NYK,21800957212,9180,0,202498|203943|1626144|1627740|1629019,0,REG,2019,203992|202357,-7.0,,,,,SG,Shot Creator,-1.71,
Shot Chart Detail,21800957,288,1628372,Dennis Smith Jr.,1610612752,New York Knicks,2,2,58,Missed Shot,Fadeaway Jump Shot,2PT Field Goal,Mid-Range,Left Side(L),8-16 ft.,15,-106,107,1,0,20190304,SAC,NYK,21800957288,12620,0,203943|1628372|1628436|1628995|1629019,0,REG,2019,203992,-5.0,SG,Chaser,-0.87,MISS Smith Jr. 15' Fadeaway Jumper,PG,Primary Ball Handler,-1.44,
Shot Chart Detail,21800957,353,1628372,Dennis Smith Jr.,1610612752,New York Knicks,3,10,23,Missed Shot,Driving Layup Shot,2PT Field Goal,Restricted Area,Center(C),Less Than 8 ft.,2,-27,13,1,0,20190304,SAC,NYK,21800957353,15370,0,203943|1628372|1628422|1628436|1628995,0,REG,2019,203992,-3.0,SG,Chaser,-0.87,Bogdanovic BLOCK (1 BLK),PG,Primary Ball Handler,-1.44,
Shot Chart Detail,21800957,357,1628995,Kevin Knox II,1610612752,New York Knicks,3,10,5,Made Shot,Jump Shot,2PT Field Goal,In The Paint (Non-RA),Center(C),Less Than 8 ft.,6,-58,30,1,1,20190304,SAC,NYK,21800957357,15550,0,203943|1628372|1628422|1628436|1628995,0,REG,2019,203992,-1.0,SG,Chaser,-0.87,Knox II 7' Jump Shot (11 PTS),PF,Movement Shooter,-2.64,
Shot Chart Detail,21800957,360,1628995,Kevin Knox II,1610612752,New York Knicks,3,9,31,Missed Shot,Jump Shot,2PT Field Goal,Mid-Range,Left Side(L),8-16 ft.,11,-111,-10,1,0,20190304,SAC,NYK,21800957360,15890,0,203943|1628372|1628422|1628436|1628995,0,REG,2019,203992|1626161,-3.0,,,,,PF,Movement Shooter,-2.64,
Shot Chart Detail,21800957,378,1628372,Dennis Smith Jr.,1610612752,New York Knicks,3,8,9,Made Shot,Running Dunk Shot,2PT Field Goal,Restricted Area,Center(C),Less Than 8 ft.,0,1,6,1,1,20190304,SAC,NYK,21800957378,16710,0,203943|1628372|1628422|1628436|1628995,0,REG,2019,203992,,SG,Chaser,-0.87,Smith Jr. 1' Running Dunk (9 PTS),PG,Primary Ball Handler,-1.44,
Shot Chart Detail,21800957,513,202498,Lance Thomas,1610612752,New York Knicks,4,10,41,Missed Shot,Jump Shot,2PT Field Goal,In The Paint (Non-RA),Center(C),Less Than 8 ft.,6,62,31,1,0,20190304,SAC,NYK,21800957513,22390,0,202498|1626144|1627740|1629011|1629019,0,REG,2019,203992,-10.0,SG,Chaser,-0.87,MISS Thomas 7' Jump Shot,PF,Stationary Shooter,-2.81,
Shot Chart Detail,21800957,535,1629019,Allonzo Trier,1610612752,New York Knicks,4,9,13,Missed Shot,Jump Shot,2PT Field Goal,Mid-Range,Center(C),16-24 ft.,19,-40,195,1,0,20190304,SAC,NYK,21800957535,23270,0,203943|1626144|1628422|1629011|1629019,0,REG,2019,203992,-13.0,SG,Chaser,-0.87,MISS Trier 20' Jump Shot,SG,Shot Creator,-1.71,
Shot Chart Detail,21800957,625,1628422,Damyean Dotson,1610612752,New York Knicks,4,3,0,Missed Shot,Layup Shot,2PT Field Goal,Restricted Area,Center(C),Less Than 8 ft.,2,7,20,1,0,20190304,SAC,NYK,21800957625,27000,0,203943|1628372|1628422|1628436|1629019,0,REG,2019,203992|203084,-9.0,,,,,SG,Off Screen Shooter,-1.54,
Shot Chart Detail,21800957,667,1629019,Allonzo Trier,1610612752,New York Knicks,4,1,12,Missed Shot,Running Layup Shot,2PT Field Goal,Restricted Area,Center(C),Less Than 8 ft.,2,-16,24,1,0,20190304,SAC,NYK,21800957667,28080,0,202498|203943|1628372|1628422|1629019,0,REG,2019,203992,-10.0,SG,Chaser,-0.87,MISS Trier 3' Running Layup,SG,Shot Creator,-1.71,
Shot Chart Detail,21800973,22,1628369,Jayson Tatum,1610612738,Boston Celtics,1,10,0,Made Shot,Fadeaway Jump Shot,2PT Field Goal,In The Paint (Non-RA),Center(C),8-16 ft.,15,71,135,1,1,20190306,SAC,BOS,2180097322,1200,0,201143|202694|203935|1626179|1628369,0,REG,2019,203992,,SG,Chaser,-0.87,Tatum 15' Fadeaway Jumper (2 PTS),SF,Shot Creator,0.17,
Shot Chart Detail,21800973,25,1628369,Jayson Tatum,1610612738,Boston Celtics,1,9,36,Made Shot,Step Back Jump shot,2PT Field Goal,Mid-Range,Center(C),16-24 ft.,18,16,189,1,1,20190306,SAC,BOS,2180097325,1440,0,201143|202694|203935|1626179|1628369,0,REG,2019,203992|1626161,5.0,,,,,SF,Shot Creator,0.17,
Shot Chart Detail,21800973,40,1628369,Jayson Tatum,1610612738,Boston Celtics,1,7,39,Missed Shot,Fadeaway Jump Shot,2PT Field Goal,Mid-Range,Right Side(R),8-16 ft.,10,92,40,1,0,20190306,SAC,BOS,2180097340,2610,0,201143|202694|203935|1626179|1628369,0,REG,2019,203992,6.0,SG,Chaser,-0.87,MISS Tatum 10' Fadeaway Jumper,SF,Shot Creator,0.17,
Shot Chart Detail,21800973,68,1627759,Jaylen Brown,1610612738,Boston Celtics,1,5,49,Made Shot,Jump Shot,3PT Field Goal,Above the Break 3,Right Side Center(RC),24+ ft.,26,185,185,1,1,20190306,SAC,BOS,2180097368,3710,0,202330|203382|203935|1626179|1627759,1,REG,2019,203992,3.0,SG,Chaser,-0.87,Brown 26' 3PT Jump Shot (3 PTS) (Hayward 1 AST),SG,Movement Shooter,-0.65,202330.0
Shot Chart Detail,21800973,75,203935,Marcus Smart,1610612738,Boston Celtics,1,4,51,Missed Shot,Jump Shot,3PT Field Goal,Above the Break 3,Center(C),24+ ft.,24,-11,248,1,0,20190306,SAC,BOS,2180097375,4290,0,202330|203382|203935|1626179|1627759,0,REG,2019,203992,1.0,SG,Chaser,-0.87,MISS Smart 25' 3PT Jump Shot,SG,Primary Ball Handler,-0.32,
Shot Chart Detail,21800973,155,1628369,Jayson Tatum,1610612738,Boston Celtics,2,10,18,Made Shot,Cutting Layup Shot,2PT Field Goal,Restricted Area,Center(C),Less Than 8 ft.,1,19,5,1,1,20190306,SAC,BOS,21800973155,8220,0,201143|202330|1627759|1628369|1628400,1,REG,2019,203992|201147,-4.0,,,,,SF,Shot Creator,0.17,201143.0
Shot Chart Detail,21800973,323,202694,Marcus Morris Sr.,1610612738,Boston Celtics,3,8,38,Made Shot,Layup Shot,2PT Field Goal,In The Paint (Non-RA),Center(C),Less Than 8 ft.,5,-14,53,1,1,20190306,SAC,BOS,21800973323,16420,0,201143|202694|203935|1626179|1628369,0,REG,2019,203992,4.0,SG,Chaser,-0.87,Morris Sr. 5' Layup (9 PTS),PF,Shot Creator,-0.41,
Shot Chart Detail,21800973,337,1628369,Jayson Tatum,1610612738,Boston Celtics,3,7,42,Missed Shot,Driving Reverse Layup Shot,2PT Field Goal,Restricted Area,Center(C),Less Than 8 ft.,2,-19,12,1,0,20190306,SAC,BOS,21800973337,16980,0,201143|202694|203935|1626179|1628369,0,REG,2019,203992,-1.0,SG,Chaser,-0.87,MISS Tatum 2' Driving Reverse Layup,SF,Shot Creator,0.17,
Shot Chart Detail,21800973,507,1627759,Jaylen Brown,1610612738,Boston Celtics,4,9,38,Made Shot,Running Layup Shot,2PT Field Goal,Restricted Area,Center(C),Less Than 8 ft.,1,0,13,1,1,20190306,SAC,BOS,21800973507,23020,0,203935|1627759|1628369|1628400|1628464,1,REG,2019,203992,6.0,SG,Chaser,-0.87,Brown 1' Running Layup (10 PTS) (Smart 4 AST),SG,Movement Shooter,-0.65,203935.0
Shot Chart Detail,21800973,539,1628369,Jayson Tatum,1610612738,Boston Celtics,4,8,12,Made Shot,Jump Shot,3PT Field Goal,Above the Break 3,Right Side Center(RC),24+ ft.,24,162,190,1,1,20190306,SAC,BOS,21800973539,23880,0,201143|202330|202694|1626179|1628369,1,REG,2019,203992,3.0,SG,Chaser,-0.87,Tatum 25' 3PT Jump Shot (18 PTS) (Horford 6 AST),SF,Shot Creator,0.17,201143.0
Shot Chart Detail,21800986,10,1628995,Kevin Knox II,1610612752,New York Knicks,1,11,12,Made Shot,Jump Shot,3PT Field Goal,Above the Break 3,Right Side Center(RC),24+ ft.,26,145,221,1,1,20190309,NYK,SAC,2180098610,480,0,201599|202498|1628372|1628422|1628995,1,REG,2019,203992,5.0,SG,Chaser,-0.87,Knox II 26' 3PT Jump Shot (3 PTS) (Smith Jr. 1 AST),PF,Movement Shooter,-2.64,1628372.0
Shot Chart Detail,21800986,14,201599,DeAndre Jordan,1610612752,New York Knicks,1,10,43,Made Shot,Cutting Layup Shot,2PT Field Goal,Restricted Area,Center(C),Less Than 8 ft.,1,6,12,1,1,20190309,NYK,SAC,2180098614,770,0,201599|202498|1628372|1628422|1628995,1,REG,2019,203992|1627741|1626161,7.0,,,,,C,Post Scorer,-2.11,1628995.0
Shot Chart Detail,21800986,31,1628995,Kevin Knox II,1610612752,New York Knicks,1,9,18,Missed Shot,Turnaround Hook Shot,2PT Field Goal,Mid-Range,Left Side(L),8-16 ft.,13,-101,83,1,0,20190309,NYK,SAC,2180098631,1620,0,201599|202498|1628372|1628422|1628995,0,REG,2019,203992,5.0,SG,Chaser,-0.87,MISS Knox II 13' Turnaround Hook Shot,PF,Movement Shooter,-2.64,
Shot Chart Detail,21800986,41,1628372,Dennis Smith Jr.,1610612752,New York Knicks,1,8,43,Missed Shot,Tip Layup Shot,2PT Field Goal,Restricted Area,Center(C),Less Than 8 ft.,0,0,-6,1,0,20190309,NYK,SAC,2180098641,1970,0,201599|202498|1628372|1628422|1628995,0,REG,2019,203992|1626161,8.0,,,,,PG,Primary Ball Handler,-1.44,
Shot Chart Detail,21800986,150,1629019,Allonzo Trier,1610612752,New York Knicks,1,1,40,Missed Shot,Jump Shot,3PT Field Goal,Above the Break 3,Left Side Center(LC),24+ ft.,26,-197,184,1,0,20190309,NYK,SAC,21800986150,6200,0,1626144|1627740|1628422|1629011|1629019,0,REG,2019,203992,5.0,SG,Chaser,-0.87,MISS Trier 27' 3PT Jump Shot,SG,Shot Creator,-1.71,
Shot Chart Detail,21800986,164,1629019,Allonzo Trier,1610612752,New York Knicks,1,0,55,Made Shot,Running Layup Shot,2PT Field Goal,Restricted Area,Center(C),Less Than 8 ft.,1,10,15,1,1,20190309,NYK,SAC,21800986164,6650,0,1626144|1627740|1628422|1629011|1629019,0,REG,2019,203992|201147,8.0,,,,,SG,Shot Creator,-1.71,
Shot Chart Detail,21800986,181,1629019,Allonzo Trier,1610612752,New York Knicks,1,0,0,Missed Shot,Running Jump Shot,3PT Field Goal,Above the Break 3,Right Side Center(RC),24+ ft.,27,117,252,1,0,20190309,NYK,SAC,21800986181,7200,0,202498|1626144|1628422|1629011|1629019,0,REG,2019,203992,7.0,SG,Chaser,-0.87,MISS Trier 28' 3PT Running Jump Shot,SG,Shot Creator,-1.71,
Shot Chart Detail,21800986,194,1629019,Allonzo Trier,1610612752,New York Knicks,2,11,20,Missed Shot,Turnaround Fadeaway shot,2PT Field Goal,In The Paint (Non-RA),Center(C),8-16 ft.,13,49,121,1,0,20190309,NYK,SAC,21800986194,7600,0,202498|1626144|1628422|1629011|1629019,0,REG,2019,203992,7.0,SG,Chaser,-0.87,MISS Trier 13' Turnaround Fadeaway Shot,SG,Shot Creator,-1.71,
Shot Chart Detail,21800986,196,202498,Lance Thomas,1610612752,New York Knicks,2,11,16,Missed Shot,Layup Shot,2PT Field Goal,Restricted Area,Center(C),Less Than 8 ft.,2,-5,21,1,0,20190309,NYK,SAC,21800986196,7640,0,202498|1626144|1628422|1629011|1629019,0,REG,2019,203992,7.0,SG,Chaser,-0.87,MISS Thomas 2' Layup,PF,Stationary Shooter,-2.81,
Shot Chart Detail,21800986,216,1628422,Damyean Dotson,1610612752,New York Knicks,2,9,24,Missed Shot,Driving Floating Jump Shot,2PT Field Goal,Mid-Range,Left Side(L),8-16 ft.,11,-110,4,1,0,20190309,NYK,SAC,21800986216,8760,0,202498|1626144|1628372|1628422|1629011,0,REG,2019,203992,7.0,SG,Chaser,-0.87,MISS Dotson 11' Driving Floating Jump Shot,SG,Off Screen Shooter,-1.54,
Shot Chart Detail,21800986,240,1626144,Emmanuel Mudiay,1610612752,New York Knicks,2,8,28,Made Shot,Driving Layup Shot,2PT Field Goal,Restricted Area,Center(C),Less Than 8 ft.,2,-13,20,1,1,20190309,NYK,SAC,21800986240,9320,0,202498|1626144|1628372|1628422|1629011,0,REG,2019,203992,9.0,SG,Chaser,-0.87,Mudiay 2' Driving Layup (4 PTS),PG,Slasher,-0.95,
Shot Chart Detail,21800986,248,1626144,Emmanuel Mudiay,1610612752,New York Knicks,2,7,32,Missed Shot,Jump Shot,3PT Field Goal,Above the Break 3,Center(C),24+ ft.,29,-63,288,1,0,20190309,NYK,SAC,21800986248,9880,0,201599|202498|1626144|1628372|1628422,0,REG,2019,203992,9.0,SG,Chaser,-0.87,MISS Mudiay 29' 3PT Jump Shot,PG,Slasher,-0.95,
Shot Chart Detail,21800986,260,1628372,Dennis Smith Jr.,1610612752,New York Knicks,2,6,33,Missed Shot,Driving Floating Jump Shot,2PT Field Goal,In The Paint (Non-RA),Center(C),8-16 ft.,8,5,84,1,0,20190309,NYK,SAC,21800986260,10470,0,201599|1626144|1628372|1628422|1628995,0,REG,2019,203992,7.0,SG,Chaser,-0.87,MISS Smith Jr. 8' Driving Floating Jump Shot,PG,Primary Ball Handler,-1.44,
Shot Chart Detail,21800986,279,1628372,Dennis Smith Jr.,1610612752,New York Knicks,2,4,54,Missed Shot,Driving Floating Jump Shot,2PT Field Goal,In The Paint (Non-RA),Center(C),Less Than 8 ft.,7,-77,2,1,0,20190309,NYK,SAC,21800986279,11460,0,201599|1626144|1628372|1628995|1629019,0,REG,2019,203992,4.0,SG,Chaser,-0.87,MISS Smith Jr. 8' Driving Floating Jump Shot,PG,Primary Ball Handler,-1.44,
Shot Chart Detail,21800986,301,1628995,Kevin Knox II,1610612752,New York Knicks,2,2,47,Missed Shot,Turnaround Jump Shot,2PT Field Goal,In The Paint (Non-RA),Center(C),Less Than 8 ft.,6,-25,58,1,0,20190309,NYK,SAC,21800986301,12730,0,201599|202498|1628372|1628995|1629019,0,REG,2019,203992,2.0,SG,Chaser,-0.87,MISS Knox II 6' Turnaround Jump Shot,PF,Movement Shooter,-2.64,
Shot Chart Detail,21800986,358,202498,Lance Thomas,1610612752,New York Knicks,3,10,48,Made Shot,Jump Shot,3PT Field Goal,Right Corner 3,Right Side(R),24+ ft.,24,236,66,1,1,20190309,NYK,SAC,21800986358,15120,0,201599|202498|1628372|1628422|1628995,1,REG,2019,203992,1.0,SG,Chaser,-0.87,Thomas 25' 3PT Jump Shot (7 PTS) (Smith Jr. 4 AST),PF,Stationary Shooter,-2.81,1628372.0
Shot Chart Detail,21800986,365,1628422,Damyean Dotson,1610612752,New York Knicks,3,9,51,Missed Shot,Fadeaway Jump Shot,2PT Field Goal,Mid-Range,Center(C),8-16 ft.,14,-13,146,1,0,20190309,NYK,SAC,21800986365,15690,0,201599|202498|1628372|1628422|1628995,0,REG,2019,203992,-2.0,SG,Chaser,-0.87,MISS Dotson 15' Fadeaway Jumper,SG,Off Screen Shooter,-1.54,
Shot Chart Detail,21800986,373,1628995,Kevin Knox II,1610612752,New York Knicks,3,9,0,Missed Shot,Driving Finger Roll Layup Shot,2PT Field Goal,Restricted Area,Center(C),Less Than 8 ft.,2,13,19,1,0,20190309,NYK,SAC,21800986373,16200,0,201599|202498|1628372|1628422|1628995,0,REG,2019,203992,-5.0,SG,Chaser,-0.87,MISS Knox II 2' Driving Finger Roll Layup,PF,Movement Shooter,-2.64,
Shot Chart Detail,21800986,375,201599,DeAndre Jordan,1610612752,New York Knicks,3,8,59,Made Shot,Putback Layup Shot,2PT Field Goal,Restricted Area,Center(C),Less Than 8 ft.,0,-3,5,1,1,20190309,NYK,SAC,21800986375,16210,0,201599|202498|1628372|1628422|1628995,0,REG,2019,203992,-3.0,SG,Chaser,-0.87,Jordan 1' Putback Layup (11 PTS),C,Post Scorer,-2.11,
Shot Chart Detail,21800986,386,1628422,Damyean Dotson,1610612752,New York Knicks,3,7,48,Made Shot,Driving Layup Shot,2PT Field Goal,Restricted Area,Center(C),Less Than 8 ft.,2,-22,20,1,1,20190309,NYK,SAC,21800986386,16920,0,201599|202498|1628372|1628422|1628995,1,REG,2019,203992,-3.0,SG,Chaser,-0.87,Dotson 3' Driving Layup (3 PTS) (Knox II 2 AST),SG,Off Screen Shooter,-1.54,1628995.0
Shot Chart Detail,21801002,7,2772,Trevor Ariza,1610612764,Washington Wizards,1,11,40,Missed Shot,Floating Jump shot,2PT Field Goal,In The Paint (Non-RA),Center(C),8-16 ft.,12,48,113,1,0,20190311,WAS,SAC,218010027,200,0,2772|201145|203078|203107|1626171,0,REG,2019,203992,0.0,SG,Chaser,-0.87,MISS Ariza 12' Floating Jump Shot,SF,Movement Shooter,-1.04,
Shot Chart Detail,21801002,57,2772,Trevor Ariza,1610612764,Washington Wizards,1,7,23,Made Shot,Driving Layup Shot,2PT Field Goal,Restricted Area,Center(C),Less Than 8 ft.,0,-3,8,1,1,20190311,WAS,SAC,2180100257,2770,0,2772|201145|203078|203107|1626171,1,REG,2019,203992,5.0,SG,Chaser,-0.87,Ariza 1' Driving Layup (2 PTS) (Beal 2 AST),SF,Movement Shooter,-1.04,203078.0
Shot Chart Detail,21801002,261,203953,Jabari Parker,1610612764,Washington Wizards,2,6,31,Made Shot,Layup Shot,2PT Field Goal,In The Paint (Non-RA),Center(C),Less Than 8 ft.,4,-18,38,1,1,20190311,WAS,SAC,21801002261,10490,0,201145|203078|203107|203953|1626171,0,REG,2019,203992,12.0,SG,Chaser,-0.87,Parker 4' Layup (9 PTS),PF,Shot Creator,-1.33,
Shot Chart Detail,21801002,372,201145,Jeff Green,1610612764,Washington Wizards,3,9,45,Missed Shot,Layup Shot,2PT Field Goal,Restricted Area,Center(C),Less Than 8 ft.,3,-25,17,1,0,20190311,WAS,SAC,21801002372,15750,0,2772|201145|203078|203107|1626171,0,REG,2019,203992,2.0,SG,Chaser,-0.87,MISS Green 3' Layup,PF,Athletic Finisher,-0.22,
Shot Chart Detail,21801002,381,2772,Trevor Ariza,1610612764,Washington Wizards,3,9,4,Missed Shot,Jump Shot,3PT Field Goal,Above the Break 3,Right Side Center(RC),24+ ft.,26,193,188,1,0,20190311,WAS,SAC,21801002381,16160,0,2772|201145|203078|203107|1626171,0,REG,2019,203992,4.0,SG,Chaser,-0.87,MISS Ariza 27' 3PT Jump Shot,SF,Movement Shooter,-1.04,
Shot Chart Detail,21801002,463,1626184,Chasson Randle,1610612764,Washington Wizards,3,3,13,Missed Shot,Jump Shot,3PT Field Goal,Above the Break 3,Left Side Center(LC),24+ ft.,25,-133,219,1,0,20190311,WAS,SAC,21801002463,19670,0,2772|203078|203953|1626171|1626184,0,REG,2019,203992,10.0,SG,Chaser,-0.87,MISS Randle 26' 3PT Jump Shot,PG,Primary Ball Handler,-0.59,
Shot Chart Detail,21801002,480,1628418,Thomas Bryant,1610612764,Washington Wizards,3,2,35,Missed Shot,Jump Shot,2PT Field Goal,Mid-Range,Center(C),16-24 ft.,16,6,169,1,0,20190311,WAS,SAC,21801002480,20050,0,2772|203078|203953|1626184|1628418,0,REG,2019,203992,9.0,SG,Chaser,-0.87,MISS Bryant 17' Jump Shot,C,Roll + Cut Big,0.55,
Shot Chart Detail,21801022,150,1627759,Jaylen Brown,1610612738,Boston Celtics,1,1,28,Missed Shot,Driving Floating Jump Shot,2PT Field Goal,Mid-Range,Right Side(R),8-16 ft.,9,97,22,1,0,20190314,BOS,SAC,21801022150,6320,0,201143|202330|202681|1627759|1628400,0,REG,2019,203992,-13.0,SG,Chaser,-0.87,MISS Brown 10' Driving Floating Jump Shot,SG,Movement Shooter,-0.65,
Shot Chart Detail,21801022,167,202681,Kyrie Irving,1610612738,Boston Celtics,1,0,28,Made Shot,Driving Layup Shot,2PT Field Goal,Restricted Area,Center(C),Less Than 8 ft.,1,-9,11,1,1,20190314,BOS,SAC,21801022167,6920,0,201143|202330|202681|202694|1627759,0,REG,2019,203992|1628385,-10.0,,,,,PG,Shot Creator,3.13,
Shot Chart Detail,21801022,182,1627759,Jaylen Brown,1610612738,Boston Celtics,2,11,24,Made Shot,Running Finger Roll Layup Shot,2PT Field Goal,Restricted Area,Center(C),Less Than 8 ft.,1,-11,2,1,1,20190314,BOS,SAC,21801022182,7560,0,201143|202330|202694|203935|1627759,1,REG,2019,203992,-11.0,SG,Chaser,-0.87,Brown 1' Running Finger Roll Layup (7 PTS) (Smart 1 AST),SG,Movement Shooter,-0.65,203935.0
Shot Chart Detail,21801022,194,202330,Gordon Hayward,1610612738,Boston Celtics,2,10,37,Missed Shot,Driving Layup Shot,2PT Field Goal,Restricted Area,Center(C),Less Than 8 ft.,2,-25,2,1,0,20190314,BOS,SAC,21801022194,8030,0,201143|202330|202694|203935|1627759,0,REG,2019,203992,-11.0,SG,Chaser,-0.87,MISS Hayward 3' Driving Layup,PF,Secondary Ball Handler,0.52,
Shot Chart Detail,21801022,224,1627759,Jaylen Brown,1610612738,Boston Celtics,2,7,51,Made Shot,Driving Layup Shot,2PT Field Goal,Restricted Area,Center(C),Less Than 8 ft.,0,-3,-3,1,1,20190314,BOS,SAC,21801022224,9690,0,201143|202694|203935|1627759|1628369,1,REG,2019,203992,-10.0,SG,Chaser,-0.87,Brown Driving Layup (9 PTS) (Tatum 1 AST),SG,Movement Shooter,-0.65,1628369.0
Shot Chart Detail,21801022,525,202330,Gordon Hayward,1610612738,Boston Celtics,3,0,0,Made Shot,Running Layup Shot,2PT Field Goal,Restricted Area,Center(C),Less Than 8 ft.,3,25,19,1,1,20190314,BOS,SAC,21801022525,21600,0,201143|202330|203935|1627759|1629057,0,REG,2019,203992,2.0,SG,Chaser,-0.87,Hayward 3' Running Layup (4 PTS),PF,Secondary Ball Handler,0.52,
Shot Chart Detail,21801027,137,200755,JJ Redick,1610612755,Philadelphia 76ers,1,1,23,Missed Shot,Pullup Jump shot,2PT Field Goal,Mid-Range,Right Side Center(RC),16-24 ft.,19,100,168,1,0,20190315,PHI,SAC,21801027137,6370,0,200755|203118|203516|203954|1627732,0,REG,2019,203992,10.0,SG,Chaser,-0.87,MISS Redick 20' Pullup Jump Shot,SG,Off Screen Shooter,1.15,
Shot Chart Detail,21801027,179,202699,Tobias Harris,1610612755,Philadelphia 76ers,2,10,12,Missed Shot,Jump Shot,3PT Field Goal,Right Corner 3,Right Side(R),24+ ft.,22,225,-2,1,0,20190315,PHI,SAC,21801027179,8280,0,200755|202699|203516|203954|1627732,0,REG,2019,203992,4.0,SG,Chaser,-0.87,MISS Harris 3PT Jump Shot,PF,Shot Creator,1.17,
Shot Chart Detail,21801027,229,202710,Jimmy Butler III,1610612755,Philadelphia 76ers,2,6,42,Made Shot,Driving Reverse Layup Shot,2PT Field Goal,Restricted Area,Center(C),Less Than 8 ft.,0,-5,-4,1,1,20190315,PHI,SAC,21801027229,10380,0,202699|202710|203118|204456|1626246,0,REG,2019,203992|1626161,2.0,,,,,SF-SG,Shot Creator,1.95,
Shot Chart Detail,21801027,236,202710,Jimmy Butler III,1610612755,Philadelphia 76ers,2,5,40,Missed Shot,Jump Shot,2PT Field Goal,Mid-Range,Center(C),8-16 ft.,15,-67,141,1,0,20190315,PHI,SAC,21801027236,11000,0,202699|202710|203118|204456|1626246,0,REG,2019,203992,-2.0,SG,Chaser,-0.87,MISS Butler 16' Jump Shot,SF-SG,Shot Creator,1.95,
Shot Chart Detail,21801027,487,200755,JJ Redick,1610612755,Philadelphia 76ers,3,1,26,Missed Shot,Jump Shot,3PT Field Goal,Above the Break 3,Left Side Center(LC),24+ ft.,26,-96,243,1,0,20190315,PHI,SAC,21801027487,20740,0,200755|203118|203516|203954|1627732,0,REG,2019,203992|201147,10.0,,,,,SG,Off Screen Shooter,1.15,
Shot Chart Detail,21801027,501,203118,Mike Scott,1610612755,Philadelphia 76ers,3,0,18,Made Shot,Jump Shot,3PT Field Goal,Above the Break 3,Right Side Center(RC),24+ ft.,25,162,194,1,1,20190315,PHI,SAC,21801027501,21420,0,200755|203118|203516|203954|1627732,1,REG,2019,203992,10.0,SG,Chaser,-0.87,Scott 25' 3PT Jump Shot (6 PTS) (Redick 4 AST),PF,Stationary Shooter,-1.26,200755.0
Shot Chart Detail,21801027,567,202699,Tobias Harris,1610612755,Philadelphia 76ers,4,7,41,Missed Shot,Pullup Jump shot,2PT Field Goal,Mid-Range,Left Side(L),8-16 ft.,11,-111,-24,1,0,20190315,PHI,SAC,21801027567,24190,0,202699|202710|203516|203954|1627732,0,REG,2019,203992,7.0,SG,Chaser,-0.87,MISS Harris 11' Pullup Jump Shot,PF,Shot Creator,1.17,
Shot Chart Detail,21801027,605,202710,Jimmy Butler III,1610612755,Philadelphia 76ers,4,4,51,Missed Shot,Driving Layup Shot,2PT Field Goal,Restricted Area,Center(C),Less Than 8 ft.,3,30,7,1,0,20190315,PHI,SAC,21801027605,25890,0,202699|202710|203516|204456|1626246,0,REG,2019,203992,5.0,SG,Chaser,-0.87,MISS Butler 3' Driving Layup,SF-SG,Shot Creator,1.95,
Shot Chart Detail,21801027,624,202710,Jimmy Butler III,1610612755,Philadelphia 76ers,4,4,24,Made Shot,Jump Bank Shot,2PT Field Goal,Restricted Area,Center(C),Less Than 8 ft.,2,16,12,1,1,20190315,PHI,SAC,21801027624,26160,0,202699|202710|203516|203954|1627732,0,REG,2019,203992,6.0,SG,Chaser,-0.87,Butler 2' Jump Bank Shot (20 PTS),SF-SG,Shot Creator,1.95,
Shot Chart Detail,21801027,657,203954,Joel Embiid,1610612755,Philadelphia 76ers,4,1,18,Missed Shot,Layup Shot,2PT Field Goal,Restricted Area,Center(C),Less Than 8 ft.,3,35,18,1,0,20190315,PHI,SAC,21801027657,28020,0,202699|202710|203516|203954|1627732,0,REG,2019,203992,7.0,SG,Chaser,-0.87,MISS Embiid 4' Layup,C,Post Scorer,2.29,
Shot Chart Detail,21801047,78,203897,Zach LaVine,1610612741,Chicago Bulls,1,5,30,Missed Shot,Step Back Jump shot,3PT Field Goal,Above the Break 3,Left Side Center(LC),24+ ft.,28,-143,246,1,0,20190317,SAC,CHI,2180104778,3900,0,201577|203490|203897|1627739|1628374,0,REG,2019,203992,4.0,SG,Chaser,-0.87,MISS LaVine 28' 3PT Step Back Jump Shot,SG,Shot Creator,0.76,
Shot Chart Detail,21801047,97,203897,Zach LaVine,1610612741,Chicago Bulls,1,4,6,Missed Shot,Driving Layup Shot,2PT Field Goal,In The Paint (Non-RA),Center(C),Less Than 8 ft.,5,18,53,1,0,20190317,SAC,CHI,2180104797,4740,0,201577|203490|203897|1627782|1627853,0,REG,2019,203992,-0.0,SG,Chaser,-0.87,Giles III BLOCK (1 BLK),SG,Shot Creator,0.76,
Shot Chart Detail,21801047,113,201577,Robin Lopez,1610612741,Chicago Bulls,1,2,14,Missed Shot,Hook Shot,2PT Field Goal,In The Paint (Non-RA),Center(C),Less Than 8 ft.,5,11,52,1,0,20190317,SAC,CHI,21801047113,5860,0,201577|203490|203897|1627782|1627853,0,REG,2019,203992,-0.0,SG,Chaser,-0.87,Bagley III BLOCK (1 BLK),C,Post Scorer,-1.61,
Shot Chart Detail,21801047,185,1627853,Ryan Arcidiacono,1610612741,Chicago Bulls,2,8,36,Made Shot,Pullup Jump shot,2PT Field Goal,In The Paint (Non-RA),Center(C),8-16 ft.,12,31,125,1,1,20190317,SAC,CHI,21801047185,9240,0,203490|1626245|1627789|1627853|1627885,1,REG,2019,203992|1627741,-3.0,,,,,PG,Primary Ball Handler,-0.67,1627885.0
Shot Chart Detail,21801047,258,1627739,Kris Dunn,1610612741,Chicago Bulls,2,3,49,Missed Shot,Jump Shot,3PT Field Goal,Above the Break 3,Left Side Center(LC),24+ ft.,26,-179,190,1,0,20190317,SAC,CHI,21801047258,12110,0,201577|203897|1627739|1627853|1628374,0,REG,2019,203992,-16.0,SG,Chaser,-0.87,MISS Dunn 26' 3PT Jump Shot,PG,Slasher,-1.75,
Shot Chart Detail,21801047,265,1628374,Lauri Markkanen,1610612741,Chicago Bulls,2,3,28,Made Shot,Running Dunk Shot,2PT Field Goal,In The Paint (Non-RA),Center(C),Less Than 8 ft.,6,45,43,1,1,20190317,SAC,CHI,21801047265,12320,0,201577|203897|1627739|1627853|1628374,1,REG,2019,203992,,SG,Chaser,-0.87,Markkanen 6' Running Dunk (9 PTS) (Dunn 3 AST),PF,Movement Shooter,1.02,1627739.0
Shot Chart Detail,21801047,277,1627853,Ryan Arcidiacono,1610612741,Chicago Bulls,2,2,23,Made Shot,Jump Shot,3PT Field Goal,Left Corner 3,Left Side(L),24+ ft.,22,-226,8,1,1,20190317,SAC,CHI,21801047277,12970,0,201577|203897|1627739|1627853|1628374,1,REG,2019,203992,-13.0,SG,Chaser,-0.87,Arcidiacono 3PT Jump Shot (5 PTS) (Markkanen 2 AST),PG,Primary Ball Handler,-0.67,1628374.0
Shot Chart Detail,21801047,458,203897,Zach LaVine,1610612741,Chicago Bulls,3,3,19,Made Shot,Pullup Jump shot,3PT Field Goal,Above the Break 3,Left Side Center(LC),24+ ft.,27,-112,252,1,1,20190317,SAC,CHI,21801047458,19610,0,201577|203897|1627782|1627789|1627853,0,REG,2019,203992,-22.0,SG,Chaser,-0.87,LaVine 28' 3PT Pullup Jump Shot (18 PTS),SG,Shot Creator,0.76,
Shot Chart Detail,21801047,462,201577,Robin Lopez,1610612741,Chicago Bulls,3,2,46,Missed Shot,Tip Layup Shot,2PT Field Goal,Restricted Area,Center(C),Less Than 8 ft.,0,0,-6,1,0,20190317,SAC,CHI,21801047462,19940,0,201577|203897|1627782|1627789|1627853,0,REG,2019,1628385|203992,-25.0,,,,,C,Post Scorer,-1.61,
Shot Chart Detail,21801047,497,1627853,Ryan Arcidiacono,1610612741,Chicago Bulls,3,0,39,Made Shot,Pullup Jump shot,3PT Field Goal,Above the Break 3,Right Side Center(RC),24+ ft.,26,131,233,1,1,20190317,SAC,CHI,21801047497,21210,0,1626245|1627782|1627789|1627853|1627885,0,REG,2019,203992,-27.0,SG,Chaser,-0.87,Arcidiacono 27' 3PT Pullup Jump Shot (8 PTS),PG,Primary Ball Handler,-0.67,
Shot Chart Detail,21801047,499,1627853,Ryan Arcidiacono,1610612741,Chicago Bulls,3,0,8,Made Shot,Floating Jump shot,2PT Field Goal,In The Paint (Non-RA),Center(C),Less Than 8 ft.,7,-34,63,1,1,20190317,SAC,CHI,21801047499,21520,0,1626245|1627782|1627789|1627853|1627885,1,REG,2019,203992,-28.0,SG,Chaser,-0.87,Arcidiacono 7' Floating Jump Shot (10 PTS) (Selden 1 AST),PG,Primary Ball Handler,-0.67,1627782.0
Shot Chart Detail,21801047,510,1627885,Shaquille Harrison,1610612741,Chicago Bulls,4,11,39,Made Shot,Driving Layup Shot,2PT Field Goal,Restricted Area,Center(C),Less Than 8 ft.,3,-13,33,1,1,20190317,SAC,CHI,21801047510,21810,0,1626245|1627782|1627789|1627885|1628469,0,REG,2019,203992,-26.0,SG,Chaser,-0.87,Harrison 4' Driving Layup (4 PTS),SG,Slasher,-2.23,
Shot Chart Detail,21801063,130,1629066,Rodions Kurucs,1610612751,Brooklyn Nets,1,1,34,Made Shot,Running Dunk Shot,2PT Field Goal,Restricted Area,Center(C),Less Than 8 ft.,0,0,6,1,1,20190319,SAC,BKN,21801063130,6260,0,201960|202334|203915|1627747|1629066,1,REG,2019,203992,,SG,Chaser,-0.87,Kurucs 1' Running Dunk (2 PTS) (Dinwiddie 1 AST),SF,Athletic Finisher,-1.05,203915.0
Shot Chart Detail,21801063,184,1626156,D'Angelo Russell,1610612751,Brooklyn Nets,2,10,10,Made Shot,Jump Shot,3PT Field Goal,Above the Break 3,Left Side Center(LC),24+ ft.,25,-101,231,1,1,20190319,SAC,BKN,21801063184,8300,0,201960|202334|1626156|1627747|1629066,1,REG,2019,203992,-11.0,SG,Chaser,-0.87,Russell 25' 3PT Jump Shot (8 PTS) (LeVert 5 AST),PG,Primary Ball Handler,1.79,1627747.0
Shot Chart Detail,21801063,230,1626156,D'Angelo Russell,1610612751,Brooklyn Nets,2,7,12,Missed Shot,Jump Shot,3PT Field Goal,Above the Break 3,Left Side Center(LC),24+ ft.,25,-124,220,1,0,20190319,SAC,BKN,21801063230,10080,0,202334|203915|1626156|1627747|1629066,0,REG,2019,203992,-11.0,SG,Chaser,-0.87,MISS Russell 25' 3PT Jump Shot,PG,Primary Ball Handler,1.79,
Shot Chart Detail,21801063,339,203915,Spencer Dinwiddie,1610612751,Brooklyn Nets,2,0,18,Made Shot,Driving Layup Shot,2PT Field Goal,Restricted Area,Center(C),Less Than 8 ft.,0,2,1,1,1,20190319,SAC,BKN,21801063339,14220,0,201960|203915|203925|1626156|1628386,0,REG,2019,203992,-8.0,SG,Chaser,-0.87,Dinwiddie Driving Layup (7 PTS),PG,Shot Creator,1.22,
Shot Chart Detail,21801063,521,1626156,D'Angelo Russell,1610612751,Brooklyn Nets,4,11,32,Missed Shot,Jump Shot,3PT Field Goal,Above the Break 3,Right Side Center(RC),24+ ft.,25,123,223,1,0,20190319,SAC,BKN,21801063521,21880,0,201162|1626156|1626178|1626203|1629066,0,REG,2019,203992,-25.0,SG,Chaser,-0.87,MISS Russell 25' 3PT Jump Shot,PG,Primary Ball Handler,1.79,
Shot Chart Detail,21801078,122,203504,Trey Burke,1610612742,Dallas Mavericks,1,2,29,Missed Shot,Driving Layup Shot,2PT Field Goal,In The Paint (Non-RA),Center(C),Less Than 8 ft.,5,58,-5,1,0,20190321,SAC,DAL,21801078122,5710,0,1717|2734|203504|203939|1628382,0,REG,2019,203992,-2.0,SG,Chaser,-0.87,MISS Burke 6' Driving Layup,PG,Slasher,0.92,
Shot Chart Detail,21801078,150,1628382,Justin Jackson,1610612742,Dallas Mavericks,1,0,34,Made Shot,Alley Oop Dunk Shot,2PT Field Goal,Restricted Area,Center(C),Less Than 8 ft.,1,13,10,1,1,20190321,SAC,DAL,21801078150,6860,0,1717|2734|203504|1628382|1628467,1,REG,2019,203992,,SG,Chaser,-0.87,Jackson 2' Alley Oop Dunk (11 PTS) (Burke 2 AST),SF,Low Minute,-1.06,203504.0
Shot Chart Detail,21801078,156,203504,Trey Burke,1610612742,Dallas Mavericks,1,0,1,Made Shot,Step Back Jump shot,2PT Field Goal,Mid-Range,Left Side Center(LC),16-24 ft.,20,-120,169,1,1,20190321,SAC,DAL,21801078156,7190,0,1717|2734|203504|1628382|1628467,0,REG,2019,203992,2.0,SG,Chaser,-0.87,Burke 21' Step Back Jump Shot (2 PTS),PG,Slasher,0.92,
Shot Chart Detail,21801078,170,2734,Devin Harris,1610612742,Dallas Mavericks,2,11,4,Missed Shot,Driving Layup Shot,2PT Field Goal,Restricted Area,Center(C),Less Than 8 ft.,2,-23,7,1,0,20190321,SAC,DAL,21801078170,7760,0,1717|2734|203504|203939|1627827,0,REG,2019,203992|1628963,2.0,,,,,PG,Movement Shooter,0.08,
Shot Chart Detail,21801078,185,203939,Dwight Powell,1610612742,Dallas Mavericks,2,9,49,Made Shot,Driving Layup Shot,2PT Field Goal,Restricted Area,Center(C),Less Than 8 ft.,2,18,12,1,1,20190321,SAC,DAL,21801078185,8510,0,1717|2734|203504|203939|1627827,1,REG,2019,203992|1628963,3.0,,,,,C,Roll + Cut Big,1.12,2734.0
Shot Chart Detail,21801078,194,1627827,Dorian Finney-Smith,1610612742,Dallas Mavericks,2,9,5,Missed Shot,Jump Shot,3PT Field Goal,Left Corner 3,Left Side(L),24+ ft.,23,-230,20,1,0,20190321,SAC,DAL,21801078194,8950,0,1717|2734|203504|203939|1627827,0,REG,2019,203992,3.0,SG,Chaser,-0.87,MISS Finney-Smith 3PT Jump Shot,SF,Athletic Finisher,-0.78,
Shot Chart Detail,21801078,216,1627827,Dorian Finney-Smith,1610612742,Dallas Mavericks,2,7,10,Missed Shot,Jump Shot,3PT Field Goal,Above the Break 3,Center(C),24+ ft.,26,-2,264,1,0,20190321,SAC,DAL,21801078216,10100,0,1717|2734|203504|1627827|1628467,0,REG,2019,203992|1626161,5.0,,,,,SF,Athletic Finisher,-0.78,
Shot Chart Detail,21801078,231,1629029,Luka Dončić,1610612742,Dallas Mavericks,2,6,43,Made Shot,Step Back Jump shot,3PT Field Goal,Above the Break 3,Right Side Center(RC),24+ ft.,26,133,225,1,1,20190321,SAC,DAL,21801078231,10370,0,1626257|1627827|1628467|1628973|1629029,0,REG,2019,203992,8.0,SG,Chaser,-0.87,Doncic 26' 3PT Step Back Jump Shot (10 PTS),SG,Shot Creator,1.71,
Shot Chart Detail,21801078,235,1629029,Luka Dončić,1610612742,Dallas Mavericks,2,6,12,Missed Shot,Jump Shot,3PT Field Goal,Above the Break 3,Left Side Center(LC),24+ ft.,24,-164,186,1,0,20190321,SAC,DAL,21801078235,10680,0,1626257|1627827|1628467|1628973|1629029,0,REG,2019,203992,6.0,SG,Chaser,-0.87,MISS Doncic 25' 3PT Jump Shot,SG,Shot Creator,1.71,
Shot Chart Detail,21801078,434,203504,Trey Burke,1610612742,Dallas Mavericks,3,4,7,Made Shot,Running Layup Shot,2PT Field Goal,Restricted Area,Center(C),Less Than 8 ft.,1,14,6,1,1,20190321,SAC,DAL,21801078434,19130,0,2734|203504|1628382|1628467|1629151,0,REG,2019,203992|1628368,-9.0,,,,,PG,Slasher,0.92,
Shot Chart Detail,21801078,447,2734,Devin Harris,1610612742,Dallas Mavericks,3,2,58,Missed Shot,Jump Shot,3PT Field Goal,Right Corner 3,Right Side(R),24+ ft.,23,228,57,1,0,20190321,SAC,DAL,21801078447,19820,0,2734|203504|1628382|1628467|1629151,0,REG,2019,203992,-9.0,SG,Chaser,-0.87,MISS Harris 24' 3PT Jump Shot,PG,Movement Shooter,0.08,
Shot Chart Detail,21801078,470,1629151,Ryan Broekhoff,1610612742,Dallas Mavericks,3,0,57,Made Shot,Jump Shot,3PT Field Goal,Above the Break 3,Right Side Center(RC),24+ ft.,25,168,198,1,1,20190321,SAC,DAL,21801078470,21030,0,1717|2734|203504|203939|1629151,1,REG,2019,203992,-8.0,SG,Chaser,-0.87,Broekhoff 26' 3PT Jump Shot (3 PTS) (Powell 5 AST),SG,Off Screen Shooter,-0.64,203939.0
Shot Chart Detail,21801078,494,1629151,Ryan Broekhoff,1610612742,Dallas Mavericks,4,11,33,Made Shot,Jump Shot,3PT Field Goal,Right Corner 3,Right Side(R),24+ ft.,22,226,16,1,1,20190321,SAC,DAL,21801078494,21870,0,2734|203504|203939|1627827|1629151,1,REG,2019,203992,-8.0,SG,Chaser,-0.87,Broekhoff 3PT Jump Shot (9 PTS) (Harris 4 AST),SG,Off Screen Shooter,-0.64,2734.0
Shot Chart Detail,21801094,252,1629001,De'Anthony Melton,1610612756,Phoenix Suns,2,5,46,Made Shot,Jump Shot,3PT Field Goal,Left Corner 3,Left Side(L),24+ ft.,23,-229,43,1,1,20190323,SAC,PHX,21801094252,10940,0,203584|1626158|1626164|1627733|1629001,1,REG,2019,203992,11.0,SG,Chaser,-0.87,Melton 3PT Jump Shot (3 PTS) (Booker 6 AST),PG,Primary Ball Handler,-1.87,1626164.0
Shot Chart Detail,21801094,481,203584,Troy Daniels,1610612756,Phoenix Suns,3,2,17,Made Shot,Step Back Jump shot,2PT Field Goal,Mid-Range,Right Side Center(RC),16-24 ft.,18,73,169,1,1,20190323,SAC,PHX,21801094481,20230,0,203584|1626158|1628969|1629034|1629059,1,REG,2019,203992,1.0,SG,Chaser,-0.87,Daniels 18' Step Back Jump Shot (11 PTS) (Bridges 3 AST),SG,Off Screen Shooter,-0.47,1628969.0
Shot Chart Detail,21801094,562,1626158,Richaun Holmes,1610612756,Phoenix Suns,4,8,13,Missed Shot,Driving Layup Shot,2PT Field Goal,Restricted Area,Center(C),Less Than 8 ft.,1,-15,6,1,0,20190323,SAC,PHX,21801094562,23870,0,203584|1626158|1626164|1627733|1629059,0,REG,2019,203992|203084,-3.0,,,,,C,Roll + Cut Big,-0.84,
Shot Chart Detail,21801102,123,203484,Kentavious Caldwell-Pope,1610612747,Los Angeles Lakers,1,4,9,Missed Shot,Pullup Jump shot,2PT Field Goal,Mid-Range,Center(C),16-24 ft.,21,61,211,1,0,20190324,LAL,SAC,21801102123,4710,0,2199|200765|202362|203484|1629021,0,REG,2019,203992|1628963,0.0,,,,,SG,Off Screen Shooter,-0.06,
Shot Chart Detail,21801102,162,202362,Lance Stephenson,1610612747,Los Angeles Lakers,1,1,23,Missed Shot,Turnaround Jump Shot,2PT Field Goal,Mid-Range,Center(C),16-24 ft.,18,41,178,1,0,20190324,LAL,SAC,21801102162,6370,0,2199|200765|202362|203484|1629021,0,REG,2019,203992,1.0,SG,Chaser,-0.87,MISS Stephenson 18' Turnaround Jump Shot,SG,Shot Creator,-1.28,
Shot Chart Detail,21801102,192,201580,JaVale McGee,1610612747,Los Angeles Lakers,2,11,17,Made Shot,Running Dunk Shot,2PT Field Goal,Restricted Area,Center(C),Less Than 8 ft.,1,13,-6,1,1,20190324,LAL,SAC,21801102192,7630,0,2544|201580|202362|1627936|1628398,1,REG,2019,203992,,SG,Chaser,-0.87,McGee 1' Running Dunk (6 PTS) (Stephenson 1 AST),C,Roll + Cut Big,-0.37,202362.0
Shot Chart Detail,21801102,196,1627936,Alex Caruso,1610612747,Los Angeles Lakers,2,10,47,Missed Shot,Jump Shot,3PT Field Goal,Right Corner 3,Right Side(R),24+ ft.,23,235,46,1,0,20190324,LAL,SAC,21801102196,7930,0,2544|201580|202362|1627936|1628398,0,REG,2019,203992,4.0,SG,Chaser,-0.87,MISS Caruso 24' 3PT Jump Shot,PG,Primary Ball Handler,-0.14,
Shot Chart Detail,21801102,200,1628398,Kyle Kuzma,1610612747,Los Angeles Lakers,2,10,39,Missed Shot,Jump Shot,3PT Field Goal,Right Corner 3,Right Side(R),24+ ft.,24,229,75,1,0,20190324,LAL,SAC,21801102200,8010,0,2544|201580|202362|1627936|1628398,0,REG,2019,203992,4.0,SG,Chaser,-0.87,MISS Kuzma 24' 3PT Jump Shot,PF,Shot Creator,0.78,
Shot Chart Detail,21801102,205,202362,Lance Stephenson,1610612747,Los Angeles Lakers,2,10,3,Made Shot,Cutting Dunk Shot,2PT Field Goal,Restricted Area,Center(C),Less Than 8 ft.,0,5,4,1,1,20190324,LAL,SAC,21801102205,8370,0,2544|201580|202362|1627936|1628398,1,REG,2019,203992,9.0,SG,Chaser,-0.87,Stephenson 1' Cutting Dunk Shot (2 PTS) (James 2 AST),SG,Shot Creator,-1.28,2544.0
Shot Chart Detail,21801102,213,201580,JaVale McGee,1610612747,Los Angeles Lakers,2,9,24,Made Shot,Running Dunk Shot,2PT Field Goal,Restricted Area,Center(C),Less Than 8 ft.,0,2,6,1,1,20190324,LAL,SAC,21801102213,8760,0,2544|201580|202362|1627936|1628398,1,REG,2019,203992,,SG,Chaser,-0.87,McGee 1' Running Dunk (8 PTS) (James 3 AST),C,Roll + Cut Big,-0.37,2544.0
Shot Chart Detail,21801102,260,2544,LeBron James,1610612747,Los Angeles Lakers,2,6,23,Missed Shot,Layup Shot,2PT Field Goal,Restricted Area,Center(C),Less Than 8 ft.,2,20,17,1,0,20190324,LAL,SAC,21801102260,10570,0,2544|200765|202362|203484|1628398,0,REG,2019,203992,3.0,SG,Chaser,-0.87,MISS James 3' Layup,SF,Shot Creator,4.07,
Shot Chart Detail,21801102,263,2544,LeBron James,1610612747,Los Angeles Lakers,2,6,19,Missed Shot,Putback Layup Shot,2PT Field Goal,Restricted Area,Center(C),Less Than 8 ft.,3,19,30,1,0,20190324,LAL,SAC,21801102263,10610,0,2544|200765|202362|203484|1628398,0,REG,2019,203992|202357,3.0,,,,,SF,Shot Creator,4.07,
Shot Chart Detail,21801102,307,200765,Rajon Rondo,1610612747,Los Angeles Lakers,2,3,28,Made Shot,Jump Shot,3PT Field Goal,Above the Break 3,Left Side Center(LC),24+ ft.,27,-151,230,1,1,20190324,LAL,SAC,21801102307,12320,0,2199|200765|202362|203484|1628398,0,REG,2019,203992,2.0,SG,Chaser,-0.87,Rondo 28' 3PT Jump Shot (3 PTS),PG,Primary Ball Handler,-1.18,
Shot Chart Detail,21801102,310,202362,Lance Stephenson,1610612747,Los Angeles Lakers,2,2,57,Made Shot,Driving Finger Roll Layup Shot,2PT Field Goal,Restricted Area,Center(C),Less Than 8 ft.,2,3,21,1,1,20190324,LAL,SAC,21801102310,12630,0,2199|200765|202362|203484|1628398,0,REG,2019,203992,1.0,SG,Chaser,-0.87,Stephenson 2' Driving Finger Roll Layup (6 PTS),SG,Shot Creator,-1.28,
Shot Chart Detail,21801102,551,1627936,Alex Caruso,1610612747,Los Angeles Lakers,3,0,0,Missed Shot,Running Pull-Up Jump Shot,3PT Field Goal,Above the Break 3,Center(C),24+ ft.,33,-99,323,1,0,20190324,LAL,SAC,21801102551,21600,0,2544|201580|202362|203484|1627936,0,REG,2019,203992,10.0,SG,Chaser,-0.87,MISS Caruso 34' 3PT Running Pull-Up Jump Shot,PG,Primary Ball Handler,-0.14,
Shot Chart Detail,21801102,575,203484,Kentavious Caldwell-Pope,1610612747,Los Angeles Lakers,4,10,27,Made Shot,Driving Floating Bank Jump Shot,2PT Field Goal,In The Paint (Non-RA),Center(C),Less Than 8 ft.,4,18,42,1,1,20190324,LAL,SAC,21801102575,22530,0,2544|201580|202362|203484|1627936,1,REG,2019,203992|201585,14.0,,,,,SG,Off Screen Shooter,-0.06,2544.0
Shot Chart Detail,21801102,585,1627936,Alex Caruso,1610612747,Los Angeles Lakers,4,9,43,Missed Shot,Driving Floating Bank Jump Shot,2PT Field Goal,In The Paint (Non-RA),Center(C),Less Than 8 ft.,5,33,39,1,0,20190324,LAL,SAC,21801102585,22970,0,2544|201580|202362|203484|1627936,0,REG,2019,203992|201147,12.0,,,,,PG,Primary Ball Handler,-0.14,
Shot Chart Detail,21801102,672,1628398,Kyle Kuzma,1610612747,Los Angeles Lakers,4,3,12,Missed Shot,Turnaround Jump Shot,2PT Field Goal,In The Paint (Non-RA),Center(C),8-16 ft.,12,-44,112,1,0,20190324,LAL,SAC,21801102672,26880,0,2544|200765|201580|1627936|1628398,0,REG,2019,203992,3.0,SG,Chaser,-0.87,MISS Kuzma 12' Turnaround Jump Shot,PF,Shot Creator,0.78,
Shot Chart Detail,21801102,689,1628398,Kyle Kuzma,1610612747,Los Angeles Lakers,4,1,31,Missed Shot,Cutting Layup Shot,2PT Field Goal,Restricted Area,Center(C),Less Than 8 ft.,1,16,5,1,0,20190324,LAL,SAC,21801102689,27890,0,2544|200765|201580|1627936|1628398,0,REG,2019,203992,3.0,SG,Chaser,-0.87,MISS Kuzma 2' Cutting Layup Shot,PF,Shot Creator,0.78,
Shot Chart Detail,21801102,691,2544,LeBron James,1610612747,Los Angeles Lakers,4,1,18,Missed Shot,Fadeaway Jump Shot,2PT Field Goal,Mid-Range,Right Side(R),16-24 ft.,16,163,23,1,0,20190324,LAL,SAC,21801102691,28020,0,2544|200765|201580|1627936|1628398,0,REG,2019,203992|203084,3.0,,,,,SF,Shot Creator,4.07,
Shot Chart Detail,21801102,697,1628398,Kyle Kuzma,1610612747,Los Angeles Lakers,4,0,37,Missed Shot,Jump Shot,3PT Field Goal,Above the Break 3,Right Side Center(RC),24+ ft.,26,165,204,1,0,20190324,LAL,SAC,21801102697,28430,0,2544|200765|201580|1627936|1628398,0,REG,2019,203992,3.0,SG,Chaser,-0.87,MISS Kuzma 26' 3PT Jump Shot,PF,Shot Creator,0.78,
Shot Chart Detail,21801114,104,1629029,Luka Dončić,1610612742,Dallas Mavericks,1,3,57,Made Shot,Driving Floating Bank Jump Shot,2PT Field Goal,Restricted Area,Center(C),Less Than 8 ft.,3,-22,29,1,1,20190326,DAL,SAC,21801114104,4830,0,1627827|1628467|1628973|1629029|1629151,0,REG,2019,203992|1628963,-3.0,,,,,SG,Shot Creator,1.71,
Shot Chart Detail,21801114,428,1629151,Ryan Broekhoff,1610612742,Dallas Mavericks,3,2,34,Made Shot,Jump Shot,3PT Field Goal,Left Corner 3,Left Side(L),24+ ft.,22,-228,9,1,1,20190326,DAL,SAC,21801114428,20060,0,203504|1627827|1628467|1629029|1629151,1,REG,2019,203992,3.0,SG,Chaser,-0.87,Broekhoff 3PT Jump Shot (3 PTS) (Doncic 9 AST),SG,Off Screen Shooter,-0.64,1629029.0
Shot Chart Detail,21801114,432,1629151,Ryan Broekhoff,1610612742,Dallas Mavericks,3,2,7,Missed Shot,Jump Shot,3PT Field Goal,Above the Break 3,Right Side Center(RC),24+ ft.,25,153,201,1,0,20190326,DAL,SAC,21801114432,20330,0,203504|1627827|1628467|1629029|1629151,0,REG,2019,203992,3.0,SG,Chaser,-0.87,MISS Broekhoff 25' 3PT Jump Shot,SG,Off Screen Shooter,-0.64,
Shot Chart Detail,21801114,477,1629151,Ryan Broekhoff,1610612742,Dallas Mavericks,4,11,14,Made Shot,Jump Shot,3PT Field Goal,Right Corner 3,Right Side(R),24+ ft.,22,228,22,1,1,20190326,DAL,SAC,21801114477,22060,0,2734|203504|203939|1627827|1629151,1,REG,2019,203992,7.0,SG,Chaser,-0.87,Broekhoff 3PT Jump Shot (8 PTS) (Powell 3 AST),SG,Off Screen Shooter,-0.64,203939.0
Shot Chart Detail,21801114,519,1629029,Luka Dončić,1610612742,Dallas Mavericks,4,8,10,Missed Shot,Jump Shot,3PT Field Goal,Above the Break 3,Right Side Center(RC),24+ ft.,25,181,182,1,0,20190326,DAL,SAC,21801114519,23900,0,203939|1628467|1628973|1629029|1629151,0,REG,2019,203992,2.0,SG,Chaser,-0.87,MISS Doncic 26' 3PT Jump Shot,SG,Shot Creator,1.71,
Shot Chart Detail,21801114,624,1628467,Maxi Kleber,1610612742,Dallas Mavericks,4,0,10,Missed Shot,Jump Shot,3PT Field Goal,Left Corner 3,Left Side(L),24+ ft.,22,-225,3,1,0,20190326,DAL,SAC,21801114624,28700,0,203939|1628467|1628973|1629029|1629151,0,REG,2019,203992,-4.0,SG,Chaser,-0.87,MISS Kleber 3PT Jump Shot,PF,Athletic Finisher,-0.34,
Shot Chart Detail,21801128,98,203121,Darius Miller,1610612740,New Orleans Pelicans,1,3,7,Made Shot,Jump Shot,3PT Field Goal,Above the Break 3,Left Side Center(LC),24+ ft.,26,-132,226,1,1,20190328,NOP,SAC,2180112898,5330,0,203121|203944|1626169|1627767|1629026,1,REG,2019,203992,2.0,SG,Chaser,-0.87,Miller 26' 3PT Jump Shot (3 PTS) (Johnson 1 AST),SF,Off Screen Shooter,-0.33,1626169.0
Shot Chart Detail,21801128,119,203121,Darius Miller,1610612740,New Orleans Pelicans,1,1,58,Made Shot,Finger Roll Layup Shot,2PT Field Goal,Restricted Area,Center(C),Less Than 8 ft.,2,-6,22,1,1,20190328,NOP,SAC,21801128119,6020,0,203121|1626169|1626174|1627767|1629026,1,REG,2019,203992,5.0,SG,Chaser,-0.87,Miller 2' Finger Roll Layup (6 PTS) (Johnson 2 AST),SF,Off Screen Shooter,-0.33,1626169.0
Shot Chart Detail,21801128,122,1629026,Kenrich Williams,1610612740,New Orleans Pelicans,1,1,34,Missed Shot,Running Layup Shot,2PT Field Goal,Restricted Area,Center(C),Less Than 8 ft.,2,26,8,1,0,20190328,NOP,SAC,21801128122,6260,0,203121|1626169|1626174|1627767|1629026,0,REG,2019,203992,5.0,SG,Chaser,-0.87,MISS Williams 3' Running Layup,SF,Athletic Finisher,-0.78,
Shot Chart Detail,21801128,154,203121,Darius Miller,1610612740,New Orleans Pelicans,2,10,49,Missed Shot,Jump Shot,3PT Field Goal,Above the Break 3,Center(C),24+ ft.,25,-29,257,1,0,20190328,NOP,SAC,21801128154,7910,0,203121|1626169|1626174|1627767|1629026,0,REG,2019,203992,3.0,SG,Chaser,-0.87,MISS Miller 26' 3PT Jump Shot,SF,Off Screen Shooter,-0.33,
Shot Chart Detail,21801128,159,1626169,Stanley Johnson,1610612740,New Orleans Pelicans,2,10,24,Made Shot,Driving Floating Jump Shot,2PT Field Goal,In The Paint (Non-RA),Center(C),Less Than 8 ft.,7,43,67,1,1,20190328,NOP,SAC,21801128159,8160,0,203121|1626169|1626174|1627767|1629026,1,REG,2019,203992,5.0,SG,Chaser,-0.87,Johnson 8' Driving Floating Jump Shot (2 PTS) (Williams 1 AST),SF,Movement Shooter,-2.68,1629026.0
Shot Chart Detail,21801128,201,203546,Ian Clark,1610612740,New Orleans Pelicans,2,7,13,Missed Shot,Layup Shot,2PT Field Goal,In The Paint (Non-RA),Center(C),Less Than 8 ft.,4,-8,46,1,0,20190328,NOP,SAC,21801128201,10070,0,203546|203901|1626143|1626174|1629026,0,REG,2019,203992,5.0,SG,Chaser,-0.87,MISS Clark 5' Layup,SG,Off Screen Shooter,-1.04,
Shot Chart Detail,21801128,206,1626174,Christian Wood,1610612740,New Orleans Pelicans,2,6,36,Made Shot,Fadeaway Jump Shot,2PT Field Goal,In The Paint (Non-RA),Left Side(L),8-16 ft.,9,-78,60,1,1,20190328,NOP,SAC,21801128206,10440,0,203546|203901|1626143|1626174|1629026,1,REG,2019,203992,,SG,Chaser,-0.87,Wood 10' Fadeaway Jumper (10 PTS) (Williams 2 AST),PF,Shot Creator,-0.18,1629026.0
Shot Chart Detail,21801128,291,203546,Ian Clark,1610612740,New Orleans Pelicans,2,1,11,Missed Shot,Layup Shot,2PT Field Goal,In The Paint (Non-RA),Center(C),Less Than 8 ft.,5,6,59,1,0,20190328,NOP,SAC,21801128291,13690,0,203121|203546|203901|203944|1626174,0,REG,2019,203992,6.0,SG,Chaser,-0.87,MISS Clark 6' Layup,SG,Off Screen Shooter,-1.04,
Shot Chart Detail,21801128,423,203546,Ian Clark,1610612740,New Orleans Pelicans,3,4,35,Missed Shot,Layup Shot,2PT Field Goal,In The Paint (Non-RA),Center(C),8-16 ft.,8,0,82,1,0,20190328,NOP,SAC,21801128423,18850,0,203546|203944|1626169|1626174|1629026,0,REG,2019,203992|201585,-2.0,,,,,SG,Off Screen Shooter,-1.04,
Shot Chart Detail,21801128,447,1626169,Stanley Johnson,1610612740,New Orleans Pelicans,3,2,53,Made Shot,Jump Shot,2PT Field Goal,Mid-Range,Center(C),8-16 ft.,14,29,146,1,1,20190328,NOP,SAC,21801128447,19870,0,203901|1626169|1626174|1627767|1629541,1,REG,2019,203992|1627741,5.0,,,,,SF,Movement Shooter,-2.68,1629541.0
Shot Chart Detail,21801128,458,1626169,Stanley Johnson,1610612740,New Orleans Pelicans,3,1,42,Missed Shot,Jump Shot,3PT Field Goal,Above the Break 3,Left Side Center(LC),24+ ft.,25,-141,210,1,0,20190328,NOP,SAC,21801128458,20580,0,203901|1626169|1626174|1627767|1629541,0,REG,2019,203992,5.0,SG,Chaser,-0.87,MISS Johnson 25' 3PT Jump Shot,SF,Movement Shooter,-2.68,
Shot Chart Detail,21801138,71,201569,Eric Gordon,1610612745,Houston Rockets,1,5,55,Missed Shot,Jump Shot,3PT Field Goal,Above the Break 3,Left Side Center(LC),24+ ft.,25,-229,116,1,0,20190330,HOU,SAC,2180113871,3650,0,201569|201935|202697|203991|1627863,0,REG,2019,203992,1.0,SG,Chaser,-0.87,MISS Gordon 26' 3PT Jump Shot,SG,Movement Shooter,1.52,
Shot Chart Detail,21801138,169,203085,Austin Rivers,1610612745,Houston Rockets,2,11,32,Missed Shot,Driving Floating Jump Shot,2PT Field Goal,In The Paint (Non-RA),Center(C),Less Than 8 ft.,7,74,22,1,0,20190330,HOU,SAC,21801138169,7480,0,101108|200782|202697|203085|203991,0,REG,2019,203992,0.0,SG,Chaser,-0.87,MISS Rivers 8' Driving Floating Jump Shot,SG,Shot Creator,-1.07,
Shot Chart Detail,21801138,193,200782,P.J. Tucker,1610612745,Houston Rockets,2,9,24,Missed Shot,Jump Shot,3PT Field Goal,Above the Break 3,Left Side Center(LC),24+ ft.,26,-164,204,1,0,20190330,HOU,SAC,21801138193,8760,0,101108|200782|201569|202697|203991,0,REG,2019,203992,-3.0,SG,Chaser,-0.87,MISS Tucker 26' 3PT Jump Shot,PF,Stationary Shooter,-1.45,
Shot Chart Detail,21801138,231,201935,James Harden,1610612745,Houston Rockets,2,6,25,Made Shot,Driving Layup Shot,2PT Field Goal,Restricted Area,Center(C),Less Than 8 ft.,0,3,2,1,1,20190330,HOU,SAC,21801138231,10550,0,101108|200782|201569|201935|1627863,0,REG,2019,202692|203992,-6.0,,,,,PG,Shot Creator,6.42,
Shot Chart Detail,21801138,264,201935,James Harden,1610612745,Houston Rockets,2,3,53,Made Shot,Step Back Jump shot,3PT Field Goal,Above the Break 3,Center(C),24+ ft.,26,-82,253,1,1,20190330,HOU,SAC,21801138264,12070,0,201569|201935|203085|203991|1627863,0,REG,2019,203992,3.0,SG,Chaser,-0.87,Harden 27' 3PT Step Back Jump Shot (27 PTS),PG,Shot Creator,6.42,
Shot Chart Detail,21801138,276,201569,Eric Gordon,1610612745,Houston Rockets,2,2,49,Made Shot,Jump Shot,3PT Field Goal,Above the Break 3,Center(C),24+ ft.,29,73,283,1,1,20190330,HOU,SAC,21801138276,12710,0,201569|201935|203085|203991|1627863,1,REG,2019,203992,8.0,SG,Chaser,-0.87,Gordon 29' 3PT Jump Shot (14 PTS) (Harden 5 AST),SG,Movement Shooter,1.52,201935.0
Shot Chart Detail,21801138,425,201935,James Harden,1610612745,Houston Rockets,3,2,36,Made Shot,Driving Floating Jump Shot,2PT Field Goal,In The Paint (Non-RA),Center(C),8-16 ft.,9,3,93,1,1,20190330,HOU,SAC,21801138425,20040,0,201935|202697|203085|203991|1627863,0,REG,2019,203992,5.0,SG,Chaser,-0.87,Harden 9' Driving Floating Jump Shot (38 PTS),PG,Shot Creator,6.42,
Shot Chart Detail,21801138,568,201935,James Harden,1610612745,Houston Rockets,4,4,32,Made Shot,Driving Floating Jump Shot,2PT Field Goal,In The Paint (Non-RA),Center(C),8-16 ft.,9,32,94,1,1,20190330,HOU,SAC,21801138568,26080,0,200782|201569|201935|203991|1627863,0,REG,2019,203992,6.0,SG,Chaser,-0.87,Harden 10' Driving Floating Jump Shot (43 PTS),PG,Shot Creator,6.42,
Shot Chart Detail,21801138,611,203991,Clint Capela,1610612745,Houston Rockets,4,1,9,Made Shot,Hook Shot,2PT Field Goal,In The Paint (Non-RA),Center(C),Less Than 8 ft.,6,57,32,1,1,20190330,HOU,SAC,21801138611,28110,0,101108|200782|201569|201935|203991,1,REG,2019,203992,10.0,SG,Chaser,-0.87,Capela 7' Hook Shot (24 PTS) (Tucker 2 AST),C,Roll + Cut Big,1.06,200782.0
Shot Chart Detail,21801149,143,200752,Rudy Gay,1610612759,San Antonio Spurs,1,0,0,Missed Shot,Pullup Jump shot,3PT Field Goal,Above the Break 3,Back Court(BC),Back Court Shot,45,174,417,1,0,20190331,SAS,SAC,21801149143,7200,0,200752|201158|201988|202722|1627751,0,REG,2019,203992|201147,2.0,,,,,PF,Low Minute,-0.12,
Shot Chart Detail,21801149,178,1627854,Bryn Forbes,1610612759,San Antonio Spurs,2,9,42,Made Shot,Driving Floating Jump Shot,2PT Field Goal,In The Paint (Non-RA),Center(C),Less Than 8 ft.,5,-5,53,1,1,20190331,SAS,SAC,21801149178,8580,0,200752|201158|201988|1627751|1627854,1,REG,2019,203992,-1.0,SG,Chaser,-0.87,Forbes 5' Driving Floating Jump Shot (5 PTS) (Mills 1 AST),SG,Secondary Ball Handler,-1.12,201988.0
Shot Chart Detail,21801149,244,201942,DeMar DeRozan,1610612759,San Antonio Spurs,2,4,23,Made Shot,Driving Floating Bank Jump Shot,2PT Field Goal,In The Paint (Non-RA),Center(C),Less Than 8 ft.,5,15,49,1,1,20190331,SAS,SAC,21801149244,11770,0,200746|201158|201942|1627854|1628401,0,REG,2019,203992|1626161,0.0,,,,,SG,Shot Creator,0.51,
Shot Chart Detail,21801149,386,200752,Rudy Gay,1610612759,San Antonio Spurs,3,6,33,Made Shot,Jump Shot,3PT Field Goal,Right Corner 3,Right Side(R),24+ ft.,23,232,4,1,1,20190331,SAS,SAC,21801149386,17670,0,200746|200752|201942|1627854|1628401,1,REG,2019,203992,1.0,SG,Chaser,-0.87,Gay 3PT Jump Shot (15 PTS) (White 2 AST),PF,Low Minute,-0.12,1628401.0
Shot Chart Detail,21801149,403,202722,Davis Bertans,1610612759,San Antonio Spurs,3,4,56,Missed Shot,Jump Shot,3PT Field Goal,Above the Break 3,Left Side Center(LC),24+ ft.,25,-102,230,1,0,20190331,SAS,SAC,21801149403,18640,0,200746|201942|201988|202722|1627854,0,REG,2019,203992,-2.0,SG,Chaser,-0.87,MISS Bertans 25' 3PT Jump Shot,PF,Movement Shooter,-0.16,
Shot Chart Detail,21801149,414,200746,LaMarcus Aldridge,1610612759,San Antonio Spurs,3,4,7,Missed Shot,Jump Shot,3PT Field Goal,Above the Break 3,Center(C),24+ ft.,25,35,251,1,0,20190331,SAS,SAC,21801149414,19130,0,200746|201158|201942|201988|202722,0,REG,2019,203992,-2.0,SG,Chaser,-0.87,MISS Aldridge 25' 3PT Jump Shot,C,Post Scorer,1.01,
Shot Chart Detail,21801149,456,201988,Patty Mills,1610612759,San Antonio Spurs,3,0,52,Missed Shot,Pullup Jump shot,3PT Field Goal,Above the Break 3,Center(C),24+ ft.,26,36,258,1,0,20190331,SAS,SAC,21801149456,21080,0,200752|201158|201988|202722|1627751,0,REG,2019,203992,1.0,SG,Chaser,-0.87,MISS Mills 26' 3PT Pullup Jump Shot,PG,Primary Ball Handler,1.24,
Shot Chart Detail,21801149,504,201158,Marco Belinelli,1610612759,San Antonio Spurs,4,8,59,Missed Shot,Driving Finger Roll Layup Shot,2PT Field Goal,In The Paint (Non-RA),Center(C),Less Than 8 ft.,4,-35,26,1,0,20190331,SAS,SAC,21801149504,23410,0,200752|201158|1627751|1627854|1628401,0,REG,2019,203992|1626161,-9.0,,,,,SG,Movement Shooter,-0.23,
Shot Chart Detail,21801149,523,1627854,Bryn Forbes,1610612759,San Antonio Spurs,4,7,53,Made Shot,Running Finger Roll Layup Shot,2PT Field Goal,Restricted Area,Center(C),Less Than 8 ft.,1,-10,-4,1,1,20190331,SAS,SAC,21801149523,24070,0,200746|200752|201942|1627854|1628401,1,REG,2019,203992,-9.0,SG,Chaser,-0.87,Forbes 1' Running Finger Roll Layup (12 PTS) (DeRozan 6 AST),SG,Secondary Ball Handler,-1.12,201942.0
Shot Chart Detail,21801149,539,201942,DeMar DeRozan,1610612759,San Antonio Spurs,4,7,0,Made Shot,Pullup Jump shot,2PT Field Goal,In The Paint (Non-RA),Right Side(R),8-16 ft.,10,61,88,1,1,20190331,SAS,SAC,21801149539,24600,0,200746|200752|201942|1627854|1628401,0,REG,2019,203992,-10.0,SG,Chaser,-0.87,DeRozan 11' Pullup Jump Shot (12 PTS),SG,Shot Creator,0.51,
Shot Chart Detail,21801149,583,201942,DeMar DeRozan,1610612759,San Antonio Spurs,4,3,30,Made Shot,Turnaround Fadeaway shot,2PT Field Goal,In The Paint (Non-RA),Center(C),8-16 ft.,10,27,101,1,1,20190331,SAS,SAC,21801149583,26700,0,200746|201942|201988|202722|1627854,0,REG,2019,203992,,SG,Chaser,-0.87,DeRozan 10' Turnaround Fadeaway (14 PTS),SG,Shot Creator,0.51,
Shot Chart Detail,21801149,612,201158,Marco Belinelli,1610612759,San Antonio Spurs,4,0,27,Missed Shot,Jump Shot,3PT Field Goal,Above the Break 3,Left Side Center(LC),24+ ft.,24,-96,230,1,0,20190331,SAS,SAC,21801149612,28530,0,200746|201158|201942|201988|1627854,0,REG,2019,203992,-5.0,SG,Chaser,-0.87,MISS Belinelli 25' 3PT Jump Shot,SG,Movement Shooter,-0.23,
Shot Chart Detail,21801163,147,101108,Chris Paul,1610612745,Houston Rockets,1,1,17,Missed Shot,Jump Shot,3PT Field Goal,Above the Break 3,Right Side Center(RC),24+ ft.,25,93,239,1,0,20190402,SAC,HOU,21801163147,6430,0,101108|202697|202702|203085|1627863,0,REG,2019,203992|201585,12.0,,,,,PG,Shot Creator,1.93,
Shot Chart Detail,21801163,184,202702,Kenneth Faried,1610612745,Houston Rockets,2,11,1,Made Shot,Finger Roll Layup Shot,2PT Field Goal,Restricted Area,Center(C),Less Than 8 ft.,3,5,31,1,1,20190402,SAC,HOU,21801163184,7790,0,101108|201569|202702|203085|1627863,0,REG,2019,203992|1628963,10.0,,,,,C,Roll + Cut Big,0.66,
Shot Chart Detail,21801163,232,201569,Eric Gordon,1610612745,Houston Rockets,2,8,4,Made Shot,Jump Shot,3PT Field Goal,Above the Break 3,Right Side Center(RC),24+ ft.,27,118,251,1,1,20190402,SAC,HOU,21801163232,9560,0,101108|200782|201569|201935|203991,1,REG,2019,203992,10.0,SG,Chaser,-0.87,Gordon 28' 3PT Jump Shot (8 PTS) (Harden 3 AST),SG,Movement Shooter,1.52,201935.0
Shot Chart Detail,21801163,252,200782,P.J. Tucker,1610612745,Houston Rockets,2,6,5,Missed Shot,Jump Shot,3PT Field Goal,Right Corner 3,Right Side(R),24+ ft.,23,233,34,1,0,20190402,SAC,HOU,21801163252,10750,0,200782|201569|201935|202697|203991,0,REG,2019,203992,9.0,SG,Chaser,-0.87,MISS Tucker 24' 3PT Jump Shot,PF,Stationary Shooter,-1.45,
Shot Chart Detail,21801163,254,200782,P.J. Tucker,1610612745,Houston Rockets,2,5,48,Missed Shot,Jump Shot,3PT Field Goal,Left Corner 3,Left Side(L),24+ ft.,22,-224,5,1,0,20190402,SAC,HOU,21801163254,10920,0,200782|201569|201935|202697|203991,0,REG,2019,203992,9.0,SG,Chaser,-0.87,MISS Tucker 3PT Jump Shot,PF,Stationary Shooter,-1.45,
Shot Chart Detail,21801163,276,201935,James Harden,1610612745,Houston Rockets,2,3,53,Made Shot,Jump Shot,3PT Field Goal,Above the Break 3,Right Side Center(RC),24+ ft.,25,185,173,1,1,20190402,SAC,HOU,21801163276,12070,0,200782|201569|201935|202697|203991,0,REG,2019,203992|1628368,9.0,,,,,PG,Shot Creator,6.42,
Shot Chart Detail,21801163,403,202697,Iman Shumpert,1610612745,Houston Rockets,3,4,46,Made Shot,Jump Shot,3PT Field Goal,Left Corner 3,Left Side(L),24+ ft.,22,-225,3,1,1,20190402,SAC,HOU,21801163403,18740,0,200782|201935|202697|203991|1627863,1,REG,2019,203992,18.0,SG,Chaser,-0.87,Shumpert 3PT Jump Shot (8 PTS) (House Jr. 2 AST),SG,Movement Shooter,-1.45,1627863.0
Shot Chart Detail,21801163,430,202697,Iman Shumpert,1610612745,Houston Rockets,3,2,33,Missed Shot,Jump Shot,3PT Field Goal,Right Corner 3,Right Side(R),24+ ft.,23,232,-4,1,0,20190402,SAC,HOU,21801163430,20070,0,101108|202697|202702|203085|1627863,0,REG,2019,203992,20.0,SG,Chaser,-0.87,MISS Shumpert 3PT Jump Shot,SG,Movement Shooter,-1.45,
Shot Chart Detail,21801163,487,1627863,Danuel House Jr.,1610612745,Houston Rockets,4,9,50,Made Shot,Jump Shot,3PT Field Goal,Right Corner 3,Right Side(R),24+ ft.,23,234,6,1,1,20190402,SAC,HOU,21801163487,22900,0,101108|201569|202702|203085|1627863,1,REG,2019,203992,21.0,SG,Chaser,-0.87,House Jr. 3PT Jump Shot (14 PTS) (Paul 11 AST),SF,Movement Shooter,-0.33,101108.0
Shot Chart Detail,21801178,126,1629012,Collin Sexton,1610612739,Cleveland Cavaliers,1,0,53,Made Shot,Jump Shot,3PT Field Goal,Above the Break 3,Center(C),24+ ft.,25,68,241,1,1,20190404,SAC,CLE,21801178126,6670,0,203903|1626224|1627737|1628021|1629012,0,REG,2019,1628963|203992,-6.0,,,,,PG,Shot Creator,-1.34,
Shot Chart Detail,21801178,181,1628021,David Nwaba,1610612739,Cleveland Cavaliers,2,9,3,Missed Shot,Jump Shot,2PT Field Goal,In The Paint (Non-RA),Center(C),8-16 ft.,9,3,98,1,0,20190404,SAC,CLE,21801178181,8970,0,202688|203903|203917|1627737|1628021,0,REG,2019,1626161|203992,-2.0,,,,,SF,Athletic Finisher,-1.13,
Shot Chart Detail,21801178,183,1628021,David Nwaba,1610612739,Cleveland Cavaliers,2,8,59,Made Shot,Layup Shot,2PT Field Goal,Restricted Area,Center(C),Less Than 8 ft.,1,-8,11,1,1,20190404,SAC,CLE,21801178183,9010,0,202688|203903|203917|1627737|1628021,0,REG,2019,1626161|203992,-0.0,,,,,SF,Athletic Finisher,-1.13,
Shot Chart Detail,21801178,436,203903,Jordan Clarkson,1610612739,Cleveland Cavaliers,3,1,3,Made Shot,Driving Dunk Shot,2PT Field Goal,Restricted Area,Center(C),Less Than 8 ft.,1,5,17,1,1,20190404,SAC,CLE,21801178436,20970,0,203903|203917|1627737|1628021|1629012,0,REG,2019,203992,,SG,Chaser,-0.87,Clarkson 2' Driving Dunk (15 PTS),SG,Shot Creator,0.02,
Shot Chart Detail,21801178,526,203903,Jordan Clarkson,1610612739,Cleveland Cavaliers,4,4,58,Missed Shot,Jump Shot,3PT Field Goal,Above the Break 3,Center(C),24+ ft.,25,-9,252,1,0,20190404,SAC,CLE,21801178526,25820,0,203903|1626204|1626224|1627790|1629012,0,REG,2019,203992,-13.0,SG,Chaser,-0.87,MISS Clarkson 25' 3PT Jump Shot,SG,Shot Creator,0.02,
Shot Chart Detail,21801178,577,1629061,Deng Adel,1610612739,Cleveland Cavaliers,4,0,59,Missed Shot,Jump Shot,3PT Field Goal,Above the Break 3,Right Side Center(RC),24+ ft.,26,156,211,1,0,20190404,SAC,CLE,21801178577,28210,0,203917|1627737|1628021|1629012|1629061,0,REG,2019,203992,-15.0,SG,Chaser,-0.87,MISS Adel 26' 3PT Jump Shot,SF,Movement Shooter,-1.77,
Shot Chart Detail,21801188,153,204060,Joe Ingles,1610612762,Utah Jazz,1,2,18,Missed Shot,Jump Shot,3PT Field Goal,Above the Break 3,Left Side Center(LC),24+ ft.,26,-141,226,1,0,20190405,UTA,SAC,21801188153,5820,0,200757|202327|204060|1626220|1628960,0,REG,2019,203992,10.0,SG,Chaser,-0.87,MISS Ingles 27' 3PT Jump Shot,PF,Secondary Ball Handler,0.61,
Shot Chart Detail,21801188,157,1628960,Grayson Allen,1610612762,Utah Jazz,1,1,50,Made Shot,Jump Shot,3PT Field Goal,Above the Break 3,Center(C),24+ ft.,26,79,254,1,1,20190405,UTA,SAC,21801188157,6100,0,200757|202327|204060|1626220|1628960,1,REG,2019,203992,13.0,SG,Chaser,-0.87,Allen 27' 3PT Jump Shot (10 PTS) (O'Neale 2 AST),SG,Secondary Ball Handler,-0.99,1626220.0
Shot Chart Detail,21801188,213,200757,Thabo Sefolosha,1610612762,Utah Jazz,2,9,35,Made Shot,Driving Finger Roll Layup Shot,2PT Field Goal,In The Paint (Non-RA),Center(C),8-16 ft.,8,19,81,1,1,20190405,UTA,SAC,21801188213,8650,0,200757|202327|204060|1627777|1628960,1,REG,2019,203992|201147,21.0,,,,,SF,Athletic Finisher,-1.63,1628960.0
Shot Chart Detail,21801188,215,204060,Joe Ingles,1610612762,Utah Jazz,2,9,13,Missed Shot,Driving Layup Shot,2PT Field Goal,Restricted Area,Center(C),Less Than 8 ft.,2,-13,17,1,0,20190405,UTA,SAC,21801188215,8870,0,200757|202327|204060|1627777|1628960,0,REG,2019,203992,19.0,SG,Chaser,-0.87,MISS Ingles 2' Driving Layup,PF,Secondary Ball Handler,0.61,
Shot Chart Detail,21801188,219,1628960,Grayson Allen,1610612762,Utah Jazz,2,8,50,Made Shot,Driving Floating Bank Jump Shot,2PT Field Goal,In The Paint (Non-RA),Center(C),Less Than 8 ft.,7,36,65,1,1,20190405,UTA,SAC,21801188219,9100,0,200757|202327|204060|1627777|1628960,0,REG,2019,1628963|203992,21.0,,,,,SG,Secondary Ball Handler,-0.99,
Shot Chart Detail,21801188,225,204060,Joe Ingles,1610612762,Utah Jazz,2,7,57,Made Shot,Pullup Jump shot,3PT Field Goal,Above the Break 3,Center(C),24+ ft.,26,-55,259,1,1,20190405,UTA,SAC,21801188225,9630,0,200757|202327|204060|1627777|1628960,0,REG,2019,203992,24.0,SG,Chaser,-0.87,Ingles 26' 3PT Pullup Jump Shot (7 PTS),PF,Secondary Ball Handler,0.61,
Shot Chart Detail,21801188,450,1628378,Donovan Mitchell,1610612762,Utah Jazz,3,3,13,Missed Shot,Jump Shot,3PT Field Goal,Right Corner 3,Right Side(R),24+ ft.,22,228,24,1,0,20190405,UTA,SAC,21801188450,19670,0,200757|202327|1626220|1628378|1628960,0,REG,2019,203992,27.0,SG,Chaser,-0.87,MISS Mitchell 3PT Jump Shot,SG,Primary Ball Handler,1.0,
Shot Chart Detail,21801188,452,200757,Thabo Sefolosha,1610612762,Utah Jazz,3,3,4,Missed Shot,Driving Layup Shot,2PT Field Goal,Restricted Area,Center(C),Less Than 8 ft.,3,-20,26,1,0,20190405,UTA,SAC,21801188452,19760,0,200757|202327|1626220|1628378|1628960,0,REG,2019,1628963|203992,27.0,,,,,SF,Athletic Finisher,-1.63,
Shot Chart Detail,21801188,616,1627777,Georges Niang,1610612762,Utah Jazz,4,4,55,Made Shot,Driving Bank Hook Shot,2PT Field Goal,Restricted Area,Center(C),Less Than 8 ft.,3,24,26,1,1,20190405,UTA,SAC,21801188616,25850,0,200757|202327|1626220|1627777|1628960,0,REG,2019,203992,24.0,SG,Chaser,-0.87,Niang 4' Driving Bank Hook Shot (8 PTS),PF,Stationary Shooter,-0.49,
Shot Chart Detail,21801207,115,203546,Ian Clark,1610612740,New Orleans Pelicans,1,4,27,Missed Shot,Jump Shot,3PT Field Goal,Above the Break 3,Right Side Center(RC),24+ ft.,25,173,181,1,0,20190407,SAC,NOP,21801207115,4530,0,203524|203546|203901|1627767|1629026,0,REG,2019,203992,-6.0,SG,Chaser,-0.87,MISS Clark 25' 3PT Jump Shot,SG,Off Screen Shooter,-1.04,
Shot Chart Detail,21801207,119,203901,Elfrid Payton,1610612740,New Orleans Pelicans,1,4,3,Missed Shot,Jump Shot,3PT Field Goal,Above the Break 3,Left Side Center(LC),24+ ft.,25,-143,215,1,0,20190407,SAC,NOP,21801207119,4770,0,203524|203546|203901|1627767|1629026,0,REG,2019,203992,-8.0,SG,Chaser,-0.87,MISS Payton 26' 3PT Jump Shot,PG,Slasher,0.18,
Shot Chart Detail,21801207,125,203901,Elfrid Payton,1610612740,New Orleans Pelicans,1,3,12,Made Shot,Jump Shot,3PT Field Goal,Right Corner 3,Right Side(R),24+ ft.,23,230,27,1,1,20190407,SAC,NOP,21801207125,5280,0,203524|203546|203901|1627767|1629026,1,REG,2019,203992,-8.0,SG,Chaser,-0.87,Payton 3PT Jump Shot (5 PTS) (Clark 2 AST),PG,Slasher,0.18,203546.0
Shot Chart Detail,21801207,129,203546,Ian Clark,1610612740,New Orleans Pelicans,1,2,51,Missed Shot,Jump Shot,3PT Field Goal,Above the Break 3,Center(C),24+ ft.,26,5,260,1,0,20190407,SAC,NOP,21801207129,5490,0,203524|203546|203901|1627767|1629026,0,REG,2019,203992,-8.0,SG,Chaser,-0.87,MISS Clark 26' 3PT Jump Shot,SG,Off Screen Shooter,-1.04,
Shot Chart Detail,21801207,154,1629026,Kenrich Williams,1610612740,New Orleans Pelicans,1,0,56,Missed Shot,Running Layup Shot,2PT Field Goal,In The Paint (Non-RA),Center(C),Less Than 8 ft.,5,-12,49,1,0,20190407,SAC,NOP,21801207154,6640,0,203524|203901|1627767|1629026|1629541,0,REG,2019,203992,-9.0,SG,Chaser,-0.87,MISS Williams 5' Running Layup,SF,Athletic Finisher,-0.78,
Shot Chart Detail,21801207,171,1629541,Dairis Bertans,1610612740,New Orleans Pelicans,2,11,46,Missed Shot,Jump Shot,3PT Field Goal,Above the Break 3,Center(C),24+ ft.,24,38,247,1,0,20190407,SAC,NOP,21801207171,7340,0,203524|203901|1627767|1629026|1629541,0,REG,2019,203992,-7.0,SG,Chaser,-0.87,MISS Bertans 25' 3PT Jump Shot,SG,Off Screen Shooter,-1.49,
Shot Chart Detail,21801207,184,1629541,Dairis Bertans,1610612740,New Orleans Pelicans,2,10,49,Missed Shot,Floating Jump shot,2PT Field Goal,In The Paint (Non-RA),Center(C),8-16 ft.,9,26,91,1,0,20190407,SAC,NOP,21801207184,7910,0,203524|203901|1626143|1627767|1629541,0,REG,2019,203992|1628963,-11.0,,,,,SG,Off Screen Shooter,-1.49,
Shot Chart Detail,21801207,196,203901,Elfrid Payton,1610612740,New Orleans Pelicans,2,9,41,Made Shot,Step Back Jump shot,2PT Field Goal,Mid-Range,Right Side(R),8-16 ft.,13,133,17,1,1,20190407,SAC,NOP,21801207196,8590,0,203524|203901|1626143|1627767|1629541,0,REG,2019,203992|1626161,-8.0,,,,,PG,Slasher,0.18,
Shot Chart Detail,21801207,442,203524,Solomon Hill,1610612740,New Orleans Pelicans,3,3,32,Made Shot,Fadeaway Jump Shot,2PT Field Goal,In The Paint (Non-RA),Center(C),8-16 ft.,11,-37,108,1,1,20190407,SAC,NOP,21801207442,19480,0,203524|203901|1626174|1627767|1629541,0,REG,2019,203992,,SG,Chaser,-0.87,S. Hill 11' Fadeaway Jumper (5 PTS),SF,Athletic Finisher,-2.0,
Shot Chart Detail,21801207,453,1626174,Christian Wood,1610612740,New Orleans Pelicans,3,2,5,Missed Shot,Layup Shot,2PT Field Goal,In The Paint (Non-RA),Center(C),Less Than 8 ft.,7,72,-5,1,0,20190407,SAC,NOP,21801207453,20350,0,203524|203901|1626174|1627767|1629541,0,REG,2019,203992,5.0,SG,Chaser,-0.87,MISS Wood 7' Layup,PF,Shot Creator,-0.18,
Shot Chart Detail,21801207,466,1626174,Christian Wood,1610612740,New Orleans Pelicans,3,0,58,Missed Shot,Jump Shot,3PT Field Goal,Above the Break 3,Center(C),24+ ft.,25,-52,246,1,0,20190407,SAC,NOP,21801207466,21020,0,203524|203901|1626174|1627767|1629541,0,REG,2019,203992,1.0,SG,Chaser,-0.87,MISS Wood 25' 3PT Jump Shot,PF,Shot Creator,-0.18,
Shot Chart Detail,21801207,546,1626143,Jahlil Okafor,1610612740,New Orleans Pelicans,4,7,59,Missed Shot,Alley Oop Layup shot,2PT Field Goal,Restricted Area,Center(C),Less Than 8 ft.,2,18,11,1,0,20190407,SAC,NOP,21801207546,24010,0,203524|203546|203901|1626143|1627767,0,REG,2019,203992,7.0,SG,Chaser,-0.87,MISS Okafor 2' Alley Oop Layup,C,Post Scorer,-0.55,
Shot Chart Detail,21801207,581,203524,Solomon Hill,1610612740,New Orleans Pelicans,4,5,13,Missed Shot,Jump Shot,3PT Field Goal,Above the Break 3,Right Side Center(RC),24+ ft.,25,159,199,1,0,20190407,SAC,NOP,21801207581,25670,0,203524|203546|1626174|1627767|1629541,0,REG,2019,203992,-0.0,SG,Chaser,-0.87,MISS S. Hill 25' 3PT Jump Shot,SF,Athletic Finisher,-2.0,
Shot Chart Detail,21801230,158,1629018,Gary Trent Jr.,1610612757,Portland Trail Blazers,2,10,55,Made Shot,Pullup Jump shot,2PT Field Goal,In The Paint (Non-RA),Center(C),8-16 ft.,13,0,136,1,1,20190410,POR,SAC,21801230158,7850,0,1627746|1627774|1628380|1629014|1629018,1,REG,2019,203992,-12.0,SG,Chaser,-0.87,Trent Jr. 14' Pullup Jump Shot (6 PTS) (Collins 1 AST),SG,Secondary Ball Handler,-0.71,1628380.0
Shot Chart Detail,21801230,171,1627774,Jake Layman,1610612757,Portland Trail Blazers,2,9,22,Missed Shot,Driving Floating Bank Jump Shot,2PT Field Goal,Mid-Range,Left Side(L),8-16 ft.,14,-132,53,1,0,20190410,POR,SAC,21801230171,8780,0,1627746|1627774|1628380|1629014|1629018,0,REG,2019,203992|1628403,-14.0,,,,,SF,Athletic Finisher,-1.12,
Shot Chart Detail,21801230,206,1627774,Jake Layman,1610612757,Portland Trail Blazers,2,7,4,Missed Shot,Driving Layup Shot,2PT Field Goal,Restricted Area,Center(C),Less Than 8 ft.,2,3,29,1,0,20190410,POR,SAC,21801230206,10160,0,203086|1627746|1627774|1629014|1629018,0,REG,2019,203992|1628368,-14.0,,,,,SF,Athletic Finisher,-1.12,
Shot Chart Detail,21801230,218,1627774,Jake Layman,1610612757,Portland Trail Blazers,2,6,19,Missed Shot,Driving Floating Bank Jump Shot,2PT Field Goal,In The Paint (Non-RA),Center(C),Less Than 8 ft.,5,-38,38,1,0,20190410,POR,SAC,21801230218,10610,0,203086|1627746|1627774|1629014|1629018,0,REG,2019,203992,-16.0,SG,Chaser,-0.87,MISS Layman 5' Driving Floating Bank Jump Shot,SF,Athletic Finisher,-1.12,
Shot Chart Detail,21801230,297,1629018,Gary Trent Jr.,1610612757,Portland Trail Blazers,3,11,31,Made Shot,Jump Shot,3PT Field Goal,Above the Break 3,Left Side Center(LC),24+ ft.,25,-143,216,1,1,20190410,POR,SAC,21801230297,14690,0,203086|1627746|1627774|1629014|1629018,1,REG,2019,203992,-22.0,SG,Chaser,-0.87,Trent Jr. 26' 3PT Jump Shot (9 PTS) (Simons 4 AST),SG,Secondary Ball Handler,-0.71,1629014.0
Shot Chart Detail,21801230,358,203086,Meyers Leonard,1610612757,Portland Trail Blazers,3,6,33,Made Shot,Jump Bank Shot,2PT Field Goal,Restricted Area,Center(C),Less Than 8 ft.,2,7,19,1,1,20190410,POR,SAC,21801230358,17670,0,203086|1627746|1627774|1629014|1629018,0,REG,2019,203992,-21.0,SG,Chaser,-0.87,Leonard 2' Jump Bank Shot (11 PTS),C,Stretch Big,-0.56,
Shot Chart Detail,21801230,419,1627774,Jake Layman,1610612757,Portland Trail Blazers,3,0,33,Made Shot,Pullup Jump shot,3PT Field Goal,Above the Break 3,Right Side Center(RC),24+ ft.,29,101,274,1,1,20190410,POR,SAC,21801230419,21270,0,203086|1627774|1628380|1629014|1629018,0,REG,2019,203992,-17.0,SG,Chaser,-0.87,Layman 29' 3PT Pullup Jump Shot (13 PTS),SF,Athletic Finisher,-1.12,
Shot Chart Detail,21801230,451,1628380,Zach Collins,1610612757,Portland Trail Blazers,4,10,28,Missed Shot,Turnaround Hook Shot,2PT Field Goal,Mid-Range,Right Side(R),8-16 ft.,10,104,20,1,0,20190410,POR,SAC,21801230451,22520,0,203086|1627774|1628380|1629014|1629018,0,REG,2019,203992,-13.0,SG,Chaser,-0.87,MISS Collins 11' Turnaround Hook Shot,C,Versatile Big,-1.68,
Shot Chart Detail,21801230,467,1629018,Gary Trent Jr.,1610612757,Portland Trail Blazers,4,8,47,Made Shot,Driving Layup Shot,2PT Field Goal,Restricted Area,Center(C),Less Than 8 ft.,1,1,13,1,1,20190410,POR,SAC,21801230467,23530,0,203086|1627774|1628380|1629014|1629018,0,REG,2019,203992,-6.0,SG,Chaser,-0.87,Trent Jr. 1' Driving Layup (17 PTS),SG,Secondary Ball Handler,-0.71,
Shot Chart Detail,21801230,476,1629014,Anfernee Simons,1610612757,Portland Trail Blazers,4,7,54,Made Shot,Jump Shot,3PT Field Goal,Above the Break 3,Left Side Center(LC),24+ ft.,26,-139,225,1,1,20190410,POR,SAC,21801230476,24060,0,203086|1627746|1627774|1629014|1629018,1,REG,2019,203992,-1.0,SG,Chaser,-0.87,Simons 26' 3PT Jump Shot (31 PTS) (Layman 2 AST),SG,Secondary Ball Handler,-0.77,1627774.0
Shot Chart Detail,21801230,487,1627774,Jake Layman,1610612757,Portland Trail Blazers,4,7,5,Made Shot,Alley Oop Dunk Shot,2PT Field Goal,Restricted Area,Center(C),Less Than 8 ft.,1,14,4,1,1,20190410,POR,SAC,21801230487,24550,0,203086|1627746|1627774|1629014|1629018,1,REG,2019,203992,1.0,SG,Chaser,-0.87,Layman 1' Alley Oop Dunk (15 PTS) (Simons 9 AST),SF,Athletic Finisher,-1.12,1629014.0
