GRID_TYPE,GAME_ID,EVENTNUM,PLAYER_ID,PLAYER_NAME,TEAM_ID,TEAM_NAME,PERIOD,MINUTES_REMAINING,SECONDS_REMAINING,EVENT_TYPE,ACTION_TYPE,SHOT_TYPE,SHOT_ZONE_BASIC,SHOT_ZONE_AREA,SHOT_ZONE_RANGE,SHOT_DISTANCE,LOC_X,LOC_Y,SHOT_ATTEMPTED_FLAG,SHOT_MADE_FLAG,GAME_DATE,HTM,VTM,SHOT_ID,time,extra,PLAYERS_ON,assisted,season_type,year,DEF_ID,score_margin,DEF_POSITION,DEF_ROLE,D_LEBRON,dsc,OFF_POSITION,OFF_ROLE,O_LEBRON,ASSIST_ID
Shot Chart Detail,41900141,69,1629117,Wenyen Gabriel,1610612757,Portland Trail Blazers,1,7,28,Made Shot,Running Dunk Shot,2PT Field Goal,Restricted Area,Center(C),Less Than 8 ft.,1,1,11,1,1,20200818,LAL,POR,4190014169,2720,0,2546|203081|203468|203994|1629117,1,PS,2020,203076,,PF,Helper,2.21,Gabriel 1' Running Dunk (4 PTS) (Anthony 3 AST),PF,Stretch Big,-0.95,2546.0
Shot Chart Detail,41900141,88,203994,Jusuf Nurkić,1610612757,Portland Trail Blazers,1,6,20,Missed Shot,Driving Layup Shot,2PT Field Goal,Restricted Area,Center(C),Less Than 8 ft.,2,18,15,1,0,20200818,LAL,POR,4190014188,3400,0,2546|202355|203081|203468|203994,0,PS,2020,2544|203076,5.0,,,,,C,Post Scorer,0.76,
Shot Chart Detail,41900141,154,203994,Jusuf Nurkić,1610612757,Portland Trail Blazers,1,2,11,Made Shot,Cutting Dunk Shot,2PT Field Goal,Restricted Area,Center(C),Less Than 8 ft.,0,-4,-6,1,1,20200818,LAL,POR,41900141154,5890,0,2546|202355|203081|1626209|1629018,1,PS,2020,203076,16.0,PF,Helper,2.21,Nurkic 1' Cutting Dunk Shot (10 PTS) (Hezonja 2 AST),C,Post Scorer,0.76,1626209.0
Shot Chart Detail,41900141,357,2546,Carmelo Anthony,1610612757,Portland Trail Blazers,2,3,13,Missed Shot,Fadeaway Jump Shot,2PT Field Goal,Mid-Range,Right Side(R),8-16 ft.,10,103,1,1,0,20200818,LAL,POR,41900141357,12470,0,2546|203081|203468|203994|1629018,0,PS,2020,1628398|203076,1.0,,,,,PF,Shot Creator,-0.47,
Shot Chart Detail,41900141,413,203468,CJ McCollum,1610612757,Portland Trail Blazers,3,10,59,Missed Shot,Pullup Jump shot,3PT Field Goal,Above the Break 3,Right Side Center(RC),24+ ft.,25,105,233,1,0,20200818,LAL,POR,41900141413,15010,0,2546|203081|203468|203994|1629117,0,PS,2020,203076,4.0,PF,Helper,2.21,MISS McCollum 26' 3PT Pullup Jump Shot,SG,Shot Creator,1.51,
Shot Chart Detail,41900141,423,203468,CJ McCollum,1610612757,Portland Trail Blazers,3,10,3,Made Shot,Step Back Jump shot,2PT Field Goal,Mid-Range,Left Side(L),8-16 ft.,15,-137,74,1,1,20200818,LAL,POR,41900141423,15570,0,2546|203081|203468|203994|1629117,0,PS,2020,201580|203076,6.0,,,,,SG,Shot Creator,1.51,
Shot Chart Detail,41900141,444,202355,Hassan Whiteside,1610612757,Portland Trail Blazers,3,8,57,Missed Shot,Layup Shot,2PT Field Goal,In The Paint (Non-RA),Center(C),Less Than 8 ft.,6,-8,63,1,0,20200818,LAL,POR,41900141444,16230,0,2546|202355|203081|203468|203994,0,PS,2020,203076,4.0,PF,Helper,2.21,McGee BLOCK (1 BLK),C,Roll + Cut Big,0.97,
Shot Chart Detail,41900141,462,203468,CJ McCollum,1610612757,Portland Trail Blazers,3,7,18,Made Shot,Driving Floating Jump Shot,2PT Field Goal,In The Paint (Non-RA),Left Side(L),8-16 ft.,12,-66,102,1,1,20200818,LAL,POR,41900141462,17220,0,2546|202355|203081|203468|203994,0,PS,2020,203076|201980,6.0,,,,,SG,Shot Creator,1.51,
Shot Chart Detail,41900141,466,203994,Jusuf Nurkić,1610612757,Portland Trail Blazers,3,6,43,Missed Shot,Hook Shot,2PT Field Goal,In The Paint (Non-RA),Left Side(L),8-16 ft.,8,-72,52,1,0,20200818,LAL,POR,41900141466,17570,0,2546|202355|203081|203468|203994,0,PS,2020,203076,6.0,PF,Helper,2.21,MISS Nurkic 9' Hook Shot,C,Post Scorer,0.76,
Shot Chart Detail,41900141,472,203081,Damian Lillard,1610612757,Portland Trail Blazers,3,6,5,Missed Shot,Step Back Jump shot,2PT Field Goal,Mid-Range,Right Side Center(RC),16-24 ft.,18,93,159,1,0,20200818,LAL,POR,41900141472,17950,0,2546|202355|203081|203468|203994,0,PS,2020,203076,5.0,PF,Helper,2.21,Davis BLOCK (2 BLK),PG,Shot Creator,5.32,
Shot Chart Detail,41900141,564,2546,Carmelo Anthony,1610612757,Portland Trail Blazers,3,0,0,Missed Shot,Driving Layup Shot,2PT Field Goal,Restricted Area,Center(C),Less Than 8 ft.,1,11,7,1,0,20200818,LAL,POR,41900141564,21600,0,2546|202355|203468|1626209|1629018,0,PS,2020,203076,3.0,PF,Helper,2.21,Kuzma BLOCK (1 BLK),PF,Shot Creator,-0.47,
Shot Chart Detail,41900141,670,203468,CJ McCollum,1610612757,Portland Trail Blazers,4,4,31,Missed Shot,Step Back Jump shot,2PT Field Goal,Mid-Range,Left Side Center(LC),16-24 ft.,18,-71,169,1,0,20200818,LAL,POR,41900141670,26090,0,2546|202355|203081|203468|1629117,0,PS,2020,203076,2.0,PF,Helper,2.21,MISS McCollum 18' Step Back Jump Shot,SG,Shot Creator,1.51,
Shot Chart Detail,41900141,695,203081,Damian Lillard,1610612757,Portland Trail Blazers,4,3,13,Made Shot,Pullup Jump shot,3PT Field Goal,Above the Break 3,Center(C),24+ ft.,35,-50,349,1,1,20200818,LAL,POR,41900141695,26870,0,2546|202355|203081|203468|1629018,0,PS,2020,203076,3.0,PF,Helper,2.21,Lillard 35' 3PT Pullup Jump Shot (34 PTS),PG,Shot Creator,5.32,
Shot Chart Detail,41900141,701,2546,Carmelo Anthony,1610612757,Portland Trail Blazers,4,2,33,Made Shot,Jump Shot,3PT Field Goal,Above the Break 3,Left Side Center(LC),24+ ft.,27,-183,210,1,1,20200818,LAL,POR,41900141701,27270,0,2546|203081|203468|203994|1629018,1,PS,2020,203076,6.0,PF,Helper,2.21,Anthony 28' 3PT Jump Shot (11 PTS) (Lillard 4 AST),PF,Shot Creator,-0.47,203081.0
Shot Chart Detail,41900141,716,1629018,Gary Trent Jr.,1610612757,Portland Trail Blazers,4,1,15,Made Shot,Jump Shot,3PT Field Goal,Above the Break 3,Left Side Center(LC),24+ ft.,27,-208,181,1,1,20200818,LAL,POR,41900141716,28050,0,2546|203081|203468|203994|1629018,1,PS,2020,203076,5.0,PF,Helper,2.21,Trent Jr. 28' 3PT Jump Shot (5 PTS) (Anthony 5 AST),SF,Movement Shooter,0.73,2546.0
Shot Chart Detail,41900142,7,203468,CJ McCollum,1610612757,Portland Trail Blazers,1,11,37,Made Shot,Turnaround Fadeaway shot,2PT Field Goal,In The Paint (Non-RA),Center(C),Less Than 8 ft.,5,-10,56,1,1,20200820,LAL,POR,419001427,230,0,2546|203081|203468|203994|1629117,0,PS,2020,203076,,PF,Helper,2.21,McCollum 6' Turnaround Fadeaway (2 PTS),SG,Shot Creator,1.51,
Shot Chart Detail,41900142,12,203994,Jusuf Nurkić,1610612757,Portland Trail Blazers,1,10,38,Made Shot,Putback Layup Shot,2PT Field Goal,Restricted Area,Center(C),Less Than 8 ft.,1,5,11,1,1,20200820,LAL,POR,4190014212,820,0,2546|203081|203468|203994|1629117,0,PS,2020,203076|201580,2.0,,,,,C,Post Scorer,0.76,
Shot Chart Detail,41900142,22,203468,CJ McCollum,1610612757,Portland Trail Blazers,1,9,47,Missed Shot,Jump Shot,3PT Field Goal,Left Corner 3,Left Side(L),24+ ft.,23,-228,41,1,0,20200820,LAL,POR,4190014222,1330,0,2546|203081|203468|203994|1629117,0,PS,2020,203076,-2.0,PF,Helper,2.21,MISS McCollum 3PT Jump Shot,SG,Shot Creator,1.51,
Shot Chart Detail,41900142,46,1629117,Wenyen Gabriel,1610612757,Portland Trail Blazers,1,7,10,Missed Shot,Jump Shot,3PT Field Goal,Left Corner 3,Left Side(L),24+ ft.,22,-228,-1,1,0,20200820,LAL,POR,4190014246,2900,0,2546|203081|203468|203994|1629117,0,PS,2020,203076,-6.0,PF,Helper,2.21,MISS Gabriel 3PT Jump Shot,PF,Stretch Big,-0.95,
Shot Chart Detail,41900142,67,2546,Carmelo Anthony,1610612757,Portland Trail Blazers,1,5,59,Missed Shot,Jump Shot,2PT Field Goal,Mid-Range,Right Side Center(RC),16-24 ft.,18,133,122,1,0,20200820,LAL,POR,4190014267,3610,0,2546|202355|203081|203468|203994,0,PS,2020,203076,-9.0,PF,Helper,2.21,MISS Anthony 18' Jump Shot,PF,Shot Creator,-0.47,
Shot Chart Detail,41900142,106,202355,Hassan Whiteside,1610612757,Portland Trail Blazers,1,3,49,Missed Shot,Jump Shot,2PT Field Goal,Mid-Range,Left Side Center(LC),16-24 ft.,18,-136,124,1,0,20200820,LAL,POR,41900142106,4910,0,202355|203081|203468|203994|1629018,0,PS,2020,203076,-8.0,PF,Helper,2.21,MISS Whiteside 18' Jump Shot,C,Roll + Cut Big,0.97,
Shot Chart Detail,41900142,110,203468,CJ McCollum,1610612757,Portland Trail Blazers,1,3,19,Made Shot,Layup Shot,2PT Field Goal,Restricted Area,Center(C),Less Than 8 ft.,1,7,10,1,1,20200820,LAL,POR,41900142110,5210,0,202355|203081|203468|203994|1629018,0,PS,2020,203076,-6.0,PF,Helper,2.21,McCollum 1' Layup (4 PTS),SG,Shot Creator,1.51,
Shot Chart Detail,41900142,228,203081,Damian Lillard,1610612757,Portland Trail Blazers,2,5,48,Missed Shot,Driving Layup Shot,2PT Field Goal,In The Paint (Non-RA),Center(C),Less Than 8 ft.,4,-44,14,1,0,20200820,LAL,POR,41900142228,10920,0,203081|203468|203994|1626209|1629117,0,PS,2020,203076,-10.0,PF,Helper,2.21,MISS Lillard 5' Driving Layup,PG,Shot Creator,5.32,
Shot Chart Detail,41900142,251,203081,Damian Lillard,1610612757,Portland Trail Blazers,2,5,4,Missed Shot,Driving Layup Shot,2PT Field Goal,Restricted Area,Center(C),Less Than 8 ft.,1,2,10,1,0,20200820,LAL,POR,41900142251,11360,0,202355|203081|203468|203994|1629014,0,PS,2020,203076,-8.0,PF,Helper,2.21,Davis BLOCK (1 BLK),PG,Shot Creator,5.32,
Shot Chart Detail,41900142,282,203081,Damian Lillard,1610612757,Portland Trail Blazers,2,2,19,Missed Shot,Pullup Jump shot,3PT Field Goal,Above the Break 3,Center(C),24+ ft.,29,-36,297,1,0,20200820,LAL,POR,41900142282,13010,0,2546|203081|203468|203994|1629018,0,PS,2020,203076,-9.0,PF,Helper,2.21,MISS Lillard 30' 3PT Pullup Jump Shot,PG,Shot Creator,5.32,
Shot Chart Detail,41900142,291,203468,CJ McCollum,1610612757,Portland Trail Blazers,2,1,26,Missed Shot,Step Back Jump shot,3PT Field Goal,Right Corner 3,Right Side(R),24+ ft.,23,231,43,1,0,20200820,LAL,POR,41900142291,13540,0,2546|203081|203468|203994|1629018,0,PS,2020,203076,-11.0,PF,Helper,2.21,MISS McCollum 3PT Step Back Jump Shot,SG,Shot Creator,1.51,
Shot Chart Detail,41900142,345,1629117,Wenyen Gabriel,1610612757,Portland Trail Blazers,3,9,31,Missed Shot,Driving Layup Shot,2PT Field Goal,Restricted Area,Center(C),Less Than 8 ft.,1,0,11,1,0,20200820,LAL,POR,41900142345,15890,0,2546|203081|203468|203994|1629117,0,PS,2020,203076|201580,-20.0,,,,,PF,Stretch Big,-0.95,
Shot Chart Detail,41900142,362,203994,Jusuf Nurkić,1610612757,Portland Trail Blazers,3,8,21,Made Shot,Jump Shot,3PT Field Goal,Above the Break 3,Left Side Center(LC),24+ ft.,26,-165,212,1,1,20200820,LAL,POR,41900142362,16590,0,2546|202355|203081|203468|203994,1,PS,2020,203076,-24.0,PF,Helper,2.21,Nurkic 27' 3PT Jump Shot (9 PTS) (McCollum 3 AST),C,Post Scorer,0.76,203468.0
Shot Chart Detail,41900142,388,203994,Jusuf Nurkić,1610612757,Portland Trail Blazers,3,5,55,Missed Shot,Driving Layup Shot,2PT Field Goal,In The Paint (Non-RA),Center(C),Less Than 8 ft.,7,67,23,1,0,20200820,LAL,POR,41900142388,18050,0,2546|202355|203081|203468|203994,0,PS,2020,203076,-25.0,PF,Helper,2.21,MISS Nurkic 7' Driving Layup,C,Post Scorer,0.76,
Shot Chart Detail,41900143,52,203081,Damian Lillard,1610612757,Portland Trail Blazers,1,7,25,Missed Shot,Driving Layup Shot,2PT Field Goal,Restricted Area,Center(C),Less Than 8 ft.,1,-14,13,1,0,20200822,POR,LAL,4190014352,2750,0,2546|203081|203468|203994|1629117,0,PS,2020,203076,5.0,PF,Helper,2.21,MISS Lillard 2' Driving Layup,PG,Shot Creator,5.32,
Shot Chart Detail,41900143,110,1629018,Gary Trent Jr.,1610612757,Portland Trail Blazers,1,3,47,Missed Shot,Jump Shot,3PT Field Goal,Above the Break 3,Left Side Center(LC),24+ ft.,26,-209,158,1,0,20200822,POR,LAL,41900143110,4930,0,203081|203994|1626209|1629014|1629018,0,PS,2020,203076,9.0,PF,Helper,2.21,MISS Trent Jr. 26' 3PT Jump Shot,SF,Movement Shooter,0.73,
Shot Chart Detail,41900143,163,1629014,Anfernee Simons,1610612757,Portland Trail Blazers,1,0,32,Missed Shot,Jump Shot,3PT Field Goal,Above the Break 3,Center(C),24+ ft.,26,-41,262,1,0,20200822,POR,LAL,41900143163,6880,0,2546|202355|203081|1629014|1629018,0,PS,2020,203076,3.0,PF,Helper,2.21,MISS Simons 27' 3PT Jump Shot,SG,Secondary Ball Handler,-1.65,
Shot Chart Detail,41900143,178,2546,Carmelo Anthony,1610612757,Portland Trail Blazers,1,0,5,Missed Shot,Driving Layup Shot,2PT Field Goal,Restricted Area,Center(C),Less Than 8 ft.,2,-5,29,1,0,20200822,POR,LAL,41900143178,7150,0,2546|202355|203081|203468|1629018,0,PS,2020,203076|202693,4.0,,,,,PF,Shot Creator,-0.47,
Shot Chart Detail,41900143,289,203468,CJ McCollum,1610612757,Portland Trail Blazers,2,5,10,Missed Shot,Pullup Jump shot,3PT Field Goal,Above the Break 3,Right Side Center(RC),24+ ft.,26,107,243,1,0,20200822,POR,LAL,41900143289,11300,0,2546|202355|203081|203468|1629014,0,PS,2020,203076,5.0,PF,Helper,2.21,MISS McCollum 27' 3PT Pullup Jump Shot,SG,Shot Creator,1.51,
Shot Chart Detail,41900143,304,203081,Damian Lillard,1610612757,Portland Trail Blazers,2,3,55,Made Shot,Jump Shot,3PT Field Goal,Above the Break 3,Left Side Center(LC),24+ ft.,26,-181,193,1,1,20200822,POR,LAL,41900143304,12050,0,2546|202355|203081|203468|1629014,1,PS,2020,203076,6.0,PF,Helper,2.21,Lillard 26' 3PT Jump Shot (19 PTS) (McCollum 2 AST),PG,Shot Creator,5.32,203468.0
Shot Chart Detail,41900143,322,203468,CJ McCollum,1610612757,Portland Trail Blazers,2,2,55,Made Shot,Jump Shot,2PT Field Goal,Mid-Range,Right Side(R),16-24 ft.,20,204,22,1,1,20200822,POR,LAL,41900143322,12650,0,2546|202355|203081|203468|1629018,0,PS,2020,203076,6.0,PF,Helper,2.21,McCollum 21' Jump Shot (17 PTS),SG,Shot Creator,1.51,
Shot Chart Detail,41900143,325,1629018,Gary Trent Jr.,1610612757,Portland Trail Blazers,2,2,26,Made Shot,Pullup Jump shot,2PT Field Goal,Mid-Range,Center(C),8-16 ft.,15,-49,148,1,1,20200822,POR,LAL,41900143325,12940,0,2546|203081|203468|1629018|1629117,0,PS,2020,203076,6.0,PF,Helper,2.21,Trent Jr. 16' Pullup Jump Shot (2 PTS),SF,Movement Shooter,0.73,
Shot Chart Detail,41900143,335,2546,Carmelo Anthony,1610612757,Portland Trail Blazers,2,1,57,Missed Shot,Turnaround Fadeaway shot,2PT Field Goal,Mid-Range,Right Side(R),8-16 ft.,11,95,69,1,0,20200822,POR,LAL,41900143335,13230,0,2546|203081|203468|1629018|1629117,0,PS,2020,203076|1628398,5.0,,,,,PF,Shot Creator,-0.47,
Shot Chart Detail,41900143,356,203468,CJ McCollum,1610612757,Portland Trail Blazers,2,0,45,Missed Shot,Jump Shot,3PT Field Goal,Left Corner 3,Left Side(L),24+ ft.,22,-226,-8,1,0,20200822,POR,LAL,41900143356,13950,0,2546|203081|203468|1629018|1629117,0,PS,2020,203076,1.0,PF,Helper,2.21,MISS McCollum 3PT Jump Shot,SG,Shot Creator,1.51,
Shot Chart Detail,41900143,395,203994,Jusuf Nurkić,1610612757,Portland Trail Blazers,3,10,19,Made Shot,Cutting Dunk Shot,2PT Field Goal,Restricted Area,Center(C),Less Than 8 ft.,1,0,14,1,1,20200822,POR,LAL,41900143395,15410,0,2546|202355|203081|203468|203994,1,PS,2020,203076,6.0,PF,Helper,2.21,Nurkic 1' Cutting Dunk Shot (6 PTS) (Lillard 3 AST),C,Post Scorer,0.76,203081.0
Shot Chart Detail,41900143,399,203081,Damian Lillard,1610612757,Portland Trail Blazers,3,9,38,Missed Shot,Jump Shot,2PT Field Goal,Mid-Range,Right Side Center(RC),16-24 ft.,17,110,134,1,0,20200822,POR,LAL,41900143399,15820,0,2546|202355|203081|203468|203994,0,PS,2020,201980|203076,3.0,,,,,PG,Shot Creator,5.32,
Shot Chart Detail,41900143,656,1629018,Gary Trent Jr.,1610612757,Portland Trail Blazers,4,1,24,Missed Shot,Jump Shot,2PT Field Goal,Mid-Range,Right Side(R),8-16 ft.,14,117,89,1,0,20200822,POR,LAL,41900143656,27960,0,2546|203081|203468|203994|1629018,0,PS,2020,203076,-11.0,PF,Helper,2.21,MISS Trent Jr. 15' Jump Shot,SF,Movement Shooter,0.73,
Shot Chart Detail,41900143,665,203468,CJ McCollum,1610612757,Portland Trail Blazers,4,1,15,Missed Shot,Driving Layup Shot,2PT Field Goal,Restricted Area,Center(C),Less Than 8 ft.,2,-20,0,1,0,20200822,POR,LAL,41900143665,28050,0,2546|203081|203468|203994|1629018,0,PS,2020,203076,-11.0,PF,Helper,2.21,MISS McCollum 2' Driving Layup,SG,Shot Creator,1.51,
Shot Chart Detail,41900144,20,203468,CJ McCollum,1610612757,Portland Trail Blazers,1,10,1,Missed Shot,Driving Layup Shot,2PT Field Goal,Restricted Area,Center(C),Less Than 8 ft.,0,-2,7,1,0,20200824,POR,LAL,4190014420,1190,0,2546|202355|203081|203468|203994,0,PS,2020,203076,-5.0,PF,Helper,2.21,MISS McCollum 1' Driving Layup,SG,Shot Creator,1.51,
Shot Chart Detail,41900144,54,203468,CJ McCollum,1610612757,Portland Trail Blazers,1,7,44,Made Shot,Pullup Jump shot,2PT Field Goal,Mid-Range,Left Side Center(LC),16-24 ft.,19,-83,178,1,1,20200824,POR,LAL,4190014454,2560,0,2546|202355|203081|203468|203994,1,PS,2020,203076,-13.0,PF,Helper,2.21,McCollum 20' Pullup Jump Shot (2 PTS) (Lillard 1 AST),SG,Shot Creator,1.51,203081.0
Shot Chart Detail,41900144,76,2546,Carmelo Anthony,1610612757,Portland Trail Blazers,1,6,12,Missed Shot,Running Jump Shot,3PT Field Goal,Above the Break 3,Left Side Center(LC),24+ ft.,25,-214,146,1,0,20200824,POR,LAL,4190014476,3480,0,2546|203081|203468|203994|1629018,0,PS,2020,203076,-14.0,PF,Helper,2.21,MISS Anthony 26' 3PT Running Jump Shot,PF,Shot Creator,-0.47,
Shot Chart Detail,41900144,94,203994,Jusuf Nurkić,1610612757,Portland Trail Blazers,1,5,9,Made Shot,Putback Dunk Shot,2PT Field Goal,Restricted Area,Center(C),Less Than 8 ft.,0,-9,-1,1,1,20200824,POR,LAL,4190014494,4110,0,2546|203081|203468|203994|1629018,0,PS,2020,1628398|1627936|203076,,,,,,C,Post Scorer,0.76,
Shot Chart Detail,41900144,113,203994,Jusuf Nurkić,1610612757,Portland Trail Blazers,1,4,15,Made Shot,Putback Dunk Shot,2PT Field Goal,Restricted Area,Center(C),Less Than 8 ft.,0,-5,5,1,1,20200824,POR,LAL,41900144113,4650,0,2546|203081|203468|203994|1629018,0,PS,2020,203076,,PF,Helper,2.21,Nurkic 1' Putback Dunk (8 PTS),C,Post Scorer,0.76,
Shot Chart Detail,41900144,125,203994,Jusuf Nurkić,1610612757,Portland Trail Blazers,1,3,23,Made Shot,Driving Hook Shot,2PT Field Goal,Restricted Area,Center(C),Less Than 8 ft.,3,-24,31,1,1,20200824,POR,LAL,41900144125,5170,0,203081|203468|203994|1626209|1629018,1,PS,2020,202693|203076,-18.0,,,,,C,Post Scorer,0.76,203081.0
Shot Chart Detail,41900144,142,203081,Damian Lillard,1610612757,Portland Trail Blazers,1,2,17,Missed Shot,Driving Reverse Layup Shot,2PT Field Goal,Restricted Area,Center(C),Less Than 8 ft.,0,-1,4,1,0,20200824,POR,LAL,41900144142,5830,0,202355|203081|1626209|1629014|1629018,0,PS,2020,203076,-18.0,PF,Helper,2.21,MISS Lillard Driving Reverse Layup,PG,Shot Creator,5.32,
Shot Chart Detail,41900144,297,203081,Damian Lillard,1610612757,Portland Trail Blazers,2,4,22,Made Shot,Step Back Jump shot,2PT Field Goal,Mid-Range,Left Side Center(LC),16-24 ft.,22,-114,199,1,1,20200824,POR,LAL,41900144297,11780,0,2546|203081|203468|203994|1629018,0,PS,2020,203076,-18.0,PF,Helper,2.21,Lillard 23' Step Back Jump Shot (9 PTS),PG,Shot Creator,5.32,
Shot Chart Detail,41900144,310,203468,CJ McCollum,1610612757,Portland Trail Blazers,2,3,4,Made Shot,Running Reverse Layup Shot,2PT Field Goal,Restricted Area,Center(C),Less Than 8 ft.,0,-8,2,1,1,20200824,POR,LAL,41900144310,12560,0,2546|203081|203468|203994|1629018,0,PS,2020,203076,-19.0,PF,Helper,2.21,McCollum 1' Running Reverse Layup (8 PTS),SG,Shot Creator,1.51,
Shot Chart Detail,41900144,353,203994,Jusuf Nurkić,1610612757,Portland Trail Blazers,3,11,41,Made Shot,Hook Bank Shot,2PT Field Goal,Restricted Area,Center(C),Less Than 8 ft.,0,-4,5,1,1,20200824,POR,LAL,41900144353,14590,0,2546|203081|203468|203994|1629018,0,PS,2020,203076|201580,-27.0,,,,,C,Post Scorer,0.76,
Shot Chart Detail,41900145,16,203994,Jusuf Nurkić,1610612757,Portland Trail Blazers,1,10,45,Missed Shot,Jump Shot,3PT Field Goal,Above the Break 3,Left Side Center(LC),24+ ft.,24,-209,129,1,0,20200829,LAL,POR,4190014516,750,0,2546|202355|203468|203994|1629018,0,PS,2020,203076,2.0,PF,Helper,2.21,MISS Nurkic 25' 3PT Jump Shot,C,Post Scorer,0.76,
Shot Chart Detail,41900145,71,2546,Carmelo Anthony,1610612757,Portland Trail Blazers,1,5,55,Missed Shot,Pullup Jump shot,2PT Field Goal,Mid-Range,Right Side(R),16-24 ft.,20,174,116,1,0,20200829,LAL,POR,4190014571,3650,0,2546|202355|203468|203994|1629018,0,PS,2020,203076,1.0,PF,Helper,2.21,MISS Anthony 21' Pullup Jump Shot,PF,Shot Creator,-0.47,
Shot Chart Detail,41900145,198,2546,Carmelo Anthony,1610612757,Portland Trail Blazers,2,11,21,Missed Shot,Pullup Jump shot,2PT Field Goal,Mid-Range,Right Side(R),8-16 ft.,12,126,-18,1,0,20200829,LAL,POR,41900145198,7590,0,2546|202355|203468|1629014|1629658,0,PS,2020,203484|203076,-4.0,,,,,PF,Shot Creator,-0.47,
Shot Chart Detail,41900145,224,2546,Carmelo Anthony,1610612757,Portland Trail Blazers,2,9,0,Made Shot,Jump Shot,3PT Field Goal,Right Corner 3,Right Side(R),24+ ft.,24,230,72,1,1,20200829,LAL,POR,41900145224,9000,0,2546|202355|203468|1629014|1629018,1,PS,2020,203076,-0.0,PF,Helper,2.21,Anthony 24' 3PT Jump Shot (7 PTS) (Simons 1 AST),PF,Shot Creator,-0.47,1629014.0
Shot Chart Detail,41900145,238,203468,CJ McCollum,1610612757,Portland Trail Blazers,2,7,54,Missed Shot,Pullup Jump shot,2PT Field Goal,Mid-Range,Right Side(R),16-24 ft.,19,175,93,1,0,20200829,LAL,POR,41900145238,9660,0,2546|203468|203994|1629014|1629018,0,PS,2020,203076,-4.0,PF,Helper,2.21,MISS McCollum 20' Pullup Jump Shot,SG,Shot Creator,1.51,
Shot Chart Detail,41900145,242,2546,Carmelo Anthony,1610612757,Portland Trail Blazers,2,7,37,Made Shot,Pullup Jump shot,2PT Field Goal,In The Paint (Non-RA),Center(C),8-16 ft.,13,19,138,1,1,20200829,LAL,POR,41900145242,9830,0,2546|203468|203994|1629014|1629018,0,PS,2020,203076,-2.0,PF,Helper,2.21,Anthony 14' Pullup Jump Shot (9 PTS),PF,Shot Creator,-0.47,
Shot Chart Detail,41900145,258,203468,CJ McCollum,1610612757,Portland Trail Blazers,2,6,5,Missed Shot,Pullup Jump shot,3PT Field Goal,Above the Break 3,Center(C),24+ ft.,24,-49,242,1,0,20200829,LAL,POR,41900145258,10750,0,2546|203468|203994|1629014|1629018,0,PS,2020,203484|203076,-0.0,,,,,SG,Shot Creator,1.51,
Shot Chart Detail,41900145,289,203994,Jusuf Nurkić,1610612757,Portland Trail Blazers,2,3,6,Missed Shot,Layup Shot,2PT Field Goal,Restricted Area,Center(C),Less Than 8 ft.,1,5,17,1,0,20200829,LAL,POR,41900145289,12540,0,2546|203468|203994|1629018|1629658,0,PS,2020,201980|203076,4.0,,,,,C,Post Scorer,0.76,
Shot Chart Detail,41900145,291,203994,Jusuf Nurkić,1610612757,Portland Trail Blazers,2,3,1,Made Shot,Putback Layup Shot,2PT Field Goal,Restricted Area,Center(C),Less Than 8 ft.,0,0,-6,1,1,20200829,LAL,POR,41900145291,12590,0,2546|203468|203994|1629018|1629658,0,PS,2020,201980|2544|203076,6.0,,,,,C,Post Scorer,0.76,
Shot Chart Detail,41900145,301,2546,Carmelo Anthony,1610612757,Portland Trail Blazers,2,1,43,Missed Shot,Jump Shot,2PT Field Goal,Mid-Range,Right Side(R),8-16 ft.,11,115,19,1,0,20200829,LAL,POR,41900145301,13370,0,2546|203468|203994|1629018|1629658,0,PS,2020,201980|203076,6.0,,,,,PF,Shot Creator,-0.47,
Shot Chart Detail,41900145,316,203994,Jusuf Nurkić,1610612757,Portland Trail Blazers,2,1,11,Missed Shot,Driving Reverse Layup Shot,2PT Field Goal,Restricted Area,Center(C),Less Than 8 ft.,1,18,-1,1,0,20200829,LAL,POR,41900145316,13690,0,2546|203468|203994|1629018|1629658,0,PS,2020,2730|203076,5.0,,,,,C,Post Scorer,0.76,
Shot Chart Detail,41900145,328,1629018,Gary Trent Jr.,1610612757,Portland Trail Blazers,2,0,19,Missed Shot,Step Back Jump shot,2PT Field Goal,Mid-Range,Left Side Center(LC),16-24 ft.,23,-154,177,1,0,20200829,LAL,POR,41900145328,14210,0,2546|203468|203994|1629018|1629658,0,PS,2020,203076,3.0,PF,Helper,2.21,MISS Trent Jr. 23' Step Back Jump Shot,SF,Movement Shooter,0.73,
Shot Chart Detail,41900145,344,203994,Jusuf Nurkić,1610612757,Portland Trail Blazers,3,11,28,Missed Shot,Jump Shot,3PT Field Goal,Above the Break 3,Left Side Center(LC),24+ ft.,26,-195,179,1,0,20200829,LAL,POR,41900145344,14720,0,2546|202355|203468|203994|1629018,0,PS,2020,203076,-2.0,PF,Helper,2.21,MISS Nurkic 26' 3PT Jump Shot,C,Post Scorer,0.76,
Shot Chart Detail,41900145,421,203468,CJ McCollum,1610612757,Portland Trail Blazers,3,5,51,Missed Shot,Driving Layup Shot,2PT Field Goal,Restricted Area,Center(C),Less Than 8 ft.,2,-6,26,1,0,20200829,LAL,POR,41900145421,18090,0,2546|203468|203994|1629018|1629658,0,PS,2020,201980|203076,-14.0,,,,,SG,Shot Creator,1.51,
Shot Chart Detail,41900221,8,201935,James Harden,1610612745,Houston Rockets,1,11,12,Missed Shot,Driving Layup Shot,2PT Field Goal,Restricted Area,Center(C),Less Than 8 ft.,2,-19,11,1,0,20200904,LAL,HOU,419002218,480,0,200782|201566|201569|201935|203496,0,PS,2020,203076|201980,-2.0,,,,,SG,Shot Creator,6.9,
Shot Chart Detail,41900221,12,201566,Russell Westbrook,1610612745,Houston Rockets,1,10,47,Missed Shot,Driving Reverse Layup Shot,2PT Field Goal,Restricted Area,Center(C),Less Than 8 ft.,3,-31,19,1,0,20200904,LAL,HOU,4190022112,730,0,200782|201566|201569|201935|203496,0,PS,2020,203076,-2.0,PF,Helper,2.21,Davis BLOCK (1 BLK),PG,Shot Creator,1.67,
Shot Chart Detail,41900221,29,200782,P.J. Tucker,1610612745,Houston Rockets,1,9,6,Made Shot,Jump Shot,3PT Field Goal,Left Corner 3,Left Side(L),24+ ft.,22,-223,-6,1,1,20200904,LAL,HOU,4190022129,1740,0,200782|201566|201569|201935|203496,1,PS,2020,203076,-2.0,PF,Helper,2.21,Tucker 3PT Jump Shot (3 PTS) (Harden 1 AST),PF,Athletic Finisher,-1.42,201935.0
Shot Chart Detail,41900221,77,201935,James Harden,1610612745,Houston Rockets,1,4,24,Made Shot,Driving Layup Shot,2PT Field Goal,Restricted Area,Center(C),Less Than 8 ft.,2,-22,8,1,1,20200904,LAL,HOU,4190022177,4560,0,201145|201935|203463|203496|1627863,0,PS,2020,203076|201980,1.0,,,,,SG,Shot Creator,6.9,
Shot Chart Detail,41900221,80,201935,James Harden,1610612745,Houston Rockets,1,3,57,Made Shot,Step Back Jump shot,3PT Field Goal,Above the Break 3,Center(C),24+ ft.,24,-30,245,1,1,20200904,LAL,HOU,4190022180,4830,0,201145|201935|203463|203496|1627863,1,PS,2020,203076,4.0,PF,Helper,2.21,Harden 25' 3PT Step Back Jump Shot (12 PTS) (Green 1 AST),SG,Shot Creator,6.9,201145.0
Shot Chart Detail,41900221,123,201145,Jeff Green,1610612745,Houston Rockets,1,0,54,Made Shot,Floating Jump shot,2PT Field Goal,Mid-Range,Right Side(R),8-16 ft.,10,96,42,1,1,20200904,LAL,HOU,41900221123,6660,0,200782|201145|201566|201569|203085,1,PS,2020,203076|1628398,5.0,,,,,PF-C,Athletic Finisher,-1.29,201566.0
Shot Chart Detail,41900221,255,203496,Robert Covington,1610612745,Houston Rockets,2,4,53,Made Shot,Jump Shot,3PT Field Goal,Left Corner 3,Left Side(L),24+ ft.,22,-221,-6,1,1,20200904,LAL,HOU,41900221255,11470,0,201145|201569|201935|203496|1627863,1,PS,2020,203076,6.0,PF,Helper,2.21,Covington 3PT Jump Shot (6 PTS) (Green 2 AST),PF-C,Movement Shooter,-0.34,201145.0
Shot Chart Detail,41900221,285,201566,Russell Westbrook,1610612745,Houston Rockets,2,2,22,Missed Shot,Jump Shot,2PT Field Goal,Mid-Range,Center(C),8-16 ft.,15,-2,150,1,0,20200904,LAL,HOU,41900221285,12980,0,200782|201566|201935|203496|1627863,0,PS,2020,203076,2.0,PF,Helper,2.21,Davis BLOCK (2 BLK),PG,Shot Creator,1.67,
Shot Chart Detail,41900221,419,201145,Jeff Green,1610612745,Houston Rockets,3,4,17,Made Shot,Cutting Layup Shot,2PT Field Goal,Restricted Area,Center(C),Less Than 8 ft.,2,18,13,1,1,20200904,LAL,HOU,41900221419,19030,0,201145|201935|203085|203496|1627863,1,PS,2020,203076,5.0,PF,Helper,2.21,Green 2' Cutting Layup Shot (4 PTS) (Harden 4 AST),PF-C,Athletic Finisher,-1.29,201935.0
Shot Chart Detail,41900221,445,201566,Russell Westbrook,1610612745,Houston Rockets,3,2,28,Missed Shot,Jump Shot,3PT Field Goal,Above the Break 3,Left Side Center(LC),24+ ft.,24,-220,110,1,0,20200904,LAL,HOU,41900221445,20120,0,200782|201145|201566|203085|1627863,0,PS,2020,203076,3.0,PF,Helper,2.21,MISS Westbrook 25' 3PT Jump Shot,PG,Shot Creator,1.67,
Shot Chart Detail,41900221,454,201566,Russell Westbrook,1610612745,Houston Rockets,3,1,39,Missed Shot,Pullup Jump shot,2PT Field Goal,Mid-Range,Right Side(R),8-16 ft.,11,81,75,1,0,20200904,LAL,HOU,41900221454,20610,0,200782|201145|201566|203085|203496,0,PS,2020,203076,2.0,PF,Helper,2.21,MISS Westbrook 11' Pullup Jump Shot,PG,Shot Creator,1.67,
Shot Chart Detail,41900221,467,201566,Russell Westbrook,1610612745,Houston Rockets,3,0,39,Made Shot,Pullup Jump shot,2PT Field Goal,Mid-Range,Left Side Center(LC),16-24 ft.,21,-72,202,1,1,20200904,LAL,HOU,41900221467,21210,0,200782|201145|201566|203085|203496,0,PS,2020,203076,7.0,PF,Helper,2.21,Westbrook 21' Pullup Jump Shot (15 PTS),PG,Shot Creator,1.67,
Shot Chart Detail,41900221,517,201566,Russell Westbrook,1610612745,Houston Rockets,4,9,9,Made Shot,Jump Shot,3PT Field Goal,Left Corner 3,Left Side(L),24+ ft.,24,-236,81,1,1,20200904,LAL,HOU,41900221517,23310,0,200782|201145|201566|201569|203085,0,PS,2020,203076,15.0,PF,Helper,2.21,Westbrook 25' 3PT Jump Shot (20 PTS),PG,Shot Creator,1.67,
Shot Chart Detail,41900221,540,201569,Eric Gordon,1610612745,Houston Rockets,4,7,54,Made Shot,Cutting Layup Shot,2PT Field Goal,Restricted Area,Center(C),Less Than 8 ft.,3,-32,10,1,1,20200904,LAL,HOU,41900221540,24060,0,200782|201145|201569|201935|203496,1,PS,2020,203076,17.0,PF,Helper,2.21,Gordon 3' Cutting Layup Shot (23 PTS) (Covington 2 AST),SF,Movement Shooter,0.69,203496.0
Shot Chart Detail,41900221,546,201935,James Harden,1610612745,Houston Rockets,4,7,15,Made Shot,Floating Jump shot,2PT Field Goal,In The Paint (Non-RA),Center(C),Less Than 8 ft.,4,-12,48,1,1,20200904,LAL,HOU,41900221546,24450,0,200782|201145|201569|201935|203496,0,PS,2020,203076|201980,19.0,,,,,SG,Shot Creator,6.9,
Shot Chart Detail,41900221,560,201566,Russell Westbrook,1610612745,Houston Rockets,4,6,38,Missed Shot,Jump Shot,3PT Field Goal,Above the Break 3,Right Side Center(RC),24+ ft.,28,136,254,1,0,20200904,LAL,HOU,41900221560,24820,0,200782|201566|201569|201935|203496,0,PS,2020,203076,17.0,PF,Helper,2.21,MISS Westbrook 29' 3PT Jump Shot,PG,Shot Creator,1.67,
Shot Chart Detail,41900221,570,201935,James Harden,1610612745,Houston Rockets,4,6,4,Missed Shot,Driving Floating Bank Jump Shot,2PT Field Goal,In The Paint (Non-RA),Center(C),Less Than 8 ft.,4,-25,32,1,0,20200904,LAL,HOU,41900221570,25160,0,200782|201566|201569|201935|203496,0,PS,2020,203076|201980,17.0,,,,,SG,Shot Creator,6.9,
Shot Chart Detail,41900222,14,200782,P.J. Tucker,1610612745,Houston Rockets,1,10,57,Missed Shot,Jump Shot,3PT Field Goal,Right Corner 3,Right Side(R),24+ ft.,22,228,1,1,0,20200906,LAL,HOU,4190022214,630,0,200782|201566|201569|201935|203496,0,PS,2020,203076,-0.0,PF,Helper,2.21,MISS Tucker 3PT Jump Shot,PF,Athletic Finisher,-1.42,
Shot Chart Detail,41900222,34,201566,Russell Westbrook,1610612745,Houston Rockets,1,9,23,Missed Shot,Jump Shot,3PT Field Goal,Above the Break 3,Right Side Center(RC),24+ ft.,26,147,224,1,0,20200906,LAL,HOU,4190022234,1570,0,200782|201566|201569|201935|203496,0,PS,2020,203076,2.0,PF,Helper,2.21,MISS Westbrook 27' 3PT Jump Shot,PG,Shot Creator,1.67,
Shot Chart Detail,41900222,49,201566,Russell Westbrook,1610612745,Houston Rockets,1,7,51,Missed Shot,Pullup Jump shot,2PT Field Goal,In The Paint (Non-RA),Center(C),8-16 ft.,12,3,124,1,0,20200906,LAL,HOU,4190022249,2490,0,200782|201566|201569|201935|203496,0,PS,2020,203076,-0.0,PF,Helper,2.21,MISS Westbrook 12' Pullup Jump Shot,PG,Shot Creator,1.67,
Shot Chart Detail,41900222,71,201569,Eric Gordon,1610612745,Houston Rockets,1,5,49,Missed Shot,Driving Layup Shot,2PT Field Goal,Restricted Area,Center(C),Less Than 8 ft.,1,5,11,1,0,20200906,LAL,HOU,4190022271,3710,0,200782|201145|201569|201935|1627863,0,PS,2020,201980|203076,-1.0,,,,,SF,Movement Shooter,0.69,
Shot Chart Detail,41900222,94,201935,James Harden,1610612745,Houston Rockets,1,4,52,Missed Shot,Driving Floating Jump Shot,2PT Field Goal,In The Paint (Non-RA),Center(C),8-16 ft.,9,8,93,1,0,20200906,LAL,HOU,4190022294,4280,0,201145|201935|203085|203496|1627863,0,PS,2020,200765|203076,-4.0,,,,,SG,Shot Creator,6.9,
Shot Chart Detail,41900222,106,203496,Robert Covington,1610612745,Houston Rockets,1,3,58,Missed Shot,Turnaround Jump Shot,3PT Field Goal,Above the Break 3,Left Side Center(LC),24+ ft.,26,-130,235,1,0,20200906,LAL,HOU,41900222106,4820,0,201145|201935|203085|203496|1627863,0,PS,2020,200765|203076,-6.0,,,,,PF-C,Movement Shooter,-0.34,
Shot Chart Detail,41900222,251,1627863,Danuel House Jr.,1610612745,Houston Rockets,2,4,47,Made Shot,Driving Layup Shot,2PT Field Goal,Restricted Area,Center(C),Less Than 8 ft.,1,9,9,1,1,20200906,LAL,HOU,41900222251,11530,0,201145|201566|201935|203496|1627863,0,PS,2020,203076,-9.0,PF,Helper,2.21,House Jr. 1' Driving Layup (11 PTS),SF,Movement Shooter,0.26,
Shot Chart Detail,41900222,265,203496,Robert Covington,1610612745,Houston Rockets,2,4,2,Missed Shot,Jump Shot,3PT Field Goal,Above the Break 3,Right Side Center(RC),24+ ft.,25,207,145,1,0,20200906,LAL,HOU,41900222265,11980,0,201145|201566|201935|203496|1627863,0,PS,2020,203076,-12.0,PF,Helper,2.21,MISS Covington 25' 3PT Jump Shot,PF-C,Movement Shooter,-0.34,
Shot Chart Detail,41900222,327,201569,Eric Gordon,1610612745,Houston Rockets,3,10,51,Made Shot,Jump Shot,3PT Field Goal,Above the Break 3,Right Side Center(RC),24+ ft.,26,162,210,1,1,20200906,LAL,HOU,41900222327,15090,0,200782|201566|201569|201935|203496,1,PS,2020,203076,-10.0,PF,Helper,2.21,Gordon 27' 3PT Jump Shot (21 PTS) (Harden 5 AST),SF,Movement Shooter,0.69,201935.0
Shot Chart Detail,41900222,346,201935,James Harden,1610612745,Houston Rockets,3,9,19,Made Shot,Step Back Jump shot,3PT Field Goal,Above the Break 3,Center(C),24+ ft.,25,18,254,1,1,20200906,LAL,HOU,41900222346,16010,0,200782|201566|201569|201935|203496,0,PS,2020,203076,-2.0,PF,Helper,2.21,Harden 25' 3PT Step Back Jump Shot (15 PTS),SG,Shot Creator,6.9,
Shot Chart Detail,41900222,435,1627863,Danuel House Jr.,1610612745,Houston Rockets,3,3,25,Made Shot,Driving Layup Shot,2PT Field Goal,Restricted Area,Center(C),Less Than 8 ft.,1,0,11,1,1,20200906,LAL,HOU,41900222435,19550,0,200782|201145|201935|203463|1627863,1,PS,2020,203076,5.0,PF,Helper,2.21,House Jr. 1' Driving Layup (13 PTS) (McLemore 2 AST),SF,Movement Shooter,0.26,203463.0
Shot Chart Detail,41900222,486,201566,Russell Westbrook,1610612745,Houston Rockets,3,0,25,Made Shot,Jump Shot,3PT Field Goal,Above the Break 3,Left Side Center(LC),24+ ft.,26,-199,172,1,1,20200906,LAL,HOU,41900222486,21350,0,200782|201145|201566|201569|203496,0,PS,2020,203076,4.0,PF,Helper,2.21,Westbrook 26' 3PT Jump Shot (7 PTS),PG,Shot Creator,1.67,
Shot Chart Detail,41900223,56,203496,Robert Covington,1610612745,Houston Rockets,1,6,5,Made Shot,Tip Layup Shot,2PT Field Goal,Restricted Area,Center(C),Less Than 8 ft.,0,0,-6,1,1,20200908,HOU,LAL,4190022356,3550,0,200782|201566|201569|201935|203496,0,PS,2020,201980|203076,4.0,,,,,PF-C,Movement Shooter,-0.34,
Shot Chart Detail,41900223,61,201566,Russell Westbrook,1610612745,Houston Rockets,1,5,30,Missed Shot,Pullup Jump shot,2PT Field Goal,Mid-Range,Right Side(R),8-16 ft.,15,146,47,1,0,20200908,HOU,LAL,4190022361,3900,0,200782|201566|201569|201935|203496,0,PS,2020,203076,2.0,PF,Helper,2.21,MISS Westbrook 15' Pullup Jump Shot,PG,Shot Creator,1.67,
Shot Chart Detail,41900223,102,201145,Jeff Green,1610612745,Houston Rockets,1,2,52,Made Shot,Driving Dunk Shot,2PT Field Goal,Restricted Area,Center(C),Less Than 8 ft.,2,26,5,1,1,20200908,HOU,LAL,41900223102,5480,0,200782|201145|201935|203085|203463,1,PS,2020,203076,,PF,Helper,2.21,Green 3' Driving Dunk (2 PTS) (Harden 3 AST),PF-C,Athletic Finisher,-1.29,201935.0
Shot Chart Detail,41900223,196,200782,P.J. Tucker,1610612745,Houston Rockets,2,8,13,Missed Shot,Driving Floating Jump Shot,2PT Field Goal,In The Paint (Non-RA),Left Side(L),8-16 ft.,8,-45,68,1,0,20200908,HOU,LAL,41900223196,9470,0,200782|201566|201569|201935|203496,0,PS,2020,203076,4.0,PF,Helper,2.21,MISS Tucker 8' Driving Floating Jump Shot,PF,Athletic Finisher,-1.42,
Shot Chart Detail,41900223,257,201935,James Harden,1610612745,Houston Rockets,2,2,23,Missed Shot,Driving Layup Shot,2PT Field Goal,Restricted Area,Center(C),Less Than 8 ft.,2,-7,27,1,0,20200908,HOU,LAL,41900223257,12970,0,201145|201566|201569|201935|203496,0,PS,2020,2544|203076,2.0,,,,,SG,Shot Creator,6.9,
Shot Chart Detail,41900223,279,201566,Russell Westbrook,1610612745,Houston Rockets,2,1,7,Missed Shot,Pullup Jump shot,2PT Field Goal,Mid-Range,Right Side Center(RC),16-24 ft.,21,109,183,1,0,20200908,HOU,LAL,41900223279,13730,0,201145|201566|201569|201935|203496,0,PS,2020,203076,2.0,PF,Helper,2.21,MISS Westbrook 21' Pullup Jump Shot,PG,Shot Creator,1.67,
Shot Chart Detail,41900223,294,201935,James Harden,1610612745,Houston Rockets,2,0,2,Made Shot,Tip Layup Shot,2PT Field Goal,Restricted Area,Center(C),Less Than 8 ft.,0,0,-6,1,1,20200908,HOU,LAL,41900223294,14380,0,201145|201566|201569|201935|203496,0,PS,2020,2544|203076,3.0,,,,,SG,Shot Creator,6.9,
Shot Chart Detail,41900223,338,201566,Russell Westbrook,1610612745,Houston Rockets,3,9,5,Missed Shot,Step Back Jump shot,2PT Field Goal,In The Paint (Non-RA),Center(C),8-16 ft.,9,-27,93,1,0,20200908,HOU,LAL,41900223338,16150,0,200782|201566|201569|201935|203496,0,PS,2020,203076,3.0,PF,Helper,2.21,MISS Westbrook 10' Step Back Jump Shot,PG,Shot Creator,1.67,
Shot Chart Detail,41900223,345,201569,Eric Gordon,1610612745,Houston Rockets,3,8,36,Missed Shot,Jump Shot,3PT Field Goal,Above the Break 3,Right Side Center(RC),24+ ft.,25,161,193,1,0,20200908,HOU,LAL,41900223345,16440,0,200782|201566|201569|201935|203496,0,PS,2020,203076,2.0,PF,Helper,2.21,MISS Gordon 25' 3PT Jump Shot,SF,Movement Shooter,0.69,
Shot Chart Detail,41900223,411,201935,James Harden,1610612745,Houston Rockets,3,2,46,Made Shot,Driving Finger Roll Layup Shot,2PT Field Goal,Restricted Area,Center(C),Less Than 8 ft.,2,-2,21,1,1,20200908,HOU,LAL,41900223411,19940,0,200782|201145|201935|203085|203496,0,PS,2020,203076,1.0,PF,Helper,2.21,Harden 2' Driving Finger Roll Layup (28 PTS),SG,Shot Creator,6.9,
Shot Chart Detail,41900223,536,201566,Russell Westbrook,1610612745,Houston Rockets,4,4,1,Made Shot,Cutting Layup Shot,2PT Field Goal,Restricted Area,Center(C),Less Than 8 ft.,1,-13,-1,1,1,20200908,HOU,LAL,41900223536,26390,0,200782|201145|201566|201569|201935,1,PS,2020,203076,-10.0,PF,Helper,2.21,Westbrook 1' Cutting Layup Shot (24 PTS) (Gordon 4 AST),PG,Shot Creator,1.67,201569.0
Shot Chart Detail,41900223,549,201566,Russell Westbrook,1610612745,Houston Rockets,4,2,29,Made Shot,Turnaround Fadeaway Bank Jump Shot,2PT Field Goal,In The Paint (Non-RA),Center(C),Less Than 8 ft.,6,-49,38,1,1,20200908,HOU,LAL,41900223549,27310,0,200782|201145|201566|201569|201935,0,PS,2020,203076,-10.0,PF,Helper,2.21,Westbrook 6' Turnaround Fadeaway Bank Jump Shot (26 PTS),PG,Shot Creator,1.67,
Shot Chart Detail,41900223,563,201935,James Harden,1610612745,Houston Rockets,4,0,48,Made Shot,Step Back Jump shot,3PT Field Goal,Right Corner 3,Right Side(R),24+ ft.,23,236,-1,1,1,20200908,HOU,LAL,41900223563,28320,0,200782|201145|201566|201569|201935,0,PS,2020,203076,-8.0,PF,Helper,2.21,Harden 24' 3PT Step Back Jump Shot (33 PTS),SG,Shot Creator,6.9,
Shot Chart Detail,41900224,22,201566,Russell Westbrook,1610612745,Houston Rockets,1,9,54,Made Shot,Jump Bank Shot,2PT Field Goal,Mid-Range,Left Side(L),16-24 ft.,16,-159,57,1,1,20200910,HOU,LAL,4190022422,1260,0,200782|201566|201569|201935|203496,1,PS,2020,203076,0.0,PF,Helper,2.21,Westbrook 17' Jump Bank Shot (2 PTS) (Harden 1 AST),PG,Shot Creator,1.67,201935.0
Shot Chart Detail,41900224,27,201566,Russell Westbrook,1610612745,Houston Rockets,1,9,19,Missed Shot,Driving Layup Shot,2PT Field Goal,Restricted Area,Center(C),Less Than 8 ft.,1,16,10,1,0,20200910,HOU,LAL,4190022427,1610,0,200782|201566|201569|201935|203496,0,PS,2020,203076,-2.0,PF,Helper,2.21,MISS Westbrook 2' Driving Layup,PG,Shot Creator,1.67,
Shot Chart Detail,41900224,36,201569,Eric Gordon,1610612745,Houston Rockets,1,8,23,Made Shot,Driving Layup Shot,2PT Field Goal,Restricted Area,Center(C),Less Than 8 ft.,3,-30,18,1,1,20200910,HOU,LAL,4190022436,2170,0,200782|201566|201569|201935|203496,0,PS,2020,203076,-5.0,PF,Helper,2.21,Gordon 3' Driving Layup (2 PTS),SF,Movement Shooter,0.69,
Shot Chart Detail,41900224,51,203463,Ben McLemore,1610612745,Houston Rockets,1,6,46,Made Shot,Jump Shot,3PT Field Goal,Right Corner 3,Right Side(R),24+ ft.,22,223,-14,1,1,20200910,HOU,LAL,4190022451,3140,0,200782|201566|201935|203463|203496,1,PS,2020,203076,-4.0,PF,Helper,2.21,McLemore 3PT Jump Shot (3 PTS) (Westbrook 1 AST),SF,Movement Shooter,0.25,201566.0
Shot Chart Detail,41900224,66,201935,James Harden,1610612745,Houston Rockets,1,5,34,Made Shot,Driving Layup Shot,2PT Field Goal,In The Paint (Non-RA),Center(C),Less Than 8 ft.,4,-40,12,1,1,20200910,HOU,LAL,4190022466,3860,0,200782|201145|201566|201935|203463,0,PS,2020,203076|201980,-4.0,,,,,SG,Shot Creator,6.9,
Shot Chart Detail,41900224,78,201935,James Harden,1610612745,Houston Rockets,1,5,1,Missed Shot,Driving Floating Jump Shot,2PT Field Goal,In The Paint (Non-RA),Center(C),Less Than 8 ft.,7,-54,50,1,0,20200910,HOU,LAL,4190022478,4190,0,200782|201145|201935|203085|203463,0,PS,2020,203076|203484|201980,-4.0,,,,,SG,Shot Creator,6.9,
Shot Chart Detail,41900224,120,200782,P.J. Tucker,1610612745,Houston Rockets,1,2,39,Missed Shot,Jump Shot,3PT Field Goal,Left Corner 3,Left Side(L),24+ ft.,23,-234,-3,1,0,20200910,HOU,LAL,41900224120,5610,0,200782|201145|201569|203085|203496,0,PS,2020,203076,-5.0,PF,Helper,2.21,MISS Tucker 3PT Jump Shot,PF,Athletic Finisher,-1.42,
Shot Chart Detail,41900224,135,201566,Russell Westbrook,1610612745,Houston Rockets,1,1,46,Made Shot,Cutting Layup Shot,2PT Field Goal,Restricted Area,Center(C),Less Than 8 ft.,1,-13,13,1,1,20200910,HOU,LAL,41900224135,6140,0,201145|201566|201569|201935|203496,1,PS,2020,203076,-5.0,PF,Helper,2.21,Westbrook 2' Cutting Layup Shot (4 PTS) (Gordon 2 AST),PG,Shot Creator,1.67,201569.0
Shot Chart Detail,41900224,397,201935,James Harden,1610612745,Houston Rockets,3,9,25,Missed Shot,Step Back Jump shot,3PT Field Goal,Above the Break 3,Right Side Center(RC),24+ ft.,25,148,213,1,0,20200910,HOU,LAL,41900224397,15950,0,200782|201566|201569|201935|203496,0,PS,2020,203076,-19.0,PF,Helper,2.21,MISS Harden 26' 3PT Step Back Jump Shot,SG,Shot Creator,6.9,
Shot Chart Detail,41900224,402,201569,Eric Gordon,1610612745,Houston Rockets,3,8,59,Missed Shot,Hook Shot,2PT Field Goal,Restricted Area,Center(C),Less Than 8 ft.,2,-25,14,1,0,20200910,HOU,LAL,41900224402,16210,0,200782|201566|201569|201935|203496,0,PS,2020,203076,-21.0,PF,Helper,2.21,MISS Gordon 3' Hook Shot,SF,Movement Shooter,0.69,
Shot Chart Detail,41900224,407,201566,Russell Westbrook,1610612745,Houston Rockets,3,8,49,Made Shot,Jump Shot,3PT Field Goal,Above the Break 3,Left Side Center(LC),24+ ft.,24,-210,117,1,1,20200910,HOU,LAL,41900224407,16310,0,200782|201566|201569|201935|203496,1,PS,2020,203076,-18.0,PF,Helper,2.21,Westbrook 24' 3PT Jump Shot (13 PTS) (Covington 1 AST),PG,Shot Creator,1.67,203496.0
Shot Chart Detail,41900224,417,201566,Russell Westbrook,1610612745,Houston Rockets,3,7,57,Missed Shot,Jump Shot,3PT Field Goal,Above the Break 3,Right Side Center(RC),24+ ft.,25,142,211,1,0,20200910,HOU,LAL,41900224417,16830,0,200782|201566|201569|201935|203496,0,PS,2020,203076,-18.0,PF,Helper,2.21,MISS Westbrook 25' 3PT Jump Shot,PG,Shot Creator,1.67,
Shot Chart Detail,41900224,462,201935,James Harden,1610612745,Houston Rockets,3,4,12,Missed Shot,Driving Layup Shot,2PT Field Goal,Restricted Area,Center(C),Less Than 8 ft.,3,-21,26,1,0,20200910,HOU,LAL,41900224462,19080,0,200782|201145|201935|203085|203463,0,PS,2020,203076,-17.0,PF,Helper,2.21,MISS Harden 3' Driving Layup,SG,Shot Creator,6.9,
Shot Chart Detail,41900224,471,201935,James Harden,1610612745,Houston Rockets,3,3,33,Missed Shot,Step Back Jump shot,3PT Field Goal,Above the Break 3,Right Side Center(RC),24+ ft.,25,148,206,1,0,20200910,HOU,LAL,41900224471,19470,0,200782|201145|201935|203085|203463,0,PS,2020,203076|1628398,-17.0,,,,,SG,Shot Creator,6.9,
Shot Chart Detail,41900224,593,200782,P.J. Tucker,1610612745,Houston Rockets,4,6,16,Missed Shot,Floating Jump shot,2PT Field Goal,In The Paint (Non-RA),Center(C),Less Than 8 ft.,6,-48,43,1,0,20200910,HOU,LAL,41900224593,25040,0,200782|201566|201569|201935|203085,0,PS,2020,203076,-20.0,PF,Helper,2.21,MISS Tucker 6' Floating Jump Shot,PF,Athletic Finisher,-1.42,
Shot Chart Detail,41900224,596,201566,Russell Westbrook,1610612745,Houston Rockets,4,6,10,Made Shot,Jump Shot,3PT Field Goal,Above the Break 3,Center(C),24+ ft.,25,47,246,1,1,20200910,HOU,LAL,41900224596,25100,0,200782|201566|201569|201935|203085,1,PS,2020,203076,-17.0,PF,Helper,2.21,Westbrook 25' 3PT Jump Shot (22 PTS) (Rivers 5 AST),PG,Shot Creator,1.67,203085.0
Shot Chart Detail,41900225,12,200782,P.J. Tucker,1610612745,Houston Rockets,1,11,3,Missed Shot,Hook Bank Shot,2PT Field Goal,Restricted Area,Center(C),Less Than 8 ft.,3,8,29,1,0,20200912,LAL,HOU,4190022512,570,0,200782|201566|201569|201935|203496,0,PS,2020,203076,-3.0,PF,Helper,2.21,MISS Tucker 3' Hook Bank Shot,PF,Athletic Finisher,-1.42,
Shot Chart Detail,41900225,20,200782,P.J. Tucker,1610612745,Houston Rockets,1,10,2,Missed Shot,Jump Shot,3PT Field Goal,Right Corner 3,Right Side(R),24+ ft.,23,236,38,1,0,20200912,LAL,HOU,4190022520,1180,0,200782|201566|201569|201935|203496,0,PS,2020,203076,-4.0,PF,Helper,2.21,MISS Tucker 24' 3PT Jump Shot,PF,Athletic Finisher,-1.42,
Shot Chart Detail,41900225,25,200782,P.J. Tucker,1610612745,Houston Rockets,1,9,23,Missed Shot,Hook Shot,2PT Field Goal,Restricted Area,Center(C),Less Than 8 ft.,3,2,36,1,0,20200912,LAL,HOU,4190022525,1570,0,200782|201566|201569|201935|203496,0,PS,2020,203076,-6.0,PF,Helper,2.21,MISS Tucker 4' Hook Shot,PF,Athletic Finisher,-1.42,
Shot Chart Detail,41900225,35,201566,Russell Westbrook,1610612745,Houston Rockets,1,8,38,Missed Shot,Jump Shot,3PT Field Goal,Above the Break 3,Right Side Center(RC),24+ ft.,25,229,103,1,0,20200912,LAL,HOU,4190022535,2020,0,200782|201566|201569|201935|203496,0,PS,2020,203076,-11.0,PF,Helper,2.21,MISS Westbrook 25' 3PT Jump Shot,PG,Shot Creator,1.67,
Shot Chart Detail,41900225,77,201145,Jeff Green,1610612745,Houston Rockets,1,5,6,Made Shot,Reverse Layup Shot,2PT Field Goal,Restricted Area,Center(C),Less Than 8 ft.,1,-8,6,1,1,20200912,LAL,HOU,4190022577,4140,0,200782|201145|201569|201935|203085,1,PS,2020,203076,-14.0,PF,Helper,2.21,Green 1' Reverse Layup (2 PTS) (Gordon 1 AST),PF-C,Athletic Finisher,-1.29,201569.0
Shot Chart Detail,41900225,91,201145,Jeff Green,1610612745,Houston Rockets,1,4,12,Missed Shot,Cutting Finger Roll Layup Shot,2PT Field Goal,Restricted Area,Center(C),Less Than 8 ft.,0,0,5,1,0,20200912,LAL,HOU,4190022591,4680,0,200782|201145|201935|203085|203463,0,PS,2020,203076|1628398,-15.0,,,,,PF-C,Athletic Finisher,-1.29,
Shot Chart Detail,41900225,219,201935,James Harden,1610612745,Houston Rockets,2,6,36,Made Shot,Driving Layup Shot,2PT Field Goal,Restricted Area,Center(C),Less Than 8 ft.,0,-2,5,1,1,20200912,LAL,HOU,41900225219,10440,0,200782|201566|201569|201935|203496,0,PS,2020,203076,-11.0,PF,Helper,2.21,Harden 1' Driving Layup (15 PTS),SG,Shot Creator,6.9,
Shot Chart Detail,41900225,234,201566,Russell Westbrook,1610612745,Houston Rockets,2,5,18,Missed Shot,Pullup Jump shot,2PT Field Goal,Mid-Range,Left Side Center(LC),16-24 ft.,19,-82,176,1,0,20200912,LAL,HOU,41900225234,11220,0,200782|201566|201569|201935|203496,0,PS,2020,203076|202693,-11.0,,,,,PG,Shot Creator,1.67,
Shot Chart Detail,41900225,344,201566,Russell Westbrook,1610612745,Houston Rockets,3,9,52,Made Shot,Driving Layup Shot,2PT Field Goal,Restricted Area,Center(C),Less Than 8 ft.,0,-6,-3,1,1,20200912,LAL,HOU,41900225344,15680,0,200782|201566|201569|201935|203496,0,PS,2020,203076,-7.0,PF,Helper,2.21,Westbrook 1' Driving Layup (8 PTS),PG,Shot Creator,1.67,
Shot Chart Detail,41900225,391,201145,Jeff Green,1610612745,Houston Rockets,3,6,2,Missed Shot,Jump Shot,3PT Field Goal,Above the Break 3,Right Side Center(RC),24+ ft.,25,136,218,1,0,20200912,LAL,HOU,41900225391,17980,0,200782|201145|201569|201935|203463,0,PS,2020,203076,-20.0,PF,Helper,2.21,MISS Green 26' 3PT Jump Shot,PF-C,Athletic Finisher,-1.29,
Shot Chart Detail,41900225,443,203085,Austin Rivers,1610612745,Houston Rockets,3,2,29,Missed Shot,Driving Layup Shot,2PT Field Goal,Restricted Area,Center(C),Less Than 8 ft.,0,3,6,1,0,20200912,LAL,HOU,41900225443,20110,0,200782|201566|201935|203085|203463,0,PS,2020,203076,-21.0,PF,Helper,2.21,Davis BLOCK (1 BLK),SG,Shot Creator,-0.11,
Shot Chart Detail,41900225,468,200782,P.J. Tucker,1610612745,Houston Rockets,3,0,1,Missed Shot,Jump Shot,3PT Field Goal,Above the Break 3,Right Side Center(RC),24+ ft.,27,106,257,1,0,20200912,LAL,HOU,41900225468,21590,0,200782|201566|201935|203085|203463,0,PS,2020,203076|201980,-26.0,,,,,PF,Athletic Finisher,-1.42,
Shot Chart Detail,41900225,536,201145,Jeff Green,1610612745,Houston Rockets,4,8,11,Made Shot,Cutting Layup Shot,2PT Field Goal,Restricted Area,Center(C),Less Than 8 ft.,0,3,4,1,1,20200912,LAL,HOU,41900225536,23890,0,201145|201566|201569|201935|203085,1,PS,2020,203076|1628398,-24.0,,,,,PF-C,Athletic Finisher,-1.29,201566.0
Shot Chart Detail,41900311,114,203999,Nikola Jokić,1610612743,Denver Nuggets,1,2,49,Made Shot,Driving Reverse Layup Shot,2PT Field Goal,Restricted Area,Center(C),Less Than 8 ft.,1,12,5,1,1,20200918,LAL,DEN,41900311114,5510,0,203999|1627750|1628420|1628470|1629008,0,PS,2020,203076,-4.0,PF,Helper,2.21,Jokic 1' Driving Reverse Layup (9 PTS),C,Post Scorer,2.9,
Shot Chart Detail,41900311,157,1627750,Jamal Murray,1610612743,Denver Nuggets,1,0,0,Made Shot,Step Back Jump shot,3PT Field Goal,Above the Break 3,Center(C),24+ ft.,25,27,256,1,1,20200918,LAL,DEN,41900311157,7200,0,203486|203924|1627750|1628420|1629008,0,PS,2020,203076,2.0,PF,Helper,2.21,Murray 26' 3PT Step Back Jump Shot (9 PTS),PG,Primary Ball Handler,1.96,
Shot Chart Detail,41900311,348,1628420,Monté Morris,1610612743,Denver Nuggets,2,2,19,Made Shot,Cutting Layup Shot,2PT Field Goal,Restricted Area,Center(C),Less Than 8 ft.,2,20,13,1,1,20200918,LAL,DEN,41900311348,13010,0,203486|203914|203924|1628420|1629008,1,PS,2020,203076,-12.0,PF,Helper,2.21,Morris 2' Cutting Layup Shot (5 PTS) (Plumlee 1 AST),PG,Primary Ball Handler,0.58,203486.0
Shot Chart Detail,41900311,464,200794,Paul Millsap,1610612743,Denver Nuggets,3,5,7,Missed Shot,Cutting Layup Shot,2PT Field Goal,Restricted Area,Center(C),Less Than 8 ft.,1,13,7,1,0,20200918,LAL,DEN,41900311464,18530,0,200794|203914|203924|203999|1627750,0,PS,2020,203076,-14.0,PF,Helper,2.21,MISS Millsap 1' Cutting Layup Shot,PF,Post Scorer,0.37,
Shot Chart Detail,41900311,506,1628420,Monté Morris,1610612743,Denver Nuggets,3,1,40,Missed Shot,Pullup Jump shot,2PT Field Goal,In The Paint (Non-RA),Center(C),8-16 ft.,15,-71,137,1,0,20200918,LAL,DEN,41900311506,20600,0,203999|1627750|1628420|1628470|1629008,0,PS,2020,200765|203076,-20.0,,,,,PG,Primary Ball Handler,0.58,
Shot Chart Detail,41900312,27,200794,Paul Millsap,1610612743,Denver Nuggets,1,10,3,Missed Shot,Running Layup Shot,2PT Field Goal,Restricted Area,Center(C),Less Than 8 ft.,2,24,4,1,0,20200920,LAL,DEN,4190031227,1170,0,200794|203914|203924|203999|1627750,0,PS,2020,201580|203076,-3.0,,,,,PF,Post Scorer,0.37,
Shot Chart Detail,41900312,98,203999,Nikola Jokić,1610612743,Denver Nuggets,1,5,5,Missed Shot,Turnaround Fadeaway shot,2PT Field Goal,In The Paint (Non-RA),Right Side(R),8-16 ft.,8,72,40,1,0,20200920,LAL,DEN,4190031298,4150,0,200794|203914|203999|1627750|1628470,0,PS,2020,2544|203076,2.0,,,,,C,Post Scorer,2.9,
Shot Chart Detail,41900312,142,203999,Nikola Jokić,1610612743,Denver Nuggets,1,2,0,Missed Shot,Jump Shot,3PT Field Goal,Above the Break 3,Center(C),24+ ft.,26,-51,264,1,0,20200920,LAL,DEN,41900312142,6000,0,203914|203999|1628420|1628470|1629008,0,PS,2020,203076,-7.0,PF,Helper,2.21,MISS Jokic 27' 3PT Jump Shot,C,Post Scorer,2.9,
Shot Chart Detail,41900312,151,203999,Nikola Jokić,1610612743,Denver Nuggets,1,1,31,Made Shot,Jump Shot,2PT Field Goal,Mid-Range,Right Side(R),8-16 ft.,15,139,57,1,1,20200920,LAL,DEN,41900312151,6290,0,203999|1627750|1628420|1628470|1629008,0,PS,2020,203076,-8.0,PF,Helper,2.21,Jokic 15' Jump Shot (4 PTS),C,Post Scorer,2.9,
Shot Chart Detail,41900312,156,1627750,Jamal Murray,1610612743,Denver Nuggets,1,0,59,Missed Shot,Running Layup Shot,2PT Field Goal,Restricted Area,Center(C),Less Than 8 ft.,3,-25,17,1,0,20200920,LAL,DEN,41900312156,6610,0,203999|1627750|1628420|1628470|1629008,0,PS,2020,203076,-10.0,PF,Helper,2.21,James BLOCK (1 BLK),PG,Primary Ball Handler,1.96,
Shot Chart Detail,41900312,167,1627750,Jamal Murray,1610612743,Denver Nuggets,1,0,0,Made Shot,Driving Reverse Layup Shot,2PT Field Goal,Restricted Area,Center(C),Less Than 8 ft.,1,-16,8,1,1,20200920,LAL,DEN,41900312167,7200,0,203486|1627750|1628420|1628470|1629008,0,PS,2020,203076|1627936,-8.0,,,,,PG,Primary Ball Handler,1.96,
Shot Chart Detail,41900312,409,203914,Gary Harris,1610612743,Denver Nuggets,3,9,8,Missed Shot,Jump Shot,3PT Field Goal,Left Corner 3,Left Side(L),24+ ft.,23,-236,12,1,0,20200920,LAL,DEN,41900312409,16120,0,200794|203914|203924|203999|1627750,0,PS,2020,203076,-11.0,PF,Helper,2.21,MISS Harris 24' 3PT Jump Shot,SG,Movement Shooter,-1.3,
Shot Chart Detail,41900312,417,200794,Paul Millsap,1610612743,Denver Nuggets,3,8,24,Missed Shot,Running Pull-Up Jump Shot,3PT Field Goal,Above the Break 3,Left Side Center(LC),24+ ft.,25,-202,158,1,0,20200920,LAL,DEN,41900312417,16560,0,200794|203914|203924|203999|1627750,0,PS,2020,203076,-13.0,PF,Helper,2.21,MISS Millsap 26' 3PT Running Pull-Up Jump Shot,PF,Post Scorer,0.37,
Shot Chart Detail,41900312,428,203924,Jerami Grant,1610612743,Denver Nuggets,3,7,25,Made Shot,Dunk Shot,2PT Field Goal,Restricted Area,Center(C),Less Than 8 ft.,2,10,18,1,1,20200920,LAL,DEN,41900312428,17150,0,200794|203914|203924|203999|1627750,1,PS,2020,203076,,PF,Helper,2.21,Grant 2' Dunk (7 PTS) (Jokic 7 AST),PF,Athletic Finisher,-0.76,203999.0
Shot Chart Detail,41900312,477,1627750,Jamal Murray,1610612743,Denver Nuggets,3,3,47,Made Shot,Driving Layup Shot,2PT Field Goal,Restricted Area,Center(C),Less Than 8 ft.,1,13,15,1,1,20200920,LAL,DEN,41900312477,19330,0,203999|1627750|1628420|1628470|1629008,0,PS,2020,203076,-6.0,PF,Helper,2.21,Murray 2' Driving Layup (16 PTS),PG,Primary Ball Handler,1.96,
Shot Chart Detail,41900312,485,203999,Nikola Jokić,1610612743,Denver Nuggets,3,2,57,Missed Shot,Jump Shot,3PT Field Goal,Above the Break 3,Left Side Center(LC),24+ ft.,25,-221,126,1,0,20200920,LAL,DEN,41900312485,19830,0,203999|1627750|1628420|1628470|1629008,0,PS,2020,203076,-8.0,PF,Helper,2.21,MISS Jokic 25' 3PT Jump Shot,C,Post Scorer,2.9,
Shot Chart Detail,41900312,605,1627750,Jamal Murray,1610612743,Denver Nuggets,4,7,26,Made Shot,Driving Reverse Layup Shot,2PT Field Goal,Restricted Area,Center(C),Less Than 8 ft.,2,18,12,1,1,20200920,LAL,DEN,41900312605,24340,0,200794|203999|1627750|1628408|1628470,0,PS,2020,203076,1.0,PF,Helper,2.21,Murray 2' Driving Reverse Layup (23 PTS),PG,Primary Ball Handler,1.96,
Shot Chart Detail,41900312,608,1627750,Jamal Murray,1610612743,Denver Nuggets,4,7,3,Missed Shot,Step Back Jump shot,3PT Field Goal,Above the Break 3,Right Side Center(RC),24+ ft.,24,225,106,1,0,20200920,LAL,DEN,41900312608,24570,0,200794|203999|1627750|1628408|1628470,0,PS,2020,203076,-2.0,PF,Helper,2.21,MISS Murray 25' 3PT Step Back Jump Shot,PG,Primary Ball Handler,1.96,
Shot Chart Detail,41900312,611,1628408,PJ Dozier,1610612743,Denver Nuggets,4,6,20,Made Shot,Driving Floating Jump Shot,2PT Field Goal,In The Paint (Non-RA),Center(C),Less Than 8 ft.,7,3,78,1,1,20200920,LAL,DEN,41900312611,25000,0,200794|203924|203999|1627750|1628408,0,PS,2020,203076,-3.0,PF,Helper,2.21,Dozier 8' Driving Floating Jump Shot (3 PTS),SG,Secondary Ball Handler,-0.81,
Shot Chart Detail,41900312,678,203999,Nikola Jokić,1610612743,Denver Nuggets,4,1,32,Missed Shot,Pullup Jump shot,2PT Field Goal,Mid-Range,Center(C),16-24 ft.,19,33,193,1,0,20200920,LAL,DEN,41900312678,27880,0,200794|203924|203999|1627750|1628408,0,PS,2020,203076,-4.0,PF,Helper,2.21,MISS Jokic 20' Pullup Jump Shot,C,Post Scorer,2.9,
Shot Chart Detail,41900312,682,203999,Nikola Jokić,1610612743,Denver Nuggets,4,1,4,Made Shot,Jump Shot,3PT Field Goal,Above the Break 3,Center(C),24+ ft.,27,57,264,1,1,20200920,LAL,DEN,41900312682,28160,0,200794|203924|203999|1627750|1628408,1,PS,2020,203076,-1.0,PF,Helper,2.21,Jokic 27' 3PT Jump Shot (26 PTS) (Murray 4 AST),C,Post Scorer,2.9,1627750.0
Shot Chart Detail,41900312,696,203999,Nikola Jokić,1610612743,Denver Nuggets,4,0,20,Made Shot,Driving Hook Shot,2PT Field Goal,In The Paint (Non-RA),Center(C),8-16 ft.,9,15,94,1,1,20200920,LAL,DEN,41900312696,28600,0,200794|203924|203999|1627750|1628408,0,PS,2020,203076,1.0,PF,Helper,2.21,Jokic 10' Driving Hook Shot (30 PTS),C,Post Scorer,2.9,
Shot Chart Detail,41900313,26,203999,Nikola Jokić,1610612743,Denver Nuggets,1,10,8,Missed Shot,Step Back Jump shot,3PT Field Goal,Above the Break 3,Right Side Center(RC),24+ ft.,25,125,220,1,0,20200922,DEN,LAL,4190031326,1120,0,200794|203914|203924|203999|1627750,0,PS,2020,203076,-4.0,PF,Helper,2.21,MISS Jokic 25' 3PT Step Back Jump Shot,C,Post Scorer,2.9,
Shot Chart Detail,41900313,47,1627750,Jamal Murray,1610612743,Denver Nuggets,1,7,51,Missed Shot,Running Pull-Up Jump Shot,3PT Field Goal,Above the Break 3,Left Side Center(LC),24+ ft.,25,-174,189,1,0,20200922,DEN,LAL,4190031347,2490,0,200794|203914|203924|203999|1627750,0,PS,2020,203076,-3.0,PF,Helper,2.21,MISS Murray 26' 3PT Running Pull-Up Jump Shot,PG,Primary Ball Handler,1.96,
Shot Chart Detail,41900313,54,200794,Paul Millsap,1610612743,Denver Nuggets,1,6,47,Missed Shot,Jump Shot,3PT Field Goal,Above the Break 3,Left Side Center(LC),24+ ft.,26,-157,216,1,0,20200922,DEN,LAL,4190031354,3130,0,200794|203914|203924|203999|1627750,0,PS,2020,203076,0.0,PF,Helper,2.21,MISS Millsap 27' 3PT Jump Shot,PF,Post Scorer,0.37,
Shot Chart Detail,41900313,84,203999,Nikola Jokić,1610612743,Denver Nuggets,1,4,26,Missed Shot,Floating Jump shot,2PT Field Goal,Mid-Range,Center(C),16-24 ft.,18,-28,183,1,0,20200922,DEN,LAL,4190031384,4540,0,200794|203914|203924|203999|1627750,0,PS,2020,203076|201580,-4.0,,,,,C,Post Scorer,2.9,
Shot Chart Detail,41900313,294,200794,Paul Millsap,1610612743,Denver Nuggets,2,2,52,Missed Shot,Jump Shot,3PT Field Goal,Above the Break 3,Left Side Center(LC),24+ ft.,25,-170,195,1,0,20200922,DEN,LAL,41900313294,12680,0,200794|203914|203999|1627750|1629008,0,PS,2020,203076,14.0,PF,Helper,2.21,MISS Millsap 26' 3PT Jump Shot,PF,Post Scorer,0.37,
Shot Chart Detail,41900313,326,203999,Nikola Jokić,1610612743,Denver Nuggets,2,0,37,Made Shot,Turnaround Fadeaway shot,2PT Field Goal,Mid-Range,Right Side Center(RC),16-24 ft.,18,79,163,1,1,20200922,DEN,LAL,41900313326,14030,0,200794|203914|203999|1627750|1628470,0,PS,2020,203076,,PF,Helper,2.21,Jokic 18' Turnaround Fadeaway (15 PTS),C,Post Scorer,2.9,
Shot Chart Detail,41900313,332,203999,Nikola Jokić,1610612743,Denver Nuggets,2,0,2,Missed Shot,Floating Jump shot,2PT Field Goal,In The Paint (Non-RA),Center(C),Less Than 8 ft.,7,1,73,1,0,20200922,DEN,LAL,41900313332,14380,0,200794|203914|203999|1627750|1628470,0,PS,2020,203076,10.0,PF,Helper,2.21,MISS Jokic 7' Floating Jump Shot,C,Post Scorer,2.9,
Shot Chart Detail,41900313,334,1628470,Torrey Craig,1610612743,Denver Nuggets,2,0,0,Missed Shot,Layup Shot,2PT Field Goal,In The Paint (Non-RA),Center(C),Less Than 8 ft.,4,0,46,1,0,20200922,DEN,LAL,41900313334,14400,0,200794|203914|203924|203999|1627750,0,PS,2020,203076,10.0,PF,Helper,2.21,MISS Craig 5' Layup,SF,Athletic Finisher,-1.06,
Shot Chart Detail,41900313,354,203924,Jerami Grant,1610612743,Denver Nuggets,3,11,4,Missed Shot,Jump Shot,3PT Field Goal,Above the Break 3,Right Side Center(RC),24+ ft.,25,144,216,1,0,20200922,DEN,LAL,41900313354,14960,0,200794|203914|203924|203999|1627750,0,PS,2020,203076,10.0,PF,Helper,2.21,MISS Grant 26' 3PT Jump Shot,PF,Athletic Finisher,-0.76,
Shot Chart Detail,41900313,417,203914,Gary Harris,1610612743,Denver Nuggets,3,5,41,Made Shot,Jump Shot,3PT Field Goal,Left Corner 3,Left Side(L),24+ ft.,23,-230,-7,1,1,20200922,DEN,LAL,41900313417,18190,0,200794|203914|203924|203999|1627750,1,PS,2020,203076,14.0,PF,Helper,2.21,Harris 3PT Jump Shot (5 PTS) (Jokic 5 AST),SG,Movement Shooter,-1.3,203999.0
Shot Chart Detail,41900313,446,200794,Paul Millsap,1610612743,Denver Nuggets,3,3,20,Missed Shot,Driving Layup Shot,2PT Field Goal,In The Paint (Non-RA),Center(C),Less Than 8 ft.,4,28,36,1,0,20200922,DEN,LAL,41900313446,19600,0,200794|203914|203999|1627750|1628420,0,PS,2020,203076,16.0,PF,Helper,2.21,MISS Millsap 5' Driving Layup,PF,Post Scorer,0.37,
Shot Chart Detail,41900313,518,203924,Jerami Grant,1610612743,Denver Nuggets,4,9,11,Missed Shot,Jump Shot,3PT Field Goal,Above the Break 3,Right Side Center(RC),24+ ft.,26,155,214,1,0,20200922,DEN,LAL,41900313518,23290,0,203924|1627750|1628420|1628470|1629008,0,PS,2020,203076,14.0,PF,Helper,2.21,MISS Grant 26' 3PT Jump Shot,PF,Athletic Finisher,-0.76,
Shot Chart Detail,41900313,523,1628420,Monté Morris,1610612743,Denver Nuggets,4,8,49,Missed Shot,Jump Shot,3PT Field Goal,Right Corner 3,Right Side(R),24+ ft.,24,229,73,1,0,20200922,DEN,LAL,41900313523,23510,0,203924|1627750|1628420|1628470|1629008,0,PS,2020,203076,14.0,PF,Helper,2.21,MISS Morris 24' 3PT Jump Shot,PG,Primary Ball Handler,0.58,
Shot Chart Detail,41900313,584,203914,Gary Harris,1610612743,Denver Nuggets,4,4,15,Missed Shot,Jump Shot,3PT Field Goal,Right Corner 3,Right Side(R),24+ ft.,24,234,64,1,0,20200922,DEN,LAL,41900313584,26250,0,200794|203914|203924|203999|1627750,0,PS,2020,203076,3.0,PF,Helper,2.21,MISS Harris 24' 3PT Jump Shot,SG,Movement Shooter,-1.3,
Shot Chart Detail,41900313,617,1627750,Jamal Murray,1610612743,Denver Nuggets,4,0,53,Made Shot,Step Back Jump shot,3PT Field Goal,Above the Break 3,Left Side Center(LC),24+ ft.,28,-135,255,1,1,20200922,DEN,LAL,41900313617,28270,0,200794|203914|203924|203999|1627750,0,PS,2020,203076,12.0,PF,Helper,2.21,Murray 29' 3PT Step Back Jump Shot (28 PTS),PG,Primary Ball Handler,1.96,
Shot Chart Detail,41900314,13,203999,Nikola Jokić,1610612743,Denver Nuggets,1,11,13,Made Shot,Driving Finger Roll Layup Shot,2PT Field Goal,Restricted Area,Center(C),Less Than 8 ft.,0,-7,2,1,1,20200924,DEN,LAL,4190031413,470,0,200794|203914|203924|203999|1627750,0,PS,2020,203076,2.0,PF,Helper,2.21,Jokic 1' Driving Finger Roll Layup (2 PTS),C,Post Scorer,2.9,
Shot Chart Detail,41900314,63,1627750,Jamal Murray,1610612743,Denver Nuggets,1,5,54,Missed Shot,Step Back Jump shot,3PT Field Goal,Above the Break 3,Right Side Center(RC),24+ ft.,25,84,241,1,0,20200924,DEN,LAL,4190031463,3660,0,203914|203924|203999|1627750|1628470,0,PS,2020,203076,-6.0,PF,Helper,2.21,MISS Murray 26' 3PT Step Back Jump Shot,PG,Primary Ball Handler,1.96,
Shot Chart Detail,41900314,132,203924,Jerami Grant,1610612743,Denver Nuggets,1,0,27,Missed Shot,Jump Shot,3PT Field Goal,Left Corner 3,Left Side(L),24+ ft.,23,-235,-10,1,0,20200924,DEN,LAL,41900314132,6930,0,203486|203924|1627750|1628420|1629008,0,PS,2020,203076,-8.0,PF,Helper,2.21,MISS Grant 24' 3PT Jump Shot,PF,Athletic Finisher,-0.76,
Shot Chart Detail,41900314,230,1629008,Michael Porter Jr.,1610612743,Denver Nuggets,2,5,50,Made Shot,Driving Finger Roll Layup Shot,2PT Field Goal,Restricted Area,Center(C),Less Than 8 ft.,0,2,5,1,1,20200924,DEN,LAL,41900314230,10900,0,203486|203924|203999|1627750|1629008,1,PS,2020,1628398|203076|200765,-7.0,,,,,SF,Athletic Finisher,1.17,1627750.0
Shot Chart Detail,41900314,319,1627750,Jamal Murray,1610612743,Denver Nuggets,3,11,9,Missed Shot,Step Back Jump shot,2PT Field Goal,Mid-Range,Right Side Center(RC),16-24 ft.,19,88,176,1,0,20200924,DEN,LAL,41900314319,14910,0,200794|203914|203924|203999|1627750,0,PS,2020,203076,-5.0,PF,Helper,2.21,MISS Murray 20' Step Back Jump Shot,PG,Primary Ball Handler,1.96,
Shot Chart Detail,41900314,350,1628470,Torrey Craig,1610612743,Denver Nuggets,3,7,55,Made Shot,Jump Shot,3PT Field Goal,Above the Break 3,Left Side Center(LC),24+ ft.,25,-135,221,1,1,20200924,DEN,LAL,41900314350,16850,0,203914|203924|203999|1627750|1628470,1,PS,2020,203076,-7.0,PF,Helper,2.21,Craig 26' 3PT Jump Shot (5 PTS) (Murray 5 AST),SF,Athletic Finisher,-1.06,1627750.0
Shot Chart Detail,41900314,359,1627750,Jamal Murray,1610612743,Denver Nuggets,3,6,37,Missed Shot,Jump Shot,3PT Field Goal,Above the Break 3,Left Side Center(LC),24+ ft.,25,-152,200,1,0,20200924,DEN,LAL,41900314359,17630,0,203914|203924|203999|1627750|1628470,0,PS,2020,203076,-5.0,PF,Helper,2.21,MISS Murray 25' 3PT Jump Shot,PG,Primary Ball Handler,1.96,
Shot Chart Detail,41900314,394,203924,Jerami Grant,1610612743,Denver Nuggets,3,3,50,Missed Shot,Jump Shot,3PT Field Goal,Above the Break 3,Right Side Center(RC),24+ ft.,27,127,241,1,0,20200924,DEN,LAL,41900314394,19300,0,203924|203999|1627750|1628420|1629008,0,PS,2020,203076,-9.0,PF,Helper,2.21,MISS Grant 27' 3PT Jump Shot,PF,Athletic Finisher,-0.76,
Shot Chart Detail,41900314,409,203924,Jerami Grant,1610612743,Denver Nuggets,3,2,55,Missed Shot,Driving Hook Shot,2PT Field Goal,In The Paint (Non-RA),Center(C),Less Than 8 ft.,5,39,41,1,0,20200924,DEN,LAL,41900314409,19850,0,203924|203999|1627750|1628420|1629008,0,PS,2020,203076,-10.0,PF,Helper,2.21,MISS Grant 6' Driving Hook Shot,PF,Athletic Finisher,-0.76,
Shot Chart Detail,41900314,411,203999,Nikola Jokić,1610612743,Denver Nuggets,3,2,48,Made Shot,Layup Shot,2PT Field Goal,Restricted Area,Center(C),Less Than 8 ft.,0,-2,1,1,1,20200924,DEN,LAL,41900314411,19920,0,203924|203999|1627750|1628420|1629008,1,PS,2020,203076,-8.0,PF,Helper,2.21,Jokic Layup (16 PTS) (Morris 4 AST),C,Post Scorer,2.9,1628420.0
Shot Chart Detail,41900314,491,203924,Jerami Grant,1610612743,Denver Nuggets,4,8,56,Missed Shot,Driving Layup Shot,2PT Field Goal,Restricted Area,Center(C),Less Than 8 ft.,1,3,14,1,0,20200924,DEN,LAL,41900314491,23440,0,203924|203999|1627750|1628420|1629008,0,PS,2020,203076,-7.0,PF,Helper,2.21,MISS Grant 1' Driving Layup,PF,Athletic Finisher,-0.76,
Shot Chart Detail,41900314,502,1627750,Jamal Murray,1610612743,Denver Nuggets,4,8,21,Made Shot,Running Finger Roll Layup Shot,2PT Field Goal,Restricted Area,Center(C),Less Than 8 ft.,0,0,3,1,1,20200924,DEN,LAL,41900314502,23790,0,203924|203999|1627750|1628420|1629008,0,PS,2020,203076|201980,-5.0,,,,,PG,Primary Ball Handler,1.96,
Shot Chart Detail,41900314,519,1627750,Jamal Murray,1610612743,Denver Nuggets,4,7,2,Made Shot,Fadeaway Jump Shot,2PT Field Goal,Mid-Range,Left Side(L),8-16 ft.,11,-98,51,1,1,20200924,DEN,LAL,41900314519,24580,0,200794|203924|1627750|1628420|1629008,0,PS,2020,203076|1627936,,,,,,PG,Primary Ball Handler,1.96,
Shot Chart Detail,41900314,534,1628420,Monté Morris,1610612743,Denver Nuggets,4,6,0,Made Shot,Driving Floating Jump Shot,2PT Field Goal,In The Paint (Non-RA),Center(C),Less Than 8 ft.,6,-10,67,1,1,20200924,DEN,LAL,41900314534,25200,0,200794|203924|1627750|1628420|1629008,1,PS,2020,203076,-3.0,PF,Helper,2.21,Morris 7' Driving Floating Jump Shot (9 PTS) (Murray 7 AST),PG,Primary Ball Handler,0.58,1627750.0
Shot Chart Detail,41900314,551,200794,Paul Millsap,1610612743,Denver Nuggets,4,5,2,Made Shot,Jump Shot,3PT Field Goal,Left Corner 3,Left Side(L),24+ ft.,23,-236,11,1,1,20200924,DEN,LAL,41900314551,25780,0,200794|203924|203999|1627750|1628420,1,PS,2020,203076,-4.0,PF,Helper,2.21,Millsap 24' 3PT Jump Shot (3 PTS) (Murray 8 AST),PF,Post Scorer,0.37,1627750.0
Shot Chart Detail,41900315,12,203999,Nikola Jokić,1610612743,Denver Nuggets,1,11,1,Made Shot,Driving Layup Shot,2PT Field Goal,Restricted Area,Center(C),Less Than 8 ft.,1,2,14,1,1,20200926,LAL,DEN,4190031512,590,0,200794|203914|203924|203999|1627750,1,PS,2020,203076,3.0,PF,Helper,2.21,Jokic 1' Driving Layup (5 PTS) (Murray 1 AST),C,Post Scorer,2.9,1627750.0
Shot Chart Detail,41900315,83,200794,Paul Millsap,1610612743,Denver Nuggets,1,5,24,Missed Shot,Jump Shot,3PT Field Goal,Above the Break 3,Left Side Center(LC),24+ ft.,25,-79,243,1,0,20200926,LAL,DEN,4190031583,3960,0,200794|203486|203924|1627750|1628420,0,PS,2020,203076,1.0,PF,Helper,2.21,MISS Millsap 26' 3PT Jump Shot,PF,Post Scorer,0.37,
Shot Chart Detail,41900315,131,203486,Mason Plumlee,1610612743,Denver Nuggets,1,2,38,Missed Shot,Alley Oop Dunk Shot,2PT Field Goal,Restricted Area,Center(C),Less Than 8 ft.,1,6,9,1,0,20200926,LAL,DEN,41900315131,5620,0,203486|1627750|1628420|1628470|1629008,0,PS,2020,203076,2.0,PF,Helper,2.21,MISS Plumlee 1' Alley Oop Dunk,C,Post Scorer,0.23,
Shot Chart Detail,41900315,141,203486,Mason Plumlee,1610612743,Denver Nuggets,1,1,46,Made Shot,Tip Dunk Shot,2PT Field Goal,Restricted Area,Center(C),Less Than 8 ft.,0,0,-6,1,1,20200926,LAL,DEN,41900315141,6140,0,203486|1627750|1628420|1628470|1629008,0,PS,2020,203076,-0.0,PF,Helper,2.21,Plumlee 1' Tip Dunk Shot (2 PTS),C,Post Scorer,0.23,
Shot Chart Detail,41900315,152,203486,Mason Plumlee,1610612743,Denver Nuggets,1,1,26,Made Shot,Reverse Layup Shot,2PT Field Goal,Restricted Area,Center(C),Less Than 8 ft.,1,6,16,1,1,20200926,LAL,DEN,41900315152,6340,0,203486|203924|1628420|1628470|1629008,1,PS,2020,203076,-1.0,PF,Helper,2.21,Plumlee 2' Reverse Layup (4 PTS) (Morris 2 AST),C,Post Scorer,0.23,1628420.0
Shot Chart Detail,41900315,285,203486,Mason Plumlee,1610612743,Denver Nuggets,2,3,28,Made Shot,Reverse Dunk Shot,2PT Field Goal,Restricted Area,Center(C),Less Than 8 ft.,0,2,4,1,1,20200926,LAL,DEN,41900315285,12320,0,200794|203486|203924|1627750|1628408,0,PS,2020,203076,,PF,Helper,2.21,Plumlee Reverse Dunk (7 PTS),C,Post Scorer,0.23,
Shot Chart Detail,41900315,349,203924,Jerami Grant,1610612743,Denver Nuggets,3,11,12,Made Shot,Finger Roll Layup Shot,2PT Field Goal,Restricted Area,Center(C),Less Than 8 ft.,1,-14,-3,1,1,20200926,LAL,DEN,41900315349,14880,0,200794|203914|203924|203999|1627750,1,PS,2020,203076|2544,-10.0,,,,,PF,Athletic Finisher,-0.76,1627750.0
Shot Chart Detail,41900315,357,200794,Paul Millsap,1610612743,Denver Nuggets,3,10,20,Missed Shot,Jump Shot,3PT Field Goal,Above the Break 3,Right Side Center(RC),24+ ft.,25,177,183,1,0,20200926,LAL,DEN,41900315357,15400,0,200794|203914|203924|203999|1627750,0,PS,2020,203076,-13.0,PF,Helper,2.21,MISS Millsap 25' 3PT Jump Shot,PF,Post Scorer,0.37,
Shot Chart Detail,41900315,383,200794,Paul Millsap,1610612743,Denver Nuggets,3,7,40,Missed Shot,Driving Floating Jump Shot,2PT Field Goal,In The Paint (Non-RA),Center(C),8-16 ft.,9,-39,90,1,0,20200926,LAL,DEN,41900315383,17000,0,200794|203914|203924|203999|1627750,0,PS,2020,203076,-16.0,PF,Helper,2.21,MISS Millsap 10' Driving Floating Jump Shot,PF,Post Scorer,0.37,
Shot Chart Detail,41900315,412,200794,Paul Millsap,1610612743,Denver Nuggets,3,5,30,Missed Shot,Cutting Layup Shot,2PT Field Goal,Restricted Area,Center(C),Less Than 8 ft.,0,2,8,1,0,20200926,LAL,DEN,41900315412,18300,0,200794|203914|203924|203999|1627750,0,PS,2020,203076|203484,-10.0,,,,,PF,Post Scorer,0.37,
Shot Chart Detail,41900315,431,203999,Nikola Jokić,1610612743,Denver Nuggets,3,4,29,Made Shot,Jump Shot,2PT Field Goal,Mid-Range,Right Side(R),8-16 ft.,12,87,84,1,1,20200926,LAL,DEN,41900315431,18910,0,203924|203999|1627750|1628420|1629008,1,PS,2020,203076,-11.0,PF,Helper,2.21,Jokic 12' Jump Shot (13 PTS) (Murray 6 AST),C,Post Scorer,2.9,1627750.0
Shot Chart Detail,41900315,452,203924,Jerami Grant,1610612743,Denver Nuggets,3,3,1,Made Shot,Cutting Dunk Shot,2PT Field Goal,Restricted Area,Center(C),Less Than 8 ft.,0,-9,4,1,1,20200926,LAL,DEN,41900315452,19790,0,203924|203999|1627750|1628420|1629008,1,PS,2020,203076,-7.0,PF,Helper,2.21,Grant 1' Cutting Dunk Shot (14 PTS) (Jokic 3 AST),PF,Athletic Finisher,-0.76,203999.0
Shot Chart Detail,41900315,568,200794,Paul Millsap,1610612743,Denver Nuggets,4,8,2,Missed Shot,Jump Shot,3PT Field Goal,Right Corner 3,Right Side(R),24+ ft.,22,226,6,1,0,20200926,LAL,DEN,41900315568,23980,0,200794|203924|203999|1627750|1628420,0,PS,2020,203076,-5.0,PF,Helper,2.21,MISS Millsap 3PT Jump Shot,PF,Post Scorer,0.37,
Shot Chart Detail,41900315,640,200794,Paul Millsap,1610612743,Denver Nuggets,4,2,52,Missed Shot,Jump Shot,3PT Field Goal,Left Corner 3,Left Side(L),24+ ft.,23,-232,-1,1,0,20200926,LAL,DEN,41900315640,27080,0,200794|203924|203999|1627750|1628420,0,PS,2020,203076,-9.0,PF,Helper,2.21,MISS Millsap 3PT Jump Shot,PF,Post Scorer,0.37,
Shot Chart Detail,41900315,665,1627750,Jamal Murray,1610612743,Denver Nuggets,4,0,9,Missed Shot,Pullup Jump shot,3PT Field Goal,Above the Break 3,Center(C),24+ ft.,30,-71,294,1,0,20200926,LAL,DEN,41900315665,28710,0,200794|203924|203999|1627750|1628420,0,PS,2020,203076,-10.0,PF,Helper,2.21,MISS Murray 30' 3PT Pullup Jump Shot,PG,Primary Ball Handler,1.96,
Shot Chart Detail,41900401,13,203109,Jae Crowder,1610612748,Miami Heat,1,10,44,Made Shot,Jump Shot,3PT Field Goal,Right Corner 3,Right Side(R),24+ ft.,23,235,4,1,1,20200930,LAL,MIA,4190040113,760,0,201609|202710|203109|1628389|1629130,1,PS,2020,203076,3.0,PF,Helper,2.21,Crowder 24' 3PT Jump Shot (3 PTS) (Dragic 1 AST),SF-PF,Movement Shooter,0.14,201609.0
Shot Chart Detail,41900401,70,202710,Jimmy Butler III,1610612748,Miami Heat,1,4,54,Missed Shot,Layup Shot,2PT Field Goal,Restricted Area,Center(C),Less Than 8 ft.,1,-16,1,1,0,20200930,LAL,MIA,4190040170,4260,0,2738|202710|203109|1629130|1629639,0,PS,2020,203076,11.0,PF,Helper,2.21,MISS Butler 2' Layup,SF,Shot Creator,3.97,
Shot Chart Detail,41900401,76,2738,Andre Iguodala,1610612748,Miami Heat,1,4,21,Made Shot,Tip Dunk Shot,2PT Field Goal,Restricted Area,Center(C),Less Than 8 ft.,0,0,-6,1,1,20200930,LAL,MIA,4190040176,4590,0,2738|202710|203109|1629130|1629639,0,PS,2020,203076,13.0,PF,Helper,2.21,Iguodala 1' Tip Dunk Shot (2 PTS),SF,Athletic Finisher,-1.59,
Shot Chart Detail,41900401,123,201609,Goran Dragic,1610612748,Miami Heat,1,1,27,Missed Shot,Pullup Jump shot,2PT Field Goal,Mid-Range,Right Side(R),16-24 ft.,18,186,-38,1,0,20200930,LAL,MIA,41900401123,6330,0,2738|201609|203524|1628389|1629639,0,PS,2020,203076,4.0,PF,Helper,2.21,MISS Dragic 19' Pullup Jump Shot,PG,Primary Ball Handler,0.96,
Shot Chart Detail,41900401,140,1627884,Derrick Jones Jr.,1610612748,Miami Heat,1,0,28,Missed Shot,Cutting Layup Shot,2PT Field Goal,In The Paint (Non-RA),Center(C),Less Than 8 ft.,4,28,29,1,0,20200930,LAL,MIA,41900401140,6920,0,2738|201609|203524|1627884|1629639,0,PS,2020,200765|203076|2544,-0.0,,,,,SF,Stretch Big,0.03,
Shot Chart Detail,41900401,234,201609,Goran Dragic,1610612748,Miami Heat,2,4,42,Missed Shot,Jump Shot,3PT Field Goal,Right Corner 3,Right Side(R),24+ ft.,24,229,87,1,0,20200930,LAL,MIA,41900401234,11580,0,2738|201609|203109|1628389|1629639,0,PS,2020,203076,-11.0,PF,Helper,2.21,MISS Dragic 24' 3PT Jump Shot,PG,Primary Ball Handler,0.96,
Shot Chart Detail,41900401,243,202710,Jimmy Butler III,1610612748,Miami Heat,2,4,13,Missed Shot,Step Back Jump shot,2PT Field Goal,Mid-Range,Left Side(L),8-16 ft.,10,-101,19,1,0,20200930,LAL,MIA,41900401243,11870,0,2738|202710|203109|1628389|1629639,0,PS,2020,203076|201980,-11.0,,,,,SF,Shot Creator,3.97,
Shot Chart Detail,41900401,248,202710,Jimmy Butler III,1610612748,Miami Heat,2,3,48,Made Shot,Cutting Layup Shot,2PT Field Goal,Restricted Area,Center(C),Less Than 8 ft.,1,8,-13,1,1,20200930,LAL,MIA,41900401248,12120,0,2738|202710|203109|1628389|1629639,1,PS,2020,203076,-9.0,PF,Helper,2.21,Butler 2' Cutting Layup Shot (14 PTS) (Iguodala 3 AST),SF,Shot Creator,3.97,2738.0
Shot Chart Detail,41900401,263,1628389,Bam Adebayo,1610612748,Miami Heat,2,3,3,Missed Shot,Pullup Jump shot,2PT Field Goal,In The Paint (Non-RA),Center(C),8-16 ft.,14,71,132,1,0,20200930,LAL,MIA,41900401263,12570,0,2738|202710|203109|1628389|1629639,0,PS,2020,203076,-12.0,PF,Helper,2.21,MISS Adebayo 15' Pullup Jump Shot,PF,Shot Creator,0.58,
Shot Chart Detail,41900401,278,1628389,Bam Adebayo,1610612748,Miami Heat,2,2,2,Missed Shot,Jump Bank Shot,2PT Field Goal,Mid-Range,Center(C),16-24 ft.,21,-19,216,1,0,20200930,LAL,MIA,41900401278,13180,0,2738|202710|203109|1628389|1629639,0,PS,2020,203076,-11.0,PF,Helper,2.21,MISS Adebayo 22' Jump Bank Shot,PF,Shot Creator,0.58,
Shot Chart Detail,41900401,338,203109,Jae Crowder,1610612748,Miami Heat,3,10,41,Missed Shot,Pullup Jump shot,3PT Field Goal,Above the Break 3,Center(C),24+ ft.,26,-18,260,1,0,20200930,LAL,MIA,41900401338,15190,0,202710|203109|1628389|1629130|1629639,0,PS,2020,203076,-18.0,PF,Helper,2.21,MISS Crowder 26' 3PT Pullup Jump Shot,SF-PF,Movement Shooter,0.14,
Shot Chart Detail,41900401,342,203109,Jae Crowder,1610612748,Miami Heat,3,9,52,Made Shot,Jump Shot,3PT Field Goal,Above the Break 3,Left Side Center(LC),24+ ft.,25,-172,194,1,1,20200930,LAL,MIA,41900401342,15680,0,202710|203109|1628389|1629130|1629639,1,PS,2020,203076,-18.0,PF,Helper,2.21,Crowder 26' 3PT Jump Shot (12 PTS) (Butler 5 AST),SF-PF,Movement Shooter,0.14,202710.0
Shot Chart Detail,41900401,365,203109,Jae Crowder,1610612748,Miami Heat,3,8,6,Missed Shot,Jump Shot,2PT Field Goal,Mid-Range,Left Side(L),16-24 ft.,22,-217,64,1,0,20200930,LAL,MIA,41900401365,16740,0,202710|203109|1628389|1629130|1629639,0,PS,2020,203076,-24.0,PF,Helper,2.21,MISS Crowder 23' Jump Shot,SF-PF,Movement Shooter,0.14,
Shot Chart Detail,41900401,379,203109,Jae Crowder,1610612748,Miami Heat,3,7,34,Missed Shot,Jump Shot,3PT Field Goal,Above the Break 3,Right Side Center(RC),24+ ft.,25,189,175,1,0,20200930,LAL,MIA,41900401379,17060,0,2738|202710|203109|1628389|1629134,0,PS,2020,203076,-26.0,PF,Helper,2.21,MISS Crowder 26' 3PT Jump Shot,SF-PF,Movement Shooter,0.14,
Shot Chart Detail,41900401,408,2738,Andre Iguodala,1610612748,Miami Heat,3,5,40,Made Shot,Turnaround Fadeaway shot,2PT Field Goal,In The Paint (Non-RA),Center(C),8-16 ft.,14,63,134,1,1,20200930,LAL,MIA,41900401408,18200,0,2738|202710|203482|1629130|1629134,0,PS,2020,203076,,PF,Helper,2.21,Iguodala 15' Turnaround Fadeaway (4 PTS),SF,Athletic Finisher,-1.59,
Shot Chart Detail,41900401,426,2738,Andre Iguodala,1610612748,Miami Heat,3,3,37,Missed Shot,Pullup Jump shot,2PT Field Goal,Mid-Range,Center(C),16-24 ft.,21,4,214,1,0,20200930,LAL,MIA,41900401426,19430,0,2738|202710|203482|1629130|1629134,0,PS,2020,203076,-28.0,PF,Helper,2.21,Davis BLOCK (3 BLK),SF,Athletic Finisher,-1.59,
Shot Chart Detail,41900401,437,1629134,Kendrick Nunn,1610612748,Miami Heat,3,3,5,Missed Shot,Pullup Jump shot,3PT Field Goal,Above the Break 3,Center(C),24+ ft.,26,52,256,1,0,20200930,LAL,MIA,41900401437,19750,0,2738|202710|203482|1629130|1629134,0,PS,2020,203076|203484,-28.0,,,,,PG,Primary Ball Handler,-0.28,
Shot Chart Detail,41900401,469,203482,Kelly Olynyk,1610612748,Miami Heat,3,0,35,Missed Shot,Jump Shot,3PT Field Goal,Above the Break 3,Right Side Center(RC),24+ ft.,29,146,252,1,0,20200930,LAL,MIA,41900401469,21250,0,2738|202710|203482|1629130|1629134,0,PS,2020,203076,-28.0,PF,Helper,2.21,MISS Olynyk 29' 3PT Jump Shot,C,Athletic Finisher,-0.92,
Shot Chart Detail,41900401,473,1629134,Kendrick Nunn,1610612748,Miami Heat,3,0,2,Made Shot,Driving Layup Shot,2PT Field Goal,Restricted Area,Center(C),Less Than 8 ft.,3,-20,26,1,1,20200930,LAL,MIA,41900401473,21580,0,2738|202710|203482|1629130|1629134,0,PS,2020,203076|2544,-26.0,,,,,PG,Primary Ball Handler,-0.28,
Shot Chart Detail,41900401,532,203524,Solomon Hill,1610612748,Miami Heat,4,7,52,Made Shot,Layup Shot,2PT Field Goal,Restricted Area,Center(C),Less Than 8 ft.,1,-12,8,1,1,20200930,LAL,MIA,41900401532,24080,0,203109|203482|203524|1629134|1629639,0,PS,2020,203076,-18.0,PF,Helper,2.21,S. Hill 1' Layup (2 PTS),PF,Movement Shooter,-1.33,
Shot Chart Detail,41900402,24,1629639,Tyler Herro,1610612748,Miami Heat,1,9,15,Made Shot,Step Back Jump shot,3PT Field Goal,Right Corner 3,Right Side(R),24+ ft.,24,239,53,1,1,20201002,LAL,MIA,4190040224,1650,0,202710|203086|203109|1629130|1629639,1,PS,2020,203076,2.0,PF,Helper,2.21,Herro 24' 3PT Step Back Jump Shot (3 PTS) (Leonard 1 AST),SG,Secondary Ball Handler,-0.92,203086.0
Shot Chart Detail,41900402,53,203109,Jae Crowder,1610612748,Miami Heat,1,7,25,Missed Shot,Jump Shot,3PT Field Goal,Right Corner 3,Right Side(R),24+ ft.,23,232,-6,1,0,20201002,LAL,MIA,4190040253,2750,0,202710|203109|203482|1629130|1629639,0,PS,2020,203076,-6.0,PF,Helper,2.21,MISS Crowder 3PT Jump Shot,SF-PF,Movement Shooter,0.14,
Shot Chart Detail,41900402,120,1629134,Kendrick Nunn,1610612748,Miami Heat,1,2,25,Missed Shot,Pullup Jump shot,3PT Field Goal,Above the Break 3,Center(C),24+ ft.,26,29,263,1,0,20201002,LAL,MIA,41900402120,5750,0,2738|202710|203482|1629134|1629639,0,PS,2020,1628398|203076,-8.0,,,,,PG,Primary Ball Handler,-0.28,
Shot Chart Detail,41900402,144,202710,Jimmy Butler III,1610612748,Miami Heat,1,0,16,Made Shot,Fadeaway Jump Shot,2PT Field Goal,Mid-Range,Right Side(R),8-16 ft.,12,100,83,1,1,20201002,LAL,MIA,41900402144,7040,0,2738|202710|203482|1629134|1629639,0,PS,2020,203076,,PF,Helper,2.21,Butler 13' Fadeaway Jumper (5 PTS),SF,Shot Creator,3.97,
Shot Chart Detail,41900402,314,202710,Jimmy Butler III,1610612748,Miami Heat,2,0,55,Missed Shot,Driving Layup Shot,2PT Field Goal,Restricted Area,Center(C),Less Than 8 ft.,0,1,5,1,0,20201002,LAL,MIA,41900402314,13850,0,2738|202710|203109|1629130|1629639,0,PS,2020,203076,-15.0,PF,Helper,2.21,MISS Butler 1' Driving Layup,SF,Shot Creator,3.97,
Shot Chart Detail,41900402,347,203109,Jae Crowder,1610612748,Miami Heat,3,10,17,Made Shot,Jump Shot,3PT Field Goal,Above the Break 3,Center(C),24+ ft.,26,-32,259,1,1,20201002,LAL,MIA,41900402347,15430,0,202710|203086|203109|1629130|1629639,1,PS,2020,203076,-13.0,PF,Helper,2.21,Crowder 26' 3PT Jump Shot (12 PTS) (Butler 9 AST),SF-PF,Movement Shooter,0.14,202710.0
Shot Chart Detail,41900402,368,1629639,Tyler Herro,1610612748,Miami Heat,3,8,8,Made Shot,Driving Bank Hook Shot,2PT Field Goal,Restricted Area,Center(C),Less Than 8 ft.,3,26,26,1,1,20201002,LAL,MIA,41900402368,16720,0,202710|203086|203109|1629130|1629639,1,PS,2020,203076,-16.0,PF,Helper,2.21,Herro 4' Driving Bank Hook Shot (11 PTS) (Robinson 3 AST),SG,Secondary Ball Handler,-0.92,1629130.0
Shot Chart Detail,41900402,423,1629639,Tyler Herro,1610612748,Miami Heat,3,4,1,Missed Shot,Driving Layup Shot,2PT Field Goal,Restricted Area,Center(C),Less Than 8 ft.,3,-14,31,1,0,20201002,LAL,MIA,41900402423,19190,0,2738|202710|203482|1629134|1629639,0,PS,2020,203076,-16.0,PF,Helper,2.21,MISS Herro 3' Driving Layup,SG,Secondary Ball Handler,-0.92,
Shot Chart Detail,41900402,439,203482,Kelly Olynyk,1610612748,Miami Heat,3,3,8,Made Shot,Jump Shot,3PT Field Goal,Above the Break 3,Left Side Center(LC),24+ ft.,27,-164,221,1,1,20201002,LAL,MIA,41900402439,19720,0,2738|202710|203482|1629134|1629639,1,PS,2020,203076,-11.0,PF,Helper,2.21,Olynyk 28' 3PT Jump Shot (13 PTS) (Herro 2 AST),C,Athletic Finisher,-0.92,1629639.0
Shot Chart Detail,41900402,448,202710,Jimmy Butler III,1610612748,Miami Heat,3,2,27,Missed Shot,Driving Layup Shot,2PT Field Goal,Restricted Area,Center(C),Less Than 8 ft.,3,29,22,1,0,20201002,LAL,MIA,41900402448,20130,0,2738|202710|203482|1629134|1629639,0,PS,2020,203076,-14.0,PF,Helper,2.21,MISS Butler 4' Driving Layup,SF,Shot Creator,3.97,
Shot Chart Detail,41900402,451,202710,Jimmy Butler III,1610612748,Miami Heat,3,2,26,Made Shot,Tip Layup Shot,2PT Field Goal,Restricted Area,Center(C),Less Than 8 ft.,0,0,-6,1,1,20201002,LAL,MIA,41900402451,20140,0,2738|202710|203482|1629134|1629639,0,PS,2020,1627936|203076,-12.0,,,,,SF,Shot Creator,3.97,
Shot Chart Detail,41900402,454,1629639,Tyler Herro,1610612748,Miami Heat,3,1,54,Made Shot,Floating Jump shot,2PT Field Goal,In The Paint (Non-RA),Center(C),8-16 ft.,12,9,126,1,1,20201002,LAL,MIA,41900402454,20460,0,2738|202710|203482|1629134|1629639,1,PS,2020,203076,-13.0,PF,Helper,2.21,Herro 13' Floating Jump Shot (13 PTS) (Olynyk 2 AST),SG,Secondary Ball Handler,-0.92,203482.0
Shot Chart Detail,41900402,460,203482,Kelly Olynyk,1610612748,Miami Heat,3,1,27,Made Shot,Driving Layup Shot,2PT Field Goal,Restricted Area,Center(C),Less Than 8 ft.,3,20,27,1,1,20201002,LAL,MIA,41900402460,20730,0,2738|202710|203482|1629134|1629639,1,PS,2020,203076,-12.0,PF,Helper,2.21,Olynyk 3' Driving Layup (15 PTS) (Iguodala 1 AST),C,Athletic Finisher,-0.92,2738.0
Shot Chart Detail,41900402,623,203482,Kelly Olynyk,1610612748,Miami Heat,4,3,20,Missed Shot,Pullup Jump shot,2PT Field Goal,Mid-Range,Center(C),16-24 ft.,19,53,190,1,0,20201002,LAL,MIA,41900402623,26800,0,2738|202710|203482|1629134|1629639,0,PS,2020,203076,-11.0,PF,Helper,2.21,MISS Olynyk 20' Pullup Jump Shot,C,Athletic Finisher,-0.92,
Shot Chart Detail,41900403,48,202710,Jimmy Butler III,1610612748,Miami Heat,1,7,32,Made Shot,Running Dunk Shot,2PT Field Goal,Restricted Area,Center(C),Less Than 8 ft.,1,2,11,1,1,20201004,MIA,LAL,4190040348,2680,0,202710|203086|203109|1629130|1629639,1,PS,2020,203076,,PF,Helper,2.21,Butler 1' Running Dunk (4 PTS) (Herro 1 AST),SF,Shot Creator,3.97,1629639.0
Shot Chart Detail,41900403,52,203109,Jae Crowder,1610612748,Miami Heat,1,7,7,Missed Shot,Fadeaway Jump Shot,2PT Field Goal,Mid-Range,Right Side Center(RC),16-24 ft.,16,87,146,1,0,20201004,MIA,LAL,4190040352,2930,0,202710|203086|203109|1629130|1629639,0,PS,2020,203076,8.0,PF,Helper,2.21,MISS Crowder 17' Fadeaway Jumper,SF-PF,Movement Shooter,0.14,
Shot Chart Detail,41900403,230,203482,Kelly Olynyk,1610612748,Miami Heat,2,7,46,Missed Shot,Jump Shot,3PT Field Goal,Left Corner 3,Left Side(L),24+ ft.,23,-232,0,1,0,20201004,MIA,LAL,41900403230,9740,0,202710|203109|203482|1629130|1629134,0,PS,2020,203076,-4.0,PF,Helper,2.21,MISS Olynyk 3PT Jump Shot,C,Athletic Finisher,-0.92,
Shot Chart Detail,41900403,367,203086,Meyers Leonard,1610612748,Miami Heat,3,10,15,Made Shot,Cutting Dunk Shot,2PT Field Goal,Restricted Area,Center(C),Less Than 8 ft.,0,-5,5,1,1,20201004,MIA,LAL,41900403367,15450,0,202710|203086|203109|1629130|1629639,1,PS,2020,203076,9.0,PF,Helper,2.21,Leonard 1' Cutting Dunk Shot (7 PTS) (Herro 2 AST),C,Athletic Finisher,-1.99,1629639.0
Shot Chart Detail,41900403,396,203109,Jae Crowder,1610612748,Miami Heat,3,7,59,Missed Shot,Pullup Jump shot,3PT Field Goal,Above the Break 3,Left Side Center(LC),24+ ft.,25,-130,220,1,0,20201004,MIA,LAL,41900403396,16810,0,202710|203086|203109|1629130|1629639,0,PS,2020,203076,14.0,PF,Helper,2.21,MISS Crowder 26' 3PT Pullup Jump Shot,SF-PF,Movement Shooter,0.14,
Shot Chart Detail,41900403,404,203109,Jae Crowder,1610612748,Miami Heat,3,7,26,Missed Shot,Jump Shot,3PT Field Goal,Right Corner 3,Right Side(R),24+ ft.,24,239,27,1,0,20201004,MIA,LAL,41900403404,17140,0,202710|203086|203109|1629130|1629639,0,PS,2020,203076,11.0,PF,Helper,2.21,MISS Crowder 24' 3PT Jump Shot,SF-PF,Movement Shooter,0.14,
Shot Chart Detail,41900403,468,203482,Kelly Olynyk,1610612748,Miami Heat,3,2,55,Made Shot,Jump Shot,3PT Field Goal,Above the Break 3,Right Side Center(RC),24+ ft.,26,219,143,1,1,20201004,MIA,LAL,41900403468,19850,0,2738|202710|203482|1629130|1629134,1,PS,2020,203076,11.0,PF,Helper,2.21,Olynyk 26' 3PT Jump Shot (10 PTS) (Iguodala 3 AST),C,Athletic Finisher,-0.92,2738.0
Shot Chart Detail,41900403,542,203109,Jae Crowder,1610612748,Miami Heat,4,9,11,Missed Shot,Jump Shot,3PT Field Goal,Right Corner 3,Right Side(R),24+ ft.,23,235,-10,1,0,20201004,MIA,LAL,41900403542,23290,0,202710|203109|203482|1629130|1629639,0,PS,2020,203076,0.0,PF,Helper,2.21,MISS Crowder 24' 3PT Jump Shot,SF-PF,Movement Shooter,0.14,
Shot Chart Detail,41900403,572,203482,Kelly Olynyk,1610612748,Miami Heat,4,6,29,Made Shot,Cutting Layup Shot,2PT Field Goal,Restricted Area,Center(C),Less Than 8 ft.,2,20,9,1,1,20201004,MIA,LAL,41900403572,24910,0,202710|203109|203482|1629130|1629639,1,PS,2020,203076,5.0,PF,Helper,2.21,Olynyk 2' Cutting Layup Shot (17 PTS) (Butler 12 AST),C,Athletic Finisher,-0.92,202710.0
Shot Chart Detail,41900403,621,1629130,Duncan Robinson,1610612748,Miami Heat,4,2,28,Missed Shot,Jump Shot,3PT Field Goal,Left Corner 3,Left Side(L),24+ ft.,22,-223,35,1,0,20201004,MIA,LAL,41900403621,27320,0,202710|203109|203482|1629130|1629639,0,PS,2020,203076,8.0,PF,Helper,2.21,MISS Robinson 3PT Jump Shot,SG,Off Screen Shooter,0.68,
Shot Chart Detail,41900404,22,1628389,Bam Adebayo,1610612748,Miami Heat,1,9,48,Missed Shot,Hook Shot,2PT Field Goal,Restricted Area,Center(C),Less Than 8 ft.,3,15,36,1,0,20201006,MIA,LAL,4190040422,1320,0,202710|203109|1628389|1629130|1629639,0,PS,2020,203076,0.0,PF,Helper,2.21,MISS Adebayo 4' Hook Shot,PF,Shot Creator,0.58,
Shot Chart Detail,41900404,40,1629639,Tyler Herro,1610612748,Miami Heat,1,8,17,Made Shot,Driving Reverse Layup Shot,2PT Field Goal,Restricted Area,Center(C),Less Than 8 ft.,2,21,10,1,1,20201006,MIA,LAL,4190040440,2230,0,202710|203109|1628389|1629130|1629639,0,PS,2020,203076,0.0,PF,Helper,2.21,Herro 2' Driving Reverse Layup (2 PTS),SG,Secondary Ball Handler,-0.92,
Shot Chart Detail,41900404,85,1629639,Tyler Herro,1610612748,Miami Heat,1,4,35,Missed Shot,Running Layup Shot,2PT Field Goal,Restricted Area,Center(C),Less Than 8 ft.,1,11,5,1,0,20201006,MIA,LAL,4190040485,4450,0,202710|203109|203482|1629134|1629639,0,PS,2020,203076,-1.0,PF,Helper,2.21,MISS Herro 1' Running Layup,SG,Secondary Ball Handler,-0.92,
Shot Chart Detail,41900404,89,203482,Kelly Olynyk,1610612748,Miami Heat,1,4,12,Missed Shot,Layup Shot,2PT Field Goal,In The Paint (Non-RA),Center(C),Less Than 8 ft.,4,-28,37,1,0,20201006,MIA,LAL,4190040489,4680,0,202710|203109|203482|1629134|1629639,0,PS,2020,203076,-3.0,PF,Helper,2.21,MISS Olynyk 5' Layup,C,Athletic Finisher,-0.92,
Shot Chart Detail,41900404,101,202710,Jimmy Butler III,1610612748,Miami Heat,1,3,7,Made Shot,Driving Floating Jump Shot,2PT Field Goal,Mid-Range,Right Side(R),8-16 ft.,9,98,13,1,1,20201006,MIA,LAL,41900404101,5330,0,202710|203109|203482|1629134|1629639,0,PS,2020,203076,-3.0,PF,Helper,2.21,Butler 10' Driving Floating Jump Shot (7 PTS),SF,Shot Creator,3.97,
Shot Chart Detail,41900404,129,2738,Andre Iguodala,1610612748,Miami Heat,1,1,0,Missed Shot,Turnaround Hook Shot,2PT Field Goal,In The Paint (Non-RA),Left Side(L),8-16 ft.,8,-74,44,1,0,20201006,MIA,LAL,41900404129,6600,0,2738|202710|203109|1629134|1629639,0,PS,2020,203076,-2.0,PF,Helper,2.21,MISS Iguodala 9' Turnaround Hook Shot,SF,Athletic Finisher,-1.59,
Shot Chart Detail,41900404,133,1629134,Kendrick Nunn,1610612748,Miami Heat,1,0,33,Missed Shot,Pullup Jump shot,2PT Field Goal,Mid-Range,Center(C),8-16 ft.,15,-25,155,1,0,20201006,MIA,LAL,41900404133,6870,0,2738|202710|203109|1629134|1629639,0,PS,2020,203076,-5.0,PF,Helper,2.21,MISS Nunn 16' Pullup Jump Shot,PG,Primary Ball Handler,-0.28,
Shot Chart Detail,41900404,304,1629639,Tyler Herro,1610612748,Miami Heat,2,0,3,Made Shot,Jump Shot,2PT Field Goal,Mid-Range,Center(C),8-16 ft.,15,-3,157,1,1,20201006,MIA,LAL,41900404304,14370,0,2738|202710|203109|1629134|1629639,0,PS,2020,202693|203076,-2.0,,,,,SG,Secondary Ball Handler,-0.92,
Shot Chart Detail,41900404,343,1628389,Bam Adebayo,1610612748,Miami Heat,3,8,40,Missed Shot,Hook Shot,2PT Field Goal,In The Paint (Non-RA),Right Side(R),8-16 ft.,9,57,71,1,0,20201006,MIA,LAL,41900404343,16400,0,202710|203109|1628389|1629130|1629639,0,PS,2020,203076,2.0,PF,Helper,2.21,MISS Adebayo 9' Hook Shot,PF,Shot Creator,0.58,
Shot Chart Detail,41900404,357,202710,Jimmy Butler III,1610612748,Miami Heat,3,7,33,Missed Shot,Jump Shot,3PT Field Goal,Above the Break 3,Right Side Center(RC),24+ ft.,25,150,211,1,0,20201006,MIA,LAL,41900404357,17070,0,202710|203109|1628389|1629130|1629639,0,PS,2020,203076,-3.0,PF,Helper,2.21,MISS Butler 26' 3PT Jump Shot,SF,Shot Creator,3.97,
Shot Chart Detail,41900404,368,202710,Jimmy Butler III,1610612748,Miami Heat,3,6,35,Missed Shot,Driving Layup Shot,2PT Field Goal,Restricted Area,Center(C),Less Than 8 ft.,1,16,5,1,0,20201006,MIA,LAL,41900404368,17650,0,202710|203109|1628389|1629130|1629639,0,PS,2020,203076,-5.0,PF,Helper,2.21,MISS Butler 2' Driving Layup,SF,Shot Creator,3.97,
Shot Chart Detail,41900404,419,202710,Jimmy Butler III,1610612748,Miami Heat,3,2,38,Missed Shot,Turnaround Fadeaway Bank Jump Shot,2PT Field Goal,In The Paint (Non-RA),Right Side(R),8-16 ft.,8,70,50,1,0,20201006,MIA,LAL,41900404419,20020,0,2738|202710|203482|1629130|1629134,0,PS,2020,203076,-4.0,PF,Helper,2.21,MISS Butler 9' Turnaround Fadeaway Bank Jump Shot,SF,Shot Creator,3.97,
Shot Chart Detail,41900404,502,1629134,Kendrick Nunn,1610612748,Miami Heat,4,9,11,Missed Shot,Driving Reverse Layup Shot,2PT Field Goal,Restricted Area,Center(C),Less Than 8 ft.,2,-21,-11,1,0,20201006,MIA,LAL,41900404502,23290,0,2738|202710|203482|1629134|1629639,0,PS,2020,203076,-4.0,PF,Helper,2.21,MISS Nunn 2' Driving Reverse Layup,PG,Primary Ball Handler,-0.28,
Shot Chart Detail,41900404,546,1628389,Bam Adebayo,1610612748,Miami Heat,4,5,10,Made Shot,Cutting Layup Shot,2PT Field Goal,Restricted Area,Center(C),Less Than 8 ft.,1,-5,9,1,1,20201006,MIA,LAL,41900404546,25700,0,202710|203109|1628389|1629130|1629639,1,PS,2020,203076,-3.0,PF,Helper,2.21,Adebayo 1' Cutting Layup Shot (15 PTS) (Butler 6 AST),PF,Shot Creator,0.58,202710.0
Shot Chart Detail,41900404,596,202710,Jimmy Butler III,1610612748,Miami Heat,4,0,20,Missed Shot,Driving Layup Shot,2PT Field Goal,Restricted Area,Center(C),Less Than 8 ft.,1,17,0,1,0,20201006,MIA,LAL,41900404596,28600,0,202710|203109|1628389|1629130|1629639,0,PS,2020,203076,-7.0,PF,Helper,2.21,MISS Butler 2' Driving Layup,SF,Shot Creator,3.97,
Shot Chart Detail,41900405,33,202710,Jimmy Butler III,1610612748,Miami Heat,1,8,53,Made Shot,Pullup Jump shot,2PT Field Goal,Mid-Range,Right Side(R),16-24 ft.,17,170,51,1,1,20201009,LAL,MIA,4190040533,1870,0,202710|203109|1628389|1629130|1629639,0,PS,2020,203076|203484,1.0,,,,,SF,Shot Creator,3.97,
Shot Chart Detail,41900405,67,203109,Jae Crowder,1610612748,Miami Heat,1,6,11,Missed Shot,Cutting Layup Shot,2PT Field Goal,Restricted Area,Center(C),Less Than 8 ft.,1,12,-1,1,0,20201009,LAL,MIA,4190040567,3490,0,202710|203109|1628389|1629130|1629639,0,PS,2020,203076,-3.0,PF,Helper,2.21,MISS Crowder 1' Cutting Layup Shot,SF-PF,Movement Shooter,0.14,
Shot Chart Detail,41900405,74,203109,Jae Crowder,1610612748,Miami Heat,1,5,30,Made Shot,Floating Jump shot,2PT Field Goal,Restricted Area,Center(C),Less Than 8 ft.,2,14,19,1,1,20201009,LAL,MIA,4190040574,3900,0,202710|203109|1628389|1629130|1629639,1,PS,2020,203076|2730,-3.0,,,,,SF-PF,Movement Shooter,0.14,202710.0
Shot Chart Detail,41900405,109,202710,Jimmy Butler III,1610612748,Miami Heat,1,2,25,Made Shot,Step Back Jump shot,2PT Field Goal,Mid-Range,Right Side Center(RC),16-24 ft.,16,74,151,1,1,20201009,LAL,MIA,41900405109,5750,0,2738|202710|203109|1629130|1629134,0,PS,2020,203076,4.0,PF,Helper,2.21,Butler 17' Step Back Jump Shot (8 PTS),SF,Shot Creator,3.97,
Shot Chart Detail,41900405,115,202710,Jimmy Butler III,1610612748,Miami Heat,1,1,32,Missed Shot,Driving Layup Shot,2PT Field Goal,Restricted Area,Center(C),Less Than 8 ft.,2,22,20,1,0,20201009,LAL,MIA,41900405115,6280,0,2738|202710|203109|1629130|1629134,0,PS,2020,203076,2.0,PF,Helper,2.21,Davis BLOCK (1 BLK),SF,Shot Creator,3.97,
Shot Chart Detail,41900405,186,202710,Jimmy Butler III,1610612748,Miami Heat,2,8,18,Made Shot,Layup Shot,2PT Field Goal,Restricted Area,Center(C),Less Than 8 ft.,2,23,5,1,1,20201009,LAL,MIA,41900405186,9420,0,2738|202710|1628389|1629134|1629639,0,PS,2020,203076,10.0,PF,Helper,2.21,Butler 2' Layup (12 PTS),SF,Shot Creator,3.97,
Shot Chart Detail,41900405,206,1629134,Kendrick Nunn,1610612748,Miami Heat,2,6,41,Missed Shot,Pullup Jump shot,2PT Field Goal,Mid-Range,Right Side Center(RC),16-24 ft.,20,145,146,1,0,20201009,LAL,MIA,41900405206,10390,0,2738|202710|1628389|1629134|1629639,0,PS,2020,203076,8.0,PF,Helper,2.21,MISS Nunn 21' Pullup Jump Shot,PG,Primary Ball Handler,-0.28,
Shot Chart Detail,41900405,230,202710,Jimmy Butler III,1610612748,Miami Heat,2,5,46,Made Shot,Pullup Jump shot,2PT Field Goal,In The Paint (Non-RA),Center(C),8-16 ft.,10,-11,105,1,1,20201009,LAL,MIA,41900405230,10940,0,202710|203109|1628389|1629130|1629134,0,PS,2020,203076,8.0,PF,Helper,2.21,Butler 11' Pullup Jump Shot (15 PTS),SF,Shot Creator,3.97,
Shot Chart Detail,41900405,234,202710,Jimmy Butler III,1610612748,Miami Heat,2,5,0,Made Shot,Jump Shot,2PT Field Goal,Mid-Range,Left Side(L),16-24 ft.,21,-182,122,1,1,20201009,LAL,MIA,41900405234,11400,0,202710|203109|1628389|1629130|1629134,1,PS,2020,203076,10.0,PF,Helper,2.21,Butler 22' Jump Shot (17 PTS) (Nunn 1 AST),SF,Shot Creator,3.97,1629134.0
Shot Chart Detail,41900405,238,1629130,Duncan Robinson,1610612748,Miami Heat,2,4,42,Missed Shot,Running Jump Shot,3PT Field Goal,Above the Break 3,Left Side Center(LC),24+ ft.,24,-221,116,1,0,20201009,LAL,MIA,41900405238,11580,0,202710|203109|1628389|1629130|1629134,0,PS,2020,203076,10.0,PF,Helper,2.21,MISS Robinson 25' 3PT Running Jump Shot,SG,Off Screen Shooter,0.68,
Shot Chart Detail,41900405,240,1629130,Duncan Robinson,1610612748,Miami Heat,2,4,27,Missed Shot,Jump Shot,3PT Field Goal,Left Corner 3,Left Side(L),24+ ft.,23,-230,-2,1,0,20201009,LAL,MIA,41900405240,11730,0,202710|203109|1628389|1629130|1629134,0,PS,2020,203076,10.0,PF,Helper,2.21,MISS Robinson 3PT Jump Shot,SG,Off Screen Shooter,0.68,
Shot Chart Detail,41900405,327,1628389,Bam Adebayo,1610612748,Miami Heat,3,10,3,Missed Shot,Reverse Layup Shot,2PT Field Goal,Restricted Area,Center(C),Less Than 8 ft.,1,13,2,1,0,20201009,LAL,MIA,41900405327,15570,0,202710|203109|1628389|1629130|1629639,0,PS,2020,203076,4.0,PF,Helper,2.21,MISS Adebayo 1' Reverse Layup,PF,Shot Creator,0.58,
Shot Chart Detail,41900405,337,1629639,Tyler Herro,1610612748,Miami Heat,3,8,51,Missed Shot,Driving Layup Shot,2PT Field Goal,Restricted Area,Center(C),Less Than 8 ft.,1,11,15,1,0,20201009,LAL,MIA,41900405337,16290,0,202710|203109|1628389|1629130|1629639,0,PS,2020,203076,1.0,PF,Helper,2.21,MISS Herro 2' Driving Layup,SG,Secondary Ball Handler,-0.92,
Shot Chart Detail,41900405,364,1629639,Tyler Herro,1610612748,Miami Heat,3,6,31,Missed Shot,Driving Floating Jump Shot,2PT Field Goal,In The Paint (Non-RA),Center(C),8-16 ft.,13,42,128,1,0,20201009,LAL,MIA,41900405364,17690,0,202710|203109|1628389|1629130|1629639,0,PS,2020,203076,3.0,PF,Helper,2.21,MISS Herro 13' Driving Floating Jump Shot,SG,Secondary Ball Handler,-0.92,
Shot Chart Detail,41900405,395,203109,Jae Crowder,1610612748,Miami Heat,3,3,41,Missed Shot,Jump Shot,3PT Field Goal,Above the Break 3,Center(C),24+ ft.,26,16,260,1,0,20201009,LAL,MIA,41900405395,19390,0,2738|202710|203109|1629130|1629134,0,PS,2020,203076,1.0,PF,Helper,2.21,MISS Crowder 26' 3PT Jump Shot,SF-PF,Movement Shooter,0.14,
Shot Chart Detail,41900405,403,203109,Jae Crowder,1610612748,Miami Heat,3,3,1,Made Shot,Jump Shot,3PT Field Goal,Above the Break 3,Left Side Center(LC),24+ ft.,26,-149,215,1,1,20201009,LAL,MIA,41900405403,19790,0,2738|202710|203109|1629130|1629134,1,PS,2020,203076,4.0,PF,Helper,2.21,Crowder 26' 3PT Jump Shot (10 PTS) (Nunn 3 AST),SF-PF,Movement Shooter,0.14,1629134.0
Shot Chart Detail,41900405,434,1628389,Bam Adebayo,1610612748,Miami Heat,3,1,42,Missed Shot,Driving Reverse Layup Shot,2PT Field Goal,Restricted Area,Center(C),Less Than 8 ft.,1,19,-1,1,0,20201009,LAL,MIA,41900405434,20580,0,2738|202710|1628389|1629130|1629134,0,PS,2020,203076,4.0,PF,Helper,2.21,Davis BLOCK (2 BLK),PF,Shot Creator,0.58,
Shot Chart Detail,41900405,488,202710,Jimmy Butler III,1610612748,Miami Heat,4,9,42,Missed Shot,Step Back Jump shot,2PT Field Goal,Mid-Range,Left Side(L),8-16 ft.,13,-131,32,1,0,20201009,LAL,MIA,41900405488,22980,0,202710|203109|1628389|1629130|1629134,0,PS,2020,203076,8.0,PF,Helper,2.21,MISS Butler 13' Step Back Jump Shot,SF,Shot Creator,3.97,
Shot Chart Detail,41900405,505,202710,Jimmy Butler III,1610612748,Miami Heat,4,8,43,Missed Shot,Pullup Jump shot,3PT Field Goal,Above the Break 3,Right Side Center(RC),24+ ft.,26,103,249,1,0,20201009,LAL,MIA,41900405505,23570,0,2738|202710|203109|1629134|1629639,0,PS,2020,203076,8.0,PF,Helper,2.21,Davis BLOCK (3 BLK),SF,Shot Creator,3.97,
Shot Chart Detail,41900405,510,203109,Jae Crowder,1610612748,Miami Heat,4,8,15,Missed Shot,Jump Shot,3PT Field Goal,Above the Break 3,Right Side Center(RC),24+ ft.,27,98,252,1,0,20201009,LAL,MIA,41900405510,23850,0,2738|202710|203109|1629134|1629639,0,PS,2020,203076,5.0,PF,Helper,2.21,MISS Crowder 27' 3PT Jump Shot,SF-PF,Movement Shooter,0.14,
Shot Chart Detail,41900405,525,202710,Jimmy Butler III,1610612748,Miami Heat,4,6,55,Missed Shot,Pullup Jump shot,3PT Field Goal,Above the Break 3,Right Side Center(RC),24+ ft.,25,217,142,1,0,20201009,LAL,MIA,41900405525,24650,0,2738|202710|1628389|1629134|1629639,0,PS,2020,203076,4.0,PF,Helper,2.21,MISS Butler 26' 3PT Pullup Jump Shot,SF,Shot Creator,3.97,
Shot Chart Detail,41900405,543,203109,Jae Crowder,1610612748,Miami Heat,4,5,54,Missed Shot,Pullup Jump shot,3PT Field Goal,Above the Break 3,Center(C),24+ ft.,27,-77,269,1,0,20201009,LAL,MIA,41900405543,25260,0,202710|203109|1628389|1629130|1629639,0,PS,2020,203076,-1.0,PF,Helper,2.21,MISS Crowder 28' 3PT Pullup Jump Shot,SF-PF,Movement Shooter,0.14,
Shot Chart Detail,41900405,588,202710,Jimmy Butler III,1610612748,Miami Heat,4,1,51,Made Shot,Pullup Jump shot,2PT Field Goal,Mid-Range,Right Side Center(RC),16-24 ft.,19,91,175,1,1,20201009,LAL,MIA,41900405588,27690,0,202710|203109|1628389|1629130|1629639,1,PS,2020,203076,2.0,PF,Helper,2.21,Butler 20' Pullup Jump Shot (29 PTS) (Robinson 2 AST),SF,Shot Creator,3.97,1629130.0
Shot Chart Detail,41900406,9,1628389,Bam Adebayo,1610612748,Miami Heat,1,11,25,Made Shot,Alley Oop Dunk Shot,2PT Field Goal,Restricted Area,Center(C),Less Than 8 ft.,1,-6,12,1,1,20201011,MIA,LAL,419004069,350,0,202710|203109|1628389|1629130|1629639,1,PS,2020,203076,,PF,Helper,2.21,Adebayo 1' Alley Oop Dunk (2 PTS) (Herro 1 AST),PF,Shot Creator,0.58,1629639.0
Shot Chart Detail,41900406,28,1628389,Bam Adebayo,1610612748,Miami Heat,1,9,28,Missed Shot,Cutting Layup Shot,2PT Field Goal,Restricted Area,Center(C),Less Than 8 ft.,2,-22,17,1,0,20201011,MIA,LAL,4190040628,1520,0,202710|203109|1628389|1629130|1629639,0,PS,2020,203076,-2.0,PF,Helper,2.21,MISS Adebayo 3' Cutting Layup Shot,PF,Shot Creator,0.58,
Shot Chart Detail,41900406,44,1629639,Tyler Herro,1610612748,Miami Heat,1,8,18,Missed Shot,Driving Reverse Layup Shot,2PT Field Goal,Restricted Area,Center(C),Less Than 8 ft.,2,22,8,1,0,20201011,MIA,LAL,4190040644,2220,0,202710|203109|1628389|1629130|1629639,0,PS,2020,203076,-3.0,PF,Helper,2.21,MISS Herro 2' Driving Reverse Layup,SG,Secondary Ball Handler,-0.92,
Shot Chart Detail,41900406,59,1628389,Bam Adebayo,1610612748,Miami Heat,1,6,27,Missed Shot,Floating Jump shot,2PT Field Goal,In The Paint (Non-RA),Center(C),8-16 ft.,10,-5,102,1,0,20201011,MIA,LAL,4190040659,3330,0,202710|203109|1628389|1629130|1629639,0,PS,2020,203076,-3.0,PF,Helper,2.21,MISS Adebayo 10' Floating Jump Shot,PF,Shot Creator,0.58,
Shot Chart Detail,41900406,115,202710,Jimmy Butler III,1610612748,Miami Heat,1,1,38,Made Shot,Jump Shot,3PT Field Goal,Right Corner 3,Right Side(R),24+ ft.,22,226,8,1,1,20201011,MIA,LAL,41900406115,6220,0,2738|202710|1628389|1629130|1629134,1,PS,2020,203076,-4.0,PF,Helper,2.21,Butler 3PT Jump Shot (3 PTS) (Robinson 1 AST),SF,Shot Creator,3.97,1629130.0
Shot Chart Detail,41900406,246,203109,Jae Crowder,1610612748,Miami Heat,2,5,22,Made Shot,Jump Shot,3PT Field Goal,Above the Break 3,Center(C),24+ ft.,25,-36,257,1,1,20201011,MIA,LAL,41900406246,11180,0,202710|203109|1628389|1629130|1629639,1,PS,2020,203076,-14.0,PF,Helper,2.21,Crowder 26' 3PT Jump Shot (6 PTS) (Butler 4 AST),SF-PF,Movement Shooter,0.14,202710.0
Shot Chart Detail,41900406,277,202710,Jimmy Butler III,1610612748,Miami Heat,2,3,40,Made Shot,Layup Shot,2PT Field Goal,Restricted Area,Center(C),Less Than 8 ft.,1,-9,17,1,1,20201011,MIA,LAL,41900406277,12200,0,202710|203109|1628389|1629130|1629134,1,PS,2020,2544|203076,-17.0,,,,,SF,Shot Creator,3.97,1628389.0
Shot Chart Detail,41900406,285,203109,Jae Crowder,1610612748,Miami Heat,2,3,16,Missed Shot,Jump Shot,3PT Field Goal,Above the Break 3,Left Side Center(LC),24+ ft.,26,-123,236,1,0,20201011,MIA,LAL,41900406285,12440,0,202710|203109|1628389|1629130|1629134,0,PS,2020,203076,-17.0,PF,Helper,2.21,MISS Crowder 27' 3PT Jump Shot,SF-PF,Movement Shooter,0.14,
Shot Chart Detail,41900406,308,202710,Jimmy Butler III,1610612748,Miami Heat,2,2,24,Missed Shot,Driving Floating Bank Jump Shot,2PT Field Goal,In The Paint (Non-RA),Center(C),8-16 ft.,10,-29,101,1,0,20201011,MIA,LAL,41900406308,12960,0,2738|202710|1628389|1629130|1629134,0,PS,2020,203076,-20.0,PF,Helper,2.21,MISS Butler 11' Driving Floating Bank Jump Shot,SF,Shot Creator,3.97,
Shot Chart Detail,41900406,332,1629134,Kendrick Nunn,1610612748,Miami Heat,2,0,43,Missed Shot,Driving Layup Shot,2PT Field Goal,Restricted Area,Center(C),Less Than 8 ft.,3,-28,16,1,0,20201011,MIA,LAL,41900406332,13970,0,2738|202710|1628389|1629130|1629134,0,PS,2020,203076,-30.0,PF,Helper,2.21,MISS Nunn 3' Driving Layup,PG,Primary Ball Handler,-0.28,
Shot Chart Detail,41900406,394,202710,Jimmy Butler III,1610612748,Miami Heat,3,7,36,Missed Shot,Pullup Jump shot,2PT Field Goal,Mid-Range,Right Side(R),8-16 ft.,14,89,113,1,0,20201011,MIA,LAL,41900406394,17040,0,202710|203109|1628389|1629130|1629639,0,PS,2020,201980|203076,-32.0,,,,,SF,Shot Creator,3.97,
Shot Chart Detail,41900406,403,1628389,Bam Adebayo,1610612748,Miami Heat,3,7,2,Made Shot,Pullup Jump shot,2PT Field Goal,Mid-Range,Center(C),16-24 ft.,17,-43,172,1,1,20201011,MIA,LAL,41900406403,17380,0,201609|202710|203109|1628389|1629130,0,PS,2020,203076,-30.0,PF,Helper,2.21,Adebayo 18' Pullup Jump Shot (10 PTS),PF,Shot Creator,0.58,
Shot Chart Detail,41900406,406,1628389,Bam Adebayo,1610612748,Miami Heat,3,6,38,Made Shot,Driving Hook Shot,2PT Field Goal,In The Paint (Non-RA),Center(C),8-16 ft.,8,6,87,1,1,20201011,MIA,LAL,41900406406,17620,0,201609|202710|203109|1628389|1629130,0,PS,2020,203076,-28.0,PF,Helper,2.21,Adebayo 9' Driving Hook Shot (12 PTS),PF,Shot Creator,0.58,
Shot Chart Detail,41900406,415,1628389,Bam Adebayo,1610612748,Miami Heat,3,5,53,Missed Shot,Layup Shot,2PT Field Goal,Restricted Area,Center(C),Less Than 8 ft.,2,-24,3,1,0,20201011,MIA,LAL,41900406415,18070,0,201609|202710|203109|1628389|1629130,0,PS,2020,203076,-29.0,PF,Helper,2.21,MISS Adebayo 2' Layup,PF,Shot Creator,0.58,
Shot Chart Detail,41900406,422,1628389,Bam Adebayo,1610612748,Miami Heat,3,5,46,Made Shot,Floating Jump shot,2PT Field Goal,In The Paint (Non-RA),Center(C),Less Than 8 ft.,7,-4,72,1,1,20201011,MIA,LAL,41900406422,18140,0,201609|202710|203109|1628389|1629130,1,PS,2020,203484|203076,-27.0,,,,,PF,Shot Creator,0.58,202710.0
Shot Chart Detail,41900406,429,201609,Goran Dragic,1610612748,Miami Heat,3,4,55,Missed Shot,Jump Shot,3PT Field Goal,Above the Break 3,Right Side Center(RC),24+ ft.,26,176,193,1,0,20201011,MIA,LAL,41900406429,18650,0,201609|202710|203109|1628389|1629130,0,PS,2020,203076,-29.0,PF,Helper,2.21,MISS Dragic 26' 3PT Jump Shot,PG,Primary Ball Handler,0.96,
Shot Chart Detail,41900406,527,1628389,Bam Adebayo,1610612748,Miami Heat,4,8,38,Made Shot,Jump Shot,2PT Field Goal,Mid-Range,Left Side(L),8-16 ft.,11,-100,61,1,1,20201011,MIA,LAL,41900406527,23620,0,201609|202710|203482|1628389|1629639,1,PS,2020,203076,-21.0,PF,Helper,2.21,Adebayo 12' Jump Shot (21 PTS) (Herro 3 AST),PF,Shot Creator,0.58,1629639.0
Shot Chart Detail,41900406,534,203482,Kelly Olynyk,1610612748,Miami Heat,4,7,45,Missed Shot,Driving Reverse Layup Shot,2PT Field Goal,In The Paint (Non-RA),Center(C),Less Than 8 ft.,4,-26,35,1,0,20201011,MIA,LAL,41900406534,24150,0,201609|202710|203482|1628389|1629639,0,PS,2020,203076,-23.0,PF,Helper,2.21,MISS Olynyk 4' Driving Reverse Layup,C,Athletic Finisher,-0.92,
Shot Chart Detail,41900406,544,1628389,Bam Adebayo,1610612748,Miami Heat,4,7,11,Missed Shot,Reverse Layup Shot,2PT Field Goal,Restricted Area,Center(C),Less Than 8 ft.,1,-18,6,1,0,20201011,MIA,LAL,41900406544,24490,0,201609|202710|203482|1628389|1629639,0,PS,2020,2544|203076,-25.0,,,,,PF,Shot Creator,0.58,
Shot Chart Detail,41900406,563,1628389,Bam Adebayo,1610612748,Miami Heat,4,5,43,Made Shot,Cutting Layup Shot,2PT Field Goal,In The Paint (Non-RA),Center(C),Less Than 8 ft.,4,-14,43,1,1,20201011,MIA,LAL,41900406563,25370,0,202710|203482|1628389|1629130|1629639,1,PS,2020,203076,-21.0,PF,Helper,2.21,Adebayo 5' Cutting Layup Shot (23 PTS) (Robinson 2 AST),PF,Shot Creator,0.58,1629130.0
