GRID_TYPE,GAME_ID,EVENTNUM,PLAYER_ID,PLAYER_NAME,TEAM_ID,TEAM_NAME,PERIOD,MINUTES_REMAINING,SECONDS_REMAINING,EVENT_TYPE,ACTION_TYPE,SHOT_TYPE,SHOT_ZONE_BASIC,SHOT_ZONE_AREA,SHOT_ZONE_RANGE,SHOT_DISTANCE,LOC_X,LOC_Y,SHOT_ATTEMPTED_FLAG,SHOT_MADE_FLAG,GAME_DATE,HTM,VTM,SHOT_ID,time,extra,PLAYERS_ON,assisted,season_type,year,DEF_ID,score_margin,DEF_POSITION,DEF_ROLE,D_LEBRON,dsc,OFF_POSITION,OFF_ROLE,O_LEBRON,ASSIST_ID
Shot Chart Detail,21800006,11,1626196,Josh Richardson,1610612748,Miami Heat,1,11,21,Made Shot,Driving Layup Shot,2PT Field Goal,Restricted Area,Center(C),Less Than 8 ft.,3,-29,27,1,1,20181017,ORL,MIA,2180000611,390,0,201609|202355|203585|1626196|1627884,0,REG,2019,203095,2.0,SG,Wing Stopper,0.06,Richardson 4' Driving Layup (2 PTS),SG,Primary Ball Handler,0.23,
Shot Chart Detail,21800006,37,1626196,Josh Richardson,1610612748,Miami Heat,1,8,56,Missed Shot,Jump Shot,3PT Field Goal,Above the Break 3,Left Side Center(LC),24+ ft.,25,-150,211,1,0,20181017,ORL,MIA,2180000637,1840,0,201609|202355|203585|1626196|1627884,0,REG,2019,203095,5.0,SG,Wing Stopper,0.06,MISS Richardson 26' 3PT Jump Shot,SG,Primary Ball Handler,0.23,
Shot Chart Detail,21800006,133,1626196,Josh Richardson,1610612748,Miami Heat,1,2,56,Made Shot,Jump Shot,3PT Field Goal,Above the Break 3,Left Side Center(LC),24+ ft.,26,-95,251,1,1,20181017,ORL,MIA,21800006133,5440,0,2548|203482|204020|1626196|1628389,1,REG,2019,203613,14.0,SG-SF,Wing Stopper,-0.27,Richardson 27' 3PT Jump Shot (5 PTS) (Wade 1 AST),SG,Primary Ball Handler,0.23,2548.0
Shot Chart Detail,21800006,179,1626196,Josh Richardson,1610612748,Miami Heat,2,11,36,Made Shot,Jump Shot,2PT Field Goal,Mid-Range,Center(C),8-16 ft.,15,-36,151,1,1,20181017,ORL,MIA,21800006179,7440,0,2548|203482|204020|1626196|1628389,1,REG,2019,1628964,6.0,C,Anchor Big,1.84,Richardson 16' Jump Shot (7 PTS) (Adebayo 1 AST),SG,Primary Ball Handler,0.23,1628389.0
Shot Chart Detail,21800006,186,1626196,Josh Richardson,1610612748,Miami Heat,2,11,3,Missed Shot,Step Back Jump shot,3PT Field Goal,Above the Break 3,Center(C),24+ ft.,25,47,253,1,0,20181017,ORL,MIA,21800006186,7770,0,2548|203482|204020|1626196|1628389,0,REG,2019,203613,6.0,SG-SF,Wing Stopper,-0.27,MISS Richardson 26' 3PT Step Back Jump Shot,SG,Primary Ball Handler,0.23,
Shot Chart Detail,21800006,216,1626196,Josh Richardson,1610612748,Miami Heat,2,9,29,Missed Shot,Driving Layup Shot,2PT Field Goal,Restricted Area,Center(C),Less Than 8 ft.,3,18,31,1,0,20181017,ORL,MIA,21800006216,8710,0,202355|203482|203585|204020|1626196,0,REG,2019,203613,2.0,SG-SF,Wing Stopper,-0.27,MISS Richardson 4' Driving Layup,SG,Primary Ball Handler,0.23,
Shot Chart Detail,21800006,235,1626196,Josh Richardson,1610612748,Miami Heat,2,8,15,Missed Shot,Jump Shot,3PT Field Goal,Above the Break 3,Center(C),24+ ft.,25,-16,252,1,0,20181017,ORL,MIA,21800006235,9450,0,202355|203482|203585|204020|1626196,0,REG,2019,1626170,2.0,PG,Point of Attack,0.02,MISS Richardson 25' 3PT Jump Shot,SG,Primary Ball Handler,0.23,
Shot Chart Detail,21800006,272,1626196,Josh Richardson,1610612748,Miami Heat,2,6,10,Missed Shot,Floating Jump shot,2PT Field Goal,In The Paint (Non-RA),Center(C),8-16 ft.,12,-7,123,1,0,20181017,ORL,MIA,21800006272,10700,0,201609|202355|203585|1626196|1627884,0,REG,2019,203613,-1.0,SG-SF,Wing Stopper,-0.27,MISS Richardson 12' Floating Jump Shot,SG,Primary Ball Handler,0.23,
Shot Chart Detail,21800006,296,1626196,Josh Richardson,1610612748,Miami Heat,2,4,47,Made Shot,Driving Reverse Layup Shot,2PT Field Goal,Restricted Area,Center(C),Less Than 8 ft.,2,20,18,1,1,20181017,ORL,MIA,21800006296,11530,0,201609|202355|203585|1626196|1627884,0,REG,2019,203095,2.0,SG,Wing Stopper,0.06,Richardson 3' Driving Reverse Layup (9 PTS),SG,Primary Ball Handler,0.23,
Shot Chart Detail,21800006,299,1626196,Josh Richardson,1610612748,Miami Heat,2,4,25,Missed Shot,Driving Floating Jump Shot,2PT Field Goal,Restricted Area,Center(C),Less Than 8 ft.,3,30,26,1,0,20181017,ORL,MIA,21800006299,11750,0,201609|202355|203585|1626196|1627884,0,REG,2019,203613,2.0,SG-SF,Wing Stopper,-0.27,MISS Richardson 4' Driving Floating Jump Shot,SG,Primary Ball Handler,0.23,
Shot Chart Detail,21800006,307,1626196,Josh Richardson,1610612748,Miami Heat,2,3,32,Missed Shot,Jump Shot,3PT Field Goal,Above the Break 3,Left Side Center(LC),24+ ft.,27,-121,247,1,0,20181017,ORL,MIA,21800006307,12280,0,201609|202355|203585|1626196|1627884,0,REG,2019,201571,-0.0,PG,Point of Attack,-0.3,MISS Richardson 28' 3PT Jump Shot,SG,Primary Ball Handler,0.23,
Shot Chart Detail,21800006,400,1626196,Josh Richardson,1610612748,Miami Heat,3,10,4,Made Shot,Driving Layup Shot,2PT Field Goal,Restricted Area,Center(C),Less Than 8 ft.,1,-8,11,1,1,20181017,ORL,MIA,21800006400,15560,0,201609|202355|203585|1626196|1628389,0,REG,2019,202696,-1.0,C,Anchor Big,1.81,Richardson 1' Driving Layup (11 PTS),SG,Primary Ball Handler,0.23,
Shot Chart Detail,21800006,413,1626196,Josh Richardson,1610612748,Miami Heat,3,8,34,Missed Shot,Jump Shot,3PT Field Goal,Above the Break 3,Right Side Center(RC),24+ ft.,25,154,200,1,0,20181017,ORL,MIA,21800006413,16460,0,201609|202355|203585|1626196|1628389,0,REG,2019,1628371,-4.0,PF,Helper,1.74,MISS Richardson 25' 3PT Jump Shot,SG,Primary Ball Handler,0.23,
Shot Chart Detail,21800006,441,1626196,Josh Richardson,1610612748,Miami Heat,3,6,34,Made Shot,Running Jump Shot,2PT Field Goal,Restricted Area,Center(C),Less Than 8 ft.,2,-10,22,1,1,20181017,ORL,MIA,21800006441,17660,0,201609|202355|203585|1626196|1628389,0,REG,2019,202696,-3.0,C,Anchor Big,1.81,Richardson 2' Running Jump Shot (13 PTS),SG,Primary Ball Handler,0.23,
Shot Chart Detail,21800006,547,1626196,Josh Richardson,1610612748,Miami Heat,4,10,42,Missed Shot,Jump Shot,3PT Field Goal,Above the Break 3,Left Side Center(LC),24+ ft.,25,-96,232,1,0,20181017,ORL,MIA,21800006547,22380,0,2548|203482|204020|1626196|1627884,0,REG,2019,203082,-1.0,SG,Low Activity,-0.5,MISS Richardson 25' 3PT Jump Shot,SG,Primary Ball Handler,0.23,
Shot Chart Detail,21800006,558,1626196,Josh Richardson,1610612748,Miami Heat,4,10,22,Missed Shot,Jump Shot,3PT Field Goal,Above the Break 3,Center(C),24+ ft.,26,-25,264,1,0,20181017,ORL,MIA,21800006558,22580,0,2548|202355|203482|204020|1626196,0,REG,2019,203613,-3.0,SG-SF,Wing Stopper,-0.27,MISS Richardson 27' 3PT Jump Shot,SG,Primary Ball Handler,0.23,
Shot Chart Detail,21800006,573,1626196,Josh Richardson,1610612748,Miami Heat,4,9,49,Missed Shot,Driving Finger Roll Layup Shot,2PT Field Goal,Restricted Area,Center(C),Less Than 8 ft.,2,-21,13,1,0,20181017,ORL,MIA,21800006573,22910,0,2548|202355|203482|204020|1626196,0,REG,2019,1628964,-5.0,C,Anchor Big,1.84,Bamba BLOCK (2 BLK),SG,Primary Ball Handler,0.23,
Shot Chart Detail,21800006,577,1626196,Josh Richardson,1610612748,Miami Heat,4,9,43,Missed Shot,Jump Shot,3PT Field Goal,Above the Break 3,Left Side Center(LC),24+ ft.,25,-207,141,1,0,20181017,ORL,MIA,21800006577,22970,0,2548|202355|203482|204020|1626196,0,REG,2019,203613,-5.0,SG-SF,Wing Stopper,-0.27,MISS Richardson 25' 3PT Jump Shot,SG,Primary Ball Handler,0.23,
Shot Chart Detail,21800006,620,1626196,Josh Richardson,1610612748,Miami Heat,4,7,6,Missed Shot,Driving Reverse Layup Shot,2PT Field Goal,Restricted Area,Center(C),Less Than 8 ft.,1,14,13,1,0,20181017,ORL,MIA,21800006620,24540,0,201609|202355|203585|204020|1626196,0,REG,2019,203613,-11.0,SG-SF,Wing Stopper,-0.27,MISS Richardson 2' Driving Reverse Layup,SG,Primary Ball Handler,0.23,
Shot Chart Detail,21800006,646,1626196,Josh Richardson,1610612748,Miami Heat,4,4,14,Made Shot,Pullup Jump shot,2PT Field Goal,In The Paint (Non-RA),Center(C),8-16 ft.,10,46,99,1,1,20181017,ORL,MIA,21800006646,26260,0,201609|202355|203585|204020|1626196,0,REG,2019,203095|1626170,-9.0,,,,,SG,Primary Ball Handler,0.23,
Shot Chart Detail,21800006,668,1626196,Josh Richardson,1610612748,Miami Heat,4,2,52,Made Shot,Pullup Jump shot,3PT Field Goal,Above the Break 3,Center(C),24+ ft.,26,-51,255,1,1,20181017,ORL,MIA,21800006668,27080,0,2548|201609|203585|1626196|1628389,0,REG,2019,203613,-8.0,SG-SF,Wing Stopper,-0.27,Richardson 26' 3PT Pullup Jump Shot (21 PTS),SG,Primary Ball Handler,0.23,
Shot Chart Detail,21800015,17,1626196,Josh Richardson,1610612748,Miami Heat,1,10,38,Made Shot,Pullup Jump shot,3PT Field Goal,Above the Break 3,Left Side Center(LC),24+ ft.,26,-120,234,1,1,20181018,WAS,MIA,2180001517,820,0,201609|202355|203585|1626196|1627884,0,REG,2019,101133,-2.0,C,Anchor Big,1.32,Richardson 26' 3PT Pullup Jump Shot (3 PTS),SG,Primary Ball Handler,0.23,
Shot Chart Detail,21800015,20,1626196,Josh Richardson,1610612748,Miami Heat,1,10,2,Missed Shot,Pullup Jump shot,2PT Field Goal,Mid-Range,Left Side(L),8-16 ft.,14,-119,85,1,0,20181018,WAS,MIA,2180001520,1180,0,201609|202355|203585|1626196|1627884,0,REG,2019,101133,-2.0,C,Anchor Big,1.32,Porter Jr. BLOCK (1 BLK),SG,Primary Ball Handler,0.23,
Shot Chart Detail,21800015,23,1626196,Josh Richardson,1610612748,Miami Heat,1,9,56,Made Shot,Dunk Shot,2PT Field Goal,Restricted Area,Center(C),Less Than 8 ft.,1,5,13,1,1,20181018,WAS,MIA,2180001523,1240,0,201609|202355|203585|1626196|1627884,0,REG,2019,101133,,C,Anchor Big,1.32,Richardson 1' Dunk (5 PTS),SG,Primary Ball Handler,0.23,
Shot Chart Detail,21800015,38,1626196,Josh Richardson,1610612748,Miami Heat,1,8,31,Missed Shot,Jump Shot,3PT Field Goal,Above the Break 3,Left Side Center(LC),24+ ft.,27,-200,182,1,0,20181018,WAS,MIA,2180001538,2090,0,201609|202355|203585|1626196|1627884,0,REG,2019,203078,-5.0,SG,Chaser,-1.2,MISS Richardson 27' 3PT Jump Shot,SG,Primary Ball Handler,0.23,
Shot Chart Detail,21800015,50,1626196,Josh Richardson,1610612748,Miami Heat,1,7,43,Missed Shot,Driving Reverse Layup Shot,2PT Field Goal,Mid-Range,Left Side(L),8-16 ft.,9,-91,14,1,0,20181018,WAS,MIA,2180001550,2570,0,201609|202355|203585|1626196|1627884,0,REG,2019,202693,-5.0,PF,Mobile Big,-0.04,Morris BLOCK (1 BLK),SG,Primary Ball Handler,0.23,
Shot Chart Detail,21800015,72,1626196,Josh Richardson,1610612748,Miami Heat,1,6,11,Missed Shot,Pullup Jump shot,2PT Field Goal,In The Paint (Non-RA),Center(C),Less Than 8 ft.,7,-27,73,1,0,20181018,WAS,MIA,2180001572,3490,0,201609|202355|203585|1626196|1627884,0,REG,2019,203078|202693,-6.0,,,,,SG,Primary Ball Handler,0.23,
Shot Chart Detail,21800015,158,1626196,Josh Richardson,1610612748,Miami Heat,1,0,33,Missed Shot,Driving Layup Shot,2PT Field Goal,Restricted Area,Center(C),Less Than 8 ft.,3,-11,38,1,0,20181018,WAS,MIA,21800015158,6870,0,2548|203482|204020|1626196|1628389,0,REG,2019,203085,-1.0,SG,Point of Attack,-1.08,MISS Richardson 4' Driving Layup,SG,Primary Ball Handler,0.23,
Shot Chart Detail,21800015,196,1626196,Josh Richardson,1610612748,Miami Heat,2,9,22,Missed Shot,Pullup Jump shot,3PT Field Goal,Above the Break 3,Left Side Center(LC),24+ ft.,25,-209,153,1,0,20181018,WAS,MIA,21800015196,8780,0,2548|203482|204020|1626196|1628389,0,REG,2019,1626162,2.0,SF,Chaser,-0.36,MISS Richardson 26' 3PT Pullup Jump Shot,SG,Primary Ball Handler,0.23,
Shot Chart Detail,21800015,206,1626196,Josh Richardson,1610612748,Miami Heat,2,8,35,Missed Shot,Pullup Jump shot,3PT Field Goal,Above the Break 3,Left Side Center(LC),24+ ft.,26,-179,201,1,0,20181018,WAS,MIA,21800015206,9250,0,2548|203482|204020|1626196|1628389,0,REG,2019,201145|1626162,-2.0,,,,,SG,Primary Ball Handler,0.23,
Shot Chart Detail,21800015,370,1626196,Josh Richardson,1610612748,Miami Heat,2,0,3,Made Shot,Step Back Jump shot,3PT Field Goal,Above the Break 3,Center(C),24+ ft.,27,36,274,1,1,20181018,WAS,MIA,21800015370,14370,0,2548|203585|204020|1626196|1628389,0,REG,2019,201145,-1.0,PF,Helper,-1.27,Richardson 28' 3PT Step Back Jump Shot (9 PTS),SG,Primary Ball Handler,0.23,
Shot Chart Detail,21800015,411,1626196,Josh Richardson,1610612748,Miami Heat,3,10,12,Made Shot,Jump Shot,3PT Field Goal,Above the Break 3,Right Side Center(RC),24+ ft.,25,90,237,1,1,20181018,WAS,MIA,21800015411,15480,0,201609|202355|203585|1626196|1627884,1,REG,2019,202322,4.0,PG,Point of Attack,0.03,Richardson 25' 3PT Jump Shot (12 PTS) (Dragic 7 AST),SG,Primary Ball Handler,0.23,201609.0
Shot Chart Detail,21800015,467,1626196,Josh Richardson,1610612748,Miami Heat,3,6,58,Missed Shot,Driving Dunk Shot,2PT Field Goal,Restricted Area,Center(C),Less Than 8 ft.,2,-5,23,1,0,20181018,WAS,MIA,21800015467,17420,0,201609|202355|203585|1626196|1627884,0,REG,2019,202322,5.0,PG,Point of Attack,0.03,Wall BLOCK (2 BLK),SG,Primary Ball Handler,0.23,
Shot Chart Detail,21800015,564,1626196,Josh Richardson,1610612748,Miami Heat,3,2,5,Missed Shot,Jump Shot,3PT Field Goal,Above the Break 3,Left Side Center(LC),24+ ft.,28,-161,236,1,0,20181018,WAS,MIA,21800015564,20350,0,2548|203482|204020|1626196|1628389,0,REG,2019,203107,1.0,PG,Point of Attack,-0.03,MISS Richardson 29' 3PT Jump Shot,SG,Primary Ball Handler,0.23,
Shot Chart Detail,21800015,589,1626196,Josh Richardson,1610612748,Miami Heat,3,0,1,Missed Shot,Floating Jump shot,2PT Field Goal,Mid-Range,Center(C),8-16 ft.,15,-5,154,1,0,20181018,WAS,MIA,21800015589,21590,0,2548|203482|204020|1626196|1628389,0,REG,2019,1626162,-4.0,SF,Chaser,-0.36,MISS Richardson 15' Floating Jump Shot,SG,Primary Ball Handler,0.23,
Shot Chart Detail,21800015,606,1626196,Josh Richardson,1610612748,Miami Heat,4,11,5,Made Shot,Jump Shot,3PT Field Goal,Above the Break 3,Center(C),24+ ft.,27,6,273,1,1,20181018,WAS,MIA,21800015606,22150,0,2548|203482|204020|1626196|1628389,1,REG,2019,203107,-1.0,PG,Point of Attack,-0.03,Richardson 27' 3PT Jump Shot (18 PTS) (Wade 3 AST),SG,Primary Ball Handler,0.23,2548.0
Shot Chart Detail,21800015,621,1626196,Josh Richardson,1610612748,Miami Heat,4,9,19,Made Shot,Driving Layup Shot,2PT Field Goal,Restricted Area,Center(C),Less Than 8 ft.,0,4,7,1,1,20181018,WAS,MIA,21800015621,23210,0,2548|203482|204020|1626196|1628389,0,REG,2019,203107,-2.0,PG,Point of Attack,-0.03,Richardson 1' Driving Layup (20 PTS),SG,Primary Ball Handler,0.23,
Shot Chart Detail,21800015,626,1626196,Josh Richardson,1610612748,Miami Heat,4,8,44,Missed Shot,Jump Shot,3PT Field Goal,Above the Break 3,Left Side Center(LC),24+ ft.,26,-130,230,1,0,20181018,WAS,MIA,21800015626,23560,0,2548|203482|204020|1626196|1628389,0,REG,2019,1626162,-4.0,SF,Chaser,-0.36,MISS Richardson 26' 3PT Jump Shot,SG,Primary Ball Handler,0.23,
Shot Chart Detail,21800015,652,1626196,Josh Richardson,1610612748,Miami Heat,4,7,51,Missed Shot,Jump Shot,3PT Field Goal,Above the Break 3,Right Side Center(RC),24+ ft.,27,171,215,1,0,20181018,WAS,MIA,21800015652,24090,0,203482|203585|204020|1626196|1627884,0,REG,2019,201145|203085,-3.0,,,,,SG,Primary Ball Handler,0.23,
Shot Chart Detail,21800015,683,1626196,Josh Richardson,1610612748,Miami Heat,4,6,5,Made Shot,Cutting Dunk Shot,2PT Field Goal,Restricted Area,Center(C),Less Than 8 ft.,2,-6,23,1,1,20181018,WAS,MIA,21800015683,25150,0,201609|202355|203585|204020|1626196,1,REG,2019,202322,-0.0,PG,Point of Attack,0.03,Richardson 2' Cutting Dunk Shot (22 PTS) (McGruder 6 AST),SG,Primary Ball Handler,0.23,203585.0
Shot Chart Detail,21800015,708,1626196,Josh Richardson,1610612748,Miami Heat,4,3,35,Made Shot,Pullup Jump shot,3PT Field Goal,Above the Break 3,Center(C),24+ ft.,26,-25,263,1,1,20181018,WAS,MIA,21800015708,26650,0,201609|202355|203585|204020|1626196,0,REG,2019,201145,2.0,PF,Helper,-1.27,Richardson 26' 3PT Pullup Jump Shot (25 PTS),SG,Primary Ball Handler,0.23,
Shot Chart Detail,21800015,757,1626196,Josh Richardson,1610612748,Miami Heat,4,0,30,Missed Shot,Driving Finger Roll Layup Shot,2PT Field Goal,Restricted Area,Center(C),Less Than 8 ft.,1,3,15,1,0,20181018,WAS,MIA,21800015757,28500,0,2548|201609|202355|203585|1626196,0,REG,2019,201145,-1.0,PF,Helper,-1.27,Wall BLOCK (4 BLK),SG,Primary Ball Handler,0.23,
Shot Chart Detail,21800030,18,1626196,Josh Richardson,1610612748,Miami Heat,1,10,55,Made Shot,Pullup Jump shot,3PT Field Goal,Above the Break 3,Center(C),24+ ft.,25,-8,252,1,1,20181020,MIA,CHA,2180003018,650,0,201609|202355|203585|1626196|1627884,0,REG,2019,201587,7.0,SF,Wing Stopper,0.12,Richardson 25' 3PT Pullup Jump Shot (3 PTS),SG,Primary Ball Handler,0.23,
Shot Chart Detail,21800030,25,1626196,Josh Richardson,1610612748,Miami Heat,1,9,39,Missed Shot,Step Back Jump shot,3PT Field Goal,Above the Break 3,Right Side Center(RC),24+ ft.,24,85,235,1,0,20181020,MIA,CHA,2180003025,1410,0,201609|202355|203585|1626196|1627884,0,REG,2019,201587,5.0,SF,Wing Stopper,0.12,MISS Richardson 25' 3PT Step Back Jump Shot,SG,Primary Ball Handler,0.23,
Shot Chart Detail,21800030,30,1626196,Josh Richardson,1610612748,Miami Heat,1,9,7,Made Shot,Turnaround Fadeaway shot,2PT Field Goal,Mid-Range,Left Side(L),8-16 ft.,12,-93,79,1,1,20181020,MIA,CHA,2180003030,1730,0,201609|202355|203585|1626196|1627884,0,REG,2019,201587,,SF,Wing Stopper,0.12,Richardson 12' Turnaround Fadeaway (5 PTS),SG,Primary Ball Handler,0.23,
Shot Chart Detail,21800030,129,1626196,Josh Richardson,1610612748,Miami Heat,1,2,50,Missed Shot,Jump Shot,3PT Field Goal,Above the Break 3,Left Side Center(LC),24+ ft.,26,-134,228,1,0,20181020,MIA,CHA,21800030129,5500,0,2548|203482|204020|1626196|1628389,0,REG,2019,1626195,-5.0,C,Anchor Big,-0.41,MISS Richardson 26' 3PT Jump Shot,SG,Primary Ball Handler,0.23,
Shot Chart Detail,21800030,163,1626196,Josh Richardson,1610612748,Miami Heat,1,0,11,Made Shot,Step Back Jump shot,2PT Field Goal,Mid-Range,Right Side Center(RC),16-24 ft.,17,81,154,1,1,20181020,MIA,CHA,21800030163,7090,0,2548|203482|204020|1626196|1628389,0,REG,2019,201587,-5.0,SF,Wing Stopper,0.12,Richardson 17' Step Back Jump Shot (7 PTS),SG,Primary Ball Handler,0.23,
Shot Chart Detail,21800030,186,1626196,Josh Richardson,1610612748,Miami Heat,2,9,46,Missed Shot,Running Layup Shot,2PT Field Goal,Restricted Area,Center(C),Less Than 8 ft.,1,3,18,1,0,20181020,MIA,CHA,21800030186,8540,0,2548|203482|204020|1626196|1628389,0,REG,2019,203077,-5.0,PF,Wing Stopper,0.95,MISS Richardson 2' Running Layup,SG,Primary Ball Handler,0.23,
Shot Chart Detail,21800030,352,1626196,Josh Richardson,1610612748,Miami Heat,3,11,14,Missed Shot,Jump Shot,3PT Field Goal,Left Corner 3,Left Side(L),24+ ft.,22,-222,50,1,0,20181020,MIA,CHA,21800030352,14860,0,201609|202355|203585|1626196|1627884,0,REG,2019,202689,-20.0,PG,Point of Attack,-1.05,MISS Richardson 3PT Jump Shot,SG,Primary Ball Handler,0.23,
Shot Chart Detail,21800030,374,1626196,Josh Richardson,1610612748,Miami Heat,3,9,9,Missed Shot,Pullup Jump shot,2PT Field Goal,Mid-Range,Center(C),16-24 ft.,16,9,169,1,0,20181020,MIA,CHA,21800030374,16110,0,201609|202355|203585|1626196|1627884,0,REG,2019,202689,-20.0,PG,Point of Attack,-1.05,MISS Richardson 17' Pullup Jump Shot,SG,Primary Ball Handler,0.23,
Shot Chart Detail,21800030,574,1626196,Josh Richardson,1610612748,Miami Heat,3,8,45,Missed Shot,Jump Shot,2PT Field Goal,Mid-Range,Left Side(L),8-16 ft.,14,-123,68,1,0,20181020,MIA,CHA,21800030574,16350,0,201609|202355|203585|1626196|1627884,0,REG,2019,203087,-20.0,SG,Chaser,0.39,MISS Richardson 14' Jump Shot,SG,Primary Ball Handler,0.23,
Shot Chart Detail,21800030,635,1626196,Josh Richardson,1610612748,Miami Heat,4,4,57,Missed Shot,Jump Shot,3PT Field Goal,Above the Break 3,Center(C),24+ ft.,25,72,240,1,0,20181020,MIA,CHA,21800030635,25830,0,2548|203585|204020|1626196|1628389,0,REG,2019,101107|203077,-6.0,,,,,SG,Primary Ball Handler,0.23,
Shot Chart Detail,21800030,681,1626196,Josh Richardson,1610612748,Miami Heat,4,1,24,Missed Shot,Jump Shot,3PT Field Goal,Above the Break 3,Center(C),24+ ft.,24,-26,248,1,0,20181020,MIA,CHA,21800030681,27960,0,2548|201609|202355|203585|1626196,0,REG,2019,203077|201587,-4.0,,,,,SG,Primary Ball Handler,0.23,
Shot Chart Detail,21800054,26,1626196,Josh Richardson,1610612748,Miami Heat,1,9,17,Missed Shot,Jump Shot,3PT Field Goal,Left Corner 3,Left Side(L),24+ ft.,22,-225,46,1,0,20181024,MIA,NYK,2180005426,1630,0,201609|202355|203482|203585|1626196,0,REG,2019,,,,,,,SG,Primary Ball Handler,0.23,
Shot Chart Detail,21800054,56,1626196,Josh Richardson,1610612748,Miami Heat,1,6,19,Missed Shot,Pullup Jump shot,2PT Field Goal,Mid-Range,Right Side(R),16-24 ft.,17,177,-10,1,0,20181024,MIA,NYK,2180005456,3410,0,201609|202355|203482|203585|1626196,0,REG,2019,,,,,,,SG,Primary Ball Handler,0.23,
Shot Chart Detail,21800054,144,1626196,Josh Richardson,1610612748,Miami Heat,1,0,22,Missed Shot,Driving Floating Bank Jump Shot,2PT Field Goal,In The Paint (Non-RA),Center(C),Less Than 8 ft.,6,-36,51,1,0,20181024,MIA,NYK,21800054144,6980,0,2548|203585|204020|1626196|1628389,0,REG,2019,1629019,-9.0,SG,Low Activity,-2.2,MISS Richardson 6' Driving Floating Bank Jump Shot,SG,Primary Ball Handler,0.23,
Shot Chart Detail,21800054,154,1626196,Josh Richardson,1610612748,Miami Heat,2,11,2,Made Shot,Jump Shot,3PT Field Goal,Above the Break 3,Left Side Center(LC),24+ ft.,25,-203,148,1,1,20181024,MIA,NYK,21800054154,7780,0,2548|203585|204020|1626196|1628389,1,REG,2019,,,,,,,SG,Primary Ball Handler,0.23,203585.0
Shot Chart Detail,21800054,159,1626196,Josh Richardson,1610612748,Miami Heat,2,10,18,Missed Shot,Pullup Jump shot,2PT Field Goal,Mid-Range,Right Side Center(RC),16-24 ft.,16,71,147,1,0,20181024,MIA,NYK,21800054159,8220,0,2548|203585|204020|1626196|1628389,0,REG,2019,,,,,,,SG,Primary Ball Handler,0.23,
Shot Chart Detail,21800054,206,1626196,Josh Richardson,1610612748,Miami Heat,2,8,11,Missed Shot,Driving Layup Shot,2PT Field Goal,Restricted Area,Center(C),Less Than 8 ft.,1,-3,19,1,0,20181024,MIA,NYK,21800054206,9490,0,201609|204020|1626196|1628389|1629130,0,REG,2019,202683,-2.0,C,Anchor Big,-0.42,MISS Richardson 2' Driving Layup,SG,Primary Ball Handler,0.23,
Shot Chart Detail,21800054,285,1626196,Josh Richardson,1610612748,Miami Heat,2,2,33,Missed Shot,Driving Hook Shot,2PT Field Goal,In The Paint (Non-RA),Center(C),8-16 ft.,8,5,84,1,0,20181024,MIA,NYK,21800054285,12870,0,2548|201609|202355|203585|1626196,0,REG,2019,1628422,-3.0,SG,Chaser,-1.78,MISS Richardson 8' Driving Hook Shot,SG,Primary Ball Handler,0.23,
Shot Chart Detail,21800054,324,1626196,Josh Richardson,1610612748,Miami Heat,2,0,28,Made Shot,Jump Shot,2PT Field Goal,Mid-Range,Center(C),16-24 ft.,22,34,224,1,1,20181024,MIA,NYK,21800054324,14120,0,2548|201609|202355|204020|1626196,0,REG,2019,,,,,,,SG,Primary Ball Handler,0.23,
Shot Chart Detail,21800054,355,1626196,Josh Richardson,1610612748,Miami Heat,3,9,58,Made Shot,Jump Shot,3PT Field Goal,Above the Break 3,Left Side Center(LC),24+ ft.,26,-122,238,1,1,20181024,MIA,NYK,21800054355,15620,0,201609|202355|203482|203585|1626196,1,REG,2019,,,,,,,SG,Primary Ball Handler,0.23,203482.0
Shot Chart Detail,21800054,373,1626196,Josh Richardson,1610612748,Miami Heat,3,8,41,Made Shot,Jump Shot,3PT Field Goal,Above the Break 3,Center(C),24+ ft.,26,-17,260,1,1,20181024,MIA,NYK,21800054373,16390,0,201609|202355|203482|203585|1626196,1,REG,2019,1628373,13.0,PG,Point of Attack,0.22,Richardson 26' 3PT Jump Shot (11 PTS) (Dragic 2 AST),SG,Primary Ball Handler,0.23,201609.0
Shot Chart Detail,21800054,438,1626196,Josh Richardson,1610612748,Miami Heat,3,6,19,Made Shot,Driving Layup Shot,2PT Field Goal,Restricted Area,Center(C),Less Than 8 ft.,2,14,15,1,1,20181024,MIA,NYK,21800054438,17810,0,201609|202355|203482|203585|1626196,0,REG,2019,1628422,19.0,SG,Chaser,-1.78,Richardson 2' Driving Layup (13 PTS),SG,Primary Ball Handler,0.23,
Shot Chart Detail,21800054,474,1626196,Josh Richardson,1610612748,Miami Heat,3,2,16,Made Shot,Jump Shot,3PT Field Goal,Above the Break 3,Left Side Center(LC),24+ ft.,26,-191,181,1,1,20181024,MIA,NYK,21800054474,20240,0,2548|202355|203482|204020|1626196,1,REG,2019,1629019|1626209,25.0,,,,,SG,Primary Ball Handler,0.23,203482.0
Shot Chart Detail,21800054,526,1626196,Josh Richardson,1610612748,Miami Heat,4,9,46,Made Shot,Turnaround Fadeaway shot,2PT Field Goal,In The Paint (Non-RA),Right Side(R),8-16 ft.,10,64,89,1,1,20181024,MIA,NYK,21800054526,22940,0,2548|203482|204020|1626196|1628389,0,REG,2019,1628422,,SG,Chaser,-1.78,Richardson 11' Turnaround Fadeaway (18 PTS),SG,Primary Ball Handler,0.23,
Shot Chart Detail,21800054,584,1626196,Josh Richardson,1610612748,Miami Heat,4,3,59,Made Shot,Jump Shot,3PT Field Goal,Above the Break 3,Left Side Center(LC),24+ ft.,25,-161,196,1,1,20181024,MIA,NYK,21800054584,26410,0,2548|203482|204020|1626196|1628389,1,REG,2019,1628436,30.0,C,Helper,1.04,Richardson 25' 3PT Jump Shot (21 PTS) (Olynyk 6 AST),SG,Primary Ball Handler,0.23,203482.0
Shot Chart Detail,21800079,7,1626196,Josh Richardson,1610612748,Miami Heat,1,10,42,Made Shot,Turnaround Fadeaway shot,2PT Field Goal,In The Paint (Non-RA),Left Side(L),8-16 ft.,8,-74,47,1,1,20181027,MIA,POR,218000797,780,0,201609|202355|203482|203585|1626196,0,REG,2019,1627774,,SF,Low Activity,0.19,Richardson 9' Turnaround Fadeaway (2 PTS),SG,Primary Ball Handler,0.23,
Shot Chart Detail,21800079,18,1626196,Josh Richardson,1610612748,Miami Heat,1,9,15,Missed Shot,Jump Shot,3PT Field Goal,Above the Break 3,Left Side Center(LC),24+ ft.,26,-120,236,1,0,20181027,MIA,POR,2180007918,1650,0,201609|202355|203482|203585|1626196,0,REG,2019,203468,-3.0,SG,Chaser,-0.76,MISS Richardson 26' 3PT Jump Shot,SG,Primary Ball Handler,0.23,
Shot Chart Detail,21800079,22,1626196,Josh Richardson,1610612748,Miami Heat,1,8,53,Missed Shot,Jump Shot,2PT Field Goal,In The Paint (Non-RA),Left Side(L),8-16 ft.,10,-63,88,1,0,20181027,MIA,POR,2180007922,1870,0,201609|202355|203482|203585|1626196,0,REG,2019,203994,-3.0,C,Anchor Big,2.1,MISS Richardson 11' Jump Shot,SG,Primary Ball Handler,0.23,
Shot Chart Detail,21800079,42,1626196,Josh Richardson,1610612748,Miami Heat,1,6,44,Made Shot,Fadeaway Jump Shot,2PT Field Goal,Mid-Range,Left Side(L),8-16 ft.,9,-92,17,1,1,20181027,MIA,POR,2180007942,3160,0,201609|202355|203482|203585|1626196,0,REG,2019,,,,,,,SG,Primary Ball Handler,0.23,
Shot Chart Detail,21800079,59,1626196,Josh Richardson,1610612748,Miami Heat,1,6,10,Missed Shot,Jump Shot,3PT Field Goal,Above the Break 3,Left Side Center(LC),24+ ft.,25,-120,222,1,0,20181027,MIA,POR,2180007959,3500,0,201609|202355|203482|203585|1626196,0,REG,2019,202323,1.0,PG,Wing Stopper,0.13,MISS Richardson 25' 3PT Jump Shot,SG,Primary Ball Handler,0.23,
Shot Chart Detail,21800079,66,1626196,Josh Richardson,1610612748,Miami Heat,1,10,55,Missed Shot,Driving Layup Shot,2PT Field Goal,Restricted Area,Center(C),Less Than 8 ft.,1,11,9,1,0,20181027,MIA,POR,2180007966,650,0,201609|202355|203482|203585|1626196,0,REG,2019,203468,-2.0,SG,Chaser,-0.76,MISS Richardson 1' Driving Layup,SG,Primary Ball Handler,0.23,
Shot Chart Detail,21800079,171,1626196,Josh Richardson,1610612748,Miami Heat,2,11,34,Missed Shot,Jump Shot,3PT Field Goal,Above the Break 3,Left Side Center(LC),24+ ft.,25,-116,227,1,0,20181027,MIA,POR,21800079171,7460,0,2548|204020|1626159|1626196|1628389,0,REG,2019,202323,11.0,PG,Wing Stopper,0.13,MISS Richardson 25' 3PT Jump Shot,SG,Primary Ball Handler,0.23,
Shot Chart Detail,21800079,207,1626196,Josh Richardson,1610612748,Miami Heat,2,8,59,Missed Shot,Layup Shot,2PT Field Goal,Restricted Area,Center(C),Less Than 8 ft.,1,-9,12,1,0,20181027,MIA,POR,21800079207,9010,0,2548|204020|1626159|1626196|1628389,0,REG,2019,203090,17.0,SF,Wing Stopper,1.28,MISS Richardson 2' Layup,SG,Primary Ball Handler,0.23,
Shot Chart Detail,21800079,362,1626196,Josh Richardson,1610612748,Miami Heat,3,9,46,Made Shot,Pullup Jump shot,2PT Field Goal,Mid-Range,Center(C),16-24 ft.,16,49,153,1,1,20181027,MIA,POR,21800079362,15740,0,201609|202355|203482|203585|1626196,0,REG,2019,203468|203994,12.0,,,,,SG,Primary Ball Handler,0.23,
Shot Chart Detail,21800079,378,1626196,Josh Richardson,1610612748,Miami Heat,3,8,27,Made Shot,Pullup Jump shot,2PT Field Goal,Mid-Range,Center(C),16-24 ft.,21,12,219,1,1,20181027,MIA,POR,21800079378,16530,0,201609|202355|203482|203585|1626196,0,REG,2019,202329,11.0,PF,Wing Stopper,1.44,Richardson 22' Pullup Jump Shot (8 PTS),SG,Primary Ball Handler,0.23,
Shot Chart Detail,21800079,395,1626196,Josh Richardson,1610612748,Miami Heat,3,6,35,Missed Shot,Jump Shot,3PT Field Goal,Above the Break 3,Left Side Center(LC),24+ ft.,24,-162,187,1,0,20181027,MIA,POR,21800079395,17650,0,201609|202355|203482|203585|1626196,0,REG,2019,203994,10.0,C,Anchor Big,2.1,MISS Richardson 25' 3PT Jump Shot,SG,Primary Ball Handler,0.23,
Shot Chart Detail,21800079,497,1626196,Josh Richardson,1610612748,Miami Heat,3,1,14,Missed Shot,Pullup Jump shot,2PT Field Goal,In The Paint (Non-RA),Center(C),8-16 ft.,13,-31,134,1,0,20181027,MIA,POR,21800079497,20860,0,2548|204020|1626159|1626196|1628389,0,REG,2019,203552,9.0,SG,Point of Attack,-0.55,MISS Richardson 14' Pullup Jump Shot,SG,Primary Ball Handler,0.23,
Shot Chart Detail,21800079,553,1626196,Josh Richardson,1610612748,Miami Heat,4,9,36,Missed Shot,Turnaround Jump Shot,2PT Field Goal,In The Paint (Non-RA),Center(C),8-16 ft.,8,-8,87,1,0,20181027,MIA,POR,21800079553,23040,0,2548|204020|1626159|1626196|1628389,0,REG,2019,203552,9.0,SG,Point of Attack,-0.55,MISS Richardson 9' Turnaround Jump Shot,SG,Primary Ball Handler,0.23,
Shot Chart Detail,21800079,573,1626196,Josh Richardson,1610612748,Miami Heat,4,7,57,Missed Shot,Pullup Jump shot,3PT Field Goal,Above the Break 3,Left Side Center(LC),24+ ft.,25,-149,205,1,0,20181027,MIA,POR,21800079573,24030,0,201609|202355|204020|1626159|1626196,0,REG,2019,203552,6.0,SG,Point of Attack,-0.55,MISS Richardson 25' 3PT Pullup Jump Shot,SG,Primary Ball Handler,0.23,
Shot Chart Detail,21800079,656,1626196,Josh Richardson,1610612748,Miami Heat,4,2,0,Made Shot,Jump Shot,3PT Field Goal,Left Corner 3,Left Side(L),24+ ft.,23,-230,37,1,1,20181027,MIA,POR,21800079656,27600,0,201609|202355|203482|203585|1626196,1,REG,2019,202323,5.0,PG,Wing Stopper,0.13,Richardson 3PT Jump Shot (11 PTS) (Dragic 5 AST),SG,Primary Ball Handler,0.23,201609.0
Shot Chart Detail,21800089,43,1626196,Josh Richardson,1610612748,Miami Heat,1,9,10,Made Shot,Driving Layup Shot,2PT Field Goal,Restricted Area,Center(C),Less Than 8 ft.,1,12,6,1,1,20181029,MIA,SAC,2180008943,1700,0,201609|202355|203482|203585|1626196,1,REG,2019,1627741|1626161,5.0,,,,,SG,Primary Ball Handler,0.23,203585.0
Shot Chart Detail,21800089,48,1626196,Josh Richardson,1610612748,Miami Heat,1,8,45,Made Shot,Step Back Jump shot,3PT Field Goal,Above the Break 3,Left Side Center(LC),24+ ft.,24,-204,134,1,1,20181029,MIA,SAC,2180008948,1950,0,201609|202355|203482|203585|1626196,0,REG,2019,202357|202697,8.0,,,,,SG,Primary Ball Handler,0.23,
Shot Chart Detail,21800089,53,1626196,Josh Richardson,1610612748,Miami Heat,1,8,7,Made Shot,Jump Shot,2PT Field Goal,Mid-Range,Left Side(L),16-24 ft.,20,-194,72,1,1,20181029,MIA,SAC,2180008953,2330,0,201609|202355|203482|203585|1626196,1,REG,2019,1627741,8.0,SG,Chaser,-1.45,Richardson 21' Jump Shot (7 PTS) (McGruder 2 AST),SG,Primary Ball Handler,0.23,203585.0
Shot Chart Detail,21800089,71,1626196,Josh Richardson,1610612748,Miami Heat,1,6,41,Missed Shot,Pullup Jump shot,2PT Field Goal,Mid-Range,Left Side Center(LC),16-24 ft.,16,-67,152,1,0,20181029,MIA,SAC,2180008971,3190,0,2548|201609|202355|203585|1626159,0,REG,2019,202697,6.0,SG,Wing Stopper,-0.38,MISS Richardson 17' Pullup Jump Shot,SG,Primary Ball Handler,0.23,
Shot Chart Detail,21800089,114,1626196,Josh Richardson,1610612748,Miami Heat,1,7,9,Missed Shot,Driving Layup Shot,2PT Field Goal,Restricted Area,Center(C),Less Than 8 ft.,2,-18,18,1,0,20181029,MIA,SAC,21800089114,2910,0,201609|202355|203482|203585|1626196,0,REG,2019,1627741,8.0,SG,Chaser,-1.45,MISS Richardson 3' Driving Layup,SG,Primary Ball Handler,0.23,
Shot Chart Detail,21800089,169,1626196,Josh Richardson,1610612748,Miami Heat,1,1,27,Missed Shot,Jump Shot,3PT Field Goal,Above the Break 3,Left Side Center(LC),24+ ft.,24,-200,137,1,0,20181029,MIA,SAC,21800089169,6330,0,2548|202355|204020|1626159|1626196,0,REG,2019,1628963,3.0,PF,Helper,-1.67,MISS Richardson 24' 3PT Jump Shot,SG,Primary Ball Handler,0.23,
Shot Chart Detail,21800089,180,1626196,Josh Richardson,1610612748,Miami Heat,1,0,1,Made Shot,Jump Shot,3PT Field Goal,Above the Break 3,Right Side Center(RC),24+ ft.,25,144,213,1,1,20181029,MIA,SAC,21800089180,7190,0,2548|202355|204020|1626159|1626196,1,REG,2019,1628412,11.0,PG,Point of Attack,-0.68,Richardson 26' 3PT Jump Shot (10 PTS) (Johnson 2 AST),SG,Primary Ball Handler,0.23,204020.0
Shot Chart Detail,21800089,224,1626196,Josh Richardson,1610612748,Miami Heat,2,9,18,Made Shot,Jump Shot,2PT Field Goal,Mid-Range,Left Side(L),8-16 ft.,10,-91,43,1,1,20181029,MIA,SAC,21800089224,8820,0,2548|204020|1626159|1626196|1628389,1,REG,2019,1628412,8.0,PG,Point of Attack,-0.68,Richardson 10' Jump Shot (13 PTS) (Wade 1 AST),SG,Primary Ball Handler,0.23,2548.0
Shot Chart Detail,21800089,233,1626196,Josh Richardson,1610612748,Miami Heat,2,8,43,Missed Shot,Jump Shot,3PT Field Goal,Above the Break 3,Right Side Center(RC),24+ ft.,25,168,189,1,0,20181029,MIA,SAC,21800089233,9170,0,2548|204020|1626159|1626196|1628389,0,REG,2019,1627812,6.0,PG,Point of Attack,-0.78,MISS Richardson 25' 3PT Jump Shot,SG,Primary Ball Handler,0.23,
Shot Chart Detail,21800089,245,1626196,Josh Richardson,1610612748,Miami Heat,2,8,14,Made Shot,Jump Shot,2PT Field Goal,Mid-Range,Left Side(L),16-24 ft.,17,-162,64,1,1,20181029,MIA,SAC,21800089245,9460,0,203585|204020|1626159|1626196|1628389,1,REG,2019,1628412,6.0,PG,Point of Attack,-0.68,Richardson 17' Jump Shot (15 PTS) (McGruder 4 AST),SG,Primary Ball Handler,0.23,203585.0
Shot Chart Detail,21800089,306,1626196,Josh Richardson,1610612748,Miami Heat,2,3,37,Made Shot,Jump Shot,3PT Field Goal,Above the Break 3,Left Side Center(LC),24+ ft.,25,-95,239,1,1,20181029,MIA,SAC,21800089306,12230,0,201609|202355|203482|203585|1626196,1,REG,2019,202697,9.0,SG,Wing Stopper,-0.38,Richardson 26' 3PT Jump Shot (18 PTS) (Dragic 2 AST),SG,Primary Ball Handler,0.23,201609.0
Shot Chart Detail,21800089,375,1626196,Josh Richardson,1610612748,Miami Heat,3,9,58,Missed Shot,Jump Shot,2PT Field Goal,Mid-Range,Right Side(R),8-16 ft.,10,103,0,1,0,20181029,MIA,SAC,21800089375,15620,0,201609|202355|203482|203585|1626196,0,REG,2019,202357|202697,-3.0,,,,,SG,Primary Ball Handler,0.23,
Shot Chart Detail,21800089,377,1626196,Josh Richardson,1610612748,Miami Heat,3,9,52,Made Shot,Jump Shot,2PT Field Goal,In The Paint (Non-RA),Center(C),Less Than 8 ft.,7,74,-1,1,1,20181029,MIA,SAC,21800089377,15680,0,201609|202355|203482|203585|1626196,0,REG,2019,202357|202697,-1.0,,,,,SG,Primary Ball Handler,0.23,
Shot Chart Detail,21800089,383,1626196,Josh Richardson,1610612748,Miami Heat,3,9,39,Missed Shot,Step Back Jump shot,3PT Field Goal,Above the Break 3,Right Side Center(RC),24+ ft.,24,176,175,1,0,20181029,MIA,SAC,21800089383,15810,0,201609|202355|203482|203585|1626196,0,REG,2019,202357,-3.0,PF,Helper,1.19,MISS Richardson 25' 3PT Step Back Jump Shot,SG,Primary Ball Handler,0.23,
Shot Chart Detail,21800089,502,1626196,Josh Richardson,1610612748,Miami Heat,3,1,44,Missed Shot,Driving Layup Shot,2PT Field Goal,Restricted Area,Center(C),Less Than 8 ft.,1,3,18,1,0,20181029,MIA,SAC,21800089502,20560,0,2548|204020|1626159|1626196|1628389,0,REG,2019,1627741,-13.0,SG,Chaser,-1.45,MISS Richardson 2' Driving Layup,SG,Primary Ball Handler,0.23,
Shot Chart Detail,21800089,524,1626196,Josh Richardson,1610612748,Miami Heat,2,11,40,Missed Shot,Jump Shot,3PT Field Goal,Above the Break 3,Right Side Center(RC),24+ ft.,27,177,206,1,0,20181029,MIA,SAC,21800089524,7400,0,2548|204020|1626159|1626196|1628389,0,REG,2019,1628412,11.0,PG,Point of Attack,-0.68,MISS Richardson 27' 3PT Jump Shot,SG,Primary Ball Handler,0.23,
Shot Chart Detail,21800089,580,1626196,Josh Richardson,1610612748,Miami Heat,4,8,46,Missed Shot,Jump Shot,3PT Field Goal,Above the Break 3,Right Side Center(RC),24+ ft.,25,105,227,1,0,20181029,MIA,SAC,21800089580,23540,0,2548|204020|1626159|1626196|1628389,0,REG,2019,1628412,-12.0,PG,Point of Attack,-0.68,MISS Richardson 25' 3PT Jump Shot,SG,Primary Ball Handler,0.23,
Shot Chart Detail,21800089,599,1626196,Josh Richardson,1610612748,Miami Heat,4,7,50,Made Shot,Step Back Jump shot,3PT Field Goal,Above the Break 3,Center(C),24+ ft.,25,-12,257,1,1,20181029,MIA,SAC,21800089599,24100,0,2548|203585|204020|1626196|1628389,0,REG,2019,202357,-10.0,PF,Helper,1.19,Richardson 26' 3PT Step Back Jump Shot (27 PTS),SG,Primary Ball Handler,0.23,
Shot Chart Detail,21800089,613,1626196,Josh Richardson,1610612748,Miami Heat,4,6,38,Missed Shot,Jump Shot,2PT Field Goal,Mid-Range,Center(C),16-24 ft.,23,6,230,1,0,20181029,MIA,SAC,21800089613,24820,0,2548|203585|204020|1626196|1628389,0,REG,2019,1627741,-10.0,SG,Chaser,-1.45,MISS Richardson 23' Jump Shot,SG,Primary Ball Handler,0.23,
Shot Chart Detail,21800089,672,1626196,Josh Richardson,1610612748,Miami Heat,4,2,41,Missed Shot,Jump Shot,3PT Field Goal,Right Corner 3,Right Side(R),24+ ft.,22,228,18,1,0,20181029,MIA,SAC,21800089672,27190,0,201609|202355|203585|204020|1626196,0,REG,2019,1628368,-15.0,PG,Point of Attack,-0.05,MISS Richardson 3PT Jump Shot,SG,Primary Ball Handler,0.23,
Shot Chart Detail,21800089,684,1626196,Josh Richardson,1610612748,Miami Heat,4,2,11,Made Shot,Driving Finger Roll Layup Shot,2PT Field Goal,Restricted Area,Center(C),Less Than 8 ft.,1,-8,15,1,1,20181029,MIA,SAC,21800089684,27490,0,201609|202355|203585|204020|1626196,0,REG,2019,202697,-11.0,SG,Wing Stopper,-0.38,Richardson 2' Driving Finger Roll Layup (31 PTS),SG,Primary Ball Handler,0.23,
Shot Chart Detail,21800096,7,1626196,Josh Richardson,1610612748,Miami Heat,1,11,48,Missed Shot,Jump Shot,2PT Field Goal,Mid-Range,Left Side(L),8-16 ft.,14,-125,66,1,0,20181030,CHA,MIA,218000967,120,0,201609|202355|203482|203585|1626196,0,REG,2019,203087,-0.0,SG,Chaser,0.39,MISS Richardson 14' Jump Shot,SG,Primary Ball Handler,0.23,
Shot Chart Detail,21800096,35,1626196,Josh Richardson,1610612748,Miami Heat,1,8,36,Missed Shot,Hook Shot,2PT Field Goal,In The Paint (Non-RA),Center(C),8-16 ft.,8,13,88,1,0,20181030,CHA,MIA,2180009635,2040,0,201609|202355|203482|203585|1626196,0,REG,2019,101107,-7.0,PF,Helper,0.6,MISS Richardson 9' Hook Shot,SG,Primary Ball Handler,0.23,
Shot Chart Detail,21800096,59,1626196,Josh Richardson,1610612748,Miami Heat,1,6,41,Made Shot,Fadeaway Jump Shot,2PT Field Goal,In The Paint (Non-RA),Center(C),8-16 ft.,12,-41,122,1,1,20181030,CHA,MIA,2180009659,3190,0,201609|202355|203482|203585|1626196,0,REG,2019,202689,,PG,Point of Attack,-1.05,Richardson 13' Fadeaway Jumper (2 PTS),SG,Primary Ball Handler,0.23,
Shot Chart Detail,21800096,126,1626196,Josh Richardson,1610612748,Miami Heat,1,2,38,Made Shot,Jump Shot,3PT Field Goal,Above the Break 3,Left Side Center(LC),24+ ft.,24,-158,188,1,1,20181030,CHA,MIA,21800096126,5620,0,2548|204020|1626159|1626196|1628389,1,REG,2019,203077,-4.0,PF,Wing Stopper,0.95,Richardson 25' 3PT Jump Shot (5 PTS) (Adebayo 1 AST),SG,Primary Ball Handler,0.23,1628389.0
Shot Chart Detail,21800096,148,1626196,Josh Richardson,1610612748,Miami Heat,1,0,48,Missed Shot,Driving Layup Shot,2PT Field Goal,Restricted Area,Center(C),Less Than 8 ft.,1,-2,17,1,0,20181030,CHA,MIA,21800096148,6720,0,2548|204020|1626159|1626196|1628389,0,REG,2019,1626195,-3.0,C,Anchor Big,-0.41,MISS Richardson 2' Driving Layup,SG,Primary Ball Handler,0.23,
Shot Chart Detail,21800096,171,1626196,Josh Richardson,1610612748,Miami Heat,2,9,55,Missed Shot,Jump Shot,3PT Field Goal,Above the Break 3,Right Side Center(RC),24+ ft.,27,172,209,1,0,20181030,CHA,MIA,21800096171,8450,0,2548|204020|1626159|1626196|1628389,0,REG,2019,1628370,-2.0,SG,Low Activity,-1.1,MISS Richardson 27' 3PT Jump Shot,SG,Primary Ball Handler,0.23,
Shot Chart Detail,21800096,351,1626196,Josh Richardson,1610612748,Miami Heat,3,11,43,Missed Shot,Running Layup Shot,2PT Field Goal,In The Paint (Non-RA),Center(C),Less Than 8 ft.,4,10,47,1,0,20181030,CHA,MIA,21800096351,14570,0,201609|202355|203482|203585|1626196,0,REG,2019,202689,-10.0,PG,Point of Attack,-1.05,Zeller BLOCK (1 BLK),SG,Primary Ball Handler,0.23,
Shot Chart Detail,21800096,366,1626196,Josh Richardson,1610612748,Miami Heat,3,10,28,Missed Shot,Jump Shot,3PT Field Goal,Above the Break 3,Left Side Center(LC),24+ ft.,25,-208,143,1,0,20181030,CHA,MIA,21800096366,15320,0,201609|202355|203482|203585|1626196,0,REG,2019,203087,-9.0,SG,Chaser,0.39,MISS Richardson 25' 3PT Jump Shot,SG,Primary Ball Handler,0.23,
Shot Chart Detail,21800096,426,1626196,Josh Richardson,1610612748,Miami Heat,3,5,46,Missed Shot,Jump Shot,3PT Field Goal,Above the Break 3,Right Side Center(RC),24+ ft.,26,167,201,1,0,20181030,CHA,MIA,21800096426,18140,0,201609|202355|203482|203585|1626196,0,REG,2019,201587,-6.0,SF,Wing Stopper,0.12,MISS Richardson 26' 3PT Jump Shot,SG,Primary Ball Handler,0.23,
Shot Chart Detail,21800096,478,1626196,Josh Richardson,1610612748,Miami Heat,3,2,8,Made Shot,Turnaround Hook Shot,2PT Field Goal,In The Paint (Non-RA),Center(C),8-16 ft.,8,-39,80,1,1,20181030,CHA,MIA,21800096478,20320,0,2548|203482|204020|1626159|1626196,1,REG,2019,1628370,-14.0,SG,Low Activity,-1.1,Richardson 9' Turnaround Hook Shot (8 PTS) (Wade 3 AST),SG,Primary Ball Handler,0.23,2548.0
Shot Chart Detail,21800096,632,1626196,Josh Richardson,1610612748,Miami Heat,4,4,0,Missed Shot,Driving Layup Shot,2PT Field Goal,Restricted Area,Center(C),Less Than 8 ft.,1,10,7,1,0,20181030,CHA,MIA,21800096632,26400,0,202355|203585|204020|1626159|1626196,0,REG,2019,203077,-13.0,PF,Wing Stopper,0.95,MISS Richardson 1' Driving Layup,SG,Primary Ball Handler,0.23,
Shot Chart Detail,21800096,650,1626196,Josh Richardson,1610612748,Miami Heat,4,2,19,Made Shot,Fadeaway Jump Shot,2PT Field Goal,Mid-Range,Left Side(L),16-24 ft.,17,-164,54,1,1,20181030,CHA,MIA,21800096650,27410,0,202355|203585|204020|1626159|1626196,0,REG,2019,2225,,PG,Low Activity,-1.34,Richardson 17' Fadeaway Jumper (12 PTS),SG,Primary Ball Handler,0.23,
Shot Chart Detail,21800096,670,1626196,Josh Richardson,1610612748,Miami Heat,4,1,3,Made Shot,Driving Finger Roll Layup Shot,2PT Field Goal,Restricted Area,Center(C),Less Than 8 ft.,1,11,7,1,1,20181030,CHA,MIA,21800096670,28170,0,202355|203585|204020|1626159|1626196,0,REG,2019,1626195,-11.0,C,Anchor Big,-0.41,Richardson 1' Driving Finger Roll Layup (15 PTS),SG,Primary Ball Handler,0.23,
Shot Chart Detail,21800128,17,1626196,Josh Richardson,1610612748,Miami Heat,1,10,3,Missed Shot,Jump Shot,3PT Field Goal,Above the Break 3,Center(C),24+ ft.,25,54,247,1,0,20181103,ATL,MIA,2180012817,1170,0,202355|203482|203585|1626159|1626196,0,REG,2019,1627752,-2.0,SF,Wing Stopper,-0.73,MISS Richardson 25' 3PT Jump Shot,SG,Primary Ball Handler,0.23,
Shot Chart Detail,21800128,28,1626196,Josh Richardson,1610612748,Miami Heat,1,9,1,Made Shot,Driving Floating Jump Shot,2PT Field Goal,In The Paint (Non-RA),Center(C),Less Than 8 ft.,6,-62,4,1,1,20181103,ATL,MIA,2180012828,1790,0,202355|203482|203585|1626159|1626196,0,REG,2019,203458,-3.0,C,Anchor Big,0.28,Richardson 6' Driving Floating Jump Shot (2 PTS),SG,Primary Ball Handler,0.23,
Shot Chart Detail,21800128,37,1626196,Josh Richardson,1610612748,Miami Heat,1,7,49,Made Shot,Pullup Jump shot,3PT Field Goal,Above the Break 3,Left Side Center(LC),24+ ft.,24,-216,114,1,1,20181103,ATL,MIA,2180012837,2510,0,202355|203482|203585|1626159|1626196,0,REG,2019,1627752,-0.0,SF,Wing Stopper,-0.73,Richardson 24' 3PT Pullup Jump Shot (5 PTS),SG,Primary Ball Handler,0.23,
Shot Chart Detail,21800128,53,1626196,Josh Richardson,1610612748,Miami Heat,1,6,30,Made Shot,Jump Shot,3PT Field Goal,Above the Break 3,Left Side Center(LC),24+ ft.,26,-139,231,1,1,20181103,ATL,MIA,2180012853,3300,0,202355|203482|203585|1626159|1626196,1,REG,2019,1627752,-0.0,SF,Wing Stopper,-0.73,Richardson 27' 3PT Jump Shot (9 PTS) (Winslow 1 AST),SG,Primary Ball Handler,0.23,1626159.0
Shot Chart Detail,21800128,115,1626196,Josh Richardson,1610612748,Miami Heat,1,3,9,Missed Shot,Turnaround Fadeaway shot,2PT Field Goal,In The Paint (Non-RA),Center(C),8-16 ft.,12,-16,119,1,0,20181103,ATL,MIA,21800128115,5310,0,2548|204020|1626159|1626196|1628389,0,REG,2019,1627761,-5.0,SG,Wing Stopper,0.26,MISS Richardson 12' Turnaround Fadeaway Shot,SG,Primary Ball Handler,0.23,
Shot Chart Detail,21800128,237,1626196,Josh Richardson,1610612748,Miami Heat,2,6,54,Made Shot,Driving Dunk Shot,2PT Field Goal,Restricted Area,Center(C),Less Than 8 ft.,0,-3,8,1,1,20181103,ATL,MIA,21800128237,10260,0,202355|203482|203585|204020|1626196,0,REG,2019,203458|1629027,,,,,,SG,Primary Ball Handler,0.23,
Shot Chart Detail,21800128,287,1626196,Josh Richardson,1610612748,Miami Heat,2,3,46,Made Shot,Jump Shot,3PT Field Goal,Above the Break 3,Center(C),24+ ft.,26,70,251,1,1,20181103,ATL,MIA,21800128287,12140,0,203482|203585|204020|1626196|1628389,1,REG,2019,1629016,-7.0,PF,Helper,-0.45,Richardson 26' 3PT Jump Shot (15 PTS) (McGruder 3 AST),SG,Primary Ball Handler,0.23,203585.0
Shot Chart Detail,21800128,460,1626196,Josh Richardson,1610612748,Miami Heat,3,7,29,Made Shot,Jump Shot,3PT Field Goal,Above the Break 3,Left Side Center(LC),24+ ft.,25,-78,239,1,1,20181103,ATL,MIA,21800128460,17110,0,203585|1626159|1626196|1627884|1628389,1,REG,2019,203458,-10.0,C,Anchor Big,0.28,Richardson 25' 3PT Jump Shot (21 PTS) (McGruder 4 AST),SG,Primary Ball Handler,0.23,203585.0
Shot Chart Detail,21800128,464,1626196,Josh Richardson,1610612748,Miami Heat,3,7,4,Missed Shot,Pullup Jump shot,3PT Field Goal,Above the Break 3,Left Side Center(LC),24+ ft.,25,-145,207,1,0,20181103,ATL,MIA,21800128464,17360,0,203585|1626159|1626196|1627884|1628389,0,REG,2019,1627761,-12.0,SG,Wing Stopper,0.26,MISS Richardson 25' 3PT Pullup Jump Shot,SG,Primary Ball Handler,0.23,
Shot Chart Detail,21800128,477,1626196,Josh Richardson,1610612748,Miami Heat,3,5,41,Made Shot,Pullup Jump shot,2PT Field Goal,In The Paint (Non-RA),Center(C),8-16 ft.,13,13,133,1,1,20181103,ATL,MIA,21800128477,18190,0,203585|1626159|1626196|1627884|1628389,0,REG,2019,203458,-12.0,C,Anchor Big,0.28,Richardson 13' Pullup Jump Shot (23 PTS),SG,Primary Ball Handler,0.23,
Shot Chart Detail,21800128,492,1626196,Josh Richardson,1610612748,Miami Heat,3,5,11,Missed Shot,Step Back Jump shot,2PT Field Goal,Mid-Range,Left Side Center(LC),16-24 ft.,19,-139,130,1,0,20181103,ATL,MIA,21800128492,18490,0,2548|203585|1626196|1627884|1628389,0,REG,2019,1627761,-14.0,SG,Wing Stopper,0.26,MISS Richardson 19' Step Back Jump Shot,SG,Primary Ball Handler,0.23,
Shot Chart Detail,21800128,496,1626196,Josh Richardson,1610612748,Miami Heat,3,4,41,Made Shot,Jump Shot,3PT Field Goal,Above the Break 3,Right Side Center(RC),24+ ft.,24,192,159,1,1,20181103,ATL,MIA,21800128496,18790,0,2548|203585|1626196|1627884|1628389,1,REG,2019,203145,-11.0,SG,Wing Stopper,-0.13,Richardson 25' 3PT Jump Shot (26 PTS) (McGruder 5 AST),SG,Primary Ball Handler,0.23,203585.0
Shot Chart Detail,21800128,511,1626196,Josh Richardson,1610612748,Miami Heat,3,3,20,Missed Shot,Driving Layup Shot,2PT Field Goal,Restricted Area,Center(C),Less Than 8 ft.,1,0,16,1,0,20181103,ATL,MIA,21800128511,19600,0,2548|203585|1626196|1627884|1628389,0,REG,2019,1627761,-8.0,SG,Wing Stopper,0.26,MISS Richardson 2' Driving Layup,SG,Primary Ball Handler,0.23,
Shot Chart Detail,21800128,547,1626196,Josh Richardson,1610612748,Miami Heat,3,0,41,Missed Shot,Driving Layup Shot,2PT Field Goal,In The Paint (Non-RA),Center(C),Less Than 8 ft.,4,-11,44,1,0,20181103,ATL,MIA,21800128547,21190,0,2548|204020|1626196|1627884|1628389,0,REG,2019,1627761,-5.0,SG,Wing Stopper,0.26,Dedmon BLOCK (2 BLK),SG,Primary Ball Handler,0.23,
Shot Chart Detail,21800128,587,1626196,Josh Richardson,1610612748,Miami Heat,4,11,11,Made Shot,Jump Shot,3PT Field Goal,Above the Break 3,Left Side Center(LC),24+ ft.,26,-210,160,1,1,20181103,ATL,MIA,21800128587,22090,0,2548|204020|1626159|1626196|1628389,1,REG,2019,1627816,-6.0,PF,Mobile Big,0.02,Richardson 26' 3PT Jump Shot (30 PTS) (Johnson 1 AST),SG,Primary Ball Handler,0.23,204020.0
Shot Chart Detail,21800128,636,1626196,Josh Richardson,1610612748,Miami Heat,4,7,13,Missed Shot,Pullup Jump shot,3PT Field Goal,Above the Break 3,Left Side Center(LC),24+ ft.,25,-198,159,1,0,20181103,ATL,MIA,21800128636,24470,0,2548|204020|1626159|1626196|1628389,0,REG,2019,1627761,-1.0,SG,Wing Stopper,0.26,MISS Richardson 25' 3PT Pullup Jump Shot,SG,Primary Ball Handler,0.23,
Shot Chart Detail,21800128,689,1626196,Josh Richardson,1610612748,Miami Heat,4,3,39,Made Shot,Pullup Jump shot,2PT Field Goal,Mid-Range,Left Side Center(LC),16-24 ft.,19,-93,173,1,1,20181103,ATL,MIA,21800128689,26610,0,203585|204020|1626159|1626196|1628389,1,REG,2019,203473,-0.0,C,Anchor Big,1.59,Richardson 20' Pullup Jump Shot (32 PTS) (Johnson 4 AST),SG,Primary Ball Handler,0.23,204020.0
Shot Chart Detail,21800128,743,1626196,Josh Richardson,1610612748,Miami Heat,4,0,13,Missed Shot,Jump Shot,3PT Field Goal,Above the Break 3,Left Side Center(LC),24+ ft.,29,-149,253,1,0,20181103,ATL,MIA,21800128743,28670,0,2548|203585|204020|1626159|1626196,0,REG,2019,1627752,-5.0,SF,Wing Stopper,-0.73,MISS Richardson 29' 3PT Jump Shot,SG,Primary Ball Handler,0.23,
Shot Chart Detail,21800140,9,1626196,Josh Richardson,1610612748,Miami Heat,1,11,35,Made Shot,Pullup Jump shot,2PT Field Goal,Mid-Range,Left Side Center(LC),16-24 ft.,18,-85,159,1,1,20181105,DET,MIA,218001409,250,0,201609|203585|1626159|1626196|1628389,1,REG,2019,203083|203922,2.0,,,,,SG,Primary Ball Handler,0.23,201609.0
Shot Chart Detail,21800140,13,1626196,Josh Richardson,1610612748,Miami Heat,1,11,3,Missed Shot,Jump Shot,3PT Field Goal,Above the Break 3,Right Side Center(RC),24+ ft.,27,157,222,1,0,20181105,DET,MIA,2180014013,570,0,201609|203585|1626159|1626196|1628389,0,REG,2019,202704,2.0,PG,Point of Attack,-0.82,MISS Richardson 27' 3PT Jump Shot,SG,Primary Ball Handler,0.23,
Shot Chart Detail,21800140,46,1626196,Josh Richardson,1610612748,Miami Heat,1,8,15,Made Shot,Cutting Dunk Shot,2PT Field Goal,Restricted Area,Center(C),Less Than 8 ft.,1,5,9,1,1,20181105,DET,MIA,2180014046,2250,0,201609|203585|1626159|1626196|1628389,1,REG,2019,1628971,7.0,SG,Point of Attack,0.81,Richardson 1' Cutting Dunk Shot (4 PTS) (Winslow 2 AST),SG,Primary Ball Handler,0.23,1626159.0
Shot Chart Detail,21800140,142,1626196,Josh Richardson,1610612748,Miami Heat,1,2,52,Made Shot,Driving Layup Shot,2PT Field Goal,Restricted Area,Center(C),Less Than 8 ft.,2,-2,27,1,1,20181105,DET,MIA,21800140142,5480,0,2548|203482|204020|1626196|1627884,1,REG,2019,202397,-7.0,PG,Point of Attack,-0.8,Richardson 3' Driving Layup (6 PTS) (Olynyk 1 AST),SG,Primary Ball Handler,0.23,203482.0
Shot Chart Detail,21800140,208,1626196,Josh Richardson,1610612748,Miami Heat,2,10,54,Made Shot,Reverse Layup Shot,2PT Field Goal,Restricted Area,Center(C),Less Than 8 ft.,1,12,10,1,1,20181105,DET,MIA,21800140208,7860,0,2548|203482|204020|1626196|1627884,0,REG,2019,204038,3.0,SG,Wing Stopper,-0.93,Richardson 2' Reverse Layup (8 PTS),SG,Primary Ball Handler,0.23,
Shot Chart Detail,21800140,217,1626196,Josh Richardson,1610612748,Miami Heat,2,10,1,Made Shot,Jump Shot,3PT Field Goal,Above the Break 3,Left Side Center(LC),24+ ft.,24,-87,229,1,1,20181105,DET,MIA,21800140217,8390,0,2548|203482|204020|1626196|1627884,1,REG,2019,203083,4.0,C,Anchor Big,2.42,Richardson 24' 3PT Jump Shot (11 PTS) (Olynyk 3 AST),SG,Primary Ball Handler,0.23,203482.0
Shot Chart Detail,21800140,246,1626196,Josh Richardson,1610612748,Miami Heat,2,8,6,Missed Shot,Floating Jump shot,2PT Field Goal,In The Paint (Non-RA),Right Side(R),8-16 ft.,12,77,104,1,0,20181105,DET,MIA,21800140246,9540,0,203482|203585|204020|1626196|1627884,0,REG,2019,203083,-1.0,C,Anchor Big,2.42,MISS Richardson 13' Floating Jump Shot,SG,Primary Ball Handler,0.23,
Shot Chart Detail,21800140,329,1626196,Josh Richardson,1610612748,Miami Heat,2,2,53,Missed Shot,Driving Layup Shot,2PT Field Goal,In The Paint (Non-RA),Center(C),Less Than 8 ft.,6,7,64,1,0,20181105,DET,MIA,21800140329,12670,0,201609|201961|1626159|1626196|1628389,0,REG,2019,203922,-3.0,SF,Helper,0.51,MISS Richardson 6' Driving Layup,SG,Primary Ball Handler,0.23,
Shot Chart Detail,21800140,477,1626196,Josh Richardson,1610612748,Miami Heat,3,6,59,Missed Shot,Pullup Jump shot,2PT Field Goal,Mid-Range,Center(C),16-24 ft.,16,38,163,1,0,20181105,DET,MIA,21800140477,17410,0,201609|203585|1626159|1626196|1628389,0,REG,2019,204038,1.0,SG,Wing Stopper,-0.93,MISS Richardson 17' Pullup Jump Shot,SG,Primary Ball Handler,0.23,
Shot Chart Detail,21800140,626,1626196,Josh Richardson,1610612748,Miami Heat,4,8,30,Made Shot,Pullup Jump shot,2PT Field Goal,Mid-Range,Right Side(R),8-16 ft.,9,92,6,1,1,20181105,DET,MIA,21800140626,23700,0,203482|203585|204020|1626196|1627884,0,REG,2019,202397,12.0,PG,Point of Attack,-0.8,Richardson 9' Pullup Jump Shot (13 PTS),SG,Primary Ball Handler,0.23,
Shot Chart Detail,21800140,669,1626196,Josh Richardson,1610612748,Miami Heat,4,4,47,Made Shot,Pullup Jump shot,2PT Field Goal,Mid-Range,Left Side(L),16-24 ft.,17,-170,1,1,1,20181105,DET,MIA,21800140669,25930,0,201609|203482|203585|1626159|1626196,0,REG,2019,203922,7.0,SF,Helper,0.51,Richardson 17' Pullup Jump Shot (15 PTS),SG,Primary Ball Handler,0.23,
Shot Chart Detail,21800140,672,1626196,Josh Richardson,1610612748,Miami Heat,4,4,28,Made Shot,Jump Shot,3PT Field Goal,Above the Break 3,Center(C),24+ ft.,26,18,267,1,1,20181105,DET,MIA,21800140672,26120,0,201609|203482|203585|1626159|1626196,1,REG,2019,203083,10.0,C,Anchor Big,2.42,Richardson 27' 3PT Jump Shot (18 PTS) (Dragic 5 AST),SG,Primary Ball Handler,0.23,201609.0
Shot Chart Detail,21800140,682,1626196,Josh Richardson,1610612748,Miami Heat,4,3,53,Missed Shot,Driving Floating Jump Shot,2PT Field Goal,In The Paint (Non-RA),Left Side(L),8-16 ft.,12,-74,101,1,0,20181105,DET,MIA,21800140682,26470,0,201609|203482|203585|1626159|1626196,0,REG,2019,203922,8.0,SF,Helper,0.51,MISS Richardson 13' Driving Floating Jump Shot,SG,Primary Ball Handler,0.23,
Shot Chart Detail,21800140,710,1626196,Josh Richardson,1610612748,Miami Heat,4,2,8,Missed Shot,Pullup Jump shot,2PT Field Goal,In The Paint (Non-RA),Center(C),8-16 ft.,14,-72,125,1,0,20181105,DET,MIA,21800140710,27520,0,2548|201609|1626159|1626196|1628389,0,REG,2019,202704,5.0,PG,Point of Attack,-0.82,MISS Richardson 14' Pullup Jump Shot,SG,Primary Ball Handler,0.23,
Shot Chart Detail,21800140,714,1626196,Josh Richardson,1610612748,Miami Heat,4,1,31,Missed Shot,Driving Floating Jump Shot,2PT Field Goal,In The Paint (Non-RA),Center(C),Less Than 8 ft.,7,-28,67,1,0,20181105,DET,MIA,21800140714,27890,0,2548|201609|1626159|1626196|1628389,0,REG,2019,202704,5.0,PG,Point of Attack,-0.82,MISS Richardson 7' Driving Floating Jump Shot,SG,Primary Ball Handler,0.23,
Shot Chart Detail,21800140,732,1626196,Josh Richardson,1610612748,Miami Heat,4,0,39,Missed Shot,Driving Layup Shot,2PT Field Goal,Restricted Area,Center(C),Less Than 8 ft.,0,-9,2,1,0,20181105,DET,MIA,21800140732,28410,0,2548|201609|1626159|1626196|1628389,0,REG,2019,203083|202704,3.0,,,,,SG,Primary Ball Handler,0.23,
Shot Chart Detail,21800140,802,1626196,Josh Richardson,1610612748,Miami Heat,5,2,26,Made Shot,Driving Layup Shot,2PT Field Goal,Restricted Area,Center(C),Less Than 8 ft.,1,-13,13,1,1,20181105,DET,MIA,21800140802,30340,1,2548|201609|1626159|1626196|1628389,0,REG,2019,202704,1.0,PG,Point of Attack,-0.82,Richardson 2' Driving Layup (20 PTS),SG,Primary Ball Handler,0.23,
Shot Chart Detail,21800140,807,1626196,Josh Richardson,1610612748,Miami Heat,5,1,43,Made Shot,Turnaround Jump Shot,2PT Field Goal,Mid-Range,Left Side(L),8-16 ft.,15,-107,111,1,1,20181105,DET,MIA,21800140807,30770,1,2548|201609|1626159|1626196|1628389,0,REG,2019,202397,-0.0,PG,Point of Attack,-0.8,Richardson 15' Turnaround Jump Shot (22 PTS),SG,Primary Ball Handler,0.23,
Shot Chart Detail,21800140,809,1626196,Josh Richardson,1610612748,Miami Heat,5,1,6,Made Shot,Jump Shot,3PT Field Goal,Above the Break 3,Center(C),24+ ft.,27,-34,273,1,1,20181105,DET,MIA,21800140809,31140,1,2548|201609|1626159|1626196|1628389,1,REG,2019,202397,1.0,PG,Point of Attack,-0.8,Richardson 28' 3PT Jump Shot (25 PTS) (Dragic 6 AST),SG,Primary Ball Handler,0.23,201609.0
Shot Chart Detail,21800140,819,1626196,Josh Richardson,1610612748,Miami Heat,5,0,39,Missed Shot,Layup Shot,2PT Field Goal,Restricted Area,Center(C),Less Than 8 ft.,1,18,0,1,0,20181105,DET,MIA,21800140819,31410,1,2548|203585|1626159|1626196|1628389,0,REG,2019,202397,1.0,PG,Point of Attack,-0.8,MISS Richardson 2' Layup,SG,Primary Ball Handler,0.23,
Shot Chart Detail,21800140,827,1626196,Josh Richardson,1610612748,Miami Heat,5,0,21,Missed Shot,Jump Shot,3PT Field Goal,Above the Break 3,Left Side Center(LC),24+ ft.,25,-196,170,1,0,20181105,DET,MIA,21800140827,31590,1,2548|201609|1626159|1626196|1628389,0,REG,2019,204038,1.0,SG,Wing Stopper,-0.93,MISS Richardson 26' 3PT Jump Shot,SG,Primary Ball Handler,0.23,
Shot Chart Detail,21800156,17,1626196,Josh Richardson,1610612748,Miami Heat,1,10,52,Missed Shot,Floating Jump shot,2PT Field Goal,Mid-Range,Right Side(R),8-16 ft.,8,84,31,1,0,20181107,MIA,SAS,2180015617,680,0,201961|202355|203585|1626159|1626196,0,REG,2019,1628401,0.0,PG,Point of Attack,1.44,MISS Richardson 9' Floating Jump Shot,SG,Primary Ball Handler,0.23,
Shot Chart Detail,21800156,26,1626196,Josh Richardson,1610612748,Miami Heat,1,10,30,Missed Shot,Driving Floating Bank Jump Shot,2PT Field Goal,In The Paint (Non-RA),Center(C),Less Than 8 ft.,7,-64,36,1,0,20181107,MIA,SAS,2180015626,900,0,201961|202355|203585|1626159|1626196,0,REG,2019,1628401,0.0,PG,Point of Attack,1.44,MISS Richardson 7' Driving Floating Bank Jump Shot,SG,Primary Ball Handler,0.23,
Shot Chart Detail,21800156,81,1626196,Josh Richardson,1610612748,Miami Heat,1,6,31,Missed Shot,Pullup Jump shot,2PT Field Goal,Mid-Range,Right Side(R),8-16 ft.,9,91,0,1,0,20181107,MIA,SAS,2180015681,3290,0,201961|202355|203585|1626159|1626196,0,REG,2019,1627751|202347,11.0,,,,,SG,Primary Ball Handler,0.23,
Shot Chart Detail,21800156,142,1626196,Josh Richardson,1610612748,Miami Heat,1,2,40,Missed Shot,Jump Shot,3PT Field Goal,Above the Break 3,Right Side Center(RC),24+ ft.,25,192,167,1,0,20181107,MIA,SAS,21800156142,5600,0,201961|203482|204020|1626196|1627884,0,REG,2019,201988,9.0,PG,Point of Attack,-1.03,MISS Richardson 25' 3PT Jump Shot,SG,Primary Ball Handler,0.23,
Shot Chart Detail,21800156,156,1626196,Josh Richardson,1610612748,Miami Heat,1,1,24,Missed Shot,Jump Shot,3PT Field Goal,Above the Break 3,Center(C),24+ ft.,25,14,254,1,0,20181107,MIA,SAS,21800156156,6360,0,201961|203482|204020|1626196|1627884,0,REG,2019,201988,9.0,PG,Point of Attack,-1.03,MISS Richardson 25' 3PT Jump Shot,SG,Primary Ball Handler,0.23,
Shot Chart Detail,21800156,160,1626196,Josh Richardson,1610612748,Miami Heat,1,0,56,Missed Shot,Driving Layup Shot,2PT Field Goal,Restricted Area,Center(C),Less Than 8 ft.,2,-14,16,1,0,20181107,MIA,SAS,21800156160,6640,0,201961|203482|204020|1626196|1627884,0,REG,2019,202722,9.0,PF,Helper,1.23,MISS Richardson 2' Driving Layup,SG,Primary Ball Handler,0.23,
Shot Chart Detail,21800156,173,1626196,Josh Richardson,1610612748,Miami Heat,1,0,32,Missed Shot,Driving Layup Shot,2PT Field Goal,Restricted Area,Center(C),Less Than 8 ft.,1,10,13,1,0,20181107,MIA,SAS,21800156173,6880,0,203482|203585|204020|1626196|1627884,0,REG,2019,201988,7.0,PG,Point of Attack,-1.03,MISS Richardson 2' Driving Layup,SG,Primary Ball Handler,0.23,
Shot Chart Detail,21800156,197,1626196,Josh Richardson,1610612748,Miami Heat,2,10,49,Made Shot,Jump Shot,3PT Field Goal,Above the Break 3,Left Side Center(LC),24+ ft.,25,-171,191,1,1,20181107,MIA,SAS,21800156197,7910,0,203585|204020|1626196|1627884|1628389,1,REG,2019,1627854,9.0,SG,Chaser,0.28,Richardson 26' 3PT Jump Shot (3 PTS) (McGruder 4 AST),SG,Primary Ball Handler,0.23,203585.0
Shot Chart Detail,21800156,200,1626196,Josh Richardson,1610612748,Miami Heat,2,10,26,Missed Shot,Driving Layup Shot,2PT Field Goal,Restricted Area,Center(C),Less Than 8 ft.,1,-12,12,1,0,20181107,MIA,SAS,21800156200,8140,0,203585|204020|1626196|1627884|1628389,0,REG,2019,201967|1628401,9.0,,,,,SG,Primary Ball Handler,0.23,
Shot Chart Detail,21800156,205,1626196,Josh Richardson,1610612748,Miami Heat,2,10,5,Missed Shot,Driving Floating Jump Shot,2PT Field Goal,In The Paint (Non-RA),Center(C),Less Than 8 ft.,4,-5,43,1,0,20181107,MIA,SAS,21800156205,8350,0,203585|204020|1626196|1627884|1628389,0,REG,2019,1628401,9.0,PG,Point of Attack,1.44,MISS Richardson 4' Driving Floating Jump Shot,SG,Primary Ball Handler,0.23,
Shot Chart Detail,21800156,219,1626196,Josh Richardson,1610612748,Miami Heat,2,8,57,Missed Shot,Driving Layup Shot,2PT Field Goal,Restricted Area,Center(C),Less Than 8 ft.,3,-29,22,1,0,20181107,MIA,SAS,21800156219,9030,0,203585|204020|1626196|1627884|1628389,0,REG,2019,1628401,7.0,PG,Point of Attack,1.44,MISS Richardson 4' Driving Layup,SG,Primary Ball Handler,0.23,
Shot Chart Detail,21800156,223,1626196,Josh Richardson,1610612748,Miami Heat,2,8,31,Missed Shot,Driving Finger Roll Layup Shot,2PT Field Goal,Restricted Area,Center(C),Less Than 8 ft.,1,-16,8,1,0,20181107,MIA,SAS,21800156223,9290,0,203585|204020|1626196|1627884|1628389,0,REG,2019,1628401,5.0,PG,Point of Attack,1.44,MISS Richardson 2' Driving Finger Roll Layup,SG,Primary Ball Handler,0.23,
Shot Chart Detail,21800156,308,1626196,Josh Richardson,1610612748,Miami Heat,2,2,42,Missed Shot,Jump Shot,3PT Field Goal,Above the Break 3,Left Side Center(LC),24+ ft.,25,-179,178,1,0,20181107,MIA,SAS,21800156308,12780,0,202355|203585|204020|1626159|1626196,0,REG,2019,201988,5.0,PG,Point of Attack,-1.03,MISS Richardson 25' 3PT Jump Shot,SG,Primary Ball Handler,0.23,
Shot Chart Detail,21800156,337,1626196,Josh Richardson,1610612748,Miami Heat,2,0,29,Made Shot,Turnaround Fadeaway shot,2PT Field Goal,In The Paint (Non-RA),Center(C),Less Than 8 ft.,7,63,40,1,1,20181107,MIA,SAS,21800156337,14110,0,201961|202355|203585|204020|1626196,0,REG,2019,202722,,PF,Helper,1.23,Richardson 7' Turnaround Fadeaway (5 PTS),SG,Primary Ball Handler,0.23,
Shot Chart Detail,21800156,377,1626196,Josh Richardson,1610612748,Miami Heat,3,9,37,Missed Shot,Step Back Jump shot,2PT Field Goal,Mid-Range,Left Side(L),16-24 ft.,17,-179,-5,1,0,20181107,MIA,SAS,21800156377,15830,0,201961|202355|203585|1626159|1626196,0,REG,2019,201988,5.0,PG,Point of Attack,-1.03,MISS Richardson 18' Step Back Jump Shot,SG,Primary Ball Handler,0.23,
Shot Chart Detail,21800156,501,1626196,Josh Richardson,1610612748,Miami Heat,3,0,57,Missed Shot,Turnaround Fadeaway shot,2PT Field Goal,In The Paint (Non-RA),Center(C),8-16 ft.,15,-71,135,1,0,20181107,MIA,SAS,21800156501,21030,0,201961|203482|204020|1626196|1628389,0,REG,2019,201988,12.0,PG,Point of Attack,-1.03,MISS Richardson 15' Turnaround Fadeaway Shot,SG,Primary Ball Handler,0.23,
Shot Chart Detail,21800156,510,1626196,Josh Richardson,1610612748,Miami Heat,3,0,23,Made Shot,Jump Shot,3PT Field Goal,Above the Break 3,Left Side Center(LC),24+ ft.,24,-227,102,1,1,20181107,MIA,SAS,21800156510,21370,0,201961|203482|204020|1626196|1628389,1,REG,2019,201988,14.0,PG,Point of Attack,-1.03,Richardson 25' 3PT Jump Shot (8 PTS) (Olynyk 2 AST),SG,Primary Ball Handler,0.23,203482.0
Shot Chart Detail,21800156,513,1626196,Josh Richardson,1610612748,Miami Heat,3,0,0,Missed Shot,Jump Shot,2PT Field Goal,Mid-Range,Right Side(R),16-24 ft.,19,192,48,1,0,20181107,MIA,SAS,21800156513,21600,0,201961|203482|204020|1626196|1628389,0,REG,2019,201988,11.0,PG,Point of Attack,-1.03,MISS Richardson 20' Jump Shot,SG,Primary Ball Handler,0.23,
Shot Chart Detail,21800156,524,1626196,Josh Richardson,1610612748,Miami Heat,4,11,17,Made Shot,Turnaround Jump Shot,2PT Field Goal,In The Paint (Non-RA),Center(C),8-16 ft.,9,-41,82,1,1,20181107,MIA,SAS,21800156524,22030,0,201961|203482|204020|1626196|1628389,0,REG,2019,200746|201988,13.0,,,,,SG,Primary Ball Handler,0.23,
Shot Chart Detail,21800156,573,1626196,Josh Richardson,1610612748,Miami Heat,4,7,24,Missed Shot,Jump Shot,3PT Field Goal,Above the Break 3,Left Side Center(LC),24+ ft.,25,-119,221,1,0,20181107,MIA,SAS,21800156573,24360,0,201961|203482|204020|1626196|1628389,0,REG,2019,201988,16.0,PG,Point of Attack,-1.03,MISS Richardson 25' 3PT Jump Shot,SG,Primary Ball Handler,0.23,
Shot Chart Detail,21800156,581,1626196,Josh Richardson,1610612748,Miami Heat,4,7,0,Made Shot,Driving Layup Shot,2PT Field Goal,Restricted Area,Center(C),Less Than 8 ft.,2,22,17,1,1,20181107,MIA,SAS,21800156581,24600,0,202355|203482|203585|204020|1626196,0,REG,2019,200746,18.0,C,Anchor Big,0.54,Richardson 3' Driving Layup (12 PTS),SG,Primary Ball Handler,0.23,
Shot Chart Detail,21800156,644,1626196,Josh Richardson,1610612748,Miami Heat,4,1,43,Made Shot,Driving Floating Jump Shot,2PT Field Goal,In The Paint (Non-RA),Center(C),8-16 ft.,8,-32,74,1,1,20181107,MIA,SAS,21800156644,27770,0,201961|202355|203585|1626159|1626196,0,REG,2019,1627854,9.0,SG,Chaser,0.28,Richardson 8' Driving Floating Jump Shot (14 PTS),SG,Primary Ball Handler,0.23,
Shot Chart Detail,21800170,143,1626196,Josh Richardson,1610612748,Miami Heat,1,2,10,Missed Shot,Jump Shot,2PT Field Goal,Mid-Range,Left Side Center(LC),16-24 ft.,21,-133,171,1,0,20181109,MIA,IND,21800170143,5900,0,203482|204020|1626196|1627884|1628389,0,REG,2019,201936,2.0,SG,Chaser,-0.51,MISS Richardson 22' Jump Shot,SG,Primary Ball Handler,0.23,
Shot Chart Detail,21800170,146,1626196,Josh Richardson,1610612748,Miami Heat,1,1,42,Missed Shot,Driving Layup Shot,2PT Field Goal,Restricted Area,Center(C),Less Than 8 ft.,3,-9,29,1,0,20181109,MIA,IND,21800170146,6180,0,203482|204020|1626196|1627884|1628389,0,REG,2019,201936|203926,0.0,,,,,SG,Primary Ball Handler,0.23,
Shot Chart Detail,21800170,150,1626196,Josh Richardson,1610612748,Miami Heat,1,1,32,Made Shot,Running Dunk Shot,2PT Field Goal,Restricted Area,Center(C),Less Than 8 ft.,0,0,3,1,1,20181109,MIA,IND,21800170150,6280,0,203482|204020|1626196|1627884|1628389,0,REG,2019,201936,,SG,Chaser,-0.51,Richardson Running Dunk (4 PTS),SG,Primary Ball Handler,0.23,
Shot Chart Detail,21800170,154,1626196,Josh Richardson,1610612748,Miami Heat,1,0,28,Made Shot,Turnaround Fadeaway shot,2PT Field Goal,In The Paint (Non-RA),Center(C),8-16 ft.,8,-2,89,1,1,20181109,MIA,IND,21800170154,6920,0,203482|204020|1626196|1627884|1628389,0,REG,2019,1628388,,PF,Low Activity,-0.49,Richardson 9' Turnaround Fadeaway (6 PTS),SG,Primary Ball Handler,0.23,
Shot Chart Detail,21800170,167,1626196,Josh Richardson,1610612748,Miami Heat,1,0,0,Missed Shot,Jump Shot,2PT Field Goal,Mid-Range,Center(C),16-24 ft.,20,-3,201,1,0,20181109,MIA,IND,21800170167,7200,0,203482|204020|1626196|1627884|1628389,0,REG,2019,201936|1627734,2.0,,,,,SG,Primary Ball Handler,0.23,
Shot Chart Detail,21800170,189,1626196,Josh Richardson,1610612748,Miami Heat,2,10,30,Missed Shot,Jump Shot,3PT Field Goal,Above the Break 3,Center(C),24+ ft.,24,-74,232,1,0,20181109,MIA,IND,21800170189,8100,0,203482|204020|1626196|1627884|1628389,0,REG,2019,1628388,3.0,PF,Low Activity,-0.49,MISS Richardson 24' 3PT Jump Shot,SG,Primary Ball Handler,0.23,
Shot Chart Detail,21800170,203,1626196,Josh Richardson,1610612748,Miami Heat,2,9,46,Missed Shot,Driving Layup Shot,2PT Field Goal,Restricted Area,Center(C),Less Than 8 ft.,3,8,29,1,0,20181109,MIA,IND,21800170203,8540,0,202355|203482|204020|1626196|1627884,0,REG,2019,201936|202709,5.0,,,,,SG,Primary Ball Handler,0.23,
Shot Chart Detail,21800170,271,1626196,Josh Richardson,1610612748,Miami Heat,2,5,0,Missed Shot,Jump Shot,3PT Field Goal,Above the Break 3,Left Side Center(LC),24+ ft.,24,-81,234,1,0,20181109,MIA,IND,21800170271,11400,0,202355|203482|203585|204020|1626196,0,REG,2019,202711,9.0,SF,Low Activity,-0.87,MISS Richardson 25' 3PT Jump Shot,SG,Primary Ball Handler,0.23,
Shot Chart Detail,21800170,565,1626196,Josh Richardson,1610612748,Miami Heat,4,10,59,Made Shot,Cutting Layup Shot,2PT Field Goal,Restricted Area,Center(C),Less Than 8 ft.,1,-16,0,1,1,20181109,MIA,IND,21800170565,22210,0,202355|204020|1626196|1627884|1629130,1,REG,2019,201954,0.0,PG,Point of Attack,-0.13,Richardson 2' Cutting Layup Shot (10 PTS) (Johnson 5 AST),SG,Primary Ball Handler,0.23,204020.0
Shot Chart Detail,21800170,570,1626196,Josh Richardson,1610612748,Miami Heat,4,10,8,Missed Shot,Pullup Jump shot,2PT Field Goal,Mid-Range,Center(C),16-24 ft.,18,18,181,1,0,20181109,MIA,IND,21800170570,22720,0,202355|204020|1626196|1627884|1629130,0,REG,2019,201954,-2.0,PG,Point of Attack,-0.13,MISS Richardson 18' Pullup Jump Shot,SG,Primary Ball Handler,0.23,
Shot Chart Detail,21800170,577,1626196,Josh Richardson,1610612748,Miami Heat,4,9,35,Made Shot,Jump Shot,3PT Field Goal,Above the Break 3,Left Side Center(LC),24+ ft.,26,-182,188,1,1,20181109,MIA,IND,21800170577,23050,0,202355|204020|1626196|1627884|1629130,1,REG,2019,203506,1.0,SG,Wing Stopper,0.7,Richardson 26' 3PT Jump Shot (13 PTS) (Jones Jr. 1 AST),SG,Primary Ball Handler,0.23,1627884.0
Shot Chart Detail,21800170,601,1626196,Josh Richardson,1610612748,Miami Heat,4,7,52,Missed Shot,Jump Shot,2PT Field Goal,Mid-Range,Left Side Center(LC),16-24 ft.,18,-90,164,1,0,20181109,MIA,IND,21800170601,24080,0,201961|202355|203585|1626196|1627884,0,REG,2019,201936,-1.0,SG,Chaser,-0.51,MISS Richardson 19' Jump Shot,SG,Primary Ball Handler,0.23,
Shot Chart Detail,21800170,604,1626196,Josh Richardson,1610612748,Miami Heat,4,7,19,Made Shot,Jump Shot,3PT Field Goal,Above the Break 3,Left Side Center(LC),24+ ft.,24,-214,127,1,1,20181109,MIA,IND,21800170604,24410,0,201961|202355|203585|1626196|1627884,1,REG,2019,201936,0.0,SG,Chaser,-0.51,Richardson 25' 3PT Jump Shot (16 PTS) (McGruder 4 AST),SG,Primary Ball Handler,0.23,203585.0
Shot Chart Detail,21800170,632,1626196,Josh Richardson,1610612748,Miami Heat,4,5,45,Missed Shot,Driving Layup Shot,2PT Field Goal,Restricted Area,Center(C),Less Than 8 ft.,1,-8,15,1,0,20181109,MIA,IND,21800170632,25350,0,201961|202355|203585|1626159|1626196,0,REG,2019,201954,3.0,PG,Point of Attack,-0.13,MISS Richardson 2' Driving Layup,SG,Primary Ball Handler,0.23,
Shot Chart Detail,21800170,681,1626196,Josh Richardson,1610612748,Miami Heat,4,1,38,Made Shot,Driving Layup Shot,2PT Field Goal,Restricted Area,Center(C),Less Than 8 ft.,2,-16,12,1,1,20181109,MIA,IND,21800170681,27820,0,201961|202355|203585|1626159|1626196,1,REG,2019,203506,4.0,SG,Wing Stopper,0.7,Richardson 2' Driving Layup (18 PTS) (Whiteside 1 AST),SG,Primary Ball Handler,0.23,202355.0
Shot Chart Detail,21800170,685,1626196,Josh Richardson,1610612748,Miami Heat,4,1,9,Missed Shot,Pullup Jump shot,3PT Field Goal,Above the Break 3,Left Side Center(LC),24+ ft.,25,-174,189,1,0,20181109,MIA,IND,21800170685,28110,0,201961|202355|203585|1626159|1626196,0,REG,2019,1626167,2.0,C,Mobile Big,3.17,MISS Richardson 26' 3PT Pullup Jump Shot,SG,Primary Ball Handler,0.23,
Shot Chart Detail,21800170,734,1626196,Josh Richardson,1610612748,Miami Heat,4,0,5,Missed Shot,Jump Shot,3PT Field Goal,Above the Break 3,Right Side Center(RC),24+ ft.,25,146,212,1,0,20181109,MIA,IND,21800170734,28750,0,203585|204020|1626159|1626196|1627884,0,REG,2019,203506,-8.0,SG,Wing Stopper,0.7,MISS Richardson 26' 3PT Jump Shot,SG,Primary Ball Handler,0.23,
Shot Chart Detail,21800177,27,1626196,Josh Richardson,1610612748,Miami Heat,1,10,4,Made Shot,Jump Shot,3PT Field Goal,Above the Break 3,Right Side Center(RC),24+ ft.,26,157,208,1,1,20181110,MIA,WAS,2180017727,1160,0,201609|202355|203585|1626159|1626196,1,REG,2019,202322,3.0,PG,Point of Attack,0.03,Richardson 26' 3PT Jump Shot (3 PTS) (Dragic 2 AST),SG,Primary Ball Handler,0.23,201609.0
Shot Chart Detail,21800177,48,1626196,Josh Richardson,1610612748,Miami Heat,1,7,54,Missed Shot,Driving Reverse Layup Shot,2PT Field Goal,Restricted Area,Center(C),Less Than 8 ft.,1,0,10,1,0,20181110,MIA,WAS,2180017748,2460,0,201609|202355|203585|1626159|1626196,0,REG,2019,202322,6.0,PG,Point of Attack,0.03,MISS Richardson 1' Driving Reverse Layup,SG,Primary Ball Handler,0.23,
Shot Chart Detail,21800177,58,1626196,Josh Richardson,1610612748,Miami Heat,1,7,15,Made Shot,Pullup Jump shot,2PT Field Goal,Mid-Range,Left Side Center(LC),16-24 ft.,18,-100,159,1,1,20181110,MIA,WAS,2180017758,2850,0,201609|202355|203585|1626159|1626196,0,REG,2019,203078,8.0,SG,Chaser,-1.2,Richardson 19' Pullup Jump Shot (5 PTS),SG,Primary Ball Handler,0.23,
Shot Chart Detail,21800177,110,1626196,Josh Richardson,1610612748,Miami Heat,1,2,54,Made Shot,Jump Shot,3PT Field Goal,Left Corner 3,Left Side(L),24+ ft.,23,-225,62,1,1,20181110,MIA,WAS,21800177110,5460,0,201961|204020|1626159|1626196|1628389,1,REG,2019,202322,4.0,PG,Point of Attack,0.03,Richardson 3PT Jump Shot (9 PTS) (Winslow 1 AST),SG,Primary Ball Handler,0.23,1626159.0
Shot Chart Detail,21800177,148,1626196,Josh Richardson,1610612748,Miami Heat,1,0,51,Missed Shot,Driving Layup Shot,2PT Field Goal,Restricted Area,Center(C),Less Than 8 ft.,1,-14,8,1,0,20181110,MIA,WAS,21800177148,6690,0,201961|203482|204020|1626196|1628389,0,REG,2019,101133,10.0,C,Anchor Big,1.32,MISS Richardson 2' Driving Layup,SG,Primary Ball Handler,0.23,
Shot Chart Detail,21800177,192,1626196,Josh Richardson,1610612748,Miami Heat,2,9,0,Made Shot,Jump Shot,2PT Field Goal,Mid-Range,Right Side(R),8-16 ft.,11,119,-8,1,1,20181110,MIA,WAS,21800177192,9000,0,201961|202355|203482|204020|1626196,1,REG,2019,,,,,,,SG,Primary Ball Handler,0.23,203482.0
Shot Chart Detail,21800177,200,1626196,Josh Richardson,1610612748,Miami Heat,2,8,19,Missed Shot,Driving Layup Shot,2PT Field Goal,Restricted Area,Center(C),Less Than 8 ft.,0,3,9,1,0,20181110,MIA,WAS,21800177200,9410,0,201961|202355|203482|204020|1626196,0,REG,2019,,,,,,,SG,Primary Ball Handler,0.23,
Shot Chart Detail,21800177,377,1626196,Josh Richardson,1610612748,Miami Heat,3,11,15,Missed Shot,Pullup Jump shot,2PT Field Goal,In The Paint (Non-RA),Center(C),Less Than 8 ft.,7,11,79,1,0,20181110,MIA,WAS,21800177377,14850,0,201609|202355|203585|1626159|1626196,0,REG,2019,203078,1.0,SG,Chaser,-1.2,MISS Richardson 8' Pullup Jump Shot,SG,Primary Ball Handler,0.23,
Shot Chart Detail,21800177,465,1626196,Josh Richardson,1610612748,Miami Heat,3,4,50,Made Shot,Driving Layup Shot,2PT Field Goal,Restricted Area,Center(C),Less Than 8 ft.,1,2,16,1,1,20181110,MIA,WAS,21800177465,18700,0,202355|203585|204020|1626159|1626196,0,REG,2019,,,,,,,SG,Primary Ball Handler,0.23,
Shot Chart Detail,21800177,591,1626196,Josh Richardson,1610612748,Miami Heat,4,9,45,Missed Shot,Jump Shot,2PT Field Goal,Mid-Range,Right Side Center(RC),16-24 ft.,22,119,191,1,0,20181110,MIA,WAS,21800177591,22950,0,201961|204020|1626159|1626196|1628389,0,REG,2019,,,,,,,SG,Primary Ball Handler,0.23,
Shot Chart Detail,21800177,635,1626196,Josh Richardson,1610612748,Miami Heat,4,5,44,Missed Shot,Pullup Jump shot,2PT Field Goal,Mid-Range,Right Side Center(RC),16-24 ft.,16,62,154,1,0,20181110,MIA,WAS,21800177635,25360,0,201961|202355|203585|1626159|1626196,0,REG,2019,202322,-8.0,PG,Point of Attack,0.03,MISS Richardson 17' Pullup Jump Shot,SG,Primary Ball Handler,0.23,
Shot Chart Detail,21800177,676,1626196,Josh Richardson,1610612748,Miami Heat,4,3,46,Made Shot,Pullup Jump shot,2PT Field Goal,Mid-Range,Left Side(L),8-16 ft.,12,-91,90,1,1,20181110,MIA,WAS,21800177676,26540,0,201961|202355|203585|204020|1626196,0,REG,2019,203078,-13.0,SG,Chaser,-1.2,Richardson 13' Pullup Jump Shot (17 PTS),SG,Primary Ball Handler,0.23,
Shot Chart Detail,21800177,686,1626196,Josh Richardson,1610612748,Miami Heat,4,3,1,Made Shot,Driving Reverse Layup Shot,2PT Field Goal,Restricted Area,Center(C),Less Than 8 ft.,1,-3,17,1,1,20181110,MIA,WAS,21800177686,26990,0,201961|202355|203585|204020|1626196,0,REG,2019,203078,-15.0,SG,Chaser,-1.2,Richardson 2' Driving Reverse Layup (19 PTS),SG,Primary Ball Handler,0.23,
Shot Chart Detail,21800177,714,1626196,Josh Richardson,1610612748,Miami Heat,4,1,5,Made Shot,Layup Shot,2PT Field Goal,Restricted Area,Center(C),Less Than 8 ft.,1,8,11,1,1,20181110,MIA,WAS,21800177714,28150,0,201961|202355|203585|204020|1626196,0,REG,2019,202322,-9.0,PG,Point of Attack,0.03,Richardson 1' Layup (21 PTS),SG,Primary Ball Handler,0.23,
Shot Chart Detail,21800191,11,1626196,Josh Richardson,1610612748,Miami Heat,1,11,11,Missed Shot,Jump Shot,3PT Field Goal,Above the Break 3,Right Side Center(RC),24+ ft.,28,182,213,1,0,20181112,MIA,PHI,2180019111,490,0,201609|202355|203585|1626159|1626196,0,REG,2019,,,,,,,SG,Primary Ball Handler,0.23,
Shot Chart Detail,21800191,49,1626196,Josh Richardson,1610612748,Miami Heat,1,7,47,Missed Shot,Pullup Jump shot,2PT Field Goal,Mid-Range,Center(C),16-24 ft.,17,0,173,1,0,20181112,MIA,PHI,2180019149,2530,0,201609|202355|203585|1626159|1626196,0,REG,2019,,,,,,,SG,Primary Ball Handler,0.23,
Shot Chart Detail,21800191,158,1626196,Josh Richardson,1610612748,Miami Heat,2,11,22,Made Shot,Jump Shot,3PT Field Goal,Above the Break 3,Center(C),24+ ft.,25,-71,242,1,1,20181112,MIA,PHI,21800191158,7580,0,201961|203482|204020|1626196|1628389,0,REG,2019,,,,,,,SG,Primary Ball Handler,0.23,
Shot Chart Detail,21800191,262,1626196,Josh Richardson,1610612748,Miami Heat,2,4,56,Made Shot,Jump Shot,3PT Field Goal,Left Corner 3,Left Side(L),24+ ft.,23,-231,46,1,1,20181112,MIA,PHI,21800191262,11440,0,201609|202355|203585|1626159|1626196,1,REG,2019,1627788,5.0,SG,Chaser,-0.49,Richardson 24' 3PT Jump Shot (6 PTS) (Winslow 2 AST),SG,Primary Ball Handler,0.23,1626159.0
Shot Chart Detail,21800191,287,1626196,Josh Richardson,1610612748,Miami Heat,2,3,16,Made Shot,Jump Shot,3PT Field Goal,Above the Break 3,Left Side Center(LC),24+ ft.,25,-194,162,1,1,20181112,MIA,PHI,21800191287,12440,0,201609|202355|203585|1626159|1626196,1,REG,2019,1627732,4.0,PG,Wing Stopper,0.42,Richardson 25' 3PT Jump Shot (11 PTS) (Winslow 3 AST),SG,Primary Ball Handler,0.23,1626159.0
Shot Chart Detail,21800191,291,1626196,Josh Richardson,1610612748,Miami Heat,2,2,50,Missed Shot,Driving Floating Jump Shot,2PT Field Goal,In The Paint (Non-RA),Center(C),8-16 ft.,11,39,109,1,0,20181112,MIA,PHI,21800191291,12700,0,201609|202355|203585|1626159|1626196,0,REG,2019,1627788,4.0,SG,Chaser,-0.49,MISS Richardson 12' Driving Floating Jump Shot,SG,Primary Ball Handler,0.23,
Shot Chart Detail,21800191,299,1626196,Josh Richardson,1610612748,Miami Heat,2,2,7,Missed Shot,Pullup Jump shot,2PT Field Goal,Mid-Range,Left Side(L),8-16 ft.,15,-146,36,1,0,20181112,MIA,PHI,21800191299,13130,0,201609|202355|203585|1626159|1626196,0,REG,2019,,,,,,,SG,Primary Ball Handler,0.23,
Shot Chart Detail,21800191,429,1626196,Josh Richardson,1610612748,Miami Heat,3,6,14,Made Shot,Jump Shot,3PT Field Goal,Above the Break 3,Left Side Center(LC),24+ ft.,25,-187,172,1,1,20181112,MIA,PHI,21800191429,17860,0,201609|203482|203585|1626196|1628389,1,REG,2019,1627788,-6.0,SG,Chaser,-0.49,Richardson 25' 3PT Jump Shot (17 PTS) (Dragic 4 AST),SG,Primary Ball Handler,0.23,201609.0
Shot Chart Detail,21800205,26,1626196,Josh Richardson,1610612748,Miami Heat,1,9,2,Missed Shot,Jump Shot,3PT Field Goal,Above the Break 3,Left Side Center(LC),24+ ft.,25,-163,190,1,0,20181114,BKN,MIA,2180020526,1780,0,201609|202355|203585|1626159|1626196,0,REG,2019,1626156,3.0,PG,Point of Attack,-0.63,MISS Richardson 25' 3PT Jump Shot,SG,Primary Ball Handler,0.23,
Shot Chart Detail,21800205,66,1626196,Josh Richardson,1610612748,Miami Heat,1,6,21,Made Shot,Driving Finger Roll Layup Shot,2PT Field Goal,In The Paint (Non-RA),Center(C),Less Than 8 ft.,4,-8,41,1,1,20181114,BKN,MIA,2180020566,3390,0,201609|202355|203585|1626159|1626196,0,REG,2019,203459|202334,5.0,,,,,SG,Primary Ball Handler,0.23,
Shot Chart Detail,21800205,160,1626196,Josh Richardson,1610612748,Miami Heat,1,1,0,Made Shot,Turnaround Hook Shot,2PT Field Goal,In The Paint (Non-RA),Center(C),Less Than 8 ft.,7,-57,53,1,1,20181114,BKN,MIA,21800205160,6600,0,201961|203482|204020|1626196|1628389,0,REG,2019,203915,12.0,PG,Wing Stopper,-1.29,Richardson 8' Turnaround Hook Shot (4 PTS),SG,Primary Ball Handler,0.23,
Shot Chart Detail,21800205,215,1626196,Josh Richardson,1610612748,Miami Heat,2,8,58,Missed Shot,Jump Shot,3PT Field Goal,Above the Break 3,Left Side Center(LC),24+ ft.,24,-136,209,1,0,20181114,BKN,MIA,21800205215,9020,0,201961|203482|204020|1626159|1626196,0,REG,2019,201960,19.0,PF,Helper,-0.29,MISS Richardson 25' 3PT Jump Shot,SG,Primary Ball Handler,0.23,
Shot Chart Detail,21800205,220,1626196,Josh Richardson,1610612748,Miami Heat,2,8,43,Made Shot,Driving Layup Shot,2PT Field Goal,Restricted Area,Center(C),Less Than 8 ft.,1,-6,14,1,1,20181114,BKN,MIA,21800205220,9170,0,201961|203482|204020|1626159|1626196,0,REG,2019,203925,21.0,SG,Chaser,-0.08,Richardson 2' Driving Layup (6 PTS),SG,Primary Ball Handler,0.23,
Shot Chart Detail,21800205,409,1626196,Josh Richardson,1610612748,Miami Heat,3,8,53,Made Shot,Pullup Jump shot,3PT Field Goal,Above the Break 3,Center(C),24+ ft.,25,-34,251,1,1,20181114,BKN,MIA,21800205409,16270,0,201609|202355|203585|1626159|1626196,0,REG,2019,202334,14.0,C,Anchor Big,2.1,Richardson 25' 3PT Pullup Jump Shot (9 PTS),SG,Primary Ball Handler,0.23,
Shot Chart Detail,21800205,457,1626196,Josh Richardson,1610612748,Miami Heat,3,6,16,Missed Shot,Driving Floating Bank Jump Shot,2PT Field Goal,In The Paint (Non-RA),Center(C),Less Than 8 ft.,6,36,52,1,0,20181114,BKN,MIA,21800205457,17840,0,201609|202355|203585|1626159|1626196,0,REG,2019,203894,18.0,PG,Point of Attack,-0.08,MISS Richardson 6' Driving Floating Bank Jump Shot,SG,Primary Ball Handler,0.23,
Shot Chart Detail,21800205,570,1626196,Josh Richardson,1610612748,Miami Heat,4,10,50,Missed Shot,Pullup Jump shot,3PT Field Goal,Above the Break 3,Right Side Center(RC),24+ ft.,24,163,188,1,0,20181114,BKN,MIA,21800205570,22300,0,201961|203482|204020|1626159|1626196,0,REG,2019,201162,18.0,PF,Helper,0.5,MISS Richardson 25' 3PT Pullup Jump Shot,SG,Primary Ball Handler,0.23,
Shot Chart Detail,21800205,574,1626196,Josh Richardson,1610612748,Miami Heat,4,10,13,Made Shot,Jump Shot,3PT Field Goal,Above the Break 3,Left Side Center(LC),24+ ft.,27,-127,239,1,1,20181114,BKN,MIA,21800205574,22670,0,201961|203482|204020|1626159|1626196,1,REG,2019,203915,19.0,PG,Wing Stopper,-1.29,Richardson 27' 3PT Jump Shot (14 PTS) (Johnson 1 AST),SG,Primary Ball Handler,0.23,204020.0
Shot Chart Detail,21800205,598,1626196,Josh Richardson,1610612748,Miami Heat,4,7,47,Missed Shot,Pullup Jump shot,2PT Field Goal,In The Paint (Non-RA),Center(C),8-16 ft.,9,-18,95,1,0,20181114,BKN,MIA,21800205598,24130,0,201961|203482|204020|1626159|1626196,0,REG,2019,201162,20.0,PF,Helper,0.5,Dudley BLOCK (1 BLK),SG,Primary Ball Handler,0.23,
Shot Chart Detail,21800205,605,1626196,Josh Richardson,1610612748,Miami Heat,3,0,0,Missed Shot,Running Pull-Up Jump Shot,3PT Field Goal,Above the Break 3,Back Court(BC),Back Court Shot,46,-240,401,1,0,20181114,BKN,MIA,21800205605,21600,0,201961|203482|204020|1626159|1626196,0,REG,2019,1626178,18.0,SF,Helper,0.78,MISS Richardson 47' 3PT Running Pull-Up Jump Shot,SG,Primary Ball Handler,0.23,
Shot Chart Detail,21800205,651,1626196,Josh Richardson,1610612748,Miami Heat,4,4,7,Missed Shot,Step Back Jump shot,2PT Field Goal,Mid-Range,Center(C),16-24 ft.,21,-32,214,1,0,20181114,BKN,MIA,21800205651,26330,0,201609|201961|202355|203585|1626196,0,REG,2019,1629066,9.0,SF,Helper,0.08,MISS Richardson 22' Step Back Jump Shot,SG,Primary Ball Handler,0.23,
Shot Chart Detail,21800205,688,1626196,Josh Richardson,1610612748,Miami Heat,4,2,37,Missed Shot,Jump Shot,3PT Field Goal,Above the Break 3,Center(C),24+ ft.,25,-18,253,1,0,20181114,BKN,MIA,21800205688,27230,0,201609|202355|203585|204020|1626196,0,REG,2019,201960,14.0,PF,Helper,-0.29,MISS Richardson 25' 3PT Jump Shot,SG,Primary Ball Handler,0.23,
Shot Chart Detail,21800217,13,1626196,Josh Richardson,1610612748,Miami Heat,1,10,43,Made Shot,Jump Shot,3PT Field Goal,Above the Break 3,Left Side Center(LC),24+ ft.,27,-157,224,1,1,20181116,IND,MIA,2180021713,770,0,201609|202355|203585|1626159|1626196,1,REG,2019,203506,-0.0,SG,Wing Stopper,0.7,Richardson 27' 3PT Jump Shot (3 PTS) (Winslow 1 AST),SG,Primary Ball Handler,0.23,1626159.0
Shot Chart Detail,21800217,21,1626196,Josh Richardson,1610612748,Miami Heat,1,9,57,Made Shot,Jump Shot,3PT Field Goal,Above the Break 3,Right Side Center(RC),24+ ft.,27,100,257,1,1,20181116,IND,MIA,2180021721,1230,0,201609|202355|203585|1626159|1626196,1,REG,2019,203506,3.0,SG,Wing Stopper,0.7,Richardson 28' 3PT Jump Shot (6 PTS) (Winslow 2 AST),SG,Primary Ball Handler,0.23,1626159.0
Shot Chart Detail,21800217,57,1626196,Josh Richardson,1610612748,Miami Heat,1,6,31,Missed Shot,Driving Layup Shot,2PT Field Goal,Restricted Area,Center(C),Less Than 8 ft.,1,7,17,1,0,20181116,IND,MIA,2180021757,3290,0,201609|202355|203585|1626159|1626196,0,REG,2019,203506,5.0,SG,Wing Stopper,0.7,MISS Richardson 2' Driving Layup,SG,Primary Ball Handler,0.23,
Shot Chart Detail,21800217,142,1626196,Josh Richardson,1610612748,Miami Heat,1,1,47,Made Shot,Running Finger Roll Layup Shot,2PT Field Goal,Restricted Area,Center(C),Less Than 8 ft.,0,-2,9,1,1,20181116,IND,MIA,21800217142,6130,0,201961|203482|204020|1626196|1628389,0,REG,2019,202709,9.0,PG,Point of Attack,1.36,Richardson 1' Running Finger Roll Layup (8 PTS),SG,Primary Ball Handler,0.23,
Shot Chart Detail,21800217,156,1626196,Josh Richardson,1610612748,Miami Heat,1,0,6,Missed Shot,Turnaround Jump Shot,2PT Field Goal,In The Paint (Non-RA),Right Side(R),8-16 ft.,10,58,85,1,0,20181116,IND,MIA,21800217156,7140,0,201961|203482|204020|1626196|1628389,0,REG,2019,202709,9.0,PG,Point of Attack,1.36,MISS Richardson 10' Turnaround Jump Shot,SG,Primary Ball Handler,0.23,
Shot Chart Detail,21800217,189,1626196,Josh Richardson,1610612748,Miami Heat,2,8,35,Missed Shot,Pullup Jump shot,3PT Field Goal,Above the Break 3,Left Side Center(LC),24+ ft.,27,-91,264,1,0,20181116,IND,MIA,21800217189,9250,0,201961|202355|203482|204020|1626196,0,REG,2019,202709,1.0,PG,Point of Attack,1.36,MISS Richardson 28' 3PT Pullup Jump Shot,SG,Primary Ball Handler,0.23,
Shot Chart Detail,21800217,293,1626196,Josh Richardson,1610612748,Miami Heat,2,1,54,Made Shot,Jump Shot,3PT Field Goal,Above the Break 3,Center(C),24+ ft.,26,74,251,1,1,20181116,IND,MIA,21800217293,13260,0,201609|203585|1626159|1626196|1628389,1,REG,2019,201954,-8.0,PG,Point of Attack,-0.13,Richardson 26' 3PT Jump Shot (12 PTS) (Adebayo 2 AST),SG,Primary Ball Handler,0.23,1628389.0
Shot Chart Detail,21800217,313,1626196,Josh Richardson,1610612748,Miami Heat,2,0,34,Missed Shot,Jump Shot,3PT Field Goal,Above the Break 3,Center(C),24+ ft.,25,-32,258,1,0,20181116,IND,MIA,21800217313,14060,0,201609|203585|1626159|1626196|1628389,0,REG,2019,201152,-7.0,PF,Mobile Big,1.45,MISS Richardson 26' 3PT Jump Shot,SG,Primary Ball Handler,0.23,
Shot Chart Detail,21800217,327,1626196,Josh Richardson,1610612748,Miami Heat,3,11,13,Missed Shot,Jump Shot,3PT Field Goal,Above the Break 3,Left Side Center(LC),24+ ft.,27,-199,193,1,0,20181116,IND,MIA,21800217327,14870,0,201609|202355|203585|1626159|1626196,0,REG,2019,203506,-5.0,SG,Wing Stopper,0.7,MISS Richardson 28' 3PT Jump Shot,SG,Primary Ball Handler,0.23,
Shot Chart Detail,21800217,366,1626196,Josh Richardson,1610612748,Miami Heat,3,8,5,Made Shot,Jump Shot,3PT Field Goal,Right Corner 3,Right Side(R),24+ ft.,23,232,20,1,1,20181116,IND,MIA,21800217366,16750,0,201609|202355|203585|1626159|1626196,1,REG,2019,203506,-6.0,SG,Wing Stopper,0.7,Richardson 3PT Jump Shot (15 PTS) (Winslow 4 AST),SG,Primary Ball Handler,0.23,1626159.0
Shot Chart Detail,21800217,394,1626196,Josh Richardson,1610612748,Miami Heat,3,5,36,Made Shot,Jump Shot,3PT Field Goal,Above the Break 3,Right Side Center(RC),24+ ft.,25,220,130,1,1,20181116,IND,MIA,21800217394,18240,0,201609|202355|203585|1626159|1626196,1,REG,2019,203506,-3.0,SG,Wing Stopper,0.7,Richardson 26' 3PT Jump Shot (18 PTS) (Winslow 6 AST),SG,Primary Ball Handler,0.23,1626159.0
Shot Chart Detail,21800217,532,1626196,Josh Richardson,1610612748,Miami Heat,4,4,56,Made Shot,Jump Shot,3PT Field Goal,Above the Break 3,Right Side Center(RC),24+ ft.,26,154,218,1,1,20181116,IND,MIA,21800217532,25840,0,201609|202355|203585|204020|1626196,1,REG,2019,202709,-10.0,PG,Point of Attack,1.36,Richardson 27' 3PT Jump Shot (21 PTS) (Dragic 3 AST),SG,Primary Ball Handler,0.23,201609.0
Shot Chart Detail,21800217,575,1626196,Josh Richardson,1610612748,Miami Heat,4,1,45,Made Shot,Driving Finger Roll Layup Shot,2PT Field Goal,Restricted Area,Center(C),Less Than 8 ft.,1,6,-8,1,1,20181116,IND,MIA,21800217575,27750,0,201609|202355|203585|204020|1626196,1,REG,2019,202709|1626167,-6.0,,,,,SG,Primary Ball Handler,0.23,204020.0
Shot Chart Detail,21800217,579,1626196,Josh Richardson,1610612748,Miami Heat,4,1,27,Made Shot,Jump Shot,3PT Field Goal,Above the Break 3,Right Side Center(RC),24+ ft.,25,195,160,1,1,20181116,IND,MIA,21800217579,27930,0,201609|202355|203585|204020|1626196,1,REG,2019,202711,-3.0,SF,Low Activity,-0.87,Richardson 25' 3PT Jump Shot (26 PTS) (Johnson 4 AST),SG,Primary Ball Handler,0.23,204020.0
Shot Chart Detail,21800217,593,1626196,Josh Richardson,1610612748,Miami Heat,4,0,23,Missed Shot,Driving Floating Bank Jump Shot,2PT Field Goal,In The Paint (Non-RA),Center(C),Less Than 8 ft.,7,-58,46,1,0,20181116,IND,MIA,21800217593,28570,0,201609|201961|202355|203585|1626196,0,REG,2019,202711,-6.0,SF,Low Activity,-0.87,MISS Richardson 7' Driving Floating Bank Jump Shot,SG,Primary Ball Handler,0.23,
Shot Chart Detail,21800217,611,1626196,Josh Richardson,1610612748,Miami Heat,4,0,6,Made Shot,Driving Layup Shot,2PT Field Goal,Restricted Area,Center(C),Less Than 8 ft.,0,-1,8,1,1,20181116,IND,MIA,21800217611,28740,0,201961|203482|203585|204020|1626196,0,REG,2019,202709,-6.0,PG,Point of Attack,1.36,Richardson 1' Driving Layup (28 PTS),SG,Primary Ball Handler,0.23,
Shot Chart Detail,21800235,7,1626196,Josh Richardson,1610612748,Miami Heat,1,11,39,Missed Shot,Step Back Jump shot,2PT Field Goal,Mid-Range,Center(C),8-16 ft.,15,6,157,1,0,20181118,MIA,LAL,218002357,210,0,201961|202355|203585|1626159|1626196,0,REG,2019,1627742,0.0,SF,Wing Stopper,-1.13,MISS Richardson 16' Step Back Jump Shot,SG,Primary Ball Handler,0.23,
Shot Chart Detail,21800235,21,1626196,Josh Richardson,1610612748,Miami Heat,1,10,21,Made Shot,Driving Finger Roll Layup Shot,2PT Field Goal,Restricted Area,Center(C),Less Than 8 ft.,1,-10,11,1,1,20181118,MIA,LAL,2180023521,990,0,201961|202355|203585|1626159|1626196,0,REG,2019,,,,,,,SG,Primary Ball Handler,0.23,
Shot Chart Detail,21800235,59,1626196,Josh Richardson,1610612748,Miami Heat,1,6,27,Made Shot,Pullup Jump shot,2PT Field Goal,In The Paint (Non-RA),Center(C),8-16 ft.,14,-30,138,1,1,20181118,MIA,LAL,2180023559,3330,0,201961|202355|203585|1626159|1626196,0,REG,2019,1627742,-1.0,SF,Wing Stopper,-1.13,Richardson 14' Pullup Jump Shot (4 PTS),SG,Primary Ball Handler,0.23,
Shot Chart Detail,21800235,257,1626196,Josh Richardson,1610612748,Miami Heat,2,6,14,Made Shot,Pullup Jump shot,2PT Field Goal,In The Paint (Non-RA),Center(C),8-16 ft.,10,-3,104,1,1,20181118,MIA,LAL,21800235257,10660,0,201949|201961|202355|203585|1626196,0,REG,2019,1627742|2199,-12.0,,,,,SG,Primary Ball Handler,0.23,
Shot Chart Detail,21800235,350,1626196,Josh Richardson,1610612748,Miami Heat,2,0,5,Made Shot,Pullup Jump shot,2PT Field Goal,Mid-Range,Center(C),8-16 ft.,15,-6,156,1,1,20181118,MIA,LAL,21800235350,14350,0,201961|203482|203585|204020|1626196,0,REG,2019,203484,-14.0,SG,Chaser,-1.12,Richardson 16' Pullup Jump Shot (11 PTS),SG,Primary Ball Handler,0.23,
Shot Chart Detail,21800235,388,1626196,Josh Richardson,1610612748,Miami Heat,3,11,4,Missed Shot,Jump Shot,3PT Field Goal,Above the Break 3,Left Side Center(LC),24+ ft.,27,-171,217,1,0,20181118,MIA,LAL,21800235388,14960,0,201961|202355|203585|1626159|1626196,0,REG,2019,1627742,-17.0,SF,Wing Stopper,-1.13,MISS Richardson 28' 3PT Jump Shot,SG,Primary Ball Handler,0.23,
Shot Chart Detail,21800235,553,1626196,Josh Richardson,1610612748,Miami Heat,4,10,19,Made Shot,Driving Layup Shot,2PT Field Goal,Restricted Area,Center(C),Less Than 8 ft.,1,-17,8,1,1,20181118,MIA,LAL,21800235553,22610,0,201949|204020|1626196|1627884|1628389,0,REG,2019,1627742,-14.0,SF,Wing Stopper,-1.13,Richardson 2' Driving Layup (13 PTS),SG,Primary Ball Handler,0.23,
Shot Chart Detail,21800235,565,1626196,Josh Richardson,1610612748,Miami Heat,4,9,10,Made Shot,Driving Layup Shot,2PT Field Goal,Restricted Area,Center(C),Less Than 8 ft.,1,9,10,1,1,20181118,MIA,LAL,21800235565,23300,0,201949|204020|1626196|1627884|1628389,0,REG,2019,201580|1628404,-12.0,,,,,SG,Primary Ball Handler,0.23,
Shot Chart Detail,21800235,577,1626196,Josh Richardson,1610612748,Miami Heat,4,8,12,Missed Shot,Driving Layup Shot,2PT Field Goal,Restricted Area,Center(C),Less Than 8 ft.,1,-14,10,1,0,20181118,MIA,LAL,21800235577,23880,0,201961|204020|1626196|1627884|1628389,0,REG,2019,1628404,-14.0,SG,Wing Stopper,0.34,MISS Richardson 2' Driving Layup,SG,Primary Ball Handler,0.23,
Shot Chart Detail,21800235,584,1626196,Josh Richardson,1610612748,Miami Heat,4,7,36,Made Shot,Cutting Dunk Shot,2PT Field Goal,Restricted Area,Center(C),Less Than 8 ft.,1,-3,15,1,1,20181118,MIA,LAL,21800235584,24240,0,201961|204020|1626196|1627884|1628389,1,REG,2019,201580,-14.0,C,Anchor Big,1.29,Richardson 2' Cutting Dunk Shot (17 PTS) (Adebayo 1 AST),SG,Primary Ball Handler,0.23,1628389.0
Shot Chart Detail,21800235,594,1626196,Josh Richardson,1610612748,Miami Heat,4,6,40,Missed Shot,Driving Dunk Shot,2PT Field Goal,Restricted Area,Center(C),Less Than 8 ft.,1,-2,10,1,0,20181118,MIA,LAL,21800235594,24800,0,201961|204020|1626196|1627884|1628389,0,REG,2019,1628404,-14.0,SG,Wing Stopper,0.34,MISS Richardson 1' Driving Dunk,SG,Primary Ball Handler,0.23,
Shot Chart Detail,21800250,11,1626196,Josh Richardson,1610612748,Miami Heat,1,11,32,Missed Shot,Jump Shot,3PT Field Goal,Left Corner 3,Left Side(L),24+ ft.,23,-236,16,1,0,20181120,MIA,BKN,2180025011,280,0,201961|202355|203585|1626196|1627884,0,REG,2019,203459,0.0,SG,Chaser,-0.44,MISS Richardson 24' 3PT Jump Shot,SG,Primary Ball Handler,0.23,
Shot Chart Detail,21800250,28,1626196,Josh Richardson,1610612748,Miami Heat,1,9,44,Missed Shot,Pullup Jump shot,2PT Field Goal,Mid-Range,Left Side(L),8-16 ft.,15,-93,118,1,0,20181120,MIA,BKN,2180025028,1360,0,201961|202355|203585|1626196|1627884,0,REG,2019,1626156,-6.0,PG,Point of Attack,-0.63,MISS Richardson 15' Pullup Jump Shot,SG,Primary Ball Handler,0.23,
Shot Chart Detail,21800250,65,1626196,Josh Richardson,1610612748,Miami Heat,1,6,52,Missed Shot,Layup Shot,2PT Field Goal,Restricted Area,Center(C),Less Than 8 ft.,2,-18,12,1,0,20181120,MIA,BKN,2180025065,3080,0,201961|202355|203585|1626196|1627884,0,REG,2019,1626156,-6.0,PG,Point of Attack,-0.63,MISS Richardson 2' Layup,SG,Primary Ball Handler,0.23,
Shot Chart Detail,21800250,144,1626196,Josh Richardson,1610612748,Miami Heat,1,2,53,Made Shot,Jump Bank Shot,2PT Field Goal,Mid-Range,Left Side(L),8-16 ft.,9,-98,2,1,1,20181120,MIA,BKN,21800250144,5470,0,201949|1626159|1626196|1628389|1629130,1,REG,2019,202334,-8.0,C,Anchor Big,2.1,Richardson 10' Jump Bank Shot (2 PTS) (Winslow 1 AST),SG,Primary Ball Handler,0.23,1626159.0
Shot Chart Detail,21800250,150,1626196,Josh Richardson,1610612748,Miami Heat,1,2,28,Made Shot,Jump Bank Shot,2PT Field Goal,Mid-Range,Right Side(R),8-16 ft.,10,105,17,1,1,20181120,MIA,BKN,21800250150,5720,0,201949|1626159|1626196|1628389|1629130,0,REG,2019,203915,-6.0,PG,Wing Stopper,-1.29,Richardson 11' Jump Bank Shot (4 PTS),SG,Primary Ball Handler,0.23,
Shot Chart Detail,21800250,152,1626196,Josh Richardson,1610612748,Miami Heat,1,2,0,Missed Shot,Jump Shot,2PT Field Goal,Mid-Range,Center(C),16-24 ft.,22,-33,227,1,0,20181120,MIA,BKN,21800250152,6000,0,201949|1626159|1626196|1628389|1629130,0,REG,2019,203915,-8.0,PG,Wing Stopper,-1.29,MISS Richardson 23' Jump Shot,SG,Primary Ball Handler,0.23,
Shot Chart Detail,21800250,205,1626196,Josh Richardson,1610612748,Miami Heat,2,11,33,Missed Shot,Jump Shot,3PT Field Goal,Above the Break 3,Left Side Center(LC),24+ ft.,26,-110,246,1,0,20181120,MIA,BKN,21800250205,7470,0,201949|201961|1626159|1626196|1628389,0,REG,2019,202334,-7.0,C,Anchor Big,2.1,MISS Richardson 27' 3PT Jump Shot,SG,Primary Ball Handler,0.23,
Shot Chart Detail,21800250,277,1626196,Josh Richardson,1610612748,Miami Heat,2,5,52,Missed Shot,Jump Shot,2PT Field Goal,In The Paint (Non-RA),Center(C),Less Than 8 ft.,6,-50,41,1,0,20181120,MIA,BKN,21800250277,10880,0,201961|202355|203585|1626159|1626196,0,REG,2019,1626156,6.0,PG,Point of Attack,-0.63,MISS Richardson 6' Jump Shot,SG,Primary Ball Handler,0.23,
Shot Chart Detail,21800250,282,1626196,Josh Richardson,1610612748,Miami Heat,2,5,39,Missed Shot,Pullup Jump shot,2PT Field Goal,Mid-Range,Left Side(L),8-16 ft.,12,-122,28,1,0,20181120,MIA,BKN,21800250282,11010,0,201961|202355|203585|1626159|1626196,0,REG,2019,203915,6.0,PG,Wing Stopper,-1.29,MISS Richardson 13' Pullup Jump Shot,SG,Primary Ball Handler,0.23,
Shot Chart Detail,21800250,320,1626196,Josh Richardson,1610612748,Miami Heat,2,2,42,Missed Shot,Jump Shot,3PT Field Goal,Above the Break 3,Left Side Center(LC),24+ ft.,26,-155,209,1,0,20181120,MIA,BKN,21800250320,12780,0,202355|203585|1626159|1626196|1629130,0,REG,2019,203925,7.0,SG,Chaser,-0.08,MISS Richardson 26' 3PT Jump Shot,SG,Primary Ball Handler,0.23,
Shot Chart Detail,21800250,324,1626196,Josh Richardson,1610612748,Miami Heat,2,2,9,Made Shot,Pullup Jump shot,2PT Field Goal,Mid-Range,Right Side Center(RC),16-24 ft.,16,76,147,1,1,20181120,MIA,BKN,21800250324,13110,0,202355|203585|1626159|1626196|1629130,0,REG,2019,1628386,7.0,C,Anchor Big,1.01,Richardson 17' Pullup Jump Shot (8 PTS),SG,Primary Ball Handler,0.23,
Shot Chart Detail,21800250,334,1626196,Josh Richardson,1610612748,Miami Heat,2,1,15,Made Shot,Driving Layup Shot,2PT Field Goal,Restricted Area,Center(C),Less Than 8 ft.,1,-6,13,1,1,20181120,MIA,BKN,21800250334,13650,0,201961|202355|203585|1626196|1627884,0,REG,2019,1628386,7.0,C,Anchor Big,1.01,Richardson 1' Driving Layup (10 PTS),SG,Primary Ball Handler,0.23,
Shot Chart Detail,21800250,337,1626196,Josh Richardson,1610612748,Miami Heat,2,0,50,Made Shot,Pullup Jump shot,2PT Field Goal,In The Paint (Non-RA),Center(C),8-16 ft.,12,-20,128,1,1,20181120,MIA,BKN,21800250337,13900,0,201961|202355|203585|1626196|1627884,0,REG,2019,203915,7.0,PG,Wing Stopper,-1.29,Richardson 13' Pullup Jump Shot (12 PTS),SG,Primary Ball Handler,0.23,
Shot Chart Detail,21800250,345,1626196,Josh Richardson,1610612748,Miami Heat,2,0,1,Missed Shot,Jump Shot,3PT Field Goal,Above the Break 3,Center(C),24+ ft.,25,-18,252,1,0,20181120,MIA,BKN,21800250345,14390,0,201961|202355|203585|1626196|1627884,0,REG,2019,203915,3.0,PG,Wing Stopper,-1.29,MISS Richardson 25' 3PT Jump Shot,SG,Primary Ball Handler,0.23,
Shot Chart Detail,21800250,379,1626196,Josh Richardson,1610612748,Miami Heat,3,9,29,Missed Shot,Driving Floating Jump Shot,2PT Field Goal,In The Paint (Non-RA),Center(C),8-16 ft.,12,43,120,1,0,20181120,MIA,BKN,21800250379,15910,0,201961|202355|203585|1626196|1627884,0,REG,2019,1626156,2.0,PG,Point of Attack,-0.63,MISS Richardson 13' Driving Floating Jump Shot,SG,Primary Ball Handler,0.23,
Shot Chart Detail,21800250,383,1626196,Josh Richardson,1610612748,Miami Heat,3,9,14,Missed Shot,Driving Floating Jump Shot,2PT Field Goal,In The Paint (Non-RA),Center(C),8-16 ft.,10,3,101,1,0,20181120,MIA,BKN,21800250383,16060,0,201961|202355|203585|1626196|1627884,0,REG,2019,1626156,2.0,PG,Point of Attack,-0.63,MISS Richardson 10' Driving Floating Jump Shot,SG,Primary Ball Handler,0.23,
Shot Chart Detail,21800250,481,1626196,Josh Richardson,1610612748,Miami Heat,3,1,21,Made Shot,Pullup Jump shot,2PT Field Goal,In The Paint (Non-RA),Center(C),8-16 ft.,12,1,121,1,1,20181120,MIA,BKN,21800250481,20790,0,2548|201949|1626196|1628389|1629130,0,REG,2019,203915,7.0,PG,Wing Stopper,-1.29,Richardson 12' Pullup Jump Shot (14 PTS),SG,Primary Ball Handler,0.23,
Shot Chart Detail,21800250,539,1626196,Josh Richardson,1610612748,Miami Heat,4,9,40,Missed Shot,Pullup Jump shot,2PT Field Goal,In The Paint (Non-RA),Center(C),8-16 ft.,11,-4,116,1,0,20181120,MIA,BKN,21800250539,23000,0,201949|201961|1626159|1626196|1628389,0,REG,2019,1626178,-2.0,SF,Helper,0.78,MISS Richardson 12' Pullup Jump Shot,SG,Primary Ball Handler,0.23,
Shot Chart Detail,21800250,546,1626196,Josh Richardson,1610612748,Miami Heat,4,9,11,Missed Shot,Driving Layup Shot,2PT Field Goal,Restricted Area,Center(C),Less Than 8 ft.,1,-6,17,1,0,20181120,MIA,BKN,21800250546,23290,0,201961|203585|1626159|1626196|1628389,0,REG,2019,202334|1626178,-5.0,,,,,SG,Primary Ball Handler,0.23,
Shot Chart Detail,21800250,633,1626196,Josh Richardson,1610612748,Miami Heat,4,2,49,Missed Shot,Jump Shot,3PT Field Goal,Above the Break 3,Left Side Center(LC),24+ ft.,25,-204,145,1,0,20181120,MIA,BKN,21800250633,27110,0,201949|201961|202355|203585|1626196,0,REG,2019,203915,-8.0,PG,Wing Stopper,-1.29,MISS Richardson 25' 3PT Jump Shot,SG,Primary Ball Handler,0.23,
Shot Chart Detail,21800273,38,1626196,Josh Richardson,1610612748,Miami Heat,1,9,22,Made Shot,Driving Layup Shot,2PT Field Goal,Restricted Area,Center(C),Less Than 8 ft.,0,6,4,1,1,20181123,CHI,MIA,2180027338,1580,0,201949|201961|202355|203585|1626196,1,REG,2019,,,,,,,SG,Primary Ball Handler,0.23,202355.0
Shot Chart Detail,21800273,44,1626196,Josh Richardson,1610612748,Miami Heat,1,9,2,Made Shot,Jump Shot,3PT Field Goal,Above the Break 3,Left Side Center(LC),24+ ft.,25,-122,222,1,1,20181123,CHI,MIA,2180027344,1780,0,201949|201961|202355|203585|1626196,1,REG,2019,,,,,,,SG,Primary Ball Handler,0.23,201961.0
Shot Chart Detail,21800273,54,1626196,Josh Richardson,1610612748,Miami Heat,1,8,0,Missed Shot,Driving Layup Shot,2PT Field Goal,Restricted Area,Center(C),Less Than 8 ft.,3,15,36,1,0,20181123,CHI,MIA,2180027354,2400,0,201949|201961|202355|203585|1626196,0,REG,2019,1627853,-2.0,PG,Point of Attack,0.17,MISS Richardson 4' Driving Layup,SG,Primary Ball Handler,0.23,
Shot Chart Detail,21800273,58,1626196,Josh Richardson,1610612748,Miami Heat,1,7,39,Made Shot,Running Pull-Up Jump Shot,3PT Field Goal,Above the Break 3,Left Side Center(LC),24+ ft.,26,-111,239,1,1,20181123,CHI,MIA,2180027358,2610,0,201949|201961|202355|203585|1626196,1,REG,2019,,,,,,,SG,Primary Ball Handler,0.23,203585.0
Shot Chart Detail,21800273,119,1626196,Josh Richardson,1610612748,Miami Heat,1,4,1,Missed Shot,Jump Shot,3PT Field Goal,Above the Break 3,Center(C),24+ ft.,25,2,258,1,0,20181123,CHI,MIA,21800273119,4790,0,2548|201961|203482|1626196|1628389,0,REG,2019,1627853,-1.0,PG,Point of Attack,0.17,MISS Richardson 26' 3PT Jump Shot,SG,Primary Ball Handler,0.23,
Shot Chart Detail,21800273,127,1626196,Josh Richardson,1610612748,Miami Heat,1,3,38,Missed Shot,Driving Layup Shot,2PT Field Goal,Restricted Area,Center(C),Less Than 8 ft.,1,-19,2,1,0,20181123,CHI,MIA,21800273127,5020,0,2548|203482|1626159|1626196|1628389,0,REG,2019,1627853,-4.0,PG,Point of Attack,0.17,MISS Richardson 2' Driving Layup,SG,Primary Ball Handler,0.23,
Shot Chart Detail,21800273,290,1626196,Josh Richardson,1610612748,Miami Heat,2,5,15,Made Shot,Step Back Jump shot,3PT Field Goal,Right Corner 3,Right Side(R),24+ ft.,22,227,-10,1,1,20181123,CHI,MIA,21800273290,11250,0,201949|201961|202355|1626159|1626196,1,REG,2019,1627853,14.0,PG,Point of Attack,0.17,Richardson 3PT Step Back Jump Shot (13 PTS) (Johnson 3 AST),SG,Primary Ball Handler,0.23,201949.0
Shot Chart Detail,21800273,295,1626196,Josh Richardson,1610612748,Miami Heat,2,4,57,Missed Shot,Jump Shot,3PT Field Goal,Above the Break 3,Left Side Center(LC),24+ ft.,25,-174,181,1,0,20181123,CHI,MIA,21800273295,11430,0,201949|201961|202355|1626159|1626196,0,REG,2019,1627853,14.0,PG,Point of Attack,0.17,MISS Richardson 25' 3PT Jump Shot,SG,Primary Ball Handler,0.23,
Shot Chart Detail,21800273,412,1626196,Josh Richardson,1610612748,Miami Heat,3,9,17,Made Shot,Running Dunk Shot,2PT Field Goal,Restricted Area,Center(C),Less Than 8 ft.,1,-3,13,1,1,20181123,CHI,MIA,21800273412,16030,0,201949|201961|202355|203585|1626196,1,REG,2019,,,,,,,SG,Primary Ball Handler,0.23,201961.0
Shot Chart Detail,21800273,430,1626196,Josh Richardson,1610612748,Miami Heat,3,7,52,Missed Shot,Jump Shot,3PT Field Goal,Above the Break 3,Left Side Center(LC),24+ ft.,25,-98,234,1,0,20181123,CHI,MIA,21800273430,16880,0,201949|201961|202355|203585|1626196,0,REG,2019,1627853,20.0,PG,Point of Attack,0.17,MISS Richardson 25' 3PT Jump Shot,SG,Primary Ball Handler,0.23,
Shot Chart Detail,21800273,598,1626196,Josh Richardson,1610612748,Miami Heat,4,6,17,Made Shot,Pullup Jump shot,2PT Field Goal,In The Paint (Non-RA),Center(C),8-16 ft.,9,-27,93,1,1,20181123,CHI,MIA,21800273598,25030,0,201961|203585|1626159|1626196|1628389,0,REG,2019,1627853,6.0,PG,Point of Attack,0.17,Richardson 10' Pullup Jump Shot (17 PTS),SG,Primary Ball Handler,0.23,
Shot Chart Detail,21800273,600,1626196,Josh Richardson,1610612748,Miami Heat,4,5,52,Made Shot,Pullup Jump shot,2PT Field Goal,Mid-Range,Center(C),16-24 ft.,16,-33,162,1,1,20181123,CHI,MIA,21800273600,25280,0,201961|203585|1626159|1626196|1628389,0,REG,2019,1627853,6.0,PG,Point of Attack,0.17,Richardson 17' Pullup Jump Shot (19 PTS),SG,Primary Ball Handler,0.23,
Shot Chart Detail,21800273,603,1626196,Josh Richardson,1610612748,Miami Heat,4,5,21,Made Shot,Pullup Jump shot,2PT Field Goal,Mid-Range,Left Side Center(LC),16-24 ft.,16,-89,137,1,1,20181123,CHI,MIA,21800273603,25590,0,201961|203585|1626159|1626196|1628389,0,REG,2019,1627853,8.0,PG,Point of Attack,0.17,Richardson 16' Pullup Jump Shot (21 PTS),SG,Primary Ball Handler,0.23,
Shot Chart Detail,21800273,614,1626196,Josh Richardson,1610612748,Miami Heat,4,4,23,Missed Shot,Jump Shot,3PT Field Goal,Above the Break 3,Center(C),24+ ft.,25,-9,250,1,0,20181123,CHI,MIA,21800273614,26170,0,201961|203585|1626159|1626196|1628389,0,REG,2019,1628976|203897,9.0,,,,,SG,Primary Ball Handler,0.23,
Shot Chart Detail,21800273,625,1626196,Josh Richardson,1610612748,Miami Heat,4,3,26,Made Shot,Jump Shot,3PT Field Goal,Above the Break 3,Center(C),24+ ft.,24,6,241,1,1,20181123,CHI,MIA,21800273625,26740,0,201961|203585|1626159|1626196|1628389,0,REG,2019,1628976,12.0,C,Mobile Big,2.06,Richardson 24' 3PT Jump Shot (24 PTS),SG,Primary Ball Handler,0.23,
Shot Chart Detail,21800273,640,1626196,Josh Richardson,1610612748,Miami Heat,4,2,0,Made Shot,Jump Shot,3PT Field Goal,Above the Break 3,Right Side Center(RC),24+ ft.,26,123,231,1,1,20181123,CHI,MIA,21800273640,27600,0,201961|203585|1626159|1626196|1628389,1,REG,2019,,,,,,,SG,Primary Ball Handler,0.23,203585.0
Shot Chart Detail,21800290,9,1626196,Josh Richardson,1610612748,Miami Heat,1,11,2,Made Shot,Pullup Jump shot,2PT Field Goal,In The Paint (Non-RA),Center(C),8-16 ft.,12,22,120,1,1,20181125,TOR,MIA,218002909,580,0,201949|201961|202355|203585|1626196,0,REG,2019,200768,2.0,PG,Chaser,0.87,Richardson 12' Pullup Jump Shot (2 PTS),SG,Primary Ball Handler,0.23,
Shot Chart Detail,21800290,50,1626196,Josh Richardson,1610612748,Miami Heat,1,6,30,Missed Shot,Jump Shot,3PT Field Goal,Above the Break 3,Left Side Center(LC),24+ ft.,25,-165,195,1,0,20181125,TOR,MIA,2180029050,3300,0,201949|201961|202355|203585|1626196,0,REG,2019,200768,-9.0,PG,Chaser,0.87,MISS Richardson 26' 3PT Jump Shot,SG,Primary Ball Handler,0.23,
Shot Chart Detail,21800290,55,1626196,Josh Richardson,1610612748,Miami Heat,1,6,8,Made Shot,Jump Shot,3PT Field Goal,Left Corner 3,Left Side(L),24+ ft.,22,-223,46,1,1,20181125,TOR,MIA,2180029055,3520,0,201949|201961|202355|203585|1626196,1,REG,2019,200768,-8.0,PG,Chaser,0.87,Richardson 3PT Jump Shot (5 PTS) (Johnson 1 AST),SG,Primary Ball Handler,0.23,201949.0
Shot Chart Detail,21800290,95,1626196,Josh Richardson,1610612748,Miami Heat,1,3,29,Missed Shot,Driving Floating Jump Shot,2PT Field Goal,Mid-Range,Right Side(R),8-16 ft.,12,106,59,1,0,20181125,TOR,MIA,2180029095,5110,0,2548|201949|201961|1626196|1628389,0,REG,2019,200768,-9.0,PG,Chaser,0.87,MISS Richardson 12' Driving Floating Jump Shot,SG,Primary Ball Handler,0.23,
Shot Chart Detail,21800290,200,1626196,Josh Richardson,1610612748,Miami Heat,2,7,45,Missed Shot,Jump Shot,3PT Field Goal,Above the Break 3,Left Side Center(LC),24+ ft.,24,-212,120,1,0,20181125,TOR,MIA,21800290200,9750,0,201961|203482|1626159|1626196|1628389,0,REG,2019,,,,,,,SG,Primary Ball Handler,0.23,
Shot Chart Detail,21800290,235,1626196,Josh Richardson,1610612748,Miami Heat,2,5,51,Missed Shot,Pullup Jump shot,2PT Field Goal,In The Paint (Non-RA),Center(C),8-16 ft.,12,39,120,1,0,20181125,TOR,MIA,21800290235,10890,0,201961|202355|1626159|1626196|1628389,0,REG,2019,1627832,-4.0,PG,Point of Attack,0.05,MISS Richardson 13' Pullup Jump Shot,SG,Primary Ball Handler,0.23,
Shot Chart Detail,21800290,248,1626196,Josh Richardson,1610612748,Miami Heat,2,5,20,Missed Shot,Driving Floating Jump Shot,2PT Field Goal,In The Paint (Non-RA),Left Side(L),8-16 ft.,10,-59,83,1,0,20181125,TOR,MIA,21800290248,11200,0,201949|201961|1626159|1626196|1628389,0,REG,2019,,,,,,,SG,Primary Ball Handler,0.23,
Shot Chart Detail,21800290,256,1626196,Josh Richardson,1610612748,Miami Heat,2,4,12,Missed Shot,Cutting Layup Shot,2PT Field Goal,Restricted Area,Center(C),Less Than 8 ft.,0,-9,4,1,0,20181125,TOR,MIA,21800290256,11880,0,201949|201961|1626159|1626196|1628389,0,REG,2019,1627783,-5.0,PF,Wing Stopper,0.93,MISS Richardson 1' Cutting Layup Shot,SG,Primary Ball Handler,0.23,
Shot Chart Detail,21800290,286,1626196,Josh Richardson,1610612748,Miami Heat,2,1,53,Missed Shot,Jump Shot,3PT Field Goal,Above the Break 3,Left Side Center(LC),24+ ft.,27,-97,253,1,0,20181125,TOR,MIA,21800290286,13270,0,2548|201949|203482|203585|1626196,0,REG,2019,200768,-11.0,PG,Chaser,0.87,MISS Richardson 27' 3PT Jump Shot,SG,Primary Ball Handler,0.23,
Shot Chart Detail,21800290,293,1626196,Josh Richardson,1610612748,Miami Heat,2,1,19,Made Shot,Driving Layup Shot,2PT Field Goal,Restricted Area,Center(C),Less Than 8 ft.,0,-5,-7,1,1,20181125,TOR,MIA,21800290293,13610,0,2548|201949|203482|203585|1626196,0,REG,2019,202695,-9.0,SF,Wing Stopper,0.55,Richardson 1' Driving Layup (9 PTS),SG,Primary Ball Handler,0.23,
Shot Chart Detail,21800290,307,1626196,Josh Richardson,1610612748,Miami Heat,2,0,4,Missed Shot,Pullup Jump shot,3PT Field Goal,Above the Break 3,Left Side Center(LC),24+ ft.,25,-118,224,1,0,20181125,TOR,MIA,21800290307,14360,0,2548|201949|203585|1626196|1628389,0,REG,2019,202695,-9.0,SF,Wing Stopper,0.55,MISS Richardson 25' 3PT Pullup Jump Shot,SG,Primary Ball Handler,0.23,
Shot Chart Detail,21800290,372,1626196,Josh Richardson,1610612748,Miami Heat,3,8,52,Missed Shot,Pullup Jump shot,2PT Field Goal,Mid-Range,Right Side Center(RC),16-24 ft.,19,154,113,1,0,20181125,TOR,MIA,21800290372,16280,0,201949|201961|203585|1626196|1628389,0,REG,2019,,,,,,,SG,Primary Ball Handler,0.23,
Shot Chart Detail,21800290,387,1626196,Josh Richardson,1610612748,Miami Heat,3,7,46,Missed Shot,Layup Shot,2PT Field Goal,Restricted Area,Center(C),Less Than 8 ft.,3,27,18,1,0,20181125,TOR,MIA,21800290387,16940,0,2548|201961|1626159|1626196|1628389,0,REG,2019,200768,-23.0,PG,Chaser,0.87,MISS Richardson 3' Layup,SG,Primary Ball Handler,0.23,
Shot Chart Detail,21800290,405,1626196,Josh Richardson,1610612748,Miami Heat,3,6,43,Made Shot,Jump Shot,3PT Field Goal,Right Corner 3,Right Side(R),24+ ft.,24,226,84,1,1,20181125,TOR,MIA,21800290405,17570,0,2548|201961|1626159|1626196|1628389,1,REG,2019,1627783,-23.0,PF,Wing Stopper,0.93,Richardson 24' 3PT Jump Shot (14 PTS) (Wade 3 AST),SG,Primary Ball Handler,0.23,2548.0
Shot Chart Detail,21800290,419,1626196,Josh Richardson,1610612748,Miami Heat,3,5,46,Missed Shot,Jump Shot,3PT Field Goal,Above the Break 3,Right Side Center(RC),24+ ft.,26,223,134,1,0,20181125,TOR,MIA,21800290419,18140,0,2548|201961|1626159|1626196|1628389,0,REG,2019,202695,-24.0,SF,Wing Stopper,0.55,Leonard BLOCK (1 BLK),SG,Primary Ball Handler,0.23,
Shot Chart Detail,21800290,422,1626196,Josh Richardson,1610612748,Miami Heat,3,5,41,Made Shot,Fadeaway Jump Shot,2PT Field Goal,In The Paint (Non-RA),Center(C),8-16 ft.,10,-13,102,1,1,20181125,TOR,MIA,21800290422,18190,0,2548|201961|1626159|1626196|1628389,0,REG,2019,202695,,SF,Wing Stopper,0.55,Richardson 10' Fadeaway Jumper (16 PTS),SG,Primary Ball Handler,0.23,
Shot Chart Detail,21800290,443,1626196,Josh Richardson,1610612748,Miami Heat,3,4,4,Missed Shot,Pullup Jump shot,2PT Field Goal,In The Paint (Non-RA),Center(C),8-16 ft.,11,-2,113,1,0,20181125,TOR,MIA,21800290443,19160,0,2548|201961|1626159|1626196|1628389,0,REG,2019,200768,-20.0,PG,Chaser,0.87,MISS Richardson 11' Pullup Jump Shot,SG,Primary Ball Handler,0.23,
Shot Chart Detail,21800290,449,1626196,Josh Richardson,1610612748,Miami Heat,3,3,34,Missed Shot,Pullup Jump shot,2PT Field Goal,Mid-Range,Center(C),16-24 ft.,17,14,173,1,0,20181125,TOR,MIA,21800290449,19460,0,2548|201961|1626159|1626196|1628389,0,REG,2019,200768,-20.0,PG,Chaser,0.87,MISS Richardson 17' Pullup Jump Shot,SG,Primary Ball Handler,0.23,
Shot Chart Detail,21800290,675,1626196,Josh Richardson,1610612748,Miami Heat,4,0,19,Made Shot,Jump Shot,3PT Field Goal,Above the Break 3,Center(C),24+ ft.,31,-82,302,1,1,20181125,TOR,MIA,21800290675,28610,0,2548|203585|1626159|1626196|1628389,1,REG,2019,200768,-10.0,PG,Chaser,0.87,Richardson 31' 3PT Jump Shot (19 PTS) (Wade 6 AST),SG,Primary Ball Handler,0.23,2548.0
Shot Chart Detail,21800302,11,1626196,Josh Richardson,1610612748,Miami Heat,1,11,22,Made Shot,Driving Layup Shot,2PT Field Goal,Restricted Area,Center(C),Less Than 8 ft.,2,-4,20,1,1,20181127,MIA,ATL,2180030211,380,0,201949|201961|202355|203585|1626196,0,REG,2019,203473|1627752,0.0,,,,,SG,Primary Ball Handler,0.23,
Shot Chart Detail,21800302,47,1626196,Josh Richardson,1610612748,Miami Heat,1,8,7,Missed Shot,Pullup Jump shot,2PT Field Goal,In The Paint (Non-RA),Center(C),8-16 ft.,13,2,132,1,0,20181127,MIA,ATL,2180030247,2330,0,201949|201961|202355|203585|1626196,0,REG,2019,203473|1627752,2.0,,,,,SG,Primary Ball Handler,0.23,
Shot Chart Detail,21800302,88,1626196,Josh Richardson,1610612748,Miami Heat,1,5,58,Missed Shot,Jump Shot,3PT Field Goal,Right Corner 3,Right Side(R),24+ ft.,23,230,46,1,0,20181127,MIA,ATL,2180030288,3620,0,2548|201961|202355|1626159|1626196,0,REG,2019,203145|1629027,-1.0,,,,,SG,Primary Ball Handler,0.23,
Shot Chart Detail,21800302,112,1626196,Josh Richardson,1610612748,Miami Heat,1,4,15,Made Shot,Dunk Shot,2PT Field Goal,Restricted Area,Center(C),Less Than 8 ft.,0,-3,4,1,1,20181127,MIA,ATL,21800302112,4650,0,2548|202355|203585|1626159|1626196,1,REG,2019,203145,,SG,Wing Stopper,-0.13,Richardson 1' Dunk (5 PTS) (Wade 2 AST),SG,Primary Ball Handler,0.23,2548.0
Shot Chart Detail,21800302,418,1626196,Josh Richardson,1610612748,Miami Heat,3,11,33,Missed Shot,Driving Layup Shot,2PT Field Goal,Restricted Area,Center(C),Less Than 8 ft.,0,9,4,1,0,20181127,MIA,ATL,21800302418,14670,0,201949|201961|202355|203585|1626196,0,REG,2019,1627752,-16.0,SF,Wing Stopper,-0.73,MISS Richardson 1' Driving Layup,SG,Primary Ball Handler,0.23,
Shot Chart Detail,21800302,430,1626196,Josh Richardson,1610612748,Miami Heat,3,10,20,Missed Shot,Jump Shot,3PT Field Goal,Right Corner 3,Right Side(R),24+ ft.,22,228,5,1,0,20181127,MIA,ATL,21800302430,15400,0,201949|201961|202355|203585|1626196,0,REG,2019,1627752,-19.0,SF,Wing Stopper,-0.73,MISS Richardson 3PT Jump Shot,SG,Primary Ball Handler,0.23,
Shot Chart Detail,21800302,444,1626196,Josh Richardson,1610612748,Miami Heat,3,8,53,Missed Shot,Finger Roll Layup Shot,2PT Field Goal,Restricted Area,Center(C),Less Than 8 ft.,1,-9,12,1,0,20181127,MIA,ATL,21800302444,16270,0,201949|201961|202355|203585|1626196,0,REG,2019,203473|1629027,-19.0,,,,,SG,Primary Ball Handler,0.23,
Shot Chart Detail,21800302,463,1626196,Josh Richardson,1610612748,Miami Heat,3,7,27,Missed Shot,Jump Shot,3PT Field Goal,Above the Break 3,Left Side Center(LC),24+ ft.,26,-153,214,1,0,20181127,MIA,ATL,21800302463,17130,0,201949|201961|202355|203585|1626196,0,REG,2019,1627752,-17.0,SF,Wing Stopper,-0.73,MISS Richardson 26' 3PT Jump Shot,SG,Primary Ball Handler,0.23,
Shot Chart Detail,21800302,511,1626196,Josh Richardson,1610612748,Miami Heat,3,4,55,Made Shot,Jump Shot,3PT Field Goal,Above the Break 3,Left Side Center(LC),24+ ft.,25,-166,191,1,1,20181127,MIA,ATL,21800302511,18650,0,2548|201949|201961|202355|1626196,0,REG,2019,1627761,-9.0,SG,Wing Stopper,0.26,Richardson 25' 3PT Jump Shot (12 PTS),SG,Primary Ball Handler,0.23,
Shot Chart Detail,21800302,518,1626196,Josh Richardson,1610612748,Miami Heat,3,4,19,Missed Shot,Driving Layup Shot,2PT Field Goal,Restricted Area,Center(C),Less Than 8 ft.,1,11,11,1,0,20181127,MIA,ATL,21800302518,19010,0,2548|201949|201961|202355|1626196,0,REG,2019,203458,-11.0,C,Anchor Big,0.28,MISS Richardson 2' Driving Layup,SG,Primary Ball Handler,0.23,
Shot Chart Detail,21800302,635,1626196,Josh Richardson,1610612748,Miami Heat,4,8,38,Made Shot,Jump Shot,3PT Field Goal,Above the Break 3,Right Side Center(RC),24+ ft.,24,120,214,1,1,20181127,MIA,ATL,21800302635,23620,0,2548|203482|203585|1626159|1626196,1,REG,2019,1627752,-10.0,SF,Wing Stopper,-0.73,Richardson 25' 3PT Jump Shot (16 PTS) (Wade 3 AST),SG,Primary Ball Handler,0.23,2548.0
Shot Chart Detail,21800302,690,1626196,Josh Richardson,1610612748,Miami Heat,4,5,4,Made Shot,Driving Layup Shot,2PT Field Goal,Restricted Area,Center(C),Less Than 8 ft.,1,5,11,1,1,20181127,MIA,ATL,21800302690,25760,0,201961|203482|203585|1626159|1626196,0,REG,2019,203458,1.0,C,Anchor Big,0.28,Richardson 1' Driving Layup (20 PTS),SG,Primary Ball Handler,0.23,
Shot Chart Detail,21800302,712,1626196,Josh Richardson,1610612748,Miami Heat,4,3,36,Missed Shot,Jump Shot,3PT Field Goal,Above the Break 3,Left Side Center(LC),24+ ft.,26,-145,218,1,0,20181127,MIA,ATL,21800302712,26640,0,201961|203482|203585|1626159|1626196,0,REG,2019,203473,-1.0,C,Anchor Big,1.59,MISS Richardson 26' 3PT Jump Shot,SG,Primary Ball Handler,0.23,
Shot Chart Detail,21800302,719,1626196,Josh Richardson,1610612748,Miami Heat,4,3,24,Missed Shot,Driving Layup Shot,2PT Field Goal,Restricted Area,Center(C),Less Than 8 ft.,1,-3,12,1,0,20181127,MIA,ATL,21800302719,26760,0,2548|201961|203482|203585|1626196,0,REG,2019,203145,-1.0,SG,Wing Stopper,-0.13,MISS Richardson 1' Driving Layup,SG,Primary Ball Handler,0.23,
Shot Chart Detail,21800302,727,1626196,Josh Richardson,1610612748,Miami Heat,4,2,28,Missed Shot,Step Back Jump shot,3PT Field Goal,Above the Break 3,Center(C),24+ ft.,24,53,243,1,0,20181127,MIA,ATL,21800302727,27320,0,2548|201961|203482|203585|1626196,0,REG,2019,203473,-3.0,C,Anchor Big,1.59,MISS Richardson 25' 3PT Step Back Jump Shot,SG,Primary Ball Handler,0.23,
Shot Chart Detail,21800302,761,1626196,Josh Richardson,1610612748,Miami Heat,4,0,25,Made Shot,Layup Shot,2PT Field Goal,Restricted Area,Center(C),Less Than 8 ft.,0,5,8,1,1,20181127,MIA,ATL,21800302761,28550,0,2548|203482|1626159|1626196|1628389,0,REG,2019,1629027,-1.0,PG,Point of Attack,-2.38,Richardson 1' Layup (22 PTS),SG,Primary Ball Handler,0.23,
Shot Chart Detail,21800302,781,1626196,Josh Richardson,1610612748,Miami Heat,4,0,1,Missed Shot,Jump Shot,3PT Field Goal,Above the Break 3,Right Side Center(RC),24+ ft.,25,122,226,1,0,20181127,MIA,ATL,21800302781,28790,0,2548|201961|203482|203585|1626196,0,REG,2019,1627752,-2.0,SF,Wing Stopper,-0.73,MISS Richardson 26' 3PT Jump Shot,SG,Primary Ball Handler,0.23,
Shot Chart Detail,21800324,23,1626196,Josh Richardson,1610612748,Miami Heat,1,10,25,Missed Shot,Pullup Jump shot,2PT Field Goal,Mid-Range,Left Side Center(LC),16-24 ft.,17,-93,153,1,0,20181130,MIA,NOP,2180032423,950,0,201949|201961|202355|203585|1626196,0,REG,2019,201950,3.0,SG,Point of Attack,-0.08,MISS Richardson 18' Pullup Jump Shot,SG,Primary Ball Handler,0.23,
Shot Chart Detail,21800324,28,1626196,Josh Richardson,1610612748,Miami Heat,1,10,2,Made Shot,Driving Hook Shot,2PT Field Goal,Restricted Area,Center(C),Less Than 8 ft.,3,-6,34,1,1,20181130,MIA,NOP,2180032428,1180,0,201949|201961|202355|203585|1626196,0,REG,2019,203076,5.0,C,Anchor Big,2.35,Richardson 3' Driving Hook Shot (2 PTS),SG,Primary Ball Handler,0.23,
Shot Chart Detail,21800324,49,1626196,Josh Richardson,1610612748,Miami Heat,1,7,35,Missed Shot,Jump Shot,3PT Field Goal,Above the Break 3,Left Side Center(LC),24+ ft.,25,-103,234,1,0,20181130,MIA,NOP,2180032449,2650,0,201949|201961|202355|203585|1626196,0,REG,2019,201950,5.0,SG,Point of Attack,-0.08,MISS Richardson 26' 3PT Jump Shot,SG,Primary Ball Handler,0.23,
Shot Chart Detail,21800324,53,1626196,Josh Richardson,1610612748,Miami Heat,1,7,12,Missed Shot,Hook Shot,2PT Field Goal,In The Paint (Non-RA),Center(C),Less Than 8 ft.,6,55,26,1,0,20181130,MIA,NOP,2180032453,2880,0,201949|201961|202355|203585|1626196,0,REG,2019,203076,3.0,C,Anchor Big,2.35,MISS Richardson 6' Hook Shot,SG,Primary Ball Handler,0.23,
Shot Chart Detail,21800324,73,1626196,Josh Richardson,1610612748,Miami Heat,1,5,42,Made Shot,Jump Bank Shot,2PT Field Goal,Mid-Range,Left Side(L),8-16 ft.,13,-113,75,1,1,20181130,MIA,NOP,2180032473,3780,0,2548|201949|201961|202355|1626196,1,REG,2019,204025,5.0,PG,Point of Attack,-0.71,Richardson 14' Jump Bank Shot (4 PTS) (Wade 1 AST),SG,Primary Ball Handler,0.23,2548.0
Shot Chart Detail,21800324,88,1626196,Josh Richardson,1610612748,Miami Heat,1,4,40,Made Shot,Jump Shot,3PT Field Goal,Above the Break 3,Right Side Center(RC),24+ ft.,26,196,183,1,1,20181130,MIA,NOP,2180032488,4400,0,2548|201949|201961|202355|1626196,1,REG,2019,203121|203944,6.0,,,,,SG,Primary Ball Handler,0.23,201949.0
Shot Chart Detail,21800324,92,1626196,Josh Richardson,1610612748,Miami Heat,1,4,15,Missed Shot,Jump Shot,3PT Field Goal,Above the Break 3,Right Side Center(RC),24+ ft.,27,163,219,1,0,20181130,MIA,NOP,2180032492,4650,0,2548|201949|201961|202355|1626196,0,REG,2019,201950,4.0,SG,Point of Attack,-0.08,MISS Richardson 27' 3PT Jump Shot,SG,Primary Ball Handler,0.23,
Shot Chart Detail,21800324,96,1626196,Josh Richardson,1610612748,Miami Heat,1,3,59,Made Shot,Running Layup Shot,2PT Field Goal,Restricted Area,Center(C),Less Than 8 ft.,3,-20,25,1,1,20181130,MIA,NOP,2180032496,4810,0,2548|201949|201961|202355|1626196,1,REG,2019,,,,,,,SG,Primary Ball Handler,0.23,201949.0
Shot Chart Detail,21800324,109,1626196,Josh Richardson,1610612748,Miami Heat,1,3,10,Made Shot,Jump Shot,3PT Field Goal,Above the Break 3,Right Side Center(RC),24+ ft.,26,150,215,1,1,20181130,MIA,NOP,21800324109,5300,0,2548|201961|203482|1626196|1628389,0,REG,2019,203076,12.0,C,Anchor Big,2.35,Richardson 26' 3PT Jump Shot (12 PTS),SG,Primary Ball Handler,0.23,
Shot Chart Detail,21800324,223,1626196,Josh Richardson,1610612748,Miami Heat,2,7,20,Made Shot,Turnaround Jump Shot,2PT Field Goal,Mid-Range,Right Side(R),8-16 ft.,12,119,36,1,1,20181130,MIA,NOP,21800324223,10000,0,201961|203482|1626159|1626196|1628389,0,REG,2019,203546,29.0,SG,Chaser,-1.7,Richardson 12' Turnaround Jump Shot (14 PTS),SG,Primary Ball Handler,0.23,
Shot Chart Detail,21800324,235,1626196,Josh Richardson,1610612748,Miami Heat,2,6,25,Missed Shot,Driving Finger Roll Layup Shot,2PT Field Goal,In The Paint (Non-RA),Center(C),Less Than 8 ft.,4,-33,29,1,0,20181130,MIA,NOP,21800324235,10550,0,201961|202355|203482|1626159|1626196,0,REG,2019,203076,29.0,C,Anchor Big,2.35,MISS Richardson 4' Driving Finger Roll Layup,SG,Primary Ball Handler,0.23,
Shot Chart Detail,21800324,248,1626196,Josh Richardson,1610612748,Miami Heat,2,5,7,Missed Shot,Jump Shot,2PT Field Goal,Mid-Range,Center(C),8-16 ft.,15,-6,151,1,0,20181130,MIA,NOP,21800324248,11330,0,201961|202355|203482|1626159|1626196,0,REG,2019,201950,29.0,SG,Point of Attack,-0.08,MISS Richardson 15' Jump Shot,SG,Primary Ball Handler,0.23,
Shot Chart Detail,21800324,280,1626196,Josh Richardson,1610612748,Miami Heat,2,2,56,Made Shot,Jump Shot,3PT Field Goal,Above the Break 3,Right Side Center(RC),24+ ft.,27,153,224,1,1,20181130,MIA,NOP,21800324280,12640,0,201949|201961|202355|203585|1626196,1,REG,2019,204025,31.0,PG,Point of Attack,-0.71,Richardson 27' 3PT Jump Shot (17 PTS) (Whiteside 1 AST),SG,Primary Ball Handler,0.23,202355.0
Shot Chart Detail,21800324,315,1626196,Josh Richardson,1610612748,Miami Heat,2,0,48,Missed Shot,Jump Shot,3PT Field Goal,Above the Break 3,Right Side Center(RC),24+ ft.,25,159,204,1,0,20181130,MIA,NOP,21800324315,13920,0,2548|201961|202355|203482|1626196,0,REG,2019,201950,22.0,SG,Point of Attack,-0.08,MISS Richardson 26' 3PT Jump Shot,SG,Primary Ball Handler,0.23,
Shot Chart Detail,21800324,392,1626196,Josh Richardson,1610612748,Miami Heat,3,8,23,Missed Shot,Driving Layup Shot,2PT Field Goal,In The Paint (Non-RA),Center(C),Less Than 8 ft.,5,13,54,1,0,20181130,MIA,NOP,21800324392,16570,0,201949|201961|202355|203585|1626196,0,REG,2019,201950,14.0,SG,Point of Attack,-0.08,MISS Richardson 6' Driving Layup,SG,Primary Ball Handler,0.23,
Shot Chart Detail,21800324,437,1626196,Josh Richardson,1610612748,Miami Heat,3,5,46,Missed Shot,Jump Shot,2PT Field Goal,Mid-Range,Center(C),16-24 ft.,23,-11,235,1,0,20181130,MIA,NOP,21800324437,18140,0,2548|201949|201961|1626196|1628389,0,REG,2019,203076,13.0,C,Anchor Big,2.35,MISS Richardson 24' Jump Shot,SG,Primary Ball Handler,0.23,
Shot Chart Detail,21800324,439,1626196,Josh Richardson,1610612748,Miami Heat,3,5,41,Missed Shot,Jump Shot,3PT Field Goal,Above the Break 3,Center(C),24+ ft.,26,71,256,1,0,20181130,MIA,NOP,21800324439,18190,0,2548|201949|201961|1626196|1628389,0,REG,2019,203944,13.0,PF,Helper,-0.8,MISS Richardson 27' 3PT Jump Shot,SG,Primary Ball Handler,0.23,
Shot Chart Detail,21800324,585,1626196,Josh Richardson,1610612748,Miami Heat,4,6,35,Missed Shot,Jump Shot,3PT Field Goal,Above the Break 3,Left Side Center(LC),24+ ft.,28,-105,265,1,0,20181130,MIA,NOP,21800324585,24850,0,201961|203482|1626159|1626196|1628389,0,REG,2019,201950,6.0,SG,Point of Attack,-0.08,MISS Richardson 29' 3PT Jump Shot,SG,Primary Ball Handler,0.23,
Shot Chart Detail,21800324,623,1626196,Josh Richardson,1610612748,Miami Heat,4,3,51,Missed Shot,Jump Shot,3PT Field Goal,Above the Break 3,Left Side Center(LC),24+ ft.,26,-208,168,1,0,20181130,MIA,NOP,21800324623,26490,0,201961|203482|1626159|1626196|1628389,0,REG,2019,201950,9.0,SG,Point of Attack,-0.08,MISS Richardson 27' 3PT Jump Shot,SG,Primary Ball Handler,0.23,
Shot Chart Detail,21800324,629,1626196,Josh Richardson,1610612748,Miami Heat,4,3,38,Missed Shot,Turnaround Fadeaway shot,2PT Field Goal,In The Paint (Non-RA),Center(C),8-16 ft.,10,-47,91,1,0,20181130,MIA,NOP,21800324629,26620,0,201961|203482|1626159|1626196|1628389,0,REG,2019,202703,9.0,PF,Helper,-0.58,MISS Richardson 10' Turnaround Fadeaway Shot,SG,Primary Ball Handler,0.23,
Shot Chart Detail,21800324,638,1626196,Josh Richardson,1610612748,Miami Heat,4,3,18,Missed Shot,Jump Shot,3PT Field Goal,Above the Break 3,Left Side Center(LC),24+ ft.,26,-185,191,1,0,20181130,MIA,NOP,21800324638,26820,0,2548|201961|1626159|1626196|1628389,0,REG,2019,201950,8.0,SG,Point of Attack,-0.08,MISS Richardson 27' 3PT Jump Shot,SG,Primary Ball Handler,0.23,
Shot Chart Detail,21800324,676,1626196,Josh Richardson,1610612748,Miami Heat,4,0,26,Made Shot,Driving Bank Hook Shot,2PT Field Goal,In The Paint (Non-RA),Left Side(L),8-16 ft.,8,-72,45,1,1,20181130,MIA,NOP,21800324676,28540,0,2548|203585|1626159|1626196|1628389,0,REG,2019,203944,5.0,PF,Helper,-0.8,Richardson 8' Driving Bank Hook Shot (20 PTS),SG,Primary Ball Handler,0.23,
Shot Chart Detail,21800339,41,1626196,Josh Richardson,1610612748,Miami Heat,1,9,23,Missed Shot,Hook Shot,2PT Field Goal,Mid-Range,Left Side(L),8-16 ft.,10,-90,61,1,0,20181202,MIA,UTA,2180033941,1570,0,201949|201961|202355|203585|1626196,0,REG,2019,201937,-6.0,PG,Point of Attack,0.79,MISS Richardson 11' Hook Shot,SG,Primary Ball Handler,0.23,
Shot Chart Detail,21800339,109,1626196,Josh Richardson,1610612748,Miami Heat,1,5,1,Made Shot,Driving Reverse Layup Shot,2PT Field Goal,Restricted Area,Center(C),Less Than 8 ft.,1,-8,8,1,1,20181202,MIA,UTA,21800339109,4190,0,2548|203482|1626159|1626196|1628389,0,REG,2019,201937,-8.0,PG,Point of Attack,0.79,Richardson 1' Driving Reverse Layup (5 PTS),SG,Primary Ball Handler,0.23,
Shot Chart Detail,21800339,230,1626196,Josh Richardson,1610612748,Miami Heat,2,7,52,Missed Shot,Jump Shot,2PT Field Goal,Mid-Range,Left Side(L),8-16 ft.,14,-147,4,1,0,20181202,MIA,UTA,21800339230,9680,0,201961|202355|203482|1626159|1626196,0,REG,2019,204060,0.0,PF,Wing Stopper,1.17,MISS Richardson 15' Jump Shot,SG,Primary Ball Handler,0.23,
Shot Chart Detail,21800339,237,1626196,Josh Richardson,1610612748,Miami Heat,2,7,19,Missed Shot,Jump Shot,2PT Field Goal,Mid-Range,Center(C),8-16 ft.,14,15,144,1,0,20181202,MIA,UTA,21800339237,10010,0,201961|202355|203482|1626159|1626196,0,REG,2019,201937,1.0,PG,Point of Attack,0.79,MISS Richardson 14' Jump Shot,SG,Primary Ball Handler,0.23,
Shot Chart Detail,21800339,253,1626196,Josh Richardson,1610612748,Miami Heat,2,6,6,Missed Shot,Jump Shot,3PT Field Goal,Above the Break 3,Left Side Center(LC),24+ ft.,24,-158,191,1,0,20181202,MIA,UTA,21800339253,10740,0,201949|201961|202355|1626159|1626196,0,REG,2019,203497,1.0,C,Anchor Big,3.51,MISS Richardson 25' 3PT Jump Shot,SG,Primary Ball Handler,0.23,
Shot Chart Detail,21800339,295,1626196,Josh Richardson,1610612748,Miami Heat,2,3,17,Missed Shot,Jump Shot,3PT Field Goal,Above the Break 3,Right Side Center(RC),24+ ft.,24,174,173,1,0,20181202,MIA,UTA,21800339295,12430,0,2548|201949|201961|202355|1626196,0,REG,2019,201937,0.0,PG,Point of Attack,0.79,MISS Richardson 25' 3PT Jump Shot,SG,Primary Ball Handler,0.23,
Shot Chart Detail,21800339,325,1626196,Josh Richardson,1610612748,Miami Heat,2,0,31,Made Shot,Driving Dunk Shot,2PT Field Goal,Restricted Area,Center(C),Less Than 8 ft.,1,-12,7,1,1,20181202,MIA,UTA,21800339325,14090,0,2548|201949|201961|202355|1626196,0,REG,2019,203497,,C,Anchor Big,3.51,Richardson 1' Driving Dunk (10 PTS),SG,Primary Ball Handler,0.23,
Shot Chart Detail,21800339,327,1626196,Josh Richardson,1610612748,Miami Heat,2,0,2,Missed Shot,Driving Layup Shot,2PT Field Goal,Restricted Area,Center(C),Less Than 8 ft.,0,6,5,1,0,20181202,MIA,UTA,21800339327,14380,0,2548|201949|201961|202355|1626196,0,REG,2019,201937,-2.0,PG,Point of Attack,0.79,MISS Richardson 1' Driving Layup,SG,Primary Ball Handler,0.23,
Shot Chart Detail,21800339,369,1626196,Josh Richardson,1610612748,Miami Heat,3,8,13,Missed Shot,Jump Shot,3PT Field Goal,Above the Break 3,Left Side Center(LC),24+ ft.,27,-152,227,1,0,20181202,MIA,UTA,21800339369,16670,0,201949|201961|202355|1626159|1626196,0,REG,2019,201937,1.0,PG,Point of Attack,0.79,MISS Richardson 27' 3PT Jump Shot,SG,Primary Ball Handler,0.23,
Shot Chart Detail,21800339,383,1626196,Josh Richardson,1610612748,Miami Heat,3,7,12,Missed Shot,Jump Bank Shot,2PT Field Goal,In The Paint (Non-RA),Center(C),Less Than 8 ft.,6,52,31,1,0,20181202,MIA,UTA,21800339383,17280,0,201949|201961|202355|1626159|1626196,0,REG,2019,201937,1.0,PG,Point of Attack,0.79,MISS Richardson 6' Jump Bank Shot,SG,Primary Ball Handler,0.23,
Shot Chart Detail,21800339,475,1626196,Josh Richardson,1610612748,Miami Heat,3,0,41,Missed Shot,Hook Shot,2PT Field Goal,In The Paint (Non-RA),Center(C),Less Than 8 ft.,6,38,57,1,0,20181202,MIA,UTA,21800339475,21190,0,2548|203482|1626159|1626196|1628389,0,REG,2019,203957,0.0,PG,Point of Attack,-0.46,MISS Richardson 7' Hook Shot,SG,Primary Ball Handler,0.23,
Shot Chart Detail,21800339,481,1626196,Josh Richardson,1610612748,Miami Heat,3,0,28,Made Shot,Jump Shot,3PT Field Goal,Left Corner 3,Left Side(L),24+ ft.,23,-226,47,1,1,20181202,MIA,UTA,21800339481,21320,0,2548|203482|1626159|1626196|1628389,1,REG,2019,203957,5.0,PG,Point of Attack,-0.46,Richardson 3PT Jump Shot (13 PTS) (Wade 5 AST),SG,Primary Ball Handler,0.23,2548.0
Shot Chart Detail,21800339,491,1626196,Josh Richardson,1610612748,Miami Heat,4,11,39,Missed Shot,Step Back Jump shot,2PT Field Goal,Mid-Range,Left Side Center(LC),16-24 ft.,17,-79,153,1,0,20181202,MIA,UTA,21800339491,21810,0,2548|203482|1626159|1626196|1628389,0,REG,2019,1628378,3.0,SG,Chaser,0.18,MISS Richardson 17' Step Back Jump Shot,SG,Primary Ball Handler,0.23,
Shot Chart Detail,21800339,527,1626196,Josh Richardson,1610612748,Miami Heat,4,8,42,Missed Shot,Jump Shot,3PT Field Goal,Above the Break 3,Right Side Center(RC),24+ ft.,25,141,216,1,0,20181202,MIA,UTA,21800339527,23580,0,2548|202355|203482|1626159|1626196,0,REG,2019,2594,3.0,SG-PF,Low Activity,-0.37,MISS Richardson 26' 3PT Jump Shot,SG,Primary Ball Handler,0.23,
Shot Chart Detail,21800339,549,1626196,Josh Richardson,1610612748,Miami Heat,4,7,37,Missed Shot,Jump Shot,2PT Field Goal,In The Paint (Non-RA),Center(C),8-16 ft.,12,44,117,1,0,20181202,MIA,UTA,21800339549,24230,0,2548|201961|202355|203482|1626196,0,REG,2019,201937,3.0,PG,Point of Attack,0.79,MISS Richardson 13' Jump Shot,SG,Primary Ball Handler,0.23,
Shot Chart Detail,21800339,596,1626196,Josh Richardson,1610612748,Miami Heat,4,4,49,Made Shot,Step Back Jump shot,3PT Field Goal,Left Corner 3,Left Side(L),24+ ft.,23,-228,42,1,1,20181202,MIA,UTA,21800339596,25910,0,2548|201961|202355|203482|1626196,0,REG,2019,203497,0.0,C,Anchor Big,3.51,Richardson 3PT Step Back Jump Shot (16 PTS),SG,Primary Ball Handler,0.23,
Shot Chart Detail,21800351,35,1626196,Josh Richardson,1610612748,Miami Heat,1,8,15,Missed Shot,Driving Layup Shot,2PT Field Goal,Restricted Area,Center(C),Less Than 8 ft.,2,-18,13,1,0,20181204,MIA,ORL,2180035135,2250,0,201949|201961|202355|203585|1626196,0,REG,2019,,,,,,,SG,Primary Ball Handler,0.23,
Shot Chart Detail,21800351,53,1626196,Josh Richardson,1610612748,Miami Heat,1,7,1,Missed Shot,Jump Shot,2PT Field Goal,Mid-Range,Left Side Center(LC),16-24 ft.,22,-81,213,1,0,20181204,MIA,ORL,2180035153,2990,0,201949|201961|202355|203585|1626196,0,REG,2019,203932,2.0,PF,Wing Stopper,0.86,MISS Richardson 23' Jump Shot,SG,Primary Ball Handler,0.23,
Shot Chart Detail,21800351,257,1626196,Josh Richardson,1610612748,Miami Heat,2,4,14,Missed Shot,Jump Shot,3PT Field Goal,Above the Break 3,Left Side Center(LC),24+ ft.,24,-179,172,1,0,20181204,MIA,ORL,21800351257,11860,0,202355|203482|203585|1626159|1626196,0,REG,2019,203613,5.0,SG-SF,Wing Stopper,-0.27,MISS Richardson 25' 3PT Jump Shot,SG,Primary Ball Handler,0.23,
Shot Chart Detail,21800351,292,1626196,Josh Richardson,1610612748,Miami Heat,2,2,11,Missed Shot,Jump Shot,3PT Field Goal,Left Corner 3,Left Side(L),24+ ft.,22,-227,15,1,0,20181204,MIA,ORL,21800351292,13090,0,201949|202355|203585|1626159|1626196,0,REG,2019,203082,5.0,SG,Low Activity,-0.5,MISS Richardson 3PT Jump Shot,SG,Primary Ball Handler,0.23,
Shot Chart Detail,21800351,325,1626196,Josh Richardson,1610612748,Miami Heat,3,10,51,Missed Shot,Jump Shot,3PT Field Goal,Above the Break 3,Left Side Center(LC),24+ ft.,26,-209,155,1,0,20181204,MIA,ORL,21800351325,15090,0,201949|201961|202355|203585|1626196,0,REG,2019,203613,6.0,SG-SF,Wing Stopper,-0.27,MISS Richardson 26' 3PT Jump Shot,SG,Primary Ball Handler,0.23,
Shot Chart Detail,21800351,345,1626196,Josh Richardson,1610612748,Miami Heat,3,8,43,Missed Shot,Driving Layup Shot,2PT Field Goal,Restricted Area,Center(C),Less Than 8 ft.,1,14,12,1,0,20181204,MIA,ORL,21800351345,16370,0,201949|201961|202355|203585|1626196,0,REG,2019,203613,5.0,SG-SF,Wing Stopper,-0.27,MISS Richardson 2' Driving Layup,SG,Primary Ball Handler,0.23,
Shot Chart Detail,21800351,361,1626196,Josh Richardson,1610612748,Miami Heat,3,7,6,Missed Shot,Cutting Layup Shot,2PT Field Goal,Restricted Area,Center(C),Less Than 8 ft.,3,-32,18,1,0,20181204,MIA,ORL,21800351361,17340,0,201949|201961|202355|203585|1626196,0,REG,2019,203095,0.0,SG,Wing Stopper,0.06,MISS Richardson 4' Cutting Layup Shot,SG,Primary Ball Handler,0.23,
Shot Chart Detail,21800351,363,1626196,Josh Richardson,1610612748,Miami Heat,3,7,5,Missed Shot,Putback Layup Shot,2PT Field Goal,Restricted Area,Center(C),Less Than 8 ft.,2,-2,21,1,0,20181204,MIA,ORL,21800351363,17350,0,201949|201961|202355|203585|1626196,0,REG,2019,202696,0.0,C,Anchor Big,1.81,MISS Richardson 2' Putback Layup,SG,Primary Ball Handler,0.23,
Shot Chart Detail,21800351,365,1626196,Josh Richardson,1610612748,Miami Heat,3,7,2,Made Shot,Tip Layup Shot,2PT Field Goal,Restricted Area,Center(C),Less Than 8 ft.,0,0,-6,1,1,20181204,MIA,ORL,21800351365,17380,0,201949|201961|202355|203585|1626196,0,REG,2019,203095|202696,2.0,,,,,SG,Primary Ball Handler,0.23,
Shot Chart Detail,21800351,400,1626196,Josh Richardson,1610612748,Miami Heat,3,4,39,Made Shot,Jump Shot,3PT Field Goal,Left Corner 3,Left Side(L),24+ ft.,22,-225,44,1,1,20181204,MIA,ORL,21800351400,18810,0,2548|201949|201961|202355|1626196,1,REG,2019,203932,0.0,PF,Wing Stopper,0.86,Richardson 3PT Jump Shot (6 PTS) (Wade 2 AST),SG,Primary Ball Handler,0.23,2548.0
Shot Chart Detail,21800351,403,1626196,Josh Richardson,1610612748,Miami Heat,3,3,42,Missed Shot,Jump Shot,3PT Field Goal,Above the Break 3,Right Side Center(RC),24+ ft.,25,209,142,1,0,20181204,MIA,ORL,21800351403,19380,0,2548|201949|201961|202355|1626196,0,REG,2019,203082,-2.0,SG,Low Activity,-0.5,MISS Richardson 25' 3PT Jump Shot,SG,Primary Ball Handler,0.23,
Shot Chart Detail,21800351,513,1626196,Josh Richardson,1610612748,Miami Heat,4,6,30,Missed Shot,Jump Shot,3PT Field Goal,Above the Break 3,Left Side Center(LC),24+ ft.,25,-176,191,1,0,20181204,MIA,ORL,21800351513,24900,0,2548|203482|1626159|1626196|1628389,0,REG,2019,1626170,-8.0,PG,Point of Attack,0.02,MISS Richardson 26' 3PT Jump Shot,SG,Primary Ball Handler,0.23,
Shot Chart Detail,21800351,553,1626196,Josh Richardson,1610612748,Miami Heat,4,3,13,Missed Shot,Jump Shot,2PT Field Goal,Mid-Range,Center(C),16-24 ft.,20,-12,201,1,0,20181204,MIA,ORL,21800351553,26870,0,203482|203585|1626159|1626196|1628389,0,REG,2019,1628371,-8.0,PF,Helper,1.74,MISS Richardson 20' Jump Shot,SG,Primary Ball Handler,0.23,
Shot Chart Detail,21800351,581,1626196,Josh Richardson,1610612748,Miami Heat,4,1,45,Missed Shot,Jump Shot,3PT Field Goal,Above the Break 3,Right Side Center(RC),24+ ft.,24,184,164,1,0,20181204,MIA,ORL,21800351581,27750,0,2548|203482|1626159|1626196|1628389,0,REG,2019,201571,-10.0,PG,Point of Attack,-0.3,MISS Richardson 25' 3PT Jump Shot,SG,Primary Ball Handler,0.23,
Shot Chart Detail,21800376,9,1626196,Josh Richardson,1610612748,Miami Heat,1,11,25,Made Shot,Jump Shot,3PT Field Goal,Right Corner 3,Right Side(R),24+ ft.,22,224,-4,1,1,20181207,PHX,MIA,218003769,350,0,201609|201949|203585|1626196|1628389,1,REG,2019,2772,-0.0,SF,Wing Stopper,-0.72,Richardson 3PT Jump Shot (3 PTS) (Dragic 1 AST),SG,Primary Ball Handler,0.23,201609.0
Shot Chart Detail,21800376,18,1626196,Josh Richardson,1610612748,Miami Heat,1,10,31,Missed Shot,Pullup Jump shot,3PT Field Goal,Above the Break 3,Center(C),24+ ft.,25,-27,255,1,0,20181207,PHX,MIA,2180037618,890,0,201609|201949|203585|1626196|1628389,0,REG,2019,1629028,-3.0,C,Anchor Big,0.2,MISS Richardson 26' 3PT Pullup Jump Shot,SG,Primary Ball Handler,0.23,
Shot Chart Detail,21800376,59,1626196,Josh Richardson,1610612748,Miami Heat,1,7,11,Made Shot,Step Back Jump shot,2PT Field Goal,Mid-Range,Left Side(L),16-24 ft.,20,-205,-11,1,1,20181207,PHX,MIA,2180037659,2890,0,201609|201949|203585|1626196|1628389,0,REG,2019,1629028,1.0,C,Anchor Big,0.2,Richardson 21' Step Back Jump Shot (5 PTS),SG,Primary Ball Handler,0.23,
Shot Chart Detail,21800376,202,1626196,Josh Richardson,1610612748,Miami Heat,2,10,0,Missed Shot,Turnaround Fadeaway shot,2PT Field Goal,In The Paint (Non-RA),Center(C),Less Than 8 ft.,6,9,68,1,0,20181207,PHX,MIA,21800376202,8400,0,2548|204020|1626159|1626196|1628389,0,REG,2019,1629059,-2.0,PG,Point of Attack,-0.96,MISS Richardson 7' Turnaround Fadeaway Shot,SG,Primary Ball Handler,0.23,
Shot Chart Detail,21800376,245,1626196,Josh Richardson,1610612748,Miami Heat,2,6,23,Missed Shot,Running Pull-Up Jump Shot,3PT Field Goal,Above the Break 3,Center(C),24+ ft.,24,-43,241,1,0,20181207,PHX,MIA,21800376245,10570,0,201609|203585|1626159|1626196|1628389,0,REG,2019,1629001,1.0,PG,Point of Attack,0.97,MISS Richardson 24' 3PT Running Pull-Up Jump Shot,SG,Primary Ball Handler,0.23,
Shot Chart Detail,21800376,401,1626196,Josh Richardson,1610612748,Miami Heat,3,4,38,Made Shot,Jump Shot,3PT Field Goal,Left Corner 3,Left Side(L),24+ ft.,23,-230,-3,1,1,20181207,PHX,MIA,21800376401,18820,0,2548|201949|203585|1626196|1628389,1,REG,2019,1628969,13.0,SF,Wing Stopper,-0.01,Richardson 3PT Jump Shot (8 PTS) (Adebayo 2 AST),SG,Primary Ball Handler,0.23,1628389.0
Shot Chart Detail,21800376,411,1626196,Josh Richardson,1610612748,Miami Heat,3,3,27,Missed Shot,Pullup Jump shot,2PT Field Goal,In The Paint (Non-RA),Right Side(R),8-16 ft.,13,67,115,1,0,20181207,PHX,MIA,21800376411,19530,0,2548|201949|203585|1626196|1628389,0,REG,2019,2772,16.0,SF,Wing Stopper,-0.72,MISS Richardson 13' Pullup Jump Shot,SG,Primary Ball Handler,0.23,
Shot Chart Detail,21800376,450,1626196,Josh Richardson,1610612748,Miami Heat,3,0,58,Missed Shot,Pullup Jump shot,2PT Field Goal,Mid-Range,Left Side(L),16-24 ft.,19,-183,79,1,0,20181207,PHX,MIA,21800376450,21020,0,2548|203482|204020|1626159|1626196,0,REG,2019,1626158,11.0,C,Anchor Big,0.42,MISS Richardson 20' Pullup Jump Shot,SG,Primary Ball Handler,0.23,
Shot Chart Detail,21800376,557,1626196,Josh Richardson,1610612748,Miami Heat,4,5,9,Missed Shot,Driving Hook Shot,2PT Field Goal,In The Paint (Non-RA),Center(C),Less Than 8 ft.,4,42,-8,1,0,20181207,PHX,MIA,21800376557,25710,0,203482|204020|1626159|1626196|1628389,0,REG,2019,1629028,19.0,C,Anchor Big,0.2,Ayton BLOCK (1 BLK),SG,Primary Ball Handler,0.23,
Shot Chart Detail,21800376,566,1626196,Josh Richardson,1610612748,Miami Heat,4,4,26,Missed Shot,Jump Shot,3PT Field Goal,Above the Break 3,Right Side Center(RC),24+ ft.,26,118,233,1,0,20181207,PHX,MIA,21800376566,26140,0,203482|204020|1626159|1626196|1628389,0,REG,2019,2772,19.0,SF,Wing Stopper,-0.72,MISS Richardson 26' 3PT Jump Shot,SG,Primary Ball Handler,0.23,
Shot Chart Detail,21800401,16,1626196,Josh Richardson,1610612748,Miami Heat,1,10,48,Missed Shot,Jump Shot,2PT Field Goal,In The Paint (Non-RA),Center(C),8-16 ft.,8,-25,79,1,0,20181210,LAL,MIA,2180040116,720,0,201609|201949|203585|1626196|1628389,0,REG,2019,1628404,-0.0,SG,Wing Stopper,0.34,Hart BLOCK (1 BLK),SG,Primary Ball Handler,0.23,
Shot Chart Detail,21800401,38,1626196,Josh Richardson,1610612748,Miami Heat,1,9,39,Made Shot,Driving Reverse Layup Shot,2PT Field Goal,Restricted Area,Center(C),Less Than 8 ft.,2,6,23,1,1,20181210,LAL,MIA,2180040138,1410,0,201609|201949|203585|1626196|1628389,1,REG,2019,201580,3.0,C,Anchor Big,1.29,Richardson 2' Driving Reverse Layup (2 PTS) (Adebayo 2 AST),SG,Primary Ball Handler,0.23,1628389.0
Shot Chart Detail,21800401,57,1626196,Josh Richardson,1610612748,Miami Heat,1,7,51,Missed Shot,Pullup Jump shot,2PT Field Goal,In The Paint (Non-RA),Center(C),8-16 ft.,13,-36,132,1,0,20181210,LAL,MIA,2180040157,2490,0,201609|201949|203585|1626196|1628389,0,REG,2019,201580|1628398,1.0,,,,,SG,Primary Ball Handler,0.23,
Shot Chart Detail,21800401,265,1626196,Josh Richardson,1610612748,Miami Heat,2,4,37,Missed Shot,Jump Shot,3PT Field Goal,Above the Break 3,Left Side Center(LC),24+ ft.,25,-230,105,1,0,20181210,LAL,MIA,21800401265,11630,0,201609|203482|1626159|1626196|1627884,0,REG,2019,203484,6.0,SG,Chaser,-1.12,MISS Richardson 25' 3PT Jump Shot,SG,Primary Ball Handler,0.23,
Shot Chart Detail,21800401,358,1626196,Josh Richardson,1610612748,Miami Heat,3,10,4,Missed Shot,Driving Layup Shot,2PT Field Goal,Restricted Area,Center(C),Less Than 8 ft.,1,-6,16,1,0,20181210,LAL,MIA,21800401358,15560,0,201609|201949|203585|1626196|1628389,0,REG,2019,1628404,-1.0,SG,Wing Stopper,0.34,McGee BLOCK (3 BLK),SG,Primary Ball Handler,0.23,
Shot Chart Detail,21800401,365,1626196,Josh Richardson,1610612748,Miami Heat,3,9,38,Missed Shot,Running Layup Shot,2PT Field Goal,Restricted Area,Center(C),Less Than 8 ft.,3,-2,30,1,0,20181210,LAL,MIA,21800401365,15820,0,201609|201949|203585|1626196|1628389,0,REG,2019,1628404,-1.0,SG,Wing Stopper,0.34,MISS Richardson 3' Running Layup,SG,Primary Ball Handler,0.23,
Shot Chart Detail,21800401,395,1626196,Josh Richardson,1610612748,Miami Heat,3,7,9,Missed Shot,Jump Shot,3PT Field Goal,Above the Break 3,Center(C),24+ ft.,26,33,260,1,0,20181210,LAL,MIA,21800401395,17310,0,201949|203585|1626159|1626196|1628389,0,REG,2019,1628404,2.0,SG,Wing Stopper,0.34,MISS Richardson 26' 3PT Jump Shot,SG,Primary Ball Handler,0.23,
Shot Chart Detail,21800401,405,1626196,Josh Richardson,1610612748,Miami Heat,3,6,15,Missed Shot,Cutting Layup Shot,2PT Field Goal,Restricted Area,Center(C),Less Than 8 ft.,2,-2,22,1,0,20181210,LAL,MIA,21800401405,17850,0,201949|203585|1626159|1626196|1628389,0,REG,2019,1628398,-2.0,PF,Helper,-0.96,MISS Richardson 2' Cutting Layup Shot,SG,Primary Ball Handler,0.23,
Shot Chart Detail,21800401,456,1626196,Josh Richardson,1610612748,Miami Heat,3,1,51,Made Shot,Jump Shot,3PT Field Goal,Above the Break 3,Left Side Center(LC),24+ ft.,25,-151,206,1,1,20181210,LAL,MIA,21800401456,20490,0,2548|203482|1626159|1626196|1627884,1,REG,2019,202362,-0.0,SG,Low Activity,-1.22,Richardson 26' 3PT Jump Shot (5 PTS) (Olynyk 2 AST),SG,Primary Ball Handler,0.23,203482.0
Shot Chart Detail,21800401,590,1626196,Josh Richardson,1610612748,Miami Heat,4,2,53,Made Shot,Fadeaway Jump Shot,3PT Field Goal,Above the Break 3,Center(C),24+ ft.,27,11,278,1,1,20181210,LAL,MIA,21800401590,27070,0,2548|1626159|1626196|1627884|1628389,1,REG,2019,2544,,SF,Helper,0.56,Richardson 28' 3PT Fadeaway Jumper (8 PTS) (Wade 10 AST),SG,Primary Ball Handler,0.23,2548.0
Shot Chart Detail,21800413,28,1626196,Josh Richardson,1610612748,Miami Heat,1,9,21,Missed Shot,Jump Shot,3PT Field Goal,Left Corner 3,Left Side(L),24+ ft.,22,-223,0,1,0,20181212,UTA,MIA,2180041328,1590,0,201949|203585|204020|1626196|1628389,0,REG,2019,204060,-7.0,PF,Wing Stopper,1.17,MISS Richardson 3PT Jump Shot,SG,Primary Ball Handler,0.23,
Shot Chart Detail,21800413,43,1626196,Josh Richardson,1610612748,Miami Heat,1,8,4,Missed Shot,Driving Layup Shot,2PT Field Goal,Restricted Area,Center(C),Less Than 8 ft.,3,30,5,1,0,20181212,UTA,MIA,2180041343,2360,0,201949|203585|204020|1626196|1628389,0,REG,2019,203497,-10.0,C,Anchor Big,3.51,MISS Richardson 3' Driving Layup,SG,Primary Ball Handler,0.23,
Shot Chart Detail,21800413,73,1626196,Josh Richardson,1610612748,Miami Heat,1,5,37,Made Shot,Jump Shot,3PT Field Goal,Above the Break 3,Left Side Center(LC),24+ ft.,24,-97,227,1,1,20181212,UTA,MIA,2180041373,3830,0,2548|203482|1626159|1626196|1628389,1,REG,2019,201937,-15.0,PG,Point of Attack,0.79,Richardson 25' 3PT Jump Shot (3 PTS) (Wade 1 AST),SG,Primary Ball Handler,0.23,2548.0
Shot Chart Detail,21800413,84,1626196,Josh Richardson,1610612748,Miami Heat,1,3,52,Missed Shot,Jump Shot,3PT Field Goal,Left Corner 3,Left Side(L),24+ ft.,22,-223,26,1,0,20181212,UTA,MIA,2180041384,4880,0,2548|203482|1626159|1626196|1628389,0,REG,2019,201937,-18.0,PG,Point of Attack,0.79,MISS Richardson 3PT Jump Shot,SG,Primary Ball Handler,0.23,
Shot Chart Detail,21800413,239,1626196,Josh Richardson,1610612748,Miami Heat,2,6,28,Made Shot,Pullup Jump shot,2PT Field Goal,Mid-Range,Left Side(L),16-24 ft.,21,-205,68,1,1,20181212,UTA,MIA,21800413239,10520,0,203585|204020|1626196|1627884|1628389,1,REG,2019,1628378,-27.0,SG,Chaser,0.18,Richardson 22' Pullup Jump Shot (5 PTS) (Adebayo 1 AST),SG,Primary Ball Handler,0.23,1628389.0
Shot Chart Detail,21800413,255,1626196,Josh Richardson,1610612748,Miami Heat,2,5,23,Made Shot,Pullup Jump shot,2PT Field Goal,Mid-Range,Center(C),16-24 ft.,17,-36,169,1,1,20181212,UTA,MIA,21800413255,11170,0,203585|204020|1626196|1627884|1628389,1,REG,2019,203497,-28.0,C,Anchor Big,3.51,Richardson 17' Pullup Jump Shot (7 PTS) (Adebayo 2 AST),SG,Primary Ball Handler,0.23,1628389.0
Shot Chart Detail,21800413,259,1626196,Josh Richardson,1610612748,Miami Heat,2,4,48,Made Shot,Pullup Jump shot,3PT Field Goal,Above the Break 3,Center(C),24+ ft.,24,-52,236,1,1,20181212,UTA,MIA,21800413259,11520,0,203585|204020|1626196|1627884|1628389,1,REG,2019,2594,-28.0,SG-PF,Low Activity,-0.37,Richardson 24' 3PT Pullup Jump Shot (10 PTS) (Adebayo 3 AST),SG,Primary Ball Handler,0.23,1628389.0
Shot Chart Detail,21800413,268,1626196,Josh Richardson,1610612748,Miami Heat,2,4,26,Missed Shot,Jump Shot,3PT Field Goal,Above the Break 3,Left Side Center(LC),24+ ft.,24,-135,201,1,0,20181212,UTA,MIA,21800413268,11740,0,201949|203585|204020|1626196|1628389,0,REG,2019,204060,-28.0,PF,Wing Stopper,1.17,MISS Richardson 24' 3PT Jump Shot,SG,Primary Ball Handler,0.23,
Shot Chart Detail,21800413,360,1626196,Josh Richardson,1610612748,Miami Heat,3,9,13,Missed Shot,Pullup Jump shot,2PT Field Goal,In The Paint (Non-RA),Center(C),8-16 ft.,13,-20,132,1,0,20181212,UTA,MIA,21800413360,16070,0,201949|203585|204020|1626196|1628389,0,REG,2019,1628378,-27.0,SG,Chaser,0.18,MISS Richardson 13' Pullup Jump Shot,SG,Primary Ball Handler,0.23,
Shot Chart Detail,21800413,367,1626196,Josh Richardson,1610612748,Miami Heat,3,8,53,Missed Shot,Jump Shot,3PT Field Goal,Above the Break 3,Center(C),24+ ft.,25,-61,247,1,0,20181212,UTA,MIA,21800413367,16270,0,201949|203585|204020|1626196|1628389,0,REG,2019,204060,-30.0,PF,Wing Stopper,1.17,MISS Richardson 25' 3PT Jump Shot,SG,Primary Ball Handler,0.23,
Shot Chart Detail,21800413,387,1626196,Josh Richardson,1610612748,Miami Heat,3,7,7,Missed Shot,Driving Layup Shot,2PT Field Goal,Restricted Area,Center(C),Less Than 8 ft.,3,26,16,1,0,20181212,UTA,MIA,21800413387,17330,0,201949|203585|204020|1626196|1628389,0,REG,2019,1628378,-30.0,SG,Chaser,0.18,MISS Richardson 3' Driving Layup,SG,Primary Ball Handler,0.23,
Shot Chart Detail,21800425,7,1626196,Josh Richardson,1610612748,Miami Heat,1,11,42,Missed Shot,Jump Shot,3PT Field Goal,Above the Break 3,Left Side Center(LC),24+ ft.,26,-169,201,1,0,20181214,MEM,MIA,218004257,180,0,201949|202355|203585|1626159|1626196,0,REG,2019,203937,-0.0,SF,Wing Stopper,0.93,MISS Richardson 26' 3PT Jump Shot,SG,Primary Ball Handler,0.23,
Shot Chart Detail,21800425,113,1626196,Josh Richardson,1610612748,Miami Heat,1,3,16,Made Shot,Jump Shot,3PT Field Goal,Above the Break 3,Left Side Center(LC),24+ ft.,27,-115,249,1,1,20181214,MEM,MIA,21800425113,5240,0,203482|203585|204020|1626196|1628389,1,REG,2019,202705,-0.0,SG,Chaser,-1.25,Richardson 27' 3PT Jump Shot (3 PTS) (Adebayo 1 AST),SG,Primary Ball Handler,0.23,1628389.0
Shot Chart Detail,21800425,131,1626196,Josh Richardson,1610612748,Miami Heat,1,2,1,Missed Shot,Driving Layup Shot,2PT Field Goal,Restricted Area,Center(C),Less Than 8 ft.,0,5,2,1,0,20181214,MEM,MIA,21800425131,5990,0,203482|204020|1626196|1627884|1628389,0,REG,2019,1628991|1627782,-3.0,,,,,SG,Primary Ball Handler,0.23,
Shot Chart Detail,21800425,133,1626196,Josh Richardson,1610612748,Miami Heat,1,1,59,Made Shot,Putback Layup Shot,2PT Field Goal,In The Paint (Non-RA),Center(C),Less Than 8 ft.,4,24,32,1,1,20181214,MEM,MIA,21800425133,6010,0,203482|204020|1626196|1627884|1628389,0,REG,2019,1628991,-1.0,PF,Helper,1.03,Richardson 4' Putback Layup (6 PTS),SG,Primary Ball Handler,0.23,
Shot Chart Detail,21800425,238,1626196,Josh Richardson,1610612748,Miami Heat,2,6,9,Made Shot,Jump Shot,3PT Field Goal,Above the Break 3,Left Side Center(LC),24+ ft.,28,-110,264,1,1,20181214,MEM,MIA,21800425238,10710,0,201961|202355|203482|1626196|1627884,1,REG,2019,203937,9.0,SF,Wing Stopper,0.93,Richardson 29' 3PT Jump Shot (9 PTS) (Olynyk 1 AST),SG,Primary Ball Handler,0.23,203482.0
Shot Chart Detail,21800425,257,1626196,Josh Richardson,1610612748,Miami Heat,2,5,5,Missed Shot,Jump Shot,3PT Field Goal,Above the Break 3,Right Side Center(RC),24+ ft.,25,138,215,1,0,20181214,MEM,MIA,21800425257,11350,0,201961|202355|203482|203585|1626196,0,REG,2019,203937,9.0,SF,Wing Stopper,0.93,MISS Richardson 26' 3PT Jump Shot,SG,Primary Ball Handler,0.23,
Shot Chart Detail,21800425,298,1626196,Josh Richardson,1610612748,Miami Heat,2,2,28,Missed Shot,Jump Shot,3PT Field Goal,Above the Break 3,Right Side Center(RC),24+ ft.,25,178,183,1,0,20181214,MEM,MIA,21800425298,12920,0,201949|202355|203585|204020|1626196,0,REG,2019,1627782,7.0,SG,Helper,-0.96,MISS Richardson 26' 3PT Jump Shot,SG,Primary Ball Handler,0.23,
Shot Chart Detail,21800425,330,1626196,Josh Richardson,1610612748,Miami Heat,2,0,8,Missed Shot,Driving Layup Shot,2PT Field Goal,Restricted Area,Center(C),Less Than 8 ft.,2,-12,16,1,0,20181214,MEM,MIA,21800425330,14320,0,201949|203585|204020|1626196|1628389,0,REG,2019,203210|1627782,5.0,,,,,SG,Primary Ball Handler,0.23,
Shot Chart Detail,21800425,359,1626196,Josh Richardson,1610612748,Miami Heat,3,9,44,Made Shot,Pullup Jump shot,2PT Field Goal,In The Paint (Non-RA),Center(C),8-16 ft.,12,-21,119,1,1,20181214,MEM,MIA,21800425359,15760,0,201949|202355|203585|1626159|1626196,0,REG,2019,,,,,,,SG,Primary Ball Handler,0.23,
Shot Chart Detail,21800425,486,1626196,Josh Richardson,1610612748,Miami Heat,4,10,55,Missed Shot,Driving Layup Shot,2PT Field Goal,Restricted Area,Center(C),Less Than 8 ft.,0,3,-1,1,0,20181214,MEM,MIA,21800425486,22250,0,203482|204020|1626196|1627884|1628389,0,REG,2019,201149,-4.0,C,Anchor Big,1.81,MISS Richardson Driving Layup,SG,Primary Ball Handler,0.23,
Shot Chart Detail,21800425,526,1626196,Josh Richardson,1610612748,Miami Heat,4,8,15,Missed Shot,Jump Shot,3PT Field Goal,Above the Break 3,Center(C),24+ ft.,26,11,268,1,0,20181214,MEM,MIA,21800425526,23850,0,203482|204020|1626196|1627884|1628389,0,REG,2019,,,,,,,SG,Primary Ball Handler,0.23,
Shot Chart Detail,21800425,544,1626196,Josh Richardson,1610612748,Miami Heat,4,7,14,Made Shot,Driving Finger Roll Layup Shot,2PT Field Goal,Restricted Area,Center(C),Less Than 8 ft.,0,-4,-1,1,1,20181214,MEM,MIA,21800425544,24460,0,203482|204020|1626196|1627884|1628389,1,REG,2019,,,,,,,SG,Primary Ball Handler,0.23,203482.0
Shot Chart Detail,21800425,566,1626196,Josh Richardson,1610612748,Miami Heat,4,5,21,Missed Shot,Step Back Jump shot,2PT Field Goal,Mid-Range,Left Side Center(LC),16-24 ft.,22,-111,198,1,0,20181214,MEM,MIA,21800425566,25590,0,203482|204020|1626196|1627884|1628389,0,REG,2019,202066,6.0,SG,Wing Stopper,0.49,MISS Richardson 23' Step Back Jump Shot,SG,Primary Ball Handler,0.23,
Shot Chart Detail,21800425,587,1626196,Josh Richardson,1610612748,Miami Heat,4,4,5,Missed Shot,Jump Shot,3PT Field Goal,Above the Break 3,Left Side Center(LC),24+ ft.,25,-139,209,1,0,20181214,MEM,MIA,21800425587,26350,0,203482|204020|1626196|1627884|1628389,0,REG,2019,202066,3.0,SG,Wing Stopper,0.49,MISS Richardson 25' 3PT Jump Shot,SG,Primary Ball Handler,0.23,
Shot Chart Detail,21800425,598,1626196,Josh Richardson,1610612748,Miami Heat,4,2,57,Made Shot,Driving Dunk Shot,2PT Field Goal,Restricted Area,Center(C),Less Than 8 ft.,0,-6,6,1,1,20181214,MEM,MIA,21800425598,27030,0,203482|204020|1626196|1627884|1628389,0,REG,2019,202066,,SG,Wing Stopper,0.49,Richardson 1' Driving Dunk (16 PTS),SG,Primary Ball Handler,0.23,
Shot Chart Detail,21800425,608,1626196,Josh Richardson,1610612748,Miami Heat,4,2,13,Made Shot,Pullup Jump shot,2PT Field Goal,In The Paint (Non-RA),Center(C),8-16 ft.,13,-54,122,1,1,20181214,MEM,MIA,21800425608,27470,0,203482|204020|1626196|1627884|1628389,1,REG,2019,,,,,,,SG,Primary Ball Handler,0.23,1628389.0
Shot Chart Detail,21800425,612,1626196,Josh Richardson,1610612748,Miami Heat,4,1,41,Missed Shot,Pullup Jump shot,2PT Field Goal,Mid-Range,Left Side Center(LC),16-24 ft.,20,-82,187,1,0,20181214,MEM,MIA,21800425612,27790,0,203482|204020|1626196|1627884|1628389,0,REG,2019,,,,,,,SG,Primary Ball Handler,0.23,
Shot Chart Detail,21800441,45,1626196,Josh Richardson,1610612748,Miami Heat,1,8,10,Missed Shot,Jump Shot,3PT Field Goal,Above the Break 3,Left Side Center(LC),24+ ft.,26,-129,227,1,0,20181216,NOP,MIA,2180044145,2300,0,201949|202355|203585|1626159|1626196,0,REG,2019,203076|201950,-0.0,,,,,SG,Primary Ball Handler,0.23,
Shot Chart Detail,21800441,51,1626196,Josh Richardson,1610612748,Miami Heat,1,7,55,Made Shot,Layup Shot,2PT Field Goal,Restricted Area,Center(C),Less Than 8 ft.,1,11,-1,1,1,20181216,NOP,MIA,2180044151,2450,0,201949|202355|203585|1626159|1626196,0,REG,2019,204025,2.0,PG,Point of Attack,-0.71,Richardson 1' Layup (2 PTS),SG,Primary Ball Handler,0.23,
Shot Chart Detail,21800441,161,1626196,Josh Richardson,1610612748,Miami Heat,1,2,20,Missed Shot,Jump Shot,3PT Field Goal,Above the Break 3,Right Side Center(RC),24+ ft.,27,103,255,1,0,20181216,NOP,MIA,21800441161,5800,0,2548|203482|204020|1626196|1628389,0,REG,2019,1626150,3.0,PG,Point of Attack,0.05,MISS Richardson 28' 3PT Jump Shot,SG,Primary Ball Handler,0.23,
Shot Chart Detail,21800441,167,1626196,Josh Richardson,1610612748,Miami Heat,1,1,47,Missed Shot,Jump Shot,2PT Field Goal,Mid-Range,Right Side(R),8-16 ft.,12,122,22,1,0,20181216,NOP,MIA,21800441167,6130,0,2548|203482|204020|1626196|1628389,0,REG,2019,203121,1.0,SF,Low Activity,-2.09,MISS Richardson 12' Jump Shot,SG,Primary Ball Handler,0.23,
Shot Chart Detail,21800441,174,1626196,Josh Richardson,1610612748,Miami Heat,1,0,44,Made Shot,Turnaround Jump Shot,2PT Field Goal,In The Paint (Non-RA),Center(C),8-16 ft.,14,55,130,1,1,20181216,NOP,MIA,21800441174,6760,0,2548|203482|204020|1626196|1628389,0,REG,2019,203121,4.0,SF,Low Activity,-2.09,Richardson 14' Turnaround Jump Shot (4 PTS),SG,Primary Ball Handler,0.23,
Shot Chart Detail,21800441,204,1626196,Josh Richardson,1610612748,Miami Heat,2,9,57,Made Shot,Layup Shot,2PT Field Goal,Restricted Area,Center(C),Less Than 8 ft.,1,-19,6,1,1,20181216,NOP,MIA,21800441204,8430,0,2548|203482|204020|1626196|1628389,1,REG,2019,203944,10.0,PF,Helper,-0.8,Richardson 2' Layup (6 PTS) (T. Johnson 1 AST),SG,Primary Ball Handler,0.23,204020.0
Shot Chart Detail,21800441,208,1626196,Josh Richardson,1610612748,Miami Heat,2,9,38,Missed Shot,Jump Shot,2PT Field Goal,Mid-Range,Right Side(R),16-24 ft.,17,174,36,1,0,20181216,NOP,MIA,21800441208,8620,0,2548|203482|204020|1626196|1628389,0,REG,2019,1627767,10.0,PF,Anchor Big,0.6,MISS Richardson 18' Jump Shot,SG,Primary Ball Handler,0.23,
Shot Chart Detail,21800441,212,1626196,Josh Richardson,1610612748,Miami Heat,2,9,4,Missed Shot,Jump Shot,3PT Field Goal,Above the Break 3,Left Side Center(LC),24+ ft.,24,-228,100,1,0,20181216,NOP,MIA,21800441212,8960,0,2548|203482|204020|1626196|1628389,0,REG,2019,202734,7.0,SG,Chaser,-1.57,MISS Richardson 25' 3PT Jump Shot,SG,Primary Ball Handler,0.23,
Shot Chart Detail,21800441,249,1626196,Josh Richardson,1610612748,Miami Heat,2,7,18,Made Shot,Jump Shot,2PT Field Goal,Mid-Range,Center(C),16-24 ft.,17,6,171,1,1,20181216,NOP,MIA,21800441249,10020,0,203482|204020|1626196|1627884|1628389,1,REG,2019,201950,11.0,SG,Point of Attack,-0.08,Richardson 17' Jump Shot (8 PTS) (Adebayo 3 AST),SG,Primary Ball Handler,0.23,1628389.0
Shot Chart Detail,21800441,378,1626196,Josh Richardson,1610612748,Miami Heat,3,10,26,Missed Shot,Turnaround Jump Shot,2PT Field Goal,In The Paint (Non-RA),Center(C),Less Than 8 ft.,6,-62,4,1,0,20181216,NOP,MIA,21800441378,15340,0,201949|202355|203585|204020|1626196,0,REG,2019,203944,11.0,PF,Helper,-0.8,MISS Richardson 6' Turnaround Jump Shot,SG,Primary Ball Handler,0.23,
Shot Chart Detail,21800441,384,1626196,Josh Richardson,1610612748,Miami Heat,3,9,57,Made Shot,Jump Shot,3PT Field Goal,Above the Break 3,Right Side Center(RC),24+ ft.,28,188,214,1,1,20181216,NOP,MIA,21800441384,15630,0,201949|202355|203585|204020|1626196,0,REG,2019,203076|203944,14.0,,,,,SG,Primary Ball Handler,0.23,
Shot Chart Detail,21800441,390,1626196,Josh Richardson,1610612748,Miami Heat,3,9,19,Missed Shot,Jump Shot,3PT Field Goal,Above the Break 3,Left Side Center(LC),24+ ft.,26,-148,217,1,0,20181216,NOP,MIA,21800441390,16010,0,201949|202355|203585|204020|1626196,0,REG,2019,204025,14.0,PG,Point of Attack,-0.71,MISS Richardson 26' 3PT Jump Shot,SG,Primary Ball Handler,0.23,
Shot Chart Detail,21800441,406,1626196,Josh Richardson,1610612748,Miami Heat,3,8,1,Made Shot,Jump Shot,2PT Field Goal,Mid-Range,Left Side(L),8-16 ft.,12,-117,42,1,1,20181216,NOP,MIA,21800441406,16790,0,201949|202355|203585|204020|1626196,1,REG,2019,204025,17.0,PG,Point of Attack,-0.71,Richardson 12' Jump Shot (13 PTS) (J. Johnson 2 AST),SG,Primary Ball Handler,0.23,201949.0
Shot Chart Detail,21800441,420,1626196,Josh Richardson,1610612748,Miami Heat,3,6,36,Missed Shot,Jump Shot,3PT Field Goal,Above the Break 3,Center(C),24+ ft.,28,-22,283,1,0,20181216,NOP,MIA,21800441420,17640,0,201949|202355|203585|204020|1626196,0,REG,2019,201950|203944,12.0,,,,,SG,Primary Ball Handler,0.23,
Shot Chart Detail,21800441,512,1626196,Josh Richardson,1610612748,Miami Heat,3,0,5,Made Shot,Jump Shot,2PT Field Goal,Mid-Range,Left Side Center(LC),16-24 ft.,20,-84,190,1,1,20181216,NOP,MIA,21800441512,21550,0,2548|203482|1626196|1627884|1628389,0,REG,2019,203076,12.0,C,Anchor Big,2.35,Richardson 21' Jump Shot (15 PTS),SG,Primary Ball Handler,0.23,
Shot Chart Detail,21800441,537,1626196,Josh Richardson,1610612748,Miami Heat,4,10,7,Missed Shot,Jump Shot,3PT Field Goal,Above the Break 3,Center(C),24+ ft.,25,-61,247,1,0,20181216,NOP,MIA,21800441537,22730,0,2548|203482|1626196|1627884|1628389,0,REG,2019,203944,9.0,PF,Helper,-0.8,MISS Richardson 25' 3PT Jump Shot,SG,Primary Ball Handler,0.23,
Shot Chart Detail,21800441,576,1626196,Josh Richardson,1610612748,Miami Heat,4,7,7,Missed Shot,Layup Shot,2PT Field Goal,Restricted Area,Center(C),Less Than 8 ft.,2,21,10,1,0,20181216,NOP,MIA,21800441576,24530,0,203482|204020|1626196|1627884|1628389,0,REG,2019,203076,11.0,C,Anchor Big,2.35,MISS Richardson 2' Layup,SG,Primary Ball Handler,0.23,
Shot Chart Detail,21800441,600,1626196,Josh Richardson,1610612748,Miami Heat,4,5,27,Made Shot,Jump Shot,3PT Field Goal,Above the Break 3,Left Side Center(LC),24+ ft.,27,-192,191,1,1,20181216,NOP,MIA,21800441600,25530,0,203482|204020|1626196|1627884|1628389,1,REG,2019,201950,11.0,SG,Point of Attack,-0.08,Richardson 27' 3PT Jump Shot (18 PTS) (Olynyk 1 AST),SG,Primary Ball Handler,0.23,203482.0
Shot Chart Detail,21800441,614,1626196,Josh Richardson,1610612748,Miami Heat,4,4,3,Missed Shot,Driving Floating Jump Shot,2PT Field Goal,In The Paint (Non-RA),Center(C),Less Than 8 ft.,6,-8,60,1,0,20181216,NOP,MIA,21800441614,26370,0,203482|204020|1626196|1627884|1628389,0,REG,2019,203121,8.0,SF,Low Activity,-2.09,MISS Richardson 6' Driving Floating Jump Shot,SG,Primary Ball Handler,0.23,
Shot Chart Detail,21800441,621,1626196,Josh Richardson,1610612748,Miami Heat,4,3,15,Made Shot,Jump Shot,2PT Field Goal,Mid-Range,Left Side Center(LC),16-24 ft.,20,-137,158,1,1,20181216,NOP,MIA,21800441621,26850,0,203482|204020|1626196|1627884|1628389,1,REG,2019,203076,9.0,C,Anchor Big,2.35,Richardson 21' Jump Shot (20 PTS) (Adebayo 5 AST),SG,Primary Ball Handler,0.23,1628389.0
Shot Chart Detail,21800467,7,1626196,Josh Richardson,1610612748,Miami Heat,1,11,42,Missed Shot,Jump Shot,3PT Field Goal,Above the Break 3,Left Side Center(LC),24+ ft.,25,-173,184,1,0,20181220,MIA,HOU,218004677,180,0,201949|202355|203585|204020|1626196,0,REG,2019,201569,0.0,SG,Chaser,-1.07,MISS Richardson 25' 3PT Jump Shot,SG,Primary Ball Handler,0.23,
Shot Chart Detail,21800467,54,1626196,Josh Richardson,1610612748,Miami Heat,1,7,23,Made Shot,Pullup Jump shot,2PT Field Goal,In The Paint (Non-RA),Center(C),8-16 ft.,13,40,126,1,1,20181220,MIA,HOU,2180046754,2770,0,201949|202355|203585|204020|1626196,0,REG,2019,201569,-3.0,SG,Chaser,-1.07,Richardson 13' Pullup Jump Shot (2 PTS),SG,Primary Ball Handler,0.23,
Shot Chart Detail,21800467,189,1626196,Josh Richardson,1610612748,Miami Heat,2,9,28,Missed Shot,Jump Shot,3PT Field Goal,Above the Break 3,Left Side Center(LC),24+ ft.,25,-81,239,1,0,20181220,MIA,HOU,21800467189,8720,0,2548|203482|1626196|1627884|1628389,0,REG,2019,203991|101123,-11.0,,,,,SG,Primary Ball Handler,0.23,
Shot Chart Detail,21800467,204,1626196,Josh Richardson,1610612748,Miami Heat,2,8,23,Made Shot,Jump Shot,3PT Field Goal,Above the Break 3,Right Side Center(RC),24+ ft.,27,187,204,1,1,20181220,MIA,HOU,21800467204,9370,0,2548|203482|1626196|1627884|1628389,1,REG,2019,200782,-6.0,PF,Wing Stopper,1.5,Richardson 28' 3PT Jump Shot (5 PTS) (Olynyk 1 AST),SG,Primary Ball Handler,0.23,203482.0
Shot Chart Detail,21800467,235,1626196,Josh Richardson,1610612748,Miami Heat,2,6,51,Missed Shot,Tip Layup Shot,2PT Field Goal,Restricted Area,Center(C),Less Than 8 ft.,2,1,23,1,0,20181220,MIA,HOU,21800467235,10290,0,2548|203482|1626196|1627884|1628389,0,REG,2019,203991|201935,-8.0,,,,,SG,Primary Ball Handler,0.23,
Shot Chart Detail,21800467,246,1626196,Josh Richardson,1610612748,Miami Heat,2,5,51,Made Shot,Pullup Jump shot,2PT Field Goal,Mid-Range,Left Side Center(LC),16-24 ft.,17,-81,155,1,1,20181220,MIA,HOU,21800467246,10890,0,201961|203482|1626196|1627884|1628389,0,REG,2019,202688,-5.0,PG,Chaser,-0.42,Richardson 17' Pullup Jump Shot (7 PTS),SG,Primary Ball Handler,0.23,
Shot Chart Detail,21800467,249,1626196,Josh Richardson,1610612748,Miami Heat,2,5,18,Made Shot,Jump Shot,3PT Field Goal,Above the Break 3,Left Side Center(LC),24+ ft.,25,-176,180,1,1,20181220,MIA,HOU,21800467249,11220,0,201961|203482|1626196|1627884|1628389,1,REG,2019,203991,-2.0,C,Mobile Big,0.71,Richardson 25' 3PT Jump Shot (10 PTS) (Olynyk 2 AST),SG,Primary Ball Handler,0.23,203482.0
Shot Chart Detail,21800467,254,1626196,Josh Richardson,1610612748,Miami Heat,2,4,53,Missed Shot,Jump Shot,3PT Field Goal,Above the Break 3,Left Side Center(LC),24+ ft.,25,-95,240,1,0,20181220,MIA,HOU,21800467254,11470,0,201961|203482|1626196|1627884|1628389,0,REG,2019,2403,-2.0,C,Mobile Big,0.42,MISS Richardson 26' 3PT Jump Shot,SG,Primary Ball Handler,0.23,
Shot Chart Detail,21800467,268,1626196,Josh Richardson,1610612748,Miami Heat,2,3,28,Missed Shot,Layup Shot,2PT Field Goal,Restricted Area,Center(C),Less Than 8 ft.,1,-10,8,1,0,20181220,MIA,HOU,21800467268,12320,0,201961|203482|204020|1627884|1628389,0,REG,2019,201569,-2.0,SG,Chaser,-1.07,MISS Richardson 1' Layup,SG,Primary Ball Handler,0.23,
Shot Chart Detail,21800467,337,1626196,Josh Richardson,1610612748,Miami Heat,3,11,22,Made Shot,Jump Shot,3PT Field Goal,Above the Break 3,Center(C),24+ ft.,27,0,272,1,1,20181220,MIA,HOU,21800467337,14780,0,201949|202355|203585|204020|1626196,1,REG,2019,203991,-5.0,C,Mobile Big,0.71,Richardson 27' 3PT Jump Shot (13 PTS) (J. Johnson 1 AST),SG,Primary Ball Handler,0.23,201949.0
Shot Chart Detail,21800467,355,1626196,Josh Richardson,1610612748,Miami Heat,3,9,27,Made Shot,Pullup Jump shot,2PT Field Goal,In The Paint (Non-RA),Center(C),8-16 ft.,11,-40,106,1,1,20181220,MIA,HOU,21800467355,15930,0,201949|202355|203585|204020|1626196,0,REG,2019,203991|201935,-3.0,,,,,SG,Primary Ball Handler,0.23,
Shot Chart Detail,21800467,358,1626196,Josh Richardson,1610612748,Miami Heat,3,9,10,Made Shot,Running Layup Shot,2PT Field Goal,Restricted Area,Center(C),Less Than 8 ft.,2,-3,23,1,1,20181220,MIA,HOU,21800467358,16100,0,201949|202355|203585|204020|1626196,0,REG,2019,201569|101123|201935,-1.0,,,,,SG,Primary Ball Handler,0.23,
Shot Chart Detail,21800467,366,1626196,Josh Richardson,1610612748,Miami Heat,3,8,34,Missed Shot,Jump Shot,3PT Field Goal,Above the Break 3,Right Side Center(RC),24+ ft.,25,124,222,1,0,20181220,MIA,HOU,21800467366,16460,0,201949|202355|203585|204020|1626196,0,REG,2019,201569,-1.0,SG,Chaser,-1.07,MISS Richardson 25' 3PT Jump Shot,SG,Primary Ball Handler,0.23,
Shot Chart Detail,21800467,474,1626196,Josh Richardson,1610612748,Miami Heat,3,0,53,Made Shot,Running Layup Shot,2PT Field Goal,Restricted Area,Center(C),Less Than 8 ft.,1,9,5,1,1,20181220,MIA,HOU,21800467474,21070,0,2548|203482|1626196|1627884|1628389,1,REG,2019,201569,6.0,SG,Chaser,-1.07,Richardson 1' Running Layup (19 PTS) (Wade 2 AST),SG,Primary Ball Handler,0.23,2548.0
Shot Chart Detail,21800467,508,1626196,Josh Richardson,1610612748,Miami Heat,4,10,59,Made Shot,Jump Shot,3PT Field Goal,Above the Break 3,Left Side Center(LC),24+ ft.,27,-147,233,1,1,20181220,MIA,HOU,21800467508,22210,0,2548|203482|1626196|1627884|1628389,1,REG,2019,1627863,8.0,SF,Helper,-1.25,Richardson 28' 3PT Jump Shot (22 PTS) (Adebayo 4 AST),SG,Primary Ball Handler,0.23,1628389.0
Shot Chart Detail,21800467,523,1626196,Josh Richardson,1610612748,Miami Heat,4,9,52,Missed Shot,Jump Shot,3PT Field Goal,Above the Break 3,Right Side Center(RC),24+ ft.,24,143,204,1,0,20181220,MIA,HOU,21800467523,22880,0,2548|203482|1626196|1627884|1628389,0,REG,2019,202688,11.0,PG,Chaser,-0.42,MISS Richardson 25' 3PT Jump Shot,SG,Primary Ball Handler,0.23,
Shot Chart Detail,21800467,577,1626196,Josh Richardson,1610612748,Miami Heat,4,6,21,Missed Shot,Jump Shot,3PT Field Goal,Above the Break 3,Right Side Center(RC),24+ ft.,25,141,207,1,0,20181220,MIA,HOU,21800467577,24990,0,203482|204020|1626196|1627884|1628389,0,REG,2019,202688,1.0,PG,Chaser,-0.42,MISS Richardson 25' 3PT Jump Shot,SG,Primary Ball Handler,0.23,
Shot Chart Detail,21800467,630,1626196,Josh Richardson,1610612748,Miami Heat,4,2,56,Missed Shot,Jump Shot,3PT Field Goal,Above the Break 3,Center(C),24+ ft.,25,-20,257,1,0,20181220,MIA,HOU,21800467630,27040,0,202355|203585|204020|1626196|1627884,0,REG,2019,201935,1.0,PG,Helper,-0.95,MISS Richardson 26' 3PT Jump Shot,SG,Primary Ball Handler,0.23,
Shot Chart Detail,21800467,670,1626196,Josh Richardson,1610612748,Miami Heat,4,0,51,Missed Shot,Jump Shot,3PT Field Goal,Above the Break 3,Left Side Center(LC),24+ ft.,25,-105,231,1,0,20181220,MIA,HOU,21800467670,28290,0,2548|202355|204020|1626196|1627884,0,REG,2019,201935,5.0,PG,Helper,-0.95,MISS Richardson 25' 3PT Jump Shot,SG,Primary Ball Handler,0.23,
Shot Chart Detail,21800482,36,1626196,Josh Richardson,1610612748,Miami Heat,1,8,40,Missed Shot,Jump Shot,2PT Field Goal,Restricted Area,Center(C),Less Than 8 ft.,1,13,10,1,0,20181222,MIA,MIL,2180048236,2000,0,1626196,0,REG,2019,202339,0.0,PG,Point of Attack,1.05,MISS Richardson 2' Jump Shot,SG,Primary Ball Handler,0.23,
Shot Chart Detail,21800482,53,1626196,Josh Richardson,1610612748,Miami Heat,1,7,6,Made Shot,Jump Shot,3PT Field Goal,Above the Break 3,Left Side Center(LC),24+ ft.,25,-177,189,1,1,20181222,MIA,MIL,2180048253,2940,0,1626196,1,REG,2019,203503,5.0,SF,Low Activity,-0.53,Richardson 26' 3PT Jump Shot (3 PTS) (Winslow 1 AST),SG,Primary Ball Handler,0.23,1626159.0
Shot Chart Detail,21800482,61,1626196,Josh Richardson,1610612748,Miami Heat,1,6,30,Missed Shot,Jump Shot,3PT Field Goal,Above the Break 3,Left Side Center(LC),24+ ft.,26,-177,200,1,0,20181222,MIA,MIL,2180048261,3300,0,1626196,0,REG,2019,203114,5.0,SF,Helper,0.47,MISS Richardson 27' 3PT Jump Shot,SG,Primary Ball Handler,0.23,
Shot Chart Detail,21800482,88,1626196,Josh Richardson,1610612748,Miami Heat,1,3,36,Made Shot,Floating Jump shot,2PT Field Goal,In The Paint (Non-RA),Center(C),8-16 ft.,12,-3,121,1,1,20181222,MIA,MIL,2180048288,5040,0,1626196,0,REG,2019,201572|202339,7.0,,,,,SG,Primary Ball Handler,0.23,
Shot Chart Detail,21800482,252,1626196,Josh Richardson,1610612748,Miami Heat,2,5,41,Made Shot,Cutting Dunk Shot,2PT Field Goal,Restricted Area,Center(C),Less Than 8 ft.,1,-14,7,1,1,20181222,MIA,MIL,21800482252,10990,0,1626196,1,REG,2019,1628391,12.0,PF,Helper,0.34,Richardson 2' Cutting Dunk Shot (7 PTS) (Jones Jr. 1 AST),SG,Primary Ball Handler,0.23,1627884.0
Shot Chart Detail,21800482,272,1626196,Josh Richardson,1610612748,Miami Heat,2,4,4,Missed Shot,Jump Shot,2PT Field Goal,Mid-Range,Right Side(R),8-16 ft.,12,87,96,1,0,20181222,MIA,MIL,21800482272,11960,0,1626196,0,REG,2019,202339,7.0,PG,Point of Attack,1.05,MISS Richardson 13' Jump Shot,SG,Primary Ball Handler,0.23,
Shot Chart Detail,21800482,345,1626196,Josh Richardson,1610612748,Miami Heat,3,11,3,Missed Shot,Jump Shot,3PT Field Goal,Above the Break 3,Left Side Center(LC),24+ ft.,25,-201,161,1,0,20181222,MIA,MIL,21800482345,14970,0,1626196,0,REG,2019,202339,2.0,PG,Point of Attack,1.05,MISS Richardson 26' 3PT Jump Shot,SG,Primary Ball Handler,0.23,
Shot Chart Detail,21800482,380,1626196,Josh Richardson,1610612748,Miami Heat,3,8,13,Made Shot,Jump Shot,3PT Field Goal,Above the Break 3,Left Side Center(LC),24+ ft.,24,-209,136,1,1,20181222,MIA,MIL,21800482380,16670,0,1626196,1,REG,2019,203507,11.0,PF,Helper,3.11,Richardson 25' 3PT Jump Shot (10 PTS) (McGruder 2 AST),SG,Primary Ball Handler,0.23,203585.0
Shot Chart Detail,21800482,546,1626196,Josh Richardson,1610612748,Miami Heat,4,7,29,Missed Shot,Jump Shot,3PT Field Goal,Above the Break 3,Right Side Center(RC),24+ ft.,25,190,177,1,0,20181222,MIA,MIL,21800482546,24310,0,1626196,0,REG,2019,203114,15.0,SF,Helper,0.47,MISS Richardson 26' 3PT Jump Shot,SG,Primary Ball Handler,0.23,
Shot Chart Detail,21800482,637,1626196,Josh Richardson,1610612748,Miami Heat,4,1,10,Missed Shot,Jump Shot,2PT Field Goal,Mid-Range,Right Side Center(RC),16-24 ft.,21,125,169,1,0,20181222,MIA,MIL,21800482637,28100,0,1626196,0,REG,2019,202339,5.0,PG,Point of Attack,1.05,MISS Richardson 21' Jump Shot,SG,Primary Ball Handler,0.23,
Shot Chart Detail,21800482,646,1626196,Josh Richardson,1610612748,Miami Heat,4,0,35,Made Shot,Dunk Shot,2PT Field Goal,Restricted Area,Center(C),Less Than 8 ft.,0,6,5,1,1,20181222,MIA,MIL,21800482646,28450,0,1626196,1,REG,2019,203114,,SF,Helper,0.47,Richardson 1' Dunk (14 PTS) (Wade 3 AST),SG,Primary Ball Handler,0.23,2548.0
Shot Chart Detail,21800491,18,1626196,Josh Richardson,1610612748,Miami Heat,1,10,35,Missed Shot,Running Layup Shot,2PT Field Goal,Restricted Area,Center(C),Less Than 8 ft.,2,-2,21,1,0,20181223,ORL,MIA,2180049118,850,0,201949|202355|204020|1626159|1626196,0,REG,2019,1628371,1.0,PF,Helper,1.74,MISS Richardson 2' Running Layup,SG,Primary Ball Handler,0.23,
Shot Chart Detail,21800491,42,1626196,Josh Richardson,1610612748,Miami Heat,1,7,25,Made Shot,Reverse Layup Shot,2PT Field Goal,Restricted Area,Center(C),Less Than 8 ft.,1,3,17,1,1,20181223,ORL,MIA,2180049142,2750,0,201949|202355|204020|1626159|1626196,1,REG,2019,203932,8.0,PF,Wing Stopper,0.86,Richardson 2' Reverse Layup (2 PTS) (Winslow 2 AST),SG,Primary Ball Handler,0.23,1626159.0
Shot Chart Detail,21800491,163,1626196,Josh Richardson,1610612748,Miami Heat,2,10,59,Made Shot,Jump Shot,3PT Field Goal,Above the Break 3,Left Side Center(LC),24+ ft.,25,-88,235,1,1,20181223,ORL,MIA,21800491163,7810,0,2548|203482|1626196|1627884|1628389,1,REG,2019,1628964,16.0,C,Anchor Big,1.84,Richardson 25' 3PT Jump Shot (5 PTS) (Adebayo 1 AST),SG,Primary Ball Handler,0.23,1628389.0
Shot Chart Detail,21800491,167,1626196,Josh Richardson,1610612748,Miami Heat,2,10,24,Missed Shot,Jump Shot,3PT Field Goal,Above the Break 3,Left Side Center(LC),24+ ft.,25,-149,204,1,0,20181223,ORL,MIA,21800491167,8160,0,2548|203482|1626196|1627884|1628389,0,REG,2019,1628964,16.0,C,Anchor Big,1.84,MISS Richardson 25' 3PT Jump Shot,SG,Primary Ball Handler,0.23,
Shot Chart Detail,21800491,175,1626196,Josh Richardson,1610612748,Miami Heat,2,9,45,Made Shot,Layup Shot,2PT Field Goal,Restricted Area,Center(C),Less Than 8 ft.,1,-9,13,1,1,20181223,ORL,MIA,21800491175,8550,0,2548|203482|1626196|1627884|1628389,1,REG,2019,201571,18.0,PG,Point of Attack,-0.3,Richardson 2' Layup (7 PTS) (Adebayo 2 AST),SG,Primary Ball Handler,0.23,1628389.0
Shot Chart Detail,21800491,195,1626196,Josh Richardson,1610612748,Miami Heat,2,8,20,Missed Shot,Pullup Jump shot,2PT Field Goal,Mid-Range,Center(C),16-24 ft.,16,48,162,1,0,20181223,ORL,MIA,21800491195,9400,0,2548|203482|1626196|1627884|1628389,0,REG,2019,201571,16.0,PG,Point of Attack,-0.3,MISS Richardson 17' Pullup Jump Shot,SG,Primary Ball Handler,0.23,
Shot Chart Detail,21800491,197,1626196,Josh Richardson,1610612748,Miami Heat,2,8,9,Missed Shot,Layup Shot,2PT Field Goal,In The Paint (Non-RA),Center(C),Less Than 8 ft.,5,-57,15,1,0,20181223,ORL,MIA,21800491197,9510,0,2548|203482|1626196|1627884|1628389,0,REG,2019,203613,16.0,SG-SF,Wing Stopper,-0.27,Bamba BLOCK (2 BLK),SG,Primary Ball Handler,0.23,
Shot Chart Detail,21800491,278,1626196,Josh Richardson,1610612748,Miami Heat,2,4,25,Missed Shot,Jump Shot,3PT Field Goal,Above the Break 3,Center(C),24+ ft.,26,-76,252,1,0,20181223,ORL,MIA,21800491278,11750,0,201949|202355|204020|1626159|1626196,0,REG,2019,1628371,7.0,PF,Helper,1.74,MISS Richardson 26' 3PT Jump Shot,SG,Primary Ball Handler,0.23,
Shot Chart Detail,21800491,291,1626196,Josh Richardson,1610612748,Miami Heat,2,3,16,Made Shot,Jump Shot,3PT Field Goal,Above the Break 3,Left Side Center(LC),24+ ft.,27,-164,216,1,1,20181223,ORL,MIA,21800491291,12440,0,201949|202355|204020|1626159|1626196,1,REG,2019,203095,8.0,SG,Wing Stopper,0.06,Richardson 27' 3PT Jump Shot (11 PTS) (T. Johnson 2 AST),SG,Primary Ball Handler,0.23,204020.0
Shot Chart Detail,21800491,338,1626196,Josh Richardson,1610612748,Miami Heat,2,0,0,Missed Shot,Jump Shot,3PT Field Goal,Above the Break 3,Left Side Center(LC),24+ ft.,26,-152,211,1,0,20181223,ORL,MIA,21800491338,14400,0,201949|202355|204020|1626159|1626196,0,REG,2019,203095,9.0,SG,Wing Stopper,0.06,MISS Richardson 26' 3PT Jump Shot,SG,Primary Ball Handler,0.23,
Shot Chart Detail,21800491,356,1626196,Josh Richardson,1610612748,Miami Heat,3,11,18,Missed Shot,Jump Shot,3PT Field Goal,Above the Break 3,Right Side Center(RC),24+ ft.,25,208,151,1,0,20181223,ORL,MIA,21800491356,14820,0,201949|202355|204020|1626159|1626196,0,REG,2019,,,,,,,SG,Primary Ball Handler,0.23,
Shot Chart Detail,21800491,493,1626196,Josh Richardson,1610612748,Miami Heat,3,0,38,Missed Shot,Pullup Jump shot,2PT Field Goal,Mid-Range,Center(C),8-16 ft.,15,7,156,1,0,20181223,ORL,MIA,21800491493,21220,0,2548|204020|1626196|1627884|1628389,0,REG,2019,202696|203082,19.0,,,,,SG,Primary Ball Handler,0.23,
Shot Chart Detail,21800491,551,1626196,Josh Richardson,1610612748,Miami Heat,4,6,57,Missed Shot,Jump Shot,3PT Field Goal,Left Corner 3,Left Side(L),24+ ft.,22,-227,32,1,0,20181223,ORL,MIA,21800491551,24630,0,2548|202355|203482|1626196|1627884,0,REG,2019,203932,10.0,PF,Wing Stopper,0.86,MISS Richardson 3PT Jump Shot,SG,Primary Ball Handler,0.23,
Shot Chart Detail,21800491,620,1626196,Josh Richardson,1610612748,Miami Heat,4,2,36,Missed Shot,Jump Shot,3PT Field Goal,Above the Break 3,Left Side Center(LC),24+ ft.,24,-127,215,1,0,20181223,ORL,MIA,21800491620,27240,0,202355|203482|1626159|1626196|1627884,0,REG,2019,1628411,21.0,SF,Chaser,-0.04,MISS Richardson 25' 3PT Jump Shot,SG,Primary Ball Handler,0.23,
Shot Chart Detail,21800506,11,1626196,Josh Richardson,1610612748,Miami Heat,1,11,11,Missed Shot,Pullup Jump shot,2PT Field Goal,Mid-Range,Center(C),16-24 ft.,16,43,156,1,0,20181226,MIA,TOR,2180050611,490,0,201949|202355|203585|1626159|1626196,0,REG,2019,1627783,-2.0,PF,Wing Stopper,0.93,MISS Richardson 16' Pullup Jump Shot,SG,Primary Ball Handler,0.23,
Shot Chart Detail,21800506,45,1626196,Josh Richardson,1610612748,Miami Heat,1,7,7,Made Shot,Jump Shot,3PT Field Goal,Above the Break 3,Right Side Center(RC),24+ ft.,26,89,250,1,1,20181226,MIA,TOR,2180050645,2930,0,201949|202355|203585|1626159|1626196,1,REG,2019,201586,9.0,C,Anchor Big,0.3,Richardson 27' 3PT Jump Shot (3 PTS) (J. Johnson 1 AST),SG,Primary Ball Handler,0.23,201949.0
Shot Chart Detail,21800506,75,1626196,Josh Richardson,1610612748,Miami Heat,1,4,34,Missed Shot,Jump Shot,2PT Field Goal,Mid-Range,Center(C),16-24 ft.,20,-42,199,1,0,20181226,MIA,TOR,2180050675,4460,0,2548|201949|202355|1626159|1626196,0,REG,2019,1627832,10.0,PG,Point of Attack,0.05,MISS Richardson 20' Jump Shot,SG,Primary Ball Handler,0.23,
Shot Chart Detail,21800506,202,1626196,Josh Richardson,1610612748,Miami Heat,2,7,2,Made Shot,Jump Shot,3PT Field Goal,Above the Break 3,Right Side Center(RC),24+ ft.,26,228,137,1,1,20181226,MIA,TOR,21800506202,10180,0,202355|203482|204020|1626196|1627884,1,REG,2019,202695,7.0,SF,Wing Stopper,0.55,Richardson 27' 3PT Jump Shot (6 PTS) (T. Johnson 3 AST),SG,Primary Ball Handler,0.23,204020.0
Shot Chart Detail,21800506,213,1626196,Josh Richardson,1610612748,Miami Heat,2,6,32,Missed Shot,Floating Jump shot,2PT Field Goal,In The Paint (Non-RA),Center(C),8-16 ft.,8,-18,84,1,0,20181226,MIA,TOR,21800506213,10480,0,202355|204020|1626159|1626196|1627884,0,REG,2019,201586,6.0,C,Anchor Big,0.3,MISS Richardson 9' Floating Jump Shot,SG,Primary Ball Handler,0.23,
Shot Chart Detail,21800506,218,1626196,Josh Richardson,1610612748,Miami Heat,2,6,9,Missed Shot,Jump Shot,3PT Field Goal,Left Corner 3,Left Side(L),24+ ft.,22,-225,0,1,0,20181226,MIA,TOR,21800506218,10710,0,202355|204020|1626159|1626196|1627884,0,REG,2019,1627783,6.0,PF,Wing Stopper,0.93,MISS Richardson 3PT Jump Shot,SG,Primary Ball Handler,0.23,
Shot Chart Detail,21800506,297,1626196,Josh Richardson,1610612748,Miami Heat,2,0,46,Made Shot,Pullup Jump shot,2PT Field Goal,Mid-Range,Left Side(L),8-16 ft.,15,-89,130,1,1,20181226,MIA,TOR,21800506297,13940,0,2548|201949|1626159|1626196|1628389,0,REG,2019,202328,16.0,C,Anchor Big,-0.32,Richardson 16' Pullup Jump Shot (8 PTS),SG,Primary Ball Handler,0.23,
Shot Chart Detail,21800506,351,1626196,Josh Richardson,1610612748,Miami Heat,3,8,16,Made Shot,Running Layup Shot,2PT Field Goal,Restricted Area,Center(C),Less Than 8 ft.,3,15,27,1,1,20181226,MIA,TOR,21800506351,16640,0,201949|202355|203585|1626159|1626196,0,REG,2019,201980,17.0,SG,Wing Stopper,0.88,Richardson 3' Running Layup (12 PTS),SG,Primary Ball Handler,0.23,
Shot Chart Detail,21800506,428,1626196,Josh Richardson,1610612748,Miami Heat,3,1,16,Made Shot,Jump Shot,3PT Field Goal,Above the Break 3,Left Side Center(LC),24+ ft.,27,-207,184,1,1,20181226,MIA,TOR,21800506428,20840,0,2548|201949|204020|1626196|1628389,1,REG,2019,1627832,1.0,PG,Point of Attack,0.05,Richardson 28' 3PT Jump Shot (15 PTS) (Wade 3 AST),SG,Primary Ball Handler,0.23,2548.0
Shot Chart Detail,21800506,448,1626196,Josh Richardson,1610612748,Miami Heat,4,11,44,Missed Shot,Step Back Jump shot,3PT Field Goal,Above the Break 3,Center(C),24+ ft.,26,63,257,1,0,20181226,MIA,TOR,21800506448,21760,0,2548|203482|204020|1626196|1628389,0,REG,2019,,,,,,,SG,Primary Ball Handler,0.23,
Shot Chart Detail,21800506,548,1626196,Josh Richardson,1610612748,Miami Heat,4,3,28,Made Shot,Pullup Jump shot,2PT Field Goal,Mid-Range,Center(C),16-24 ft.,17,-27,170,1,1,20181226,MIA,TOR,21800506548,26720,0,201949|202355|204020|1626159|1626196,1,REG,2019,1627832,2.0,PG,Point of Attack,0.05,Richardson 17' Pullup Jump Shot (17 PTS) (T. Johnson 6 AST),SG,Primary Ball Handler,0.23,204020.0
Shot Chart Detail,21800506,576,1626196,Josh Richardson,1610612748,Miami Heat,4,1,29,Missed Shot,Fadeaway Jump Shot,2PT Field Goal,In The Paint (Non-RA),Center(C),8-16 ft.,8,-28,83,1,0,20181226,MIA,TOR,21800506576,27910,0,2548|201949|202355|1626159|1626196,0,REG,2019,1627832|202695,0.0,,,,,SG,Primary Ball Handler,0.23,
Shot Chart Detail,21800521,15,1626196,Josh Richardson,1610612748,Miami Heat,1,10,45,Made Shot,Jump Shot,3PT Field Goal,Above the Break 3,Left Side Center(LC),24+ ft.,25,-220,136,1,1,20181228,MIA,CLE,2180052115,750,0,201949|202355|203585|1626159|1626196,1,REG,2019,202692,3.0,SG,Chaser,-0.66,Richardson 26' 3PT Jump Shot (3 PTS) (Winslow 1 AST),SG,Primary Ball Handler,0.23,1626159.0
Shot Chart Detail,21800521,129,1626196,Josh Richardson,1610612748,Miami Heat,1,1,53,Missed Shot,Jump Shot,3PT Field Goal,Above the Break 3,Left Side Center(LC),24+ ft.,26,-183,195,1,0,20181228,MIA,CLE,21800521129,6070,0,2548|203482|204020|1626196|1628389,0,REG,2019,203903,-1.0,SG,Low Activity,-2.96,MISS Richardson 27' 3PT Jump Shot,SG,Primary Ball Handler,0.23,
Shot Chart Detail,21800521,169,1626196,Josh Richardson,1610612748,Miami Heat,2,9,46,Missed Shot,Driving Layup Shot,2PT Field Goal,Restricted Area,Center(C),Less Than 8 ft.,3,18,31,1,0,20181228,MIA,CLE,21800521169,8540,0,2548|203482|204020|1626196|1628389,0,REG,2019,1627883|1626204,-1.0,,,,,SG,Primary Ball Handler,0.23,
Shot Chart Detail,21800521,176,1626196,Josh Richardson,1610612748,Miami Heat,2,9,19,Missed Shot,Pullup Jump shot,2PT Field Goal,Mid-Range,Left Side Center(LC),16-24 ft.,20,-142,141,1,0,20181228,MIA,CLE,21800521176,8810,0,2548|203482|204020|1626196|1628389,0,REG,2019,203903|1626204,-1.0,,,,,SG,Primary Ball Handler,0.23,
Shot Chart Detail,21800521,279,1626196,Josh Richardson,1610612748,Miami Heat,2,2,24,Missed Shot,Jump Shot,3PT Field Goal,Above the Break 3,Left Side Center(LC),24+ ft.,26,-170,204,1,0,20181228,MIA,CLE,21800521279,12960,0,203585|1626159|1626196|1627884|1628389,0,REG,2019,202692,3.0,SG,Chaser,-0.66,MISS Richardson 27' 3PT Jump Shot,SG,Primary Ball Handler,0.23,
Shot Chart Detail,21800521,299,1626196,Josh Richardson,1610612748,Miami Heat,2,0,35,Missed Shot,Pullup Jump shot,3PT Field Goal,Above the Break 3,Left Side Center(LC),24+ ft.,25,-164,197,1,0,20181228,MIA,CLE,21800521299,14050,0,2548|1626159|1626196|1627884|1628389,0,REG,2019,1626204|202692,4.0,,,,,SG,Primary Ball Handler,0.23,
Shot Chart Detail,21800521,311,1626196,Josh Richardson,1610612748,Miami Heat,2,0,12,Made Shot,Pullup Jump shot,2PT Field Goal,Mid-Range,Left Side Center(LC),16-24 ft.,19,-106,168,1,1,20181228,MIA,CLE,21800521311,14280,0,2548|204020|1626159|1626196|1628389,0,REG,2019,202692,4.0,SG,Chaser,-0.66,Richardson 20' Pullup Jump Shot (6 PTS),SG,Primary Ball Handler,0.23,
Shot Chart Detail,21800521,342,1626196,Josh Richardson,1610612748,Miami Heat,3,10,27,Made Shot,Driving Layup Shot,2PT Field Goal,Restricted Area,Center(C),Less Than 8 ft.,3,-26,24,1,1,20181228,MIA,CLE,21800521342,15330,0,202355|203585|1626159|1626196|1627884,0,REG,2019,101112,6.0,C,Anchor Big,-0.1,Richardson 4' Driving Layup (8 PTS),SG,Primary Ball Handler,0.23,
Shot Chart Detail,21800521,384,1626196,Josh Richardson,1610612748,Miami Heat,3,6,52,Missed Shot,Driving Floating Jump Shot,2PT Field Goal,Mid-Range,Right Side(R),8-16 ft.,11,101,45,1,0,20181228,MIA,CLE,21800521384,17480,0,202355|203585|1626159|1626196|1627884,0,REG,2019,202692,9.0,SG,Chaser,-0.66,MISS Richardson 11' Driving Floating Jump Shot,SG,Primary Ball Handler,0.23,
Shot Chart Detail,21800521,498,1626196,Josh Richardson,1610612748,Miami Heat,4,10,10,Missed Shot,Driving Layup Shot,2PT Field Goal,Restricted Area,Center(C),Less Than 8 ft.,2,-25,4,1,0,20181228,MIA,CLE,21800521498,22700,0,2548|203482|204020|1626196|1628389,0,REG,2019,203903,12.0,SG,Low Activity,-2.96,MISS Richardson 3' Driving Layup,SG,Primary Ball Handler,0.23,
Shot Chart Detail,21800521,565,1626196,Josh Richardson,1610612748,Miami Heat,4,4,52,Made Shot,Jump Shot,3PT Field Goal,Above the Break 3,Left Side Center(LC),24+ ft.,24,-210,127,1,1,20181228,MIA,CLE,21800521565,25880,0,203482|203585|1626159|1626196|1628389,1,REG,2019,1629012,18.0,PG,Point of Attack,-2.3,Richardson 25' 3PT Jump Shot (14 PTS) (Adebayo 5 AST),SG,Primary Ball Handler,0.23,1628389.0
Shot Chart Detail,21800521,569,1626196,Josh Richardson,1610612748,Miami Heat,4,4,18,Missed Shot,Jump Shot,3PT Field Goal,Above the Break 3,Right Side Center(RC),24+ ft.,24,217,122,1,0,20181228,MIA,CLE,21800521569,26220,0,203482|203585|1626159|1626196|1628389,0,REG,2019,,,,,,,SG,Primary Ball Handler,0.23,
Shot Chart Detail,21800521,587,1626196,Josh Richardson,1610612748,Miami Heat,4,3,10,Missed Shot,Jump Shot,3PT Field Goal,Left Corner 3,Left Side(L),24+ ft.,22,-225,19,1,0,20181228,MIA,CLE,21800521587,26900,0,203482|203585|1626159|1626196|1628389,0,REG,2019,1629012,17.0,PG,Point of Attack,-2.3,MISS Richardson 3PT Jump Shot,SG,Primary Ball Handler,0.23,
Shot Chart Detail,21800521,598,1626196,Josh Richardson,1610612748,Miami Heat,4,2,11,Made Shot,Driving Layup Shot,2PT Field Goal,Restricted Area,Center(C),Less Than 8 ft.,2,29,4,1,1,20181228,MIA,CLE,21800521598,27490,0,203482|203585|1626159|1626196|1628389,1,REG,2019,101112|1627883,17.0,,,,,SG,Primary Ball Handler,0.23,203482.0
Shot Chart Detail,21800537,50,1626196,Josh Richardson,1610612748,Miami Heat,1,7,42,Missed Shot,Driving Reverse Layup Shot,2PT Field Goal,Restricted Area,Center(C),Less Than 8 ft.,1,18,8,1,0,20181230,MIA,MIN,2180053750,2580,0,203585|1626159|1626196|1627884|1628389,0,REG,2019,1626157,-7.0,C,Anchor Big,0.23,MISS Richardson 2' Driving Reverse Layup,SG,Primary Ball Handler,0.23,
Shot Chart Detail,21800537,55,1626196,Josh Richardson,1610612748,Miami Heat,1,7,10,Made Shot,Jump Shot,3PT Field Goal,Above the Break 3,Left Side Center(LC),24+ ft.,24,-187,155,1,1,20181230,MIA,MIN,2180053755,2900,0,203585|1626159|1626196|1627884|1628389,1,REG,2019,203496|201959,-4.0,,,,,SG,Primary Ball Handler,0.23,1626159.0
Shot Chart Detail,21800537,83,1626196,Josh Richardson,1610612748,Miami Heat,1,3,29,Missed Shot,Pullup Jump shot,3PT Field Goal,Above the Break 3,Left Side Center(LC),24+ ft.,24,-129,214,1,0,20181230,MIA,MIN,2180053783,5110,0,203585|1626159|1626196|1627884|1628389,0,REG,2019,203496,-4.0,SF,Wing Stopper,2.5,MISS Richardson 25' 3PT Pullup Jump Shot,SG,Primary Ball Handler,0.23,
Shot Chart Detail,21800537,106,1626196,Josh Richardson,1610612748,Miami Heat,1,2,44,Missed Shot,Jump Shot,3PT Field Goal,Left Corner 3,Left Side(L),24+ ft.,23,-230,36,1,0,20181230,MIA,MIN,21800537106,5560,0,2548|203482|204020|1626196|1628389,0,REG,2019,201573,-4.0,PG,Point of Attack,-1.61,MISS Richardson 3PT Jump Shot,SG,Primary Ball Handler,0.23,
Shot Chart Detail,21800537,290,1626196,Josh Richardson,1610612748,Miami Heat,2,3,26,Made Shot,Driving Layup Shot,2PT Field Goal,Restricted Area,Center(C),Less Than 8 ft.,1,-8,8,1,1,20181230,MIA,MIN,21800537290,12340,0,202355|203482|203585|1626159|1626196,1,REG,2019,203952,0.0,SF,Wing Stopper,-1.56,Richardson 1' Driving Layup (7 PTS) (Olynyk 1 AST),SG,Primary Ball Handler,0.23,203482.0
Shot Chart Detail,21800537,352,1626196,Josh Richardson,1610612748,Miami Heat,2,1,4,Missed Shot,Jump Shot,3PT Field Goal,Above the Break 3,Left Side Center(LC),24+ ft.,25,-192,161,1,0,20181230,MIA,MIN,21800537352,13760,0,203482|203585|204020|1626196|1627884,0,REG,2019,201959,-2.0,PF,Mobile Big,0.03,MISS Richardson 25' 3PT Jump Shot,SG,Primary Ball Handler,0.23,
Shot Chart Detail,21800537,396,1626196,Josh Richardson,1610612748,Miami Heat,3,10,20,Missed Shot,Jump Shot,3PT Field Goal,Above the Break 3,Left Side Center(LC),24+ ft.,26,-121,233,1,0,20181230,MIA,MIN,21800537396,15400,0,202355|203585|1626159|1626196|1627884,0,REG,2019,203496,-4.0,SF,Wing Stopper,2.5,MISS Richardson 26' 3PT Jump Shot,SG,Primary Ball Handler,0.23,
Shot Chart Detail,21800537,405,1626196,Josh Richardson,1610612748,Miami Heat,3,9,23,Missed Shot,Driving Floating Jump Shot,2PT Field Goal,In The Paint (Non-RA),Center(C),Less Than 8 ft.,6,63,28,1,0,20181230,MIA,MIN,21800537405,15970,0,202355|203585|1626159|1626196|1627884,0,REG,2019,201959,-3.0,PF,Mobile Big,0.03,MISS Richardson 7' Driving Floating Jump Shot,SG,Primary Ball Handler,0.23,
Shot Chart Detail,21800537,496,1626196,Josh Richardson,1610612748,Miami Heat,3,2,21,Made Shot,Jump Shot,3PT Field Goal,Left Corner 3,Left Side(L),24+ ft.,24,-234,80,1,1,20181230,MIA,MIN,21800537496,20190,0,2548|203482|204020|1626196|1628389,1,REG,2019,201959,-2.0,PF,Mobile Big,0.03,Richardson 25' 3PT Jump Shot (13 PTS) (Olynyk 3 AST),SG,Primary Ball Handler,0.23,203482.0
Shot Chart Detail,21800537,515,1626196,Josh Richardson,1610612748,Miami Heat,3,0,43,Missed Shot,Pullup Jump shot,2PT Field Goal,Mid-Range,Left Side Center(LC),16-24 ft.,16,-87,144,1,0,20181230,MIA,MIN,21800537515,21170,0,2548|203482|204020|1626196|1628389,0,REG,2019,203476,-8.0,C,Anchor Big,1.43,MISS Richardson 17' Pullup Jump Shot,SG,Primary Ball Handler,0.23,
Shot Chart Detail,21800537,662,1626196,Josh Richardson,1610612748,Miami Heat,4,3,52,Missed Shot,Turnaround Jump Shot,2PT Field Goal,In The Paint (Non-RA),Center(C),8-16 ft.,9,-34,86,1,0,20181230,MIA,MIN,21800537662,26480,0,2548|202355|204020|1626196|1627884,0,REG,2019,203952,-11.0,SF,Wing Stopper,-1.56,MISS Richardson 9' Turnaround Jump Shot,SG,Primary Ball Handler,0.23,
Shot Chart Detail,21800537,669,1626196,Josh Richardson,1610612748,Miami Heat,4,3,25,Made Shot,Driving Layup Shot,2PT Field Goal,Restricted Area,Center(C),Less Than 8 ft.,3,36,5,1,1,20181230,MIA,MIN,21800537669,26750,0,2548|202355|204020|1626196|1627884,1,REG,2019,203496,-11.0,SF,Wing Stopper,2.5,Richardson 4' Driving Layup (15 PTS) (Wade 4 AST),SG,Primary Ball Handler,0.23,2548.0
Shot Chart Detail,21800537,721,1626196,Josh Richardson,1610612748,Miami Heat,4,0,36,Missed Shot,Jump Shot,3PT Field Goal,Above the Break 3,Center(C),24+ ft.,26,-11,267,1,0,20181230,MIA,MIN,21800537721,28440,0,2548|204020|1626196|1627884|1628389,0,REG,2019,203496,-9.0,SF,Wing Stopper,2.5,MISS Richardson 27' 3PT Jump Shot,SG,Primary Ball Handler,0.23,
Shot Chart Detail,21800555,29,1626196,Josh Richardson,1610612748,Miami Heat,1,10,15,Missed Shot,Jump Shot,3PT Field Goal,Above the Break 3,Right Side Center(RC),24+ ft.,26,232,132,1,0,20190102,CLE,MIA,2180055529,1050,0,201949|202355|203585|1626159|1626196,0,REG,2019,202692,-2.0,SG,Chaser,-0.66,MISS Richardson 27' 3PT Jump Shot,SG,Primary Ball Handler,0.23,
Shot Chart Detail,21800555,49,1626196,Josh Richardson,1610612748,Miami Heat,1,7,58,Made Shot,Pullup Jump shot,2PT Field Goal,In The Paint (Non-RA),Center(C),8-16 ft.,11,11,116,1,1,20190102,CLE,MIA,2180055549,2420,0,201949|202355|203585|1626159|1626196,0,REG,2019,202684,-4.0,C,Anchor Big,-0.03,Richardson 12' Pullup Jump Shot (2 PTS),SG,Primary Ball Handler,0.23,
Shot Chart Detail,21800555,54,1626196,Josh Richardson,1610612748,Miami Heat,1,7,26,Missed Shot,Pullup Jump shot,2PT Field Goal,Mid-Range,Right Side(R),8-16 ft.,11,110,8,1,0,20190102,CLE,MIA,2180055554,2740,0,201949|202355|203585|1626159|1626196,0,REG,2019,1629012,-7.0,PG,Point of Attack,-2.3,MISS Richardson 11' Pullup Jump Shot,SG,Primary Ball Handler,0.23,
Shot Chart Detail,21800555,59,1626196,Josh Richardson,1610612748,Miami Heat,1,6,54,Made Shot,Turnaround Jump Shot,2PT Field Goal,Mid-Range,Right Side(R),8-16 ft.,11,89,77,1,1,20190102,CLE,MIA,2180055559,3060,0,201949|202355|203585|1626159|1626196,0,REG,2019,1629012,-5.0,PG,Point of Attack,-2.3,Richardson 12' Turnaround Jump Shot (4 PTS),SG,Primary Ball Handler,0.23,
Shot Chart Detail,21800555,129,1626196,Josh Richardson,1610612748,Miami Heat,1,1,29,Made Shot,Jump Shot,3PT Field Goal,Above the Break 3,Right Side Center(RC),24+ ft.,26,192,189,1,1,20190102,CLE,MIA,21800555129,6310,0,203482|204020|1626196|1627884|1628389,1,REG,2019,203903,2.0,SG,Low Activity,-2.96,Richardson 27' 3PT Jump Shot (9 PTS) (Adebayo 1 AST),SG,Primary Ball Handler,0.23,1628389.0
Shot Chart Detail,21800555,143,1626196,Josh Richardson,1610612748,Miami Heat,1,0,21,Missed Shot,Turnaround Jump Shot,2PT Field Goal,In The Paint (Non-RA),Center(C),8-16 ft.,11,24,116,1,0,20190102,CLE,MIA,21800555143,6990,0,203482|204020|1626196|1627884|1628389,0,REG,2019,203903,-1.0,SG,Low Activity,-2.96,MISS Richardson 12' Turnaround Jump Shot,SG,Primary Ball Handler,0.23,
Shot Chart Detail,21800555,180,1626196,Josh Richardson,1610612748,Miami Heat,2,9,21,Made Shot,Jump Shot,3PT Field Goal,Above the Break 3,Left Side Center(LC),24+ ft.,24,-176,168,1,1,20190102,CLE,MIA,21800555180,8790,0,203482|204020|1626196|1627884|1628389,1,REG,2019,1627883,2.0,SF,Helper,0.77,Richardson 24' 3PT Jump Shot (12 PTS) (T. Johnson 1 AST),SG,Primary Ball Handler,0.23,204020.0
Shot Chart Detail,21800555,299,1626196,Josh Richardson,1610612748,Miami Heat,3,10,23,Missed Shot,Pullup Jump shot,2PT Field Goal,Mid-Range,Left Side(L),8-16 ft.,11,-101,50,1,0,20190102,CLE,MIA,21800555299,15370,0,201949|202355|203585|1626159|1626196,0,REG,2019,202692,15.0,SG,Chaser,-0.66,MISS Richardson 11' Pullup Jump Shot,SG,Primary Ball Handler,0.23,
Shot Chart Detail,21800555,313,1626196,Josh Richardson,1610612748,Miami Heat,3,9,2,Missed Shot,Pullup Jump shot,2PT Field Goal,Mid-Range,Right Side Center(RC),16-24 ft.,16,130,100,1,0,20190102,CLE,MIA,21800555313,16180,0,201949|202355|203585|1626159|1626196,0,REG,2019,1626224,16.0,SF,Wing Stopper,-1.21,MISS Richardson 16' Pullup Jump Shot,SG,Primary Ball Handler,0.23,
Shot Chart Detail,21800555,331,1626196,Josh Richardson,1610612748,Miami Heat,3,7,17,Made Shot,Driving Floating Bank Jump Shot,2PT Field Goal,Restricted Area,Center(C),Less Than 8 ft.,3,-3,33,1,1,20190102,CLE,MIA,21800555331,17230,0,201949|202355|203585|1626159|1626196,1,REG,2019,202692,15.0,SG,Chaser,-0.66,Richardson 3' Driving Floating Bank Jump Shot (14 PTS) (J. Johnson 2 AST),SG,Primary Ball Handler,0.23,201949.0
Shot Chart Detail,21800555,359,1626196,Josh Richardson,1610612748,Miami Heat,3,4,53,Made Shot,Turnaround Fadeaway shot,2PT Field Goal,In The Paint (Non-RA),Right Side(R),8-16 ft.,8,48,67,1,1,20190102,CLE,MIA,21800555359,18670,0,201949|202355|203585|1626159|1626196,1,REG,2019,1629012,,PG,Point of Attack,-2.3,Richardson 8' Turnaround Fadeaway (16 PTS) (Winslow 5 AST),SG,Primary Ball Handler,0.23,1626159.0
Shot Chart Detail,21800555,427,1626196,Josh Richardson,1610612748,Miami Heat,3,0,0,Made Shot,Jump Shot,3PT Field Goal,Above the Break 3,Right Side Center(RC),24+ ft.,24,168,184,1,1,20190102,CLE,MIA,21800555427,21600,0,203482|204020|1626196|1627884|1628389,1,REG,2019,203521,20.0,PG,Point of Attack,-0.91,Richardson 25' 3PT Jump Shot (19 PTS) (T. Johnson 2 AST),SG,Primary Ball Handler,0.23,204020.0
Shot Chart Detail,21800555,449,1626196,Josh Richardson,1610612748,Miami Heat,4,9,35,Missed Shot,Step Back Jump shot,3PT Field Goal,Above the Break 3,Center(C),24+ ft.,24,43,239,1,0,20190102,CLE,MIA,21800555449,23050,0,203482|204020|1626196|1627884|1628389,0,REG,2019,203903,15.0,SG,Low Activity,-2.96,MISS Richardson 24' 3PT Step Back Jump Shot,SG,Primary Ball Handler,0.23,
Shot Chart Detail,21800555,470,1626196,Josh Richardson,1610612748,Miami Heat,4,7,41,Made Shot,Turnaround Fadeaway Bank Jump Shot,2PT Field Goal,Mid-Range,Left Side(L),8-16 ft.,10,-98,34,1,1,20190102,CLE,MIA,21800555470,24190,0,203482|204020|1626196|1627884|1628389,0,REG,2019,203903,17.0,SG,Low Activity,-2.96,Richardson 10' Turnaround Fadeaway Bank Jump Shot (21 PTS),SG,Primary Ball Handler,0.23,
Shot Chart Detail,21800555,473,1626196,Josh Richardson,1610612748,Miami Heat,4,7,15,Missed Shot,Jump Shot,3PT Field Goal,Above the Break 3,Left Side Center(LC),24+ ft.,26,-224,132,1,0,20190102,CLE,MIA,21800555473,24450,0,203482|204020|1626196|1627884|1628389,0,REG,2019,1627775,17.0,SG,Chaser,0.14,MISS Richardson 26' 3PT Jump Shot,SG,Primary Ball Handler,0.23,
Shot Chart Detail,21800555,501,1626196,Josh Richardson,1610612748,Miami Heat,4,4,56,Made Shot,Jump Shot,3PT Field Goal,Above the Break 3,Left Side Center(LC),24+ ft.,27,-210,180,1,1,20190102,CLE,MIA,21800555501,25840,0,203482|204020|1626196|1627884|1628389,1,REG,2019,202692,20.0,SG,Chaser,-0.66,Richardson 28' 3PT Jump Shot (24 PTS) (T. Johnson 4 AST),SG,Primary Ball Handler,0.23,204020.0
Shot Chart Detail,21800568,22,1626196,Josh Richardson,1610612748,Miami Heat,1,10,27,Missed Shot,Pullup Jump shot,3PT Field Goal,Above the Break 3,Right Side Center(RC),24+ ft.,24,105,226,1,0,20190104,MIA,WAS,2180056822,930,0,201949|202355|203585|1626159|1626196,0,REG,2019,1628418,3.0,C,Mobile Big,0.43,MISS Richardson 25' 3PT Pullup Jump Shot,SG,Primary Ball Handler,0.23,
Shot Chart Detail,21800568,37,1626196,Josh Richardson,1610612748,Miami Heat,1,9,23,Missed Shot,Pullup Jump shot,3PT Field Goal,Above the Break 3,Right Side Center(RC),24+ ft.,25,105,237,1,0,20190104,MIA,WAS,2180056837,1570,0,201949|202355|203585|1626159|1626196,0,REG,2019,203078,3.0,SG,Chaser,-1.2,MISS Richardson 26' 3PT Pullup Jump Shot,SG,Primary Ball Handler,0.23,
Shot Chart Detail,21800568,45,1626196,Josh Richardson,1610612748,Miami Heat,1,8,50,Missed Shot,Driving Layup Shot,2PT Field Goal,Restricted Area,Center(C),Less Than 8 ft.,1,-13,1,1,0,20190104,MIA,WAS,2180056845,1900,0,201949|202355|203585|1626159|1626196,0,REG,2019,203107,3.0,PG,Point of Attack,-0.03,MISS Richardson 1' Driving Layup,SG,Primary Ball Handler,0.23,
Shot Chart Detail,21800568,243,1626196,Josh Richardson,1610612748,Miami Heat,2,7,25,Missed Shot,Jump Shot,3PT Field Goal,Above the Break 3,Left Side Center(LC),24+ ft.,24,-203,143,1,0,20190104,MIA,WAS,21800568243,9950,0,203482|204020|1626196|1627884|1628389,0,REG,2019,2772|1626155,2.0,,,,,SG,Primary Ball Handler,0.23,
Shot Chart Detail,21800568,302,1626196,Josh Richardson,1610612748,Miami Heat,2,3,21,Made Shot,Driving Finger Roll Layup Shot,2PT Field Goal,Restricted Area,Center(C),Less Than 8 ft.,1,-9,15,1,1,20190104,MIA,WAS,21800568302,12390,0,201949|202355|203585|1626159|1626196,1,REG,2019,203107,0.0,PG,Point of Attack,-0.03,Richardson 2' Driving Finger Roll Layup (5 PTS) (Winslow 4 AST),SG,Primary Ball Handler,0.23,1626159.0
Shot Chart Detail,21800568,306,1626196,Josh Richardson,1610612748,Miami Heat,2,3,1,Missed Shot,Jump Shot,3PT Field Goal,Right Corner 3,Right Side(R),24+ ft.,23,235,4,1,0,20190104,MIA,WAS,21800568306,12590,0,201949|202355|203585|1626159|1626196,0,REG,2019,201145,0.0,PF,Helper,-1.27,MISS Richardson 24' 3PT Jump Shot,SG,Primary Ball Handler,0.23,
Shot Chart Detail,21800568,322,1626196,Josh Richardson,1610612748,Miami Heat,2,1,15,Made Shot,Driving Layup Shot,2PT Field Goal,Restricted Area,Center(C),Less Than 8 ft.,2,-14,16,1,1,20190104,MIA,WAS,21800568322,13650,0,201949|202355|203585|1626159|1626196,1,REG,2019,1628418,1.0,C,Mobile Big,0.43,Richardson 2' Driving Layup (7 PTS) (Winslow 6 AST),SG,Primary Ball Handler,0.23,1626159.0
Shot Chart Detail,21800568,379,1626196,Josh Richardson,1610612748,Miami Heat,3,9,0,Made Shot,Driving Layup Shot,2PT Field Goal,Restricted Area,Center(C),Less Than 8 ft.,2,-16,12,1,1,20190104,MIA,WAS,21800568379,16200,0,201949|202355|203585|1626159|1626196,0,REG,2019,203107,0.0,PG,Point of Attack,-0.03,Richardson 2' Driving Layup (9 PTS),SG,Primary Ball Handler,0.23,
Shot Chart Detail,21800568,408,1626196,Josh Richardson,1610612748,Miami Heat,3,5,45,Made Shot,Jump Shot,3PT Field Goal,Left Corner 3,Left Side(L),24+ ft.,23,-231,21,1,1,20190104,MIA,WAS,21800568408,18150,0,2548|201949|202355|203585|1626159,1,REG,2019,203107|2772,4.0,,,,,SG,Primary Ball Handler,0.23,1626159.0
Shot Chart Detail,21800568,476,1626196,Josh Richardson,1610612748,Miami Heat,3,1,20,Made Shot,Jump Shot,3PT Field Goal,Left Corner 3,Left Side(L),24+ ft.,24,-230,86,1,1,20190104,MIA,WAS,21800568476,20800,0,2548|201949|204020|1626196|1628389,1,REG,2019,101133,7.0,C,Anchor Big,1.32,Richardson 25' 3PT Jump Shot (15 PTS) (Adebayo 3 AST),SG,Primary Ball Handler,0.23,1628389.0
Shot Chart Detail,21800568,517,1626196,Josh Richardson,1610612748,Miami Heat,4,11,8,Missed Shot,Jump Shot,3PT Field Goal,Above the Break 3,Left Side Center(LC),24+ ft.,25,-175,181,1,0,20190104,MIA,WAS,21800568517,22120,0,2548|204020|1626196|1627884|1628389,0,REG,2019,2772,9.0,SF,Wing Stopper,-0.72,MISS Richardson 25' 3PT Jump Shot,SG,Primary Ball Handler,0.23,
Shot Chart Detail,21800568,533,1626196,Josh Richardson,1610612748,Miami Heat,4,9,16,Missed Shot,Pullup Jump shot,2PT Field Goal,In The Paint (Non-RA),Center(C),8-16 ft.,12,-39,118,1,0,20190104,MIA,WAS,21800568533,23240,0,2548|204020|1626196|1627884|1628389,0,REG,2019,1626155,7.0,PF,Low Activity,-0.31,MISS Richardson 12' Pullup Jump Shot,SG,Primary Ball Handler,0.23,
Shot Chart Detail,21800568,539,1626196,Josh Richardson,1610612748,Miami Heat,4,9,2,Missed Shot,Jump Shot,3PT Field Goal,Above the Break 3,Right Side Center(RC),24+ ft.,24,163,184,1,0,20190104,MIA,WAS,21800568539,23380,0,2548|204020|1626196|1627884|1628389,0,REG,2019,203078,7.0,SG,Chaser,-1.2,MISS Richardson 25' 3PT Jump Shot,SG,Primary Ball Handler,0.23,
Shot Chart Detail,21800568,548,1626196,Josh Richardson,1610612748,Miami Heat,4,8,48,Made Shot,Pullup Jump shot,2PT Field Goal,Mid-Range,Left Side(L),16-24 ft.,19,-188,37,1,1,20190104,MIA,WAS,21800568548,23520,0,2548|204020|1626196|1627884|1628389,1,REG,2019,203078,10.0,SG,Chaser,-1.2,Richardson 19' Pullup Jump Shot (18 PTS) (Adebayo 5 AST),SG,Primary Ball Handler,0.23,1628389.0
Shot Chart Detail,21800568,558,1626196,Josh Richardson,1610612748,Miami Heat,4,8,13,Missed Shot,Driving Layup Shot,2PT Field Goal,Restricted Area,Center(C),Less Than 8 ft.,0,-2,8,1,0,20190104,MIA,WAS,21800568558,23870,0,2548|204020|1626196|1627884|1628389,0,REG,2019,1628418|203078,8.0,,,,,SG,Primary Ball Handler,0.23,
Shot Chart Detail,21800568,636,1626196,Josh Richardson,1610612748,Miami Heat,4,1,35,Missed Shot,Pullup Jump shot,2PT Field Goal,Mid-Range,Left Side Center(LC),16-24 ft.,21,-68,204,1,0,20190104,MIA,WAS,21800568636,27850,0,2548|201949|1626159|1626196|1628389,0,REG,2019,201145,5.0,PF,Helper,-1.27,MISS Richardson 22' Pullup Jump Shot,SG,Primary Ball Handler,0.23,
Shot Chart Detail,21800587,12,1626196,Josh Richardson,1610612748,Miami Heat,1,10,57,Missed Shot,Pullup Jump shot,2PT Field Goal,Mid-Range,Center(C),16-24 ft.,20,-22,203,1,0,20190106,ATL,MIA,2180058712,630,0,201949|202355|203585|1626159|1626196,0,REG,2019,1628381,-5.0,PF,Helper,-1.35,MISS Richardson 20' Pullup Jump Shot,SG,Primary Ball Handler,0.23,
Shot Chart Detail,21800587,22,1626196,Josh Richardson,1610612748,Miami Heat,1,10,10,Missed Shot,Cutting Layup Shot,2PT Field Goal,Restricted Area,Center(C),Less Than 8 ft.,0,2,6,1,0,20190106,ATL,MIA,2180058722,1100,0,201949|202355|203585|1626159|1626196,0,REG,2019,1627761,-5.0,SG,Wing Stopper,0.26,MISS Richardson 1' Cutting Layup Shot,SG,Primary Ball Handler,0.23,
Shot Chart Detail,21800587,71,1626196,Josh Richardson,1610612748,Miami Heat,1,6,48,Made Shot,Driving Layup Shot,2PT Field Goal,Restricted Area,Center(C),Less Than 8 ft.,0,-3,6,1,1,20190106,ATL,MIA,2180058771,3120,0,201949|202355|203585|1626159|1626196,0,REG,2019,203458,-7.0,C,Anchor Big,0.28,Richardson 1' Driving Layup (2 PTS),SG,Primary Ball Handler,0.23,
Shot Chart Detail,21800587,76,1626196,Josh Richardson,1610612748,Miami Heat,1,6,23,Missed Shot,Jump Shot,3PT Field Goal,Above the Break 3,Center(C),24+ ft.,25,-25,257,1,0,20190106,ATL,MIA,2180058776,3370,0,201949|202355|203585|1626159|1626196,0,REG,2019,1627772,-9.0,SG,Wing Stopper,-0.25,MISS Richardson 26' 3PT Jump Shot,SG,Primary Ball Handler,0.23,
Shot Chart Detail,21800587,339,1626196,Josh Richardson,1610612748,Miami Heat,2,2,15,Made Shot,Driving Layup Shot,2PT Field Goal,Restricted Area,Center(C),Less Than 8 ft.,0,-4,3,1,1,20190106,ATL,MIA,21800587339,13050,0,2548|201949|202355|203585|1626196,1,REG,2019,1628381|1628989,-3.0,,,,,SG,Primary Ball Handler,0.23,201949.0
Shot Chart Detail,21800587,350,1626196,Josh Richardson,1610612748,Miami Heat,2,1,30,Missed Shot,Step Back Jump shot,3PT Field Goal,Above the Break 3,Left Side Center(LC),24+ ft.,25,-173,183,1,0,20190106,ATL,MIA,21800587350,13500,0,2548|201949|202355|203585|1626196,0,REG,2019,1628989,-2.0,SG,Chaser,-0.34,MISS Richardson 25' 3PT Step Back Jump Shot,SG,Primary Ball Handler,0.23,
Shot Chart Detail,21800587,400,1626196,Josh Richardson,1610612748,Miami Heat,3,10,46,Made Shot,Driving Layup Shot,2PT Field Goal,Restricted Area,Center(C),Less Than 8 ft.,1,5,13,1,1,20190106,ATL,MIA,21800587400,15140,0,201949|202355|203585|1626159|1626196,1,REG,2019,1628381,-1.0,PF,Helper,-1.35,Richardson 1' Driving Layup (8 PTS) (Winslow 2 AST),SG,Primary Ball Handler,0.23,1626159.0
Shot Chart Detail,21800587,409,1626196,Josh Richardson,1610612748,Miami Heat,3,10,5,Missed Shot,Pullup Jump shot,2PT Field Goal,Mid-Range,Center(C),16-24 ft.,18,47,179,1,0,20190106,ATL,MIA,21800587409,15550,0,201949|202355|203585|1626159|1626196,0,REG,2019,203473,-2.0,C,Anchor Big,1.59,MISS Richardson 19' Pullup Jump Shot,SG,Primary Ball Handler,0.23,
Shot Chart Detail,21800587,448,1626196,Josh Richardson,1610612748,Miami Heat,3,6,12,Made Shot,Pullup Jump shot,2PT Field Goal,Mid-Range,Left Side Center(LC),16-24 ft.,17,-65,165,1,1,20190106,ATL,MIA,21800587448,17880,0,201949|202355|203585|1626159|1626196,1,REG,2019,1628381,-8.0,PF,Helper,-1.35,Richardson 18' Pullup Jump Shot (11 PTS) (J. Johnson 3 AST),SG,Primary Ball Handler,0.23,201949.0
Shot Chart Detail,21800587,489,1626196,Josh Richardson,1610612748,Miami Heat,3,3,44,Missed Shot,Jump Shot,2PT Field Goal,Mid-Range,Left Side(L),16-24 ft.,16,-166,-6,1,0,20190106,ATL,MIA,21800587489,19360,0,2548|1626159|1626196|1627884|1628389,0,REG,2019,203458,-16.0,C,Anchor Big,0.28,MISS Richardson 17' Jump Shot,SG,Primary Ball Handler,0.23,
Shot Chart Detail,21800587,624,1626196,Josh Richardson,1610612748,Miami Heat,4,6,0,Missed Shot,Jump Shot,3PT Field Goal,Above the Break 3,Left Side Center(LC),24+ ft.,24,-224,104,1,0,20190106,ATL,MIA,21800587624,25200,0,203482|1626159|1626196|1627884|1628389,0,REG,2019,1627761,-24.0,SG,Wing Stopper,0.26,MISS Richardson 25' 3PT Jump Shot,SG,Primary Ball Handler,0.23,
Shot Chart Detail,21800601,91,1626196,Josh Richardson,1610612748,Miami Heat,1,4,40,Missed Shot,Turnaround Fadeaway shot,2PT Field Goal,In The Paint (Non-RA),Center(C),8-16 ft.,9,44,87,1,0,20190108,MIA,DEN,2180060191,4400,0,2548|201949|202355|203585|1626196,0,REG,2019,1627736,-4.0,SG,Chaser,-1.1,MISS Richardson 10' Turnaround Fadeaway Shot,SG,Primary Ball Handler,0.23,
Shot Chart Detail,21800601,95,1626196,Josh Richardson,1610612748,Miami Heat,1,4,9,Missed Shot,Jump Shot,3PT Field Goal,Above the Break 3,Left Side Center(LC),24+ ft.,25,-95,234,1,0,20190108,MIA,DEN,2180060195,4710,0,2548|201949|202355|203585|1626196,0,REG,2019,1628470,-4.0,SF,Point of Attack,0.09,MISS Richardson 25' 3PT Jump Shot,SG,Primary Ball Handler,0.23,
Shot Chart Detail,21800601,118,1626196,Josh Richardson,1610612748,Miami Heat,1,3,31,Missed Shot,Pullup Jump shot,2PT Field Goal,In The Paint (Non-RA),Center(C),8-16 ft.,11,-46,103,1,0,20190108,MIA,DEN,21800601118,5090,0,2548|202355|203482|204020|1626196,0,REG,2019,1628420,-4.0,PG,Point of Attack,-0.49,MISS Richardson 11' Pullup Jump Shot,SG,Primary Ball Handler,0.23,
Shot Chart Detail,21800601,145,1626196,Josh Richardson,1610612748,Miami Heat,1,1,53,Made Shot,Step Back Jump shot,2PT Field Goal,Mid-Range,Left Side Center(LC),16-24 ft.,20,-70,197,1,1,20190108,MIA,DEN,21800601145,6070,0,2548|203482|204020|1626196|1628389,0,REG,2019,1628470,-6.0,SF,Point of Attack,0.09,Richardson 21' Step Back Jump Shot (2 PTS),SG,Primary Ball Handler,0.23,
Shot Chart Detail,21800601,148,1626196,Josh Richardson,1610612748,Miami Heat,1,1,35,Missed Shot,Jump Shot,3PT Field Goal,Right Corner 3,Right Side(R),24+ ft.,24,239,26,1,0,20190108,MIA,DEN,21800601148,6250,0,2548|203482|204020|1626196|1628389,0,REG,2019,1627736,-6.0,SG,Chaser,-1.1,MISS Richardson 24' 3PT Jump Shot,SG,Primary Ball Handler,0.23,
Shot Chart Detail,21800601,308,1626196,Josh Richardson,1610612748,Miami Heat,2,2,0,Missed Shot,Pullup Jump shot,2PT Field Goal,Mid-Range,Left Side Center(LC),16-24 ft.,16,-117,110,1,0,20190108,MIA,DEN,21800601308,13200,0,202355|203079|203482|1626159|1626196,0,REG,2019,203999,2.0,C,Mobile Big,1.05,MISS Richardson 16' Pullup Jump Shot,SG,Primary Ball Handler,0.23,
Shot Chart Detail,21800601,416,1626196,Josh Richardson,1610612748,Miami Heat,3,5,28,Made Shot,Driving Finger Roll Layup Shot,2PT Field Goal,Restricted Area,Center(C),Less Than 8 ft.,3,11,38,1,1,20190108,MIA,DEN,21800601416,18320,0,201949|202355|203585|1626159|1626196,0,REG,2019,1627750,2.0,PG,Chaser,-0.68,Richardson 4' Driving Finger Roll Layup (7 PTS),SG,Primary Ball Handler,0.23,
Shot Chart Detail,21800601,428,1626196,Josh Richardson,1610612748,Miami Heat,3,4,50,Missed Shot,Turnaround Fadeaway shot,2PT Field Goal,In The Paint (Non-RA),Center(C),8-16 ft.,13,-51,127,1,0,20190108,MIA,DEN,21800601428,18700,0,2548|201949|202355|203585|1626196,0,REG,2019,1627750,1.0,PG,Chaser,-0.68,MISS Richardson 14' Turnaround Fadeaway Shot,SG,Primary Ball Handler,0.23,
Shot Chart Detail,21800601,545,1626196,Josh Richardson,1610612748,Miami Heat,4,7,39,Made Shot,Pullup Jump shot,3PT Field Goal,Left Corner 3,Left Side(L),24+ ft.,24,-240,59,1,1,20190108,MIA,DEN,21800601545,24210,0,2548|203079|203482|1626196|1628389,1,REG,2019,1628420,-3.0,PG,Point of Attack,-0.49,Richardson 25' 3PT Pullup Jump Shot (10 PTS) (Wade 4 AST),SG,Primary Ball Handler,0.23,2548.0
Shot Chart Detail,21800601,573,1626196,Josh Richardson,1610612748,Miami Heat,4,5,27,Made Shot,Driving Layup Shot,2PT Field Goal,In The Paint (Non-RA),Center(C),Less Than 8 ft.,6,-36,52,1,1,20190108,MIA,DEN,21800601573,25530,0,2548|203079|203482|1626196|1628389,0,REG,2019,1628420,6.0,PG,Point of Attack,-0.49,Richardson 6' Driving Layup (12 PTS),SG,Primary Ball Handler,0.23,
Shot Chart Detail,21800601,624,1626196,Josh Richardson,1610612748,Miami Heat,4,1,16,Missed Shot,Jump Shot,3PT Field Goal,Above the Break 3,Right Side Center(RC),24+ ft.,24,128,214,1,0,20190108,MIA,DEN,21800601624,28040,0,2548|203079|1626159|1626196|1628389,0,REG,2019,1627736,-2.0,SG,Chaser,-1.1,MISS Richardson 25' 3PT Jump Shot,SG,Primary Ball Handler,0.23,
Shot Chart Detail,21800601,629,1626196,Josh Richardson,1610612748,Miami Heat,4,0,36,Missed Shot,Driving Layup Shot,2PT Field Goal,In The Paint (Non-RA),Left Side(L),8-16 ft.,9,-74,54,1,0,20190108,MIA,DEN,21800601629,28440,0,2548|203079|1626159|1626196|1628389,0,REG,2019,1627750,-2.0,PG,Chaser,-0.68,MISS Richardson 9' Driving Layup,SG,Primary Ball Handler,0.23,
Shot Chart Detail,21800617,31,1626196,Josh Richardson,1610612748,Miami Heat,1,8,35,Made Shot,Jump Shot,3PT Field Goal,Above the Break 3,Left Side Center(LC),24+ ft.,24,-204,141,1,1,20190110,MIA,BOS,2180061731,2050,0,201949|202355|203585|1626159|1626196,1,REG,2019,202694,0.0,PF,Helper,-0.01,Richardson 25' 3PT Jump Shot (3 PTS) (J. Johnson 1 AST),SG,Primary Ball Handler,0.23,201949.0
Shot Chart Detail,21800617,44,1626196,Josh Richardson,1610612748,Miami Heat,1,7,6,Missed Shot,Jump Shot,2PT Field Goal,Restricted Area,Center(C),Less Than 8 ft.,1,-12,12,1,0,20190110,MIA,BOS,2180061744,2940,0,201949|202355|203585|1626159|1626196,0,REG,2019,202681,-2.0,PG,Point of Attack,0.16,MISS Richardson 2' Jump Shot,SG,Primary Ball Handler,0.23,
Shot Chart Detail,21800617,49,1626196,Josh Richardson,1610612748,Miami Heat,1,6,48,Made Shot,Jump Shot,2PT Field Goal,Mid-Range,Right Side Center(RC),16-24 ft.,22,179,133,1,1,20190110,MIA,BOS,2180061749,3120,0,201949|202355|203585|1626159|1626196,1,REG,2019,202681,0.0,PG,Point of Attack,0.16,Richardson 22' Jump Shot (5 PTS) (McGruder 1 AST),SG,Primary Ball Handler,0.23,203585.0
Shot Chart Detail,21800617,248,1626196,Josh Richardson,1610612748,Miami Heat,2,3,7,Made Shot,Driving Layup Shot,2PT Field Goal,In The Paint (Non-RA),Center(C),Less Than 8 ft.,6,-39,53,1,1,20190110,MIA,BOS,21800617248,12530,0,202355|204020|1626159|1626196|1627884,1,REG,2019,201143,7.0,C,Anchor Big,1.01,Richardson 7' Driving Layup (7 PTS) (Winslow 4 AST),SG,Primary Ball Handler,0.23,1626159.0
Shot Chart Detail,21800617,258,1626196,Josh Richardson,1610612748,Miami Heat,2,1,47,Made Shot,Jump Shot,3PT Field Goal,Above the Break 3,Left Side Center(LC),24+ ft.,25,-193,167,1,1,20190110,MIA,BOS,21800617258,13330,0,202355|204020|1626159|1626196|1627884,1,REG,2019,203935,11.0,SG,Wing Stopper,1.2,Richardson 26' 3PT Jump Shot (10 PTS) (Whiteside 2 AST),SG,Primary Ball Handler,0.23,202355.0
Shot Chart Detail,21800617,265,1626196,Josh Richardson,1610612748,Miami Heat,2,0,52,Missed Shot,Jump Shot,3PT Field Goal,Above the Break 3,Center(C),24+ ft.,24,42,244,1,0,20190110,MIA,BOS,21800617265,13880,0,2548|202355|1626159|1626196|1627884,0,REG,2019,203935,13.0,SG,Wing Stopper,1.2,MISS Richardson 25' 3PT Jump Shot,SG,Primary Ball Handler,0.23,
Shot Chart Detail,21800617,313,1626196,Josh Richardson,1610612748,Miami Heat,3,9,45,Missed Shot,Jump Shot,3PT Field Goal,Above the Break 3,Left Side Center(LC),24+ ft.,24,-198,148,1,0,20190110,MIA,BOS,21800617313,15750,0,201949|202355|203585|1626159|1626196,0,REG,2019,202681,22.0,PG,Point of Attack,0.16,MISS Richardson 25' 3PT Jump Shot,SG,Primary Ball Handler,0.23,
Shot Chart Detail,21800617,318,1626196,Josh Richardson,1610612748,Miami Heat,3,9,33,Made Shot,Driving Layup Shot,2PT Field Goal,Restricted Area,Center(C),Less Than 8 ft.,2,8,19,1,1,20190110,MIA,BOS,21800617318,15870,0,201949|202355|203585|1626159|1626196,0,REG,2019,202694,24.0,PF,Helper,-0.01,Richardson 2' Driving Layup (12 PTS),SG,Primary Ball Handler,0.23,
Shot Chart Detail,21800617,369,1626196,Josh Richardson,1610612748,Miami Heat,3,6,53,Missed Shot,Driving Layup Shot,2PT Field Goal,Restricted Area,Center(C),Less Than 8 ft.,1,3,15,1,0,20190110,MIA,BOS,21800617369,17470,0,201949|202355|203585|1626159|1626196,0,REG,2019,203935,24.0,SG,Wing Stopper,1.2,MISS Richardson 2' Driving Layup,SG,Primary Ball Handler,0.23,
Shot Chart Detail,21800617,405,1626196,Josh Richardson,1610612748,Miami Heat,3,4,14,Missed Shot,Jump Shot,3PT Field Goal,Above the Break 3,Right Side Center(RC),24+ ft.,25,204,150,1,0,20190110,MIA,BOS,21800617405,19060,0,2548|1626159|1626196|1627884|1628389,0,REG,2019,202681,13.0,PG,Point of Attack,0.16,MISS Richardson 25' 3PT Jump Shot,SG,Primary Ball Handler,0.23,
Shot Chart Detail,21800617,427,1626196,Josh Richardson,1610612748,Miami Heat,3,1,45,Made Shot,Jump Shot,3PT Field Goal,Above the Break 3,Right Side Center(RC),24+ ft.,25,168,187,1,1,20190110,MIA,BOS,21800617427,20550,0,2548|1626159|1626196|1627884|1628389,1,REG,2019,203935,11.0,SG,Wing Stopper,1.2,Richardson 25' 3PT Jump Shot (15 PTS) (Adebayo 1 AST),SG,Primary Ball Handler,0.23,1628389.0
Shot Chart Detail,21800617,557,1626196,Josh Richardson,1610612748,Miami Heat,4,4,20,Missed Shot,Jump Shot,3PT Field Goal,Above the Break 3,Right Side Center(RC),24+ ft.,26,180,199,1,0,20190110,MIA,BOS,21800617557,26200,0,203079|204020|1626196|1627884|1628389,0,REG,2019,1628369,18.0,SF,Chaser,1.3,MISS Richardson 27' 3PT Jump Shot,SG,Primary Ball Handler,0.23,
Shot Chart Detail,21800617,603,1626196,Josh Richardson,1610612748,Miami Heat,4,1,23,Made Shot,Pullup Jump shot,3PT Field Goal,Above the Break 3,Right Side Center(RC),24+ ft.,26,148,219,1,1,20190110,MIA,BOS,21800617603,27970,0,2548|1626159|1626196|1627884|1628389,1,REG,2019,1629057|1627824,19.0,,,,,SG,Primary Ball Handler,0.23,1626159.0
Shot Chart Detail,21800631,33,1626196,Josh Richardson,1610612748,Miami Heat,1,9,2,Missed Shot,Pullup Jump shot,2PT Field Goal,Mid-Range,Right Side Center(RC),16-24 ft.,17,85,156,1,0,20190112,MIA,MEM,2180063133,1780,0,201949|203585|1626159|1626196|1628389,0,REG,2019,201188,-5.0,C,Anchor Big,2.15,MISS Richardson 18' Pullup Jump Shot,SG,Primary Ball Handler,0.23,
Shot Chart Detail,21800631,70,1626196,Josh Richardson,1610612748,Miami Heat,1,6,47,Made Shot,Driving Layup Shot,2PT Field Goal,Restricted Area,Center(C),Less Than 8 ft.,2,-26,13,1,1,20190112,MIA,MEM,2180063170,3130,0,2548|1626159|1626196|1627884|1628389,1,REG,2019,201144,-8.0,PG,Point of Attack,-0.29,Richardson 3' Driving Layup (2 PTS) (Winslow 1 AST),SG,Primary Ball Handler,0.23,1626159.0
Shot Chart Detail,21800631,86,1626196,Josh Richardson,1610612748,Miami Heat,1,5,9,Made Shot,Driving Dunk Shot,2PT Field Goal,Restricted Area,Center(C),Less Than 8 ft.,1,3,15,1,1,20190112,MIA,MEM,2180063186,4110,0,2548|1626159|1626196|1627884|1628389,0,REG,2019,,,,,,,SG,Primary Ball Handler,0.23,
Shot Chart Detail,21800631,111,1626196,Josh Richardson,1610612748,Miami Heat,1,2,20,Made Shot,Jump Shot,3PT Field Goal,Left Corner 3,Left Side(L),24+ ft.,23,-226,61,1,1,20190112,MIA,MEM,21800631111,5800,0,2548|1626159|1626196|1627884|1628389,1,REG,2019,203200,-3.0,SG,Wing Stopper,0.44,Richardson 3PT Jump Shot (7 PTS) (Wade 2 AST),SG,Primary Ball Handler,0.23,2548.0
Shot Chart Detail,21800631,144,1626196,Josh Richardson,1610612748,Miami Heat,1,0,10,Missed Shot,Driving Layup Shot,2PT Field Goal,Restricted Area,Center(C),Less Than 8 ft.,3,28,17,1,0,20190112,MIA,MEM,21800631144,7100,0,2548|203482|204020|1626196|1627884,0,REG,2019,203200,-2.0,SG,Wing Stopper,0.44,MISS Richardson 3' Driving Layup,SG,Primary Ball Handler,0.23,
Shot Chart Detail,21800631,282,1626196,Josh Richardson,1610612748,Miami Heat,2,1,46,Missed Shot,Jump Shot,2PT Field Goal,Mid-Range,Right Side(R),16-24 ft.,19,197,6,1,0,20190112,MIA,MEM,21800631282,13340,0,203482|204020|1626159|1626196|1628389,0,REG,2019,201144,4.0,PG,Point of Attack,-0.29,MISS Richardson 20' Jump Shot,SG,Primary Ball Handler,0.23,
Shot Chart Detail,21800631,323,1626196,Josh Richardson,1610612748,Miami Heat,3,10,36,Missed Shot,Jump Shot,3PT Field Goal,Above the Break 3,Left Side Center(LC),24+ ft.,28,-150,238,1,0,20190112,MIA,MEM,21800631323,15240,0,201949|203585|1626159|1626196|1628389,0,REG,2019,203200,4.0,SG,Wing Stopper,0.44,MISS Richardson 28' 3PT Jump Shot,SG,Primary Ball Handler,0.23,
Shot Chart Detail,21800631,343,1626196,Josh Richardson,1610612748,Miami Heat,3,8,56,Missed Shot,Jump Shot,3PT Field Goal,Right Corner 3,Right Side(R),24+ ft.,23,226,43,1,0,20190112,MIA,MEM,21800631343,16240,0,201949|203585|1626159|1626196|1628389,0,REG,2019,203200,7.0,SG,Wing Stopper,0.44,MISS Richardson 3PT Jump Shot,SG,Primary Ball Handler,0.23,
Shot Chart Detail,21800631,362,1626196,Josh Richardson,1610612748,Miami Heat,3,6,57,Missed Shot,Pullup Jump shot,3PT Field Goal,Above the Break 3,Left Side Center(LC),24+ ft.,24,-231,92,1,0,20190112,MIA,MEM,21800631362,17430,0,201949|203585|1626159|1626196|1628389,0,REG,2019,,,,,,,SG,Primary Ball Handler,0.23,
Shot Chart Detail,21800631,567,1626196,Josh Richardson,1610612748,Miami Heat,4,6,11,Missed Shot,Jump Shot,3PT Field Goal,Left Corner 3,Left Side(L),24+ ft.,23,-235,0,1,0,20190112,MIA,MEM,21800631567,25090,0,204020|1626159|1626196|1627884|1628389,0,REG,2019,,,,,,,SG,Primary Ball Handler,0.23,
Shot Chart Detail,21800631,610,1626196,Josh Richardson,1610612748,Miami Heat,4,2,21,Made Shot,Running Layup Shot,2PT Field Goal,Restricted Area,Center(C),Less Than 8 ft.,1,13,13,1,1,20190112,MIA,MEM,21800631610,27390,0,203482|204020|1626159|1626196|1628389,0,REG,2019,1628991,4.0,PF,Helper,1.03,Richardson 2' Running Layup (11 PTS),SG,Primary Ball Handler,0.23,
Shot Chart Detail,21800654,35,1626196,Josh Richardson,1610612748,Miami Heat,1,9,7,Missed Shot,Pullup Jump shot,2PT Field Goal,Mid-Range,Right Side(R),8-16 ft.,15,141,64,1,0,20190115,MIL,MIA,2180065435,1730,0,201949|202355|203585|1626159|1626196,0,REG,2019,202339,4.0,PG,Point of Attack,1.05,MISS Richardson 15' Pullup Jump Shot,SG,Primary Ball Handler,0.23,
Shot Chart Detail,21800654,80,1626196,Josh Richardson,1610612748,Miami Heat,1,5,17,Missed Shot,Pullup Jump shot,2PT Field Goal,Mid-Range,Center(C),8-16 ft.,15,-23,158,1,0,20190115,MIL,MIA,2180065480,4030,0,201949|202355|203585|1626159|1626196,0,REG,2019,202339,2.0,PG,Point of Attack,1.05,Bledsoe BLOCK (1 BLK),SG,Primary Ball Handler,0.23,
Shot Chart Detail,21800654,84,1626196,Josh Richardson,1610612748,Miami Heat,1,4,54,Missed Shot,Driving Floating Jump Shot,2PT Field Goal,In The Paint (Non-RA),Center(C),8-16 ft.,13,24,130,1,0,20190115,MIL,MIA,2180065484,4260,0,201949|202355|203585|1626159|1626196,0,REG,2019,202339,-0.0,PG,Point of Attack,1.05,Lopez BLOCK (1 BLK),SG,Primary Ball Handler,0.23,
Shot Chart Detail,21800654,96,1626196,Josh Richardson,1610612748,Miami Heat,1,4,31,Missed Shot,Jump Shot,2PT Field Goal,Mid-Range,Left Side(L),16-24 ft.,16,-169,12,1,0,20190115,MIL,MIA,2180065496,4490,0,2548|201949|202355|1626159|1626196,0,REG,2019,201572,-3.0,C,Anchor Big,3.06,MISS Richardson 17' Jump Shot,SG,Primary Ball Handler,0.23,
Shot Chart Detail,21800654,242,1626196,Josh Richardson,1610612748,Miami Heat,2,5,41,Missed Shot,Jump Shot,3PT Field Goal,Right Corner 3,Right Side(R),24+ ft.,22,220,50,1,0,20190115,MIL,MIA,21800654242,10990,0,204020|1626159|1626196|1627884|1628389,0,REG,2019,203503,-16.0,SF,Low Activity,-0.53,MISS Richardson 3PT Jump Shot,SG,Primary Ball Handler,0.23,
Shot Chart Detail,21800654,266,1626196,Josh Richardson,1610612748,Miami Heat,2,4,18,Made Shot,Reverse Layup Shot,2PT Field Goal,Restricted Area,Center(C),Less Than 8 ft.,0,-2,6,1,1,20190115,MIL,MIA,21800654266,11820,0,202355|204020|1626159|1626196|1627884,1,REG,2019,202339,-17.0,PG,Point of Attack,1.05,Richardson 1' Reverse Layup (2 PTS) (Winslow 4 AST),SG,Primary Ball Handler,0.23,1626159.0
Shot Chart Detail,21800654,284,1626196,Josh Richardson,1610612748,Miami Heat,2,2,46,Missed Shot,Jump Shot,2PT Field Goal,Mid-Range,Center(C),16-24 ft.,19,-16,193,1,0,20190115,MIL,MIA,21800654284,12740,0,202355|203585|1626159|1626196|1627884,0,REG,2019,202339,-20.0,PG,Point of Attack,1.05,MISS Richardson 19' Jump Shot,SG,Primary Ball Handler,0.23,
Shot Chart Detail,21800654,338,1626196,Josh Richardson,1610612748,Miami Heat,3,11,22,Made Shot,Floating Jump shot,2PT Field Goal,In The Paint (Non-RA),Center(C),8-16 ft.,11,18,113,1,1,20190115,MIL,MIA,21800654338,14780,0,201949|202355|203585|1626159|1626196,0,REG,2019,201572,-24.0,C,Anchor Big,3.06,Richardson 11' Floating Jump Shot (4 PTS),SG,Primary Ball Handler,0.23,
Shot Chart Detail,21800654,342,1626196,Josh Richardson,1610612748,Miami Heat,3,10,40,Made Shot,Driving Layup Shot,2PT Field Goal,Restricted Area,Center(C),Less Than 8 ft.,2,6,21,1,1,20190115,MIL,MIA,21800654342,15200,0,201949|202355|203585|1626159|1626196,0,REG,2019,201572|202339,-24.0,,,,,SG,Primary Ball Handler,0.23,
Shot Chart Detail,21800654,424,1626196,Josh Richardson,1610612748,Miami Heat,3,4,26,Missed Shot,Jump Shot,3PT Field Goal,Right Corner 3,Right Side(R),24+ ft.,24,242,52,1,0,20190115,MIL,MIA,21800654424,18940,0,2548|201949|202355|1626159|1626196,0,REG,2019,1628425,-22.0,SG,Low Activity,-0.57,MISS Richardson 25' 3PT Jump Shot,SG,Primary Ball Handler,0.23,
Shot Chart Detail,21800654,431,1626196,Josh Richardson,1610612748,Miami Heat,3,3,27,Missed Shot,Driving Hook Shot,2PT Field Goal,Restricted Area,Center(C),Less Than 8 ft.,2,8,19,1,0,20190115,MIL,MIA,21800654431,19530,0,2548|201949|202355|1626159|1626196,0,REG,2019,201572|203114,-22.0,,,,,SG,Primary Ball Handler,0.23,
Shot Chart Detail,21800685,23,1626196,Josh Richardson,1610612748,Miami Heat,1,10,16,Made Shot,Jump Shot,3PT Field Goal,Above the Break 3,Right Side Center(RC),24+ ft.,25,155,207,1,1,20190119,CHI,MIA,2180068523,1040,0,201949|202355|203585|1626159|1626196,1,REG,2019,,,,,,,SG,Primary Ball Handler,0.23,201949.0
Shot Chart Detail,21800685,33,1626196,Josh Richardson,1610612748,Miami Heat,1,9,24,Missed Shot,Jump Shot,3PT Field Goal,Above the Break 3,Left Side Center(LC),24+ ft.,24,-213,127,1,0,20190119,CHI,MIA,2180068533,1560,0,201949|202355|203585|1626159|1626196,0,REG,2019,1627739,3.0,PG,Point of Attack,0.26,MISS Richardson 25' 3PT Jump Shot,SG,Primary Ball Handler,0.23,
Shot Chart Detail,21800685,75,1626196,Josh Richardson,1610612748,Miami Heat,1,6,51,Made Shot,Layup Shot,2PT Field Goal,Restricted Area,Center(C),Less Than 8 ft.,1,18,-4,1,1,20190119,CHI,MIA,2180068575,3090,0,201949|202355|203585|1626159|1626196,0,REG,2019,1628374,1.0,PF,Helper,-0.58,Richardson 2' Layup (5 PTS),SG,Primary Ball Handler,0.23,
Shot Chart Detail,21800685,91,1626196,Josh Richardson,1610612748,Miami Heat,1,5,59,Made Shot,Jump Shot,2PT Field Goal,In The Paint (Non-RA),Center(C),Less Than 8 ft.,7,70,13,1,1,20190119,CHI,MIA,2180068591,3610,0,201949|202355|203585|1626159|1626196,0,REG,2019,1627885,5.0,SG,Point of Attack,0.51,Richardson 7' Jump Shot (7 PTS),SG,Primary Ball Handler,0.23,
Shot Chart Detail,21800685,184,1626196,Josh Richardson,1610612748,Miami Heat,1,0,0,Made Shot,Floating Jump shot,2PT Field Goal,In The Paint (Non-RA),Center(C),8-16 ft.,8,-6,85,1,1,20190119,CHI,MIA,21800685184,7200,0,2548|203079|203482|204020|1628389,0,REG,2019,1627782|203953,1.0,,,,,SG,Primary Ball Handler,0.23,
Shot Chart Detail,21800685,246,1626196,Josh Richardson,1610612748,Miami Heat,2,8,7,Missed Shot,Jump Shot,3PT Field Goal,Above the Break 3,Right Side Center(RC),24+ ft.,25,141,216,1,0,20190119,CHI,MIA,21800685246,9530,0,203079|1626159|1626196|1627884|1628389,0,REG,2019,1627853,-6.0,PG,Point of Attack,0.17,MISS Richardson 26' 3PT Jump Shot,SG,Primary Ball Handler,0.23,
Shot Chart Detail,21800685,333,1626196,Josh Richardson,1610612748,Miami Heat,2,2,27,Missed Shot,Jump Shot,2PT Field Goal,Mid-Range,Left Side Center(LC),16-24 ft.,22,-126,181,1,0,20190119,CHI,MIA,21800685333,12930,0,201949|202355|203079|1626159|1626196,0,REG,2019,1628374,-5.0,PF,Helper,-0.58,MISS Richardson 22' Jump Shot,SG,Primary Ball Handler,0.23,
Shot Chart Detail,21800685,444,1626196,Josh Richardson,1610612748,Miami Heat,3,6,28,Made Shot,Driving Floating Jump Shot,2PT Field Goal,In The Paint (Non-RA),Center(C),Less Than 8 ft.,4,-36,19,1,1,20190119,CHI,MIA,21800685444,17720,0,201949|202355|203585|1626159|1626196,1,REG,2019,201577,1.0,C,Anchor Big,-0.97,Richardson 4' Driving Floating Jump Shot (11 PTS) (Whiteside 3 AST),SG,Primary Ball Handler,0.23,202355.0
Shot Chart Detail,21800685,479,1626196,Josh Richardson,1610612748,Miami Heat,3,4,9,Made Shot,Driving Reverse Layup Shot,2PT Field Goal,Restricted Area,Center(C),Less Than 8 ft.,0,-9,4,1,1,20190119,CHI,MIA,21800685479,19110,0,2548|201949|202355|204020|1626196,1,REG,2019,1627739,2.0,PG,Point of Attack,0.26,Richardson 1' Driving Reverse Layup (15 PTS) (T. Johnson 1 AST),SG,Primary Ball Handler,0.23,204020.0
Shot Chart Detail,21800685,493,1626196,Josh Richardson,1610612748,Miami Heat,3,2,38,Made Shot,Step Back Jump shot,3PT Field Goal,Above the Break 3,Left Side Center(LC),24+ ft.,24,-211,119,1,1,20190119,CHI,MIA,21800685493,20020,0,2548|201949|202355|204020|1626196,1,REG,2019,1628374,8.0,PF,Helper,-0.58,Richardson 24' 3PT Step Back Jump Shot (18 PTS) (J. Johnson 2 AST),SG,Primary Ball Handler,0.23,201949.0
Shot Chart Detail,21800685,522,1626196,Josh Richardson,1610612748,Miami Heat,3,1,9,Missed Shot,Jump Shot,3PT Field Goal,Above the Break 3,Left Side Center(LC),24+ ft.,24,-145,203,1,0,20190119,CHI,MIA,21800685522,20910,0,2548|202355|204020|1626196|1627884,0,REG,2019,203953,7.0,PF,Helper,-0.65,MISS Richardson 25' 3PT Jump Shot,SG,Primary Ball Handler,0.23,
Shot Chart Detail,21800685,528,1626196,Josh Richardson,1610612748,Miami Heat,3,0,32,Missed Shot,Jump Shot,3PT Field Goal,Right Corner 3,Right Side(R),24+ ft.,24,240,3,1,0,20190119,CHI,MIA,21800685528,21280,0,2548|202355|204020|1626196|1627884,0,REG,2019,1627782,5.0,SG,Helper,-0.96,MISS Richardson 24' 3PT Jump Shot,SG,Primary Ball Handler,0.23,
Shot Chart Detail,21800685,539,1626196,Josh Richardson,1610612748,Miami Heat,3,0,0,Made Shot,Turnaround Fadeaway shot,2PT Field Goal,In The Paint (Non-RA),Center(C),Less Than 8 ft.,6,-46,41,1,1,20190119,CHI,MIA,21800685539,21600,0,2548|204020|1626196|1627884|1628389,1,REG,2019,1627885,,SG,Point of Attack,0.51,Richardson 6' Turnaround Fadeaway (20 PTS) (Wade 3 AST),SG,Primary Ball Handler,0.23,2548.0
Shot Chart Detail,21800685,554,1626196,Josh Richardson,1610612748,Miami Heat,4,10,58,Made Shot,Jump Shot,3PT Field Goal,Above the Break 3,Left Side Center(LC),24+ ft.,25,-150,206,1,1,20190119,CHI,MIA,21800685554,22220,0,2548|204020|1626196|1627884|1628389,1,REG,2019,1627885,9.0,SG,Point of Attack,0.51,Richardson 25' 3PT Jump Shot (23 PTS) (Wade 4 AST),SG,Primary Ball Handler,0.23,2548.0
Shot Chart Detail,21800685,557,1626196,Josh Richardson,1610612748,Miami Heat,4,10,25,Made Shot,Jump Shot,3PT Field Goal,Above the Break 3,Center(C),24+ ft.,24,13,245,1,1,20190119,CHI,MIA,21800685557,22550,0,2548|204020|1626196|1627884|1628389,1,REG,2019,203897,10.0,SG,Chaser,-1.23,Richardson 25' 3PT Jump Shot (26 PTS) (T. Johnson 2 AST),SG,Primary Ball Handler,0.23,204020.0
Shot Chart Detail,21800698,7,1626196,Josh Richardson,1610612748,Miami Heat,1,11,37,Made Shot,Driving Layup Shot,2PT Field Goal,In The Paint (Non-RA),Center(C),Less Than 8 ft.,4,-32,31,1,1,20190121,BOS,MIA,218006987,230,0,201949|202355|203585|1626159|1626196,0,REG,2019,201143,2.0,C,Anchor Big,1.01,Richardson 4' Driving Layup (2 PTS),SG,Primary Ball Handler,0.23,
Shot Chart Detail,21800698,15,1626196,Josh Richardson,1610612748,Miami Heat,1,10,38,Missed Shot,Jump Shot,3PT Field Goal,Above the Break 3,Left Side Center(LC),24+ ft.,24,-183,162,1,0,20190121,BOS,MIA,2180069815,820,0,201949|202355|203585|1626159|1626196,0,REG,2019,1628369,-3.0,SF,Chaser,1.3,MISS Richardson 24' 3PT Jump Shot,SG,Primary Ball Handler,0.23,
Shot Chart Detail,21800698,43,1626196,Josh Richardson,1610612748,Miami Heat,1,7,28,Made Shot,Jump Shot,3PT Field Goal,Above the Break 3,Left Side Center(LC),24+ ft.,26,-157,208,1,1,20190121,BOS,MIA,2180069843,2720,0,201949|202355|203585|1626159|1626196,1,REG,2019,203935,-7.0,SG,Wing Stopper,1.2,Richardson 26' 3PT Jump Shot (5 PTS) (J. Johnson 1 AST),SG,Primary Ball Handler,0.23,201949.0
Shot Chart Detail,21800698,236,1626196,Josh Richardson,1610612748,Miami Heat,2,7,12,Made Shot,Jump Shot,3PT Field Goal,Right Corner 3,Right Side(R),24+ ft.,23,234,24,1,1,20190121,BOS,MIA,21800698236,10080,0,202355|203079|1626159|1626196|1627884,1,REG,2019,203382,-5.0,C,Anchor Big,0.87,Richardson 24' 3PT Jump Shot (8 PTS) (Whiteside 1 AST),SG,Primary Ball Handler,0.23,202355.0
Shot Chart Detail,21800698,285,1626196,Josh Richardson,1610612748,Miami Heat,2,3,51,Missed Shot,Jump Shot,3PT Field Goal,Above the Break 3,Left Side Center(LC),24+ ft.,26,-192,179,1,0,20190121,BOS,MIA,21800698285,12090,0,201949|202355|203079|1626159|1626196,0,REG,2019,202681,-2.0,PG,Point of Attack,0.16,MISS Richardson 26' 3PT Jump Shot,SG,Primary Ball Handler,0.23,
Shot Chart Detail,21800698,352,1626196,Josh Richardson,1610612748,Miami Heat,3,11,22,Missed Shot,Jump Shot,3PT Field Goal,Above the Break 3,Left Side Center(LC),24+ ft.,27,-185,197,1,0,20190121,BOS,MIA,21800698352,14780,0,201949|202355|203585|1626159|1626196,0,REG,2019,1628369,-2.0,SF,Chaser,1.3,MISS Richardson 27' 3PT Jump Shot,SG,Primary Ball Handler,0.23,
Shot Chart Detail,21800698,397,1626196,Josh Richardson,1610612748,Miami Heat,3,7,9,Missed Shot,Driving Hook Shot,2PT Field Goal,In The Paint (Non-RA),Right Side(R),8-16 ft.,8,75,28,1,0,20190121,BOS,MIA,21800698397,17310,0,2548|201949|202355|204020|1626196,0,REG,2019,202694,-7.0,PF,Helper,-0.01,MISS Richardson 8' Driving Hook Shot,SG,Primary Ball Handler,0.23,
Shot Chart Detail,21800698,401,1626196,Josh Richardson,1610612748,Miami Heat,3,6,40,Missed Shot,Layup Shot,2PT Field Goal,Restricted Area,Center(C),Less Than 8 ft.,3,-22,29,1,0,20190121,BOS,MIA,21800698401,17600,0,2548|201949|202355|204020|1626196,0,REG,2019,202681,-9.0,PG,Point of Attack,0.16,Irving BLOCK (1 BLK),SG,Primary Ball Handler,0.23,
Shot Chart Detail,21800698,447,1626196,Josh Richardson,1610612748,Miami Heat,3,3,26,Missed Shot,Jump Shot,3PT Field Goal,Above the Break 3,Center(C),24+ ft.,26,31,263,1,0,20190121,BOS,MIA,21800698447,19540,0,2548|204020|1626196|1627884|1628389,0,REG,2019,202681,-15.0,PG,Point of Attack,0.16,MISS Richardson 26' 3PT Jump Shot,SG,Primary Ball Handler,0.23,
Shot Chart Detail,21800698,451,1626196,Josh Richardson,1610612748,Miami Heat,3,3,14,Made Shot,Jump Shot,3PT Field Goal,Above the Break 3,Left Side Center(LC),24+ ft.,25,-221,132,1,1,20190121,BOS,MIA,21800698451,19660,0,2548|204020|1626196|1627884|1628389,1,REG,2019,,,,,,,SG,Primary Ball Handler,0.23,2548.0
Shot Chart Detail,21800698,456,1626196,Josh Richardson,1610612748,Miami Heat,3,2,33,Missed Shot,Pullup Jump shot,2PT Field Goal,Mid-Range,Center(C),16-24 ft.,18,19,188,1,0,20190121,BOS,MIA,21800698456,20070,0,2548|204020|1626196|1627884|1628389,0,REG,2019,201143,-14.0,C,Anchor Big,1.01,MISS Richardson 19' Pullup Jump Shot,SG,Primary Ball Handler,0.23,
Shot Chart Detail,21800698,484,1626196,Josh Richardson,1610612748,Miami Heat,3,0,2,Missed Shot,Turnaround Jump Shot,2PT Field Goal,Mid-Range,Center(C),8-16 ft.,15,30,152,1,0,20190121,BOS,MIA,21800698484,21580,0,2548|203079|1626196|1627884|1628389,0,REG,2019,1626179,-19.0,PG,Point of Attack,0.0,MISS Richardson 15' Turnaround Jump Shot,SG,Primary Ball Handler,0.23,
Shot Chart Detail,21800698,644,1626196,Josh Richardson,1610612748,Miami Heat,4,0,16,Missed Shot,Jump Shot,3PT Field Goal,Above the Break 3,Left Side Center(LC),24+ ft.,25,-213,147,1,0,20190121,BOS,MIA,21800698644,28640,0,203079|204020|1626159|1626196|1628389,0,REG,2019,202681,-8.0,PG,Point of Attack,0.16,MISS Richardson 26' 3PT Jump Shot,SG,Primary Ball Handler,0.23,
Shot Chart Detail,21800709,23,1626196,Josh Richardson,1610612748,Miami Heat,1,9,28,Made Shot,Jump Shot,3PT Field Goal,Above the Break 3,Center(C),24+ ft.,24,-63,241,1,1,20190123,MIA,LAC,2180070923,1520,0,201949|202355|204020|1626159|1626196,1,REG,2019,201976,5.0,PG,Point of Attack,0.86,Richardson 25' 3PT Jump Shot (3 PTS) (Winslow 2 AST),SG,Primary Ball Handler,0.23,1626159.0
Shot Chart Detail,21800709,29,1626196,Josh Richardson,1610612748,Miami Heat,1,8,39,Missed Shot,Turnaround Fadeaway shot,2PT Field Goal,Mid-Range,Right Side(R),8-16 ft.,12,111,51,1,0,20190123,MIA,LAC,2180070929,2010,0,201949|202355|204020|1626159|1626196,0,REG,2019,,,,,,,SG,Primary Ball Handler,0.23,
Shot Chart Detail,21800709,41,1626196,Josh Richardson,1610612748,Miami Heat,1,7,24,Made Shot,Step Back Jump shot,3PT Field Goal,Above the Break 3,Center(C),24+ ft.,25,-20,258,1,1,20190123,MIA,LAC,2180070941,2760,0,201949|202355|204020|1626159|1626196,0,REG,2019,101162,1.0,C,Anchor Big,0.88,Richardson 26' 3PT Step Back Jump Shot (6 PTS),SG,Primary Ball Handler,0.23,
Shot Chart Detail,21800709,106,1626196,Josh Richardson,1610612748,Miami Heat,1,2,8,Missed Shot,Jump Shot,3PT Field Goal,Above the Break 3,Center(C),24+ ft.,24,-44,245,1,0,20190123,MIA,LAC,21800709106,5920,0,2548|203079|1626196|1627884|1628389,0,REG,2019,,,,,,,SG,Primary Ball Handler,0.23,
Shot Chart Detail,21800709,149,1626196,Josh Richardson,1610612748,Miami Heat,2,11,7,Missed Shot,Jump Shot,3PT Field Goal,Right Corner 3,Right Side(R),24+ ft.,24,240,32,1,0,20190123,MIA,LAC,21800709149,7730,0,2548|203079|1626196|1627884|1628389,0,REG,2019,101150,4.0,SG,Low Activity,-2.77,MISS Richardson 24' 3PT Jump Shot,SG,Primary Ball Handler,0.23,
Shot Chart Detail,21800709,202,1626196,Josh Richardson,1610612748,Miami Heat,2,7,19,Missed Shot,Jump Shot,3PT Field Goal,Above the Break 3,Left Side Center(LC),24+ ft.,24,-187,158,1,0,20190123,MIA,LAC,21800709202,10010,0,203079|1626159|1626196|1627884|1628389,0,REG,2019,1626149,7.0,C,Anchor Big,-0.17,MISS Richardson 24' 3PT Jump Shot,SG,Primary Ball Handler,0.23,
Shot Chart Detail,21800709,284,1626196,Josh Richardson,1610612748,Miami Heat,2,0,0,Missed Shot,Jump Shot,3PT Field Goal,Left Corner 3,Left Side(L),24+ ft.,23,-232,19,1,0,20190123,MIA,LAC,21800709284,14400,0,201949|202355|204020|1626159|1626196,0,REG,2019,1629010,0.0,SG,Low Activity,-0.74,MISS Richardson 3PT Jump Shot,SG,Primary Ball Handler,0.23,
Shot Chart Detail,21800709,347,1626196,Josh Richardson,1610612748,Miami Heat,3,6,5,Missed Shot,Jump Shot,3PT Field Goal,Above the Break 3,Right Side Center(RC),24+ ft.,25,177,189,1,0,20190123,MIA,LAC,21800709347,17950,0,2548|201949|202355|204020|1626196,0,REG,2019,101162,-3.0,C,Anchor Big,0.88,MISS Richardson 26' 3PT Jump Shot,SG,Primary Ball Handler,0.23,
Shot Chart Detail,21800709,367,1626196,Josh Richardson,1610612748,Miami Heat,3,4,23,Made Shot,Jump Shot,3PT Field Goal,Above the Break 3,Center(C),24+ ft.,25,-17,257,1,1,20190123,MIA,LAC,21800709367,18970,0,2548|201949|202355|204020|1626196,1,REG,2019,,,,,,,SG,Primary Ball Handler,0.23,2548.0
Shot Chart Detail,21800709,383,1626196,Josh Richardson,1610612748,Miami Heat,3,3,36,Made Shot,Driving Dunk Shot,2PT Field Goal,Restricted Area,Center(C),Less Than 8 ft.,3,18,29,1,1,20190123,MIA,LAC,21800709383,19440,0,2548|201949|202355|203079|1626196,1,REG,2019,,,,,,,SG,Primary Ball Handler,0.23,2548.0
Shot Chart Detail,21800709,405,1626196,Josh Richardson,1610612748,Miami Heat,3,1,55,Missed Shot,Jump Shot,3PT Field Goal,Above the Break 3,Left Side Center(LC),24+ ft.,26,-143,226,1,0,20190123,MIA,LAC,21800709405,20450,0,2548|201949|203079|1626196|1628389,0,REG,2019,1626149,-4.0,C,Anchor Big,-0.17,MISS Richardson 27' 3PT Jump Shot,SG,Primary Ball Handler,0.23,
Shot Chart Detail,21800709,419,1626196,Josh Richardson,1610612748,Miami Heat,3,1,10,Missed Shot,Floating Jump shot,2PT Field Goal,In The Paint (Non-RA),Center(C),Less Than 8 ft.,7,8,73,1,0,20190123,MIA,LAC,21800709419,20900,0,2548|201949|203079|1626196|1628389,0,REG,2019,101150|1628414,-4.0,,,,,SG,Primary Ball Handler,0.23,
Shot Chart Detail,21800709,519,1626196,Josh Richardson,1610612748,Miami Heat,4,5,6,Missed Shot,Jump Shot,2PT Field Goal,Mid-Range,Left Side(L),8-16 ft.,15,-98,123,1,0,20190123,MIA,LAC,21800709519,25740,0,202355|203079|204020|1626159|1626196,0,REG,2019,,,,,,,SG,Primary Ball Handler,0.23,
Shot Chart Detail,21800709,546,1626196,Josh Richardson,1610612748,Miami Heat,4,3,0,Made Shot,Driving Layup Shot,2PT Field Goal,Restricted Area,Center(C),Less Than 8 ft.,3,-29,13,1,1,20190123,MIA,LAC,21800709546,27000,0,202355|203079|204020|1626159|1626196,0,REG,2019,1626149,-14.0,C,Anchor Big,-0.17,Richardson 3' Driving Layup (16 PTS),SG,Primary Ball Handler,0.23,
Shot Chart Detail,21800709,583,1626196,Josh Richardson,1610612748,Miami Heat,4,0,51,Missed Shot,Turnaround Hook Shot,2PT Field Goal,In The Paint (Non-RA),Center(C),Less Than 8 ft.,5,-40,32,1,0,20190123,MIA,LAC,21800709583,28290,0,202355|203079|204020|1626159|1626196,0,REG,2019,,,,,,,SG,Primary Ball Handler,0.23,
Shot Chart Detail,21800722,7,1626196,Josh Richardson,1610612748,Miami Heat,1,11,39,Missed Shot,Jump Shot,3PT Field Goal,Above the Break 3,Center(C),24+ ft.,25,39,251,1,0,20190125,CLE,MIA,218007227,210,0,201949|202355|204020|1626159|1626196,0,REG,2019,203918,-0.0,SG,Chaser,-0.58,MISS Richardson 25' 3PT Jump Shot,SG,Primary Ball Handler,0.23,
Shot Chart Detail,21800722,33,1626196,Josh Richardson,1610612748,Miami Heat,1,9,1,Made Shot,Driving Floating Bank Jump Shot,2PT Field Goal,Mid-Range,Right Side(R),8-16 ft.,11,105,36,1,1,20190125,CLE,MIA,2180072233,1790,0,201949|202355|204020|1626159|1626196,0,REG,2019,1627790,-2.0,C,Anchor Big,0.16,Richardson 11' Driving Floating Bank Jump Shot (2 PTS),SG,Primary Ball Handler,0.23,
Shot Chart Detail,21800722,138,1626196,Josh Richardson,1610612748,Miami Heat,1,0,29,Missed Shot,Jump Shot,2PT Field Goal,Mid-Range,Center(C),8-16 ft.,14,6,147,1,0,20190125,CLE,MIA,21800722138,6910,0,2548|203585|1626196|1627884|1628389,0,REG,2019,1626224,4.0,SF,Wing Stopper,-1.21,MISS Richardson 15' Jump Shot,SG,Primary Ball Handler,0.23,
Shot Chart Detail,21800722,182,1626196,Josh Richardson,1610612748,Miami Heat,2,8,24,Made Shot,Jump Shot,3PT Field Goal,Above the Break 3,Right Side Center(RC),24+ ft.,27,176,211,1,1,20190125,CLE,MIA,21800722182,9360,0,2548|204020|1626196|1627884|1628389,1,REG,2019,203521,5.0,PG,Point of Attack,-0.91,Richardson 27' 3PT Jump Shot (5 PTS) (T. Johnson 2 AST),SG,Primary Ball Handler,0.23,204020.0
Shot Chart Detail,21800722,338,1626196,Josh Richardson,1610612748,Miami Heat,3,7,6,Missed Shot,Driving Floating Jump Shot,2PT Field Goal,In The Paint (Non-RA),Center(C),8-16 ft.,9,-39,85,1,0,20190125,CLE,MIA,21800722338,17340,0,201949|202355|204020|1626159|1626196,0,REG,2019,203918|1627790,-1.0,,,,,SG,Primary Ball Handler,0.23,
Shot Chart Detail,21800722,414,1626196,Josh Richardson,1610612748,Miami Heat,3,1,15,Missed Shot,Jump Shot,3PT Field Goal,Right Corner 3,Right Side(R),24+ ft.,22,228,20,1,0,20190125,CLE,MIA,21800722414,20850,0,2548|201949|1626159|1626196|1628389,0,REG,2019,1626224,10.0,SF,Wing Stopper,-1.21,MISS Richardson 3PT Jump Shot,SG,Primary Ball Handler,0.23,
Shot Chart Detail,21800722,418,1626196,Josh Richardson,1610612748,Miami Heat,3,0,53,Missed Shot,Jump Shot,2PT Field Goal,In The Paint (Non-RA),Right Side(R),8-16 ft.,9,75,65,1,0,20190125,CLE,MIA,21800722418,21070,0,2548|201949|1626159|1626196|1628389,0,REG,2019,203903,10.0,SG,Low Activity,-2.96,MISS Richardson 10' Jump Shot,SG,Primary Ball Handler,0.23,
Shot Chart Detail,21800741,18,1626196,Josh Richardson,1610612748,Miami Heat,1,10,30,Missed Shot,Jump Shot,3PT Field Goal,Mid-Range,Left Side(L),16-24 ft.,21,-218,17,1,0,20190127,NYK,MIA,2180074118,900,0,201949|201961|202355|1626159|1626196,0,REG,2019,1628995,-0.0,PF,Low Activity,-2.72,MISS Richardson 3PT Jump Shot,SG,Primary Ball Handler,0.23,
Shot Chart Detail,21800741,154,1626196,Josh Richardson,1610612748,Miami Heat,1,0,46,Missed Shot,Jump Shot,3PT Field Goal,Left Corner 3,Left Side(L),24+ ft.,22,-228,1,1,0,20190127,NYK,MIA,21800741154,6740,0,2548|203079|1626196|1627884|1628389,0,REG,2019,1629011,1.0,C,Anchor Big,2.06,MISS Richardson 3PT Jump Shot,SG,Primary Ball Handler,0.23,
Shot Chart Detail,21800741,216,1626196,Josh Richardson,1610612748,Miami Heat,2,8,27,Made Shot,Cutting Layup Shot,2PT Field Goal,Restricted Area,Center(C),Less Than 8 ft.,0,2,4,1,1,20190127,NYK,MIA,21800741216,9330,0,2548|203079|203482|1626196|1628389,1,REG,2019,,,,,,,SG,Primary Ball Handler,0.23,2548.0
Shot Chart Detail,21800741,379,1626196,Josh Richardson,1610612748,Miami Heat,3,8,35,Missed Shot,Jump Shot,3PT Field Goal,Above the Break 3,Center(C),24+ ft.,24,33,246,1,0,20190127,NYK,MIA,21800741379,16450,0,201949|201961|202355|1626159|1626196,0,REG,2019,202498,-1.0,PF,Helper,-0.49,MISS Richardson 25' 3PT Jump Shot,SG,Primary Ball Handler,0.23,
Shot Chart Detail,21800741,397,1626196,Josh Richardson,1610612748,Miami Heat,3,6,41,Made Shot,Jump Shot,3PT Field Goal,Above the Break 3,Left Side Center(LC),24+ ft.,25,-177,185,1,1,20190127,NYK,MIA,21800741397,17590,0,201949|201961|202355|1626159|1626196,1,REG,2019,203943,-0.0,PF,Helper,1.68,Richardson 26' 3PT Jump Shot (7 PTS) (Winslow 5 AST),SG,Primary Ball Handler,0.23,1626159.0
Shot Chart Detail,21800741,500,1626196,Josh Richardson,1610612748,Miami Heat,4,10,36,Missed Shot,Jump Shot,2PT Field Goal,Mid-Range,Left Side(L),16-24 ft.,20,-203,43,1,0,20190127,NYK,MIA,21800741500,22440,0,2548|203079|203482|1626196|1628389,0,REG,2019,1629019,13.0,SG,Low Activity,-2.2,MISS Richardson 21' Jump Shot,SG,Primary Ball Handler,0.23,
Shot Chart Detail,21800741,520,1626196,Josh Richardson,1610612748,Miami Heat,4,9,5,Made Shot,Jump Shot,3PT Field Goal,Left Corner 3,Left Side(L),24+ ft.,23,-229,64,1,1,20190127,NYK,MIA,21800741520,23350,0,2548|203079|203482|1626196|1628389,1,REG,2019,1626209,11.0,SF,Wing Stopper,0.12,Richardson 24' 3PT Jump Shot (10 PTS) (Wade 8 AST),SG,Primary Ball Handler,0.23,2548.0
Shot Chart Detail,21800741,528,1626196,Josh Richardson,1610612748,Miami Heat,4,7,48,Missed Shot,Turnaround Hook Shot,2PT Field Goal,In The Paint (Non-RA),Center(C),Less Than 8 ft.,4,-18,42,1,0,20190127,NYK,MIA,21800741528,24120,0,2548|203079|203482|1626196|1628389,0,REG,2019,,,,,,,SG,Primary Ball Handler,0.23,
Shot Chart Detail,21800741,560,1626196,Josh Richardson,1610612748,Miami Heat,4,5,34,Missed Shot,Driving Layup Shot,2PT Field Goal,Restricted Area,Center(C),Less Than 8 ft.,1,10,4,1,0,20190127,NYK,MIA,21800741560,25460,0,2548|203482|1626159|1626196|1628389,0,REG,2019,1629011,4.0,C,Anchor Big,2.06,MISS Richardson 1' Driving Layup,SG,Primary Ball Handler,0.23,
Shot Chart Detail,21800741,585,1626196,Josh Richardson,1610612748,Miami Heat,4,4,28,Missed Shot,Driving Finger Roll Layup Shot,2PT Field Goal,Restricted Area,Center(C),Less Than 8 ft.,1,-3,17,1,0,20190127,NYK,MIA,21800741585,26120,0,201949|201961|202355|1626159|1626196,0,REG,2019,,,,,,,SG,Primary Ball Handler,0.23,
Shot Chart Detail,21800757,9,1626196,Josh Richardson,1610612748,Miami Heat,1,11,25,Missed Shot,Jump Shot,3PT Field Goal,Above the Break 3,Left Side Center(LC),24+ ft.,26,-155,216,1,0,20190130,MIA,CHI,218007579,350,0,201949|201961|202355|1626159|1626196,0,REG,2019,1627739,0.0,PG,Point of Attack,0.26,MISS Richardson 27' 3PT Jump Shot,SG,Primary Ball Handler,0.23,
Shot Chart Detail,21800757,59,1626196,Josh Richardson,1610612748,Miami Heat,1,6,46,Made Shot,Running Jump Shot,3PT Field Goal,Above the Break 3,Right Side Center(RC),24+ ft.,25,190,163,1,1,20190130,MIA,CHI,2180075759,3140,0,201949|201961|1626159|1626196|1628389,1,REG,2019,1628374,1.0,PF,Helper,-0.58,Richardson 25' 3PT Running Jump Shot (3 PTS) (Winslow 2 AST),SG,Primary Ball Handler,0.23,1626159.0
Shot Chart Detail,21800757,67,1626196,Josh Richardson,1610612748,Miami Heat,1,6,17,Missed Shot,Jump Shot,3PT Field Goal,Right Corner 3,Right Side(R),24+ ft.,23,225,64,1,0,20190130,MIA,CHI,2180075767,3430,0,201949|201961|1626159|1626196|1628389,0,REG,2019,1627739,1.0,PG,Point of Attack,0.26,MISS Richardson 3PT Jump Shot,SG,Primary Ball Handler,0.23,
Shot Chart Detail,21800757,127,1626196,Josh Richardson,1610612748,Miami Heat,1,0,28,Missed Shot,Turnaround Fadeaway shot,2PT Field Goal,Mid-Range,Right Side(R),8-16 ft.,9,95,11,1,0,20190130,MIA,CHI,21800757127,6920,0,203079|203482|204020|1626196|1628389,0,REG,2019,1627885,-10.0,SG,Point of Attack,0.51,MISS Richardson 10' Turnaround Fadeaway Shot,SG,Primary Ball Handler,0.23,
Shot Chart Detail,21800757,261,1626196,Josh Richardson,1610612748,Miami Heat,2,3,49,Made Shot,Jump Shot,3PT Field Goal,Right Corner 3,Right Side(R),24+ ft.,24,228,78,1,1,20190130,MIA,CHI,21800757261,12110,0,201961|203482|1626159|1626196|1628389,1,REG,2019,1627782,-1.0,SG,Helper,-0.96,Richardson 24' 3PT Jump Shot (6 PTS) (Winslow 3 AST),SG,Primary Ball Handler,0.23,1626159.0
Shot Chart Detail,21800757,265,1626196,Josh Richardson,1610612748,Miami Heat,2,3,23,Missed Shot,Jump Shot,3PT Field Goal,Above the Break 3,Left Side Center(LC),24+ ft.,25,-215,133,1,0,20190130,MIA,CHI,21800757265,12370,0,201961|203482|1626159|1626196|1628389,0,REG,2019,1627885,-1.0,SG,Point of Attack,0.51,MISS Richardson 25' 3PT Jump Shot,SG,Primary Ball Handler,0.23,
Shot Chart Detail,21800757,286,1626196,Josh Richardson,1610612748,Miami Heat,2,1,2,Missed Shot,Jump Shot,3PT Field Goal,Above the Break 3,Right Side Center(RC),24+ ft.,25,200,157,1,0,20190130,MIA,CHI,21800757286,13780,0,201961|203482|1626159|1626196|1628389,0,REG,2019,1627853,-2.0,PG,Point of Attack,0.17,MISS Richardson 25' 3PT Jump Shot,SG,Primary Ball Handler,0.23,
Shot Chart Detail,21800757,315,1626196,Josh Richardson,1610612748,Miami Heat,3,11,24,Missed Shot,Pullup Jump shot,2PT Field Goal,In The Paint (Non-RA),Right Side(R),8-16 ft.,12,70,109,1,0,20190130,MIA,CHI,21800757315,14760,0,201949|201961|202355|1626159|1626196,0,REG,2019,1627739|201577,-4.0,,,,,SG,Primary Ball Handler,0.23,
Shot Chart Detail,21800757,370,1626196,Josh Richardson,1610612748,Miami Heat,3,6,46,Missed Shot,Jump Shot,3PT Field Goal,Above the Break 3,Left Side Center(LC),24+ ft.,25,-123,225,1,0,20190130,MIA,CHI,21800757370,17540,0,201949|201961|202355|1626159|1626196,0,REG,2019,1627853,1.0,PG,Point of Attack,0.17,MISS Richardson 26' 3PT Jump Shot,SG,Primary Ball Handler,0.23,
Shot Chart Detail,21800757,372,1626196,Josh Richardson,1610612748,Miami Heat,3,6,35,Missed Shot,Driving Floating Jump Shot,2PT Field Goal,In The Paint (Non-RA),Center(C),Less Than 8 ft.,6,-4,64,1,0,20190130,MIA,CHI,21800757372,17650,0,201949|201961|202355|1626159|1626196,0,REG,2019,1627739|201577,1.0,,,,,SG,Primary Ball Handler,0.23,
Shot Chart Detail,21800757,381,1626196,Josh Richardson,1610612748,Miami Heat,3,5,37,Made Shot,Step Back Jump shot,2PT Field Goal,Mid-Range,Center(C),16-24 ft.,18,13,180,1,1,20190130,MIA,CHI,21800757381,18230,0,201949|201961|202355|1626159|1626196,0,REG,2019,1627853,0.0,PG,Point of Attack,0.17,Richardson 18' Step Back Jump Shot (8 PTS),SG,Primary Ball Handler,0.23,
Shot Chart Detail,21800757,434,1626196,Josh Richardson,1610612748,Miami Heat,3,2,1,Made Shot,Jump Shot,3PT Field Goal,Left Corner 3,Left Side(L),24+ ft.,23,-232,3,1,1,20190130,MIA,CHI,21800757434,20390,0,203079|203482|204020|1626196|1628389,1,REG,2019,1627885,-4.0,SG,Point of Attack,0.51,Richardson 3PT Jump Shot (11 PTS) (Waiters 5 AST),SG,Primary Ball Handler,0.23,203079.0
Shot Chart Detail,21800757,528,1626196,Josh Richardson,1610612748,Miami Heat,4,6,54,Missed Shot,Driving Floating Jump Shot,2PT Field Goal,Restricted Area,Center(C),Less Than 8 ft.,3,38,3,1,0,20190130,MIA,CHI,21800757528,24660,0,201961|204020|1626159|1626196|1628389,0,REG,2019,1627853,-13.0,PG,Point of Attack,0.17,MISS Richardson 4' Driving Floating Jump Shot,SG,Primary Ball Handler,0.23,
Shot Chart Detail,21800757,542,1626196,Josh Richardson,1610612748,Miami Heat,4,5,56,Missed Shot,Jump Shot,3PT Field Goal,Right Corner 3,Right Side(R),24+ ft.,24,236,79,1,0,20190130,MIA,CHI,21800757542,25240,0,201961|204020|1626159|1626196|1628389,0,REG,2019,1627853,-15.0,PG,Point of Attack,0.17,MISS Richardson 25' 3PT Jump Shot,SG,Primary Ball Handler,0.23,
Shot Chart Detail,21800757,585,1626196,Josh Richardson,1610612748,Miami Heat,4,2,19,Missed Shot,Jump Shot,3PT Field Goal,Above the Break 3,Left Side Center(LC),24+ ft.,24,-225,89,1,0,20190130,MIA,CHI,21800757585,27410,0,201961|204020|1626159|1626196|1628389,0,REG,2019,1627739,-16.0,PG,Point of Attack,0.26,MISS Richardson 24' 3PT Jump Shot,SG,Primary Ball Handler,0.23,
Shot Chart Detail,21800772,50,1626196,Josh Richardson,1610612748,Miami Heat,1,7,56,Missed Shot,Driving Layup Shot,2PT Field Goal,Restricted Area,Center(C),Less Than 8 ft.,1,9,6,1,0,20190201,MIA,OKC,2180077250,2440,0,201949|202355|204020|1626159|1626196,0,REG,2019,202331,-4.0,SF,Wing Stopper,1.42,MISS Richardson 1' Driving Layup,SG,Primary Ball Handler,0.23,
Shot Chart Detail,21800772,73,1626196,Josh Richardson,1610612748,Miami Heat,1,6,2,Missed Shot,Jump Shot,3PT Field Goal,Above the Break 3,Right Side Center(RC),24+ ft.,26,159,206,1,0,20190201,MIA,OKC,2180077273,3580,0,201949|202355|204020|1626159|1626196,0,REG,2019,202331,-9.0,SF,Wing Stopper,1.42,MISS Richardson 26' 3PT Jump Shot,SG,Primary Ball Handler,0.23,
Shot Chart Detail,21800772,81,1626196,Josh Richardson,1610612748,Miami Heat,1,5,23,Made Shot,Running Dunk Shot,2PT Field Goal,Restricted Area,Center(C),Less Than 8 ft.,1,3,11,1,1,20190201,MIA,OKC,2180077281,3970,0,201949|202355|204020|1626159|1626196,1,REG,2019,,,,,,,SG,Primary Ball Handler,0.23,201949.0
Shot Chart Detail,21800772,135,1626196,Josh Richardson,1610612748,Miami Heat,1,2,7,Missed Shot,Layup Shot,2PT Field Goal,Restricted Area,Center(C),Less Than 8 ft.,1,-14,8,1,0,20190201,MIA,OKC,21800772135,5930,0,2548|203079|203482|1626196|1628389,0,REG,2019,203457|202335,-9.0,,,,,SG,Primary Ball Handler,0.23,
Shot Chart Detail,21800772,142,1626196,Josh Richardson,1610612748,Miami Heat,1,1,57,Made Shot,Fadeaway Jump Shot,2PT Field Goal,Mid-Range,Left Side Center(LC),16-24 ft.,18,-97,152,1,1,20190201,MIA,OKC,21800772142,6030,0,2548|203079|203482|1626196|1628389,0,REG,2019,202331,,SF,Wing Stopper,1.42,Richardson 18' Fadeaway Jumper (4 PTS),SG,Primary Ball Handler,0.23,
Shot Chart Detail,21800772,248,1626196,Josh Richardson,1610612748,Miami Heat,2,5,21,Missed Shot,Jump Shot,3PT Field Goal,Above the Break 3,Center(C),24+ ft.,28,-26,279,1,0,20190201,MIA,OKC,21800772248,11190,0,202355|203079|203482|1626159|1626196,0,REG,2019,203500,-17.0,C,Mobile Big,0.98,MISS Richardson 28' 3PT Jump Shot,SG,Primary Ball Handler,0.23,
Shot Chart Detail,21800772,292,1626196,Josh Richardson,1610612748,Miami Heat,2,2,43,Missed Shot,Jump Shot,3PT Field Goal,Left Corner 3,Left Side(L),24+ ft.,23,-231,54,1,0,20190201,MIA,OKC,21800772292,12770,0,201949|203482|204020|1626159|1626196,0,REG,2019,202331,-20.0,SF,Wing Stopper,1.42,MISS Richardson 24' 3PT Jump Shot,SG,Primary Ball Handler,0.23,
Shot Chart Detail,21800772,355,1626196,Josh Richardson,1610612748,Miami Heat,3,10,51,Made Shot,Driving Finger Roll Layup Shot,2PT Field Goal,Restricted Area,Center(C),Less Than 8 ft.,1,8,10,1,1,20190201,MIA,OKC,21800772355,15090,0,201949|202355|204020|1626159|1626196,0,REG,2019,1628390,-18.0,SG,Chaser,-0.11,Richardson 1' Driving Finger Roll Layup (8 PTS),SG,Primary Ball Handler,0.23,
Shot Chart Detail,21800772,371,1626196,Josh Richardson,1610612748,Miami Heat,3,9,34,Missed Shot,Driving Layup Shot,2PT Field Goal,Restricted Area,Center(C),Less Than 8 ft.,1,-13,12,1,0,20190201,MIA,OKC,21800772371,15860,0,201949|202355|204020|1626159|1626196,0,REG,2019,202331|203500,-23.0,,,,,SG,Primary Ball Handler,0.23,
Shot Chart Detail,21800772,381,1626196,Josh Richardson,1610612748,Miami Heat,3,8,42,Made Shot,Jump Shot,3PT Field Goal,Above the Break 3,Left Side Center(LC),24+ ft.,28,-183,218,1,1,20190201,MIA,OKC,21800772381,16380,0,201949|202355|204020|1626159|1626196,1,REG,2019,203924,-17.0,PF,Helper,1.46,Richardson 28' 3PT Jump Shot (11 PTS) (J. Johnson 4 AST),SG,Primary Ball Handler,0.23,201949.0
Shot Chart Detail,21800772,416,1626196,Josh Richardson,1610612748,Miami Heat,3,5,28,Missed Shot,Jump Shot,3PT Field Goal,Above the Break 3,Right Side Center(RC),24+ ft.,24,188,153,1,0,20190201,MIA,OKC,21800772416,18320,0,2548|201949|202355|204020|1626196,0,REG,2019,1628390,-18.0,SG,Chaser,-0.11,MISS Richardson 24' 3PT Jump Shot,SG,Primary Ball Handler,0.23,
Shot Chart Detail,21800772,430,1626196,Josh Richardson,1610612748,Miami Heat,3,4,12,Made Shot,Driving Dunk Shot,2PT Field Goal,Restricted Area,Center(C),Less Than 8 ft.,0,-1,6,1,1,20190201,MIA,OKC,21800772430,19080,0,2548|201949|202355|204020|1626196,0,REG,2019,1628390,,SG,Chaser,-0.11,Richardson 1' Driving Dunk (13 PTS),SG,Primary Ball Handler,0.23,
Shot Chart Detail,21800772,471,1626196,Josh Richardson,1610612748,Miami Heat,3,1,38,Missed Shot,Tip Layup Shot,2PT Field Goal,Restricted Area,Center(C),Less Than 8 ft.,0,0,-6,1,0,20190201,MIA,OKC,21800772471,20620,0,2548|203079|203482|1626196|1628389,0,REG,2019,203471,-19.0,PG,Point of Attack,-1.32,MISS Richardson 1' Tip Layup Shot,SG,Primary Ball Handler,0.23,
Shot Chart Detail,21800772,473,1626196,Josh Richardson,1610612748,Miami Heat,3,1,33,Missed Shot,Jump Shot,3PT Field Goal,Left Corner 3,Left Side(L),24+ ft.,23,-234,4,1,0,20190201,MIA,OKC,21800772473,20670,0,2548|203079|203482|1626196|1628389,0,REG,2019,203471|202331,-19.0,,,,,SG,Primary Ball Handler,0.23,
Shot Chart Detail,21800772,558,1626196,Josh Richardson,1610612748,Miami Heat,4,6,46,Missed Shot,Jump Shot,3PT Field Goal,Left Corner 3,Left Side(L),24+ ft.,22,-228,-10,1,0,20190201,MIA,OKC,21800772558,24740,0,203079|203482|1626159|1626196|1628389,0,REG,2019,201566,-20.0,PG,Point of Attack,1.02,MISS Richardson 3PT Jump Shot,SG,Primary Ball Handler,0.23,
Shot Chart Detail,21800772,563,1626196,Josh Richardson,1610612748,Miami Heat,4,6,17,Made Shot,Jump Shot,3PT Field Goal,Left Corner 3,Left Side(L),24+ ft.,23,-235,-4,1,1,20190201,MIA,OKC,21800772563,25030,0,203079|203482|1626159|1626196|1628389,1,REG,2019,203518,-17.0,SG,Low Activity,-0.65,Richardson 24' 3PT Jump Shot (16 PTS) (Waiters 1 AST),SG,Primary Ball Handler,0.23,203079.0
Shot Chart Detail,21800772,577,1626196,Josh Richardson,1610612748,Miami Heat,4,5,17,Missed Shot,Step Back Jump shot,2PT Field Goal,Mid-Range,Center(C),16-24 ft.,19,-3,196,1,0,20190201,MIA,OKC,21800772577,25630,0,203079|203482|1626159|1626196|1628389,0,REG,2019,203924,-20.0,PF,Helper,1.46,MISS Richardson 20' Step Back Jump Shot,SG,Primary Ball Handler,0.23,
Shot Chart Detail,21800772,586,1626196,Josh Richardson,1610612748,Miami Heat,4,4,58,Made Shot,Driving Finger Roll Layup Shot,2PT Field Goal,Restricted Area,Center(C),Less Than 8 ft.,1,-7,10,1,1,20190201,MIA,OKC,21800772586,25820,0,203079|203482|1626159|1626196|1628389,1,REG,2019,202331,-20.0,SF,Wing Stopper,1.42,Richardson 1' Driving Finger Roll Layup (18 PTS) (Olynyk 1 AST),SG,Primary Ball Handler,0.23,203482.0
Shot Chart Detail,21800781,9,1626196,Josh Richardson,1610612748,Miami Heat,1,11,18,Made Shot,Jump Shot,3PT Field Goal,Above the Break 3,Center(C),24+ ft.,29,-9,290,1,1,20190202,MIA,IND,218007819,420,0,201949|202355|204020|1626159|1626196,1,REG,2019,202709,3.0,PG,Point of Attack,1.36,Richardson 29' 3PT Jump Shot (3 PTS) (Winslow 1 AST),SG,Primary Ball Handler,0.23,1626159.0
Shot Chart Detail,21800781,285,1626196,Josh Richardson,1610612748,Miami Heat,2,3,8,Missed Shot,Step Back Jump shot,2PT Field Goal,Mid-Range,Center(C),16-24 ft.,17,-54,169,1,0,20190202,MIA,IND,21800781285,12520,0,2548|202355|203482|204020|1626196,0,REG,2019,201152,-4.0,PF,Mobile Big,1.45,MISS Richardson 18' Step Back Jump Shot,SG,Primary Ball Handler,0.23,
Shot Chart Detail,21800781,303,1626196,Josh Richardson,1610612748,Miami Heat,2,1,37,Made Shot,Turnaround Jump Shot,2PT Field Goal,Mid-Range,Center(C),8-16 ft.,14,3,141,1,1,20190202,MIA,IND,21800781303,13430,0,2548|203482|204020|1626196|1628389,1,REG,2019,202709,-1.0,PG,Point of Attack,1.36,Richardson 14' Turnaround Jump Shot (7 PTS) (Wade 1 AST),SG,Primary Ball Handler,0.23,2548.0
Shot Chart Detail,21800781,379,1626196,Josh Richardson,1610612748,Miami Heat,3,9,0,Missed Shot,Dunk Shot,2PT Field Goal,Restricted Area,Center(C),Less Than 8 ft.,1,-13,2,1,0,20190202,MIA,IND,21800781379,16200,0,201949|202355|204020|1626159|1626196,0,REG,2019,202709,-9.0,PG,Point of Attack,1.36,MISS Richardson 1' Dunk,SG,Primary Ball Handler,0.23,
Shot Chart Detail,21800781,388,1626196,Josh Richardson,1610612748,Miami Heat,3,7,44,Missed Shot,Turnaround Hook Shot,2PT Field Goal,Mid-Range,Left Side(L),8-16 ft.,9,-93,7,1,0,20190202,MIA,IND,21800781388,16960,0,201949|202355|204020|1626159|1626196,0,REG,2019,202709,-9.0,PG,Point of Attack,1.36,MISS Richardson 9' Turnaround Hook Shot,SG,Primary Ball Handler,0.23,
Shot Chart Detail,21800781,449,1626196,Josh Richardson,1610612748,Miami Heat,3,3,30,Missed Shot,Pullup Jump shot,2PT Field Goal,Mid-Range,Right Side Center(RC),16-24 ft.,21,84,193,1,0,20190202,MIA,IND,21800781449,19500,0,2548|203079|203482|1626196|1628389,0,REG,2019,202709|1626167,-14.0,,,,,SG,Primary Ball Handler,0.23,
Shot Chart Detail,21800781,571,1626196,Josh Richardson,1610612748,Miami Heat,4,6,51,Made Shot,Step Back Jump shot,2PT Field Goal,In The Paint (Non-RA),Right Side(R),8-16 ft.,11,68,91,1,1,20190202,MIA,IND,21800781571,24690,0,202355|203079|203482|1626159|1626196,0,REG,2019,202709,-5.0,PG,Point of Attack,1.36,Richardson 11' Step Back Jump Shot (11 PTS),SG,Primary Ball Handler,0.23,
Shot Chart Detail,21800803,21,1626196,Josh Richardson,1610612748,Miami Heat,1,10,23,Made Shot,Jump Shot,3PT Field Goal,Above the Break 3,Left Side Center(LC),24+ ft.,24,-182,168,1,1,20190205,POR,MIA,2180080321,970,0,202355|203482|204020|1626159|1626196,1,REG,2019,203081|203090,5.0,,,,,SG,Primary Ball Handler,0.23,1626159.0
Shot Chart Detail,21800803,29,1626196,Josh Richardson,1610612748,Miami Heat,1,9,40,Made Shot,Jump Shot,2PT Field Goal,Mid-Range,Right Side(R),8-16 ft.,9,90,21,1,1,20190205,POR,MIA,2180080329,1400,0,202355|203482|204020|1626159|1626196,1,REG,2019,202329,5.0,PF,Wing Stopper,1.44,Richardson 9' Jump Shot (5 PTS) (Winslow 2 AST),SG,Primary Ball Handler,0.23,1626159.0
Shot Chart Detail,21800803,50,1626196,Josh Richardson,1610612748,Miami Heat,1,8,19,Made Shot,Pullup Jump shot,2PT Field Goal,Mid-Range,Center(C),16-24 ft.,18,-3,189,1,1,20190205,POR,MIA,2180080350,2210,0,202355|203482|204020|1626159|1626196,0,REG,2019,203468,4.0,SG,Chaser,-0.76,Richardson 19' Pullup Jump Shot (9 PTS),SG,Primary Ball Handler,0.23,
Shot Chart Detail,21800803,124,1626196,Josh Richardson,1610612748,Miami Heat,1,2,5,Made Shot,Pullup Jump shot,2PT Field Goal,Mid-Range,Left Side(L),8-16 ft.,12,-117,30,1,1,20190205,POR,MIA,21800803124,5950,0,2548|201949|203079|1626196|1628389,0,REG,2019,203081|203086,5.0,,,,,SG,Primary Ball Handler,0.23,
Shot Chart Detail,21800803,147,1626196,Josh Richardson,1610612748,Miami Heat,1,0,22,Made Shot,Floating Jump shot,2PT Field Goal,In The Paint (Non-RA),Center(C),8-16 ft.,12,-55,111,1,1,20190205,POR,MIA,21800803147,6980,0,2548|201949|203079|1626196|1628389,0,REG,2019,1627774,6.0,SF,Low Activity,0.19,Richardson 12' Floating Jump Shot (14 PTS),SG,Primary Ball Handler,0.23,
Shot Chart Detail,21800803,174,1626196,Josh Richardson,1610612748,Miami Heat,2,10,28,Made Shot,Pullup Jump shot,2PT Field Goal,Mid-Range,Left Side(L),16-24 ft.,21,-187,103,1,1,20190205,POR,MIA,21800803174,8120,0,2548|201949|203079|1626196|1628389,0,REG,2019,1627774,5.0,SF,Low Activity,0.19,Richardson 21' Pullup Jump Shot (16 PTS),SG,Primary Ball Handler,0.23,
Shot Chart Detail,21800803,333,1626196,Josh Richardson,1610612748,Miami Heat,3,10,8,Missed Shot,Driving Layup Shot,2PT Field Goal,Restricted Area,Center(C),Less Than 8 ft.,3,-34,11,1,0,20190205,POR,MIA,21800803333,15520,0,202355|203482|204020|1626159|1626196,0,REG,2019,203468|203994,10.0,,,,,SG,Primary Ball Handler,0.23,
Shot Chart Detail,21800803,479,1626196,Josh Richardson,1610612748,Miami Heat,4,9,31,Missed Shot,Pullup Jump shot,2PT Field Goal,Mid-Range,Left Side Center(LC),16-24 ft.,19,-111,158,1,0,20190205,POR,MIA,21800803479,23090,0,2548|201949|203079|1626196|1628389,0,REG,2019,203086,11.0,C,Anchor Big,0.33,MISS Richardson 19' Pullup Jump Shot,SG,Primary Ball Handler,0.23,
Shot Chart Detail,21800803,488,1626196,Josh Richardson,1610612748,Miami Heat,4,8,52,Missed Shot,Jump Shot,3PT Field Goal,Above the Break 3,Center(C),24+ ft.,29,-88,283,1,0,20190205,POR,MIA,21800803488,23480,0,2548|201949|203079|1626196|1628389,0,REG,2019,203468,8.0,SG,Chaser,-0.76,MISS Richardson 30' 3PT Jump Shot,SG,Primary Ball Handler,0.23,
Shot Chart Detail,21800824,7,1626196,Josh Richardson,1610612748,Miami Heat,1,11,47,Made Shot,Cutting Layup Shot,2PT Field Goal,Restricted Area,Center(C),Less Than 8 ft.,2,18,12,1,1,20190208,SAC,MIA,218008247,130,0,202355|203079|203482|1626159|1626196,1,REG,2019,203084|1626161,2.0,,,,,SG,Primary Ball Handler,0.23,203482.0
Shot Chart Detail,21800824,16,1626196,Josh Richardson,1610612748,Miami Heat,1,11,11,Missed Shot,Pullup Jump shot,2PT Field Goal,Mid-Range,Center(C),16-24 ft.,19,35,189,1,0,20190208,SAC,MIA,2180082416,490,0,202355|203079|203482|1626159|1626196,0,REG,2019,203084,2.0,PF-SF,Wing Stopper,-1.31,MISS Richardson 19' Pullup Jump Shot,SG,Primary Ball Handler,0.23,
Shot Chart Detail,21800824,150,1626196,Josh Richardson,1610612748,Miami Heat,1,1,49,Made Shot,Jump Shot,3PT Field Goal,Above the Break 3,Right Side Center(RC),24+ ft.,25,86,236,1,1,20190208,SAC,MIA,21800824150,6110,0,2548|201949|203585|1626196|1628389,1,REG,2019,1628963,11.0,PF,Helper,-1.67,Richardson 25' 3PT Jump Shot (5 PTS) (McGruder 1 AST),SG,Primary Ball Handler,0.23,203585.0
Shot Chart Detail,21800824,165,1626196,Josh Richardson,1610612748,Miami Heat,1,0,38,Made Shot,Cutting Dunk Shot,2PT Field Goal,Restricted Area,Center(C),Less Than 8 ft.,1,0,10,1,1,20190208,SAC,MIA,21800824165,6820,0,2548|201949|203585|1626196|1628389,1,REG,2019,1627812,11.0,PG,Point of Attack,-0.78,Richardson 1' Cutting Dunk Shot (7 PTS) (Adebayo 1 AST),SG,Primary Ball Handler,0.23,1628389.0
Shot Chart Detail,21800824,200,1626196,Josh Richardson,1610612748,Miami Heat,2,10,12,Made Shot,Pullup Jump shot,2PT Field Goal,In The Paint (Non-RA),Center(C),8-16 ft.,11,-22,112,1,1,20190208,SAC,MIA,21800824200,8280,0,201949|203585|1626196|1628389|1629130,0,REG,2019,1628385,6.0,PF,Anchor Big,-0.37,Richardson 11' Pullup Jump Shot (9 PTS),SG,Primary Ball Handler,0.23,
Shot Chart Detail,21800824,209,1626196,Josh Richardson,1610612748,Miami Heat,2,9,30,Missed Shot,Pullup Jump shot,2PT Field Goal,Mid-Range,Right Side(R),8-16 ft.,10,81,64,1,0,20190208,SAC,MIA,21800824209,8700,0,201949|203585|1626196|1628389|1629130,0,REG,2019,1628385|1627812,8.0,,,,,SG,Primary Ball Handler,0.23,
Shot Chart Detail,21800824,219,1626196,Josh Richardson,1610612748,Miami Heat,2,8,35,Made Shot,Driving Layup Shot,2PT Field Goal,In The Paint (Non-RA),Center(C),Less Than 8 ft.,4,3,47,1,1,20190208,SAC,MIA,21800824219,9250,0,201949|203585|1626196|1628389|1629130,1,REG,2019,1627812,10.0,PG,Point of Attack,-0.78,Richardson 5' Driving Layup (11 PTS) (Johnson 2 AST),SG,Primary Ball Handler,0.23,201949.0
Shot Chart Detail,21800824,305,1626196,Josh Richardson,1610612748,Miami Heat,2,2,31,Missed Shot,Jump Shot,3PT Field Goal,Above the Break 3,Right Side Center(RC),24+ ft.,25,162,199,1,0,20190208,SAC,MIA,21800824305,12890,0,2548|202355|203079|1626159|1626196,0,REG,2019,1628368,8.0,PG,Point of Attack,-0.05,MISS Richardson 26' 3PT Jump Shot,SG,Primary Ball Handler,0.23,
Shot Chart Detail,21800824,357,1626196,Josh Richardson,1610612748,Miami Heat,3,10,31,Missed Shot,Jump Shot,3PT Field Goal,Left Corner 3,Left Side(L),24+ ft.,23,-231,16,1,0,20190208,SAC,MIA,21800824357,15290,0,202355|203079|203482|1626159|1626196,0,REG,2019,1626161,6.0,C,Mobile Big,1.67,MISS Richardson 3PT Jump Shot,SG,Primary Ball Handler,0.23,
Shot Chart Detail,21800824,416,1626196,Josh Richardson,1610612748,Miami Heat,3,5,47,Missed Shot,Step Back Jump shot,2PT Field Goal,Mid-Range,Left Side Center(LC),16-24 ft.,16,-78,147,1,0,20190208,SAC,MIA,21800824416,18130,0,2548|202355|203079|203482|1626159,0,REG,2019,1627741,11.0,SG,Chaser,-1.45,MISS Richardson 17' Step Back Jump Shot,SG,Primary Ball Handler,0.23,
Shot Chart Detail,21800824,512,1626196,Josh Richardson,1610612748,Miami Heat,4,10,17,Made Shot,Jump Shot,3PT Field Goal,Above the Break 3,Right Side Center(RC),24+ ft.,25,103,232,1,1,20190208,SAC,MIA,21800824512,22630,0,2548|201949|203585|1626196|1628389,1,REG,2019,202692,11.0,SG,Chaser,-0.66,Richardson 25' 3PT Jump Shot (15 PTS) (Johnson 3 AST),SG,Primary Ball Handler,0.23,201949.0
Shot Chart Detail,21800824,526,1626196,Josh Richardson,1610612748,Miami Heat,4,8,35,Missed Shot,Turnaround Fadeaway shot,2PT Field Goal,Mid-Range,Right Side(R),16-24 ft.,17,152,85,1,0,20190208,SAC,MIA,21800824526,23650,0,2548|201949|203585|1626196|1628389,0,REG,2019,1627812,7.0,PG,Point of Attack,-0.78,MISS Richardson 17' Turnaround Fadeaway Shot,SG,Primary Ball Handler,0.23,
Shot Chart Detail,21800824,537,1626196,Josh Richardson,1610612748,Miami Heat,4,7,36,Made Shot,Jump Bank Shot,2PT Field Goal,Restricted Area,Center(C),Less Than 8 ft.,2,2,22,1,1,20190208,SAC,MIA,21800824537,24240,0,2548|201949|203585|1626196|1628389,1,REG,2019,1628385,7.0,PF,Anchor Big,-0.37,Richardson 2' Jump Bank Shot (17 PTS) (Johnson 4 AST),SG,Primary Ball Handler,0.23,201949.0
Shot Chart Detail,21800824,557,1626196,Josh Richardson,1610612748,Miami Heat,4,6,29,Made Shot,Running Finger Roll Layup Shot,2PT Field Goal,Restricted Area,Center(C),Less Than 8 ft.,1,-15,6,1,1,20190208,SAC,MIA,21800824557,24910,0,201949|202355|203585|1626159|1626196,1,REG,2019,1627812,11.0,PG,Point of Attack,-0.78,Richardson 2' Running Finger Roll Layup (19 PTS) (Winslow 5 AST),SG,Primary Ball Handler,0.23,1626159.0
Shot Chart Detail,21800824,623,1626196,Josh Richardson,1610612748,Miami Heat,4,2,5,Made Shot,Driving Layup Shot,2PT Field Goal,In The Paint (Non-RA),Center(C),Less Than 8 ft.,4,41,5,1,1,20190208,SAC,MIA,21800824623,27550,0,2548|202355|203079|1626159|1626196,1,REG,2019,1627741,3.0,SG,Chaser,-1.45,Richardson 4' Driving Layup (21 PTS) (Winslow 6 AST),SG,Primary Ball Handler,0.23,1626159.0
Shot Chart Detail,21800838,10,1626196,Josh Richardson,1610612748,Miami Heat,1,11,17,Missed Shot,Jump Shot,3PT Field Goal,Above the Break 3,Left Side Center(LC),24+ ft.,27,-187,203,1,0,20190210,GSW,MIA,2180083810,430,0,202355|203079|203482|1626159|1626196,0,REG,2019,201939,-2.0,PG,Chaser,-0.48,MISS Richardson 28' 3PT Jump Shot,SG,Primary Ball Handler,0.23,
Shot Chart Detail,21800838,27,1626196,Josh Richardson,1610612748,Miami Heat,1,9,54,Made Shot,Turnaround Jump Shot,2PT Field Goal,In The Paint (Non-RA),Center(C),8-16 ft.,12,1,121,1,1,20190210,GSW,MIA,2180083827,1260,0,202355|203079|203482|1626159|1626196,0,REG,2019,202326,-2.0,C,Anchor Big,1.39,Richardson 12' Turnaround Jump Shot (2 PTS),SG,Primary Ball Handler,0.23,
Shot Chart Detail,21800838,32,1626196,Josh Richardson,1610612748,Miami Heat,1,9,25,Made Shot,Jump Shot,3PT Field Goal,Left Corner 3,Left Side(L),24+ ft.,22,-222,-10,1,1,20190210,GSW,MIA,2180083832,1550,0,202355|203079|203482|1626159|1626196,1,REG,2019,,,,,,,SG,Primary Ball Handler,0.23,203079.0
Shot Chart Detail,21800838,37,1626196,Josh Richardson,1610612748,Miami Heat,1,8,53,Missed Shot,Jump Shot,2PT Field Goal,Mid-Range,Left Side Center(LC),16-24 ft.,18,-105,158,1,0,20190210,GSW,MIA,2180083837,1870,0,202355|203079|203482|1626159|1626196,0,REG,2019,202326|201939,-1.0,,,,,SG,Primary Ball Handler,0.23,
Shot Chart Detail,21800838,60,1626196,Josh Richardson,1610612748,Miami Heat,1,6,50,Made Shot,Fadeaway Jump Shot,3PT Field Goal,Above the Break 3,Right Side Center(RC),24+ ft.,25,81,246,1,1,20190210,GSW,MIA,2180083860,3100,0,202355|203079|203482|1626159|1626196,1,REG,2019,203110,,PF,Helper,2.5,Richardson 26' 3PT Fadeaway Jumper (8 PTS) (Olynyk 1 AST),SG,Primary Ball Handler,0.23,203482.0
Shot Chart Detail,21800838,72,1626196,Josh Richardson,1610612748,Miami Heat,1,5,46,Made Shot,Jump Shot,3PT Field Goal,Above the Break 3,Left Side Center(LC),24+ ft.,25,-84,239,1,1,20190210,GSW,MIA,2180083872,3740,0,202355|203079|203482|1626159|1626196,1,REG,2019,201142,16.0,SF,Wing Stopper,0.84,Richardson 25' 3PT Jump Shot (11 PTS) (Winslow 2 AST),SG,Primary Ball Handler,0.23,1626159.0
Shot Chart Detail,21800838,167,1626196,Josh Richardson,1610612748,Miami Heat,1,0,32,Missed Shot,Jump Shot,3PT Field Goal,Above the Break 3,Right Side Center(RC),24+ ft.,26,147,219,1,0,20190210,GSW,MIA,21800838167,6880,0,2548|201949|203585|1626196|1628389,0,REG,2019,1626172|2733,13.0,,,,,SG,Primary Ball Handler,0.23,
Shot Chart Detail,21800838,225,1626196,Josh Richardson,1610612748,Miami Heat,2,8,15,Made Shot,Driving Hook Shot,2PT Field Goal,In The Paint (Non-RA),Center(C),8-16 ft.,9,2,93,1,1,20190210,GSW,MIA,21800838225,9450,0,2548|201949|203585|1626196|1628389,1,REG,2019,202691,5.0,SG,Wing Stopper,-0.54,Richardson 9' Driving Hook Shot (13 PTS) (Wade 4 AST),SG,Primary Ball Handler,0.23,2548.0
Shot Chart Detail,21800838,240,1626196,Josh Richardson,1610612748,Miami Heat,2,7,8,Made Shot,Jump Shot,3PT Field Goal,Above the Break 3,Center(C),24+ ft.,26,9,266,1,1,20190210,GSW,MIA,21800838240,10120,0,201949|202355|203079|203585|1626196,1,REG,2019,1626172,8.0,C,Mobile Big,0.26,Richardson 27' 3PT Jump Shot (16 PTS) (Waiters 2 AST),SG,Primary Ball Handler,0.23,203079.0
Shot Chart Detail,21800838,302,1626196,Josh Richardson,1610612748,Miami Heat,2,2,4,Made Shot,Jump Shot,3PT Field Goal,Above the Break 3,Right Side Center(RC),24+ ft.,26,147,224,1,1,20190210,GSW,MIA,21800838302,13160,0,202355|203079|203482|1626159|1626196,0,REG,2019,201142,3.0,SF,Wing Stopper,0.84,Richardson 27' 3PT Jump Shot (19 PTS),SG,Primary Ball Handler,0.23,
Shot Chart Detail,21800838,306,1626196,Josh Richardson,1610612748,Miami Heat,2,1,37,Missed Shot,Jump Shot,2PT Field Goal,In The Paint (Non-RA),Center(C),8-16 ft.,10,9,106,1,0,20190210,GSW,MIA,21800838306,13430,0,2548|202355|203079|1626159|1626196,0,REG,2019,202691,3.0,SG,Wing Stopper,-0.54,MISS Richardson 11' Jump Shot,SG,Primary Ball Handler,0.23,
Shot Chart Detail,21800838,327,1626196,Josh Richardson,1610612748,Miami Heat,2,0,24,Missed Shot,Layup Shot,2PT Field Goal,Restricted Area,Center(C),Less Than 8 ft.,3,-16,26,1,0,20190210,GSW,MIA,21800838327,14160,0,2548|201949|203079|203482|1626196,0,REG,2019,202326,4.0,C,Anchor Big,1.39,Green BLOCK (1 BLK),SG,Primary Ball Handler,0.23,
Shot Chart Detail,21800838,376,1626196,Josh Richardson,1610612748,Miami Heat,3,8,58,Missed Shot,Driving Layup Shot,2PT Field Goal,Restricted Area,Center(C),Less Than 8 ft.,3,-18,33,1,0,20190210,GSW,MIA,21800838376,16220,0,202355|203079|203482|1626159|1626196,0,REG,2019,201939,-3.0,PG,Chaser,-0.48,MISS Richardson 4' Driving Layup,SG,Primary Ball Handler,0.23,
Shot Chart Detail,21800838,403,1626196,Josh Richardson,1610612748,Miami Heat,3,6,56,Made Shot,Driving Bank Hook Shot,2PT Field Goal,Restricted Area,Center(C),Less Than 8 ft.,3,20,33,1,1,20190210,GSW,MIA,21800838403,17440,0,202355|203079|203482|1626159|1626196,0,REG,2019,203110,-0.0,PF,Helper,2.5,Richardson 4' Driving Bank Hook Shot (21 PTS),SG,Primary Ball Handler,0.23,
Shot Chart Detail,21800838,430,1626196,Josh Richardson,1610612748,Miami Heat,3,5,31,Missed Shot,Jump Shot,2PT Field Goal,Mid-Range,Right Side(R),8-16 ft.,10,102,31,1,0,20190210,GSW,MIA,21800838430,18290,0,2548|202355|203079|203482|1626196,0,REG,2019,201939,-2.0,PG,Chaser,-0.48,MISS Richardson 11' Jump Shot,SG,Primary Ball Handler,0.23,
Shot Chart Detail,21800838,438,1626196,Josh Richardson,1610612748,Miami Heat,3,5,10,Made Shot,Jump Shot,3PT Field Goal,Above the Break 3,Right Side Center(RC),24+ ft.,26,167,211,1,1,20190210,GSW,MIA,21800838438,18500,0,2548|202355|203079|203482|1626196,1,REG,2019,203110,1.0,PF,Helper,2.5,Richardson 27' 3PT Jump Shot (24 PTS) (Waiters 4 AST),SG,Primary Ball Handler,0.23,203079.0
Shot Chart Detail,21800838,477,1626196,Josh Richardson,1610612748,Miami Heat,3,2,5,Made Shot,Jump Shot,2PT Field Goal,Mid-Range,Left Side(L),16-24 ft.,20,-208,27,1,1,20190210,GSW,MIA,21800838477,20350,0,2548|201949|203079|1626196|1628389,1,REG,2019,201939,-3.0,PG,Chaser,-0.48,Richardson 21' Jump Shot (26 PTS) (Wade 5 AST),SG,Primary Ball Handler,0.23,2548.0
Shot Chart Detail,21800838,579,1626196,Josh Richardson,1610612748,Miami Heat,4,6,41,Missed Shot,Jump Shot,3PT Field Goal,Above the Break 3,Right Side Center(RC),24+ ft.,27,146,230,1,0,20190210,GSW,MIA,21800838579,24790,0,2548|201949|203079|1626196|1628389,0,REG,2019,1626172,-9.0,C,Mobile Big,0.26,MISS Richardson 27' 3PT Jump Shot,SG,Primary Ball Handler,0.23,
Shot Chart Detail,21800838,603,1626196,Josh Richardson,1610612748,Miami Heat,4,5,18,Made Shot,Jump Shot,3PT Field Goal,Above the Break 3,Left Side Center(LC),24+ ft.,28,-196,205,1,1,20190210,GSW,MIA,21800838603,25620,0,2548|203079|1626159|1626196|1628389,1,REG,2019,201939,-5.0,PG,Chaser,-0.48,Richardson 28' 3PT Jump Shot (30 PTS) (Adebayo 2 AST),SG,Primary Ball Handler,0.23,1628389.0
Shot Chart Detail,21800838,607,1626196,Josh Richardson,1610612748,Miami Heat,4,4,47,Made Shot,Pullup Jump shot,2PT Field Goal,Mid-Range,Left Side Center(LC),16-24 ft.,21,-115,186,1,1,20190210,GSW,MIA,21800838607,25930,0,2548|203079|1626159|1626196|1628389,0,REG,2019,1626172,-3.0,C,Mobile Big,0.26,Richardson 22' Pullup Jump Shot (32 PTS),SG,Primary Ball Handler,0.23,
Shot Chart Detail,21800838,636,1626196,Josh Richardson,1610612748,Miami Heat,4,2,16,Made Shot,Jump Shot,3PT Field Goal,Above the Break 3,Left Side Center(LC),24+ ft.,25,-82,242,1,1,20190210,GSW,MIA,21800838636,27440,0,2548|203079|1626159|1626196|1628389,1,REG,2019,203110,-1.0,PF,Helper,2.5,Richardson 26' 3PT Jump Shot (35 PTS) (Wade 9 AST),SG,Primary Ball Handler,0.23,2548.0
Shot Chart Detail,21800838,656,1626196,Josh Richardson,1610612748,Miami Heat,4,0,51,Made Shot,Running Dunk Shot,2PT Field Goal,Restricted Area,Center(C),Less Than 8 ft.,2,3,20,1,1,20190210,GSW,MIA,21800838656,28290,0,2548|203079|1626159|1626196|1628389,0,REG,2019,201939,,PG,Chaser,-0.48,Richardson 2' Running Dunk (37 PTS),SG,Primary Ball Handler,0.23,
Shot Chart Detail,21800847,24,1626196,Josh Richardson,1610612748,Miami Heat,1,10,8,Missed Shot,Jump Shot,3PT Field Goal,Mid-Range,Left Side(L),16-24 ft.,23,-201,125,1,0,20190211,DEN,MIA,2180084724,1120,0,202355|203079|203482|1626159|1626196,0,REG,2019,1627736,2.0,SG,Chaser,-1.1,MISS Richardson 24' 3PT Jump Shot,SG,Primary Ball Handler,0.23,
Shot Chart Detail,21800847,55,1626196,Josh Richardson,1610612748,Miami Heat,1,6,45,Made Shot,Jump Shot,3PT Field Goal,Above the Break 3,Left Side Center(LC),24+ ft.,25,-165,199,1,1,20190211,DEN,MIA,2180084755,3150,0,202355|203079|203482|1626159|1626196,1,REG,2019,203115,2.0,SF,Wing Stopper,-0.45,Richardson 26' 3PT Jump Shot (5 PTS) (Waiters 2 AST),SG,Primary Ball Handler,0.23,203079.0
Shot Chart Detail,21800847,140,1626196,Josh Richardson,1610612748,Miami Heat,1,0,48,Made Shot,Pullup Jump shot,2PT Field Goal,In The Paint (Non-RA),Center(C),8-16 ft.,11,-18,115,1,1,20190211,DEN,MIA,21800847140,6720,0,2548|201949|203585|1626196|1628389,1,REG,2019,203486,-6.0,C,Mobile Big,1.55,Richardson 12' Pullup Jump Shot (7 PTS) (Wade 1 AST),SG,Primary Ball Handler,0.23,2548.0
Shot Chart Detail,21800847,162,1626196,Josh Richardson,1610612748,Miami Heat,2,10,56,Missed Shot,Jump Shot,3PT Field Goal,Above the Break 3,Left Side Center(LC),24+ ft.,24,-127,213,1,0,20190211,DEN,MIA,21800847162,7840,0,2548|201949|203585|1626196|1628389,0,REG,2019,1628470,-6.0,SF,Point of Attack,0.09,MISS Richardson 25' 3PT Jump Shot,SG,Primary Ball Handler,0.23,
Shot Chart Detail,21800847,176,1626196,Josh Richardson,1610612748,Miami Heat,2,9,24,Missed Shot,Jump Shot,3PT Field Goal,Above the Break 3,Center(C),24+ ft.,26,13,267,1,0,20190211,DEN,MIA,21800847176,8760,0,2548|201949|203585|1626196|1628389,0,REG,2019,1628470,-6.0,SF,Point of Attack,0.09,MISS Richardson 27' 3PT Jump Shot,SG,Primary Ball Handler,0.23,
Shot Chart Detail,21800847,345,1626196,Josh Richardson,1610612748,Miami Heat,3,9,1,Made Shot,Driving Layup Shot,2PT Field Goal,Restricted Area,Center(C),Less Than 8 ft.,2,-9,22,1,1,20190211,DEN,MIA,21800847345,16190,0,202355|203079|203482|1626159|1626196,0,REG,2019,1627736,-2.0,SG,Chaser,-1.1,Richardson 2' Driving Layup (9 PTS),SG,Primary Ball Handler,0.23,
Shot Chart Detail,21800847,387,1626196,Josh Richardson,1610612748,Miami Heat,3,6,34,Missed Shot,Jump Shot,3PT Field Goal,Above the Break 3,Right Side Center(RC),24+ ft.,25,188,167,1,0,20190211,DEN,MIA,21800847387,17660,0,203079|203482|1626159|1626196|1628389,0,REG,2019,1628420,-9.0,PG,Point of Attack,-0.49,MISS Richardson 25' 3PT Jump Shot,SG,Primary Ball Handler,0.23,
Shot Chart Detail,21800847,410,1626196,Josh Richardson,1610612748,Miami Heat,3,4,47,Made Shot,Jump Shot,3PT Field Goal,Left Corner 3,Left Side(L),24+ ft.,23,-229,22,1,1,20190211,DEN,MIA,21800847410,18730,0,2548|203482|1626159|1626196|1628389,1,REG,2019,1628420,-15.0,PG,Point of Attack,-0.49,Richardson 3PT Jump Shot (12 PTS) (Wade 3 AST),SG,Primary Ball Handler,0.23,2548.0
Shot Chart Detail,21800847,591,1626196,Josh Richardson,1610612748,Miami Heat,4,4,7,Missed Shot,Jump Shot,3PT Field Goal,Above the Break 3,Left Side Center(LC),24+ ft.,24,-81,236,1,0,20190211,DEN,MIA,21800847591,26330,0,201949|203079|203482|1626159|1626196,0,REG,2019,1627736,-17.0,SG,Chaser,-1.1,MISS Richardson 25' 3PT Jump Shot,SG,Primary Ball Handler,0.23,
Shot Chart Detail,21800859,7,1626196,Josh Richardson,1610612748,Miami Heat,1,11,48,Made Shot,Cutting Layup Shot,2PT Field Goal,Restricted Area,Center(C),Less Than 8 ft.,2,14,17,1,1,20190213,DAL,MIA,218008597,120,0,202355|203079|203482|1626159|1626196,1,REG,2019,1626257,2.0,C,Anchor Big,1.19,Richardson 2' Cutting Layup Shot (2 PTS) (Olynyk 1 AST),SG,Primary Ball Handler,0.23,203482.0
Shot Chart Detail,21800859,25,1626196,Josh Richardson,1610612748,Miami Heat,1,10,32,Made Shot,Step Back Jump shot,2PT Field Goal,Mid-Range,Left Side(L),16-24 ft.,16,-154,48,1,1,20190213,DAL,MIA,2180085925,880,0,202355|203079|203482|1626159|1626196,1,REG,2019,1627827,1.0,SF,Wing Stopper,-0.42,Richardson 16' Step Back Jump Shot (4 PTS) (Winslow 1 AST),SG,Primary Ball Handler,0.23,1626159.0
Shot Chart Detail,21800859,30,1626196,Josh Richardson,1610612748,Miami Heat,1,10,14,Missed Shot,Jump Shot,3PT Field Goal,Above the Break 3,Left Side Center(LC),24+ ft.,26,-215,148,1,0,20190213,DAL,MIA,2180085930,1060,0,202355|203079|203482|1626159|1626196,0,REG,2019,1629029,1.0,SG,Low Activity,-0.28,MISS Richardson 26' 3PT Jump Shot,SG,Primary Ball Handler,0.23,
Shot Chart Detail,21800859,244,1626196,Josh Richardson,1610612748,Miami Heat,2,5,0,Missed Shot,Jump Shot,3PT Field Goal,Above the Break 3,Right Side Center(RC),24+ ft.,26,172,201,1,0,20190213,DAL,MIA,21800859244,11400,0,201949|202355|203079|203585|1626196,0,REG,2019,1627827,2.0,SF,Wing Stopper,-0.42,MISS Richardson 26' 3PT Jump Shot,SG,Primary Ball Handler,0.23,
Shot Chart Detail,21800859,295,1626196,Josh Richardson,1610612748,Miami Heat,2,1,15,Missed Shot,Jump Shot,3PT Field Goal,Above the Break 3,Left Side Center(LC),24+ ft.,26,-204,172,1,0,20190213,DAL,MIA,21800859295,13650,0,2548|203079|203585|1626196|1628389,0,REG,2019,1628973,-3.0,PG,Point of Attack,-0.7,MISS Richardson 27' 3PT Jump Shot,SG,Primary Ball Handler,0.23,
Shot Chart Detail,21800859,327,1626196,Josh Richardson,1610612748,Miami Heat,3,11,36,Missed Shot,Jump Shot,3PT Field Goal,Right Corner 3,Right Side(R),24+ ft.,23,230,52,1,0,20190213,DAL,MIA,21800859327,14640,0,202355|203079|203482|1626159|1626196,0,REG,2019,1628467,-1.0,PF,Wing Stopper,1.07,MISS Richardson 24' 3PT Jump Shot,SG,Primary Ball Handler,0.23,
Shot Chart Detail,21800859,373,1626196,Josh Richardson,1610612748,Miami Heat,3,7,48,Made Shot,Putback Dunk Shot,2PT Field Goal,Restricted Area,Center(C),Less Than 8 ft.,0,0,-6,1,1,20190213,DAL,MIA,21800859373,16920,0,202355|203079|203482|1626159|1626196,0,REG,2019,1629029,,SG,Low Activity,-0.28,Richardson 1' Putback Dunk (6 PTS),SG,Primary Ball Handler,0.23,
Shot Chart Detail,21800859,380,1626196,Josh Richardson,1610612748,Miami Heat,3,6,58,Made Shot,Jump Shot,2PT Field Goal,Mid-Range,Left Side(L),16-24 ft.,21,-183,120,1,1,20190213,DAL,MIA,21800859380,17420,0,202355|203079|203482|1626159|1626196,1,REG,2019,203501,7.0,SG,Chaser,-0.59,Richardson 22' Jump Shot (8 PTS) (Waiters 2 AST),SG,Primary Ball Handler,0.23,203079.0
Shot Chart Detail,21800859,395,1626196,Josh Richardson,1610612748,Miami Heat,3,6,7,Made Shot,Pullup Jump shot,2PT Field Goal,In The Paint (Non-RA),Center(C),8-16 ft.,9,42,90,1,1,20190213,DAL,MIA,21800859395,17930,0,202355|203079|203482|1626159|1626196,0,REG,2019,203939|1628973,9.0,,,,,SG,Primary Ball Handler,0.23,
Shot Chart Detail,21800859,398,1626196,Josh Richardson,1610612748,Miami Heat,3,5,38,Missed Shot,Jump Shot,3PT Field Goal,Above the Break 3,Left Side Center(LC),24+ ft.,26,-217,148,1,0,20190213,DAL,MIA,21800859398,18220,0,202355|203079|203482|1626159|1626196,0,REG,2019,1628973,9.0,PG,Point of Attack,-0.7,MISS Richardson 26' 3PT Jump Shot,SG,Primary Ball Handler,0.23,
Shot Chart Detail,21800859,413,1626196,Josh Richardson,1610612748,Miami Heat,3,4,7,Missed Shot,Jump Shot,3PT Field Goal,Above the Break 3,Left Side Center(LC),24+ ft.,26,-152,211,1,0,20190213,DAL,MIA,21800859413,19130,0,2548|202355|203079|203482|1626196,0,REG,2019,1628973,11.0,PG,Point of Attack,-0.7,MISS Richardson 26' 3PT Jump Shot,SG,Primary Ball Handler,0.23,
Shot Chart Detail,21800859,449,1626196,Josh Richardson,1610612748,Miami Heat,3,2,16,Made Shot,Jump Shot,3PT Field Goal,Above the Break 3,Left Side Center(LC),24+ ft.,24,-174,179,1,1,20190213,DAL,MIA,21800859449,20240,0,2548|201949|203079|1626196|1628389,1,REG,2019,1717,13.0,PF,Helper,-0.42,Richardson 25' 3PT Jump Shot (13 PTS) (Wade 1 AST),SG,Primary Ball Handler,0.23,2548.0
Shot Chart Detail,21800868,9,1626196,Josh Richardson,1610612748,Miami Heat,1,11,39,Missed Shot,Pullup Jump shot,2PT Field Goal,Mid-Range,Center(C),8-16 ft.,15,-46,143,1,0,20190221,PHI,MIA,218008689,210,0,202355|203079|203482|1626159|1626196,0,REG,2019,1626246|200755,-0.0,,,,,SG,Primary Ball Handler,0.23,
Shot Chart Detail,21800868,36,1626196,Josh Richardson,1610612748,Miami Heat,1,9,19,Made Shot,Pullup Jump shot,2PT Field Goal,In The Paint (Non-RA),Center(C),8-16 ft.,9,-28,92,1,1,20190221,PHI,MIA,2180086836,1610,0,202355|203079|203482|1626159|1626196,0,REG,2019,202710,-1.0,SF-SG,Wing Stopper,-0.08,Richardson 10' Pullup Jump Shot (2 PTS),SG,Primary Ball Handler,0.23,
Shot Chart Detail,21800868,49,1626196,Josh Richardson,1610612748,Miami Heat,1,8,21,Missed Shot,Jump Shot,3PT Field Goal,Above the Break 3,Right Side Center(RC),24+ ft.,25,161,199,1,0,20190221,PHI,MIA,2180086849,2190,0,202355|203079|203482|1626159|1626196,0,REG,2019,1627732,-2.0,PG,Wing Stopper,0.42,MISS Richardson 26' 3PT Jump Shot,SG,Primary Ball Handler,0.23,
Shot Chart Detail,21800868,55,1626196,Josh Richardson,1610612748,Miami Heat,1,7,54,Missed Shot,Jump Shot,2PT Field Goal,Mid-Range,Center(C),16-24 ft.,22,40,220,1,0,20190221,PHI,MIA,2180086855,2460,0,202355|203079|203482|1626159|1626196,0,REG,2019,1626246,-2.0,C,Anchor Big,0.42,MISS Richardson 22' Jump Shot,SG,Primary Ball Handler,0.23,
Shot Chart Detail,21800868,134,1626196,Josh Richardson,1610612748,Miami Heat,1,2,36,Missed Shot,Jump Shot,3PT Field Goal,Above the Break 3,Left Side Center(LC),24+ ft.,26,-148,225,1,0,20190221,PHI,MIA,21800868134,5640,0,2548|201949|203585|1626196|1628389,0,REG,2019,1627732|1628413,-10.0,,,,,SG,Primary Ball Handler,0.23,
Shot Chart Detail,21800868,138,1626196,Josh Richardson,1610612748,Miami Heat,1,2,4,Made Shot,Driving Finger Roll Layup Shot,2PT Field Goal,Restricted Area,Center(C),Less Than 8 ft.,0,6,4,1,1,20190221,PHI,MIA,21800868138,5960,0,2548|201949|203585|1626196|1628389,1,REG,2019,1627732,-8.0,PG,Wing Stopper,0.42,Richardson 1' Driving Finger Roll Layup (4 PTS) (McGruder 1 AST),SG,Primary Ball Handler,0.23,203585.0
Shot Chart Detail,21800868,300,1626196,Josh Richardson,1610612748,Miami Heat,2,2,45,Missed Shot,Jump Shot,3PT Field Goal,Above the Break 3,Left Side Center(LC),24+ ft.,24,-214,121,1,0,20190221,PHI,MIA,21800868300,12750,0,2548|202355|203079|1626196|1627884,0,REG,2019,1627732,-7.0,PG,Wing Stopper,0.42,MISS Richardson 25' 3PT Jump Shot,SG,Primary Ball Handler,0.23,
Shot Chart Detail,21800868,324,1626196,Josh Richardson,1610612748,Miami Heat,2,1,25,Made Shot,Pullup Jump shot,2PT Field Goal,Mid-Range,Left Side(L),8-16 ft.,10,-109,-5,1,1,20190221,PHI,MIA,21800868324,13550,0,2548|203079|1626196|1627884|1628389,1,REG,2019,1628413,-7.0,PF,Helper,0.3,Richardson 11' Pullup Jump Shot (6 PTS) (Adebayo 2 AST),SG,Primary Ball Handler,0.23,1628389.0
Shot Chart Detail,21800868,381,1626196,Josh Richardson,1610612748,Miami Heat,3,9,13,Missed Shot,Jump Shot,3PT Field Goal,Above the Break 3,Right Side Center(RC),24+ ft.,30,99,284,1,0,20190221,PHI,MIA,21800868381,16070,0,202355|203079|203482|1626159|1626196,0,REG,2019,1627732,-7.0,PG,Wing Stopper,0.42,B. Simmons BLOCK (1 BLK),SG,Primary Ball Handler,0.23,
Shot Chart Detail,21800868,394,1626196,Josh Richardson,1610612748,Miami Heat,3,8,23,Missed Shot,Jump Shot,3PT Field Goal,Above the Break 3,Left Side Center(LC),24+ ft.,26,-131,235,1,0,20190221,PHI,MIA,21800868394,16570,0,202355|203079|203482|1626159|1626196,0,REG,2019,200755,-5.0,SG,Low Activity,-1.46,MISS Richardson 27' 3PT Jump Shot,SG,Primary Ball Handler,0.23,
Shot Chart Detail,21800868,398,1626196,Josh Richardson,1610612748,Miami Heat,3,8,3,Missed Shot,Hook Shot,2PT Field Goal,Mid-Range,Center(C),16-24 ft.,16,-2,164,1,0,20190221,PHI,MIA,21800868398,16770,0,202355|203079|203482|1626159|1626196,0,REG,2019,202710,-5.0,SF-SG,Wing Stopper,-0.08,MISS Richardson 16' Hook Shot,SG,Primary Ball Handler,0.23,
Shot Chart Detail,21800868,514,1626196,Josh Richardson,1610612748,Miami Heat,4,11,50,Made Shot,Turnaround Fadeaway shot,2PT Field Goal,Mid-Range,Right Side Center(RC),16-24 ft.,16,83,141,1,1,20190221,PHI,MIA,21800868514,21700,0,2548|203482|203585|1626196|1627884,1,REG,2019,200755,,SG,Low Activity,-1.46,Richardson 16' Turnaround Fadeaway (8 PTS) (Olynyk 3 AST),SG,Primary Ball Handler,0.23,203482.0
Shot Chart Detail,21800868,550,1626196,Josh Richardson,1610612748,Miami Heat,4,8,55,Made Shot,Driving Dunk Shot,2PT Field Goal,Restricted Area,Center(C),Less Than 8 ft.,0,-3,5,1,1,20190221,PHI,MIA,21800868550,23450,0,2548|203482|203585|1626196|1627884,1,REG,2019,200755,,SG,Low Activity,-1.46,Richardson 1' Driving Dunk (10 PTS) (Wade 5 AST),SG,Primary Ball Handler,0.23,2548.0
Shot Chart Detail,21800868,611,1626196,Josh Richardson,1610612748,Miami Heat,4,3,40,Made Shot,Jump Shot,3PT Field Goal,Above the Break 3,Center(C),24+ ft.,25,-6,257,1,1,20190221,PHI,MIA,21800868611,26600,0,203079|203585|1626159|1626196|1628389,1,REG,2019,200755,-1.0,SG,Low Activity,-1.46,Richardson 26' 3PT Jump Shot (13 PTS) (Winslow 4 AST),SG,Primary Ball Handler,0.23,1626159.0
Shot Chart Detail,21800868,629,1626196,Josh Richardson,1610612748,Miami Heat,4,2,17,Missed Shot,Jump Shot,3PT Field Goal,Above the Break 3,Center(C),24+ ft.,24,29,247,1,0,20190221,PHI,MIA,21800868629,27430,0,2548|203079|1626159|1626196|1628389,0,REG,2019,1626246,-1.0,C,Anchor Big,0.42,MISS Richardson 25' 3PT Jump Shot,SG,Primary Ball Handler,0.23,
Shot Chart Detail,21800888,28,1626196,Josh Richardson,1610612748,Miami Heat,1,9,48,Missed Shot,Layup Shot,2PT Field Goal,Restricted Area,Center(C),Less Than 8 ft.,0,-6,4,1,0,20190223,MIA,DET,2180088828,1320,0,202355|203079|203482|203585|1626196,0,REG,2019,1628971,-2.0,SG,Point of Attack,0.81,MISS Richardson 1' Layup,SG,Primary Ball Handler,0.23,
Shot Chart Detail,21800888,35,1626196,Josh Richardson,1610612748,Miami Heat,1,9,26,Missed Shot,Jump Shot,3PT Field Goal,Above the Break 3,Left Side Center(LC),24+ ft.,25,-179,179,1,0,20190223,MIA,DET,2180088835,1540,0,202355|203079|203482|203585|1626196,0,REG,2019,203083|201933,-2.0,,,,,SG,Primary Ball Handler,0.23,
Shot Chart Detail,21800888,39,1626196,Josh Richardson,1610612748,Miami Heat,1,8,57,Made Shot,Driving Layup Shot,2PT Field Goal,Restricted Area,Center(C),Less Than 8 ft.,1,0,14,1,1,20190223,MIA,DET,2180088839,1830,0,202355|203079|203482|203585|1626196,1,REG,2019,203083,0.0,C,Anchor Big,2.42,Richardson 1' Driving Layup (2 PTS) (Olynyk 1 AST),SG,Primary Ball Handler,0.23,203482.0
Shot Chart Detail,21800888,56,1626196,Josh Richardson,1610612748,Miami Heat,1,6,57,Missed Shot,Jump Shot,3PT Field Goal,Right Corner 3,Right Side(R),24+ ft.,23,237,32,1,0,20190223,MIA,DET,2180088856,3030,0,202355|203079|203482|203585|1626196,0,REG,2019,202704,2.0,PG,Point of Attack,-0.82,MISS Richardson 24' 3PT Jump Shot,SG,Primary Ball Handler,0.23,
Shot Chart Detail,21800888,148,1626196,Josh Richardson,1610612748,Miami Heat,1,0,44,Made Shot,Pullup Jump shot,2PT Field Goal,Mid-Range,Right Side(R),8-16 ft.,14,127,77,1,1,20190223,MIA,DET,21800888148,6760,0,2548|201609|1626196|1627884|1628389,1,REG,2019,1627748,11.0,C-PF,Anchor Big,0.43,Richardson 15' Pullup Jump Shot (4 PTS) (Adebayo 2 AST),SG,Primary Ball Handler,0.23,1628389.0
Shot Chart Detail,21800888,151,1626196,Josh Richardson,1610612748,Miami Heat,1,0,11,Made Shot,Turnaround Hook Shot,2PT Field Goal,In The Paint (Non-RA),Center(C),Less Than 8 ft.,7,70,-5,1,1,20190223,MIA,DET,21800888151,7090,0,2548|201609|1626196|1627884|1628389,0,REG,2019,202397,11.0,PG,Point of Attack,-0.8,Richardson 7' Turnaround Hook Shot (6 PTS),SG,Primary Ball Handler,0.23,
Shot Chart Detail,21800888,192,1626196,Josh Richardson,1610612748,Miami Heat,2,9,16,Missed Shot,Driving Hook Shot,2PT Field Goal,In The Paint (Non-RA),Center(C),Less Than 8 ft.,6,2,68,1,0,20190223,MIA,DET,21800888192,8840,0,2548|201609|202355|1626196|1627884,0,REG,2019,202397|1627748,3.0,,,,,SG,Primary Ball Handler,0.23,
Shot Chart Detail,21800888,264,1626196,Josh Richardson,1610612748,Miami Heat,2,4,44,Missed Shot,Layup Shot,2PT Field Goal,Restricted Area,Center(C),Less Than 8 ft.,2,20,13,1,0,20190223,MIA,DET,21800888264,11560,0,202355|203079|203585|1626196|1627884,0,REG,2019,202704,-1.0,PG,Point of Attack,-0.82,MISS Richardson 2' Layup,SG,Primary Ball Handler,0.23,
Shot Chart Detail,21800888,277,1626196,Josh Richardson,1610612748,Miami Heat,2,3,30,Made Shot,Pullup Jump shot,2PT Field Goal,In The Paint (Non-RA),Center(C),8-16 ft.,14,63,127,1,1,20190223,MIA,DET,21800888277,12300,0,202355|203079|203585|1626196|1627884,0,REG,2019,203083|201961,0.0,,,,,SG,Primary Ball Handler,0.23,
Shot Chart Detail,21800888,319,1626196,Josh Richardson,1610612748,Miami Heat,2,0,13,Missed Shot,Pullup Jump shot,2PT Field Goal,Mid-Range,Center(C),16-24 ft.,17,7,172,1,0,20190223,MIA,DET,21800888319,14270,0,2548|202355|203079|1626196|1627884,0,REG,2019,202704,-8.0,PG,Point of Attack,-0.82,MISS Richardson 17' Pullup Jump Shot,SG,Primary Ball Handler,0.23,
Shot Chart Detail,21800888,376,1626196,Josh Richardson,1610612748,Miami Heat,3,7,52,Made Shot,Running Layup Shot,2PT Field Goal,Restricted Area,Center(C),Less Than 8 ft.,2,-20,4,1,1,20190223,MIA,DET,21800888376,16880,0,202355|203079|203482|1626196|1629130,1,REG,2019,202704,-10.0,PG,Point of Attack,-0.82,Richardson 2' Running Layup (11 PTS) (Olynyk 3 AST),SG,Primary Ball Handler,0.23,203482.0
Shot Chart Detail,21800888,383,1626196,Josh Richardson,1610612748,Miami Heat,3,7,25,Made Shot,Pullup Jump shot,2PT Field Goal,Mid-Range,Right Side(R),8-16 ft.,11,116,10,1,1,20190223,MIA,DET,21800888383,17150,0,202355|203079|203482|1626196|1629130,1,REG,2019,1628971,-8.0,SG,Point of Attack,0.81,Richardson 12' Pullup Jump Shot (13 PTS) (Waiters 3 AST),SG,Primary Ball Handler,0.23,203079.0
Shot Chart Detail,21800888,532,1626196,Josh Richardson,1610612748,Miami Heat,4,8,27,Made Shot,Jump Shot,3PT Field Goal,Above the Break 3,Right Side Center(RC),24+ ft.,25,207,141,1,1,20190223,MIA,DET,21800888532,23730,0,2548|202355|203079|1626196|1627884,1,REG,2019,204038,-17.0,SG,Wing Stopper,-0.93,Richardson 25' 3PT Jump Shot (18 PTS) (Wade 3 AST),SG,Primary Ball Handler,0.23,2548.0
Shot Chart Detail,21800888,536,1626196,Josh Richardson,1610612748,Miami Heat,4,7,46,Made Shot,Jump Shot,3PT Field Goal,Above the Break 3,Left Side Center(LC),24+ ft.,26,-150,214,1,1,20190223,MIA,DET,21800888536,24140,0,2548|202355|203079|1626196|1627884,1,REG,2019,1628379,-14.0,SG,Low Activity,-1.03,Richardson 26' 3PT Jump Shot (21 PTS) (Waiters 5 AST),SG,Primary Ball Handler,0.23,203079.0
Shot Chart Detail,21800888,545,1626196,Josh Richardson,1610612748,Miami Heat,4,7,13,Missed Shot,Jump Shot,3PT Field Goal,Right Corner 3,Right Side(R),24+ ft.,23,227,67,1,0,20190223,MIA,DET,21800888545,24470,0,2548|202355|203079|1626196|1627884,0,REG,2019,204038,-17.0,SG,Wing Stopper,-0.93,MISS Richardson 24' 3PT Jump Shot,SG,Primary Ball Handler,0.23,
Shot Chart Detail,21800888,568,1626196,Josh Richardson,1610612748,Miami Heat,4,5,31,Missed Shot,Jump Shot,3PT Field Goal,Above the Break 3,Left Side Center(LC),24+ ft.,26,-110,242,1,0,20190223,MIA,DET,21800888568,25490,0,2548|202355|203079|203482|1626196,0,REG,2019,203083|1628379,-23.0,,,,,SG,Primary Ball Handler,0.23,
Shot Chart Detail,21800901,27,1626196,Josh Richardson,1610612748,Miami Heat,1,10,2,Made Shot,Driving Reverse Layup Shot,2PT Field Goal,Restricted Area,Center(C),Less Than 8 ft.,2,-16,15,1,1,20190225,MIA,PHX,2180090127,1180,0,202355|203079|203482|1626196|1629130,0,REG,2019,1626162,3.0,SF,Chaser,-0.36,Richardson 2' Driving Reverse Layup (3 PTS),SG,Primary Ball Handler,0.23,
Shot Chart Detail,21800901,40,1626196,Josh Richardson,1610612748,Miami Heat,1,8,25,Missed Shot,Jump Shot,3PT Field Goal,Above the Break 3,Left Side Center(LC),24+ ft.,25,-124,227,1,0,20190225,MIA,PHX,2180090140,2150,0,202355|203079|203482|1626196|1629130,0,REG,2019,1626164,5.0,SG,Chaser,-3.46,MISS Richardson 26' 3PT Jump Shot,SG,Primary Ball Handler,0.23,
Shot Chart Detail,21800901,96,1626196,Josh Richardson,1610612748,Miami Heat,1,4,50,Made Shot,Turnaround Hook Shot,2PT Field Goal,In The Paint (Non-RA),Center(C),Less Than 8 ft.,5,34,41,1,1,20190225,MIA,PHX,2180090196,4300,0,2548|202355|203482|1626196|1629130,0,REG,2019,1626164,7.0,SG,Chaser,-3.46,Richardson 5' Turnaround Hook Shot (7 PTS),SG,Primary Ball Handler,0.23,
Shot Chart Detail,21800901,248,1626196,Josh Richardson,1610612748,Miami Heat,2,7,24,Missed Shot,Jump Shot,3PT Field Goal,Above the Break 3,Left Side Center(LC),24+ ft.,25,-195,171,1,0,20190225,MIA,PHX,21800901248,9960,0,201583|201609|202355|203079|1626196,0,REG,2019,1626164|1628969,10.0,,,,,SG,Primary Ball Handler,0.23,
Shot Chart Detail,21800901,264,1626196,Josh Richardson,1610612748,Miami Heat,2,6,3,Missed Shot,Jump Shot,3PT Field Goal,Left Corner 3,Left Side(L),24+ ft.,23,-236,-10,1,0,20190225,MIA,PHX,21800901264,10770,0,201583|202355|203079|1626196|1629130,0,REG,2019,1626162,10.0,SF,Chaser,-0.36,MISS Richardson 24' 3PT Jump Shot,SG,Primary Ball Handler,0.23,
Shot Chart Detail,21800901,286,1626196,Josh Richardson,1610612748,Miami Heat,2,4,50,Missed Shot,Step Back Jump shot,2PT Field Goal,In The Paint (Non-RA),Center(C),8-16 ft.,15,-76,136,1,0,20190225,MIA,PHX,21800901286,11500,0,202355|203079|203482|1626196|1629130,0,REG,2019,204020,10.0,PG,Point of Attack,-0.5,MISS Richardson 16' Step Back Jump Shot,SG,Primary Ball Handler,0.23,
Shot Chart Detail,21800901,393,1626196,Josh Richardson,1610612748,Miami Heat,3,10,37,Missed Shot,Driving Layup Shot,2PT Field Goal,In The Paint (Non-RA),Center(C),Less Than 8 ft.,5,-39,38,1,0,20190225,MIA,PHX,21800901393,15230,0,202355|203079|203482|1626196|1629130,0,REG,2019,204020,9.0,PG,Point of Attack,-0.5,MISS Richardson 5' Driving Layup,SG,Primary Ball Handler,0.23,
Shot Chart Detail,21800901,433,1626196,Josh Richardson,1610612748,Miami Heat,3,7,12,Missed Shot,Jump Shot,3PT Field Goal,Above the Break 3,Left Side Center(LC),24+ ft.,25,-185,175,1,0,20190225,MIA,PHX,21800901433,17280,0,202355|203079|203482|1626196|1629130,0,REG,2019,203584,5.0,SG,Low Activity,-1.28,MISS Richardson 25' 3PT Jump Shot,SG,Primary Ball Handler,0.23,
Shot Chart Detail,21800901,508,1626196,Josh Richardson,1610612748,Miami Heat,3,1,43,Missed Shot,Pullup Jump shot,2PT Field Goal,Mid-Range,Left Side(L),8-16 ft.,15,-121,104,1,0,20190225,MIA,PHX,21800901508,20570,0,2548|201609|203482|1626196|1628389,0,REG,2019,1626164|1626158,3.0,,,,,SG,Primary Ball Handler,0.23,
Shot Chart Detail,21800901,547,1626196,Josh Richardson,1610612748,Miami Heat,4,9,6,Missed Shot,Pullup Jump shot,2PT Field Goal,Mid-Range,Right Side(R),8-16 ft.,9,92,38,1,0,20190225,MIA,PHX,21800901547,23340,0,2548|201609|203482|1626196|1628389,0,REG,2019,1626158,-1.0,C,Anchor Big,0.42,MISS Richardson 10' Pullup Jump Shot,SG,Primary Ball Handler,0.23,
Shot Chart Detail,21800915,30,1626196,Josh Richardson,1610612748,Miami Heat,1,9,32,Made Shot,Jump Shot,3PT Field Goal,Above the Break 3,Right Side Center(RC),24+ ft.,26,115,234,1,1,20190227,MIA,GSW,2180091530,1480,0,203079|203482|1626159|1626196|1628389,1,REG,2019,201939,0.0,PG,Chaser,-0.48,Richardson 26' 3PT Jump Shot (3 PTS) (Winslow 1 AST),SG,Primary Ball Handler,0.23,1626159.0
Shot Chart Detail,21800915,160,1626196,Josh Richardson,1610612748,Miami Heat,1,0,3,Missed Shot,Jump Shot,3PT Field Goal,Above the Break 3,Right Side Center(RC),24+ ft.,25,156,203,1,0,20190227,MIA,GSW,21800915160,7170,0,2548|201609|203482|1626159|1626196,0,REG,2019,2738,10.0,SF,Wing Stopper,1.39,MISS Richardson 26' 3PT Jump Shot,SG,Primary Ball Handler,0.23,
Shot Chart Detail,21800915,200,1626196,Josh Richardson,1610612748,Miami Heat,2,8,30,Missed Shot,Fadeaway Jump Shot,2PT Field Goal,Mid-Range,Left Side Center(LC),16-24 ft.,16,-113,115,1,0,20190227,MIA,GSW,21800915200,9300,0,2548|201609|203482|203585|1626196,0,REG,2019,1626188,11.0,PG,Point of Attack,-1.56,MISS Richardson 16' Fadeaway Jumper,SG,Primary Ball Handler,0.23,
Shot Chart Detail,21800915,350,1626196,Josh Richardson,1610612748,Miami Heat,3,11,44,Missed Shot,Jump Shot,2PT Field Goal,Mid-Range,Left Side(L),8-16 ft.,15,-95,118,1,0,20190227,MIA,GSW,21800915350,14560,0,203079|203482|1626159|1626196|1628389,0,REG,2019,201142,15.0,SF,Wing Stopper,0.84,MISS Richardson 15' Jump Shot,SG,Primary Ball Handler,0.23,
Shot Chart Detail,21800915,382,1626196,Josh Richardson,1610612748,Miami Heat,3,9,26,Missed Shot,Pullup Jump shot,2PT Field Goal,Mid-Range,Left Side Center(LC),16-24 ft.,20,-137,153,1,0,20190227,MIA,GSW,21800915382,15940,0,203079|203482|1626159|1626196|1628389,0,REG,2019,201142,10.0,SF,Wing Stopper,0.84,MISS Richardson 21' Pullup Jump Shot,SG,Primary Ball Handler,0.23,
Shot Chart Detail,21800915,421,1626196,Josh Richardson,1610612748,Miami Heat,3,6,33,Made Shot,Step Back Jump shot,3PT Field Goal,Left Corner 3,Left Side(L),24+ ft.,23,-229,71,1,1,20190227,MIA,GSW,21800915421,17670,0,203079|203482|1626159|1626196|1628389,0,REG,2019,1626172,15.0,C,Mobile Big,0.26,Richardson 24' 3PT Step Back Jump Shot (8 PTS),SG,Primary Ball Handler,0.23,
Shot Chart Detail,21800915,439,1626196,Josh Richardson,1610612748,Miami Heat,3,5,6,Made Shot,Jump Shot,3PT Field Goal,Right Corner 3,Right Side(R),24+ ft.,23,234,-4,1,1,20190227,MIA,GSW,21800915439,18540,0,2548|203482|1626159|1626196|1628389,1,REG,2019,201142,12.0,SF,Wing Stopper,0.84,Richardson 3PT Jump Shot (11 PTS) (Adebayo 2 AST),SG,Primary Ball Handler,0.23,1628389.0
Shot Chart Detail,21800915,449,1626196,Josh Richardson,1610612748,Miami Heat,3,3,57,Made Shot,Jump Shot,2PT Field Goal,Mid-Range,Left Side(L),16-24 ft.,17,-177,23,1,1,20190227,MIA,GSW,21800915449,19230,0,2548|201609|1626196|1627884|1628389,1,REG,2019,201973|1628395,11.0,,,,,SG,Primary Ball Handler,0.23,1628389.0
Shot Chart Detail,21800915,472,1626196,Josh Richardson,1610612748,Miami Heat,3,2,30,Missed Shot,Reverse Layup Shot,2PT Field Goal,Restricted Area,Center(C),Less Than 8 ft.,1,15,8,1,0,20190227,MIA,GSW,21800915472,20100,0,2548|201609|1626196|1627884|1628389,0,REG,2019,201973,8.0,PF,Low Activity,0.28,MISS Richardson 2' Reverse Layup,SG,Primary Ball Handler,0.23,
Shot Chart Detail,21800915,585,1626196,Josh Richardson,1610612748,Miami Heat,4,7,14,Made Shot,Pullup Jump shot,3PT Field Goal,Above the Break 3,Right Side Center(RC),24+ ft.,24,118,216,1,1,20190227,MIA,GSW,21800915585,24460,0,2548|203585|1626196|1627884|1628389,0,REG,2019,201142,6.0,SF,Wing Stopper,0.84,Richardson 25' 3PT Pullup Jump Shot (16 PTS),SG,Primary Ball Handler,0.23,
Shot Chart Detail,21800915,601,1626196,Josh Richardson,1610612748,Miami Heat,4,6,18,Missed Shot,Jump Shot,3PT Field Goal,Right Corner 3,Right Side(R),24+ ft.,23,237,4,1,0,20190227,MIA,GSW,21800915601,25020,0,203079|1626159|1626196|1627884|1628389,0,REG,2019,201939,4.0,PG,Chaser,-0.48,MISS Richardson 24' 3PT Jump Shot,SG,Primary Ball Handler,0.23,
Shot Chart Detail,21800915,622,1626196,Josh Richardson,1610612748,Miami Heat,4,4,8,Made Shot,Jump Shot,3PT Field Goal,Above the Break 3,Right Side Center(RC),24+ ft.,25,96,231,1,1,20190227,MIA,GSW,21800915622,26320,0,203079|203482|1626159|1626196|1628389,1,REG,2019,201142,5.0,SF,Wing Stopper,0.84,Richardson 25' 3PT Jump Shot (19 PTS) (Winslow 4 AST),SG,Primary Ball Handler,0.23,1626159.0
Shot Chart Detail,21800915,642,1626196,Josh Richardson,1610612748,Miami Heat,4,3,9,Made Shot,Cutting Layup Shot,2PT Field Goal,Restricted Area,Center(C),Less Than 8 ft.,1,8,15,1,1,20190227,MIA,GSW,21800915642,26910,0,2548|203482|1626159|1626196|1628389,1,REG,2019,202691,0.0,SG,Wing Stopper,-0.54,Richardson 2' Cutting Layup Shot (21 PTS) (Adebayo 4 AST),SG,Primary Ball Handler,0.23,1628389.0
Shot Chart Detail,21800915,659,1626196,Josh Richardson,1610612748,Miami Heat,4,1,18,Missed Shot,Jump Shot,3PT Field Goal,Left Corner 3,Left Side(L),24+ ft.,24,-230,84,1,0,20190227,MIA,GSW,21800915659,28020,0,2548|203482|1626159|1626196|1628389,0,REG,2019,1628395,0.0,C,Mobile Big,0.75,MISS Richardson 24' 3PT Jump Shot,SG,Primary Ball Handler,0.23,
Shot Chart Detail,21800925,37,1626196,Josh Richardson,1610612748,Miami Heat,1,8,39,Made Shot,Pullup Jump shot,2PT Field Goal,In The Paint (Non-RA),Center(C),8-16 ft.,15,77,138,1,1,20190228,HOU,MIA,2180092537,2010,0,203079|203482|1626159|1626196|1628389,1,REG,2019,203991|201935,2.0,,,,,SG,Primary Ball Handler,0.23,1628389.0
Shot Chart Detail,21800925,107,1626196,Josh Richardson,1610612748,Miami Heat,1,2,23,Made Shot,Jump Shot,3PT Field Goal,Left Corner 3,Left Side(L),24+ ft.,23,-236,24,1,1,20190228,HOU,MIA,21800925107,5770,0,2548|201609|203482|1626196|1627884,1,REG,2019,2403,-3.0,C,Mobile Big,0.42,Richardson 24' 3PT Jump Shot (5 PTS) (Dragic 1 AST),SG,Primary Ball Handler,0.23,201609.0
Shot Chart Detail,21800925,156,1626196,Josh Richardson,1610612748,Miami Heat,2,10,42,Missed Shot,Jump Shot,3PT Field Goal,Above the Break 3,Left Side Center(LC),24+ ft.,26,-178,192,1,0,20190228,HOU,MIA,21800925156,7980,0,2548|201609|203482|1626196|1627884,0,REG,2019,203085,1.0,SG,Point of Attack,-1.08,MISS Richardson 26' 3PT Jump Shot,SG,Primary Ball Handler,0.23,
Shot Chart Detail,21800925,188,1626196,Josh Richardson,1610612748,Miami Heat,2,7,52,Made Shot,Running Layup Shot,2PT Field Goal,Restricted Area,Center(C),Less Than 8 ft.,1,-4,10,1,1,20190228,HOU,MIA,21800925188,9680,0,201609|203079|1626196|1627884|1628389,1,REG,2019,200782,6.0,PF,Wing Stopper,1.5,Richardson 1' Running Layup (7 PTS) (Dragic 2 AST),SG,Primary Ball Handler,0.23,201609.0
Shot Chart Detail,21800925,211,1626196,Josh Richardson,1610612748,Miami Heat,2,6,13,Missed Shot,Jump Shot,3PT Field Goal,Above the Break 3,Right Side Center(RC),24+ ft.,25,122,220,1,0,20190228,HOU,MIA,21800925211,10670,0,201609|203079|1626196|1627884|1628389,0,REG,2019,200782,7.0,PF,Wing Stopper,1.5,MISS Richardson 25' 3PT Jump Shot,SG,Primary Ball Handler,0.23,
Shot Chart Detail,21800925,336,1626196,Josh Richardson,1610612748,Miami Heat,3,10,47,Made Shot,Jump Shot,3PT Field Goal,Above the Break 3,Left Side Center(LC),24+ ft.,25,-226,110,1,1,20190228,HOU,MIA,21800925336,15130,0,203079|203482|1626159|1626196|1628389,1,REG,2019,101108|200782,18.0,,,,,SG,Primary Ball Handler,0.23,203079.0
Shot Chart Detail,21800925,351,1626196,Josh Richardson,1610612748,Miami Heat,3,9,45,Made Shot,Jump Shot,2PT Field Goal,Mid-Range,Right Side(R),8-16 ft.,14,149,0,1,1,20190228,HOU,MIA,21800925351,15750,0,203079|203482|1626159|1626196|1628389,1,REG,2019,200782,19.0,PF,Wing Stopper,1.5,Richardson 15' Jump Shot (14 PTS) (Winslow 6 AST),SG,Primary Ball Handler,0.23,1626159.0
Shot Chart Detail,21800925,360,1626196,Josh Richardson,1610612748,Miami Heat,3,8,44,Made Shot,Jump Shot,3PT Field Goal,Above the Break 3,Left Side Center(LC),24+ ft.,25,-142,212,1,1,20190228,HOU,MIA,21800925360,16360,0,203079|203482|1626159|1626196|1628389,1,REG,2019,101108,21.0,PG,Chaser,1.08,Richardson 26' 3PT Jump Shot (17 PTS) (Adebayo 5 AST),SG,Primary Ball Handler,0.23,1628389.0
Shot Chart Detail,21800925,369,1626196,Josh Richardson,1610612748,Miami Heat,3,7,43,Missed Shot,Jump Shot,3PT Field Goal,Right Corner 3,Right Side(R),24+ ft.,24,239,27,1,0,20190228,HOU,MIA,21800925369,16970,0,203079|203482|1626159|1626196|1628389,0,REG,2019,101108,16.0,PG,Chaser,1.08,MISS Richardson 24' 3PT Jump Shot,SG,Primary Ball Handler,0.23,
Shot Chart Detail,21800925,581,1626196,Josh Richardson,1610612748,Miami Heat,4,3,16,Missed Shot,Jump Shot,2PT Field Goal,Mid-Range,Right Side Center(RC),16-24 ft.,22,119,193,1,0,20190228,HOU,MIA,21800925581,26840,0,2548|203079|1626159|1626196|1628389,0,REG,2019,203991,-2.0,C,Mobile Big,0.71,MISS Richardson 23' Jump Shot,SG,Primary Ball Handler,0.23,
Shot Chart Detail,21800925,601,1626196,Josh Richardson,1610612748,Miami Heat,4,1,21,Missed Shot,Jump Shot,3PT Field Goal,Above the Break 3,Center(C),24+ ft.,24,0,248,1,0,20190228,HOU,MIA,21800925601,27990,0,2548|203079|1626159|1626196|1628389,0,REG,2019,101108,-1.0,PG,Chaser,1.08,MISS Richardson 25' 3PT Jump Shot,SG,Primary Ball Handler,0.23,
Shot Chart Detail,21800937,27,1626196,Josh Richardson,1610612748,Miami Heat,1,10,5,Missed Shot,Pullup Jump shot,2PT Field Goal,In The Paint (Non-RA),Center(C),8-16 ft.,12,3,125,1,0,20190302,MIA,BKN,2180093727,1150,0,203079|203482|1626159|1626196|1628389,0,REG,2019,1626156|1628386,3.0,,,,,SG,Primary Ball Handler,0.23,
Shot Chart Detail,21800937,38,1626196,Josh Richardson,1610612748,Miami Heat,1,9,7,Missed Shot,Pullup Jump shot,3PT Field Goal,Above the Break 3,Right Side Center(RC),24+ ft.,24,118,215,1,0,20190302,MIA,BKN,2180093738,1730,0,203079|203482|1626159|1626196|1628389,0,REG,2019,1626156,3.0,PG,Point of Attack,-0.63,MISS Richardson 25' 3PT Pullup Jump Shot,SG,Primary Ball Handler,0.23,
Shot Chart Detail,21800937,54,1626196,Josh Richardson,1610612748,Miami Heat,1,7,54,Made Shot,Pullup Jump shot,2PT Field Goal,In The Paint (Non-RA),Center(C),8-16 ft.,11,0,112,1,1,20190302,MIA,BKN,2180093754,2460,0,203079|203482|1626159|1626196|1628389,0,REG,2019,1626156,2.0,PG,Point of Attack,-0.63,Richardson 11' Pullup Jump Shot (2 PTS),SG,Primary Ball Handler,0.23,
Shot Chart Detail,21800937,60,1626196,Josh Richardson,1610612748,Miami Heat,1,7,1,Made Shot,Pullup Jump shot,2PT Field Goal,Mid-Range,Left Side Center(LC),16-24 ft.,17,-88,152,1,1,20190302,MIA,BKN,2180093760,2990,0,203079|203482|1626159|1626196|1628389,0,REG,2019,1628386,4.0,C,Anchor Big,1.01,Richardson 18' Pullup Jump Shot (4 PTS),SG,Primary Ball Handler,0.23,
Shot Chart Detail,21800937,134,1626196,Josh Richardson,1610612748,Miami Heat,1,1,18,Made Shot,Jump Shot,2PT Field Goal,Mid-Range,Left Side(L),8-16 ft.,10,-96,31,1,1,20190302,MIA,BKN,21800937134,6420,0,2548|2617|203585|1626196|1627884,1,REG,2019,203915,5.0,PG,Wing Stopper,-1.29,Richardson 10' Jump Shot (7 PTS) (Wade 1 AST),SG,Primary Ball Handler,0.23,2548.0
Shot Chart Detail,21800937,164,1626196,Josh Richardson,1610612748,Miami Heat,2,11,15,Missed Shot,Driving Floating Jump Shot,2PT Field Goal,In The Paint (Non-RA),Center(C),8-16 ft.,9,-5,91,1,0,20190302,MIA,BKN,21800937164,7650,0,2548|203482|203585|1626196|1627884,0,REG,2019,1629066,6.0,SF,Helper,0.08,MISS Richardson 9' Driving Floating Jump Shot,SG,Primary Ball Handler,0.23,
Shot Chart Detail,21800937,171,1626196,Josh Richardson,1610612748,Miami Heat,2,10,44,Missed Shot,Jump Shot,3PT Field Goal,Above the Break 3,Right Side Center(RC),24+ ft.,24,76,232,1,0,20190302,MIA,BKN,21800937171,7960,0,2548|203482|203585|1626196|1627884,0,REG,2019,1627747,6.0,SF,Point of Attack,-0.44,MISS Richardson 24' 3PT Jump Shot,SG,Primary Ball Handler,0.23,
Shot Chart Detail,21800937,287,1626196,Josh Richardson,1610612748,Miami Heat,2,2,14,Missed Shot,Jump Shot,3PT Field Goal,Above the Break 3,Left Side Center(LC),24+ ft.,24,-95,230,1,0,20190302,MIA,BKN,21800937287,13060,0,2548|203482|1626159|1626196|1628389,0,REG,2019,1628386,8.0,C,Anchor Big,1.01,MISS Richardson 25' 3PT Jump Shot,SG,Primary Ball Handler,0.23,
Shot Chart Detail,21800937,349,1626196,Josh Richardson,1610612748,Miami Heat,3,9,30,Made Shot,Pullup Jump shot,2PT Field Goal,Mid-Range,Left Side(L),8-16 ft.,12,-90,92,1,1,20190302,MIA,BKN,21800937349,15900,0,203079|203482|1626159|1626196|1628389,1,REG,2019,1626156,16.0,PG,Point of Attack,-0.63,Richardson 13' Pullup Jump Shot (9 PTS) (Adebayo 2 AST),SG,Primary Ball Handler,0.23,1628389.0
Shot Chart Detail,21800937,368,1626196,Josh Richardson,1610612748,Miami Heat,3,8,7,Missed Shot,Layup Shot,2PT Field Goal,Restricted Area,Center(C),Less Than 8 ft.,1,-14,11,1,0,20190302,MIA,BKN,21800937368,16730,0,203079|203482|1626159|1626196|1628389,0,REG,2019,203925,15.0,SG,Chaser,-0.08,MISS Richardson 2' Layup,SG,Primary Ball Handler,0.23,
Shot Chart Detail,21800937,566,1626196,Josh Richardson,1610612748,Miami Heat,4,6,56,Missed Shot,Jump Shot,3PT Field Goal,Above the Break 3,Right Side Center(RC),24+ ft.,26,139,225,1,0,20190302,MIA,BKN,21800937566,24640,0,2548|203482|203585|1626196|1627884,0,REG,2019,1626178,25.0,SF,Helper,0.78,MISS Richardson 26' 3PT Jump Shot,SG,Primary Ball Handler,0.23,
Shot Chart Detail,21800937,591,1626196,Josh Richardson,1610612748,Miami Heat,4,5,6,Made Shot,Cutting Layup Shot,2PT Field Goal,Restricted Area,Center(C),Less Than 8 ft.,1,17,9,1,1,20190302,MIA,BKN,21800937591,25740,0,203482|203585|1626196|1627884|1629130,1,REG,2019,1627747,28.0,SF,Point of Attack,-0.44,Richardson 2' Cutting Layup Shot (12 PTS) (Olynyk 3 AST),SG,Primary Ball Handler,0.23,203482.0
Shot Chart Detail,21800953,21,1626196,Josh Richardson,1610612748,Miami Heat,1,10,20,Made Shot,Pullup Jump shot,2PT Field Goal,Mid-Range,Left Side(L),8-16 ft.,15,-95,117,1,1,20190304,MIA,ATL,2180095321,1000,0,203079|203482|1626159|1626196|1628389,0,REG,2019,203458|203145,3.0,,,,,SG,Primary Ball Handler,0.23,
Shot Chart Detail,21800953,49,1626196,Josh Richardson,1610612748,Miami Heat,1,7,57,Made Shot,Pullup Jump shot,2PT Field Goal,In The Paint (Non-RA),Center(C),8-16 ft.,13,5,130,1,1,20190304,MIA,ATL,2180095349,2430,0,203079|203482|1626159|1626196|1628389,1,REG,2019,203458,5.0,C,Anchor Big,0.28,Richardson 13' Pullup Jump Shot (4 PTS) (Adebayo 3 AST),SG,Primary Ball Handler,0.23,1628389.0
Shot Chart Detail,21800953,53,1626196,Josh Richardson,1610612748,Miami Heat,1,7,25,Made Shot,Driving Layup Shot,2PT Field Goal,Restricted Area,Center(C),Less Than 8 ft.,1,-10,17,1,1,20190304,MIA,ATL,2180095353,2750,0,203079|203482|1626159|1626196|1628389,1,REG,2019,203145,4.0,SG,Wing Stopper,-0.13,Richardson 2' Driving Layup (6 PTS) (Winslow 2 AST),SG,Primary Ball Handler,0.23,1626159.0
Shot Chart Detail,21800953,147,1626196,Josh Richardson,1610612748,Miami Heat,1,1,8,Missed Shot,Reverse Layup Shot,2PT Field Goal,Restricted Area,Center(C),Less Than 8 ft.,2,19,16,1,0,20190304,MIA,ATL,21800953147,6520,0,2548|2617|203585|1626196|1627884,0,REG,2019,,,,,,,SG,Primary Ball Handler,0.23,
Shot Chart Detail,21800953,164,1626196,Josh Richardson,1610612748,Miami Heat,1,0,0,Missed Shot,Driving Floating Jump Shot,2PT Field Goal,In The Paint (Non-RA),Center(C),8-16 ft.,12,2,126,1,0,20190304,MIA,ATL,21800953164,7200,0,2548|2617|203585|1626196|1627884,0,REG,2019,203458,1.0,C,Anchor Big,0.28,MISS Richardson 13' Driving Floating Jump Shot,SG,Primary Ball Handler,0.23,
Shot Chart Detail,21800953,188,1626196,Josh Richardson,1610612748,Miami Heat,2,10,46,Made Shot,Pullup Jump shot,2PT Field Goal,Mid-Range,Center(C),16-24 ft.,18,25,184,1,1,20190304,MIA,ATL,21800953188,7940,0,2548|202355|203585|1626196|1627884,1,REG,2019,1628989,1.0,SG,Chaser,-0.34,Richardson 19' Pullup Jump Shot (8 PTS) (Wade 1 AST),SG,Primary Ball Handler,0.23,2548.0
Shot Chart Detail,21800953,205,1626196,Josh Richardson,1610612748,Miami Heat,2,9,44,Made Shot,Pullup Jump shot,2PT Field Goal,In The Paint (Non-RA),Center(C),8-16 ft.,14,68,129,1,1,20190304,MIA,ATL,21800953205,8560,0,2548|202355|203585|1626196|1627884,0,REG,2019,203458,0.0,C,Anchor Big,0.28,Richardson 15' Pullup Jump Shot (10 PTS),SG,Primary Ball Handler,0.23,
Shot Chart Detail,21800953,208,1626196,Josh Richardson,1610612748,Miami Heat,2,9,20,Made Shot,Dunk Shot,2PT Field Goal,Restricted Area,Center(C),Less Than 8 ft.,1,0,10,1,1,20190304,MIA,ATL,21800953208,8800,0,2548|202355|203585|1626196|1627884,1,REG,2019,203145,,SG,Wing Stopper,-0.13,Richardson 1' Dunk (12 PTS) (Wade 2 AST),SG,Primary Ball Handler,0.23,2548.0
Shot Chart Detail,21800953,295,1626196,Josh Richardson,1610612748,Miami Heat,2,2,58,Missed Shot,Pullup Jump shot,2PT Field Goal,Mid-Range,Center(C),8-16 ft.,15,-69,142,1,0,20190304,MIA,ATL,21800953295,12620,0,203079|203482|1626159|1626196|1628389,0,REG,2019,203473,6.0,C,Anchor Big,1.59,MISS Richardson 16' Pullup Jump Shot,SG,Primary Ball Handler,0.23,
Shot Chart Detail,21800953,357,1626196,Josh Richardson,1610612748,Miami Heat,3,11,18,Missed Shot,Jump Shot,3PT Field Goal,Above the Break 3,Left Side Center(LC),24+ ft.,26,-164,206,1,0,20190304,MIA,ATL,21800953357,14820,0,203079|203482|1626159|1626196|1628389,0,REG,2019,203473,-2.0,C,Anchor Big,1.59,MISS Richardson 26' 3PT Jump Shot,SG,Primary Ball Handler,0.23,
Shot Chart Detail,21800953,409,1626196,Josh Richardson,1610612748,Miami Heat,3,8,8,Missed Shot,Jump Shot,3PT Field Goal,Above the Break 3,Right Side Center(RC),24+ ft.,25,216,139,1,0,20190304,MIA,ATL,21800953409,16720,0,203079|1626159|1626196|1627884|1628389,0,REG,2019,203473,5.0,C,Anchor Big,1.59,MISS Richardson 26' 3PT Jump Shot,SG,Primary Ball Handler,0.23,
Shot Chart Detail,21800953,427,1626196,Josh Richardson,1610612748,Miami Heat,3,7,40,Missed Shot,Jump Shot,3PT Field Goal,Above the Break 3,Left Side Center(LC),24+ ft.,25,-166,194,1,0,20190304,MIA,ATL,21800953427,17000,0,203079|203585|1626159|1626196|1628389,0,REG,2019,203473,3.0,C,Anchor Big,1.59,MISS Richardson 26' 3PT Jump Shot,SG,Primary Ball Handler,0.23,
Shot Chart Detail,21800953,542,1626196,Josh Richardson,1610612748,Miami Heat,4,11,10,Made Shot,Jump Shot,3PT Field Goal,Above the Break 3,Right Side Center(RC),24+ ft.,26,196,174,1,1,20190304,MIA,ATL,21800953542,22100,0,2548|202355|203585|1626196|1627884,1,REG,2019,1628989|1713,5.0,,,,,SG,Primary Ball Handler,0.23,1627884.0
Shot Chart Detail,21800953,565,1626196,Josh Richardson,1610612748,Miami Heat,4,9,38,Missed Shot,Jump Shot,3PT Field Goal,Above the Break 3,Left Side Center(LC),24+ ft.,25,-190,173,1,0,20190304,MIA,ATL,21800953565,23020,0,2548|202355|203585|1626196|1627884,0,REG,2019,1628989,1.0,SG,Chaser,-0.34,MISS Richardson 26' 3PT Jump Shot,SG,Primary Ball Handler,0.23,
Shot Chart Detail,21800953,607,1626196,Josh Richardson,1610612748,Miami Heat,4,6,0,Made Shot,Jump Shot,3PT Field Goal,Above the Break 3,Left Side Center(LC),24+ ft.,26,-182,190,1,1,20190304,MIA,ATL,21800953607,25200,0,2548|203482|203585|1626196|1628389,1,REG,2019,203145,9.0,SG,Wing Stopper,-0.13,Richardson 26' 3PT Jump Shot (19 PTS) (Wade 4 AST),SG,Primary Ball Handler,0.23,2548.0
Shot Chart Detail,21800965,38,1626196,Josh Richardson,1610612748,Miami Heat,1,7,30,Missed Shot,Jump Shot,3PT Field Goal,Above the Break 3,Center(C),24+ ft.,27,-63,264,1,0,20190306,CHA,MIA,2180096538,2700,0,203079|203482|1626159|1626196|1628389,0,REG,2019,101107,-0.0,PF,Helper,0.6,MISS Richardson 27' 3PT Jump Shot,SG,Primary Ball Handler,0.23,
Shot Chart Detail,21800965,137,1626196,Josh Richardson,1610612748,Miami Heat,1,0,0,Missed Shot,Pullup Jump shot,3PT Field Goal,Above the Break 3,Right Side Center(RC),24+ ft.,26,115,235,1,0,20190306,CHA,MIA,21800965137,7200,0,2548|202355|203585|1626196|1627884,0,REG,2019,1628970,11.0,SF,Helper,0.15,MISS Richardson 26' 3PT Pullup Jump Shot,SG,Primary Ball Handler,0.23,
Shot Chart Detail,21800965,282,1626196,Josh Richardson,1610612748,Miami Heat,2,2,34,Made Shot,Pullup Jump shot,2PT Field Goal,In The Paint (Non-RA),Center(C),8-16 ft.,12,-44,117,1,1,20190306,CHA,MIA,21800965282,12860,0,203079|203482|1626159|1626196|1628389,0,REG,2019,202689|203469,3.0,,,,,SG,Primary Ball Handler,0.23,
Shot Chart Detail,21800965,285,1626196,Josh Richardson,1610612748,Miami Heat,2,1,53,Missed Shot,Jump Shot,3PT Field Goal,Above the Break 3,Center(C),24+ ft.,26,3,268,1,0,20190306,CHA,MIA,21800965285,13270,0,203079|203482|1626159|1626196|1628389,0,REG,2019,203087,1.0,SG,Chaser,0.39,MISS Richardson 27' 3PT Jump Shot,SG,Primary Ball Handler,0.23,
Shot Chart Detail,21800965,343,1626196,Josh Richardson,1610612748,Miami Heat,3,8,42,Made Shot,Pullup Jump shot,2PT Field Goal,In The Paint (Non-RA),Center(C),8-16 ft.,11,0,115,1,1,20190306,CHA,MIA,21800965343,16380,0,203079|203482|1626159|1626196|1628389,0,REG,2019,1628970,-3.0,SF,Helper,0.15,Richardson 12' Pullup Jump Shot (4 PTS),SG,Primary Ball Handler,0.23,
Shot Chart Detail,21800965,366,1626196,Josh Richardson,1610612748,Miami Heat,3,6,20,Made Shot,Pullup Jump shot,2PT Field Goal,Mid-Range,Center(C),16-24 ft.,17,15,175,1,1,20190306,CHA,MIA,21800965366,17800,0,203079|203482|1626159|1626196|1628389,1,REG,2019,203469,-1.0,C,Anchor Big,0.94,Richardson 18' Pullup Jump Shot (6 PTS) (Winslow 7 AST),SG,Primary Ball Handler,0.23,1626159.0
Shot Chart Detail,21800965,370,1626196,Josh Richardson,1610612748,Miami Heat,3,5,53,Missed Shot,Jump Shot,3PT Field Goal,Above the Break 3,Left Side Center(LC),24+ ft.,26,-165,212,1,0,20190306,CHA,MIA,21800965370,18070,0,203079|203482|1626159|1626196|1628389,0,REG,2019,101107|203469,-1.0,,,,,SG,Primary Ball Handler,0.23,
Shot Chart Detail,21800965,406,1626196,Josh Richardson,1610612748,Miami Heat,3,3,42,Missed Shot,Pullup Jump shot,2PT Field Goal,Mid-Range,Center(C),16-24 ft.,16,-36,163,1,0,20190306,CHA,MIA,21800965406,19380,0,2548|203079|203482|1626196|1628389,0,REG,2019,1626163,-1.0,C,Helper,-0.39,MISS Richardson 17' Pullup Jump Shot,SG,Primary Ball Handler,0.23,
Shot Chart Detail,21800965,445,1626196,Josh Richardson,1610612748,Miami Heat,3,1,39,Missed Shot,Pullup Jump shot,2PT Field Goal,Mid-Range,Center(C),16-24 ft.,17,2,175,1,0,20190306,CHA,MIA,21800965445,20610,0,2548|202355|203482|203585|1626196,0,REG,2019,202687,-3.0,C,Anchor Big,0.77,MISS Richardson 18' Pullup Jump Shot,SG,Primary Ball Handler,0.23,
Shot Chart Detail,21800965,531,1626196,Josh Richardson,1610612748,Miami Heat,4,6,45,Made Shot,Floating Jump shot,2PT Field Goal,In The Paint (Non-RA),Left Side(L),8-16 ft.,8,-54,68,1,1,20190306,CHA,MIA,21800965531,24750,0,2548|202355|203482|203585|1626196,0,REG,2019,202689,9.0,PG,Point of Attack,-1.05,Richardson 9' Floating Jump Shot (10 PTS),SG,Primary Ball Handler,0.23,
Shot Chart Detail,21800965,537,1626196,Josh Richardson,1610612748,Miami Heat,4,6,12,Missed Shot,Jump Shot,3PT Field Goal,Above the Break 3,Left Side Center(LC),24+ ft.,26,-131,226,1,0,20190306,CHA,MIA,21800965537,25080,0,2548|202355|203482|203585|1626196,0,REG,2019,,,,,,,SG,Primary Ball Handler,0.23,
Shot Chart Detail,21800965,578,1626196,Josh Richardson,1610612748,Miami Heat,4,3,41,Missed Shot,Jump Shot,3PT Field Goal,Above the Break 3,Left Side Center(LC),24+ ft.,26,-132,225,1,0,20190306,CHA,MIA,21800965578,26590,0,2548|202355|203482|203585|1626196,0,REG,2019,2225,15.0,PG,Low Activity,-1.34,MISS Richardson 26' 3PT Jump Shot,SG,Primary Ball Handler,0.23,
Shot Chart Detail,21800965,583,1626196,Josh Richardson,1610612748,Miami Heat,4,3,9,Missed Shot,Turnaround Jump Shot,2PT Field Goal,In The Paint (Non-RA),Center(C),Less Than 8 ft.,6,63,25,1,0,20190306,CHA,MIA,21800965583,26910,0,2548|202355|203482|203585|1626196,0,REG,2019,201587,12.0,SF,Wing Stopper,0.12,Batum BLOCK (2 BLK),SG,Primary Ball Handler,0.23,
Shot Chart Detail,21800965,589,1626196,Josh Richardson,1610612748,Miami Heat,4,2,29,Made Shot,Fadeaway Jump Shot,2PT Field Goal,Mid-Range,Left Side(L),16-24 ft.,17,-141,95,1,1,20190306,CHA,MIA,21800965589,27310,0,2548|202355|203482|203585|1626196,0,REG,2019,202689,,PG,Point of Attack,-1.05,Richardson 17' Fadeaway Jumper (12 PTS),SG,Primary Ball Handler,0.23,
Shot Chart Detail,21800979,24,1626196,Josh Richardson,1610612748,Miami Heat,1,9,17,Missed Shot,Pullup Jump shot,2PT Field Goal,Mid-Range,Right Side Center(RC),16-24 ft.,16,107,131,1,0,20190308,MIA,CLE,2180097924,1630,0,203079|203482|1626159|1626196|1628389,0,REG,2019,1626224|201567,0.0,,,,,SG,Primary Ball Handler,0.23,
Shot Chart Detail,21800979,214,1626196,Josh Richardson,1610612748,Miami Heat,2,6,39,Made Shot,Step Back Jump shot,2PT Field Goal,Mid-Range,Center(C),16-24 ft.,21,-50,204,1,1,20190308,MIA,CLE,21800979214,10410,0,202355|203079|203482|203585|1626196,1,REG,2019,201567,2.0,PF,Helper,0.66,Richardson 21' Step Back Jump Shot (4 PTS) (Olynyk 2 AST),SG,Primary Ball Handler,0.23,203482.0
Shot Chart Detail,21800979,220,1626196,Josh Richardson,1610612748,Miami Heat,2,5,56,Missed Shot,Driving Layup Shot,2PT Field Goal,In The Paint (Non-RA),Center(C),Less Than 8 ft.,5,35,36,1,0,20190308,MIA,CLE,21800979220,10840,0,202355|203079|203482|203585|1626196,0,REG,2019,202688,-1.0,PG,Chaser,-0.42,MISS Richardson 5' Driving Layup,SG,Primary Ball Handler,0.23,
Shot Chart Detail,21800979,262,1626196,Josh Richardson,1610612748,Miami Heat,2,3,27,Made Shot,Jump Shot,3PT Field Goal,Above the Break 3,Left Side Center(LC),24+ ft.,26,-172,206,1,1,20190308,MIA,CLE,21800979262,12330,0,203482|203585|1626159|1626196|1628389,1,REG,2019,1629012,1.0,PG,Point of Attack,-2.3,Richardson 27' 3PT Jump Shot (7 PTS) (McGruder 1 AST),SG,Primary Ball Handler,0.23,203585.0
Shot Chart Detail,21800979,271,1626196,Josh Richardson,1610612748,Miami Heat,2,2,28,Made Shot,Jump Shot,3PT Field Goal,Above the Break 3,Left Side Center(LC),24+ ft.,25,-134,218,1,1,20190308,MIA,CLE,21800979271,12920,0,203482|203585|1626159|1626196|1628389,1,REG,2019,1628021,4.0,SF,Helper,0.82,Richardson 26' 3PT Jump Shot (10 PTS) (Adebayo 1 AST),SG,Primary Ball Handler,0.23,1628389.0
Shot Chart Detail,21800979,279,1626196,Josh Richardson,1610612748,Miami Heat,2,1,20,Missed Shot,Driving Reverse Layup Shot,2PT Field Goal,In The Paint (Non-RA),Center(C),Less Than 8 ft.,4,-41,16,1,0,20190308,MIA,CLE,21800979279,13600,0,203482|203585|1626159|1626196|1628389,0,REG,2019,1628021,5.0,SF,Helper,0.82,MISS Richardson 4' Driving Reverse Layup,SG,Primary Ball Handler,0.23,
Shot Chart Detail,21800979,325,1626196,Josh Richardson,1610612748,Miami Heat,3,9,52,Missed Shot,Jump Shot,3PT Field Goal,Above the Break 3,Center(C),24+ ft.,24,-63,236,1,0,20190308,MIA,CLE,21800979325,15680,0,203079|203482|1626159|1626196|1628389,0,REG,2019,1629012,-1.0,PG,Point of Attack,-2.3,MISS Richardson 24' 3PT Jump Shot,SG,Primary Ball Handler,0.23,
Shot Chart Detail,21800979,338,1626196,Josh Richardson,1610612748,Miami Heat,3,8,41,Made Shot,Jump Shot,3PT Field Goal,Above the Break 3,Right Side Center(RC),24+ ft.,25,206,148,1,1,20190308,MIA,CLE,21800979338,16390,0,203079|203482|1626159|1626196|1628389,1,REG,2019,1629012,-1.0,PG,Point of Attack,-2.3,Richardson 25' 3PT Jump Shot (13 PTS) (Winslow 3 AST),SG,Primary Ball Handler,0.23,1626159.0
Shot Chart Detail,21800979,367,1626196,Josh Richardson,1610612748,Miami Heat,3,7,1,Made Shot,Pullup Jump shot,2PT Field Goal,Mid-Range,Center(C),16-24 ft.,18,43,184,1,1,20190308,MIA,CLE,21800979367,17390,0,203079|203482|1626159|1626196|1628389,1,REG,2019,1629012|1627737,3.0,,,,,SG,Primary Ball Handler,0.23,1626159.0
Shot Chart Detail,21800979,400,1626196,Josh Richardson,1610612748,Miami Heat,3,4,25,Missed Shot,Floating Jump shot,2PT Field Goal,In The Paint (Non-RA),Center(C),Less Than 8 ft.,5,-31,43,1,0,20190308,MIA,CLE,21800979400,18950,0,2548|203482|1626159|1626196|1628389,0,REG,2019,203903,6.0,SG,Low Activity,-2.96,MISS Richardson 5' Floating Jump Shot,SG,Primary Ball Handler,0.23,
Shot Chart Detail,21800979,599,1626196,Josh Richardson,1610612748,Miami Heat,4,2,47,Missed Shot,Jump Shot,3PT Field Goal,Above the Break 3,Left Side Center(LC),24+ ft.,24,-201,136,1,0,20190308,MIA,CLE,21800979599,27130,0,202355|203585|1626159|1626196|1627884,0,REG,2019,,,,,,,SG,Primary Ball Handler,0.23,
Shot Chart Detail,21800979,610,1626196,Josh Richardson,1610612748,Miami Heat,4,2,19,Made Shot,Jump Shot,3PT Field Goal,Above the Break 3,Left Side Center(LC),24+ ft.,24,-196,153,1,1,20190308,MIA,CLE,21800979610,27410,0,202355|203585|1626159|1626196|1627884,1,REG,2019,1629012,22.0,PG,Point of Attack,-2.3,Richardson 25' 3PT Jump Shot (20 PTS) (Winslow 7 AST),SG,Primary Ball Handler,0.23,1626159.0
Shot Chart Detail,21800993,23,1626196,Josh Richardson,1610612748,Miami Heat,1,10,7,Missed Shot,Jump Shot,3PT Field Goal,Above the Break 3,Right Side Center(RC),24+ ft.,26,123,235,1,0,20190310,MIA,TOR,2180099323,1130,0,203079|203482|1626159|1626196|1628389,0,REG,2019,1627783,-1.0,PF,Wing Stopper,0.93,MISS Richardson 27' 3PT Jump Shot,SG,Primary Ball Handler,0.23,
Shot Chart Detail,21800993,45,1626196,Josh Richardson,1610612748,Miami Heat,1,7,53,Missed Shot,Driving Finger Roll Layup Shot,2PT Field Goal,Restricted Area,Center(C),Less Than 8 ft.,2,17,17,1,0,20190310,MIA,TOR,2180099345,2470,0,203079|203482|1626159|1626196|1628389,0,REG,2019,200768,-4.0,PG,Chaser,0.87,MISS Richardson 2' Driving Finger Roll Layup,SG,Primary Ball Handler,0.23,
Shot Chart Detail,21800993,53,1626196,Josh Richardson,1610612748,Miami Heat,1,7,5,Made Shot,Step Back Jump shot,2PT Field Goal,In The Paint (Non-RA),Center(C),8-16 ft.,12,35,121,1,1,20190310,MIA,TOR,2180099353,2950,0,203079|203482|1626159|1626196|1628389,0,REG,2019,200768|1627783,-6.0,,,,,SG,Primary Ball Handler,0.23,
Shot Chart Detail,21800993,140,1626196,Josh Richardson,1610612748,Miami Heat,1,1,7,Made Shot,Pullup Jump shot,2PT Field Goal,Mid-Range,Center(C),8-16 ft.,15,6,153,1,1,20190310,MIA,TOR,21800993140,6530,0,2548|201609|202355|1626196|1627884,0,REG,2019,201188,-5.0,C,Anchor Big,2.15,Richardson 15' Pullup Jump Shot (4 PTS),SG,Primary Ball Handler,0.23,
Shot Chart Detail,21800993,176,1626196,Josh Richardson,1610612748,Miami Heat,2,10,47,Missed Shot,Pullup Jump shot,2PT Field Goal,Mid-Range,Left Side(L),8-16 ft.,11,-101,48,1,0,20190310,MIA,TOR,21800993176,7930,0,2548|201609|202355|1626196|1627884,0,REG,2019,202391,-6.0,PG,Point of Attack,-0.76,MISS Richardson 11' Pullup Jump Shot,SG,Primary Ball Handler,0.23,
Shot Chart Detail,21800993,195,1626196,Josh Richardson,1610612748,Miami Heat,2,8,55,Missed Shot,Turnaround Hook Shot,2PT Field Goal,In The Paint (Non-RA),Center(C),8-16 ft.,11,-30,109,1,0,20190310,MIA,TOR,21800993195,9050,0,2548|201609|202355|1626196|1627884,0,REG,2019,1628384,-8.0,SF,Helper,0.16,MISS Richardson 11' Turnaround Hook Shot,SG,Primary Ball Handler,0.23,
Shot Chart Detail,21800993,365,1626196,Josh Richardson,1610612748,Miami Heat,3,10,57,Made Shot,Driving Layup Shot,2PT Field Goal,Restricted Area,Center(C),Less Than 8 ft.,1,-13,10,1,1,20190310,MIA,TOR,21800993365,15030,0,203079|203482|1626159|1626196|1628389,1,REG,2019,200768,-14.0,PG,Chaser,0.87,Richardson 2' Driving Layup (6 PTS) (Olynyk 2 AST),SG,Primary Ball Handler,0.23,203482.0
Shot Chart Detail,21800993,411,1626196,Josh Richardson,1610612748,Miami Heat,3,6,35,Missed Shot,Jump Shot,3PT Field Goal,Right Corner 3,Right Side(R),24+ ft.,23,230,60,1,0,20190310,MIA,TOR,21800993411,17650,0,203079|203482|1626159|1626196|1628389,0,REG,2019,200768,-14.0,PG,Chaser,0.87,MISS Richardson 24' 3PT Jump Shot,SG,Primary Ball Handler,0.23,
Shot Chart Detail,21800993,570,1626196,Josh Richardson,1610612748,Miami Heat,4,7,52,Missed Shot,Jump Shot,3PT Field Goal,Above the Break 3,Right Side Center(RC),24+ ft.,26,122,230,1,0,20190310,MIA,TOR,21800993570,24080,0,203482|203585|1626159|1626196|1627884,0,REG,2019,1626181,-13.0,SG,Chaser,-0.44,MISS Richardson 26' 3PT Jump Shot,SG,Primary Ball Handler,0.23,
Shot Chart Detail,21800993,629,1626196,Josh Richardson,1610612748,Miami Heat,4,3,46,Missed Shot,Turnaround Fadeaway Bank Jump Shot,2PT Field Goal,In The Paint (Non-RA),Center(C),Less Than 8 ft.,5,36,37,1,0,20190310,MIA,TOR,21800993629,26540,0,203585|1626159|1626196|1627884|1628389,0,REG,2019,1628384,-20.0,SF,Helper,0.16,MISS Richardson 5' Turnaround Fadeaway Bank Jump Shot,SG,Primary Ball Handler,0.23,
Shot Chart Detail,21801014,22,1626196,Josh Richardson,1610612748,Miami Heat,1,10,38,Missed Shot,Running Layup Shot,2PT Field Goal,Restricted Area,Center(C),Less Than 8 ft.,1,8,16,1,0,20190313,MIA,DET,2180101422,820,0,203079|203482|1626159|1626196|1628389,0,REG,2019,1628971|202704,6.0,,,,,SG,Primary Ball Handler,0.23,
Shot Chart Detail,21801014,28,1626196,Josh Richardson,1610612748,Miami Heat,1,10,20,Made Shot,Running Dunk Shot,2PT Field Goal,Restricted Area,Center(C),Less Than 8 ft.,1,-8,10,1,1,20190313,MIA,DET,2180101428,1000,0,203079|203482|1626159|1626196|1628389,0,REG,2019,201933,,PF,Helper,0.34,Richardson 1' Running Dunk (2 PTS),SG,Primary Ball Handler,0.23,
Shot Chart Detail,21801014,48,1626196,Josh Richardson,1610612748,Miami Heat,1,8,10,Made Shot,Step Back Jump shot,2PT Field Goal,In The Paint (Non-RA),Center(C),8-16 ft.,13,11,130,1,1,20190313,MIA,DET,2180101448,2300,0,203079|203482|1626159|1626196|1628389,0,REG,2019,1628971,8.0,SG,Point of Attack,0.81,Richardson 13' Step Back Jump Shot (4 PTS),SG,Primary Ball Handler,0.23,
Shot Chart Detail,21801014,71,1626196,Josh Richardson,1610612748,Miami Heat,1,6,32,Made Shot,Jump Shot,3PT Field Goal,Left Corner 3,Left Side(L),24+ ft.,23,-232,5,1,1,20190313,MIA,DET,2180101471,3280,0,203079|203482|1626159|1626196|1627884,1,REG,2019,1628971,7.0,SG,Point of Attack,0.81,Richardson 3PT Jump Shot (7 PTS) (Winslow 1 AST),SG,Primary Ball Handler,0.23,1626159.0
Shot Chart Detail,21801014,190,1626196,Josh Richardson,1610612748,Miami Heat,2,9,10,Missed Shot,Driving Layup Shot,2PT Field Goal,Restricted Area,Center(C),Less Than 8 ft.,1,16,11,1,0,20190313,MIA,DET,21801014190,8900,0,2548|201609|202355|1626196|1627884,0,REG,2019,204038,10.0,SG,Wing Stopper,-0.93,MISS Richardson 2' Driving Layup,SG,Primary Ball Handler,0.23,
Shot Chart Detail,21801014,287,1626196,Josh Richardson,1610612748,Miami Heat,2,2,13,Missed Shot,Jump Shot,3PT Field Goal,Above the Break 3,Center(C),24+ ft.,24,-9,248,1,0,20190313,MIA,DET,21801014287,13070,0,203482|203585|1626159|1626196|1628389,0,REG,2019,201933,4.0,PF,Helper,0.34,MISS Richardson 25' 3PT Jump Shot,SG,Primary Ball Handler,0.23,
Shot Chart Detail,21801014,305,1626196,Josh Richardson,1610612748,Miami Heat,2,0,18,Made Shot,Driving Layup Shot,2PT Field Goal,Restricted Area,Center(C),Less Than 8 ft.,0,-6,3,1,1,20190313,MIA,DET,21801014305,14220,0,203482|203585|1626159|1626196|1628389,0,REG,2019,203083,8.0,C,Anchor Big,2.42,Richardson 1' Driving Layup (9 PTS),SG,Primary Ball Handler,0.23,
Shot Chart Detail,21801014,322,1626196,Josh Richardson,1610612748,Miami Heat,3,11,20,Missed Shot,Jump Shot,2PT Field Goal,In The Paint (Non-RA),Center(C),8-16 ft.,13,-62,121,1,0,20190313,MIA,DET,21801014322,14800,0,203079|203482|1626159|1626196|1628389,0,REG,2019,203083,8.0,C,Anchor Big,2.42,MISS Richardson 14' Jump Shot,SG,Primary Ball Handler,0.23,
Shot Chart Detail,21801014,365,1626196,Josh Richardson,1610612748,Miami Heat,3,8,22,Missed Shot,Jump Shot,2PT Field Goal,Mid-Range,Left Side(L),16-24 ft.,20,-199,31,1,0,20190313,MIA,DET,21801014365,16580,0,203079|203482|1626159|1626196|1628389,0,REG,2019,201961,19.0,SG,Chaser,-0.08,MISS Richardson 20' Jump Shot,SG,Primary Ball Handler,0.23,
Shot Chart Detail,21801014,472,1626196,Josh Richardson,1610612748,Miami Heat,3,1,46,Made Shot,Jump Shot,3PT Field Goal,Above the Break 3,Center(C),24+ ft.,25,9,257,1,1,20190313,MIA,DET,21801014472,20540,0,2548|201609|202355|1626196|1627884,1,REG,2019,,,,,,,SG,Primary Ball Handler,0.23,201609.0
Shot Chart Detail,21801029,9,1626196,Josh Richardson,1610612748,Miami Heat,1,11,32,Made Shot,Pullup Jump shot,2PT Field Goal,Mid-Range,Right Side(R),8-16 ft.,12,84,96,1,1,20190315,MIA,MIL,218010299,280,0,203079|203482|1626159|1626196|1628389,0,REG,2019,201572,2.0,C,Anchor Big,3.06,Richardson 13' Pullup Jump Shot (2 PTS),SG,Primary Ball Handler,0.23,
Shot Chart Detail,21801029,42,1626196,Josh Richardson,1610612748,Miami Heat,1,8,32,Missed Shot,Driving Layup Shot,2PT Field Goal,Restricted Area,Center(C),Less Than 8 ft.,1,10,15,1,0,20190315,MIA,MIL,2180102942,2080,0,203079|203482|1626159|1626196|1628389,0,REG,2019,203507|203114,7.0,,,,,SG,Primary Ball Handler,0.23,
Shot Chart Detail,21801029,58,1626196,Josh Richardson,1610612748,Miami Heat,1,6,45,Made Shot,Turnaround Jump Shot,2PT Field Goal,Mid-Range,Left Side Center(LC),16-24 ft.,17,-88,146,1,1,20190315,MIA,MIL,2180102958,3150,0,203079|203482|1626159|1626196|1628389,0,REG,2019,202339,12.0,PG,Point of Attack,1.05,Richardson 17' Turnaround Jump Shot (4 PTS),SG,Primary Ball Handler,0.23,
Shot Chart Detail,21801029,199,1626196,Josh Richardson,1610612748,Miami Heat,2,8,29,Made Shot,Driving Floating Jump Shot,2PT Field Goal,In The Paint (Non-RA),Center(C),8-16 ft.,10,-5,106,1,1,20190315,MIA,MIL,21801029199,9310,0,2548|201609|202355|1626196|1627884,1,REG,2019,1626192,19.0,SG,Chaser,-0.52,Richardson 11' Driving Floating Jump Shot (6 PTS) (Dragic 2 AST),SG,Primary Ball Handler,0.23,201609.0
Shot Chart Detail,21801029,349,1626196,Josh Richardson,1610612748,Miami Heat,3,11,9,Made Shot,Pullup Jump shot,2PT Field Goal,Mid-Range,Right Side Center(RC),16-24 ft.,17,131,115,1,1,20190315,MIA,MIL,21801029349,14910,0,203079|203482|1626159|1626196|1628389,1,REG,2019,201572,20.0,C,Anchor Big,3.06,Richardson 17' Pullup Jump Shot (8 PTS) (Adebayo 3 AST),SG,Primary Ball Handler,0.23,1628389.0
Shot Chart Detail,21801029,368,1626196,Josh Richardson,1610612748,Miami Heat,3,9,43,Made Shot,Jump Shot,3PT Field Goal,Above the Break 3,Center(C),24+ ft.,24,14,246,1,1,20190315,MIA,MIL,21801029368,15770,0,203079|203482|1626159|1626196|1628389,1,REG,2019,201572,18.0,C,Anchor Big,3.06,Richardson 25' 3PT Jump Shot (11 PTS) (Winslow 5 AST),SG,Primary Ball Handler,0.23,1626159.0
Shot Chart Detail,21801029,407,1626196,Josh Richardson,1610612748,Miami Heat,3,6,12,Missed Shot,Pullup Jump shot,2PT Field Goal,Mid-Range,Right Side Center(RC),16-24 ft.,19,117,158,1,0,20190315,MIA,MIL,21801029407,17880,0,203482|203585|1626159|1626196|1628389,0,REG,2019,201572|203507,9.0,,,,,SG,Primary Ball Handler,0.23,
Shot Chart Detail,21801029,528,1626196,Josh Richardson,1610612748,Miami Heat,3,0,42,Missed Shot,Step Back Jump shot,2PT Field Goal,Mid-Range,Left Side(L),8-16 ft.,15,-144,55,1,0,20190315,MIA,MIL,21801029528,21180,0,2548|201609|202355|1626196|1627884,0,REG,2019,202703,4.0,PF,Helper,-0.58,MISS Richardson 15' Step Back Jump Shot,SG,Primary Ball Handler,0.23,
Shot Chart Detail,21801029,580,1626196,Josh Richardson,1610612748,Miami Heat,4,10,10,Missed Shot,Pullup Jump shot,2PT Field Goal,Mid-Range,Right Side(R),16-24 ft.,16,165,29,1,0,20190315,MIA,MIL,21801029580,22700,0,201609|202355|203079|1626196|1627884,0,REG,2019,202339,-3.0,PG,Point of Attack,1.05,MISS Richardson 17' Pullup Jump Shot,SG,Primary Ball Handler,0.23,
Shot Chart Detail,21801029,676,1626196,Josh Richardson,1610612748,Miami Heat,4,3,7,Missed Shot,Jump Shot,2PT Field Goal,Mid-Range,Left Side Center(LC),16-24 ft.,17,-86,153,1,0,20190315,MIA,MIL,21801029676,26930,0,2548|203079|203482|1626196|1628389,0,REG,2019,201572,-16.0,C,Anchor Big,3.06,MISS Richardson 18' Jump Shot,SG,Primary Ball Handler,0.23,
Shot Chart Detail,21801045,16,1626196,Josh Richardson,1610612748,Miami Heat,1,10,45,Missed Shot,Jump Shot,3PT Field Goal,Left Corner 3,Left Side(L),24+ ft.,23,-231,32,1,0,20190317,MIA,CHA,2180104516,750,0,203079|203482|1626196|1627884|1628389,0,REG,2019,101107,0.0,PF,Helper,0.6,MISS Richardson 3PT Jump Shot,SG,Primary Ball Handler,0.23,
Shot Chart Detail,21801045,51,1626196,Josh Richardson,1610612748,Miami Heat,1,7,42,Missed Shot,Jump Shot,3PT Field Goal,Left Corner 3,Left Side(L),24+ ft.,23,-227,53,1,0,20190317,MIA,CHA,2180104551,2580,0,203079|203482|1626196|1627884|1628389,0,REG,2019,202689,-1.0,PG,Point of Attack,-1.05,MISS Richardson 3PT Jump Shot,SG,Primary Ball Handler,0.23,
Shot Chart Detail,21801045,62,1626196,Josh Richardson,1610612748,Miami Heat,1,6,37,Missed Shot,Jump Shot,3PT Field Goal,Above the Break 3,Right Side Center(RC),24+ ft.,27,123,251,1,0,20190317,MIA,CHA,2180104562,3230,0,203079|203482|1626196|1627884|1628389,0,REG,2019,202689,-1.0,PG,Point of Attack,-1.05,MISS Richardson 28' 3PT Jump Shot,SG,Primary Ball Handler,0.23,
Shot Chart Detail,21801045,82,1626196,Josh Richardson,1610612748,Miami Heat,1,4,57,Missed Shot,Running Layup Shot,2PT Field Goal,Restricted Area,Center(C),Less Than 8 ft.,1,-14,5,1,0,20190317,MIA,CHA,2180104582,4230,0,203079|203482|1626196|1627884|1628389,0,REG,2019,101107,2.0,PF,Helper,0.6,MISS Richardson 1' Running Layup,SG,Primary Ball Handler,0.23,
Shot Chart Detail,21801045,173,1626196,Josh Richardson,1610612748,Miami Heat,2,10,32,Missed Shot,Jump Shot,3PT Field Goal,Left Corner 3,Left Side(L),24+ ft.,23,-230,57,1,0,20190317,MIA,CHA,21801045173,8080,0,2548|201609|201949|202355|1626196,0,REG,2019,203087,4.0,SG,Chaser,0.39,MISS Richardson 24' 3PT Jump Shot,SG,Primary Ball Handler,0.23,
Shot Chart Detail,21801045,199,1626196,Josh Richardson,1610612748,Miami Heat,2,8,25,Missed Shot,Jump Shot,3PT Field Goal,Above the Break 3,Right Side Center(RC),24+ ft.,24,96,224,1,0,20190317,MIA,CHA,21801045199,9350,0,2548|201609|201949|202355|1626196,0,REG,2019,201587,0.0,SF,Wing Stopper,0.12,MISS Richardson 24' 3PT Jump Shot,SG,Primary Ball Handler,0.23,
Shot Chart Detail,21801045,301,1626196,Josh Richardson,1610612748,Miami Heat,2,2,56,Missed Shot,Pullup Jump shot,3PT Field Goal,Above the Break 3,Left Side Center(LC),24+ ft.,25,-221,117,1,0,20190317,MIA,CHA,21801045301,12640,0,203079|203482|1626196|1627884|1628389,0,REG,2019,203087,-4.0,SG,Chaser,0.39,MISS Richardson 25' 3PT Pullup Jump Shot,SG,Primary Ball Handler,0.23,
Shot Chart Detail,21801045,334,1626196,Josh Richardson,1610612748,Miami Heat,2,1,6,Missed Shot,Pullup Jump shot,2PT Field Goal,Mid-Range,Right Side(R),8-16 ft.,10,89,58,1,0,20190317,MIA,CHA,21801045334,13740,0,2548|203482|1626196|1627884|1628389,0,REG,2019,203087,-4.0,SG,Chaser,0.39,MISS Richardson 11' Pullup Jump Shot,SG,Primary Ball Handler,0.23,
Shot Chart Detail,21801045,370,1626196,Josh Richardson,1610612748,Miami Heat,3,11,6,Made Shot,Pullup Jump shot,2PT Field Goal,Mid-Range,Right Side(R),16-24 ft.,18,188,13,1,1,20190317,MIA,CHA,21801045370,14940,0,203079|203482|1626196|1627884|1628389,1,REG,2019,202689,2.0,PG,Point of Attack,-1.05,Richardson 19' Pullup Jump Shot (4 PTS) (Waiters 2 AST),SG,Primary Ball Handler,0.23,203079.0
Shot Chart Detail,21801045,387,1626196,Josh Richardson,1610612748,Miami Heat,3,10,11,Missed Shot,Jump Shot,3PT Field Goal,Above the Break 3,Left Side Center(LC),24+ ft.,24,-228,101,1,0,20190317,MIA,CHA,21801045387,15490,0,203079|203482|1626196|1627884|1628389,0,REG,2019,101107,2.0,PF,Helper,0.6,MISS Richardson 25' 3PT Jump Shot,SG,Primary Ball Handler,0.23,
Shot Chart Detail,21801045,414,1626196,Josh Richardson,1610612748,Miami Heat,3,8,28,Made Shot,Turnaround Jump Shot,2PT Field Goal,Mid-Range,Left Side(L),8-16 ft.,9,-99,-1,1,1,20190317,MIA,CHA,21801045414,16520,0,203079|203482|1626196|1627884|1628389,1,REG,2019,1628970,3.0,SF,Helper,0.15,Richardson 10' Turnaround Jump Shot (7 PTS) (Waiters 3 AST),SG,Primary Ball Handler,0.23,203079.0
Shot Chart Detail,21801045,445,1626196,Josh Richardson,1610612748,Miami Heat,3,5,56,Missed Shot,Pullup Jump shot,2PT Field Goal,Mid-Range,Right Side Center(RC),16-24 ft.,16,81,148,1,0,20190317,MIA,CHA,21801045445,18040,0,203079|203482|1626196|1627884|1628389,0,REG,2019,1626163,-4.0,C,Helper,-0.39,MISS Richardson 17' Pullup Jump Shot,SG,Primary Ball Handler,0.23,
Shot Chart Detail,21801045,512,1626196,Josh Richardson,1610612748,Miami Heat,3,0,15,Missed Shot,Jump Shot,3PT Field Goal,Above the Break 3,Left Side Center(LC),24+ ft.,25,-225,115,1,0,20190317,MIA,CHA,21801045512,21450,0,2548|201609|202355|203482|1626196,0,REG,2019,1628407,1.0,SG,Wing Stopper,-0.82,MISS Richardson 25' 3PT Jump Shot,SG,Primary Ball Handler,0.23,
Shot Chart Detail,21801045,526,1626196,Josh Richardson,1610612748,Miami Heat,4,11,48,Missed Shot,Pullup Jump shot,2PT Field Goal,In The Paint (Non-RA),Center(C),Less Than 8 ft.,4,-2,41,1,0,20190317,MIA,CHA,21801045526,21720,0,2548|201609|201949|202355|1626196,0,REG,2019,203087,1.0,SG,Chaser,0.39,MISS Richardson 4' Pullup Jump Shot,SG,Primary Ball Handler,0.23,
Shot Chart Detail,21801045,534,1626196,Josh Richardson,1610612748,Miami Heat,4,11,14,Missed Shot,Driving Layup Shot,2PT Field Goal,Restricted Area,Center(C),Less Than 8 ft.,1,11,8,1,0,20190317,MIA,CHA,21801045534,22060,0,2548|201609|201949|202355|1626196,0,REG,2019,203077,3.0,PF,Wing Stopper,0.95,MISS Richardson 1' Driving Layup,SG,Primary Ball Handler,0.23,
Shot Chart Detail,21801045,585,1626196,Josh Richardson,1610612748,Miami Heat,4,7,28,Missed Shot,Jump Shot,3PT Field Goal,Right Corner 3,Right Side(R),24+ ft.,23,231,-1,1,0,20190317,MIA,CHA,21801045585,24320,0,2548|201609|201949|202355|1626196,0,REG,2019,202689,7.0,PG,Point of Attack,-1.05,MISS Richardson 3PT Jump Shot,SG,Primary Ball Handler,0.23,
Shot Chart Detail,21801045,605,1626196,Josh Richardson,1610612748,Miami Heat,4,6,33,Missed Shot,Layup Shot,2PT Field Goal,Restricted Area,Center(C),Less Than 8 ft.,1,6,8,1,0,20190317,MIA,CHA,21801045605,24870,0,2548|201609|201949|202355|1626196,0,REG,2019,202689,7.0,PG,Point of Attack,-1.05,MISS Richardson 1' Layup,SG,Primary Ball Handler,0.23,
Shot Chart Detail,21801054,8,1626196,Josh Richardson,1610612748,Miami Heat,1,11,16,Missed Shot,Jump Shot,3PT Field Goal,Left Corner 3,Left Side(L),24+ ft.,23,-234,36,1,0,20190318,OKC,MIA,218010548,440,0,203079|203482|1626196|1627884|1628389,0,REG,2019,1628390,-2.0,SG,Chaser,-0.11,MISS Richardson 24' 3PT Jump Shot,SG,Primary Ball Handler,0.23,
Shot Chart Detail,21801054,31,1626196,Josh Richardson,1610612748,Miami Heat,1,8,47,Missed Shot,Step Back Jump shot,2PT Field Goal,Mid-Range,Center(C),8-16 ft.,14,-17,142,1,0,20190318,OKC,MIA,2180105431,1930,0,203079|203482|1626196|1627884|1628389,0,REG,2019,1628390,-9.0,SG,Chaser,-0.11,MISS Richardson 14' Step Back Jump Shot,SG,Primary Ball Handler,0.23,
Shot Chart Detail,21801054,184,1626196,Josh Richardson,1610612748,Miami Heat,2,10,45,Missed Shot,Jump Shot,3PT Field Goal,Above the Break 3,Left Side Center(LC),24+ ft.,25,-142,215,1,0,20190318,OKC,MIA,21801054184,7950,0,2548|201609|201949|203482|1626196,0,REG,2019,202331,8.0,SF,Wing Stopper,1.42,MISS Richardson 26' 3PT Jump Shot,SG,Primary Ball Handler,0.23,
Shot Chart Detail,21801054,282,1626196,Josh Richardson,1610612748,Miami Heat,2,4,4,Made Shot,Cutting Layup Shot,2PT Field Goal,Restricted Area,Center(C),Less Than 8 ft.,2,-3,23,1,1,20190318,OKC,MIA,21801054282,11960,0,2548|203079|203482|1626196|1628389,1,REG,2019,1628390,6.0,SG,Chaser,-0.11,Richardson 2' Cutting Layup Shot (4 PTS) (Adebayo 2 AST),SG,Primary Ball Handler,0.23,1628389.0
Shot Chart Detail,21801054,304,1626196,Josh Richardson,1610612748,Miami Heat,2,2,16,Missed Shot,Pullup Jump shot,2PT Field Goal,Mid-Range,Left Side(L),8-16 ft.,13,-136,28,1,0,20190318,OKC,MIA,21801054304,13040,0,2548|203079|203482|1626196|1628389,0,REG,2019,203924,6.0,PF,Helper,1.46,MISS Richardson 14' Pullup Jump Shot,SG,Primary Ball Handler,0.23,
Shot Chart Detail,21801054,340,1626196,Josh Richardson,1610612748,Miami Heat,3,11,44,Missed Shot,Jump Shot,3PT Field Goal,Above the Break 3,Left Side Center(LC),24+ ft.,24,-152,194,1,0,20190318,OKC,MIA,21801054340,14560,0,203079|203482|1626196|1627884|1628389,0,REG,2019,203924,3.0,PF,Helper,1.46,MISS Richardson 25' 3PT Jump Shot,SG,Primary Ball Handler,0.23,
Shot Chart Detail,21801054,352,1626196,Josh Richardson,1610612748,Miami Heat,3,10,43,Missed Shot,Driving Layup Shot,2PT Field Goal,In The Paint (Non-RA),Center(C),Less Than 8 ft.,6,43,43,1,0,20190318,OKC,MIA,21801054352,15170,0,203079|203482|1626196|1627884|1628389,0,REG,2019,1628390,5.0,SG,Chaser,-0.11,MISS Richardson 6' Driving Layup,SG,Primary Ball Handler,0.23,
Shot Chart Detail,21801054,434,1626196,Josh Richardson,1610612748,Miami Heat,3,4,24,Missed Shot,Pullup Jump shot,2PT Field Goal,Mid-Range,Right Side Center(RC),16-24 ft.,21,78,204,1,0,20190318,OKC,MIA,21801054434,18960,0,2548|203079|203482|1626196|1628389,0,REG,2019,1627846,13.0,SF,Low Activity,-0.75,MISS Richardson 22' Pullup Jump Shot,SG,Primary Ball Handler,0.23,
Shot Chart Detail,21801054,520,1626196,Josh Richardson,1610612748,Miami Heat,4,10,15,Missed Shot,Driving Floating Jump Shot,2PT Field Goal,In The Paint (Non-RA),Center(C),Less Than 8 ft.,6,14,62,1,0,20190318,OKC,MIA,21801054520,22650,0,2548|201609|201949|203482|1626196,0,REG,2019,202335|101109,9.0,,,,,SG,Primary Ball Handler,0.23,
Shot Chart Detail,21801054,522,1626196,Josh Richardson,1610612748,Miami Heat,4,10,11,Made Shot,Tip Layup Shot,2PT Field Goal,Restricted Area,Center(C),Less Than 8 ft.,0,0,-6,1,1,20190318,OKC,MIA,21801054522,22690,0,2548|201609|201949|203482|1626196,0,REG,2019,202335,11.0,PF,Helper,-1.21,Richardson 1' Tip Layup Shot (6 PTS),SG,Primary Ball Handler,0.23,
Shot Chart Detail,21801054,546,1626196,Josh Richardson,1610612748,Miami Heat,4,8,43,Missed Shot,Alley Oop Layup shot,2PT Field Goal,Restricted Area,Center(C),Less Than 8 ft.,3,-4,37,1,0,20190318,OKC,MIA,21801054546,23570,0,2548|201609|201949|1626196|1628389,0,REG,2019,203471,12.0,PG,Point of Attack,-1.32,MISS Richardson 4' Alley Oop Layup,SG,Primary Ball Handler,0.23,
Shot Chart Detail,21801054,559,1626196,Josh Richardson,1610612748,Miami Heat,4,7,29,Made Shot,Jump Shot,3PT Field Goal,Left Corner 3,Left Side(L),24+ ft.,22,-227,-4,1,1,20190318,OKC,MIA,21801054559,24310,0,2548|201609|201949|1626196|1628389,1,REG,2019,1629126,19.0,,,,Richardson 3PT Jump Shot (9 PTS) (Adebayo 3 AST),SG,Primary Ball Handler,0.23,1628389.0
Shot Chart Detail,21801054,580,1626196,Josh Richardson,1610612748,Miami Heat,4,5,52,Missed Shot,Jump Shot,3PT Field Goal,Above the Break 3,Center(C),24+ ft.,25,1,250,1,0,20190318,OKC,MIA,21801054580,25280,0,2548|201609|201949|1626196|1628389,0,REG,2019,203471,14.0,PG,Point of Attack,-1.32,MISS Richardson 25' 3PT Jump Shot,SG,Primary Ball Handler,0.23,
Shot Chart Detail,21801054,597,1626196,Josh Richardson,1610612748,Miami Heat,4,4,20,Missed Shot,Driving Layup Shot,2PT Field Goal,Restricted Area,Center(C),Less Than 8 ft.,1,-11,9,1,0,20190318,OKC,MIA,21801054597,26200,0,2548|201609|203482|1626196|1628389,0,REG,2019,203500,12.0,C,Mobile Big,0.98,Adams BLOCK (2 BLK),SG,Primary Ball Handler,0.23,
Shot Chart Detail,21801071,7,1626196,Josh Richardson,1610612748,Miami Heat,1,11,47,Missed Shot,Jump Shot,3PT Field Goal,Above the Break 3,Right Side Center(RC),24+ ft.,26,176,195,1,0,20190320,SAS,MIA,218010717,130,0,203079|203482|1626196|1627884|1628389,0,REG,2019,1628401,-0.0,PG,Point of Attack,1.44,MISS Richardson 26' 3PT Jump Shot,SG,Primary Ball Handler,0.23,
Shot Chart Detail,21801071,13,1626196,Josh Richardson,1610612748,Miami Heat,1,11,4,Missed Shot,Jump Shot,2PT Field Goal,Mid-Range,Left Side(L),16-24 ft.,18,-187,-15,1,0,20190320,SAS,MIA,2180107113,560,0,203079|203482|1626196|1627884|1628389,0,REG,2019,1628401|1627751,-0.0,,,,,SG,Primary Ball Handler,0.23,
Shot Chart Detail,21801071,25,1626196,Josh Richardson,1610612748,Miami Heat,1,9,48,Made Shot,Jump Shot,3PT Field Goal,Above the Break 3,Center(C),24+ ft.,25,8,256,1,1,20190320,SAS,MIA,2180107125,1320,0,203079|203482|1626196|1627884|1628389,1,REG,2019,1627854,4.0,SG,Chaser,0.28,Richardson 26' 3PT Jump Shot (3 PTS) (Waiters 1 AST),SG,Primary Ball Handler,0.23,203079.0
Shot Chart Detail,21801071,75,1626196,Josh Richardson,1610612748,Miami Heat,1,5,18,Missed Shot,Pullup Jump shot,2PT Field Goal,Mid-Range,Center(C),16-24 ft.,18,-43,182,1,0,20190320,SAS,MIA,2180107175,4020,0,203079|203482|1626196|1627884|1628389,0,REG,2019,200746,10.0,C,Anchor Big,0.54,MISS Richardson 19' Pullup Jump Shot,SG,Primary Ball Handler,0.23,
Shot Chart Detail,21801071,153,1626196,Josh Richardson,1610612748,Miami Heat,1,0,0,Missed Shot,Pullup Jump shot,3PT Field Goal,Above the Break 3,Back Court(BC),Back Court Shot,41,6,413,1,0,20190320,SAS,MIA,21801071153,7200,0,2548|201609|201949|202355|1626196,0,REG,2019,,,,,,,SG,Primary Ball Handler,0.23,
Shot Chart Detail,21801071,186,1626196,Josh Richardson,1610612748,Miami Heat,2,9,11,Made Shot,Jump Shot,2PT Field Goal,In The Paint (Non-RA),Center(C),Less Than 8 ft.,7,-5,72,1,1,20190320,SAS,MIA,21801071186,8890,0,2548|201609|201949|202355|1626196,1,REG,2019,1627751,3.0,C,Anchor Big,1.41,Richardson 7' Jump Shot (5 PTS) (Whiteside 1 AST),SG,Primary Ball Handler,0.23,202355.0
Shot Chart Detail,21801071,313,1626196,Josh Richardson,1610612748,Miami Heat,2,1,26,Made Shot,Step Back Jump shot,3PT Field Goal,Above the Break 3,Left Side Center(LC),24+ ft.,25,-149,211,1,1,20190320,SAS,MIA,21801071313,13540,0,201949|203079|1626196|1627884|1628389,1,REG,2019,202722,13.0,PF,Helper,1.23,Richardson 26' 3PT Step Back Jump Shot (8 PTS) (Waiters 4 AST),SG,Primary Ball Handler,0.23,203079.0
Shot Chart Detail,21801071,361,1626196,Josh Richardson,1610612748,Miami Heat,3,8,45,Missed Shot,Jump Shot,3PT Field Goal,Above the Break 3,Center(C),24+ ft.,27,-13,272,1,0,20190320,SAS,MIA,21801071361,16350,0,203079|203482|1626196|1627884|1628389,0,REG,2019,1628401,18.0,PG,Point of Attack,1.44,MISS Richardson 27' 3PT Jump Shot,SG,Primary Ball Handler,0.23,
Shot Chart Detail,21801071,378,1626196,Josh Richardson,1610612748,Miami Heat,3,7,42,Made Shot,Cutting Dunk Shot,2PT Field Goal,Restricted Area,Center(C),Less Than 8 ft.,1,0,12,1,1,20190320,SAS,MIA,21801071378,16980,0,203079|203482|1626196|1627884|1628389,1,REG,2019,1627751|201988,17.0,,,,,SG,Primary Ball Handler,0.23,1628389.0
Shot Chart Detail,21801071,393,1626196,Josh Richardson,1610612748,Miami Heat,3,6,3,Made Shot,Turnaround Jump Shot,2PT Field Goal,In The Paint (Non-RA),Left Side(L),8-16 ft.,13,-74,116,1,1,20190320,SAS,MIA,21801071393,17970,0,203079|203482|1626196|1627884|1628389,0,REG,2019,201988,16.0,PG,Point of Attack,-1.03,Richardson 14' Turnaround Jump Shot (12 PTS),SG,Primary Ball Handler,0.23,
Shot Chart Detail,21801071,396,1626196,Josh Richardson,1610612748,Miami Heat,3,5,52,Made Shot,Running Layup Shot,2PT Field Goal,Restricted Area,Center(C),Less Than 8 ft.,2,2,20,1,1,20190320,SAS,MIA,21801071396,18080,0,203079|203482|1626196|1627884|1628389,0,REG,2019,202722,18.0,PF,Helper,1.23,Richardson 2' Running Layup (14 PTS),SG,Primary Ball Handler,0.23,
Shot Chart Detail,21801071,403,1626196,Josh Richardson,1610612748,Miami Heat,3,5,18,Missed Shot,Jump Shot,3PT Field Goal,Above the Break 3,Right Side Center(RC),24+ ft.,25,214,138,1,0,20190320,SAS,MIA,21801071403,18420,0,203079|203482|1626196|1627884|1628389,0,REG,2019,1627751,16.0,C,Anchor Big,1.41,MISS Richardson 25' 3PT Jump Shot,SG,Primary Ball Handler,0.23,
Shot Chart Detail,21801071,457,1626196,Josh Richardson,1610612748,Miami Heat,3,1,5,Missed Shot,Pullup Jump shot,2PT Field Goal,Mid-Range,Right Side Center(RC),16-24 ft.,17,76,163,1,0,20190320,SAS,MIA,21801071457,20950,0,2548|201609|201949|202355|1626196,0,REG,2019,1627854|200746,14.0,,,,,SG,Primary Ball Handler,0.23,
Shot Chart Detail,21801071,550,1626196,Josh Richardson,1610612748,Miami Heat,4,4,46,Missed Shot,Pullup Jump shot,2PT Field Goal,In The Paint (Non-RA),Right Side(R),8-16 ft.,9,53,80,1,0,20190320,SAS,MIA,21801071550,25940,0,201949|203079|1626196|1627884|1628389,0,REG,2019,1628401,5.0,PG,Point of Attack,1.44,Gay BLOCK (1 BLK),SG,Primary Ball Handler,0.23,
Shot Chart Detail,21801071,556,1626196,Josh Richardson,1610612748,Miami Heat,4,4,26,Missed Shot,Floating Jump shot,2PT Field Goal,In The Paint (Non-RA),Center(C),8-16 ft.,9,-1,94,1,0,20190320,SAS,MIA,21801071556,26140,0,201949|203079|1626196|1627884|1628389,0,REG,2019,1627854|200746,5.0,,,,,SG,Primary Ball Handler,0.23,
Shot Chart Detail,21801071,603,1626196,Josh Richardson,1610612748,Miami Heat,4,0,13,Missed Shot,Pullup Jump shot,2PT Field Goal,Mid-Range,Center(C),16-24 ft.,17,0,179,1,0,20190320,SAS,MIA,21801071603,28670,0,2548|203079|1626196|1627884|1628389,0,REG,2019,201942|200746,3.0,,,,,SG,Primary Ball Handler,0.23,
Shot Chart Detail,21801085,59,1626196,Josh Richardson,1610612748,Miami Heat,1,6,20,Missed Shot,Jump Shot,3PT Field Goal,Above the Break 3,Center(C),24+ ft.,28,43,280,1,0,20190322,MIL,MIA,2180108559,3400,0,203079|203482|1626196|1627884|1628389,0,REG,2019,201572,2.0,C,Anchor Big,3.06,MISS Richardson 28' 3PT Jump Shot,SG,Primary Ball Handler,0.23,
Shot Chart Detail,21801085,65,1626196,Josh Richardson,1610612748,Miami Heat,1,5,18,Missed Shot,Driving Hook Shot,2PT Field Goal,In The Paint (Non-RA),Center(C),Less Than 8 ft.,6,-60,23,1,0,20190322,MIL,MIA,2180108565,4020,0,203079|203482|1626196|1627884|1628389,0,REG,2019,201572,2.0,C,Anchor Big,3.06,MISS Richardson 6' Driving Hook Shot,SG,Primary Ball Handler,0.23,
Shot Chart Detail,21801085,69,1626196,Josh Richardson,1610612748,Miami Heat,1,5,1,Made Shot,Jump Shot,3PT Field Goal,Above the Break 3,Right Side Center(RC),24+ ft.,26,168,199,1,1,20190322,MIL,MIA,2180108569,4190,0,203079|203482|1626196|1627884|1628389,0,REG,2019,203114,5.0,SF,Helper,0.47,Richardson 26' 3PT Jump Shot (3 PTS),SG,Primary Ball Handler,0.23,
Shot Chart Detail,21801085,349,1626196,Josh Richardson,1610612748,Miami Heat,3,10,30,Made Shot,Jump Shot,3PT Field Goal,Above the Break 3,Left Side Center(LC),24+ ft.,25,-198,166,1,1,20190322,MIL,MIA,21801085349,15300,0,203079|203482|1626196|1627884|1628389,1,REG,2019,202339,-7.0,PG,Point of Attack,1.05,Richardson 26' 3PT Jump Shot (6 PTS) (Adebayo 2 AST),SG,Primary Ball Handler,0.23,1628389.0
Shot Chart Detail,21801085,374,1626196,Josh Richardson,1610612748,Miami Heat,3,8,48,Missed Shot,Jump Shot,3PT Field Goal,Right Corner 3,Right Side(R),24+ ft.,25,247,47,1,0,20190322,MIL,MIA,21801085374,16320,0,203079|203482|1626196|1627884|1628389,0,REG,2019,202339,-11.0,PG,Point of Attack,1.05,MISS Richardson 25' 3PT Jump Shot,SG,Primary Ball Handler,0.23,
Shot Chart Detail,21801085,377,1626196,Josh Richardson,1610612748,Miami Heat,3,8,28,Missed Shot,Jump Shot,2PT Field Goal,In The Paint (Non-RA),Left Side(L),8-16 ft.,11,-65,96,1,0,20190322,MIL,MIA,21801085377,16520,0,203079|203482|1626196|1627884|1628389,0,REG,2019,201572,-13.0,C,Anchor Big,3.06,MISS Richardson 12' Jump Shot,SG,Primary Ball Handler,0.23,
Shot Chart Detail,21801085,539,1626196,Josh Richardson,1610612748,Miami Heat,4,11,23,Made Shot,Cutting Dunk Shot,2PT Field Goal,Restricted Area,Center(C),Less Than 8 ft.,0,-4,5,1,1,20190322,MIL,MIA,21801085539,21970,0,2548|201609|201949|202355|1626196,1,REG,2019,203503,-24.0,SF,Low Activity,-0.53,Richardson 1' Cutting Dunk Shot (8 PTS) (Wade 1 AST),SG,Primary Ball Handler,0.23,2548.0
Shot Chart Detail,21801085,543,1626196,Josh Richardson,1610612748,Miami Heat,4,10,56,Missed Shot,Jump Shot,3PT Field Goal,Above the Break 3,Left Side Center(LC),24+ ft.,26,-169,200,1,0,20190322,MIL,MIA,21801085543,22240,0,2548|201609|201949|202355|1626196,0,REG,2019,203503,-24.0,SF,Low Activity,-0.53,MISS Richardson 26' 3PT Jump Shot,SG,Primary Ball Handler,0.23,
Shot Chart Detail,21801085,562,1626196,Josh Richardson,1610612748,Miami Heat,4,9,28,Missed Shot,Jump Shot,2PT Field Goal,In The Paint (Non-RA),Center(C),Less Than 8 ft.,7,-75,9,1,0,20190322,MIL,MIA,21801085562,23120,0,2548|201609|201949|202355|1626196,0,REG,2019,101141,-27.0,PF,Helper,0.75,MISS Richardson 8' Jump Shot,SG,Primary Ball Handler,0.23,
Shot Chart Detail,21801085,588,1626196,Josh Richardson,1610612748,Miami Heat,4,7,50,Made Shot,Running Layup Shot,2PT Field Goal,Restricted Area,Center(C),Less Than 8 ft.,1,6,8,1,1,20190322,MIL,MIA,21801085588,24100,0,2548|201609|201949|202355|1626196,1,REG,2019,1626192,-19.0,SG,Chaser,-0.52,Richardson 1' Running Layup (10 PTS) (Dragic 4 AST),SG,Primary Ball Handler,0.23,201609.0
Shot Chart Detail,21801085,601,1626196,Josh Richardson,1610612748,Miami Heat,4,6,41,Missed Shot,Jump Shot,3PT Field Goal,Above the Break 3,Center(C),24+ ft.,26,-29,266,1,0,20190322,MIL,MIA,21801085601,24790,0,2548|201609|201949|202355|1626196,0,REG,2019,201572,-21.0,C,Anchor Big,3.06,MISS Richardson 27' 3PT Jump Shot,SG,Primary Ball Handler,0.23,
Shot Chart Detail,21801085,626,1626196,Josh Richardson,1610612748,Miami Heat,4,4,50,Missed Shot,Jump Shot,3PT Field Goal,Right Corner 3,Right Side(R),24+ ft.,24,237,38,1,0,20190322,MIL,MIA,21801085626,25900,0,201949|202355|203079|1626196|1629130,0,REG,2019,203114,-23.0,SF,Helper,0.47,MISS Richardson 24' 3PT Jump Shot,SG,Primary Ball Handler,0.23,
Shot Chart Detail,21801089,25,1626196,Josh Richardson,1610612748,Miami Heat,1,10,24,Missed Shot,Jump Shot,3PT Field Goal,Above the Break 3,Left Side Center(LC),24+ ft.,25,-128,222,1,0,20190323,WAS,MIA,2180108925,960,0,203079|203482|1626196|1627884|1628389,0,REG,2019,203078,-1.0,SG,Chaser,-1.2,MISS Richardson 26' 3PT Jump Shot,SG,Primary Ball Handler,0.23,
Shot Chart Detail,21801089,29,1626196,Josh Richardson,1610612748,Miami Heat,1,10,0,Made Shot,Reverse Layup Shot,2PT Field Goal,Restricted Area,Center(C),Less Than 8 ft.,2,9,19,1,1,20190323,WAS,MIA,2180108929,1200,0,203079|203482|1626196|1627884|1628389,1,REG,2019,203078,1.0,SG,Chaser,-1.2,Richardson 2' Reverse Layup (2 PTS) (Adebayo 1 AST),SG,Primary Ball Handler,0.23,1628389.0
Shot Chart Detail,21801089,74,1626196,Josh Richardson,1610612748,Miami Heat,1,5,13,Made Shot,Cutting Layup Shot,2PT Field Goal,In The Paint (Non-RA),Center(C),Less Than 8 ft.,4,38,21,1,1,20190323,WAS,MIA,2180108974,4070,0,203079|203482|1626196|1627884|1628389,1,REG,2019,1628418|203107,7.0,,,,,SG,Primary Ball Handler,0.23,1628389.0
Shot Chart Detail,21801089,157,1626196,Josh Richardson,1610612748,Miami Heat,2,11,36,Missed Shot,Pullup Jump shot,3PT Field Goal,Above the Break 3,Left Side Center(LC),24+ ft.,25,-118,221,1,0,20190323,WAS,MIA,21801089157,7440,0,2548|201609|201949|202355|1626196,0,REG,2019,1626184,-2.0,PG,Point of Attack,-1.24,MISS Richardson 25' 3PT Pullup Jump Shot,SG,Primary Ball Handler,0.23,
Shot Chart Detail,21801089,167,1626196,Josh Richardson,1610612748,Miami Heat,2,10,35,Missed Shot,Driving Floating Jump Shot,2PT Field Goal,Mid-Range,Center(C),8-16 ft.,15,58,141,1,0,20190323,WAS,MIA,21801089167,8050,0,2548|201609|201949|202355|1626196,0,REG,2019,203107,-4.0,PG,Point of Attack,-0.03,MISS Richardson 15' Driving Floating Jump Shot,SG,Primary Ball Handler,0.23,
Shot Chart Detail,21801089,288,1626196,Josh Richardson,1610612748,Miami Heat,2,2,53,Made Shot,Jump Shot,3PT Field Goal,Above the Break 3,Right Side Center(RC),24+ ft.,28,125,256,1,1,20190323,WAS,MIA,21801089288,12670,0,201609|203079|203482|1626196|1628389,1,REG,2019,201145,-7.0,PF,Helper,-1.27,Richardson 28' 3PT Jump Shot (7 PTS) (Waiters 3 AST),SG,Primary Ball Handler,0.23,203079.0
Shot Chart Detail,21801089,302,1626196,Josh Richardson,1610612748,Miami Heat,2,1,58,Missed Shot,Jump Shot,3PT Field Goal,Above the Break 3,Left Side Center(LC),24+ ft.,26,-145,222,1,0,20190323,WAS,MIA,21801089302,13220,0,201609|203079|203482|1626196|1628389,0,REG,2019,1628972,-7.0,SF,Chaser,-0.41,MISS Richardson 27' 3PT Jump Shot,SG,Primary Ball Handler,0.23,
Shot Chart Detail,21801089,318,1626196,Josh Richardson,1610612748,Miami Heat,2,0,54,Made Shot,Jump Shot,3PT Field Goal,Above the Break 3,Right Side Center(RC),24+ ft.,27,117,246,1,1,20190323,WAS,MIA,21801089318,13860,0,2548|203079|203482|1626196|1628389,1,REG,2019,1626171,-0.0,PF,Mobile Big,-0.52,Richardson 27' 3PT Jump Shot (12 PTS) (Wade 3 AST),SG,Primary Ball Handler,0.23,2548.0
Shot Chart Detail,21801089,380,1626196,Josh Richardson,1610612748,Miami Heat,3,8,43,Missed Shot,Jump Shot,3PT Field Goal,Above the Break 3,Right Side Center(RC),24+ ft.,26,201,178,1,0,20190323,WAS,MIA,21801089380,16370,0,201949|203079|203482|1626196|1628389,0,REG,2019,1626171|203107,3.0,,,,,SG,Primary Ball Handler,0.23,
Shot Chart Detail,21801089,399,1626196,Josh Richardson,1610612748,Miami Heat,3,7,3,Made Shot,Jump Shot,2PT Field Goal,Mid-Range,Left Side(L),16-24 ft.,20,-195,67,1,1,20190323,WAS,MIA,21801089399,17370,0,201949|203079|203482|1626196|1628389,1,REG,2019,203078,2.0,SG,Chaser,-1.2,Richardson 21' Jump Shot (14 PTS) (Adebayo 6 AST),SG,Primary Ball Handler,0.23,1628389.0
Shot Chart Detail,21801089,510,1626196,Josh Richardson,1610612748,Miami Heat,4,10,23,Made Shot,Driving Layup Shot,2PT Field Goal,Restricted Area,Center(C),Less Than 8 ft.,2,-12,16,1,1,20190323,WAS,MIA,21801089510,22570,0,2548|201609|201949|203482|1626196,1,REG,2019,1626184,1.0,PG,Point of Attack,-1.24,Richardson 2' Driving Layup (16 PTS) (Olynyk 5 AST),SG,Primary Ball Handler,0.23,203482.0
Shot Chart Detail,21801089,567,1626196,Josh Richardson,1610612748,Miami Heat,4,5,41,Missed Shot,Jump Shot,3PT Field Goal,Above the Break 3,Left Side Center(LC),24+ ft.,27,-193,197,1,0,20190323,WAS,MIA,21801089567,25390,0,2548|201609|203482|1626196|1628389,0,REG,2019,203078|1628418,3.0,,,,,SG,Primary Ball Handler,0.23,
Shot Chart Detail,21801109,9,1626196,Josh Richardson,1610612748,Miami Heat,1,11,32,Made Shot,Jump Shot,3PT Field Goal,Above the Break 3,Right Side Center(RC),24+ ft.,25,125,225,1,1,20190326,MIA,ORL,218011099,280,0,203079|203482|1626196|1627884|1628389,1,REG,2019,201571,3.0,PG,Point of Attack,-0.3,Richardson 26' 3PT Jump Shot (3 PTS) (Waiters 1 AST),SG,Primary Ball Handler,0.23,203079.0
Shot Chart Detail,21801109,50,1626196,Josh Richardson,1610612748,Miami Heat,1,7,49,Made Shot,Cutting Dunk Shot,2PT Field Goal,Restricted Area,Center(C),Less Than 8 ft.,0,-3,4,1,1,20190326,MIA,ORL,2180110950,2510,0,203079|203482|1626196|1627884|1628389,1,REG,2019,201571,7.0,PG,Point of Attack,-0.3,Richardson 1' Cutting Dunk Shot (5 PTS) (Adebayo 1 AST),SG,Primary Ball Handler,0.23,1628389.0
Shot Chart Detail,21801109,50,1626196,Josh Richardson,1610612748,Miami Heat,1,7,49,Made Shot,Cutting Dunk Shot,2PT Field Goal,Restricted Area,Center(C),Less Than 8 ft.,0,-3,4,1,1,20190326,MIA,ORL,2180110950,2510,0,203079|203482|1626196|1627884|1628389,1,REG,2019,201571,7.0,PG,Point of Attack,-0.3,Richardson 1' Cutting Dunk Shot (5 PTS) (Adebayo 1 AST),SG,Primary Ball Handler,0.23,1628389.0
Shot Chart Detail,21801109,146,1626196,Josh Richardson,1610612748,Miami Heat,1,1,3,Made Shot,Pullup Jump shot,3PT Field Goal,Above the Break 3,Left Side Center(LC),24+ ft.,25,-122,229,1,1,20190326,MIA,ORL,21801109146,6570,0,2548|201609|201949|202355|1626196,1,REG,2019,203932,9.0,PF,Wing Stopper,0.86,Richardson 26' 3PT Pullup Jump Shot (8 PTS) (Johnson 1 AST),SG,Primary Ball Handler,0.23,201949.0
Shot Chart Detail,21801109,154,1626196,Josh Richardson,1610612748,Miami Heat,1,0,9,Made Shot,Step Back Jump shot,3PT Field Goal,Above the Break 3,Right Side Center(RC),24+ ft.,25,145,208,1,1,20190326,MIA,ORL,21801109154,7110,0,2548|201609|201949|202355|1626196,1,REG,2019,203082,14.0,SG,Low Activity,-0.5,Richardson 25' 3PT Step Back Jump Shot (11 PTS) (Wade 4 AST),SG,Primary Ball Handler,0.23,2548.0
Shot Chart Detail,21801109,166,1626196,Josh Richardson,1610612748,Miami Heat,2,11,4,Missed Shot,Jump Shot,3PT Field Goal,Above the Break 3,Left Side Center(LC),24+ ft.,24,-173,176,1,0,20190326,MIA,ORL,21801109166,7760,0,2548|201609|201949|202355|1626196,0,REG,2019,203095,16.0,SG,Wing Stopper,0.06,MISS Richardson 25' 3PT Jump Shot,SG,Primary Ball Handler,0.23,
Shot Chart Detail,21801109,204,1626196,Josh Richardson,1610612748,Miami Heat,2,7,25,Missed Shot,Jump Shot,3PT Field Goal,Left Corner 3,Left Side(L),24+ ft.,24,-233,61,1,0,20190326,MIA,ORL,21801109204,9950,0,201609|201949|202355|203079|1626196,0,REG,2019,203082,14.0,SG,Low Activity,-0.5,MISS Richardson 24' 3PT Jump Shot,SG,Primary Ball Handler,0.23,
Shot Chart Detail,21801109,276,1626196,Josh Richardson,1610612748,Miami Heat,2,2,5,Missed Shot,Jump Shot,3PT Field Goal,Left Corner 3,Left Side(L),24+ ft.,22,-226,37,1,0,20190326,MIA,ORL,21801109276,13150,0,203079|203482|1626196|1627884|1628389,0,REG,2019,201571,11.0,PG,Point of Attack,-0.3,MISS Richardson 3PT Jump Shot,SG,Primary Ball Handler,0.23,
Shot Chart Detail,21801109,332,1626196,Josh Richardson,1610612748,Miami Heat,3,11,42,Missed Shot,Jump Shot,3PT Field Goal,Above the Break 3,Center(C),24+ ft.,26,-22,264,1,0,20190326,MIA,ORL,21801109332,14580,0,203079|203482|1626196|1627884|1628389,0,REG,2019,201571,9.0,PG,Point of Attack,-0.3,MISS Richardson 26' 3PT Jump Shot,SG,Primary Ball Handler,0.23,
Shot Chart Detail,21801109,363,1626196,Josh Richardson,1610612748,Miami Heat,3,7,43,Missed Shot,Turnaround Hook Shot,2PT Field Goal,In The Paint (Non-RA),Center(C),Less Than 8 ft.,5,4,50,1,0,20190326,MIA,ORL,21801109363,16970,0,203079|203482|1626196|1627884|1628389,0,REG,2019,201571,5.0,PG,Point of Attack,-0.3,MISS Richardson 5' Turnaround Hook Shot,SG,Primary Ball Handler,0.23,
Shot Chart Detail,21801109,525,1626196,Josh Richardson,1610612748,Miami Heat,4,8,32,Missed Shot,Jump Shot,3PT Field Goal,Left Corner 3,Left Side(L),24+ ft.,23,-234,5,1,0,20190326,MIA,ORL,21801109525,23680,0,2548|201609|201949|1626196|1628389,0,REG,2019,203082,-1.0,SG,Low Activity,-0.5,MISS Richardson 3PT Jump Shot,SG,Primary Ball Handler,0.23,
Shot Chart Detail,21801109,540,1626196,Josh Richardson,1610612748,Miami Heat,4,7,19,Missed Shot,Driving Layup Shot,2PT Field Goal,Restricted Area,Center(C),Less Than 8 ft.,1,-17,10,1,0,20190326,MIA,ORL,21801109540,24410,0,2548|201609|201949|1626196|1628389,0,REG,2019,203082,-2.0,SG,Low Activity,-0.5,MISS Richardson 2' Driving Layup,SG,Primary Ball Handler,0.23,
Shot Chart Detail,21801109,625,1626196,Josh Richardson,1610612748,Miami Heat,4,0,39,Missed Shot,Jump Shot,3PT Field Goal,Above the Break 3,Center(C),24+ ft.,25,-3,253,1,0,20190326,MIA,ORL,21801109625,28410,0,2548|201609|203079|1626196|1628389,0,REG,2019,203082,-7.0,SG,Low Activity,-0.5,MISS Richardson 25' 3PT Jump Shot,SG,Primary Ball Handler,0.23,
Shot Chart Detail,21801170,7,1626196,Josh Richardson,1610612748,Miami Heat,1,11,42,Missed Shot,Jump Shot,3PT Field Goal,Left Corner 3,Left Side(L),24+ ft.,23,-234,50,1,0,20190403,MIA,BOS,218011707,180,0,201609|203079|203482|1626196|1628389,0,REG,2019,1628369,0.0,SF,Chaser,1.3,MISS Richardson 24' 3PT Jump Shot,SG,Primary Ball Handler,0.23,
Shot Chart Detail,21801170,70,1626196,Josh Richardson,1610612748,Miami Heat,1,6,26,Made Shot,Jump Shot,2PT Field Goal,In The Paint (Non-RA),Center(C),8-16 ft.,10,9,102,1,1,20190403,MIA,BOS,2180117070,3340,0,201609|203079|203482|1626196|1628389,1,REG,2019,203382,-4.0,C,Anchor Big,0.87,Richardson 10' Jump Shot (2 PTS) (Dragic 2 AST),SG,Primary Ball Handler,0.23,201609.0
Shot Chart Detail,21801170,165,1626196,Josh Richardson,1610612748,Miami Heat,1,0,22,Made Shot,Step Back Jump shot,2PT Field Goal,Mid-Range,Right Side Center(RC),16-24 ft.,18,96,157,1,1,20190403,MIA,BOS,21801170165,6980,0,2548|202355|203482|1626159|1626196,1,REG,2019,1626179,2.0,PG,Point of Attack,0.0,Richardson 18' Step Back Jump Shot (4 PTS) (Wade 2 AST),SG,Primary Ball Handler,0.23,2548.0
Shot Chart Detail,21801170,214,1626196,Josh Richardson,1610612748,Miami Heat,2,8,10,Missed Shot,Jump Shot,3PT Field Goal,Above the Break 3,Left Side Center(LC),24+ ft.,25,-131,221,1,0,20190403,MIA,BOS,21801170214,9500,0,2548|202355|203482|203585|1626196,0,REG,2019,1626179,1.0,PG,Point of Attack,0.0,MISS Richardson 26' 3PT Jump Shot,SG,Primary Ball Handler,0.23,
Shot Chart Detail,21801170,387,1626196,Josh Richardson,1610612748,Miami Heat,3,9,1,Made Shot,Jump Shot,3PT Field Goal,Right Corner 3,Right Side(R),24+ ft.,22,223,52,1,1,20190403,MIA,BOS,21801170387,16190,0,201609|203079|203482|1626196|1628389,1,REG,2019,203935,1.0,SG,Wing Stopper,1.2,Richardson 3PT Jump Shot (7 PTS) (Adebayo 2 AST),SG,Primary Ball Handler,0.23,1628389.0
Shot Chart Detail,21801170,392,1626196,Josh Richardson,1610612748,Miami Heat,3,8,32,Missed Shot,Pullup Jump shot,3PT Field Goal,Above the Break 3,Center(C),24+ ft.,24,-2,246,1,0,20190403,MIA,BOS,21801170392,16480,0,201609|203079|203482|1626196|1628389,0,REG,2019,202681,1.0,PG,Point of Attack,0.16,MISS Richardson 25' 3PT Pullup Jump Shot,SG,Primary Ball Handler,0.23,
