GRID_TYPE,GAME_ID,EVENTNUM,PLAYER_ID,PLAYER_NAME,TEAM_ID,TEAM_NAME,PERIOD,MINUTES_REMAINING,SECONDS_REMAINING,EVENT_TYPE,ACTION_TYPE,SHOT_TYPE,SHOT_ZONE_BASIC,SHOT_ZONE_AREA,SHOT_ZONE_RANGE,SHOT_DISTANCE,LOC_X,LOC_Y,SHOT_ATTEMPTED_FLAG,SHOT_MADE_FLAG,GAME_DATE,HTM,VTM,SHOT_ID,time,extra,PLAYERS_ON,assisted,season_type,year,DEF_ID,score_margin,DEF_POSITION,DEF_ROLE,D_LEBRON,dsc,OFF_POSITION,OFF_ROLE,O_LEBRON,ASSIST_ID
Shot Chart Detail,21800011,115,1628963,Marvin Bagley III,1610612758,Sacramento Kings,1,3,15,Made Shot,Hook Shot,2PT Field Goal,In The Paint (Non-RA),Center(C),8-16 ft.,10,0,105,1,1,20181017,SAC,UTA,21800011115,5250,0,202697|1626161|1628368|1628382|1628963,0,REG,2019,203109,13.0,SF,Helper,0.0,Bagley III 11' Hook Shot (2 PTS),PF,Shot Creator,0.07,
Shot Chart Detail,21800011,153,1628963,Marvin Bagley III,1610612758,Sacramento Kings,1,0,25,Made Shot,Layup Shot,2PT Field Goal,Restricted Area,Center(C),Less Than 8 ft.,2,22,8,1,1,20181017,SAC,UTA,21800011153,6950,0,202697|1628382|1628385|1628412|1628963,0,REG,2019,203109,3.0,SF,Helper,0.0,Bagley III 2' Layup (4 PTS),PF,Shot Creator,0.07,
Shot Chart Detail,21800011,167,1628963,Marvin Bagley III,1610612758,Sacramento Kings,2,11,46,Missed Shot,Turnaround Fadeaway shot,2PT Field Goal,Mid-Range,Right Side(R),16-24 ft.,16,157,48,1,0,20181017,SAC,UTA,21800011167,7340,0,202697|1627741|1628385|1628412|1628963,0,REG,2019,203109,4.0,SF,Helper,0.0,MISS Bagley III 16' Turnaround Fadeaway Shot,PF,Shot Creator,0.07,
Shot Chart Detail,21800011,183,1628963,Marvin Bagley III,1610612758,Sacramento Kings,2,10,14,Missed Shot,Running Layup Shot,2PT Field Goal,Restricted Area,Center(C),Less Than 8 ft.,3,-27,20,1,0,20181017,SAC,UTA,21800011183,8260,0,202697|1627741|1628385|1628412|1628963,0,REG,2019,202324,2.0,C,Anchor Big,2.1,MISS Bagley III 3' Running Layup,PF,Shot Creator,0.07,
Shot Chart Detail,21800011,520,1628963,Marvin Bagley III,1610612758,Sacramento Kings,4,10,1,Made Shot,Tip Layup Shot,2PT Field Goal,Restricted Area,Center(C),Less Than 8 ft.,1,12,14,1,1,20181017,SAC,UTA,21800011520,22790,0,202697|1626161|1628368|1628382|1628963,0,REG,2019,202324|201937,-4.0,,,,,PF,Shot Creator,0.07,
Shot Chart Detail,21800011,530,1628963,Marvin Bagley III,1610612758,Sacramento Kings,4,9,20,Missed Shot,Hook Shot,2PT Field Goal,In The Paint (Non-RA),Center(C),Less Than 8 ft.,5,-10,52,1,0,20181017,SAC,UTA,21800011530,23200,0,202697|1626161|1628368|1628382|1628963,0,REG,2019,202324,-6.0,C,Anchor Big,2.1,MISS Bagley III 5' Hook Shot,PF,Shot Creator,0.07,
Shot Chart Detail,21800022,90,1628963,Marvin Bagley III,1610612758,Sacramento Kings,1,6,16,Made Shot,Alley Oop Dunk Shot,2PT Field Goal,Restricted Area,Center(C),Less Than 8 ft.,0,-3,3,1,1,20181019,NOP,SAC,2180002290,3440,0,202697|1627741|1628368|1628385|1628963,1,REG,2019,,,,,,,PF,Shot Creator,0.07,1627741.0
Shot Chart Detail,21800022,116,1628963,Marvin Bagley III,1610612758,Sacramento Kings,1,4,46,Made Shot,Layup Shot,2PT Field Goal,Restricted Area,Center(C),Less Than 8 ft.,1,-16,-4,1,1,20181019,NOP,SAC,21800022116,4340,0,202697|1627741|1628368|1628385|1628963,0,REG,2019,203076,-8.0,C,Anchor Big,2.35,Bagley III 2' Layup (4 PTS),PF,Shot Creator,0.07,
Shot Chart Detail,21800022,160,1628963,Marvin Bagley III,1610612758,Sacramento Kings,1,1,58,Made Shot,Dunk Shot,2PT Field Goal,Restricted Area,Center(C),Less Than 8 ft.,0,-5,6,1,1,20181019,NOP,SAC,21800022160,6020,0,202697|1628382|1628385|1628412|1628963,0,REG,2019,203546,,SG,Chaser,-1.7,Bagley III 1' Dunk (10 PTS),PF,Shot Creator,0.07,
Shot Chart Detail,21800022,277,1628963,Marvin Bagley III,1610612758,Sacramento Kings,2,5,56,Made Shot,Layup Shot,2PT Field Goal,In The Paint (Non-RA),Center(C),Less Than 8 ft.,4,40,16,1,1,20181019,NOP,SAC,21800022277,10840,0,1626161|1627741|1627812|1628368|1628963,0,REG,2019,,,,,,,PF,Shot Creator,0.07,
Shot Chart Detail,21800022,289,1628963,Marvin Bagley III,1610612758,Sacramento Kings,2,4,55,Made Shot,Driving Layup Shot,2PT Field Goal,In The Paint (Non-RA),Center(C),Less Than 8 ft.,5,-24,50,1,1,20181019,NOP,SAC,21800022289,11450,0,1626161|1627741|1627812|1628368|1628963,0,REG,2019,203944,-0.0,PF,Helper,-0.8,Bagley III 6' Driving Layup (14 PTS),PF,Shot Creator,0.07,
Shot Chart Detail,21800022,315,1628963,Marvin Bagley III,1610612758,Sacramento Kings,2,2,16,Missed Shot,Jump Shot,3PT Field Goal,Left Corner 3,Left Side(L),24+ ft.,23,-237,-10,1,0,20181019,NOP,SAC,21800022315,13040,0,1626161|1627741|1627812|1628368|1628963,0,REG,2019,203944,-6.0,PF,Helper,-0.8,MISS Bagley III 24' 3PT Jump Shot,PF,Shot Creator,0.07,
Shot Chart Detail,21800022,514,1628963,Marvin Bagley III,1610612758,Sacramento Kings,3,1,4,Made Shot,Dunk Shot,2PT Field Goal,Restricted Area,Center(C),Less Than 8 ft.,0,-1,-1,1,1,20181019,NOP,SAC,21800022514,20960,0,202697|1628382|1628385|1628412|1628963,0,REG,2019,,,,,,,PF,Shot Creator,0.07,
Shot Chart Detail,21800022,521,1628963,Marvin Bagley III,1610612758,Sacramento Kings,3,0,24,Made Shot,Layup Shot,2PT Field Goal,Restricted Area,Center(C),Less Than 8 ft.,1,-7,17,1,1,20181019,NOP,SAC,21800022521,21360,0,202697|1628382|1628385|1628412|1628963,1,REG,2019,203524,-19.0,SF,Wing Stopper,-0.78,Bagley III 2' Layup (19 PTS) (Mason 1 AST),PF,Shot Creator,0.07,1628412.0
Shot Chart Detail,21800022,535,1628963,Marvin Bagley III,1610612758,Sacramento Kings,4,11,30,Missed Shot,Jump Shot,3PT Field Goal,Above the Break 3,Center(C),24+ ft.,26,4,262,1,0,20181019,NOP,SAC,21800022535,21900,0,202697|1628382|1628385|1628412|1628963,0,REG,2019,,,,,,,PF,Shot Creator,0.07,
Shot Chart Detail,21800022,680,1628963,Marvin Bagley III,1610612758,Sacramento Kings,4,0,54,Missed Shot,Jump Shot,3PT Field Goal,Above the Break 3,Center(C),24+ ft.,26,-17,262,1,0,20181019,NOP,SAC,21800022680,28260,0,202697|203463|1627746|1628412|1628963,0,REG,2019,1626143,-24.0,C,Anchor Big,-0.05,MISS Bagley III 26' 3PT Jump Shot,PF,Shot Creator,0.07,
Shot Chart Detail,21800037,209,1628963,Marvin Bagley III,1610612758,Sacramento Kings,2,11,26,Missed Shot,Driving Floating Jump Shot,2PT Field Goal,In The Paint (Non-RA),Center(C),Less Than 8 ft.,5,5,50,1,0,20181021,OKC,SAC,21800037209,7540,0,202357|1627812|1628368|1628382|1628963,0,REG,2019,203924|203457,-0.0,,,,,PF,Shot Creator,0.07,
Shot Chart Detail,21800037,222,1628963,Marvin Bagley III,1610612758,Sacramento Kings,2,10,22,Made Shot,Tip Dunk Shot,2PT Field Goal,Restricted Area,Center(C),Less Than 8 ft.,0,0,-6,1,1,20181021,OKC,SAC,21800037222,8180,0,202357|1627812|1628368|1628382|1628963,0,REG,2019,203471|203457,-0.0,,,,,PF,Shot Creator,0.07,
Shot Chart Detail,21800037,238,1628963,Marvin Bagley III,1610612758,Sacramento Kings,2,9,19,Made Shot,Cutting Layup Shot,2PT Field Goal,Restricted Area,Center(C),Less Than 8 ft.,0,-7,-1,1,1,20181021,OKC,SAC,21800037238,8810,0,202357|1627812|1628368|1628382|1628963,1,REG,2019,203457,2.0,C,Mobile Big,2.34,Bagley III 1' Cutting Layup Shot (6 PTS) (Bjelica 2 AST),PF,Shot Creator,0.07,202357.0
Shot Chart Detail,21800037,332,1628963,Marvin Bagley III,1610612758,Sacramento Kings,2,3,50,Missed Shot,Turnaround Jump Shot,2PT Field Goal,In The Paint (Non-RA),Center(C),Less Than 8 ft.,6,65,5,1,0,20181021,OKC,SAC,21800037332,12100,0,202697|1628368|1628382|1628385|1628963,0,REG,2019,202335,3.0,PF,Helper,-1.21,MISS Bagley III 7' Turnaround Jump Shot,PF,Shot Creator,0.07,
Shot Chart Detail,21800037,598,1628963,Marvin Bagley III,1610612758,Sacramento Kings,4,11,12,Made Shot,Tip Layup Shot,2PT Field Goal,Restricted Area,Center(C),Less Than 8 ft.,0,0,-6,1,1,20181021,OKC,SAC,21800037598,22080,0,1626161|1627741|1628368|1628382|1628963,0,REG,2019,1629126,7.0,,,,Bagley III 1' Tip Layup Shot (8 PTS),PF,Shot Creator,0.07,
Shot Chart Detail,21800037,605,1628963,Marvin Bagley III,1610612758,Sacramento Kings,4,10,26,Missed Shot,Jump Shot,2PT Field Goal,In The Paint (Non-RA),Center(C),8-16 ft.,10,-10,101,1,0,20181021,OKC,SAC,21800037605,22540,0,1626161|1627812|1628368|1628382|1628963,0,REG,2019,1628977,8.0,SG,Wing Stopper,-0.77,MISS Bagley III 10' Jump Shot,PF,Shot Creator,0.07,
Shot Chart Detail,21800037,607,1628963,Marvin Bagley III,1610612758,Sacramento Kings,4,10,17,Missed Shot,Layup Shot,2PT Field Goal,Restricted Area,Center(C),Less Than 8 ft.,1,11,6,1,0,20181021,OKC,SAC,21800037607,22630,0,1626161|1627812|1628368|1628382|1628963,0,REG,2019,203457,8.0,C,Mobile Big,2.34,Noel BLOCK (1 BLK),PF,Shot Creator,0.07,
Shot Chart Detail,21800037,625,1628963,Marvin Bagley III,1610612758,Sacramento Kings,4,9,6,Missed Shot,Layup Shot,2PT Field Goal,Restricted Area,Center(C),Less Than 8 ft.,3,1,30,1,0,20181021,OKC,SAC,21800037625,23340,0,1626161|1627812|1628368|1628382|1628963,0,REG,2019,203471|1629126,6.0,,,,,PF,Shot Creator,0.07,
Shot Chart Detail,21800037,635,1628963,Marvin Bagley III,1610612758,Sacramento Kings,4,8,35,Missed Shot,Hook Shot,2PT Field Goal,In The Paint (Non-RA),Center(C),8-16 ft.,9,-2,92,1,0,20181021,OKC,SAC,21800037635,23650,0,1626161|1627812|1628368|1628382|1628963,0,REG,2019,203924,6.0,PF,Helper,1.46,MISS Bagley III 9' Hook Shot,PF,Shot Creator,0.07,
Shot Chart Detail,21800037,671,1628963,Marvin Bagley III,1610612758,Sacramento Kings,4,6,16,Made Shot,Driving Layup Shot,2PT Field Goal,Restricted Area,Center(C),Less Than 8 ft.,0,-3,4,1,1,20181021,OKC,SAC,21800037671,25040,0,202357|1627812|1628368|1628382|1628963,1,REG,2019,202331|203500,9.0,,,,,PF,Shot Creator,0.07,202357.0
Shot Chart Detail,21800037,682,1628963,Marvin Bagley III,1610612758,Sacramento Kings,4,5,56,Made Shot,Cutting Layup Shot,2PT Field Goal,Restricted Area,Center(C),Less Than 8 ft.,0,-5,4,1,1,20181021,OKC,SAC,21800037682,25240,0,202357|202697|1627812|1628382|1628963,1,REG,2019,,,,,,,PF,Shot Creator,0.07,1628382.0
Shot Chart Detail,21800037,694,1628963,Marvin Bagley III,1610612758,Sacramento Kings,4,5,22,Missed Shot,Reverse Layup Shot,2PT Field Goal,Restricted Area,Center(C),Less Than 8 ft.,2,28,-1,1,0,20181021,OKC,SAC,21800037694,25580,0,202357|202697|1627812|1628382|1628963,0,REG,2019,1628390,9.0,SG,Chaser,-0.11,MISS Bagley III 3' Reverse Layup,PF,Shot Creator,0.07,
Shot Chart Detail,21800037,705,1628963,Marvin Bagley III,1610612758,Sacramento Kings,4,4,36,Missed Shot,Jump Shot,2PT Field Goal,Mid-Range,Left Side(L),8-16 ft.,11,-116,8,1,0,20181021,OKC,SAC,21800037705,26040,0,202357|202697|1627812|1628382|1628963,0,REG,2019,203924,5.0,PF,Helper,1.46,MISS Bagley III 12' Jump Shot,PF,Shot Creator,0.07,
Shot Chart Detail,21800051,101,1628963,Marvin Bagley III,1610612758,Sacramento Kings,1,4,34,Made Shot,Running Layup Shot,2PT Field Goal,Restricted Area,Center(C),Less Than 8 ft.,2,-19,11,1,1,20181023,DEN,SAC,21800051101,4460,0,202697|1628382|1628385|1628412|1628963,0,REG,2019,203999,-3.0,C,Mobile Big,1.05,Bagley III 2' Running Layup (2 PTS),PF,Shot Creator,0.07,
Shot Chart Detail,21800051,113,1628963,Marvin Bagley III,1610612758,Sacramento Kings,1,3,5,Missed Shot,Running Jump Shot,2PT Field Goal,Mid-Range,Right Side(R),8-16 ft.,8,87,16,1,0,20181023,DEN,SAC,21800051113,5350,0,202697|1628382|1628385|1628412|1628963,0,REG,2019,1626168,-5.0,PF,Helper,-0.33,MISS Bagley III 9' Running Jump Shot,PF,Shot Creator,0.07,
Shot Chart Detail,21800051,118,1628963,Marvin Bagley III,1610612758,Sacramento Kings,1,2,37,Made Shot,Jump Shot,3PT Field Goal,Above the Break 3,Right Side Center(RC),24+ ft.,25,153,201,1,1,20181023,DEN,SAC,21800051118,5630,0,202697|1628382|1628385|1628412|1628963,1,REG,2019,1626168,-4.0,PF,Helper,-0.33,Bagley III 25' 3PT Jump Shot (5 PTS) (Mason 2 AST),PF,Shot Creator,0.07,1628412.0
Shot Chart Detail,21800051,189,1628963,Marvin Bagley III,1610612758,Sacramento Kings,2,9,46,Made Shot,Running Dunk Shot,2PT Field Goal,Restricted Area,Center(C),Less Than 8 ft.,0,-8,5,1,1,20181023,DEN,SAC,21800051189,8540,0,1626161|1627812|1628368|1628382|1628963,1,REG,2019,1628420,,PG,Point of Attack,-0.49,Bagley III 1' Running Dunk (7 PTS) (Fox 2 AST),PF,Shot Creator,0.07,1628368.0
Shot Chart Detail,21800051,394,1628963,Marvin Bagley III,1610612758,Sacramento Kings,3,7,2,Made Shot,Finger Roll Layup Shot,2PT Field Goal,Restricted Area,Center(C),Less Than 8 ft.,2,-7,23,1,1,20181023,DEN,SAC,21800051394,17380,0,202697|1626161|1627741|1628368|1628963,1,REG,2019,200794,-22.0,PF,Helper,1.43,Bagley III 2' Finger Roll Layup (9 PTS) (Cauley-Stein 3 AST),PF,Shot Creator,0.07,1626161.0
Shot Chart Detail,21800051,415,1628963,Marvin Bagley III,1610612758,Sacramento Kings,3,6,2,Made Shot,Putback Layup Shot,2PT Field Goal,Restricted Area,Center(C),Less Than 8 ft.,0,0,-6,1,1,20181023,DEN,SAC,21800051415,17980,0,1626161|1627741|1628382|1628412|1628963,0,REG,2019,203999,-21.0,C,Mobile Big,1.05,Bagley III 1' Putback Layup (11 PTS),PF,Shot Creator,0.07,
Shot Chart Detail,21800051,456,1628963,Marvin Bagley III,1610612758,Sacramento Kings,3,2,55,Made Shot,Layup Shot,2PT Field Goal,Restricted Area,Center(C),Less Than 8 ft.,2,-12,17,1,1,20181023,DEN,SAC,21800051456,19850,0,1627741|1628382|1628385|1628412|1628963,1,REG,2019,200794,-19.0,PF,Helper,1.43,Bagley III 2' Layup (13 PTS) (Mason 4 AST),PF,Shot Creator,0.07,1628412.0
Shot Chart Detail,21800051,484,1628963,Marvin Bagley III,1610612758,Sacramento Kings,3,1,6,Missed Shot,Jump Shot,2PT Field Goal,Mid-Range,Left Side(L),8-16 ft.,13,-136,15,1,0,20181023,DEN,SAC,21800051484,20940,0,1627812|1628382|1628385|1628412|1628963,0,REG,2019,1626168,-24.0,PF,Helper,-0.33,MISS Bagley III 14' Jump Shot,PF,Shot Creator,0.07,
Shot Chart Detail,21800051,504,1628963,Marvin Bagley III,1610612758,Sacramento Kings,4,11,36,Made Shot,Turnaround Hook Shot,2PT Field Goal,In The Paint (Non-RA),Center(C),Less Than 8 ft.,4,25,38,1,1,20181023,DEN,SAC,21800051504,21840,0,1627812|1628382|1628385|1628412|1628963,0,REG,2019,1626168,-22.0,PF,Helper,-0.33,Bagley III 5' Turnaround Hook Shot (15 PTS),PF,Shot Creator,0.07,
Shot Chart Detail,21800051,634,1628963,Marvin Bagley III,1610612758,Sacramento Kings,4,1,39,Made Shot,Driving Reverse Layup Shot,2PT Field Goal,Restricted Area,Center(C),Less Than 8 ft.,1,8,6,1,1,20181023,DEN,SAC,21800051634,27810,0,203463|1627746|1627812|1628412|1628963,0,REG,2019,1629118,-21.0,C,Helper,-0.37,Bagley III 1' Driving Reverse Layup (18 PTS),PF,Shot Creator,0.07,
Shot Chart Detail,21800051,643,1628963,Marvin Bagley III,1610612758,Sacramento Kings,4,1,5,Made Shot,Running Layup Shot,2PT Field Goal,Restricted Area,Center(C),Less Than 8 ft.,2,-23,18,1,1,20181023,DEN,SAC,21800051643,28150,0,203463|1627746|1627812|1628412|1628963,0,REG,2019,1627823,-17.0,PF,Helper,0.02,Bagley III 3' Running Layup (20 PTS),PF,Shot Creator,0.07,
Shot Chart Detail,21800061,75,1628963,Marvin Bagley III,1610612758,Sacramento Kings,1,5,56,Made Shot,Turnaround Hook Shot,2PT Field Goal,In The Paint (Non-RA),Center(C),Less Than 8 ft.,4,7,46,1,1,20181024,SAC,MEM,2180006175,3640,0,1626161|1627741|1628368|1628382|1628963,0,REG,2019,1628991,2.0,PF,Helper,1.03,Bagley III 5' Turnaround Hook Shot (2 PTS),PF,Shot Creator,0.07,
Shot Chart Detail,21800061,128,1628963,Marvin Bagley III,1610612758,Sacramento Kings,1,2,50,Missed Shot,Turnaround Hook Shot,2PT Field Goal,In The Paint (Non-RA),Center(C),Less Than 8 ft.,7,30,66,1,0,20181024,SAC,MEM,21800061128,5500,0,1627741|1627812|1628385|1628412|1628963,0,REG,2019,201956,-2.0,SF,Helper,0.67,MISS Bagley III 7' Turnaround Hook Shot,PF,Shot Creator,0.07,
Shot Chart Detail,21800061,150,1628963,Marvin Bagley III,1610612758,Sacramento Kings,1,0,52,Missed Shot,Turnaround Hook Shot,2PT Field Goal,In The Paint (Non-RA),Center(C),Less Than 8 ft.,7,-15,74,1,0,20181024,SAC,MEM,21800061150,6680,0,203463|1627812|1628385|1628412|1628963,0,REG,2019,1628415|201956,-9.0,,,,,PF,Shot Creator,0.07,
Shot Chart Detail,21800061,295,1628963,Marvin Bagley III,1610612758,Sacramento Kings,2,1,59,Made Shot,Cutting Dunk Shot,2PT Field Goal,Restricted Area,Center(C),Less Than 8 ft.,1,-4,15,1,1,20181024,SAC,MEM,21800061295,13210,0,1626161|1627741|1628368|1628382|1628963,1,REG,2019,,,,,,,PF,Shot Creator,0.07,1627741.0
Shot Chart Detail,21800061,414,1628963,Marvin Bagley III,1610612758,Sacramento Kings,3,5,48,Missed Shot,Reverse Layup Shot,2PT Field Goal,Restricted Area,Center(C),Less Than 8 ft.,2,18,13,1,0,20181024,SAC,MEM,21800061414,18120,0,1626161|1627741|1627812|1628368|1628963,0,REG,2019,201956,-1.0,SF,Helper,0.67,MISS Bagley III 2' Reverse Layup,PF,Shot Creator,0.07,
Shot Chart Detail,21800061,433,1628963,Marvin Bagley III,1610612758,Sacramento Kings,3,4,43,Made Shot,Turnaround Hook Shot,2PT Field Goal,In The Paint (Non-RA),Center(C),Less Than 8 ft.,6,-68,7,1,1,20181024,SAC,MEM,21800061433,18770,0,1626161|1627741|1627812|1628412|1628963,1,REG,2019,203937,2.0,SF,Wing Stopper,0.93,Bagley III 7' Turnaround Hook Shot (9 PTS) (Ferrell 1 AST),PF,Shot Creator,0.07,1627812.0
Shot Chart Detail,21800061,442,1628963,Marvin Bagley III,1610612758,Sacramento Kings,3,3,48,Missed Shot,Layup Shot,2PT Field Goal,In The Paint (Non-RA),Center(C),Less Than 8 ft.,4,44,15,1,0,20181024,SAC,MEM,21800061442,19320,0,1626161|1627741|1627812|1628412|1628963,0,REG,2019,1628415,-1.0,SF,Chaser,-0.57,MISS Bagley III 5' Layup,PF,Shot Creator,0.07,
Shot Chart Detail,21800061,464,1628963,Marvin Bagley III,1610612758,Sacramento Kings,3,2,22,Made Shot,Reverse Layup Shot,2PT Field Goal,Restricted Area,Center(C),Less Than 8 ft.,2,-19,9,1,1,20181024,SAC,MEM,21800061464,20180,0,202357|1627741|1628382|1628412|1628963,0,REG,2019,1628991,-4.0,PF,Helper,1.03,Bagley III 2' Reverse Layup (11 PTS),PF,Shot Creator,0.07,
Shot Chart Detail,21800073,95,1628963,Marvin Bagley III,1610612758,Sacramento Kings,1,5,2,Missed Shot,Layup Shot,2PT Field Goal,Restricted Area,Center(C),Less Than 8 ft.,1,-14,8,1,0,20181026,SAC,WAS,2180007395,4180,0,1626161|1627741|1628382|1628412|1628963,0,REG,2019,202693,4.0,PF,Mobile Big,-0.04,MISS Bagley III 2' Layup,PF,Shot Creator,0.07,
Shot Chart Detail,21800073,137,1628963,Marvin Bagley III,1610612758,Sacramento Kings,1,1,25,Missed Shot,Jump Shot,2PT Field Goal,Mid-Range,Left Side(L),16-24 ft.,17,-162,55,1,0,20181026,SAC,WAS,21800073137,6350,0,1627741|1628382|1628385|1628412|1628963,0,REG,2019,202693,0.0,PF,Mobile Big,-0.04,MISS Bagley III 17' Jump Shot,PF,Shot Creator,0.07,
Shot Chart Detail,21800073,202,1628963,Marvin Bagley III,1610612758,Sacramento Kings,2,9,34,Made Shot,Hook Shot,2PT Field Goal,In The Paint (Non-RA),Center(C),Less Than 8 ft.,5,5,56,1,1,20181026,SAC,WAS,21800073202,8660,0,202357|1627812|1628368|1628382|1628963,0,REG,2019,201145,-6.0,PF,Helper,-1.27,Bagley III 6' Hook Shot (2 PTS),PF,Shot Creator,0.07,
Shot Chart Detail,21800073,231,1628963,Marvin Bagley III,1610612758,Sacramento Kings,2,6,28,Missed Shot,Layup Shot,2PT Field Goal,Restricted Area,Center(C),Less Than 8 ft.,2,-24,4,1,0,20181026,SAC,WAS,21800073231,10520,0,202357|202697|1627812|1628368|1628963,0,REG,2019,201145,-5.0,PF,Helper,-1.27,MISS Bagley III 2' Layup,PF,Shot Creator,0.07,
Shot Chart Detail,21800073,233,1628963,Marvin Bagley III,1610612758,Sacramento Kings,2,6,24,Made Shot,Tip Layup Shot,2PT Field Goal,Restricted Area,Center(C),Less Than 8 ft.,0,0,-6,1,1,20181026,SAC,WAS,21800073233,10560,0,202357|202697|1627812|1628368|1628963,0,REG,2019,201145,-3.0,PF,Helper,-1.27,Bagley III 1' Tip Layup Shot (4 PTS),PF,Shot Creator,0.07,
Shot Chart Detail,21800073,236,1628963,Marvin Bagley III,1610612758,Sacramento Kings,2,6,5,Missed Shot,Jump Shot,2PT Field Goal,Mid-Range,Right Side Center(RC),16-24 ft.,16,61,156,1,0,20181026,SAC,WAS,21800073236,10750,0,202357|202697|1627812|1628368|1628963,0,REG,2019,201145,-3.0,PF,Helper,-1.27,MISS Bagley III 17' Jump Shot,PF,Shot Creator,0.07,
Shot Chart Detail,21800073,449,1628963,Marvin Bagley III,1610612758,Sacramento Kings,3,3,35,Made Shot,Jump Shot,3PT Field Goal,Left Corner 3,Left Side(L),24+ ft.,22,-225,41,1,1,20181026,SAC,WAS,21800073449,19450,0,202697|1626161|1627741|1628382|1628963,1,REG,2019,201145,2.0,PF,Helper,-1.27,Bagley III 3PT Jump Shot (7 PTS) (Cauley-Stein 6 AST),PF,Shot Creator,0.07,1626161.0
Shot Chart Detail,21800073,457,1628963,Marvin Bagley III,1610612758,Sacramento Kings,3,2,54,Made Shot,Tip Layup Shot,2PT Field Goal,Restricted Area,Center(C),Less Than 8 ft.,0,0,-6,1,1,20181026,SAC,WAS,21800073457,19860,0,202697|1626161|1627741|1628382|1628963,0,REG,2019,202322,1.0,PG,Point of Attack,0.03,Bagley III 1' Tip Layup Shot (9 PTS),PF,Shot Creator,0.07,
Shot Chart Detail,21800073,466,1628963,Marvin Bagley III,1610612758,Sacramento Kings,3,2,16,Missed Shot,Jump Shot,2PT Field Goal,Mid-Range,Center(C),8-16 ft.,15,-71,141,1,0,20181026,SAC,WAS,21800073466,20240,0,202357|202697|1627741|1628382|1628963,0,REG,2019,202693,1.0,PF,Mobile Big,-0.04,MISS Bagley III 16' Jump Shot,PF,Shot Creator,0.07,
Shot Chart Detail,21800073,512,1628963,Marvin Bagley III,1610612758,Sacramento Kings,4,11,14,Missed Shot,Layup Shot,2PT Field Goal,Restricted Area,Center(C),Less Than 8 ft.,2,-23,17,1,0,20181026,SAC,WAS,21800073512,22060,0,202357|1627786|1628368|1628382|1628963,0,REG,2019,,,,,,,PF,Shot Creator,0.07,
Shot Chart Detail,21800073,514,1628963,Marvin Bagley III,1610612758,Sacramento Kings,4,11,10,Made Shot,Layup Shot,2PT Field Goal,Restricted Area,Center(C),Less Than 8 ft.,2,-14,25,1,1,20181026,SAC,WAS,21800073514,22100,0,202357|1627786|1628368|1628382|1628963,0,REG,2019,202693,-4.0,PF,Mobile Big,-0.04,Bagley III 3' Layup (11 PTS),PF,Shot Creator,0.07,
Shot Chart Detail,21800089,129,1628963,Marvin Bagley III,1610612758,Sacramento Kings,1,3,41,Missed Shot,Jump Shot,2PT Field Goal,In The Paint (Non-RA),Left Side(L),8-16 ft.,11,-77,88,1,0,20181029,MIA,SAC,21800089129,4990,0,201585|1627741|1628368|1628382|1628963,0,REG,2019,1626159,-3.0,SF,Wing Stopper,1.1,MISS Bagley III 12' Jump Shot,PF,Shot Creator,0.07,
Shot Chart Detail,21800089,205,1628963,Marvin Bagley III,1610612758,Sacramento Kings,2,10,34,Made Shot,Tip Layup Shot,2PT Field Goal,Restricted Area,Center(C),Less Than 8 ft.,0,0,-6,1,1,20181029,MIA,SAC,21800089205,8060,0,201585|1627812|1628382|1628412|1628963,0,REG,2019,1626159,-9.0,SF,Wing Stopper,1.1,Bagley III 1' Tip Layup Shot (2 PTS),PF,Shot Creator,0.07,
Shot Chart Detail,21800089,209,1628963,Marvin Bagley III,1610612758,Sacramento Kings,2,9,58,Missed Shot,Hook Shot,2PT Field Goal,In The Paint (Non-RA),Center(C),Less Than 8 ft.,4,-44,13,1,0,20181029,MIA,SAC,21800089209,8420,0,201585|1627812|1628382|1628412|1628963,0,REG,2019,1626196,-9.0,SG,Chaser,0.64,MISS Bagley III 5' Hook Shot,PF,Shot Creator,0.07,
Shot Chart Detail,21800089,226,1628963,Marvin Bagley III,1610612758,Sacramento Kings,2,9,0,Missed Shot,Jump Shot,2PT Field Goal,Mid-Range,Center(C),16-24 ft.,21,-7,216,1,0,20181029,MIA,SAC,21800089226,9000,0,202357|1627812|1628382|1628412|1628963,0,REG,2019,1628389,-8.0,C,Anchor Big,2.6,MISS Bagley III 22' Jump Shot,PF,Shot Creator,0.07,
Shot Chart Detail,21800089,465,1628963,Marvin Bagley III,1610612758,Sacramento Kings,3,4,17,Made Shot,Jump Shot,3PT Field Goal,Above the Break 3,Center(C),24+ ft.,25,-73,241,1,1,20181029,MIA,SAC,21800089465,19030,0,202697|1626161|1627741|1628412|1628963,1,REG,2019,1626159,17.0,SF,Wing Stopper,1.1,Bagley III 25' 3PT Jump Shot (5 PTS) (Mason 5 AST),PF,Shot Creator,0.07,1628412.0
Shot Chart Detail,21800089,504,1628963,Marvin Bagley III,1610612758,Sacramento Kings,3,1,38,Made Shot,Cutting Dunk Shot,2PT Field Goal,Restricted Area,Center(C),Less Than 8 ft.,1,7,15,1,1,20181029,MIA,SAC,21800089504,20620,0,201585|1627741|1628382|1628412|1628963,1,REG,2019,1626196,15.0,SG,Chaser,0.64,Bagley III 2' Cutting Dunk Shot (7 PTS) (Hield 3 AST),PF,Shot Creator,0.07,1627741.0
Shot Chart Detail,21800089,507,1628963,Marvin Bagley III,1610612758,Sacramento Kings,3,1,9,Missed Shot,Jump Shot,2PT Field Goal,In The Paint (Non-RA),Center(C),8-16 ft.,12,5,125,1,0,20181029,MIA,SAC,21800089507,20910,0,201585|1627741|1628382|1628412|1628963,0,REG,2019,1626159,13.0,SF,Wing Stopper,1.1,MISS Bagley III 13' Jump Shot,PF,Shot Creator,0.07,
Shot Chart Detail,21800098,113,1628963,Marvin Bagley III,1610612758,Sacramento Kings,1,3,6,Made Shot,Driving Finger Roll Layup Shot,2PT Field Goal,In The Paint (Non-RA),Center(C),Less Than 8 ft.,5,-50,17,1,1,20181030,ORL,SAC,21800098113,5340,0,201585|1627786|1628382|1628412|1628963,1,REG,2019,1628964,-6.0,C,Anchor Big,1.84,Bagley III 5' Driving Finger Roll Layup (2 PTS) (Mason 1 AST),PF,Shot Creator,0.07,1628412.0
Shot Chart Detail,21800098,132,1628963,Marvin Bagley III,1610612758,Sacramento Kings,1,1,43,Made Shot,Jump Shot,3PT Field Goal,Above the Break 3,Left Side Center(LC),24+ ft.,26,-164,206,1,1,20181030,ORL,SAC,21800098132,6170,0,1626161|1627786|1628382|1628412|1628963,1,REG,2019,203932,-6.0,PF,Wing Stopper,0.86,Bagley III 26' 3PT Jump Shot (5 PTS) (Mason 2 AST),PF,Shot Creator,0.07,1628412.0
Shot Chart Detail,21800098,180,1628963,Marvin Bagley III,1610612758,Sacramento Kings,2,10,18,Made Shot,Pullup Jump shot,3PT Field Goal,Above the Break 3,Left Side Center(LC),24+ ft.,25,-148,210,1,1,20181030,ORL,SAC,21800098180,8220,0,1626161|1627786|1628382|1628412|1628963,0,REG,2019,203932,-3.0,PF,Wing Stopper,0.86,Bagley III 26' 3PT Pullup Jump Shot (9 PTS),PF,Shot Creator,0.07,
Shot Chart Detail,21800098,254,1628963,Marvin Bagley III,1610612758,Sacramento Kings,2,7,15,Missed Shot,Tip Layup Shot,2PT Field Goal,Restricted Area,Center(C),Less Than 8 ft.,1,3,18,1,0,20181030,ORL,SAC,21800098254,10050,0,202357|1627741|1627786|1628368|1628963,0,REG,2019,203932,-8.0,PF,Wing Stopper,0.86,MISS Bagley III 2' Tip Layup Shot,PF,Shot Creator,0.07,
Shot Chart Detail,21800098,261,1628963,Marvin Bagley III,1610612758,Sacramento Kings,2,6,18,Missed Shot,Jump Shot,3PT Field Goal,Above the Break 3,Left Side Center(LC),24+ ft.,26,-120,232,1,0,20181030,ORL,SAC,21800098261,10620,0,202357|1627741|1627786|1628412|1628963,0,REG,2019,1628371,-9.0,PF,Helper,1.74,MISS Bagley III 26' 3PT Jump Shot,PF,Shot Creator,0.07,
Shot Chart Detail,21800098,457,1628963,Marvin Bagley III,1610612758,Sacramento Kings,3,2,42,Missed Shot,Jump Shot,2PT Field Goal,Mid-Range,Right Side Center(RC),16-24 ft.,19,154,121,1,0,20181030,ORL,SAC,21800098457,19980,0,201585|1627741|1627786|1628412|1628963,0,REG,2019,1628964,6.0,C,Anchor Big,1.84,MISS Bagley III 20' Jump Shot,PF,Shot Creator,0.07,
Shot Chart Detail,21800098,531,1628963,Marvin Bagley III,1610612758,Sacramento Kings,4,7,54,Missed Shot,Layup Shot,2PT Field Goal,In The Paint (Non-RA),Center(C),Less Than 8 ft.,4,-5,43,1,0,20181030,ORL,SAC,21800098531,24060,0,1626161|1627741|1627786|1628368|1628963,0,REG,2019,1628964|203082|1626170,4.0,,,,,PF,Shot Creator,0.07,
Shot Chart Detail,21800114,85,1628963,Marvin Bagley III,1610612758,Sacramento Kings,1,5,9,Missed Shot,Hook Shot,2PT Field Goal,In The Paint (Non-RA),Center(C),Less Than 8 ft.,7,9,72,1,0,20181101,ATL,SAC,2180011485,4110,0,202697|1626161|1627741|1628368|1628963,0,REG,2019,1629016,1.0,PF,Helper,-0.45,MISS Bagley III 7' Hook Shot,PF,Shot Creator,0.07,
Shot Chart Detail,21800114,144,1628963,Marvin Bagley III,1610612758,Sacramento Kings,1,1,23,Made Shot,Tip Layup Shot,2PT Field Goal,Restricted Area,Center(C),Less Than 8 ft.,0,0,-6,1,1,20181101,ATL,SAC,21800114144,6370,0,201585|1627741|1628382|1628412|1628963,0,REG,2019,1629016,4.0,PF,Helper,-0.45,Bagley III 1' Tip Layup Shot (2 PTS),PF,Shot Creator,0.07,
Shot Chart Detail,21800114,192,1628963,Marvin Bagley III,1610612758,Sacramento Kings,2,11,10,Made Shot,Running Layup Shot,2PT Field Goal,Restricted Area,Center(C),Less Than 8 ft.,2,3,21,1,1,20181101,ATL,SAC,21800114192,7700,0,201585|1627741|1627812|1628382|1628963,1,REG,2019,203145,10.0,SG,Wing Stopper,-0.13,Bagley III 2' Running Layup (4 PTS) (Ferrell 1 AST),PF,Shot Creator,0.07,1627812.0
Shot Chart Detail,21800114,233,1628963,Marvin Bagley III,1610612758,Sacramento Kings,2,8,57,Made Shot,Jump Shot,2PT Field Goal,Mid-Range,Left Side(L),8-16 ft.,11,-116,21,1,1,20181101,ATL,SAC,21800114233,9030,0,1626161|1627812|1628368|1628382|1628963,1,REG,2019,1713,13.0,PF,Helper,-0.1,Bagley III 12' Jump Shot (6 PTS) (Jackson 3 AST),PF,Shot Creator,0.07,1628382.0
Shot Chart Detail,21800114,351,1628963,Marvin Bagley III,1610612758,Sacramento Kings,2,1,1,Missed Shot,Tip Layup Shot,2PT Field Goal,Restricted Area,Center(C),Less Than 8 ft.,0,0,-6,1,0,20181101,ATL,SAC,21800114351,13790,0,202357|202697|1627741|1628368|1628963,0,REG,2019,1627816,3.0,PF,Mobile Big,0.02,MISS Bagley III 1' Tip Layup Shot,PF,Shot Creator,0.07,
Shot Chart Detail,21800114,362,1628963,Marvin Bagley III,1610612758,Sacramento Kings,2,0,4,Made Shot,Running Dunk Shot,2PT Field Goal,Restricted Area,Center(C),Less Than 8 ft.,1,2,10,1,1,20181101,ATL,SAC,21800114362,14360,0,202357|202697|1627741|1628368|1628963,1,REG,2019,1628416,,SG,Low Activity,-1.0,Bagley III 1' Running Dunk (10 PTS) (Fox 10 AST),PF,Shot Creator,0.07,1628368.0
Shot Chart Detail,21800114,481,1628963,Marvin Bagley III,1610612758,Sacramento Kings,3,4,31,Made Shot,Reverse Layup Shot,2PT Field Goal,Restricted Area,Center(C),Less Than 8 ft.,2,-3,20,1,1,20181101,ATL,SAC,21800114481,18890,0,202697|1626161|1627741|1628368|1628963,1,REG,2019,202391,20.0,PG,Point of Attack,-0.76,Bagley III 2' Reverse Layup (12 PTS) (Hield 5 AST),PF,Shot Creator,0.07,1627741.0
Shot Chart Detail,21800114,615,1628963,Marvin Bagley III,1610612758,Sacramento Kings,4,10,32,Made Shot,Putback Layup Shot,2PT Field Goal,Restricted Area,Center(C),Less Than 8 ft.,1,-7,10,1,1,20181101,ATL,SAC,21800114615,22480,0,201585|1627812|1628382|1628412|1628963,0,REG,2019,203458,27.0,C,Anchor Big,0.28,Bagley III 1' Putback Layup (16 PTS),PF,Shot Creator,0.07,
Shot Chart Detail,21800114,666,1628963,Marvin Bagley III,1610612758,Sacramento Kings,4,7,35,Made Shot,Hook Shot,2PT Field Goal,In The Paint (Non-RA),Center(C),8-16 ft.,10,5,107,1,1,20181101,ATL,SAC,21800114666,24250,0,202357|1627741|1628368|1628382|1628963,0,REG,2019,1629016,26.0,PF,Helper,-0.45,Bagley III 11' Hook Shot (18 PTS),PF,Shot Creator,0.07,
Shot Chart Detail,21800114,669,1628963,Marvin Bagley III,1610612758,Sacramento Kings,4,7,20,Missed Shot,Running Layup Shot,2PT Field Goal,Restricted Area,Center(C),Less Than 8 ft.,2,-12,23,1,0,20181101,ATL,SAC,21800114669,24400,0,202357|1627741|1628368|1628382|1628963,0,REG,2019,1627761|1629016,26.0,,,,,PF,Shot Creator,0.07,
Shot Chart Detail,21800133,130,1628963,Marvin Bagley III,1610612758,Sacramento Kings,1,3,10,Made Shot,Driving Layup Shot,2PT Field Goal,Restricted Area,Center(C),Less Than 8 ft.,2,-5,20,1,1,20181104,MIL,SAC,21800133130,5300,0,201585|1627741|1628368|1628382|1628963,0,REG,2019,101141,-5.0,PF,Helper,0.75,Bagley III 2' Driving Layup (2 PTS),PF,Shot Creator,0.07,
Shot Chart Detail,21800133,132,1628963,Marvin Bagley III,1610612758,Sacramento Kings,1,2,51,Missed Shot,Hook Shot,2PT Field Goal,In The Paint (Non-RA),Center(C),8-16 ft.,8,0,81,1,0,20181104,MIL,SAC,21800133132,5490,0,201585|1627741|1628368|1628382|1628963,0,REG,2019,1628978,-7.0,SG,Chaser,-0.26,MISS Bagley III 8' Hook Shot,PF,Shot Creator,0.07,
Shot Chart Detail,21800133,137,1628963,Marvin Bagley III,1610612758,Sacramento Kings,1,2,17,Made Shot,Jump Shot,3PT Field Goal,Above the Break 3,Right Side Center(RC),24+ ft.,26,145,222,1,1,20181104,MIL,SAC,21800133137,5830,0,201585|1627741|1628368|1628382|1628963,1,REG,2019,101141,-7.0,PF,Helper,0.75,Bagley III 27' 3PT Jump Shot (5 PTS) (Fox 1 AST),PF,Shot Creator,0.07,1628368.0
Shot Chart Detail,21800133,157,1628963,Marvin Bagley III,1610612758,Sacramento Kings,1,0,49,Missed Shot,Jump Shot,3PT Field Goal,Above the Break 3,Center(C),24+ ft.,27,-71,265,1,0,20181104,MIL,SAC,21800133157,6710,0,201585|1627741|1628382|1628412|1628963,0,REG,2019,203507,-7.0,PF,Helper,3.11,MISS Bagley III 27' 3PT Jump Shot,PF,Shot Creator,0.07,
Shot Chart Detail,21800133,190,1628963,Marvin Bagley III,1610612758,Sacramento Kings,2,10,47,Missed Shot,Driving Layup Shot,2PT Field Goal,Restricted Area,Center(C),Less Than 8 ft.,1,4,11,1,0,20181104,MIL,SAC,21800133190,7930,0,201585|202697|1628382|1628412|1628963,0,REG,2019,203507,-15.0,PF,Helper,3.11,MISS Bagley III 1' Driving Layup,PF,Shot Creator,0.07,
Shot Chart Detail,21800133,343,1628963,Marvin Bagley III,1610612758,Sacramento Kings,2,0,37,Missed Shot,Hook Shot,2PT Field Goal,In The Paint (Non-RA),Center(C),Less Than 8 ft.,4,-19,36,1,0,20181104,MIL,SAC,21800133343,14030,0,202357|202697|1627741|1628368|1628963,0,REG,2019,203507,-24.0,PF,Helper,3.11,MISS Bagley III 4' Hook Shot,PF,Shot Creator,0.07,
Shot Chart Detail,21800133,519,1628963,Marvin Bagley III,1610612758,Sacramento Kings,3,3,10,Missed Shot,Jump Shot,3PT Field Goal,Above the Break 3,Center(C),24+ ft.,28,76,276,1,0,20181104,MIL,SAC,21800133519,19700,0,201585|1627786|1628382|1628412|1628963,0,REG,2019,203503,-23.0,SF,Low Activity,-0.53,MISS Bagley III 29' 3PT Jump Shot,PF,Shot Creator,0.07,
Shot Chart Detail,21800133,536,1628963,Marvin Bagley III,1610612758,Sacramento Kings,3,1,18,Made Shot,Putback Dunk Shot,2PT Field Goal,Restricted Area,Center(C),Less Than 8 ft.,0,1,1,1,1,20181104,MIL,SAC,21800133536,20820,0,201585|1627786|1628382|1628412|1628963,0,REG,2019,1628978,,SG,Chaser,-0.26,Bagley III Putback Dunk (10 PTS),PF,Shot Creator,0.07,
Shot Chart Detail,21800133,591,1628963,Marvin Bagley III,1610612758,Sacramento Kings,4,11,3,Missed Shot,Jump Shot,2PT Field Goal,Mid-Range,Left Side Center(LC),16-24 ft.,16,-86,141,1,0,20181104,MIL,SAC,21800133591,22170,0,202697|1627786|1628382|1628412|1628963,0,REG,2019,203089,-28.0,C,Anchor Big,0.22,MISS Bagley III 17' Jump Shot,PF,Shot Creator,0.07,
Shot Chart Detail,21800133,622,1628963,Marvin Bagley III,1610612758,Sacramento Kings,4,8,26,Missed Shot,Layup Shot,2PT Field Goal,In The Paint (Non-RA),Center(C),Less Than 8 ft.,5,24,52,1,0,20181104,MIL,SAC,21800133622,23740,0,1627812|1628382|1628385|1628412|1628963,0,REG,2019,203507,-25.0,PF,Helper,3.11,MISS Bagley III 6' Layup,PF,Shot Creator,0.07,
Shot Chart Detail,21800161,128,1628963,Marvin Bagley III,1610612758,Sacramento Kings,1,1,42,Made Shot,Running Layup Shot,2PT Field Goal,Restricted Area,Center(C),Less Than 8 ft.,1,16,8,1,1,20181107,SAC,TOR,21800161128,6180,0,201585|203992|1628382|1628412|1628963,1,REG,2019,200768,2.0,PG,Chaser,0.87,Bagley III 2' Running Layup (2 PTS) (Jackson 1 AST),PF,Shot Creator,0.07,1628382.0
Shot Chart Detail,21800161,176,1628963,Marvin Bagley III,1610612758,Sacramento Kings,2,10,38,Made Shot,Jump Shot,3PT Field Goal,Above the Break 3,Center(C),24+ ft.,25,79,247,1,1,20181107,SAC,TOR,21800161176,8020,0,201585|1627741|1628382|1628412|1628963,1,REG,2019,1627783,0.0,PF,Wing Stopper,0.93,Bagley III 26' 3PT Jump Shot (5 PTS) (Mason 2 AST),PF,Shot Creator,0.07,1628412.0
Shot Chart Detail,21800161,523,1628963,Marvin Bagley III,1610612758,Sacramento Kings,4,11,29,Made Shot,Turnaround Fadeaway Bank Jump Shot,2PT Field Goal,In The Paint (Non-RA),Center(C),Less Than 8 ft.,4,35,28,1,1,20181107,SAC,TOR,21800161523,21910,0,201585|203992|1627741|1627786|1628963,0,REG,2019,1627832,-14.0,PG,Point of Attack,0.05,Bagley III 4' Turnaround Fadeaway Bank Jump Shot (7 PTS),PF,Shot Creator,0.07,
Shot Chart Detail,21800161,525,1628963,Marvin Bagley III,1610612758,Sacramento Kings,4,10,57,Made Shot,Fadeaway Jump Shot,2PT Field Goal,Mid-Range,Right Side(R),8-16 ft.,11,111,32,1,1,20181107,SAC,TOR,21800161525,22230,0,201585|203992|1627741|1627786|1628963,0,REG,2019,1627783,,PF,Wing Stopper,0.93,Bagley III 12' Fadeaway Jumper (9 PTS),PF,Shot Creator,0.07,
Shot Chart Detail,21800161,552,1628963,Marvin Bagley III,1610612758,Sacramento Kings,4,8,49,Missed Shot,Jump Shot,2PT Field Goal,Mid-Range,Right Side(R),8-16 ft.,12,119,18,1,0,20181107,SAC,TOR,21800161552,23510,0,201585|203992|1627786|1628368|1628963,0,REG,2019,,,,,,,PF,Shot Creator,0.07,
Shot Chart Detail,21800161,559,1628963,Marvin Bagley III,1610612758,Sacramento Kings,4,7,54,Made Shot,Jump Bank Shot,2PT Field Goal,In The Paint (Non-RA),Center(C),Less Than 8 ft.,5,-57,15,1,1,20181107,SAC,TOR,21800161559,24060,0,201585|203992|1627786|1628368|1628963,0,REG,2019,,,,,,,PF,Shot Creator,0.07,
Shot Chart Detail,21800161,581,1628963,Marvin Bagley III,1610612758,Sacramento Kings,4,6,37,Missed Shot,Dunk Shot,2PT Field Goal,Restricted Area,Center(C),Less Than 8 ft.,3,-9,32,1,0,20181107,SAC,TOR,21800161581,24830,0,202357|1626161|1627786|1628368|1628963,0,REG,2019,,,,,,,PF,Shot Creator,0.07,
Shot Chart Detail,21800161,646,1628963,Marvin Bagley III,1610612758,Sacramento Kings,4,1,47,Missed Shot,Turnaround Hook Shot,2PT Field Goal,In The Paint (Non-RA),Center(C),Less Than 8 ft.,7,2,70,1,0,20181107,SAC,TOR,21800161646,27730,0,202697|1626161|1627741|1628368|1628963,0,REG,2019,1627783,-11.0,PF,Wing Stopper,0.93,MISS Bagley III 7' Turnaround Hook Shot,PF,Shot Creator,0.07,
Shot Chart Detail,21800173,42,1628963,Marvin Bagley III,1610612758,Sacramento Kings,1,8,48,Missed Shot,Fadeaway Jump Shot,2PT Field Goal,Mid-Range,Right Side(R),8-16 ft.,11,112,42,1,0,20181109,SAC,MIN,2180017342,1920,0,202697|1626161|1627741|1628368|1628963,0,REG,2019,201959,-8.0,PF,Mobile Big,0.03,MISS Bagley III 12' Fadeaway Jumper,PF,Shot Creator,0.07,
Shot Chart Detail,21800173,52,1628963,Marvin Bagley III,1610612758,Sacramento Kings,1,8,8,Missed Shot,Hook Shot,2PT Field Goal,In The Paint (Non-RA),Left Side(L),8-16 ft.,8,-73,41,1,0,20181109,SAC,MIN,2180017352,2320,0,202697|1626161|1627741|1628368|1628963,0,REG,2019,201959,-8.0,PF,Mobile Big,0.03,MISS Bagley III 8' Hook Shot,PF,Shot Creator,0.07,
Shot Chart Detail,21800173,64,1628963,Marvin Bagley III,1610612758,Sacramento Kings,1,7,4,Missed Shot,Jump Shot,3PT Field Goal,Above the Break 3,Left Side Center(LC),24+ ft.,24,-200,142,1,0,20181109,SAC,MIN,2180017364,2960,0,202697|1626161|1627741|1628368|1628963,0,REG,2019,201959,-10.0,PF,Mobile Big,0.03,MISS Bagley III 25' 3PT Jump Shot,PF,Shot Creator,0.07,
Shot Chart Detail,21800173,92,1628963,Marvin Bagley III,1610612758,Sacramento Kings,1,4,35,Made Shot,Dunk Shot,2PT Field Goal,Restricted Area,Center(C),Less Than 8 ft.,2,17,15,1,1,20181109,SAC,MIN,2180017392,4450,0,202697|1626161|1627741|1628368|1628963,1,REG,2019,201565,,PG,Chaser,-2.09,Bagley III 2' Dunk (2 PTS) (Fox 2 AST),PF,Shot Creator,0.07,1628368.0
Shot Chart Detail,21800173,529,1628963,Marvin Bagley III,1610612758,Sacramento Kings,3,1,2,Missed Shot,Driving Hook Shot,2PT Field Goal,In The Paint (Non-RA),Center(C),8-16 ft.,8,-39,74,1,0,20181109,SAC,MIN,21800173529,20980,0,201585|1627741|1627786|1628412|1628963,0,REG,2019,201229,9.0,PF,Low Activity,-0.44,MISS Bagley III 8' Driving Hook Shot,PF,Shot Creator,0.07,
Shot Chart Detail,21800173,543,1628963,Marvin Bagley III,1610612758,Sacramento Kings,3,0,25,Made Shot,Driving Layup Shot,2PT Field Goal,Restricted Area,Center(C),Less Than 8 ft.,2,20,13,1,1,20181109,SAC,MIN,21800173543,21350,0,201585|1627741|1627786|1628412|1628963,0,REG,2019,201229,11.0,PF,Low Activity,-0.44,Bagley III 2' Driving Layup (6 PTS),PF,Shot Creator,0.07,
Shot Chart Detail,21800173,577,1628963,Marvin Bagley III,1610612758,Sacramento Kings,4,9,46,Missed Shot,Driving Layup Shot,2PT Field Goal,Restricted Area,Center(C),Less Than 8 ft.,1,-13,12,1,0,20181109,SAC,MIN,21800173577,22940,0,1626161|1627741|1627786|1628412|1628963,0,REG,2019,201229,13.0,PF,Low Activity,-0.44,MISS Bagley III 2' Driving Layup,PF,Shot Creator,0.07,
Shot Chart Detail,21800183,146,1628963,Marvin Bagley III,1610612758,Sacramento Kings,1,2,4,Made Shot,Turnaround Hook Shot,2PT Field Goal,In The Paint (Non-RA),Center(C),Less Than 8 ft.,7,74,17,1,1,20181110,SAC,LAL,21800183146,5960,0,201585|203992|1627741|1628382|1628963,0,REG,2019,1627742,-6.0,SF,Wing Stopper,-1.13,Bagley III 8' Turnaround Hook Shot (3 PTS),PF,Shot Creator,0.07,
Shot Chart Detail,21800183,149,1628963,Marvin Bagley III,1610612758,Sacramento Kings,1,1,42,Made Shot,Running Finger Roll Layup Shot,2PT Field Goal,Restricted Area,Center(C),Less Than 8 ft.,1,-4,19,1,1,20181110,SAC,LAL,21800183149,6180,0,201585|203992|1627741|1628382|1628963,1,REG,2019,203484,-4.0,SG,Chaser,-1.12,Bagley III 2' Running Finger Roll Layup (5 PTS) (Hield 1 AST),PF,Shot Creator,0.07,1627741.0
Shot Chart Detail,21800183,181,1628963,Marvin Bagley III,1610612758,Sacramento Kings,2,11,42,Missed Shot,Hook Shot,2PT Field Goal,In The Paint (Non-RA),Center(C),Less Than 8 ft.,5,19,53,1,0,20181110,SAC,LAL,21800183181,7380,0,201585|1627741|1628368|1628382|1628963,0,REG,2019,1628404,-6.0,SG,Wing Stopper,0.34,MISS Bagley III 6' Hook Shot,PF,Shot Creator,0.07,
Shot Chart Detail,21800183,499,1628963,Marvin Bagley III,1610612758,Sacramento Kings,3,0,15,Missed Shot,Hook Shot,2PT Field Goal,In The Paint (Non-RA),Right Side(R),8-16 ft.,9,62,76,1,0,20181110,SAC,LAL,21800183499,21450,0,201585|203992|1627786|1628412|1628963,0,REG,2019,201580|1628404|1628398,-9.0,,,,,PF,Shot Creator,0.07,
Shot Chart Detail,21800183,512,1628963,Marvin Bagley III,1610612758,Sacramento Kings,4,11,24,Missed Shot,Driving Layup Shot,2PT Field Goal,Restricted Area,Center(C),Less Than 8 ft.,3,-30,21,1,0,20181110,SAC,LAL,21800183512,21960,0,201585|203992|1627786|1628412|1628963,0,REG,2019,201580|1628404,-14.0,,,,,PF,Shot Creator,0.07,
Shot Chart Detail,21800183,535,1628963,Marvin Bagley III,1610612758,Sacramento Kings,4,11,24,Missed Shot,Tip Layup Shot,2PT Field Goal,Restricted Area,Center(C),Less Than 8 ft.,2,-27,6,1,0,20181110,SAC,LAL,21800183535,21960,0,201585|203992|1627786|1628412|1628963,0,REG,2019,201580,-14.0,C,Anchor Big,1.29,MISS Bagley III 3' Tip Layup Shot,PF,Shot Creator,0.07,
Shot Chart Detail,21800183,567,1628963,Marvin Bagley III,1610612758,Sacramento Kings,4,8,20,Missed Shot,Fadeaway Jump Shot,2PT Field Goal,In The Paint (Non-RA),Center(C),8-16 ft.,10,-24,101,1,0,20181110,SAC,LAL,21800183567,23800,0,202697|1627741|1628368|1628412|1628963,0,REG,2019,201580,-17.0,C,Anchor Big,1.29,MISS Bagley III 10' Fadeaway Jumper,PF,Shot Creator,0.07,
Shot Chart Detail,21800183,577,1628963,Marvin Bagley III,1610612758,Sacramento Kings,4,7,33,Missed Shot,Jump Shot,2PT Field Goal,Mid-Range,Center(C),8-16 ft.,15,35,154,1,0,20181110,SAC,LAL,21800183577,24270,0,202697|1627741|1628368|1628382|1628963,0,REG,2019,2199,-20.0,C,Anchor Big,1.28,MISS Bagley III 16' Jump Shot,PF,Shot Creator,0.07,
Shot Chart Detail,21800183,593,1628963,Marvin Bagley III,1610612758,Sacramento Kings,4,6,38,Made Shot,Running Layup Shot,2PT Field Goal,Restricted Area,Center(C),Less Than 8 ft.,1,-11,11,1,1,20181110,SAC,LAL,21800183593,24820,0,202697|1627741|1628368|1628382|1628963,0,REG,2019,200765,-18.0,PG,Chaser,-0.76,Bagley III 2' Running Layup (7 PTS),PF,Shot Creator,0.07,
Shot Chart Detail,21800183,604,1628963,Marvin Bagley III,1610612758,Sacramento Kings,4,6,3,Made Shot,Turnaround Hook Shot,2PT Field Goal,In The Paint (Non-RA),Center(C),Less Than 8 ft.,5,-51,21,1,1,20181110,SAC,LAL,21800183604,25170,0,202697|1627741|1628368|1628382|1628963,0,REG,2019,2199,-16.0,C,Anchor Big,1.28,Bagley III 6' Turnaround Hook Shot (9 PTS),PF,Shot Creator,0.07,
Shot Chart Detail,21800183,626,1628963,Marvin Bagley III,1610612758,Sacramento Kings,4,4,45,Made Shot,Running Dunk Shot,2PT Field Goal,Restricted Area,Center(C),Less Than 8 ft.,1,-7,11,1,1,20181110,SAC,LAL,21800183626,25950,0,202697|1627741|1628368|1628382|1628963,1,REG,2019,2199,,C,Anchor Big,1.28,Bagley III 1' Running Dunk (11 PTS) (Hield 2 AST),PF,Shot Creator,0.07,1627741.0
Shot Chart Detail,21800183,682,1628963,Marvin Bagley III,1610612758,Sacramento Kings,4,1,31,Missed Shot,Jump Shot,2PT Field Goal,Mid-Range,Center(C),16-24 ft.,19,48,190,1,0,20181110,SAC,LAL,21800183682,27890,0,1627786|1628382|1628385|1628412|1628963,0,REG,2019,1628404,-16.0,SG,Wing Stopper,0.34,MISS Bagley III 20' Jump Shot,PF,Shot Creator,0.07,
Shot Chart Detail,21800197,153,1628963,Marvin Bagley III,1610612758,Sacramento Kings,2,10,38,Missed Shot,Jump Shot,3PT Field Goal,Above the Break 3,Center(C),24+ ft.,25,25,249,1,0,20181112,SAC,SAS,21800197153,8020,0,203992|1628382|1628385|1628412|1628963,0,REG,2019,200752,2.0,PF,Wing Stopper,0.72,MISS Bagley III 25' 3PT Jump Shot,PF,Shot Creator,0.07,
Shot Chart Detail,21800197,216,1628963,Marvin Bagley III,1610612758,Sacramento Kings,2,5,32,Missed Shot,Driving Hook Shot,2PT Field Goal,In The Paint (Non-RA),Center(C),Less Than 8 ft.,7,-14,75,1,0,20181112,SAC,SAS,21800197216,11080,0,203992|1626161|1628382|1628412|1628963,0,REG,2019,1628401,7.0,PG,Point of Attack,1.44,MISS Bagley III 8' Driving Hook Shot,PF,Shot Creator,0.07,
Shot Chart Detail,21800197,220,1628963,Marvin Bagley III,1610612758,Sacramento Kings,2,5,16,Made Shot,Alley Oop Dunk Shot,2PT Field Goal,Restricted Area,Center(C),Less Than 8 ft.,1,-7,13,1,1,20181112,SAC,SAS,21800197220,11240,0,203992|1626161|1628382|1628412|1628963,1,REG,2019,201942,,SG,Chaser,0.55,Bagley III 1' Alley Oop Dunk (2 PTS) (Mason 4 AST),PF,Shot Creator,0.07,1628412.0
Shot Chart Detail,21800197,381,1628963,Marvin Bagley III,1610612758,Sacramento Kings,3,5,1,Missed Shot,Fadeaway Jump Shot,2PT Field Goal,In The Paint (Non-RA),Right Side(R),8-16 ft.,10,62,83,1,0,20181112,SAC,SAS,21800197381,18590,0,202697|203992|1626161|1628368|1628963,0,REG,2019,201158,3.0,SG,Low Activity,-1.18,MISS Bagley III 10' Fadeaway Jumper,PF,Shot Creator,0.07,
Shot Chart Detail,21800197,389,1628963,Marvin Bagley III,1610612758,Sacramento Kings,3,4,19,Missed Shot,Jump Shot,3PT Field Goal,Above the Break 3,Left Side Center(LC),24+ ft.,24,-174,176,1,0,20181112,SAC,SAS,21800197389,19010,0,202697|203992|1626161|1628368|1628963,0,REG,2019,201158,3.0,SG,Low Activity,-1.18,MISS Bagley III 25' 3PT Jump Shot,PF,Shot Creator,0.07,
Shot Chart Detail,21800197,411,1628963,Marvin Bagley III,1610612758,Sacramento Kings,3,3,7,Missed Shot,Tip Layup Shot,2PT Field Goal,Restricted Area,Center(C),Less Than 8 ft.,0,0,-6,1,0,20181112,SAC,SAS,21800197411,19730,0,203992|1626161|1628382|1628412|1628963,0,REG,2019,201942,4.0,SG,Chaser,0.55,MISS Bagley III 1' Tip Layup Shot,PF,Shot Creator,0.07,
Shot Chart Detail,21800197,413,1628963,Marvin Bagley III,1610612758,Sacramento Kings,3,3,7,Made Shot,Layup Shot,2PT Field Goal,Restricted Area,Center(C),Less Than 8 ft.,2,-20,19,1,1,20181112,SAC,SAS,21800197413,19730,0,203992|1626161|1628382|1628412|1628963,0,REG,2019,201942|201988,6.0,,,,,PF,Shot Creator,0.07,
Shot Chart Detail,21800197,427,1628963,Marvin Bagley III,1610612758,Sacramento Kings,3,1,56,Made Shot,Alley Oop Dunk Shot,2PT Field Goal,Restricted Area,Center(C),Less Than 8 ft.,1,-16,6,1,1,20181112,SAC,SAS,21800197427,20440,0,203992|1628382|1628385|1628412|1628963,1,REG,2019,201988,,PG,Point of Attack,-1.03,Bagley III 2' Alley Oop Dunk (7 PTS) (Bogdanovic 3 AST),PF,Shot Creator,0.07,203992.0
Shot Chart Detail,21800197,509,1628963,Marvin Bagley III,1610612758,Sacramento Kings,4,8,1,Missed Shot,Layup Shot,2PT Field Goal,Restricted Area,Center(C),Less Than 8 ft.,3,-30,21,1,0,20181112,SAC,SAS,21800197509,23990,0,203992|1627741|1628368|1628385|1628963,0,REG,2019,201942|200746,4.0,,,,,PF,Shot Creator,0.07,
Shot Chart Detail,21800220,178,1628963,Marvin Bagley III,1610612758,Sacramento Kings,2,10,21,Missed Shot,Layup Shot,2PT Field Goal,Restricted Area,Center(C),Less Than 8 ft.,1,-9,5,1,0,20181116,MEM,SAC,21800220178,8190,0,202357|203992|1627741|1628412|1628963,0,REG,2019,1628991,-3.0,PF,Helper,1.03,Jackson Jr. BLOCK (1 BLK),PF,Shot Creator,0.07,
Shot Chart Detail,21800220,197,1628963,Marvin Bagley III,1610612758,Sacramento Kings,2,8,39,Made Shot,Turnaround Hook Shot,2PT Field Goal,In The Paint (Non-RA),Center(C),Less Than 8 ft.,5,-23,54,1,1,20181116,MEM,SAC,21800220197,9210,0,203992|1626161|1627741|1628412|1628963,1,REG,2019,1628991,-3.0,PF,Helper,1.03,Bagley III 6' Turnaround Hook Shot (4 PTS) (Hield 2 AST),PF,Shot Creator,0.07,1627741.0
Shot Chart Detail,21800220,247,1628963,Marvin Bagley III,1610612758,Sacramento Kings,2,4,54,Missed Shot,Jump Shot,3PT Field Goal,Above the Break 3,Left Side Center(LC),24+ ft.,26,-128,232,1,0,20181116,MEM,SAC,21800220247,11460,0,202697|1626161|1627741|1628368|1628963,0,REG,2019,203937,-3.0,SF,Wing Stopper,0.93,MISS Bagley III 26' 3PT Jump Shot,PF,Shot Creator,0.07,
Shot Chart Detail,21800231,92,1628963,Marvin Bagley III,1610612758,Sacramento Kings,1,5,2,Made Shot,Cutting Dunk Shot,2PT Field Goal,Restricted Area,Center(C),Less Than 8 ft.,1,7,16,1,1,20181117,HOU,SAC,2180023192,4180,0,202697|203992|1627786|1628368|1628963,1,REG,2019,1629109,-7.0,PF,Helper,-0.32,Bagley III 2' Cutting Dunk Shot (2 PTS) (Bogdanovic 1 AST),PF,Shot Creator,0.07,203992.0
Shot Chart Detail,21800231,106,1628963,Marvin Bagley III,1610612758,Sacramento Kings,1,3,39,Made Shot,Cutting Dunk Shot,2PT Field Goal,Restricted Area,Center(C),Less Than 8 ft.,1,-9,11,1,1,20181117,HOU,SAC,21800231106,5010,0,202697|203992|1627786|1628368|1628963,1,REG,2019,101123,-1.0,SG,Low Activity,-2.3,Bagley III 1' Cutting Dunk Shot (4 PTS) (Fox 1 AST),PF,Shot Creator,0.07,1628368.0
Shot Chart Detail,21800231,146,1628963,Marvin Bagley III,1610612758,Sacramento Kings,1,1,7,Made Shot,Hook Shot,2PT Field Goal,In The Paint (Non-RA),Center(C),Less Than 8 ft.,4,44,11,1,1,20181117,HOU,SAC,21800231146,6530,0,203992|1627786|1627812|1628382|1628963,0,REG,2019,201569,-2.0,SG,Chaser,-1.07,Bagley III 5' Hook Shot (6 PTS),PF,Shot Creator,0.07,
Shot Chart Detail,21800231,272,1628963,Marvin Bagley III,1610612758,Sacramento Kings,2,3,15,Made Shot,Dunk Shot,2PT Field Goal,Restricted Area,Center(C),Less Than 8 ft.,0,-4,6,1,1,20181117,HOU,SAC,21800231272,12450,0,202697|1626161|1627741|1628368|1628963,0,REG,2019,101108,,PG,Chaser,1.08,Bagley III 1' Dunk (9 PTS),PF,Shot Creator,0.07,
Shot Chart Detail,21800231,418,1628963,Marvin Bagley III,1610612758,Sacramento Kings,3,4,34,Missed Shot,Jump Shot,2PT Field Goal,In The Paint (Non-RA),Center(C),8-16 ft.,8,4,80,1,0,20181117,HOU,SAC,21800231418,18860,0,202357|203992|1627741|1628368|1628963,0,REG,2019,200782,-18.0,PF,Wing Stopper,1.5,Clark BLOCK (2 BLK),PF,Shot Creator,0.07,
Shot Chart Detail,21800231,429,1628963,Marvin Bagley III,1610612758,Sacramento Kings,3,4,15,Missed Shot,Jump Shot,3PT Field Goal,Above the Break 3,Right Side Center(RC),24+ ft.,26,144,221,1,0,20181117,HOU,SAC,21800231429,19050,0,203992|1627741|1628368|1628382|1628963,0,REG,2019,201569,-21.0,SG,Chaser,-1.07,MISS Bagley III 26' 3PT Jump Shot,PF,Shot Creator,0.07,
Shot Chart Detail,21800231,462,1628963,Marvin Bagley III,1610612758,Sacramento Kings,3,1,40,Made Shot,Reverse Dunk Shot,2PT Field Goal,Restricted Area,Center(C),Less Than 8 ft.,1,14,0,1,1,20181117,HOU,SAC,21800231462,20600,0,203992|1627741|1628382|1628412|1628963,0,REG,2019,1629109,,PF,Helper,-0.32,Bagley III 1' Reverse Dunk (11 PTS),PF,Shot Creator,0.07,
Shot Chart Detail,21800231,476,1628963,Marvin Bagley III,1610612758,Sacramento Kings,3,0,27,Made Shot,Jump Shot,2PT Field Goal,Mid-Range,Right Side(R),16-24 ft.,16,133,90,1,1,20181117,HOU,SAC,21800231476,21330,0,203992|1627741|1628382|1628412|1628963,0,REG,2019,101108,-20.0,PG,Chaser,1.08,Bagley III 16' Jump Shot (14 PTS),PF,Shot Creator,0.07,
Shot Chart Detail,21800231,542,1628963,Marvin Bagley III,1610612758,Sacramento Kings,4,7,41,Missed Shot,Pullup Jump shot,2PT Field Goal,Mid-Range,Right Side(R),8-16 ft.,14,117,83,1,0,20181117,HOU,SAC,21800231542,24190,0,1627786|1627812|1628382|1628412|1628963,0,REG,2019,203991,-21.0,C,Mobile Big,0.71,MISS Bagley III 14' Pullup Jump Shot,PF,Shot Creator,0.07,
Shot Chart Detail,21800231,546,1628963,Marvin Bagley III,1610612758,Sacramento Kings,4,7,10,Made Shot,Driving Layup Shot,2PT Field Goal,Restricted Area,Center(C),Less Than 8 ft.,3,-25,29,1,1,20181117,HOU,SAC,21800231546,24500,0,1627786|1627812|1628382|1628412|1628963,1,REG,2019,101108,-19.0,PG,Chaser,1.08,Bagley III 4' Driving Layup (16 PTS) (Ferrell 1 AST),PF,Shot Creator,0.07,1627812.0
Shot Chart Detail,21800247,189,1628963,Marvin Bagley III,1610612758,Sacramento Kings,2,10,29,Missed Shot,Jump Shot,3PT Field Goal,Above the Break 3,Right Side Center(RC),24+ ft.,26,136,224,1,0,20181119,SAC,OKC,21800247189,8110,0,203992|1627741|1628385|1628412|1628963,0,REG,2019,1629126,11.0,,,,MISS Bagley III 26' 3PT Jump Shot,PF,Shot Creator,0.07,
Shot Chart Detail,21800247,216,1628963,Marvin Bagley III,1610612758,Sacramento Kings,2,8,28,Missed Shot,Jump Shot,2PT Field Goal,Mid-Range,Left Side(L),8-16 ft.,12,-127,9,1,0,20181119,SAC,OKC,21800247216,9320,0,202357|202697|203992|1628368|1628963,0,REG,2019,202335,12.0,PF,Helper,-1.21,MISS Bagley III 13' Jump Shot,PF,Shot Creator,0.07,
Shot Chart Detail,21800247,502,1628963,Marvin Bagley III,1610612758,Sacramento Kings,3,1,9,Missed Shot,Hook Shot,2PT Field Goal,In The Paint (Non-RA),Center(C),Less Than 8 ft.,5,-43,28,1,0,20181119,SAC,OKC,21800247502,20910,0,203992|1628382|1628385|1628412|1628963,0,REG,2019,203924,-2.0,PF,Helper,1.46,MISS Bagley III 5' Hook Shot,PF,Shot Creator,0.07,
Shot Chart Detail,21800247,538,1628963,Marvin Bagley III,1610612758,Sacramento Kings,4,11,14,Made Shot,Dunk Shot,2PT Field Goal,Restricted Area,Center(C),Less Than 8 ft.,1,14,8,1,1,20181119,SAC,OKC,21800247538,22060,0,203992|1628382|1628385|1628412|1628963,1,REG,2019,1629126,,,,,Bagley III 2' Dunk (5 PTS) (Giles III 1 AST),PF,Shot Creator,0.07,1628385.0
Shot Chart Detail,21800247,543,1628963,Marvin Bagley III,1610612758,Sacramento Kings,4,10,35,Missed Shot,Turnaround Jump Shot,2PT Field Goal,In The Paint (Non-RA),Center(C),8-16 ft.,10,9,104,1,0,20181119,SAC,OKC,21800247543,22450,0,203992|1628382|1628385|1628412|1628963,0,REG,2019,203924,4.0,PF,Helper,1.46,MISS Bagley III 10' Turnaround Jump Shot,PF,Shot Creator,0.07,
Shot Chart Detail,21800247,552,1628963,Marvin Bagley III,1610612758,Sacramento Kings,4,9,55,Made Shot,Hook Shot,2PT Field Goal,In The Paint (Non-RA),Center(C),Less Than 8 ft.,5,-57,15,1,1,20181119,SAC,OKC,21800247552,22850,0,203992|1628382|1628385|1628412|1628963,1,REG,2019,203471,6.0,PG,Point of Attack,-1.32,Bagley III 6' Hook Shot (7 PTS) (Jackson 1 AST),PF,Shot Creator,0.07,1628382.0
Shot Chart Detail,21800247,600,1628963,Marvin Bagley III,1610612758,Sacramento Kings,4,6,26,Made Shot,Reverse Dunk Shot,2PT Field Goal,Restricted Area,Center(C),Less Than 8 ft.,1,-9,15,1,1,20181119,SAC,OKC,21800247600,24940,0,202697|1626161|1627741|1628368|1628963,1,REG,2019,201566,,PG,Point of Attack,1.02,Bagley III 2' Reverse Dunk (9 PTS) (Hield 2 AST),PF,Shot Creator,0.07,1627741.0
Shot Chart Detail,21800247,607,1628963,Marvin Bagley III,1610612758,Sacramento Kings,4,5,36,Made Shot,Hook Shot,2PT Field Goal,In The Paint (Non-RA),Left Side(L),8-16 ft.,8,-79,25,1,1,20181119,SAC,OKC,21800247607,25440,0,202697|1626161|1627741|1628368|1628963,0,REG,2019,203924,5.0,PF,Helper,1.46,Bagley III 8' Hook Shot (11 PTS),PF,Shot Creator,0.07,
Shot Chart Detail,21800247,641,1628963,Marvin Bagley III,1610612758,Sacramento Kings,4,2,23,Made Shot,Layup Shot,2PT Field Goal,Restricted Area,Center(C),Less Than 8 ft.,3,25,18,1,1,20181119,SAC,OKC,21800247641,27370,0,202697|1626161|1627741|1628368|1628963,1,REG,2019,203471,10.0,PG,Point of Attack,-1.32,Bagley III 3' Layup (13 PTS) (Fox 13 AST),PF,Shot Creator,0.07,1628368.0
Shot Chart Detail,21800247,666,1628963,Marvin Bagley III,1610612758,Sacramento Kings,4,0,50,Missed Shot,Hook Shot,2PT Field Goal,Restricted Area,Center(C),Less Than 8 ft.,2,24,8,1,0,20181119,SAC,OKC,21800247666,28300,0,203992|1626161|1627741|1628368|1628963,0,REG,2019,203471,7.0,PG,Point of Attack,-1.32,MISS Bagley III 3' Hook Shot,PF,Shot Creator,0.07,
Shot Chart Detail,21800247,668,1628963,Marvin Bagley III,1610612758,Sacramento Kings,4,0,50,Made Shot,Putback Layup Shot,2PT Field Goal,Restricted Area,Center(C),Less Than 8 ft.,2,19,18,1,1,20181119,SAC,OKC,21800247668,28300,0,203992|1626161|1627741|1628368|1628963,0,REG,2019,203471,9.0,PG,Point of Attack,-1.32,Bagley III 3' Putback Layup (15 PTS),PF,Shot Creator,0.07,
Shot Chart Detail,21800263,68,1628963,Marvin Bagley III,1610612758,Sacramento Kings,1,7,40,Made Shot,Driving Dunk Shot,2PT Field Goal,Restricted Area,Center(C),Less Than 8 ft.,2,-21,20,1,1,20181121,UTA,SAC,2180026368,2600,0,202697|1626161|1627741|1628368|1628963,1,REG,2019,203109,,SF,Helper,0.0,Bagley III 3' Driving Dunk (2 PTS) (Fox 5 AST),PF,Shot Creator,0.07,1628368.0
Shot Chart Detail,21800263,104,1628963,Marvin Bagley III,1610612758,Sacramento Kings,1,5,29,Made Shot,Layup Shot,2PT Field Goal,Restricted Area,Center(C),Less Than 8 ft.,1,1,16,1,1,20181121,UTA,SAC,21800263104,3910,0,202697|1626161|1627741|1628368|1628963,1,REG,2019,203497,14.0,C,Anchor Big,3.51,Bagley III 2' Layup (5 PTS) (Shumpert 2 AST),PF,Shot Creator,0.07,202697.0
Shot Chart Detail,21800263,125,1628963,Marvin Bagley III,1610612758,Sacramento Kings,1,4,0,Missed Shot,Turnaround Jump Shot,2PT Field Goal,In The Paint (Non-RA),Center(C),8-16 ft.,10,18,101,1,0,20181121,UTA,SAC,21800263125,4800,0,202697|203992|1626161|1628368|1628963,0,REG,2019,203109,8.0,SF,Helper,0.0,MISS Bagley III 10' Turnaround Jump Shot,PF,Shot Creator,0.07,
Shot Chart Detail,21800263,175,1628963,Marvin Bagley III,1610612758,Sacramento Kings,1,0,45,Made Shot,Pullup Jump shot,2PT Field Goal,In The Paint (Non-RA),Center(C),8-16 ft.,10,46,93,1,1,20181121,UTA,SAC,21800263175,6750,0,202357|203992|1628382|1628412|1628963,0,REG,2019,202324,11.0,C,Anchor Big,2.1,Bagley III 10' Pullup Jump Shot (7 PTS),PF,Shot Creator,0.07,
Shot Chart Detail,21800263,194,1628963,Marvin Bagley III,1610612758,Sacramento Kings,2,11,44,Made Shot,Jump Shot,2PT Field Goal,Mid-Range,Center(C),8-16 ft.,14,6,146,1,1,20181121,UTA,SAC,21800263194,7360,0,202357|203992|1628382|1628412|1628963,1,REG,2019,203957,13.0,PG,Point of Attack,-0.46,Bagley III 15' Jump Shot (9 PTS) (Bogdanovic 1 AST),PF,Shot Creator,0.07,203992.0
Shot Chart Detail,21800263,282,1628963,Marvin Bagley III,1610612758,Sacramento Kings,2,6,2,Missed Shot,Jump Shot,2PT Field Goal,Mid-Range,Left Side(L),8-16 ft.,11,-114,30,1,0,20181121,UTA,SAC,21800263282,10780,0,202697|1626161|1627741|1628368|1628963,0,REG,2019,203497,5.0,C,Anchor Big,3.51,MISS Bagley III 12' Jump Shot,PF,Shot Creator,0.07,
Shot Chart Detail,21800263,333,1628963,Marvin Bagley III,1610612758,Sacramento Kings,2,2,23,Missed Shot,Alley Oop Layup shot,2PT Field Goal,Restricted Area,Center(C),Less Than 8 ft.,1,-4,13,1,0,20181121,UTA,SAC,21800263333,12970,0,202697|203992|1626161|1628368|1628963,0,REG,2019,203109,4.0,SF,Helper,0.0,MISS Bagley III 1' Alley Oop Layup,PF,Shot Creator,0.07,
Shot Chart Detail,21800263,337,1628963,Marvin Bagley III,1610612758,Sacramento Kings,2,2,1,Made Shot,Turnaround Jump Shot,2PT Field Goal,In The Paint (Non-RA),Right Side(R),8-16 ft.,8,54,62,1,1,20181121,UTA,SAC,21800263337,13190,0,202697|203992|1626161|1628368|1628963,0,REG,2019,1628378,6.0,SG,Chaser,0.18,Bagley III 8' Turnaround Jump Shot (11 PTS),PF,Shot Creator,0.07,
Shot Chart Detail,21800263,536,1628963,Marvin Bagley III,1610612758,Sacramento Kings,4,11,35,Missed Shot,Layup Shot,2PT Field Goal,In The Paint (Non-RA),Center(C),Less Than 8 ft.,4,-47,7,1,0,20181121,UTA,SAC,21800263536,21850,0,203992|1627741|1628382|1628385|1628963,0,REG,2019,202324,1.0,C,Anchor Big,2.1,MISS Bagley III 5' Layup,PF,Shot Creator,0.07,
Shot Chart Detail,21800285,92,1628963,Marvin Bagley III,1610612758,Sacramento Kings,1,5,9,Missed Shot,Jump Shot,2PT Field Goal,In The Paint (Non-RA),Center(C),Less Than 8 ft.,7,-67,24,1,0,20181124,GSW,SAC,2180028592,4110,0,202357|203992|1627741|1628368|1628963,0,REG,2019,1627745,-5.0,C,Mobile Big,1.17,MISS Bagley III 7' Jump Shot,PF,Shot Creator,0.07,
Shot Chart Detail,21800285,115,1628963,Marvin Bagley III,1610612758,Sacramento Kings,1,4,4,Made Shot,Putback Dunk Shot,2PT Field Goal,Restricted Area,Center(C),Less Than 8 ft.,0,0,-6,1,1,20181124,GSW,SAC,21800285115,4760,0,202357|203992|1627741|1628368|1628963,0,REG,2019,2733,,PG,Point of Attack,-0.64,Bagley III 1' Putback Dunk (4 PTS),PF,Shot Creator,0.07,
Shot Chart Detail,21800285,122,1628963,Marvin Bagley III,1610612758,Sacramento Kings,1,3,21,Made Shot,Turnaround Jump Shot,2PT Field Goal,Mid-Range,Left Side(L),8-16 ft.,10,-109,-7,1,1,20181124,GSW,SAC,21800285122,5190,0,202357|203992|1627741|1628368|1628963,1,REG,2019,1626172,-1.0,C,Mobile Big,0.26,Bagley III 11' Turnaround Jump Shot (6 PTS) (Hield 1 AST),PF,Shot Creator,0.07,1627741.0
Shot Chart Detail,21800285,158,1628963,Marvin Bagley III,1610612758,Sacramento Kings,1,1,29,Missed Shot,Layup Shot,2PT Field Goal,Restricted Area,Center(C),Less Than 8 ft.,3,-21,24,1,0,20181124,GSW,SAC,21800285158,6310,0,203992|1627786|1628382|1628412|1628963,0,REG,2019,1626172,2.0,C,Mobile Big,0.26,MISS Bagley III 3' Layup,PF,Shot Creator,0.07,
Shot Chart Detail,21800285,164,1628963,Marvin Bagley III,1610612758,Sacramento Kings,1,0,55,Missed Shot,Turnaround Jump Shot,2PT Field Goal,Mid-Range,Left Side(L),8-16 ft.,11,-113,25,1,0,20181124,GSW,SAC,21800285164,6650,0,203992|1627786|1628382|1628412|1628963,0,REG,2019,1626172,-0.0,C,Mobile Big,0.26,MISS Bagley III 12' Turnaround Jump Shot,PF,Shot Creator,0.07,
Shot Chart Detail,21800285,170,1628963,Marvin Bagley III,1610612758,Sacramento Kings,1,0,31,Missed Shot,Reverse Dunk Shot,2PT Field Goal,Restricted Area,Center(C),Less Than 8 ft.,2,-2,21,1,0,20181124,GSW,SAC,21800285170,6890,0,203992|1627786|1628382|1628412|1628963,0,REG,2019,1626172,-2.0,C,Mobile Big,0.26,MISS Bagley III 2' Reverse Dunk,PF,Shot Creator,0.07,
Shot Chart Detail,21800285,172,1628963,Marvin Bagley III,1610612758,Sacramento Kings,1,0,27,Missed Shot,Driving Hook Shot,2PT Field Goal,In The Paint (Non-RA),Center(C),8-16 ft.,8,0,88,1,0,20181124,GSW,SAC,21800285172,6930,0,203992|1627786|1628382|1628412|1628963,0,REG,2019,1626172,-2.0,C,Mobile Big,0.26,MISS Bagley III 9' Driving Hook Shot,PF,Shot Creator,0.07,
Shot Chart Detail,21800285,208,1628963,Marvin Bagley III,1610612758,Sacramento Kings,2,10,31,Missed Shot,Turnaround Hook Shot,2PT Field Goal,In The Paint (Non-RA),Center(C),Less Than 8 ft.,5,-38,35,1,0,20181124,GSW,SAC,21800285208,8090,0,202697|1627786|1628382|1628412|1628963,0,REG,2019,201142,-3.0,SF,Wing Stopper,0.84,MISS Bagley III 5' Turnaround Hook Shot,PF,Shot Creator,0.07,
Shot Chart Detail,21800285,218,1628963,Marvin Bagley III,1610612758,Sacramento Kings,2,9,44,Made Shot,Putback Layup Shot,2PT Field Goal,Restricted Area,Center(C),Less Than 8 ft.,2,0,20,1,1,20181124,GSW,SAC,21800285218,8560,0,202697|1627786|1628382|1628412|1628963,0,REG,2019,201142,-3.0,SF,Wing Stopper,0.84,Bagley III 2' Putback Layup (10 PTS),PF,Shot Creator,0.07,
Shot Chart Detail,21800285,315,1628963,Marvin Bagley III,1610612758,Sacramento Kings,2,3,23,Made Shot,Dunk Shot,2PT Field Goal,Restricted Area,Center(C),Less Than 8 ft.,1,-3,11,1,1,20181124,GSW,SAC,21800285315,12370,0,202697|203992|1627741|1628368|1628963,1,REG,2019,1627814|1626188,,,,,,PF,Shot Creator,0.07,1628368.0
Shot Chart Detail,21800285,440,1628963,Marvin Bagley III,1610612758,Sacramento Kings,3,6,55,Made Shot,Pullup Jump shot,2PT Field Goal,Mid-Range,Center(C),16-24 ft.,18,-14,183,1,1,20181124,GSW,SAC,21800285440,17450,0,202697|203992|1626161|1628368|1628963,1,REG,2019,2738,-3.0,SF,Wing Stopper,1.39,Bagley III 18' Pullup Jump Shot (14 PTS) (Fox 7 AST),PF,Shot Creator,0.07,1628368.0
Shot Chart Detail,21800285,450,1628963,Marvin Bagley III,1610612758,Sacramento Kings,3,6,6,Made Shot,Turnaround Hook Shot,2PT Field Goal,In The Paint (Non-RA),Center(C),Less Than 8 ft.,4,-5,47,1,1,20181124,GSW,SAC,21800285450,17940,0,202697|203992|1626161|1628368|1628963,1,REG,2019,201142,-3.0,SF,Wing Stopper,0.84,Bagley III 5' Turnaround Hook Shot (16 PTS) (Fox 8 AST),PF,Shot Creator,0.07,1628368.0
Shot Chart Detail,21800285,590,1628963,Marvin Bagley III,1610612758,Sacramento Kings,4,8,20,Made Shot,Layup Shot,2PT Field Goal,Restricted Area,Center(C),Less Than 8 ft.,2,-22,15,1,1,20181124,GSW,SAC,21800285590,23800,0,203992|1627741|1628382|1628385|1628963,1,REG,2019,1628395,2.0,C,Mobile Big,0.75,Bagley III 3' Layup (19 PTS) (Giles III 3 AST),PF,Shot Creator,0.07,1628385.0
Shot Chart Detail,21800285,640,1628963,Marvin Bagley III,1610612758,Sacramento Kings,4,4,43,Missed Shot,Jump Shot,2PT Field Goal,Mid-Range,Center(C),16-24 ft.,16,-9,163,1,0,20181124,GSW,SAC,21800285640,25970,0,202697|1626161|1627741|1628368|1628963,0,REG,2019,201142,-3.0,SF,Wing Stopper,0.84,MISS Bagley III 16' Jump Shot,PF,Shot Creator,0.07,
Shot Chart Detail,21800285,708,1628963,Marvin Bagley III,1610612758,Sacramento Kings,4,0,3,Missed Shot,Tip Layup Shot,2PT Field Goal,Restricted Area,Center(C),Less Than 8 ft.,0,0,-6,1,0,20181124,GSW,SAC,21800285708,28770,0,202697|1626161|1627741|1628368|1628963,0,REG,2019,201142,-1.0,SF,Wing Stopper,0.84,MISS Bagley III 1' Tip Layup Shot,PF,Shot Creator,0.07,
Shot Chart Detail,21800292,131,1628963,Marvin Bagley III,1610612758,Sacramento Kings,1,1,41,Missed Shot,Jump Shot,3PT Field Goal,Above the Break 3,Center(C),24+ ft.,25,-16,254,1,0,20181125,SAC,UTA,21800292131,6190,0,1627741|1628368|1628382|1628385|1628963,0,REG,2019,202324,-3.0,C,Anchor Big,2.1,MISS Bagley III 25' 3PT Jump Shot,PF,Shot Creator,0.07,
Shot Chart Detail,21800292,333,1628963,Marvin Bagley III,1610612758,Sacramento Kings,2,1,49,Made Shot,Driving Layup Shot,2PT Field Goal,In The Paint (Non-RA),Center(C),Less Than 8 ft.,6,69,2,1,1,20181125,SAC,UTA,21800292333,13310,0,202357|203992|1627741|1628412|1628963,0,REG,2019,203497,-5.0,C,Anchor Big,3.51,Bagley III 7' Driving Layup (6 PTS),PF,Shot Creator,0.07,
Shot Chart Detail,21800292,491,1628963,Marvin Bagley III,1610612758,Sacramento Kings,3,3,56,Made Shot,Cutting Layup Shot,2PT Field Goal,Restricted Area,Center(C),Less Than 8 ft.,2,-26,5,1,1,20181125,SAC,UTA,21800292491,19240,0,203992|1628368|1628382|1628385|1628963,1,REG,2019,202324,-8.0,C,Anchor Big,2.1,Bagley III 3' Cutting Layup Shot (8 PTS) (Giles III 1 AST),PF,Shot Creator,0.07,1628385.0
Shot Chart Detail,21800292,522,1628963,Marvin Bagley III,1610612758,Sacramento Kings,3,1,57,Missed Shot,Driving Layup Shot,2PT Field Goal,Restricted Area,Center(C),Less Than 8 ft.,3,-26,27,1,0,20181125,SAC,UTA,21800292522,20430,0,203992|1628368|1628382|1628385|1628963,0,REG,2019,202324,-9.0,C,Anchor Big,2.1,MISS Bagley III 4' Driving Layup,PF,Shot Creator,0.07,
Shot Chart Detail,21800292,533,1628963,Marvin Bagley III,1610612758,Sacramento Kings,3,1,14,Made Shot,Cutting Layup Shot,2PT Field Goal,Restricted Area,Center(C),Less Than 8 ft.,2,20,6,1,1,20181125,SAC,UTA,21800292533,20860,0,1627741|1628368|1628382|1628385|1628963,1,REG,2019,200757,-10.0,SF,Low Activity,1.42,Bagley III 2' Cutting Layup Shot (12 PTS) (Giles III 2 AST),PF,Shot Creator,0.07,1628385.0
Shot Chart Detail,21800292,553,1628963,Marvin Bagley III,1610612758,Sacramento Kings,3,0,4,Missed Shot,Layup Shot,2PT Field Goal,Restricted Area,Center(C),Less Than 8 ft.,2,-27,6,1,0,20181125,SAC,UTA,21800292553,21560,0,1627741|1628382|1628385|1628412|1628963,0,REG,2019,202324,-11.0,C,Anchor Big,2.1,MISS Bagley III 3' Layup,PF,Shot Creator,0.07,
Shot Chart Detail,21800292,596,1628963,Marvin Bagley III,1610612758,Sacramento Kings,4,9,54,Missed Shot,Layup Shot,2PT Field Goal,In The Paint (Non-RA),Center(C),Less Than 8 ft.,4,40,17,1,0,20181125,SAC,UTA,21800292596,22860,0,1627741|1628382|1628385|1628412|1628963,0,REG,2019,202324,-17.0,C,Anchor Big,2.1,MISS Bagley III 4' Layup,PF,Shot Creator,0.07,
Shot Chart Detail,21800292,615,1628963,Marvin Bagley III,1610612758,Sacramento Kings,4,8,50,Missed Shot,Jump Shot,3PT Field Goal,Left Corner 3,Left Side(L),24+ ft.,22,-226,8,1,0,20181125,SAC,UTA,21800292615,23500,0,1627741|1628382|1628385|1628412|1628963,0,REG,2019,202324,-16.0,C,Anchor Big,2.1,MISS Bagley III 3PT Jump Shot,PF,Shot Creator,0.07,
Shot Chart Detail,21800292,619,1628963,Marvin Bagley III,1610612758,Sacramento Kings,4,8,23,Made Shot,Jump Bank Shot,2PT Field Goal,In The Paint (Non-RA),Center(C),Less Than 8 ft.,5,55,20,1,1,20181125,SAC,UTA,21800292619,23770,0,1627741|1628382|1628385|1628412|1628963,0,REG,2019,202324,-14.0,C,Anchor Big,2.1,Bagley III 6' Jump Bank Shot (14 PTS),PF,Shot Creator,0.07,
Shot Chart Detail,21800292,621,1628963,Marvin Bagley III,1610612758,Sacramento Kings,4,7,50,Missed Shot,Jump Shot,3PT Field Goal,Above the Break 3,Center(C),24+ ft.,25,13,255,1,0,20181125,SAC,UTA,21800292621,24100,0,1627741|1628382|1628385|1628412|1628963,0,REG,2019,202324,-16.0,C,Anchor Big,2.1,MISS Bagley III 26' 3PT Jump Shot,PF,Shot Creator,0.07,
Shot Chart Detail,21800292,658,1628963,Marvin Bagley III,1610612758,Sacramento Kings,4,6,2,Made Shot,Dunk Shot,2PT Field Goal,Restricted Area,Center(C),Less Than 8 ft.,1,12,11,1,1,20181125,SAC,UTA,21800292658,25180,0,203992|1627741|1628385|1628412|1628963,1,REG,2019,203497,,C,Anchor Big,3.51,Bagley III 2' Dunk (16 PTS) (Giles III 5 AST),PF,Shot Creator,0.07,1628385.0
Shot Chart Detail,21800292,691,1628963,Marvin Bagley III,1610612758,Sacramento Kings,4,4,18,Made Shot,Tip Layup Shot,2PT Field Goal,Restricted Area,Center(C),Less Than 8 ft.,0,0,-6,1,1,20181125,SAC,UTA,21800292691,26220,0,203463|1627746|1627786|1627812|1628963,0,REG,2019,203526|203497,-21.0,,,,,PF,Shot Creator,0.07,
Shot Chart Detail,21800318,98,1628963,Marvin Bagley III,1610612758,Sacramento Kings,1,4,4,Made Shot,Hook Shot,2PT Field Goal,In The Paint (Non-RA),Center(C),Less Than 8 ft.,7,-67,25,1,1,20181129,SAC,LAC,2180031898,4760,0,203992|1626161|1627786|1628368|1628963,0,REG,2019,201568,-6.0,SF,Helper,0.02,Bagley III 7' Hook Shot (2 PTS),PF,Shot Creator,0.07,
Shot Chart Detail,21800318,108,1628963,Marvin Bagley III,1610612758,Sacramento Kings,1,3,7,Missed Shot,Tip Layup Shot,2PT Field Goal,Restricted Area,Center(C),Less Than 8 ft.,0,0,-6,1,0,20181129,SAC,LAC,21800318108,5330,0,203992|1626161|1627786|1628368|1628963,0,REG,2019,201568,-11.0,SF,Helper,0.02,MISS Bagley III 1' Tip Layup Shot,PF,Shot Creator,0.07,
Shot Chart Detail,21800318,114,1628963,Marvin Bagley III,1610612758,Sacramento Kings,1,2,47,Missed Shot,Hook Shot,2PT Field Goal,In The Paint (Non-RA),Center(C),Less Than 8 ft.,4,-10,42,1,0,20181129,SAC,LAC,21800318114,5530,0,203992|1626161|1627786|1628368|1628963,0,REG,2019,201568,-14.0,SF,Helper,0.02,MISS Bagley III 4' Hook Shot,PF,Shot Creator,0.07,
Shot Chart Detail,21800318,161,1628963,Marvin Bagley III,1610612758,Sacramento Kings,1,0,24,Missed Shot,Jump Shot,3PT Field Goal,Right Corner 3,Right Side(R),24+ ft.,23,228,32,1,0,20181129,SAC,LAC,21800318161,6960,0,203992|1627741|1627786|1628385|1628963,0,REG,2019,203118,-18.0,PF,Helper,-1.25,MISS Bagley III 3PT Jump Shot,PF,Shot Creator,0.07,
Shot Chart Detail,21800318,195,1628963,Marvin Bagley III,1610612758,Sacramento Kings,2,9,23,Made Shot,Jump Shot,2PT Field Goal,In The Paint (Non-RA),Center(C),Less Than 8 ft.,6,6,68,1,1,20181129,SAC,LAC,21800318195,8770,0,203992|1627741|1627786|1628385|1628963,0,REG,2019,203118,-13.0,PF,Helper,-1.25,Bagley III 7' Jump Shot (4 PTS),PF,Shot Creator,0.07,
Shot Chart Detail,21800318,208,1628963,Marvin Bagley III,1610612758,Sacramento Kings,2,8,34,Made Shot,Alley Oop Dunk Shot,2PT Field Goal,Restricted Area,Center(C),Less Than 8 ft.,1,2,16,1,1,20181129,SAC,LAC,21800318208,9260,0,202357|203992|1627741|1627786|1628963,1,REG,2019,1626149,,C,Anchor Big,-0.17,Bagley III 2' Alley Oop Dunk (6 PTS) (Bogdanovic 3 AST),PF,Shot Creator,0.07,203992.0
Shot Chart Detail,21800318,217,1628963,Marvin Bagley III,1610612758,Sacramento Kings,2,7,59,Made Shot,Cutting Layup Shot,2PT Field Goal,Restricted Area,Center(C),Less Than 8 ft.,2,-20,-7,1,1,20181129,SAC,LAC,21800318217,9610,0,202357|203992|1627741|1627786|1628963,1,REG,2019,1628983,-10.0,PG,Point of Attack,0.72,Bagley III 2' Cutting Layup Shot (8 PTS) (Bogdanovic 4 AST),PF,Shot Creator,0.07,203992.0
Shot Chart Detail,21800318,240,1628963,Marvin Bagley III,1610612758,Sacramento Kings,2,6,57,Missed Shot,Jump Shot,2PT Field Goal,Mid-Range,Left Side(L),16-24 ft.,17,-149,83,1,0,20181129,SAC,LAC,21800318240,10230,0,202357|203992|1627741|1627786|1628963,0,REG,2019,101162,-7.0,C,Anchor Big,0.88,MISS Bagley III 17' Jump Shot,PF,Shot Creator,0.07,
Shot Chart Detail,21800318,322,1628963,Marvin Bagley III,1610612758,Sacramento Kings,2,2,18,Missed Shot,Turnaround Hook Shot,2PT Field Goal,In The Paint (Non-RA),Center(C),Less Than 8 ft.,5,14,53,1,0,20181129,SAC,LAC,21800318322,13020,0,202697|203992|1626161|1628368|1628963,0,REG,2019,201568,-6.0,SF,Helper,0.02,MISS Bagley III 5' Turnaround Hook Shot,PF,Shot Creator,0.07,
Shot Chart Detail,21800318,328,1628963,Marvin Bagley III,1610612758,Sacramento Kings,2,1,51,Missed Shot,Hook Shot,2PT Field Goal,In The Paint (Non-RA),Center(C),Less Than 8 ft.,5,12,56,1,0,20181129,SAC,LAC,21800318328,13290,0,202697|203992|1626161|1628368|1628963,0,REG,2019,201568,-6.0,SF,Helper,0.02,MISS Bagley III 6' Hook Shot,PF,Shot Creator,0.07,
Shot Chart Detail,21800318,354,1628963,Marvin Bagley III,1610612758,Sacramento Kings,2,0,6,Made Shot,Alley Oop Dunk Shot,2PT Field Goal,Restricted Area,Center(C),Less Than 8 ft.,1,11,-2,1,1,20181129,SAC,LAC,21800318354,14340,0,202697|203992|1626161|1628368|1628963,1,REG,2019,201568|202699,,,,,,PF,Shot Creator,0.07,1628368.0
Shot Chart Detail,21800318,419,1628963,Marvin Bagley III,1610612758,Sacramento Kings,3,7,5,Made Shot,Turnaround Jump Shot,2PT Field Goal,Restricted Area,Center(C),Less Than 8 ft.,3,-11,28,1,1,20181129,SAC,LAC,21800318419,17350,0,202697|1626161|1627741|1628368|1628963,0,REG,2019,201568,-3.0,SF,Helper,0.02,Bagley III 3' Turnaround Jump Shot (14 PTS),PF,Shot Creator,0.07,
Shot Chart Detail,21800318,424,1628963,Marvin Bagley III,1610612758,Sacramento Kings,3,6,29,Made Shot,Putback Layup Shot,2PT Field Goal,Restricted Area,Center(C),Less Than 8 ft.,2,-3,25,1,1,20181129,SAC,LAC,21800318424,17710,0,202697|1626161|1627741|1628368|1628963,0,REG,2019,201568,-3.0,SF,Helper,0.02,Bagley III 3' Putback Layup (16 PTS),PF,Shot Creator,0.07,
Shot Chart Detail,21800318,484,1628963,Marvin Bagley III,1610612758,Sacramento Kings,3,2,19,Made Shot,Alley Oop Dunk Shot,2PT Field Goal,Restricted Area,Center(C),Less Than 8 ft.,1,8,16,1,1,20181129,SAC,LAC,21800318484,20210,0,203992|1627786|1628368|1628382|1628963,1,REG,2019,1626149,,C,Anchor Big,-0.17,Bagley III 2' Alley Oop Dunk (18 PTS) (Bogdanovic 5 AST),PF,Shot Creator,0.07,203992.0
Shot Chart Detail,21800318,526,1628963,Marvin Bagley III,1610612758,Sacramento Kings,4,10,54,Missed Shot,Layup Shot,2PT Field Goal,In The Paint (Non-RA),Center(C),Less Than 8 ft.,4,-25,41,1,0,20181129,SAC,LAC,21800318526,22260,0,203992|1627741|1627786|1628382|1628963,0,REG,2019,1626149,-12.0,C,Anchor Big,-0.17,MISS Bagley III 5' Layup,PF,Shot Creator,0.07,
Shot Chart Detail,21800372,104,1628963,Marvin Bagley III,1610612758,Sacramento Kings,1,3,31,Made Shot,Turnaround Hook Shot,2PT Field Goal,Mid-Range,Right Side(R),8-16 ft.,14,99,100,1,1,20181207,CLE,SAC,21800372104,5090,0,201585|203992|1628368|1628382|1628963,0,REG,2019,1626224,11.0,SF,Wing Stopper,-1.21,Bagley III 14' Turnaround Hook Shot (2 PTS),PF,Shot Creator,0.07,
Shot Chart Detail,21800372,107,1628963,Marvin Bagley III,1610612758,Sacramento Kings,1,2,56,Made Shot,Fadeaway Jump Shot,2PT Field Goal,In The Paint (Non-RA),Center(C),8-16 ft.,12,-14,121,1,1,20181207,CLE,SAC,21800372107,5440,0,201585|203992|1628368|1628382|1628963,0,REG,2019,1626224,,SF,Wing Stopper,-1.21,Bagley III 12' Fadeaway Jumper (4 PTS),PF,Shot Creator,0.07,
Shot Chart Detail,21800372,138,1628963,Marvin Bagley III,1610612758,Sacramento Kings,1,0,41,Made Shot,Layup Shot,2PT Field Goal,Restricted Area,Center(C),Less Than 8 ft.,1,-2,15,1,1,20181207,CLE,SAC,21800372138,6790,0,201585|203992|1627786|1628382|1628963,0,REG,2019,,,,,,,PF,Shot Creator,0.07,
Shot Chart Detail,21800372,192,1628963,Marvin Bagley III,1610612758,Sacramento Kings,2,9,2,Missed Shot,Turnaround Jump Shot,2PT Field Goal,Mid-Range,Right Side(R),8-16 ft.,10,98,40,1,0,20181207,CLE,SAC,21800372192,8980,0,203992|1626161|1627741|1628382|1628963,0,REG,2019,1626224,2.0,SF,Wing Stopper,-1.21,MISS Bagley III 11' Turnaround Jump Shot,PF,Shot Creator,0.07,
Shot Chart Detail,21800372,441,1628963,Marvin Bagley III,1610612758,Sacramento Kings,3,2,33,Made Shot,Layup Shot,2PT Field Goal,Restricted Area,Center(C),Less Than 8 ft.,1,6,16,1,1,20181207,CLE,SAC,21800372441,20070,0,202357|203992|1627741|1628382|1628963,1,REG,2019,1626204,7.0,C,Anchor Big,0.76,Bagley III 2' Layup (8 PTS) (Bogdanovic 2 AST),PF,Shot Creator,0.07,203992.0
Shot Chart Detail,21800372,452,1628963,Marvin Bagley III,1610612758,Sacramento Kings,3,1,14,Made Shot,Alley Oop Dunk Shot,2PT Field Goal,Restricted Area,Center(C),Less Than 8 ft.,0,-6,1,1,1,20181207,CLE,SAC,21800372452,20860,0,202357|203992|1627741|1628382|1628963,1,REG,2019,1626204,,C,Anchor Big,0.76,Bagley III 1' Alley Oop Dunk (10 PTS) (Bogdanovic 3 AST),PF,Shot Creator,0.07,203992.0
Shot Chart Detail,21800372,481,1628963,Marvin Bagley III,1610612758,Sacramento Kings,4,11,4,Made Shot,Reverse Layup Shot,2PT Field Goal,Restricted Area,Center(C),Less Than 8 ft.,0,-3,1,1,1,20181207,CLE,SAC,21800372481,22160,0,202357|203992|1628368|1628382|1628963,1,REG,2019,1629012,9.0,PG,Point of Attack,-2.3,Bagley III Reverse Layup (12 PTS) (Jackson 1 AST),PF,Shot Creator,0.07,1628382.0
Shot Chart Detail,21800372,508,1628963,Marvin Bagley III,1610612758,Sacramento Kings,4,8,39,Made Shot,Cutting Dunk Shot,2PT Field Goal,Restricted Area,Center(C),Less Than 8 ft.,0,-1,2,1,1,20181207,CLE,SAC,21800372508,23610,0,202357|203992|1628368|1628382|1628963,1,REG,2019,1626204,15.0,C,Anchor Big,0.76,Bagley III Cutting Dunk Shot (14 PTS) (Fox 10 AST),PF,Shot Creator,0.07,1628368.0
Shot Chart Detail,21800372,598,1628963,Marvin Bagley III,1610612758,Sacramento Kings,4,1,41,Made Shot,Jump Shot,3PT Field Goal,Above the Break 3,Left Side Center(LC),24+ ft.,26,-210,160,1,1,20181207,CLE,SAC,21800372598,27790,0,201585|1627812|1628382|1628412|1628963,1,REG,2019,1628417,25.0,SF,Helper,0.29,Bagley III 26' 3PT Jump Shot (17 PTS) (Jackson 3 AST),PF,Shot Creator,0.07,1628382.0
Shot Chart Detail,21800379,153,1628963,Marvin Bagley III,1610612758,Sacramento Kings,1,1,7,Made Shot,Pullup Jump shot,2PT Field Goal,In The Paint (Non-RA),Center(C),8-16 ft.,8,16,80,1,1,20181208,IND,SAC,21800379153,6530,0,201585|203992|1628382|1628412|1628963,0,REG,2019,1628388,9.0,PF,Low Activity,-0.49,Bagley III 8' Pullup Jump Shot (2 PTS),PF,Shot Creator,0.07,
Shot Chart Detail,21800379,181,1628963,Marvin Bagley III,1610612758,Sacramento Kings,2,11,18,Made Shot,Pullup Jump shot,2PT Field Goal,In The Paint (Non-RA),Center(C),8-16 ft.,9,1,96,1,1,20181208,IND,SAC,21800379181,7620,0,201585|203992|1628382|1628412|1628963,0,REG,2019,201152,9.0,PF,Mobile Big,1.45,Bagley III 10' Pullup Jump Shot (4 PTS),PF,Shot Creator,0.07,
Shot Chart Detail,21800379,530,1628963,Marvin Bagley III,1610612758,Sacramento Kings,4,8,18,Missed Shot,Layup Shot,2PT Field Goal,Restricted Area,Center(C),Less Than 8 ft.,2,24,0,1,0,20181208,IND,SAC,21800379530,23820,0,201585|203992|1628382|1628412|1628963,0,REG,2019,201152,-4.0,PF,Mobile Big,1.45,Young BLOCK (1 BLK),PF,Shot Creator,0.07,
Shot Chart Detail,21800379,545,1628963,Marvin Bagley III,1610612758,Sacramento Kings,4,7,28,Missed Shot,Layup Shot,2PT Field Goal,Restricted Area,Center(C),Less Than 8 ft.,0,-1,-9,1,0,20181208,IND,SAC,21800379545,24320,0,203992|1626161|1628382|1628412|1628963,0,REG,2019,1627734,-4.0,C,Mobile Big,1.19,MISS Bagley III 1' Layup,PF,Shot Creator,0.07,
Shot Chart Detail,21800394,101,1628963,Marvin Bagley III,1610612758,Sacramento Kings,1,4,44,Made Shot,Jump Shot,2PT Field Goal,Mid-Range,Right Side(R),8-16 ft.,10,103,7,1,1,20181210,CHI,SAC,21800394101,4360,0,202697|203992|1626161|1627741|1628963,0,REG,2019,,,,,,,PF,Shot Creator,0.07,
Shot Chart Detail,21800394,128,1628963,Marvin Bagley III,1610612758,Sacramento Kings,1,3,9,Made Shot,Alley Oop Layup shot,2PT Field Goal,Restricted Area,Center(C),Less Than 8 ft.,1,-3,15,1,1,20181210,CHI,SAC,21800394128,5310,0,201585|202697|203992|1628412|1628963,1,REG,2019,,,,,,,PF,Shot Creator,0.07,203992.0
Shot Chart Detail,21800394,189,1628963,Marvin Bagley III,1610612758,Sacramento Kings,2,10,8,Made Shot,Driving Dunk Shot,2PT Field Goal,Restricted Area,Center(C),Less Than 8 ft.,0,-5,2,1,1,20181210,CHI,SAC,21800394189,8320,0,201585|203992|1628382|1628412|1628963,1,REG,2019,,,,,,,PF,Shot Creator,0.07,1628412.0
Shot Chart Detail,21800394,206,1628963,Marvin Bagley III,1610612758,Sacramento Kings,2,8,43,Made Shot,Jump Shot,3PT Field Goal,Above the Break 3,Center(C),24+ ft.,25,-78,243,1,1,20181210,CHI,SAC,21800394206,9170,0,201585|203992|1628382|1628412|1628963,1,REG,2019,1627739,-2.0,PG,Point of Attack,0.26,Bagley III 26' 3PT Jump Shot (12 PTS) (Mason 4 AST),PF,Shot Creator,0.07,1628412.0
Shot Chart Detail,21800394,222,1628963,Marvin Bagley III,1610612758,Sacramento Kings,2,7,1,Missed Shot,Driving Layup Shot,2PT Field Goal,Restricted Area,Center(C),Less Than 8 ft.,1,-5,18,1,0,20181210,CHI,SAC,21800394222,10190,0,202357|203992|1628368|1628382|1628963,0,REG,2019,201577,-6.0,C,Anchor Big,-0.97,Lopez BLOCK (1 BLK),PF,Shot Creator,0.07,
Shot Chart Detail,21800394,433,1628963,Marvin Bagley III,1610612758,Sacramento Kings,3,2,51,Missed Shot,Driving Reverse Layup Shot,2PT Field Goal,Restricted Area,Center(C),Less Than 8 ft.,3,24,19,1,0,20181210,CHI,SAC,21800394433,19890,0,201585|202697|203992|1628368|1628963,0,REG,2019,,,,,,,PF,Shot Creator,0.07,
Shot Chart Detail,21800394,485,1628963,Marvin Bagley III,1610612758,Sacramento Kings,4,10,57,Missed Shot,Driving Reverse Layup Shot,2PT Field Goal,Restricted Area,Center(C),Less Than 8 ft.,1,-10,6,1,0,20181210,CHI,SAC,21800394485,22230,0,201585|203992|1627741|1628368|1628963,0,REG,2019,1628374,5.0,PF,Helper,-0.58,MISS Bagley III 1' Driving Reverse Layup,PF,Shot Creator,0.07,
Shot Chart Detail,21800394,555,1628963,Marvin Bagley III,1610612758,Sacramento Kings,4,4,21,Made Shot,Floating Jump shot,2PT Field Goal,Restricted Area,Center(C),Less Than 8 ft.,2,5,20,1,1,20181210,CHI,SAC,21800394555,26190,0,202697|203992|1626161|1627741|1628963,1,REG,2019,1628374,16.0,PF,Helper,-0.58,Bagley III 2' Floating Jump Shot (16 PTS) (Shumpert 5 AST),PF,Shot Creator,0.07,202697.0
Shot Chart Detail,21800394,564,1628963,Marvin Bagley III,1610612758,Sacramento Kings,4,3,22,Missed Shot,Layup Shot,2PT Field Goal,Restricted Area,Center(C),Less Than 8 ft.,0,-5,4,1,0,20181210,CHI,SAC,21800394564,26780,0,202697|203992|1626161|1627741|1628963,0,REG,2019,1628976,14.0,C,Mobile Big,2.06,MISS Bagley III 1' Layup,PF,Shot Creator,0.07,
Shot Chart Detail,21800414,176,1628963,Marvin Bagley III,1610612758,Sacramento Kings,2,9,12,Made Shot,Driving Layup Shot,2PT Field Goal,Restricted Area,Center(C),Less Than 8 ft.,1,-15,3,1,1,20181212,SAC,MIN,21800414176,8880,0,202357|203992|1627812|1628382|1628963,0,REG,2019,203967,0.0,PF,Helper,-0.63,Bagley III 2' Driving Layup (4 PTS),PF,Shot Creator,0.07,
Shot Chart Detail,21800414,179,1628963,Marvin Bagley III,1610612758,Sacramento Kings,2,8,40,Made Shot,Cutting Dunk Shot,2PT Field Goal,Restricted Area,Center(C),Less Than 8 ft.,0,-2,8,1,1,20181212,SAC,MIN,21800414179,9200,0,202357|203992|1627812|1628382|1628963,1,REG,2019,201565,2.0,PG,Chaser,-2.09,Bagley III 1' Cutting Dunk Shot (6 PTS) (Bogdanovic 3 AST),PF,Shot Creator,0.07,203992.0
Shot Chart Detail,21800414,482,1628963,Marvin Bagley III,1610612758,Sacramento Kings,4,11,28,Made Shot,Alley Oop Dunk Shot,2PT Field Goal,Restricted Area,Center(C),Less Than 8 ft.,1,-2,18,1,1,20181212,SAC,MIN,21800414482,21920,0,201585|203992|1627741|1627812|1628963,1,REG,2019,203496,,SF,Wing Stopper,2.5,Bagley III 2' Alley Oop Dunk (11 PTS) (Hield 3 AST),PF,Shot Creator,0.07,1627741.0
Shot Chart Detail,21800414,514,1628963,Marvin Bagley III,1610612758,Sacramento Kings,4,8,24,Missed Shot,Pullup Jump shot,3PT Field Goal,Above the Break 3,Center(C),24+ ft.,25,-16,254,1,0,20181212,SAC,MIN,21800414514,23760,0,202357|203992|1627741|1627812|1628963,0,REG,2019,203476|1626145,11.0,,,,,PF,Shot Creator,0.07,
Shot Chart Detail,21800414,611,1628963,Marvin Bagley III,1610612758,Sacramento Kings,4,2,37,Made Shot,Reverse Layup Shot,2PT Field Goal,Restricted Area,Center(C),Less Than 8 ft.,1,-7,16,1,1,20181212,SAC,MIN,21800414611,27230,0,202357|202697|1627741|1628368|1628963,0,REG,2019,1626157,8.0,C,Anchor Big,0.23,Bagley III 2' Reverse Layup (17 PTS),PF,Shot Creator,0.07,
Shot Chart Detail,21800428,143,1628963,Marvin Bagley III,1610612758,Sacramento Kings,1,2,32,Made Shot,Hook Shot,2PT Field Goal,In The Paint (Non-RA),Center(C),Less Than 8 ft.,6,-11,64,1,1,20181214,SAC,GSW,21800428143,5680,0,201585|203992|1627812|1628382|1628963,1,REG,2019,1628395,-4.0,C,Mobile Big,0.75,Bagley III 6' Hook Shot (2 PTS) (Ferrell 1 AST),PF,Shot Creator,0.07,1627812.0
Shot Chart Detail,21800428,189,1628963,Marvin Bagley III,1610612758,Sacramento Kings,2,11,28,Made Shot,Running Layup Shot,2PT Field Goal,Restricted Area,Center(C),Less Than 8 ft.,1,-19,6,1,1,20181214,SAC,GSW,21800428189,7520,0,201585|203992|1627812|1628382|1628963,1,REG,2019,201939,-2.0,PG,Chaser,-0.48,Bagley III 2' Running Layup (4 PTS) (Ferrell 2 AST),PF,Shot Creator,0.07,1627812.0
Shot Chart Detail,21800598,154,1628963,Marvin Bagley III,1610612758,Sacramento Kings,1,0,58,Missed Shot,Layup Shot,2PT Field Goal,Restricted Area,Center(C),Less Than 8 ft.,2,1,24,1,0,20190107,SAC,ORL,21800598154,6620,0,201585|203992|1627812|1628382|1628963,0,REG,2019,203932,0.0,PF,Wing Stopper,0.86,MISS Bagley III 2' Layup,PF,Shot Creator,0.07,
Shot Chart Detail,21800598,158,1628963,Marvin Bagley III,1610612758,Sacramento Kings,1,0,39,Made Shot,Turnaround Fadeaway shot,2PT Field Goal,Mid-Range,Right Side(R),8-16 ft.,14,144,17,1,1,20190107,SAC,ORL,21800598158,6810,0,201585|203992|1627812|1628382|1628963,0,REG,2019,1628964,,C,Anchor Big,1.84,Bagley III 15' Turnaround Fadeaway (3 PTS),PF,Shot Creator,0.07,
Shot Chart Detail,21800598,185,1628963,Marvin Bagley III,1610612758,Sacramento Kings,2,10,17,Missed Shot,Jump Shot,2PT Field Goal,Mid-Range,Left Side(L),8-16 ft.,10,-103,17,1,0,20190107,SAC,ORL,21800598185,8230,0,201585|203992|1627812|1628382|1628963,0,REG,2019,203932,8.0,PF,Wing Stopper,0.86,MISS Bagley III 10' Jump Shot,PF,Shot Creator,0.07,
Shot Chart Detail,21800598,462,1628963,Marvin Bagley III,1610612758,Sacramento Kings,3,1,46,Made Shot,Jump Shot,2PT Field Goal,In The Paint (Non-RA),Center(C),8-16 ft.,8,-8,89,1,1,20190107,SAC,ORL,21800598462,20540,0,201585|203992|1627812|1628382|1628963,0,REG,2019,203932,26.0,PF,Wing Stopper,0.86,Bagley III 9' Jump Shot (8 PTS),PF,Shot Creator,0.07,
Shot Chart Detail,21800598,472,1628963,Marvin Bagley III,1610612758,Sacramento Kings,3,0,44,Missed Shot,Jump Shot,3PT Field Goal,Above the Break 3,Right Side Center(RC),24+ ft.,25,85,242,1,0,20190107,SAC,ORL,21800598472,21160,0,201585|203992|1627812|1628382|1628963,0,REG,2019,203932,26.0,PF,Wing Stopper,0.86,MISS Bagley III 26' 3PT Jump Shot,PF,Shot Creator,0.07,
Shot Chart Detail,21800598,504,1628963,Marvin Bagley III,1610612758,Sacramento Kings,4,10,36,Missed Shot,Jump Shot,3PT Field Goal,Right Corner 3,Right Side(R),24+ ft.,23,231,26,1,0,20190107,SAC,ORL,21800598504,22440,0,203992|1627812|1628382|1628385|1628963,0,REG,2019,1628964,28.0,C,Anchor Big,1.84,MISS Bagley III 3PT Jump Shot,PF,Shot Creator,0.07,
Shot Chart Detail,21800598,527,1628963,Marvin Bagley III,1610612758,Sacramento Kings,4,9,16,Missed Shot,Turnaround Hook Shot,2PT Field Goal,Mid-Range,Left Side(L),8-16 ft.,8,-85,16,1,0,20190107,SAC,ORL,21800598527,23240,0,203992|1627812|1628382|1628385|1628963,0,REG,2019,203932,21.0,PF,Wing Stopper,0.86,MISS Bagley III 9' Turnaround Hook Shot,PF,Shot Creator,0.07,
Shot Chart Detail,21800620,122,1628963,Marvin Bagley III,1610612758,Sacramento Kings,1,1,33,Made Shot,Putback Layup Shot,2PT Field Goal,Restricted Area,Center(C),Less Than 8 ft.,2,-17,18,1,1,20190110,SAC,DET,21800620122,6270,0,203992|1627812|1628382|1628385|1628963,0,REG,2019,1626169,12.0,SF,Wing Stopper,0.06,Bagley III 2' Putback Layup (2 PTS),PF,Shot Creator,0.07,
Shot Chart Detail,21800620,141,1628963,Marvin Bagley III,1610612758,Sacramento Kings,1,0,28,Made Shot,Driving Floating Bank Jump Shot,2PT Field Goal,In The Paint (Non-RA),Center(C),Less Than 8 ft.,4,-43,15,1,1,20190110,SAC,DET,21800620141,6920,0,203992|1627812|1628382|1628385|1628963,0,REG,2019,203922,15.0,SF,Helper,0.51,Bagley III 5' Driving Floating Bank Jump Shot (4 PTS),PF,Shot Creator,0.07,
Shot Chart Detail,21800620,201,1628963,Marvin Bagley III,1610612758,Sacramento Kings,2,8,30,Missed Shot,Turnaround Hook Shot,2PT Field Goal,Mid-Range,Left Side(L),8-16 ft.,8,-86,-16,1,0,20190110,SAC,DET,21800620201,9300,0,203992|1626161|1627812|1628382|1628963,0,REG,2019,1626169,11.0,SF,Wing Stopper,0.06,MISS Bagley III 9' Turnaround Hook Shot,PF,Shot Creator,0.07,
Shot Chart Detail,21800620,509,1628963,Marvin Bagley III,1610612758,Sacramento Kings,4,9,56,Made Shot,Running Layup Shot,2PT Field Goal,Restricted Area,Center(C),Less Than 8 ft.,2,-20,10,1,1,20190110,SAC,DET,21800620509,22840,0,203992|1627812|1628382|1628385|1628963,0,REG,2019,1626169,18.0,SF,Wing Stopper,0.06,Bagley III 2' Running Layup (6 PTS),PF,Shot Creator,0.07,
Shot Chart Detail,21800620,522,1628963,Marvin Bagley III,1610612758,Sacramento Kings,4,8,45,Made Shot,Hook Shot,2PT Field Goal,In The Paint (Non-RA),Center(C),Less Than 8 ft.,7,-50,52,1,1,20190110,SAC,DET,21800620522,23550,0,203992|1627812|1628382|1628385|1628963,1,REG,2019,203083,22.0,C,Anchor Big,2.42,Bagley III 7' Hook Shot (8 PTS) (Giles III 2 AST),PF,Shot Creator,0.07,1628385.0
Shot Chart Detail,21800636,115,1628963,Marvin Bagley III,1610612758,Sacramento Kings,1,4,40,Missed Shot,Hook Shot,2PT Field Goal,In The Paint (Non-RA),Center(C),Less Than 8 ft.,6,-3,68,1,0,20190112,SAC,CHA,21800636115,4400,0,202697|203992|1626161|1628368|1628963,0,REG,2019,203077,4.0,PF,Wing Stopper,0.95,MISS Bagley III 7' Hook Shot,PF,Shot Creator,0.07,
Shot Chart Detail,21800636,119,1628963,Marvin Bagley III,1610612758,Sacramento Kings,1,4,13,Missed Shot,Jump Shot,3PT Field Goal,Above the Break 3,Left Side Center(LC),24+ ft.,25,-147,203,1,0,20190112,SAC,CHA,21800636119,4670,0,202697|203992|1626161|1628368|1628963,0,REG,2019,203077,1.0,PF,Wing Stopper,0.95,MISS Bagley III 25' 3PT Jump Shot,PF,Shot Creator,0.07,
Shot Chart Detail,21800636,123,1628963,Marvin Bagley III,1610612758,Sacramento Kings,1,3,52,Made Shot,Layup Shot,2PT Field Goal,Restricted Area,Center(C),Less Than 8 ft.,1,17,9,1,1,20190112,SAC,CHA,21800636123,4880,0,202697|203992|1626161|1628368|1628963,1,REG,2019,203077,3.0,PF,Wing Stopper,0.95,Bagley III 2' Layup (2 PTS) (Cauley-Stein 2 AST),PF,Shot Creator,0.07,1626161.0
Shot Chart Detail,21800636,146,1628963,Marvin Bagley III,1610612758,Sacramento Kings,1,2,33,Missed Shot,Jump Shot,2PT Field Goal,Mid-Range,Left Side(L),8-16 ft.,12,-122,0,1,0,20190112,SAC,CHA,21800636146,5670,0,202357|203992|1627812|1628382|1628963,0,REG,2019,1626195,3.0,C,Anchor Big,-0.41,MISS Bagley III 12' Jump Shot,PF,Shot Creator,0.07,
Shot Chart Detail,21800636,178,1628963,Marvin Bagley III,1610612758,Sacramento Kings,1,0,34,Missed Shot,Layup Shot,2PT Field Goal,Restricted Area,Center(C),Less Than 8 ft.,2,-21,6,1,0,20190112,SAC,CHA,21800636178,6860,0,202357|203992|1627812|1628382|1628963,0,REG,2019,203087|1626195,5.0,,,,,PF,Shot Creator,0.07,
Shot Chart Detail,21800636,472,1628963,Marvin Bagley III,1610612758,Sacramento Kings,3,2,59,Missed Shot,Hook Shot,2PT Field Goal,In The Paint (Non-RA),Center(C),8-16 ft.,8,-35,81,1,0,20190112,SAC,CHA,21800636472,19810,0,203992|1627812|1628382|1628385|1628963,0,REG,2019,1628970,0.0,SF,Helper,0.15,MISS Bagley III 9' Hook Shot,PF,Shot Creator,0.07,
Shot Chart Detail,21800636,474,1628963,Marvin Bagley III,1610612758,Sacramento Kings,3,2,59,Made Shot,Tip Layup Shot,2PT Field Goal,Restricted Area,Center(C),Less Than 8 ft.,0,0,-6,1,1,20190112,SAC,CHA,21800636474,19810,0,203992|1627812|1628382|1628385|1628963,0,REG,2019,203077|1628970,2.0,,,,,PF,Shot Creator,0.07,
Shot Chart Detail,21800636,494,1628963,Marvin Bagley III,1610612758,Sacramento Kings,3,1,46,Made Shot,Dunk Shot,2PT Field Goal,Restricted Area,Center(C),Less Than 8 ft.,1,-16,7,1,1,20190112,SAC,CHA,21800636494,20540,0,203992|1627812|1628382|1628385|1628963,1,REG,2019,1628984,,PG,Point of Attack,-1.04,Bagley III 2' Dunk (6 PTS) (Giles III 2 AST),PF,Shot Creator,0.07,1628385.0
Shot Chart Detail,21800636,504,1628963,Marvin Bagley III,1610612758,Sacramento Kings,3,0,52,Made Shot,Hook Shot,2PT Field Goal,In The Paint (Non-RA),Center(C),8-16 ft.,9,-22,96,1,1,20190112,SAC,CHA,21800636504,21080,0,203992|1627812|1628382|1628385|1628963,0,REG,2019,203077,6.0,PF,Wing Stopper,0.95,Bagley III 10' Hook Shot (8 PTS),PF,Shot Creator,0.07,
Shot Chart Detail,21800636,518,1628963,Marvin Bagley III,1610612758,Sacramento Kings,4,11,42,Missed Shot,Layup Shot,2PT Field Goal,In The Paint (Non-RA),Center(C),Less Than 8 ft.,4,43,17,1,0,20190112,SAC,CHA,21800636518,21780,0,203992|1627812|1628382|1628385|1628963,0,REG,2019,203077,6.0,PF,Wing Stopper,0.95,MISS Bagley III 5' Layup,PF,Shot Creator,0.07,
Shot Chart Detail,21800636,542,1628963,Marvin Bagley III,1610612758,Sacramento Kings,4,9,48,Missed Shot,Layup Shot,2PT Field Goal,In The Paint (Non-RA),Center(C),Less Than 8 ft.,4,0,47,1,0,20190112,SAC,CHA,21800636542,22920,0,203992|1627812|1628382|1628385|1628963,0,REG,2019,203087|101107,3.0,,,,,PF,Shot Creator,0.07,
Shot Chart Detail,21800636,551,1628963,Marvin Bagley III,1610612758,Sacramento Kings,4,9,18,Made Shot,Jump Shot,3PT Field Goal,Above the Break 3,Center(C),24+ ft.,26,-66,252,1,1,20190112,SAC,CHA,21800636551,23220,0,203992|1627812|1628382|1628385|1628963,1,REG,2019,203087,5.0,SG,Chaser,0.39,Bagley III 26' 3PT Jump Shot (11 PTS) (Ferrell 3 AST),PF,Shot Creator,0.07,1627812.0
Shot Chart Detail,21800636,605,1628963,Marvin Bagley III,1610612758,Sacramento Kings,4,5,25,Missed Shot,Jump Shot,2PT Field Goal,Mid-Range,Left Side(L),8-16 ft.,15,-84,132,1,0,20190112,SAC,CHA,21800636605,25550,0,203992|1626161|1627741|1628368|1628963,0,REG,2019,101107,3.0,PF,Helper,0.6,MISS Bagley III 16' Jump Shot,PF,Shot Creator,0.07,
Shot Chart Detail,21800649,102,1628963,Marvin Bagley III,1610612758,Sacramento Kings,1,4,37,Made Shot,Jump Shot,2PT Field Goal,Mid-Range,Left Side(L),16-24 ft.,16,-154,71,1,1,20190114,SAC,POR,21800649102,4430,0,203992|1626161|1627741|1628368|1628963,0,REG,2019,203468|1628380,-4.0,,,,,PF,Shot Creator,0.07,
Shot Chart Detail,21800649,109,1628963,Marvin Bagley III,1610612758,Sacramento Kings,1,3,52,Made Shot,Alley Oop Dunk Shot,2PT Field Goal,Restricted Area,Center(C),Less Than 8 ft.,1,5,12,1,1,20190114,SAC,POR,21800649109,4880,0,203992|1627741|1628368|1628385|1628963,1,REG,2019,1628380,,C,Anchor Big,0.48,Bagley III 1' Alley Oop Dunk (4 PTS) (Fox 3 AST),PF,Shot Creator,0.07,1628368.0
Shot Chart Detail,21800649,167,1628963,Marvin Bagley III,1610612758,Sacramento Kings,2,11,7,Missed Shot,Jump Shot,3PT Field Goal,Above the Break 3,Center(C),24+ ft.,25,32,249,1,0,20190114,SAC,POR,21800649167,7730,0,203992|1627812|1628382|1628385|1628963,0,REG,2019,1628380,-1.0,C,Anchor Big,0.48,MISS Bagley III 25' 3PT Jump Shot,PF,Shot Creator,0.07,
Shot Chart Detail,21800649,196,1628963,Marvin Bagley III,1610612758,Sacramento Kings,2,8,42,Missed Shot,Jump Shot,2PT Field Goal,In The Paint (Non-RA),Center(C),8-16 ft.,8,-5,80,1,0,20190114,SAC,POR,21800649196,9180,0,203992|1627812|1628382|1628385|1628963,0,REG,2019,1628380,3.0,C,Anchor Big,0.48,MISS Bagley III 8' Jump Shot,PF,Shot Creator,0.07,
Shot Chart Detail,21800649,418,1628963,Marvin Bagley III,1610612758,Sacramento Kings,3,4,18,Made Shot,Driving Reverse Layup Shot,2PT Field Goal,Restricted Area,Center(C),Less Than 8 ft.,2,-20,0,1,1,20190114,SAC,POR,21800649418,19020,0,203992|1626161|1627741|1628368|1628963,0,REG,2019,202329,16.0,PF,Wing Stopper,1.44,Bagley III 2' Driving Reverse Layup (6 PTS),PF,Shot Creator,0.07,
Shot Chart Detail,21800649,447,1628963,Marvin Bagley III,1610612758,Sacramento Kings,3,2,11,Missed Shot,Jump Shot,2PT Field Goal,Mid-Range,Right Side(R),8-16 ft.,14,141,17,1,0,20190114,SAC,POR,21800649447,20290,0,203992|1627741|1627812|1628385|1628963,0,REG,2019,203086,10.0,C,Anchor Big,0.33,MISS Bagley III 14' Jump Shot,PF,Shot Creator,0.07,
Shot Chart Detail,21800649,452,1628963,Marvin Bagley III,1610612758,Sacramento Kings,3,1,38,Missed Shot,Driving Layup Shot,2PT Field Goal,Restricted Area,Center(C),Less Than 8 ft.,2,28,10,1,0,20190114,SAC,POR,21800649452,20620,0,203992|1627741|1627812|1628385|1628963,0,REG,2019,1628380,11.0,C,Anchor Big,0.48,MISS Bagley III 3' Driving Layup,PF,Shot Creator,0.07,
Shot Chart Detail,21800649,465,1628963,Marvin Bagley III,1610612758,Sacramento Kings,3,0,51,Missed Shot,Jump Bank Shot,2PT Field Goal,In The Paint (Non-RA),Center(C),Less Than 8 ft.,4,45,14,1,0,20190114,SAC,POR,21800649465,21090,0,203992|1627812|1628382|1628385|1628963,0,REG,2019,1628380,7.0,C,Anchor Big,0.48,MISS Bagley III 5' Jump Bank Shot,PF,Shot Creator,0.07,
Shot Chart Detail,21800649,467,1628963,Marvin Bagley III,1610612758,Sacramento Kings,3,0,50,Made Shot,Dunk Shot,2PT Field Goal,Restricted Area,Center(C),Less Than 8 ft.,0,8,3,1,1,20190114,SAC,POR,21800649467,21100,0,203992|1627812|1628382|1628385|1628963,0,REG,2019,1628380,,C,Anchor Big,0.48,Bagley III 1' Dunk (8 PTS),PF,Shot Creator,0.07,
Shot Chart Detail,21800649,505,1628963,Marvin Bagley III,1610612758,Sacramento Kings,4,9,6,Made Shot,Fadeaway Jump Shot,2PT Field Goal,Mid-Range,Right Side(R),8-16 ft.,13,138,9,1,1,20190114,SAC,POR,21800649505,23340,0,203992|1627812|1628382|1628385|1628963,0,REG,2019,1628380,,C,Anchor Big,0.48,Bagley III 14' Fadeaway Jumper (10 PTS),PF,Shot Creator,0.07,
Shot Chart Detail,21800649,541,1628963,Marvin Bagley III,1610612758,Sacramento Kings,4,6,23,Missed Shot,Floating Jump shot,2PT Field Goal,In The Paint (Non-RA),Center(C),Less Than 8 ft.,4,2,47,1,0,20190114,SAC,POR,21800649541,24970,0,203992|1628368|1628382|1628385|1628963,0,REG,2019,1628380,10.0,C,Anchor Big,0.48,MISS Bagley III 5' Floating Jump Shot,PF,Shot Creator,0.07,
Shot Chart Detail,21800649,543,1628963,Marvin Bagley III,1610612758,Sacramento Kings,4,6,18,Made Shot,Tip Layup Shot,2PT Field Goal,Restricted Area,Center(C),Less Than 8 ft.,0,0,-6,1,1,20190114,SAC,POR,21800649543,25020,0,203992|1628368|1628382|1628385|1628963,0,REG,2019,1628380,12.0,C,Anchor Big,0.48,Bagley III 1' Tip Layup Shot (12 PTS),PF,Shot Creator,0.07,
Shot Chart Detail,21800666,95,1628963,Marvin Bagley III,1610612758,Sacramento Kings,1,4,38,Missed Shot,Layup Shot,2PT Field Goal,In The Paint (Non-RA),Center(C),Less Than 8 ft.,6,58,37,1,0,20190117,CHA,SAC,2180066695,4420,0,202697|203992|1626161|1627812|1628963,0,REG,2019,203077,9.0,PF,Wing Stopper,0.95,MISS Bagley III 7' Layup,PF,Shot Creator,0.07,
Shot Chart Detail,21800666,121,1628963,Marvin Bagley III,1610612758,Sacramento Kings,1,2,24,Made Shot,Dunk Shot,2PT Field Goal,Restricted Area,Center(C),Less Than 8 ft.,2,12,19,1,1,20190117,CHA,SAC,21800666121,5760,0,203992|1627812|1628382|1628385|1628963,1,REG,2019,203077,,PF,Wing Stopper,0.95,Bagley III 2' Dunk (2 PTS) (Bogdanovic 1 AST),PF,Shot Creator,0.07,203992.0
Shot Chart Detail,21800666,127,1628963,Marvin Bagley III,1610612758,Sacramento Kings,1,1,51,Made Shot,Jump Shot,2PT Field Goal,Mid-Range,Left Side(L),8-16 ft.,13,-95,98,1,1,20190117,CHA,SAC,21800666127,6090,0,203992|1627812|1628382|1628385|1628963,1,REG,2019,203077,8.0,PF,Wing Stopper,0.95,Bagley III 14' Jump Shot (4 PTS) (Bogdanovic 2 AST),PF,Shot Creator,0.07,203992.0
Shot Chart Detail,21800666,204,1628963,Marvin Bagley III,1610612758,Sacramento Kings,2,7,36,Made Shot,Jump Shot,3PT Field Goal,Right Corner 3,Right Side(R),24+ ft.,23,237,16,1,1,20190117,CHA,SAC,21800666204,9840,0,203992|1627741|1628368|1628385|1628963,1,REG,2019,1628370,8.0,SG,Low Activity,-1.1,Bagley III 24' 3PT Jump Shot (7 PTS) (Fox 5 AST),PF,Shot Creator,0.07,1628368.0
Shot Chart Detail,21800666,260,1628963,Marvin Bagley III,1610612758,Sacramento Kings,2,4,28,Missed Shot,Driving Layup Shot,2PT Field Goal,Restricted Area,Center(C),Less Than 8 ft.,2,18,11,1,0,20190117,CHA,SAC,21800666260,11720,0,202697|1626161|1627741|1628368|1628963,0,REG,2019,201587|202689,-1.0,,,,,PF,Shot Creator,0.07,
Shot Chart Detail,21800666,262,1628963,Marvin Bagley III,1610612758,Sacramento Kings,2,4,26,Made Shot,Dunk Shot,2PT Field Goal,Restricted Area,Center(C),Less Than 8 ft.,0,-4,5,1,1,20190117,CHA,SAC,21800666262,11740,0,202697|1626161|1627741|1628368|1628963,0,REG,2019,201587|202689,,,,,,PF,Shot Creator,0.07,
Shot Chart Detail,21800666,281,1628963,Marvin Bagley III,1610612758,Sacramento Kings,2,4,26,Missed Shot,Tip Layup Shot,2PT Field Goal,Restricted Area,Center(C),Less Than 8 ft.,2,22,-5,1,0,20190117,CHA,SAC,21800666281,11740,0,202697|1626161|1627741|1628368|1628963,0,REG,2019,203077,-1.0,PF,Wing Stopper,0.95,MISS Bagley III 2' Tip Layup Shot,PF,Shot Creator,0.07,
Shot Chart Detail,21800666,493,1628963,Marvin Bagley III,1610612758,Sacramento Kings,4,11,28,Missed Shot,Layup Shot,2PT Field Goal,Restricted Area,Center(C),Less Than 8 ft.,2,3,25,1,0,20190117,CHA,SAC,21800666493,21920,0,203992|1627812|1628382|1628385|1628963,0,REG,2019,1626195,-11.0,C,Anchor Big,-0.41,MISS Bagley III 3' Layup,PF,Shot Creator,0.07,
Shot Chart Detail,21800666,495,1628963,Marvin Bagley III,1610612758,Sacramento Kings,4,11,22,Made Shot,Tip Layup Shot,2PT Field Goal,Restricted Area,Center(C),Less Than 8 ft.,0,0,-6,1,1,20190117,CHA,SAC,21800666495,21980,0,203992|1627812|1628382|1628385|1628963,0,REG,2019,1626195,-9.0,C,Anchor Big,-0.41,Bagley III 1' Tip Layup Shot (13 PTS),PF,Shot Creator,0.07,
Shot Chart Detail,21800666,515,1628963,Marvin Bagley III,1610612758,Sacramento Kings,4,9,18,Missed Shot,Jump Shot,3PT Field Goal,Above the Break 3,Center(C),24+ ft.,27,-55,265,1,0,20190117,CHA,SAC,21800666515,23220,0,203992|1627812|1628382|1628385|1628963,0,REG,2019,203077,-12.0,PF,Wing Stopper,0.95,MISS Bagley III 27' 3PT Jump Shot,PF,Shot Creator,0.07,
Shot Chart Detail,21800666,656,1628963,Marvin Bagley III,1610612758,Sacramento Kings,4,0,6,Made Shot,Tip Layup Shot,2PT Field Goal,Restricted Area,Center(C),Less Than 8 ft.,0,0,-6,1,1,20190117,CHA,SAC,21800666656,28740,0,203463|1627812|1628382|1628412|1628963,0,REG,2019,1628970,-19.0,SF,Helper,0.15,Bagley III 1' Tip Layup Shot (15 PTS),PF,Shot Creator,0.07,
Shot Chart Detail,21800680,103,1628963,Marvin Bagley III,1610612758,Sacramento Kings,1,4,15,Missed Shot,Jump Shot,2PT Field Goal,Mid-Range,Right Side(R),16-24 ft.,22,182,132,1,0,20190119,DET,SAC,21800680103,4650,0,202697|1627741|1628368|1628385|1628963,0,REG,2019,201933,-8.0,PF,Helper,0.34,MISS Bagley III 22' Jump Shot,PF,Shot Creator,0.07,
Shot Chart Detail,21800680,138,1628963,Marvin Bagley III,1610612758,Sacramento Kings,1,2,4,Made Shot,Running Dunk Shot,2PT Field Goal,Restricted Area,Center(C),Less Than 8 ft.,1,0,14,1,1,20190119,DET,SAC,21800680138,5960,0,203992|1627741|1627812|1628385|1628963,1,REG,2019,,,,,,,PF,Shot Creator,0.07,203992.0
Shot Chart Detail,21800680,159,1628963,Marvin Bagley III,1610612758,Sacramento Kings,1,0,51,Made Shot,Running Dunk Shot,2PT Field Goal,Restricted Area,Center(C),Less Than 8 ft.,0,-5,1,1,1,20190119,DET,SAC,21800680159,6690,0,201585|203992|1627812|1628382|1628963,1,REG,2019,1628379,,SG,Low Activity,-1.03,Bagley III 1' Running Dunk (4 PTS) (Jackson 1 AST),PF,Shot Creator,0.07,1628382.0
Shot Chart Detail,21800680,163,1628963,Marvin Bagley III,1610612758,Sacramento Kings,1,0,26,Missed Shot,Jump Shot,3PT Field Goal,Above the Break 3,Center(C),24+ ft.,25,-41,250,1,0,20190119,DET,SAC,21800680163,6940,0,201585|203992|1627812|1628382|1628963,0,REG,2019,2585,-4.0,C,Anchor Big,0.78,MISS Bagley III 25' 3PT Jump Shot,PF,Shot Creator,0.07,
Shot Chart Detail,21800680,317,1628963,Marvin Bagley III,1610612758,Sacramento Kings,2,1,1,Made Shot,Jump Bank Shot,2PT Field Goal,Mid-Range,Right Side(R),16-24 ft.,16,145,85,1,1,20190119,DET,SAC,21800680317,13790,0,202697|1627741|1628368|1628385|1628963,1,REG,2019,201933,-8.0,PF,Helper,0.34,Bagley III 17' Jump Bank Shot (6 PTS) (Shumpert 3 AST),PF,Shot Creator,0.07,202697.0
Shot Chart Detail,21800680,397,1628963,Marvin Bagley III,1610612758,Sacramento Kings,3,8,46,Missed Shot,Alley Oop Layup shot,2PT Field Goal,Restricted Area,Center(C),Less Than 8 ft.,1,10,15,1,0,20190119,DET,SAC,21800680397,16340,0,202697|1626161|1627741|1628368|1628963,0,REG,2019,,,,,,,PF,Shot Creator,0.07,
Shot Chart Detail,21800680,547,1628963,Marvin Bagley III,1610612758,Sacramento Kings,4,9,2,Made Shot,Pullup Jump shot,2PT Field Goal,Mid-Range,Center(C),8-16 ft.,15,65,143,1,1,20190119,DET,SAC,21800680547,23380,0,202697|203992|1628382|1628385|1628963,1,REG,2019,2585,-8.0,C,Anchor Big,0.78,Bagley III 16' Pullup Jump Shot (10 PTS) (Bogdanovic 7 AST),PF,Shot Creator,0.07,203992.0
Shot Chart Detail,21800680,555,1628963,Marvin Bagley III,1610612758,Sacramento Kings,4,8,19,Made Shot,Pullup Jump shot,2PT Field Goal,Mid-Range,Right Side Center(RC),16-24 ft.,18,87,159,1,1,20190119,DET,SAC,21800680555,23810,0,202697|203992|1628382|1628385|1628963,1,REG,2019,201933,-8.0,PF,Helper,0.34,Bagley III 18' Pullup Jump Shot (12 PTS) (Giles III 2 AST),PF,Shot Creator,0.07,1628385.0
Shot Chart Detail,21800680,591,1628963,Marvin Bagley III,1610612758,Sacramento Kings,4,6,11,Made Shot,Dunk Shot,2PT Field Goal,Restricted Area,Center(C),Less Than 8 ft.,0,3,2,1,1,20190119,DET,SAC,21800680591,25090,0,202697|1626161|1627741|1628368|1628963,1,REG,2019,201933|202720,,,,,,PF,Shot Creator,0.07,1626161.0
Shot Chart Detail,21800696,76,1628963,Marvin Bagley III,1610612758,Sacramento Kings,1,5,48,Missed Shot,Driving Floating Jump Shot,2PT Field Goal,In The Paint (Non-RA),Center(C),Less Than 8 ft.,6,-11,66,1,0,20190121,BKN,SAC,2180069676,3720,0,202697|1626161|1627741|1628368|1628963,0,REG,2019,201960,-5.0,PF,Helper,-0.29,MISS Bagley III 7' Driving Floating Jump Shot,PF,Shot Creator,0.07,
Shot Chart Detail,21800696,78,1628963,Marvin Bagley III,1610612758,Sacramento Kings,1,5,45,Made Shot,Putback Layup Shot,2PT Field Goal,Restricted Area,Center(C),Less Than 8 ft.,2,14,19,1,1,20190121,BKN,SAC,2180069678,3750,0,202697|1626161|1627741|1628368|1628963,0,REG,2019,1628386,-3.0,C,Anchor Big,1.01,Bagley III 2' Putback Layup (2 PTS),PF,Shot Creator,0.07,
Shot Chart Detail,21800696,87,1628963,Marvin Bagley III,1610612758,Sacramento Kings,1,5,16,Made Shot,Floating Jump shot,2PT Field Goal,In The Paint (Non-RA),Center(C),Less Than 8 ft.,6,20,61,1,1,20190121,BKN,SAC,2180069687,4040,0,202697|203992|1628368|1628385|1628963,1,REG,2019,1628386,-3.0,C,Anchor Big,1.01,Bagley III 6' Floating Jump Shot (4 PTS) (Bogdanovic 1 AST),PF,Shot Creator,0.07,203992.0
Shot Chart Detail,21800696,148,1628963,Marvin Bagley III,1610612758,Sacramento Kings,1,1,53,Missed Shot,Jump Shot,3PT Field Goal,Above the Break 3,Center(C),24+ ft.,25,0,253,1,0,20190121,BKN,SAC,21800696148,6070,0,203992|1627812|1628382|1628385|1628963,0,REG,2019,1626178,-3.0,SF,Helper,0.78,MISS Bagley III 25' 3PT Jump Shot,PF,Shot Creator,0.07,
Shot Chart Detail,21800696,216,1628963,Marvin Bagley III,1610612758,Sacramento Kings,2,8,25,Missed Shot,Turnaround Hook Shot,2PT Field Goal,In The Paint (Non-RA),Center(C),Less Than 8 ft.,4,-43,4,1,0,20190121,BKN,SAC,21800696216,9350,0,203992|1627741|1627812|1628382|1628963,0,REG,2019,1629066,5.0,SF,Helper,0.08,MISS Bagley III 4' Turnaround Hook Shot,PF,Shot Creator,0.07,
Shot Chart Detail,21800696,221,1628963,Marvin Bagley III,1610612758,Sacramento Kings,2,8,2,Missed Shot,Pullup Jump shot,3PT Field Goal,Above the Break 3,Center(C),24+ ft.,24,-19,247,1,0,20190121,BKN,SAC,21800696221,9580,0,203992|1627741|1627812|1628382|1628963,0,REG,2019,202334,3.0,C,Anchor Big,2.1,MISS Bagley III 25' 3PT Pullup Jump Shot,PF,Shot Creator,0.07,
Shot Chart Detail,21800696,472,1628963,Marvin Bagley III,1610612758,Sacramento Kings,3,1,46,Made Shot,Cutting Dunk Shot,2PT Field Goal,Restricted Area,Center(C),Less Than 8 ft.,1,-8,18,1,1,20190121,BKN,SAC,21800696472,20540,0,203992|1627741|1627812|1628385|1628963,1,REG,2019,1626178,-8.0,SF,Helper,0.78,Bagley III 2' Cutting Dunk Shot (9 PTS) (Giles III 2 AST),PF,Shot Creator,0.07,1628385.0
Shot Chart Detail,21800702,16,1628963,Marvin Bagley III,1610612758,Sacramento Kings,1,11,2,Made Shot,Hook Shot,2PT Field Goal,Restricted Area,Center(C),Less Than 8 ft.,2,-24,6,1,1,20190122,TOR,SAC,2180070216,580,0,203992|1626161|1627741|1627812|1628963,1,REG,2019,201586,2.0,C,Anchor Big,0.3,Bagley III 2' Hook Shot (2 PTS) (Bogdanovic 1 AST),PF,Shot Creator,0.07,203992.0
Shot Chart Detail,21800702,44,1628963,Marvin Bagley III,1610612758,Sacramento Kings,1,8,19,Made Shot,Hook Shot,2PT Field Goal,In The Paint (Non-RA),Center(C),Less Than 8 ft.,5,0,51,1,1,20190122,TOR,SAC,2180070244,2210,0,203992|1626161|1627741|1627812|1628963,1,REG,2019,201586,1.0,C,Anchor Big,0.3,Bagley III 5' Hook Shot (4 PTS) (Ferrell 2 AST),PF,Shot Creator,0.07,1627812.0
Shot Chart Detail,21800702,48,1628963,Marvin Bagley III,1610612758,Sacramento Kings,1,7,55,Missed Shot,Driving Reverse Layup Shot,2PT Field Goal,Restricted Area,Center(C),Less Than 8 ft.,1,-19,5,1,0,20190122,TOR,SAC,2180070248,2450,0,203992|1626161|1627741|1627812|1628963,0,REG,2019,1627783,1.0,PF,Wing Stopper,0.93,MISS Bagley III 2' Driving Reverse Layup,PF,Shot Creator,0.07,
Shot Chart Detail,21800702,90,1628963,Marvin Bagley III,1610612758,Sacramento Kings,1,4,40,Missed Shot,Jump Shot,2PT Field Goal,Mid-Range,Left Side Center(LC),16-24 ft.,16,-96,131,1,0,20190122,TOR,SAC,2180070290,4400,0,203992|1627741|1627812|1628385|1628963,0,REG,2019,1627783,-2.0,PF,Wing Stopper,0.93,MISS Bagley III 16' Jump Shot,PF,Shot Creator,0.07,
Shot Chart Detail,21800702,125,1628963,Marvin Bagley III,1610612758,Sacramento Kings,1,2,5,Made Shot,Driving Hook Shot,2PT Field Goal,Restricted Area,Center(C),Less Than 8 ft.,3,-30,5,1,1,20190122,TOR,SAC,21800702125,5950,0,1627741|1628382|1628385|1628412|1628963,1,REG,2019,1627783,5.0,PF,Wing Stopper,0.93,Bagley III 3' Driving Hook Shot (6 PTS) (Mason 1 AST),PF,Shot Creator,0.07,1628412.0
Shot Chart Detail,21800702,134,1628963,Marvin Bagley III,1610612758,Sacramento Kings,1,1,38,Missed Shot,Jump Shot,2PT Field Goal,Mid-Range,Left Side(L),8-16 ft.,10,-100,15,1,0,20190122,TOR,SAC,21800702134,6220,0,1627741|1628382|1628385|1628412|1628963,0,REG,2019,1627783,4.0,PF,Wing Stopper,0.93,MISS Bagley III 10' Jump Shot,PF,Shot Creator,0.07,
Shot Chart Detail,21800702,151,1628963,Marvin Bagley III,1610612758,Sacramento Kings,1,0,10,Made Shot,Driving Finger Roll Layup Shot,2PT Field Goal,Restricted Area,Center(C),Less Than 8 ft.,1,14,14,1,1,20190122,TOR,SAC,21800702151,7100,0,1627741|1628382|1628385|1628412|1628963,0,REG,2019,101139,5.0,SF,Low Activity,-1.01,Bagley III 2' Driving Finger Roll Layup (8 PTS),PF,Shot Creator,0.07,
Shot Chart Detail,21800702,289,1628963,Marvin Bagley III,1610612758,Sacramento Kings,2,3,33,Missed Shot,Layup Shot,2PT Field Goal,In The Paint (Non-RA),Center(C),Less Than 8 ft.,6,57,40,1,0,20190122,TOR,SAC,21800702289,12270,0,203992|1627741|1627812|1628385|1628963,0,REG,2019,1627783,-0.0,PF,Wing Stopper,0.93,Green BLOCK (1 BLK),PF,Shot Creator,0.07,
Shot Chart Detail,21800702,346,1628963,Marvin Bagley III,1610612758,Sacramento Kings,3,11,23,Missed Shot,Driving Layup Shot,2PT Field Goal,In The Paint (Non-RA),Center(C),8-16 ft.,12,2,120,1,0,20190122,TOR,SAC,21800702346,14770,0,203992|1626161|1627741|1627812|1628963,0,REG,2019,201980,-4.0,SG,Wing Stopper,0.88,Lowry BLOCK (1 BLK),PF,Shot Creator,0.07,
Shot Chart Detail,21800702,351,1628963,Marvin Bagley III,1610612758,Sacramento Kings,3,11,14,Made Shot,Running Alley Oop Dunk Shot,2PT Field Goal,Restricted Area,Center(C),Less Than 8 ft.,1,-5,13,1,1,20190122,TOR,SAC,21800702351,14860,0,203992|1626161|1627741|1627812|1628963,1,REG,2019,201980,-2.0,SG,Wing Stopper,0.88,Bagley III 1' Running Alley Oop Dunk Shot (10 PTS) (Hield 3 AST),PF,Shot Creator,0.07,1627741.0
Shot Chart Detail,21800702,375,1628963,Marvin Bagley III,1610612758,Sacramento Kings,3,8,59,Missed Shot,Jump Shot,2PT Field Goal,Mid-Range,Left Side(L),8-16 ft.,15,-153,27,1,0,20190122,TOR,SAC,21800702375,16210,0,203992|1626161|1627741|1627812|1628963,0,REG,2019,1627783,-6.0,PF,Wing Stopper,0.93,MISS Bagley III 16' Jump Shot,PF,Shot Creator,0.07,
Shot Chart Detail,21800702,385,1628963,Marvin Bagley III,1610612758,Sacramento Kings,3,7,53,Made Shot,Turnaround Hook Shot,2PT Field Goal,Restricted Area,Center(C),Less Than 8 ft.,3,35,17,1,1,20190122,TOR,SAC,21800702385,16870,0,203992|1626161|1627741|1627812|1628963,1,REG,2019,1627783,-6.0,PF,Wing Stopper,0.93,Bagley III 4' Turnaround Hook Shot (12 PTS) (Cauley-Stein 2 AST),PF,Shot Creator,0.07,1626161.0
Shot Chart Detail,21800702,398,1628963,Marvin Bagley III,1610612758,Sacramento Kings,3,6,54,Made Shot,Dunk Shot,2PT Field Goal,Restricted Area,Center(C),Less Than 8 ft.,2,4,26,1,1,20190122,TOR,SAC,21800702398,17460,0,203992|1626161|1627741|1627812|1628963,1,REG,2019,1627783,,PF,Wing Stopper,0.93,Bagley III 3' Dunk (14 PTS) (Ferrell 6 AST),PF,Shot Creator,0.07,1627812.0
Shot Chart Detail,21800702,486,1628963,Marvin Bagley III,1610612758,Sacramento Kings,3,0,50,Missed Shot,Layup Shot,2PT Field Goal,Restricted Area,Center(C),Less Than 8 ft.,2,-19,16,1,0,20190122,TOR,SAC,21800702486,21100,0,203463|1627812|1628382|1628385|1628963,0,REG,2019,1627783,-10.0,PF,Wing Stopper,0.93,MISS Bagley III 2' Layup,PF,Shot Creator,0.07,
Shot Chart Detail,21800702,554,1628963,Marvin Bagley III,1610612758,Sacramento Kings,4,9,57,Missed Shot,Turnaround Jump Shot,2PT Field Goal,In The Paint (Non-RA),Left Side(L),8-16 ft.,8,-71,39,1,0,20190122,TOR,SAC,21800702554,22830,0,203463|1628382|1628385|1628412|1628963,0,REG,2019,101139,-11.0,SF,Low Activity,-1.01,Miles BLOCK (1 BLK),PF,Shot Creator,0.07,
Shot Chart Detail,21800702,566,1628963,Marvin Bagley III,1610612758,Sacramento Kings,4,9,14,Made Shot,Jump Shot,2PT Field Goal,Mid-Range,Right Side(R),8-16 ft.,11,113,26,1,1,20190122,TOR,SAC,21800702566,23260,0,203463|1628382|1628385|1628412|1628963,1,REG,2019,1628449,-8.0,PF,Helper,0.24,Bagley III 12' Jump Shot (18 PTS) (Mason 3 AST),PF,Shot Creator,0.07,1628412.0
Shot Chart Detail,21800702,620,1628963,Marvin Bagley III,1610612758,Sacramento Kings,4,6,1,Made Shot,Floating Jump shot,2PT Field Goal,Mid-Range,Left Side(L),8-16 ft.,10,-93,43,1,1,20190122,TOR,SAC,21800702620,25190,0,203992|1626161|1627741|1627812|1628963,1,REG,2019,1628449|101139,-9.0,,,,,PF,Shot Creator,0.07,1627741.0
Shot Chart Detail,21800702,643,1628963,Marvin Bagley III,1610612758,Sacramento Kings,4,4,46,Missed Shot,Jump Shot,3PT Field Goal,Above the Break 3,Left Side Center(LC),24+ ft.,25,-198,154,1,0,20190122,TOR,SAC,21800702643,25940,0,203992|1626161|1627741|1627812|1628963,0,REG,2019,1627783,-10.0,PF,Wing Stopper,0.93,MISS Bagley III 25' 3PT Jump Shot,PF,Shot Creator,0.07,
Shot Chart Detail,21800702,690,1628963,Marvin Bagley III,1610612758,Sacramento Kings,4,2,13,Made Shot,Putback Dunk Shot,2PT Field Goal,Restricted Area,Center(C),Less Than 8 ft.,2,-3,21,1,1,20190122,TOR,SAC,21800702690,27470,0,203992|1626161|1627741|1627812|1628963,0,REG,2019,1627775,,SG,Chaser,0.14,Bagley III 2' Putback Dunk (22 PTS),PF,Shot Creator,0.07,
Shot Chart Detail,21800702,697,1628963,Marvin Bagley III,1610612758,Sacramento Kings,4,1,34,Missed Shot,Jump Shot,3PT Field Goal,Above the Break 3,Right Side Center(RC),24+ ft.,25,116,228,1,0,20190122,TOR,SAC,21800702697,27860,0,203992|1626161|1627741|1627812|1628963,0,REG,2019,200768,-17.0,PG,Chaser,0.87,MISS Bagley III 26' 3PT Jump Shot,PF,Shot Creator,0.07,
Shot Chart Detail,21800725,101,1628963,Marvin Bagley III,1610612758,Sacramento Kings,1,4,15,Missed Shot,Driving Reverse Layup Shot,2PT Field Goal,Restricted Area,Center(C),Less Than 8 ft.,1,9,-6,1,0,20190125,MEM,SAC,21800725101,4650,0,203992|1626161|1627741|1628368|1628963,0,REG,2019,,,,,,,PF,Shot Creator,0.07,
Shot Chart Detail,21800725,122,1628963,Marvin Bagley III,1610612758,Sacramento Kings,1,2,52,Missed Shot,Jump Shot,2PT Field Goal,Mid-Range,Left Side(L),8-16 ft.,15,-147,43,1,0,20190125,MEM,SAC,21800725122,5480,0,202357|203992|1627741|1628368|1628963,0,REG,2019,201149,-3.0,C,Anchor Big,1.81,MISS Bagley III 15' Jump Shot,PF,Shot Creator,0.07,
Shot Chart Detail,21800725,129,1628963,Marvin Bagley III,1610612758,Sacramento Kings,1,2,3,Made Shot,Jump Shot,2PT Field Goal,Mid-Range,Center(C),16-24 ft.,16,0,167,1,1,20190125,MEM,SAC,21800725129,5970,0,202357|203992|1627741|1628368|1628963,1,REG,2019,201149,-3.0,C,Anchor Big,1.81,Bagley III 17' Jump Shot (2 PTS) (Hield 1 AST),PF,Shot Creator,0.07,1627741.0
Shot Chart Detail,21800725,143,1628963,Marvin Bagley III,1610612758,Sacramento Kings,1,1,6,Made Shot,Reverse Layup Shot,2PT Field Goal,Restricted Area,Center(C),Less Than 8 ft.,1,-12,13,1,1,20190125,MEM,SAC,21800725143,6540,0,202357|203992|1627812|1628382|1628963,1,REG,2019,201149,-0.0,C,Anchor Big,1.81,Bagley III 2' Reverse Layup (4 PTS) (Ferrell 2 AST),PF,Shot Creator,0.07,1627812.0
Shot Chart Detail,21800725,272,1628963,Marvin Bagley III,1610612758,Sacramento Kings,2,3,55,Missed Shot,Running Dunk Shot,2PT Field Goal,Restricted Area,Center(C),Less Than 8 ft.,0,-7,0,1,0,20190125,MEM,SAC,21800725272,12050,0,202697|1626161|1627741|1628368|1628963,0,REG,2019,,,,,,,PF,Shot Creator,0.07,
Shot Chart Detail,21800725,276,1628963,Marvin Bagley III,1610612758,Sacramento Kings,2,3,20,Missed Shot,Jump Shot,2PT Field Goal,Mid-Range,Left Side(L),8-16 ft.,13,-131,47,1,0,20190125,MEM,SAC,21800725276,12400,0,202697|1626161|1627741|1628368|1628963,0,REG,2019,1628991,3.0,PF,Helper,1.03,MISS Bagley III 14' Jump Shot,PF,Shot Creator,0.07,
Shot Chart Detail,21800725,298,1628963,Marvin Bagley III,1610612758,Sacramento Kings,2,1,28,Missed Shot,Jump Shot,3PT Field Goal,Above the Break 3,Right Side Center(RC),24+ ft.,24,221,110,1,0,20190125,MEM,SAC,21800725298,13520,0,202697|1626161|1627741|1628368|1628963,0,REG,2019,1628991,-1.0,PF,Helper,1.03,MISS Bagley III 25' 3PT Jump Shot,PF,Shot Creator,0.07,
Shot Chart Detail,21800725,302,1628963,Marvin Bagley III,1610612758,Sacramento Kings,2,1,4,Missed Shot,Cutting Layup Shot,2PT Field Goal,Restricted Area,Center(C),Less Than 8 ft.,0,-1,1,1,0,20190125,MEM,SAC,21800725302,13760,0,202697|1626161|1627741|1628368|1628963,0,REG,2019,,,,,,,PF,Shot Creator,0.07,
Shot Chart Detail,21800725,304,1628963,Marvin Bagley III,1610612758,Sacramento Kings,2,1,0,Made Shot,Tip Layup Shot,2PT Field Goal,Restricted Area,Center(C),Less Than 8 ft.,0,0,-6,1,1,20190125,MEM,SAC,21800725304,13800,0,202697|1626161|1627741|1628368|1628963,0,REG,2019,,,,,,,PF,Shot Creator,0.07,
Shot Chart Detail,21800725,517,1628963,Marvin Bagley III,1610612758,Sacramento Kings,4,9,53,Missed Shot,Layup Shot,2PT Field Goal,Restricted Area,Center(C),Less Than 8 ft.,1,11,3,1,0,20190125,MEM,SAC,21800725517,22870,0,202357|203992|1627741|1627812|1628963,0,REG,2019,201149,5.0,C,Anchor Big,1.81,Caboclo BLOCK (1 BLK),PF,Shot Creator,0.07,
Shot Chart Detail,21800725,522,1628963,Marvin Bagley III,1610612758,Sacramento Kings,4,9,28,Missed Shot,Jump Shot,2PT Field Goal,Mid-Range,Left Side Center(LC),16-24 ft.,20,-146,147,1,0,20190125,MEM,SAC,21800725522,23120,0,202357|203992|1627741|1627812|1628963,0,REG,2019,201149,5.0,C,Anchor Big,1.81,MISS Bagley III 21' Jump Shot,PF,Shot Creator,0.07,
Shot Chart Detail,21800725,546,1628963,Marvin Bagley III,1610612758,Sacramento Kings,4,8,18,Made Shot,Cutting Dunk Shot,2PT Field Goal,Restricted Area,Center(C),Less Than 8 ft.,0,0,0,1,1,20190125,MEM,SAC,21800725546,23820,0,203992|1626161|1628368|1628382|1628963,1,REG,2019,,,,,,,PF,Shot Creator,0.07,1628382.0
Shot Chart Detail,21800725,552,1628963,Marvin Bagley III,1610612758,Sacramento Kings,4,7,43,Made Shot,Putback Layup Shot,2PT Field Goal,Restricted Area,Center(C),Less Than 8 ft.,0,1,4,1,1,20190125,MEM,SAC,21800725552,24170,0,203992|1626161|1628368|1628382|1628963,0,REG,2019,1628991,10.0,PF,Helper,1.03,Bagley III Putback Layup (12 PTS),PF,Shot Creator,0.07,
Shot Chart Detail,21800725,583,1628963,Marvin Bagley III,1610612758,Sacramento Kings,4,5,57,Missed Shot,Turnaround Jump Shot,2PT Field Goal,In The Paint (Non-RA),Center(C),Less Than 8 ft.,6,66,21,1,0,20190125,MEM,SAC,21800725583,25230,0,203992|1628368|1628382|1628385|1628963,0,REG,2019,1628991,6.0,PF,Helper,1.03,MISS Bagley III 7' Turnaround Jump Shot,PF,Shot Creator,0.07,
Shot Chart Detail,21800725,591,1628963,Marvin Bagley III,1610612758,Sacramento Kings,4,5,14,Made Shot,Tip Layup Shot,2PT Field Goal,Restricted Area,Center(C),Less Than 8 ft.,0,0,-6,1,1,20190125,MEM,SAC,21800725591,25660,0,202697|1628368|1628382|1628385|1628963,0,REG,2019,201144,6.0,PG,Point of Attack,-0.29,Bagley III 1' Tip Layup Shot (14 PTS),PF,Shot Creator,0.07,
Shot Chart Detail,21800736,86,1628963,Marvin Bagley III,1610612758,Sacramento Kings,1,5,9,Made Shot,Running Finger Roll Layup Shot,2PT Field Goal,Restricted Area,Center(C),Less Than 8 ft.,2,-16,16,1,1,20190127,LAC,SAC,2180073686,4110,0,203992|1627741|1628368|1628385|1628963,1,REG,2019,203118,-6.0,PF,Helper,-1.25,Bagley III 2' Running Finger Roll Layup (2 PTS) (Hield 2 AST),PF,Shot Creator,0.07,1627741.0
Shot Chart Detail,21800736,90,1628963,Marvin Bagley III,1610612758,Sacramento Kings,1,4,43,Made Shot,Turnaround Hook Shot,2PT Field Goal,In The Paint (Non-RA),Center(C),Less Than 8 ft.,5,-7,58,1,1,20190127,LAC,SAC,2180073690,4370,0,203992|1627741|1628368|1628385|1628963,1,REG,2019,101162,-7.0,C,Anchor Big,0.88,Bagley III 6' Turnaround Hook Shot (4 PTS) (Fox 1 AST),PF,Shot Creator,0.07,1628368.0
Shot Chart Detail,21800736,121,1628963,Marvin Bagley III,1610612758,Sacramento Kings,1,2,28,Missed Shot,Jump Shot,3PT Field Goal,Above the Break 3,Right Side Center(RC),24+ ft.,24,150,191,1,0,20190127,LAC,SAC,21800736121,5720,0,203992|1627741|1628368|1628385|1628963,0,REG,2019,1626149,-11.0,C,Anchor Big,-0.17,MISS Bagley III 24' 3PT Jump Shot,PF,Shot Creator,0.07,
Shot Chart Detail,21800736,139,1628963,Marvin Bagley III,1610612758,Sacramento Kings,1,1,24,Missed Shot,Jump Shot,3PT Field Goal,Above the Break 3,Left Side Center(LC),24+ ft.,26,-88,252,1,0,20190127,LAC,SAC,21800736139,6360,0,202357|203992|1627741|1627812|1628963,0,REG,2019,1626149,-14.0,C,Anchor Big,-0.17,MISS Bagley III 27' 3PT Jump Shot,PF,Shot Creator,0.07,
Shot Chart Detail,21800736,175,1628963,Marvin Bagley III,1610612758,Sacramento Kings,2,10,56,Missed Shot,Jump Shot,2PT Field Goal,Mid-Range,Right Side Center(RC),16-24 ft.,19,70,184,1,0,20190127,LAC,SAC,21800736175,7840,0,202697|203992|1627812|1628382|1628963,0,REG,2019,1626149,-16.0,C,Anchor Big,-0.17,MISS Bagley III 20' Jump Shot,PF,Shot Creator,0.07,
Shot Chart Detail,21800736,348,1628963,Marvin Bagley III,1610612758,Sacramento Kings,2,0,24,Made Shot,Turnaround Hook Shot,2PT Field Goal,In The Paint (Non-RA),Center(C),Less Than 8 ft.,5,-52,11,1,1,20190127,LAC,SAC,21800736348,14160,0,1626161|1627741|1628368|1628382|1628963,1,REG,2019,203118,-16.0,PF,Helper,-1.25,Bagley III 5' Turnaround Hook Shot (6 PTS) (Fox 2 AST),PF,Shot Creator,0.07,1628368.0
Shot Chart Detail,21800736,495,1628963,Marvin Bagley III,1610612758,Sacramento Kings,3,2,1,Missed Shot,Hook Shot,2PT Field Goal,In The Paint (Non-RA),Center(C),Less Than 8 ft.,5,-49,24,1,0,20190127,LAC,SAC,21800736495,20390,0,202357|202697|203992|1628368|1628963,0,REG,2019,202699,-13.0,PF,Wing Stopper,-0.58,MISS Bagley III 5' Hook Shot,PF,Shot Creator,0.07,
Shot Chart Detail,21800736,527,1628963,Marvin Bagley III,1610612758,Sacramento Kings,3,0,37,Missed Shot,Layup Shot,2PT Field Goal,Restricted Area,Center(C),Less Than 8 ft.,1,-4,16,1,0,20190127,LAC,SAC,21800736527,21230,0,203992|1626161|1627741|1628382|1628963,0,REG,2019,1628983,-16.0,PG,Point of Attack,0.72,MISS Bagley III 2' Layup,PF,Shot Creator,0.07,
Shot Chart Detail,21800736,530,1628963,Marvin Bagley III,1610612758,Sacramento Kings,3,0,32,Made Shot,Tip Layup Shot,2PT Field Goal,Restricted Area,Center(C),Less Than 8 ft.,0,0,-6,1,1,20190127,LAC,SAC,21800736530,21280,0,203992|1626161|1627741|1628382|1628963,0,REG,2019,1628983,-14.0,PG,Point of Attack,0.72,Bagley III 1' Tip Layup Shot (10 PTS),PF,Shot Creator,0.07,
Shot Chart Detail,21800736,594,1628963,Marvin Bagley III,1610612758,Sacramento Kings,4,7,47,Made Shot,Turnaround Hook Shot,2PT Field Goal,In The Paint (Non-RA),Center(C),Less Than 8 ft.,4,14,38,1,1,20190127,LAC,SAC,21800736594,24130,0,203992|1626161|1627741|1628382|1628963,0,REG,2019,202699,-6.0,PF,Wing Stopper,-0.58,Bagley III 4' Turnaround Hook Shot (14 PTS),PF,Shot Creator,0.07,
Shot Chart Detail,21800762,100,1628963,Marvin Bagley III,1610612758,Sacramento Kings,1,4,43,Made Shot,Putback Layup Shot,2PT Field Goal,Restricted Area,Center(C),Less Than 8 ft.,2,20,20,1,1,20190130,SAC,ATL,21800762100,4370,0,202357|203992|1627741|1628368|1628963,0,REG,2019,202391,-5.0,PG,Point of Attack,-0.76,Bagley III 3' Putback Layup (2 PTS),PF,Shot Creator,0.07,
Shot Chart Detail,21800762,146,1628963,Marvin Bagley III,1610612758,Sacramento Kings,1,0,19,Made Shot,Jump Shot,2PT Field Goal,Mid-Range,Left Side(L),8-16 ft.,15,-156,11,1,1,20190130,SAC,ATL,21800762146,7010,0,203992|1627812|1628382|1628385|1628963,0,REG,2019,1629016,3.0,PF,Helper,-0.45,Bagley III 16' Jump Shot (4 PTS),PF,Shot Creator,0.07,
Shot Chart Detail,21800762,151,1628963,Marvin Bagley III,1610612758,Sacramento Kings,1,0,0,Missed Shot,Jump Shot,3PT Field Goal,Backcourt,Back Court(BC),Back Court Shot,57,-3,576,1,0,20190130,SAC,ATL,21800762151,7200,0,203992|1627812|1628382|1628385|1628963,0,REG,2019,1629016,1.0,PF,Helper,-0.45,MISS Bagley III 58' 3PT Jump Shot,PF,Shot Creator,0.07,
Shot Chart Detail,21800762,201,1628963,Marvin Bagley III,1610612758,Sacramento Kings,2,8,13,Missed Shot,Jump Shot,3PT Field Goal,Left Corner 3,Left Side(L),24+ ft.,23,-226,58,1,0,20190130,SAC,ATL,21800762201,9470,0,203992|1627812|1628382|1628385|1628963,0,REG,2019,1628381,5.0,PF,Helper,-1.35,MISS Bagley III 3PT Jump Shot,PF,Shot Creator,0.07,
Shot Chart Detail,21800762,230,1628963,Marvin Bagley III,1610612758,Sacramento Kings,2,5,42,Made Shot,Running Layup Shot,2PT Field Goal,Restricted Area,Center(C),Less Than 8 ft.,1,13,11,1,1,20190130,SAC,ATL,21800762230,10980,0,203992|1626161|1628368|1628382|1628963,0,REG,2019,203473,10.0,C,Anchor Big,1.59,Bagley III 2' Running Layup (9 PTS),PF,Shot Creator,0.07,
Shot Chart Detail,21800762,262,1628963,Marvin Bagley III,1610612758,Sacramento Kings,2,4,12,Made Shot,Jump Shot,2PT Field Goal,Mid-Range,Center(C),16-24 ft.,17,-37,168,1,1,20190130,SAC,ATL,21800762262,11880,0,202697|1626161|1627741|1628368|1628963,1,REG,2019,1629016,8.0,PF,Helper,-0.45,Bagley III 17' Jump Shot (11 PTS) (Fox 3 AST),PF,Shot Creator,0.07,1628368.0
Shot Chart Detail,21800762,267,1628963,Marvin Bagley III,1610612758,Sacramento Kings,2,3,44,Made Shot,Jump Shot,2PT Field Goal,In The Paint (Non-RA),Center(C),Less Than 8 ft.,5,13,57,1,1,20190130,SAC,ATL,21800762267,12160,0,202697|1626161|1627741|1628368|1628963,0,REG,2019,203473|202391,10.0,,,,,PF,Shot Creator,0.07,
Shot Chart Detail,21800762,509,1628963,Marvin Bagley III,1610612758,Sacramento Kings,3,1,0,Missed Shot,Jump Shot,3PT Field Goal,Above the Break 3,Center(C),24+ ft.,25,-44,256,1,0,20190130,SAC,ATL,21800762509,21000,0,203992|1627812|1628382|1628385|1628963,0,REG,2019,1629016,26.0,PF,Helper,-0.45,MISS Bagley III 26' 3PT Jump Shot,PF,Shot Creator,0.07,
Shot Chart Detail,21800762,535,1628963,Marvin Bagley III,1610612758,Sacramento Kings,4,11,31,Missed Shot,Driving Layup Shot,2PT Field Goal,Restricted Area,Center(C),Less Than 8 ft.,2,-12,27,1,0,20190130,SAC,ATL,21800762535,21890,0,203992|1627812|1628382|1628385|1628963,0,REG,2019,1628381,25.0,PF,Helper,-1.35,MISS Bagley III 3' Driving Layup,PF,Shot Creator,0.07,
Shot Chart Detail,21800762,539,1628963,Marvin Bagley III,1610612758,Sacramento Kings,4,11,26,Made Shot,Driving Layup Shot,2PT Field Goal,Restricted Area,Center(C),Less Than 8 ft.,2,-25,6,1,1,20190130,SAC,ATL,21800762539,21940,0,203992|1627812|1628382|1628385|1628963,1,REG,2019,1628381,27.0,PF,Helper,-1.35,Bagley III 3' Driving Layup (15 PTS) (Jackson 3 AST),PF,Shot Creator,0.07,1628382.0
Shot Chart Detail,21800762,565,1628963,Marvin Bagley III,1610612758,Sacramento Kings,4,8,54,Missed Shot,Jump Shot,2PT Field Goal,Mid-Range,Left Side(L),8-16 ft.,10,-96,29,1,0,20190130,SAC,ATL,21800762565,23460,0,203992|1626161|1627741|1627812|1628963,0,REG,2019,1628381,24.0,PF,Helper,-1.35,MISS Bagley III 10' Jump Shot,PF,Shot Creator,0.07,
Shot Chart Detail,21800762,586,1628963,Marvin Bagley III,1610612758,Sacramento Kings,4,7,19,Made Shot,Reverse Dunk Shot,2PT Field Goal,Restricted Area,Center(C),Less Than 8 ft.,0,8,2,1,1,20190130,SAC,ATL,21800762586,24410,0,203992|1626161|1627741|1627812|1628963,1,REG,2019,1628989,,SG,Chaser,-0.34,Bagley III 1' Reverse Dunk (17 PTS) (Ferrell 3 AST),PF,Shot Creator,0.07,1627812.0
Shot Chart Detail,21800762,601,1628963,Marvin Bagley III,1610612758,Sacramento Kings,4,6,1,Missed Shot,Jump Shot,2PT Field Goal,Mid-Range,Right Side(R),8-16 ft.,14,140,49,1,0,20190130,SAC,ATL,21800762601,25190,0,203992|1626161|1627741|1627812|1628963,0,REG,2019,1629016,25.0,PF,Helper,-0.45,MISS Bagley III 15' Jump Shot,PF,Shot Creator,0.07,
Shot Chart Detail,21800762,657,1628963,Marvin Bagley III,1610612758,Sacramento Kings,4,1,56,Missed Shot,Driving Layup Shot,2PT Field Goal,In The Paint (Non-RA),Center(C),Less Than 8 ft.,6,-8,65,1,0,20190130,SAC,ATL,21800762657,27640,0,201585|1627746|1628382|1628412|1628963,0,REG,2019,203458|1627772|202391,23.0,,,,,PF,Shot Creator,0.07,
Shot Chart Detail,21800785,89,1628963,Marvin Bagley III,1610612758,Sacramento Kings,1,5,26,Missed Shot,Finger Roll Layup Shot,2PT Field Goal,Restricted Area,Center(C),Less Than 8 ft.,3,20,31,1,0,20190202,SAC,PHI,2180078589,3940,0,203992|1627741|1628368|1628385|1628963,0,REG,2019,1627732,0.0,PG,Wing Stopper,0.42,MISS Bagley III 4' Finger Roll Layup,PF,Shot Creator,0.07,
Shot Chart Detail,21800785,97,1628963,Marvin Bagley III,1610612758,Sacramento Kings,1,5,11,Missed Shot,Fadeaway Jump Shot,2PT Field Goal,In The Paint (Non-RA),Center(C),Less Than 8 ft.,5,6,56,1,0,20190202,SAC,PHI,2180078597,4090,0,203992|1627741|1628368|1628385|1628963,0,REG,2019,1628413,0.0,PF,Helper,0.3,MISS Bagley III 6' Fadeaway Jumper,PF,Shot Creator,0.07,
Shot Chart Detail,21800785,101,1628963,Marvin Bagley III,1610612758,Sacramento Kings,1,5,5,Missed Shot,Jump Shot,2PT Field Goal,In The Paint (Non-RA),Center(C),8-16 ft.,8,9,88,1,0,20190202,SAC,PHI,21800785101,4150,0,203992|1627741|1628368|1628385|1628963,0,REG,2019,1628413,0.0,PF,Helper,0.3,MISS Bagley III 9' Jump Shot,PF,Shot Creator,0.07,
Shot Chart Detail,21800785,147,1628963,Marvin Bagley III,1610612758,Sacramento Kings,1,1,50,Made Shot,Hook Shot,2PT Field Goal,In The Paint (Non-RA),Center(C),Less Than 8 ft.,5,-59,3,1,1,20190202,SAC,PHI,21800785147,6100,0,203992|1627741|1628368|1628385|1628963,0,REG,2019,203954,11.0,C,Anchor Big,1.79,Bagley III 6' Hook Shot (2 PTS),PF,Shot Creator,0.07,
Shot Chart Detail,21800785,166,1628963,Marvin Bagley III,1610612758,Sacramento Kings,1,0,38,Missed Shot,Tip Layup Shot,2PT Field Goal,Restricted Area,Center(C),Less Than 8 ft.,0,0,-6,1,0,20190202,SAC,PHI,21800785166,6820,0,203992|1627812|1628382|1628385|1628963,0,REG,2019,1628413|203954,9.0,,,,,PF,Shot Creator,0.07,
Shot Chart Detail,21800785,191,1628963,Marvin Bagley III,1610612758,Sacramento Kings,2,10,54,Made Shot,Jump Shot,2PT Field Goal,In The Paint (Non-RA),Center(C),8-16 ft.,10,-4,105,1,1,20190202,SAC,PHI,21800785191,7860,0,203992|1627812|1628382|1628385|1628963,0,REG,2019,,,,,,,PF,Shot Creator,0.07,
Shot Chart Detail,21800785,194,1628963,Marvin Bagley III,1610612758,Sacramento Kings,2,10,29,Missed Shot,Driving Layup Shot,2PT Field Goal,Restricted Area,Center(C),Less Than 8 ft.,3,11,30,1,0,20190202,SAC,PHI,21800785194,8110,0,203992|1627812|1628382|1628385|1628963,0,REG,2019,,,,,,,PF,Shot Creator,0.07,
Shot Chart Detail,21800785,201,1628963,Marvin Bagley III,1610612758,Sacramento Kings,2,9,42,Missed Shot,Driving Floating Jump Shot,2PT Field Goal,In The Paint (Non-RA),Center(C),Less Than 8 ft.,5,27,46,1,0,20190202,SAC,PHI,21800785201,8580,0,203992|1627812|1628382|1628385|1628963,0,REG,2019,,,,,,,PF,Shot Creator,0.07,
Shot Chart Detail,21800785,214,1628963,Marvin Bagley III,1610612758,Sacramento Kings,2,9,2,Missed Shot,Jump Shot,3PT Field Goal,Above the Break 3,Center(C),24+ ft.,25,7,250,1,0,20190202,SAC,PHI,21800785214,8980,0,203992|1626161|1627812|1628382|1628963,0,REG,2019,,,,,,,PF,Shot Creator,0.07,
Shot Chart Detail,21800785,239,1628963,Marvin Bagley III,1610612758,Sacramento Kings,2,7,28,Made Shot,Hook Shot,2PT Field Goal,In The Paint (Non-RA),Center(C),Less Than 8 ft.,7,-71,8,1,1,20190202,SAC,PHI,21800785239,9920,0,202697|203992|1626161|1628368|1628963,1,REG,2019,,,,,,,PF,Shot Creator,0.07,203992.0
Shot Chart Detail,21800785,428,1628963,Marvin Bagley III,1610612758,Sacramento Kings,3,5,39,Missed Shot,Jump Shot,3PT Field Goal,Right Corner 3,Right Side(R),24+ ft.,24,233,60,1,0,20190202,SAC,PHI,21800785428,18210,0,202697|1626161|1627741|1628368|1628963,0,REG,2019,1627732,11.0,PG,Wing Stopper,0.42,MISS Bagley III 24' 3PT Jump Shot,PF,Shot Creator,0.07,
Shot Chart Detail,21800785,551,1628963,Marvin Bagley III,1610612758,Sacramento Kings,4,10,8,Made Shot,Running Dunk Shot,2PT Field Goal,Restricted Area,Center(C),Less Than 8 ft.,1,-6,15,1,1,20190202,SAC,PHI,21800785551,22720,0,203992|1628368|1628382|1628385|1628963,1,REG,2019,1627732,,PG,Wing Stopper,0.42,Bagley III 2' Running Dunk (8 PTS) (Fox 7 AST),PF,Shot Creator,0.07,1628368.0
Shot Chart Detail,21800785,566,1628963,Marvin Bagley III,1610612758,Sacramento Kings,4,8,28,Missed Shot,Driving Hook Shot,2PT Field Goal,In The Paint (Non-RA),Center(C),8-16 ft.,8,9,83,1,0,20190202,SAC,PHI,21800785566,23720,0,203992|1626161|1628368|1628382|1628963,0,REG,2019,1627732,4.0,PG,Wing Stopper,0.42,MISS Bagley III 8' Driving Hook Shot,PF,Shot Creator,0.07,
Shot Chart Detail,21800785,594,1628963,Marvin Bagley III,1610612758,Sacramento Kings,4,6,26,Made Shot,Fadeaway Jump Shot,2PT Field Goal,In The Paint (Non-RA),Right Side(R),8-16 ft.,8,78,32,1,1,20190202,SAC,PHI,21800785594,24940,0,202697|1626161|1627741|1627812|1628963,0,REG,2019,1627732,,PG,Wing Stopper,0.42,Bagley III 8' Fadeaway Jumper (10 PTS),PF,Shot Creator,0.07,
Shot Chart Detail,21800785,620,1628963,Marvin Bagley III,1610612758,Sacramento Kings,4,3,29,Made Shot,Turnaround Fadeaway shot,2PT Field Goal,In The Paint (Non-RA),Left Side(L),8-16 ft.,8,-71,50,1,1,20190202,SAC,PHI,21800785620,26710,0,202697|1626161|1627741|1628368|1628963,0,REG,2019,1627732,,PG,Wing Stopper,0.42,Bagley III 9' Turnaround Fadeaway (12 PTS),PF,Shot Creator,0.07,
Shot Chart Detail,21800785,649,1628963,Marvin Bagley III,1610612758,Sacramento Kings,4,1,0,Made Shot,Layup Shot,2PT Field Goal,Restricted Area,Center(C),Less Than 8 ft.,3,-14,28,1,1,20190202,SAC,PHI,21800785649,28200,0,202697|1626161|1627741|1628368|1628963,0,REG,2019,204456|203954,6.0,,,,,PF,Shot Creator,0.07,
Shot Chart Detail,21800795,96,1628963,Marvin Bagley III,1610612758,Sacramento Kings,1,4,7,Made Shot,Jump Shot,3PT Field Goal,Above the Break 3,Right Side Center(RC),24+ ft.,25,144,209,1,1,20190204,SAC,SAS,2180079596,4730,0,202697|1626161|1627741|1628368|1628963,1,REG,2019,200746,4.0,C,Anchor Big,0.54,Bagley III 25' 3PT Jump Shot (3 PTS) (Shumpert 2 AST),PF,Shot Creator,0.07,202697.0
Shot Chart Detail,21800795,100,1628963,Marvin Bagley III,1610612758,Sacramento Kings,1,3,34,Made Shot,Jump Shot,2PT Field Goal,Mid-Range,Right Side(R),8-16 ft.,14,144,34,1,1,20190204,SAC,SAS,21800795100,5060,0,202697|1626161|1627741|1628368|1628963,1,REG,2019,201158,6.0,SG,Low Activity,-1.18,Bagley III 15' Jump Shot (5 PTS) (Fox 3 AST),PF,Shot Creator,0.07,1628368.0
Shot Chart Detail,21800795,105,1628963,Marvin Bagley III,1610612758,Sacramento Kings,1,3,12,Missed Shot,Jump Shot,3PT Field Goal,Left Corner 3,Left Side(L),24+ ft.,23,-230,18,1,0,20190204,SAC,SAS,21800795105,5280,0,202697|1626161|1627741|1628368|1628963,0,REG,2019,1627751,6.0,C,Anchor Big,1.41,MISS Bagley III 3PT Jump Shot,PF,Shot Creator,0.07,
Shot Chart Detail,21800795,136,1628963,Marvin Bagley III,1610612758,Sacramento Kings,1,1,20,Made Shot,Jump Shot,2PT Field Goal,Mid-Range,Right Side Center(RC),16-24 ft.,18,65,173,1,1,20190204,SAC,SAS,21800795136,6400,0,202697|203992|1627812|1628385|1628963,1,REG,2019,200752,11.0,PF,Wing Stopper,0.72,Bagley III 18' Jump Shot (7 PTS) (Bogdanovic 2 AST),PF,Shot Creator,0.07,203992.0
Shot Chart Detail,21800795,140,1628963,Marvin Bagley III,1610612758,Sacramento Kings,1,0,49,Missed Shot,Jump Shot,3PT Field Goal,Above the Break 3,Right Side Center(RC),24+ ft.,25,206,153,1,0,20190204,SAC,SAS,21800795140,6710,0,202697|203992|1627812|1628385|1628963,0,REG,2019,200752,11.0,PF,Wing Stopper,0.72,MISS Bagley III 26' 3PT Jump Shot,PF,Shot Creator,0.07,
Shot Chart Detail,21800795,173,1628963,Marvin Bagley III,1610612758,Sacramento Kings,2,9,53,Missed Shot,Layup Shot,2PT Field Goal,Restricted Area,Center(C),Less Than 8 ft.,3,-25,26,1,0,20190204,SAC,SAS,21800795173,8470,0,203992|1627812|1628382|1628385|1628963,0,REG,2019,200752,7.0,PF,Wing Stopper,0.72,MISS Bagley III 4' Layup,PF,Shot Creator,0.07,
Shot Chart Detail,21800795,175,1628963,Marvin Bagley III,1610612758,Sacramento Kings,2,9,51,Missed Shot,Layup Shot,2PT Field Goal,Restricted Area,Center(C),Less Than 8 ft.,2,-23,16,1,0,20190204,SAC,SAS,21800795175,8490,0,203992|1627812|1628382|1628385|1628963,0,REG,2019,200752,7.0,PF,Wing Stopper,0.72,MISS Bagley III 3' Layup,PF,Shot Creator,0.07,
Shot Chart Detail,21800795,177,1628963,Marvin Bagley III,1610612758,Sacramento Kings,2,9,47,Made Shot,Tip Layup Shot,2PT Field Goal,Restricted Area,Center(C),Less Than 8 ft.,0,-9,2,1,1,20190204,SAC,SAS,21800795177,8530,0,203992|1627812|1628382|1628385|1628963,0,REG,2019,200752,9.0,PF,Wing Stopper,0.72,Bagley III 1' Tip Layup Shot (9 PTS),PF,Shot Creator,0.07,
Shot Chart Detail,21800795,221,1628963,Marvin Bagley III,1610612758,Sacramento Kings,2,6,42,Made Shot,Driving Hook Shot,2PT Field Goal,In The Paint (Non-RA),Center(C),8-16 ft.,8,4,84,1,1,20190204,SAC,SAS,21800795221,10380,0,203992|1627741|1627812|1628385|1628963,0,REG,2019,200752,9.0,PF,Wing Stopper,0.72,Bagley III 8' Driving Hook Shot (11 PTS),PF,Shot Creator,0.07,
Shot Chart Detail,21800795,401,1628963,Marvin Bagley III,1610612758,Sacramento Kings,3,5,18,Made Shot,Step Back Jump shot,2PT Field Goal,Mid-Range,Center(C),8-16 ft.,14,-3,146,1,1,20190204,SAC,SAS,21800795401,18420,0,202697|1627741|1628368|1628385|1628963,1,REG,2019,201158,6.0,SG,Low Activity,-1.18,Bagley III 15' Step Back Jump Shot (15 PTS) (Shumpert 5 AST),PF,Shot Creator,0.07,202697.0
Shot Chart Detail,21800795,413,1628963,Marvin Bagley III,1610612758,Sacramento Kings,3,4,20,Missed Shot,Jump Shot,2PT Field Goal,Mid-Range,Right Side(R),8-16 ft.,15,148,30,1,0,20190204,SAC,SAS,21800795413,19000,0,202697|1627741|1628368|1628385|1628963,0,REG,2019,200746,6.0,C,Anchor Big,0.54,MISS Bagley III 15' Jump Shot,PF,Shot Creator,0.07,
Shot Chart Detail,21800795,417,1628963,Marvin Bagley III,1610612758,Sacramento Kings,3,4,12,Made Shot,Hook Shot,2PT Field Goal,In The Paint (Non-RA),Center(C),Less Than 8 ft.,4,-8,46,1,1,20190204,SAC,SAS,21800795417,19080,0,202697|1627741|1628368|1628385|1628963,1,REG,2019,,,,,,,PF,Shot Creator,0.07,1628368.0
Shot Chart Detail,21800795,423,1628963,Marvin Bagley III,1610612758,Sacramento Kings,3,3,46,Missed Shot,Jump Shot,3PT Field Goal,Right Corner 3,Right Side(R),24+ ft.,23,231,3,1,0,20190204,SAC,SAS,21800795423,19340,0,202697|1627741|1628368|1628385|1628963,0,REG,2019,,,,,,,PF,Shot Creator,0.07,
Shot Chart Detail,21800795,471,1628963,Marvin Bagley III,1610612758,Sacramento Kings,3,0,30,Made Shot,Jump Shot,2PT Field Goal,Mid-Range,Center(C),8-16 ft.,15,0,156,1,1,20190204,SAC,SAS,21800795471,21300,0,202357|203992|1627741|1628368|1628963,1,REG,2019,1627751,12.0,C,Anchor Big,1.41,Bagley III 16' Jump Shot (19 PTS) (Fox 6 AST),PF,Shot Creator,0.07,1628368.0
Shot Chart Detail,21800795,511,1628963,Marvin Bagley III,1610612758,Sacramento Kings,4,8,31,Missed Shot,Hook Shot,2PT Field Goal,In The Paint (Non-RA),Center(C),Less Than 8 ft.,4,-35,32,1,0,20190204,SAC,SAS,21800795511,23690,0,202357|203992|1627812|1628382|1628963,0,REG,2019,1627751|201158,7.0,,,,,PF,Shot Creator,0.07,
Shot Chart Detail,21800795,523,1628963,Marvin Bagley III,1610612758,Sacramento Kings,4,7,47,Made Shot,Alley Oop Dunk Shot,2PT Field Goal,Restricted Area,Center(C),Less Than 8 ft.,0,-3,8,1,1,20190204,SAC,SAS,21800795523,24130,0,202697|203992|1626161|1627812|1628963,1,REG,2019,201158,,SG,Low Activity,-1.18,Bagley III 1' Alley Oop Dunk (21 PTS) (Ferrell 2 AST),PF,Shot Creator,0.07,1627812.0
Shot Chart Detail,21800795,594,1628963,Marvin Bagley III,1610612758,Sacramento Kings,4,2,24,Made Shot,Tip Dunk Shot,2PT Field Goal,Restricted Area,Center(C),Less Than 8 ft.,0,0,-6,1,1,20190204,SAC,SAS,21800795594,27360,0,202697|1626161|1627741|1628368|1628963,0,REG,2019,202722,13.0,PF,Helper,1.23,Bagley III 1' Tip Dunk Shot (24 PTS),PF,Shot Creator,0.07,
Shot Chart Detail,21800809,103,1628963,Marvin Bagley III,1610612758,Sacramento Kings,1,4,41,Missed Shot,Jump Shot,3PT Field Goal,Above the Break 3,Left Side Center(LC),24+ ft.,25,-124,218,1,0,20190206,SAC,HOU,21800809103,4390,0,202357|203992|1627741|1627812|1628963,0,REG,2019,201935,0.0,PG,Helper,-0.95,MISS Bagley III 25' 3PT Jump Shot,PF,Shot Creator,0.07,
Shot Chart Detail,21800809,107,1628963,Marvin Bagley III,1610612758,Sacramento Kings,1,4,23,Missed Shot,Driving Hook Shot,2PT Field Goal,In The Paint (Non-RA),Center(C),Less Than 8 ft.,7,-73,4,1,0,20190206,SAC,HOU,21800809107,4570,0,202357|203992|1627741|1627812|1628963,0,REG,2019,200782,0.0,PF,Wing Stopper,1.5,MISS Bagley III 7' Driving Hook Shot,PF,Shot Creator,0.07,
Shot Chart Detail,21800809,113,1628963,Marvin Bagley III,1610612758,Sacramento Kings,1,3,51,Missed Shot,Jump Shot,2PT Field Goal,In The Paint (Non-RA),Center(C),Less Than 8 ft.,4,-3,47,1,0,20190206,SAC,HOU,21800809113,4890,0,202357|203992|1627741|1627812|1628963,0,REG,2019,203516,0.0,SF,Chaser,-0.38,MISS Bagley III 5' Jump Shot,PF,Shot Creator,0.07,
Shot Chart Detail,21800809,142,1628963,Marvin Bagley III,1610612758,Sacramento Kings,1,1,8,Missed Shot,Jump Shot,2PT Field Goal,Mid-Range,Left Side(L),8-16 ft.,14,-149,-7,1,0,20190206,SAC,HOU,21800809142,6520,0,203992|1627741|1627812|1628385|1628963,0,REG,2019,200782,-2.0,PF,Wing Stopper,1.5,MISS Bagley III 15' Jump Shot,PF,Shot Creator,0.07,
Shot Chart Detail,21800809,199,1628963,Marvin Bagley III,1610612758,Sacramento Kings,2,9,50,Made Shot,Tip Layup Shot,2PT Field Goal,Restricted Area,Center(C),Less Than 8 ft.,0,0,-6,1,1,20190206,SAC,HOU,21800809199,8500,0,202357|1627812|1628368|1628385|1628963,0,REG,2019,201569,-6.0,SG,Chaser,-1.07,Bagley III 1' Tip Layup Shot (4 PTS),PF,Shot Creator,0.07,
Shot Chart Detail,21800809,296,1628963,Marvin Bagley III,1610612758,Sacramento Kings,2,3,25,Missed Shot,Cutting Layup Shot,2PT Field Goal,Restricted Area,Center(C),Less Than 8 ft.,1,14,10,1,0,20190206,SAC,HOU,21800809296,12350,0,203992|1626161|1627741|1628368|1628963,0,REG,2019,203516,-22.0,SF,Chaser,-0.38,MISS Bagley III 2' Cutting Layup Shot,PF,Shot Creator,0.07,
Shot Chart Detail,21800809,477,1628963,Marvin Bagley III,1610612758,Sacramento Kings,3,1,26,Made Shot,Running Layup Shot,2PT Field Goal,Restricted Area,Center(C),Less Than 8 ft.,1,-1,13,1,1,20190206,SAC,HOU,21800809477,20740,0,203992|1627741|1627812|1628385|1628963,1,REG,2019,203085|101108,-28.0,,,,,PF,Shot Creator,0.07,1627741.0
Shot Chart Detail,21800809,503,1628963,Marvin Bagley III,1610612758,Sacramento Kings,4,11,43,Missed Shot,Driving Layup Shot,2PT Field Goal,In The Paint (Non-RA),Center(C),Less Than 8 ft.,4,47,13,1,0,20190206,SAC,HOU,21800809503,21770,0,1627746|1627812|1628385|1628412|1628963,0,REG,2019,101123,-30.0,SG,Low Activity,-2.3,MISS Bagley III 5' Driving Layup,PF,Shot Creator,0.07,
Shot Chart Detail,21800809,522,1628963,Marvin Bagley III,1610612758,Sacramento Kings,4,11,42,Missed Shot,Reverse Layup Shot,2PT Field Goal,Restricted Area,Center(C),Less Than 8 ft.,1,-13,-6,1,0,20190206,SAC,HOU,21800809522,21780,0,1627746|1627812|1628385|1628412|1628963,0,REG,2019,101123,-30.0,SG,Low Activity,-2.3,MISS Bagley III 1' Reverse Layup,PF,Shot Creator,0.07,
Shot Chart Detail,21800809,529,1628963,Marvin Bagley III,1610612758,Sacramento Kings,4,10,10,Made Shot,Tip Dunk Shot,2PT Field Goal,Restricted Area,Center(C),Less Than 8 ft.,0,0,-6,1,1,20190206,SAC,HOU,21800809529,22700,0,1627746|1627812|1628385|1628412|1628963,0,REG,2019,202702,-28.0,C,Mobile Big,-0.35,Bagley III 1' Tip Dunk Shot (8 PTS),PF,Shot Creator,0.07,
Shot Chart Detail,21800809,553,1628963,Marvin Bagley III,1610612758,Sacramento Kings,4,8,34,Missed Shot,Jump Shot,2PT Field Goal,Mid-Range,Right Side(R),8-16 ft.,12,120,6,1,0,20190206,SAC,HOU,21800809553,23660,0,1627746|1627812|1628385|1628412|1628963,0,REG,2019,201935,-30.0,PG,Helper,-0.95,MISS Bagley III 12' Jump Shot,PF,Shot Creator,0.07,
Shot Chart Detail,21800809,563,1628963,Marvin Bagley III,1610612758,Sacramento Kings,4,7,36,Made Shot,Hook Shot,2PT Field Goal,In The Paint (Non-RA),Center(C),Less Than 8 ft.,7,-76,17,1,1,20190206,SAC,HOU,21800809563,24240,0,1627746|1627812|1628385|1628412|1628963,1,REG,2019,201935,-28.0,PG,Helper,-0.95,Bagley III 8' Hook Shot (10 PTS) (Giles III 1 AST),PF,Shot Creator,0.07,1628385.0
Shot Chart Detail,21800824,78,1628963,Marvin Bagley III,1610612758,Sacramento Kings,1,6,20,Missed Shot,Jump Shot,2PT Field Goal,Mid-Range,Center(C),8-16 ft.,15,34,150,1,0,20190208,SAC,MIA,2180082478,3400,0,203084|1626161|1627741|1628368|1628963,0,REG,2019,203079,-8.0,SG,Chaser,-0.65,MISS Bagley III 15' Jump Shot,PF,Shot Creator,0.07,
Shot Chart Detail,21800824,122,1628963,Marvin Bagley III,1610612758,Sacramento Kings,1,3,10,Missed Shot,Jump Shot,2PT Field Goal,Mid-Range,Right Side(R),8-16 ft.,15,154,40,1,0,20190208,SAC,MIA,21800824122,5300,0,203992|1627741|1628368|1628385|1628963,0,REG,2019,203482,-6.0,PF,Helper,1.03,MISS Bagley III 16' Jump Shot,PF,Shot Creator,0.07,
Shot Chart Detail,21800824,148,1628963,Marvin Bagley III,1610612758,Sacramento Kings,1,1,59,Missed Shot,Driving Hook Shot,2PT Field Goal,In The Paint (Non-RA),Center(C),Less Than 8 ft.,6,-33,58,1,0,20190208,SAC,MIA,21800824148,6010,0,202692|203992|1627812|1628385|1628963,0,REG,2019,2548|1628389,-8.0,,,,,PF,Shot Creator,0.07,
Shot Chart Detail,21800824,428,1628963,Marvin Bagley III,1610612758,Sacramento Kings,3,5,4,Missed Shot,Driving Layup Shot,2PT Field Goal,Restricted Area,Center(C),Less Than 8 ft.,2,-25,11,1,0,20190208,SAC,MIA,21800824428,18560,0,202357|203992|1627741|1628368|1628963,0,REG,2019,202355,-12.0,C,Anchor Big,2.22,MISS Bagley III 3' Driving Layup,PF,Shot Creator,0.07,
Shot Chart Detail,21800824,452,1628963,Marvin Bagley III,1610612758,Sacramento Kings,3,3,2,Made Shot,Fadeaway Jump Shot,2PT Field Goal,In The Paint (Non-RA),Center(C),Less Than 8 ft.,7,63,38,1,1,20190208,SAC,MIA,21800824452,19780,0,202357|203992|1627741|1627812|1628963,0,REG,2019,1628389,,C,Anchor Big,2.6,Bagley III 7' Fadeaway Jumper (2 PTS),PF,Shot Creator,0.07,
Shot Chart Detail,21800824,516,1628963,Marvin Bagley III,1610612758,Sacramento Kings,4,10,0,Missed Shot,Hook Shot,2PT Field Goal,Restricted Area,Center(C),Less Than 8 ft.,2,2,25,1,0,20190208,SAC,MIA,21800824516,22800,0,202692|203084|1627812|1628385|1628963,0,REG,2019,201949,-11.0,PF,Wing Stopper,0.24,MISS Bagley III 3' Hook Shot,PF,Shot Creator,0.07,
Shot Chart Detail,21800836,98,1628963,Marvin Bagley III,1610612758,Sacramento Kings,1,4,21,Made Shot,Running Dunk Shot,2PT Field Goal,Restricted Area,Center(C),Less Than 8 ft.,0,5,3,1,1,20190210,SAC,PHX,2180083698,4590,0,202357|203084|203992|1627741|1628963,1,REG,2019,1628969,,SF,Wing Stopper,-0.01,Bagley III 1' Running Dunk (2 PTS) (Bogdanovic 1 AST),PF,Shot Creator,0.07,203992.0
Shot Chart Detail,21800836,140,1628963,Marvin Bagley III,1610612758,Sacramento Kings,1,1,54,Made Shot,Hook Shot,2PT Field Goal,In The Paint (Non-RA),Center(C),8-16 ft.,11,1,111,1,1,20190210,SAC,PHX,21800836140,6060,0,202692|203992|1627812|1628385|1628963,1,REG,2019,1626158,8.0,C,Anchor Big,0.42,Bagley III 11' Hook Shot (4 PTS) (Ferrell 1 AST),PF,Shot Creator,0.07,1627812.0
Shot Chart Detail,21800836,155,1628963,Marvin Bagley III,1610612758,Sacramento Kings,1,0,57,Made Shot,Jump Shot,3PT Field Goal,Above the Break 3,Right Side Center(RC),24+ ft.,25,95,241,1,1,20190210,SAC,PHX,21800836155,6630,0,202692|203992|1627812|1628385|1628963,1,REG,2019,1629059,10.0,PG,Point of Attack,-0.96,Bagley III 26' 3PT Jump Shot (8 PTS) (Ferrell 2 AST),PF,Shot Creator,0.07,1627812.0
Shot Chart Detail,21800836,169,1628963,Marvin Bagley III,1610612758,Sacramento Kings,2,11,39,Missed Shot,Hook Shot,2PT Field Goal,In The Paint (Non-RA),Center(C),8-16 ft.,8,-35,77,1,0,20190210,SAC,PHX,21800836169,7410,0,202692|203992|1627812|1628385|1628963,0,REG,2019,1626158,10.0,C,Anchor Big,0.42,MISS Bagley III 8' Hook Shot,PF,Shot Creator,0.07,
Shot Chart Detail,21800836,173,1628963,Marvin Bagley III,1610612758,Sacramento Kings,2,11,20,Made Shot,Alley Oop Dunk Shot,2PT Field Goal,Restricted Area,Center(C),Less Than 8 ft.,1,-13,10,1,1,20190210,SAC,PHX,21800836173,7600,0,202692|203992|1627812|1628385|1628963,1,REG,2019,1627733,,PF,Helper,0.0,Bagley III 2' Alley Oop Dunk (10 PTS) (Ferrell 3 AST),PF,Shot Creator,0.07,1627812.0
Shot Chart Detail,21800836,190,1628963,Marvin Bagley III,1610612758,Sacramento Kings,2,9,37,Missed Shot,Jump Shot,2PT Field Goal,Mid-Range,Center(C),16-24 ft.,16,-27,161,1,0,20190210,SAC,PHX,21800836190,8630,0,202692|203992|1627812|1628385|1628963,0,REG,2019,1626158,15.0,C,Anchor Big,0.42,MISS Bagley III 16' Jump Shot,PF,Shot Creator,0.07,
Shot Chart Detail,21800836,210,1628963,Marvin Bagley III,1610612758,Sacramento Kings,2,7,59,Missed Shot,Hook Shot,2PT Field Goal,In The Paint (Non-RA),Center(C),Less Than 8 ft.,5,6,58,1,0,20190210,SAC,PHX,21800836210,9610,0,202692|203992|1626161|1627812|1628963,0,REG,2019,1627733,11.0,PF,Helper,0.0,MISS Bagley III 6' Hook Shot,PF,Shot Creator,0.07,
Shot Chart Detail,21800836,255,1628963,Marvin Bagley III,1610612758,Sacramento Kings,2,5,21,Made Shot,Driving Floating Jump Shot,2PT Field Goal,In The Paint (Non-RA),Center(C),Less Than 8 ft.,6,0,69,1,1,20190210,SAC,PHX,21800836255,11190,0,202692|203992|1626161|1628368|1628963,1,REG,2019,1627733,17.0,PF,Helper,0.0,Bagley III 7' Driving Floating Jump Shot (12 PTS) (Fox 3 AST),PF,Shot Creator,0.07,1628368.0
Shot Chart Detail,21800836,470,1628963,Marvin Bagley III,1610612758,Sacramento Kings,3,3,46,Missed Shot,Driving Hook Shot,2PT Field Goal,In The Paint (Non-RA),Center(C),Less Than 8 ft.,6,-20,60,1,0,20190210,SAC,PHX,21800836470,19340,0,203084|203992|1626161|1628368|1628963,0,REG,2019,1628367,19.0,SG,Helper,-0.66,MISS Bagley III 6' Driving Hook Shot,PF,Shot Creator,0.07,
Shot Chart Detail,21800836,489,1628963,Marvin Bagley III,1610612758,Sacramento Kings,3,3,12,Made Shot,Running Layup Shot,2PT Field Goal,In The Paint (Non-RA),Center(C),Less Than 8 ft.,4,-39,10,1,1,20190210,SAC,PHX,21800836489,19680,0,203084|203992|1628368|1628385|1628963,1,REG,2019,1627733,22.0,PF,Helper,0.0,Bagley III 4' Running Layup (16 PTS) (Bogdanovic 5 AST),PF,Shot Creator,0.07,203992.0
Shot Chart Detail,21800836,528,1628963,Marvin Bagley III,1610612758,Sacramento Kings,3,1,13,Missed Shot,Jump Shot,3PT Field Goal,Left Corner 3,Left Side(L),24+ ft.,23,-230,23,1,0,20190210,SAC,PHX,21800836528,20870,0,202692|203992|1627812|1628385|1628963,0,REG,2019,1627733,18.0,PF,Helper,0.0,MISS Bagley III 3PT Jump Shot,PF,Shot Creator,0.07,
Shot Chart Detail,21800836,556,1628963,Marvin Bagley III,1610612758,Sacramento Kings,3,0,1,Made Shot,Putback Layup Shot,2PT Field Goal,Restricted Area,Center(C),Less Than 8 ft.,2,-9,23,1,1,20190210,SAC,PHX,21800836556,21590,0,202357|202692|203992|1627812|1628963,0,REG,2019,1629059,17.0,PG,Point of Attack,-0.96,Bagley III 2' Putback Layup (18 PTS),PF,Shot Creator,0.07,
Shot Chart Detail,21800836,595,1628963,Marvin Bagley III,1610612758,Sacramento Kings,4,10,29,Made Shot,Jump Shot,2PT Field Goal,In The Paint (Non-RA),Center(C),8-16 ft.,12,-51,112,1,1,20190210,SAC,PHX,21800836595,22510,0,202357|202692|203992|1627812|1628963,1,REG,2019,1626158,16.0,C,Anchor Big,0.42,Bagley III 12' Jump Shot (24 PTS) (Ferrell 4 AST),PF,Shot Creator,0.07,1627812.0
Shot Chart Detail,21800836,602,1628963,Marvin Bagley III,1610612758,Sacramento Kings,4,9,51,Made Shot,Running Layup Shot,2PT Field Goal,In The Paint (Non-RA),Center(C),Less Than 8 ft.,4,15,43,1,1,20190210,SAC,PHX,21800836602,22890,0,202357|202692|203992|1627812|1628963,0,REG,2019,1626158,18.0,C,Anchor Big,0.42,Bagley III 5' Running Layup (26 PTS),PF,Shot Creator,0.07,
Shot Chart Detail,21800836,621,1628963,Marvin Bagley III,1610612758,Sacramento Kings,4,8,36,Made Shot,Driving Layup Shot,2PT Field Goal,Restricted Area,Center(C),Less Than 8 ft.,1,6,18,1,1,20190210,SAC,PHX,21800836621,23640,0,202357|202692|203992|1627812|1628963,0,REG,2019,1629028,19.0,C,Anchor Big,0.2,Bagley III 2' Driving Layup (29 PTS),PF,Shot Creator,0.07,
Shot Chart Detail,21800860,157,1628963,Marvin Bagley III,1610612758,Sacramento Kings,1,0,20,Made Shot,Driving Layup Shot,2PT Field Goal,Restricted Area,Center(C),Less Than 8 ft.,2,19,15,1,1,20190213,DEN,SAC,21800860157,7000,0,202692|203992|1627812|1628385|1628963,0,REG,2019,203486,11.0,C,Mobile Big,1.55,Bagley III 2' Driving Layup (2 PTS),PF,Shot Creator,0.07,
Shot Chart Detail,21800860,167,1628963,Marvin Bagley III,1610612758,Sacramento Kings,2,11,15,Missed Shot,Turnaround Fadeaway shot,2PT Field Goal,Mid-Range,Right Side(R),8-16 ft.,11,110,17,1,0,20190213,DEN,SAC,21800860167,7650,0,202692|203992|1627812|1628385|1628963,0,REG,2019,203486,9.0,C,Mobile Big,1.55,MISS Bagley III 11' Turnaround Fadeaway Shot,PF,Shot Creator,0.07,
Shot Chart Detail,21800860,211,1628963,Marvin Bagley III,1610612758,Sacramento Kings,2,9,3,Missed Shot,Jump Shot,3PT Field Goal,Right Corner 3,Right Side(R),24+ ft.,23,230,31,1,0,20190213,DEN,SAC,21800860211,8970,0,202692|203084|203992|1627812|1628963,0,REG,2019,203999,17.0,C,Mobile Big,1.05,MISS Bagley III 3PT Jump Shot,PF,Shot Creator,0.07,
Shot Chart Detail,21800860,340,1628963,Marvin Bagley III,1610612758,Sacramento Kings,2,0,2,Made Shot,Jump Shot,3PT Field Goal,Above the Break 3,Center(C),24+ ft.,24,-57,234,1,1,20190213,DEN,SAC,21800860340,14380,0,202357|203084|1627741|1628368|1628963,1,REG,2019,203999,11.0,C,Mobile Big,1.05,Bagley III 24' 3PT Jump Shot (7 PTS) (Fox 4 AST),PF,Shot Creator,0.07,1628368.0
Shot Chart Detail,21800860,487,1628963,Marvin Bagley III,1610612758,Sacramento Kings,3,2,44,Made Shot,Hook Shot,2PT Field Goal,In The Paint (Non-RA),Center(C),Less Than 8 ft.,5,-27,49,1,1,20190213,DEN,SAC,21800860487,19960,0,203084|203992|1627812|1628385|1628963,1,REG,2019,202738|200794,4.0,,,,,PF,Shot Creator,0.07,203992.0
Shot Chart Detail,21800860,542,1628963,Marvin Bagley III,1610612758,Sacramento Kings,4,11,15,Missed Shot,Driving Reverse Layup Shot,2PT Field Goal,Restricted Area,Center(C),Less Than 8 ft.,1,-18,4,1,0,20190213,DEN,SAC,21800860542,22050,0,203084|203992|1627812|1628385|1628963,0,REG,2019,203486,1.0,C,Mobile Big,1.55,MISS Bagley III 2' Driving Reverse Layup,PF,Shot Creator,0.07,
Shot Chart Detail,21800860,576,1628963,Marvin Bagley III,1610612758,Sacramento Kings,4,9,1,Made Shot,Driving Finger Roll Layup Shot,2PT Field Goal,Restricted Area,Center(C),Less Than 8 ft.,2,-18,11,1,1,20190213,DEN,SAC,21800860576,23390,0,203084|203992|1626161|1627812|1628963,0,REG,2019,200794,-0.0,PF,Helper,1.43,Bagley III 2' Driving Finger Roll Layup (11 PTS),PF,Shot Creator,0.07,
Shot Chart Detail,21800871,90,1628963,Marvin Bagley III,1610612758,Sacramento Kings,1,5,9,Missed Shot,Driving Layup Shot,2PT Field Goal,In The Paint (Non-RA),Center(C),Less Than 8 ft.,5,-20,52,1,0,20190221,GSW,SAC,2180087190,4110,0,203084|1626161|1627741|1628368|1628963,0,REG,2019,201142,-2.0,SF,Wing Stopper,0.84,Durant BLOCK (1 BLK),PF,Shot Creator,0.07,
Shot Chart Detail,21800871,102,1628963,Marvin Bagley III,1610612758,Sacramento Kings,1,4,22,Missed Shot,Jump Shot,2PT Field Goal,Mid-Range,Right Side(R),8-16 ft.,12,120,17,1,0,20190221,GSW,SAC,21800871102,4580,0,202692|203084|1626161|1628368|1628963,0,REG,2019,201142,-2.0,SF,Wing Stopper,0.84,Durant BLOCK (2 BLK),PF,Shot Creator,0.07,
Shot Chart Detail,21800871,148,1628963,Marvin Bagley III,1610612758,Sacramento Kings,1,1,47,Made Shot,Running Alley Oop Dunk Shot,2PT Field Goal,Restricted Area,Center(C),Less Than 8 ft.,1,-3,13,1,1,20190221,GSW,SAC,21800871148,6130,0,201147|202692|1627812|1628385|1628963,1,REG,2019,1626172,-4.0,C,Mobile Big,0.26,Bagley III 1' Running Alley Oop Dunk Shot (3 PTS) (Ferrell 1 AST),PF,Shot Creator,0.07,1627812.0
Shot Chart Detail,21800871,178,1628963,Marvin Bagley III,1610612758,Sacramento Kings,1,0,22,Missed Shot,Layup Shot,2PT Field Goal,Restricted Area,Center(C),Less Than 8 ft.,2,0,25,1,0,20190221,GSW,SAC,21800871178,6980,0,201147|202692|1627812|1628385|1628963,0,REG,2019,1626172,-7.0,C,Mobile Big,0.26,Durant BLOCK (3 BLK),PF,Shot Creator,0.07,
Shot Chart Detail,21800871,190,1628963,Marvin Bagley III,1610612758,Sacramento Kings,2,11,50,Made Shot,Turnaround Hook Shot,2PT Field Goal,In The Paint (Non-RA),Center(C),8-16 ft.,8,9,80,1,1,20190221,GSW,SAC,21800871190,7300,0,201147|203992|1627812|1628385|1628963,1,REG,2019,203110,-3.0,PF,Helper,2.5,Bagley III 8' Turnaround Hook Shot (5 PTS) (Bogdanovic 2 AST),PF,Shot Creator,0.07,203992.0
Shot Chart Detail,21800871,197,1628963,Marvin Bagley III,1610612758,Sacramento Kings,2,11,13,Made Shot,Dunk Shot,2PT Field Goal,Restricted Area,Center(C),Less Than 8 ft.,0,2,8,1,1,20190221,GSW,SAC,21800871197,7670,0,201147|203992|1627812|1628385|1628963,1,REG,2019,203110|1626188,,,,,,PF,Shot Creator,0.07,1628385.0
Shot Chart Detail,21800871,206,1628963,Marvin Bagley III,1610612758,Sacramento Kings,2,10,21,Made Shot,Floating Jump shot,2PT Field Goal,In The Paint (Non-RA),Center(C),8-16 ft.,9,-22,96,1,1,20190221,GSW,SAC,21800871206,8190,0,201147|203992|1627812|1628385|1628963,1,REG,2019,203110,2.0,PF,Helper,2.5,Bagley III 10' Floating Jump Shot (9 PTS) (Ferrell 2 AST),PF,Shot Creator,0.07,1627812.0
Shot Chart Detail,21800871,210,1628963,Marvin Bagley III,1610612758,Sacramento Kings,2,9,42,Made Shot,Driving Layup Shot,2PT Field Goal,Restricted Area,Center(C),Less Than 8 ft.,2,16,15,1,1,20190221,GSW,SAC,21800871210,8580,0,201147|203992|1627812|1628385|1628963,0,REG,2019,2738,2.0,SF,Wing Stopper,1.39,Bagley III 2' Driving Layup (11 PTS),PF,Shot Creator,0.07,
Shot Chart Detail,21800871,230,1628963,Marvin Bagley III,1610612758,Sacramento Kings,2,8,25,Missed Shot,Tip Layup Shot,2PT Field Goal,Restricted Area,Center(C),Less Than 8 ft.,0,0,-6,1,0,20190221,GSW,SAC,21800871230,9350,0,201147|203992|1627812|1628385|1628963,0,REG,2019,1628035,5.0,SF,Low Activity,-0.65,MISS Bagley III 1' Tip Layup Shot,PF,Shot Creator,0.07,
Shot Chart Detail,21800871,232,1628963,Marvin Bagley III,1610612758,Sacramento Kings,2,8,24,Missed Shot,Tip Layup Shot,2PT Field Goal,Restricted Area,Center(C),Less Than 8 ft.,0,0,-6,1,0,20190221,GSW,SAC,21800871232,9360,0,201147|203992|1627812|1628385|1628963,0,REG,2019,1628035|203110,5.0,,,,,PF,Shot Creator,0.07,
Shot Chart Detail,21800871,274,1628963,Marvin Bagley III,1610612758,Sacramento Kings,2,6,15,Missed Shot,Jump Shot,2PT Field Goal,In The Paint (Non-RA),Center(C),8-16 ft.,11,11,111,1,0,20190221,GSW,SAC,21800871274,10650,0,203992|1626161|1627741|1628368|1628963,0,REG,2019,201142,7.0,SF,Wing Stopper,0.84,Durant BLOCK (4 BLK),PF,Shot Creator,0.07,
Shot Chart Detail,21800871,279,1628963,Marvin Bagley III,1610612758,Sacramento Kings,2,6,5,Made Shot,Driving Layup Shot,2PT Field Goal,Restricted Area,Center(C),Less Than 8 ft.,3,9,31,1,1,20190221,GSW,SAC,21800871279,10750,0,203992|1626161|1627741|1628368|1628963,0,REG,2019,201939,9.0,PG,Chaser,-0.48,Bagley III 3' Driving Layup (14 PTS),PF,Shot Creator,0.07,
Shot Chart Detail,21800871,308,1628963,Marvin Bagley III,1610612758,Sacramento Kings,2,4,43,Missed Shot,Jump Shot,3PT Field Goal,Right Corner 3,Right Side(R),24+ ft.,22,228,14,1,0,20190221,GSW,SAC,21800871308,11570,0,203084|1626161|1627741|1628368|1628963,0,REG,2019,201142,11.0,SF,Wing Stopper,0.84,MISS Bagley III 3PT Jump Shot,PF,Shot Creator,0.07,
Shot Chart Detail,21800871,312,1628963,Marvin Bagley III,1610612758,Sacramento Kings,2,4,21,Missed Shot,Jump Shot,2PT Field Goal,In The Paint (Non-RA),Center(C),8-16 ft.,9,5,93,1,0,20190221,GSW,SAC,21800871312,11790,0,203084|1626161|1627741|1628368|1628963,0,REG,2019,201142,8.0,SF,Wing Stopper,0.84,Durant BLOCK (6 BLK),PF,Shot Creator,0.07,
Shot Chart Detail,21800871,472,1628963,Marvin Bagley III,1610612758,Sacramento Kings,3,6,35,Missed Shot,Layup Shot,2PT Field Goal,Restricted Area,Center(C),Less Than 8 ft.,3,-7,31,1,0,20190221,GSW,SAC,21800871472,17650,0,203084|1626161|1627741|1628368|1628963,0,REG,2019,201142,3.0,SF,Wing Stopper,0.84,MISS Bagley III 3' Layup,PF,Shot Creator,0.07,
Shot Chart Detail,21800871,530,1628963,Marvin Bagley III,1610612758,Sacramento Kings,3,2,25,Made Shot,Turnaround Jump Shot,2PT Field Goal,In The Paint (Non-RA),Center(C),Less Than 8 ft.,4,48,5,1,1,20190221,GSW,SAC,21800871530,20150,0,203084|1627741|1628368|1628385|1628963,1,REG,2019,1626172,5.0,C,Mobile Big,0.26,Bagley III 5' Turnaround Jump Shot (19 PTS) (Barnes 1 AST),PF,Shot Creator,0.07,203084.0
Shot Chart Detail,21800871,556,1628963,Marvin Bagley III,1610612758,Sacramento Kings,3,0,38,Missed Shot,Jump Shot,2PT Field Goal,In The Paint (Non-RA),Center(C),8-16 ft.,10,-1,100,1,0,20190221,GSW,SAC,21800871556,21220,0,203084|203992|1627812|1628385|1628963,0,REG,2019,1626172,7.0,C,Mobile Big,0.26,Iguodala BLOCK (2 BLK),PF,Shot Creator,0.07,
Shot Chart Detail,21800871,614,1628963,Marvin Bagley III,1610612758,Sacramento Kings,4,8,57,Missed Shot,Jump Shot,2PT Field Goal,In The Paint (Non-RA),Center(C),Less Than 8 ft.,6,2,68,1,0,20190221,GSW,SAC,21800871614,23430,0,201147|203992|1626161|1628368|1628963,0,REG,2019,203110,-0.0,PF,Helper,2.5,MISS Bagley III 7' Jump Shot,PF,Shot Creator,0.07,
Shot Chart Detail,21800871,635,1628963,Marvin Bagley III,1610612758,Sacramento Kings,4,7,30,Made Shot,Jump Bank Shot,3PT Field Goal,Above the Break 3,Center(C),24+ ft.,26,-2,263,1,1,20190221,GSW,SAC,21800871635,24300,0,201147|1626161|1627741|1628368|1628963,1,REG,2019,202326,2.0,C,Anchor Big,1.39,Bagley III 26' 3PT Jump Bank Shot (24 PTS) (Fox 5 AST),PF,Shot Creator,0.07,1628368.0
Shot Chart Detail,21800890,88,1628963,Marvin Bagley III,1610612758,Sacramento Kings,1,4,19,Missed Shot,Turnaround Fadeaway shot,2PT Field Goal,Mid-Range,Right Side(R),8-16 ft.,13,131,34,1,0,20190223,OKC,SAC,2180089088,4610,0,203084|1626161|1627741|1628368|1628963,0,REG,2019,203924,5.0,PF,Helper,1.46,MISS Bagley III 14' Turnaround Fadeaway Shot,PF,Shot Creator,0.07,
Shot Chart Detail,21800890,111,1628963,Marvin Bagley III,1610612758,Sacramento Kings,1,3,3,Made Shot,Turnaround Hook Shot,2PT Field Goal,In The Paint (Non-RA),Center(C),Less Than 8 ft.,7,-40,64,1,1,20190223,OKC,SAC,21800890111,5370,0,202692|1627741|1628368|1628385|1628963,1,REG,2019,203500,3.0,C,Mobile Big,0.98,Bagley III 8' Turnaround Hook Shot (2 PTS) (Fox 3 AST),PF,Shot Creator,0.07,1628368.0
Shot Chart Detail,21800890,132,1628963,Marvin Bagley III,1610612758,Sacramento Kings,1,2,9,Missed Shot,Jump Shot,3PT Field Goal,Right Corner 3,Right Side(R),24+ ft.,22,225,7,1,0,20190223,OKC,SAC,21800890132,5910,0,202692|1627741|1628368|1628385|1628963,0,REG,2019,,,,,,,PF,Shot Creator,0.07,
Shot Chart Detail,21800890,136,1628963,Marvin Bagley III,1610612758,Sacramento Kings,1,1,45,Made Shot,Running Layup Shot,2PT Field Goal,Restricted Area,Center(C),Less Than 8 ft.,1,-9,11,1,1,20190223,OKC,SAC,21800890136,6150,0,202692|1627741|1628368|1628385|1628963,1,REG,2019,1627846,5.0,SF,Low Activity,-0.75,Bagley III 1' Running Layup (4 PTS) (Fox 4 AST),PF,Shot Creator,0.07,1628368.0
Shot Chart Detail,21800890,164,1628963,Marvin Bagley III,1610612758,Sacramento Kings,2,11,20,Missed Shot,Running Layup Shot,2PT Field Goal,Restricted Area,Center(C),Less Than 8 ft.,1,4,-10,1,0,20190223,OKC,SAC,21800890164,7600,0,202692|203992|1627812|1628385|1628963,0,REG,2019,203471,7.0,PG,Point of Attack,-1.32,MISS Bagley III 1' Running Layup,PF,Shot Creator,0.07,
Shot Chart Detail,21800890,181,1628963,Marvin Bagley III,1610612758,Sacramento Kings,2,10,6,Missed Shot,Driving Layup Shot,2PT Field Goal,Restricted Area,Center(C),Less Than 8 ft.,2,-24,1,1,0,20190223,OKC,SAC,21800890181,8340,0,202692|203992|1627812|1628385|1628963,0,REG,2019,203457,9.0,C,Mobile Big,2.34,MISS Bagley III 2' Driving Layup,PF,Shot Creator,0.07,
Shot Chart Detail,21800890,192,1628963,Marvin Bagley III,1610612758,Sacramento Kings,2,9,12,Made Shot,Driving Hook Shot,2PT Field Goal,In The Paint (Non-RA),Center(C),Less Than 8 ft.,5,-24,50,1,1,20190223,OKC,SAC,21800890192,8880,0,202692|203992|1627812|1628385|1628963,0,REG,2019,203457,11.0,C,Mobile Big,2.34,Bagley III 6' Driving Hook Shot (6 PTS),PF,Shot Creator,0.07,
Shot Chart Detail,21800890,242,1628963,Marvin Bagley III,1610612758,Sacramento Kings,2,6,38,Made Shot,Jump Shot,2PT Field Goal,Mid-Range,Center(C),16-24 ft.,18,-11,184,1,1,20190223,OKC,SAC,21800890242,10420,0,202692|203992|1626161|1627812|1628963,1,REG,2019,203924,12.0,PF,Helper,1.46,Bagley III 18' Jump Shot (8 PTS) (Cauley-Stein 1 AST),PF,Shot Creator,0.07,1626161.0
Shot Chart Detail,21800890,344,1628963,Marvin Bagley III,1610612758,Sacramento Kings,2,0,34,Made Shot,Reverse Layup Shot,2PT Field Goal,Restricted Area,Center(C),Less Than 8 ft.,0,5,2,1,1,20190223,OKC,SAC,21800890344,14060,0,203084|1626161|1627741|1628368|1628963,1,REG,2019,203924,14.0,PF,Helper,1.46,Bagley III 1' Reverse Layup (11 PTS) (Fox 6 AST),PF,Shot Creator,0.07,1628368.0
Shot Chart Detail,21800890,468,1628963,Marvin Bagley III,1610612758,Sacramento Kings,3,4,37,Missed Shot,Fadeaway Jump Shot,2PT Field Goal,Mid-Range,Right Side(R),8-16 ft.,8,82,30,1,0,20190223,OKC,SAC,21800890468,18830,0,203084|1627741|1628368|1628385|1628963,0,REG,2019,203457,8.0,C,Mobile Big,2.34,MISS Bagley III 9' Fadeaway Jumper,PF,Shot Creator,0.07,
Shot Chart Detail,21800890,489,1628963,Marvin Bagley III,1610612758,Sacramento Kings,3,3,23,Missed Shot,Turnaround Jump Shot,2PT Field Goal,In The Paint (Non-RA),Center(C),Less Than 8 ft.,7,-40,69,1,0,20190223,OKC,SAC,21800890489,19570,0,203084|1627741|1627812|1628385|1628963,0,REG,2019,202693,10.0,PF,Mobile Big,-0.04,MISS Bagley III 8' Turnaround Jump Shot,PF,Shot Creator,0.07,
Shot Chart Detail,21800890,512,1628963,Marvin Bagley III,1610612758,Sacramento Kings,3,2,10,Missed Shot,Jump Shot,2PT Field Goal,In The Paint (Non-RA),Center(C),8-16 ft.,11,-13,117,1,0,20190223,OKC,SAC,21800890512,20300,0,202692|1627741|1627812|1628385|1628963,0,REG,2019,203457|202331,14.0,,,,,PF,Shot Creator,0.07,
Shot Chart Detail,21800890,536,1628963,Marvin Bagley III,1610612758,Sacramento Kings,3,0,0,Made Shot,Jump Shot,2PT Field Goal,Mid-Range,Right Side(R),16-24 ft.,16,159,56,1,1,20190223,OKC,SAC,21800890536,21600,0,202692|203992|1627812|1628385|1628963,0,REG,2019,203457,11.0,C,Mobile Big,2.34,Bagley III 17' Jump Shot (13 PTS),PF,Shot Creator,0.07,
Shot Chart Detail,21800890,564,1628963,Marvin Bagley III,1610612758,Sacramento Kings,4,10,42,Made Shot,Cutting Dunk Shot,2PT Field Goal,Restricted Area,Center(C),Less Than 8 ft.,0,-6,3,1,1,20190223,OKC,SAC,21800890564,22380,0,202692|203992|1627812|1628385|1628963,1,REG,2019,203457,9.0,C,Mobile Big,2.34,Bagley III 1' Cutting Dunk Shot (15 PTS) (Giles III 2 AST),PF,Shot Creator,0.07,1628385.0
Shot Chart Detail,21800890,610,1628963,Marvin Bagley III,1610612758,Sacramento Kings,4,6,57,Missed Shot,Jump Shot,3PT Field Goal,Above the Break 3,Right Side Center(RC),24+ ft.,25,176,183,1,0,20190223,OKC,SAC,21800890610,24630,0,203084|203992|1626161|1628368|1628963,0,REG,2019,202693,8.0,PF,Mobile Big,-0.04,MISS Bagley III 25' 3PT Jump Shot,PF,Shot Creator,0.07,
Shot Chart Detail,21800890,648,1628963,Marvin Bagley III,1610612758,Sacramento Kings,4,4,21,Made Shot,Jump Shot,2PT Field Goal,Mid-Range,Right Side Center(RC),16-24 ft.,17,57,163,1,1,20190223,OKC,SAC,21800890648,26190,0,203084|1626161|1627741|1628368|1628963,1,REG,2019,202693,1.0,PF,Mobile Big,-0.04,Bagley III 17' Jump Shot (17 PTS) (Fox 9 AST),PF,Shot Creator,0.07,1628368.0
Shot Chart Detail,21800890,652,1628963,Marvin Bagley III,1610612758,Sacramento Kings,4,3,56,Missed Shot,Running Layup Shot,2PT Field Goal,Restricted Area,Center(C),Less Than 8 ft.,1,-19,6,1,0,20190223,OKC,SAC,21800890652,26440,0,203084|1626161|1627741|1628368|1628963,0,REG,2019,202693,1.0,PF,Mobile Big,-0.04,Morris BLOCK (1 BLK),PF,Shot Creator,0.07,
Shot Chart Detail,21800890,692,1628963,Marvin Bagley III,1610612758,Sacramento Kings,4,1,16,Missed Shot,Driving Floating Jump Shot,2PT Field Goal,Restricted Area,Center(C),Less Than 8 ft.,3,-29,9,1,0,20190223,OKC,SAC,21800890692,28040,0,203084|1626161|1627741|1628368|1628963,0,REG,2019,203924,3.0,PF,Helper,1.46,MISS Bagley III 3' Driving Floating Jump Shot,PF,Shot Creator,0.07,
Shot Chart Detail,21800905,19,1628963,Marvin Bagley III,1610612758,Sacramento Kings,1,10,27,Missed Shot,Cutting Layup Shot,2PT Field Goal,Restricted Area,Center(C),Less Than 8 ft.,1,-5,18,1,0,20190225,MIN,SAC,2180090519,930,0,203084|1626161|1627741|1628368|1628963,0,REG,2019,203967,-0.0,PF,Helper,-0.63,MISS Bagley III 2' Cutting Layup Shot,PF,Shot Creator,0.07,
Shot Chart Detail,21800905,35,1628963,Marvin Bagley III,1610612758,Sacramento Kings,1,9,32,Missed Shot,Cutting Layup Shot,2PT Field Goal,Restricted Area,Center(C),Less Than 8 ft.,0,6,7,1,0,20190225,MIN,SAC,2180090535,1480,0,203084|1626161|1627741|1628368|1628963,0,REG,2019,203967,-2.0,PF,Helper,-0.63,MISS Bagley III 1' Cutting Layup Shot,PF,Shot Creator,0.07,
Shot Chart Detail,21800905,100,1628963,Marvin Bagley III,1610612758,Sacramento Kings,1,4,42,Made Shot,Jump Shot,2PT Field Goal,Mid-Range,Left Side Center(LC),16-24 ft.,21,-93,190,1,1,20190225,MIN,SAC,21800905100,4380,0,203084|203992|1628368|1628385|1628963,1,REG,2019,203952,5.0,SF,Wing Stopper,-1.56,Bagley III 21' Jump Shot (2 PTS) (Barnes 2 AST),PF,Shot Creator,0.07,203084.0
Shot Chart Detail,21800905,104,1628963,Marvin Bagley III,1610612758,Sacramento Kings,1,4,9,Missed Shot,Driving Layup Shot,2PT Field Goal,In The Paint (Non-RA),Center(C),Less Than 8 ft.,5,3,52,1,0,20190225,MIN,SAC,21800905104,4710,0,203084|203992|1628368|1628385|1628963,0,REG,2019,203967,3.0,PF,Helper,-0.63,MISS Bagley III 5' Driving Layup,PF,Shot Creator,0.07,
Shot Chart Detail,21800905,117,1628963,Marvin Bagley III,1610612758,Sacramento Kings,1,3,36,Made Shot,Running Jump Shot,2PT Field Goal,Restricted Area,Center(C),Less Than 8 ft.,3,-8,39,1,1,20190225,MIN,SAC,21800905117,5040,0,202357|203084|203992|1628368|1628963,1,REG,2019,203952|1626145,7.0,,,,,PF,Shot Creator,0.07,203992.0
Shot Chart Detail,21800905,321,1628963,Marvin Bagley III,1610612758,Sacramento Kings,2,2,37,Made Shot,Tip Layup Shot,2PT Field Goal,Restricted Area,Center(C),Less Than 8 ft.,0,0,-6,1,1,20190225,MIN,SAC,21800905321,12830,0,203084|1627741|1628368|1628385|1628963,0,REG,2019,203967,-4.0,PF,Helper,-0.63,Bagley III 1' Tip Layup Shot (6 PTS),PF,Shot Creator,0.07,
Shot Chart Detail,21800905,330,1628963,Marvin Bagley III,1610612758,Sacramento Kings,2,2,4,Missed Shot,Layup Shot,2PT Field Goal,In The Paint (Non-RA),Center(C),Less Than 8 ft.,4,-47,15,1,0,20190225,MIN,SAC,21800905330,13160,0,203084|1627741|1628368|1628385|1628963,0,REG,2019,203967,-7.0,PF,Helper,-0.63,MISS Bagley III 5' Layup,PF,Shot Creator,0.07,
Shot Chart Detail,21800905,358,1628963,Marvin Bagley III,1610612758,Sacramento Kings,2,0,32,Made Shot,Tip Dunk Shot,2PT Field Goal,Restricted Area,Center(C),Less Than 8 ft.,0,0,-6,1,1,20190225,MIN,SAC,21800905358,14080,0,201585|203084|1627741|1628368|1628963,0,REG,2019,1626145,-8.0,PG,Point of Attack,0.13,Bagley III 1' Tip Dunk Shot (8 PTS),PF,Shot Creator,0.07,
Shot Chart Detail,21800905,367,1628963,Marvin Bagley III,1610612758,Sacramento Kings,2,0,6,Made Shot,Cutting Dunk Shot,2PT Field Goal,Restricted Area,Center(C),Less Than 8 ft.,0,-1,7,1,1,20190225,MIN,SAC,21800905367,14340,0,202357|203084|1627741|1628368|1628963,1,REG,2019,1629006|1626145,-8.0,,,,,PF,Shot Creator,0.07,1628368.0
Shot Chart Detail,21800905,539,1628963,Marvin Bagley III,1610612758,Sacramento Kings,3,1,45,Made Shot,Layup Shot,2PT Field Goal,Restricted Area,Center(C),Less Than 8 ft.,2,5,24,1,1,20190225,MIN,SAC,21800905539,20550,0,201147|203084|203992|1628368|1628963,0,REG,2019,201959,-13.0,PF,Mobile Big,0.03,Bagley III 2' Layup (14 PTS),PF,Shot Creator,0.07,
Shot Chart Detail,21800905,565,1628963,Marvin Bagley III,1610612758,Sacramento Kings,3,0,13,Made Shot,Dunk Shot,2PT Field Goal,Restricted Area,Center(C),Less Than 8 ft.,1,0,14,1,1,20190225,MIN,SAC,21800905565,21470,0,201147|203084|203992|1627812|1628963,1,REG,2019,,,,,,,PF,Shot Creator,0.07,201147.0
Shot Chart Detail,21800905,613,1628963,Marvin Bagley III,1610612758,Sacramento Kings,4,9,22,Made Shot,Driving Layup Shot,2PT Field Goal,Restricted Area,Center(C),Less Than 8 ft.,0,1,9,1,1,20190225,MIN,SAC,21800905613,23180,0,201147|203992|1627741|1627812|1628963,0,REG,2019,201229,-8.0,PF,Low Activity,-0.44,Bagley III 1' Driving Layup (20 PTS),PF,Shot Creator,0.07,
Shot Chart Detail,21800905,692,1628963,Marvin Bagley III,1610612758,Sacramento Kings,4,3,10,Missed Shot,Jump Shot,2PT Field Goal,In The Paint (Non-RA),Center(C),Less Than 8 ft.,7,3,78,1,0,20190225,MIN,SAC,21800905692,26900,0,201147|203084|203992|1628368|1628963,0,REG,2019,1626157,-7.0,C,Anchor Big,0.23,MISS Bagley III 8' Jump Shot,PF,Shot Creator,0.07,
Shot Chart Detail,21800905,694,1628963,Marvin Bagley III,1610612758,Sacramento Kings,4,3,5,Made Shot,Jump Shot,3PT Field Goal,Above the Break 3,Center(C),24+ ft.,25,36,248,1,1,20190225,MIN,SAC,21800905694,26950,0,201147|203084|203992|1628368|1628963,1,REG,2019,2736,-4.0,SF,Helper,-0.18,Bagley III 25' 3PT Jump Shot (25 PTS) (Fox 5 AST),PF,Shot Creator,0.07,1628368.0
Shot Chart Detail,21800920,99,1628963,Marvin Bagley III,1610612758,Sacramento Kings,1,3,28,Made Shot,Tip Layup Shot,2PT Field Goal,Restricted Area,Center(C),Less Than 8 ft.,0,0,-6,1,1,20190227,SAC,MIL,2180092099,5120,0,1628963,0,REG,2019,202703,7.0,PF,Helper,-0.58,Bagley III 1' Tip Layup Shot (2 PTS),PF,Shot Creator,0.07,
Shot Chart Detail,21800920,124,1628963,Marvin Bagley III,1610612758,Sacramento Kings,1,2,10,Missed Shot,Driving Layup Shot,2PT Field Goal,Restricted Area,Center(C),Less Than 8 ft.,1,-17,7,1,0,20190227,SAC,MIL,21800920124,5900,0,1628963,0,REG,2019,101141,0.0,PF,Helper,0.75,MISS Bagley III 2' Driving Layup,PF,Shot Creator,0.07,
Shot Chart Detail,21800920,142,1628963,Marvin Bagley III,1610612758,Sacramento Kings,1,1,6,Missed Shot,Jump Shot,3PT Field Goal,Above the Break 3,Left Side Center(LC),24+ ft.,25,-168,191,1,0,20190227,SAC,MIL,21800920142,6540,0,1628963,0,REG,2019,101141,-4.0,PF,Helper,0.75,MISS Bagley III 25' 3PT Jump Shot,PF,Shot Creator,0.07,
Shot Chart Detail,21800920,179,1628963,Marvin Bagley III,1610612758,Sacramento Kings,2,11,38,Made Shot,Jump Shot,2PT Field Goal,Mid-Range,Center(C),8-16 ft.,14,-2,141,1,1,20190227,SAC,MIL,21800920179,7420,0,1628963,1,REG,2019,101141,-1.0,PF,Helper,0.75,Bagley III 14' Jump Shot (4 PTS) (Bogdanovic 3 AST),PF,Shot Creator,0.07,203992.0
Shot Chart Detail,21800920,194,1628963,Marvin Bagley III,1610612758,Sacramento Kings,2,10,17,Missed Shot,Driving Layup Shot,2PT Field Goal,Restricted Area,Center(C),Less Than 8 ft.,2,-20,17,1,0,20190227,SAC,MIL,21800920194,8230,0,1628963,0,REG,2019,101141,-3.0,PF,Helper,0.75,MISS Bagley III 3' Driving Layup,PF,Shot Creator,0.07,
Shot Chart Detail,21800920,202,1628963,Marvin Bagley III,1610612758,Sacramento Kings,2,10,2,Made Shot,Putback Dunk Shot,2PT Field Goal,Restricted Area,Center(C),Less Than 8 ft.,1,4,13,1,1,20190227,SAC,MIL,21800920202,8380,0,1628963,0,REG,2019,101141|1627763,,,,,,PF,Shot Creator,0.07,
Shot Chart Detail,21800920,205,1628963,Marvin Bagley III,1610612758,Sacramento Kings,2,9,47,Missed Shot,Jump Shot,3PT Field Goal,Above the Break 3,Center(C),24+ ft.,25,-24,258,1,0,20190227,SAC,MIL,21800920205,8530,0,1628963,0,REG,2019,203507,-1.0,PF,Helper,3.11,MISS Bagley III 26' 3PT Jump Shot,PF,Shot Creator,0.07,
Shot Chart Detail,21800920,448,1628963,Marvin Bagley III,1610612758,Sacramento Kings,3,6,0,Missed Shot,Driving Layup Shot,2PT Field Goal,In The Paint (Non-RA),Center(C),Less Than 8 ft.,6,-59,27,1,0,20190227,SAC,MIL,21800920448,18000,0,1628963,0,REG,2019,201572,-13.0,C,Anchor Big,3.06,MISS Bagley III 6' Driving Layup,PF,Shot Creator,0.07,
Shot Chart Detail,21800920,454,1628963,Marvin Bagley III,1610612758,Sacramento Kings,3,5,23,Missed Shot,Jump Shot,2PT Field Goal,In The Paint (Non-RA),Right Side(R),8-16 ft.,10,55,90,1,0,20190227,SAC,MIL,21800920454,18370,0,1628963,0,REG,2019,201572,-15.0,C,Anchor Big,3.06,MISS Bagley III 11' Jump Shot,PF,Shot Creator,0.07,
Shot Chart Detail,21801022,168,1628963,Marvin Bagley III,1610612758,Sacramento Kings,1,0,5,Made Shot,Jump Shot,3PT Field Goal,Right Corner 3,Right Side(R),24+ ft.,23,235,26,1,1,20190314,BOS,SAC,21801022168,7150,0,202692|203084|203992|1628385|1628963,1,REG,2019,202694,13.0,PF,Helper,-0.01,Bagley III 24' 3PT Jump Shot (6 PTS) (Burks 1 AST),PF,Shot Creator,0.07,202692.0
Shot Chart Detail,21801022,201,1628963,Marvin Bagley III,1610612758,Sacramento Kings,2,9,57,Made Shot,Cutting Dunk Shot,2PT Field Goal,Restricted Area,Center(C),Less Than 8 ft.,1,13,3,1,1,20190314,BOS,SAC,21801022201,8430,0,201147|202692|203992|1628385|1628963,1,REG,2019,202330,15.0,PF,Low Activity,0.43,Bagley III 1' Cutting Dunk Shot (8 PTS) (Giles III 1 AST),PF,Shot Creator,0.07,1628385.0
Shot Chart Detail,21801022,208,1628963,Marvin Bagley III,1610612758,Sacramento Kings,2,9,35,Made Shot,Alley Oop Dunk Shot,2PT Field Goal,Restricted Area,Center(C),Less Than 8 ft.,0,6,7,1,1,20190314,BOS,SAC,21801022208,8650,0,201147|202692|203992|1628385|1628963,1,REG,2019,203935,,SG,Wing Stopper,1.2,Bagley III 1' Alley Oop Dunk (10 PTS) (Bogdanovic 2 AST),PF,Shot Creator,0.07,203992.0
Shot Chart Detail,21801022,449,1628963,Marvin Bagley III,1610612758,Sacramento Kings,3,4,39,Made Shot,Jump Shot,2PT Field Goal,Mid-Range,Right Side(R),8-16 ft.,15,135,67,1,1,20190314,BOS,SAC,21801022449,18810,0,203084|1627741|1628368|1628385|1628963,1,REG,2019,202694,9.0,PF,Helper,-0.01,Bagley III 15' Jump Shot (12 PTS) (Giles III 3 AST),PF,Shot Creator,0.07,1628385.0
Shot Chart Detail,21801022,484,1628963,Marvin Bagley III,1610612758,Sacramento Kings,3,3,0,Missed Shot,Fadeaway Jump Shot,2PT Field Goal,Mid-Range,Left Side(L),8-16 ft.,11,-114,7,1,0,20190314,BOS,SAC,21801022484,19800,0,203084|1627741|1628368|1628385|1628963,0,REG,2019,201143,10.0,C,Anchor Big,1.01,MISS Bagley III 11' Fadeaway Jumper,PF,Shot Creator,0.07,
Shot Chart Detail,21801022,497,1628963,Marvin Bagley III,1610612758,Sacramento Kings,3,1,59,Missed Shot,Jump Shot,3PT Field Goal,Above the Break 3,Right Side Center(RC),24+ ft.,25,138,210,1,0,20190314,BOS,SAC,21801022497,20410,0,203084|203992|1628368|1628385|1628963,0,REG,2019,201143,4.0,C,Anchor Big,1.01,MISS Bagley III 25' 3PT Jump Shot,PF,Shot Creator,0.07,
Shot Chart Detail,21801022,511,1628963,Marvin Bagley III,1610612758,Sacramento Kings,3,1,1,Missed Shot,Driving Layup Shot,2PT Field Goal,Restricted Area,Center(C),Less Than 8 ft.,2,-20,11,1,0,20190314,BOS,SAC,21801022511,20990,0,203084|203992|1628368|1628385|1628963,0,REG,2019,201143,1.0,C,Anchor Big,1.01,MISS Bagley III 2' Driving Layup,PF,Shot Creator,0.07,
Shot Chart Detail,21801022,551,1628963,Marvin Bagley III,1610612758,Sacramento Kings,4,10,8,Made Shot,Driving Reverse Layup Shot,2PT Field Goal,Restricted Area,Center(C),Less Than 8 ft.,3,-34,11,1,1,20190314,BOS,SAC,21801022551,22720,0,201147|202692|203992|1628385|1628963,0,REG,2019,201143,-3.0,C,Anchor Big,1.01,Bagley III 4' Driving Reverse Layup (14 PTS),PF,Shot Creator,0.07,
Shot Chart Detail,21801022,553,1628963,Marvin Bagley III,1610612758,Sacramento Kings,4,9,52,Missed Shot,Jump Shot,2PT Field Goal,Mid-Range,Left Side Center(LC),16-24 ft.,17,-60,164,1,0,20190314,BOS,SAC,21801022553,22880,0,201147|202692|203992|1628385|1628963,0,REG,2019,201143,-3.0,C,Anchor Big,1.01,MISS Bagley III 17' Jump Shot,PF,Shot Creator,0.07,
Shot Chart Detail,21801027,102,1628963,Marvin Bagley III,1610612758,Sacramento Kings,1,3,25,Made Shot,Driving Floating Bank Jump Shot,2PT Field Goal,Restricted Area,Center(C),Less Than 8 ft.,1,-9,7,1,1,20190315,PHI,SAC,21801027102,5150,0,203084|203992|1627812|1628385|1628963,1,REG,2019,204456,-8.0,PG,Point of Attack,-0.15,Bagley III 1' Driving Floating Bank Jump Shot (2 PTS) (Barnes 1 AST),PF,Shot Creator,0.07,203084.0
Shot Chart Detail,21801027,139,1628963,Marvin Bagley III,1610612758,Sacramento Kings,1,1,14,Made Shot,Dunk Shot,2PT Field Goal,Restricted Area,Center(C),Less Than 8 ft.,0,4,6,1,1,20190315,PHI,SAC,21801027139,6460,0,201147|203992|1627812|1628385|1628963,1,REG,2019,1627732,,PG,Wing Stopper,0.42,Bagley III 1' Dunk (6 PTS) (Giles III 1 AST),PF,Shot Creator,0.07,1628385.0
Shot Chart Detail,21801027,160,1628963,Marvin Bagley III,1610612758,Sacramento Kings,2,11,48,Made Shot,Turnaround Jump Shot,2PT Field Goal,In The Paint (Non-RA),Center(C),Less Than 8 ft.,5,43,37,1,1,20190315,PHI,SAC,21801027160,7320,0,201147|203992|1627812|1628385|1628963,1,REG,2019,202699,-2.0,PF,Wing Stopper,-0.58,Bagley III 6' Turnaround Jump Shot (8 PTS) (Bogdanovic 1 AST),PF,Shot Creator,0.07,203992.0
Shot Chart Detail,21801027,200,1628963,Marvin Bagley III,1610612758,Sacramento Kings,2,8,58,Missed Shot,Jump Shot,2PT Field Goal,Mid-Range,Right Side(R),16-24 ft.,17,176,8,1,0,20190315,PHI,SAC,21801027200,9020,0,201147|203992|1626161|1627812|1628963,0,REG,2019,203954,-4.0,C,Anchor Big,1.79,MISS Bagley III 18' Jump Shot,PF,Shot Creator,0.07,
Shot Chart Detail,21801027,216,1628963,Marvin Bagley III,1610612758,Sacramento Kings,2,8,3,Made Shot,Jump Shot,2PT Field Goal,Mid-Range,Right Side Center(RC),16-24 ft.,16,109,130,1,1,20190315,PHI,SAC,21801027216,9570,0,201147|203992|1626161|1627812|1628963,0,REG,2019,1626246,-0.0,C,Anchor Big,0.42,Bagley III 17' Jump Shot (10 PTS),PF,Shot Creator,0.07,
Shot Chart Detail,21801027,421,1628963,Marvin Bagley III,1610612758,Sacramento Kings,3,5,53,Missed Shot,Turnaround Hook Shot,2PT Field Goal,In The Paint (Non-RA),Right Side(R),8-16 ft.,8,46,69,1,0,20190315,PHI,SAC,21801027421,18070,0,203084|1626161|1627741|1628368|1628963,0,REG,2019,202710,-4.0,SF-SG,Wing Stopper,-0.08,MISS Bagley III 8' Turnaround Hook Shot,PF,Shot Creator,0.07,
Shot Chart Detail,21801027,511,1628963,Marvin Bagley III,1610612758,Sacramento Kings,4,11,27,Missed Shot,Hook Shot,2PT Field Goal,In The Paint (Non-RA),Center(C),Less Than 8 ft.,6,13,61,1,0,20190315,PHI,SAC,21801027511,21930,0,201147|203992|1627812|1628385|1628963,0,REG,2019,1627732,-10.0,PG,Wing Stopper,0.42,MISS Bagley III 6' Hook Shot,PF,Shot Creator,0.07,
Shot Chart Detail,21801027,534,1628963,Marvin Bagley III,1610612758,Sacramento Kings,4,9,56,Made Shot,Jump Shot,2PT Field Goal,Mid-Range,Right Side(R),8-16 ft.,13,134,-15,1,1,20190315,PHI,SAC,21801027534,22840,0,201147|203992|1627812|1628385|1628963,1,REG,2019,203118,-6.0,PF,Helper,-1.25,Bagley III 13' Jump Shot (15 PTS) (Giles III 4 AST),PF,Shot Creator,0.07,1628385.0
Shot Chart Detail,21801027,547,1628963,Marvin Bagley III,1610612758,Sacramento Kings,4,8,52,Missed Shot,Step Back Jump shot,3PT Field Goal,Above the Break 3,Right Side Center(RC),24+ ft.,27,128,243,1,0,20190315,PHI,SAC,21801027547,23480,0,201147|203992|1626161|1627812|1628963,0,REG,2019,203516,-5.0,SF,Chaser,-0.38,MISS Bagley III 27' 3PT Step Back Jump Shot,PF,Shot Creator,0.07,
Shot Chart Detail,21801047,110,1628963,Marvin Bagley III,1610612758,Sacramento Kings,1,2,41,Made Shot,Pullup Jump shot,2PT Field Goal,Mid-Range,Right Side(R),8-16 ft.,15,150,33,1,1,20190317,SAC,CHI,21801047110,5590,0,203084|203992|1628368|1628385|1628963,0,REG,2019,201577,0.0,C,Anchor Big,-0.97,Bagley III 15' Pullup Jump Shot (2 PTS),PF,Shot Creator,0.07,
Shot Chart Detail,21801047,116,1628963,Marvin Bagley III,1610612758,Sacramento Kings,1,2,8,Made Shot,Running Layup Shot,2PT Field Goal,In The Paint (Non-RA),Center(C),Less Than 8 ft.,5,15,49,1,1,20190317,SAC,CHI,21801047116,5920,0,203084|203992|1628368|1628385|1628963,0,REG,2019,203897,2.0,SG,Chaser,-1.23,Bagley III 5' Running Layup (4 PTS),PF,Shot Creator,0.07,
Shot Chart Detail,21801047,153,1628963,Marvin Bagley III,1610612758,Sacramento Kings,2,11,9,Missed Shot,Jump Shot,3PT Field Goal,Above the Break 3,Left Side Center(LC),24+ ft.,26,-110,242,1,0,20190317,SAC,CHI,21801047153,7710,0,201147|203992|1627741|1628385|1628963,0,REG,2019,1627782,1.0,SG,Helper,-0.96,MISS Bagley III 27' 3PT Jump Shot,PF,Shot Creator,0.07,
Shot Chart Detail,21801047,183,1628963,Marvin Bagley III,1610612758,Sacramento Kings,2,8,48,Missed Shot,Jump Shot,3PT Field Goal,Above the Break 3,Center(C),24+ ft.,29,-82,288,1,0,20190317,SAC,CHI,21801047183,9120,0,201147|203992|1626161|1627741|1628963,0,REG,2019,203490,5.0,SF,Helper,1.59,MISS Bagley III 30' 3PT Jump Shot,PF,Shot Creator,0.07,
Shot Chart Detail,21801047,197,1628963,Marvin Bagley III,1610612758,Sacramento Kings,2,7,14,Made Shot,Fadeaway Jump Shot,2PT Field Goal,In The Paint (Non-RA),Center(C),Less Than 8 ft.,6,3,63,1,1,20190317,SAC,CHI,21801047197,10060,0,201147|203992|1626161|1627741|1628963,0,REG,2019,1626245,,C,Mobile Big,-1.22,Bagley III 6' Fadeaway Jumper (6 PTS),PF,Shot Creator,0.07,
Shot Chart Detail,21801047,453,1628963,Marvin Bagley III,1610612758,Sacramento Kings,3,3,38,Made Shot,Hook Shot,2PT Field Goal,In The Paint (Non-RA),Center(C),Less Than 8 ft.,6,2,66,1,1,20190317,SAC,CHI,21801047453,19420,0,203084|203992|1628368|1628385|1628963,0,REG,2019,1627782,25.0,SG,Helper,-0.96,Bagley III 7' Hook Shot (9 PTS),PF,Shot Creator,0.07,
Shot Chart Detail,21801047,471,1628963,Marvin Bagley III,1610612758,Sacramento Kings,3,1,54,Made Shot,Fadeaway Jump Shot,2PT Field Goal,Mid-Range,Right Side(R),8-16 ft.,10,106,26,1,1,20190317,SAC,CHI,21801047471,20460,0,201147|203084|203992|1628385|1628963,0,REG,2019,1627782,,SG,Helper,-0.96,Bagley III 11' Fadeaway Jumper (11 PTS),PF,Shot Creator,0.07,
Shot Chart Detail,21801047,488,1628963,Marvin Bagley III,1610612758,Sacramento Kings,3,1,11,Made Shot,Layup Shot,2PT Field Goal,Restricted Area,Center(C),Less Than 8 ft.,2,16,20,1,1,20190317,SAC,CHI,21801047488,20890,0,201147|203084|203992|1628385|1628963,0,REG,2019,1627782,27.0,SG,Helper,-0.96,Bagley III 3' Layup (14 PTS),PF,Shot Creator,0.07,
Shot Chart Detail,21801047,513,1628963,Marvin Bagley III,1610612758,Sacramento Kings,4,11,24,Missed Shot,Putback Layup Shot,2PT Field Goal,Restricted Area,Center(C),Less Than 8 ft.,0,0,4,1,0,20190317,SAC,CHI,21801047513,21960,0,201147|203992|1627812|1628385|1628963,0,REG,2019,1627782|1626245,26.0,,,,,PF,Shot Creator,0.07,
Shot Chart Detail,21801047,516,1628963,Marvin Bagley III,1610612758,Sacramento Kings,4,11,24,Made Shot,Turnaround Fadeaway Bank Jump Shot,2PT Field Goal,Restricted Area,Center(C),Less Than 8 ft.,2,14,21,1,1,20190317,SAC,CHI,21801047516,21960,0,201147|203992|1627812|1628385|1628963,0,REG,2019,1626245,28.0,C,Mobile Big,-1.22,Bagley III 3' Turnaround Fadeaway Bank Jump Shot (16 PTS),PF,Shot Creator,0.07,
Shot Chart Detail,21801047,531,1628963,Marvin Bagley III,1610612758,Sacramento Kings,4,10,36,Made Shot,Step Back Jump shot,2PT Field Goal,In The Paint (Non-RA),Center(C),Less Than 8 ft.,7,79,3,1,1,20190317,SAC,CHI,21801047531,22440,0,201147|203992|1627812|1628385|1628963,1,REG,2019,1627782,31.0,SG,Helper,-0.96,Bagley III 8' Step Back Jump Shot (19 PTS) (Bogdanovic 2 AST),PF,Shot Creator,0.07,203992.0
Shot Chart Detail,21801047,543,1628963,Marvin Bagley III,1610612758,Sacramento Kings,4,9,38,Missed Shot,Driving Layup Shot,2PT Field Goal,In The Paint (Non-RA),Center(C),Less Than 8 ft.,4,-33,34,1,0,20190317,SAC,CHI,21801047543,23020,0,201147|203992|1627812|1628385|1628963,0,REG,2019,1627782,33.0,SG,Helper,-0.96,MISS Bagley III 5' Driving Layup,PF,Shot Creator,0.07,
Shot Chart Detail,21801047,562,1628963,Marvin Bagley III,1610612758,Sacramento Kings,4,7,56,Missed Shot,Jump Shot,2PT Field Goal,Mid-Range,Left Side(L),8-16 ft.,15,-151,8,1,0,20190317,SAC,CHI,21801047562,24040,0,201147|202692|1627812|1628385|1628963,0,REG,2019,1627782,35.0,SG,Helper,-0.96,MISS Bagley III 15' Jump Shot,PF,Shot Creator,0.07,
Shot Chart Detail,21801047,584,1628963,Marvin Bagley III,1610612758,Sacramento Kings,4,6,16,Made Shot,Hook Shot,2PT Field Goal,In The Paint (Non-RA),Center(C),Less Than 8 ft.,5,23,48,1,1,20190317,SAC,CHI,21801047584,25040,0,201585|202692|1627812|1628412|1628963,0,REG,2019,1627782|1628469,32.0,,,,,PF,Shot Creator,0.07,
Shot Chart Detail,21801063,91,1628963,Marvin Bagley III,1610612758,Sacramento Kings,1,4,30,Made Shot,Jump Shot,2PT Field Goal,Mid-Range,Left Side Center(LC),16-24 ft.,16,-62,153,1,1,20190319,SAC,BKN,2180106391,4500,0,203084|203992|1628368|1628385|1628963,1,REG,2019,201960,3.0,PF,Helper,-0.29,Bagley III 17' Jump Shot (2 PTS) (Fox 4 AST),PF,Shot Creator,0.07,1628368.0
Shot Chart Detail,21801063,112,1628963,Marvin Bagley III,1610612758,Sacramento Kings,1,3,32,Made Shot,Jump Bank Shot,2PT Field Goal,Restricted Area,Center(C),Less Than 8 ft.,3,-32,12,1,1,20190319,SAC,BKN,21801063112,5080,0,203084|203992|1628368|1628385|1628963,0,REG,2019,1627747|202334,5.0,,,,,PF,Shot Creator,0.07,
Shot Chart Detail,21801063,115,1628963,Marvin Bagley III,1610612758,Sacramento Kings,1,3,2,Made Shot,Jump Shot,3PT Field Goal,Above the Break 3,Center(C),24+ ft.,24,-11,246,1,1,20190319,SAC,BKN,21801063115,5380,0,203084|203992|1628368|1628385|1628963,1,REG,2019,202334,8.0,C,Anchor Big,2.1,Bagley III 25' 3PT Jump Shot (7 PTS) (Giles III 1 AST),PF,Shot Creator,0.07,1628385.0
Shot Chart Detail,21801063,119,1628963,Marvin Bagley III,1610612758,Sacramento Kings,1,2,36,Made Shot,Hook Shot,2PT Field Goal,In The Paint (Non-RA),Center(C),Less Than 8 ft.,6,10,65,1,1,20190319,SAC,BKN,21801063119,5640,0,203084|203992|1628368|1628385|1628963,1,REG,2019,1627747,10.0,SF,Point of Attack,-0.44,Bagley III 7' Hook Shot (9 PTS) (Fox 5 AST),PF,Shot Creator,0.07,1628368.0
Shot Chart Detail,21801063,178,1628963,Marvin Bagley III,1610612758,Sacramento Kings,2,10,33,Made Shot,Hook Bank Shot,2PT Field Goal,In The Paint (Non-RA),Center(C),Less Than 8 ft.,4,2,48,1,1,20190319,SAC,BKN,21801063178,8070,0,201147|203992|1627741|1628385|1628963,0,REG,2019,202334,14.0,C,Anchor Big,2.1,Bagley III 5' Hook Bank Shot (11 PTS),PF,Shot Creator,0.07,
Shot Chart Detail,21801063,188,1628963,Marvin Bagley III,1610612758,Sacramento Kings,2,9,45,Made Shot,Tip Layup Shot,2PT Field Goal,Restricted Area,Center(C),Less Than 8 ft.,0,0,-6,1,1,20190319,SAC,BKN,21801063188,8550,0,201147|203992|1627741|1628385|1628963,0,REG,2019,1626156|202334,13.0,,,,,PF,Shot Creator,0.07,
Shot Chart Detail,21801063,211,1628963,Marvin Bagley III,1610612758,Sacramento Kings,2,8,27,Made Shot,Cutting Dunk Shot,2PT Field Goal,Restricted Area,Center(C),Less Than 8 ft.,1,2,15,1,1,20190319,SAC,BKN,21801063211,9330,0,201147|202357|203992|1627741|1628963,1,REG,2019,1626156|202334,12.0,,,,,PF,Shot Creator,0.07,201147.0
Shot Chart Detail,21801063,261,1628963,Marvin Bagley III,1610612758,Sacramento Kings,2,5,11,Made Shot,Cutting Dunk Shot,2PT Field Goal,Restricted Area,Center(C),Less Than 8 ft.,1,10,4,1,1,20190319,SAC,BKN,21801063261,11290,0,202357|203084|1627741|1628368|1628963,1,REG,2019,203925,10.0,SG,Chaser,-0.08,Bagley III 1' Cutting Dunk Shot (17 PTS) (Fox 7 AST),PF,Shot Creator,0.07,1628368.0
Shot Chart Detail,21801063,427,1628963,Marvin Bagley III,1610612758,Sacramento Kings,3,5,10,Made Shot,Alley Oop Dunk Shot,2PT Field Goal,Restricted Area,Center(C),Less Than 8 ft.,1,6,8,1,1,20190319,SAC,BKN,21801063427,18500,0,203084|1627741|1628368|1628385|1628963,1,REG,2019,201960,,PF,Helper,-0.29,Bagley III 1' Alley Oop Dunk (19 PTS) (Hield 3 AST),PF,Shot Creator,0.07,1627741.0
Shot Chart Detail,21801063,434,1628963,Marvin Bagley III,1610612758,Sacramento Kings,3,4,43,Missed Shot,Jump Shot,2PT Field Goal,Mid-Range,Right Side Center(RC),16-24 ft.,19,111,155,1,0,20190319,SAC,BKN,21801063434,18770,0,203084|1627741|1628368|1628385|1628963,0,REG,2019,1626178,24.0,SF,Helper,0.78,MISS Bagley III 19' Jump Shot,PF,Shot Creator,0.07,
Shot Chart Detail,21801063,441,1628963,Marvin Bagley III,1610612758,Sacramento Kings,3,4,3,Made Shot,Driving Layup Shot,2PT Field Goal,In The Paint (Non-RA),Center(C),Less Than 8 ft.,5,22,51,1,1,20190319,SAC,BKN,21801063441,19170,0,203084|1627741|1628368|1628385|1628963,0,REG,2019,1626178,28.0,SF,Helper,0.78,Bagley III 6' Driving Layup (21 PTS),PF,Shot Creator,0.07,
Shot Chart Detail,21801063,473,1628963,Marvin Bagley III,1610612758,Sacramento Kings,3,2,9,Made Shot,Jump Shot,3PT Field Goal,Above the Break 3,Center(C),24+ ft.,24,44,246,1,1,20190319,SAC,BKN,21801063473,20310,0,201147|203084|203992|1628385|1628963,1,REG,2019,1626178,28.0,SF,Helper,0.78,Bagley III 25' 3PT Jump Shot (24 PTS) (Bogdanovic 1 AST),PF,Shot Creator,0.07,203992.0
Shot Chart Detail,21801063,519,1628963,Marvin Bagley III,1610612758,Sacramento Kings,4,11,39,Missed Shot,Fadeaway Jump Shot,2PT Field Goal,Mid-Range,Right Side(R),8-16 ft.,11,92,72,1,0,20190319,SAC,BKN,21801063519,21810,0,201147|203992|1627812|1628385|1628963,0,REG,2019,1629066,25.0,SF,Helper,0.08,MISS Bagley III 12' Fadeaway Jumper,PF,Shot Creator,0.07,
Shot Chart Detail,21801063,574,1628963,Marvin Bagley III,1610612758,Sacramento Kings,4,8,0,Missed Shot,Jump Shot,2PT Field Goal,Mid-Range,Right Side(R),8-16 ft.,15,157,5,1,0,20190319,SAC,BKN,21801063574,24000,0,203084|1626161|1627741|1628368|1628963,0,REG,2019,201162,16.0,PF,Helper,0.5,MISS Bagley III 16' Jump Shot,PF,Shot Creator,0.07,
Shot Chart Detail,21801063,635,1628963,Marvin Bagley III,1610612758,Sacramento Kings,4,3,44,Made Shot,Putback Dunk Shot,2PT Field Goal,Restricted Area,Center(C),Less Than 8 ft.,0,0,-6,1,1,20190319,SAC,BKN,21801063635,26560,0,202357|203084|1627741|1628368|1628963,0,REG,2019,1626178,,SF,Helper,0.78,Bagley III 1' Putback Dunk (28 PTS),PF,Shot Creator,0.07,
Shot Chart Detail,21801078,80,1628963,Marvin Bagley III,1610612758,Sacramento Kings,1,4,58,Made Shot,Hook Shot,2PT Field Goal,In The Paint (Non-RA),Center(C),Less Than 8 ft.,4,27,32,1,1,20190321,SAC,DAL,2180107880,4220,0,203084|1627741|1628368|1628385|1628963,0,REG,2019,203939,2.0,C,Anchor Big,0.53,Bagley III 4' Hook Shot (2 PTS),PF,Shot Creator,0.07,
Shot Chart Detail,21801078,130,1628963,Marvin Bagley III,1610612758,Sacramento Kings,1,1,47,Made Shot,Dunk Shot,2PT Field Goal,Restricted Area,Center(C),Less Than 8 ft.,1,-9,8,1,1,20190321,SAC,DAL,21801078130,6130,0,201147|203992|1627812|1628385|1628963,0,REG,2019,2734|203939,,,,,,PF,Shot Creator,0.07,
Shot Chart Detail,21801078,148,1628963,Marvin Bagley III,1610612758,Sacramento Kings,1,0,40,Missed Shot,Hook Shot,2PT Field Goal,In The Paint (Non-RA),Center(C),Less Than 8 ft.,4,39,26,1,0,20190321,SAC,DAL,21801078148,6800,0,201147|203992|1627812|1628385|1628963,0,REG,2019,1628467,0.0,PF,Wing Stopper,1.07,MISS Bagley III 5' Hook Shot,PF,Shot Creator,0.07,
Shot Chart Detail,21801078,182,1628963,Marvin Bagley III,1610612758,Sacramento Kings,2,10,13,Made Shot,Driving Reverse Layup Shot,2PT Field Goal,Restricted Area,Center(C),Less Than 8 ft.,1,-15,9,1,1,20190321,SAC,DAL,21801078182,8270,0,201147|203992|1627812|1628385|1628963,0,REG,2019,203939,-1.0,C,Anchor Big,0.53,Bagley III 2' Driving Reverse Layup (8 PTS),PF,Shot Creator,0.07,
Shot Chart Detail,21801078,187,1628963,Marvin Bagley III,1610612758,Sacramento Kings,2,9,33,Missed Shot,Jump Shot,2PT Field Goal,Mid-Range,Center(C),8-16 ft.,15,54,145,1,0,20190321,SAC,DAL,21801078187,8670,0,201147|203992|1627812|1628385|1628963,0,REG,2019,203939,-3.0,C,Anchor Big,0.53,MISS Bagley III 15' Jump Shot,PF,Shot Creator,0.07,
Shot Chart Detail,21801078,192,1628963,Marvin Bagley III,1610612758,Sacramento Kings,2,9,16,Missed Shot,Hook Shot,2PT Field Goal,Restricted Area,Center(C),Less Than 8 ft.,3,-37,14,1,0,20190321,SAC,DAL,21801078192,8840,0,201147|203992|1626161|1627812|1628963,0,REG,2019,203939,-3.0,C,Anchor Big,0.53,MISS Bagley III 4' Hook Shot,PF,Shot Creator,0.07,
Shot Chart Detail,21801078,229,1628963,Marvin Bagley III,1610612758,Sacramento Kings,2,6,51,Missed Shot,Jump Shot,3PT Field Goal,Right Corner 3,Right Side(R),24+ ft.,23,230,11,1,0,20190321,SAC,DAL,21801078229,10290,0,203992|1626161|1627741|1628368|1628963,0,REG,2019,1628467,-5.0,PF,Wing Stopper,1.07,MISS Bagley III 3PT Jump Shot,PF,Shot Creator,0.07,
Shot Chart Detail,21801078,232,1628963,Marvin Bagley III,1610612758,Sacramento Kings,2,6,27,Missed Shot,Turnaround Hook Shot,2PT Field Goal,Mid-Range,Left Side(L),8-16 ft.,8,-81,-10,1,0,20190321,SAC,DAL,21801078232,10530,0,203992|1626161|1627741|1628368|1628963,0,REG,2019,1628973,-8.0,PG,Point of Attack,-0.7,MISS Bagley III 8' Turnaround Hook Shot,PF,Shot Creator,0.07,
Shot Chart Detail,21801078,243,1628963,Marvin Bagley III,1610612758,Sacramento Kings,2,5,38,Missed Shot,Driving Layup Shot,2PT Field Goal,Restricted Area,Center(C),Less Than 8 ft.,2,18,16,1,0,20190321,SAC,DAL,21801078243,11020,0,203992|1626161|1627741|1628368|1628963,0,REG,2019,1628467,-4.0,PF,Wing Stopper,1.07,MISS Bagley III 2' Driving Layup,PF,Shot Creator,0.07,
Shot Chart Detail,21801078,332,1628963,Marvin Bagley III,1610612758,Sacramento Kings,2,0,29,Missed Shot,Hook Shot,2PT Field Goal,In The Paint (Non-RA),Center(C),Less Than 8 ft.,7,6,73,1,0,20190321,SAC,DAL,21801078332,14110,0,202357|203084|1627741|1628368|1628963,0,REG,2019,203939,0.0,C,Anchor Big,0.53,MISS Bagley III 7' Hook Shot,PF,Shot Creator,0.07,
Shot Chart Detail,21801078,471,1628963,Marvin Bagley III,1610612758,Sacramento Kings,3,0,41,Made Shot,Jump Shot,3PT Field Goal,Above the Break 3,Right Side Center(RC),24+ ft.,25,116,223,1,1,20190321,SAC,DAL,21801078471,21190,0,203084|203992|1626161|1627812|1628963,1,REG,2019,203939,11.0,C,Anchor Big,0.53,Bagley III 25' 3PT Jump Shot (11 PTS) (Ferrell 2 AST),PF,Shot Creator,0.07,1627812.0
Shot Chart Detail,21801078,487,1628963,Marvin Bagley III,1610612758,Sacramento Kings,4,11,44,Made Shot,Driving Layup Shot,2PT Field Goal,Restricted Area,Center(C),Less Than 8 ft.,2,14,17,1,1,20190321,SAC,DAL,21801078487,21760,0,202357|203992|1627741|1627812|1628963,1,REG,2019,1717,10.0,PF,Helper,-0.42,Bagley III 2' Driving Layup (13 PTS) (Bogdanovic 1 AST),PF,Shot Creator,0.07,203992.0
Shot Chart Detail,21801078,519,1628963,Marvin Bagley III,1610612758,Sacramento Kings,4,9,51,Made Shot,Tip Dunk Shot,2PT Field Goal,Restricted Area,Center(C),Less Than 8 ft.,1,8,16,1,1,20190321,SAC,DAL,21801078519,22890,0,202357|203992|1627741|1627812|1628963,0,REG,2019,1627827,10.0,SF,Wing Stopper,-0.42,Bagley III 2' Tip Dunk Shot (16 PTS),PF,Shot Creator,0.07,
Shot Chart Detail,21801078,549,1628963,Marvin Bagley III,1610612758,Sacramento Kings,4,8,8,Made Shot,Jump Shot,3PT Field Goal,Above the Break 3,Center(C),24+ ft.,25,-17,256,1,1,20190321,SAC,DAL,21801078549,23920,0,202357|203992|1627741|1628368|1628963,1,REG,2019,,,,,,,PF,Shot Creator,0.07,1628368.0
Shot Chart Detail,21801078,648,1628963,Marvin Bagley III,1610612758,Sacramento Kings,4,2,4,Made Shot,Jump Shot,3PT Field Goal,Above the Break 3,Center(C),24+ ft.,25,-32,249,1,1,20190321,SAC,DAL,21801078648,27560,0,203084|1626161|1627741|1628368|1628963,1,REG,2019,1628467,19.0,PF,Wing Stopper,1.07,Bagley III 25' 3PT Jump Shot (22 PTS) (Hield 4 AST),PF,Shot Creator,0.07,1627741.0
Shot Chart Detail,21801078,675,1628963,Marvin Bagley III,1610612758,Sacramento Kings,4,0,24,Missed Shot,Jump Shot,3PT Field Goal,Left Corner 3,Left Side(L),24+ ft.,23,-230,16,1,0,20190321,SAC,DAL,21801078675,28560,0,203084|1626161|1627741|1627812|1628963,0,REG,2019,1626257,18.0,C,Anchor Big,1.19,MISS Bagley III 3PT Jump Shot,PF,Shot Creator,0.07,
Shot Chart Detail,21801094,73,1628963,Marvin Bagley III,1610612758,Sacramento Kings,1,5,48,Made Shot,Dunk Shot,2PT Field Goal,Restricted Area,Center(C),Less Than 8 ft.,1,-8,10,1,1,20190323,SAC,PHX,2180109473,3720,0,202357|203084|1627741|1628368|1628963,1,REG,2019,1629028,,C,Anchor Big,0.2,Bagley III 1' Dunk (2 PTS) (Fox 3 AST),PF,Shot Creator,0.07,1628368.0
Shot Chart Detail,21801094,80,1628963,Marvin Bagley III,1610612758,Sacramento Kings,1,5,17,Missed Shot,Turnaround Hook Shot,2PT Field Goal,In The Paint (Non-RA),Center(C),Less Than 8 ft.,7,8,79,1,0,20190323,SAC,PHX,2180109480,4030,0,202357|203084|1627741|1628368|1628963,0,REG,2019,1626158,-11.0,C,Anchor Big,0.42,MISS Bagley III 8' Turnaround Hook Shot,PF,Shot Creator,0.07,
Shot Chart Detail,21801094,97,1628963,Marvin Bagley III,1610612758,Sacramento Kings,1,3,57,Missed Shot,Turnaround Jump Shot,2PT Field Goal,In The Paint (Non-RA),Center(C),8-16 ft.,12,55,108,1,0,20190323,SAC,PHX,2180109497,4830,0,202357|203084|203992|1628368|1628963,0,REG,2019,1626158,-13.0,C,Anchor Big,0.42,MISS Bagley III 12' Turnaround Jump Shot,PF,Shot Creator,0.07,
Shot Chart Detail,21801094,108,1628963,Marvin Bagley III,1610612758,Sacramento Kings,1,3,27,Made Shot,Pullup Jump shot,2PT Field Goal,In The Paint (Non-RA),Center(C),8-16 ft.,8,13,80,1,1,20190323,SAC,PHX,21801094108,5130,0,202357|203084|203992|1628368|1628963,0,REG,2019,1629034|1626158,-10.0,,,,,PF,Shot Creator,0.07,
Shot Chart Detail,21801094,128,1628963,Marvin Bagley III,1610612758,Sacramento Kings,1,1,36,Missed Shot,Jump Shot,2PT Field Goal,Mid-Range,Center(C),8-16 ft.,15,-8,153,1,0,20190323,SAC,PHX,21801094128,6240,0,202357|203084|203992|1627812|1628963,0,REG,2019,1626158,-8.0,C,Anchor Big,0.42,MISS Bagley III 15' Jump Shot,PF,Shot Creator,0.07,
Shot Chart Detail,21801094,137,1628963,Marvin Bagley III,1610612758,Sacramento Kings,1,0,48,Missed Shot,Layup Shot,2PT Field Goal,Restricted Area,Center(C),Less Than 8 ft.,2,-26,11,1,0,20190323,SAC,PHX,21801094137,6720,0,202357|203084|203992|1627812|1628963,0,REG,2019,1629034,-10.0,PF,Helper,0.21,MISS Bagley III 3' Layup,PF,Shot Creator,0.07,
Shot Chart Detail,21801094,178,1628963,Marvin Bagley III,1610612758,Sacramento Kings,2,11,32,Missed Shot,Hook Shot,2PT Field Goal,In The Paint (Non-RA),Center(C),Less Than 8 ft.,6,20,57,1,0,20190323,SAC,PHX,21801094178,7480,0,201147|201585|203992|1627812|1628963,0,REG,2019,1629034,-13.0,PF,Helper,0.21,MISS Bagley III 6' Hook Shot,PF,Shot Creator,0.07,
Shot Chart Detail,21801094,184,1628963,Marvin Bagley III,1610612758,Sacramento Kings,2,10,51,Missed Shot,Jump Shot,3PT Field Goal,Above the Break 3,Center(C),24+ ft.,25,56,251,1,0,20190323,SAC,PHX,21801094184,7890,0,201147|201585|203992|1627812|1628963,0,REG,2019,1629034,-11.0,PF,Helper,0.21,MISS Bagley III 26' 3PT Jump Shot,PF,Shot Creator,0.07,
Shot Chart Detail,21801094,442,1628963,Marvin Bagley III,1610612758,Sacramento Kings,3,4,29,Made Shot,Dunk Shot,2PT Field Goal,Restricted Area,Center(C),Less Than 8 ft.,1,-2,15,1,1,20190323,SAC,PHX,21801094442,18910,0,202357|203084|203992|1628368|1628963,0,REG,2019,1626158,,C,Anchor Big,0.42,Bagley III 2' Dunk (6 PTS),PF,Shot Creator,0.07,
Shot Chart Detail,21801094,459,1628963,Marvin Bagley III,1610612758,Sacramento Kings,3,3,47,Made Shot,Driving Reverse Layup Shot,2PT Field Goal,Restricted Area,Center(C),Less Than 8 ft.,1,-16,10,1,1,20190323,SAC,PHX,21801094459,19330,0,201585|203084|203992|1628368|1628963,0,REG,2019,1629034,4.0,PF,Helper,0.21,Bagley III 2' Driving Reverse Layup (8 PTS),PF,Shot Creator,0.07,
Shot Chart Detail,21801094,575,1628963,Marvin Bagley III,1610612758,Sacramento Kings,4,7,12,Missed Shot,Layup Shot,2PT Field Goal,In The Paint (Non-RA),Center(C),Less Than 8 ft.,7,-74,20,1,0,20190323,SAC,PHX,21801094575,24480,0,202357|203084|203992|1627741|1628963,0,REG,2019,1629028,4.0,C,Anchor Big,0.2,MISS Bagley III 8' Layup,PF,Shot Creator,0.07,
Shot Chart Detail,21801094,654,1628963,Marvin Bagley III,1610612758,Sacramento Kings,4,1,33,Missed Shot,Layup Shot,2PT Field Goal,In The Paint (Non-RA),Center(C),Less Than 8 ft.,5,-24,48,1,0,20190323,SAC,PHX,21801094654,27870,0,202357|203084|1627741|1628368|1628963,0,REG,2019,203584,6.0,SG,Low Activity,-1.28,MISS Bagley III 5' Layup,PF,Shot Creator,0.07,
Shot Chart Detail,21801094,667,1628963,Marvin Bagley III,1610612758,Sacramento Kings,4,0,35,Made Shot,Cutting Layup Shot,2PT Field Goal,Restricted Area,Center(C),Less Than 8 ft.,1,11,15,1,1,20190323,SAC,PHX,21801094667,28450,0,202357|203084|1627741|1628368|1628963,1,REG,2019,1629028,6.0,C,Anchor Big,0.2,Bagley III 2' Cutting Layup Shot (15 PTS) (Barnes 2 AST),PF,Shot Creator,0.07,203084.0
Shot Chart Detail,21801102,90,1628963,Marvin Bagley III,1610612758,Sacramento Kings,1,6,32,Made Shot,Putback Dunk Shot,2PT Field Goal,Restricted Area,Center(C),Less Than 8 ft.,0,0,-6,1,1,20190324,LAL,SAC,2180110290,3280,0,203084|1626161|1627741|1628368|1628963,0,REG,2019,201580,,C,Anchor Big,1.29,Bagley III 1' Putback Dunk (2 PTS),PF,Shot Creator,0.07,
Shot Chart Detail,21801102,104,1628963,Marvin Bagley III,1610612758,Sacramento Kings,1,5,12,Missed Shot,Step Back Jump shot,2PT Field Goal,Mid-Range,Left Side(L),8-16 ft.,15,-100,123,1,0,20190324,LAL,SAC,21801102104,4080,0,203084|1626161|1627741|1628368|1628963,0,REG,2019,1628398,-3.0,PF,Helper,-0.96,MISS Bagley III 16' Step Back Jump Shot,PF,Shot Creator,0.07,
Shot Chart Detail,21801102,136,1628963,Marvin Bagley III,1610612758,Sacramento Kings,1,3,37,Missed Shot,Jump Shot,3PT Field Goal,Left Corner 3,Left Side(L),24+ ft.,23,-235,33,1,0,20190324,LAL,SAC,21801102136,5030,0,201585|203084|203992|1627812|1628963,0,REG,2019,1629021,-0.0,C,Helper,0.23,MISS Bagley III 24' 3PT Jump Shot,PF,Shot Creator,0.07,
Shot Chart Detail,21801102,145,1628963,Marvin Bagley III,1610612758,Sacramento Kings,1,2,48,Missed Shot,Driving Layup Shot,2PT Field Goal,In The Paint (Non-RA),Center(C),Less Than 8 ft.,4,26,36,1,0,20190324,LAL,SAC,21801102145,5520,0,201147|201585|203992|1627812|1628963,0,REG,2019,1629021,-3.0,C,Helper,0.23,MISS Bagley III 4' Driving Layup,PF,Shot Creator,0.07,
Shot Chart Detail,21801102,160,1628963,Marvin Bagley III,1610612758,Sacramento Kings,1,1,40,Made Shot,Jump Shot,3PT Field Goal,Above the Break 3,Right Side Center(RC),24+ ft.,25,125,225,1,1,20190324,LAL,SAC,21801102160,6200,0,201147|201585|203992|1627812|1628963,1,REG,2019,1629021,-1.0,C,Helper,0.23,Bagley III 26' 3PT Jump Shot (5 PTS) (Koufos 1 AST),PF,Shot Creator,0.07,201585.0
Shot Chart Detail,21801102,171,1628963,Marvin Bagley III,1610612758,Sacramento Kings,1,0,49,Made Shot,Dunk Shot,2PT Field Goal,Restricted Area,Center(C),Less Than 8 ft.,0,2,5,1,1,20190324,LAL,SAC,21801102171,6710,0,201147|201585|203992|1627812|1628963,1,REG,2019,2199,,C,Anchor Big,1.28,Bagley III 1' Dunk (7 PTS) (Brewer 1 AST),PF,Shot Creator,0.07,201147.0
Shot Chart Detail,21801102,203,1628963,Marvin Bagley III,1610612758,Sacramento Kings,2,10,9,Missed Shot,Driving Layup Shot,2PT Field Goal,In The Paint (Non-RA),Center(C),Less Than 8 ft.,5,-18,49,1,0,20190324,LAL,SAC,21801102203,8310,0,201147|201585|203992|1627812|1628963,0,REG,2019,1628398,-7.0,PF,Helper,-0.96,MISS Bagley III 5' Driving Layup,PF,Shot Creator,0.07,
Shot Chart Detail,21801102,211,1628963,Marvin Bagley III,1610612758,Sacramento Kings,2,9,27,Missed Shot,Tip Layup Shot,2PT Field Goal,Restricted Area,Center(C),Less Than 8 ft.,0,0,-6,1,0,20190324,LAL,SAC,21801102211,8730,0,201147|201585|203992|1627812|1628963,0,REG,2019,1628398,-9.0,PF,Helper,-0.96,MISS Bagley III 1' Tip Layup Shot,PF,Shot Creator,0.07,
Shot Chart Detail,21801102,273,1628963,Marvin Bagley III,1610612758,Sacramento Kings,2,5,29,Made Shot,Hook Shot,2PT Field Goal,In The Paint (Non-RA),Center(C),Less Than 8 ft.,7,-19,73,1,1,20190324,LAL,SAC,21801102273,11110,0,202357|203992|1627741|1628368|1628963,1,REG,2019,1628398,2.0,PF,Helper,-0.96,Bagley III 8' Hook Shot (10 PTS) (Bjelica 1 AST),PF,Shot Creator,0.07,202357.0
Shot Chart Detail,21801102,325,1628963,Marvin Bagley III,1610612758,Sacramento Kings,2,2,6,Made Shot,Dunk Shot,2PT Field Goal,Restricted Area,Center(C),Less Than 8 ft.,0,3,7,1,1,20190324,LAL,SAC,21801102325,13140,0,203084|1626161|1627741|1628368|1628963,1,REG,2019,1628398,,PF,Helper,-0.96,Bagley III 1' Dunk (13 PTS) (Fox 2 AST),PF,Shot Creator,0.07,1628368.0
Shot Chart Detail,21801102,468,1628963,Marvin Bagley III,1610612758,Sacramento Kings,3,5,39,Made Shot,Hook Bank Shot,2PT Field Goal,In The Paint (Non-RA),Center(C),Less Than 8 ft.,4,44,21,1,1,20190324,LAL,SAC,21801102468,18210,0,202357|203084|1627741|1628368|1628963,1,REG,2019,201580,-13.0,C,Anchor Big,1.29,Bagley III 5' Hook Bank Shot (15 PTS) (Fox 4 AST),PF,Shot Creator,0.07,1628368.0
Shot Chart Detail,21801102,481,1628963,Marvin Bagley III,1610612758,Sacramento Kings,3,4,17,Made Shot,Driving Reverse Layup Shot,2PT Field Goal,Restricted Area,Center(C),Less Than 8 ft.,2,27,13,1,1,20190324,LAL,SAC,21801102481,19030,0,202357|203084|1627741|1628368|1628963,1,REG,2019,1628398,-13.0,PF,Helper,-0.96,Bagley III 3' Driving Reverse Layup (17 PTS) (Bjelica 2 AST),PF,Shot Creator,0.07,202357.0
Shot Chart Detail,21801102,547,1628963,Marvin Bagley III,1610612758,Sacramento Kings,3,0,7,Missed Shot,Fadeaway Jump Shot,2PT Field Goal,Mid-Range,Right Side(R),16-24 ft.,17,148,94,1,0,20190324,LAL,SAC,21801102547,21530,0,201147|201585|203992|1627812|1628963,0,REG,2019,2544,-10.0,SF,Helper,0.56,MISS Bagley III 18' Fadeaway Jumper,PF,Shot Creator,0.07,
Shot Chart Detail,21801102,562,1628963,Marvin Bagley III,1610612758,Sacramento Kings,4,11,31,Missed Shot,Pullup Jump shot,2PT Field Goal,In The Paint (Non-RA),Center(C),8-16 ft.,10,-29,104,1,0,20190324,LAL,SAC,21801102562,21890,0,201147|201585|203992|1627812|1628963,0,REG,2019,2544,-10.0,SF,Helper,0.56,MISS Bagley III 11' Pullup Jump Shot,PF,Shot Creator,0.07,
Shot Chart Detail,21801102,583,1628963,Marvin Bagley III,1610612758,Sacramento Kings,4,10,0,Made Shot,Floating Jump shot,2PT Field Goal,In The Paint (Non-RA),Center(C),8-16 ft.,8,-24,85,1,1,20190324,LAL,SAC,21801102583,22800,0,201147|203084|203992|1627812|1628963,1,REG,2019,201580,-12.0,C,Anchor Big,1.29,Bagley III 9' Floating Jump Shot (20 PTS) (Ferrell 1 AST),PF,Shot Creator,0.07,1627812.0
Shot Chart Detail,21801102,600,1628963,Marvin Bagley III,1610612758,Sacramento Kings,4,8,56,Made Shot,Jump Shot,2PT Field Goal,Mid-Range,Center(C),16-24 ft.,19,16,199,1,1,20190324,LAL,SAC,21801102600,23440,0,201147|203084|203992|1627812|1628963,1,REG,2019,201580,-6.0,C,Anchor Big,1.29,Bagley III 20' Jump Shot (22 PTS) (Bogdanovic 4 AST),PF,Shot Creator,0.07,203992.0
Shot Chart Detail,21801102,619,1628963,Marvin Bagley III,1610612758,Sacramento Kings,4,6,46,Made Shot,Jump Shot,3PT Field Goal,Above the Break 3,Center(C),24+ ft.,25,-26,255,1,1,20190324,LAL,SAC,21801102619,24740,0,201147|203084|203992|1627812|1628963,1,REG,2019,203484,-4.0,SG,Chaser,-1.12,Bagley III 26' 3PT Jump Shot (25 PTS) (Brewer 3 AST),PF,Shot Creator,0.07,201147.0
Shot Chart Detail,21801102,639,1628963,Marvin Bagley III,1610612758,Sacramento Kings,4,5,21,Missed Shot,Floating Jump shot,2PT Field Goal,Restricted Area,Center(C),Less Than 8 ft.,1,-11,14,1,0,20190324,LAL,SAC,21801102639,25590,0,202357|203084|203992|1628368|1628963,0,REG,2019,201580,-2.0,C,Anchor Big,1.29,MISS Bagley III 2' Floating Jump Shot,PF,Shot Creator,0.07,
Shot Chart Detail,21801102,680,1628963,Marvin Bagley III,1610612758,Sacramento Kings,4,2,20,Missed Shot,Driving Hook Shot,2PT Field Goal,Restricted Area,Center(C),Less Than 8 ft.,2,-14,25,1,0,20190324,LAL,SAC,21801102680,27400,0,203084|203992|1627741|1628368|1628963,0,REG,2019,201580,-5.0,C,Anchor Big,1.29,McGee BLOCK (5 BLK),PF,Shot Creator,0.07,
Shot Chart Detail,21801114,99,1628963,Marvin Bagley III,1610612758,Sacramento Kings,1,4,16,Missed Shot,Turnaround Jump Shot,2PT Field Goal,Mid-Range,Right Side(R),16-24 ft.,16,149,67,1,0,20190326,DAL,SAC,2180111499,4640,0,202357|203084|203992|1628368|1628963,0,REG,2019,1629151,5.0,SG,Low Activity,-1.03,MISS Bagley III 16' Turnaround Jump Shot,PF,Shot Creator,0.07,
Shot Chart Detail,21801114,109,1628963,Marvin Bagley III,1610612758,Sacramento Kings,1,3,1,Made Shot,Turnaround Hook Shot,2PT Field Goal,In The Paint (Non-RA),Center(C),Less Than 8 ft.,6,38,58,1,1,20190326,DAL,SAC,21801114109,5390,0,202357|203084|203992|1627812|1628963,1,REG,2019,1628467,3.0,PF,Wing Stopper,1.07,Bagley III 7' Turnaround Hook Shot (2 PTS) (Bogdanovic 1 AST),PF,Shot Creator,0.07,203992.0
Shot Chart Detail,21801114,180,1628963,Marvin Bagley III,1610612758,Sacramento Kings,2,9,20,Made Shot,Driving Reverse Layup Shot,2PT Field Goal,Restricted Area,Center(C),Less Than 8 ft.,0,2,6,1,1,20190326,DAL,SAC,21801114180,8800,0,201147|201585|203992|1627812|1628963,0,REG,2019,203939,3.0,C,Anchor Big,0.53,Bagley III 1' Driving Reverse Layup (4 PTS),PF,Shot Creator,0.07,
Shot Chart Detail,21801114,224,1628963,Marvin Bagley III,1610612758,Sacramento Kings,2,6,10,Missed Shot,Driving Finger Roll Layup Shot,2PT Field Goal,Restricted Area,Center(C),Less Than 8 ft.,2,-19,8,1,0,20190326,DAL,SAC,21801114224,10700,0,201147|203992|1626161|1628368|1628963,0,REG,2019,1627827,-0.0,SF,Wing Stopper,-0.42,MISS Bagley III 2' Driving Finger Roll Layup,PF,Shot Creator,0.07,
Shot Chart Detail,21801114,446,1628963,Marvin Bagley III,1610612758,Sacramento Kings,3,1,34,Made Shot,Jump Shot,2PT Field Goal,Restricted Area,Center(C),Less Than 8 ft.,3,2,34,1,1,20190326,DAL,SAC,21801114446,20660,0,203084|203992|1626161|1628368|1628963,0,REG,2019,1627827,-1.0,SF,Wing Stopper,-0.42,Bagley III 3' Jump Shot (8 PTS),PF,Shot Creator,0.07,
Shot Chart Detail,21801114,482,1628963,Marvin Bagley III,1610612758,Sacramento Kings,4,10,59,Made Shot,Driving Layup Shot,2PT Field Goal,Restricted Area,Center(C),Less Than 8 ft.,1,-9,6,1,1,20190326,DAL,SAC,21801114482,22210,0,202357|203992|1627741|1627812|1628963,1,REG,2019,203939,-5.0,C,Anchor Big,0.53,Bagley III 1' Driving Layup (11 PTS) (Bogdanovic 3 AST),PF,Shot Creator,0.07,203992.0
Shot Chart Detail,21801114,531,1628963,Marvin Bagley III,1610612758,Sacramento Kings,4,7,19,Made Shot,Step Back Jump shot,2PT Field Goal,Mid-Range,Left Side(L),16-24 ft.,16,-163,11,1,1,20190326,DAL,SAC,21801114531,24410,0,202357|203992|1627741|1627812|1628963,1,REG,2019,203939,-1.0,C,Anchor Big,0.53,Bagley III 16' Step Back Jump Shot (13 PTS) (Bogdanovic 4 AST),PF,Shot Creator,0.07,203992.0
Shot Chart Detail,21801128,107,1628963,Marvin Bagley III,1610612758,Sacramento Kings,1,2,44,Missed Shot,Tip Layup Shot,2PT Field Goal,Restricted Area,Center(C),Less Than 8 ft.,0,0,-6,1,0,20190328,NOP,SAC,21801128107,5560,0,201585|203992|1627741|1628368|1628963,0,REG,2019,203944,-3.0,PF,Helper,-0.8,MISS Bagley III 1' Tip Layup Shot,PF,Shot Creator,0.07,
Shot Chart Detail,21801128,134,1628963,Marvin Bagley III,1610612758,Sacramento Kings,1,0,44,Made Shot,Pullup Jump shot,2PT Field Goal,In The Paint (Non-RA),Center(C),8-16 ft.,11,-3,111,1,1,20190328,NOP,SAC,21801128134,6760,0,201147|201585|203992|1627812|1628963,1,REG,2019,1627767,-2.0,PF,Anchor Big,0.6,Bagley III 11' Pullup Jump Shot (2 PTS) (Brewer 1 AST),PF,Shot Creator,0.07,201147.0
Shot Chart Detail,21801128,161,1628963,Marvin Bagley III,1610612758,Sacramento Kings,2,10,10,Made Shot,Turnaround Jump Shot,2PT Field Goal,In The Paint (Non-RA),Center(C),8-16 ft.,8,-6,85,1,1,20190328,NOP,SAC,21801128161,8300,0,201147|201585|203992|1627812|1628963,1,REG,2019,1627767,-3.0,PF,Anchor Big,0.6,Bagley III 9' Turnaround Jump Shot (4 PTS) (Bogdanovic 1 AST),PF,Shot Creator,0.07,203992.0
Shot Chart Detail,21801128,177,1628963,Marvin Bagley III,1610612758,Sacramento Kings,2,9,4,Made Shot,Layup Shot,2PT Field Goal,Restricted Area,Center(C),Less Than 8 ft.,1,-19,4,1,1,20190328,NOP,SAC,21801128177,8960,0,201147|203992|1626161|1627812|1628963,1,REG,2019,1627767|1626174,-6.0,,,,,PF,Shot Creator,0.07,203992.0
Shot Chart Detail,21801128,217,1628963,Marvin Bagley III,1610612758,Sacramento Kings,2,6,19,Missed Shot,Pullup Jump shot,2PT Field Goal,Mid-Range,Left Side(L),8-16 ft.,14,-133,69,1,0,20190328,NOP,SAC,21801128217,10610,0,203084|203992|1626161|1628368|1628963,0,REG,2019,1626174,-6.0,PF,Anchor Big,0.07,MISS Bagley III 15' Pullup Jump Shot,PF,Shot Creator,0.07,
Shot Chart Detail,21801128,227,1628963,Marvin Bagley III,1610612758,Sacramento Kings,2,5,14,Made Shot,Hook Shot,2PT Field Goal,In The Paint (Non-RA),Center(C),Less Than 8 ft.,4,2,43,1,1,20190328,NOP,SAC,21801128227,11260,0,203084|1626161|1627741|1628368|1628963,0,REG,2019,1626174,-2.0,PF,Anchor Big,0.07,Bagley III 4' Hook Shot (8 PTS),PF,Shot Creator,0.07,
Shot Chart Detail,21801128,248,1628963,Marvin Bagley III,1610612758,Sacramento Kings,2,3,49,Missed Shot,Turnaround Fadeaway shot,2PT Field Goal,Mid-Range,Left Side(L),8-16 ft.,9,-96,-26,1,0,20190328,NOP,SAC,21801128248,12110,0,203084|1626161|1627741|1628368|1628963,0,REG,2019,203944,-3.0,PF,Helper,-0.8,MISS Bagley III 10' Turnaround Fadeaway Shot,PF,Shot Creator,0.07,
Shot Chart Detail,21801128,346,1628963,Marvin Bagley III,1610612758,Sacramento Kings,3,9,42,Missed Shot,Turnaround Jump Shot,2PT Field Goal,In The Paint (Non-RA),Center(C),Less Than 8 ft.,7,-62,38,1,0,20190328,NOP,SAC,21801128346,15780,0,203084|1626161|1627741|1628368|1628963,0,REG,2019,203944,-3.0,PF,Helper,-0.8,MISS Bagley III 7' Turnaround Jump Shot,PF,Shot Creator,0.07,
Shot Chart Detail,21801128,432,1628963,Marvin Bagley III,1610612758,Sacramento Kings,3,3,45,Missed Shot,Jump Shot,3PT Field Goal,Above the Break 3,Center(C),24+ ft.,26,-79,254,1,0,20190328,NOP,SAC,21801128432,19350,0,201585|203992|1627741|1628368|1628963,0,REG,2019,203944,-1.0,PF,Helper,-0.8,MISS Bagley III 27' 3PT Jump Shot,PF,Shot Creator,0.07,
Shot Chart Detail,21801128,452,1628963,Marvin Bagley III,1610612758,Sacramento Kings,3,1,57,Missed Shot,Layup Shot,2PT Field Goal,Restricted Area,Center(C),Less Than 8 ft.,1,15,6,1,0,20190328,NOP,SAC,21801128452,20430,0,201585|203992|1627741|1627812|1628963,0,REG,2019,1627767,-8.0,PF,Anchor Big,0.6,Wood BLOCK (1 BLK),PF,Shot Creator,0.07,
Shot Chart Detail,21801128,592,1628963,Marvin Bagley III,1610612758,Sacramento Kings,4,4,8,Missed Shot,Turnaround Hook Shot,2PT Field Goal,In The Paint (Non-RA),Center(C),Less Than 8 ft.,5,40,36,1,0,20190328,NOP,SAC,21801128592,26320,0,203084|1626161|1627741|1628368|1628963,0,REG,2019,203944,-0.0,PF,Helper,-0.8,MISS Bagley III 5' Turnaround Hook Shot,PF,Shot Creator,0.07,
Shot Chart Detail,21801128,627,1628963,Marvin Bagley III,1610612758,Sacramento Kings,4,1,6,Missed Shot,Step Back Jump shot,2PT Field Goal,Mid-Range,Center(C),8-16 ft.,15,73,142,1,0,20190328,NOP,SAC,21801128627,28140,0,203084|1626161|1627741|1628368|1628963,0,REG,2019,1626174,-1.0,PF,Anchor Big,0.07,MISS Bagley III 16' Step Back Jump Shot,PF,Shot Creator,0.07,
Shot Chart Detail,21801138,9,1628963,Marvin Bagley III,1610612758,Sacramento Kings,1,11,16,Missed Shot,Reverse Layup Shot,2PT Field Goal,Restricted Area,Center(C),Less Than 8 ft.,1,5,10,1,0,20190330,HOU,SAC,218011389,440,0,203084|1626161|1627741|1628368|1628963,0,REG,2019,203991,-0.0,C,Mobile Big,0.71,MISS Bagley III 1' Reverse Layup,PF,Shot Creator,0.07,
Shot Chart Detail,21801138,26,1628963,Marvin Bagley III,1610612758,Sacramento Kings,1,9,49,Made Shot,Running Layup Shot,2PT Field Goal,Restricted Area,Center(C),Less Than 8 ft.,0,6,-1,1,1,20190330,HOU,SAC,2180113826,1310,0,203084|1626161|1627741|1628368|1628963,0,REG,2019,200782,3.0,PF,Wing Stopper,1.5,Bagley III 1' Running Layup (2 PTS),PF,Shot Creator,0.07,
Shot Chart Detail,21801138,31,1628963,Marvin Bagley III,1610612758,Sacramento Kings,1,8,52,Missed Shot,Jump Shot,3PT Field Goal,Above the Break 3,Right Side Center(RC),24+ ft.,26,105,241,1,0,20190330,HOU,SAC,2180113831,1880,0,203084|1626161|1627741|1628368|1628963,0,REG,2019,200782,-2.0,PF,Wing Stopper,1.5,MISS Bagley III 26' 3PT Jump Shot,PF,Shot Creator,0.07,
Shot Chart Detail,21801138,69,1628963,Marvin Bagley III,1610612758,Sacramento Kings,1,6,9,Made Shot,Driving Layup Shot,2PT Field Goal,Restricted Area,Center(C),Less Than 8 ft.,2,-24,0,1,1,20190330,HOU,SAC,2180113869,3510,0,203084|203992|1627741|1628368|1628963,0,REG,2019,203991,-1.0,C,Mobile Big,0.71,Bagley III 2' Driving Layup (4 PTS),PF,Shot Creator,0.07,
Shot Chart Detail,21801138,77,1628963,Marvin Bagley III,1610612758,Sacramento Kings,1,5,7,Missed Shot,Driving Floating Jump Shot,2PT Field Goal,In The Paint (Non-RA),Center(C),Less Than 8 ft.,7,9,74,1,0,20190330,HOU,SAC,2180113877,4130,0,203084|203992|1627741|1628368|1628963,0,REG,2019,201935,-1.0,PG,Helper,-0.95,MISS Bagley III 7' Driving Floating Jump Shot,PF,Shot Creator,0.07,
Shot Chart Detail,21801138,95,1628963,Marvin Bagley III,1610612758,Sacramento Kings,1,3,39,Missed Shot,Tip Layup Shot,2PT Field Goal,Restricted Area,Center(C),Less Than 8 ft.,0,0,-6,1,0,20190330,HOU,SAC,2180113895,5010,0,203084|203992|1627741|1628368|1628963,0,REG,2019,203991,-7.0,C,Mobile Big,0.71,MISS Bagley III 1' Tip Layup Shot,PF,Shot Creator,0.07,
Shot Chart Detail,21801138,326,1628963,Marvin Bagley III,1610612758,Sacramento Kings,3,11,12,Made Shot,Jump Shot,2PT Field Goal,Mid-Range,Right Side(R),16-24 ft.,18,180,15,1,1,20190330,HOU,SAC,21801138326,14880,0,203084|1626161|1627741|1628368|1628963,0,REG,2019,203991,-1.0,C,Mobile Big,0.71,Bagley III 18' Jump Shot (6 PTS),PF,Shot Creator,0.07,
Shot Chart Detail,21801138,337,1628963,Marvin Bagley III,1610612758,Sacramento Kings,3,10,18,Missed Shot,Pullup Jump shot,2PT Field Goal,Mid-Range,Left Side Center(LC),16-24 ft.,20,-116,167,1,0,20190330,HOU,SAC,21801138337,15420,0,203084|1626161|1627741|1628368|1628963,0,REG,2019,201935,-6.0,PG,Helper,-0.95,MISS Bagley III 20' Pullup Jump Shot,PF,Shot Creator,0.07,
Shot Chart Detail,21801138,375,1628963,Marvin Bagley III,1610612758,Sacramento Kings,3,6,31,Made Shot,Jump Shot,2PT Field Goal,Mid-Range,Right Side(R),8-16 ft.,15,96,123,1,1,20190330,HOU,SAC,21801138375,17690,0,203084|1626161|1627741|1628368|1628963,1,REG,2019,203991,-7.0,C,Mobile Big,0.71,Bagley III 16' Jump Shot (8 PTS) (Barnes 2 AST),PF,Shot Creator,0.07,203084.0
Shot Chart Detail,21801138,378,1628963,Marvin Bagley III,1610612758,Sacramento Kings,3,6,11,Made Shot,Cutting Layup Shot,2PT Field Goal,In The Paint (Non-RA),Center(C),Less Than 8 ft.,7,-45,59,1,1,20190330,HOU,SAC,21801138378,17890,0,203084|1626161|1627741|1628368|1628963,1,REG,2019,203991,-7.0,C,Mobile Big,0.71,Bagley III 7' Cutting Layup Shot (10 PTS) (Fox 7 AST),PF,Shot Creator,0.07,1628368.0
Shot Chart Detail,21801138,406,1628963,Marvin Bagley III,1610612758,Sacramento Kings,3,4,0,Missed Shot,Turnaround Fadeaway shot,2PT Field Goal,Mid-Range,Left Side Center(LC),16-24 ft.,16,-77,146,1,0,20190330,HOU,SAC,21801138406,19200,0,203084|1626161|1627741|1628368|1628963,0,REG,2019,202697,-3.0,SG,Wing Stopper,-0.38,MISS Bagley III 17' Turnaround Fadeaway Shot,PF,Shot Creator,0.07,
Shot Chart Detail,21801138,426,1628963,Marvin Bagley III,1610612758,Sacramento Kings,3,2,19,Missed Shot,Turnaround Jump Shot,2PT Field Goal,In The Paint (Non-RA),Center(C),8-16 ft.,10,-9,109,1,0,20190330,HOU,SAC,21801138426,20210,0,201585|203992|1627741|1628368|1628963,0,REG,2019,1627863,-5.0,SF,Helper,-1.25,MISS Bagley III 11' Turnaround Jump Shot,PF,Shot Creator,0.07,
Shot Chart Detail,21801138,430,1628963,Marvin Bagley III,1610612758,Sacramento Kings,3,2,9,Made Shot,Tip Dunk Shot,2PT Field Goal,Restricted Area,Center(C),Less Than 8 ft.,0,0,-6,1,1,20190330,HOU,SAC,21801138430,20310,0,201585|203992|1627741|1628368|1628963,0,REG,2019,202697,-3.0,SG,Wing Stopper,-0.38,Bagley III 1' Tip Dunk Shot (12 PTS),PF,Shot Creator,0.07,
Shot Chart Detail,21801138,441,1628963,Marvin Bagley III,1610612758,Sacramento Kings,3,1,2,Made Shot,Hook Shot,2PT Field Goal,In The Paint (Non-RA),Center(C),Less Than 8 ft.,4,-41,22,1,1,20190330,HOU,SAC,21801138441,20980,0,201585|203992|1627741|1628368|1628963,1,REG,2019,203085,1.0,SG,Point of Attack,-1.08,Bagley III 5' Hook Shot (14 PTS) (Fox 9 AST),PF,Shot Creator,0.07,1628368.0
Shot Chart Detail,21801138,451,1628963,Marvin Bagley III,1610612758,Sacramento Kings,3,0,36,Made Shot,Jump Shot,2PT Field Goal,Mid-Range,Right Side(R),8-16 ft.,13,129,54,1,1,20190330,HOU,SAC,21801138451,21240,0,201585|203992|1627741|1627812|1628963,0,REG,2019,201935,3.0,PG,Helper,-0.95,Bagley III 14' Jump Shot (16 PTS),PF,Shot Creator,0.07,
Shot Chart Detail,21801138,456,1628963,Marvin Bagley III,1610612758,Sacramento Kings,3,0,8,Made Shot,Turnaround Hook Shot,2PT Field Goal,In The Paint (Non-RA),Center(C),8-16 ft.,9,-14,91,1,1,20190330,HOU,SAC,21801138456,21520,0,201585|203992|1627741|1627812|1628963,1,REG,2019,201935,5.0,PG,Helper,-0.95,Bagley III 9' Turnaround Hook Shot (18 PTS) (Bogdanovic 7 AST),PF,Shot Creator,0.07,203992.0
Shot Chart Detail,21801138,569,1628963,Marvin Bagley III,1610612758,Sacramento Kings,4,4,16,Made Shot,Turnaround Jump Shot,2PT Field Goal,Mid-Range,Right Side(R),8-16 ft.,15,128,95,1,1,20190330,HOU,SAC,21801138569,26240,0,203084|203992|1627741|1628368|1628963,1,REG,2019,201935,-4.0,PG,Helper,-0.95,Bagley III 16' Turnaround Jump Shot (20 PTS) (Bogdanovic 8 AST),PF,Shot Creator,0.07,203992.0
Shot Chart Detail,21801138,583,1628963,Marvin Bagley III,1610612758,Sacramento Kings,4,2,52,Missed Shot,Tip Dunk Shot,2PT Field Goal,Restricted Area,Center(C),Less Than 8 ft.,0,0,-6,1,0,20190330,HOU,SAC,21801138583,27080,0,203084|203992|1627741|1628368|1628963,0,REG,2019,201935|200782,-9.0,,,,,PF,Shot Creator,0.07,
Shot Chart Detail,21801138,588,1628963,Marvin Bagley III,1610612758,Sacramento Kings,4,2,11,Missed Shot,Turnaround Hook Shot,2PT Field Goal,In The Paint (Non-RA),Center(C),Less Than 8 ft.,6,15,63,1,0,20190330,HOU,SAC,21801138588,27490,0,203084|203992|1627741|1628368|1628963,0,REG,2019,203991|201569,-7.0,,,,,PF,Shot Creator,0.07,
Shot Chart Detail,21801138,594,1628963,Marvin Bagley III,1610612758,Sacramento Kings,4,1,54,Missed Shot,Tip Layup Shot,2PT Field Goal,Restricted Area,Center(C),Less Than 8 ft.,0,0,-6,1,0,20190330,HOU,SAC,21801138594,27660,0,203084|203992|1627741|1628368|1628963,0,REG,2019,,,,,,,PF,Shot Creator,0.07,
Shot Chart Detail,21801163,74,1628963,Marvin Bagley III,1610612758,Sacramento Kings,1,6,20,Missed Shot,Turnaround Jump Shot,2PT Field Goal,In The Paint (Non-RA),Center(C),Less Than 8 ft.,7,45,59,1,0,20190402,SAC,HOU,2180116374,3400,0,203084|1626161|1627741|1628368|1628963,0,REG,2019,200782,-3.0,PF,Wing Stopper,1.5,MISS Bagley III 7' Turnaround Jump Shot,PF,Shot Creator,0.07,
Shot Chart Detail,21801163,91,1628963,Marvin Bagley III,1610612758,Sacramento Kings,1,5,8,Made Shot,Tip Layup Shot,2PT Field Goal,Restricted Area,Center(C),Less Than 8 ft.,0,0,-6,1,1,20190402,SAC,HOU,2180116391,4120,0,201585|203084|1627741|1628368|1628963,0,REG,2019,200782,-3.0,PF,Wing Stopper,1.5,Bagley III 1' Tip Layup Shot (2 PTS),PF,Shot Creator,0.07,
Shot Chart Detail,21801163,124,1628963,Marvin Bagley III,1610612758,Sacramento Kings,1,3,9,Missed Shot,Jump Shot,2PT Field Goal,In The Paint (Non-RA),Center(C),Less Than 8 ft.,6,-10,61,1,0,20190402,SAC,HOU,21801163124,5310,0,201585|203992|1627741|1628368|1628963,0,REG,2019,1627863|201935|202702,-9.0,,,,,PF,Shot Creator,0.07,
Shot Chart Detail,21801163,140,1628963,Marvin Bagley III,1610612758,Sacramento Kings,1,1,58,Missed Shot,Jump Shot,3PT Field Goal,Above the Break 3,Center(C),24+ ft.,24,0,248,1,0,20190402,SAC,HOU,21801163140,6020,0,201585|203992|1627741|1627812|1628963,0,REG,2019,1627863,-12.0,SF,Helper,-1.25,MISS Bagley III 25' 3PT Jump Shot,PF,Shot Creator,0.07,
Shot Chart Detail,21801163,163,1628963,Marvin Bagley III,1610612758,Sacramento Kings,1,0,24,Missed Shot,Driving Floating Bank Jump Shot,2PT Field Goal,Restricted Area,Center(C),Less Than 8 ft.,3,-37,14,1,0,20190402,SAC,HOU,21801163163,6960,0,201147|202357|203992|1627812|1628963,0,REG,2019,202702,-12.0,C,Mobile Big,-0.35,MISS Bagley III 4' Driving Floating Bank Jump Shot,PF,Shot Creator,0.07,
Shot Chart Detail,21801163,312,1628963,Marvin Bagley III,1610612758,Sacramento Kings,2,0,7,Missed Shot,Jump Shot,2PT Field Goal,In The Paint (Non-RA),Center(C),8-16 ft.,9,-21,89,1,0,20190402,SAC,HOU,21801163312,14330,0,203084|1626161|1627741|1628368|1628963,0,REG,2019,101108,-13.0,PG,Chaser,1.08,MISS Bagley III 9' Jump Shot,PF,Shot Creator,0.07,
Shot Chart Detail,21801163,405,1628963,Marvin Bagley III,1610612758,Sacramento Kings,3,4,33,Made Shot,Jump Shot,2PT Field Goal,Mid-Range,Left Side(L),16-24 ft.,18,-175,62,1,1,20190402,SAC,HOU,21801163405,18870,0,202357|203084|203992|1628368|1628963,0,REG,2019,201935,-16.0,PG,Helper,-0.95,Bagley III 19' Jump Shot (6 PTS),PF,Shot Creator,0.07,
Shot Chart Detail,21801163,417,1628963,Marvin Bagley III,1610612758,Sacramento Kings,3,3,40,Made Shot,Hook Shot,2PT Field Goal,In The Paint (Non-RA),Center(C),Less Than 8 ft.,7,-73,15,1,1,20190402,SAC,HOU,21801163417,19400,0,202357|203084|203992|1628368|1628963,1,REG,2019,201935,-17.0,PG,Helper,-0.95,Bagley III 7' Hook Shot (8 PTS) (Fox 5 AST),PF,Shot Creator,0.07,1628368.0
Shot Chart Detail,21801163,429,1628963,Marvin Bagley III,1610612758,Sacramento Kings,3,2,49,Made Shot,Jump Shot,3PT Field Goal,Above the Break 3,Center(C),24+ ft.,25,-45,254,1,1,20190402,SAC,HOU,21801163429,19910,0,203084|203992|1627812|1628368|1628963,0,REG,2019,202702,-20.0,C,Mobile Big,-0.35,Bagley III 26' 3PT Jump Shot (11 PTS),PF,Shot Creator,0.07,
Shot Chart Detail,21801163,448,1628963,Marvin Bagley III,1610612758,Sacramento Kings,3,0,54,Made Shot,Hook Shot,2PT Field Goal,In The Paint (Non-RA),Center(C),Less Than 8 ft.,6,21,58,1,1,20190402,SAC,HOU,21801163448,21060,0,203084|203992|1627741|1627812|1628963,0,REG,2019,1627863,-16.0,SF,Helper,-1.25,Bagley III 6' Hook Shot (13 PTS),PF,Shot Creator,0.07,
Shot Chart Detail,21801163,472,1628963,Marvin Bagley III,1610612758,Sacramento Kings,4,10,52,Missed Shot,Jump Shot,2PT Field Goal,Mid-Range,Left Side(L),16-24 ft.,17,-172,47,1,0,20190402,SAC,HOU,21801163472,22280,0,201147|203992|1627741|1627812|1628963,0,REG,2019,101108,-17.0,PG,Chaser,1.08,MISS Bagley III 18' Jump Shot,PF,Shot Creator,0.07,
Shot Chart Detail,21801163,498,1628963,Marvin Bagley III,1610612758,Sacramento Kings,4,9,2,Made Shot,Jump Shot,3PT Field Goal,Above the Break 3,Center(C),24+ ft.,26,57,259,1,1,20190402,SAC,HOU,21801163498,23380,0,201147|203992|1627741|1627812|1628963,1,REG,2019,202702,-19.0,C,Mobile Big,-0.35,Bagley III 27' 3PT Jump Shot (17 PTS) (Hield 5 AST),PF,Shot Creator,0.07,1627741.0
Shot Chart Detail,21801163,501,1628963,Marvin Bagley III,1610612758,Sacramento Kings,4,8,21,Missed Shot,Jump Shot,3PT Field Goal,Right Corner 3,Right Side(R),24+ ft.,23,234,15,1,0,20190402,SAC,HOU,21801163501,23790,0,201147|203992|1627741|1627812|1628963,0,REG,2019,202702,-21.0,C,Mobile Big,-0.35,MISS Bagley III 3PT Jump Shot,PF,Shot Creator,0.07,
Shot Chart Detail,21801163,526,1628963,Marvin Bagley III,1610612758,Sacramento Kings,4,7,10,Missed Shot,Fadeaway Jump Shot,2PT Field Goal,Restricted Area,Center(C),Less Than 8 ft.,3,31,12,1,0,20190402,SAC,HOU,21801163526,24500,0,201147|203992|1627741|1627812|1628963,0,REG,2019,202702,-20.0,C,Mobile Big,-0.35,MISS Bagley III 3' Fadeaway Jumper,PF,Shot Creator,0.07,
Shot Chart Detail,21801163,533,1628963,Marvin Bagley III,1610612758,Sacramento Kings,4,6,10,Missed Shot,Driving Layup Shot,2PT Field Goal,Restricted Area,Center(C),Less Than 8 ft.,2,-20,4,1,0,20190402,SAC,HOU,21801163533,25100,0,201147|203992|1627741|1627812|1628963,0,REG,2019,202702,-25.0,C,Mobile Big,-0.35,MISS Bagley III 2' Driving Layup,PF,Shot Creator,0.07,
Shot Chart Detail,21801163,552,1628963,Marvin Bagley III,1610612758,Sacramento Kings,4,5,29,Missed Shot,Fadeaway Jump Shot,2PT Field Goal,Mid-Range,Right Side(R),8-16 ft.,9,93,13,1,0,20190402,SAC,HOU,21801163552,25510,0,201147|201585|202692|1628412|1628963,0,REG,2019,201569,-28.0,SG,Chaser,-1.07,MISS Bagley III 9' Fadeaway Jumper,PF,Shot Creator,0.07,
Shot Chart Detail,21801163,556,1628963,Marvin Bagley III,1610612758,Sacramento Kings,4,5,7,Made Shot,Jump Shot,2PT Field Goal,In The Paint (Non-RA),Center(C),8-16 ft.,9,-20,91,1,1,20190402,SAC,HOU,21801163556,25730,0,201147|201585|202692|1628412|1628963,1,REG,2019,201569,-26.0,SG,Chaser,-1.07,Bagley III 9' Jump Shot (19 PTS) (Mason 1 AST),PF,Shot Creator,0.07,1628412.0
Shot Chart Detail,21801163,559,1628963,Marvin Bagley III,1610612758,Sacramento Kings,4,4,40,Missed Shot,Fadeaway Jump Shot,2PT Field Goal,In The Paint (Non-RA),Center(C),8-16 ft.,9,-39,88,1,0,20190402,SAC,HOU,21801163559,26000,0,201147|201585|202692|1628412|1628963,0,REG,2019,1627863,-29.0,SF,Helper,-1.25,MISS Bagley III 10' Fadeaway Jumper,PF,Shot Creator,0.07,
Shot Chart Detail,21801178,93,1628963,Marvin Bagley III,1610612758,Sacramento Kings,1,3,31,Missed Shot,Turnaround Hook Shot,2PT Field Goal,In The Paint (Non-RA),Left Side(L),8-16 ft.,12,-68,107,1,0,20190404,SAC,CLE,2180117893,5090,0,201585|203992|1627741|1628368|1628963,0,REG,2019,1626204,2.0,C,Anchor Big,0.76,MISS Bagley III 13' Turnaround Hook Shot,PF,Shot Creator,0.07,
Shot Chart Detail,21801178,114,1628963,Marvin Bagley III,1610612758,Sacramento Kings,1,2,3,Made Shot,Running Layup Shot,2PT Field Goal,Restricted Area,Center(C),Less Than 8 ft.,1,-16,10,1,1,20190404,SAC,CLE,21801178114,5970,0,201147|201585|203992|1627812|1628963,1,REG,2019,1627737|1629012,7.0,,,,,PF,Shot Creator,0.07,203992.0
Shot Chart Detail,21801178,117,1628963,Marvin Bagley III,1610612758,Sacramento Kings,1,1,45,Made Shot,Hook Shot,2PT Field Goal,In The Paint (Non-RA),Center(C),8-16 ft.,8,4,81,1,1,20190404,SAC,CLE,21801178117,6150,0,201147|201585|203992|1627812|1628963,1,REG,2019,1628021,7.0,SF,Helper,0.82,Bagley III 8' Hook Shot (4 PTS) (Ferrell 1 AST),PF,Shot Creator,0.07,1627812.0
Shot Chart Detail,21801178,162,1628963,Marvin Bagley III,1610612758,Sacramento Kings,2,10,57,Missed Shot,Step Back Jump shot,2PT Field Goal,Mid-Range,Left Side(L),8-16 ft.,13,-128,27,1,0,20190404,SAC,CLE,21801178162,7830,0,201585|203084|203992|1627812|1628963,0,REG,2019,1627737,5.0,PF,Anchor Big,0.11,MISS Bagley III 13' Step Back Jump Shot,PF,Shot Creator,0.07,
Shot Chart Detail,21801178,169,1628963,Marvin Bagley III,1610612758,Sacramento Kings,2,9,55,Missed Shot,Jump Shot,3PT Field Goal,Left Corner 3,Left Side(L),24+ ft.,23,-229,55,1,0,20190404,SAC,CLE,21801178169,8450,0,201585|203084|203992|1627812|1628963,0,REG,2019,203903,4.0,SG,Low Activity,-2.96,MISS Bagley III 24' 3PT Jump Shot,PF,Shot Creator,0.07,
Shot Chart Detail,21801178,427,1628963,Marvin Bagley III,1610612758,Sacramento Kings,3,1,20,Made Shot,Tip Layup Shot,2PT Field Goal,Restricted Area,Center(C),Less Than 8 ft.,2,17,16,1,1,20190404,SAC,CLE,21801178427,20800,0,201147|201585|203992|1628368|1628963,0,REG,2019,203917,6.0,SG,Low Activity,-1.26,Bagley III 2' Tip Layup Shot (6 PTS),PF,Shot Creator,0.07,
Shot Chart Detail,21801178,437,1628963,Marvin Bagley III,1610612758,Sacramento Kings,3,0,48,Made Shot,Jump Shot,2PT Field Goal,In The Paint (Non-RA),Center(C),Less Than 8 ft.,7,-74,11,1,1,20190404,SAC,CLE,21801178437,21120,0,201147|203992|1626161|1628368|1628963,0,REG,2019,1628021,8.0,SF,Helper,0.82,Bagley III 7' Jump Shot (8 PTS),PF,Shot Creator,0.07,
Shot Chart Detail,21801178,460,1628963,Marvin Bagley III,1610612758,Sacramento Kings,4,10,44,Missed Shot,Driving Layup Shot,2PT Field Goal,In The Paint (Non-RA),Center(C),Less Than 8 ft.,4,-27,41,1,0,20190404,SAC,CLE,21801178460,22360,0,201147|203992|1626161|1627812|1628963,0,REG,2019,1628021,12.0,SF,Helper,0.82,MISS Bagley III 5' Driving Layup,PF,Shot Creator,0.07,
Shot Chart Detail,21801178,464,1628963,Marvin Bagley III,1610612758,Sacramento Kings,4,10,20,Missed Shot,Jump Shot,3PT Field Goal,Above the Break 3,Right Side Center(RC),24+ ft.,26,83,247,1,0,20190404,SAC,CLE,21801178464,22600,0,201147|203992|1626161|1627812|1628963,0,REG,2019,1628021,9.0,SF,Helper,0.82,MISS Bagley III 26' 3PT Jump Shot,PF,Shot Creator,0.07,
Shot Chart Detail,21801178,474,1628963,Marvin Bagley III,1610612758,Sacramento Kings,4,9,35,Missed Shot,Driving Layup Shot,2PT Field Goal,In The Paint (Non-RA),Center(C),Less Than 8 ft.,5,-40,32,1,0,20190404,SAC,CLE,21801178474,23050,0,201147|203992|1626161|1627812|1628963,0,REG,2019,1628021,9.0,SF,Helper,0.82,MISS Bagley III 5' Driving Layup,PF,Shot Creator,0.07,
Shot Chart Detail,21801178,480,1628963,Marvin Bagley III,1610612758,Sacramento Kings,4,9,8,Made Shot,Tip Layup Shot,2PT Field Goal,Restricted Area,Center(C),Less Than 8 ft.,0,0,-6,1,1,20190404,SAC,CLE,21801178480,23320,0,201147|203992|1626161|1627812|1628963,0,REG,2019,203917,8.0,SG,Low Activity,-1.26,Bagley III 1' Tip Layup Shot (10 PTS),PF,Shot Creator,0.07,
Shot Chart Detail,21801178,487,1628963,Marvin Bagley III,1610612758,Sacramento Kings,4,8,34,Missed Shot,Turnaround Hook Shot,2PT Field Goal,Mid-Range,Left Side(L),8-16 ft.,9,-92,19,1,0,20190404,SAC,CLE,21801178487,23660,0,201147|203992|1626161|1627812|1628963,0,REG,2019,1628021,6.0,SF,Helper,0.82,MISS Bagley III 9' Turnaround Hook Shot,PF,Shot Creator,0.07,
Shot Chart Detail,21801178,491,1628963,Marvin Bagley III,1610612758,Sacramento Kings,4,8,11,Missed Shot,Driving Layup Shot,2PT Field Goal,In The Paint (Non-RA),Center(C),Less Than 8 ft.,4,-43,10,1,0,20190404,SAC,CLE,21801178491,23890,0,201147|203992|1626161|1627812|1628963,0,REG,2019,1627790,6.0,C,Anchor Big,0.16,MISS Bagley III 4' Driving Layup,PF,Shot Creator,0.07,
Shot Chart Detail,21801178,515,1628963,Marvin Bagley III,1610612758,Sacramento Kings,4,6,20,Made Shot,Jump Shot,3PT Field Goal,Right Corner 3,Right Side(R),24+ ft.,23,230,30,1,1,20190404,SAC,CLE,21801178515,25000,0,201585|203084|203992|1628368|1628963,0,REG,2019,203903,11.0,SG,Low Activity,-2.96,Bagley III 3PT Jump Shot (13 PTS),PF,Shot Creator,0.07,
Shot Chart Detail,21801178,524,1628963,Marvin Bagley III,1610612758,Sacramento Kings,4,5,15,Made Shot,Cutting Dunk Shot,2PT Field Goal,Restricted Area,Center(C),Less Than 8 ft.,2,-20,10,1,1,20190404,SAC,CLE,21801178524,25650,0,201585|203084|203992|1628368|1628963,1,REG,2019,1629012,13.0,PG,Point of Attack,-2.3,Bagley III 2' Cutting Dunk Shot (15 PTS) (Bogdanovic 4 AST),PF,Shot Creator,0.07,203992.0
Shot Chart Detail,21801178,536,1628963,Marvin Bagley III,1610612758,Sacramento Kings,4,3,38,Missed Shot,Jump Shot,3PT Field Goal,Above the Break 3,Center(C),24+ ft.,26,19,267,1,0,20190404,SAC,CLE,21801178536,26620,0,201585|203084|203992|1628368|1628963,0,REG,2019,1626204,10.0,C,Anchor Big,0.76,MISS Bagley III 27' 3PT Jump Shot,PF,Shot Creator,0.07,
Shot Chart Detail,21801188,39,1628963,Marvin Bagley III,1610612758,Sacramento Kings,1,9,24,Missed Shot,Floating Jump shot,2PT Field Goal,In The Paint (Non-RA),Center(C),8-16 ft.,8,2,80,1,0,20190405,UTA,SAC,2180118839,1560,0,202357|203084|1627741|1628368|1628963,0,REG,2019,203497,-10.0,C,Anchor Big,3.51,MISS Bagley III 8' Floating Jump Shot,PF,Shot Creator,0.07,
Shot Chart Detail,21801188,41,1628963,Marvin Bagley III,1610612758,Sacramento Kings,1,9,15,Missed Shot,Tip Layup Shot,2PT Field Goal,Restricted Area,Center(C),Less Than 8 ft.,0,0,-6,1,0,20190405,UTA,SAC,2180118841,1650,0,202357|203084|1627741|1628368|1628963,0,REG,2019,203497,-10.0,C,Anchor Big,3.51,MISS Bagley III 1' Tip Layup Shot,PF,Shot Creator,0.07,
Shot Chart Detail,21801188,81,1628963,Marvin Bagley III,1610612758,Sacramento Kings,1,7,23,Missed Shot,Pullup Jump shot,2PT Field Goal,Mid-Range,Right Side Center(RC),16-24 ft.,18,70,166,1,0,20190405,UTA,SAC,2180118881,2770,0,202357|203084|1627741|1627812|1628963,0,REG,2019,203497,-13.0,C,Anchor Big,3.51,MISS Bagley III 18' Pullup Jump Shot,PF,Shot Creator,0.07,
Shot Chart Detail,21801188,103,1628963,Marvin Bagley III,1610612758,Sacramento Kings,1,5,52,Missed Shot,Layup Shot,2PT Field Goal,In The Paint (Non-RA),Center(C),Less Than 8 ft.,6,62,0,1,0,20190405,UTA,SAC,21801188103,3680,0,201585|203084|1627741|1627812|1628963,0,REG,2019,1628378,-10.0,SG,Chaser,0.18,MISS Bagley III 6' Layup,PF,Shot Creator,0.07,
Shot Chart Detail,21801188,118,1628963,Marvin Bagley III,1610612758,Sacramento Kings,1,4,37,Made Shot,Hook Bank Shot,2PT Field Goal,Restricted Area,Center(C),Less Than 8 ft.,3,-22,32,1,1,20190405,UTA,SAC,21801188118,4430,0,201585|203084|1627741|1627812|1628963,0,REG,2019,203497,-8.0,C,Anchor Big,3.51,Bagley III 4' Hook Bank Shot (3 PTS),PF,Shot Creator,0.07,
Shot Chart Detail,21801188,208,1628963,Marvin Bagley III,1610612758,Sacramento Kings,2,10,8,Missed Shot,Layup Shot,2PT Field Goal,Restricted Area,Center(C),Less Than 8 ft.,3,-33,11,1,0,20190405,UTA,SAC,21801188208,8320,0,201147|202357|203992|1628368|1628963,0,REG,2019,202327,-19.0,C,Anchor Big,1.67,MISS Bagley III 3' Layup,PF,Shot Creator,0.07,
Shot Chart Detail,21801188,270,1628963,Marvin Bagley III,1610612758,Sacramento Kings,2,4,56,Made Shot,Layup Shot,2PT Field Goal,Restricted Area,Center(C),Less Than 8 ft.,2,-14,21,1,1,20190405,UTA,SAC,21801188270,11440,0,202357|203084|1627741|1627812|1628963,0,REG,2019,203109|203497,-23.0,,,,,PF,Shot Creator,0.07,
Shot Chart Detail,21801188,328,1628963,Marvin Bagley III,1610612758,Sacramento Kings,2,0,28,Missed Shot,Layup Shot,2PT Field Goal,Restricted Area,Center(C),Less Than 8 ft.,2,-22,3,1,0,20190405,UTA,SAC,21801188328,14120,0,201585|203084|1627741|1627812|1628963,0,REG,2019,1626220,-27.0,SF,Wing Stopper,0.94,MISS Bagley III 2' Layup,PF,Shot Creator,0.07,
Shot Chart Detail,21801188,367,1628963,Marvin Bagley III,1610612758,Sacramento Kings,3,10,29,Missed Shot,Cutting Layup Shot,2PT Field Goal,In The Paint (Non-RA),Center(C),Less Than 8 ft.,5,-16,54,1,0,20190405,UTA,SAC,21801188367,15310,0,202357|203084|1627741|1627812|1628963,0,REG,2019,203497,-26.0,C,Anchor Big,3.51,Gobert BLOCK (3 BLK),PF,Shot Creator,0.07,
Shot Chart Detail,21801188,381,1628963,Marvin Bagley III,1610612758,Sacramento Kings,3,8,41,Made Shot,Hook Shot,2PT Field Goal,In The Paint (Non-RA),Center(C),Less Than 8 ft.,4,13,39,1,1,20190405,UTA,SAC,21801188381,16390,0,202357|203084|1627741|1627812|1628963,1,REG,2019,203497,-25.0,C,Anchor Big,3.51,Bagley III 4' Hook Shot (7 PTS) (Ferrell 4 AST),PF,Shot Creator,0.07,1627812.0
Shot Chart Detail,21801188,388,1628963,Marvin Bagley III,1610612758,Sacramento Kings,3,8,10,Missed Shot,Pullup Jump shot,2PT Field Goal,In The Paint (Non-RA),Center(C),Less Than 8 ft.,7,7,76,1,0,20190405,UTA,SAC,21801188388,16700,0,202357|203084|1627741|1627812|1628963,0,REG,2019,203497,-25.0,C,Anchor Big,3.51,MISS Bagley III 8' Pullup Jump Shot,PF,Shot Creator,0.07,
Shot Chart Detail,21801188,398,1628963,Marvin Bagley III,1610612758,Sacramento Kings,3,7,5,Missed Shot,Hook Shot,2PT Field Goal,In The Paint (Non-RA),Left Side(L),8-16 ft.,8,-47,73,1,0,20190405,UTA,SAC,21801188398,17350,0,202357|203084|1627741|1627812|1628963,0,REG,2019,203497,-28.0,C,Anchor Big,3.51,Gobert BLOCK (4 BLK),PF,Shot Creator,0.07,
Shot Chart Detail,21801188,435,1628963,Marvin Bagley III,1610612758,Sacramento Kings,3,4,13,Missed Shot,Pullup Jump shot,2PT Field Goal,Mid-Range,Left Side Center(LC),16-24 ft.,20,-160,131,1,0,20190405,UTA,SAC,21801188435,19070,0,202357|203084|203992|1627741|1628963,0,REG,2019,1628378|202327,-28.0,,,,,PF,Shot Creator,0.07,
Shot Chart Detail,21801188,485,1628963,Marvin Bagley III,1610612758,Sacramento Kings,3,1,10,Made Shot,Dunk Shot,2PT Field Goal,Restricted Area,Center(C),Less Than 8 ft.,3,0,33,1,1,20190405,UTA,SAC,21801188485,20900,0,201147|203084|203992|1627812|1628963,1,REG,2019,1627777,,PF,Low Activity,-1.39,Bagley III 3' Dunk (13 PTS) (Brewer 1 AST),PF,Shot Creator,0.07,201147.0
Shot Chart Detail,21801188,496,1628963,Marvin Bagley III,1610612758,Sacramento Kings,3,0,27,Missed Shot,Jump Shot,2PT Field Goal,In The Paint (Non-RA),Center(C),Less Than 8 ft.,5,4,59,1,0,20190405,UTA,SAC,21801188496,21330,0,201147|203084|203992|1627812|1628963,0,REG,2019,202327|1628960,-26.0,,,,,PF,Shot Creator,0.07,
Shot Chart Detail,21801188,498,1628963,Marvin Bagley III,1610612758,Sacramento Kings,3,0,23,Missed Shot,Layup Shot,2PT Field Goal,Restricted Area,Center(C),Less Than 8 ft.,1,16,7,1,0,20190405,UTA,SAC,21801188498,21370,0,201147|203084|203992|1627812|1628963,0,REG,2019,202327|1627777,-26.0,,,,,PF,Shot Creator,0.07,
Shot Chart Detail,21801207,103,1628963,Marvin Bagley III,1610612758,Sacramento Kings,1,5,6,Missed Shot,Jump Shot,3PT Field Goal,Above the Break 3,Center(C),24+ ft.,24,-47,242,1,0,20190407,SAC,NOP,21801207103,4140,0,203084|203992|1627741|1628368|1628963,0,REG,2019,1626143,4.0,C,Anchor Big,-0.05,MISS Bagley III 25' 3PT Jump Shot,PF,Shot Creator,0.07,
Shot Chart Detail,21801207,114,1628963,Marvin Bagley III,1610612758,Sacramento Kings,1,4,35,Made Shot,Tip Layup Shot,2PT Field Goal,Restricted Area,Center(C),Less Than 8 ft.,0,0,-6,1,1,20190407,SAC,NOP,21801207114,4450,0,201147|203084|203992|1628368|1628963,0,REG,2019,1627767,6.0,PF,Anchor Big,0.6,Bagley III 1' Tip Layup Shot (2 PTS),PF,Shot Creator,0.07,
Shot Chart Detail,21801207,127,1628963,Marvin Bagley III,1610612758,Sacramento Kings,1,2,59,Missed Shot,Floating Jump shot,2PT Field Goal,Restricted Area,Center(C),Less Than 8 ft.,3,-30,26,1,0,20190407,SAC,NOP,21801207127,5410,0,201147|203084|203992|1628368|1628963,0,REG,2019,1627767,8.0,PF,Anchor Big,0.6,MISS Bagley III 4' Floating Jump Shot,PF,Shot Creator,0.07,
Shot Chart Detail,21801207,146,1628963,Marvin Bagley III,1610612758,Sacramento Kings,1,1,26,Missed Shot,Tip Layup Shot,2PT Field Goal,Restricted Area,Center(C),Less Than 8 ft.,0,0,-6,1,0,20190407,SAC,NOP,21801207146,6340,0,201147|203084|203992|1628368|1628963,0,REG,2019,1627767,11.0,PF,Anchor Big,0.6,MISS Bagley III 1' Tip Layup Shot,PF,Shot Creator,0.07,
Shot Chart Detail,21801207,152,1628963,Marvin Bagley III,1610612758,Sacramento Kings,1,1,2,Missed Shot,Jump Shot,2PT Field Goal,Mid-Range,Right Side(R),16-24 ft.,16,152,71,1,0,20190407,SAC,NOP,21801207152,6580,0,201147|203084|203992|1628368|1628963,0,REG,2019,1627767,9.0,PF,Anchor Big,0.6,MISS Bagley III 17' Jump Shot,PF,Shot Creator,0.07,
Shot Chart Detail,21801207,190,1628963,Marvin Bagley III,1610612758,Sacramento Kings,2,10,21,Missed Shot,Jump Shot,2PT Field Goal,Mid-Range,Right Side(R),8-16 ft.,12,121,-6,1,0,20190407,SAC,NOP,21801207190,8190,0,201147|203992|1626161|1627812|1628963,0,REG,2019,1627767,11.0,PF,Anchor Big,0.6,MISS Bagley III 12' Jump Shot,PF,Shot Creator,0.07,
Shot Chart Detail,21801207,194,1628963,Marvin Bagley III,1610612758,Sacramento Kings,2,9,51,Made Shot,Floating Jump shot,2PT Field Goal,In The Paint (Non-RA),Right Side(R),8-16 ft.,10,77,64,1,1,20190407,SAC,NOP,21801207194,8490,0,201147|203992|1626161|1627812|1628963,1,REG,2019,1627767,10.0,PF,Anchor Big,0.6,Bagley III 10' Floating Jump Shot (6 PTS) (Ferrell 1 AST),PF,Shot Creator,0.07,1627812.0
Shot Chart Detail,21801207,261,1628963,Marvin Bagley III,1610612758,Sacramento Kings,2,4,45,Made Shot,Layup Shot,2PT Field Goal,In The Paint (Non-RA),Center(C),Less Than 8 ft.,5,47,35,1,1,20190407,SAC,NOP,21801207261,11550,0,202357|1627741|1627812|1628368|1628963,1,REG,2019,1626143|1629026,14.0,,,,,PF,Shot Creator,0.07,1627812.0
Shot Chart Detail,21801207,275,1628963,Marvin Bagley III,1610612758,Sacramento Kings,2,3,42,Made Shot,Hook Shot,2PT Field Goal,In The Paint (Non-RA),Center(C),Less Than 8 ft.,6,57,34,1,1,20190407,SAC,NOP,21801207275,12180,0,202357|203084|1627741|1628368|1628963,1,REG,2019,1626143,9.0,C,Anchor Big,-0.05,Bagley III 7' Hook Shot (10 PTS) (Fox 4 AST),PF,Shot Creator,0.07,1628368.0
Shot Chart Detail,21801207,305,1628963,Marvin Bagley III,1610612758,Sacramento Kings,2,0,47,Missed Shot,Layup Shot,2PT Field Goal,Restricted Area,Center(C),Less Than 8 ft.,2,-27,13,1,0,20190407,SAC,NOP,21801207305,13930,0,202357|203084|1627741|1628368|1628963,0,REG,2019,1626143,3.0,C,Anchor Big,-0.05,MISS Bagley III 3' Layup,PF,Shot Creator,0.07,
Shot Chart Detail,21801207,421,1628963,Marvin Bagley III,1610612758,Sacramento Kings,3,4,43,Made Shot,Jump Shot,3PT Field Goal,Above the Break 3,Left Side Center(LC),24+ ft.,25,-214,138,1,1,20190407,SAC,NOP,21801207421,18770,0,203084|203992|1627741|1627812|1628963,1,REG,2019,1626143,-13.0,C,Anchor Big,-0.05,Bagley III 25' 3PT Jump Shot (13 PTS) (Barnes 1 AST),PF,Shot Creator,0.07,203084.0
Shot Chart Detail,21801207,440,1628963,Marvin Bagley III,1610612758,Sacramento Kings,3,3,48,Made Shot,Hook Shot,2PT Field Goal,Restricted Area,Center(C),Less Than 8 ft.,3,-27,28,1,1,20190407,SAC,NOP,21801207440,19320,0,203084|203992|1627812|1628368|1628963,1,REG,2019,1627767,-8.0,PF,Anchor Big,0.6,Bagley III 4' Hook Shot (15 PTS) (Fox 6 AST),PF,Shot Creator,0.07,1628368.0
Shot Chart Detail,21801207,445,1628963,Marvin Bagley III,1610612758,Sacramento Kings,3,3,16,Made Shot,Hook Shot,2PT Field Goal,Mid-Range,Left Side(L),8-16 ft.,12,-101,68,1,1,20190407,SAC,NOP,21801207445,19640,0,203084|203992|1627812|1628368|1628963,0,REG,2019,1627767|203901,-8.0,,,,,PF,Shot Creator,0.07,
Shot Chart Detail,21801207,470,1628963,Marvin Bagley III,1610612758,Sacramento Kings,3,0,41,Missed Shot,Jump Shot,3PT Field Goal,Above the Break 3,Left Side Center(LC),24+ ft.,25,-95,236,1,0,20190407,SAC,NOP,21801207470,21190,0,203084|203992|1627812|1628368|1628963,0,REG,2019,1627767,-1.0,PF,Anchor Big,0.6,MISS Bagley III 25' 3PT Jump Shot,PF,Shot Creator,0.07,
Shot Chart Detail,21801207,491,1628963,Marvin Bagley III,1610612758,Sacramento Kings,4,11,46,Missed Shot,Hook Shot,2PT Field Goal,In The Paint (Non-RA),Center(C),8-16 ft.,8,-5,83,1,0,20190407,SAC,NOP,21801207491,21740,0,201147|203992|1627786|1627812|1628963,0,REG,2019,1626143,0.0,C,Anchor Big,-0.05,MISS Bagley III 8' Hook Shot,PF,Shot Creator,0.07,
Shot Chart Detail,21801207,540,1628963,Marvin Bagley III,1610612758,Sacramento Kings,4,8,49,Made Shot,Tip Layup Shot,2PT Field Goal,Restricted Area,Center(C),Less Than 8 ft.,0,0,-6,1,1,20190407,SAC,NOP,21801207540,23510,0,203084|203992|1627741|1627812|1628963,0,REG,2019,1626143,-7.0,C,Anchor Big,-0.05,Bagley III 1' Tip Layup Shot (19 PTS),PF,Shot Creator,0.07,
Shot Chart Detail,21801207,558,1628963,Marvin Bagley III,1610612758,Sacramento Kings,4,7,15,Missed Shot,Turnaround Fadeaway shot,2PT Field Goal,In The Paint (Non-RA),Center(C),Less Than 8 ft.,7,-51,58,1,0,20190407,SAC,NOP,21801207558,24450,0,203084|203992|1627741|1627812|1628963,0,REG,2019,1626143,-7.0,C,Anchor Big,-0.05,MISS Bagley III 8' Turnaround Fadeaway Shot,PF,Shot Creator,0.07,
Shot Chart Detail,21801207,654,1628963,Marvin Bagley III,1610612758,Sacramento Kings,4,3,51,Missed Shot,Tip Layup Shot,2PT Field Goal,Restricted Area,Center(C),Less Than 8 ft.,2,3,27,1,0,20190407,SAC,NOP,21801207654,26490,0,203084|203992|1627741|1628368|1628963,0,REG,2019,1627767,0.0,PF,Anchor Big,0.6,MISS Bagley III 3' Tip Layup Shot,PF,Shot Creator,0.07,
Shot Chart Detail,21801230,115,1628963,Marvin Bagley III,1610612758,Sacramento Kings,1,2,3,Made Shot,Jump Shot,2PT Field Goal,Mid-Range,Right Side Center(RC),16-24 ft.,17,125,125,1,1,20190410,POR,SAC,21801230115,5970,0,201147|202357|203992|1627812|1628963,0,REG,2019,1628380,8.0,C,Anchor Big,0.48,Bagley III 18' Jump Shot (2 PTS),PF,Shot Creator,0.07,
Shot Chart Detail,21801230,129,1628963,Marvin Bagley III,1610612758,Sacramento Kings,1,1,0,Made Shot,Jump Shot,3PT Field Goal,Above the Break 3,Right Side Center(RC),24+ ft.,26,82,248,1,1,20190410,POR,SAC,21801230129,6600,0,201147|202357|203992|1627812|1628963,1,REG,2019,1627774,11.0,SF,Low Activity,0.19,Bagley III 26' 3PT Jump Shot (5 PTS) (Bogdanovic 1 AST),PF,Shot Creator,0.07,203992.0
Shot Chart Detail,21801230,140,1628963,Marvin Bagley III,1610612758,Sacramento Kings,1,0,16,Made Shot,Reverse Layup Shot,2PT Field Goal,Restricted Area,Center(C),Less Than 8 ft.,0,-2,9,1,1,20190410,POR,SAC,21801230140,7040,0,201147|203992|1627812|1628403|1628963,1,REG,2019,1627746|1627774,11.0,,,,,PF,Shot Creator,0.07,1628403.0
Shot Chart Detail,21801230,145,1628963,Marvin Bagley III,1610612758,Sacramento Kings,2,11,46,Missed Shot,Jump Shot,2PT Field Goal,Mid-Range,Right Side Center(RC),16-24 ft.,17,137,115,1,0,20190410,POR,SAC,21801230145,7340,0,201147|203992|1627812|1628403|1628963,0,REG,2019,1627746,9.0,PF,Helper,-0.29,MISS Bagley III 18' Jump Shot,PF,Shot Creator,0.07,
Shot Chart Detail,21801230,170,1628963,Marvin Bagley III,1610612758,Sacramento Kings,2,9,43,Made Shot,Running Layup Shot,2PT Field Goal,In The Paint (Non-RA),Center(C),Less Than 8 ft.,6,40,53,1,1,20190410,POR,SAC,21801230170,8570,0,201147|203992|1627812|1628403|1628963,0,REG,2019,1627746,14.0,PF,Helper,-0.29,Bagley III 7' Running Layup (9 PTS),PF,Shot Creator,0.07,
Shot Chart Detail,21801230,175,1628963,Marvin Bagley III,1610612758,Sacramento Kings,2,9,7,Missed Shot,Jump Shot,3PT Field Goal,Above the Break 3,Right Side Center(RC),24+ ft.,26,123,240,1,0,20190410,POR,SAC,21801230175,8930,0,201147|203992|1627812|1628403|1628963,0,REG,2019,1629018,14.0,SG,Chaser,-0.55,MISS Bagley III 27' 3PT Jump Shot,PF,Shot Creator,0.07,
Shot Chart Detail,21801230,238,1628963,Marvin Bagley III,1610612758,Sacramento Kings,2,4,47,Made Shot,Turnaround Fadeaway Bank Jump Shot,2PT Field Goal,In The Paint (Non-RA),Center(C),Less Than 8 ft.,7,70,30,1,1,20190410,POR,SAC,21801230238,11530,0,203084|1626161|1627741|1628368|1628963,1,REG,2019,1629018|203086,22.0,,,,,PF,Shot Creator,0.07,1628368.0
Shot Chart Detail,21801230,248,1628963,Marvin Bagley III,1610612758,Sacramento Kings,2,3,18,Made Shot,Jump Shot,3PT Field Goal,Above the Break 3,Right Side Center(RC),24+ ft.,27,115,245,1,1,20190410,POR,SAC,21801230248,12420,0,203084|1626161|1627741|1628368|1628963,1,REG,2019,,,,,,,PF,Shot Creator,0.07,1628368.0
Shot Chart Detail,21801230,256,1628963,Marvin Bagley III,1610612758,Sacramento Kings,2,2,16,Made Shot,Floating Jump shot,2PT Field Goal,In The Paint (Non-RA),Center(C),8-16 ft.,9,8,95,1,1,20190410,POR,SAC,21801230256,13040,0,203084|1626161|1627741|1628368|1628963,1,REG,2019,1627774,23.0,SF,Low Activity,0.19,Bagley III 10' Floating Jump Shot (16 PTS) (Barnes 3 AST),PF,Shot Creator,0.07,203084.0
Shot Chart Detail,21801230,264,1628963,Marvin Bagley III,1610612758,Sacramento Kings,2,1,3,Missed Shot,Pullup Jump shot,2PT Field Goal,Restricted Area,Center(C),Less Than 8 ft.,2,0,21,1,0,20190410,POR,SAC,21801230264,13770,0,203084|1626161|1627741|1628368|1628963,0,REG,2019,1627746,23.0,PF,Helper,-0.29,MISS Bagley III 2' Pullup Jump Shot,PF,Shot Creator,0.07,
Shot Chart Detail,21801230,332,1628963,Marvin Bagley III,1610612758,Sacramento Kings,3,8,35,Made Shot,Jump Shot,2PT Field Goal,Mid-Range,Left Side(L),8-16 ft.,13,-125,49,1,1,20190410,POR,SAC,21801230332,16450,0,201147|203992|1627812|1628403|1628963,0,REG,2019,1627746,25.0,PF,Helper,-0.29,Bagley III 13' Jump Shot (20 PTS),PF,Shot Creator,0.07,
Shot Chart Detail,21801230,344,1628963,Marvin Bagley III,1610612758,Sacramento Kings,3,7,23,Missed Shot,Jump Shot,3PT Field Goal,Above the Break 3,Left Side Center(LC),24+ ft.,25,-87,236,1,0,20190410,POR,SAC,21801230344,17170,0,201147|203992|1627812|1628403|1628963,0,REG,2019,,,,,,,PF,Shot Creator,0.07,
Shot Chart Detail,21801230,362,1628963,Marvin Bagley III,1610612758,Sacramento Kings,3,5,56,Missed Shot,Cutting Layup Shot,2PT Field Goal,Restricted Area,Center(C),Less Than 8 ft.,1,0,16,1,0,20190410,POR,SAC,21801230362,18040,0,203992|1627786|1627812|1628412|1628963,0,REG,2019,1629018|203086,21.0,,,,,PF,Shot Creator,0.07,
Shot Chart Detail,21801230,485,1628963,Marvin Bagley III,1610612758,Sacramento Kings,4,7,19,Missed Shot,Driving Hook Shot,2PT Field Goal,Mid-Range,Left Side(L),8-16 ft.,8,-82,34,1,0,20190410,POR,SAC,21801230485,24410,0,201147|203992|1627812|1628412|1628963,0,REG,2019,1627746,1.0,PF,Helper,-0.29,MISS Bagley III 9' Driving Hook Shot,PF,Shot Creator,0.07,
Shot Chart Detail,21801230,489,1628963,Marvin Bagley III,1610612758,Sacramento Kings,4,6,55,Missed Shot,Jump Shot,3PT Field Goal,Above the Break 3,Center(C),24+ ft.,25,-23,251,1,0,20190410,POR,SAC,21801230489,24650,0,201147|203992|1627812|1628412|1628963,0,REG,2019,203086,-1.0,C,Anchor Big,0.33,MISS Bagley III 25' 3PT Jump Shot,PF,Shot Creator,0.07,
