GRID_TYPE,GAME_ID,GAME_EVENT_ID,PLAYER_ID,PLAYER_NAME,TEAM_ID,TEAM_NAME,PERIOD,MINUTES_REMAINING,SECONDS_REMAINING,EVENT_TYPE,ACTION_TYPE,SHOT_TYPE,SHOT_ZONE_BASIC,SHOT_ZONE_AREA,SHOT_ZONE_RANGE,SHOT_DISTANCE,LOC_X,LOC_Y,SHOT_ATTEMPTED_FLAG,SHOT_MADE_FLAG,GAME_DATE,HTM,VTM,SHOT_ID,time,extra,PLAYERS_ON,assisted,season_type,year,DEF_ID,score_margin,DEF_POSITION,DEF_ROLE,D_LEBRON,dsc,OFF_POSITION,OFF_ROLE,O_LEBRON
Shot Chart Detail,21800007,9,1713,Vince Carter,1610612737,Atlanta Hawks,1,11,44,Missed Shot,Jump Shot,3PT Field Goal,Above the Break 3,Center(C),24+ ft.,27,74,266,1,0,20181017,NYK,ATL,218000079,160,0,1713|203145|203458|1627752|1629027,0,REG,2019,202498,-0.0,PF,Helper,-0.49,MISS Carter 28' 3PT Jump Shot,PF,Movement Shooter,-1.47
Shot Chart Detail,21800007,113,1713,Vince Carter,1610612737,Atlanta Hawks,1,4,29,Made Shot,Driving Layup Shot,2PT Field Goal,Restricted Area,Center(C),Less Than 8 ft.,1,-9,8,1,1,20181017,NYK,ATL,21800007113,4510,0,1713|202391|203101|203145|1627761,0,REG,2019,1628373,-2.0,PG,Point of Attack,0.22,Carter 1' Driving Layup (2 PTS),PF,Movement Shooter,-1.47
Shot Chart Detail,21800007,137,1713,Vince Carter,1610612737,Atlanta Hawks,1,3,1,Missed Shot,Jump Shot,3PT Field Goal,Above the Break 3,Center(C),24+ ft.,24,5,247,1,0,20181017,NYK,ATL,21800007137,5390,0,1713|202391|203101|203145|1627761,0,REG,2019,1628373,-2.0,PG,Point of Attack,0.22,MISS Carter 25' 3PT Jump Shot,PF,Movement Shooter,-1.47
Shot Chart Detail,21800007,202,1713,Vince Carter,1610612737,Atlanta Hawks,2,10,58,Missed Shot,Jump Shot,3PT Field Goal,Above the Break 3,Center(C),24+ ft.,26,63,258,1,0,20181017,NYK,ATL,21800007202,7820,0,1713|203458|1627761|1628416|1629027,0,REG,2019,1628995,-3.0,PF,Low Activity,-2.72,MISS Carter 27' 3PT Jump Shot,PF,Movement Shooter,-1.47
Shot Chart Detail,21800007,395,1713,Vince Carter,1610612737,Atlanta Hawks,3,10,2,Made Shot,Driving Layup Shot,2PT Field Goal,Restricted Area,Center(C),Less Than 8 ft.,1,3,16,1,1,20181017,NYK,ATL,21800007395,15580,0,1713|203145|203458|1627752|1629027,1,REG,2019,,,,,,,PF,Movement Shooter,-1.47
Shot Chart Detail,21800007,408,1713,Vince Carter,1610612737,Atlanta Hawks,3,9,6,Made Shot,Jump Shot,3PT Field Goal,Above the Break 3,Center(C),24+ ft.,31,-3,315,1,1,20181017,NYK,ATL,21800007408,16140,0,1713|203145|203458|1627752|1629027,1,REG,2019,202498,-25.0,PF,Helper,-0.49,Carter 32' 3PT Jump Shot (9 PTS) (Prince 3 AST),PF,Movement Shooter,-1.47
Shot Chart Detail,21800007,463,1713,Vince Carter,1610612737,Atlanta Hawks,3,6,54,Made Shot,Jump Shot,3PT Field Goal,Above the Break 3,Right Side Center(RC),24+ ft.,26,228,141,1,1,20181017,NYK,ATL,21800007463,17460,0,1713|203145|203458|1627752|1629027,1,REG,2019,1628995,-22.0,PF,Low Activity,-2.72,Carter 27' 3PT Jump Shot (12 PTS) (Young 5 AST),PF,Movement Shooter,-1.47
Shot Chart Detail,21800007,476,1713,Vince Carter,1610612737,Atlanta Hawks,3,6,35,Missed Shot,Jump Shot,3PT Field Goal,Above the Break 3,Right Side Center(RC),24+ ft.,27,217,172,1,0,20181017,NYK,ATL,21800007476,17650,0,1713|203145|203458|1627752|1629027,0,REG,2019,1628995,-22.0,PF,Low Activity,-2.72,MISS Carter 28' 3PT Jump Shot,PF,Movement Shooter,-1.47
Shot Chart Detail,21800007,594,1713,Vince Carter,1610612737,Atlanta Hawks,4,9,45,Missed Shot,Jump Shot,2PT Field Goal,Mid-Range,Right Side Center(RC),16-24 ft.,22,86,211,1,0,20181017,NYK,ATL,21800007594,22950,0,1713|203145|1628416|1629016|1629027,0,REG,2019,1626209,-22.0,SF,Wing Stopper,0.12,MISS Carter 23' Jump Shot,PF,Movement Shooter,-1.47
Shot Chart Detail,21800020,18,1713,Vince Carter,1610612737,Atlanta Hawks,1,10,21,Missed Shot,Driving Layup Shot,2PT Field Goal,In The Paint (Non-RA),Center(C),Less Than 8 ft.,4,8,44,1,0,20181019,MEM,ATL,2180002018,990,0,1713|203145|203458|1627752|1629027,0,REG,2019,,,,,,,PF,Movement Shooter,-1.47
Shot Chart Detail,21800020,20,1713,Vince Carter,1610612737,Atlanta Hawks,1,10,13,Made Shot,Jump Shot,3PT Field Goal,Above the Break 3,Right Side Center(RC),24+ ft.,25,232,102,1,1,20181019,MEM,ATL,2180002020,1070,0,1713|203145|203458|1627752|1629027,1,REG,2019,,,,,,,PF,Movement Shooter,-1.47
Shot Chart Detail,21800020,47,1713,Vince Carter,1610612737,Atlanta Hawks,1,8,9,Missed Shot,Running Jump Shot,3PT Field Goal,Above the Break 3,Left Side Center(LC),24+ ft.,27,-115,252,1,0,20181019,MEM,ATL,2180002047,2310,0,1713|203145|203458|1627752|1629027,0,REG,2019,202718,-3.0,SF,Low Activity,-0.45,MISS Carter 28' 3PT Running Jump Shot,PF,Movement Shooter,-1.47
Shot Chart Detail,21800020,107,1713,Vince Carter,1610612737,Atlanta Hawks,1,5,1,Missed Shot,Jump Shot,3PT Field Goal,Left Corner 3,Left Side(L),24+ ft.,22,-228,21,1,0,20181019,MEM,ATL,21800020107,4190,0,1713|202391|1627761|1627816|1628416,0,REG,2019,,,,,,,PF,Movement Shooter,-1.47
Shot Chart Detail,21800020,419,1713,Vince Carter,1610612737,Atlanta Hawks,3,11,39,Missed Shot,Jump Shot,3PT Field Goal,Above the Break 3,Center(C),24+ ft.,25,-38,257,1,0,20181019,MEM,ATL,21800020419,14610,0,1713|203145|203458|1627752|1629027,0,REG,2019,,,,,,,PF,Movement Shooter,-1.47
Shot Chart Detail,21800020,635,1713,Vince Carter,1610612737,Atlanta Hawks,4,10,51,Missed Shot,Driving Finger Roll Layup Shot,2PT Field Goal,Restricted Area,Center(C),Less Than 8 ft.,1,5,10,1,0,20181019,MEM,ATL,21800020635,22290,0,1713|203145|203458|1627752|1629027,0,REG,2019,,,,,,,PF,Movement Shooter,-1.47
Shot Chart Detail,21800020,656,1713,Vince Carter,1610612737,Atlanta Hawks,4,9,9,Made Shot,Jump Shot,3PT Field Goal,Above the Break 3,Right Side Center(RC),24+ ft.,25,134,215,1,1,20181019,MEM,ATL,21800020656,23310,0,1713|202391|203458|1627752|1627761,1,REG,2019,201956,-19.0,SF,Helper,0.67,Carter 25' 3PT Jump Shot (10 PTS) (Lin 1 AST),PF,Movement Shooter,-1.47
Shot Chart Detail,21800036,14,1713,Vince Carter,1610612737,Atlanta Hawks,1,10,34,Made Shot,Jump Shot,3PT Field Goal,Above the Break 3,Left Side Center(LC),24+ ft.,25,-111,225,1,1,20181021,CLE,ATL,2180003614,860,0,1713|203145|203458|1627752|1629027,1,REG,2019,202684,3.0,C,Anchor Big,-0.03,Carter 25' 3PT Jump Shot (3 PTS) (Len 1 AST),PF,Movement Shooter,-1.47
Shot Chart Detail,21800036,398,1713,Vince Carter,1610612737,Atlanta Hawks,3,8,28,Missed Shot,Jump Shot,3PT Field Goal,Above the Break 3,Right Side Center(RC),24+ ft.,32,119,298,1,0,20181021,CLE,ATL,21800036398,16520,0,1713|203145|203458|1627752|1629027,0,REG,2019,201567,5.0,PF,Helper,0.66,MISS Carter 32' 3PT Jump Shot,PF,Movement Shooter,-1.47
Shot Chart Detail,21800036,415,1713,Vince Carter,1610612737,Atlanta Hawks,3,6,33,Missed Shot,Turnaround Jump Shot,2PT Field Goal,Mid-Range,Center(C),16-24 ft.,20,-24,199,1,0,20181021,CLE,ATL,21800036415,17670,0,1713|203145|203458|1627752|1629027,0,REG,2019,1626224,6.0,SF,Wing Stopper,-1.21,MISS Carter 20' Turnaround Jump Shot,PF,Movement Shooter,-1.47
Shot Chart Detail,21800052,15,1713,Vince Carter,1610612737,Atlanta Hawks,1,11,7,Made Shot,Jump Shot,3PT Field Goal,Above the Break 3,Right Side Center(RC),24+ ft.,25,112,233,1,1,20181024,ATL,DAL,2180005215,530,0,1713|203145|203458|1627752|1629027,1,REG,2019,1627827,0.0,SF,Wing Stopper,-0.42,Carter 26' 3PT Jump Shot (3 PTS) (Young 1 AST),PF,Movement Shooter,-1.47
Shot Chart Detail,21800052,61,1713,Vince Carter,1610612737,Atlanta Hawks,1,7,14,Missed Shot,Driving Floating Jump Shot,2PT Field Goal,In The Paint (Non-RA),Center(C),8-16 ft.,12,-1,128,1,0,20181024,ATL,DAL,2180005261,2860,0,1713|203145|203458|1627752|1629027,0,REG,2019,,,,,,,PF,Movement Shooter,-1.47
Shot Chart Detail,21800052,262,1713,Vince Carter,1610612737,Atlanta Hawks,2,7,18,Missed Shot,Jump Shot,3PT Field Goal,Above the Break 3,Center(C),24+ ft.,26,-5,268,1,0,20181024,ATL,DAL,21800052262,10020,0,1713|203145|1627752|1627761|1629016,0,REG,2019,,,,,,,PF,Movement Shooter,-1.47
Shot Chart Detail,21800052,464,1713,Vince Carter,1610612737,Atlanta Hawks,3,7,50,Missed Shot,Jump Shot,3PT Field Goal,Left Corner 3,Left Side(L),24+ ft.,23,-231,27,1,0,20181024,ATL,DAL,21800052464,16900,0,1713|203145|203458|1627752|1629027,0,REG,2019,,,,,,,PF,Movement Shooter,-1.47
Shot Chart Detail,21800052,467,1713,Vince Carter,1610612737,Atlanta Hawks,3,7,33,Made Shot,Jump Shot,3PT Field Goal,Above the Break 3,Center(C),24+ ft.,25,-11,258,1,1,20181024,ATL,DAL,21800052467,17070,0,1713|203145|203458|1627752|1629027,1,REG,2019,1629029,-4.0,SG,Low Activity,-0.28,Carter 26' 3PT Jump Shot (6 PTS) (Bazemore 6 AST),PF,Movement Shooter,-1.47
Shot Chart Detail,21800076,35,1713,Vince Carter,1610612737,Atlanta Hawks,1,9,16,Missed Shot,Jump Shot,2PT Field Goal,Mid-Range,Left Side(L),16-24 ft.,19,-195,-4,1,0,20181027,ATL,CHI,2180007635,1640,0,1713|203145|203458|1627752|1629027,0,REG,2019,1628990,-5.0,SF,Helper,0.45,MISS Carter 20' Jump Shot,PF,Movement Shooter,-1.47
Shot Chart Detail,21800076,261,1713,Vince Carter,1610612737,Atlanta Hawks,2,5,47,Made Shot,Jump Shot,3PT Field Goal,Above the Break 3,Right Side Center(RC),24+ ft.,24,232,88,1,1,20181027,ATL,CHI,21800076261,10930,0,1713|203145|203473|1627752|1629027,1,REG,2019,1628469,0.0,SG,Low Activity,-1.83,Carter 25' 3PT Jump Shot (3 PTS) (Bazemore 1 AST),PF,Movement Shooter,-1.47
Shot Chart Detail,21800076,272,1713,Vince Carter,1610612737,Atlanta Hawks,2,4,50,Missed Shot,Reverse Layup Shot,2PT Field Goal,Restricted Area,Center(C),Less Than 8 ft.,1,-3,13,1,0,20181027,ATL,CHI,21800076272,11500,0,1713|203145|203473|1627752|1629027,0,REG,2019,1628469|1628976,-1.0,,,,,PF,Movement Shooter,-1.47
Shot Chart Detail,21800076,329,1713,Vince Carter,1610612737,Atlanta Hawks,2,1,52,Missed Shot,Jump Shot,3PT Field Goal,Above the Break 3,Center(C),24+ ft.,27,47,269,1,0,20181027,ATL,CHI,21800076329,13280,0,1713|202391|203145|1627761|1629016,0,REG,2019,203953,8.0,PF,Helper,-0.65,MISS Carter 27' 3PT Jump Shot,PF,Movement Shooter,-1.47
Shot Chart Detail,21800076,402,1713,Vince Carter,1610612737,Atlanta Hawks,3,9,5,Made Shot,Jump Shot,3PT Field Goal,Above the Break 3,Right Side Center(RC),24+ ft.,25,93,239,1,1,20181027,ATL,CHI,21800076402,16150,0,1713|203145|203458|1627752|1629027,1,REG,2019,1628990,4.0,SF,Helper,0.45,Carter 26' 3PT Jump Shot (6 PTS) (Young 2 AST),PF,Movement Shooter,-1.47
Shot Chart Detail,21800076,583,1713,Vince Carter,1610612737,Atlanta Hawks,4,7,39,Made Shot,Jump Shot,3PT Field Goal,Above the Break 3,Right Side Center(RC),24+ ft.,25,90,242,1,1,20181027,ATL,CHI,21800076583,24210,0,1713|203145|203473|1627761|1628989,1,REG,2019,1626245,-7.0,C,Mobile Big,-1.22,Carter 26' 3PT Jump Shot (9 PTS) (Huerter 2 AST),PF,Movement Shooter,-1.47
Shot Chart Detail,21800076,587,1713,Vince Carter,1610612737,Atlanta Hawks,4,7,13,Missed Shot,Pullup Jump shot,3PT Field Goal,Above the Break 3,Right Side Center(RC),24+ ft.,26,145,227,1,0,20181027,ATL,CHI,21800076587,24470,0,1713|203145|203473|1627761|1628989,0,REG,2019,1626245,-7.0,C,Mobile Big,-1.22,MISS Carter 27' 3PT Pullup Jump Shot,PF,Movement Shooter,-1.47
Shot Chart Detail,21800076,602,1713,Vince Carter,1610612737,Atlanta Hawks,4,6,12,Made Shot,Jump Shot,3PT Field Goal,Left Corner 3,Left Side(L),24+ ft.,22,-226,4,1,1,20181027,ATL,CHI,21800076602,25080,0,1713|203458|1627761|1628989|1629027,1,REG,2019,203953,-2.0,PF,Helper,-0.65,Carter 3PT Jump Shot (12 PTS) (Bembry 2 AST),PF,Movement Shooter,-1.47
Shot Chart Detail,21800076,620,1713,Vince Carter,1610612737,Atlanta Hawks,4,4,18,Missed Shot,Jump Shot,3PT Field Goal,Above the Break 3,Left Side Center(LC),24+ ft.,27,-141,231,1,0,20181027,ATL,CHI,21800076620,26220,0,1713|203458|1627761|1628989|1629027,0,REG,2019,203953,-9.0,PF,Helper,-0.65,MISS Carter 27' 3PT Jump Shot,PF,Movement Shooter,-1.47
Shot Chart Detail,21800088,8,1713,Vince Carter,1610612737,Atlanta Hawks,1,11,29,Missed Shot,Turnaround Fadeaway shot,2PT Field Goal,In The Paint (Non-RA),Center(C),8-16 ft.,11,-41,112,1,0,20181029,PHI,ATL,218000888,310,0,1713|203145|203458|1627752|1629027,0,REG,2019,,,,,,,PF,Movement Shooter,-1.47
Shot Chart Detail,21800088,168,1713,Vince Carter,1610612737,Atlanta Hawks,1,1,29,Missed Shot,Jump Shot,3PT Field Goal,Above the Break 3,Left Side Center(LC),24+ ft.,26,-203,175,1,0,20181029,PHI,ATL,21800088168,6310,0,1713|203101|203145|1628989|1629027,0,REG,2019,1628365,2.0,SG,Point of Attack,0.0,MISS Carter 27' 3PT Jump Shot,PF,Movement Shooter,-1.47
Shot Chart Detail,21800088,214,1713,Vince Carter,1610612737,Atlanta Hawks,2,10,25,Missed Shot,Jump Shot,3PT Field Goal,Above the Break 3,Right Side Center(RC),24+ ft.,26,152,220,1,0,20181029,PHI,ATL,21800088214,8150,0,1713|203145|203458|1628989|1629027,0,REG,2019,,,,,,,PF,Movement Shooter,-1.47
Shot Chart Detail,21800088,232,1713,Vince Carter,1610612737,Atlanta Hawks,2,8,57,Missed Shot,Jump Shot,3PT Field Goal,Above the Break 3,Right Side Center(RC),24+ ft.,25,188,172,1,0,20181029,PHI,ATL,21800088232,9030,0,1713|203145|203458|1627752|1629027,0,REG,2019,1628365,4.0,SG,Point of Attack,0.0,MISS Carter 25' 3PT Jump Shot,PF,Movement Shooter,-1.47
Shot Chart Detail,21800088,252,1713,Vince Carter,1610612737,Atlanta Hawks,2,7,55,Made Shot,Driving Finger Roll Layup Shot,2PT Field Goal,Restricted Area,Center(C),Less Than 8 ft.,2,20,13,1,1,20181029,PHI,ATL,21800088252,9650,0,1713|203145|203458|1627752|1629027,1,REG,2019,,,,,,,PF,Movement Shooter,-1.47
Shot Chart Detail,21800088,401,1713,Vince Carter,1610612737,Atlanta Hawks,3,9,46,Made Shot,Layup Shot,2PT Field Goal,Restricted Area,Center(C),Less Than 8 ft.,1,-2,15,1,1,20181029,PHI,ATL,21800088401,15740,0,1713|203145|203458|1627752|1629027,1,REG,2019,,,,,,,PF,Movement Shooter,-1.47
Shot Chart Detail,21800088,533,1713,Vince Carter,1610612737,Atlanta Hawks,3,0,41,Missed Shot,Jump Shot,2PT Field Goal,Mid-Range,Left Side(L),8-16 ft.,14,-134,62,1,0,20181029,PHI,ATL,21800088533,21190,0,1713|203101|1627761|1628989|1629027,0,REG,2019,,,,,,,PF,Movement Shooter,-1.47
Shot Chart Detail,21800097,29,1713,Vince Carter,1610612737,Atlanta Hawks,1,9,27,Made Shot,Jump Shot,3PT Field Goal,Above the Break 3,Center(C),24+ ft.,29,33,292,1,1,20181030,CLE,ATL,2180009729,1530,0,1713|203145|203458|1627752|1629027,1,REG,2019,,,,,,,PF,Movement Shooter,-1.47
Shot Chart Detail,21800097,177,1713,Vince Carter,1610612737,Atlanta Hawks,2,10,37,Made Shot,Jump Shot,3PT Field Goal,Above the Break 3,Right Side Center(RC),24+ ft.,26,232,119,1,1,20181030,CLE,ATL,21800097177,8030,0,1713|203458|1627761|1628989|1629027,1,REG,2019,1626204,2.0,C,Anchor Big,0.76,Carter 26' 3PT Jump Shot (6 PTS) (Bembry 2 AST),PF,Movement Shooter,-1.47
Shot Chart Detail,21800097,183,1713,Vince Carter,1610612737,Atlanta Hawks,2,9,37,Missed Shot,Jump Shot,3PT Field Goal,Above the Break 3,Center(C),24+ ft.,27,-63,264,1,0,20181030,CLE,ATL,21800097183,8630,0,1713|203458|1627761|1628989|1629027,0,REG,2019,,,,,,,PF,Movement Shooter,-1.47
Shot Chart Detail,21800097,187,1713,Vince Carter,1610612737,Atlanta Hawks,2,9,9,Made Shot,Cutting Layup Shot,2PT Field Goal,Restricted Area,Center(C),Less Than 8 ft.,2,13,19,1,1,20181030,CLE,ATL,21800097187,8910,0,1713|203458|1627761|1628989|1629027,1,REG,2019,1628021,-0.0,SF,Helper,0.82,Carter 2' Cutting Layup Shot (8 PTS) (Bembry 3 AST),PF,Movement Shooter,-1.47
Shot Chart Detail,21800097,235,1713,Vince Carter,1610612737,Atlanta Hawks,2,6,35,Missed Shot,Dunk Shot,2PT Field Goal,Restricted Area,Center(C),Less Than 8 ft.,0,0,-6,1,0,20181030,CLE,ATL,21800097235,10450,0,1713|203145|203473|1627752|1629027,0,REG,2019,1626224,-1.0,SF,Wing Stopper,-1.21,MISS Carter 1' Dunk,PF,Movement Shooter,-1.47
Shot Chart Detail,21800097,352,1713,Vince Carter,1610612737,Atlanta Hawks,3,10,34,Missed Shot,Jump Shot,3PT Field Goal,Left Corner 3,Left Side(L),24+ ft.,23,-234,32,1,0,20181030,CLE,ATL,21800097352,15260,0,1713|203145|203458|1627752|1629027,0,REG,2019,,,,,,,PF,Movement Shooter,-1.47
Shot Chart Detail,21800097,473,1713,Vince Carter,1610612737,Atlanta Hawks,3,3,32,Made Shot,Driving Layup Shot,2PT Field Goal,Restricted Area,Center(C),Less Than 8 ft.,0,-6,1,1,1,20181030,CLE,ATL,21800097473,19480,0,1713|202391|203458|1627752|1627761,1,REG,2019,1626204,-16.0,C,Anchor Big,0.76,Carter 1' Driving Layup (10 PTS) (Lin 5 AST),PF,Movement Shooter,-1.47
Shot Chart Detail,21800097,497,1713,Vince Carter,1610612737,Atlanta Hawks,3,2,5,Missed Shot,Jump Shot,3PT Field Goal,Above the Break 3,Center(C),24+ ft.,25,80,247,1,0,20181030,CLE,ATL,21800097497,20350,0,1713|202391|203458|1627752|1627761,0,REG,2019,2594,-12.0,SG-PF,Low Activity,-0.37,MISS Carter 26' 3PT Jump Shot,PF,Movement Shooter,-1.47
Shot Chart Detail,21800114,11,1713,Vince Carter,1610612737,Atlanta Hawks,1,11,10,Made Shot,Jump Shot,3PT Field Goal,Above the Break 3,Center(C),24+ ft.,27,-78,265,1,1,20181101,ATL,SAC,2180011411,500,0,1713|203145|203458|1627752|1629027,1,REG,2019,202357,3.0,PF,Helper,1.19,Carter 28' 3PT Jump Shot (3 PTS) (Young 1 AST),PF,Movement Shooter,-1.47
Shot Chart Detail,21800114,36,1713,Vince Carter,1610612737,Atlanta Hawks,1,9,20,Missed Shot,Jump Shot,3PT Field Goal,Above the Break 3,Center(C),24+ ft.,25,-9,254,1,0,20181101,ATL,SAC,2180011436,1600,0,1713|203145|203458|1627752|1629027,0,REG,2019,202357,1.0,PF,Helper,1.19,MISS Carter 25' 3PT Jump Shot,PF,Movement Shooter,-1.47
Shot Chart Detail,21800114,226,1713,Vince Carter,1610612737,Atlanta Hawks,2,9,22,Missed Shot,Jump Shot,3PT Field Goal,Above the Break 3,Right Side Center(RC),24+ ft.,26,155,209,1,0,20181101,ATL,SAC,21800114226,8780,0,1713|203145|203473|1627761|1629027,0,REG,2019,1628963,-11.0,PF,Helper,-1.67,MISS Carter 26' 3PT Jump Shot,PF,Movement Shooter,-1.47
Shot Chart Detail,21800128,83,1713,Vince Carter,1610612737,Atlanta Hawks,1,5,4,Made Shot,Jump Shot,3PT Field Goal,Above the Break 3,Left Side Center(LC),24+ ft.,26,-181,196,1,1,20181103,ATL,MIA,2180012883,4160,0,1713|202391|203473|1627761|1628989,1,REG,2019,203482,5.0,PF,Helper,1.03,Carter 27' 3PT Jump Shot (3 PTS) (Huerter 1 AST),PF,Movement Shooter,-1.47
Shot Chart Detail,21800128,105,1713,Vince Carter,1610612737,Atlanta Hawks,1,3,38,Made Shot,Driving Layup Shot,2PT Field Goal,Restricted Area,Center(C),Less Than 8 ft.,2,-6,21,1,1,20181103,ATL,MIA,21800128105,5020,0,1713|202391|203473|1627761|1628989,1,REG,2019,2548|202355,5.0,,,,,PF,Movement Shooter,-1.47
Shot Chart Detail,21800128,151,1713,Vince Carter,1610612737,Atlanta Hawks,1,0,24,Made Shot,Driving Layup Shot,2PT Field Goal,Restricted Area,Center(C),Less Than 8 ft.,1,-5,17,1,1,20181103,ATL,MIA,21800128151,6960,0,1713|202391|203473|1627761|1628989,0,REG,2019,1628389|1626159,10.0,,,,,PF,Movement Shooter,-1.47
Shot Chart Detail,21800128,475,1713,Vince Carter,1610612737,Atlanta Hawks,3,5,55,Missed Shot,Jump Shot,3PT Field Goal,Above the Break 3,Center(C),24+ ft.,24,-68,237,1,0,20181103,ATL,MIA,21800128475,18050,0,1713|203458|1627761|1628989|1629027,0,REG,2019,1627884,14.0,SF,Wing Stopper,0.32,MISS Carter 25' 3PT Jump Shot,PF,Movement Shooter,-1.47
Shot Chart Detail,21800128,661,1713,Vince Carter,1610612737,Atlanta Hawks,4,5,57,Made Shot,Tip Dunk Shot,2PT Field Goal,Restricted Area,Center(C),Less Than 8 ft.,0,0,-6,1,1,20181103,ATL,MIA,21800128661,25230,0,1713|202391|203458|1627761|1628989,0,REG,2019,1626159,3.0,SF,Wing Stopper,1.1,Carter 1' Tip Dunk Shot (9 PTS),PF,Movement Shooter,-1.47
Shot Chart Detail,21800128,706,1713,Vince Carter,1610612737,Atlanta Hawks,4,2,39,Made Shot,Pullup Jump shot,2PT Field Goal,Mid-Range,Right Side(R),16-24 ft.,16,139,83,1,1,20181103,ATL,MIA,21800128706,27210,0,1713|203145|203473|1627752|1629027,1,REG,2019,2548,2.0,SG,Low Activity,-1.77,Carter 16' Pullup Jump Shot (11 PTS) (Young 15 AST),PF,Movement Shooter,-1.47
Shot Chart Detail,21800128,714,1713,Vince Carter,1610612737,Atlanta Hawks,4,1,37,Missed Shot,Driving Layup Shot,2PT Field Goal,Restricted Area,Center(C),Less Than 8 ft.,2,6,27,1,0,20181103,ATL,MIA,21800128714,27830,0,1713|203145|203473|1627752|1629027,0,REG,2019,1628389,4.0,C,Anchor Big,2.6,MISS Carter 3' Driving Layup,PF,Movement Shooter,-1.47
Shot Chart Detail,21800149,109,1713,Vince Carter,1610612737,Atlanta Hawks,1,4,51,Missed Shot,Turnaround Fadeaway shot,2PT Field Goal,In The Paint (Non-RA),Left Side(L),8-16 ft.,11,-63,100,1,0,20181106,CHA,ATL,21800149109,4290,0,1713|202391|203473|1627761|1628416,0,REG,2019,203087,-3.0,SG,Chaser,0.39,MISS Carter 12' Turnaround Fadeaway Shot,PF,Movement Shooter,-1.47
Shot Chart Detail,21800149,116,1713,Vince Carter,1610612737,Atlanta Hawks,1,3,59,Made Shot,Dunk Shot,2PT Field Goal,Restricted Area,Center(C),Less Than 8 ft.,1,6,11,1,1,20181106,CHA,ATL,21800149116,4810,0,1713|202391|203473|1627761|1628416,0,REG,2019,203087,,SG,Chaser,0.39,Carter 1' Dunk (2 PTS),PF,Movement Shooter,-1.47
Shot Chart Detail,21800149,298,1713,Vince Carter,1610612737,Atlanta Hawks,2,4,29,Missed Shot,Jump Shot,3PT Field Goal,Above the Break 3,Left Side Center(LC),24+ ft.,24,-125,211,1,0,20181106,CHA,ATL,21800149298,11710,0,1713|203473|1627761|1628989|1629027,0,REG,2019,1628970,2.0,SF,Helper,0.15,MISS Carter 25' 3PT Jump Shot,PF,Movement Shooter,-1.47
Shot Chart Detail,21800149,663,1713,Vince Carter,1610612737,Atlanta Hawks,4,2,3,Made Shot,Jump Shot,3PT Field Goal,Above the Break 3,Center(C),24+ ft.,27,11,277,1,1,20181106,CHA,ATL,21800149663,27570,0,1713|203145|1628989|1629016|1629027,1,REG,2019,203469,-9.0,C,Anchor Big,0.94,Carter 28' 3PT Jump Shot (7 PTS) (Young 10 AST),PF,Movement Shooter,-1.47
Shot Chart Detail,21800155,140,1713,Vince Carter,1610612737,Atlanta Hawks,1,3,44,Missed Shot,Pullup Jump shot,3PT Field Goal,Above the Break 3,Center(C),24+ ft.,26,-76,257,1,0,20181107,ATL,NYK,21800155140,4960,0,1713|202391|203473|1627752|1627761,0,REG,2019,203943|202683,-8.0,,,,,PF,Movement Shooter,-1.47
Shot Chart Detail,21800155,188,1713,Vince Carter,1610612737,Atlanta Hawks,1,0,12,Made Shot,Jump Shot,3PT Field Goal,Left Corner 3,Left Side(L),24+ ft.,23,-226,75,1,1,20181107,ATL,NYK,21800155188,7080,0,1713|202391|203473|1627752|1627761,1,REG,2019,1626209,0.0,SF,Wing Stopper,0.12,Carter 24' 3PT Jump Shot (3 PTS) (Lin 2 AST),PF,Movement Shooter,-1.47
Shot Chart Detail,21800155,514,1713,Vince Carter,1610612737,Atlanta Hawks,3,4,43,Missed Shot,Jump Shot,3PT Field Goal,Left Corner 3,Left Side(L),24+ ft.,23,-228,38,1,0,20181107,ATL,NYK,21800155514,18770,0,1713|202391|203145|203473|1627761,0,REG,2019,1626144,-9.0,PG,Point of Attack,-1.86,MISS Carter 3PT Jump Shot,PF,Movement Shooter,-1.47
Shot Chart Detail,21800169,144,1713,Vince Carter,1610612737,Atlanta Hawks,1,1,22,Missed Shot,Jump Shot,3PT Field Goal,Above the Break 3,Center(C),24+ ft.,25,-79,244,1,0,20181109,ATL,DET,21800169144,6380,0,1713|202391|203101|1627761|1628989,0,REG,2019,1626169,-20.0,SF,Wing Stopper,0.06,MISS Carter 26' 3PT Jump Shot,PF,Movement Shooter,-1.47
Shot Chart Detail,21800169,187,1713,Vince Carter,1610612737,Atlanta Hawks,2,10,52,Made Shot,Pullup Jump shot,2PT Field Goal,Mid-Range,Left Side Center(LC),16-24 ft.,18,-132,131,1,1,20181109,ATL,DET,21800169187,7880,0,1713|203101|1627752|1628989|1629027,0,REG,2019,2585|1626169,-18.0,,,,,PF,Movement Shooter,-1.47
Shot Chart Detail,21800189,110,1713,Vince Carter,1610612737,Atlanta Hawks,1,5,4,Missed Shot,Jump Shot,3PT Field Goal,Above the Break 3,Center(C),24+ ft.,27,-55,272,1,0,20181111,LAL,ATL,21800189110,4160,0,1713|202391|203101|1628989|1629027,0,REG,2019,201580,-2.0,C,Anchor Big,1.29,MISS Carter 28' 3PT Jump Shot,PF,Movement Shooter,-1.47
Shot Chart Detail,21800189,154,1713,Vince Carter,1610612737,Atlanta Hawks,1,2,35,Missed Shot,Layup Shot,2PT Field Goal,Restricted Area,Center(C),Less Than 8 ft.,0,3,0,1,0,20181111,LAL,ATL,21800189154,5650,0,1713|202391|203101|1627752|1628989,0,REG,2019,202362,-3.0,SG,Low Activity,-1.22,MISS Carter Layup,PF,Movement Shooter,-1.47
Shot Chart Detail,21800189,160,1713,Vince Carter,1610612737,Atlanta Hawks,1,2,8,Missed Shot,Jump Shot,3PT Field Goal,Left Corner 3,Left Side(L),24+ ft.,23,-231,26,1,0,20181111,LAL,ATL,21800189160,5920,0,1713|202391|203101|1627752|1628989,0,REG,2019,203484,-1.0,SG,Chaser,-1.12,MISS Carter 3PT Jump Shot,PF,Movement Shooter,-1.47
Shot Chart Detail,21800189,384,1713,Vince Carter,1610612737,Atlanta Hawks,2,0,28,Missed Shot,Jump Shot,3PT Field Goal,Above the Break 3,Right Side Center(RC),24+ ft.,26,123,238,1,0,20181111,LAL,ATL,21800189384,14120,0,1713|203101|1627752|1627761|1629027,0,REG,2019,1628398,1.0,PF,Helper,-0.96,MISS Carter 27' 3PT Jump Shot,PF,Movement Shooter,-1.47
Shot Chart Detail,21800189,612,1713,Vince Carter,1610612737,Atlanta Hawks,4,8,18,Made Shot,Driving Layup Shot,2PT Field Goal,Restricted Area,Center(C),Less Than 8 ft.,1,-3,11,1,1,20181111,LAL,ATL,21800189612,23820,0,1713|203145|203458|1627752|1629027,1,REG,2019,201580|1628404,-2.0,,,,,PF,Movement Shooter,-1.47
Shot Chart Detail,21800189,719,1713,Vince Carter,1610612737,Atlanta Hawks,4,1,21,Made Shot,Cutting Dunk Shot,2PT Field Goal,Restricted Area,Center(C),Less Than 8 ft.,3,22,22,1,1,20181111,LAL,ATL,21800189719,27990,0,1713|203145|1627752|1629016|1629027,1,REG,2019,1628398,1.0,PF,Helper,-0.96,Carter 3' Cutting Dunk Shot (4 PTS) (Young 12 AST),PF,Movement Shooter,-1.47
Shot Chart Detail,21800201,84,1713,Vince Carter,1610612737,Atlanta Hawks,1,6,5,Made Shot,Jump Shot,3PT Field Goal,Above the Break 3,Left Side Center(LC),24+ ft.,25,-139,215,1,1,20181113,GSW,ATL,2180020184,3550,0,1713|203101|1627752|1628989|1629027,1,REG,2019,201973,-2.0,PF,Low Activity,0.28,Carter 26' 3PT Jump Shot (3 PTS) (Young 2 AST),PF,Movement Shooter,-1.47
Shot Chart Detail,21800201,88,1713,Vince Carter,1610612737,Atlanta Hawks,1,5,45,Made Shot,Jump Shot,3PT Field Goal,Left Corner 3,Left Side(L),24+ ft.,23,-231,-1,1,1,20181113,GSW,ATL,2180020188,3750,0,1713|203101|1627752|1628989|1629027,1,REG,2019,1626188,1.0,PG,Point of Attack,-1.56,Carter 3PT Jump Shot (6 PTS) (Prince 2 AST),PF,Movement Shooter,-1.47
Shot Chart Detail,21800201,257,1713,Vince Carter,1610612737,Atlanta Hawks,2,6,55,Missed Shot,Jump Shot,3PT Field Goal,Above the Break 3,Left Side Center(LC),24+ ft.,26,-204,164,1,0,20181113,GSW,ATL,21800201257,10250,0,1713|203458|1627752|1628989|1629027,0,REG,2019,2733,-5.0,PG,Point of Attack,-0.64,MISS Carter 26' 3PT Jump Shot,PF,Movement Shooter,-1.47
Shot Chart Detail,21800201,273,1713,Vince Carter,1610612737,Atlanta Hawks,2,5,30,Made Shot,Driving Hook Shot,2PT Field Goal,In The Paint (Non-RA),Center(C),Less Than 8 ft.,7,7,74,1,1,20181113,GSW,ATL,21800201273,11100,0,1713|203458|1627752|1628989|1629027,0,REG,2019,1628035,-3.0,SF,Low Activity,-0.65,Carter 7' Driving Hook Shot (8 PTS),PF,Movement Shooter,-1.47
Shot Chart Detail,21800201,314,1713,Vince Carter,1610612737,Atlanta Hawks,2,1,59,Missed Shot,Jump Shot,3PT Field Goal,Left Corner 3,Left Side(L),24+ ft.,22,-223,-11,1,0,20181113,GSW,ATL,21800201314,13210,0,1713|203458|1627752|1628989|1629027,0,REG,2019,2738,-1.0,SF,Wing Stopper,1.39,MISS Carter 3PT Jump Shot,PF,Movement Shooter,-1.47
Shot Chart Detail,21800201,337,1713,Vince Carter,1610612737,Atlanta Hawks,2,0,29,Made Shot,Jump Shot,3PT Field Goal,Above the Break 3,Left Side Center(LC),24+ ft.,24,-79,230,1,1,20181113,GSW,ATL,21800201337,14110,0,1713|203458|1627752|1628989|1629027,1,REG,2019,2738,3.0,SF,Wing Stopper,1.39,Carter 24' 3PT Jump Shot (11 PTS) (Young 5 AST),PF,Movement Shooter,-1.47
Shot Chart Detail,21800201,420,1713,Vince Carter,1610612737,Atlanta Hawks,3,7,1,Missed Shot,Step Back Jump shot,2PT Field Goal,Mid-Range,Right Side Center(RC),16-24 ft.,17,114,137,1,0,20181113,GSW,ATL,21800201420,17390,0,1713|202391|203145|1628989|1629016,0,REG,2019,202691,-5.0,SG,Wing Stopper,-0.54,MISS Carter 18' Step Back Jump Shot,PF,Movement Shooter,-1.47
Shot Chart Detail,21800214,64,1713,Vince Carter,1610612737,Atlanta Hawks,1,7,58,Missed Shot,Jump Shot,3PT Field Goal,Above the Break 3,Left Side Center(LC),24+ ft.,25,-143,215,1,0,20181115,DEN,ATL,2180021464,2420,0,1713|202391|203101|203145|1629027,0,REG,2019,200794,-11.0,PF,Helper,1.43,MISS Carter 26' 3PT Jump Shot,PF,Movement Shooter,-1.47
Shot Chart Detail,21800214,93,1713,Vince Carter,1610612737,Atlanta Hawks,1,5,33,Made Shot,Jump Shot,3PT Field Goal,Mid-Range,Left Side(L),16-24 ft.,21,-218,14,1,1,20181115,DEN,ATL,2180021493,3870,0,1713|202391|203101|1628989|1629027,1,REG,2019,200794,-10.0,PF,Helper,1.43,Carter 3PT Jump Shot (3 PTS) (Lin 2 AST),PF,Movement Shooter,-1.47
Shot Chart Detail,21800214,363,1713,Vince Carter,1610612737,Atlanta Hawks,2,0,43,Made Shot,Jump Shot,2PT Field Goal,Mid-Range,Right Side Center(RC),16-24 ft.,23,130,193,1,1,20181115,DEN,ATL,21800214363,13970,0,1713|1628416|1628989|1629016|1629027,1,REG,2019,200794,-18.0,PF,Helper,1.43,Carter 23' Jump Shot (5 PTS) (Young 4 AST),PF,Movement Shooter,-1.47
Shot Chart Detail,21800214,496,1713,Vince Carter,1610612737,Atlanta Hawks,3,3,28,Made Shot,Jump Shot,3PT Field Goal,Above the Break 3,Center(C),24+ ft.,25,-9,259,1,1,20181115,DEN,ATL,21800214496,19520,0,1713|202391|203101|1627761|1628989,1,REG,2019,200794,-30.0,PF,Helper,1.43,Carter 26' 3PT Jump Shot (8 PTS) (Lin 5 AST),PF,Movement Shooter,-1.47
Shot Chart Detail,21800214,525,1713,Vince Carter,1610612737,Atlanta Hawks,3,2,7,Made Shot,Jump Shot,3PT Field Goal,Right Corner 3,Right Side(R),24+ ft.,23,233,2,1,1,20181115,DEN,ATL,21800214525,20330,0,1713|203145|1628416|1629016|1629027,1,REG,2019,200794,-32.0,PF,Helper,1.43,Carter 3PT Jump Shot (11 PTS) (Spellman 2 AST),PF,Movement Shooter,-1.47
Shot Chart Detail,21800214,533,1713,Vince Carter,1610612737,Atlanta Hawks,3,1,43,Missed Shot,Pullup Jump shot,3PT Field Goal,Above the Break 3,Right Side Center(RC),24+ ft.,25,123,225,1,0,20181115,DEN,ATL,21800214533,20570,0,1713|203145|1628416|1629016|1629027,0,REG,2019,203486|1626168,-34.0,,,,,PF,Movement Shooter,-1.47
Shot Chart Detail,21800226,271,1713,Vince Carter,1610612737,Atlanta Hawks,2,6,17,Missed Shot,Pullup Jump shot,2PT Field Goal,In The Paint (Non-RA),Center(C),Less Than 8 ft.,5,-55,16,1,0,20181117,IND,ATL,21800226271,10630,0,1713|203145|203473|1628989|1629027,0,REG,2019,202711,7.0,SF,Low Activity,-0.87,MISS Carter 6' Pullup Jump Shot,PF,Movement Shooter,-1.47
Shot Chart Detail,21800226,275,1713,Vince Carter,1610612737,Atlanta Hawks,2,5,47,Made Shot,Jump Shot,3PT Field Goal,Above the Break 3,Left Side Center(LC),24+ ft.,26,-188,185,1,1,20181117,IND,ATL,21800226275,10930,0,1713|203145|203473|1628989|1629027,1,REG,2019,201954,10.0,PG,Point of Attack,-0.13,Carter 26' 3PT Jump Shot (3 PTS) (Young 3 AST),PF,Movement Shooter,-1.47
Shot Chart Detail,21800226,296,1713,Vince Carter,1610612737,Atlanta Hawks,2,4,39,Missed Shot,Jump Shot,3PT Field Goal,Above the Break 3,Left Side Center(LC),24+ ft.,27,-138,243,1,0,20181117,IND,ATL,21800226296,11610,0,1713|203473|1627761|1628989|1629027,0,REG,2019,202711,6.0,SF,Low Activity,-0.87,MISS Carter 28' 3PT Jump Shot,PF,Movement Shooter,-1.47
Shot Chart Detail,21800226,484,1713,Vince Carter,1610612737,Atlanta Hawks,3,5,27,Missed Shot,Fadeaway Jump Shot,2PT Field Goal,In The Paint (Non-RA),Center(C),8-16 ft.,8,35,73,1,0,20181117,IND,ATL,21800226484,18330,0,1713|202391|203145|203473|1627761,0,REG,2019,1627734,5.0,C,Mobile Big,1.19,MISS Carter 8' Fadeaway Jumper,PF,Movement Shooter,-1.47
Shot Chart Detail,21800226,557,1713,Vince Carter,1610612737,Atlanta Hawks,3,1,51,Missed Shot,Jump Shot,2PT Field Goal,Mid-Range,Left Side Center(LC),16-24 ft.,21,-166,139,1,0,20181117,IND,ATL,21800226557,20490,0,1713|203473|1628416|1628989|1629027,0,REG,2019,202709,-1.0,PG,Point of Attack,1.36,MISS Carter 22' Jump Shot,PF,Movement Shooter,-1.47
Shot Chart Detail,21800226,571,1713,Vince Carter,1610612737,Atlanta Hawks,3,0,52,Made Shot,Jump Shot,3PT Field Goal,Above the Break 3,Right Side Center(RC),24+ ft.,27,141,231,1,1,20181117,IND,ATL,21800226571,21080,0,1713|203145|203473|1628416|1629027,1,REG,2019,201152,-1.0,PF,Mobile Big,1.45,Carter 27' 3PT Jump Shot (6 PTS) (Young 4 AST),PF,Movement Shooter,-1.47
Shot Chart Detail,21800226,604,1713,Vince Carter,1610612737,Atlanta Hawks,4,9,29,Missed Shot,Jump Shot,3PT Field Goal,Above the Break 3,Left Side Center(LC),24+ ft.,26,-231,137,1,0,20181117,IND,ATL,21800226604,23110,0,1713|202391|203145|203473|1628416,0,REG,2019,201152,-4.0,PF,Mobile Big,1.45,MISS Carter 27' 3PT Jump Shot,PF,Movement Shooter,-1.47
Shot Chart Detail,21800226,628,1713,Vince Carter,1610612737,Atlanta Hawks,4,8,25,Missed Shot,Jump Shot,3PT Field Goal,Above the Break 3,Left Side Center(LC),24+ ft.,29,-186,225,1,0,20181117,IND,ATL,21800226628,23750,0,1713|202391|203458|1627761|1628989,0,REG,2019,202709,-6.0,PG,Point of Attack,1.36,MISS Carter 29' 3PT Jump Shot,PF,Movement Shooter,-1.47
Shot Chart Detail,21800243,185,1713,Vince Carter,1610612737,Atlanta Hawks,2,11,7,Missed Shot,Jump Shot,3PT Field Goal,Above the Break 3,Center(C),24+ ft.,26,-36,259,1,0,20181119,ATL,LAC,21800243185,7730,0,1713|203145|203458|1627752|1629027,0,REG,2019,1626149,5.0,C,Anchor Big,-0.17,MISS Carter 26' 3PT Jump Shot,PF,Movement Shooter,-1.47
Shot Chart Detail,21800243,191,1713,Vince Carter,1610612737,Atlanta Hawks,2,10,45,Made Shot,Turnaround Fadeaway Bank Jump Shot,2PT Field Goal,Mid-Range,Left Side(L),8-16 ft.,11,-92,74,1,1,20181119,ATL,LAC,21800243191,7950,0,1713|203145|203458|1627752|1629027,1,REG,2019,1626149,5.0,C,Anchor Big,-0.17,Carter 12' Turnaround Fadeaway Bank Jump Shot (2 PTS) (Young 5 AST),PF,Movement Shooter,-1.47
Shot Chart Detail,21800243,353,1713,Vince Carter,1610612737,Atlanta Hawks,2,1,56,Missed Shot,Jump Shot,3PT Field Goal,Above the Break 3,Left Side Center(LC),24+ ft.,24,-226,88,1,0,20181119,ATL,LAC,21800243353,13240,0,1713|202391|1627761|1628989|1629016,0,REG,2019,,,,,,,PF,Movement Shooter,-1.47
Shot Chart Detail,21800243,569,1713,Vince Carter,1610612737,Atlanta Hawks,3,1,26,Missed Shot,Pullup Jump shot,3PT Field Goal,Above the Break 3,Center(C),24+ ft.,25,32,252,1,0,20181119,ATL,LAC,21800243569,20740,0,1713|202391|203145|203473|1627761,0,REG,2019,1626149,11.0,C,Anchor Big,-0.17,MISS Carter 25' 3PT Pullup Jump Shot,PF,Movement Shooter,-1.47
Shot Chart Detail,21800243,576,1713,Vince Carter,1610612737,Atlanta Hawks,3,1,3,Missed Shot,Pullup Jump shot,3PT Field Goal,Above the Break 3,Center(C),24+ ft.,25,28,253,1,0,20181119,ATL,LAC,21800243576,20970,0,1713|202391|203145|203473|1627761,0,REG,2019,1626149,10.0,C,Anchor Big,-0.17,MISS Carter 25' 3PT Pullup Jump Shot,PF,Movement Shooter,-1.47
Shot Chart Detail,21800254,90,1713,Vince Carter,1610612737,Atlanta Hawks,1,5,12,Made Shot,Driving Layup Shot,2PT Field Goal,Restricted Area,Center(C),Less Than 8 ft.,2,5,27,1,1,20181121,ATL,TOR,2180025490,4080,0,1713|202391|203101|1627761|1628989,1,REG,2019,,,,,,,PF,Movement Shooter,-1.47
Shot Chart Detail,21800254,109,1713,Vince Carter,1610612737,Atlanta Hawks,1,3,34,Made Shot,Turnaround Fadeaway shot,2PT Field Goal,In The Paint (Non-RA),Center(C),8-16 ft.,11,6,116,1,1,20181121,ATL,TOR,21800254109,5060,0,1713|202391|203101|1627761|1628989,0,REG,2019,201980,,SG,Wing Stopper,0.88,Carter 12' Turnaround Fadeaway (4 PTS),PF,Movement Shooter,-1.47
Shot Chart Detail,21800254,253,1713,Vince Carter,1610612737,Atlanta Hawks,2,5,13,Missed Shot,Jump Shot,2PT Field Goal,Mid-Range,Left Side Center(LC),16-24 ft.,22,-175,134,1,0,20181121,ATL,TOR,21800254253,11270,0,1713|203101|1627752|1628989|1629027,0,REG,2019,200768,-10.0,PG,Chaser,0.87,MISS Carter 22' Jump Shot,PF,Movement Shooter,-1.47
Shot Chart Detail,21800254,317,1713,Vince Carter,1610612737,Atlanta Hawks,2,0,51,Missed Shot,Reverse Layup Shot,2PT Field Goal,Restricted Area,Center(C),Less Than 8 ft.,1,2,18,1,0,20181121,ATL,TOR,21800254317,13890,0,1713|202391|203473|1626147|1628989,0,REG,2019,200768,-13.0,PG,Chaser,0.87,MISS Carter 2' Reverse Layup,PF,Movement Shooter,-1.47
Shot Chart Detail,21800254,387,1713,Vince Carter,1610612737,Atlanta Hawks,3,8,4,Missed Shot,Cutting Layup Shot,2PT Field Goal,Restricted Area,Center(C),Less Than 8 ft.,0,-4,8,1,0,20181121,ATL,TOR,21800254387,16760,0,1713|202391|203101|1627761|1628989,0,REG,2019,1627783,-15.0,PF,Wing Stopper,0.93,MISS Carter 1' Cutting Layup Shot,PF,Movement Shooter,-1.47
Shot Chart Detail,21800254,391,1713,Vince Carter,1610612737,Atlanta Hawks,3,7,51,Made Shot,Jump Shot,3PT Field Goal,Above the Break 3,Right Side Center(RC),24+ ft.,25,165,197,1,1,20181121,ATL,TOR,21800254391,16890,0,1713|202391|203101|1627761|1628989,1,REG,2019,201980,-12.0,SG,Wing Stopper,0.88,Carter 26' 3PT Jump Shot (7 PTS) (Bembry 2 AST),PF,Movement Shooter,-1.47
Shot Chart Detail,21800254,405,1713,Vince Carter,1610612737,Atlanta Hawks,3,6,50,Missed Shot,Jump Shot,3PT Field Goal,Above the Break 3,Left Side Center(LC),24+ ft.,25,-156,198,1,0,20181121,ATL,TOR,21800254405,17500,0,1713|202391|203101|1627761|1628989,0,REG,2019,1627783,-13.0,PF,Wing Stopper,0.93,MISS Carter 25' 3PT Jump Shot,PF,Movement Shooter,-1.47
Shot Chart Detail,21800254,579,1713,Vince Carter,1610612737,Atlanta Hawks,4,7,18,Missed Shot,Pullup Jump shot,2PT Field Goal,In The Paint (Non-RA),Center(C),8-16 ft.,10,51,93,1,0,20181121,ATL,TOR,21800254579,24420,0,1713|202391|1627752|1627761|1628381,0,REG,2019,1627783,-20.0,PF,Wing Stopper,0.93,MISS Carter 11' Pullup Jump Shot,PF,Movement Shooter,-1.47
Shot Chart Detail,21800254,584,1713,Vince Carter,1610612737,Atlanta Hawks,4,6,47,Missed Shot,Pullup Jump shot,3PT Field Goal,Above the Break 3,Left Side Center(LC),24+ ft.,25,-96,235,1,0,20181121,ATL,TOR,21800254584,24730,0,1713|202391|1627752|1627761|1628381,0,REG,2019,1627783,-20.0,PF,Wing Stopper,0.93,MISS Carter 25' 3PT Pullup Jump Shot,PF,Movement Shooter,-1.47
Shot Chart Detail,21800254,667,1713,Vince Carter,1610612737,Atlanta Hawks,4,2,20,Missed Shot,Jump Shot,3PT Field Goal,Above the Break 3,Center(C),24+ ft.,25,14,252,1,0,20181121,ATL,TOR,21800254667,27400,0,1713|203473|1628416|1628989|1629027,0,REG,2019,1628449,-16.0,PF,Helper,0.24,MISS Carter 25' 3PT Jump Shot,PF,Movement Shooter,-1.47
Shot Chart Detail,21800254,679,1713,Vince Carter,1610612737,Atlanta Hawks,4,1,42,Made Shot,Jump Shot,3PT Field Goal,Above the Break 3,Left Side Center(LC),24+ ft.,26,-82,248,1,1,20181121,ATL,TOR,21800254679,27780,0,1713|203473|1628416|1628989|1629027,1,REG,2019,1628449,-14.0,PF,Helper,0.24,Carter 26' 3PT Jump Shot (10 PTS) (Young 5 AST),PF,Movement Shooter,-1.47
Shot Chart Detail,21800254,687,1713,Vince Carter,1610612737,Atlanta Hawks,4,1,10,Missed Shot,Jump Shot,3PT Field Goal,Above the Break 3,Center(C),24+ ft.,26,-65,262,1,0,20181121,ATL,TOR,21800254687,28100,0,1713|203473|1628416|1628989|1629027,0,REG,2019,1628449|203485,-16.0,,,,,PF,Movement Shooter,-1.47
Shot Chart Detail,21800254,692,1713,Vince Carter,1610612737,Atlanta Hawks,4,0,49,Missed Shot,Jump Shot,3PT Field Goal,Above the Break 3,Center(C),24+ ft.,28,-74,272,1,0,20181121,ATL,TOR,21800254692,28310,0,1713|203473|1628416|1628989|1629027,0,REG,2019,1628449,-18.0,PF,Helper,0.24,MISS Carter 28' 3PT Jump Shot,PF,Movement Shooter,-1.47
Shot Chart Detail,21800254,705,1713,Vince Carter,1610612737,Atlanta Hawks,4,0,4,Missed Shot,Jump Shot,2PT Field Goal,Mid-Range,Left Side(L),8-16 ft.,11,-111,6,1,0,20181121,ATL,TOR,21800254705,28760,0,1713|203473|1628416|1628989|1629027,0,REG,2019,1628449,-18.0,PF,Helper,0.24,MISS Carter 11' Jump Shot,PF,Movement Shooter,-1.47
Shot Chart Detail,21800254,707,1713,Vince Carter,1610612737,Atlanta Hawks,4,0,0,Made Shot,Cutting Dunk Shot,2PT Field Goal,Restricted Area,Center(C),Less Than 8 ft.,1,5,13,1,1,20181121,ATL,TOR,21800254707,28800,0,1713,1,REG,2019,1628070|1627781,-16.0,,,,,PF,Movement Shooter,-1.47
Shot Chart Detail,21800268,294,1713,Vince Carter,1610612737,Atlanta Hawks,2,4,17,Missed Shot,Jump Shot,3PT Field Goal,Above the Break 3,Left Side Center(LC),24+ ft.,25,-124,222,1,0,20181123,ATL,BOS,21800268294,11830,0,1713|202391|203458|1627761|1628989,0,REG,2019,1627759,-25.0,SG,Wing Stopper,0.37,MISS Carter 25' 3PT Jump Shot,PF,Movement Shooter,-1.47
Shot Chart Detail,21800268,318,1713,Vince Carter,1610612737,Atlanta Hawks,2,3,22,Missed Shot,Running Dunk Shot,2PT Field Goal,Restricted Area,Center(C),Less Than 8 ft.,1,0,19,1,0,20181123,ATL,BOS,21800268318,12380,0,1713|202391|203145|203458|1628989,0,REG,2019,202694,-23.0,PF,Helper,-0.01,MISS Carter 2' Running Dunk,PF,Movement Shooter,-1.47
Shot Chart Detail,21800268,710,1713,Vince Carter,1610612737,Atlanta Hawks,4,3,36,Missed Shot,Reverse Layup Shot,2PT Field Goal,Restricted Area,Center(C),Less Than 8 ft.,2,-25,16,1,0,20181123,ATL,BOS,21800268710,26640,0,1713|202391|203101|1627761|1628989,0,REG,2019,202954,-18.0,PG,Point of Attack,-0.61,MISS Carter 3' Reverse Layup,PF,Movement Shooter,-1.47
Shot Chart Detail,21800306,119,1713,Vince Carter,1610612737,Atlanta Hawks,1,4,47,Missed Shot,Jump Shot,3PT Field Goal,Above the Break 3,Left Side Center(LC),24+ ft.,24,-200,143,1,0,20181128,CHA,ATL,21800306119,4330,0,1713|203145|1626147|1627761|1629016,0,REG,2019,203087,6.0,SG,Chaser,0.39,MISS Carter 25' 3PT Jump Shot,PF,Movement Shooter,-1.47
Shot Chart Detail,21800306,155,1713,Vince Carter,1610612737,Atlanta Hawks,1,2,14,Missed Shot,Jump Shot,3PT Field Goal,Right Corner 3,Right Side(R),24+ ft.,23,231,8,1,0,20181128,CHA,ATL,21800306155,5860,0,1713|203145|1627761|1628381|1628989,0,REG,2019,1628970,7.0,SF,Helper,0.15,MISS Carter 3PT Jump Shot,PF,Movement Shooter,-1.47
Shot Chart Detail,21800306,181,1713,Vince Carter,1610612737,Atlanta Hawks,1,0,24,Missed Shot,Layup Shot,2PT Field Goal,Restricted Area,Center(C),Less Than 8 ft.,2,-15,20,1,0,20181128,CHA,ATL,21800306181,6960,0,1713|203145|1627761|1628381|1629027,0,REG,2019,2225|1626163,4.0,,,,,PF,Movement Shooter,-1.47
Shot Chart Detail,21800344,91,1713,Vince Carter,1610612737,Atlanta Hawks,1,4,7,Made Shot,Driving Layup Shot,2PT Field Goal,Restricted Area,Center(C),Less Than 8 ft.,1,-2,12,1,1,20181203,ATL,GSW,2180034491,4730,0,1713|202391|203145|203458|1627752,1,REG,2019,201973,-8.0,PF,Low Activity,0.28,Carter 1' Driving Layup (2 PTS) (Lin 1 AST),PF,Movement Shooter,-1.47
Shot Chart Detail,21800344,117,1713,Vince Carter,1610612737,Atlanta Hawks,1,2,21,Made Shot,Driving Layup Shot,2PT Field Goal,Restricted Area,Center(C),Less Than 8 ft.,1,-2,15,1,1,20181203,ATL,GSW,21800344117,5790,0,1713|202391|203145|1627761|1629016,1,REG,2019,201973|1628395,-13.0,,,,,PF,Movement Shooter,-1.47
Shot Chart Detail,21800344,125,1713,Vince Carter,1610612737,Atlanta Hawks,1,1,49,Missed Shot,Jump Shot,3PT Field Goal,Above the Break 3,Left Side Center(LC),24+ ft.,25,-127,223,1,0,20181203,ATL,GSW,21800344125,6110,0,1713|202391|203145|1627761|1629016,0,REG,2019,201973,-15.0,PF,Low Activity,0.28,MISS Carter 26' 3PT Jump Shot,PF,Movement Shooter,-1.47
Shot Chart Detail,21800344,189,1713,Vince Carter,1610612737,Atlanta Hawks,2,9,52,Missed Shot,Jump Shot,3PT Field Goal,Above the Break 3,Left Side Center(LC),24+ ft.,26,-137,222,1,0,20181203,ATL,GSW,21800344189,8480,0,1713|203473|1627761|1628989|1629027,0,REG,2019,202691,-13.0,SG,Wing Stopper,-0.54,MISS Carter 26' 3PT Jump Shot,PF,Movement Shooter,-1.47
Shot Chart Detail,21800344,445,1713,Vince Carter,1610612737,Atlanta Hawks,3,4,33,Missed Shot,Driving Reverse Layup Shot,2PT Field Goal,Restricted Area,Center(C),Less Than 8 ft.,1,-5,14,1,0,20181203,ATL,GSW,21800344445,18870,0,1713|202391|203145|1627761|1628381,0,REG,2019,201142,-21.0,SF,Wing Stopper,0.84,MISS Carter 1' Driving Reverse Layup,PF,Movement Shooter,-1.47
Shot Chart Detail,21800344,503,1713,Vince Carter,1610612737,Atlanta Hawks,3,1,25,Missed Shot,Pullup Jump shot,3PT Field Goal,Above the Break 3,Center(C),24+ ft.,24,6,246,1,0,20181203,ATL,GSW,21800344503,20750,0,1713|202391|203145|1627761|1628381,0,REG,2019,1628395,-17.0,C,Mobile Big,0.75,MISS Carter 25' 3PT Pullup Jump Shot,PF,Movement Shooter,-1.47
Shot Chart Detail,21800344,505,1713,Vince Carter,1610612737,Atlanta Hawks,3,1,17,Missed Shot,Fadeaway Jump Shot,2PT Field Goal,Mid-Range,Right Side(R),8-16 ft.,11,110,22,1,0,20181203,ATL,GSW,21800344505,20830,0,1713|202391|203145|1627761|1628381,0,REG,2019,201142,-17.0,SF,Wing Stopper,0.84,MISS Carter 11' Fadeaway Jumper,PF,Movement Shooter,-1.47
Shot Chart Detail,21800344,528,1713,Vince Carter,1610612737,Atlanta Hawks,3,0,1,Missed Shot,Driving Layup Shot,2PT Field Goal,Restricted Area,Center(C),Less Than 8 ft.,0,1,9,1,0,20181203,ATL,GSW,21800344528,21590,0,1713|202391|203145|1627752|1628381,0,REG,2019,1627814|201973,-20.0,,,,,PF,Movement Shooter,-1.47
Shot Chart Detail,21800357,278,1713,Vince Carter,1610612737,Atlanta Hawks,2,6,28,Missed Shot,Jump Shot,3PT Field Goal,Left Corner 3,Left Side(L),24+ ft.,22,-226,0,1,0,20181205,ATL,WAS,21800357278,10520,0,1713|203145|203473|1627761|1628989,0,REG,2019,203490,-14.0,SF,Helper,1.59,MISS Carter 3PT Jump Shot,PF,Movement Shooter,-1.47
Shot Chart Detail,21800357,354,1713,Vince Carter,1610612737,Atlanta Hawks,2,1,57,Missed Shot,Jump Shot,3PT Field Goal,Above the Break 3,Left Side Center(LC),24+ ft.,27,-190,200,1,0,20181205,ATL,WAS,21800357354,13230,0,1713|203101|203145|1628989|1629027,0,REG,2019,203078,-25.0,SG,Chaser,-1.2,MISS Carter 28' 3PT Jump Shot,PF,Movement Shooter,-1.47
Shot Chart Detail,21800357,357,1713,Vince Carter,1610612737,Atlanta Hawks,2,1,34,Made Shot,Driving Layup Shot,2PT Field Goal,Restricted Area,Center(C),Less Than 8 ft.,1,3,17,1,1,20181205,ATL,WAS,21800357357,13460,0,1713|203101|203145|1628989|1629027,1,REG,2019,1626162,-23.0,SF,Chaser,-0.36,Carter 2' Driving Layup (4 PTS) (Huerter 2 AST),PF,Movement Shooter,-1.47
Shot Chart Detail,21800357,514,1713,Vince Carter,1610612737,Atlanta Hawks,3,3,29,Made Shot,Jump Shot,3PT Field Goal,Above the Break 3,Right Side Center(RC),24+ ft.,24,153,193,1,1,20181205,ATL,WAS,21800357514,19510,0,1713|203458|1627761|1628416|1628989,1,REG,2019,203490,-20.0,SF,Helper,1.59,Carter 25' 3PT Jump Shot (7 PTS) (Dorsey 1 AST),PF,Movement Shooter,-1.47
Shot Chart Detail,21800357,542,1713,Vince Carter,1610612737,Atlanta Hawks,3,1,15,Made Shot,Jump Shot,3PT Field Goal,Above the Break 3,Right Side Center(RC),24+ ft.,25,126,220,1,1,20181205,ATL,WAS,21800357542,20850,0,1713|1627761|1628381|1628416|1628989,1,REG,2019,1626162,-13.0,SF,Chaser,-0.36,Carter 25' 3PT Jump Shot (10 PTS) (Dorsey 2 AST),PF,Movement Shooter,-1.47
Shot Chart Detail,21800357,669,1713,Vince Carter,1610612737,Atlanta Hawks,4,5,54,Made Shot,Jump Shot,3PT Field Goal,Above the Break 3,Right Side Center(RC),24+ ft.,24,93,226,1,1,20181205,ATL,WAS,21800357669,25260,0,1713|203145|203473|1627761|1628416,1,REG,2019,203078,-11.0,SG,Chaser,-1.2,Carter 24' 3PT Jump Shot (13 PTS) (Bembry 5 AST),PF,Movement Shooter,-1.47
Shot Chart Detail,21800357,721,1713,Vince Carter,1610612737,Atlanta Hawks,4,1,53,Missed Shot,Jump Shot,3PT Field Goal,Above the Break 3,Center(C),24+ ft.,24,-8,246,1,0,20181205,ATL,WAS,21800357721,27670,0,1713|203145|1628381|1628416|1629027,0,REG,2019,203490,-15.0,SF,Helper,1.59,MISS Carter 25' 3PT Jump Shot,PF,Movement Shooter,-1.47
Shot Chart Detail,21800380,137,1713,Vince Carter,1610612737,Atlanta Hawks,1,2,39,Missed Shot,Pullup Jump shot,3PT Field Goal,Above the Break 3,Right Side Center(RC),24+ ft.,25,103,231,1,0,20181208,ATL,DEN,21800380137,5610,0,1713|203473|1627761|1628416|1629121,0,REG,2019,203486,-12.0,C,Mobile Big,1.55,MISS Carter 25' 3PT Pullup Jump Shot,PF,Movement Shooter,-1.47
Shot Chart Detail,21800380,151,1713,Vince Carter,1610612737,Atlanta Hawks,1,2,11,Missed Shot,Turnaround Fadeaway shot,2PT Field Goal,Mid-Range,Left Side(L),8-16 ft.,9,-96,20,1,0,20181208,ATL,DEN,21800380151,5890,0,1713|203145|203473|1628416|1629027,0,REG,2019,1628420,-13.0,PG,Point of Attack,-0.49,MISS Carter 10' Turnaround Fadeaway Shot,PF,Movement Shooter,-1.47
Shot Chart Detail,21800380,450,1713,Vince Carter,1610612737,Atlanta Hawks,3,5,23,Missed Shot,Jump Shot,3PT Field Goal,Above the Break 3,Right Side Center(RC),24+ ft.,25,90,234,1,0,20181208,ATL,DEN,21800380450,18370,0,1713|203145|203458|1627761|1629027,0,REG,2019,203486,2.0,C,Mobile Big,1.55,MISS Carter 25' 3PT Jump Shot,PF,Movement Shooter,-1.47
Shot Chart Detail,21800380,459,1713,Vince Carter,1610612737,Atlanta Hawks,3,4,47,Made Shot,Jump Shot,3PT Field Goal,Above the Break 3,Right Side Center(RC),24+ ft.,26,132,226,1,1,20181208,ATL,DEN,21800380459,18730,0,1713|203145|203458|1627761|1628416,1,REG,2019,203486,2.0,C,Mobile Big,1.55,Carter 26' 3PT Jump Shot (3 PTS) (Bembry 4 AST),PF,Movement Shooter,-1.47
Shot Chart Detail,21800380,467,1713,Vince Carter,1610612737,Atlanta Hawks,3,4,16,Made Shot,Jump Shot,3PT Field Goal,Right Corner 3,Right Side(R),24+ ft.,22,225,29,1,1,20181208,ATL,DEN,21800380467,19040,0,1713|203458|1627761|1628416|1628989,1,REG,2019,203486,5.0,C,Mobile Big,1.55,Carter 3PT Jump Shot (6 PTS) (Bembry 5 AST),PF,Movement Shooter,-1.47
Shot Chart Detail,21800380,507,1713,Vince Carter,1610612737,Atlanta Hawks,3,1,53,Made Shot,Jump Shot,3PT Field Goal,Above the Break 3,Center(C),24+ ft.,25,67,242,1,1,20181208,ATL,DEN,21800380507,20470,0,1713|203458|1627761|1628416|1628989,1,REG,2019,203486,10.0,C,Mobile Big,1.55,Carter 25' 3PT Jump Shot (9 PTS) (Dorsey 1 AST),PF,Movement Shooter,-1.47
Shot Chart Detail,21800380,539,1713,Vince Carter,1610612737,Atlanta Hawks,3,0,10,Missed Shot,Jump Shot,3PT Field Goal,Right Corner 3,Right Side(R),24+ ft.,23,234,30,1,0,20181208,ATL,DEN,21800380539,21500,0,1713|1627761|1628381|1628416|1628989,0,REG,2019,1627823,7.0,PF,Helper,0.02,MISS Carter 24' 3PT Jump Shot,PF,Movement Shooter,-1.47
Shot Chart Detail,21800380,545,1713,Vince Carter,1610612737,Atlanta Hawks,3,0,3,Made Shot,Tip Dunk Shot,2PT Field Goal,Restricted Area,Center(C),Less Than 8 ft.,0,0,-6,1,1,20181208,ATL,DEN,21800380545,21570,0,1713|1627761|1628381|1628416|1628989,0,REG,2019,1628420,9.0,PG,Point of Attack,-0.49,Carter 1' Tip Dunk Shot (11 PTS),PF,Movement Shooter,-1.47
Shot Chart Detail,21800380,597,1713,Vince Carter,1610612737,Atlanta Hawks,4,9,6,Missed Shot,Jump Shot,3PT Field Goal,Left Corner 3,Left Side(L),24+ ft.,23,-231,27,1,0,20181208,ATL,DEN,21800380597,23340,0,1713|203145|203473|1628989|1629027,0,REG,2019,1627823,17.0,PF,Helper,0.02,MISS Carter 3PT Jump Shot,PF,Movement Shooter,-1.47
Shot Chart Detail,21800380,642,1713,Vince Carter,1610612737,Atlanta Hawks,4,6,34,Made Shot,Fadeaway Jump Shot,2PT Field Goal,In The Paint (Non-RA),Center(C),8-16 ft.,13,5,136,1,1,20181208,ATL,DEN,21800380642,24860,0,1713|203458|1627761|1628416|1628989,0,REG,2019,1627823,,PF,Helper,0.02,Carter 14' Fadeaway Jumper (13 PTS),PF,Movement Shooter,-1.47
Shot Chart Detail,21800412,141,1713,Vince Carter,1610612737,Atlanta Hawks,1,1,43,Made Shot,Jump Shot,3PT Field Goal,Right Corner 3,Right Side(R),24+ ft.,23,234,50,1,1,20181212,DAL,ATL,21800412141,6170,0,1713|203458|1626147|1627761|1628416,1,REG,2019,1627827,-1.0,SF,Wing Stopper,-0.42,Carter 24' 3PT Jump Shot (3 PTS) (Bembry 1 AST),PF,Movement Shooter,-1.47
Shot Chart Detail,21800412,153,1713,Vince Carter,1610612737,Atlanta Hawks,1,0,9,Missed Shot,Jump Shot,3PT Field Goal,Above the Break 3,Left Side Center(LC),24+ ft.,24,-158,192,1,0,20181212,DAL,ATL,21800412153,7110,0,1713|203458|1626147|1627761|1628416,0,REG,2019,1627827|1628467,-2.0,,,,,PF,Movement Shooter,-1.47
Shot Chart Detail,21800412,432,1713,Vince Carter,1610612737,Atlanta Hawks,3,4,35,Missed Shot,Driving Layup Shot,2PT Field Goal,In The Paint (Non-RA),Center(C),Less Than 8 ft.,4,40,6,1,0,20181212,DAL,ATL,21800412432,18850,0,1713|203145|203458|1626147|1627761,0,REG,2019,,,,,,,PF,Movement Shooter,-1.47
Shot Chart Detail,21800412,504,1713,Vince Carter,1610612737,Atlanta Hawks,3,0,26,Missed Shot,Jump Shot,3PT Field Goal,Above the Break 3,Left Side Center(LC),24+ ft.,25,-114,223,1,0,20181212,DAL,ATL,21800412504,21340,0,1713|203145|203473|1628989|1629027,0,REG,2019,1628467,-3.0,PF,Wing Stopper,1.07,MISS Carter 25' 3PT Jump Shot,PF,Movement Shooter,-1.47
Shot Chart Detail,21800412,513,1713,Vince Carter,1610612737,Atlanta Hawks,3,0,0,Missed Shot,Running Jump Shot,3PT Field Goal,Backcourt,Back Court(BC),Back Court Shot,63,3,634,1,0,20181212,DAL,ATL,21800412513,21600,0,1713|203145|203473|1627761|1629121,0,REG,2019,,,,,,,PF,Movement Shooter,-1.47
Shot Chart Detail,21800420,117,1713,Vince Carter,1610612737,Atlanta Hawks,1,3,2,Made Shot,Jump Shot,3PT Field Goal,Above the Break 3,Left Side Center(LC),24+ ft.,26,-161,215,1,1,20181214,BOS,ATL,21800420117,5380,0,1713|202391|203458|1627761|1628416,1,REG,2019,202694,-14.0,PF,Helper,-0.01,Carter 27' 3PT Jump Shot (3 PTS) (Lin 2 AST),PF,Movement Shooter,-1.47
Shot Chart Detail,21800420,120,1713,Vince Carter,1610612737,Atlanta Hawks,1,2,43,Made Shot,Cutting Layup Shot,2PT Field Goal,Restricted Area,Center(C),Less Than 8 ft.,1,-13,13,1,1,20181214,BOS,ATL,21800420120,5570,0,1713|202391|203458|1627761|1628416,1,REG,2019,1628464,-14.0,C,Mobile Big,0.96,Carter 2' Cutting Layup Shot (5 PTS) (Bembry 2 AST),PF,Movement Shooter,-1.47
Shot Chart Detail,21800420,323,1713,Vince Carter,1610612737,Atlanta Hawks,2,2,48,Missed Shot,Driving Floating Jump Shot,2PT Field Goal,In The Paint (Non-RA),Center(C),Less Than 8 ft.,6,12,68,1,0,20181214,BOS,ATL,21800420323,12720,0,1713|203145|203473|1627761|1629027,0,REG,2019,202681,-10.0,PG,Point of Attack,0.16,MISS Carter 7' Driving Floating Jump Shot,PF,Movement Shooter,-1.47
Shot Chart Detail,21800420,329,1713,Vince Carter,1610612737,Atlanta Hawks,2,2,31,Missed Shot,Jump Shot,3PT Field Goal,Above the Break 3,Left Side Center(LC),24+ ft.,26,-86,253,1,0,20181214,BOS,ATL,21800420329,12890,0,1713|203145|203473|1627761|1629027,0,REG,2019,1628369,-12.0,SF,Chaser,1.3,MISS Carter 27' 3PT Jump Shot,PF,Movement Shooter,-1.47
Shot Chart Detail,21800420,369,1713,Vince Carter,1610612737,Atlanta Hawks,2,0,34,Made Shot,Driving Layup Shot,2PT Field Goal,Restricted Area,Center(C),Less Than 8 ft.,1,12,10,1,1,20181214,BOS,ATL,21800420369,14060,0,1713|203145|1628381|1628989|1629027,1,REG,2019,1628369,-11.0,SF,Chaser,1.3,Carter 2' Driving Layup (7 PTS) (Huerter 1 AST),PF,Movement Shooter,-1.47
Shot Chart Detail,21800420,523,1713,Vince Carter,1610612737,Atlanta Hawks,3,3,12,Missed Shot,Driving Hook Shot,2PT Field Goal,Restricted Area,Center(C),Less Than 8 ft.,3,-27,16,1,0,20181214,BOS,ATL,21800420523,19680,0,1713|203145|1627761|1628381|1628989,0,REG,2019,1628369,-22.0,SF,Chaser,1.3,Williams III BLOCK (3 BLK),PF,Movement Shooter,-1.47
Shot Chart Detail,21800420,531,1713,Vince Carter,1610612737,Atlanta Hawks,3,2,59,Made Shot,Jump Shot,3PT Field Goal,Above the Break 3,Left Side Center(LC),24+ ft.,27,-155,228,1,1,20181214,BOS,ATL,21800420531,19810,0,1713|203145|1627761|1628381|1628989,1,REG,2019,1628369,-19.0,SF,Chaser,1.3,Carter 28' 3PT Jump Shot (10 PTS) (Bembry 3 AST),PF,Movement Shooter,-1.47
Shot Chart Detail,21800420,637,1713,Vince Carter,1610612737,Atlanta Hawks,4,8,28,Made Shot,Driving Dunk Shot,2PT Field Goal,Restricted Area,Center(C),Less Than 8 ft.,0,-1,4,1,1,20181214,BOS,ATL,21800420637,23720,0,1713|203458|1627761|1628989|1629027,1,REG,2019,1626179,,PG,Point of Attack,0.0,Carter Driving Dunk (12 PTS) (Huerter 3 AST),PF,Movement Shooter,-1.47
Shot Chart Detail,21800436,108,1713,Vince Carter,1610612737,Atlanta Hawks,1,4,25,Made Shot,Driving Dunk Shot,2PT Field Goal,Restricted Area,Center(C),Less Than 8 ft.,1,-4,13,1,1,20181216,BKN,ATL,21800436108,4550,0,1713|202391|203145|1627761|1628381,1,REG,2019,203925,,SG,Chaser,-0.08,Carter 1' Driving Dunk (2 PTS) (Bazemore 2 AST),PF,Movement Shooter,-1.47
Shot Chart Detail,21800436,126,1713,Vince Carter,1610612737,Atlanta Hawks,1,2,56,Made Shot,Driving Layup Shot,2PT Field Goal,In The Paint (Non-RA),Center(C),Less Than 8 ft.,5,52,5,1,1,20181216,BKN,ATL,21800436126,5440,0,1713|202391|203145|203458|1627761,1,REG,2019,203925,-16.0,SG,Chaser,-0.08,Carter 5' Driving Layup (4 PTS) (Bazemore 3 AST),PF,Movement Shooter,-1.47
Shot Chart Detail,21800436,245,1713,Vince Carter,1610612737,Atlanta Hawks,2,6,46,Missed Shot,Jump Shot,3PT Field Goal,Right Corner 3,Right Side(R),24+ ft.,24,229,75,1,0,20181216,BKN,ATL,21800436245,10340,0,1713|203145|203473|1628989|1629027,0,REG,2019,201162,-11.0,PF,Helper,0.5,MISS Carter 24' 3PT Jump Shot,PF,Movement Shooter,-1.47
Shot Chart Detail,21800436,462,1713,Vince Carter,1610612737,Atlanta Hawks,3,4,3,Made Shot,Jump Shot,3PT Field Goal,Above the Break 3,Center(C),24+ ft.,26,-29,265,1,1,20181216,BKN,ATL,21800436462,19170,0,1713|202391|203473|1627761|1627772,1,REG,2019,203925,-10.0,SG,Chaser,-0.08,Carter 27' 3PT Jump Shot (7 PTS) (Bembry 2 AST),PF,Movement Shooter,-1.47
Shot Chart Detail,21800436,668,1713,Vince Carter,1610612737,Atlanta Hawks,4,3,2,Missed Shot,Jump Shot,3PT Field Goal,Above the Break 3,Center(C),24+ ft.,25,-18,252,1,0,20181216,BKN,ATL,21800436668,26980,0,1713|203145|1628381|1628989|1629027,0,REG,2019,201162,-23.0,PF,Helper,0.5,MISS Carter 25' 3PT Jump Shot,PF,Movement Shooter,-1.47
Shot Chart Detail,21800452,101,1713,Vince Carter,1610612737,Atlanta Hawks,1,4,59,Made Shot,Jump Shot,3PT Field Goal,Above the Break 3,Left Side Center(LC),24+ ft.,27,-132,239,1,1,20181218,ATL,WAS,21800452101,4210,0,1713|202391|203145|203458|1627761,1,REG,2019,202693,11.0,PF,Mobile Big,-0.04,Carter 27' 3PT Jump Shot (3 PTS) (Bembry 1 AST),PF,Movement Shooter,-1.47
Shot Chart Detail,21800452,105,1713,Vince Carter,1610612737,Atlanta Hawks,1,4,35,Missed Shot,Pullup Jump shot,3PT Field Goal,Above the Break 3,Right Side Center(RC),24+ ft.,25,109,236,1,0,20181218,ATL,WAS,21800452105,4450,0,1713|202391|203145|203458|1627761,0,REG,2019,201145,11.0,PF,Helper,-1.27,MISS Carter 26' 3PT Pullup Jump Shot,PF,Movement Shooter,-1.47
Shot Chart Detail,21800452,306,1713,Vince Carter,1610612737,Atlanta Hawks,2,5,28,Missed Shot,Layup Shot,2PT Field Goal,In The Paint (Non-RA),Left Side(L),8-16 ft.,9,-50,76,1,0,20181218,ATL,WAS,21800452306,11120,0,1713|202391|203145|203458|1627761,0,REG,2019,1626155,9.0,PF,Low Activity,-0.31,MISS Carter 9' Layup,PF,Movement Shooter,-1.47
Shot Chart Detail,21800452,489,1713,Vince Carter,1610612737,Atlanta Hawks,3,6,51,Made Shot,Jump Shot,3PT Field Goal,Above the Break 3,Center(C),24+ ft.,25,0,256,1,1,20181218,ATL,WAS,21800452489,17490,0,1713|202391|203145|203458|1627761,1,REG,2019,201145,0.0,PF,Helper,-1.27,Carter 26' 3PT Jump Shot (6 PTS) (Bazemore 2 AST),PF,Movement Shooter,-1.47
Shot Chart Detail,21800452,581,1713,Vince Carter,1610612737,Atlanta Hawks,3,0,13,Missed Shot,Jump Shot,3PT Field Goal,Right Corner 3,Right Side(R),24+ ft.,23,232,27,1,0,20181218,ATL,WAS,21800452581,21470,0,1713|203145|203458|1628989|1629027,0,REG,2019,201145,0.0,PF,Helper,-1.27,MISS Carter 3PT Jump Shot,PF,Movement Shooter,-1.47
Shot Chart Detail,21800472,115,1713,Vince Carter,1610612737,Atlanta Hawks,1,3,16,Missed Shot,Jump Shot,3PT Field Goal,Above the Break 3,Right Side Center(RC),24+ ft.,26,106,247,1,0,20181221,NYK,ATL,21800472115,5240,0,1713|202391|203458|1627761|1627772,0,REG,2019,202498,-7.0,PF,Helper,-0.49,MISS Carter 27' 3PT Jump Shot,PF,Movement Shooter,-1.47
Shot Chart Detail,21800472,146,1713,Vince Carter,1610612737,Atlanta Hawks,1,0,59,Missed Shot,Jump Shot,3PT Field Goal,Above the Break 3,Right Side Center(RC),24+ ft.,29,148,255,1,0,20181221,NYK,ATL,21800472146,6610,0,1713|202391|203458|1627761|1627772,0,REG,2019,1628995,-10.0,PF,Low Activity,-2.72,MISS Carter 29' 3PT Jump Shot,PF,Movement Shooter,-1.47
Shot Chart Detail,21800472,510,1713,Vince Carter,1610612737,Atlanta Hawks,4,10,58,Missed Shot,Jump Shot,3PT Field Goal,Above the Break 3,Center(C),24+ ft.,26,24,262,1,0,20181221,NYK,ATL,21800472510,22220,0,1713|202391|203145|203473|1628989,0,REG,2019,1626144,-5.0,PG,Point of Attack,-1.86,MISS Carter 26' 3PT Jump Shot,PF,Movement Shooter,-1.47
Shot Chart Detail,21800486,64,1713,Vince Carter,1610612737,Atlanta Hawks,1,7,13,Missed Shot,Jump Shot,3PT Field Goal,Above the Break 3,Right Side Center(RC),24+ ft.,28,163,239,1,0,20181223,DET,ATL,2180048664,2870,0,1713|203145|203473|1628989|1629027,0,REG,2019,202704,-0.0,PG,Point of Attack,-0.82,MISS Carter 29' 3PT Jump Shot,PF,Movement Shooter,-1.47
Shot Chart Detail,21800486,67,1713,Vince Carter,1610612737,Atlanta Hawks,1,6,38,Made Shot,Dunk Shot,2PT Field Goal,Restricted Area,Center(C),Less Than 8 ft.,2,6,27,1,1,20181223,DET,ATL,2180048667,3220,0,1713|203145|203473|1628989|1629027,1,REG,2019,202704,,PG,Point of Attack,-0.82,Carter 3' Dunk (2 PTS) (Young 1 AST),PF,Movement Shooter,-1.47
Shot Chart Detail,21800486,98,1713,Vince Carter,1610612737,Atlanta Hawks,1,4,1,Made Shot,Jump Shot,3PT Field Goal,Left Corner 3,Left Side(L),24+ ft.,23,-231,5,1,1,20181223,DET,ATL,2180048698,4790,0,1713|202391|203458|1627761|1628989,1,REG,2019,201933,5.0,PF,Helper,0.34,Carter 3PT Jump Shot (5 PTS) (Bembry 1 AST),PF,Movement Shooter,-1.47
Shot Chart Detail,21800486,112,1713,Vince Carter,1610612737,Atlanta Hawks,1,3,20,Made Shot,Pullup Jump shot,3PT Field Goal,Above the Break 3,Right Side Center(RC),24+ ft.,27,115,245,1,1,20181223,DET,ATL,21800486112,5200,0,1713|202391|203458|1627761|1628989,0,REG,2019,201933,9.0,PF,Helper,0.34,Carter 27' 3PT Pullup Jump Shot (9 PTS),PF,Movement Shooter,-1.47
Shot Chart Detail,21800486,228,1713,Vince Carter,1610612737,Atlanta Hawks,2,7,38,Made Shot,Driving Layup Shot,2PT Field Goal,Restricted Area,Center(C),Less Than 8 ft.,1,-7,9,1,1,20181223,DET,ATL,21800486228,9820,0,1713|203145|203458|1627761|1629027,0,REG,2019,,,,,,,PF,Movement Shooter,-1.47
Shot Chart Detail,21800486,277,1713,Vince Carter,1610612737,Atlanta Hawks,2,4,33,Made Shot,Jump Shot,3PT Field Goal,Above the Break 3,Center(C),24+ ft.,26,78,258,1,1,20181223,DET,ATL,21800486277,11670,0,1713|203145|203473|1627761|1629027,1,REG,2019,203083,12.0,C,Anchor Big,2.42,Carter 27' 3PT Jump Shot (14 PTS) (Young 3 AST),PF,Movement Shooter,-1.47
Shot Chart Detail,21800486,387,1713,Vince Carter,1610612737,Atlanta Hawks,3,8,48,Missed Shot,Jump Shot,3PT Field Goal,Above the Break 3,Center(C),24+ ft.,26,36,262,1,0,20181223,DET,ATL,21800486387,16320,0,1713|203145|203458|1628989|1629027,0,REG,2019,201933,12.0,PF,Helper,0.34,MISS Carter 26' 3PT Jump Shot,PF,Movement Shooter,-1.47
Shot Chart Detail,21800486,426,1713,Vince Carter,1610612737,Atlanta Hawks,3,6,36,Missed Shot,Pullup Jump shot,3PT Field Goal,Above the Break 3,Left Side Center(LC),24+ ft.,32,-175,273,1,0,20181223,DET,ATL,21800486426,17640,0,1713|202391|203458|1627761|1628989,0,REG,2019,201933|1628971,13.0,,,,,PF,Movement Shooter,-1.47
Shot Chart Detail,21800486,445,1713,Vince Carter,1610612737,Atlanta Hawks,3,5,7,Made Shot,Tip Layup Shot,2PT Field Goal,Restricted Area,Center(C),Less Than 8 ft.,0,0,-6,1,1,20181223,DET,ATL,21800486445,18530,0,1713|202391|203458|1626147|1627761,0,REG,2019,202704,15.0,PG,Point of Attack,-0.82,Carter 1' Tip Layup Shot (16 PTS),PF,Movement Shooter,-1.47
Shot Chart Detail,21800486,458,1713,Vince Carter,1610612737,Atlanta Hawks,3,3,59,Missed Shot,Pullup Jump shot,3PT Field Goal,Above the Break 3,Left Side Center(LC),24+ ft.,26,-176,192,1,0,20181223,DET,ATL,21800486458,19210,0,1713|202391|203458|1626147|1627761,0,REG,2019,,,,,,,PF,Movement Shooter,-1.47
Shot Chart Detail,21800486,601,1713,Vince Carter,1610612737,Atlanta Hawks,4,6,28,Missed Shot,Jump Shot,3PT Field Goal,Above the Break 3,Right Side Center(RC),24+ ft.,26,206,172,1,0,20181223,DET,ATL,21800486601,24920,0,1713|203145|203458|1628989|1629027,0,REG,2019,2585,10.0,C,Anchor Big,0.78,MISS Carter 27' 3PT Jump Shot,PF,Movement Shooter,-1.47
Shot Chart Detail,21800486,658,1713,Vince Carter,1610612737,Atlanta Hawks,4,2,35,Made Shot,Turnaround Fadeaway shot,2PT Field Goal,Mid-Range,Left Side(L),8-16 ft.,14,-107,92,1,1,20181223,DET,ATL,21800486658,27250,0,1713|202391|203145|203458|1628989,0,REG,2019,202704,,PG,Point of Attack,-0.82,Carter 14' Turnaround Fadeaway (18 PTS),PF,Movement Shooter,-1.47
Shot Chart Detail,21800486,661,1713,Vince Carter,1610612737,Atlanta Hawks,4,1,58,Missed Shot,Turnaround Fadeaway shot,2PT Field Goal,Mid-Range,Left Side(L),8-16 ft.,13,-116,78,1,0,20181223,DET,ATL,21800486661,27620,0,1713|202391|203145|203458|1628989,0,REG,2019,201933,1.0,PF,Helper,0.34,MISS Carter 14' Turnaround Fadeaway Shot,PF,Movement Shooter,-1.47
Shot Chart Detail,21800486,671,1713,Vince Carter,1610612737,Atlanta Hawks,4,1,2,Missed Shot,Jump Shot,3PT Field Goal,Above the Break 3,Center(C),24+ ft.,26,18,263,1,0,20181223,DET,ATL,21800486671,28180,0,1713|202391|203145|203458|1628989,0,REG,2019,201933,3.0,PF,Helper,0.34,MISS Carter 26' 3PT Jump Shot,PF,Movement Shooter,-1.47
Shot Chart Detail,21800504,127,1713,Vince Carter,1610612737,Atlanta Hawks,1,3,29,Missed Shot,Step Back Jump shot,2PT Field Goal,Mid-Range,Center(C),8-16 ft.,14,9,149,1,0,20181226,ATL,IND,21800504127,5110,0,1713|202391|203473|1627761|1628989,0,REG,2019,201152,-1.0,PF,Mobile Big,1.45,MISS Carter 15' Step Back Jump Shot,PF,Movement Shooter,-1.47
Shot Chart Detail,21800504,309,1713,Vince Carter,1610612737,Atlanta Hawks,2,2,54,Made Shot,Jump Shot,3PT Field Goal,Above the Break 3,Center(C),24+ ft.,27,-73,270,1,1,20181226,ATL,IND,21800504309,12660,0,1713|202391|203473|1627761|1628989,1,REG,2019,201152,7.0,PF,Mobile Big,1.45,Carter 28' 3PT Jump Shot (3 PTS) (Huerter 5 AST),PF,Movement Shooter,-1.47
Shot Chart Detail,21800504,454,1713,Vince Carter,1610612737,Atlanta Hawks,3,3,56,Missed Shot,Jump Shot,3PT Field Goal,Above the Break 3,Right Side Center(RC),24+ ft.,24,226,92,1,0,20181226,ATL,IND,21800504454,19240,0,1713|202391|203145|203473|1627761,0,REG,2019,201152,1.0,PF,Mobile Big,1.45,MISS Carter 24' 3PT Jump Shot,PF,Movement Shooter,-1.47
Shot Chart Detail,21800504,458,1713,Vince Carter,1610612737,Atlanta Hawks,3,3,32,Made Shot,Jump Shot,3PT Field Goal,Above the Break 3,Left Side Center(LC),24+ ft.,25,-201,152,1,1,20181226,ATL,IND,21800504458,19480,0,1713|202391|203145|203473|1627761,1,REG,2019,201954,4.0,PG,Point of Attack,-0.13,Carter 25' 3PT Jump Shot (6 PTS) (Bembry 4 AST),PF,Movement Shooter,-1.47
Shot Chart Detail,21800504,486,1713,Vince Carter,1610612737,Atlanta Hawks,3,2,0,Missed Shot,Jump Shot,3PT Field Goal,Right Corner 3,Right Side(R),24+ ft.,23,226,57,1,0,20181226,ATL,IND,21800504486,20400,0,1713|202391|1626147|1627761|1629016,0,REG,2019,1627734,-2.0,C,Mobile Big,1.19,MISS Carter 3PT Jump Shot,PF,Movement Shooter,-1.47
Shot Chart Detail,21800522,84,1713,Vince Carter,1610612737,Atlanta Hawks,1,5,38,Missed Shot,Jump Shot,3PT Field Goal,Above the Break 3,Right Side Center(RC),24+ ft.,24,199,151,1,0,20181228,MIN,ATL,2180052284,3820,0,1713|203145|1627761|1627816|1629027,0,REG,2019,201959,6.0,PF,Mobile Big,0.03,MISS Carter 25' 3PT Jump Shot,PF,Movement Shooter,-1.47
Shot Chart Detail,21800522,103,1713,Vince Carter,1610612737,Atlanta Hawks,1,4,39,Made Shot,Pullup Jump shot,3PT Field Goal,Above the Break 3,Center(C),24+ ft.,25,30,256,1,1,20181228,MIN,ATL,21800522103,4410,0,1713|202391|203145|1627761|1627816,1,REG,2019,1626157|203967,13.0,,,,,PF,Movement Shooter,-1.47
Shot Chart Detail,21800522,119,1713,Vince Carter,1610612737,Atlanta Hawks,1,3,52,Missed Shot,Jump Shot,3PT Field Goal,Above the Break 3,Center(C),24+ ft.,26,-58,262,1,0,20181228,MIN,ATL,21800522119,4880,0,1713|202391|1626147|1627761|1627816,0,REG,2019,1626157,11.0,C,Anchor Big,0.23,MISS Carter 27' 3PT Jump Shot,PF,Movement Shooter,-1.47
Shot Chart Detail,21800522,137,1713,Vince Carter,1610612737,Atlanta Hawks,1,2,47,Made Shot,Jump Shot,3PT Field Goal,Above the Break 3,Left Side Center(LC),24+ ft.,25,-126,218,1,1,20181228,MIN,ATL,21800522137,5530,0,1713|202391|1626147|1627761|1627816,1,REG,2019,203967,14.0,PF,Helper,-0.63,Carter 25' 3PT Jump Shot (6 PTS) (Lin 2 AST),PF,Movement Shooter,-1.47
Shot Chart Detail,21800522,680,1713,Vince Carter,1610612737,Atlanta Hawks,4,3,52,Made Shot,Jump Shot,3PT Field Goal,Above the Break 3,Right Side Center(RC),24+ ft.,24,82,236,1,1,20181228,MIN,ATL,21800522680,26480,0,1713|202391|203145|1627761|1628381,0,REG,2019,203967,1.0,PF,Helper,-0.63,Carter 25' 3PT Jump Shot (9 PTS),PF,Movement Shooter,-1.47
Shot Chart Detail,21800522,682,1713,Vince Carter,1610612737,Atlanta Hawks,4,3,17,Missed Shot,Jump Shot,3PT Field Goal,Above the Break 3,Center(C),24+ ft.,27,68,262,1,0,20181228,MIN,ATL,21800522682,26830,0,1713|202391|203145|1627761|1628381,0,REG,2019,1626157|203967,-1.0,,,,,PF,Movement Shooter,-1.47
Shot Chart Detail,21800529,91,1713,Vince Carter,1610612737,Atlanta Hawks,1,4,45,Missed Shot,Jump Shot,3PT Field Goal,Right Corner 3,Right Side(R),24+ ft.,24,232,84,1,0,20181229,ATL,CLE,2180052991,4350,0,1713|202391|203101|1627761|1628989,0,REG,2019,1626224,-5.0,SF,Wing Stopper,-1.21,MISS Carter 25' 3PT Jump Shot,PF,Movement Shooter,-1.47
Shot Chart Detail,21800529,134,1713,Vince Carter,1610612737,Atlanta Hawks,1,2,0,Made Shot,Layup Shot,2PT Field Goal,Restricted Area,Center(C),Less Than 8 ft.,1,2,13,1,1,20181229,ATL,CLE,21800529134,6000,0,1713|1626147|1627761|1628381|1629027,1,REG,2019,203521,-8.0,PG,Point of Attack,-0.91,Carter 1' Layup (2 PTS) (Young 1 AST),PF,Movement Shooter,-1.47
Shot Chart Detail,21800529,299,1713,Vince Carter,1610612737,Atlanta Hawks,2,1,10,Made Shot,Turnaround Jump Shot,2PT Field Goal,In The Paint (Non-RA),Center(C),8-16 ft.,8,3,84,1,1,20181229,ATL,CLE,21800529299,13700,0,1713|202391|203145|203458|1628989,0,REG,2019,1628417,7.0,SF,Helper,0.29,Carter 8' Turnaround Jump Shot (4 PTS),PF,Movement Shooter,-1.47
Shot Chart Detail,21800529,387,1713,Vince Carter,1610612737,Atlanta Hawks,3,8,3,Made Shot,Jump Shot,3PT Field Goal,Above the Break 3,Center(C),24+ ft.,25,-18,258,1,1,20181229,ATL,CLE,21800529387,16770,0,1713|1627761|1628381|1628989|1629027,1,REG,2019,1628417,0.0,SF,Helper,0.29,Carter 26' 3PT Jump Shot (7 PTS) (Young 5 AST),PF,Movement Shooter,-1.47
Shot Chart Detail,21800529,416,1713,Vince Carter,1610612737,Atlanta Hawks,3,5,57,Made Shot,Jump Shot,3PT Field Goal,Right Corner 3,Right Side(R),24+ ft.,23,227,71,1,1,20181229,ATL,CLE,21800529416,18030,0,1713|202391|1626147|1628381|1628989,1,REG,2019,1628417,3.0,SF,Helper,0.29,Carter 24' 3PT Jump Shot (10 PTS) (Lin 1 AST),PF,Movement Shooter,-1.47
Shot Chart Detail,21800529,443,1713,Vince Carter,1610612737,Atlanta Hawks,3,4,7,Missed Shot,Jump Shot,3PT Field Goal,Above the Break 3,Left Side Center(LC),24+ ft.,25,-198,164,1,0,20181229,ATL,CLE,21800529443,19130,0,1713|202391|1626147|1628381|1628989,0,REG,2019,1628417,5.0,SF,Helper,0.29,MISS Carter 26' 3PT Jump Shot,PF,Movement Shooter,-1.47
Shot Chart Detail,21800529,468,1713,Vince Carter,1610612737,Atlanta Hawks,3,2,14,Missed Shot,Turnaround Fadeaway Bank Jump Shot,2PT Field Goal,In The Paint (Non-RA),Center(C),Less Than 8 ft.,5,-47,26,1,0,20181229,ATL,CLE,21800529468,20260,0,1713|202391|1626147|1627816|1628989,0,REG,2019,1626224,7.0,SF,Wing Stopper,-1.21,MISS Carter 5' Turnaround Fadeaway Bank Jump Shot,PF,Movement Shooter,-1.47
Shot Chart Detail,21800529,495,1713,Vince Carter,1610612737,Atlanta Hawks,3,1,5,Made Shot,Pullup Jump shot,3PT Field Goal,Above the Break 3,Right Side Center(RC),24+ ft.,25,145,207,1,1,20181229,ATL,CLE,21800529495,20950,0,1713|202391|1626147|1627816|1629027,0,REG,2019,1627883,10.0,SF,Helper,0.77,Carter 25' 3PT Pullup Jump Shot (14 PTS),PF,Movement Shooter,-1.47
Shot Chart Detail,21800529,581,1713,Vince Carter,1610612737,Atlanta Hawks,4,6,38,Missed Shot,Jump Shot,3PT Field Goal,Above the Break 3,Left Side Center(LC),24+ ft.,24,-230,88,1,0,20181229,ATL,CLE,21800529581,24820,0,1713|1627761|1628381|1628989|1629027,0,REG,2019,202692,5.0,SG,Chaser,-0.66,MISS Carter 25' 3PT Jump Shot,PF,Movement Shooter,-1.47
Shot Chart Detail,21800529,592,1713,Vince Carter,1610612737,Atlanta Hawks,4,6,2,Made Shot,Cutting Dunk Shot,2PT Field Goal,Restricted Area,Center(C),Less Than 8 ft.,1,3,17,1,1,20181229,ATL,CLE,21800529592,25180,0,1713|1627761|1628381|1628989|1629027,1,REG,2019,202692,6.0,SG,Chaser,-0.66,Carter 2' Cutting Dunk Shot (16 PTS) (Huerter 4 AST),PF,Movement Shooter,-1.47
Shot Chart Detail,21800529,605,1713,Vince Carter,1610612737,Atlanta Hawks,4,4,34,Made Shot,Running Jump Shot,3PT Field Goal,Left Corner 3,Left Side(L),24+ ft.,23,-230,-5,1,1,20181229,ATL,CLE,21800529605,26060,0,1713|1627761|1628381|1628989|1629027,1,REG,2019,,,,,,,PF,Movement Shooter,-1.47
Shot Chart Detail,21800542,87,1713,Vince Carter,1610612737,Atlanta Hawks,1,5,11,Missed Shot,Jump Shot,3PT Field Goal,Right Corner 3,Right Side(R),24+ ft.,23,231,35,1,0,20181231,IND,ATL,2180054287,4090,0,1713|202391|1627761|1627816|1628989,0,REG,2019,201152,3.0,PF,Mobile Big,1.45,MISS Carter 3PT Jump Shot,PF,Movement Shooter,-1.47
Shot Chart Detail,21800542,316,1713,Vince Carter,1610612737,Atlanta Hawks,2,3,46,Missed Shot,Jump Shot,3PT Field Goal,Above the Break 3,Center(C),24+ ft.,25,-29,258,1,0,20181231,IND,ATL,21800542316,12140,0,1713|202391|203458|1627761|1627772,0,REG,2019,201954,2.0,PG,Point of Attack,-0.13,MISS Carter 26' 3PT Jump Shot,PF,Movement Shooter,-1.47
Shot Chart Detail,21800542,318,1713,Vince Carter,1610612737,Atlanta Hawks,2,3,39,Missed Shot,Jump Shot,3PT Field Goal,Above the Break 3,Right Side Center(RC),24+ ft.,25,208,155,1,0,20181231,IND,ATL,21800542318,12210,0,1713|202391|203458|1627761|1627772,0,REG,2019,203506,2.0,SG,Wing Stopper,0.7,MISS Carter 26' 3PT Jump Shot,PF,Movement Shooter,-1.47
Shot Chart Detail,21800542,525,1713,Vince Carter,1610612737,Atlanta Hawks,3,1,22,Missed Shot,Jump Shot,3PT Field Goal,Above the Break 3,Center(C),24+ ft.,28,-51,278,1,0,20181231,IND,ATL,21800542525,20780,0,1713|202391|203101|1626147|1627761,0,REG,2019,201152,-11.0,PF,Mobile Big,1.45,MISS Carter 28' 3PT Jump Shot,PF,Movement Shooter,-1.47
Shot Chart Detail,21800542,629,1713,Vince Carter,1610612737,Atlanta Hawks,4,6,7,Missed Shot,Driving Finger Roll Layup Shot,2PT Field Goal,Restricted Area,Center(C),Less Than 8 ft.,3,-8,37,1,0,20181231,IND,ATL,21800542629,25130,0,1713|203458|1627761|1628989|1629027,0,REG,2019,201152,-13.0,PF,Mobile Big,1.45,MISS Carter 4' Driving Finger Roll Layup,PF,Movement Shooter,-1.47
Shot Chart Detail,21800542,631,1713,Vince Carter,1610612737,Atlanta Hawks,4,6,3,Missed Shot,Tip Layup Shot,2PT Field Goal,Restricted Area,Center(C),Less Than 8 ft.,0,0,-6,1,0,20181231,IND,ATL,21800542631,25170,0,1713|203458|1627761|1628989|1629027,0,REG,2019,1627734|201152,-13.0,,,,,PF,Movement Shooter,-1.47
Shot Chart Detail,21800542,633,1713,Vince Carter,1610612737,Atlanta Hawks,4,6,2,Missed Shot,Tip Layup Shot,2PT Field Goal,Restricted Area,Center(C),Less Than 8 ft.,0,0,-6,1,0,20181231,IND,ATL,21800542633,25180,0,1713|203458|1627761|1628989|1629027,0,REG,2019,1627734|201936,-13.0,,,,,PF,Movement Shooter,-1.47
Shot Chart Detail,21800556,97,1713,Vince Carter,1610612737,Atlanta Hawks,1,3,25,Missed Shot,Jump Shot,3PT Field Goal,Above the Break 3,Left Side Center(LC),24+ ft.,27,-188,194,1,0,20190102,WAS,ATL,2180055697,5150,0,1713|202391|203458|1626147|1627761,0,REG,2019,,,,,,,PF,Movement Shooter,-1.47
Shot Chart Detail,21800556,282,1713,Vince Carter,1610612737,Atlanta Hawks,2,3,49,Missed Shot,Driving Floating Bank Jump Shot,2PT Field Goal,Restricted Area,Center(C),Less Than 8 ft.,3,-31,21,1,0,20190102,WAS,ATL,21800556282,12110,0,1713|203458|1627772|1628989|1629027,0,REG,2019,201145|2772,-7.0,,,,,PF,Movement Shooter,-1.47
Shot Chart Detail,21800556,286,1713,Vince Carter,1610612737,Atlanta Hawks,2,3,28,Made Shot,Jump Shot,3PT Field Goal,Above the Break 3,Center(C),24+ ft.,25,-58,251,1,1,20190102,WAS,ATL,21800556286,12320,0,1713|203458|1627772|1628989|1629027,1,REG,2019,203078,-6.0,SG,Chaser,-1.2,Carter 26' 3PT Jump Shot (3 PTS) (Young 6 AST),PF,Movement Shooter,-1.47
Shot Chart Detail,21800556,301,1713,Vince Carter,1610612737,Atlanta Hawks,2,2,38,Missed Shot,Jump Shot,2PT Field Goal,Mid-Range,Right Side Center(RC),16-24 ft.,22,99,206,1,0,20190102,WAS,ATL,21800556301,12820,0,1713|203458|1627772|1628989|1629027,0,REG,2019,1628418,-8.0,C,Mobile Big,0.43,MISS Carter 23' Jump Shot,PF,Movement Shooter,-1.47
Shot Chart Detail,21800556,338,1713,Vince Carter,1610612737,Atlanta Hawks,2,0,35,Missed Shot,Jump Shot,3PT Field Goal,Above the Break 3,Center(C),24+ ft.,26,0,260,1,0,20190102,WAS,ATL,21800556338,14050,0,1713|1627761|1628381|1628989|1629027,0,REG,2019,203078,-11.0,SG,Chaser,-1.2,MISS Carter 26' 3PT Jump Shot,PF,Movement Shooter,-1.47
Shot Chart Detail,21800556,511,1713,Vince Carter,1610612737,Atlanta Hawks,3,0,31,Missed Shot,Jump Shot,3PT Field Goal,Above the Break 3,Left Side Center(LC),24+ ft.,26,-177,202,1,0,20190102,WAS,ATL,21800556511,21290,0,1713|202391|203458|1627761|1627772,0,REG,2019,1626155,-6.0,PF,Low Activity,-0.31,MISS Carter 27' 3PT Jump Shot,PF,Movement Shooter,-1.47
Shot Chart Detail,21800572,159,1713,Vince Carter,1610612737,Atlanta Hawks,1,1,17,Missed Shot,Jump Shot,3PT Field Goal,Above the Break 3,Left Side Center(LC),24+ ft.,26,-240,102,1,0,20190104,MIL,ATL,21800572159,6430,0,1713|203473|1627772|1628989|1629027,0,REG,2019,1628391,-24.0,PF,Helper,0.34,MISS Carter 26' 3PT Jump Shot,PF,Movement Shooter,-1.47
Shot Chart Detail,21800572,474,1713,Vince Carter,1610612737,Atlanta Hawks,3,7,4,Made Shot,Jump Shot,3PT Field Goal,Above the Break 3,Right Side Center(RC),24+ ft.,27,90,261,1,1,20190104,MIL,ATL,21800572474,17360,0,1713|203458|1627761|1628989|1629027,1,REG,2019,203507,-26.0,PF,Helper,3.11,Carter 28' 3PT Jump Shot (3 PTS) (Young 9 AST),PF,Movement Shooter,-1.47
Shot Chart Detail,21800572,500,1713,Vince Carter,1610612737,Atlanta Hawks,3,5,18,Made Shot,Jump Shot,3PT Field Goal,Right Corner 3,Right Side(R),24+ ft.,24,240,40,1,1,20190104,MIL,ATL,21800572500,18420,0,1713|202391|203458|1627772|1628989,1,REG,2019,203507,-30.0,PF,Helper,3.11,Carter 24' 3PT Jump Shot (6 PTS) (Lin 1 AST),PF,Movement Shooter,-1.47
Shot Chart Detail,21800587,119,1713,Vince Carter,1610612737,Atlanta Hawks,1,4,6,Missed Shot,Pullup Jump shot,3PT Field Goal,Above the Break 3,Left Side Center(LC),24+ ft.,25,-101,239,1,0,20190106,ATL,MIA,21800587119,4740,0,1713|202391|203458|1627772|1628989,0,REG,2019,201949,8.0,PF,Wing Stopper,0.24,MISS Carter 26' 3PT Pullup Jump Shot,PF,Movement Shooter,-1.47
Shot Chart Detail,21800587,135,1713,Vince Carter,1610612737,Atlanta Hawks,1,3,29,Missed Shot,Jump Shot,3PT Field Goal,Above the Break 3,Center(C),24+ ft.,26,-62,259,1,0,20190106,ATL,MIA,21800587135,5110,0,1713|202391|203458|1627772|1628989,0,REG,2019,1628389,8.0,C,Anchor Big,2.6,MISS Carter 27' 3PT Jump Shot,PF,Movement Shooter,-1.47
Shot Chart Detail,21800587,301,1713,Vince Carter,1610612737,Atlanta Hawks,2,4,4,Made Shot,Driving Layup Shot,2PT Field Goal,In The Paint (Non-RA),Center(C),Less Than 8 ft.,7,-61,49,1,1,20190106,ATL,MIA,21800587301,11960,0,1713|202391|203458|1627772|1628416,1,REG,2019,202355|201949,0.0,,,,,PF,Movement Shooter,-1.47
Shot Chart Detail,21800587,317,1713,Vince Carter,1610612737,Atlanta Hawks,2,3,7,Made Shot,Jump Shot,3PT Field Goal,Above the Break 3,Center(C),24+ ft.,26,-36,265,1,1,20190106,ATL,MIA,21800587317,12530,0,1713|202391|1628381|1628416|1629027,1,REG,2019,201949,1.0,PF,Wing Stopper,0.24,Carter 27' 3PT Jump Shot (5 PTS) (Dorsey 1 AST),PF,Movement Shooter,-1.47
Shot Chart Detail,21800587,522,1713,Vince Carter,1610612737,Atlanta Hawks,3,1,20,Missed Shot,Jump Shot,3PT Field Goal,Above the Break 3,Center(C),24+ ft.,25,50,247,1,0,20190106,ATL,MIA,21800587522,20800,0,1713|202391|203458|1627772|1628989,0,REG,2019,1627884,21.0,SF,Wing Stopper,0.32,MISS Carter 25' 3PT Jump Shot,PF,Movement Shooter,-1.47
Shot Chart Detail,21800587,580,1713,Vince Carter,1610612737,Atlanta Hawks,4,9,10,Made Shot,Jump Shot,3PT Field Goal,Above the Break 3,Center(C),24+ ft.,25,9,257,1,1,20190106,ATL,MIA,21800587580,23300,0,1713|203473|1627761|1627772|1629027,1,REG,2019,1627884,22.0,SF,Wing Stopper,0.32,Carter 26' 3PT Jump Shot (8 PTS) (Dedmon 1 AST),PF,Movement Shooter,-1.47
Shot Chart Detail,21800602,94,1713,Vince Carter,1610612737,Atlanta Hawks,1,4,5,Made Shot,Running Jump Shot,3PT Field Goal,Above the Break 3,Left Side Center(LC),24+ ft.,24,-82,235,1,1,20190108,TOR,ATL,2180060294,4750,0,1713|202391|203458|1626147|1627772,1,REG,2019,201586,4.0,C,Anchor Big,0.3,Carter 25' 3PT Running Jump Shot (3 PTS) (Bembry 3 AST),PF,Movement Shooter,-1.47
Shot Chart Detail,21800602,316,1713,Vince Carter,1610612737,Atlanta Hawks,2,2,26,Missed Shot,Fadeaway Jump Shot,2PT Field Goal,Mid-Range,Left Side(L),8-16 ft.,9,-89,35,1,0,20190108,TOR,ATL,21800602316,12940,0,1713|202391|203458|1626147|1627772,0,REG,2019,1627783,-2.0,PF,Wing Stopper,0.93,MISS Carter 10' Fadeaway Jumper,PF,Movement Shooter,-1.47
Shot Chart Detail,21800602,494,1713,Vince Carter,1610612737,Atlanta Hawks,3,3,36,Made Shot,Jump Shot,3PT Field Goal,Right Corner 3,Right Side(R),24+ ft.,22,227,4,1,1,20190108,TOR,ATL,21800602494,19440,0,1713|203458|1626147|1627761|1629027,1,REG,2019,202695,-2.0,SF,Wing Stopper,0.55,Carter 3PT Jump Shot (6 PTS) (Young 4 AST),PF,Movement Shooter,-1.47
Shot Chart Detail,21800602,498,1713,Vince Carter,1610612737,Atlanta Hawks,3,2,59,Missed Shot,Jump Shot,3PT Field Goal,Right Corner 3,Right Side(R),24+ ft.,22,228,0,1,0,20190108,TOR,ATL,21800602498,19810,0,1713|203458|1626147|1627761|1629027,0,REG,2019,1628384,-2.0,SF,Helper,0.16,MISS Carter 3PT Jump Shot,PF,Movement Shooter,-1.47
Shot Chart Detail,21800602,524,1713,Vince Carter,1610612737,Atlanta Hawks,3,1,19,Missed Shot,Jump Shot,3PT Field Goal,Above the Break 3,Center(C),24+ ft.,26,58,254,1,0,20190108,TOR,ATL,21800602524,20810,0,1713|203458|1626147|1627761|1629027,0,REG,2019,,,,,,,PF,Movement Shooter,-1.47
Shot Chart Detail,21800602,702,1713,Vince Carter,1610612737,Atlanta Hawks,4,0,0,Missed Shot,Jump Bank Shot,3PT Field Goal,Backcourt,Back Court(BC),Back Court Shot,51,-169,485,1,0,20190108,TOR,ATL,21800602702,28800,0,1713,0,REG,2019,,,,,,,PF,Movement Shooter,-1.47
Shot Chart Detail,21800609,128,1713,Vince Carter,1610612737,Atlanta Hawks,1,4,41,Missed Shot,Jump Shot,3PT Field Goal,Above the Break 3,Left Side Center(LC),24+ ft.,25,-136,213,1,0,20190109,BKN,ATL,21800609128,4390,0,1713|202391|203458|1627772|1628989,0,REG,2019,201960,9.0,PF,Helper,-0.29,MISS Carter 25' 3PT Jump Shot,PF,Movement Shooter,-1.47
Shot Chart Detail,21800609,575,1713,Vince Carter,1610612737,Atlanta Hawks,3,1,10,Missed Shot,Jump Shot,3PT Field Goal,Above the Break 3,Center(C),24+ ft.,25,-1,256,1,0,20190109,BKN,ATL,21800609575,20900,0,1713|203458|1627761|1627772|1629027,0,REG,2019,1626203,-0.0,SG,Wing Stopper,0.34,MISS Carter 26' 3PT Jump Shot,PF,Movement Shooter,-1.47
Shot Chart Detail,21800609,678,1713,Vince Carter,1610612737,Atlanta Hawks,4,7,23,Missed Shot,Floating Jump shot,2PT Field Goal,Mid-Range,Left Side(L),8-16 ft.,8,-88,10,1,0,20190109,BKN,ATL,21800609678,24370,0,1713|203458|1627761|1628416|1629027,0,REG,2019,1626203,-15.0,SG,Wing Stopper,0.34,MISS Carter 9' Floating Jump Shot,PF,Movement Shooter,-1.47
Shot Chart Detail,21800609,686,1713,Vince Carter,1610612737,Atlanta Hawks,4,6,46,Made Shot,Jump Shot,3PT Field Goal,Right Corner 3,Right Side(R),24+ ft.,23,230,63,1,1,20190109,BKN,ATL,21800609686,24740,0,1713|203458|1627761|1628416|1629027,1,REG,2019,1626156,-14.0,PG,Point of Attack,-0.63,Carter 24' 3PT Jump Shot (3 PTS) (Young 6 AST),PF,Movement Shooter,-1.47
Shot Chart Detail,21800621,151,1713,Vince Carter,1610612737,Atlanta Hawks,1,1,23,Missed Shot,Jump Shot,3PT Field Goal,Above the Break 3,Right Side Center(RC),24+ ft.,27,106,249,1,0,20190111,PHI,ATL,21800621151,6370,0,1713|202391|203458|1626147|1627761,0,REG,2019,1628413|204456,3.0,,,,,PF,Movement Shooter,-1.47
Shot Chart Detail,21800621,329,1713,Vince Carter,1610612737,Atlanta Hawks,2,0,28,Missed Shot,Turnaround Fadeaway shot,2PT Field Goal,Mid-Range,Left Side(L),8-16 ft.,13,-116,74,1,0,20190111,PHI,ATL,21800621329,14120,0,1713|202391|203458|1627761|1628989,0,REG,2019,202710,-1.0,SF-SG,Wing Stopper,-0.08,MISS Carter 14' Turnaround Fadeaway Shot,PF,Movement Shooter,-1.47
Shot Chart Detail,21800640,93,1713,Vince Carter,1610612737,Atlanta Hawks,1,5,4,Missed Shot,Jump Shot,3PT Field Goal,Above the Break 3,Center(C),24+ ft.,26,34,264,1,0,20190113,ATL,MIL,2180064093,4160,0,1713|202391|203458|1628989|1629027,0,REG,2019,201588,-1.0,PG,Point of Attack,0.15,MISS Carter 27' 3PT Jump Shot,PF,Movement Shooter,-1.47
Shot Chart Detail,21800640,347,1713,Vince Carter,1610612737,Atlanta Hawks,2,2,9,Missed Shot,Jump Shot,3PT Field Goal,Right Corner 3,Right Side(R),24+ ft.,22,225,19,1,0,20190113,ATL,MIL,21800640347,13110,0,1713|1627761|1628381|1628989|1629027,0,REG,2019,203507,-7.0,PF,Helper,3.11,MISS Carter 3PT Jump Shot,PF,Movement Shooter,-1.47
Shot Chart Detail,21800640,573,1713,Vince Carter,1610612737,Atlanta Hawks,3,0,43,Missed Shot,Jump Shot,3PT Field Goal,Above the Break 3,Center(C),24+ ft.,25,-49,248,1,0,20190113,ATL,MIL,21800640573,21170,0,1713|1627761|1628989|1629016|1629027,0,REG,2019,203507,-13.0,PF,Helper,3.11,MISS Carter 25' 3PT Jump Shot,PF,Movement Shooter,-1.47
Shot Chart Detail,21800640,599,1713,Vince Carter,1610612737,Atlanta Hawks,4,11,31,Made Shot,Jump Shot,3PT Field Goal,Above the Break 3,Center(C),24+ ft.,24,-11,247,1,1,20190113,ATL,MIL,21800640599,21890,0,1713|202391|203458|1627761|1629027,0,REG,2019,203507,-8.0,PF,Helper,3.11,Carter 25' 3PT Jump Shot (3 PTS),PF,Movement Shooter,-1.47
Shot Chart Detail,21800653,62,1713,Vince Carter,1610612737,Atlanta Hawks,1,7,38,Missed Shot,Jump Shot,3PT Field Goal,Right Corner 3,Right Side(R),24+ ft.,24,228,81,1,0,20190115,ATL,OKC,2180065362,2620,0,1713|203458|1627761|1628989|1629121,0,REG,2019,203924,-1.0,PF,Helper,1.46,MISS Carter 24' 3PT Jump Shot,PF,Movement Shooter,-1.47
Shot Chart Detail,21800653,231,1713,Vince Carter,1610612737,Atlanta Hawks,2,7,54,Made Shot,Jump Shot,3PT Field Goal,Above the Break 3,Center(C),24+ ft.,26,-35,259,1,1,20190115,ATL,OKC,21800653231,9660,0,1713|1627752|1628989|1629016|1629027,1,REG,2019,202335,7.0,PF,Helper,-1.21,Carter 26' 3PT Jump Shot (3 PTS) (Prince 1 AST),PF,Movement Shooter,-1.47
Shot Chart Detail,21800653,452,1713,Vince Carter,1610612737,Atlanta Hawks,3,4,5,Missed Shot,Jump Shot,3PT Field Goal,Above the Break 3,Left Side Center(LC),24+ ft.,25,-176,183,1,0,20190115,ATL,OKC,21800653452,19150,0,1713|203458|1627752|1627772|1629121,0,REG,2019,203924,4.0,PF,Helper,1.46,MISS Carter 25' 3PT Jump Shot,PF,Movement Shooter,-1.47
Shot Chart Detail,21800653,464,1713,Vince Carter,1610612737,Atlanta Hawks,3,3,25,Made Shot,Jump Shot,3PT Field Goal,Above the Break 3,Left Side Center(LC),24+ ft.,25,-86,235,1,1,20190115,ATL,OKC,21800653464,19550,0,1713|203458|1627752|1627761|1629121,1,REG,2019,203500,3.0,C,Mobile Big,0.98,Carter 25' 3PT Jump Shot (6 PTS) (Len 3 AST),PF,Movement Shooter,-1.47
Shot Chart Detail,21800653,478,1713,Vince Carter,1610612737,Atlanta Hawks,3,1,49,Made Shot,Pullup Jump shot,3PT Field Goal,Above the Break 3,Left Side Center(LC),24+ ft.,25,-210,138,1,1,20190115,ATL,OKC,21800653478,20510,0,1713|203458|1627752|1627761|1629121,1,REG,2019,202331,-1.0,SF,Wing Stopper,1.42,Carter 25' 3PT Pullup Jump Shot (9 PTS) (Bembry 4 AST),PF,Movement Shooter,-1.47
Shot Chart Detail,21800653,494,1713,Vince Carter,1610612737,Atlanta Hawks,3,0,13,Made Shot,Driving Layup Shot,2PT Field Goal,Restricted Area,Center(C),Less Than 8 ft.,0,-5,8,1,1,20190115,ATL,OKC,21800653494,21470,0,1713|203458|1627752|1627761|1629121,0,REG,2019,203471,-1.0,PG,Point of Attack,-1.32,Carter 1' Driving Layup (11 PTS),PF,Movement Shooter,-1.47
Shot Chart Detail,21800653,503,1713,Vince Carter,1610612737,Atlanta Hawks,3,0,0,Missed Shot,Jump Shot,3PT Field Goal,Above the Break 3,Right Side Center(RC),24+ ft.,26,117,236,1,0,20190115,ATL,OKC,21800653503,21600,0,1627761|1628381|1628989|1629016|1629027,0,REG,2019,203500,-3.0,C,Mobile Big,0.98,MISS Carter 26' 3PT Jump Shot,PF,Movement Shooter,-1.47
Shot Chart Detail,21800683,521,1713,Vince Carter,1610612737,Atlanta Hawks,4,11,38,Made Shot,Driving Layup Shot,2PT Field Goal,Restricted Area,Center(C),Less Than 8 ft.,1,-7,11,1,1,20190119,ATL,BOS,21800683521,21820,0,1713|203473|1627761|1628989|1629027,0,REG,2019,203382|1628400,8.0,,,,,PF,Movement Shooter,-1.47
Shot Chart Detail,21800683,554,1713,Vince Carter,1610612737,Atlanta Hawks,4,10,17,Made Shot,Tip Layup Shot,2PT Field Goal,Restricted Area,Center(C),Less Than 8 ft.,3,-39,8,1,1,20190119,ATL,BOS,21800683554,22630,0,1713|203473|1627761|1628989|1629027,0,REG,2019,1628369,5.0,SF,Chaser,1.3,Carter 4' Tip Layup Shot (4 PTS),PF,Movement Shooter,-1.47
Shot Chart Detail,21800695,520,1713,Vince Carter,1610612737,Atlanta Hawks,4,11,39,Missed Shot,Tip Layup Shot,2PT Field Goal,Restricted Area,Center(C),Less Than 8 ft.,0,0,-6,1,0,20190121,ATL,ORL,21800695520,21810,0,1713|203473|1627761|1628416|1629027,0,REG,2019,203082,-13.0,SG,Low Activity,-0.5,MISS Carter 1' Tip Layup Shot,PF,Movement Shooter,-1.47
Shot Chart Detail,21800695,533,1713,Vince Carter,1610612737,Atlanta Hawks,4,10,47,Missed Shot,Jump Shot,3PT Field Goal,Above the Break 3,Center(C),24+ ft.,26,1,260,1,0,20190121,ATL,ORL,21800695533,22330,0,1713|203473|1627761|1628416|1629027,0,REG,2019,1626185,-11.0,PF,Anchor Big,0.64,MISS Carter 26' 3PT Jump Shot,PF,Movement Shooter,-1.47
Shot Chart Detail,21800734,163,1713,Vince Carter,1610612737,Atlanta Hawks,1,0,26,Missed Shot,Jump Shot,3PT Field Goal,Right Corner 3,Right Side(R),24+ ft.,23,228,48,1,0,20190126,POR,ATL,21800734163,6940,0,1713|202391|1627752|1628416|1629027,0,REG,2019,1628380,-9.0,C,Anchor Big,0.48,MISS Carter 3PT Jump Shot,PF,Movement Shooter,-1.47
Shot Chart Detail,21800734,179,1713,Vince Carter,1610612737,Atlanta Hawks,2,11,50,Made Shot,Jump Shot,3PT Field Goal,Above the Break 3,Right Side Center(RC),24+ ft.,24,143,204,1,1,20190126,POR,ATL,21800734179,7300,0,1713|1627752|1628381|1628989|1629027,1,REG,2019,1627774,-7.0,SF,Low Activity,0.19,Carter 25' 3PT Jump Shot (3 PTS) (Huerter 1 AST),PF,Movement Shooter,-1.47
Shot Chart Detail,21800734,550,1713,Vince Carter,1610612737,Atlanta Hawks,4,10,10,Missed Shot,Pullup Jump shot,3PT Field Goal,Above the Break 3,Right Side Center(RC),24+ ft.,25,222,117,1,0,20190126,POR,ATL,21800734550,22700,0,1713|1627752|1628381|1628989|1629027,0,REG,2019,203086,-7.0,C,Anchor Big,0.33,MISS Carter 25' 3PT Pullup Jump Shot,PF,Movement Shooter,-1.47
Shot Chart Detail,21800734,586,1713,Vince Carter,1610612737,Atlanta Hawks,4,7,18,Made Shot,Jump Shot,3PT Field Goal,Above the Break 3,Center(C),24+ ft.,26,-35,265,1,1,20190126,POR,ATL,21800734586,24420,0,1713|1627752|1628381|1628989|1629027,1,REG,2019,203552,-1.0,SG,Point of Attack,-0.55,Carter 27' 3PT Jump Shot (6 PTS) (Young 6 AST),PF,Movement Shooter,-1.47
Shot Chart Detail,21800734,605,1713,Vince Carter,1610612737,Atlanta Hawks,4,6,44,Missed Shot,Driving Floating Jump Shot,2PT Field Goal,Mid-Range,Left Side Center(LC),16-24 ft.,18,-93,163,1,0,20190126,POR,ATL,21800734605,24760,0,1713|202391|203473|1627752|1627761,0,REG,2019,203552,-1.0,SG,Point of Attack,-0.55,Curry BLOCK (1 BLK),PF,Movement Shooter,-1.47
Shot Chart Detail,21800748,436,1713,Vince Carter,1610612737,Atlanta Hawks,3,7,7,Missed Shot,Jump Shot,3PT Field Goal,Above the Break 3,Right Side Center(RC),24+ ft.,26,103,243,1,0,20190128,LAC,ATL,21800748436,17330,0,1713|202391|203473|1627752|1628989,0,REG,2019,201976,-0.0,PG,Point of Attack,0.86,MISS Carter 26' 3PT Jump Shot,PF,Movement Shooter,-1.47
Shot Chart Detail,21800748,467,1713,Vince Carter,1610612737,Atlanta Hawks,3,4,30,Made Shot,Jump Shot,2PT Field Goal,Mid-Range,Left Side(L),16-24 ft.,20,-200,-7,1,1,20190128,LAC,ATL,21800748467,18900,0,1713|202391|203458|1627752|1628989,1,REG,2019,202699,4.0,PF,Wing Stopper,-0.58,Carter 20' Jump Shot (2 PTS) (Lin 3 AST),PF,Movement Shooter,-1.47
Shot Chart Detail,21800748,520,1713,Vince Carter,1610612737,Atlanta Hawks,3,0,55,Made Shot,Jump Shot,3PT Field Goal,Above the Break 3,Right Side Center(RC),24+ ft.,29,115,271,1,1,20190128,LAC,ATL,21800748520,21050,0,1713|203458|1627752|1627761|1629027,1,REG,2019,1626149,10.0,C,Anchor Big,-0.17,Carter 29' 3PT Jump Shot (5 PTS) (Young 6 AST),PF,Movement Shooter,-1.47
Shot Chart Detail,21800762,195,1713,Vince Carter,1610612737,Atlanta Hawks,2,9,1,Missed Shot,Jump Shot,3PT Field Goal,Above the Break 3,Center(C),24+ ft.,26,-27,262,1,0,20190130,SAC,ATL,21800762195,8990,0,1713|1627752|1628381|1628989|1629027,0,REG,2019,1628385,-6.0,PF,Anchor Big,-0.37,MISS Carter 26' 3PT Jump Shot,PF,Movement Shooter,-1.47
Shot Chart Detail,21800773,161,1713,Vince Carter,1610612737,Atlanta Hawks,1,0,43,Missed Shot,Jump Shot,3PT Field Goal,Above the Break 3,Left Side Center(LC),24+ ft.,25,-199,166,1,0,20190201,UTA,ATL,21800773161,6770,0,1713|203145|203458|1627752|1629027,0,REG,2019,203109,-0.0,SF,Helper,0.0,MISS Carter 26' 3PT Jump Shot,PF,Movement Shooter,-1.47
Shot Chart Detail,21800791,443,1713,Vince Carter,1610612737,Atlanta Hawks,3,5,46,Made Shot,Jump Shot,2PT Field Goal,Mid-Range,Left Side(L),16-24 ft.,19,-190,0,1,1,20190204,WAS,ATL,21800791443,18140,0,1713|203473|1627752|1628989|1629027,1,REG,2019,2772,14.0,SF,Wing Stopper,-0.72,Carter 19' Jump Shot (2 PTS) (Young 7 AST),PF,Movement Shooter,-1.47
Shot Chart Detail,21800791,470,1713,Vince Carter,1610612737,Atlanta Hawks,3,4,38,Made Shot,Jump Shot,3PT Field Goal,Left Corner 3,Left Side(L),24+ ft.,23,-235,41,1,1,20190204,WAS,ATL,21800791470,18820,0,1713|203458|1627752|1627761|1629027,1,REG,2019,203895,17.0,SG,Low Activity,-0.48,Carter 24' 3PT Jump Shot (5 PTS) (Young 8 AST),PF,Movement Shooter,-1.47
Shot Chart Detail,21800791,474,1713,Vince Carter,1610612737,Atlanta Hawks,3,4,7,Made Shot,Jump Shot,3PT Field Goal,Above the Break 3,Left Side Center(LC),24+ ft.,26,-191,186,1,1,20190204,WAS,ATL,21800791474,19130,0,1713|203458|1627752|1627761|1629027,1,REG,2019,203895,18.0,SG,Low Activity,-0.48,Carter 27' 3PT Jump Shot (8 PTS) (Len 1 AST),PF,Movement Shooter,-1.47
Shot Chart Detail,21800791,480,1713,Vince Carter,1610612737,Atlanta Hawks,3,3,36,Missed Shot,Jump Shot,3PT Field Goal,Above the Break 3,Left Side Center(LC),24+ ft.,28,-169,230,1,0,20190204,WAS,ATL,21800791480,19440,0,1713|203458|1627752|1627761|1629027,0,REG,2019,203895,18.0,SG,Low Activity,-0.48,MISS Carter 29' 3PT Jump Shot,PF,Movement Shooter,-1.47
Shot Chart Detail,21800791,496,1713,Vince Carter,1610612737,Atlanta Hawks,3,2,29,Made Shot,Jump Shot,3PT Field Goal,Above the Break 3,Left Side Center(LC),24+ ft.,26,-149,217,1,1,20190204,WAS,ATL,21800791496,20110,0,1713|202391|203145|203458|1627761,1,REG,2019,203107,16.0,PG,Point of Attack,-0.03,Carter 26' 3PT Jump Shot (11 PTS) (Bembry 1 AST),PF,Movement Shooter,-1.47
Shot Chart Detail,21800791,559,1713,Vince Carter,1610612737,Atlanta Hawks,4,9,56,Made Shot,Driving Layup Shot,2PT Field Goal,Restricted Area,Center(C),Less Than 8 ft.,1,-6,15,1,1,20190204,WAS,ATL,21800791559,22840,0,1713|202391|203145|1627761|1629016,0,REG,2019,203895,11.0,SG,Low Activity,-0.48,Carter 2' Driving Layup (13 PTS),PF,Movement Shooter,-1.47
Shot Chart Detail,21800791,660,1713,Vince Carter,1610612737,Atlanta Hawks,4,2,30,Made Shot,Jump Shot,3PT Field Goal,Right Corner 3,Right Side(R),24+ ft.,23,227,42,1,1,20190204,WAS,ATL,21800791660,27300,0,1713|1627752|1628989|1629016|1629027,1,REG,2019,2772,9.0,SF,Wing Stopper,-0.72,Carter 3PT Jump Shot (16 PTS) (Young 10 AST),PF,Movement Shooter,-1.47
Shot Chart Detail,21800791,666,1713,Vince Carter,1610612737,Atlanta Hawks,4,1,53,Missed Shot,Jump Shot,3PT Field Goal,Above the Break 3,Right Side Center(RC),24+ ft.,25,212,149,1,0,20190204,WAS,ATL,21800791666,27670,0,1713|1627752|1628989|1629016|1629027,0,REG,2019,2772,9.0,SF,Wing Stopper,-0.72,MISS Carter 26' 3PT Jump Shot,PF,Movement Shooter,-1.47
Shot Chart Detail,21800813,105,1713,Vince Carter,1610612737,Atlanta Hawks,1,3,2,Made Shot,Jump Shot,3PT Field Goal,Above the Break 3,Center(C),24+ ft.,24,-24,248,1,1,20190207,ATL,TOR,21800813105,5380,0,1713|202391|203145|1627761|1629016,1,REG,2019,,,,,,,PF,Movement Shooter,-1.47
Shot Chart Detail,21800813,118,1713,Vince Carter,1610612737,Atlanta Hawks,1,2,33,Made Shot,Jump Shot,3PT Field Goal,Above the Break 3,Center(C),24+ ft.,24,26,248,1,1,20190207,ATL,TOR,21800813118,5670,0,1713|202391|203145|1627761|1629016,1,REG,2019,1628384,14.0,SF,Helper,0.16,Carter 25' 3PT Jump Shot (6 PTS) (Bazemore 1 AST),PF,Movement Shooter,-1.47
Shot Chart Detail,21800813,446,1713,Vince Carter,1610612737,Atlanta Hawks,3,3,55,Missed Shot,Jump Shot,3PT Field Goal,Above the Break 3,Left Side Center(LC),24+ ft.,24,-122,218,1,0,20190207,ATL,TOR,21800813446,19250,0,1713|202391|1627752|1627761|1629016,0,REG,2019,1628384,1.0,SF,Helper,0.16,MISS Carter 25' 3PT Jump Shot,PF,Movement Shooter,-1.47
Shot Chart Detail,21800813,537,1713,Vince Carter,1610612737,Atlanta Hawks,4,10,56,Made Shot,Driving Dunk Shot,2PT Field Goal,Restricted Area,Center(C),Less Than 8 ft.,0,-6,1,1,1,20190207,ATL,TOR,21800813537,22240,0,1713|202391|203145|1627752|1628381,0,REG,2019,1627775,,SG,Chaser,0.14,Carter 1' Driving Dunk (9 PTS),PF,Movement Shooter,-1.47
Shot Chart Detail,21800813,556,1713,Vince Carter,1610612737,Atlanta Hawks,4,9,36,Missed Shot,Layup Shot,2PT Field Goal,In The Paint (Non-RA),Center(C),8-16 ft.,8,-24,78,1,0,20190207,ATL,TOR,21800813556,23040,0,1713|1627752|1628381|1628989|1629027,0,REG,2019,1627832,-8.0,PG,Point of Attack,0.05,MISS Carter 8' Layup,PF,Movement Shooter,-1.47
Shot Chart Detail,21800813,585,1713,Vince Carter,1610612737,Atlanta Hawks,4,6,41,Missed Shot,Jump Shot,3PT Field Goal,Above the Break 3,Right Side Center(RC),24+ ft.,24,169,183,1,0,20190207,ATL,TOR,21800813585,24790,0,1713|1627752|1628381|1628989|1629027,0,REG,2019,1628384,-11.0,SF,Helper,0.16,MISS Carter 25' 3PT Jump Shot,PF,Movement Shooter,-1.47
Shot Chart Detail,21800827,188,1713,Vince Carter,1610612737,Atlanta Hawks,2,10,10,Made Shot,Cutting Layup Shot,2PT Field Goal,Restricted Area,Center(C),Less Than 8 ft.,1,4,11,1,1,20190209,ATL,CHA,21800827188,8300,0,1713|202391|203145|203458|1627761,1,REG,2019,101107,-10.0,PF,Helper,0.6,Carter 1' Cutting Layup Shot (2 PTS) (Bazemore 1 AST),PF,Movement Shooter,-1.47
Shot Chart Detail,21800827,223,1713,Vince Carter,1610612737,Atlanta Hawks,2,7,44,Missed Shot,Turnaround Jump Shot,2PT Field Goal,Mid-Range,Left Side(L),8-16 ft.,12,-114,41,1,0,20190209,ATL,CHA,21800827223,9760,0,1713|202391|203145|203458|1628989,0,REG,2019,1628370,-14.0,SG,Low Activity,-1.1,MISS Carter 12' Turnaround Jump Shot,PF,Movement Shooter,-1.47
Shot Chart Detail,21800827,450,1713,Vince Carter,1610612737,Atlanta Hawks,3,2,4,Made Shot,Pullup Jump shot,2PT Field Goal,Mid-Range,Center(C),8-16 ft.,15,-3,157,1,1,20190209,ATL,CHA,21800827450,20360,0,1713|202391|203145|1627761|1629016,0,REG,2019,203469,-15.0,C,Anchor Big,0.94,Carter 16' Pullup Jump Shot (4 PTS),PF,Movement Shooter,-1.47
Shot Chart Detail,21800848,130,1713,Vince Carter,1610612737,Atlanta Hawks,1,2,26,Made Shot,Jump Shot,3PT Field Goal,Above the Break 3,Left Side Center(LC),24+ ft.,24,-188,159,1,1,20190212,ATL,LAL,21800848130,5740,0,1713|203458|1627761|1629016|1629027,1,REG,2019,202362,4.0,SG,Low Activity,-1.22,Carter 25' 3PT Jump Shot (3 PTS) (Young 6 AST),PF,Movement Shooter,-1.47
Shot Chart Detail,21800848,143,1713,Vince Carter,1610612737,Atlanta Hawks,1,1,16,Made Shot,Jump Shot,3PT Field Goal,Above the Break 3,Right Side Center(RC),24+ ft.,25,166,189,1,1,20190212,ATL,LAL,21800848143,6440,0,1713|203145|203458|1627761|1629016,1,REG,2019,203484,10.0,SG,Chaser,-1.12,Carter 25' 3PT Jump Shot (6 PTS) (Bazemore 2 AST),PF,Movement Shooter,-1.47
Shot Chart Detail,21800848,176,1713,Vince Carter,1610612737,Atlanta Hawks,2,11,5,Made Shot,Driving Floating Jump Shot,2PT Field Goal,Mid-Range,Right Side(R),8-16 ft.,10,100,4,1,1,20190212,ATL,LAL,21800848176,7750,0,1713|203145|203473|1627761|1629016,0,REG,2019,1627742|1629021,9.0,,,,,PF,Movement Shooter,-1.47
Shot Chart Detail,21800848,558,1713,Vince Carter,1610612737,Atlanta Hawks,3,0,2,Missed Shot,Jump Shot,3PT Field Goal,Right Corner 3,Right Side(R),24+ ft.,23,235,17,1,0,20190212,ATL,LAL,21800848558,21580,0,1713|203145|1627761|1628381|1629027,0,REG,2019,2544,5.0,SF,Helper,0.56,MISS Carter 24' 3PT Jump Shot,PF,Movement Shooter,-1.47
Shot Chart Detail,21800865,160,1713,Vince Carter,1610612737,Atlanta Hawks,1,1,51,Made Shot,Driving Floating Jump Shot,2PT Field Goal,In The Paint (Non-RA),Center(C),8-16 ft.,10,-24,102,1,1,20190214,ATL,NYK,21800865160,6090,0,1713|203145|203458|1627761|1629016,1,REG,2019,203098,-11.0,SG,Low Activity,-1.64,Carter 10' Driving Floating Jump Shot (2 PTS) (Len 1 AST),PF,Movement Shooter,-1.47
Shot Chart Detail,21800865,526,1713,Vince Carter,1610612737,Atlanta Hawks,3,1,30,Made Shot,Turnaround Jump Shot,2PT Field Goal,Restricted Area,Center(C),Less Than 8 ft.,3,3,38,1,1,20190214,ATL,NYK,21800865526,20700,0,1713|203145|1627761|1629016|1629027,1,REG,2019,1628443,-6.0,PG,Point of Attack,-0.48,Carter 4' Turnaround Jump Shot (4 PTS) (Young 7 AST),PF,Movement Shooter,-1.47
Shot Chart Detail,21800877,186,1713,Vince Carter,1610612737,Atlanta Hawks,2,9,38,Missed Shot,Jump Shot,3PT Field Goal,Above the Break 3,Right Side Center(RC),24+ ft.,25,178,180,1,0,20190222,ATL,DET,21800877186,8620,0,1713|1627761|1628381|1629016|1629027,0,REG,2019,1628379,4.0,SG,Low Activity,-1.03,MISS Carter 25' 3PT Jump Shot,PF,Movement Shooter,-1.47
Shot Chart Detail,21800877,214,1713,Vince Carter,1610612737,Atlanta Hawks,2,7,11,Made Shot,Step Back Jump shot,2PT Field Goal,Mid-Range,Left Side(L),16-24 ft.,21,-204,71,1,1,20190222,ATL,DET,21800877214,10090,0,1713|203145|203473|1628381|1629027,0,REG,2019,1628379,7.0,SG,Low Activity,-1.03,Carter 22' Step Back Jump Shot (4 PTS),PF,Movement Shooter,-1.47
Shot Chart Detail,21800877,475,1713,Vince Carter,1610612737,Atlanta Hawks,3,2,0,Made Shot,Jump Shot,3PT Field Goal,Above the Break 3,Right Side Center(RC),24+ ft.,25,147,205,1,1,20190222,ATL,DET,21800877475,20400,0,1713|203458|1627761|1629016|1629121,1,REG,2019,1628379,-5.0,SG,Low Activity,-1.03,Carter 25' 3PT Jump Shot (7 PTS) (Bembry 2 AST),PF,Movement Shooter,-1.47
Shot Chart Detail,21800877,481,1713,Vince Carter,1610612737,Atlanta Hawks,3,1,15,Made Shot,Driving Layup Shot,2PT Field Goal,Restricted Area,Center(C),Less Than 8 ft.,0,1,6,1,1,20190222,ATL,DET,21800877481,20850,0,1713|203458|1627761|1629016|1629121,1,REG,2019,1627748,-5.0,C-PF,Anchor Big,0.43,Carter 1' Driving Layup (9 PTS) (Adams 4 AST),PF,Movement Shooter,-1.47
Shot Chart Detail,21800877,502,1713,Vince Carter,1610612737,Atlanta Hawks,3,0,2,Made Shot,Jump Shot,3PT Field Goal,Above the Break 3,Center(C),24+ ft.,28,-24,285,1,1,20190222,ATL,DET,21800877502,21580,0,1713|1627761|1629016|1629027|1629121,1,REG,2019,1628379,-5.0,SG,Low Activity,-1.03,Carter 29' 3PT Jump Shot (13 PTS) (Young 7 AST),PF,Movement Shooter,-1.47
Shot Chart Detail,21800877,528,1713,Vince Carter,1610612737,Atlanta Hawks,4,10,10,Missed Shot,Jump Shot,3PT Field Goal,Above the Break 3,Right Side Center(RC),24+ ft.,25,168,190,1,0,20190222,ATL,DET,21800877528,22700,0,1713|203458|1627761|1629016|1629027,0,REG,2019,202704,-2.0,PG,Point of Attack,-0.82,MISS Carter 25' 3PT Jump Shot,PF,Movement Shooter,-1.47
Shot Chart Detail,21800877,535,1713,Vince Carter,1610612737,Atlanta Hawks,4,9,13,Made Shot,Jump Shot,3PT Field Goal,Above the Break 3,Left Side Center(LC),24+ ft.,24,-212,124,1,1,20190222,ATL,DET,21800877535,23270,0,1713|203458|1627761|1629016|1629027,1,REG,2019,1627748,1.0,C-PF,Anchor Big,0.43,Carter 25' 3PT Jump Shot (16 PTS) (Young 8 AST),PF,Movement Shooter,-1.47
Shot Chart Detail,21800877,663,1713,Vince Carter,1610612737,Atlanta Hawks,4,0,5,Missed Shot,Jump Shot,3PT Field Goal,Above the Break 3,Left Side Center(LC),24+ ft.,25,-182,173,1,0,20190222,ATL,DET,21800877663,28750,0,1713|203473|1627752|1628381|1629027,0,REG,2019,201961,-3.0,SG,Chaser,-0.08,MISS Carter 25' 3PT Jump Shot,PF,Movement Shooter,-1.47
Shot Chart Detail,21800883,265,1713,Vince Carter,1610612737,Atlanta Hawks,2,5,14,Missed Shot,Jump Shot,3PT Field Goal,Above the Break 3,Left Side Center(LC),24+ ft.,24,-224,90,1,0,20190223,ATL,PHX,21800883265,11260,0,1713|203473|1627752|1628381|1629121,0,REG,2019,1626162,-2.0,SF,Chaser,-0.36,MISS Carter 24' 3PT Jump Shot,PF,Movement Shooter,-1.47
Shot Chart Detail,21800883,277,1713,Vince Carter,1610612737,Atlanta Hawks,2,4,17,Missed Shot,Driving Layup Shot,2PT Field Goal,Restricted Area,Center(C),Less Than 8 ft.,1,3,12,1,0,20190223,ATL,PHX,21800883277,11830,0,1713|203473|1627752|1628381|1629121,0,REG,2019,1629028|1626164,-5.0,,,,,PF,Movement Shooter,-1.47
Shot Chart Detail,21800903,98,1713,Vince Carter,1610612737,Atlanta Hawks,1,4,29,Missed Shot,Turnaround Jump Shot,2PT Field Goal,In The Paint (Non-RA),Left Side(L),8-16 ft.,9,-59,73,1,0,20190225,HOU,ATL,2180090398,4510,0,1713|203473|1627761|1629016|1629121,0,REG,2019,203085,-8.0,SG,Point of Attack,-1.08,MISS Carter 9' Turnaround Jump Shot,PF,Movement Shooter,-1.47
Shot Chart Detail,21800903,129,1713,Vince Carter,1610612737,Atlanta Hawks,1,2,13,Made Shot,Turnaround Jump Shot,2PT Field Goal,In The Paint (Non-RA),Center(C),8-16 ft.,9,6,94,1,1,20190225,HOU,ATL,21800903129,5870,0,1713|203458|1627761|1629016|1629121,0,REG,2019,101108,-6.0,PG,Chaser,1.08,Carter 9' Turnaround Jump Shot (2 PTS),PF,Movement Shooter,-1.47
Shot Chart Detail,21800903,137,1713,Vince Carter,1610612737,Atlanta Hawks,1,1,27,Missed Shot,Jump Shot,3PT Field Goal,Above the Break 3,Left Side Center(LC),24+ ft.,25,-210,141,1,0,20190225,HOU,ATL,21800903137,6330,0,1713|203458|1627761|1629016|1629121,0,REG,2019,201569,-8.0,SG,Chaser,-1.07,MISS Carter 25' 3PT Jump Shot,PF,Movement Shooter,-1.47
Shot Chart Detail,21800903,147,1713,Vince Carter,1610612737,Atlanta Hawks,1,0,24,Made Shot,Jump Shot,3PT Field Goal,Above the Break 3,Left Side Center(LC),24+ ft.,25,-218,130,1,1,20190225,HOU,ATL,21800903147,6960,0,1713|203458|1627761|1629016|1629121,1,REG,2019,,,,,,,PF,Movement Shooter,-1.47
Shot Chart Detail,21800903,309,1713,Vince Carter,1610612737,Atlanta Hawks,2,1,4,Missed Shot,Jump Shot,3PT Field Goal,Above the Break 3,Center(C),24+ ft.,26,-60,263,1,0,20190225,HOU,ATL,21800903309,13760,0,1713|203458|1627761|1629016|1629027,0,REG,2019,203991,-2.0,C,Mobile Big,0.71,MISS Carter 27' 3PT Jump Shot,PF,Movement Shooter,-1.47
Shot Chart Detail,21800903,433,1713,Vince Carter,1610612737,Atlanta Hawks,3,5,33,Made Shot,Jump Shot,3PT Field Goal,Above the Break 3,Right Side Center(RC),24+ ft.,25,163,199,1,1,20190225,HOU,ATL,21800903433,18270,0,1713|1627761|1628381|1629016|1629027,1,REG,2019,201935,-1.0,PG,Helper,-0.95,Carter 26' 3PT Jump Shot (8 PTS) (Spellman 2 AST),PF,Movement Shooter,-1.47
Shot Chart Detail,21800903,456,1713,Vince Carter,1610612737,Atlanta Hawks,3,4,30,Missed Shot,Fadeaway Jump Shot,2PT Field Goal,Mid-Range,Right Side(R),8-16 ft.,14,116,92,1,0,20190225,HOU,ATL,21800903456,18900,0,1713|203458|1627761|1629016|1629121,0,REG,2019,101123,-4.0,SG,Low Activity,-2.3,MISS Carter 15' Fadeaway Jumper,PF,Movement Shooter,-1.47
Shot Chart Detail,21800912,206,1713,Vince Carter,1610612737,Atlanta Hawks,2,9,9,Made Shot,Jump Shot,3PT Field Goal,Above the Break 3,Center(C),24+ ft.,25,25,257,1,1,20190227,ATL,MIN,21800912206,8910,0,1713|203473|1627752|1628989|1629027,1,REG,2019,201229,-2.0,PF,Low Activity,-0.44,Carter 26' 3PT Jump Shot (3 PTS) (Young 3 AST),PF,Movement Shooter,-1.47
Shot Chart Detail,21800912,338,1713,Vince Carter,1610612737,Atlanta Hawks,2,1,32,Made Shot,Jump Shot,3PT Field Goal,Above the Break 3,Left Side Center(LC),24+ ft.,24,-225,88,1,1,20190227,ATL,MIN,21800912338,13480,0,1713|203145|1627761|1628381|1629027,1,REG,2019,203967,-4.0,PF,Helper,-0.63,Carter 24' 3PT Jump Shot (6 PTS) (Young 5 AST),PF,Movement Shooter,-1.47
Shot Chart Detail,21800912,473,1713,Vince Carter,1610612737,Atlanta Hawks,3,4,44,Made Shot,Driving Layup Shot,2PT Field Goal,Restricted Area,Center(C),Less Than 8 ft.,2,-13,24,1,1,20190227,ATL,MIN,21800912473,18760,0,1713|203145|1627761|1629016|1629027,1,REG,2019,201229,-9.0,PF,Low Activity,-0.44,Carter 3' Driving Layup (8 PTS) (Young 7 AST),PF,Movement Shooter,-1.47
Shot Chart Detail,21800912,480,1713,Vince Carter,1610612737,Atlanta Hawks,3,4,13,Missed Shot,Jump Shot,3PT Field Goal,Left Corner 3,Left Side(L),24+ ft.,22,-223,-7,1,0,20190227,ATL,MIN,21800912480,19070,0,1713|203145|1627761|1629016|1629027,0,REG,2019,201229,-8.0,PF,Low Activity,-0.44,MISS Carter 3PT Jump Shot,PF,Movement Shooter,-1.47
Shot Chart Detail,21800912,506,1713,Vince Carter,1610612737,Atlanta Hawks,3,2,11,Made Shot,Driving Dunk Shot,2PT Field Goal,Restricted Area,Center(C),Less Than 8 ft.,0,2,4,1,1,20190227,ATL,MIN,21800912506,20290,0,1713|203145|1627761|1629016|1629121,1,REG,2019,1626157,,C,Anchor Big,0.23,Carter Driving Dunk (11 PTS) (Spellman 3 AST),PF,Movement Shooter,-1.47
Shot Chart Detail,21800912,521,1713,Vince Carter,1610612737,Atlanta Hawks,3,1,25,Missed Shot,Pullup Jump shot,3PT Field Goal,Above the Break 3,Center(C),24+ ft.,25,44,253,1,0,20190227,ATL,MIN,21800912521,20750,0,1713|203145|1627761|1629016|1629121,0,REG,2019,201229,-11.0,PF,Low Activity,-0.44,MISS Carter 26' 3PT Pullup Jump Shot,PF,Movement Shooter,-1.47
Shot Chart Detail,21800912,587,1713,Vince Carter,1610612737,Atlanta Hawks,4,9,38,Made Shot,Driving Layup Shot,2PT Field Goal,Restricted Area,Center(C),Less Than 8 ft.,1,-2,13,1,1,20190227,ATL,MIN,21800912587,23020,0,1713|1627761|1628381|1628989|1629027,0,REG,2019,201959,-8.0,PF,Mobile Big,0.03,Carter 1' Driving Layup (13 PTS),PF,Movement Shooter,-1.47
Shot Chart Detail,21800912,758,1713,Vince Carter,1610612737,Atlanta Hawks,5,3,56,Made Shot,Jump Shot,3PT Field Goal,Above the Break 3,Left Side Center(LC),24+ ft.,24,-134,203,1,1,20190227,ATL,MIN,21800912758,29440,1,1713|1627761|1628381|1628989|1629027,1,REG,2019,203952,3.0,SF,Wing Stopper,-1.56,Carter 24' 3PT Jump Shot (16 PTS) (Huerter 3 AST),PF,Movement Shooter,-1.47
Shot Chart Detail,21800928,85,1713,Vince Carter,1610612737,Atlanta Hawks,1,4,26,Missed Shot,Pullup Jump shot,3PT Field Goal,Above the Break 3,Center(C),24+ ft.,24,65,241,1,0,20190301,ATL,CHI,2180092885,4540,0,1713|203145|203458|1627752|1629027,0,REG,2019,1628374|201577,-5.0,,,,,PF,Movement Shooter,-1.47
Shot Chart Detail,21800928,98,1713,Vince Carter,1610612737,Atlanta Hawks,1,4,7,Made Shot,Pullup Jump shot,3PT Field Goal,Above the Break 3,Center(C),24+ ft.,25,67,245,1,1,20190301,ATL,CHI,2180092898,4730,0,1713|203145|203458|1627761|1629121,0,REG,2019,1627782,-3.0,SG,Helper,-0.96,Carter 25' 3PT Pullup Jump Shot (3 PTS),PF,Movement Shooter,-1.47
Shot Chart Detail,21800928,101,1713,Vince Carter,1610612737,Atlanta Hawks,1,3,42,Missed Shot,Jump Shot,3PT Field Goal,Above the Break 3,Center(C),24+ ft.,27,-2,274,1,0,20190301,ATL,CHI,21800928101,4980,0,1713|203145|203458|1627761|1629121,0,REG,2019,1627782,-3.0,SG,Helper,-0.96,MISS Carter 27' 3PT Jump Shot,PF,Movement Shooter,-1.47
Shot Chart Detail,21800928,107,1713,Vince Carter,1610612737,Atlanta Hawks,1,3,24,Made Shot,Fadeaway Jump Shot,2PT Field Goal,Mid-Range,Right Side(R),8-16 ft.,9,90,30,1,1,20190301,ATL,CHI,21800928107,5160,0,1713|203145|203458|1627761|1629121,0,REG,2019,1627782,,SG,Helper,-0.96,Carter 9' Fadeaway Jumper (5 PTS),PF,Movement Shooter,-1.47
Shot Chart Detail,21800928,278,1713,Vince Carter,1610612737,Atlanta Hawks,2,4,16,Missed Shot,Turnaround Fadeaway shot,2PT Field Goal,In The Paint (Non-RA),Center(C),Less Than 8 ft.,6,-58,34,1,0,20190301,ATL,CHI,21800928278,11840,0,1713|203145|203458|1627752|1629027,0,REG,2019,203897,4.0,SG,Chaser,-1.23,MISS Carter 7' Turnaround Fadeaway Shot,PF,Movement Shooter,-1.47
Shot Chart Detail,21800928,417,1713,Vince Carter,1610612737,Atlanta Hawks,3,6,51,Made Shot,Pullup Jump shot,3PT Field Goal,Above the Break 3,Right Side Center(RC),24+ ft.,24,131,211,1,1,20190301,ATL,CHI,21800928417,17490,0,1713|203145|203473|1628989|1629027,0,REG,2019,201577,1.0,C,Anchor Big,-0.97,Carter 25' 3PT Pullup Jump Shot (8 PTS),PF,Movement Shooter,-1.47
Shot Chart Detail,21800928,551,1713,Vince Carter,1610612737,Atlanta Hawks,4,9,15,Made Shot,Driving Dunk Shot,2PT Field Goal,Restricted Area,Center(C),Less Than 8 ft.,0,2,7,1,1,20190301,ATL,CHI,21800928551,23250,0,1713|203473|1627752|1628989|1629027,1,REG,2019,1628374,,PF,Helper,-0.58,Carter 1' Driving Dunk (10 PTS) (Young 8 AST),PF,Movement Shooter,-1.47
Shot Chart Detail,21800928,645,1713,Vince Carter,1610612737,Atlanta Hawks,4,1,57,Missed Shot,Jump Shot,3PT Field Goal,Above the Break 3,Right Side Center(RC),24+ ft.,25,81,239,1,0,20190301,ATL,CHI,21800928645,27630,0,1713|203473|1627752|1627761|1629027,0,REG,2019,203897,1.0,SG,Chaser,-1.23,MISS Carter 25' 3PT Jump Shot,PF,Movement Shooter,-1.47
Shot Chart Detail,21800928,800,1713,Vince Carter,1610612737,Atlanta Hawks,6,1,44,Missed Shot,Pullup Jump shot,2PT Field Goal,Mid-Range,Center(C),8-16 ft.,15,-71,143,1,0,20190301,ATL,CHI,21800928800,33760,2,1713|203458|1627752|1627761|1629027,0,REG,2019,1627782,3.0,SG,Helper,-0.96,MISS Carter 16' Pullup Jump Shot,PF,Movement Shooter,-1.47
Shot Chart Detail,21800928,818,1713,Vince Carter,1610612737,Atlanta Hawks,6,0,10,Missed Shot,Jump Shot,3PT Field Goal,Above the Break 3,Left Side Center(LC),24+ ft.,26,-172,200,1,0,20190301,ATL,CHI,21800928818,34700,2,1713|203145|1627752|1627761|1629027,0,REG,2019,203490,0.0,SF,Helper,1.59,MISS Carter 26' 3PT Jump Shot,PF,Movement Shooter,-1.47
Shot Chart Detail,21800928,841,1713,Vince Carter,1610612737,Atlanta Hawks,7,4,43,Missed Shot,Jump Shot,3PT Field Goal,Above the Break 3,Center(C),24+ ft.,25,13,254,1,0,20190301,ATL,CHI,21800928841,34970,3,1713|203145|203458|1627761|1629027,0,REG,2019,203897,0.0,SG,Chaser,-1.23,MISS Carter 25' 3PT Jump Shot,PF,Movement Shooter,-1.47
Shot Chart Detail,21800928,886,1713,Vince Carter,1610612737,Atlanta Hawks,7,1,40,Made Shot,Jump Shot,3PT Field Goal,Above the Break 3,Left Side Center(LC),24+ ft.,26,-147,215,1,1,20190301,ATL,CHI,21800928886,36800,3,1713|203145|203458|1627761|1629027,1,REG,2019,203897,3.0,SG,Chaser,-1.23,Carter 26' 3PT Jump Shot (13 PTS) (Young 16 AST),PF,Movement Shooter,-1.47
Shot Chart Detail,21800928,896,1713,Vince Carter,1610612737,Atlanta Hawks,7,0,53,Missed Shot,Jump Shot,3PT Field Goal,Above the Break 3,Left Side Center(LC),24+ ft.,24,-206,137,1,0,20190301,ATL,CHI,21800928896,37270,3,1713|203145|203458|1627761|1629027,0,REG,2019,1627885,0.0,SG,Point of Attack,0.51,MISS Carter 25' 3PT Jump Shot,PF,Movement Shooter,-1.47
Shot Chart Detail,21800928,982,1713,Vince Carter,1610612737,Atlanta Hawks,8,1,1,Missed Shot,Jump Shot,3PT Field Goal,Above the Break 3,Left Side Center(LC),24+ ft.,28,-153,239,1,0,20190301,ATL,CHI,21800928982,40190,4,1713|203145|203458|1627761|1629027,0,REG,2019,201577,-3.0,C,Anchor Big,-0.97,MISS Carter 28' 3PT Jump Shot,PF,Movement Shooter,-1.47
Shot Chart Detail,21800946,197,1713,Vince Carter,1610612737,Atlanta Hawks,2,8,43,Missed Shot,Jump Shot,3PT Field Goal,Above the Break 3,Right Side Center(RC),24+ ft.,25,176,186,1,0,20190303,CHI,ATL,21800946197,9170,0,1713|203145|203458|1628989|1629027,0,REG,2019,1628469,3.0,SG,Low Activity,-1.83,MISS Carter 26' 3PT Jump Shot,PF,Movement Shooter,-1.47
Shot Chart Detail,21800946,236,1713,Vince Carter,1610612737,Atlanta Hawks,2,6,35,Made Shot,Jump Shot,3PT Field Goal,Left Corner 3,Left Side(L),24+ ft.,24,-228,81,1,1,20190303,CHI,ATL,21800946236,10450,0,1713|203145|203458|1629027|1629168,1,REG,2019,1628374,6.0,PF,Helper,-0.58,Carter 24' 3PT Jump Shot (3 PTS) (Young 2 AST),PF,Movement Shooter,-1.47
Shot Chart Detail,21800946,254,1713,Vince Carter,1610612737,Atlanta Hawks,2,4,33,Missed Shot,Jump Shot,3PT Field Goal,Above the Break 3,Center(C),24+ ft.,26,2,260,1,0,20190303,CHI,ATL,21800946254,11670,0,1713|203145|203458|1629027|1629168,0,REG,2019,1628374,7.0,PF,Helper,-0.58,MISS Carter 26' 3PT Jump Shot,PF,Movement Shooter,-1.47
Shot Chart Detail,21800946,431,1713,Vince Carter,1610612737,Atlanta Hawks,3,4,21,Missed Shot,Jump Shot,2PT Field Goal,Mid-Range,Right Side(R),16-24 ft.,19,183,57,1,0,20190303,CHI,ATL,21800946431,18990,0,1713|203145|1627761|1627816|1629121,0,REG,2019,1627885,8.0,SG,Point of Attack,0.51,MISS Carter 19' Jump Shot,PF,Movement Shooter,-1.47
Shot Chart Detail,21800946,459,1713,Vince Carter,1610612737,Atlanta Hawks,3,2,10,Missed Shot,Layup Shot,2PT Field Goal,Restricted Area,Center(C),Less Than 8 ft.,3,-3,38,1,0,20190303,CHI,ATL,21800946459,20300,0,1713|1627761|1627816|1629121|1629168,0,REG,2019,1627885,8.0,SG,Point of Attack,0.51,MISS Carter 4' Layup,PF,Movement Shooter,-1.47
Shot Chart Detail,21800953,119,1713,Vince Carter,1610612737,Atlanta Hawks,1,3,5,Missed Shot,Jump Shot,3PT Field Goal,Above the Break 3,Right Side Center(RC),24+ ft.,24,189,163,1,0,20190304,MIA,ATL,21800953119,5350,0,1713|1627761|1627816|1629027|1629168,0,REG,2019,203079,-4.0,SG,Chaser,-0.65,MISS Carter 25' 3PT Jump Shot,PF,Movement Shooter,-1.47
Shot Chart Detail,21800953,144,1713,Vince Carter,1610612737,Atlanta Hawks,1,1,21,Missed Shot,Jump Shot,2PT Field Goal,In The Paint (Non-RA),Center(C),8-16 ft.,11,-55,100,1,0,20190304,MIA,ATL,21800953144,6390,0,1713|1627761|1627816|1629121|1629168,0,REG,2019,,,,,,,PF,Movement Shooter,-1.47
Shot Chart Detail,21800953,162,1713,Vince Carter,1610612737,Atlanta Hawks,1,0,5,Made Shot,Jump Shot,3PT Field Goal,Above the Break 3,Center(C),24+ ft.,24,43,244,1,1,20190304,MIA,ATL,21800953162,7150,0,1713|203458|1627761|1629121|1629168,1,REG,2019,1627884,-1.0,SF,Wing Stopper,0.32,Carter 25' 3PT Jump Shot (3 PTS) (Adams 1 AST),PF,Movement Shooter,-1.47
Shot Chart Detail,21800953,170,1713,Vince Carter,1610612737,Atlanta Hawks,2,11,50,Made Shot,Pullup Jump shot,3PT Field Goal,Above the Break 3,Right Side Center(RC),24+ ft.,24,166,179,1,1,20190304,MIA,ATL,21800953170,7300,0,1713|203458|1628989|1629121|1629168,1,REG,2019,1627884,2.0,SF,Wing Stopper,0.32,Carter 24' 3PT Pullup Jump Shot (6 PTS) (Adams 2 AST),PF,Movement Shooter,-1.47
Shot Chart Detail,21800953,199,1713,Vince Carter,1610612737,Atlanta Hawks,2,10,14,Made Shot,Jump Shot,3PT Field Goal,Above the Break 3,Left Side Center(LC),24+ ft.,26,-149,222,1,1,20190304,MIA,ATL,21800953199,8260,0,1713|203458|1628989|1629121|1629168,1,REG,2019,,,,,,,PF,Movement Shooter,-1.47
Shot Chart Detail,21800953,236,1713,Vince Carter,1610612737,Atlanta Hawks,2,7,35,Missed Shot,Jump Shot,3PT Field Goal,Above the Break 3,Left Side Center(LC),24+ ft.,29,-134,259,1,0,20190304,MIA,ATL,21800953236,9850,0,1713|203145|203473|1626147|1629121,0,REG,2019,1626159,-3.0,SF,Wing Stopper,1.1,MISS Carter 29' 3PT Jump Shot,PF,Movement Shooter,-1.47
Shot Chart Detail,21800953,250,1713,Vince Carter,1610612737,Atlanta Hawks,2,6,4,Made Shot,Jump Shot,3PT Field Goal,Right Corner 3,Right Side(R),24+ ft.,23,227,48,1,1,20190304,MIA,ATL,21800953250,10760,0,1713|203145|203473|1626147|1629121,1,REG,2019,,,,,,,PF,Movement Shooter,-1.47
Shot Chart Detail,21800953,276,1713,Vince Carter,1610612737,Atlanta Hawks,2,3,59,Missed Shot,Jump Shot,3PT Field Goal,Above the Break 3,Left Side Center(LC),24+ ft.,26,-126,236,1,0,20190304,MIA,ATL,21800953276,12010,0,1713|203145|203473|1626147|1629027,0,REG,2019,203482,-6.0,PF,Helper,1.03,MISS Carter 27' 3PT Jump Shot,PF,Movement Shooter,-1.47
Shot Chart Detail,21800953,459,1713,Vince Carter,1610612737,Atlanta Hawks,3,5,43,Missed Shot,Fadeaway Jump Shot,2PT Field Goal,Mid-Range,Right Side(R),8-16 ft.,10,90,61,1,0,20190304,MIA,ATL,21800953459,18170,0,1713|1627761|1627816|1629121|1629168,0,REG,2019,1628389,-1.0,C,Anchor Big,2.6,MISS Carter 11' Fadeaway Jumper,PF,Movement Shooter,-1.47
Shot Chart Detail,21800953,506,1713,Vince Carter,1610612737,Atlanta Hawks,3,2,20,Missed Shot,Driving Layup Shot,2PT Field Goal,Restricted Area,Center(C),Less Than 8 ft.,1,12,15,1,0,20190304,MIA,ATL,21800953506,20200,0,1713|1627761|1627816|1628989|1629121,0,REG,2019,1626159,3.0,SF,Wing Stopper,1.1,MISS Carter 2' Driving Layup,PF,Movement Shooter,-1.47
Shot Chart Detail,21800953,512,1713,Vince Carter,1610612737,Atlanta Hawks,3,1,38,Made Shot,Jump Shot,3PT Field Goal,Above the Break 3,Right Side Center(RC),24+ ft.,25,221,126,1,1,20190304,MIA,ATL,21800953512,20620,0,1713|1627761|1627816|1628989|1629121,1,REG,2019,1626159,4.0,SF,Wing Stopper,1.1,Carter 25' 3PT Jump Shot (15 PTS) (Bembry 2 AST),PF,Movement Shooter,-1.47
Shot Chart Detail,21800953,539,1713,Vince Carter,1610612737,Atlanta Hawks,4,11,26,Missed Shot,Jump Shot,3PT Field Goal,Left Corner 3,Left Side(L),24+ ft.,23,-233,37,1,0,20190304,MIA,ATL,21800953539,21940,0,1713|203145|203473|1628989|1629027,0,REG,2019,1627884,-2.0,SF,Wing Stopper,0.32,MISS Carter 24' 3PT Jump Shot,PF,Movement Shooter,-1.47
Shot Chart Detail,21800953,651,1713,Vince Carter,1610612737,Atlanta Hawks,4,3,9,Made Shot,Jump Shot,3PT Field Goal,Right Corner 3,Right Side(R),24+ ft.,23,229,63,1,1,20190304,MIA,ATL,21800953651,26910,0,1713|203145|1627761|1627816|1629121,1,REG,2019,1626159,-7.0,SF,Wing Stopper,1.1,Carter 24' 3PT Jump Shot (18 PTS) (Bazemore 3 AST),PF,Movement Shooter,-1.47
Shot Chart Detail,21800953,662,1713,Vince Carter,1610612737,Atlanta Hawks,4,2,35,Made Shot,Jump Shot,3PT Field Goal,Right Corner 3,Right Side(R),24+ ft.,24,241,58,1,1,20190304,MIA,ATL,21800953662,27250,0,1713|1627761|1627816|1628989|1629027,1,REG,2019,2548,-6.0,SG,Low Activity,-1.77,Carter 25' 3PT Jump Shot (21 PTS) (Young 8 AST),PF,Movement Shooter,-1.47
Shot Chart Detail,21800968,144,1713,Vince Carter,1610612737,Atlanta Hawks,1,1,2,Made Shot,Pullup Jump shot,3PT Field Goal,Above the Break 3,Right Side Center(RC),24+ ft.,25,85,237,1,1,20190306,ATL,SAS,21800968144,6580,0,1713|203145|1627761|1627816|1629121,0,REG,2019,201158,-7.0,SG,Low Activity,-1.18,Carter 25' 3PT Pullup Jump Shot (3 PTS),PF,Movement Shooter,-1.47
Shot Chart Detail,21800968,305,1713,Vince Carter,1610612737,Atlanta Hawks,2,2,7,Made Shot,Jump Shot,3PT Field Goal,Above the Break 3,Right Side Center(RC),24+ ft.,25,141,213,1,1,20190306,ATL,SAS,21800968305,13130,0,1713|203145|203458|1627752|1629121,0,REG,2019,201942,-2.0,SG,Chaser,0.55,Carter 26' 3PT Jump Shot (6 PTS),PF,Movement Shooter,-1.47
Shot Chart Detail,21800968,317,1713,Vince Carter,1610612737,Atlanta Hawks,2,0,32,Missed Shot,Jump Shot,3PT Field Goal,Above the Break 3,Center(C),24+ ft.,28,-74,278,1,0,20190306,ATL,SAS,21800968317,14080,0,1713|203145|203458|1627752|1629121,0,REG,2019,200752,1.0,PF,Wing Stopper,0.72,MISS Carter 29' 3PT Jump Shot,PF,Movement Shooter,-1.47
Shot Chart Detail,21800968,499,1713,Vince Carter,1610612737,Atlanta Hawks,3,0,25,Missed Shot,Step Back Jump shot,2PT Field Goal,Mid-Range,Right Side(R),16-24 ft.,20,207,33,1,0,20190306,ATL,SAS,21800968499,21350,0,1713|203145|1627761|1627816|1629121,0,REG,2019,200752,-1.0,PF,Wing Stopper,0.72,MISS Carter 21' Step Back Jump Shot,PF,Movement Shooter,-1.47
Shot Chart Detail,21800968,592,1713,Vince Carter,1610612737,Atlanta Hawks,4,6,2,Missed Shot,Layup Shot,2PT Field Goal,In The Paint (Non-RA),Center(C),Less Than 8 ft.,5,27,48,1,0,20190306,ATL,SAS,21800968592,25180,0,1713|203145|203458|1628989|1629027,0,REG,2019,1628401,-4.0,PG,Point of Attack,1.44,MISS Carter 6' Layup,PF,Movement Shooter,-1.47
Shot Chart Detail,21800968,605,1713,Vince Carter,1610612737,Atlanta Hawks,4,5,43,Made Shot,Running Jump Shot,3PT Field Goal,Above the Break 3,Right Side Center(RC),24+ ft.,25,96,232,1,1,20190306,ATL,SAS,21800968605,25370,0,1713|203145|203458|1628989|1629027,1,REG,2019,1628401,-2.0,PG,Point of Attack,1.44,Carter 25' 3PT Running Jump Shot (10 PTS) (Huerter 5 AST),PF,Movement Shooter,-1.47
Shot Chart Detail,21800987,98,1713,Vince Carter,1610612737,Atlanta Hawks,1,4,15,Made Shot,Cutting Dunk Shot,2PT Field Goal,Restricted Area,Center(C),Less Than 8 ft.,1,2,10,1,1,20190309,ATL,BKN,2180098798,4650,0,1713|1627752|1628381|1628989|1629027,1,REG,2019,201960,4.0,PF,Helper,-0.29,Carter 1' Cutting Dunk Shot (2 PTS) (Young 4 AST),PF,Movement Shooter,-1.47
Shot Chart Detail,21800987,202,1713,Vince Carter,1610612737,Atlanta Hawks,2,8,58,Missed Shot,Jump Shot,3PT Field Goal,Above the Break 3,Center(C),24+ ft.,26,-51,261,1,0,20190309,ATL,BKN,21800987202,9020,0,1713|203145|1628381|1628989|1629027,0,REG,2019,201960,-5.0,PF,Helper,-0.29,MISS Carter 27' 3PT Jump Shot,PF,Movement Shooter,-1.47
Shot Chart Detail,21800987,296,1713,Vince Carter,1610612737,Atlanta Hawks,2,4,8,Missed Shot,Pullup Jump shot,2PT Field Goal,Mid-Range,Center(C),16-24 ft.,19,11,195,1,0,20190309,ATL,BKN,21800987296,11920,0,1713|203458|1627752|1629027|1629168,0,REG,2019,1628386,-4.0,C,Anchor Big,1.01,MISS Carter 20' Pullup Jump Shot,PF,Movement Shooter,-1.47
Shot Chart Detail,21800987,311,1713,Vince Carter,1610612737,Atlanta Hawks,2,3,38,Made Shot,Jump Shot,2PT Field Goal,In The Paint (Non-RA),Center(C),8-16 ft.,12,18,119,1,1,20190309,ATL,BKN,21800987311,12220,0,1713|1627752|1628381|1629121|1629168,1,REG,2019,1628386,-3.0,C,Anchor Big,1.01,Carter 12' Jump Shot (6 PTS) (Adams 1 AST),PF,Movement Shooter,-1.47
Shot Chart Detail,21800987,347,1713,Vince Carter,1610612737,Atlanta Hawks,2,1,35,Missed Shot,Jump Shot,3PT Field Goal,Above the Break 3,Left Side Center(LC),24+ ft.,25,-171,184,1,0,20190309,ATL,BKN,21800987347,13450,0,1713|1627761|1628381|1629121|1629168,0,REG,2019,1629066,-8.0,SF,Helper,0.08,MISS Carter 25' 3PT Jump Shot,PF,Movement Shooter,-1.47
Shot Chart Detail,21800987,457,1713,Vince Carter,1610612737,Atlanta Hawks,3,7,25,Missed Shot,Jump Shot,3PT Field Goal,Above the Break 3,Right Side Center(RC),24+ ft.,24,190,162,1,0,20190309,ATL,BKN,21800987457,17150,0,1713|1627752|1628381|1628989|1629027,0,REG,2019,203459,-10.0,SG,Chaser,-0.44,MISS Carter 25' 3PT Jump Shot,PF,Movement Shooter,-1.47
Shot Chart Detail,21800987,504,1713,Vince Carter,1610612737,Atlanta Hawks,3,5,40,Made Shot,Driving Layup Shot,2PT Field Goal,Restricted Area,Center(C),Less Than 8 ft.,1,2,13,1,1,20190309,ATL,BKN,21800987504,18200,0,1713|203092|203145|1627761|1629121,1,REG,2019,202334,0.0,C,Anchor Big,2.1,Carter 1' Driving Layup (8 PTS) (Adams 3 AST),PF,Movement Shooter,-1.47
Shot Chart Detail,21800987,508,1713,Vince Carter,1610612737,Atlanta Hawks,3,5,5,Missed Shot,Pullup Jump shot,2PT Field Goal,Mid-Range,Right Side(R),8-16 ft.,9,93,29,1,0,20190309,ATL,BKN,21800987508,18550,0,1713|203092|203145|1627761|1629121,0,REG,2019,202334,0.0,C,Anchor Big,2.1,MISS Carter 10' Pullup Jump Shot,PF,Movement Shooter,-1.47
Shot Chart Detail,21800987,549,1713,Vince Carter,1610612737,Atlanta Hawks,3,1,52,Missed Shot,Jump Shot,3PT Field Goal,Above the Break 3,Center(C),24+ ft.,26,-68,251,1,0,20190309,ATL,BKN,21800987549,20480,0,1713|203092|203145|1627761|1629121,0,REG,2019,201960,-1.0,PF,Helper,-0.29,MISS Carter 26' 3PT Jump Shot,PF,Movement Shooter,-1.47
Shot Chart Detail,21800987,555,1713,Vince Carter,1610612737,Atlanta Hawks,3,1,20,Missed Shot,Jump Shot,3PT Field Goal,Above the Break 3,Center(C),24+ ft.,25,48,253,1,0,20190309,ATL,BKN,21800987555,20800,0,1713|203092|203145|1627761|1629121,0,REG,2019,201960,-3.0,PF,Helper,-0.29,MISS Carter 26' 3PT Jump Shot,PF,Movement Shooter,-1.47
Shot Chart Detail,21800987,661,1713,Vince Carter,1610612737,Atlanta Hawks,4,7,58,Missed Shot,Driving Layup Shot,2PT Field Goal,Restricted Area,Center(C),Less Than 8 ft.,1,3,10,1,0,20190309,ATL,BKN,21800987661,24020,0,1713|203458|1627752|1628989|1629027,0,REG,2019,1629066,-5.0,SF,Helper,0.08,MISS Carter 1' Driving Layup,PF,Movement Shooter,-1.47
Shot Chart Detail,21800987,720,1713,Vince Carter,1610612737,Atlanta Hawks,4,4,43,Made Shot,Driving Layup Shot,2PT Field Goal,Restricted Area,Center(C),Less Than 8 ft.,1,5,11,1,1,20190309,ATL,BKN,21800987720,25970,0,1713|203145|1627752|1628381|1629027,1,REG,2019,1629066,3.0,SF,Helper,0.08,Carter 1' Driving Layup (10 PTS) (Young 8 AST),PF,Movement Shooter,-1.47
Shot Chart Detail,21800987,822,1713,Vince Carter,1610612737,Atlanta Hawks,4,0,1,Missed Shot,Jump Shot,3PT Field Goal,Above the Break 3,Left Side Center(LC),24+ ft.,28,-153,243,1,0,20190309,ATL,BKN,21800987822,28790,0,1713|1627752|1628381|1628989|1629027,0,REG,2019,1629066,-2.0,SF,Helper,0.08,MISS Carter 29' 3PT Jump Shot,PF,Movement Shooter,-1.47
Shot Chart Detail,21800995,323,1713,Vince Carter,1610612737,Atlanta Hawks,2,1,44,Missed Shot,Jump Shot,3PT Field Goal,Above the Break 3,Right Side Center(RC),24+ ft.,25,161,202,1,0,20190310,ATL,NOP,21800995323,13360,0,1713|203145|203458|1628989|1629027,0,REG,2019,203076,-3.0,C,Anchor Big,2.35,MISS Carter 26' 3PT Jump Shot,PF,Movement Shooter,-1.47
Shot Chart Detail,21801016,143,1713,Vince Carter,1610612737,Atlanta Hawks,1,2,32,Made Shot,Fadeaway Jump Shot,2PT Field Goal,Mid-Range,Right Side(R),8-16 ft.,14,140,13,1,1,20190313,ATL,MEM,21801016143,5680,0,1713|203145|203458|1627761|1629121,0,REG,2019,201149,,C,Anchor Big,1.81,Carter 14' Fadeaway Jumper (2 PTS),PF,Movement Shooter,-1.47
Shot Chart Detail,21801016,159,1713,Vince Carter,1610612737,Atlanta Hawks,1,0,20,Missed Shot,Jump Shot,3PT Field Goal,Above the Break 3,Center(C),24+ ft.,25,6,252,1,0,20190313,ATL,MEM,21801016159,7000,0,1713|203145|203458|1627761|1629121,0,REG,2019,,,,,,,PF,Movement Shooter,-1.47
Shot Chart Detail,21801016,310,1713,Vince Carter,1610612737,Atlanta Hawks,2,3,28,Made Shot,Jump Shot,3PT Field Goal,Above the Break 3,Left Side Center(LC),24+ ft.,25,-202,152,1,1,20190313,ATL,MEM,21801016310,12320,0,1713|203145|203473|1627752|1629027,1,REG,2019,201144,10.0,PG,Point of Attack,-0.29,Carter 25' 3PT Jump Shot (5 PTS) (Prince 3 AST),PF,Movement Shooter,-1.47
Shot Chart Detail,21801016,329,1713,Vince Carter,1610612737,Atlanta Hawks,2,2,32,Missed Shot,Pullup Jump shot,2PT Field Goal,Mid-Range,Center(C),16-24 ft.,19,33,197,1,0,20190313,ATL,MEM,21801016329,12880,0,1713|203145|203458|1627752|1629027,0,REG,2019,101139,8.0,SF,Low Activity,-1.01,MISS Carter 20' Pullup Jump Shot,PF,Movement Shooter,-1.47
Shot Chart Detail,21801016,333,1713,Vince Carter,1610612737,Atlanta Hawks,2,2,2,Missed Shot,Driving Layup Shot,2PT Field Goal,Restricted Area,Center(C),Less Than 8 ft.,1,-7,12,1,0,20190313,ATL,MEM,21801016333,13180,0,1713|203145|203458|1627752|1629027,0,REG,2019,101139|201144,5.0,,,,,PF,Movement Shooter,-1.47
Shot Chart Detail,21801016,480,1713,Vince Carter,1610612737,Atlanta Hawks,3,5,14,Made Shot,Turnaround Fadeaway shot,2PT Field Goal,In The Paint (Non-RA),Center(C),8-16 ft.,11,-36,108,1,1,20190313,ATL,MEM,21801016480,18460,0,1713|203145|203458|1627761|1629121,1,REG,2019,201149,,C,Anchor Big,1.81,Carter 11' Turnaround Fadeaway (7 PTS) (Adams 3 AST),PF,Movement Shooter,-1.47
Shot Chart Detail,21801016,483,1713,Vince Carter,1610612737,Atlanta Hawks,3,4,52,Made Shot,Jump Shot,3PT Field Goal,Above the Break 3,Right Side Center(RC),24+ ft.,25,131,224,1,1,20190313,ATL,MEM,21801016483,18680,0,1713|203145|203458|1627761|1629121,1,REG,2019,201144,20.0,PG,Point of Attack,-0.29,Carter 26' 3PT Jump Shot (10 PTS) (Bembry 3 AST),PF,Movement Shooter,-1.47
Shot Chart Detail,21801016,513,1713,Vince Carter,1610612737,Atlanta Hawks,3,2,32,Missed Shot,Pullup Jump shot,3PT Field Goal,Above the Break 3,Center(C),24+ ft.,26,40,264,1,0,20190313,ATL,MEM,21801016513,20080,0,1713|203145|203458|1627761|1629121,0,REG,2019,1628416,16.0,SG,Low Activity,-1.0,MISS Carter 27' 3PT Pullup Jump Shot,PF,Movement Shooter,-1.47
Shot Chart Detail,21801034,164,1713,Vince Carter,1610612737,Atlanta Hawks,1,0,46,Missed Shot,Driving Layup Shot,2PT Field Goal,Restricted Area,Center(C),Less Than 8 ft.,3,27,14,1,0,20190316,BOS,ATL,21801034164,6740,0,1713|203145|203458|1627761|1629121,0,REG,2019,203382|202694,-4.0,,,,,PF,Movement Shooter,-1.47
Shot Chart Detail,21801034,166,1713,Vince Carter,1610612737,Atlanta Hawks,1,0,42,Missed Shot,Putback Layup Shot,2PT Field Goal,Restricted Area,Center(C),Less Than 8 ft.,1,-16,10,1,0,20190316,BOS,ATL,21801034166,6780,0,1713|203145|203458|1627761|1629121,0,REG,2019,203382,-4.0,C,Anchor Big,0.87,MISS Carter 2' Putback Layup,PF,Movement Shooter,-1.47
Shot Chart Detail,21801034,199,1713,Vince Carter,1610612737,Atlanta Hawks,2,11,43,Missed Shot,Driving Finger Roll Layup Shot,2PT Field Goal,Restricted Area,Center(C),Less Than 8 ft.,3,-29,8,1,0,20190316,BOS,ATL,21801034199,7370,0,1713|203145|1627761|1628381|1629121,0,REG,2019,201143,-7.0,C,Anchor Big,1.01,MISS Carter 3' Driving Finger Roll Layup,PF,Movement Shooter,-1.47
Shot Chart Detail,21801034,202,1713,Vince Carter,1610612737,Atlanta Hawks,2,11,23,Made Shot,Jump Shot,3PT Field Goal,Above the Break 3,Left Side Center(LC),24+ ft.,26,-114,243,1,1,20190316,BOS,ATL,21801034202,7570,0,1713|203145|1627761|1628381|1629121,1,REG,2019,203935,-6.0,SG,Wing Stopper,1.2,Carter 27' 3PT Jump Shot (3 PTS) (Bembry 1 AST),PF,Movement Shooter,-1.47
Shot Chart Detail,21801034,208,1713,Vince Carter,1610612737,Atlanta Hawks,2,10,43,Made Shot,Jump Shot,3PT Field Goal,Above the Break 3,Right Side Center(RC),24+ ft.,26,188,193,1,1,20190316,BOS,ATL,21801034208,7970,0,1713|203145|1627761|1628381|1629121,1,REG,2019,1626179,-5.0,PG,Point of Attack,0.0,Carter 27' 3PT Jump Shot (6 PTS) (Bazemore 1 AST),PF,Movement Shooter,-1.47
Shot Chart Detail,21801034,215,1713,Vince Carter,1610612737,Atlanta Hawks,2,10,1,Made Shot,Driving Dunk Shot,2PT Field Goal,Restricted Area,Center(C),Less Than 8 ft.,0,2,8,1,1,20190316,BOS,ATL,21801034215,8390,0,1713|203145|1627761|1628381|1629121,0,REG,2019,1627759,,SG,Wing Stopper,0.37,Carter 1' Driving Dunk (8 PTS),PF,Movement Shooter,-1.47
Shot Chart Detail,21801034,464,1713,Vince Carter,1610612737,Atlanta Hawks,3,4,41,Made Shot,Jump Shot,3PT Field Goal,Above the Break 3,Left Side Center(LC),24+ ft.,26,-193,184,1,1,20190316,BOS,ATL,21801034464,18790,0,1713|203145|203458|1627761|1628989,1,REG,2019,202694,-18.0,PF,Helper,-0.01,Carter 27' 3PT Jump Shot (11 PTS) (Bembry 3 AST),PF,Movement Shooter,-1.47
Shot Chart Detail,21801034,499,1713,Vince Carter,1610612737,Atlanta Hawks,3,2,1,Missed Shot,Jump Shot,3PT Field Goal,Above the Break 3,Right Side Center(RC),24+ ft.,26,112,241,1,0,20190316,BOS,ATL,21801034499,20390,0,1713|203145|203458|1627761|1629121,0,REG,2019,1627759,-22.0,SG,Wing Stopper,0.37,MISS Carter 27' 3PT Jump Shot,PF,Movement Shooter,-1.47
Shot Chart Detail,21801034,519,1713,Vince Carter,1610612737,Atlanta Hawks,3,1,26,Made Shot,Jump Shot,3PT Field Goal,Above the Break 3,Right Side Center(RC),24+ ft.,25,220,136,1,1,20190316,BOS,ATL,21801034519,20740,0,1713|203145|203458|1627761|1629121,1,REG,2019,1628400,-18.0,PF,Helper,-0.8,Carter 26' 3PT Jump Shot (14 PTS) (Bazemore 2 AST),PF,Movement Shooter,-1.47
Shot Chart Detail,21801034,533,1713,Vince Carter,1610612737,Atlanta Hawks,3,0,23,Made Shot,Turnaround Fadeaway Bank Jump Shot,2PT Field Goal,Mid-Range,Right Side(R),8-16 ft.,11,91,69,1,1,20190316,BOS,ATL,21801034533,21370,0,1713|203145|203458|1627761|1629121,1,REG,2019,1626179,-12.0,PG,Point of Attack,0.0,Carter 11' Turnaround Fadeaway Bank Jump Shot (16 PTS) (Bazemore 4 AST),PF,Movement Shooter,-1.47
Shot Chart Detail,21801034,664,1713,Vince Carter,1610612737,Atlanta Hawks,4,4,59,Missed Shot,Jump Shot,3PT Field Goal,Right Corner 3,Right Side(R),24+ ft.,23,231,-20,1,0,20190316,BOS,ATL,21801034664,25810,0,1713|203145|203473|1627752|1629027,0,REG,2019,203935,-3.0,SG,Wing Stopper,1.2,MISS Carter 3PT Jump Shot,PF,Movement Shooter,-1.47
Shot Chart Detail,21801046,117,1713,Vince Carter,1610612737,Atlanta Hawks,1,3,0,Made Shot,Fadeaway Jump Shot,2PT Field Goal,Mid-Range,Right Side(R),16-24 ft.,16,160,26,1,1,20190317,ORL,ATL,21801046117,5400,0,1713|203145|203458|1627761|1629121,0,REG,2019,202696,,C,Anchor Big,1.81,Carter 16' Fadeaway Jumper (2 PTS),PF,Movement Shooter,-1.47
Shot Chart Detail,21801046,250,1713,Vince Carter,1610612737,Atlanta Hawks,2,7,59,Missed Shot,Jump Shot,3PT Field Goal,Above the Break 3,Left Side Center(LC),24+ ft.,26,-103,243,1,0,20190317,ORL,ATL,21801046250,9610,0,1713|203458|1627752|1628989|1629027,0,REG,2019,203487,-7.0,PG,Point of Attack,0.47,MISS Carter 26' 3PT Jump Shot,PF,Movement Shooter,-1.47
Shot Chart Detail,21801046,292,1713,Vince Carter,1610612737,Atlanta Hawks,2,4,30,Missed Shot,Jump Shot,3PT Field Goal,Above the Break 3,Right Side Center(RC),24+ ft.,25,209,141,1,0,20190317,ORL,ATL,21801046292,11700,0,1713|203473|1627752|1627761|1629121,0,REG,2019,1628371,-8.0,PF,Helper,1.74,MISS Carter 25' 3PT Jump Shot,PF,Movement Shooter,-1.47
Shot Chart Detail,21801046,296,1713,Vince Carter,1610612737,Atlanta Hawks,2,3,58,Missed Shot,Driving Layup Shot,2PT Field Goal,In The Paint (Non-RA),Center(C),Less Than 8 ft.,4,27,31,1,0,20190317,ORL,ATL,21801046296,12020,0,1713|203473|1627752|1627761|1629121,0,REG,2019,203082,-8.0,SG,Low Activity,-0.5,MISS Carter 4' Driving Layup,PF,Movement Shooter,-1.47
Shot Chart Detail,21801046,306,1713,Vince Carter,1610612737,Atlanta Hawks,2,2,33,Made Shot,Jump Shot,3PT Field Goal,Above the Break 3,Right Side Center(RC),24+ ft.,25,134,222,1,1,20190317,ORL,ATL,21801046306,12870,0,1713|203473|1627752|1627761|1629121,0,REG,2019,201571,-9.0,PG,Point of Attack,-0.3,Carter 26' 3PT Jump Shot (5 PTS),PF,Movement Shooter,-1.47
Shot Chart Detail,21801046,489,1713,Vince Carter,1610612737,Atlanta Hawks,3,2,11,Missed Shot,Jump Shot,3PT Field Goal,Above the Break 3,Left Side Center(LC),24+ ft.,25,-98,236,1,0,20190317,ORL,ATL,21801046489,20290,0,1713|203145|203458|1627761|1629121,0,REG,2019,203932,-11.0,PF,Wing Stopper,0.86,MISS Carter 26' 3PT Jump Shot,PF,Movement Shooter,-1.47
Shot Chart Detail,21801046,600,1713,Vince Carter,1610612737,Atlanta Hawks,4,6,24,Made Shot,Jump Shot,3PT Field Goal,Above the Break 3,Left Side Center(LC),24+ ft.,25,-205,150,1,1,20190317,ORL,ATL,21801046600,24960,0,1713|203145|203473|1627752|1629027,1,REG,2019,1628371,-7.0,PF,Helper,1.74,Carter 25' 3PT Jump Shot (8 PTS) (Dedmon 2 AST),PF,Movement Shooter,-1.47
Shot Chart Detail,21801046,660,1713,Vince Carter,1610612737,Atlanta Hawks,4,1,28,Missed Shot,Jump Shot,3PT Field Goal,Above the Break 3,Left Side Center(LC),24+ ft.,25,-160,200,1,0,20190317,ORL,ATL,21801046660,27920,0,1713|203145|203473|1627752|1629027,0,REG,2019,203932,-7.0,PF,Wing Stopper,0.86,MISS Carter 26' 3PT Jump Shot,PF,Movement Shooter,-1.47
Shot Chart Detail,21801060,111,1713,Vince Carter,1610612737,Atlanta Hawks,1,4,10,Made Shot,Jump Shot,3PT Field Goal,Right Corner 3,Right Side(R),24+ ft.,23,232,-8,1,1,20190319,ATL,HOU,21801060111,4700,0,1713|203145|203458|1627761|1629121,1,REG,2019,101123,-2.0,SG,Low Activity,-2.3,Carter 3PT Jump Shot (3 PTS) (Bazemore 1 AST),PF,Movement Shooter,-1.47
Shot Chart Detail,21801060,119,1713,Vince Carter,1610612737,Atlanta Hawks,1,3,18,Made Shot,Jump Shot,3PT Field Goal,Above the Break 3,Right Side Center(RC),24+ ft.,25,86,237,1,1,20190319,ATL,HOU,21801060119,5220,0,1713|203145|203458|1627761|1629121,1,REG,2019,201935,3.0,PG,Helper,-0.95,Carter 25' 3PT Jump Shot (6 PTS) (Bazemore 2 AST),PF,Movement Shooter,-1.47
Shot Chart Detail,21801060,123,1713,Vince Carter,1610612737,Atlanta Hawks,1,2,52,Missed Shot,Jump Shot,3PT Field Goal,Above the Break 3,Right Side Center(RC),24+ ft.,25,203,147,1,0,20190319,ATL,HOU,21801060123,5480,0,1713|203145|203458|1627761|1629121,0,REG,2019,202702,3.0,C,Mobile Big,-0.35,MISS Carter 25' 3PT Jump Shot,PF,Movement Shooter,-1.47
Shot Chart Detail,21801060,153,1713,Vince Carter,1610612737,Atlanta Hawks,1,0,13,Made Shot,Fadeaway Jump Shot,3PT Field Goal,Left Corner 3,Left Side(L),24+ ft.,22,-228,-11,1,1,20190319,ATL,HOU,21801060153,7070,0,1713|203145|203458|1627761|1629121,1,REG,2019,101108,,PG,Chaser,1.08,Carter 3PT Fadeaway Jumper (9 PTS) (Adams 3 AST),PF,Movement Shooter,-1.47
Shot Chart Detail,21801060,425,1713,Vince Carter,1610612737,Atlanta Hawks,3,4,38,Missed Shot,Jump Shot,3PT Field Goal,Above the Break 3,Center(C),24+ ft.,25,2,252,1,0,20190319,ATL,HOU,21801060425,18820,0,1713|203145|203473|1627761|1629121,0,REG,2019,200782,-10.0,PF,Wing Stopper,1.5,MISS Carter 25' 3PT Jump Shot,PF,Movement Shooter,-1.47
Shot Chart Detail,21801060,459,1713,Vince Carter,1610612737,Atlanta Hawks,3,2,26,Missed Shot,Jump Shot,3PT Field Goal,Above the Break 3,Right Side Center(RC),24+ ft.,24,226,92,1,0,20190319,ATL,HOU,21801060459,20140,0,1713|203145|203458|1627761|1629121,0,REG,2019,200782,-14.0,PF,Wing Stopper,1.5,MISS Carter 24' 3PT Jump Shot,PF,Movement Shooter,-1.47
Shot Chart Detail,21801060,533,1713,Vince Carter,1610612737,Atlanta Hawks,4,9,1,Made Shot,Jump Shot,3PT Field Goal,Above the Break 3,Left Side Center(LC),24+ ft.,26,-218,146,1,1,20190319,ATL,HOU,21801060533,23390,0,1713|203473|1627752|1628989|1629027,1,REG,2019,101108,-12.0,PG,Chaser,1.08,Carter 26' 3PT Jump Shot (12 PTS) (Young 8 AST),PF,Movement Shooter,-1.47
Shot Chart Detail,21801060,545,1713,Vince Carter,1610612737,Atlanta Hawks,4,7,46,Made Shot,Jump Shot,3PT Field Goal,Right Corner 3,Right Side(R),24+ ft.,23,223,73,1,1,20190319,ATL,HOU,21801060545,24140,0,1713|203473|1627752|1627761|1629027,1,REG,2019,1627863,-14.0,SF,Helper,-1.25,Carter 3PT Jump Shot (15 PTS) (Young 9 AST),PF,Movement Shooter,-1.47
Shot Chart Detail,21801076,104,1713,Vince Carter,1610612737,Atlanta Hawks,1,3,29,Made Shot,Jump Shot,3PT Field Goal,Above the Break 3,Left Side Center(LC),24+ ft.,24,-133,210,1,1,20190321,ATL,UTA,21801076104,5110,0,1713|203145|203458|1627761|1629027,1,REG,2019,203109,1.0,SF,Helper,0.0,Carter 25' 3PT Jump Shot (4 PTS) (Young 3 AST),PF,Movement Shooter,-1.47
Shot Chart Detail,21801076,430,1713,Vince Carter,1610612737,Atlanta Hawks,3,6,21,Missed Shot,Jump Shot,3PT Field Goal,Right Corner 3,Right Side(R),24+ ft.,23,230,49,1,0,20190321,ATL,UTA,21801076430,17790,0,1713|203458|1627752|1627761|1629027,0,REG,2019,203109,0.0,SF,Helper,0.0,MISS Carter 24' 3PT Jump Shot,PF,Movement Shooter,-1.47
Shot Chart Detail,21801076,537,1713,Vince Carter,1610612737,Atlanta Hawks,4,11,36,Missed Shot,Jump Shot,3PT Field Goal,Above the Break 3,Right Side Center(RC),24+ ft.,25,157,196,1,0,20190321,ATL,UTA,21801076537,21840,0,1713|203145|1628381|1628989|1629027,0,REG,2019,203109,-5.0,SF,Helper,0.0,MISS Carter 25' 3PT Jump Shot,PF,Movement Shooter,-1.47
Shot Chart Detail,21801076,585,1713,Vince Carter,1610612737,Atlanta Hawks,4,8,32,Made Shot,Jump Shot,3PT Field Goal,Left Corner 3,Left Side(L),24+ ft.,23,-229,38,1,1,20190321,ATL,UTA,21801076585,23680,0,1713|1627752|1628381|1628989|1629027,1,REG,2019,200757,-4.0,SF,Low Activity,1.42,Carter 3PT Jump Shot (10 PTS) (Young 8 AST),PF,Movement Shooter,-1.47
Shot Chart Detail,21801088,121,1713,Vince Carter,1610612737,Atlanta Hawks,1,4,3,Missed Shot,Pullup Jump shot,3PT Field Goal,Above the Break 3,Right Side Center(RC),24+ ft.,25,145,214,1,0,20190323,ATL,PHI,21801088121,4770,0,1713|203145|203458|1626147|1629121,0,REG,2019,1626246,0.0,C,Anchor Big,0.42,MISS Carter 26' 3PT Pullup Jump Shot,PF,Movement Shooter,-1.47
Shot Chart Detail,21801088,125,1713,Vince Carter,1610612737,Atlanta Hawks,1,3,34,Made Shot,Jump Shot,3PT Field Goal,Right Corner 3,Right Side(R),24+ ft.,23,231,15,1,1,20190323,ATL,PHI,21801088125,5060,0,1713|203145|203458|1626147|1629121,1,REG,2019,202699,1.0,PF,Wing Stopper,-0.58,Carter 3PT Jump Shot (3 PTS) (Adams 1 AST),PF,Movement Shooter,-1.47
Shot Chart Detail,21801088,161,1713,Vince Carter,1610612737,Atlanta Hawks,1,1,18,Missed Shot,Driving Layup Shot,2PT Field Goal,Restricted Area,Center(C),Less Than 8 ft.,0,-1,6,1,0,20190323,ATL,PHI,21801088161,6420,0,1713|203145|203458|1626147|1629121,0,REG,2019,203954|203118,-4.0,,,,,PF,Movement Shooter,-1.47
Shot Chart Detail,21801088,180,1713,Vince Carter,1610612737,Atlanta Hawks,1,0,26,Missed Shot,Driving Reverse Layup Shot,2PT Field Goal,Restricted Area,Center(C),Less Than 8 ft.,1,3,12,1,0,20190323,ATL,PHI,21801088180,6940,0,1713|203145|203458|1626147|1629121,0,REG,2019,203516,-8.0,SF,Chaser,-0.38,MISS Carter 1' Driving Reverse Layup,PF,Movement Shooter,-1.47
Shot Chart Detail,21801088,372,1713,Vince Carter,1610612737,Atlanta Hawks,2,0,0,Missed Shot,Pullup Jump shot,3PT Field Goal,Backcourt,Back Court(BC),Back Court Shot,68,-7,685,1,0,20190323,ATL,PHI,21801088372,14400,0,203473|1627752|1628381|1628989|1629027,0,REG,2019,,,,,,,PF,Movement Shooter,-1.47
Shot Chart Detail,21801088,495,1713,Vince Carter,1610612737,Atlanta Hawks,3,3,46,Missed Shot,Jump Shot,3PT Field Goal,Above the Break 3,Center(C),24+ ft.,25,0,252,1,0,20190323,ATL,PHI,21801088495,19340,0,1713|203145|203458|1627761|1629121,0,REG,2019,204456,9.0,PG,Point of Attack,-0.15,MISS Carter 25' 3PT Jump Shot,PF,Movement Shooter,-1.47
Shot Chart Detail,21801088,505,1713,Vince Carter,1610612737,Atlanta Hawks,3,3,2,Missed Shot,Jump Shot,3PT Field Goal,Above the Break 3,Left Side Center(LC),24+ ft.,24,-109,220,1,0,20190323,ATL,PHI,21801088505,19780,0,1713|203145|203458|1627761|1629121,0,REG,2019,202710,9.0,SF-SG,Wing Stopper,-0.08,MISS Carter 25' 3PT Jump Shot,PF,Movement Shooter,-1.47
Shot Chart Detail,21801088,518,1713,Vince Carter,1610612737,Atlanta Hawks,3,1,18,Missed Shot,Jump Shot,3PT Field Goal,Above the Break 3,Right Side Center(RC),24+ ft.,26,145,221,1,0,20190323,ATL,PHI,21801088518,20820,0,1713|203145|203458|1627761|1629121,0,REG,2019,203954,5.0,C,Anchor Big,1.79,MISS Carter 26' 3PT Jump Shot,PF,Movement Shooter,-1.47
Shot Chart Detail,21801113,165,1713,Vince Carter,1610612737,Atlanta Hawks,1,0,56,Made Shot,Jump Shot,3PT Field Goal,Above the Break 3,Right Side Center(RC),24+ ft.,27,125,242,1,1,20190326,NOP,ATL,21801113165,6640,0,1713|203145|203458|1627761|1628989,1,REG,2019,1626169,7.0,SF,Wing Stopper,0.06,Carter 27' 3PT Jump Shot (3 PTS) (Bazemore 2 AST),PF,Movement Shooter,-1.47
Shot Chart Detail,21801113,204,1713,Vince Carter,1610612737,Atlanta Hawks,2,10,35,Missed Shot,Turnaround Fadeaway shot,2PT Field Goal,Mid-Range,Left Side(L),8-16 ft.,10,-100,8,1,0,20190326,NOP,ATL,21801113204,8050,0,1713|203145|1628381|1628989|1629121,0,REG,2019,1628402,5.0,,,,MISS Carter 10' Turnaround Fadeaway Shot,PF,Movement Shooter,-1.47
Shot Chart Detail,21801113,226,1713,Vince Carter,1610612737,Atlanta Hawks,2,8,47,Missed Shot,Jump Shot,3PT Field Goal,Above the Break 3,Center(C),24+ ft.,25,27,253,1,0,20190326,NOP,ATL,21801113226,9130,0,1713|203145|1627752|1628381|1629121,0,REG,2019,1626143,3.0,C,Anchor Big,-0.05,MISS Carter 25' 3PT Jump Shot,PF,Movement Shooter,-1.47
Shot Chart Detail,21801113,230,1713,Vince Carter,1610612737,Atlanta Hawks,2,8,23,Made Shot,Pullup Jump shot,3PT Field Goal,Above the Break 3,Left Side Center(LC),24+ ft.,25,-98,232,1,1,20190326,NOP,ATL,21801113230,9370,0,1713|203145|1627752|1628381|1629121,0,REG,2019,1626174,6.0,PF,Anchor Big,0.07,Carter 25' 3PT Pullup Jump Shot (6 PTS),PF,Movement Shooter,-1.47
Shot Chart Detail,21801113,233,1713,Vince Carter,1610612737,Atlanta Hawks,2,8,2,Missed Shot,Pullup Jump shot,3PT Field Goal,Above the Break 3,Right Side Center(RC),24+ ft.,27,171,219,1,0,20190326,NOP,ATL,21801113233,9580,0,1713|203145|1627752|1628381|1629121,0,REG,2019,1628402,6.0,,,,MISS Carter 28' 3PT Pullup Jump Shot,PF,Movement Shooter,-1.47
Shot Chart Detail,21801113,263,1713,Vince Carter,1610612737,Atlanta Hawks,2,6,41,Missed Shot,Jump Shot,3PT Field Goal,Above the Break 3,Center(C),24+ ft.,29,29,297,1,0,20190326,NOP,ATL,21801113263,10390,0,1713|1626147|1627752|1628381|1629027,0,REG,2019,1628402,3.0,,,,MISS Carter 30' 3PT Jump Shot,PF,Movement Shooter,-1.47
Shot Chart Detail,21801113,499,1713,Vince Carter,1610612737,Atlanta Hawks,3,3,50,Missed Shot,Pullup Jump shot,3PT Field Goal,Above the Break 3,Right Side Center(RC),24+ ft.,26,122,239,1,0,20190326,NOP,ATL,21801113499,19300,0,1713|203145|203458|1627761|1629121,0,REG,2019,1626174,13.0,PF,Anchor Big,0.07,MISS Carter 27' 3PT Pullup Jump Shot,PF,Movement Shooter,-1.47
Shot Chart Detail,21801113,523,1713,Vince Carter,1610612737,Atlanta Hawks,3,2,47,Missed Shot,Reverse Layup Shot,2PT Field Goal,Restricted Area,Center(C),Less Than 8 ft.,1,18,5,1,0,20190326,NOP,ATL,21801113523,19930,0,1713|203145|203458|1627761|1629121,0,REG,2019,203121,19.0,SF,Low Activity,-2.09,MISS Carter 2' Reverse Layup,PF,Movement Shooter,-1.47
Shot Chart Detail,21801113,534,1713,Vince Carter,1610612737,Atlanta Hawks,3,1,51,Made Shot,Jump Shot,3PT Field Goal,Above the Break 3,Right Side Center(RC),24+ ft.,25,221,120,1,1,20190326,NOP,ATL,21801113534,20490,0,1713|203145|203458|1627761|1629121,1,REG,2019,203121,19.0,SF,Low Activity,-2.09,Carter 25' 3PT Jump Shot (9 PTS) (Bazemore 3 AST),PF,Movement Shooter,-1.47
Shot Chart Detail,21801113,698,1713,Vince Carter,1610612737,Atlanta Hawks,4,3,1,Made Shot,Jump Shot,3PT Field Goal,Right Corner 3,Right Side(R),24+ ft.,24,236,80,1,1,20190326,NOP,ATL,21801113698,26990,0,1713|203458|1627752|1627761|1628989,1,REG,2019,,,,,,,PF,Movement Shooter,-1.47
Shot Chart Detail,21801131,170,1713,Vince Carter,1610612737,Atlanta Hawks,2,10,25,Missed Shot,Jump Shot,3PT Field Goal,Above the Break 3,Center(C),24+ ft.,25,-51,253,1,0,20190329,ATL,POR,21801131170,8150,0,1713|203145|203473|1628989|1629121,0,REG,2019,203086,-6.0,C,Anchor Big,0.33,MISS Carter 26' 3PT Jump Shot,PF,Movement Shooter,-1.47
Shot Chart Detail,21801131,180,1713,Vince Carter,1610612737,Atlanta Hawks,2,9,12,Missed Shot,Jump Bank Shot,2PT Field Goal,In The Paint (Non-RA),Right Side(R),8-16 ft.,8,50,71,1,0,20190329,ATL,POR,21801131180,8880,0,1713|203145|203473|1628989|1629121,0,REG,2019,1628380,-6.0,C,Anchor Big,0.48,MISS Carter 9' Jump Bank Shot,PF,Movement Shooter,-1.47
Shot Chart Detail,21801131,193,1713,Vince Carter,1610612737,Atlanta Hawks,2,8,12,Made Shot,Jump Shot,3PT Field Goal,Above the Break 3,Left Side Center(LC),24+ ft.,24,-96,229,1,1,20190329,ATL,POR,21801131193,9480,0,1713|203145|1627738|1628989|1629121,1,REG,2019,203086,-6.0,C,Anchor Big,0.33,Carter 25' 3PT Jump Shot (3 PTS) (Huerter 2 AST),PF,Movement Shooter,-1.47
Shot Chart Detail,21801131,198,1713,Vince Carter,1610612737,Atlanta Hawks,2,7,49,Made Shot,Pullup Jump shot,3PT Field Goal,Above the Break 3,Right Side Center(RC),24+ ft.,25,153,206,1,1,20190329,ATL,POR,21801131198,9710,0,1713|203145|1627738|1628989|1629121,1,REG,2019,1628380,-5.0,C,Anchor Big,0.48,Carter 26' 3PT Pullup Jump Shot (6 PTS) (Adams 1 AST),PF,Movement Shooter,-1.47
Shot Chart Detail,21801131,213,1713,Vince Carter,1610612737,Atlanta Hawks,2,5,38,Missed Shot,Jump Shot,3PT Field Goal,Right Corner 3,Right Side(R),24+ ft.,22,226,22,1,0,20190329,ATL,POR,21801131213,11020,0,1713|203145|1627738|1628989|1629121,0,REG,2019,203086,-8.0,C,Anchor Big,0.33,MISS Carter 3PT Jump Shot,PF,Movement Shooter,-1.47
Shot Chart Detail,21801131,392,1713,Vince Carter,1610612737,Atlanta Hawks,3,4,36,Missed Shot,Jump Shot,3PT Field Goal,Above the Break 3,Right Side Center(RC),24+ ft.,25,135,215,1,0,20190329,ATL,POR,21801131392,18840,0,1713|203145|1627738|1627761|1629121,0,REG,2019,203090,-14.0,SF,Wing Stopper,1.28,MISS Carter 25' 3PT Jump Shot,PF,Movement Shooter,-1.47
Shot Chart Detail,21801131,418,1713,Vince Carter,1610612737,Atlanta Hawks,3,3,12,Missed Shot,Pullup Jump shot,3PT Field Goal,Above the Break 3,Right Side Center(RC),24+ ft.,25,84,246,1,0,20190329,ATL,POR,21801131418,19680,0,1713|203145|1627738|1627761|1629121,0,REG,2019,202329|1628380,-19.0,,,,,PF,Movement Shooter,-1.47
Shot Chart Detail,21801131,432,1713,Vince Carter,1610612737,Atlanta Hawks,3,2,24,Made Shot,Jump Shot,3PT Field Goal,Above the Break 3,Left Side Center(LC),24+ ft.,25,-87,239,1,1,20190329,ATL,POR,21801131432,20160,0,1713|203145|1627738|1627761|1629121,1,REG,2019,202329,-18.0,PF,Wing Stopper,1.44,Carter 25' 3PT Jump Shot (9 PTS) (Adams 2 AST),PF,Movement Shooter,-1.47
Shot Chart Detail,21801145,77,1713,Vince Carter,1610612737,Atlanta Hawks,1,6,34,Missed Shot,Jump Shot,3PT Field Goal,Above the Break 3,Right Side Center(RC),24+ ft.,24,226,98,1,0,20190331,ATL,MIL,2180114577,3260,0,1713|203145|1628381|1628989|1629027,0,REG,2019,1629045,-17.0,SF,Helper,-0.76,MISS Carter 25' 3PT Jump Shot,PF,Movement Shooter,-1.47
Shot Chart Detail,21801145,112,1713,Vince Carter,1610612737,Atlanta Hawks,1,3,38,Missed Shot,Jump Shot,3PT Field Goal,Above the Break 3,Center(C),24+ ft.,26,11,261,1,0,20190331,ATL,MIL,21801145112,5020,0,1713|203145|1627761|1628381|1629027,0,REG,2019,101141,-23.0,PF,Helper,0.75,MISS Carter 26' 3PT Jump Shot,PF,Movement Shooter,-1.47
Shot Chart Detail,21801145,128,1713,Vince Carter,1610612737,Atlanta Hawks,1,2,29,Missed Shot,Jump Shot,3PT Field Goal,Above the Break 3,Right Side Center(RC),24+ ft.,24,175,176,1,0,20190331,ATL,MIL,21801145128,5710,0,1713|203145|1627738|1627761|1629121,0,REG,2019,201588,-19.0,PG,Point of Attack,0.15,MISS Carter 25' 3PT Jump Shot,PF,Movement Shooter,-1.47
Shot Chart Detail,21801145,183,1713,Vince Carter,1610612737,Atlanta Hawks,2,10,40,Made Shot,Running Dunk Shot,2PT Field Goal,Restricted Area,Center(C),Less Than 8 ft.,0,-5,8,1,1,20190331,ATL,MIL,21801145183,8000,0,1713|1627738|1627761|1628989|1629121,1,REG,2019,204025,,PG,Point of Attack,-0.71,Carter 1' Running Dunk (2 PTS) (Bembry 1 AST),PF,Movement Shooter,-1.47
Shot Chart Detail,21801145,205,1713,Vince Carter,1610612737,Atlanta Hawks,2,8,50,Missed Shot,Jump Shot,3PT Field Goal,Right Corner 3,Right Side(R),24+ ft.,22,226,16,1,0,20190331,ATL,MIL,21801145205,9100,0,1713|203458|1627761|1628989|1629121,0,REG,2019,1628391,-12.0,PF,Helper,0.34,MISS Carter 3PT Jump Shot,PF,Movement Shooter,-1.47
Shot Chart Detail,21801145,469,1713,Vince Carter,1610612737,Atlanta Hawks,3,5,0,Made Shot,Jump Shot,3PT Field Goal,Above the Break 3,Left Side Center(LC),24+ ft.,28,-153,242,1,1,20190331,ATL,MIL,21801145469,18600,0,1713|203145|1627738|1628989|1629121,0,REG,2019,201588,6.0,PG,Point of Attack,0.15,Carter 29' 3PT Jump Shot (5 PTS),PF,Movement Shooter,-1.47
Shot Chart Detail,21801145,476,1713,Vince Carter,1610612737,Atlanta Hawks,3,4,37,Made Shot,Cutting Layup Shot,2PT Field Goal,Restricted Area,Center(C),Less Than 8 ft.,1,9,11,1,1,20190331,ATL,MIL,21801145476,18830,0,1713|203145|1627738|1627761|1629121,1,REG,2019,101141|201588,6.0,,,,,PF,Movement Shooter,-1.47
Shot Chart Detail,21801145,483,1713,Vince Carter,1610612737,Atlanta Hawks,3,3,52,Missed Shot,Jump Shot,3PT Field Goal,Above the Break 3,Center(C),24+ ft.,26,13,262,1,0,20190331,ATL,MIL,21801145483,19280,0,1713|203145|1627738|1627761|1629121,0,REG,2019,201588,8.0,PG,Point of Attack,0.15,MISS Carter 26' 3PT Jump Shot,PF,Movement Shooter,-1.47
Shot Chart Detail,21801145,499,1713,Vince Carter,1610612737,Atlanta Hawks,3,1,50,Missed Shot,Jump Shot,3PT Field Goal,Above the Break 3,Right Side Center(RC),24+ ft.,25,192,167,1,0,20190331,ATL,MIL,21801145499,20500,0,1713|203145|1627738|1627761|1629121,0,REG,2019,1628391,2.0,PF,Helper,0.34,MISS Carter 25' 3PT Jump Shot,PF,Movement Shooter,-1.47
Shot Chart Detail,21801145,561,1713,Vince Carter,1610612737,Atlanta Hawks,4,9,5,Missed Shot,Pullup Jump shot,3PT Field Goal,Above the Break 3,Center(C),24+ ft.,25,-25,253,1,0,20190331,ATL,MIL,21801145561,23350,0,1713|203145|1627738|1628989|1629121,0,REG,2019,204025,-1.0,PG,Point of Attack,-0.71,MISS Carter 25' 3PT Pullup Jump Shot,PF,Movement Shooter,-1.47
Shot Chart Detail,21801145,564,1713,Vince Carter,1610612737,Atlanta Hawks,4,8,37,Missed Shot,Layup Shot,2PT Field Goal,Restricted Area,Center(C),Less Than 8 ft.,1,2,13,1,0,20190331,ATL,MIL,21801145564,23630,0,1713|203145|1627738|1628989|1629121,0,REG,2019,201572|1628391,-3.0,,,,,PF,Movement Shooter,-1.47
Shot Chart Detail,21801162,10,1713,Vince Carter,1610612737,Atlanta Hawks,1,11,6,Made Shot,Turnaround Jump Shot,2PT Field Goal,In The Paint (Non-RA),Left Side(L),8-16 ft.,11,-70,90,1,1,20190402,SAS,ATL,2180116210,540,0,1713|203458|1626147|1628989|1629027,0,REG,2019,1628401,-0.0,PG,Point of Attack,1.44,Carter 11' Turnaround Jump Shot (2 PTS),PF,Movement Shooter,-1.47
Shot Chart Detail,21801162,287,1713,Vince Carter,1610612737,Atlanta Hawks,2,2,32,Missed Shot,Jump Shot,3PT Field Goal,Above the Break 3,Right Side Center(RC),24+ ft.,27,166,213,1,0,20190402,SAS,ATL,21801162287,12880,0,1713|203458|1626147|1628989|1629027,0,REG,2019,201942,-2.0,SG,Chaser,0.55,MISS Carter 27' 3PT Jump Shot,PF,Movement Shooter,-1.47
Shot Chart Detail,21801162,337,1713,Vince Carter,1610612737,Atlanta Hawks,3,11,51,Missed Shot,Pullup Jump shot,3PT Field Goal,Above the Break 3,Right Side Center(RC),24+ ft.,25,100,232,1,0,20190402,SAS,ATL,21801162337,14490,0,1713|203458|1626147|1628989|1629027,0,REG,2019,200752,-2.0,PF,Wing Stopper,0.72,MISS Carter 25' 3PT Pullup Jump Shot,PF,Movement Shooter,-1.47
Shot Chart Detail,21801162,380,1713,Vince Carter,1610612737,Atlanta Hawks,3,7,18,Made Shot,Fadeaway Jump Shot,2PT Field Goal,Mid-Range,Right Side(R),8-16 ft.,11,101,53,1,1,20190402,SAS,ATL,21801162380,17220,0,1713|203458|1626147|1628989|1629027,0,REG,2019,1627854,,SG,Chaser,0.28,Carter 11' Fadeaway Jumper (4 PTS),PF,Movement Shooter,-1.47
Shot Chart Detail,21801162,422,1713,Vince Carter,1610612737,Atlanta Hawks,3,5,1,Made Shot,Tip Layup Shot,2PT Field Goal,Restricted Area,Center(C),Less Than 8 ft.,0,0,-6,1,1,20190402,SAS,ATL,21801162422,18590,0,1713|203145|1627761|1629121|1629353,0,REG,2019,201942|201988,-6.0,,,,,PF,Movement Shooter,-1.47
Shot Chart Detail,21801181,221,1713,Vince Carter,1610612737,Atlanta Hawks,2,9,33,Missed Shot,Layup Shot,2PT Field Goal,Restricted Area,Center(C),Less Than 8 ft.,3,-16,33,1,0,20190405,ORL,ATL,21801181221,8670,0,1713|1626147|1627738|1627761|1629121,0,REG,2019,203487,-25.0,PG,Point of Attack,0.47,Birch BLOCK (1 BLK),PF,Movement Shooter,-1.47
Shot Chart Detail,21801181,225,1713,Vince Carter,1610612737,Atlanta Hawks,2,9,29,Missed Shot,Jump Shot,3PT Field Goal,Left Corner 3,Left Side(L),24+ ft.,23,-231,-10,1,0,20190405,ORL,ATL,21801181225,8710,0,1713|1626147|1627738|1627761|1629121,0,REG,2019,203932|203487,-25.0,,,,,PF,Movement Shooter,-1.47
Shot Chart Detail,21801181,465,1713,Vince Carter,1610612737,Atlanta Hawks,3,6,52,Missed Shot,Jump Shot,3PT Field Goal,Left Corner 3,Left Side(L),24+ ft.,22,-223,45,1,0,20190405,ORL,ATL,21801181465,17480,0,1713|1627761|1628381|1629121|1629353,0,REG,2019,1628371,-36.0,PF,Helper,1.74,MISS Carter 3PT Jump Shot,PF,Movement Shooter,-1.47
Shot Chart Detail,21801181,467,1713,Vince Carter,1610612737,Atlanta Hawks,3,6,49,Made Shot,Jump Shot,3PT Field Goal,Above the Break 3,Left Side Center(LC),24+ ft.,26,-136,225,1,1,20190405,ORL,ATL,21801181467,17510,0,1713|1627761|1628381|1629121|1629353,1,REG,2019,1628371,-33.0,PF,Helper,1.74,Carter 26' 3PT Jump Shot (3 PTS) (Bembry 3 AST),PF,Movement Shooter,-1.47
Shot Chart Detail,21801181,520,1713,Vince Carter,1610612737,Atlanta Hawks,3,2,20,Made Shot,Jump Shot,3PT Field Goal,Left Corner 3,Left Side(L),24+ ft.,23,-233,-26,1,1,20190405,ORL,ATL,21801181520,20200,0,1713|1627738|1627761|1629121|1629353,1,REG,2019,203932|203487,-36.0,,,,,PF,Movement Shooter,-1.47
Shot Chart Detail,21801181,561,1713,Vince Carter,1610612737,Atlanta Hawks,4,10,56,Made Shot,Jump Shot,3PT Field Goal,Above the Break 3,Left Side Center(LC),24+ ft.,24,-218,110,1,1,20190405,ORL,ATL,21801181561,22240,0,1713|1626147|1627738|1627752|1629121,1,REG,2019,203932,-31.0,PF,Wing Stopper,0.86,Carter 24' 3PT Jump Shot (9 PTS) (Adams 3 AST),PF,Movement Shooter,-1.47
Shot Chart Detail,21801202,71,1713,Vince Carter,1610612737,Atlanta Hawks,1,7,11,Missed Shot,Jump Shot,3PT Field Goal,Above the Break 3,Center(C),24+ ft.,25,59,251,1,0,20190407,MIL,ATL,2180120271,2890,0,1713|203458|1626147|1628989|1629121,0,REG,2019,204025,-7.0,PG,Point of Attack,-0.71,MISS Carter 26' 3PT Jump Shot,PF,Movement Shooter,-1.47
Shot Chart Detail,21801202,162,1713,Vince Carter,1610612737,Atlanta Hawks,1,1,9,Missed Shot,Reverse Layup Shot,2PT Field Goal,Restricted Area,Center(C),Less Than 8 ft.,2,10,21,1,0,20190407,MIL,ATL,21801202162,6510,0,1713|203145|1626147|1627738|1627761,0,REG,2019,101141|201588|203507,-5.0,,,,,PF,Movement Shooter,-1.47
Shot Chart Detail,21801202,174,1713,Vince Carter,1610612737,Atlanta Hawks,1,0,29,Missed Shot,Jump Shot,3PT Field Goal,Above the Break 3,Left Side Center(LC),24+ ft.,27,-93,256,1,0,20190407,MIL,ATL,21801202174,6910,0,1713|203145|1626147|1627738|1627761,0,REG,2019,,,,,,,PF,Movement Shooter,-1.47
Shot Chart Detail,21801202,305,1713,Vince Carter,1610612737,Atlanta Hawks,2,4,20,Missed Shot,Pullup Jump shot,3PT Field Goal,Above the Break 3,Left Side Center(LC),24+ ft.,28,-175,226,1,0,20190407,MIL,ATL,21801202305,11800,0,1713|203458|1626147|1628989|1629121,0,REG,2019,1626192,-15.0,SG,Chaser,-0.52,MISS Carter 29' 3PT Pullup Jump Shot,PF,Movement Shooter,-1.47
Shot Chart Detail,21801202,476,1713,Vince Carter,1610612737,Atlanta Hawks,3,5,31,Missed Shot,Jump Shot,3PT Field Goal,Above the Break 3,Left Side Center(LC),24+ ft.,25,-145,215,1,0,20190407,MIL,ATL,21801202476,18290,0,1713|203145|1626147|1627738|1627761,0,REG,2019,204025,-15.0,PG,Point of Attack,-0.71,MISS Carter 26' 3PT Jump Shot,PF,Movement Shooter,-1.47
Shot Chart Detail,21801202,553,1713,Vince Carter,1610612737,Atlanta Hawks,3,0,46,Missed Shot,Pullup Jump shot,3PT Field Goal,Above the Break 3,Right Side Center(RC),24+ ft.,27,183,208,1,0,20190407,MIL,ATL,21801202553,21140,0,1713|203145|203458|1626147|1627761,0,REG,2019,203507,-13.0,PF,Helper,3.11,MISS Carter 28' 3PT Pullup Jump Shot,PF,Movement Shooter,-1.47
Shot Chart Detail,21801202,580,1713,Vince Carter,1610612737,Atlanta Hawks,4,11,10,Missed Shot,Jump Shot,3PT Field Goal,Above the Break 3,Left Side Center(LC),24+ ft.,26,-101,248,1,0,20190407,MIL,ATL,21801202580,22100,0,1713|203458|1627752|1628989|1629121,0,REG,2019,203114,-13.0,SF,Helper,0.47,MISS Carter 27' 3PT Jump Shot,PF,Movement Shooter,-1.47
Shot Chart Detail,21801202,583,1713,Vince Carter,1610612737,Atlanta Hawks,4,10,47,Made Shot,Fadeaway Jump Shot,2PT Field Goal,In The Paint (Non-RA),Center(C),8-16 ft.,13,22,131,1,1,20190407,MIL,ATL,21801202583,22330,0,1713|203458|1627752|1628989|1629121,1,REG,2019,1628391,,PF,Helper,0.34,Carter 13' Fadeaway Jumper (4 PTS) (Prince 2 AST),PF,Movement Shooter,-1.47
Shot Chart Detail,21801202,622,1713,Vince Carter,1610612737,Atlanta Hawks,4,8,18,Missed Shot,Jump Shot,3PT Field Goal,Left Corner 3,Left Side(L),24+ ft.,22,-222,21,1,0,20190407,MIL,ATL,21801202622,23820,0,1713|203145|203458|1627752|1628989,0,REG,2019,204025,-9.0,PG,Point of Attack,-0.71,MISS Carter 3PT Jump Shot,PF,Movement Shooter,-1.47
Shot Chart Detail,21801202,704,1713,Vince Carter,1610612737,Atlanta Hawks,4,2,22,Missed Shot,Driving Hook Shot,2PT Field Goal,In The Paint (Non-RA),Center(C),Less Than 8 ft.,6,67,6,1,0,20190407,MIL,ATL,21801202704,27380,0,1713|203145|203458|1627752|1627761,0,REG,2019,203507,-6.0,PF,Helper,3.11,MISS Carter 7' Driving Hook Shot,PF,Movement Shooter,-1.47
Shot Chart Detail,21801220,123,1713,Vince Carter,1610612737,Atlanta Hawks,1,3,30,Missed Shot,Jump Shot,3PT Field Goal,Above the Break 3,Left Side Center(LC),24+ ft.,24,-208,138,1,0,20190410,ATL,IND,21801220123,5100,0,1713|203145|1627738|1627761|1629121,0,REG,2019,1628993,-4.0,PF,Helper,-0.64,MISS Carter 25' 3PT Jump Shot,PF,Movement Shooter,-1.47
Shot Chart Detail,21801220,366,1713,Vince Carter,1610612737,Atlanta Hawks,2,1,37,Missed Shot,Jump Shot,3PT Field Goal,Above the Break 3,Center(C),24+ ft.,29,-55,289,1,0,20190410,ATL,IND,21801220366,13430,0,1713|203145|1626147|1627761|1628381,0,REG,2019,1628410,-2.0,PG,Chaser,-0.94,MISS Carter 29' 3PT Jump Shot,PF,Movement Shooter,-1.47
Shot Chart Detail,21801220,553,1713,Vince Carter,1610612737,Atlanta Hawks,3,3,44,Missed Shot,Pullup Jump shot,2PT Field Goal,Mid-Range,Right Side Center(RC),16-24 ft.,22,109,197,1,0,20190410,ATL,IND,21801220553,19360,0,1713|203145|203458|1627761|1629121,0,REG,2019,202709,-4.0,PG,Point of Attack,1.36,MISS Carter 23' Pullup Jump Shot,PF,Movement Shooter,-1.47
Shot Chart Detail,21801220,578,1713,Vince Carter,1610612737,Atlanta Hawks,3,1,35,Missed Shot,Jump Shot,3PT Field Goal,Above the Break 3,Center(C),24+ ft.,25,40,253,1,0,20190410,ATL,IND,21801220578,20650,0,1713|203145|203458|1627761|1629121,0,REG,2019,202709,-7.0,PG,Point of Attack,1.36,MISS Carter 26' 3PT Jump Shot,PF,Movement Shooter,-1.47
