GRID_TYPE,GAME_ID,GAME_EVENT_ID,PLAYER_ID,PLAYER_NAME,TEAM_ID,TEAM_NAME,PERIOD,MINUTES_REMAINING,SECONDS_REMAINING,EVENT_TYPE,ACTION_TYPE,SHOT_TYPE,SHOT_ZONE_BASIC,SHOT_ZONE_AREA,SHOT_ZONE_RANGE,SHOT_DISTANCE,LOC_X,LOC_Y,SHOT_ATTEMPTED_FLAG,SHOT_MADE_FLAG,GAME_DATE,HTM,VTM,SHOT_ID,time,extra,PLAYERS_ON,assisted,season_type,year,DEF_ID,score_margin,DEF_POSITION,DEF_ROLE,D_LEBRON,dsc,OFF_POSITION,OFF_ROLE,O_LEBRON
Shot Chart Detail,22000013,141,202722,Davis Bertans,1610612764,Washington Wizards,1,0,44,Missed Shot,Jump Shot,3PT Field Goal,Above the Break 3,Left Side Center(LC),24+ ft.,27,-176,210,1,0,20201223,PHI,WAS,22000013141,6760,0,201566|201577|202397|202722|1628972,0,REG,2021,203118,1.0,PF,Helper,0.33,MISS Bertans 27' 3PT Jump Shot,PF,Off Screen Shooter,0.7
Shot Chart Detail,22000013,513,202397,Ish Smith,1610612764,Washington Wizards,3,0,35,Missed Shot,Jump Shot,3PT Field Goal,Right Corner 3,Right Side(R),24+ ft.,24,236,75,1,0,20201223,PHI,WAS,22000013513,21250,0,201566|201577|202397|202722|1628972,0,REG,2021,203118,10.0,PF,Helper,0.33,MISS Smith 25' 3PT Jump Shot,PG,Slasher,-0.57
Shot Chart Detail,22000025,154,1628995,Kevin Knox II,1610612752,New York Knicks,1,0,49,Made Shot,Driving Layup Shot,2PT Field Goal,Restricted Area,Center(C),Less Than 8 ft.,1,15,5,1,1,20201226,NYK,PHI,22000025154,6710,0,202692|203457|1628372|1628995|1629628,1,REG,2021,2730|203118,3.0,,,,,SF,Stationary Shooter,-1.37
Shot Chart Detail,22000025,332,1629628,RJ Barrett,1610612752,New York Knicks,2,0,33,Made Shot,Floating Jump shot,2PT Field Goal,In The Paint (Non-RA),Center(C),Less Than 8 ft.,7,-9,71,1,1,20201226,NYK,PHI,22000025332,14070,0,202692|203457|203944|1628995|1629628,0,REG,2021,203118,-5.0,PF,Helper,0.33,Barrett 7' Floating Jump Shot (4 PTS),SG,Slasher,-1.12
Shot Chart Detail,22000025,506,1629628,RJ Barrett,1610612752,New York Knicks,4,10,29,Missed Shot,Jump Shot,2PT Field Goal,In The Paint (Non-RA),Center(C),8-16 ft.,8,9,84,1,0,20201226,NYK,PHI,22000025506,22510,0,202692|203457|1628372|1628995|1629628,0,REG,2021,203118,-13.0,PF,Helper,0.33,MISS Barrett 8' Jump Shot,SG,Slasher,-1.12
Shot Chart Detail,22000035,186,201567,Kevin Love,1610612739,Cleveland Cavaliers,2,10,59,Missed Shot,Jump Bank Shot,2PT Field Goal,In The Paint (Non-RA),Center(C),Less Than 8 ft.,5,52,23,1,0,20201227,CLE,PHI,22000035186,7810,0,201567|203083|203957|1628422|1629012,0,REG,2021,203118,5.0,PF,Helper,0.33,MISS Love 6' Jump Bank Shot,PF,Versatile Big,1.34
Shot Chart Detail,22000035,202,1626204,Larry Nance Jr.,1610612739,Cleveland Cavaliers,2,10,18,Made Shot,Jump Shot,3PT Field Goal,Above the Break 3,Right Side Center(RC),24+ ft.,26,90,249,1,1,20201227,CLE,PHI,22000035202,8220,0,203083|1626204|1628422|1629012|1629636,1,REG,2021,203118,10.0,PF,Helper,0.33,Nance Jr. 26' 3PT Jump Shot (3 PTS) (Garland 2 AST),PF,Stretch Big,-1.64
Shot Chart Detail,22000035,217,1626204,Larry Nance Jr.,1610612739,Cleveland Cavaliers,2,8,48,Made Shot,Cutting Dunk Shot,2PT Field Goal,Restricted Area,Center(C),Less Than 8 ft.,0,5,0,1,1,20201227,CLE,PHI,22000035217,9120,0,203083|1626204|1628422|1629012|1629636,1,REG,2021,203118,10.0,PF,Helper,0.33,Nance Jr. 1' Cutting Dunk Shot (5 PTS) (Sexton 2 AST),PF,Stretch Big,-1.64
Shot Chart Detail,22000035,336,1629012,Collin Sexton,1610612739,Cleveland Cavaliers,2,2,33,Made Shot,Layup Shot,2PT Field Goal,Restricted Area,Center(C),Less Than 8 ft.,0,9,1,1,1,20201227,CLE,PHI,22000035336,12870,0,201580|203957|1626204|1628422|1629012,1,REG,2021,203118,18.0,PF,Helper,0.33,Sexton 1' Layup (13 PTS) (Nance Jr. 4 AST),SG,Slasher,0.78
Shot Chart Detail,22000035,437,203083,Andre Drummond,1610612739,Cleveland Cavaliers,3,7,53,Missed Shot,Turnaround Hook Shot,2PT Field Goal,In The Paint (Non-RA),Center(C),Less Than 8 ft.,4,-47,15,1,0,20201227,CLE,PHI,22000035437,16870,0,203083|203957|1626204|1629012|1629636,0,REG,2021,203118|202699,20.0,,,,,C,Shot Creator,-0.24
Shot Chart Detail,22000035,441,1629636,Darius Garland,1610612739,Cleveland Cavaliers,3,7,10,Made Shot,Driving Floating Jump Shot,2PT Field Goal,In The Paint (Non-RA),Right Side(R),8-16 ft.,12,70,103,1,1,20201227,CLE,PHI,22000035441,17300,0,203083|203957|1626204|1629012|1629636,0,REG,2021,203118,19.0,PF,Helper,0.33,Garland 12' Driving Floating Jump Shot (6 PTS),PG,Primary Ball Handler,-0.26
Shot Chart Detail,22000035,487,1629636,Darius Garland,1610612739,Cleveland Cavaliers,3,5,4,Made Shot,Driving Floating Jump Shot,2PT Field Goal,Restricted Area,Center(C),Less Than 8 ft.,3,16,36,1,1,20201227,CLE,PHI,22000035487,18560,0,201580|203957|1626224|1629636|1629731,0,REG,2021,203118|1629003,26.0,,,,,PG,Primary Ball Handler,-0.26
Shot Chart Detail,22000035,490,201580,JaVale McGee,1610612739,Cleveland Cavaliers,3,4,30,Missed Shot,Turnaround Hook Shot,2PT Field Goal,In The Paint (Non-RA),Center(C),Less Than 8 ft.,7,14,71,1,0,20201227,CLE,PHI,22000035490,18900,0,201580|203957|1626224|1629636|1629731,0,REG,2021,203118,23.0,PF,Helper,0.33,MISS McGee 7' Turnaround Hook Shot,C,Post Scorer,-1.06
Shot Chart Detail,22000035,528,1629012,Collin Sexton,1610612739,Cleveland Cavaliers,3,1,57,Missed Shot,Pullup Jump shot,2PT Field Goal,In The Paint (Non-RA),Center(C),8-16 ft.,12,35,115,1,0,20201227,CLE,PHI,22000035528,20430,0,201580|1626204|1628422|1629012|1629731,0,REG,2021,203118,23.0,PF,Helper,0.33,MISS Sexton 12' Pullup Jump Shot,SG,Slasher,0.78
Shot Chart Detail,22000035,544,1629012,Collin Sexton,1610612739,Cleveland Cavaliers,3,0,12,Made Shot,Pullup Jump shot,2PT Field Goal,Mid-Range,Center(C),16-24 ft.,17,-20,176,1,1,20201227,CLE,PHI,22000035544,21480,0,201580|1626204|1628422|1629012|1629731,0,REG,2021,203118,23.0,PF,Helper,0.33,Sexton 18' Pullup Jump Shot (18 PTS),SG,Slasher,0.78
Shot Chart Detail,22000035,565,1629636,Darius Garland,1610612739,Cleveland Cavaliers,4,10,29,Made Shot,Driving Floating Jump Shot,2PT Field Goal,Mid-Range,Left Side(L),8-16 ft.,9,-89,31,1,1,20201227,CLE,PHI,22000035565,22510,0,203083|203957|1626204|1626224|1629636,1,REG,2021,203118|1630178,27.0,,,,,PG,Primary Ball Handler,-0.26
Shot Chart Detail,22000049,572,1626169,Stanley Johnson,1610612761,Toronto Raptors,4,9,56,Missed Shot,Floating Jump shot,2PT Field Goal,In The Paint (Non-RA),Center(C),Less Than 8 ft.,7,-48,53,1,0,20201229,PHI,TOR,22000049572,22840,0,200768|203458|1626169|1628384|1629744,0,REG,2021,203118,1.0,PF,Helper,0.33,MISS Johnson 7' Floating Jump Shot,PF,Movement Shooter,-2.27
Shot Chart Detail,22000049,589,1626169,Stanley Johnson,1610612761,Toronto Raptors,4,8,52,Made Shot,Dunk Shot,2PT Field Goal,Restricted Area,Center(C),Less Than 8 ft.,1,-3,13,1,1,20201229,PHI,TOR,22000049589,23480,0,200768|203458|1626169|1628384|1629744,0,REG,2021,203118,7.0,PF,Helper,0.33,Johnson 1' Dunk (7 PTS),PF,Movement Shooter,-2.27
Shot Chart Detail,22000064,136,1629643,Chuma Okeke,1610612753,Orlando Magic,1,1,50,Missed Shot,Jump Shot,3PT Field Goal,Above the Break 3,Right Side Center(RC),24+ ft.,25,90,236,1,0,20201231,ORL,PHI,22000064136,6100,0,203487|203920|1628407|1629643|1630175,0,REG,2021,203118,-19.0,PF,Helper,0.33,MISS Okeke 25' 3PT Jump Shot,PF,Movement Shooter,-1.77
Shot Chart Detail,22000064,161,203487,Michael Carter-Williams,1610612753,Orlando Magic,1,0,7,Missed Shot,Floating Jump shot,2PT Field Goal,In The Paint (Non-RA),Center(C),8-16 ft.,12,-14,125,1,0,20201231,ORL,PHI,22000064161,7130,0,203487|203920|1628407|1629643|1630175,0,REG,2021,203118|1629003,-18.0,,,,,SG,Slasher,-2.32
Shot Chart Detail,22000064,192,1628407,Dwayne Bacon,1610612753,Orlando Magic,2,9,40,Made Shot,Jump Shot,3PT Field Goal,Above the Break 3,Right Side Center(RC),24+ ft.,25,202,158,1,1,20201231,ORL,PHI,22000064192,8600,0,203487|203920|203932|1628407|1630175,0,REG,2021,203118,-19.0,PF,Helper,0.33,Bacon 26' 3PT Jump Shot (6 PTS),SG,Secondary Ball Handler,-2.21
Shot Chart Detail,22000064,474,1629643,Chuma Okeke,1610612753,Orlando Magic,3,1,36,Missed Shot,Jump Shot,3PT Field Goal,Above the Break 3,Center(C),24+ ft.,27,-81,260,1,0,20201231,ORL,PHI,22000064474,20640,0,203487|203920|1629643|1630175|1630211,0,REG,2021,203118,-36.0,PF,Helper,0.33,MISS Okeke 27' 3PT Jump Shot,PF,Movement Shooter,-1.77
Shot Chart Detail,22000064,481,1629643,Chuma Okeke,1610612753,Orlando Magic,3,1,6,Made Shot,Jump Shot,3PT Field Goal,Above the Break 3,Right Side Center(RC),24+ ft.,26,195,173,1,1,20201231,ORL,PHI,22000064481,20940,0,203487|203920|1629643|1630175|1630211,1,REG,2021,203118,-33.0,PF,Helper,0.33,Okeke 26' 3PT Jump Shot (6 PTS) (Carter-Williams 1 AST),PF,Movement Shooter,-1.77
Shot Chart Detail,22000064,487,203920,Khem Birch,1610612753,Orlando Magic,3,0,37,Made Shot,Tip Layup Shot,2PT Field Goal,Restricted Area,Center(C),Less Than 8 ft.,0,0,0,1,1,20201231,ORL,PHI,22000064487,21230,0,203487|203920|1629643|1630175|1630211,0,REG,2021,203118|1629003,-31.0,,,,,C,Roll + Cut Big,-1.79
Shot Chart Detail,22000153,20,1629631,De'Andre Hunter,1610612737,Atlanta Hawks,1,10,27,Missed Shot,Jump Shot,3PT Field Goal,Above the Break 3,Left Side Center(LC),24+ ft.,25,-169,185,1,0,20210111,ATL,PHI,2200015320,930,0,203991|1628381|1629027|1629629|1629631,0,REG,2021,203118,-2.0,PF,Helper,0.33,MISS Hunter 25' 3PT Jump Shot,SF,Movement Shooter,-0.13
Shot Chart Detail,22000153,39,1628381,John Collins,1610612737,Atlanta Hawks,1,8,24,Missed Shot,Jump Shot,3PT Field Goal,Right Corner 3,Right Side(R),24+ ft.,23,236,-6,1,0,20210111,ATL,PHI,2200015339,2160,0,203991|1628381|1629027|1629629|1629631,0,REG,2021,203118,-2.0,PF,Helper,0.33,MISS Collins 24' 3PT Jump Shot,PF,Post Scorer,1.36
Shot Chart Detail,22000153,345,1629629,Cam Reddish,1610612737,Atlanta Hawks,2,0,19,Missed Shot,Jump Shot,3PT Field Goal,Above the Break 3,Right Side Center(RC),24+ ft.,25,169,194,1,0,20210111,ATL,PHI,22000153345,14210,0,203524|203991|1628989|1629027|1629629,0,REG,2021,203118,17.0,PF,Helper,0.33,MISS Reddish 26' 3PT Jump Shot,SF,Movement Shooter,-1.1
Shot Chart Detail,22000153,358,1629027,Trae Young,1610612737,Atlanta Hawks,3,11,21,Made Shot,Jump Shot,2PT Field Goal,Mid-Range,Left Side(L),16-24 ft.,21,-184,105,1,1,20210111,ATL,PHI,22000153358,14790,0,203991|1628381|1629027|1629629|1629631,0,REG,2021,203118,17.0,PF,Helper,0.33,Young 21' Jump Shot (16 PTS),PG,Primary Ball Handler,4.0
Shot Chart Detail,22000153,410,1628381,John Collins,1610612737,Atlanta Hawks,3,6,37,Made Shot,Jump Shot,3PT Field Goal,Above the Break 3,Left Side Center(LC),24+ ft.,25,-178,187,1,1,20210111,ATL,PHI,22000153410,17630,0,203991|1628381|1629027|1629629|1629631,1,REG,2021,203118,29.0,PF,Helper,0.33,Collins 26' 3PT Jump Shot (12 PTS) (Young 8 AST),PF,Post Scorer,1.36
Shot Chart Detail,22000153,419,203991,Clint Capela,1610612737,Atlanta Hawks,3,5,36,Missed Shot,Putback Layup Shot,2PT Field Goal,Restricted Area,Center(C),Less Than 8 ft.,0,0,0,1,0,20210111,ATL,PHI,22000153419,18240,0,203991|1628381|1629027|1629629|1629631,0,REG,2021,1630198|203118,24.0,,,,,C,Roll + Cut Big,0.59
Shot Chart Detail,22000153,473,1630233,Nathan Knight,1610612737,Atlanta Hawks,3,2,22,Missed Shot,Running Layup Shot,2PT Field Goal,Restricted Area,Center(C),Less Than 8 ft.,1,16,6,1,0,20210111,ATL,PHI,22000153473,20180,0,203524|1628981|1628989|1629164|1630233,0,REG,2021,203118,27.0,PF,Helper,0.33,MISS Knight 2' Running Layup,PF,Stretch Big,-0.19
Shot Chart Detail,22000153,614,203991,Clint Capela,1610612737,Atlanta Hawks,3,11,30,Missed Shot,Layup Shot,2PT Field Goal,Restricted Area,Center(C),Less Than 8 ft.,0,-8,-5,1,0,20210111,ATL,PHI,22000153614,14700,0,203991|1628381|1629027|1629629|1629631,0,REG,2021,203954|203118,15.0,,,,,C,Roll + Cut Big,0.59
Shot Chart Detail,22000157,8,203482,Kelly Olynyk,1610612748,Miami Heat,1,11,31,Missed Shot,Jump Shot,3PT Field Goal,Above the Break 3,Left Side Center(LC),24+ ft.,26,-168,201,1,0,20210112,PHI,MIA,220001578,290,0,203482|1629130|1629216|1629639|1630173,0,REG,2021,203118,0.0,PF,Helper,0.33,MISS Olynyk 26' 3PT Jump Shot,C-PF,Athletic Finisher,1.37
Shot Chart Detail,22000157,47,203482,Kelly Olynyk,1610612748,Miami Heat,1,7,27,Missed Shot,Jump Shot,3PT Field Goal,Above the Break 3,Left Side Center(LC),24+ ft.,25,-160,197,1,0,20210112,PHI,MIA,2200015747,2730,0,203482|1629130|1629216|1629639|1630173,0,REG,2021,203118,-3.0,PF,Helper,0.33,MISS Olynyk 25' 3PT Jump Shot,C-PF,Athletic Finisher,1.37
Shot Chart Detail,22000157,59,1629639,Tyler Herro,1610612748,Miami Heat,1,6,28,Made Shot,Running Finger Roll Layup Shot,2PT Field Goal,Restricted Area,Center(C),Less Than 8 ft.,1,-12,2,1,1,20210112,PHI,MIA,2200015759,3320,0,203482|1629130|1629216|1629639|1630173,0,REG,2021,203118,-7.0,PF,Helper,0.33,Herro 1' Running Finger Roll Layup (2 PTS),SG,Primary Ball Handler,-0.4
Shot Chart Detail,22000157,111,203482,Kelly Olynyk,1610612748,Miami Heat,1,2,41,Made Shot,Turnaround Bank Hook Shot,2PT Field Goal,In The Paint (Non-RA),Center(C),Less Than 8 ft.,5,52,16,1,1,20210112,PHI,MIA,22000157111,5590,0,2738|203482|1629622|1629639|1629735,0,REG,2021,203118,-9.0,PF,Helper,0.33,Olynyk 5' Turnaround Bank Hook Shot (2 PTS),C-PF,Athletic Finisher,1.37
Shot Chart Detail,22000157,198,1629216,Gabe Vincent,1610612748,Miami Heat,2,9,16,Made Shot,Pullup Jump shot,3PT Field Goal,Above the Break 3,Center(C),24+ ft.,26,18,262,1,1,20210112,PHI,MIA,22000157198,8840,0,203482|1629130|1629216|1629639|1630173,0,REG,2021,203118,2.0,PF,Helper,0.33,Vincent 26' 3PT Pullup Jump Shot (8 PTS),PG,Secondary Ball Handler,-1.03
Shot Chart Detail,22000157,204,203482,Kelly Olynyk,1610612748,Miami Heat,2,8,24,Missed Shot,Running Pull-Up Jump Shot,3PT Field Goal,Above the Break 3,Left Side Center(LC),24+ ft.,26,-141,221,1,0,20210112,PHI,MIA,22000157204,9360,0,203482|1629130|1629216|1629639|1630173,0,REG,2021,203118,-2.0,PF,Helper,0.33,MISS Olynyk 26' 3PT Running Pull-Up Jump Shot,C-PF,Athletic Finisher,1.37
Shot Chart Detail,22000157,217,1629639,Tyler Herro,1610612748,Miami Heat,2,8,3,Missed Shot,Jump Shot,2PT Field Goal,Mid-Range,Left Side(L),16-24 ft.,18,-187,-11,1,0,20210112,PHI,MIA,22000157217,9570,0,203482|1629130|1629622|1629639|1629735,0,REG,2021,203118|203954,-2.0,,,,,SG,Primary Ball Handler,-0.4
Shot Chart Detail,22000157,225,1629639,Tyler Herro,1610612748,Miami Heat,2,7,41,Made Shot,Running Finger Roll Layup Shot,2PT Field Goal,Restricted Area,Center(C),Less Than 8 ft.,1,-18,-4,1,1,20210112,PHI,MIA,22000157225,9790,0,203482|1629130|1629622|1629639|1629735,0,REG,2021,203118,0.0,PF,Helper,0.33,Herro 2' Running Finger Roll Layup (8 PTS),SG,Primary Ball Handler,-0.4
Shot Chart Detail,22000157,266,203482,Kelly Olynyk,1610612748,Miami Heat,2,4,48,Made Shot,Jump Shot,3PT Field Goal,Above the Break 3,Left Side Center(LC),24+ ft.,27,-179,209,1,1,20210112,PHI,MIA,22000157266,11520,0,203482|1629130|1629216|1629622|1630173,1,REG,2021,203118,7.0,PF,Helper,0.33,Olynyk 28' 3PT Jump Shot (5 PTS) (Robinson 1 AST),C-PF,Athletic Finisher,1.37
Shot Chart Detail,22000157,273,1630173,Precious Achiuwa,1610612748,Miami Heat,2,3,38,Made Shot,Alley Oop Layup shot,2PT Field Goal,Restricted Area,Center(C),Less Than 8 ft.,0,3,2,1,1,20210112,PHI,MIA,22000157273,12220,0,203482|1629130|1629216|1629622|1630173,1,REG,2021,203118,7.0,PF,Helper,0.33,Achiuwa Alley Oop Layup (5 PTS) (Olynyk 3 AST),PF,Roll + Cut Big,-1.76
Shot Chart Detail,22000157,425,203482,Kelly Olynyk,1610612748,Miami Heat,3,2,44,Made Shot,Jump Shot,3PT Field Goal,Above the Break 3,Center(C),24+ ft.,26,-71,251,1,1,20210112,PHI,MIA,22000157425,19960,0,2738|203482|1629130|1629622|1630173,1,REG,2021,203118,-4.0,PF,Helper,0.33,Olynyk 26' 3PT Jump Shot (13 PTS) (Iguodala 4 AST),C-PF,Athletic Finisher,1.37
Shot Chart Detail,22000157,443,203482,Kelly Olynyk,1610612748,Miami Heat,3,2,0,Made Shot,Layup Shot,2PT Field Goal,Restricted Area,Center(C),Less Than 8 ft.,0,-2,4,1,1,20210112,PHI,MIA,22000157443,20400,0,2738|203482|1629130|1629622|1630173,1,REG,2021,203118,-3.0,PF,Helper,0.33,Olynyk Layup (15 PTS) (Iguodala 5 AST),C-PF,Athletic Finisher,1.37
Shot Chart Detail,22000157,648,203482,Kelly Olynyk,1610612748,Miami Heat,4,0,0,Missed Shot,Jump Shot,3PT Field Goal,Above the Break 3,Left Side Center(LC),24+ ft.,25,-79,239,1,0,20210112,PHI,MIA,22000157648,28800,0,203482|1629130|1629216|1629639|1630173,0,REG,2021,203118,0.0,PF,Helper,0.33,MISS Olynyk 25' 3PT Jump Shot,C-PF,Athletic Finisher,1.37
Shot Chart Detail,22000157,682,203482,Kelly Olynyk,1610612748,Miami Heat,5,1,54,Missed Shot,Jump Shot,3PT Field Goal,Above the Break 3,Center(C),24+ ft.,30,-64,302,1,0,20210112,PHI,MIA,22000157682,30660,1,203482|1629130|1629216|1629639|1630173,0,REG,2021,203118,-3.0,PF,Helper,0.33,MISS Olynyk 31' 3PT Jump Shot,C-PF,Athletic Finisher,1.37
Shot Chart Detail,22000199,208,1629660,Ty Jerome,1610612760,Oklahoma City Thunder,2,8,22,Made Shot,Floating Jump shot,2PT Field Goal,Restricted Area,Center(C),Less Than 8 ft.,3,25,17,1,1,20210410,OKC,PHI,22000199208,9380,0,1629004|1629026|1629650|1629658|1629660,0,REG,2021,203118,-10.0,PF,Helper,0.33,Jerome 3' Floating Jump Shot (4 PTS),SG,Primary Ball Handler,-1.0
Shot Chart Detail,22000199,225,1629658,Jaylen Hoard,1610612760,Oklahoma City Thunder,2,6,57,Missed Shot,Jump Shot,3PT Field Goal,Left Corner 3,Left Side(L),24+ ft.,22,-222,0,1,0,20210410,OKC,PHI,22000199225,10230,0,1629004|1629026|1629650|1629658|1629660,0,REG,2021,203118,-10.0,PF,Helper,0.33,MISS Hoard 3PT Jump Shot,SF,Athletic Finisher,-1.17
Shot Chart Detail,22000199,490,1629026,Kenrich Williams,1610612760,Oklahoma City Thunder,4,11,2,Missed Shot,Jump Shot,3PT Field Goal,Above the Break 3,Left Side Center(LC),24+ ft.,26,-204,162,1,0,20210410,OKC,PHI,22000199490,22180,0,1628396|1629004|1629026|1629647|1629660,0,REG,2021,203118,-17.0,PF,Helper,0.33,MISS Williams 26' 3PT Jump Shot,PF,Athletic Finisher,-2.0
Shot Chart Detail,22000199,524,1629652,Luguentz Dort,1610612760,Oklahoma City Thunder,4,8,43,Missed Shot,Pullup Jump shot,3PT Field Goal,Above the Break 3,Right Side Center(RC),24+ ft.,25,100,233,1,0,20210410,OKC,PHI,22000199524,23570,0,1628396|1629004|1629647|1629652|1629660,0,REG,2021,203118,-20.0,PF,Helper,0.33,MISS Dort 25' 3PT Pullup Jump Shot,SG,Secondary Ball Handler,-0.95
Shot Chart Detail,22000199,527,1629647,Darius Bazley,1610612760,Oklahoma City Thunder,4,8,18,Made Shot,Pullup Jump shot,3PT Field Goal,Above the Break 3,Left Side Center(LC),24+ ft.,26,-163,204,1,1,20210410,OKC,PHI,22000199527,23820,0,1628396|1629004|1629647|1629652|1629660,1,REG,2021,203118,-17.0,PF,Helper,0.33,Bazley 26' 3PT Pullup Jump Shot (17 PTS) (Bradley 1 AST),PF,Secondary Ball Handler,-2.29
Shot Chart Detail,22000199,572,1629660,Ty Jerome,1610612760,Oklahoma City Thunder,4,4,41,Made Shot,Jump Shot,3PT Field Goal,Right Corner 3,Right Side(R),24+ ft.,22,223,5,1,1,20210410,OKC,PHI,22000199572,25990,0,1629620|1629647|1629658|1629660|1630177,1,REG,2021,203118,-19.0,PF,Helper,0.33,Jerome 3PT Jump Shot (12 PTS) (Maledon 5 AST),SG,Primary Ball Handler,-1.0
Shot Chart Detail,22000406,155,202734,E'Twaun Moore,1610612756,Phoenix Suns,2,10,34,Made Shot,Running Layup Shot,2PT Field Goal,Restricted Area,Center(C),Less Than 8 ft.,3,22,27,1,1,20210213,PHX,PHI,22000406155,8060,0,101108|202734|203109|203967|1629661,1,REG,2021,203118,-3.0,PF,Helper,0.33,Moore 3' Running Layup (4 PTS) (Saric 3 AST),SG,Secondary Ball Handler,-1.35
Shot Chart Detail,22000406,455,203109,Jae Crowder,1610612756,Phoenix Suns,4,10,12,Missed Shot,Step Back Jump shot,3PT Field Goal,Above the Break 3,Center(C),24+ ft.,25,74,243,1,0,20210213,PHX,PHI,22000406455,22680,0,101108|202734|203109|203967|1629661,0,REG,2021,203118,9.0,PF,Helper,0.33,MISS Crowder 25' 3PT Step Back Jump Shot,PF,Movement Shooter,-0.56
Shot Chart Detail,22000406,571,1629028,Deandre Ayton,1610612756,Phoenix Suns,4,1,31,Made Shot,Layup Shot,2PT Field Goal,Restricted Area,Center(C),Less Than 8 ft.,1,17,9,1,1,20210213,PHX,PHI,22000406571,27890,0,101108|203109|1626164|1629028|1629661,1,REG,2021,203118,14.0,PF,Helper,0.33,Ayton 2' Layup (11 PTS) (Paul 10 AST),C,Post Scorer,0.24
Shot Chart Detail,22000423,11,1628378,Donovan Mitchell,1610612762,Utah Jazz,1,11,26,Missed Shot,Floating Jump shot,2PT Field Goal,Mid-Range,Right Side(R),8-16 ft.,10,101,6,1,0,20210215,UTA,PHI,2200042311,340,0,202711|203497|204060|1626220|1628378,0,REG,2021,203118,0.0,PF,Helper,0.33,MISS Mitchell 10' Floating Jump Shot,PG,Primary Ball Handler,3.73
Shot Chart Detail,22000423,39,203497,Rudy Gobert,1610612762,Utah Jazz,1,8,11,Made Shot,Cutting Dunk Shot,2PT Field Goal,Restricted Area,Center(C),Less Than 8 ft.,1,14,1,1,1,20210215,UTA,PHI,2200042339,2290,0,202711|203497|204060|1626220|1628378,1,REG,2021,203118,-3.0,PF,Helper,0.33,Gobert 1' Cutting Dunk Shot (4 PTS) (Ingles 1 AST),C,Roll + Cut Big,1.2
Shot Chart Detail,22000423,246,203903,Jordan Clarkson,1610612762,Utah Jazz,2,4,18,Missed Shot,Jump Shot,3PT Field Goal,Above the Break 3,Left Side Center(LC),24+ ft.,28,-92,265,1,0,20210215,UTA,PHI,22000423246,11820,0,202324|202711|203903|1626220|1628378,0,REG,2021,203118,2.0,PF,Helper,0.33,MISS Clarkson 28' 3PT Jump Shot,SG,Shot Creator,2.12
Shot Chart Detail,22000423,262,202711,Bojan Bogdanovic,1610612762,Utah Jazz,2,3,27,Missed Shot,Running Jump Shot,3PT Field Goal,Above the Break 3,Left Side Center(LC),24+ ft.,25,-225,127,1,0,20210215,UTA,PHI,22000423262,12330,0,202324|202711|204060|1626220|1628378,0,REG,2021,203118,2.0,PF,Helper,0.33,MISS Bogdanovic 26' 3PT Running Jump Shot,SF,Movement Shooter,1.14
Shot Chart Detail,22000423,345,1628378,Donovan Mitchell,1610612762,Utah Jazz,3,10,16,Missed Shot,Pullup Jump shot,3PT Field Goal,Above the Break 3,Center(C),24+ ft.,25,-37,248,1,0,20210215,UTA,PHI,22000423345,15440,0,202711|203497|204060|1626220|1628378,0,REG,2021,203118,7.0,PF,Helper,0.33,MISS Mitchell 25' 3PT Pullup Jump Shot,PG,Primary Ball Handler,3.73
Shot Chart Detail,22000423,379,1628378,Donovan Mitchell,1610612762,Utah Jazz,3,8,17,Made Shot,Driving Floating Jump Shot,2PT Field Goal,In The Paint (Non-RA),Center(C),Less Than 8 ft.,6,-40,48,1,1,20210215,UTA,PHI,22000423379,16630,0,202711|203497|204060|1626220|1628378,1,REG,2021,201980|203118,11.0,,,,,PG,Primary Ball Handler,3.73
Shot Chart Detail,22000439,186,203463,Ben McLemore,1610612745,Houston Rockets,2,10,46,Missed Shot,Jump Shot,3PT Field Goal,Left Corner 3,Left Side(L),24+ ft.,23,-231,-4,1,0,20210217,PHI,HOU,22000439186,7940,0,201569|203463|1628021|1628425|1630256,0,REG,2021,203118,-16.0,PF,Helper,0.33,MISS McLemore 3PT Jump Shot,SG,Off Screen Shooter,0.22
Shot Chart Detail,22000439,207,203463,Ben McLemore,1610612745,Houston Rockets,2,9,22,Made Shot,Running Layup Shot,2PT Field Goal,Restricted Area,Center(C),Less Than 8 ft.,0,-7,6,1,1,20210217,PHI,HOU,22000439207,8780,0,203463|1628021|1628425|1630222|1630256,0,REG,2021,203118,-9.0,PF,Helper,0.33,McLemore 1' Running Layup (2 PTS),SG,Off Screen Shooter,0.22
Shot Chart Detail,22000439,231,1628425,Sterling Brown,1610612745,Houston Rockets,2,7,25,Missed Shot,Driving Layup Shot,2PT Field Goal,Restricted Area,Center(C),Less Than 8 ft.,1,-13,15,1,0,20210217,PHI,HOU,22000439231,9950,0,201569|202326|203463|1628425|1630222,0,REG,2021,1630198|203118,-12.0,,,,,SG,Movement Shooter,-1.83
Shot Chart Detail,22000439,523,203463,Ben McLemore,1610612745,Houston Rockets,4,9,26,Made Shot,Tip Layup Shot,2PT Field Goal,Restricted Area,Center(C),Less Than 8 ft.,0,0,0,1,1,20210217,PHI,HOU,22000439523,23140,0,201569|203463|1628021|1628425|1630256,0,REG,2021,1627788|1630198|203118,-16.0,,,,,SG,Off Screen Shooter,0.22
Shot Chart Detail,22000439,532,203463,Ben McLemore,1610612745,Houston Rockets,4,9,3,Missed Shot,Jump Shot,3PT Field Goal,Above the Break 3,Left Side Center(LC),24+ ft.,26,-135,226,1,0,20210217,PHI,HOU,22000439532,23370,0,201569|203463|1628021|1628425|1630256,0,REG,2021,203118,-16.0,PF,Helper,0.33,MISS McLemore 26' 3PT Jump Shot,SG,Off Screen Shooter,0.22
Shot Chart Detail,22000450,541,1627756,Denzel Valentine,1610612741,Chicago Bulls,4,8,37,Made Shot,Pullup Jump shot,3PT Field Goal,Above the Break 3,Right Side Center(RC),24+ ft.,26,98,246,1,1,20210219,PHI,CHI,22000450541,23630,0,203107|1627756|1627853|1628436|1629632,1,REG,2021,203118,-1.0,PF,Helper,0.33,Valentine 26' 3PT Pullup Jump Shot (3 PTS) (White 4 AST),SG,Movement Shooter,-0.86
Shot Chart Detail,22000484,157,203382,Aron Baynes,1610612761,Toronto Raptors,2,11,35,Missed Shot,Layup Shot,2PT Field Goal,In The Paint (Non-RA),Center(C),Less Than 8 ft.,4,-9,43,1,0,20210223,TOR,PHI,22000484157,7450,0,203382|1627761|1627783|1628384|1629056,0,REG,2021,2730|203118,-19.0,,,,,C,Stretch Big,-2.58
Shot Chart Detail,22000484,159,203382,Aron Baynes,1610612761,Toronto Raptors,2,11,31,Made Shot,Tip Layup Shot,2PT Field Goal,Restricted Area,Center(C),Less Than 8 ft.,0,0,0,1,1,20210223,TOR,PHI,22000484159,7490,0,203382|1627761|1627783|1628384|1629056,0,REG,2021,2730|1630198|203118,-17.0,,,,,C,Stretch Big,-2.58
Shot Chart Detail,22000484,173,1627783,Pascal Siakam,1610612761,Toronto Raptors,2,10,19,Made Shot,Cutting Dunk Shot,2PT Field Goal,Restricted Area,Center(C),Less Than 8 ft.,2,-17,23,1,1,20210223,TOR,PHI,22000484173,8210,0,203382|1627761|1627783|1628384|1629056,1,REG,2021,203118,-14.0,PF,Helper,0.33,Siakam 3' Cutting Dunk Shot (6 PTS) (Bembry 1 AST),PF,Shot Creator,1.52
Shot Chart Detail,22000484,464,1628384,OG Anunoby,1610612761,Toronto Raptors,3,0,0,Missed Shot,Pullup Jump shot,3PT Field Goal,Above the Break 3,Center(C),24+ ft.,26,32,264,1,0,20210223,TOR,PHI,22000484464,21600,0,1627761|1627783|1628384|1628449|1629056,0,REG,2021,203118,-14.0,PF,Helper,0.33,MISS Anunoby 27' 3PT Pullup Jump Shot,SF,Shot Creator,-1.3
Shot Chart Detail,22000484,485,1629056,Terence Davis,1610612761,Toronto Raptors,4,10,26,Made Shot,Putback Layup Shot,2PT Field Goal,Restricted Area,Center(C),Less Than 8 ft.,1,17,4,1,1,20210223,TOR,PHI,22000484485,22540,0,1627761|1627783|1628384|1628449|1629056,0,REG,2021,203118,-12.0,PF,Helper,0.33,Davis 2' Putback Layup (5 PTS),SG,Movement Shooter,-0.57
Shot Chart Detail,22000484,492,1627761,DeAndre' Bembry,1610612761,Toronto Raptors,4,9,48,Missed Shot,Driving Layup Shot,2PT Field Goal,In The Paint (Non-RA),Center(C),Less Than 8 ft.,5,12,50,1,0,20210223,TOR,PHI,22000484492,22920,0,1627761|1627783|1628384|1628449|1629056,0,REG,2021,1629680|203118,-12.0,,,,,SF,Athletic Finisher,-1.91
Shot Chart Detail,22000498,538,1627827,Dorian Finney-Smith,1610612742,Dallas Mavericks,4,9,21,Missed Shot,Driving Floating Bank Jump Shot,2PT Field Goal,In The Paint (Non-RA),Center(C),Less Than 8 ft.,6,-40,47,1,0,20210225,PHI,DAL,22000498538,23190,0,203504|1626161|1626196|1627827|1628973,0,REG,2021,203118,-21.0,PF,Helper,0.33,MISS Finney-Smith 6' Driving Floating Bank Jump Shot,PF,Athletic Finisher,-0.26
Shot Chart Detail,22000513,82,1630171,Isaac Okoro,1610612739,Cleveland Cavaliers,1,4,15,Made Shot,Running Layup Shot,2PT Field Goal,Restricted Area,Center(C),Less Than 8 ft.,2,21,6,1,1,20210227,PHI,CLE,2200051382,4650,0,1628386|1629636|1629685|1630171|1630205,0,REG,2021,203118|203552,4.0,,,,,SG,Athletic Finisher,-2.32
Shot Chart Detail,22000513,190,1628422,Damyean Dotson,1610612739,Cleveland Cavaliers,2,9,48,Made Shot,Jump Shot,3PT Field Goal,Above the Break 3,Left Side Center(LC),24+ ft.,25,-199,162,1,1,20210227,PHI,CLE,22000513190,8520,0,201580|1628422|1629012|1629685|1630205,1,REG,2021,203118,10.0,PF,Helper,0.33,Dotson 26' 3PT Jump Shot (3 PTS) (McGee 1 AST),SG,Secondary Ball Handler,-1.38
Shot Chart Detail,22000513,379,1630171,Isaac Okoro,1610612739,Cleveland Cavaliers,3,8,5,Made Shot,Putback Layup Shot,2PT Field Goal,Restricted Area,Center(C),Less Than 8 ft.,1,1,11,1,1,20210227,PHI,CLE,22000513379,16750,0,1628386|1629012|1629636|1629731|1630171,0,REG,2021,203954|203118,5.0,,,,,SG,Athletic Finisher,-2.32
Shot Chart Detail,22000513,394,1628386,Jarrett Allen,1610612739,Cleveland Cavaliers,3,6,44,Made Shot,Alley Oop Layup shot,2PT Field Goal,Restricted Area,Center(C),Less Than 8 ft.,1,18,-5,1,1,20210227,PHI,CLE,22000513394,17560,0,1628386|1629012|1629636|1629731|1630171,1,REG,2021,203954|203118,4.0,,,,,C,Roll + Cut Big,-0.49
Shot Chart Detail,22000513,418,1629685,Dylan Windler,1610612739,Cleveland Cavaliers,3,5,7,Missed Shot,Jump Shot,3PT Field Goal,Left Corner 3,Left Side(L),24+ ft.,24,-228,87,1,0,20210227,PHI,CLE,22000513418,18530,0,1628386|1629012|1629636|1629685|1630171,0,REG,2021,203118,4.0,PF,Helper,0.33,MISS Windler 24' 3PT Jump Shot,SF,Athletic Finisher,-1.56
Shot Chart Detail,22000530,30,1626167,Myles Turner,1610612754,Indiana Pacers,1,9,31,Made Shot,Cutting Layup Shot,2PT Field Goal,Restricted Area,Center(C),Less Than 8 ft.,2,-18,11,1,1,20210301,PHI,IND,2200053030,1490,0,203200|203926|1626167|1627734|1627763,1,REG,2021,203118,4.0,PF,Helper,0.33,Turner 2' Cutting Layup Shot (4 PTS) (J. Holiday 1 AST),C,Stretch Big,-0.78
Shot Chart Detail,22000530,53,1626167,Myles Turner,1610612754,Indiana Pacers,1,6,50,Missed Shot,Jump Shot,3PT Field Goal,Left Corner 3,Left Side(L),24+ ft.,22,-226,-5,1,0,20210301,PHI,IND,2200053053,3100,0,203200|203926|1626167|1627734|1627763,0,REG,2021,203118,0.0,PF,Helper,0.33,MISS Turner 3PT Jump Shot,C,Stretch Big,-0.78
Shot Chart Detail,22000530,57,203926,Doug McDermott,1610612754,Indiana Pacers,1,6,24,Missed Shot,Jump Shot,3PT Field Goal,Above the Break 3,Left Side Center(LC),24+ ft.,25,-223,116,1,0,20210301,PHI,IND,2200053057,3360,0,203200|203926|1626167|1627734|1627763,0,REG,2021,203118,0.0,PF,Helper,0.33,MISS McDermott 25' 3PT Jump Shot,PF,Off Screen Shooter,0.94
Shot Chart Detail,22000530,73,1627734,Domantas Sabonis,1610612754,Indiana Pacers,1,5,12,Missed Shot,Jump Shot,3PT Field Goal,Above the Break 3,Left Side Center(LC),24+ ft.,25,-106,235,1,0,20210301,PHI,IND,2200053073,4080,0,203200|203926|1626167|1627734|1627763,0,REG,2021,203118,-2.0,PF,Helper,0.33,MISS Sabonis 26' 3PT Jump Shot,PF,Post Scorer,0.19
Shot Chart Detail,22000530,92,204456,T.J. McConnell,1610612754,Indiana Pacers,1,3,0,Missed Shot,Pullup Jump shot,2PT Field Goal,In The Paint (Non-RA),Center(C),Less Than 8 ft.,6,60,4,1,0,20210301,PHI,IND,2200053092,5400,0,203926|204456|1626167|1627763|1628410,0,REG,2021,203118,-2.0,PF,Helper,0.33,MISS McConnell 6' Pullup Jump Shot,PG,Slasher,0.85
Shot Chart Detail,22000530,305,1627734,Domantas Sabonis,1610612754,Indiana Pacers,2,1,12,Made Shot,Driving Reverse Layup Shot,2PT Field Goal,Restricted Area,Center(C),Less Than 8 ft.,1,10,5,1,1,20210301,PHI,IND,22000530305,13680,0,203200|203926|1626167|1627734|1627763,1,REG,2021,203118,-16.0,PF,Helper,0.33,Sabonis 1' Driving Reverse Layup (9 PTS) (Brogdon 3 AST),PF,Post Scorer,0.19
Shot Chart Detail,22000530,439,204456,T.J. McConnell,1610612754,Indiana Pacers,3,2,57,Missed Shot,Pullup Jump shot,2PT Field Goal,Mid-Range,Center(C),16-24 ft.,21,18,214,1,0,20210301,PHI,IND,22000530439,19830,0,204456|1626167|1627763|1628410|1628988,0,REG,2021,203118,-31.0,PF,Helper,0.33,MISS McConnell 21' Pullup Jump Shot,PG,Slasher,0.85
Shot Chart Detail,22000530,460,1627763,Malcolm Brogdon,1610612754,Indiana Pacers,3,1,32,Made Shot,Pullup Jump shot,2PT Field Goal,Mid-Range,Left Side(L),8-16 ft.,15,-152,9,1,1,20210301,PHI,IND,22000530460,20680,0,1626167|1627734|1627763|1628410|1628988,0,REG,2021,203118,-28.0,PF,Helper,0.33,Brogdon 15' Pullup Jump Shot (17 PTS),PG,Primary Ball Handler,2.46
Shot Chart Detail,22000530,463,1628410,Edmond Sumner,1610612754,Indiana Pacers,3,1,4,Made Shot,Driving Reverse Layup Shot,2PT Field Goal,Restricted Area,Center(C),Less Than 8 ft.,0,-4,3,1,1,20210301,PHI,IND,22000530463,20960,0,1626167|1627734|1627763|1628410|1628988,1,REG,2021,203118|1627788,-29.0,,,,,SG,Athletic Finisher,-1.72
Shot Chart Detail,22000545,115,1627777,Georges Niang,1610612762,Utah Jazz,1,1,40,Made Shot,Jump Shot,3PT Field Goal,Above the Break 3,Left Side Center(LC),24+ ft.,26,-169,205,1,1,20210303,PHI,UTA,22000545115,6200,0,201144|203497|203903|204060|1627777,1,REG,2021,203118,6.0,PF,Helper,0.33,Niang 27' 3PT Jump Shot (3 PTS) (Gobert 3 AST),PF,Movement Shooter,-0.46
Shot Chart Detail,22000545,150,201144,Mike Conley,1610612762,Utah Jazz,2,9,44,Made Shot,Driving Floating Jump Shot,2PT Field Goal,In The Paint (Non-RA),Center(C),8-16 ft.,9,11,99,1,1,20210303,PHI,UTA,22000545150,8560,0,201144|203497|203903|204060|1627777,0,REG,2021,203118,10.0,PF,Helper,0.33,Conley 10' Driving Floating Jump Shot (5 PTS),PG,Primary Ball Handler,2.75
Shot Chart Detail,22000545,158,1627777,Georges Niang,1610612762,Utah Jazz,2,8,27,Made Shot,Driving Floating Jump Shot,2PT Field Goal,In The Paint (Non-RA),Center(C),8-16 ft.,8,-8,80,1,1,20210303,PHI,UTA,22000545158,9330,0,201144|203497|203903|204060|1627777,1,REG,2021,203118,13.0,PF,Helper,0.33,Niang 8' Driving Floating Jump Shot (5 PTS) (Clarkson 2 AST),PF,Movement Shooter,-0.46
Shot Chart Detail,22000545,422,204060,Joe Ingles,1610612762,Utah Jazz,3,3,48,Made Shot,Driving Finger Roll Layup Shot,2PT Field Goal,Restricted Area,Center(C),Less Than 8 ft.,3,-28,25,1,1,20210303,PHI,UTA,22000545422,19320,0,203497|203903|204060|1626220|1628378,0,REG,2021,203118,8.0,PF,Helper,0.33,Ingles 4' Driving Finger Roll Layup (7 PTS),SF,Primary Ball Handler,1.57
Shot Chart Detail,22000545,446,1626220,Royce O'Neale,1610612762,Utah Jazz,3,1,35,Missed Shot,Jump Shot,3PT Field Goal,Left Corner 3,Left Side(L),24+ ft.,24,-235,59,1,0,20210303,PHI,UTA,22000545446,20650,0,203497|203903|204060|1626220|1628378,0,REG,2021,203118,7.0,PF,Helper,0.33,MISS O'Neale 24' 3PT Jump Shot,SF,Stationary Shooter,-0.66
Shot Chart Detail,22000545,503,201144,Mike Conley,1610612762,Utah Jazz,4,10,8,Missed Shot,Driving Layup Shot,2PT Field Goal,In The Paint (Non-RA),Center(C),Less Than 8 ft.,6,35,52,1,0,20210303,PHI,UTA,22000545503,22720,0,201144|202324|203903|204060|1628378,0,REG,2021,203118,2.0,PF,Helper,0.33,Howard BLOCK (1 BLK),PG,Primary Ball Handler,2.75
Shot Chart Detail,22000545,531,1628378,Donovan Mitchell,1610612762,Utah Jazz,4,8,29,Made Shot,Driving Floating Jump Shot,2PT Field Goal,In The Paint (Non-RA),Center(C),Less Than 8 ft.,4,9,44,1,1,20210303,PHI,UTA,22000545531,23710,0,202324|203903|204060|1626220|1628378,0,REG,2021,203118,-1.0,PF,Helper,0.33,Mitchell 4' Driving Floating Jump Shot (26 PTS),PG,Primary Ball Handler,3.73
Shot Chart Detail,22000572,207,1628374,Lauri Markkanen,1610612741,Chicago Bulls,2,9,12,Made Shot,Jump Shot,3PT Field Goal,Above the Break 3,Left Side Center(LC),24+ ft.,26,-122,234,1,1,20210311,CHI,PHI,22000572207,8880,0,202066|1628374|1629632|1629655|1630172,1,REG,2021,203118,-9.0,PF,Helper,0.33,Markkanen 26' 3PT Jump Shot (8 PTS) (Temple 1 AST),PF,Movement Shooter,-0.48
Shot Chart Detail,22000572,469,203490,Otto Porter Jr.,1610612741,Chicago Bulls,3,0,25,Missed Shot,Jump Shot,3PT Field Goal,Above the Break 3,Left Side Center(LC),24+ ft.,26,-125,228,1,0,20210311,CHI,PHI,22000572469,21350,0,201152|202066|203107|203490|1629632,0,REG,2021,203118,-12.0,PF,Helper,0.33,MISS Porter Jr. 26' 3PT Jump Shot,SF-PF,Athletic Finisher,-0.28
Shot Chart Detail,22000572,497,1628374,Lauri Markkanen,1610612741,Chicago Bulls,4,11,10,Missed Shot,Jump Shot,2PT Field Goal,In The Paint (Non-RA),Center(C),Less Than 8 ft.,4,47,15,1,0,20210311,CHI,PHI,22000572497,22100,0,202066|203107|1628374|1628436|1629632,0,REG,2021,203118,-14.0,PF,Helper,0.33,MISS Markkanen 5' Jump Shot,PF,Movement Shooter,-0.48
Shot Chart Detail,22000572,558,1628374,Lauri Markkanen,1610612741,Chicago Bulls,4,6,12,Made Shot,Jump Shot,3PT Field Goal,Above the Break 3,Right Side Center(RC),24+ ft.,25,154,207,1,1,20210311,CHI,PHI,22000572558,25080,0,203897|1627853|1628374|1629655|1630172,1,REG,2021,203118,-21.0,PF,Helper,0.33,Markkanen 26' 3PT Jump Shot (23 PTS) (LaVine 7 AST),PF,Movement Shooter,-0.48
Shot Chart Detail,22000579,174,202722,Davis Bertans,1610612764,Washington Wizards,2,11,24,Made Shot,Jump Shot,3PT Field Goal,Above the Break 3,Right Side Center(RC),24+ ft.,26,123,230,1,1,20210312,WAS,PHI,22000579174,7560,0,201566|201577|202722|203526|1630166,1,REG,2021,203118,-16.0,PF,Helper,0.33,Bertans 26' 3PT Jump Shot (3 PTS) (Westbrook 2 AST),PF,Off Screen Shooter,0.7
Shot Chart Detail,22000579,572,203458,Alex Len,1610612764,Washington Wizards,4,4,11,Made Shot,Reverse Layup Shot,2PT Field Goal,Restricted Area,Center(C),Less Than 8 ft.,2,20,13,1,1,20210312,WAS,PHI,22000579572,26290,0,203458|1628972|1629067|1630166|1630216,0,REG,2021,203118,-27.0,PF,Helper,0.33,Len 2' Reverse Layup (2 PTS),C,Roll + Cut Big,-2.37
Shot Chart Detail,22000595,528,1628966,Keita Bates-Diop,1610612759,San Antonio Spurs,4,9,41,Missed Shot,Jump Shot,3PT Field Goal,Above the Break 3,Center(C),24+ ft.,26,-76,249,1,0,20210314,PHI,SAS,22000595528,22990,0,1628966|1629234|1629677|1629683|1630200,0,REG,2021,203118,-39.0,PF,Helper,0.33,MISS Bates-Diop 26' 3PT Jump Shot,SF,Athletic Finisher,-1.54
Shot Chart Detail,22000595,545,1629677,Luka Samanic,1610612759,San Antonio Spurs,4,8,22,Made Shot,Driving Dunk Shot,2PT Field Goal,Restricted Area,Center(C),Less Than 8 ft.,1,8,8,1,1,20210314,PHI,SAS,22000595545,23780,0,1628966|1629234|1629677|1629683|1630200,0,REG,2021,203118,-38.0,PF,Helper,0.33,Samanic 1' Driving Dunk (7 PTS),PF,Athletic Finisher,-1.34
Shot Chart Detail,22000611,180,1630167,Obi Toppin,1610612752,New York Knicks,2,8,58,Missed Shot,Driving Dunk Shot,2PT Field Goal,Restricted Area,Center(C),Less Than 8 ft.,1,13,-1,1,0,20210316,PHI,NYK,22000611180,9020,0,201959|202692|203493|1628373|1630167,0,REG,2021,203118,4.0,PF,Helper,0.33,MISS Toppin 1' Driving Dunk,PF,Athletic Finisher,-0.82
Shot Chart Detail,22000611,491,1629628,RJ Barrett,1610612752,New York Knicks,3,0,44,Made Shot,Running Layup Shot,2PT Field Goal,Restricted Area,Center(C),Less Than 8 ft.,2,16,16,1,1,20210316,PHI,NYK,22000611491,21160,0,201959|202692|203944|1628373|1629628,1,REG,2021,203118,9.0,PF,Helper,0.33,Barrett 2' Running Layup (13 PTS) (Randle 7 AST),SG,Slasher,-1.12
Shot Chart Detail,22000611,494,203944,Julius Randle,1610612752,New York Knicks,3,0,30,Missed Shot,Running Layup Shot,2PT Field Goal,In The Paint (Non-RA),Center(C),Less Than 8 ft.,5,-4,57,1,0,20210316,PHI,NYK,22000611494,21300,0,201959|202692|203944|1628373|1629628,0,REG,2021,1629680|203118,9.0,,,,,PF,Shot Creator,0.15
Shot Chart Detail,22000611,547,203944,Julius Randle,1610612752,New York Knicks,4,7,50,Missed Shot,Turnaround Fadeaway shot,2PT Field Goal,Mid-Range,Right Side(R),8-16 ft.,14,137,38,1,0,20210316,PHI,NYK,22000611547,24100,0,201959|202692|203944|1628373|1629628,0,REG,2021,203118,4.0,PF,Helper,0.33,MISS Randle 14' Turnaround Fadeaway Shot,PF,Shot Creator,0.15
Shot Chart Detail,22000618,178,1628978,Donte DiVincenzo,1610612749,Milwaukee Bucks,2,11,38,Missed Shot,Driving Layup Shot,2PT Field Goal,Restricted Area,Center(C),Less Than 8 ft.,1,-13,11,1,0,20210317,PHI,MIL,22000618178,7420,0,201572|203114|1626171|1627854|1628978,0,REG,2021,203118,-7.0,PF,Helper,0.33,MISS DiVincenzo 2' Driving Layup,SG,Athletic Finisher,0.81
Shot Chart Detail,22000618,189,1626171,Bobby Portis,1610612749,Milwaukee Bucks,2,10,43,Missed Shot,Driving Hook Shot,2PT Field Goal,In The Paint (Non-RA),Center(C),Less Than 8 ft.,6,16,63,1,0,20210317,PHI,MIL,22000618189,7970,0,201572|203114|1626171|1627854|1628978,0,REG,2021,203118,-7.0,PF,Helper,0.33,MISS Portis 7' Driving Hook Shot,C,Post Scorer,0.05
Shot Chart Detail,22000618,198,203114,Khris Middleton,1610612749,Milwaukee Bucks,2,9,52,Missed Shot,Driving Finger Roll Layup Shot,2PT Field Goal,Restricted Area,Center(C),Less Than 8 ft.,3,34,-5,1,0,20210317,PHI,MIL,22000618198,8480,0,201572|203114|1626171|1627854|1628978,0,REG,2021,1629680|203118,-11.0,,,,,SF,Shot Creator,1.51
Shot Chart Detail,22000641,133,1630169,Tyrese Haliburton,1610612758,Sacramento Kings,1,1,36,Made Shot,Driving Finger Roll Layup Shot,2PT Field Goal,Restricted Area,Center(C),Less Than 8 ft.,1,5,11,1,1,20210320,PHI,SAC,22000641133,6240,0,202355|202357|202709|1629713|1630169,1,REG,2021,2730|1629680|203118,-16.0,,,,,PG,Primary Ball Handler,0.26
Shot Chart Detail,22000641,169,202357,Nemanja Bjelica,1610612758,Sacramento Kings,2,10,54,Missed Shot,Jump Shot,3PT Field Goal,Above the Break 3,Right Side Center(RC),24+ ft.,26,162,209,1,0,20210320,PHI,SAC,22000641169,7860,0,202357|202709|1626158|1628368|1629713,0,REG,2021,203118,-23.0,PF,Helper,0.33,MISS Bjelica 26' 3PT Jump Shot,PF,Stretch Big,-0.09
Shot Chart Detail,22000641,481,202357,Nemanja Bjelica,1610612758,Sacramento Kings,3,0,51,Made Shot,Running Layup Shot,2PT Field Goal,Restricted Area,Center(C),Less Than 8 ft.,1,-9,9,1,1,20210320,PHI,SAC,22000641481,21090,0,202355|202357|202709|1629713|1630169,1,REG,2021,203118,-26.0,PF,Helper,0.33,Bjelica 1' Running Layup (4 PTS) (Joseph 7 AST),PF,Stretch Big,-0.09
Shot Chart Detail,22000641,487,202357,Nemanja Bjelica,1610612758,Sacramento Kings,3,0,27,Made Shot,Driving Floating Jump Shot,2PT Field Goal,In The Paint (Non-RA),Center(C),8-16 ft.,9,5,95,1,1,20210320,PHI,SAC,22000641487,21330,0,202355|202357|202709|1629713|1630169,1,REG,2021,203118,-24.0,PF,Helper,0.33,Bjelica 10' Driving Floating Jump Shot (6 PTS) (Haliburton 3 AST),PF,Stretch Big,-0.09
Shot Chart Detail,22000650,96,203944,Julius Randle,1610612752,New York Knicks,1,3,36,Made Shot,Jump Shot,3PT Field Goal,Above the Break 3,Left Side Center(LC),24+ ft.,24,-107,223,1,1,20210321,NYK,PHI,2200065096,5040,0,203493|203944|1628373|1629011|1629628,1,REG,2021,203118,-8.0,PF,Helper,0.33,Randle 25' 3PT Jump Shot (7 PTS) (Bullock 2 AST),PF,Shot Creator,0.15
Shot Chart Detail,22000650,112,203944,Julius Randle,1610612752,New York Knicks,1,2,17,Missed Shot,Hook Shot,2PT Field Goal,In The Paint (Non-RA),Center(C),Less Than 8 ft.,6,-2,68,1,0,20210321,NYK,PHI,22000650112,5830,0,202692|203944|1628373|1629011|1629628,0,REG,2021,203118,-8.0,PF,Helper,0.33,MISS Randle 7' Hook Shot,PF,Shot Creator,0.15
Shot Chart Detail,22000650,119,203944,Julius Randle,1610612752,New York Knicks,1,2,2,Missed Shot,Jump Shot,2PT Field Goal,Mid-Range,Right Side Center(RC),16-24 ft.,16,81,146,1,0,20210321,NYK,PHI,22000650119,5980,0,202692|203944|1628373|1629011|1629628,0,REG,2021,203118,-8.0,PF,Helper,0.33,MISS Randle 17' Jump Shot,PF,Shot Creator,0.15
Shot Chart Detail,22000650,432,1629628,RJ Barrett,1610612752,New York Knicks,3,4,18,Made Shot,Driving Layup Shot,2PT Field Goal,Restricted Area,Center(C),Less Than 8 ft.,2,-26,6,1,1,20210321,NYK,PHI,22000650432,19020,0,202692|203457|203944|1629628|1630193,0,REG,2021,203118,4.0,PF,Helper,0.33,Barrett 3' Driving Layup (13 PTS),SG,Slasher,-1.12
Shot Chart Detail,22000650,450,203944,Julius Randle,1610612752,New York Knicks,3,3,4,Made Shot,Turnaround Jump Shot,2PT Field Goal,In The Paint (Non-RA),Center(C),8-16 ft.,10,19,101,1,1,20210321,NYK,PHI,22000650450,19760,0,202692|203457|203944|1629628|1630193,0,REG,2021,203118,5.0,PF,Helper,0.33,Randle 10' Turnaround Jump Shot (15 PTS),PF,Shot Creator,0.15
Shot Chart Detail,22000650,467,203944,Julius Randle,1610612752,New York Knicks,3,0,37,Missed Shot,Jump Shot,3PT Field Goal,Above the Break 3,Left Side Center(LC),24+ ft.,25,-130,221,1,0,20210321,NYK,PHI,22000650467,21230,0,202692|203457|203944|1629628|1630193,0,REG,2021,203118,2.0,PF,Helper,0.33,MISS Randle 26' 3PT Jump Shot,PF,Shot Creator,0.15
Shot Chart Detail,22000650,507,202692,Alec Burks,1610612752,New York Knicks,4,9,56,Missed Shot,Driving Floating Jump Shot,2PT Field Goal,In The Paint (Non-RA),Center(C),8-16 ft.,13,61,126,1,0,20210321,NYK,PHI,22000650507,22840,0,202692|203493|203944|1628373|1629011,0,REG,2021,203118,-4.0,PF,Helper,0.33,MISS Burks 14' Driving Floating Jump Shot,SG,Secondary Ball Handler,0.36
Shot Chart Detail,22000650,512,202692,Alec Burks,1610612752,New York Knicks,4,9,16,Made Shot,Driving Layup Shot,2PT Field Goal,Restricted Area,Center(C),Less Than 8 ft.,3,17,27,1,1,20210321,NYK,PHI,22000650512,23240,0,202692|203493|203944|1628373|1629011,0,REG,2021,203118,-4.0,PF,Helper,0.33,Burks 3' Driving Layup (10 PTS),SG,Secondary Ball Handler,0.36
Shot Chart Detail,22000650,528,203944,Julius Randle,1610612752,New York Knicks,4,7,48,Missed Shot,Jump Shot,2PT Field Goal,In The Paint (Non-RA),Center(C),8-16 ft.,10,29,100,1,0,20210321,NYK,PHI,22000650528,24120,0,202692|203493|203944|1628373|1629011,0,REG,2021,1629680|203118,-5.0,,,,,PF,Shot Creator,0.15
Shot Chart Detail,22000650,533,203944,Julius Randle,1610612752,New York Knicks,4,7,17,Made Shot,Jump Shot,3PT Field Goal,Above the Break 3,Left Side Center(LC),24+ ft.,25,-162,198,1,1,20210321,NYK,PHI,22000650533,24430,0,202692|203493|203944|1628373|1629011,1,REG,2021,203118,-2.0,PF,Helper,0.33,Randle 26' 3PT Jump Shot (18 PTS) (Burks 2 AST),PF,Shot Creator,0.15
Shot Chart Detail,22000650,692,202692,Alec Burks,1610612752,New York Knicks,5,0,40,Missed Shot,Jump Shot,2PT Field Goal,Mid-Range,Right Side(R),8-16 ft.,15,103,119,1,0,20210321,NYK,PHI,22000650692,31400,1,202692|203457|203493|203944|1629628,0,REG,2021,203118,1.0,PF,Helper,0.33,MISS Burks 16' Jump Shot,SG,Secondary Ball Handler,0.36
Shot Chart Detail,22000665,153,203145,Kent Bazemore,1610612744,Golden State Warriors,1,0,31,Made Shot,Running Finger Roll Layup Shot,2PT Field Goal,Restricted Area,Center(C),Less Than 8 ft.,2,-1,27,1,1,20210323,GSW,PHI,22000665153,6890,0,203145|203952|1626172|1627814|1630185,1,REG,2021,203118,-18.0,PF,Helper,0.33,Bazemore 3' Running Finger Roll Layup (2 PTS) (Mannion 2 AST),SF,Athletic Finisher,-1.85
Shot Chart Detail,22000665,157,203145,Kent Bazemore,1610612744,Golden State Warriors,1,0,1,Missed Shot,Pullup Jump shot,3PT Field Goal,Above the Break 3,Center(C),24+ ft.,28,-85,273,1,0,20210323,GSW,PHI,22000665157,7190,0,203145|203952|1626172|1627814|1630185,0,REG,2021,203118,-18.0,PF,Helper,0.33,MISS Bazemore 29' 3PT Pullup Jump Shot,SF,Athletic Finisher,-1.85
Shot Chart Detail,22000665,182,1630185,Nico Mannion,1610612744,Golden State Warriors,2,10,19,Made Shot,Running Layup Shot,2PT Field Goal,Restricted Area,Center(C),Less Than 8 ft.,2,6,23,1,1,20210323,GSW,PHI,22000665182,8210,0,1626162|1626172|1627814|1629673|1630185,1,REG,2021,203118,-17.0,PF,Helper,0.33,Mannion 2' Running Layup (4 PTS) (Oubre Jr. 2 AST),PG,Primary Ball Handler,-1.11
Shot Chart Detail,22000665,450,203145,Kent Bazemore,1610612744,Golden State Warriors,3,3,45,Missed Shot,Jump Shot,2PT Field Goal,Mid-Range,Left Side(L),8-16 ft.,11,-116,-1,1,0,20210323,GSW,PHI,22000665450,19350,0,203110|203145|1626162|1629673|1630164,0,REG,2021,203118,2.0,PF,Helper,0.33,MISS Bazemore 12' Jump Shot,SF,Athletic Finisher,-1.85
Shot Chart Detail,22000665,504,1627814,Damion Lee,1610612744,Golden State Warriors,3,1,10,Made Shot,Pullup Jump shot,2PT Field Goal,Mid-Range,Left Side Center(LC),16-24 ft.,22,-91,205,1,1,20210323,GSW,PHI,22000665504,20900,0,203145|1626162|1626172|1627814|1630185,1,REG,2021,1629680|203118,6.0,,,,,SG,Off Screen Shooter,-1.1
Shot Chart Detail,22000681,21,201188,Marc Gasol,1610612747,Los Angeles Lakers,1,10,27,Made Shot,Jump Shot,3PT Field Goal,Above the Break 3,Center(C),24+ ft.,25,0,258,1,1,20210325,LAL,PHI,2200068121,930,0,201188|202693|203471|203484|1628398,1,REG,2021,203118,5.0,PF,Helper,0.33,Gasol 26' 3PT Jump Shot (3 PTS) (Schroder 1 AST),C,Stretch Big,-1.86
Shot Chart Detail,22000681,283,203484,Kentavious Caldwell-Pope,1610612747,Los Angeles Lakers,2,5,3,Missed Shot,Driving Layup Shot,2PT Field Goal,Restricted Area,Center(C),Less Than 8 ft.,1,15,12,1,0,20210325,LAL,PHI,22000681283,11370,0,201188|202083|203484|1627936|1628398,0,REG,2021,201980|203118,-3.0,,,,,SG,Movement Shooter,-1.57
Shot Chart Detail,22000681,288,201188,Marc Gasol,1610612747,Los Angeles Lakers,2,4,53,Missed Shot,Jump Shot,3PT Field Goal,Above the Break 3,Left Side Center(LC),24+ ft.,29,-147,253,1,0,20210325,LAL,PHI,22000681288,11470,0,201188|202083|203484|1627936|1628398,0,REG,2021,203118,-3.0,PF,Helper,0.33,MISS Gasol 29' 3PT Jump Shot,C,Stretch Big,-1.86
Shot Chart Detail,22000681,303,203471,Dennis Schröder,1610612747,Los Angeles Lakers,2,3,34,Missed Shot,Pullup Jump shot,2PT Field Goal,Mid-Range,Right Side(R),8-16 ft.,8,84,-1,1,0,20210325,LAL,PHI,22000681303,12260,0,201188|202083|203471|203484|1628398,0,REG,2021,203118,-3.0,PF,Helper,0.33,MISS Schroder 8' Pullup Jump Shot,SG,Slasher,-0.56
Shot Chart Detail,22000681,330,1626149,Montrezl Harrell,1610612747,Los Angeles Lakers,2,1,38,Missed Shot,Cutting Layup Shot,2PT Field Goal,Restricted Area,Center(C),Less Than 8 ft.,2,-20,10,1,0,20210325,LAL,PHI,22000681330,13420,0,202083|203471|203484|1626149|1628398,0,REG,2021,203118,-9.0,PF,Helper,0.33,MISS Harrell 2' Cutting Layup Shot,C,Post Scorer,0.53
Shot Chart Detail,22000681,382,203484,Kentavious Caldwell-Pope,1610612747,Los Angeles Lakers,3,10,26,Made Shot,Driving Layup Shot,2PT Field Goal,Restricted Area,Center(C),Less Than 8 ft.,2,-22,10,1,1,20210325,LAL,PHI,22000681382,15340,0,201188|202693|203471|203484|1628398,0,REG,2021,203118,-4.0,PF,Helper,0.33,Caldwell-Pope 2' Driving Layup (14 PTS),SG,Movement Shooter,-1.57
Shot Chart Detail,22000681,401,1628398,Kyle Kuzma,1610612747,Los Angeles Lakers,3,8,6,Made Shot,Running Layup Shot,2PT Field Goal,Restricted Area,Center(C),Less Than 8 ft.,1,-14,9,1,1,20210325,LAL,PHI,22000681401,16740,0,201188|202693|203471|203484|1628398,1,REG,2021,1627732|203118,-8.0,,,,,SF,Athletic Finisher,-1.12
Shot Chart Detail,22000681,585,1626149,Montrezl Harrell,1610612747,Los Angeles Lakers,4,9,7,Made Shot,Driving Layup Shot,2PT Field Goal,Restricted Area,Center(C),Less Than 8 ft.,2,-14,15,1,1,20210325,LAL,PHI,22000681585,23330,0,202083|203471|1626149|1628398|1629659,0,REG,2021,203118,-13.0,PF,Helper,0.33,Harrell 2' Driving Layup (12 PTS),C,Post Scorer,0.53
Shot Chart Detail,22000681,587,1629659,Talen Horton-Tucker,1610612747,Los Angeles Lakers,4,8,31,Missed Shot,Driving Finger Roll Layup Shot,2PT Field Goal,Restricted Area,Center(C),Less Than 8 ft.,1,-14,9,1,0,20210325,LAL,PHI,22000681587,23690,0,202083|203471|1626149|1628398|1629659,0,REG,2021,1629003|203118,-15.0,,,,,SG,Slasher,-0.98
Shot Chart Detail,22000681,594,203471,Dennis Schröder,1610612747,Los Angeles Lakers,4,7,37,Missed Shot,Jump Shot,3PT Field Goal,Above the Break 3,Center(C),24+ ft.,25,-18,252,1,0,20210325,LAL,PHI,22000681594,24230,0,202083|203471|1626149|1628398|1629659,0,REG,2021,203118,-15.0,PF,Helper,0.33,MISS Schroder 25' 3PT Jump Shot,SG,Slasher,-0.56
Shot Chart Detail,22000681,607,1626149,Montrezl Harrell,1610612747,Los Angeles Lakers,4,6,59,Made Shot,Alley Oop Layup shot,2PT Field Goal,Restricted Area,Center(C),Less Than 8 ft.,2,-20,6,1,1,20210325,LAL,PHI,22000681607,24610,0,202083|203471|203484|1626149|1628398,1,REG,2021,203118,-14.0,PF,Helper,0.33,Harrell 2' Alley Oop Layup (14 PTS) (Schroder 9 AST),C,Post Scorer,0.53
Shot Chart Detail,22000681,621,1626149,Montrezl Harrell,1610612747,Los Angeles Lakers,4,5,51,Made Shot,Tip Layup Shot,2PT Field Goal,Restricted Area,Center(C),Less Than 8 ft.,0,0,0,1,1,20210325,LAL,PHI,22000681621,25290,0,202083|203471|203484|1626149|1628398,0,REG,2021,203118,-10.0,PF,Helper,0.33,Harrell Tip Layup Shot (16 PTS),C,Post Scorer,0.53
Shot Chart Detail,22000681,629,203471,Dennis Schröder,1610612747,Los Angeles Lakers,4,4,21,Missed Shot,Driving Layup Shot,2PT Field Goal,Restricted Area,Center(C),Less Than 8 ft.,2,20,17,1,0,20210325,LAL,PHI,22000681629,26190,0,202083|203471|203484|1626149|1628398,0,REG,2021,203118,-12.0,PF,Helper,0.33,MISS Schroder 3' Driving Layup,SG,Slasher,-0.56
Shot Chart Detail,22000681,635,1626149,Montrezl Harrell,1610612747,Los Angeles Lakers,4,4,4,Missed Shot,Layup Shot,2PT Field Goal,Restricted Area,Center(C),Less Than 8 ft.,2,23,9,1,0,20210325,LAL,PHI,22000681635,26360,0,202083|203471|203484|1626149|1628398,0,REG,2021,203118,-12.0,PF,Helper,0.33,MISS Harrell 2' Layup,C,Post Scorer,0.53
Shot Chart Detail,22000681,661,1626149,Montrezl Harrell,1610612747,Los Angeles Lakers,4,2,22,Made Shot,Driving Hook Shot,2PT Field Goal,In The Paint (Non-RA),Center(C),Less Than 8 ft.,6,-29,58,1,1,20210325,LAL,PHI,22000681661,27380,0,202083|203471|203484|1626149|1628398,0,REG,2021,203118,-4.0,PF,Helper,0.33,Harrell 6' Driving Hook Shot (18 PTS),C,Post Scorer,0.53
Shot Chart Detail,22000681,663,1626149,Montrezl Harrell,1610612747,Los Angeles Lakers,4,1,51,Made Shot,Layup Shot,2PT Field Goal,Restricted Area,Center(C),Less Than 8 ft.,1,-15,11,1,1,20210325,LAL,PHI,22000681663,27690,0,202083|203471|203484|1626149|1628398,1,REG,2021,201980|203118,-4.0,,,,,C,Post Scorer,0.53
Shot Chart Detail,22000681,683,1628398,Kyle Kuzma,1610612747,Los Angeles Lakers,4,0,26,Missed Shot,Turnaround Fadeaway shot,3PT Field Goal,Right Corner 3,Right Side(R),24+ ft.,23,230,-2,1,0,20210325,LAL,PHI,22000681683,28540,0,202083|203471|203484|1626149|1628398,0,REG,2021,201980|203118,-6.0,,,,,SF,Athletic Finisher,-1.12
Shot Chart Detail,22000681,689,203471,Dennis Schröder,1610612747,Los Angeles Lakers,4,0,15,Missed Shot,Driving Layup Shot,2PT Field Goal,Restricted Area,Center(C),Less Than 8 ft.,1,11,15,1,0,20210325,LAL,PHI,22000681689,28650,0,202083|203471|203484|1626149|1628398,0,REG,2021,203118,-8.0,PF,Helper,0.33,MISS Schroder 2' Driving Layup,SG,Slasher,-0.56
Shot Chart Detail,22000701,19,202331,Paul George,1610612746,LA Clippers,1,10,14,Missed Shot,Driving Layup Shot,2PT Field Goal,Restricted Area,Center(C),Less Than 8 ft.,3,27,25,1,0,20210327,LAC,PHI,2200070119,1060,0,202331|202694|202695|202704|1627826,0,REG,2021,203118,-3.0,PF,Helper,0.33,MISS George 4' Driving Layup,SF,Shot Creator,2.44
Shot Chart Detail,22000701,21,1627826,Ivica Zubac,1610612746,LA Clippers,1,10,12,Missed Shot,Tip Layup Shot,2PT Field Goal,Restricted Area,Center(C),Less Than 8 ft.,0,0,0,1,0,20210327,LAC,PHI,2200070121,1080,0,202331|202694|202695|202704|1627826,0,REG,2021,203118,-3.0,PF,Helper,0.33,MISS Zubac Tip Layup Shot,C,Roll + Cut Big,-0.77
Shot Chart Detail,22000701,48,202704,Reggie Jackson,1610612746,LA Clippers,1,7,26,Missed Shot,Driving Floating Bank Jump Shot,2PT Field Goal,Mid-Range,Left Side(L),8-16 ft.,12,-82,89,1,0,20210327,LAC,PHI,2200070148,2740,0,202331|202694|202695|202704|1627826,0,REG,2021,203118,-7.0,PF,Helper,0.33,MISS Jackson 12' Driving Floating Bank Jump Shot,SG,Primary Ball Handler,0.64
Shot Chart Detail,22000701,63,1627826,Ivica Zubac,1610612746,LA Clippers,1,9,36,Missed Shot,Tip Layup Shot,2PT Field Goal,Restricted Area,Center(C),Less Than 8 ft.,3,11,29,1,0,20210327,LAC,PHI,2200070163,1440,0,202331|202694|202695|202704|1627826,0,REG,2021,203118,-3.0,PF,Helper,0.33,MISS Zubac 3' Tip Layup Shot,C,Roll + Cut Big,-0.77
Shot Chart Detail,22000701,87,202695,Kawhi Leonard,1610612746,LA Clippers,1,5,16,Made Shot,Driving Dunk Shot,2PT Field Goal,Restricted Area,Center(C),Less Than 8 ft.,0,5,8,1,1,20210327,LAC,PHI,2200070187,4040,0,202331|202335|202694|202695|202704,1,REG,2021,203118,-8.0,PF,Helper,0.33,Leonard 1' Driving Dunk (4 PTS) (Patterson 1 AST),SF,Shot Creator,3.66
Shot Chart Detail,22000701,231,1629611,Terance Mann,1610612746,LA Clippers,2,6,46,Made Shot,Step Back Jump shot,3PT Field Goal,Left Corner 3,Left Side(L),24+ ft.,22,-229,17,1,1,20210327,LAC,PHI,22000701231,10340,0,201587|202331|202704|1627826|1629611,1,REG,2021,203118,1.0,PF,Helper,0.33,Mann 3PT Step Back Jump Shot (9 PTS) (Jackson 2 AST),SG,Athletic Finisher,0.09
Shot Chart Detail,22000701,277,202695,Kawhi Leonard,1610612746,LA Clippers,2,2,27,Made Shot,Fadeaway Jump Shot,2PT Field Goal,Mid-Range,Right Side(R),8-16 ft.,13,133,-6,1,1,20210327,LAC,PHI,22000701277,12930,0,201587|202331|202694|202695|1629611,0,REG,2021,203118,0.0,PF,Helper,0.33,Leonard 13' Fadeaway Jumper (14 PTS),SF,Shot Creator,3.66
Shot Chart Detail,22000701,318,202331,Paul George,1610612746,LA Clippers,3,11,6,Missed Shot,Pullup Jump shot,2PT Field Goal,In The Paint (Non-RA),Center(C),8-16 ft.,12,6,125,1,0,20210327,LAC,PHI,22000701318,14940,0,202331|202694|202695|202704|1627826,0,REG,2021,203118,7.0,PF,Helper,0.33,MISS George 13' Pullup Jump Shot,SF,Shot Creator,2.44
Shot Chart Detail,22000701,582,202695,Kawhi Leonard,1610612746,LA Clippers,4,6,14,Made Shot,Step Back Jump shot,2PT Field Goal,Mid-Range,Right Side Center(RC),16-24 ft.,17,130,113,1,1,20210327,LAC,PHI,22000701582,25060,0,201587|202331|202694|202695|1629611,0,REG,2021,203118,16.0,PF,Helper,0.33,Leonard 17' Step Back Jump Shot (26 PTS),SF,Shot Creator,3.66
Shot Chart Detail,22000701,590,202695,Kawhi Leonard,1610612746,LA Clippers,4,4,18,Made Shot,Layup Shot,2PT Field Goal,Restricted Area,Center(C),Less Than 8 ft.,1,-2,13,1,1,20210327,LAC,PHI,22000701590,26220,0,201587|202331|202694|202695|1629611,1,REG,2021,201980|203118,16.0,,,,,SF,Shot Creator,3.66
Shot Chart Detail,22000719,117,1629008,Michael Porter Jr.,1610612743,Denver Nuggets,1,2,12,Made Shot,Jump Shot,3PT Field Goal,Above the Break 3,Center(C),24+ ft.,27,-61,270,1,1,20210330,DEN,PHI,22000719117,5880,0,200794|203210|1627750|1628408|1629008,1,REG,2021,203118,19.0,PF,Helper,0.33,Porter Jr. 28' 3PT Jump Shot (14 PTS) (Murray 3 AST),SF,Athletic Finisher,1.5
Shot Chart Detail,22000719,121,1629008,Michael Porter Jr.,1610612743,Denver Nuggets,1,1,39,Missed Shot,Jump Shot,2PT Field Goal,In The Paint (Non-RA),Left Side(L),8-16 ft.,8,-50,74,1,0,20210330,DEN,PHI,22000719121,6210,0,200794|203210|1627750|1628408|1629008,0,REG,2021,1627788|203118,19.0,,,,,SF,Athletic Finisher,1.5
Shot Chart Detail,22000719,196,203115,Will Barton,1610612743,Denver Nuggets,2,8,26,Missed Shot,Pullup Jump shot,3PT Field Goal,Above the Break 3,Center(C),24+ ft.,25,25,252,1,0,20210330,DEN,PHI,22000719196,9340,0,200794|203115|203210|1628408|1630267,0,REG,2021,203118,20.0,PF,Helper,0.33,MISS Barton 25' 3PT Pullup Jump Shot,SF,Secondary Ball Handler,0.0
Shot Chart Detail,22000719,205,1628408,PJ Dozier,1610612743,Denver Nuggets,2,7,27,Missed Shot,Driving Layup Shot,2PT Field Goal,In The Paint (Non-RA),Center(C),Less Than 8 ft.,5,58,12,1,0,20210330,DEN,PHI,22000719205,9930,0,200794|203115|203210|1628408|1630267,0,REG,2021,203118,19.0,PF,Helper,0.33,MISS Dozier 6' Driving Layup,SG,Athletic Finisher,-0.68
Shot Chart Detail,22000719,438,203999,Nikola Jokić,1610612743,Denver Nuggets,3,1,33,Made Shot,Layup Shot,2PT Field Goal,Restricted Area,Center(C),Less Than 8 ft.,2,13,19,1,1,20210330,DEN,PHI,22000719438,20670,0,203115|203999|1628408|1629008|1630267,1,REG,2021,1627788|203118,25.0,,,,,C,Shot Creator,5.79
Shot Chart Detail,22000719,446,203999,Nikola Jokić,1610612743,Denver Nuggets,3,0,32,Missed Shot,Floating Jump shot,2PT Field Goal,Mid-Range,Left Side(L),8-16 ft.,11,-82,79,1,0,20210330,DEN,PHI,22000719446,21280,0,203115|203999|1628408|1629008|1630267,0,REG,2021,203118,22.0,PF,Helper,0.33,MISS Jokic 11' Floating Jump Shot,C,Shot Creator,5.79
Shot Chart Detail,22000719,448,203115,Will Barton,1610612743,Denver Nuggets,3,0,28,Missed Shot,Putback Layup Shot,2PT Field Goal,Restricted Area,Center(C),Less Than 8 ft.,0,0,0,1,0,20210330,DEN,PHI,22000719448,21320,0,203115|203999|1628408|1629008|1630267,0,REG,2021,1629680|203118,22.0,,,,,SF,Secondary Ball Handler,0.0
Shot Chart Detail,22000719,595,1627750,Jamal Murray,1610612743,Denver Nuggets,4,0,26,Missed Shot,Pullup Jump shot,3PT Field Goal,Above the Break 3,Left Side Center(LC),24+ ft.,26,-134,234,1,0,20210330,DEN,PHI,22000719595,28540,0,203115|203999|1627750|1629008|1630267,0,REG,2021,203118,8.0,PF,Helper,0.33,MISS Murray 27' 3PT Pullup Jump Shot,PG,Shot Creator,2.02
Shot Chart Detail,22000719,599,1627750,Jamal Murray,1610612743,Denver Nuggets,4,0,19,Made Shot,Running Dunk Shot,2PT Field Goal,Restricted Area,Center(C),Less Than 8 ft.,3,36,9,1,1,20210330,DEN,PHI,22000719599,28610,0,203115|203999|1627750|1629008|1630267,1,REG,2021,203118,8.0,PF,Helper,0.33,Murray 4' Running Dunk (30 PTS) (Jokic 5 AST),PG,Shot Creator,2.02
Shot Chart Detail,22000731,19,201567,Kevin Love,1610612739,Cleveland Cavaliers,1,10,39,Made Shot,Jump Shot,3PT Field Goal,Above the Break 3,Left Side Center(LC),24+ ft.,26,-122,238,1,1,20210401,CLE,PHI,2200073119,810,0,201567|1629012|1629636|1629731|1630171,1,REG,2021,203118,5.0,PF,Helper,0.33,Love 27' 3PT Jump Shot (6 PTS) (Garland 3 AST),PF,Versatile Big,1.34
Shot Chart Detail,22000731,35,201567,Kevin Love,1610612739,Cleveland Cavaliers,1,8,17,Missed Shot,Jump Shot,3PT Field Goal,Above the Break 3,Left Side Center(LC),24+ ft.,30,-130,281,1,0,20210401,CLE,PHI,2200073135,2230,0,201567|1629012|1629636|1629731|1630171,0,REG,2021,203118|202699,5.0,,,,,PF,Versatile Big,1.34
Shot Chart Detail,22000731,43,1629731,Dean Wade,1610612739,Cleveland Cavaliers,1,7,48,Made Shot,Driving Layup Shot,2PT Field Goal,Restricted Area,Center(C),Less Than 8 ft.,1,4,10,1,1,20210401,CLE,PHI,2200073143,2520,0,201567|1629012|1629636|1629731|1630171,1,REG,2021,203118,7.0,PF,Helper,0.33,Wade 1' Driving Layup (2 PTS) (Love 2 AST),PF,Athletic Finisher,-1.62
Shot Chart Detail,22000731,72,1627752,Taurean Prince,1610612739,Cleveland Cavaliers,1,5,58,Made Shot,Driving Layup Shot,2PT Field Goal,Restricted Area,Center(C),Less Than 8 ft.,1,8,7,1,1,20210401,CLE,PHI,2200073172,3620,0,1627752|1628392|1629012|1629636|1629731,1,REG,2021,203118|202699,-1.0,,,,,PF,Movement Shooter,-0.89
Shot Chart Detail,22000731,315,1629731,Dean Wade,1610612739,Cleveland Cavaliers,2,1,49,Made Shot,Jump Shot,3PT Field Goal,Above the Break 3,Right Side Center(RC),24+ ft.,25,128,226,1,1,20210401,CLE,PHI,22000731315,13310,0,1627752|1629012|1629636|1629731|1630171,1,REG,2021,203118,1.0,PF,Helper,0.33,Wade 26' 3PT Jump Shot (14 PTS) (Garland 7 AST),PF,Athletic Finisher,-1.62
Shot Chart Detail,22000731,319,1629731,Dean Wade,1610612739,Cleveland Cavaliers,2,1,15,Missed Shot,Jump Shot,3PT Field Goal,Above the Break 3,Right Side Center(RC),24+ ft.,25,182,180,1,0,20210401,CLE,PHI,22000731319,13650,0,1627752|1629012|1629636|1629731|1630171,0,REG,2021,203118,-2.0,PF,Helper,0.33,MISS Wade 26' 3PT Jump Shot,PF,Athletic Finisher,-1.62
Shot Chart Detail,22000731,368,1629636,Darius Garland,1610612739,Cleveland Cavaliers,3,10,27,Missed Shot,Step Back Jump shot,3PT Field Goal,Above the Break 3,Right Side Center(RC),24+ ft.,27,136,241,1,0,20210401,CLE,PHI,22000731368,15330,0,201567|1629012|1629636|1629731|1630171,0,REG,2021,203118|203552,-2.0,,,,,PG,Primary Ball Handler,-0.26
Shot Chart Detail,22000731,372,1629636,Darius Garland,1610612739,Cleveland Cavaliers,3,9,55,Missed Shot,Driving Reverse Layup Shot,2PT Field Goal,Restricted Area,Center(C),Less Than 8 ft.,1,1,11,1,0,20210401,CLE,PHI,22000731372,15650,0,201567|1629012|1629636|1629731|1630171,0,REG,2021,203118,-4.0,PF,Helper,0.33,MISS Garland 1' Driving Reverse Layup,PG,Primary Ball Handler,-0.26
Shot Chart Detail,22000750,137,1629669,Jaylen Nowell,1610612750,Minnesota Timberwolves,1,1,24,Missed Shot,Pullup Jump shot,3PT Field Goal,Above the Break 3,Left Side Center(LC),24+ ft.,25,-175,190,1,0,20210403,PHI,MIN,22000750137,6360,0,1626157|1627774|1629633|1629669|1629675,0,REG,2021,203118,1.0,PF,Helper,0.33,MISS Nowell 26' 3PT Pullup Jump Shot,SG,Secondary Ball Handler,0.29
Shot Chart Detail,22000750,438,1629675,Naz Reid,1610612750,Minnesota Timberwolves,3,4,35,Missed Shot,Jump Shot,3PT Field Goal,Right Corner 3,Right Side(R),24+ ft.,23,231,16,1,0,20210403,PHI,MIN,22000750438,18850,0,1626157|1629006|1629162|1629675|1630162,0,REG,2021,203118,-12.0,PF,Helper,0.33,MISS Reid 3PT Jump Shot,C,Roll + Cut Big,-0.34
Shot Chart Detail,22000758,36,203937,Kyle Anderson,1610612763,Memphis Grizzlies,1,8,43,Missed Shot,Pullup Jump shot,2PT Field Goal,Mid-Range,Right Side(R),8-16 ft.,14,122,69,1,0,20210404,PHI,MEM,2200075836,1970,0,202685|203937|1628415|1628960|1629630,0,REG,2021,203118,-2.0,PF,Helper,0.33,MISS Anderson 14' Pullup Jump Shot,PF,Secondary Ball Handler,0.67
Shot Chart Detail,22000758,41,202685,Jonas Valančiūnas,1610612763,Memphis Grizzlies,1,8,1,Made Shot,Putback Layup Shot,2PT Field Goal,Restricted Area,Center(C),Less Than 8 ft.,0,0,0,1,1,20210404,PHI,MEM,2200075841,2390,0,202685|203937|1628415|1628960|1629630,0,REG,2021,203118,-2.0,PF,Helper,0.33,Valanciunas Putback Layup (4 PTS),C,Post Scorer,1.91
Shot Chart Detail,22000758,247,1630214,Xavier Tillman,1610612763,Memphis Grizzlies,2,6,49,Missed Shot,Jump Shot,3PT Field Goal,Left Corner 3,Left Side(L),24+ ft.,23,-234,20,1,0,20210404,PHI,MEM,22000758247,10310,0,203937|1628415|1628960|1629630|1630214,0,REG,2021,203118,5.0,PF,Helper,0.33,MISS Tillman 3PT Jump Shot,PF,Roll + Cut Big,-0.95
Shot Chart Detail,22000758,251,203937,Kyle Anderson,1610612763,Memphis Grizzlies,2,6,18,Missed Shot,Jump Shot,3PT Field Goal,Right Corner 3,Right Side(R),24+ ft.,24,231,72,1,0,20210404,PHI,MEM,22000758251,10620,0,203937|1628415|1628960|1629630|1630214,0,REG,2021,203118,5.0,PF,Helper,0.33,MISS Anderson 24' 3PT Jump Shot,PF,Secondary Ball Handler,0.67
Shot Chart Detail,22000758,269,1628960,Grayson Allen,1610612763,Memphis Grizzlies,2,5,8,Made Shot,Running Pull-Up Jump Shot,3PT Field Goal,Above the Break 3,Right Side Center(RC),24+ ft.,27,144,240,1,1,20210404,PHI,MEM,22000758269,11320,0,202685|203937|1628415|1628960|1629630,1,REG,2021,203118,8.0,PF,Helper,0.33,Allen 28' 3PT Running Pull-Up Jump Shot (4 PTS) (Anderson 1 AST),SG,Off Screen Shooter,0.06
Shot Chart Detail,22000758,369,202685,Jonas Valančiūnas,1610612763,Memphis Grizzlies,3,8,50,Made Shot,Turnaround Jump Shot,2PT Field Goal,Mid-Range,Left Side(L),8-16 ft.,8,-83,-11,1,1,20210404,PHI,MEM,22000758369,16300,0,202685|203937|1628415|1628960|1629630,1,REG,2021,203118|201980,17.0,,,,,C,Post Scorer,1.91
Shot Chart Detail,22000758,478,1629634,Brandon Clarke,1610612763,Memphis Grizzlies,3,1,29,Made Shot,Pullup Jump shot,2PT Field Goal,Mid-Range,Left Side Center(LC),16-24 ft.,17,-57,167,1,1,20210404,PHI,MEM,22000758478,20710,0,1626145|1629001|1629634|1630214|1630217,1,REG,2021,203118,27.0,PF,Helper,0.33,Clarke 18' Pullup Jump Shot (11 PTS) (Tillman 1 AST),PF,Athletic Finisher,-0.06
Shot Chart Detail,22000758,519,1629634,Brandon Clarke,1610612763,Memphis Grizzlies,4,10,24,Made Shot,Pullup Jump shot,2PT Field Goal,Mid-Range,Left Side Center(LC),16-24 ft.,16,-52,152,1,1,20210404,PHI,MEM,22000758519,22560,0,1626145|1628960|1629634|1630214|1630217,1,REG,2021,203118,25.0,PF,Helper,0.33,Clarke 16' Pullup Jump Shot (13 PTS) (Bane 1 AST),PF,Athletic Finisher,-0.06
Shot Chart Detail,22000771,125,1628369,Jayson Tatum,1610612738,Boston Celtics,1,1,40,Missed Shot,Pullup Jump shot,3PT Field Goal,Above the Break 3,Left Side Center(LC),24+ ft.,27,-103,260,1,0,20210406,BOS,PHI,22000771125,6200,0,1628369|1628436|1629641|1629684|1630202,0,REG,2021,203118,1.0,PF,Helper,0.33,MISS Tatum 28' 3PT Pullup Jump Shot,SF,Shot Creator,2.38
Shot Chart Detail,22000771,421,1629641,Romeo Langford,1610612738,Boston Celtics,3,2,5,Missed Shot,Jump Shot,3PT Field Goal,Above the Break 3,Right Side Center(RC),24+ ft.,26,208,164,1,0,20210406,BOS,PHI,22000771421,20350,0,202689|203935|1628369|1629057|1629641,0,REG,2021,203118,-18.0,PF,Helper,0.33,MISS Langford 26' 3PT Jump Shot,SG,Athletic Finisher,-2.42
Shot Chart Detail,22000771,434,1627759,Jaylen Brown,1610612738,Boston Celtics,3,1,19,Missed Shot,Running Pull-Up Jump Shot,3PT Field Goal,Above the Break 3,Center(C),24+ ft.,25,-47,250,1,0,20210406,BOS,PHI,22000771434,20810,0,203935|1627759|1629057|1629641|1630202,0,REG,2021,203118,-16.0,PF,Helper,0.33,MISS Brown 25' 3PT Running Pull-Up Jump Shot,SG,Movement Shooter,0.49
Shot Chart Detail,22000795,150,1629627,Zion Williamson,1610612740,New Orleans Pelicans,1,0,0,Missed Shot,Floating Jump shot,2PT Field Goal,In The Paint (Non-RA),Center(C),Less Than 8 ft.,5,-23,47,1,0,20210409,NOP,PHI,22000795150,7200,0,201949|1626195|1629627|1629637|1630184,0,REG,2021,203118,1.0,PF,Helper,0.33,MISS Williamson 5' Floating Jump Shot,PF,Shot Creator,3.12
Shot Chart Detail,22000795,156,1629637,Jaxson Hayes,1610612740,New Orleans Pelicans,2,11,44,Made Shot,Running Dunk Shot,2PT Field Goal,Restricted Area,Center(C),Less Than 8 ft.,0,-2,-4,1,1,20210409,NOP,PHI,22000795156,7360,0,201949|1626195|1629627|1629637|1630184,1,REG,2021,203118,3.0,PF,Helper,0.33,Hayes Running Dunk (4 PTS) (Williamson 2 AST),C,Roll + Cut Big,-0.55
Shot Chart Detail,22000795,324,1629627,Zion Williamson,1610612740,New Orleans Pelicans,2,0,40,Missed Shot,Layup Shot,2PT Field Goal,Restricted Area,Center(C),Less Than 8 ft.,1,15,-3,1,0,20210409,NOP,PHI,22000795324,14000,0,201949|202339|1626195|1627742|1629627,0,REG,2021,1627732|203118,-2.0,,,,,PF,Shot Creator,3.12
Shot Chart Detail,22000795,326,1629627,Zion Williamson,1610612740,New Orleans Pelicans,2,0,36,Missed Shot,Putback Dunk Shot,2PT Field Goal,Restricted Area,Center(C),Less Than 8 ft.,0,0,0,1,0,20210409,NOP,PHI,22000795326,14040,0,201949|202339|1626195|1627742|1629627,0,REG,2021,1627732|203118,-2.0,,,,,PF,Shot Creator,3.12
Shot Chart Detail,22000795,517,1626195,Willy Hernangomez,1610612740,New Orleans Pelicans,4,10,26,Made Shot,Reverse Layup Shot,2PT Field Goal,Restricted Area,Center(C),Less Than 8 ft.,2,-26,1,1,1,20210409,NOP,PHI,22000795517,22540,0,201949|1626195|1629627|1629637|1630184,1,REG,2021,203118,13.0,PF,Helper,0.33,Hernangomez 3' Reverse Layup (10 PTS) (Williamson 7 AST),C,Post Scorer,0.54
Shot Chart Detail,22000795,528,1626195,Willy Hernangomez,1610612740,New Orleans Pelicans,4,9,34,Missed Shot,Layup Shot,2PT Field Goal,Restricted Area,Center(C),Less Than 8 ft.,1,12,-5,1,0,20210409,NOP,PHI,22000795528,23060,0,201949|1626195|1629627|1629637|1630184,0,REG,2021,203118,15.0,PF,Helper,0.33,MISS Hernangomez 1' Layup,C,Post Scorer,0.54
Shot Chart Detail,22000795,537,1629627,Zion Williamson,1610612740,New Orleans Pelicans,4,8,43,Missed Shot,Driving Layup Shot,2PT Field Goal,Restricted Area,Center(C),Less Than 8 ft.,2,-26,11,1,0,20210409,NOP,PHI,22000795537,23570,0,201949|1626195|1629627|1629637|1630184,0,REG,2021,203118,12.0,PF,Helper,0.33,MISS Williamson 3' Driving Layup,PF,Shot Creator,3.12
Shot Chart Detail,22000818,216,203504,Trey Burke,1610612742,Dallas Mavericks,2,7,36,Missed Shot,Jump Shot,3PT Field Goal,Above the Break 3,Center(C),24+ ft.,25,45,251,1,0,20210412,DAL,PHI,22000818216,9840,0,203504|203939|1626196|1627827|1629029,0,REG,2021,203118,-7.0,PF,Helper,0.33,MISS Burke 26' 3PT Jump Shot,PG,Secondary Ball Handler,0.25
Shot Chart Detail,22000818,521,203501,Tim Hardaway Jr.,1610612742,Dallas Mavericks,4,10,43,Missed Shot,Jump Shot,3PT Field Goal,Left Corner 3,Left Side(L),24+ ft.,24,-229,81,1,0,20210412,DAL,PHI,22000818521,22370,0,200755|203501|1626161|1628973|1629740,0,REG,2021,203118,-16.0,PF,Helper,0.33,MISS Hardaway Jr. 24' 3PT Jump Shot,SG,Movement Shooter,1.06
Shot Chart Detail,22000818,543,1628973,Jalen Brunson,1610612742,Dallas Mavericks,4,9,34,Missed Shot,Pullup Jump shot,3PT Field Goal,Above the Break 3,Right Side Center(RC),24+ ft.,24,180,167,1,0,20210412,DAL,PHI,22000818543,23060,0,1626161|1626196|1627827|1628973|1629029,0,REG,2021,203118,-18.0,PF,Helper,0.33,MISS Brunson 25' 3PT Pullup Jump Shot,PG,Primary Ball Handler,0.97
Shot Chart Detail,22000818,596,1630189,Tyler Bey,1610612742,Dallas Mavericks,4,4,2,Made Shot,Driving Floating Jump Shot,2PT Field Goal,In The Paint (Non-RA),Center(C),Less Than 8 ft.,4,5,43,1,1,20210412,DAL,PHI,22000818596,26380,0,203504|203939|1626196|1630182|1630189,1,REG,2021,203118,-15.0,PF,Helper,0.33,Bey 4' Driving Floating Jump Shot (2 PTS) (Doncic 4 AST),SF,Low Minute,-0.51
Shot Chart Detail,22000830,146,203925,Joe Harris,1610612751,Brooklyn Nets,2,11,38,Missed Shot,Driving Layup Shot,2PT Field Goal,Restricted Area,Center(C),Less Than 8 ft.,0,4,4,1,0,20210414,PHI,BKN,22000830146,7420,0,203925|1627789|1628971|1629013|1629651,0,REG,2021,1629680|203118,-4.0,,,,,SF,Off Screen Shooter,1.0
Shot Chart Detail,22000830,178,1629651,Nic Claxton,1610612751,Brooklyn Nets,2,9,7,Missed Shot,Driving Floating Jump Shot,2PT Field Goal,Restricted Area,Center(C),Less Than 8 ft.,1,-17,5,1,0,20210414,PHI,BKN,22000830178,8930,0,202681|203925|1628971|1629013|1629651,0,REG,2021,203118,-5.0,PF,Helper,0.33,MISS Claxton 2' Driving Floating Jump Shot,C,Roll + Cut Big,-0.78
Shot Chart Detail,22000830,461,1628971,Bruce Brown,1610612751,Brooklyn Nets,3,0,3,Made Shot,Layup Shot,2PT Field Goal,Restricted Area,Center(C),Less Than 8 ft.,0,-2,9,1,1,20210414,PHI,BKN,22000830461,21570,0,201145|1627789|1628971|1629013|1629651,1,REG,2021,203118,-11.0,PF,Helper,0.33,Brown 1' Layup (6 PTS) (Shamet 2 AST),PG,Athletic Finisher,0.61
Shot Chart Detail,22000846,9,202694,Marcus Morris Sr.,1610612746,LA Clippers,1,11,9,Missed Shot,Jump Shot,2PT Field Goal,Mid-Range,Left Side(L),8-16 ft.,15,-150,55,1,0,20210416,PHI,LAC,220008469,510,0,202331|202694|202704|1627826|1628379,0,REG,2021,203118,-3.0,PF,Helper,0.33,MISS Morris Sr. 16' Jump Shot,PF,Shot Creator,0.67
Shot Chart Detail,22000846,166,200765,Rajon Rondo,1610612746,LA Clippers,2,11,37,Made Shot,Driving Finger Roll Layup Shot,2PT Field Goal,Restricted Area,Center(C),Less Than 8 ft.,2,16,13,1,1,20210416,PHI,LAC,22000846166,7430,0,200765|201587|202326|202704|1629611,0,REG,2021,203118,-9.0,PF,Helper,0.33,Rondo 2' Driving Finger Roll Layup (7 PTS),PG,Primary Ball Handler,-0.87
Shot Chart Detail,22000846,168,200765,Rajon Rondo,1610612746,LA Clippers,2,11,3,Missed Shot,Driving Finger Roll Layup Shot,2PT Field Goal,Restricted Area,Center(C),Less Than 8 ft.,3,33,6,1,0,20210416,PHI,LAC,22000846168,7770,0,200765|201587|202326|202704|1629611,0,REG,2021,203118,-11.0,PF,Helper,0.33,MISS Rondo 3' Driving Finger Roll Layup,PG,Primary Ball Handler,-0.87
Shot Chart Detail,22000846,170,202326,DeMarcus Cousins,1610612746,LA Clippers,2,11,0,Missed Shot,Hook Shot,2PT Field Goal,Restricted Area,Center(C),Less Than 8 ft.,2,2,21,1,0,20210416,PHI,LAC,22000846170,7800,0,200765|201587|202326|202704|1629611,0,REG,2021,1629680|203118,-11.0,,,,,C,Versatile Big,-0.62
Shot Chart Detail,22000846,178,202326,DeMarcus Cousins,1610612746,LA Clippers,2,10,22,Missed Shot,Layup Shot,2PT Field Goal,Restricted Area,Center(C),Less Than 8 ft.,2,29,0,1,0,20210416,PHI,LAC,22000846178,8180,0,200765|201587|202326|202704|1629611,0,REG,2021,203118,-8.0,PF,Helper,0.33,Scott BLOCK (1 BLK),C,Versatile Big,-0.62
Shot Chart Detail,22000846,185,202704,Reggie Jackson,1610612746,LA Clippers,2,9,55,Missed Shot,Floating Jump shot,2PT Field Goal,In The Paint (Non-RA),Center(C),Less Than 8 ft.,5,-11,52,1,0,20210416,PHI,LAC,22000846185,8450,0,200765|201587|202326|202704|1629611,0,REG,2021,1629680|203118,-8.0,,,,,SG,Primary Ball Handler,0.64
Shot Chart Detail,22000846,198,200765,Rajon Rondo,1610612746,LA Clippers,2,8,59,Made Shot,Jump Shot,3PT Field Goal,Above the Break 3,Left Side Center(LC),24+ ft.,28,-214,188,1,1,20210416,PHI,LAC,22000846198,9010,0,200765|201587|202326|202704|1629611,1,REG,2021,203118,-5.0,PF,Helper,0.33,Rondo 28' 3PT Jump Shot (10 PTS) (Jackson 3 AST),PG,Primary Ball Handler,-0.87
Shot Chart Detail,22000846,202,201587,Nicolas Batum,1610612746,LA Clippers,2,8,31,Missed Shot,Pullup Jump shot,2PT Field Goal,Mid-Range,Left Side(L),8-16 ft.,14,-125,79,1,0,20210416,PHI,LAC,22000846202,9290,0,200765|201587|202326|202704|1629611,0,REG,2021,203118,-8.0,PF,Helper,0.33,MISS Batum 15' Pullup Jump Shot,SF,Athletic Finisher,-0.07
Shot Chart Detail,22000846,214,202694,Marcus Morris Sr.,1610612746,LA Clippers,2,7,39,Missed Shot,Pullup Jump shot,3PT Field Goal,Above the Break 3,Right Side Center(RC),24+ ft.,26,190,181,1,0,20210416,PHI,LAC,22000846214,9810,0,201587|202694|202704|1628379|1629611,0,REG,2021,203118,-10.0,PF,Helper,0.33,MISS Morris Sr. 26' 3PT Pullup Jump Shot,PF,Shot Creator,0.67
Shot Chart Detail,22000846,302,202331,Paul George,1610612746,LA Clippers,2,3,21,Made Shot,Putback Layup Shot,2PT Field Goal,Restricted Area,Center(C),Less Than 8 ft.,0,0,0,1,1,20210416,PHI,LAC,22000846302,12390,0,200765|201587|202331|202335|202694,0,REG,2021,201980|203118,-13.0,,,,,SF,Shot Creator,2.44
Shot Chart Detail,22000846,377,202694,Marcus Morris Sr.,1610612746,LA Clippers,3,11,49,Made Shot,Cutting Layup Shot,2PT Field Goal,Restricted Area,Center(C),Less Than 8 ft.,1,-4,17,1,1,20210416,PHI,LAC,22000846377,14510,0,202331|202694|202704|1627826|1628379,1,REG,2021,203118,-10.0,PF,Helper,0.33,Morris Sr. 2' Cutting Layup Shot (8 PTS) (George 3 AST),PF,Shot Creator,0.67
Shot Chart Detail,22000870,16,203110,Draymond Green,1610612744,Golden State Warriors,1,10,30,Missed Shot,Jump Shot,3PT Field Goal,Above the Break 3,Center(C),24+ ft.,26,-70,252,1,0,20210419,PHI,GSW,2200087016,900,0,201939|203110|203145|203952|1626172,0,REG,2021,203118,-7.0,PF,Helper,0.33,MISS Green 26' 3PT Jump Shot,PF,Stretch Big,-0.47
Shot Chart Detail,22000870,19,201939,Stephen Curry,1610612744,Golden State Warriors,1,10,6,Missed Shot,Step Back Jump shot,3PT Field Goal,Above the Break 3,Left Side Center(LC),24+ ft.,25,-154,209,1,0,20210419,PHI,GSW,2200087019,1140,0,201939|203110|203145|203952|1626172,0,REG,2021,203954|203118|203552,-7.0,,,,,PG,Primary Ball Handler,5.51
Shot Chart Detail,22000870,324,203110,Draymond Green,1610612744,Golden State Warriors,3,11,28,Missed Shot,Jump Shot,3PT Field Goal,Above the Break 3,Left Side Center(LC),24+ ft.,27,-185,199,1,0,20210419,PHI,GSW,22000870324,14720,0,201939|203110|203145|203952|1626172,0,REG,2021,203118,1.0,PF,Helper,0.33,MISS Green 27' 3PT Jump Shot,PF,Stretch Big,-0.47
Shot Chart Detail,22000870,328,201939,Stephen Curry,1610612744,Golden State Warriors,3,10,53,Missed Shot,Driving Layup Shot,2PT Field Goal,Restricted Area,Center(C),Less Than 8 ft.,1,0,10,1,0,20210419,PHI,GSW,22000870328,15070,0,201939|203110|203145|203952|1626172,0,REG,2021,203954|203118,1.0,,,,,PG,Primary Ball Handler,5.51
Shot Chart Detail,22000870,348,203110,Draymond Green,1610612744,Golden State Warriors,3,8,45,Made Shot,Driving Layup Shot,2PT Field Goal,Restricted Area,Center(C),Less Than 8 ft.,0,-8,3,1,1,20210419,PHI,GSW,22000870348,16350,0,201939|203110|203145|203952|1626172,1,REG,2021,203118,3.0,PF,Helper,0.33,Green 1' Driving Layup (2 PTS) (Looney 1 AST),PF,Stretch Big,-0.47
Shot Chart Detail,22000883,121,1629661,Cameron Johnson,1610612756,Phoenix Suns,1,2,36,Made Shot,Jump Shot,3PT Field Goal,Above the Break 3,Right Side Center(RC),24+ ft.,27,157,225,1,1,20210421,PHI,PHX,22000883121,5640,0,203967|1626164|1626166|1628969|1629661,1,REG,2021,203118,3.0,PF,Helper,0.33,Johnson 27' 3PT Jump Shot (3 PTS) (Payne 1 AST),PF,Movement Shooter,0.41
Shot Chart Detail,22000883,166,203967,Dario Šarić,1610612756,Phoenix Suns,2,10,11,Made Shot,Cutting Finger Roll Layup Shot,2PT Field Goal,Restricted Area,Center(C),Less Than 8 ft.,1,12,11,1,1,20210421,PHI,PHX,22000883166,8290,0,203967|1626166|1628470|1628975|1629661,1,REG,2021,203118,-1.0,PF,Helper,0.33,Saric 2' Cutting Finger Roll Layup Shot (2 PTS) (Craig 1 AST),C,Versatile Big,0.02
Shot Chart Detail,22000883,210,203109,Jae Crowder,1610612756,Phoenix Suns,2,6,42,Missed Shot,Jump Shot,2PT Field Goal,Mid-Range,Left Side(L),8-16 ft.,11,-116,24,1,0,20210421,PHI,PHX,22000883210,10380,0,101108|203109|1628470|1628975|1629028,0,REG,2021,203118,1.0,PF,Helper,0.33,MISS Crowder 12' Jump Shot,PF,Movement Shooter,-0.56
Shot Chart Detail,22000883,348,1628969,Mikal Bridges,1610612756,Phoenix Suns,3,8,8,Made Shot,Running Alley Oop Layup Shot,2PT Field Goal,Restricted Area,Center(C),Less Than 8 ft.,0,4,8,1,1,20210421,PHI,PHX,22000883348,16720,0,101108|1626164|1628969|1629028|1629661,1,REG,2021,203118,4.0,PF,Helper,0.33,Bridges 1' Running Alley Oop Layup Shot (14 PTS) (Paul 3 AST),SF,Athletic Finisher,0.84
Shot Chart Detail,22000883,383,1628969,Mikal Bridges,1610612756,Phoenix Suns,3,5,49,Missed Shot,Jump Shot,3PT Field Goal,Right Corner 3,Right Side(R),24+ ft.,23,223,74,1,0,20210421,PHI,PHX,22000883383,18110,0,101108|1626164|1628969|1629028|1629661,0,REG,2021,203118,1.0,PF,Helper,0.33,MISS Bridges 3PT Jump Shot,SF,Athletic Finisher,0.84
Shot Chart Detail,22000883,397,1629661,Cameron Johnson,1610612756,Phoenix Suns,3,5,25,Made Shot,Driving Floating Jump Shot,2PT Field Goal,Mid-Range,Center(C),16-24 ft.,16,5,168,1,1,20210421,PHI,PHX,22000883397,18350,0,1626164|1626166|1628969|1629028|1629661,1,REG,2021,203118,4.0,PF,Helper,0.33,Johnson 17' Driving Floating Jump Shot (10 PTS) (Booker 6 AST),PF,Movement Shooter,0.41
Shot Chart Detail,22000894,133,203507,Giannis Antetokounmpo,1610612749,Milwaukee Bucks,1,1,55,Made Shot,Driving Reverse Layup Shot,2PT Field Goal,Restricted Area,Center(C),Less Than 8 ft.,1,-13,0,1,1,20210422,MIL,PHI,22000894133,6050,0,200782|203507|1626171|1627854|1628978,0,REG,2021,203118,15.0,PF,Helper,0.33,G. Antetokounmpo 1' Driving Reverse Layup (6 PTS),PF,Shot Creator,4.1
Shot Chart Detail,22000894,155,203507,Giannis Antetokounmpo,1610612749,Milwaukee Bucks,1,0,0,Missed Shot,Pullup Jump shot,2PT Field Goal,Mid-Range,Left Side Center(LC),16-24 ft.,20,-81,185,1,0,20210422,MIL,PHI,22000894155,7200,0,203507|1626171|1626192|1627854|1628978,0,REG,2021,203118,14.0,PF,Helper,0.33,MISS G. Antetokounmpo 20' Pullup Jump Shot,PF,Shot Creator,4.1
Shot Chart Detail,22000894,182,1628978,Donte DiVincenzo,1610612749,Milwaukee Bucks,2,9,58,Made Shot,Jump Shot,3PT Field Goal,Left Corner 3,Left Side(L),24+ ft.,23,-232,17,1,1,20210422,MIL,PHI,22000894182,8420,0,203507|1626171|1626192|1627854|1628978,1,REG,2021,203118,14.0,PF,Helper,0.33,DiVincenzo 3PT Jump Shot (3 PTS) (G. Antetokounmpo 2 AST),SG,Athletic Finisher,0.81
Shot Chart Detail,22000894,201,201572,Brook Lopez,1610612749,Milwaukee Bucks,2,8,49,Made Shot,Alley Oop Dunk Shot,2PT Field Goal,Restricted Area,Center(C),Less Than 8 ft.,1,-3,16,1,1,20210422,MIL,PHI,22000894201,9110,0,201572|203114|203507|1626171|1628978,1,REG,2021,203118,15.0,PF,Helper,0.33,Lopez 2' Alley Oop Dunk (8 PTS) (Middleton 4 AST),C,Stretch Big,0.27
Shot Chart Detail,22000894,207,1626171,Bobby Portis,1610612749,Milwaukee Bucks,2,7,55,Made Shot,Jump Shot,3PT Field Goal,Left Corner 3,Left Side(L),24+ ft.,22,-222,45,1,1,20210422,MIL,PHI,22000894207,9650,0,201572|203114|203507|1626171|1628978,1,REG,2021,203118,15.0,PF,Helper,0.33,Portis 3PT Jump Shot (5 PTS) (G. Antetokounmpo 3 AST),C,Post Scorer,0.05
Shot Chart Detail,22000894,489,1626171,Bobby Portis,1610612749,Milwaukee Bucks,4,8,53,Made Shot,Turnaround Jump Shot,2PT Field Goal,Mid-Range,Center(C),8-16 ft.,15,-27,148,1,1,20210422,MIL,PHI,22000894489,23470,0,200782|203507|1626171|1627854|1628978,1,REG,2021,203118,18.0,PF,Helper,0.33,Portis 15' Turnaround Jump Shot (21 PTS) (G. Antetokounmpo 6 AST),C,Post Scorer,0.05
Shot Chart Detail,22000894,513,1626171,Bobby Portis,1610612749,Milwaukee Bucks,4,6,55,Made Shot,Jump Shot,2PT Field Goal,Mid-Range,Left Side(L),16-24 ft.,20,-198,50,1,1,20210422,MIL,PHI,22000894513,24650,0,201950|203114|203507|1626171|1628978,1,REG,2021,203118,19.0,PF,Helper,0.33,Portis 20' Jump Shot (23 PTS) (DiVincenzo 6 AST),C,Post Scorer,0.05
Shot Chart Detail,22000905,15,201572,Brook Lopez,1610612749,Milwaukee Bucks,1,10,38,Missed Shot,Jump Shot,2PT Field Goal,Mid-Range,Left Side(L),16-24 ft.,21,-210,8,1,0,20210424,MIL,PHI,2200090515,820,0,201572|201950|203114|203507|1628978,0,REG,2021,203118,0.0,PF,Helper,0.33,MISS Lopez 21' Jump Shot,C,Stretch Big,0.27
Shot Chart Detail,22000905,44,203507,Giannis Antetokounmpo,1610612749,Milwaukee Bucks,1,8,43,Missed Shot,Jump Shot,3PT Field Goal,Right Corner 3,Right Side(R),24+ ft.,24,231,84,1,0,20210424,MIL,PHI,2200090544,1970,0,201572|201950|203114|203507|1628978,0,REG,2021,203118,2.0,PF,Helper,0.33,MISS G. Antetokounmpo 25' 3PT Jump Shot,PF,Shot Creator,4.1
Shot Chart Detail,22000905,423,203507,Giannis Antetokounmpo,1610612749,Milwaukee Bucks,3,7,10,Made Shot,Cutting Finger Roll Layup Shot,2PT Field Goal,Restricted Area,Center(C),Less Than 8 ft.,2,2,26,1,1,20210424,MIL,PHI,22000905423,17300,0,201950|203114|203507|1626192|1628978,1,REG,2021,203118,5.0,PF,Helper,0.33,G. Antetokounmpo 3' Cutting Finger Roll Layup Shot (15 PTS) (Holiday 4 AST),PF,Shot Creator,4.1
Shot Chart Detail,22000905,435,1628978,Donte DiVincenzo,1610612749,Milwaukee Bucks,3,6,43,Made Shot,Tip Dunk Shot,2PT Field Goal,Restricted Area,Center(C),Less Than 8 ft.,0,0,0,1,1,20210424,MIL,PHI,22000905435,17570,0,201950|203114|203507|1626192|1628978,0,REG,2021,203118|202699,8.0,,,,,SG,Athletic Finisher,0.81
Shot Chart Detail,22000905,446,203507,Giannis Antetokounmpo,1610612749,Milwaukee Bucks,3,5,28,Made Shot,Running Pull-Up Jump Shot,3PT Field Goal,Above the Break 3,Center(C),24+ ft.,26,42,257,1,1,20210424,MIL,PHI,22000905446,18320,0,201950|203114|203507|1626192|1628978,0,REG,2021,203118,15.0,PF,Helper,0.33,G. Antetokounmpo 26' 3PT Running Pull-Up Jump Shot (21 PTS),PF,Shot Creator,4.1
Shot Chart Detail,22000905,641,1629670,Jordan Nwora,1610612749,Milwaukee Bucks,4,5,22,Made Shot,Jump Shot,3PT Field Goal,Above the Break 3,Left Side Center(LC),24+ ft.,28,-180,221,1,1,20210424,MIL,PHI,22000905641,25580,0,201952|203648|1629603|1629670|1630241,1,REG,2021,203118,29.0,PF,Helper,0.33,Nwora 29' 3PT Jump Shot (3 PTS) (Merrill 1 AST),SF,Movement Shooter,-1.27
Shot Chart Detail,22000905,653,1629603,Mamadi Diakite,1610612749,Milwaukee Bucks,4,3,56,Made Shot,Cutting Layup Shot,2PT Field Goal,In The Paint (Non-RA),Center(C),Less Than 8 ft.,7,70,36,1,1,20210424,MIL,PHI,22000905653,26440,0,201952|203648|1629603|1629670|1630241,1,REG,2021,203118,33.0,PF,Helper,0.33,Diakite 8' Cutting Layup Shot (4 PTS) (Teague 8 AST),PF,Shot Creator,-0.88
Shot Chart Detail,22000934,550,1630233,Nathan Knight,1610612737,Atlanta Hawks,4,8,20,Missed Shot,Driving Floating Jump Shot,2PT Field Goal,In The Paint (Non-RA),Center(C),8-16 ft.,12,-33,116,1,0,20210428,PHI,ATL,22000934550,23800,0,203524|1627739|1630168|1630219|1630233,0,REG,2021,203118,-28.0,PF,Helper,0.33,Thybulle BLOCK (3 BLK),PF,Stretch Big,-0.19
Shot Chart Detail,22000934,577,1630219,Skylar Mays,1610612737,Atlanta Hawks,4,7,5,Made Shot,Driving Layup Shot,2PT Field Goal,Restricted Area,Center(C),Less Than 8 ft.,2,2,24,1,1,20210428,PHI,ATL,22000934577,24550,0,1628981|1629164|1630168|1630219|1630233,0,REG,2021,203118|1629003,-33.0,,,,,SG,Athletic Finisher,0.55
Shot Chart Detail,22000934,642,1630233,Nathan Knight,1610612737,Atlanta Hawks,4,1,16,Missed Shot,Jump Shot,2PT Field Goal,Mid-Range,Left Side(L),16-24 ft.,16,-163,29,1,0,20210428,PHI,ATL,22000934642,28040,0,1628981|1629164|1630168|1630219|1630233,0,REG,2021,203118,-45.0,PF,Helper,0.33,MISS Knight 17' Jump Shot,PF,Stretch Big,-0.19
Shot Chart Detail,22000949,619,1630219,Skylar Mays,1610612737,Atlanta Hawks,4,5,12,Made Shot,Jump Shot,2PT Field Goal,Mid-Range,Center(C),16-24 ft.,21,61,201,1,1,20210430,PHI,ATL,22000949619,25680,0,1628981|1629164|1630168|1630219|1630233,1,REG,2021,1627788|203118,-22.0,,,,,SG,Athletic Finisher,0.55
Shot Chart Detail,22000949,633,1628981,Bruno Fernando,1610612737,Atlanta Hawks,4,3,47,Made Shot,Reverse Layup Shot,2PT Field Goal,Restricted Area,Center(C),Less Than 8 ft.,1,-2,11,1,1,20210430,PHI,ATL,22000949633,26530,0,1628981|1629164|1630168|1630219|1630233,1,REG,2021,203118,-21.0,PF,Helper,0.33,Fernando 1' Reverse Layup (2 PTS) (Goodwin 2 AST),C,Post Scorer,-2.33
Shot Chart Detail,22000949,678,1630233,Nathan Knight,1610612737,Atlanta Hawks,4,0,32,Made Shot,Driving Layup Shot,2PT Field Goal,Restricted Area,Center(C),Less Than 8 ft.,2,18,11,1,1,20210430,PHI,ATL,22000949678,28480,0,1628981|1629164|1630168|1630219|1630233,1,REG,2021,203118,-22.0,PF,Helper,0.33,Knight 2' Driving Layup (2 PTS) (Mays 1 AST),PF,Stretch Big,-0.19
Shot Chart Detail,22000994,551,1630231,KJ Martin,1610612745,Houston Rockets,4,5,20,Missed Shot,Driving Layup Shot,2PT Field Goal,Restricted Area,Center(C),Less Than 8 ft.,3,-35,14,1,0,20210505,HOU,PHI,22000994551,25600,0,203482|1629610|1629717|1630231|1630237,0,REG,2021,203118,-24.0,PF,Helper,0.33,MISS Martin Jr. 4' Driving Layup,SF,Low Minute,-0.45
Shot Chart Detail,22000994,563,1629717,Armoni Brooks,1610612745,Houston Rockets,4,4,20,Made Shot,Pullup Jump shot,3PT Field Goal,Above the Break 3,Left Side Center(LC),24+ ft.,25,-204,153,1,1,20210505,HOU,PHI,22000994563,26200,0,203482|1629610|1629717|1630231|1630237,1,REG,2021,203118,-21.0,PF,Helper,0.33,Brooks 26' 3PT Pullup Jump Shot (17 PTS) (Olynyk 5 AST),SG,Movement Shooter,0.0
Shot Chart Detail,22001003,140,1629117,Wenyen Gabriel,1610612740,New Orleans Pelicans,1,1,53,Missed Shot,Jump Shot,3PT Field Goal,Above the Break 3,Center(C),24+ ft.,26,-72,258,1,0,20210507,PHI,NOP,22001003140,6070,0,1628366|1628411|1629117|1629637|1630184,0,REG,2021,203118,-9.0,PF,Helper,0.33,MISS Gabriel 27' 3PT Jump Shot,PF,Athletic Finisher,-1.44
Shot Chart Detail,22001003,198,1629117,Wenyen Gabriel,1610612740,New Orleans Pelicans,2,10,2,Missed Shot,Jump Shot,3PT Field Goal,Above the Break 3,Center(C),24+ ft.,25,6,253,1,0,20210507,PHI,NOP,22001003198,8380,0,202339|1628411|1629117|1629637|1630184,0,REG,2021,203118,-11.0,PF,Helper,0.33,MISS Gabriel 25' 3PT Jump Shot,PF,Athletic Finisher,-1.44
Shot Chart Detail,22001003,211,1629637,Jaxson Hayes,1610612740,New Orleans Pelicans,2,8,32,Made Shot,Turnaround Hook Shot,2PT Field Goal,In The Paint (Non-RA),Center(C),Less Than 8 ft.,5,-58,1,1,1,20210507,PHI,NOP,22001003211,9280,0,202339|1628411|1629117|1629637|1630184,1,REG,2021,2730|203118,-10.0,,,,,C,Roll + Cut Big,-0.55
Shot Chart Detail,22001003,469,1629117,Wenyen Gabriel,1610612740,New Orleans Pelicans,3,1,35,Made Shot,Jump Shot,3PT Field Goal,Above the Break 3,Left Side Center(LC),24+ ft.,25,-146,215,1,1,20210507,PHI,NOP,22001003469,20650,0,1628366|1629117|1629637|1630184|1630230,1,REG,2021,203118,-3.0,PF,Helper,0.33,Gabriel 26' 3PT Jump Shot (6 PTS) (Hayes 1 AST),PF,Athletic Finisher,-1.44
Shot Chart Detail,22001013,177,1629635,Sekou Doumbouya,1610612765,Detroit Pistons,2,10,36,Made Shot,Running Layup Shot,2PT Field Goal,Restricted Area,Center(C),Less Than 8 ft.,1,4,12,1,1,20210508,PHI,DET,22001013177,8040,0,1628402|1629635|1629686|1630165|1630191,1,REG,2021,203118,-20.0,PF,Helper,0.33,Doumbouya 1' Running Layup (2 PTS) (Sirvydis 1 AST),PF,Athletic Finisher,-2.58
Shot Chart Detail,22001013,222,1629635,Sekou Doumbouya,1610612765,Detroit Pistons,2,6,29,Made Shot,Jump Shot,3PT Field Goal,Above the Break 3,Right Side Center(RC),24+ ft.,24,225,107,1,1,20210508,PHI,DET,22001013222,10510,0,1626143|1628402|1629635|1629686|1630165,1,REG,2021,203118,-10.0,PF,Helper,0.33,Doumbouya 25' 3PT Jump Shot (5 PTS) (Hayes 2 AST),PF,Athletic Finisher,-2.58
Shot Chart Detail,22001013,483,1629635,Sekou Doumbouya,1610612765,Detroit Pistons,4,11,9,Missed Shot,Jump Shot,3PT Field Goal,Above the Break 3,Right Side Center(RC),24+ ft.,26,105,246,1,0,20210508,PHI,DET,22001013483,22110,0,1628402|1629635|1629686|1630165|1630191,0,REG,2021,203118,-19.0,PF,Helper,0.33,MISS Doumbouya 27' 3PT Jump Shot,PF,Athletic Finisher,-2.58
Shot Chart Detail,22001013,488,1629635,Sekou Doumbouya,1610612765,Detroit Pistons,4,10,51,Missed Shot,Running Layup Shot,2PT Field Goal,Restricted Area,Center(C),Less Than 8 ft.,3,-27,20,1,0,20210508,PHI,DET,22001013488,22290,0,1628402|1629635|1629686|1630165|1630191,0,REG,2021,203118,-19.0,PF,Helper,0.33,Scott BLOCK (1 BLK),PF,Athletic Finisher,-2.58
Shot Chart Detail,22001013,502,1629686,Deividas Sirvydis,1610612765,Detroit Pistons,4,9,12,Made Shot,Running Layup Shot,2PT Field Goal,Restricted Area,Center(C),Less Than 8 ft.,1,-11,9,1,1,20210508,PHI,DET,22001013502,23280,0,1628402|1629635|1629686|1630165|1630191,1,REG,2021,203118,-14.0,PF,Helper,0.33,Sirvydis 1' Running Layup (8 PTS) (Hayes 4 AST),SG,Movement Shooter,-1.01
Shot Chart Detail,22001013,509,1628402,Frank Jackson,1610612765,Detroit Pistons,4,8,8,Missed Shot,Driving Layup Shot,2PT Field Goal,In The Paint (Non-RA),Center(C),Less Than 8 ft.,4,-30,32,1,0,20210508,PHI,DET,22001013509,23920,0,1628402|1629635|1629686|1630165|1630191,0,REG,2021,201980|203118,-16.0,,,,,,,
Shot Chart Detail,22001013,590,1630191,Isaiah Stewart,1610612765,Detroit Pistons,4,2,33,Made Shot,Jump Bank Shot,3PT Field Goal,Above the Break 3,Right Side Center(RC),24+ ft.,27,149,235,1,1,20210508,PHI,DET,22001013590,27270,0,1629635|1629686|1630165|1630191|1630240,1,REG,2021,203118,-19.0,PF,Helper,0.33,Stewart 28' 3PT Jump Bank Shot (4 PTS) (Lee 1 AST),C,Roll + Cut Big,-1.45
Shot Chart Detail,22001035,11,203926,Doug McDermott,1610612754,Indiana Pacers,1,10,59,Missed Shot,Pullup Jump shot,2PT Field Goal,Mid-Range,Right Side(R),8-16 ft.,14,141,-16,1,0,20210511,IND,PHI,2200103511,610,0,203200|203926|1627734|1627747|1629052,0,REG,2021,203118,0.0,PF,Helper,0.33,MISS McDermott 14' Pullup Jump Shot,PF,Off Screen Shooter,0.94
Shot Chart Detail,22001035,33,1627734,Domantas Sabonis,1610612754,Indiana Pacers,1,9,11,Made Shot,Jump Shot,3PT Field Goal,Above the Break 3,Left Side Center(LC),24+ ft.,27,-141,237,1,1,20210511,IND,PHI,2200103533,1690,0,203200|203926|1627734|1627747|1629052,1,REG,2021,203118,1.0,PF,Helper,0.33,Sabonis 28' 3PT Jump Shot (3 PTS) (LeVert 2 AST),PF,Post Scorer,0.19
Shot Chart Detail,22001035,72,1627747,Caris LeVert,1610612754,Indiana Pacers,1,5,23,Missed Shot,Jump Shot,3PT Field Goal,Above the Break 3,Left Side Center(LC),24+ ft.,28,-161,236,1,0,20210511,IND,PHI,2200103572,3970,0,203200|203926|1627734|1627747|1629052,0,REG,2021,203118,-5.0,PF,Helper,0.33,MISS LeVert 29' 3PT Jump Shot,SG,Shot Creator,0.02
Shot Chart Detail,22001035,81,1627734,Domantas Sabonis,1610612754,Indiana Pacers,1,4,35,Made Shot,Cutting Layup Shot,2PT Field Goal,Restricted Area,Center(C),Less Than 8 ft.,1,3,11,1,1,20210511,IND,PHI,2200103581,4450,0,203200|203926|1627734|1627747|1629052,1,REG,2021,203118,-6.0,PF,Helper,0.33,Sabonis 1' Cutting Layup Shot (5 PTS) (LeVert 3 AST),PF,Post Scorer,0.19
Shot Chart Detail,22001035,260,1627734,Domantas Sabonis,1610612754,Indiana Pacers,2,3,24,Missed Shot,Turnaround Fadeaway shot,2PT Field Goal,In The Paint (Non-RA),Center(C),8-16 ft.,11,47,102,1,0,20210511,IND,PHI,22001035260,12360,0,203200|203926|1627734|1627747|1629052,0,REG,2021,203118,-11.0,PF,Helper,0.33,MISS Sabonis 11' Turnaround Fadeaway Shot,PF,Post Scorer,0.19
Shot Chart Detail,22001035,265,1627747,Caris LeVert,1610612754,Indiana Pacers,2,2,58,Missed Shot,Driving Reverse Layup Shot,2PT Field Goal,Restricted Area,Center(C),Less Than 8 ft.,0,3,8,1,0,20210511,IND,PHI,22001035265,12620,0,203200|203926|1627734|1627747|1629052,0,REG,2021,203118,-13.0,PF,Helper,0.33,MISS LeVert 1' Driving Reverse Layup,SG,Shot Creator,0.02
Shot Chart Detail,22001035,296,1627747,Caris LeVert,1610612754,Indiana Pacers,2,0,11,Made Shot,Pullup Jump shot,2PT Field Goal,Mid-Range,Right Side(R),8-16 ft.,13,118,59,1,1,20210511,IND,PHI,22001035296,14290,0,203200|203926|1627734|1627747|1629052,0,REG,2021,203118,-11.0,PF,Helper,0.33,LeVert 13' Pullup Jump Shot (6 PTS),SG,Shot Creator,0.02
Shot Chart Detail,22001035,301,203926,Doug McDermott,1610612754,Indiana Pacers,3,11,46,Missed Shot,Pullup Jump shot,3PT Field Goal,Left Corner 3,Left Side(L),24+ ft.,23,-233,-1,1,0,20210511,IND,PHI,22001035301,14540,0,203200|203926|1627734|1627747|1629052,0,REG,2021,203118,-11.0,PF,Helper,0.33,MISS McDermott 3PT Pullup Jump Shot,PF,Off Screen Shooter,0.94
Shot Chart Detail,22001035,355,1627747,Caris LeVert,1610612754,Indiana Pacers,3,6,18,Missed Shot,Fadeaway Jump Shot,2PT Field Goal,Mid-Range,Right Side Center(RC),16-24 ft.,19,122,147,1,0,20210511,IND,PHI,22001035355,17820,0,203200|203926|1627734|1627747|1629052,0,REG,2021,203118,-3.0,PF,Helper,0.33,MISS LeVert 19' Fadeaway Jumper,SG,Shot Creator,0.02
Shot Chart Detail,22001035,369,1627734,Domantas Sabonis,1610612754,Indiana Pacers,3,4,36,Made Shot,Jump Shot,2PT Field Goal,Mid-Range,Right Side(R),16-24 ft.,17,152,89,1,1,20210511,IND,PHI,22001035369,18840,0,203200|203926|1627734|1627747|1629052,0,REG,2021,203118,-3.0,PF,Helper,0.33,Sabonis 18' Jump Shot (14 PTS),PF,Post Scorer,0.19
Shot Chart Detail,22001035,545,203200,Justin Holiday,1610612754,Indiana Pacers,4,4,57,Missed Shot,Jump Shot,3PT Field Goal,Right Corner 3,Right Side(R),24+ ft.,23,232,5,1,0,20210511,IND,PHI,22001035545,25830,0,203200|204456|1627734|1627747|1629048,0,REG,2021,203118,-2.0,PF,Helper,0.33,MISS J. Holiday 3PT Jump Shot,SG,Movement Shooter,-0.83
Shot Chart Detail,22001035,584,1627747,Caris LeVert,1610612754,Indiana Pacers,4,0,57,Made Shot,Step Back Jump shot,3PT Field Goal,Above the Break 3,Center(C),24+ ft.,25,-5,257,1,1,20210511,IND,PHI,22001035584,28230,0,203200|204456|1627734|1627747|1629048,0,REG,2021,203118,7.0,PF,Helper,0.33,LeVert 26' 3PT Step Back Jump Shot (22 PTS),SG,Shot Creator,0.02
Shot Chart Detail,22001050,517,201609,Goran Dragic,1610612748,Miami Heat,4,5,44,Made Shot,Layup Shot,2PT Field Goal,Restricted Area,Center(C),Less Than 8 ft.,3,-34,20,1,1,20210513,MIA,PHI,22001050517,25360,0,2738|2772|201609|1628389|1629639,0,REG,2021,203118|1630178,20.0,,,,,PG,Primary Ball Handler,-0.34
Shot Chart Detail,22001050,539,1628389,Bam Adebayo,1610612748,Miami Heat,4,4,9,Made Shot,Alley Oop Layup shot,2PT Field Goal,Restricted Area,Center(C),Less Than 8 ft.,2,-14,16,1,1,20210513,MIA,PHI,22001050539,26310,0,2738|2772|201609|1628389|1629639,1,REG,2021,203118,22.0,PF,Helper,0.33,Adebayo 2' Alley Oop Layup (18 PTS) (Dragic 6 AST),C,Shot Creator,0.43
Shot Chart Detail,22001055,165,1626184,Chasson Randle,1610612753,Orlando Magic,2,10,32,Missed Shot,Driving Layup Shot,2PT Field Goal,Restricted Area,Center(C),Less Than 8 ft.,2,-25,1,1,0,20210514,PHI,ORL,22001055165,8080,0,1626184|1628414|1628964|1629649|1630181,0,REG,2021,203118,-7.0,PF,Helper,0.33,Scott BLOCK (1 BLK),PG,Primary Ball Handler,-2.55
Shot Chart Detail,22001055,170,1630181,R.J. Hampton,1610612753,Orlando Magic,2,10,4,Missed Shot,Pullup Jump shot,2PT Field Goal,In The Paint (Non-RA),Right Side(R),8-16 ft.,12,72,108,1,0,20210514,PHI,ORL,22001055170,8360,0,1626184|1628414|1628964|1629649|1630181,0,REG,2021,203118,-7.0,PF,Helper,0.33,MISS Hampton 13' Pullup Jump Shot,SG,Secondary Ball Handler,-1.22
Shot Chart Detail,22001055,176,1628964,Mo Bamba,1610612753,Orlando Magic,2,9,39,Made Shot,Alley Oop Dunk Shot,2PT Field Goal,Restricted Area,Center(C),Less Than 8 ft.,0,6,6,1,1,20210514,PHI,ORL,22001055176,8610,0,1626184|1628414|1628964|1629649|1630181,1,REG,2021,203118,-8.0,PF,Helper,0.33,Bamba 1' Alley Oop Dunk (7 PTS) (Hampton 3 AST),C,Stretch Big,-0.2
Shot Chart Detail,22001055,197,1630181,R.J. Hampton,1610612753,Orlando Magic,2,7,49,Missed Shot,Driving Floating Jump Shot,2PT Field Goal,Restricted Area,Center(C),Less Than 8 ft.,3,-21,34,1,0,20210514,PHI,ORL,22001055197,9710,0,1626184|1628414|1628964|1629649|1630181,0,REG,2021,203118,-12.0,PF,Helper,0.33,MISS Hampton 4' Driving Floating Jump Shot,SG,Secondary Ball Handler,-1.22
Shot Chart Detail,22001055,215,1628964,Mo Bamba,1610612753,Orlando Magic,2,7,7,Made Shot,Alley Oop Layup shot,2PT Field Goal,Restricted Area,Center(C),Less Than 8 ft.,2,-15,19,1,1,20210514,PHI,ORL,22001055215,10130,0,1626184|1628414|1628964|1629649|1630181,1,REG,2021,203118,-12.0,PF,Helper,0.33,Bamba 2' Alley Oop Layup (9 PTS) (Hampton 5 AST),C,Stretch Big,-0.2
Shot Chart Detail,22001055,416,203914,Gary Harris,1610612753,Orlando Magic,3,6,1,Missed Shot,Driving Layup Shot,2PT Field Goal,In The Paint (Non-RA),Center(C),Less Than 8 ft.,4,43,23,1,0,20210514,PHI,ORL,22001055416,17990,0,203914|1628407|1628976|1629021|1630175,0,REG,2021,203118,-24.0,PF,Helper,0.33,MISS Harris 5' Driving Layup,SG,Movement Shooter,-1.21
Shot Chart Detail,22001055,434,1630175,Cole Anthony,1610612753,Orlando Magic,3,4,36,Made Shot,Driving Floating Jump Shot,2PT Field Goal,In The Paint (Non-RA),Center(C),8-16 ft.,13,27,131,1,1,20210514,PHI,ORL,22001055434,18840,0,203914|1628407|1628976|1629021|1630175,0,REG,2021,203118,-23.0,PF,Helper,0.33,Anthony 13' Driving Floating Jump Shot (11 PTS),PG,Primary Ball Handler,-1.51
Shot Chart Detail,22001055,445,1630181,R.J. Hampton,1610612753,Orlando Magic,3,3,31,Missed Shot,Pullup Jump shot,2PT Field Goal,Mid-Range,Right Side(R),8-16 ft.,11,105,50,1,0,20210514,PHI,ORL,22001055445,19490,0,1628414|1628976|1629021|1630175|1630181,0,REG,2021,201980|203118,-28.0,,,,,SG,Secondary Ball Handler,-1.22
Shot Chart Detail,22001055,480,1628964,Mo Bamba,1610612753,Orlando Magic,3,1,54,Missed Shot,Turnaround Hook Shot,2PT Field Goal,Restricted Area,Center(C),Less Than 8 ft.,1,2,17,1,0,20210514,PHI,ORL,22001055480,20460,0,1626184|1628414|1628964|1629649|1630181,0,REG,2021,203118,-32.0,PF,Helper,0.33,Scott BLOCK (2 BLK),C,Stretch Big,-0.2
Shot Chart Detail,22001055,485,1628964,Mo Bamba,1610612753,Orlando Magic,3,1,38,Missed Shot,Jump Shot,3PT Field Goal,Above the Break 3,Center(C),24+ ft.,25,-25,253,1,0,20210514,PHI,ORL,22001055485,20620,0,1626184|1628414|1628964|1629649|1630181,0,REG,2021,203118,-32.0,PF,Helper,0.33,MISS Bamba 25' 3PT Jump Shot,C,Stretch Big,-0.2
Shot Chart Detail,22001055,515,1628964,Mo Bamba,1610612753,Orlando Magic,4,11,15,Missed Shot,Jump Shot,3PT Field Goal,Above the Break 3,Left Side Center(LC),24+ ft.,25,-170,190,1,0,20210514,PHI,ORL,22001055515,22050,0,1626184|1628414|1628964|1629649|1630181,0,REG,2021,203118,-25.0,PF,Helper,0.33,MISS Bamba 25' 3PT Jump Shot,C,Stretch Big,-0.2
Shot Chart Detail,22001055,524,1629649,Ignas Brazdeikis,1610612753,Orlando Magic,4,10,10,Missed Shot,Layup Shot,2PT Field Goal,Restricted Area,Center(C),Less Than 8 ft.,1,-6,12,1,0,20210514,PHI,ORL,22001055524,22700,0,1626184|1628414|1628964|1629649|1630181,0,REG,2021,203118,-27.0,PF,Helper,0.33,Scott BLOCK (3 BLK),SF,Movement Shooter,-1.16
Shot Chart Detail,22001055,541,1628964,Mo Bamba,1610612753,Orlando Magic,4,9,8,Missed Shot,Jump Shot,3PT Field Goal,Above the Break 3,Left Side Center(LC),24+ ft.,26,-202,165,1,0,20210514,PHI,ORL,22001055541,23320,0,1626184|1628414|1628964|1629649|1630181,0,REG,2021,203118,-29.0,PF,Helper,0.33,MISS Bamba 26' 3PT Jump Shot,C,Stretch Big,-0.2
Shot Chart Detail,22001055,549,1630181,R.J. Hampton,1610612753,Orlando Magic,4,8,9,Missed Shot,Jump Shot,3PT Field Goal,Above the Break 3,Right Side Center(RC),24+ ft.,26,139,221,1,0,20210514,PHI,ORL,22001055549,23910,0,1626184|1628414|1628964|1629649|1630181,0,REG,2021,203118,-29.0,PF,Helper,0.33,MISS Hampton 26' 3PT Jump Shot,SG,Secondary Ball Handler,-1.22
Shot Chart Detail,22001055,559,1629649,Ignas Brazdeikis,1610612753,Orlando Magic,4,7,15,Made Shot,Jump Shot,3PT Field Goal,Above the Break 3,Right Side Center(RC),24+ ft.,25,105,232,1,1,20210514,PHI,ORL,22001055559,24450,0,1626184|1628414|1628964|1629649|1630181,1,REG,2021,203118,-24.0,PF,Helper,0.33,Brazdeikis 25' 3PT Jump Shot (21 PTS) (Hampton 8 AST),SF,Movement Shooter,-1.16
Shot Chart Detail,22001075,97,1628964,Mo Bamba,1610612753,Orlando Magic,1,3,0,Missed Shot,Jump Shot,2PT Field Goal,Mid-Range,Left Side(L),8-16 ft.,13,-119,58,1,0,20210516,PHI,ORL,2200107597,5400,0,1628407|1628414|1628964|1629649|1630175,0,REG,2021,203118,-11.0,PF,Helper,0.33,MISS Bamba 13' Jump Shot,C,Stretch Big,-0.2
Shot Chart Detail,22001075,104,1630175,Cole Anthony,1610612753,Orlando Magic,1,2,7,Made Shot,Jump Shot,3PT Field Goal,Above the Break 3,Left Side Center(LC),24+ ft.,26,-172,195,1,1,20210516,PHI,ORL,22001075104,5930,0,1628407|1628414|1628964|1629649|1630175,1,REG,2021,201588|203118,-6.0,,,,,PG,Primary Ball Handler,-1.51
Shot Chart Detail,22001075,120,1629021,Moritz Wagner,1610612753,Orlando Magic,1,1,32,Made Shot,Driving Layup Shot,2PT Field Goal,Restricted Area,Center(C),Less Than 8 ft.,1,14,14,1,1,20210516,PHI,ORL,22001075120,6280,0,1626184|1628414|1629021|1629649|1629743,1,REG,2021,203118,-7.0,PF,Helper,0.33,Wagner 2' Driving Layup (2 PTS) (Brazdeikis 1 AST),C,Stretch Big,-1.06
Shot Chart Detail,22001075,150,1626184,Chasson Randle,1610612753,Orlando Magic,2,10,31,Missed Shot,Pullup Jump shot,3PT Field Goal,Above the Break 3,Left Side Center(LC),24+ ft.,25,-116,224,1,0,20210516,PHI,ORL,22001075150,8090,0,1626184|1628414|1629021|1629649|1629743,0,REG,2021,203118,-9.0,PF,Helper,0.33,MISS Randle 25' 3PT Pullup Jump Shot,PG,Primary Ball Handler,-2.55
Shot Chart Detail,22001075,266,1628407,Dwayne Bacon,1610612753,Orlando Magic,2,2,50,Made Shot,Driving Floating Jump Shot,2PT Field Goal,In The Paint (Non-RA),Center(C),Less Than 8 ft.,5,-10,56,1,1,20210516,PHI,ORL,22001075266,12700,0,1628407|1628414|1628964|1629021|1630175,1,REG,2021,1630198|203118,7.0,,,,,SG,Secondary Ball Handler,-2.21
Shot Chart Detail,22001075,303,1630175,Cole Anthony,1610612753,Orlando Magic,2,0,34,Made Shot,Driving Floating Jump Shot,2PT Field Goal,In The Paint (Non-RA),Center(C),8-16 ft.,13,34,126,1,1,20210516,PHI,ORL,22001075303,14060,0,1628407|1628414|1628964|1629021|1630175,0,REG,2021,203118,7.0,PF,Helper,0.33,Anthony 13' Driving Floating Jump Shot (23 PTS),PG,Primary Ball Handler,-1.51
Shot Chart Detail,22001075,306,1630175,Cole Anthony,1610612753,Orlando Magic,2,0,8,Missed Shot,Pullup Jump shot,3PT Field Goal,Above the Break 3,Center(C),24+ ft.,26,-52,256,1,0,20210516,PHI,ORL,22001075306,14320,0,1628407|1628414|1628964|1629021|1630175,0,REG,2021,1630198|203118,7.0,,,,,PG,Primary Ball Handler,-1.51
Shot Chart Detail,22001075,438,1629649,Ignas Brazdeikis,1610612753,Orlando Magic,3,3,54,Missed Shot,Pullup Jump shot,2PT Field Goal,Mid-Range,Left Side Center(LC),16-24 ft.,18,-72,174,1,0,20210516,PHI,ORL,22001075438,19260,0,1626184|1628407|1628414|1629649|1629743,0,REG,2021,203118,-2.0,PF,Helper,0.33,MISS Brazdeikis 19' Pullup Jump Shot,SF,Movement Shooter,-1.16
Shot Chart Detail,22001075,449,1629649,Ignas Brazdeikis,1610612753,Orlando Magic,3,2,52,Made Shot,Driving Floating Jump Shot,2PT Field Goal,In The Paint (Non-RA),Center(C),Less Than 8 ft.,6,-12,67,1,1,20210516,PHI,ORL,22001075449,19880,0,1626184|1628407|1628414|1629649|1629743,1,REG,2021,203118,-3.0,PF,Helper,0.33,Brazdeikis 7' Driving Floating Jump Shot (5 PTS) (Randle 3 AST),SF,Movement Shooter,-1.16
Shot Chart Detail,22001075,483,1626184,Chasson Randle,1610612753,Orlando Magic,3,1,48,Missed Shot,Pullup Jump shot,2PT Field Goal,Mid-Range,Right Side(R),8-16 ft.,13,86,101,1,0,20210516,PHI,ORL,22001075483,20520,0,1626184|1628407|1629021|1629649|1629743,0,REG,2021,203118,-4.0,PF,Helper,0.33,MISS Randle 13' Pullup Jump Shot,PG,Primary Ball Handler,-2.55
Shot Chart Detail,22001075,545,1629743,Donta Hall,1610612753,Orlando Magic,3,1,2,Missed Shot,Putback Layup Shot,2PT Field Goal,Restricted Area,Center(C),Less Than 8 ft.,3,-17,26,1,0,20210516,PHI,ORL,22001075545,20980,0,1626184|1628407|1629021|1629649|1629743,0,REG,2021,203118,-5.0,PF,Helper,0.33,Scott BLOCK (1 BLK),PF,Athletic Finisher,-1.11
