PLAYER_ID,PLAYER_NAME,SHOT_ID,GRID_TYPE,GAME_ID,GAME_EVENT_ID,TEAM_ID,TEAM_NAME,PERIOD,MINUTES_REMAINING,SECONDS_REMAINING,EVENT_TYPE,ACTION_TYPE,SHOT_TYPE,SHOT_ZONE_BASIC,SHOT_ZONE_AREA,SHOT_ZONE_RANGE,SHOT_DISTANCE,LOC_X,LOC_Y,SHOT_ATTEMPTED_FLAG,SHOT_MADE_FLAG,GAME_DATE,HTM,VTM,PLAYERS_ON,assisted,season_type,year,DEF_ID,DEF_POSITION,DEF_ROLE,D_LEBRON,OFF_POSITION,OFF_ROLE,O_LEBRON
1627783,Pascal Siakam,21900001142,Shot Chart Detail,21900001,142,1610612761,Toronto Raptors,1,2,22,Missed Shot,Cutting Layup Shot,,Restricted Area,Center(C),Less Than 8 ft.,0,8,0,1,0,20191022,TOR,NOP,|1626181|1627783|200768|201188|201586,0,REG,2020,1628404,SF,Wing Stopper,-0.57,PF,Shot Creator,0.8
201188,Marc Gasol,21900001190,Shot Chart Detail,21900001,190,1610612761,Toronto Raptors,2,11,35,Missed Shot,Tip Layup Shot,,Restricted Area,Center(C),Less Than 8 ft.,0,0,-6,1,0,20191022,TOR,NOP,|1626181|1628384|200768|201188|201586,0,REG,2020,1628404|1629638,,,,C,Versatile Big,-1.8
201188,Marc Gasol,21900001213,Shot Chart Detail,21900001,213,1610612761,Toronto Raptors,2,9,35,Missed Shot,Turnaround Hook Shot,,In The Paint (Non-RA),Center(C),Less Than 8 ft.,7,-25,69,1,0,20191022,TOR,NOP,|1626181|1627832|1628384|200768|201188,0,REG,2020,1628404|1629740,,,,C,Versatile Big,-1.8
1627832,Fred VanVleet,21900001460,Shot Chart Detail,21900001,460,1610612761,Toronto Raptors,3,6,0,Made Shot,Running Layup Shot,,Restricted Area,Center(C),Less Than 8 ft.,2,-18,14,1,1,20191022,TOR,NOP,|1627783|1627832|1628384|200768|201188,0,REG,2020,1628404|1629740,,,,SG,Primary Ball Handler,0.54
1627783,Pascal Siakam,21900001476,Shot Chart Detail,21900001,476,1610612761,Toronto Raptors,3,4,51,Missed Shot,Putback Layup Shot,,Restricted Area,Center(C),Less Than 8 ft.,3,25,20,1,0,20191022,TOR,NOP,|1626181|1627783|1627832|1628384|201586,0,REG,2020,1628404|1629740,,,,PF,Shot Creator,0.8
1627783,Pascal Siakam,21900001489,Shot Chart Detail,21900001,489,1610612761,Toronto Raptors,3,4,4,Missed Shot,Turnaround Hook Shot,,In The Paint (Non-RA),Right Side(R),8-16 ft.,8,55,63,1,0,20191022,TOR,NOP,|1626181|1627783|1627832|1628384|201586,0,REG,2020,1628404|1629026,,,,PF,Shot Creator,0.8
201586,Serge Ibaka,21900001504,Shot Chart Detail,21900001,504,1610612761,Toronto Raptors,3,3,4,Made Shot,Turnaround Hook Shot,,In The Paint (Non-RA),Center(C),Less Than 8 ft.,6,13,64,1,1,20191022,TOR,NOP,|1626181|1627832|1628384|1629056|201586,0,REG,2020,202734|1628404|1629026|1629638,,,,C,Roll + Cut Big,-0.35
201586,Serge Ibaka,21900001535,Shot Chart Detail,21900001,535,1610612761,Toronto Raptors,3,0,27,Missed Shot,Hook Shot,,Mid-Range,Right Side(R),8-16 ft.,10,98,32,1,0,20191022,TOR,NOP,|1626181|1628384|1629056|200768|201586,0,REG,2020,1628404,SF,Wing Stopper,-0.57,C,Roll + Cut Big,-0.35
1627783,Pascal Siakam,21900001625,Shot Chart Detail,21900001,625,1610612761,Toronto Raptors,4,6,29,Made Shot,Jump Shot,,Above the Break 3,Left Side Center(LC),24+ ft.,25,-182,176,1,1,20191022,TOR,NOP,|1626181|1627783|1627832|200768|201188,1,REG,2020,1628404,SF,Wing Stopper,-0.57,PF,Shot Creator,0.8
200768,Kyle Lowry,21900001631,Shot Chart Detail,21900001,631,1610612761,Toronto Raptors,4,5,51,Missed Shot,Driving Layup Shot,,Restricted Area,Center(C),Less Than 8 ft.,1,-6,15,1,0,20191022,TOR,NOP,|1626181|1627783|1627832|200768|201188,0,REG,2020,1626143|1628404,,,,PG,Primary Ball Handler,2.32
1627832,Fred VanVleet,21900001798,Shot Chart Detail,21900001,798,1610612761,Toronto Raptors,5,0,18,Missed Shot,Driving Finger Roll Layup Shot,,Restricted Area,Center(C),Less Than 8 ft.,1,-10,11,1,0,20191022,TOR,NOP,|1626181|1627832|1628384|200768|201188,0,REG,2020,1628404|1629740,,,,SG,Primary Ball Handler,0.54
203501,Tim Hardaway Jr.,21900021117,Shot Chart Detail,21900021,117,1610612742,Dallas Mavericks,1,3,0,Missed Shot,Jump Shot,,Right Corner 3,Right Side(R),24+ ft.,24,241,13,1,0,20191025,NOP,DAL,|1626153|1628382|1628467|1629029|203501,0,REG,2020,1628404,SF,Wing Stopper,-0.57,SG,Movement Shooter,1.39
203501,Tim Hardaway Jr.,21900021149,Shot Chart Detail,21900021,149,1610612742,Dallas Mavericks,1,0,36,Missed Shot,Driving Layup Shot,,Restricted Area,Center(C),Less Than 8 ft.,2,-21,14,1,0,20191025,NOP,DAL,|1626153|1628382|1628467|203501|203552,0,REG,2020,1628404,SF,Wing Stopper,-0.57,SG,Movement Shooter,1.39
1626153,Delon Wright,21900021177,Shot Chart Detail,21900021,177,1610612742,Dallas Mavericks,2,11,5,Made Shot,Putback Layup Shot,2PT Field Goal,Restricted Area,Center(C),Less Than 8 ft.,2,-20,10,1,1,20191025,NOP,DAL,|1626153|1628382|1628467|203501|203552,0,REG,2020,1628404,SF,Wing Stopper,-0.57,PG,Primary Ball Handler,-0.09
1628382,Justin Jackson,21900021190,Shot Chart Detail,21900021,190,1610612742,Dallas Mavericks,2,10,7,Made Shot,Reverse Layup Shot,,Restricted Area,Center(C),Less Than 8 ft.,3,24,26,1,1,20191025,NOP,DAL,|1626153|1628382|1628467|203501|203552,1,REG,2020,1628404,SF,Wing Stopper,-0.57,PF,Low Minute,-0.73
1628467,Maxi Kleber,21900021433,Shot Chart Detail,21900021,433,1610612742,Dallas Mavericks,3,4,13,Missed Shot,Jump Shot,,Above the Break 3,Center(C),24+ ft.,26,19,263,1,0,20191025,NOP,DAL,|1627827|1628467|1628973|1629029|203501,0,REG,2020,1628404,SF,Wing Stopper,-0.57,PF,Athletic Finisher,0.07
203501,Tim Hardaway Jr.,21900021485,Shot Chart Detail,21900021,485,1610612742,Dallas Mavericks,3,0,13,Missed Shot,Pullup Jump shot,,Above the Break 3,Left Side Center(LC),24+ ft.,26,-136,228,1,0,20191025,NOP,DAL,|1626153|1627827|1628382|203501|203552,0,REG,2020,1628404,SF,Wing Stopper,-0.57,SG,Movement Shooter,1.39
203552,Seth Curry,21900021502,Shot Chart Detail,21900021,502,1610612742,Dallas Mavericks,4,11,12,Made Shot,Jump Shot,,Above the Break 3,Right Side Center(RC),24+ ft.,26,161,212,1,1,20191025,NOP,DAL,|1626153|1627827|1628382|203501|203552,1,REG,2020,1628404,SF,Wing Stopper,-0.57,SG,Secondary Ball Handler,0.91
1627827,Dorian Finney-Smith,21900021512,Shot Chart Detail,21900021,512,1610612742,Dallas Mavericks,4,10,34,Missed Shot,Jump Shot,,Above the Break 3,Right Side Center(RC),24+ ft.,25,95,242,1,0,20191025,NOP,DAL,|1626153|1627827|1628382|203501|203552,0,REG,2020,1628404,SF,Wing Stopper,-0.57,PF,Athletic Finisher,-0.34
1629029,Luka Doncic,21900021609,Shot Chart Detail,21900021,609,1610612742,Dallas Mavericks,4,4,24,Made Shot,Cutting Layup Shot,,Restricted Area,Center(C),Less Than 8 ft.,3,35,2,1,1,20191025,NOP,DAL,|1626153|1628467|1629029|203552|204001,1,REG,2020,1628404|1628366,,,,PG,Shot Creator,5.13
201935,James Harden,219000328,Shot Chart Detail,21900032,8,1610612745,Houston Rockets,1,11,38,Made Shot,Driving Layup Shot,,Restricted Area,Center(C),Less Than 8 ft.,1,-14,7,1,1,20191026,HOU,NOP,|1627863|200782|201566|201935|203991,1,REG,2020,1628404,SF,Wing Stopper,-0.57,SG,Shot Creator,6.9
1627863,Danuel House Jr.,2190003255,Shot Chart Detail,21900032,55,1610612745,Houston Rockets,1,7,15,Made Shot,Jump Shot,3PT Field Goal,Above the Break 3,Right Side Center(RC),24+ ft.,24,178,172,1,1,20191026,HOU,NOP,|1627863|200782|201566|201935|203991,1,REG,2020,1628404,SF,Wing Stopper,-0.57,SF,Movement Shooter,0.26
201935,James Harden,2190003268,Shot Chart Detail,21900032,68,1610612745,Houston Rockets,1,5,51,Missed Shot,Step Back Jump shot,,Above the Break 3,Right Side Center(RC),24+ ft.,25,157,206,1,0,20191026,HOU,NOP,|1627863|200782|201569|201935|203991,0,REG,2020,1628404,SF,Wing Stopper,-0.57,SG,Shot Creator,6.9
201935,James Harden,2190003272,Shot Chart Detail,21900032,72,1610612745,Houston Rockets,1,5,45,Missed Shot,Jump Shot,,Above the Break 3,Right Side Center(RC),24+ ft.,25,172,189,1,0,20191026,HOU,NOP,|1627863|200782|201569|201935|203991,0,REG,2020,1628404,SF,Wing Stopper,-0.57,SG,Shot Creator,6.9
203991,Clint Capela,2190003280,Shot Chart Detail,21900032,80,1610612745,Houston Rockets,1,5,26,Missed Shot,Alley Oop Layup shot,,Restricted Area,Center(C),Less Than 8 ft.,2,0,28,1,0,20191026,HOU,NOP,|200782|201569|201935|203085|203991,0,REG,2020,1628404,SF,Wing Stopper,-0.57,C,Roll + Cut Big,-0.5
200782,P.J. Tucker,21900032103,Shot Chart Detail,21900032,103,1610612745,Houston Rockets,1,4,9,Made Shot,Putback Layup Shot,,Restricted Area,Center(C),Less Than 8 ft.,1,2,12,1,1,20191026,HOU,NOP,|200757|200782|201569|201935|203085,0,REG,2020,1628402|1628404|1628366,,,,PF,Athletic Finisher,-1.42
201935,James Harden,21900032217,Shot Chart Detail,21900032,217,1610612745,Houston Rockets,2,7,52,Missed Shot,Step Back Jump shot,,Right Corner 3,Right Side(R),24+ ft.,22,227,27,1,0,20191026,HOU,NOP,|200782|201569|201935|203463|2199,0,REG,2020,1628404,SF,Wing Stopper,-0.57,SG,Shot Creator,6.9
200782,P.J. Tucker,21900032324,Shot Chart Detail,21900032,324,1610612745,Houston Rockets,2,2,23,Made Shot,Layup Shot,,Restricted Area,Center(C),Less Than 8 ft.,0,-3,8,1,1,20191026,HOU,NOP,|1627863|200782|201566|201569|201935,1,REG,2020,1628404|1628366,,,,PF,Athletic Finisher,-1.42
201566,Russell Westbrook,21900032348,Shot Chart Detail,21900032,348,1610612745,Houston Rockets,2,0,27,Made Shot,Running Layup Shot,,Restricted Area,Center(C),Less Than 8 ft.,1,-12,11,1,1,20191026,HOU,NOP,|1627863|200782|201566|201569|201935,0,REG,2020,1628404|1628366,,,,PG,Shot Creator,1.67
201935,James Harden,21900032355,Shot Chart Detail,21900032,355,1610612745,Houston Rockets,2,0,0,Missed Shot,Pullup Jump shot,,Above the Break 3,Left Side Center(LC),24+ ft.,27,-144,236,1,0,20191026,HOU,NOP,|1627863|200782|201566|201569|201935,0,REG,2020,1628404,SF,Wing Stopper,-0.57,SG,Shot Creator,6.9
201935,James Harden,21900032370,Shot Chart Detail,21900032,370,1610612745,Houston Rockets,3,11,22,Missed Shot,Jump Shot,,Above the Break 3,Center(C),24+ ft.,28,6,281,1,0,20191026,HOU,NOP,|1627863|200782|201566|201935|203991,0,REG,2020,1628404,SF,Wing Stopper,-0.57,SG,Shot Creator,6.9
201935,James Harden,21900032392,Shot Chart Detail,21900032,392,1610612745,Houston Rockets,3,9,36,Made Shot,Step Back Jump shot,,Above the Break 3,Center(C),24+ ft.,25,40,250,1,1,20191026,HOU,NOP,|1627863|200782|201566|201935|203991,0,REG,2020,1628404,SF,Wing Stopper,-0.57,SG,Shot Creator,6.9
201935,James Harden,21900032395,Shot Chart Detail,21900032,395,1610612745,Houston Rockets,3,9,7,Missed Shot,Jump Shot,,In The Paint (Non-RA),Center(C),Less Than 8 ft.,5,29,52,1,0,20191026,HOU,NOP,|1627863|200782|201566|201935|203991,0,REG,2020,1628404|1628366,,,,SG,Shot Creator,6.9
201935,James Harden,21900032426,Shot Chart Detail,21900032,426,1610612745,Houston Rockets,3,7,10,Missed Shot,Step Back Jump shot,,Above the Break 3,Left Side Center(LC),24+ ft.,25,-120,224,1,0,20191026,HOU,NOP,|1627863|200782|201569|201935|203991,0,REG,2020,1628404,SF,Wing Stopper,-0.57,SG,Shot Creator,6.9
201935,James Harden,21900032444,Shot Chart Detail,21900032,444,1610612745,Houston Rockets,3,5,59,Made Shot,Driving Dunk Shot,,Restricted Area,Center(C),Less Than 8 ft.,1,3,10,1,1,20191026,HOU,NOP,|1627863|200782|201569|201935|2199,0,REG,2020,200755|1628404,,,,SG,Shot Creator,6.9
1627863,Danuel House Jr.,21900032448,Shot Chart Detail,21900032,448,1610612745,Houston Rockets,3,5,33,Made Shot,Jump Shot,3PT Field Goal,Above the Break 3,Center(C),24+ ft.,25,-53,251,1,1,20191026,HOU,NOP,|1627863|200782|201569|201935|2199,1,REG,2020,1628404,SF,Wing Stopper,-0.57,SF,Movement Shooter,0.26
201935,James Harden,21900032483,Shot Chart Detail,21900032,483,1610612745,Houston Rockets,3,3,20,Missed Shot,Jump Shot,,Above the Break 3,Center(C),24+ ft.,27,32,276,1,0,20191026,HOU,NOP,|200757|201569|201935|203085|2199,0,REG,2020,1628404,SF,Wing Stopper,-0.57,SG,Shot Creator,6.9
201935,James Harden,21900032615,Shot Chart Detail,21900032,615,1610612745,Houston Rockets,4,7,36,Made Shot,Driving Layup Shot,,Restricted Area,Center(C),Less Than 8 ft.,2,-18,10,1,1,20191026,HOU,NOP,|1627863|200782|201566|201569|201935,1,REG,2020,1628404|1629026,,,,SG,Shot Creator,6.9
201935,James Harden,21900032637,Shot Chart Detail,21900032,637,1610612745,Houston Rockets,4,6,42,Missed Shot,Step Back Jump shot,,Above the Break 3,Center(C),24+ ft.,25,30,258,1,0,20191026,HOU,NOP,|1627863|200757|200782|201569|201935,0,REG,2020,1628404,SF,Wing Stopper,-0.57,SG,Shot Creator,6.9
201935,James Harden,21900032688,Shot Chart Detail,21900032,688,1610612745,Houston Rockets,4,2,36,Missed Shot,Driving Floating Jump Shot,,In The Paint (Non-RA),Center(C),Less Than 8 ft.,7,13,77,1,0,20191026,HOU,NOP,|1627863|200782|201566|201569|201935,0,REG,2020,1628404,SF,Wing Stopper,-0.57,SG,Shot Creator,6.9
201935,James Harden,21900032694,Shot Chart Detail,21900032,694,1610612745,Houston Rockets,4,2,3,Made Shot,Driving Layup Shot,,Restricted Area,Center(C),Less Than 8 ft.,1,-6,19,1,1,20191026,HOU,NOP,|1627863|200782|201566|201569|201935,0,REG,2020,1628404,SF,Wing Stopper,-0.57,SG,Shot Creator,6.9
203922,Glenn Robinson III,2190004726,Shot Chart Detail,21900047,26,1610612744,Golden State Warriors,1,10,7,Missed Shot,Cutting Layup Shot,,Restricted Area,Center(C),Less Than 8 ft.,3,32,0,1,0,20191028,NOP,GSW,|1626156|1629673|201939|203110|203922,0,REG,2020,1628404,SF,Wing Stopper,-0.57,SF,Off Screen Shooter,-1.1
1626156,D'Angelo Russell,2190004734,Shot Chart Detail,21900047,34,1610612744,Golden State Warriors,1,9,42,Missed Shot,Pullup Jump shot,3PT Field Goal,Above the Break 3,Right Side Center(RC),24+ ft.,26,90,250,1,0,20191028,NOP,GSW,|1626156|1629673|201939|203110|203922,0,REG,2020,1626143|1628404,,,,PG,Shot Creator,1.25
201939,Stephen Curry,2190004748,Shot Chart Detail,21900047,48,1610612744,Golden State Warriors,1,8,47,Missed Shot,Jump Shot,,Above the Break 3,Center(C),24+ ft.,26,34,262,1,0,20191028,NOP,GSW,|1626156|1629673|201939|203110|203922,0,REG,2020,1628404,SF,Wing Stopper,-0.57,PG,Primary Ball Handler,1.35
201939,Stephen Curry,21900047232,Shot Chart Detail,21900047,232,1610612744,Golden State Warriors,2,8,51,Missed Shot,Jump Shot,,Above the Break 3,Right Side Center(RC),24+ ft.,24,226,103,1,0,20191028,NOP,GSW,|1627737|1627814|201939|203110|203922,0,REG,2020,1628404,SF,Wing Stopper,-0.57,PG,Primary Ball Handler,1.35
1627814,Damion Lee,21900047258,Shot Chart Detail,21900047,258,1610612744,Golden State Warriors,2,7,33,Made Shot,Pullup Jump shot,,Mid-Range,Left Side(L),8-16 ft.,12,-103,78,1,1,20191028,NOP,GSW,|1627737|1627814|201939|203110|203922,1,REG,2020,1628404,SF,Wing Stopper,-0.57,SG,Off Screen Shooter,-0.41
203110,Draymond Green,21900047275,Shot Chart Detail,21900047,275,1610612744,Golden State Warriors,2,6,4,Made Shot,Layup Shot,,Restricted Area,Center(C),Less Than 8 ft.,2,22,-4,1,1,20191028,NOP,GSW,|1627737|1627814|1629673|201939|203110,1,REG,2020,1628404,SF,Wing Stopper,-0.57,PF,Primary Ball Handler,-1.9
1626156,D'Angelo Russell,21900047362,Shot Chart Detail,21900047,362,1610612744,Golden State Warriors,2,1,27,Made Shot,Driving Layup Shot,2PT Field Goal,Restricted Area,Center(C),Less Than 8 ft.,2,-18,9,1,1,20191028,NOP,GSW,|1626156|1627814|201939|203110|203922,0,REG,2020,1627742|1628404,,,,PG,Shot Creator,1.25
201939,Stephen Curry,21900047379,Shot Chart Detail,21900047,379,1610612744,Golden State Warriors,2,0,33,Made Shot,Pullup Jump shot,,Above the Break 3,Center(C),24+ ft.,29,-75,281,1,1,20191028,NOP,GSW,|1626156|1627814|201939|203110|203922,0,REG,2020,1628404,SF,Wing Stopper,-0.57,PG,Primary Ball Handler,1.35
203922,Glenn Robinson III,21900047408,Shot Chart Detail,21900047,408,1610612744,Golden State Warriors,3,10,47,Made Shot,Cutting Finger Roll Layup Shot,,Restricted Area,Center(C),Less Than 8 ft.,2,-18,10,1,1,20191028,NOP,GSW,|1626156|1629673|201939|203110|203922,1,REG,2020,1628404,SF,Wing Stopper,-0.57,SF,Off Screen Shooter,-1.1
201939,Stephen Curry,21900047412,Shot Chart Detail,21900047,412,1610612744,Golden State Warriors,3,10,23,Missed Shot,Pullup Jump shot,,Above the Break 3,Left Side Center(LC),24+ ft.,26,-110,243,1,0,20191028,NOP,GSW,|1626156|1629673|201939|203110|203922,0,REG,2020,1628404,SF,Wing Stopper,-0.57,PG,Primary Ball Handler,1.35
201939,Stephen Curry,21900047430,Shot Chart Detail,21900047,430,1610612744,Golden State Warriors,3,8,56,Made Shot,Cutting Layup Shot,,Restricted Area,Center(C),Less Than 8 ft.,1,13,8,1,1,20191028,NOP,GSW,|1626156|1629673|201939|203110|203922,1,REG,2020,1628404,SF,Wing Stopper,-0.57,PG,Primary Ball Handler,1.35
201939,Stephen Curry,21900047446,Shot Chart Detail,21900047,446,1610612744,Golden State Warriors,3,8,4,Missed Shot,Jump Shot,,Above the Break 3,Center(C),24+ ft.,26,49,257,1,0,20191028,NOP,GSW,|1626156|1629673|201939|203110|203922,0,REG,2020,1626143|1628404,,,,PG,Primary Ball Handler,1.35
1626156,D'Angelo Russell,21900047510,Shot Chart Detail,21900047,510,1610612744,Golden State Warriors,3,4,30,Made Shot,Driving Layup Shot,2PT Field Goal,Restricted Area,Center(C),Less Than 8 ft.,1,-16,10,1,1,20191028,NOP,GSW,|1626156|1627814|1629016|1629065|203110,0,REG,2020,1628404,SF,Wing Stopper,-0.57,PG,Shot Creator,1.25
201939,Stephen Curry,21900047599,Shot Chart Detail,21900047,599,1610612744,Golden State Warriors,4,9,48,Missed Shot,Driving Layup Shot,,Restricted Area,Center(C),Less Than 8 ft.,2,21,6,1,0,20191028,NOP,GSW,|1627814|1629672|201939|203110|203922,0,REG,2020,1628404,SF,Wing Stopper,-0.57,PG,Primary Ball Handler,1.35
203922,Glenn Robinson III,21900047606,Shot Chart Detail,21900047,606,1610612744,Golden State Warriors,4,9,0,Missed Shot,Driving Layup Shot,,Restricted Area,Center(C),Less Than 8 ft.,3,4,36,1,0,20191028,NOP,GSW,|1627814|1629672|201939|203110|203922,0,REG,2020,1628404,SF,Wing Stopper,-0.57,SF,Off Screen Shooter,-1.1
203110,Draymond Green,21900047650,Shot Chart Detail,21900047,650,1610612744,Golden State Warriors,4,7,46,Made Shot,Layup Shot,,Restricted Area,Center(C),Less Than 8 ft.,1,11,11,1,1,20191028,NOP,GSW,|1626156|1627737|1627814|201939|203110,1,REG,2020,1628404,SF,Wing Stopper,-0.57,PF,Primary Ball Handler,-1.9
1627736,Malik Beasley,21900067119,Shot Chart Detail,21900067,119,1610612743,Denver Nuggets,1,2,20,Missed Shot,Jump Shot,3PT Field Goal,Right Corner 3,Right Side(R),24+ ft.,22,229,8,1,0,20191031,NOP,DEN,|1627736|1628420|1629008|203924|203999,0,REG,2020,1628404,SF,Wing Stopper,-0.57,SG,Movement Shooter,-0.31
203924,Jerami Grant,21900067129,Shot Chart Detail,21900067,129,1610612743,Denver Nuggets,1,1,21,Made Shot,Dunk Shot,,Restricted Area,Center(C),Less Than 8 ft.,0,-4,3,1,1,20191031,NOP,DEN,|1627736|1628420|1629008|203486|203924,1,REG,2020,1628404,SF,Wing Stopper,-0.57,PF,Athletic Finisher,-0.76
1629008,Michael Porter Jr.,21900067132,Shot Chart Detail,21900067,132,1610612743,Denver Nuggets,1,0,57,Made Shot,Driving Layup Shot,,Restricted Area,Center(C),Less Than 8 ft.,1,-5,10,1,1,20191031,NOP,DEN,|1627736|1628420|1629008|203486|203924,1,REG,2020,1628404,SF,Wing Stopper,-0.57,SF,Athletic Finisher,1.17
203999,Nikola Jokic,21900067255,Shot Chart Detail,21900067,255,1610612743,Denver Nuggets,2,4,31,Made Shot,Layup Shot,,Restricted Area,Center(C),Less Than 8 ft.,1,-4,17,1,1,20191031,NOP,DEN,|1627750|1628470|200794|203914|203999,1,REG,2020,1628404|1629740,,,,C,Post Scorer,2.9
200794,Paul Millsap,21900067273,Shot Chart Detail,21900067,273,1610612743,Denver Nuggets,2,2,46,Missed Shot,Layup Shot,,Restricted Area,Center(C),Less Than 8 ft.,2,25,6,1,0,20191031,NOP,DEN,|1627736|1627750|200794|203914|203999,0,REG,2020,1628404,SF,Wing Stopper,-0.57,PF,Post Scorer,0.37
1628420,Monte Morris,21900067458,Shot Chart Detail,21900067,458,1610612743,Denver Nuggets,3,0,32,Missed Shot,Floating Jump shot,,Restricted Area,Center(C),Less Than 8 ft.,3,-16,27,1,0,20191031,NOP,DEN,|1627736|1628420|1629008|203486|203924,0,REG,2020,1628404,SF,Wing Stopper,-0.57,PG,Primary Ball Handler,0.58
1627736,Malik Beasley,21900067474,Shot Chart Detail,21900067,474,1610612743,Denver Nuggets,4,11,51,Missed Shot,Jump Shot,2PT Field Goal,Mid-Range,Left Side Center(LC),16-24 ft.,21,-132,167,1,0,20191031,NOP,DEN,|1627736|1628420|1629008|203486|203924,0,REG,2020,1628404,SF,Wing Stopper,-0.57,SG,Movement Shooter,-0.31
1627736,Malik Beasley,21900067496,Shot Chart Detail,21900067,496,1610612743,Denver Nuggets,4,10,33,Missed Shot,Jump Shot,3PT Field Goal,Above the Break 3,Left Side Center(LC),24+ ft.,25,-95,235,1,0,20191031,NOP,DEN,|1627736|1628420|1629008|203486|203924,0,REG,2020,1628404,SF,Wing Stopper,-0.57,SG,Movement Shooter,-0.31
1627736,Malik Beasley,21900067616,Shot Chart Detail,21900067,616,1610612743,Denver Nuggets,4,3,42,Missed Shot,Jump Shot,2PT Field Goal,Mid-Range,Left Side(L),16-24 ft.,19,-180,69,1,0,20191031,NOP,DEN,|1627736|1627823|1628420|1629008|1629020,0,REG,2020,1628404,SF,Wing Stopper,-0.57,SG,Movement Shooter,-0.31
1627736,Malik Beasley,21900067624,Shot Chart Detail,21900067,624,1610612743,Denver Nuggets,4,2,43,Made Shot,Driving Layup Shot,2PT Field Goal,Restricted Area,Center(C),Less Than 8 ft.,2,21,1,1,1,20191031,NOP,DEN,|1627736|1627823|1628420|1629008|1629020,0,REG,2020,1628404,SF,Wing Stopper,-0.57,SG,Movement Shooter,-0.31
1629008,Michael Porter Jr.,21900067653,Shot Chart Detail,21900067,653,1610612743,Denver Nuggets,4,0,24,Made Shot,Jump Shot,,Mid-Range,Left Side Center(LC),16-24 ft.,21,-172,136,1,1,20191031,NOP,DEN,|1627823|1628420|1628427|1629008|1629020,1,REG,2020,1628404,SF,Wing Stopper,-0.57,SF,Athletic Finisher,1.17
1628977,Hamidou Diallo,2190007781,Shot Chart Detail,21900077,81,1610612760,Oklahoma City Thunder,1,5,53,Made Shot,Cutting Dunk Shot,,Restricted Area,Center(C),Less Than 8 ft.,1,-9,5,1,1,20191102,OKC,NOP,|101108|1628977|1628983|201568|203488,1,REG,2020,1628404,SF,Wing Stopper,-0.57,SF,Athletic Finisher,-2.57
1629647,Darius Bazley,21900077103,Shot Chart Detail,21900077,103,1610612760,Oklahoma City Thunder,1,4,7,Missed Shot,Jump Shot,,Above the Break 3,Right Side Center(RC),24+ ft.,25,188,173,1,0,20191102,OKC,NOP,|1628977|1628983|1629647|203471|203488,0,REG,2020,1628404,SF,Wing Stopper,-0.57,PF,Stationary Shooter,-2.68
1629647,Darius Bazley,21900077111,Shot Chart Detail,21900077,111,1610612760,Oklahoma City Thunder,1,3,49,Missed Shot,Jump Shot,,Above the Break 3,Right Side Center(RC),24+ ft.,25,149,205,1,0,20191102,OKC,NOP,|1628977|1628983|1629647|203471|203488,0,REG,2020,1628404,SF,Wing Stopper,-0.57,PF,Stationary Shooter,-2.68
101108,Chris Paul,21900077199,Shot Chart Detail,21900077,199,1610612760,Oklahoma City Thunder,2,10,48,Missed Shot,Driving Floating Jump Shot,2PT Field Goal,In The Paint (Non-RA),Center(C),Less Than 8 ft.,6,20,59,1,0,20191102,OKC,NOP,|101108|1628977|1629647|203471|203488,0,REG,2020,1628404,SF,Wing Stopper,-0.57,PG,Shot Creator,2.82
1629647,Darius Bazley,21900077244,Shot Chart Detail,21900077,244,1610612760,Oklahoma City Thunder,2,8,29,Missed Shot,Jump Shot,,Above the Break 3,Right Side Center(RC),24+ ft.,25,148,204,1,0,20191102,OKC,NOP,|1627846|1628977|1629647|203457|203471,0,REG,2020,1628404,SF,Wing Stopper,-0.57,PF,Stationary Shooter,-2.68
201568,Danilo Gallinari,21900077386,Shot Chart Detail,21900077,386,1610612760,Oklahoma City Thunder,3,11,25,Made Shot,Dunk Shot,,Restricted Area,Center(C),Less Than 8 ft.,1,11,15,1,1,20191102,OKC,NOP,|101108|1628977|1628983|201568|203457,1,REG,2020,1628404,SF,Wing Stopper,-0.57,PF,Shot Creator,2.47
203488,Mike Muscala,21900077459,Shot Chart Detail,21900077,459,1610612760,Oklahoma City Thunder,3,5,20,Missed Shot,Jump Shot,,Left Corner 3,Left Side(L),24+ ft.,23,-230,16,1,0,20191102,OKC,NOP,|1628977|1628983|201568|203471|203488,0,REG,2020,1628404,SF,Wing Stopper,-0.57,C,Stretch Big,-0.76
1629647,Darius Bazley,21900077468,Shot Chart Detail,21900077,468,1610612760,Oklahoma City Thunder,3,4,45,Made Shot,Jump Shot,,Left Corner 3,Left Side(L),24+ ft.,24,-241,49,1,1,20191102,OKC,NOP,|1628977|1628983|1629647|203471|203488,1,REG,2020,1628404,SF,Wing Stopper,-0.57,PF,Stationary Shooter,-2.68
203471,Dennis Schroder,21900077591,Shot Chart Detail,21900077,591,1610612760,Oklahoma City Thunder,4,8,31,Missed Shot,Driving Floating Jump Shot,,In The Paint (Non-RA),Center(C),Less Than 8 ft.,4,-14,46,1,0,20191102,OKC,NOP,|1627846|1629126|1629647|203471|203488,0,REG,2020,1626143|1628404,,,,PG,Primary Ball Handler,0.17
1627846,Abdel Nader,21900077595,Shot Chart Detail,21900077,595,1610612760,Oklahoma City Thunder,4,8,3,Missed Shot,Jump Shot,3PT Field Goal,Left Corner 3,Left Side(L),24+ ft.,23,-230,1,1,0,20191102,OKC,NOP,|1627846|1629126|1629647|203471|203488,0,REG,2020,1628404,SF,Wing Stopper,-0.57,SF,Movement Shooter,-2.06
201568,Danilo Gallinari,21900077673,Shot Chart Detail,21900077,673,1610612760,Oklahoma City Thunder,4,4,3,Made Shot,Jump Shot,,Above the Break 3,Right Side Center(RC),24+ ft.,25,199,163,1,1,20191102,OKC,NOP,|101108|1628983|201568|203457|203471,0,REG,2020,1628404,SF,Wing Stopper,-0.57,PF,Shot Creator,2.47
203471,Dennis Schroder,21900077696,Shot Chart Detail,21900077,696,1610612760,Oklahoma City Thunder,4,1,41,Missed Shot,Jump Shot,,Above the Break 3,Left Side Center(LC),24+ ft.,25,-169,197,1,0,20191102,OKC,NOP,|101108|1628983|201568|203457|203471,0,REG,2020,1628404,SF,Wing Stopper,-0.57,PG,Primary Ball Handler,0.17
202681,Kyrie Irving,219000927,Shot Chart Detail,21900092,7,1610612751,Brooklyn Nets,1,11,40,Missed Shot,Pullup Jump shot,,Above the Break 3,Right Side Center(RC),24+ ft.,25,182,174,1,0,20191104,BKN,NOP,|1627747|1627752|1628386|202681|203925,0,REG,2020,1628404,SF,Wing Stopper,-0.57,PG,Shot Creator,3.01
202681,Kyrie Irving,2190009255,Shot Chart Detail,21900092,55,1610612751,Brooklyn Nets,1,6,17,Missed Shot,Running Pull-Up Jump Shot,,Above the Break 3,Right Side Center(RC),24+ ft.,25,151,200,1,0,20191104,BKN,NOP,|1627747|1627752|1628386|202681|203925,0,REG,2020,1628404,SF,Wing Stopper,-0.57,PG,Shot Creator,3.01
202681,Kyrie Irving,21900092330,Shot Chart Detail,21900092,330,1610612751,Brooklyn Nets,2,1,48,Made Shot,Step Back Jump shot,,In The Paint (Non-RA),Center(C),8-16 ft.,14,-60,132,1,1,20191104,BKN,NOP,|1627752|1628386|202066|202681|203915,0,REG,2020,1628404,SF,Wing Stopper,-0.57,PG,Shot Creator,3.01
202681,Kyrie Irving,21900092367,Shot Chart Detail,21900092,367,1610612751,Brooklyn Nets,3,10,42,Made Shot,Jump Shot,,Above the Break 3,Center(C),24+ ft.,28,36,284,1,1,20191104,BKN,NOP,|1627747|1627752|1628386|202681|203925,1,REG,2020,1628404,SF,Wing Stopper,-0.57,PG,Shot Creator,3.01
1627752,Taurean Prince,21900092371,Shot Chart Detail,21900092,371,1610612751,Brooklyn Nets,3,10,26,Missed Shot,Running Layup Shot,,Restricted Area,Center(C),Less Than 8 ft.,3,24,21,1,0,20191104,BKN,NOP,|1627747|1627752|1628386|202681|203925,0,REG,2020,1628404,SF,Wing Stopper,-0.57,PF,Movement Shooter,-0.44
203925,Joe Harris,21900092377,Shot Chart Detail,21900092,377,1610612751,Brooklyn Nets,3,10,3,Made Shot,Reverse Layup Shot,,Restricted Area,Center(C),Less Than 8 ft.,2,14,17,1,1,20191104,BKN,NOP,|1627747|1627752|1628386|202681|203925,1,REG,2020,1628404,SF,Wing Stopper,-0.57,SF,Off Screen Shooter,0.46
203925,Joe Harris,21900092466,Shot Chart Detail,21900092,466,1610612751,Brooklyn Nets,3,4,57,Made Shot,Step Back Jump shot,,Left Corner 3,Left Side(L),24+ ft.,22,-226,13,1,1,20191104,BKN,NOP,|1627752|1628386|202066|202681|203925,1,REG,2020,1628404,SF,Wing Stopper,-0.57,SF,Off Screen Shooter,0.46
1628386,Jarrett Allen,21900092478,Shot Chart Detail,21900092,478,1610612751,Brooklyn Nets,3,4,17,Made Shot,Cutting Dunk Shot,,Restricted Area,Center(C),Less Than 8 ft.,3,5,32,1,1,20191104,BKN,NOP,|1627752|1628386|202066|202681|203925,1,REG,2020,1629637|1628404,,,,C,Roll + Cut Big,0.67
1627747,Caris LeVert,21900092537,Shot Chart Detail,21900092,537,1610612751,Brooklyn Nets,3,0,56,Missed Shot,Pullup Jump shot,3PT Field Goal,Above the Break 3,Left Side Center(LC),24+ ft.,24,-173,180,1,0,20191104,BKN,NOP,|1627747|1627752|201599|202066|203915,0,REG,2020,1628404,SF,Wing Stopper,-0.57,SG,Shot Creator,0.93
1627747,Caris LeVert,21900092706,Shot Chart Detail,21900092,706,1610612751,Brooklyn Nets,4,1,27,Missed Shot,Jump Shot,3PT Field Goal,Right Corner 3,Right Side(R),24+ ft.,23,228,72,1,0,20191104,BKN,NOP,|1627747|1627752|202066|202681|203925,0,REG,2020,1628404,SF,Wing Stopper,-0.57,SG,Shot Creator,0.93
1627783,Pascal Siakam,2190012179,Shot Chart Detail,21900121,79,1610612761,Toronto Raptors,1,5,39,Missed Shot,Jump Shot,3PT Field Goal,Right Corner 3,Right Side(R),24+ ft.,23,231,34,1,0,20191108,NOP,TOR,|1627783|1627832|1628384|200768|201188,0,REG,2020,1628404,SF,Wing Stopper,-0.57,PF,Shot Creator,0.8
200768,Kyle Lowry,21900121105,Shot Chart Detail,21900121,105,1610612761,Toronto Raptors,1,3,42,Missed Shot,Jump Shot,,Above the Break 3,Left Side Center(LC),24+ ft.,25,-198,168,1,0,20191108,NOP,TOR,|1627783|1627832|1628384|200768|201586,0,REG,2020,1628404,SF,Wing Stopper,-0.57,PG,Primary Ball Handler,2.32
1627783,Pascal Siakam,21900121144,Shot Chart Detail,21900121,144,1610612761,Toronto Raptors,1,0,59,Missed Shot,Layup Shot,,Restricted Area,Center(C),Less Than 8 ft.,2,11,17,1,0,20191108,NOP,TOR,|1626181|1627783|1629056|200768|201586,0,REG,2020,1628404,SF,Wing Stopper,-0.57,PF,Shot Creator,0.8
201586,Serge Ibaka,21900121146,Shot Chart Detail,21900121,146,1610612761,Toronto Raptors,1,0,58,Made Shot,Dunk Shot,,Restricted Area,Center(C),Less Than 8 ft.,0,-2,-2,1,1,20191108,NOP,TOR,|1626181|1627783|1629056|200768|201586,0,REG,2020,1628404,SF,Wing Stopper,-0.57,C,Roll + Cut Big,-0.35
1627783,Pascal Siakam,21900121148,Shot Chart Detail,21900121,148,1610612761,Toronto Raptors,1,0,37,Made Shot,Pullup Jump shot,,Above the Break 3,Center(C),24+ ft.,25,36,250,1,1,20191108,NOP,TOR,|1626181|1627783|1629056|200768|201586,0,REG,2020,1628404,SF,Wing Stopper,-0.57,PF,Shot Creator,0.8
1627783,Pascal Siakam,21900121153,Shot Chart Detail,21900121,153,1610612761,Toronto Raptors,1,0,3,Missed Shot,Jump Shot,,Above the Break 3,Left Side Center(LC),24+ ft.,24,-190,162,1,0,20191108,NOP,TOR,|1626181|1627783|1629056|200768|201586,0,REG,2020,1628404,SF,Wing Stopper,-0.57,PF,Shot Creator,0.8
1627783,Pascal Siakam,21900121283,Shot Chart Detail,21900121,283,1610612761,Toronto Raptors,2,4,18,Made Shot,Jump Shot,3PT Field Goal,Above the Break 3,Center(C),24+ ft.,26,78,251,1,1,20191108,NOP,TOR,|1627783|1627832|1628384|1629744|201188,1,REG,2020,1628404,SF,Wing Stopper,-0.57,PF,Shot Creator,0.8
1627783,Pascal Siakam,21900121293,Shot Chart Detail,21900121,293,1610612761,Toronto Raptors,2,3,8,Made Shot,Finger Roll Layup Shot,2PT Field Goal,Restricted Area,Center(C),Less Than 8 ft.,1,-5,15,1,1,20191108,NOP,TOR,|1627783|1627832|1628384|1629744|201188,0,REG,2020,1628404,SF,Wing Stopper,-0.57,PF,Shot Creator,0.8
1627783,Pascal Siakam,21900121304,Shot Chart Detail,21900121,304,1610612761,Toronto Raptors,2,2,15,Missed Shot,Layup Shot,2PT Field Goal,Restricted Area,Center(C),Less Than 8 ft.,2,-21,-2,1,0,20191108,NOP,TOR,|1627783|1627832|1628384|1629744|201188,0,REG,2020,1628404,SF,Wing Stopper,-0.57,PF,Shot Creator,0.8
1627832,Fred VanVleet,21900121583,Shot Chart Detail,21900121,583,1610612761,Toronto Raptors,4,8,29,Missed Shot,Step Back Jump shot,,Above the Break 3,Left Side Center(LC),24+ ft.,26,-149,214,1,0,20191108,NOP,TOR,|1626181|1626259|1627832|1628384|201188,0,REG,2020,1628404,SF,Wing Stopper,-0.57,SG,Primary Ball Handler,0.54
1628384,O.G. Anunoby,21900121589,Shot Chart Detail,21900121,589,1610612761,Toronto Raptors,4,7,58,Missed Shot,Running Reverse Layup Shot,,Restricted Area,Center(C),Less Than 8 ft.,2,-22,10,1,0,20191108,NOP,TOR,|1626181|1626259|1627832|1628384|201188,0,REG,2020,1629637|1628404|1629026,,,,SF,Athletic Finisher,-1.13
1626181,Norman Powell,21900121600,Shot Chart Detail,21900121,600,1610612761,Toronto Raptors,4,7,7,Made Shot,Driving Layup Shot,2PT Field Goal,Restricted Area,Center(C),Less Than 8 ft.,2,-3,23,1,1,20191108,NOP,TOR,|1626181|1626259|1627832|1628384|201188,1,REG,2020,1628404,SF,Wing Stopper,-0.57,SG,Off Screen Shooter,0.07
1628998,Cody Martin,21900128192,Shot Chart Detail,21900128,192,1610612766,Charlotte Hornets,1,0,43,Made Shot,Running Layup Shot,,Restricted Area,Center(C),Less Than 8 ft.,2,-13,18,1,1,20191109,CHA,NOP,|101107|1628370|1628984|1628998|203469,1,REG,2020,1628404|1629638,,,,SF,Athletic Finisher,-0.15
1628984,Devonte' Graham,21900128233,Shot Chart Detail,21900128,233,1610612766,Charlotte Hornets,2,9,33,Made Shot,Jump Shot,,Above the Break 3,Left Side Center(LC),24+ ft.,26,-150,215,1,1,20191109,CHA,NOP,|1628370|1628984|1628998|1629023|202687,1,REG,2020,1628404,SF,Wing Stopper,-0.57,PG,Primary Ball Handler,1.56
1628370,Malik Monk,21900128253,Shot Chart Detail,21900128,253,1610612766,Charlotte Hornets,2,8,14,Made Shot,Alley Oop Dunk Shot,2PT Field Goal,Restricted Area,Center(C),Less Than 8 ft.,3,-20,23,1,1,20191109,CHA,NOP,|1628370|1628984|1628998|1629023|202687,1,REG,2020,1628404,SF,Wing Stopper,-0.57,SG,Movement Shooter,-0.32
1626179,Terry Rozier,21900128479,Shot Chart Detail,21900128,479,1610612766,Charlotte Hornets,3,4,52,Made Shot,Driving Finger Roll Layup Shot,,Restricted Area,Center(C),Less Than 8 ft.,2,-18,9,1,1,20191109,CHA,NOP,|101107|1626179|1628407|1628984|203469,1,REG,2020,1628404|1629026,,,,PG,Primary Ball Handler,-0.19
1628370,Malik Monk,21900128583,Shot Chart Detail,21900128,583,1610612766,Charlotte Hornets,4,11,28,Missed Shot,Jump Shot,3PT Field Goal,Above the Break 3,Right Side Center(RC),24+ ft.,24,206,135,1,0,20191109,CHA,NOP,|1628370|1628984|1628998|1629023|203469,0,REG,2020,202734|1628404,,,,SG,Movement Shooter,-0.32
1628970,Miles Bridges,21900128663,Shot Chart Detail,21900128,663,1610612766,Charlotte Hornets,4,5,23,Missed Shot,Jump Shot,,Right Corner 3,Right Side(R),24+ ft.,23,229,26,1,0,20191109,CHA,NOP,|1626179|1628407|1628970|1628984|203469,0,REG,2020,1628404,SF,Wing Stopper,-0.57,SF,Movement Shooter,-1.52
1628970,Miles Bridges,21900128667,Shot Chart Detail,21900128,667,1610612766,Charlotte Hornets,4,4,38,Missed Shot,Hook Shot,,In The Paint (Non-RA),Center(C),Less Than 8 ft.,6,27,63,1,0,20191109,CHA,NOP,|1626179|1628407|1628970|1628984|203469,0,REG,2020,1628404,SF,Wing Stopper,-0.57,SF,Movement Shooter,-1.52
1628984,Devonte' Graham,21900128744,Shot Chart Detail,21900128,744,1610612766,Charlotte Hornets,4,0,25,Missed Shot,Pullup Jump shot,,Above the Break 3,Center(C),24+ ft.,28,-84,273,1,0,20191109,CHA,NOP,|1626179|1628970|1628984|1628998|203469,0,REG,2020,1628404,SF,Wing Stopper,-0.57,PG,Primary Ball Handler,1.56
201566,Russell Westbrook,2190014216,Shot Chart Detail,21900142,16,1610612745,Houston Rockets,1,10,32,Missed Shot,Jump Shot,,Above the Break 3,Right Side Center(RC),24+ ft.,24,186,166,1,0,20191111,NOP,HOU,|1627863|200782|201566|201935|203991,0,REG,2020,1628404,SF,Wing Stopper,-0.57,PG,Shot Creator,1.67
201935,James Harden,21900142216,Shot Chart Detail,21900142,216,1610612745,Houston Rockets,2,7,10,Missed Shot,Step Back Jump shot,,Above the Break 3,Left Side Center(LC),24+ ft.,24,-105,225,1,0,20191111,NOP,HOU,|200782|201566|201935|203463|203991,0,REG,2020,1628404,SF,Wing Stopper,-0.57,SG,Shot Creator,6.9
201935,James Harden,21900142232,Shot Chart Detail,21900142,232,1610612745,Houston Rockets,2,6,5,Made Shot,Finger Roll Layup Shot,,Restricted Area,Center(C),Less Than 8 ft.,3,9,30,1,1,20191111,NOP,HOU,|1627863|200782|201935|203085|203991,0,REG,2020,1628404|1629026,,,,SG,Shot Creator,6.9
201935,James Harden,21900142235,Shot Chart Detail,21900142,235,1610612745,Houston Rockets,2,5,38,Made Shot,Driving Layup Shot,,Restricted Area,Center(C),Less Than 8 ft.,2,27,-6,1,1,20191111,NOP,HOU,|1627863|200782|201935|203085|203991,0,REG,2020,1628404,SF,Wing Stopper,-0.57,SG,Shot Creator,6.9
201935,James Harden,21900142246,Shot Chart Detail,21900142,246,1610612745,Houston Rockets,2,4,43,Made Shot,Driving Layup Shot,,In The Paint (Non-RA),Center(C),Less Than 8 ft.,5,3,58,1,1,20191111,NOP,HOU,|1627863|200782|201935|203085|203991,0,REG,2020,1628404|1629026,,,,SG,Shot Creator,6.9
201566,Russell Westbrook,21900142255,Shot Chart Detail,21900142,255,1610612745,Houston Rockets,2,4,30,Missed Shot,Fadeaway Jump Shot,,In The Paint (Non-RA),Center(C),8-16 ft.,11,-44,110,1,0,20191111,NOP,HOU,|1627863|200782|201566|201935|203085,0,REG,2020,1628404,SF,Wing Stopper,-0.57,PG,Shot Creator,1.67
201935,James Harden,21900142267,Shot Chart Detail,21900142,267,1610612745,Houston Rockets,2,3,55,Missed Shot,Driving Layup Shot,,Restricted Area,Center(C),Less Than 8 ft.,1,-19,3,1,0,20191111,NOP,HOU,|1627863|200782|201566|201935|203085,0,REG,2020,1628404,SF,Wing Stopper,-0.57,SG,Shot Creator,6.9
201566,Russell Westbrook,21900142297,Shot Chart Detail,21900142,297,1610612745,Houston Rockets,2,2,6,Missed Shot,Jump Shot,,Left Corner 3,Left Side(L),24+ ft.,23,-237,-8,1,0,20191111,NOP,HOU,|200782|201566|201569|201935|203991,0,REG,2020,1628404,SF,Wing Stopper,-0.57,PG,Shot Creator,1.67
201566,Russell Westbrook,21900142362,Shot Chart Detail,21900142,362,1610612745,Houston Rockets,3,10,7,Made Shot,Pullup Jump shot,,Mid-Range,Center(C),16-24 ft.,17,-38,170,1,1,20191111,NOP,HOU,|200782|201566|201935|203463|203991,0,REG,2020,1628404,SF,Wing Stopper,-0.57,PG,Shot Creator,1.67
201935,James Harden,21900142368,Shot Chart Detail,21900142,368,1610612745,Houston Rockets,3,9,41,Made Shot,Pullup Jump shot,,Above the Break 3,Left Side Center(LC),24+ ft.,26,-176,201,1,1,20191111,NOP,HOU,|200782|201566|201935|203463|203991,0,REG,2020,1628404,SF,Wing Stopper,-0.57,SG,Shot Creator,6.9
203085,Austin Rivers,21900142542,Shot Chart Detail,21900142,542,1610612745,Houston Rockets,4,10,32,Missed Shot,Floating Jump shot,,In The Paint (Non-RA),Center(C),8-16 ft.,10,18,100,1,0,20191111,NOP,HOU,|200757|201566|201569|203085|203991,0,REG,2020,1628404,SF,Wing Stopper,-0.57,SG,Shot Creator,-0.11
200782,P.J. Tucker,21900142586,Shot Chart Detail,21900142,586,1610612745,Houston Rockets,4,7,54,Missed Shot,Jump Shot,,Right Corner 3,Right Side(R),24+ ft.,23,233,42,1,0,20191111,NOP,HOU,|200757|200782|201935|203463|203991,0,REG,2020,1628404,SF,Wing Stopper,-0.57,PF,Athletic Finisher,-1.42
201935,James Harden,21900142589,Shot Chart Detail,21900142,589,1610612745,Houston Rockets,4,7,17,Made Shot,Driving Finger Roll Layup Shot,,Restricted Area,Center(C),Less Than 8 ft.,2,3,20,1,1,20191111,NOP,HOU,|200757|200782|201935|203463|203991,0,REG,2020,200755|1628404,,,,SG,Shot Creator,6.9
201935,James Harden,21900142596,Shot Chart Detail,21900142,596,1610612745,Houston Rockets,4,6,40,Made Shot,Floating Jump shot,,In The Paint (Non-RA),Center(C),8-16 ft.,8,-22,79,1,1,20191111,NOP,HOU,|200757|200782|201935|203463|203991,0,REG,2020,202734|1628404,,,,SG,Shot Creator,6.9
201935,James Harden,21900142599,Shot Chart Detail,21900142,599,1610612745,Houston Rockets,4,6,15,Made Shot,Step Back Jump shot,,Above the Break 3,Center(C),24+ ft.,27,-8,270,1,1,20191111,NOP,HOU,|200757|200782|201935|203463|203991,0,REG,2020,1628404,SF,Wing Stopper,-0.57,SG,Shot Creator,6.9
203991,Clint Capela,21900142645,Shot Chart Detail,21900142,645,1610612745,Houston Rockets,4,3,56,Made Shot,Cutting Layup Shot,,Restricted Area,Center(C),Less Than 8 ft.,2,-6,23,1,1,20191111,NOP,HOU,|200782|201566|201569|201935|203991,1,REG,2020,200755|1628404,,,,C,Roll + Cut Big,-0.5
201566,Russell Westbrook,21900142680,Shot Chart Detail,21900142,680,1610612745,Houston Rockets,4,0,53,Made Shot,Cutting Layup Shot,,Restricted Area,Center(C),Less Than 8 ft.,2,10,27,1,1,20191111,NOP,HOU,|200782|201566|201569|201935|203991,1,REG,2020,1628404,SF,Wing Stopper,-0.57,PG,Shot Creator,1.67
203076,Anthony Davis,21900264141,Shot Chart Detail,21900264,141,1610612747,Los Angeles Lakers,1,0,42,Made Shot,Dunk Shot,,Restricted Area,Center(C),Less Than 8 ft.,0,-3,1,1,1,20191127,NOP,LAL,|1627936|1628398|200765|203076|203584,1,REG,2020,1628404,SF,Wing Stopper,-0.57,PF,Shot Creator,3.34
200765,Rajon Rondo,21900264146,Shot Chart Detail,21900264,146,1610612747,Los Angeles Lakers,1,0,14,Missed Shot,Jump Shot,,Above the Break 3,Left Side Center(LC),24+ ft.,24,-145,203,1,0,20191127,NOP,LAL,|1627936|1628398|200765|203076|203584,0,REG,2020,1628404,SF,Wing Stopper,-0.57,PG,Primary Ball Handler,0.05
2730,Dwight Howard,21900264168,Shot Chart Detail,21900264,168,1610612747,Los Angeles Lakers,2,10,45,Made Shot,Dunk Shot,,Restricted Area,Center(C),Less Than 8 ft.,0,1,4,1,1,20191127,NOP,LAL,|1627936|1628398|200765|2544|2730,1,REG,2020,1628404,SF,Wing Stopper,-0.57,C,Roll + Cut Big,0.1
2544,LeBron James,21900264195,Shot Chart Detail,21900264,195,1610612747,Los Angeles Lakers,2,8,25,Made Shot,Layup Shot,,Restricted Area,Center(C),Less Than 8 ft.,1,-18,3,1,1,20191127,NOP,LAL,|1627936|1628398|200765|2544|2730,1,REG,2020,1628404|1629740,,,,PG,Shot Creator,5.21
203076,Anthony Davis,21900264231,Shot Chart Detail,21900264,231,1610612747,Los Angeles Lakers,2,5,51,Made Shot,Floating Jump shot,,Restricted Area,Center(C),Less Than 8 ft.,3,-36,9,1,1,20191127,NOP,LAL,|1627936|200765|201980|203076|2730,1,REG,2020,1628404,SF,Wing Stopper,-0.57,PF,Shot Creator,3.34
2730,Dwight Howard,21900264455,Shot Chart Detail,21900264,455,1610612747,Los Angeles Lakers,3,4,10,Made Shot,Alley Oop Dunk Shot,,Restricted Area,Center(C),Less Than 8 ft.,2,-6,21,1,1,20191127,NOP,LAL,|1628398|200765|203076|203484|2730,1,REG,2020,1626143|1628404,,,,C,Roll + Cut Big,0.1
203484,Kentavious Caldwell-Pope,21900264466,Shot Chart Detail,21900264,466,1610612747,Los Angeles Lakers,3,3,9,Missed Shot,Pullup Jump shot,,Mid-Range,Right Side Center(RC),16-24 ft.,19,116,159,1,0,20191127,NOP,LAL,|1628398|200765|203076|203484|2730,0,REG,2020,1628404,SF,Wing Stopper,-0.57,SG,Movement Shooter,0.37
1628398,Kyle Kuzma,21900264487,Shot Chart Detail,21900264,487,1610612747,Los Angeles Lakers,3,2,12,Made Shot,Pullup Jump shot,,Mid-Range,Left Side Center(LC),16-24 ft.,19,-98,163,1,1,20191127,NOP,LAL,|1627936|1628398|200765|203076|203584,0,REG,2020,1628404|201950,,,,PF,Shot Creator,-0.14
2544,LeBron James,21900264526,Shot Chart Detail,21900264,526,1610612747,Los Angeles Lakers,4,10,57,Made Shot,Layup Shot,,Restricted Area,Center(C),Less Than 8 ft.,2,-23,11,1,1,20191127,NOP,LAL,|1627936|1628398|203584|2544|2730,0,REG,2020,1628404,SF,Wing Stopper,-0.57,PG,Shot Creator,5.21
1628398,Kyle Kuzma,21900264550,Shot Chart Detail,21900264,550,1610612747,Los Angeles Lakers,4,9,8,Made Shot,Jump Shot,,Above the Break 3,Right Side Center(RC),24+ ft.,26,95,252,1,1,20191127,NOP,LAL,|1627936|1628398|203584|2544|2730,1,REG,2020,1628404,SF,Wing Stopper,-0.57,PF,Shot Creator,-0.14
2544,LeBron James,21900264602,Shot Chart Detail,21900264,602,1610612747,Los Angeles Lakers,4,4,55,Missed Shot,Alley Oop Layup shot,,Restricted Area,Center(C),Less Than 8 ft.,3,-30,18,1,0,20191127,NOP,LAL,|1627936|203076|203484|2544|2730,0,REG,2020,1628404,SF,Wing Stopper,-0.57,PG,Shot Creator,5.21
2544,LeBron James,21900264657,Shot Chart Detail,21900264,657,1610612747,Los Angeles Lakers,4,1,35,Made Shot,Tip Layup Shot,,Restricted Area,Center(C),Less Than 8 ft.,0,0,-6,1,1,20191127,NOP,LAL,|1627936|1628398|203076|203484|2544,0,REG,2020,1628404|201950,,,,PG,Shot Creator,5.21
203471,Dennis Schroder,21900275122,Shot Chart Detail,21900275,122,1610612760,Oklahoma City Thunder,1,2,14,Missed Shot,Jump Shot,,Above the Break 3,Center(C),24+ ft.,25,-42,251,1,0,20191129,OKC,NOP,|1627846|1628390|1629647|203457|203471,0,REG,2020,1628404,SF,Wing Stopper,-0.57,PG,Primary Ball Handler,0.17
203471,Dennis Schroder,21900275134,Shot Chart Detail,21900275,134,1610612760,Oklahoma City Thunder,1,1,48,Missed Shot,Jump Shot,,In The Paint (Non-RA),Center(C),8-16 ft.,14,71,132,1,0,20191129,OKC,NOP,|1627846|1629126|1629647|203471|203500,0,REG,2020,1628404,SF,Wing Stopper,-0.57,PG,Primary Ball Handler,0.17
203471,Dennis Schroder,21900275151,Shot Chart Detail,21900275,151,1610612760,Oklahoma City Thunder,1,0,35,Made Shot,Pullup Jump shot,,In The Paint (Non-RA),Right Side(R),8-16 ft.,14,74,120,1,1,20191129,OKC,NOP,|1627846|1629126|1629647|203471|203500,0,REG,2020,1628404,SF,Wing Stopper,-0.57,PG,Primary Ball Handler,0.17
203471,Dennis Schroder,21900275153,Shot Chart Detail,21900275,153,1610612760,Oklahoma City Thunder,1,0,20,Missed Shot,Pullup Jump shot,,Above the Break 3,Center(C),24+ ft.,27,9,276,1,0,20191129,OKC,NOP,|1627846|1629126|1629647|203471|203500,0,REG,2020,1628404,SF,Wing Stopper,-0.57,PG,Primary Ball Handler,0.17
1627846,Abdel Nader,21900275171,Shot Chart Detail,21900275,171,1610612760,Oklahoma City Thunder,2,11,2,Missed Shot,Pullup Jump shot,2PT Field Goal,Mid-Range,Center(C),16-24 ft.,18,36,185,1,0,20191129,OKC,NOP,|1627846|1629126|1629647|203471|203500,0,REG,2020,1628404,SF,Wing Stopper,-0.57,SF,Movement Shooter,-2.06
101108,Chris Paul,21900275192,Shot Chart Detail,21900275,192,1610612760,Oklahoma City Thunder,2,8,43,Missed Shot,Jump Shot,3PT Field Goal,Left Corner 3,Left Side(L),24+ ft.,23,-233,-27,1,0,20191129,OKC,NOP,|101108|1627846|1629647|203457|203471,0,REG,2020,1628404,SF,Wing Stopper,-0.57,PG,Shot Creator,2.82
1627846,Abdel Nader,21900275206,Shot Chart Detail,21900275,206,1610612760,Oklahoma City Thunder,2,7,32,Made Shot,Cutting Layup Shot,,Restricted Area,Center(C),Less Than 8 ft.,2,-22,8,1,1,20191129,OKC,NOP,|101108|1627846|1629647|203457|203471,1,REG,2020,1628404,SF,Wing Stopper,-0.57,SF,Movement Shooter,-2.06
1629647,Darius Bazley,21900275222,Shot Chart Detail,21900275,222,1610612760,Oklahoma City Thunder,2,5,44,Made Shot,Layup Shot,,Restricted Area,Center(C),Less Than 8 ft.,0,-3,9,1,1,20191129,OKC,NOP,|101108|1627846|1629647|203457|203471,0,REG,2020,1628404|1629740,,,,PF,Stationary Shooter,-2.68
101108,Chris Paul,21900275289,Shot Chart Detail,21900275,289,1610612760,Oklahoma City Thunder,2,0,54,Made Shot,Pullup Jump shot,3PT Field Goal,Above the Break 3,Center(C),24+ ft.,24,24,245,1,1,20191129,OKC,NOP,|101108|1628983|201568|203471|203500,0,REG,2020,1628404,SF,Wing Stopper,-0.57,PG,Shot Creator,2.82
101108,Chris Paul,21900275299,Shot Chart Detail,21900275,299,1610612760,Oklahoma City Thunder,2,0,0,Missed Shot,Step Back Jump shot,3PT Field Goal,Above the Break 3,Right Side Center(RC),24+ ft.,25,170,194,1,0,20191129,OKC,NOP,|101108|1628983|201568|203471|203500,0,REG,2020,1628404,SF,Wing Stopper,-0.57,PG,Shot Creator,2.82
201568,Danilo Gallinari,21900275329,Shot Chart Detail,21900275,329,1610612760,Oklahoma City Thunder,3,9,46,Made Shot,Jump Shot,,Above the Break 3,Right Side Center(RC),24+ ft.,26,102,249,1,1,20191129,OKC,NOP,|101108|1628390|1628983|201568|203500,1,REG,2020,1628404,SF,Wing Stopper,-0.57,PF,Shot Creator,2.47
101108,Chris Paul,21900275339,Shot Chart Detail,21900275,339,1610612760,Oklahoma City Thunder,3,9,7,Missed Shot,Step Back Jump shot,3PT Field Goal,Above the Break 3,Right Side Center(RC),24+ ft.,26,228,127,1,0,20191129,OKC,NOP,|101108|1628390|1628983|201568|203500,0,REG,2020,1628404,SF,Wing Stopper,-0.57,PG,Shot Creator,2.82
1628983,Shai Gilgeous-Alexander,21900275348,Shot Chart Detail,21900275,348,1610612760,Oklahoma City Thunder,3,8,28,Made Shot,Floating Jump shot,,In The Paint (Non-RA),Center(C),8-16 ft.,9,41,91,1,1,20191129,OKC,NOP,|101108|1628390|1628983|201568|203500,0,REG,2020,1628404,SF,Wing Stopper,-0.57,SG,Shot Creator,0.81
1628983,Shai Gilgeous-Alexander,21900275476,Shot Chart Detail,21900275,476,1610612760,Oklahoma City Thunder,4,11,6,Made Shot,Driving Floating Jump Shot,,In The Paint (Non-RA),Center(C),Less Than 8 ft.,6,29,55,1,1,20191129,OKC,NOP,|1627846|1628983|1629647|203457|203471,1,REG,2020,1628404,SF,Wing Stopper,-0.57,SG,Shot Creator,0.81
1629647,Darius Bazley,21900275484,Shot Chart Detail,21900275,484,1610612760,Oklahoma City Thunder,4,10,37,Missed Shot,Driving Finger Roll Layup Shot,,Restricted Area,Center(C),Less Than 8 ft.,3,29,11,1,0,20191129,OKC,NOP,|1627846|1628983|1629647|203457|203471,0,REG,2020,1628404,SF,Wing Stopper,-0.57,PF,Stationary Shooter,-2.68
203457,Nerlens Noel,21900275499,Shot Chart Detail,21900275,499,1610612760,Oklahoma City Thunder,4,9,13,Made Shot,Cutting Layup Shot,,Restricted Area,Center(C),Less Than 8 ft.,2,-2,22,1,1,20191129,OKC,NOP,|1627846|1628983|1629647|203457|203471,1,REG,2020,1628404,SF,Wing Stopper,-0.57,C,Roll + Cut Big,-1.09
203471,Dennis Schroder,21900275518,Shot Chart Detail,21900275,518,1610612760,Oklahoma City Thunder,4,8,29,Made Shot,Driving Finger Roll Layup Shot,,Restricted Area,Center(C),Less Than 8 ft.,2,14,25,1,1,20191129,OKC,NOP,|1627846|1628983|1629126|203457|203471,1,REG,2020,1628404,SF,Wing Stopper,-0.57,PG,Primary Ball Handler,0.17
1628983,Shai Gilgeous-Alexander,21900275541,Shot Chart Detail,21900275,541,1610612760,Oklahoma City Thunder,4,6,35,Missed Shot,Pullup Jump shot,,Above the Break 3,Left Side Center(LC),24+ ft.,28,-139,249,1,0,20191129,OKC,NOP,|1627846|1628983|1629126|203457|203471,0,REG,2020,1628404,SF,Wing Stopper,-0.57,SG,Shot Creator,0.81
1627846,Abdel Nader,2190028988,Shot Chart Detail,21900289,88,1610612760,Oklahoma City Thunder,1,3,30,Missed Shot,Jump Shot,3PT Field Goal,Right Corner 3,Right Side(R),24+ ft.,24,236,47,1,0,20191201,NOP,OKC,|1627846|1628983|201568|203457|203471,0,REG,2020,1628404,SF,Wing Stopper,-0.57,SF,Movement Shooter,-2.06
203471,Dennis Schroder,21900289113,Shot Chart Detail,21900289,113,1610612760,Oklahoma City Thunder,1,2,2,Made Shot,Jump Shot,,Left Corner 3,Left Side(L),24+ ft.,22,-226,15,1,1,20191201,NOP,OKC,|1627846|1628983|1629647|203457|203471,1,REG,2020,1628404,SF,Wing Stopper,-0.57,PG,Primary Ball Handler,0.17
1628983,Shai Gilgeous-Alexander,21900289118,Shot Chart Detail,21900289,118,1610612760,Oklahoma City Thunder,1,1,33,Missed Shot,Step Back Jump shot,,Above the Break 3,Right Side Center(RC),24+ ft.,27,90,255,1,0,20191201,NOP,OKC,|1627846|1628983|1629647|203457|203471,0,REG,2020,1628404,SF,Wing Stopper,-0.57,SG,Shot Creator,0.81
203457,Nerlens Noel,21900289121,Shot Chart Detail,21900289,121,1610612760,Oklahoma City Thunder,1,0,48,Missed Shot,Floating Jump shot,,In The Paint (Non-RA),Right Side(R),8-16 ft.,10,52,90,1,0,20191201,NOP,OKC,|1627846|1628983|1629647|203457|203471,0,REG,2020,1628404|201950,,,,C,Roll + Cut Big,-1.09
1629647,Darius Bazley,21900289205,Shot Chart Detail,21900289,205,1610612760,Oklahoma City Thunder,2,6,47,Missed Shot,Pullup Jump shot,,Mid-Range,Center(C),8-16 ft.,15,-76,140,1,0,20191201,NOP,OKC,|101108|1629126|1629647|203457|203471,0,REG,2020,1628404,SF,Wing Stopper,-0.57,PF,Stationary Shooter,-2.68
101108,Chris Paul,21900289295,Shot Chart Detail,21900289,295,1610612760,Oklahoma City Thunder,2,0,27,Missed Shot,Jump Shot,3PT Field Goal,Above the Break 3,Left Side Center(LC),24+ ft.,24,-165,182,1,0,20191201,NOP,OKC,|101108|1628390|1628983|201568|203500,0,REG,2020,1628404,SF,Wing Stopper,-0.57,PG,Shot Creator,2.82
1628983,Shai Gilgeous-Alexander,21900289428,Shot Chart Detail,21900289,428,1610612760,Oklahoma City Thunder,3,1,44,Missed Shot,Turnaround Fadeaway Bank Jump Shot,,In The Paint (Non-RA),Left Side(L),8-16 ft.,8,-62,63,1,0,20191201,NOP,OKC,|1627846|1628983|1629647|203457|203471,0,REG,2020,1628404,SF,Wing Stopper,-0.57,SG,Shot Creator,0.81
1628983,Shai Gilgeous-Alexander,21900289434,Shot Chart Detail,21900289,434,1610612760,Oklahoma City Thunder,3,1,18,Made Shot,Driving Layup Shot,,Restricted Area,Center(C),Less Than 8 ft.,1,5,11,1,1,20191201,NOP,OKC,|1627846|1628983|1629647|203457|203471,0,REG,2020,1628404,SF,Wing Stopper,-0.57,SG,Shot Creator,0.81
203471,Dennis Schroder,21900289468,Shot Chart Detail,21900289,468,1610612760,Oklahoma City Thunder,4,11,42,Missed Shot,Jump Shot,,Above the Break 3,Center(C),24+ ft.,24,-27,248,1,0,20191201,NOP,OKC,|1627846|1628983|1629647|203471|203500,0,REG,2020,1628404,SF,Wing Stopper,-0.57,PG,Primary Ball Handler,0.17
1628983,Shai Gilgeous-Alexander,21900289476,Shot Chart Detail,21900289,476,1610612760,Oklahoma City Thunder,4,10,54,Missed Shot,Driving Layup Shot,,Restricted Area,Center(C),Less Than 8 ft.,3,-24,21,1,0,20191201,NOP,OKC,|1627846|1628983|1629647|203471|203500,0,REG,2020,1628404,SF,Wing Stopper,-0.57,SG,Shot Creator,0.81
203471,Dennis Schroder,21900289498,Shot Chart Detail,21900289,498,1610612760,Oklahoma City Thunder,4,9,31,Made Shot,Layup Shot,,Restricted Area,Center(C),Less Than 8 ft.,2,-23,5,1,1,20191201,NOP,OKC,|1627846|1628983|1629647|203471|203500,0,REG,2020,1628404,SF,Wing Stopper,-0.57,PG,Primary Ball Handler,0.17
203500,Steven Adams,21900289600,Shot Chart Detail,21900289,600,1610612760,Oklahoma City Thunder,4,1,9,Missed Shot,Driving Layup Shot,,Restricted Area,Center(C),Less Than 8 ft.,3,0,36,1,0,20191201,NOP,OKC,|101108|1628390|1628983|201568|203500,0,REG,2020,1627742|1628404,,,,C,Post Scorer,-0.09
203500,Steven Adams,21900289603,Shot Chart Detail,21900289,603,1610612760,Oklahoma City Thunder,4,1,8,Made Shot,Hook Shot,,In The Paint (Non-RA),Center(C),Less Than 8 ft.,6,4,62,1,1,20191201,NOP,OKC,|101108|1628390|1628983|201568|203500,0,REG,2020,1627742|1628404,,,,C,Post Scorer,-0.09
1627827,Dorian Finney-Smith,21900302127,Shot Chart Detail,21900302,127,1610612742,Dallas Mavericks,1,2,54,Missed Shot,Jump Shot,,Left Corner 3,Left Side(L),24+ ft.,22,-228,-18,1,0,20191203,NOP,DAL,|1626153|1627827|1628467|1629029|203552,0,REG,2020,1628404,SF,Wing Stopper,-0.57,PF,Athletic Finisher,-0.34
1629029,Luka Doncic,21900302144,Shot Chart Detail,21900302,144,1610612742,Dallas Mavericks,1,2,2,Made Shot,Layup Shot,,Restricted Area,Center(C),Less Than 8 ft.,1,6,9,1,1,20191203,NOP,DAL,|1626153|1628382|1628467|1629029|203552,0,REG,2020,1628404|201950,,,,PG,Shot Creator,5.13
203501,Tim Hardaway Jr.,21900302162,Shot Chart Detail,21900302,162,1610612742,Dallas Mavericks,1,1,17,Missed Shot,Jump Shot,,Mid-Range,Left Side(L),8-16 ft.,14,-95,106,1,0,20191203,NOP,DAL,|1626153|1628382|1628467|1628973|203501,0,REG,2020,1628404,SF,Wing Stopper,-0.57,SG,Movement Shooter,1.39
203552,Seth Curry,21900302236,Shot Chart Detail,21900302,236,1610612742,Dallas Mavericks,2,8,43,Made Shot,Floating Jump shot,,In The Paint (Non-RA),Center(C),Less Than 8 ft.,7,-4,72,1,1,20191203,NOP,DAL,|1626153|1627827|200826|203552|203939,1,REG,2020,1628404,SF,Wing Stopper,-0.57,SG,Secondary Ball Handler,0.91
203552,Seth Curry,21900302239,Shot Chart Detail,21900302,239,1610612742,Dallas Mavericks,2,8,20,Missed Shot,Jump Shot,,Above the Break 3,Right Side Center(RC),24+ ft.,24,158,190,1,0,20191203,NOP,DAL,|1626153|1627827|200826|203552|203939,0,REG,2020,1628404,SF,Wing Stopper,-0.57,SG,Secondary Ball Handler,0.91
204001,Kristaps Porzingis,21900302426,Shot Chart Detail,21900302,426,1610612742,Dallas Mavericks,3,4,14,Missed Shot,Turnaround Jump Shot,,Mid-Range,Left Side(L),8-16 ft.,13,-89,106,1,0,20191203,NOP,DAL,|1627827|1629029|203501|203939|204001,0,REG,2020,1628404,SF,Wing Stopper,-0.57,C,Versatile Big,1.51
1629029,Luka Doncic,21900302432,Shot Chart Detail,21900302,432,1610612742,Dallas Mavericks,3,3,47,Made Shot,Driving Layup Shot,,Restricted Area,Center(C),Less Than 8 ft.,2,-29,7,1,1,20191203,NOP,DAL,|1627827|1629029|203501|203939|204001,0,REG,2020,1629637|1628404,,,,PG,Shot Creator,5.13
203939,Dwight Powell,21900302452,Shot Chart Detail,21900302,452,1610612742,Dallas Mavericks,3,2,39,Made Shot,Driving Layup Shot,,Restricted Area,Center(C),Less Than 8 ft.,2,-9,23,1,1,20191203,NOP,DAL,|1627827|1628467|1629029|203552|203939,1,REG,2020,1627742|1628404,,,,C,Roll + Cut Big,-0.61
1628382,Justin Jackson,21900302510,Shot Chart Detail,21900302,510,1610612742,Dallas Mavericks,4,10,7,Missed Shot,Jump Shot,,Above the Break 3,Center(C),24+ ft.,24,0,249,1,0,20191203,NOP,DAL,|1626153|1628382|1628467|203552|203939,0,REG,2020,1628404,SF,Wing Stopper,-0.57,PF,Low Minute,-0.73
1626153,Delon Wright,21900302540,Shot Chart Detail,21900302,540,1610612742,Dallas Mavericks,4,8,8,Missed Shot,Driving Layup Shot,2PT Field Goal,In The Paint (Non-RA),Center(C),Less Than 8 ft.,6,44,48,1,0,20191203,NOP,DAL,|1626153|1627827|1628382|1628467|203552,0,REG,2020,1628404|201950,,,,PG,Primary Ball Handler,-0.09
203552,Seth Curry,21900302558,Shot Chart Detail,21900302,558,1610612742,Dallas Mavericks,4,7,5,Made Shot,Jump Shot,,Left Corner 3,Left Side(L),24+ ft.,22,-225,-1,1,1,20191203,NOP,DAL,|1626153|1627827|1628382|1628467|203552,1,REG,2020,1628404,SF,Wing Stopper,-0.57,SG,Secondary Ball Handler,0.91
203552,Seth Curry,21900302609,Shot Chart Detail,21900302,609,1610612742,Dallas Mavericks,4,3,10,Made Shot,Jump Shot,,Right Corner 3,Right Side(R),24+ ft.,22,227,-1,1,1,20191203,NOP,DAL,|1626153|1628382|1628973|200826|203552,1,REG,2020,1628404,SF,Wing Stopper,-0.57,SG,Secondary Ball Handler,0.91
1628973,Jalen Brunson,21900302616,Shot Chart Detail,21900302,616,1610612742,Dallas Mavericks,4,2,3,Made Shot,Pullup Jump shot,,In The Paint (Non-RA),Center(C),Less Than 8 ft.,7,0,74,1,1,20191203,NOP,DAL,|1626153|1628382|1628973|200826|203552,1,REG,2020,1628404,SF,Wing Stopper,-0.57,PG,Primary Ball Handler,0.44
1626162,Kelly Oubre Jr.,21900319123,Shot Chart Detail,21900319,123,1610612756,Phoenix Suns,1,4,21,Missed Shot,Fadeaway Jump Shot,2PT Field Goal,Mid-Range,Right Side(R),8-16 ft.,10,105,-6,1,0,20191205,NOP,PHX,|1626162|1626163|1626164|1628969|1629660,0,REG,2020,1629637|1628404,,,,SF,Athletic Finisher,0.2
1626164,Devin Booker,21900319149,Shot Chart Detail,21900319,149,1610612756,Phoenix Suns,1,2,40,Missed Shot,Jump Shot,3PT Field Goal,Above the Break 3,Center(C),24+ ft.,25,-65,242,1,0,20191205,NOP,PHX,|1626164|1627767|1628969|1629660|1629661,0,REG,2020,1628404,SF,Wing Stopper,-0.57,SG,Shot Creator,3.18
1628969,Mikal Bridges,21900319176,Shot Chart Detail,21900319,176,1610612756,Phoenix Suns,1,0,8,Made Shot,Cutting Dunk Shot,,Restricted Area,Center(C),Less Than 8 ft.,0,-2,5,1,1,20191205,NOP,PHX,|1626162|1627767|1628969|1629660|1629661,1,REG,2020,1628404,SF,Wing Stopper,-0.57,SF,Athletic Finisher,-1.0
1629661,Cameron Johnson,21900319193,Shot Chart Detail,21900319,193,1610612756,Phoenix Suns,2,11,18,Made Shot,Tip Layup Shot,,Restricted Area,Center(C),Less Than 8 ft.,0,0,-6,1,1,20191205,NOP,PHX,|1626162|1627767|1628969|1629661|201937,0,REG,2020,1628404|1629638,,,,PF,Athletic Finisher,0.31
1628969,Mikal Bridges,21900319196,Shot Chart Detail,21900319,196,1610612756,Phoenix Suns,2,10,49,Made Shot,Jump Shot,,Above the Break 3,Center(C),24+ ft.,25,74,244,1,1,20191205,NOP,PHX,|1626162|1627767|1628969|1629661|201937,1,REG,2020,1628404,SF,Wing Stopper,-0.57,SF,Athletic Finisher,-1.0
201937,Ricky Rubio,21900319238,Shot Chart Detail,21900319,238,1610612756,Phoenix Suns,2,7,32,Made Shot,Cutting Finger Roll Layup Shot,,Restricted Area,Center(C),Less Than 8 ft.,1,11,6,1,1,20191205,NOP,PHX,|1626164|1628969|1629661|201937|203967,1,REG,2020,1628404,SF,Wing Stopper,-0.57,PG,Primary Ball Handler,0.72
1626164,Devin Booker,21900319471,Shot Chart Detail,21900319,471,1610612756,Phoenix Suns,3,4,29,Made Shot,Running Dunk Shot,,Restricted Area,Center(C),Less Than 8 ft.,0,0,-2,1,1,20191205,NOP,PHX,|1626162|1626163|1626164|201937|203967,1,REG,2020,1628404,SF,Wing Stopper,-0.57,SG,Shot Creator,3.18
1626163,Frank Kaminsky,21900319495,Shot Chart Detail,21900319,495,1610612756,Phoenix Suns,3,2,50,Missed Shot,Finger Roll Layup Shot,2PT Field Goal,Restricted Area,Center(C),Less Than 8 ft.,1,12,5,1,0,20191205,NOP,PHX,|1626163|1626164|1628969|1629660|1629661,0,REG,2020,1628404,SF,Wing Stopper,-0.57,C,Stretch Big,-0.12
1629661,Cameron Johnson,21900319514,Shot Chart Detail,21900319,514,1610612756,Phoenix Suns,3,1,50,Missed Shot,Jump Shot,,Above the Break 3,Left Side Center(LC),24+ ft.,26,-152,218,1,0,20191205,NOP,PHX,|1626164|1627767|1628969|1629660|1629661,0,REG,2020,1628404,SF,Wing Stopper,-0.57,PF,Athletic Finisher,0.31
1628973,Jalen Brunson,21900330143,Shot Chart Detail,21900330,143,1610612742,Dallas Mavericks,1,0,37,Made Shot,Fadeaway Jump Shot,,In The Paint (Non-RA),Left Side(L),8-16 ft.,10,-71,80,1,1,20191207,DAL,NOP,|1626246|1628382|1628467|1628973|203552,0,REG,2020,1628404,SF,Wing Stopper,-0.57,PG,Primary Ball Handler,0.44
1628467,Maxi Kleber,21900330145,Shot Chart Detail,21900330,145,1610612742,Dallas Mavericks,1,0,2,Missed Shot,Fadeaway Jump Shot,,Mid-Range,Right Side(R),8-16 ft.,10,106,28,1,0,20191207,DAL,NOP,|1626246|1628382|1628467|1628973|203552,0,REG,2020,1628404,SF,Wing Stopper,-0.57,PF,Athletic Finisher,0.07
1628467,Maxi Kleber,21900330179,Shot Chart Detail,21900330,179,1610612742,Dallas Mavericks,2,8,50,Missed Shot,Jump Shot,,Above the Break 3,Left Side Center(LC),24+ ft.,25,-221,130,1,0,20191207,DAL,NOP,|1626246|1628382|1628467|1628973|203552,0,REG,2020,1628404,SF,Wing Stopper,-0.57,PF,Athletic Finisher,0.07
203552,Seth Curry,21900330467,Shot Chart Detail,21900330,467,1610612742,Dallas Mavericks,3,2,58,Made Shot,Step Back Jump shot,,Above the Break 3,Left Side Center(LC),24+ ft.,24,-192,156,1,1,20191207,DAL,NOP,|1628382|1628467|1629029|203552|204001,0,REG,2020,1628404,SF,Wing Stopper,-0.57,SG,Secondary Ball Handler,0.91
1628467,Maxi Kleber,21900330487,Shot Chart Detail,21900330,487,1610612742,Dallas Mavericks,3,1,54,Missed Shot,Cutting Layup Shot,,Restricted Area,Center(C),Less Than 8 ft.,2,13,20,1,0,20191207,DAL,NOP,|1626246|1628382|1628467|1628973|203552,0,REG,2020,1628404|1629638,,,,PF,Athletic Finisher,0.07
201584,Courtney Lee,21900330529,Shot Chart Detail,21900330,529,1610612742,Dallas Mavericks,4,9,13,Made Shot,Jump Shot,,Left Corner 3,Left Side(L),24+ ft.,22,-227,-11,1,1,20191207,DAL,NOP,|1626246|1628382|200826|201584|203552,1,REG,2020,1628404,SF,Wing Stopper,-0.57,SG,Movement Shooter,-1.77
1626174,Christian Wood,21900348157,Shot Chart Detail,21900348,157,1610612765,Detroit Pistons,1,1,27,Made Shot,Tip Layup Shot,2PT Field Goal,Restricted Area,Center(C),Less Than 8 ft.,0,0,-6,1,1,20191209,NOP,DET,|1626174|1629004|201565|202693|204038,0,REG,2020,1628404|1628366,,,,PF,Athletic Finisher,1.52
202693,Markieff Morris,21900348169,Shot Chart Detail,21900348,169,1610612765,Detroit Pistons,1,0,37,Missed Shot,Jump Shot,,In The Paint (Non-RA),Center(C),8-16 ft.,12,3,121,1,0,20191209,NOP,DET,|1626174|1629004|201565|202693|204038,0,REG,2020,1628404,SF,Wing Stopper,-0.57,PF,Versatile Big,-1.61
202693,Markieff Morris,21900348199,Shot Chart Detail,21900348,199,1610612765,Detroit Pistons,2,10,59,Missed Shot,Jump Shot,,Above the Break 3,Left Side Center(LC),24+ ft.,24,-199,143,1,0,20191209,NOP,DET,|1626174|1628379|1629004|201565|202693,0,REG,2020,1628404,SF,Wing Stopper,-0.57,PF,Versatile Big,-1.61
1629004,Svi Mykhailiuk,21900348216,Shot Chart Detail,21900348,216,1610612765,Detroit Pistons,2,9,52,Missed Shot,Jump Shot,,Right Corner 3,Right Side(R),24+ ft.,23,230,64,1,0,20191209,NOP,DET,|1626174|1628379|1629004|201565|202693,0,REG,2020,1628404,SF,Wing Stopper,-0.57,SF,Off Screen Shooter,-0.12
202693,Markieff Morris,21900348223,Shot Chart Detail,21900348,223,1610612765,Detroit Pistons,2,9,18,Missed Shot,Jump Shot,,Above the Break 3,Right Side Center(RC),24+ ft.,25,99,239,1,0,20191209,NOP,DET,|1626174|1628379|1629004|201565|202693,0,REG,2020,1628404,SF,Wing Stopper,-0.57,PF,Versatile Big,-1.61
201933,Blake Griffin,21900348364,Shot Chart Detail,21900348,364,1610612765,Detroit Pistons,2,0,4,Missed Shot,Jump Shot,,Mid-Range,Left Side(L),8-16 ft.,11,-114,-11,1,0,20191209,NOP,DET,|1626174|1628971|1629004|201565|201933,0,REG,2020,1628404,SF,Wing Stopper,-0.57,PF,Shot Creator,1.89
203083,Andre Drummond,21900348480,Shot Chart Detail,21900348,480,1610612765,Detroit Pistons,3,4,8,Missed Shot,Tip Layup Shot,,Restricted Area,Center(C),Less Than 8 ft.,0,0,-6,1,0,20191209,NOP,DET,|1628379|201565|201933|203083|204038,0,REG,2020,1629637|1628404|1628366,,,,C,Shot Creator,-0.97
203083,Andre Drummond,21900348482,Shot Chart Detail,21900348,482,1610612765,Detroit Pistons,3,4,6,Made Shot,Tip Layup Shot,,Restricted Area,Center(C),Less Than 8 ft.,0,0,-6,1,1,20191209,NOP,DET,|1628379|201565|201933|203083|204038,0,REG,2020,1627742|1629637|1628404|1628366,,,,C,Shot Creator,-0.97
204038,Langston Galloway,21900348538,Shot Chart Detail,21900348,538,1610612765,Detroit Pistons,3,0,26,Made Shot,Driving Layup Shot,,Restricted Area,Center(C),Less Than 8 ft.,1,11,-1,1,1,20191209,NOP,DET,|1626174|1629004|201565|202693|204038,1,REG,2020,1628404,SF,Wing Stopper,-0.57,SG,Off Screen Shooter,-0.62
204038,Langston Galloway,21900348572,Shot Chart Detail,21900348,572,1610612765,Detroit Pistons,4,10,49,Made Shot,Cutting Finger Roll Layup Shot,,Restricted Area,Center(C),Less Than 8 ft.,1,10,2,1,1,20191209,NOP,DET,|1627748|1629004|201565|202693|204038,1,REG,2020,1628404,SF,Wing Stopper,-0.57,SG,Off Screen Shooter,-0.62
201565,Derrick Rose,21900348590,Shot Chart Detail,21900348,590,1610612765,Detroit Pistons,4,8,44,Made Shot,Jump Shot,,Mid-Range,Right Side Center(RC),16-24 ft.,18,75,167,1,1,20191209,NOP,DET,|1629004|201565|202693|203083|204038,0,REG,2020,1628404,SF,Wing Stopper,-0.57,PG,Slasher,1.08
201565,Derrick Rose,21900348596,Shot Chart Detail,21900348,596,1610612765,Detroit Pistons,4,8,8,Missed Shot,Jump Shot,,Above the Break 3,Center(C),24+ ft.,25,-62,244,1,0,20191209,NOP,DET,|1629004|201565|202693|203083|204038,0,REG,2020,1628404,SF,Wing Stopper,-0.57,PG,Slasher,1.08
203503,Tony Snell,21900348644,Shot Chart Detail,21900348,644,1610612765,Detroit Pistons,4,3,54,Missed Shot,Jump Shot,,Left Corner 3,Left Side(L),24+ ft.,22,-226,0,1,0,20191209,NOP,DET,|1628379|1628971|201933|203083|203503,0,REG,2020,1628404,SF,Wing Stopper,-0.57,SF,Off Screen Shooter,-1.32
1628978,Donte DiVincenzo,21900364126,Shot Chart Detail,21900364,126,1610612749,Milwaukee Bucks,1,2,48,Missed Shot,Jump Shot,,Above the Break 3,Right Side Center(RC),24+ ft.,26,101,245,1,0,20191211,MIL,NOP,|1628391|1628425|1628978|201577|201588,0,REG,2020,1628404,SF,Wing Stopper,-0.57,SG,Athletic Finisher,0.39
203114,Khris Middleton,21900364153,Shot Chart Detail,21900364,153,1610612749,Milwaukee Bucks,1,0,15,Missed Shot,Turnaround Fadeaway shot,,In The Paint (Non-RA),Center(C),Less Than 8 ft.,4,-6,42,1,0,20191211,MIL,NOP,|1628425|201577|201588|203114|2594,0,REG,2020,1628404,SF,Wing Stopper,-0.57,SF,Shot Creator,2.48
203114,Khris Middleton,21900364199,Shot Chart Detail,21900364,199,1610612749,Milwaukee Bucks,2,9,20,Made Shot,Driving Hook Shot,,In The Paint (Non-RA),Center(C),Less Than 8 ft.,7,57,43,1,1,20191211,MIL,NOP,|101141|201577|201588|203114|2594,0,REG,2020,1628404,SF,Wing Stopper,-0.57,SF,Shot Creator,2.48
203114,Khris Middleton,21900364418,Shot Chart Detail,21900364,418,1610612749,Milwaukee Bucks,3,5,53,Made Shot,Pullup Jump shot,,Mid-Range,Center(C),16-24 ft.,16,-11,163,1,1,20191211,MIL,NOP,|101141|1628978|202083|202339|203114,0,REG,2020,1628404,SF,Wing Stopper,-0.57,SF,Shot Creator,2.48
101141,Ersan Ilyasova,21900364421,Shot Chart Detail,21900364,421,1610612749,Milwaukee Bucks,3,5,38,Made Shot,Jump Shot,2PT Field Goal,In The Paint (Non-RA),Center(C),8-16 ft.,15,-65,137,1,1,20191211,MIL,NOP,|101141|1628978|202083|202339|203114,1,REG,2020,1628404,SF,Wing Stopper,-0.57,PF,Stretch Big,0.28
203114,Khris Middleton,21900364495,Shot Chart Detail,21900364,495,1610612749,Milwaukee Bucks,3,0,8,Missed Shot,Driving Layup Shot,,Restricted Area,Center(C),Less Than 8 ft.,2,11,18,1,0,20191211,MIL,NOP,|1628425|201577|201588|203114|2594,0,REG,2020,1628404,SF,Wing Stopper,-0.57,SF,Shot Creator,2.48
201572,Brook Lopez,21900364599,Shot Chart Detail,21900364,599,1610612749,Milwaukee Bucks,4,4,53,Missed Shot,Alley Oop Layup shot,,Restricted Area,Center(C),Less Than 8 ft.,2,11,17,1,0,20191211,MIL,NOP,|101141|1626192|1628978|201572|202339,0,REG,2020,1628404,SF,Wing Stopper,-0.57,C,Versatile Big,-0.32
203658,Norvel Pelle,21900372101,Shot Chart Detail,21900372,101,1610612755,Philadelphia 76ers,1,4,9,Made Shot,Tip Layup Shot,,Restricted Area,Center(C),Less Than 8 ft.,0,0,-6,1,1,20191213,PHI,NOP,|1627732|1629680|202699|203516|203658,0,REG,2020,1628404,SF,Wing Stopper,-0.57,C,Roll + Cut Big,-2.59
1626196,Josh Richardson,21900372181,Shot Chart Detail,21900372,181,1610612755,Philadelphia 76ers,2,10,12,Missed Shot,Jump Shot,2PT Field Goal,In The Paint (Non-RA),Center(C),Less Than 8 ft.,7,-37,61,1,0,20191213,PHI,NOP,|1626196|1627788|203118|203526|203954,0,REG,2020,1628404,SF,Wing Stopper,-0.57,SG,Secondary Ball Handler,-0.58
1627788,Furkan Korkmaz,21900372209,Shot Chart Detail,21900372,209,1610612755,Philadelphia 76ers,2,8,25,Made Shot,Driving Finger Roll Layup Shot,2PT Field Goal,Restricted Area,Center(C),Less Than 8 ft.,2,16,22,1,1,20191213,PHI,NOP,|1627788|1629680|202699|203526|203954,1,REG,2020,1628404|1628366,,,,SG,Movement Shooter,-0.58
202699,Tobias Harris,21900372257,Shot Chart Detail,21900372,257,1610612755,Philadelphia 76ers,2,6,19,Missed Shot,Pullup Jump shot,,Restricted Area,Center(C),Less Than 8 ft.,2,-24,5,1,0,20191213,PHI,NOP,|1627732|1629680|202699|203124|203516,0,REG,2020,1628404,SF,Wing Stopper,-0.57,PF,Shot Creator,1.66
202699,Tobias Harris,21900372331,Shot Chart Detail,21900372,331,1610612755,Philadelphia 76ers,2,0,31,Missed Shot,Pullup Jump shot,,Mid-Range,Left Side(L),8-16 ft.,13,-97,99,1,0,20191213,PHI,NOP,|1627732|1627788|1629680|202699|203954,0,REG,2020,1628404,SF,Wing Stopper,-0.57,PF,Shot Creator,1.66
203658,Norvel Pelle,21900372450,Shot Chart Detail,21900372,450,1610612755,Philadelphia 76ers,3,4,10,Made Shot,Running Alley Oop Dunk Shot,,Restricted Area,Center(C),Less Than 8 ft.,1,-16,1,1,1,20191213,PHI,NOP,|1627732|1629680|202699|203516|203658,1,REG,2020,1628404,SF,Wing Stopper,-0.57,C,Roll + Cut Big,-2.59
202699,Tobias Harris,21900372459,Shot Chart Detail,21900372,459,1610612755,Philadelphia 76ers,3,3,4,Missed Shot,Pullup Jump shot,,In The Paint (Non-RA),Center(C),Less Than 8 ft.,6,58,37,1,0,20191213,PHI,NOP,|1627732|1629680|202699|203516|203658,0,REG,2020,1628404,SF,Wing Stopper,-0.57,PF,Shot Creator,1.66
202699,Tobias Harris,21900372462,Shot Chart Detail,21900372,462,1610612755,Philadelphia 76ers,3,2,57,Made Shot,Driving Floating Jump Shot,,In The Paint (Non-RA),Center(C),8-16 ft.,10,0,101,1,1,20191213,PHI,NOP,|1627732|1629680|202699|203516|203658,0,REG,2020,1628404,SF,Wing Stopper,-0.57,PF,Shot Creator,1.66
1627732,Ben Simmons,21900372488,Shot Chart Detail,21900372,488,1610612755,Philadelphia 76ers,3,0,43,Made Shot,Driving Floating Jump Shot,2PT Field Goal,Restricted Area,Center(C),Less Than 8 ft.,3,4,38,1,1,20191213,PHI,NOP,|1627732|1629680|202699|203516|203954,0,REG,2020,1628404,SF,Wing Stopper,-0.57,PG,Shot Creator,0.82
203516,James Ennis III,21900372494,Shot Chart Detail,21900372,494,1610612755,Philadelphia 76ers,3,0,3,Made Shot,Jump Shot,,Above the Break 3,Right Side Center(RC),24+ ft.,25,141,212,1,1,20191213,PHI,NOP,|1627732|1629680|202699|203516|203954,1,REG,2020,1628404,SF,Wing Stopper,-0.57,SF-SG,Athletic Finisher,-0.63
202699,Tobias Harris,21900372577,Shot Chart Detail,21900372,577,1610612755,Philadelphia 76ers,4,7,10,Made Shot,Jump Shot,,In The Paint (Non-RA),Center(C),Less Than 8 ft.,6,14,62,1,1,20191213,PHI,NOP,|1627732|1629680|202699|203516|203658,1,REG,2020,1628404,SF,Wing Stopper,-0.57,PF,Shot Creator,1.66
1627732,Ben Simmons,21900372600,Shot Chart Detail,21900372,600,1610612755,Philadelphia 76ers,4,5,43,Missed Shot,Driving Layup Shot,2PT Field Goal,Restricted Area,Center(C),Less Than 8 ft.,2,-20,8,1,0,20191213,PHI,NOP,|1627732|1629680|202699|203516|203658,0,REG,2020,1628404,SF,Wing Stopper,-0.57,PG,Shot Creator,0.82
202699,Tobias Harris,21900372617,Shot Chart Detail,21900372,617,1610612755,Philadelphia 76ers,4,4,39,Made Shot,Jump Shot,,Mid-Range,Right Side(R),8-16 ft.,14,145,37,1,1,20191213,PHI,NOP,|1627732|1629680|202699|203516|203954,1,REG,2020,1628404,SF,Wing Stopper,-0.57,PF,Shot Creator,1.66
203082,Terrence Ross,21900388115,Shot Chart Detail,21900388,115,1610612753,Orlando Magic,1,3,10,Missed Shot,Jump Shot,,Above the Break 3,Right Side Center(RC),24+ ft.,25,170,192,1,0,20191215,NOP,ORL,|1628371|1628964|201571|203082|203487,0,REG,2020,1628404,SF,Wing Stopper,-0.57,SG,Off Screen Shooter,0.29
203932,Aaron Gordon,21900388130,Shot Chart Detail,21900388,130,1610612753,Orlando Magic,1,1,48,Missed Shot,Turnaround Hook Shot,,In The Paint (Non-RA),Left Side(L),8-16 ft.,10,-65,79,1,0,20191215,NOP,ORL,|1628964|201571|203082|203487|203932,0,REG,2020,1628404,SF,Wing Stopper,-0.57,PF,Versatile Big,-0.25
203932,Aaron Gordon,21900388134,Shot Chart Detail,21900388,134,1610612753,Orlando Magic,1,1,26,Missed Shot,Turnaround Fadeaway shot,,In The Paint (Non-RA),Center(C),8-16 ft.,12,9,122,1,0,20191215,NOP,ORL,|1628964|201571|203082|203487|203932,0,REG,2020,1628404,SF,Wing Stopper,-0.57,PF,Versatile Big,-0.25
203932,Aaron Gordon,21900388150,Shot Chart Detail,21900388,150,1610612753,Orlando Magic,1,0,1,Missed Shot,Jump Shot,,Above the Break 3,Center(C),24+ ft.,25,11,251,1,0,20191215,NOP,ORL,|1628964|201571|203082|203487|203932,0,REG,2020,1628404,SF,Wing Stopper,-0.57,PF,Versatile Big,-0.25
203932,Aaron Gordon,21900388162,Shot Chart Detail,21900388,162,1610612753,Orlando Magic,2,11,43,Missed Shot,Driving Layup Shot,,Restricted Area,Center(C),Less Than 8 ft.,3,-36,16,1,0,20191215,NOP,ORL,|1628964|201571|203082|203487|203932,0,REG,2020,1628404,SF,Wing Stopper,-0.57,PF,Versatile Big,-0.25
1628964,Mo Bamba,21900388164,Shot Chart Detail,21900388,164,1610612753,Orlando Magic,2,11,43,Made Shot,Putback Layup Shot,2PT Field Goal,Restricted Area,Center(C),Less Than 8 ft.,2,-4,25,1,1,20191215,NOP,ORL,|1628964|201571|203082|203487|203932,0,REG,2020,1628404|1628366,,,,C,Stretch Big,-1.29
203932,Aaron Gordon,21900388171,Shot Chart Detail,21900388,171,1610612753,Orlando Magic,2,11,18,Missed Shot,Jump Shot,,Above the Break 3,Right Side Center(RC),24+ ft.,26,123,230,1,0,20191215,NOP,ORL,|1628964|201571|203082|203487|203932,0,REG,2020,1628404,SF,Wing Stopper,-0.57,PF,Versatile Big,-0.25
203932,Aaron Gordon,21900388176,Shot Chart Detail,21900388,176,1610612753,Orlando Magic,2,10,47,Made Shot,Cutting Layup Shot,,Restricted Area,Center(C),Less Than 8 ft.,2,-20,-4,1,1,20191215,NOP,ORL,|1628964|201571|203082|203487|203932,1,REG,2020,1628404,SF,Wing Stopper,-0.57,PF,Versatile Big,-0.25
201571,D.J. Augustin,21900388259,Shot Chart Detail,21900388,259,1610612753,Orlando Magic,2,4,53,Made Shot,Driving Layup Shot,,Restricted Area,Center(C),Less Than 8 ft.,3,32,5,1,1,20191215,NOP,ORL,|1628365|1628371|201571|202696|203095,0,REG,2020,1628404|1628366,,,,PG,Primary Ball Handler,-0.38
203095,Evan Fournier,21900388305,Shot Chart Detail,21900388,305,1610612753,Orlando Magic,2,1,47,Made Shot,Driving Floating Jump Shot,,In The Paint (Non-RA),Center(C),8-16 ft.,9,5,93,1,1,20191215,NOP,ORL,|1628365|202696|203082|203095|203932,1,REG,2020,1628404,SF,Wing Stopper,-0.57,SF,Off Screen Shooter,0.53
1628365,Markelle Fultz,21900388314,Shot Chart Detail,21900388,314,1610612753,Orlando Magic,2,1,23,Made Shot,Driving Layup Shot,2PT Field Goal,Restricted Area,Center(C),Less Than 8 ft.,2,25,3,1,1,20191215,NOP,ORL,|1628365|202696|203082|203095|203932,0,REG,2020,1628404,SF,Wing Stopper,-0.57,PG,Slasher,-1.24
203095,Evan Fournier,21900388321,Shot Chart Detail,21900388,321,1610612753,Orlando Magic,2,0,17,Missed Shot,Jump Shot,,Above the Break 3,Left Side Center(LC),24+ ft.,24,-161,190,1,0,20191215,NOP,ORL,|1628365|202696|203082|203095|203932,0,REG,2020,1628404,SF,Wing Stopper,-0.57,SF,Off Screen Shooter,0.53
203082,Terrence Ross,21900388521,Shot Chart Detail,21900388,521,1610612753,Orlando Magic,4,10,42,Made Shot,Jump Shot,,Above the Break 3,Left Side Center(LC),24+ ft.,26,-84,251,1,1,20191215,NOP,ORL,|1628964|201571|203082|203487|203932,1,REG,2020,1628404,SF,Wing Stopper,-0.57,SG,Off Screen Shooter,0.29
201571,D.J. Augustin,21900388540,Shot Chart Detail,21900388,540,1610612753,Orlando Magic,4,8,12,Made Shot,Driving Layup Shot,,Restricted Area,Center(C),Less Than 8 ft.,1,13,-1,1,1,20191215,NOP,ORL,|1628964|201571|203082|203487|203932,0,REG,2020,1628404,SF,Wing Stopper,-0.57,PG,Primary Ball Handler,-0.38
203082,Terrence Ross,21900388550,Shot Chart Detail,21900388,550,1610612753,Orlando Magic,4,7,51,Made Shot,Jump Shot,,Above the Break 3,Right Side Center(RC),24+ ft.,25,192,168,1,1,20191215,NOP,ORL,|1628371|1628964|201571|203082|203487,0,REG,2020,1628404,SF,Wing Stopper,-0.57,SG,Off Screen Shooter,0.29
203082,Terrence Ross,21900388553,Shot Chart Detail,21900388,553,1610612753,Orlando Magic,4,7,17,Made Shot,Jump Shot,,Above the Break 3,Center(C),24+ ft.,26,-54,262,1,1,20191215,NOP,ORL,|1628371|1628964|201571|203082|203487,1,REG,2020,1628404,SF,Wing Stopper,-0.57,SG,Off Screen Shooter,0.29
203915,Spencer Dinwiddie,21900404122,Shot Chart Detail,21900404,122,1610612751,Brooklyn Nets,1,3,42,Made Shot,Jump Shot,,Right Corner 3,Right Side(R),24+ ft.,23,228,68,1,1,20191217,NOP,BKN,|1627789|1628021|201163|201599|203915,1,REG,2020,1628404,SF,Wing Stopper,-0.57,PG,Shot Creator,2.6
1627789,Timothe Luwawu-Cabarrot,21900404142,Shot Chart Detail,21900404,142,1610612751,Brooklyn Nets,1,2,10,Missed Shot,Driving Layup Shot,2PT Field Goal,Restricted Area,Center(C),Less Than 8 ft.,1,10,1,1,0,20191217,NOP,BKN,|1627789|1628021|1629033|201163|201599,0,REG,2020,1628404,SF,Wing Stopper,-0.57,SF,Movement Shooter,-0.84
1629033,Theo Pinson,21900404187,Shot Chart Detail,21900404,187,1610612751,Brooklyn Nets,2,10,29,Missed Shot,Jump Shot,,Above the Break 3,Center(C),24+ ft.,26,-30,262,1,0,20191217,NOP,BKN,|1627789|1629033|201163|201599|202066,0,REG,2020,1628404,SF,Wing Stopper,-0.57,SG,Shot Creator,-0.62
1627789,Timothe Luwawu-Cabarrot,21900404192,Shot Chart Detail,21900404,192,1610612751,Brooklyn Nets,2,10,10,Made Shot,Cutting Layup Shot,2PT Field Goal,Restricted Area,Center(C),Less Than 8 ft.,1,-16,5,1,1,20191217,NOP,BKN,|1627789|1629033|201163|201599|202066,1,REG,2020,1628404,SF,Wing Stopper,-0.57,SF,Movement Shooter,-0.84
201599,DeAndre Jordan,21900404204,Shot Chart Detail,21900404,204,1610612751,Brooklyn Nets,2,8,56,Missed Shot,Layup Shot,,Restricted Area,Center(C),Less Than 8 ft.,2,26,13,1,0,20191217,NOP,BKN,|1627789|1629033|201163|201599|202066,0,REG,2020,1629637|1628404,,,,C,Roll + Cut Big,-1.17
203925,Joe Harris,21900404228,Shot Chart Detail,21900404,228,1610612751,Brooklyn Nets,2,7,14,Missed Shot,Layup Shot,,Restricted Area,Center(C),Less Than 8 ft.,1,-12,7,1,0,20191217,NOP,BKN,|201163|201599|202066|203915|203925,0,REG,2020,1628404|1629740,,,,SF,Off Screen Shooter,0.46
203925,Joe Harris,21900404236,Shot Chart Detail,21900404,236,1610612751,Brooklyn Nets,2,6,40,Missed Shot,Jump Shot,,Above the Break 3,Center(C),24+ ft.,26,-6,263,1,0,20191217,NOP,BKN,|201163|201599|202066|203915|203925,0,REG,2020,1628404,SF,Wing Stopper,-0.57,SF,Off Screen Shooter,0.46
203925,Joe Harris,21900404272,Shot Chart Detail,21900404,272,1610612751,Brooklyn Nets,2,4,22,Made Shot,Jump Shot,,Above the Break 3,Left Side Center(LC),24+ ft.,25,-206,148,1,1,20191217,NOP,BKN,|1627752|1628021|1628386|203915|203925,1,REG,2020,1628404,SF,Wing Stopper,-0.57,SF,Off Screen Shooter,0.46
203915,Spencer Dinwiddie,21900404285,Shot Chart Detail,21900404,285,1610612751,Brooklyn Nets,2,3,20,Made Shot,Driving Layup Shot,,Restricted Area,Center(C),Less Than 8 ft.,1,13,-1,1,1,20191217,NOP,BKN,|1627752|1628021|1628386|203915|203925,0,REG,2020,1628404|1628366,,,,PG,Shot Creator,2.6
1628021,David Nwaba,21900404319,Shot Chart Detail,21900404,319,1610612751,Brooklyn Nets,2,0,52,Missed Shot,Jump Shot,,Above the Break 3,Left Side Center(LC),24+ ft.,26,-163,207,1,0,20191217,NOP,BKN,|1627752|1628021|1628386|203915|203925,0,REG,2020,1628404,SF,Wing Stopper,-0.57,SF,Athletic Finisher,-1.47
203925,Joe Harris,21900404413,Shot Chart Detail,21900404,413,1610612751,Brooklyn Nets,3,6,50,Missed Shot,Jump Shot,,Above the Break 3,Center(C),24+ ft.,25,65,243,1,0,20191217,NOP,BKN,|1627752|1628021|1628386|203915|203925,0,REG,2020,1628404,SF,Wing Stopper,-0.57,SF,Off Screen Shooter,0.46
203915,Spencer Dinwiddie,21900404428,Shot Chart Detail,21900404,428,1610612751,Brooklyn Nets,3,5,33,Missed Shot,Step Back Jump shot,,Above the Break 3,Right Side Center(RC),24+ ft.,26,122,231,1,0,20191217,NOP,BKN,|1627752|1628021|1628386|203915|203925,0,REG,2020,1628404,SF,Wing Stopper,-0.57,PG,Shot Creator,2.6
1629033,Theo Pinson,21900404463,Shot Chart Detail,21900404,463,1610612751,Brooklyn Nets,3,3,14,Missed Shot,Driving Layup Shot,,Restricted Area,Center(C),Less Than 8 ft.,3,16,26,1,0,20191217,NOP,BKN,|1627789|1629033|201163|201599|202066,0,REG,2020,1628404|1629740,,,,SG,Shot Creator,-0.62
202066,Garrett Temple,21900404544,Shot Chart Detail,21900404,544,1610612751,Brooklyn Nets,4,10,34,Missed Shot,Floating Jump shot,,Restricted Area,Center(C),Less Than 8 ft.,2,-19,15,1,0,20191217,NOP,BKN,|1627789|1628021|201163|201599|202066,0,REG,2020,1628404,SF,Wing Stopper,-0.57,SG,Movement Shooter,-1.21
203915,Spencer Dinwiddie,21900404591,Shot Chart Detail,21900404,591,1610612751,Brooklyn Nets,4,6,11,Made Shot,Driving Layup Shot,,Restricted Area,Center(C),Less Than 8 ft.,2,25,-8,1,1,20191217,NOP,BKN,|1627752|1628386|202066|203915|203925,0,REG,2020,202324|1628404,,,,PG,Shot Creator,2.6
203915,Spencer Dinwiddie,21900404600,Shot Chart Detail,21900404,600,1610612751,Brooklyn Nets,4,5,17,Made Shot,Driving Reverse Layup Shot,,Restricted Area,Center(C),Less Than 8 ft.,0,-9,0,1,1,20191217,NOP,BKN,|1627752|1628386|202066|203915|203925,0,REG,2020,1628404,SF,Wing Stopper,-0.57,PG,Shot Creator,2.6
203915,Spencer Dinwiddie,21900404638,Shot Chart Detail,21900404,638,1610612751,Brooklyn Nets,4,2,18,Missed Shot,Driving Layup Shot,,Restricted Area,Center(C),Less Than 8 ft.,1,-10,8,1,0,20191217,NOP,BKN,|1627752|1628386|202066|203915|203925,0,REG,2020,1628404,SF,Wing Stopper,-0.57,PG,Shot Creator,2.6
203925,Joe Harris,21900404649,Shot Chart Detail,21900404,649,1610612751,Brooklyn Nets,4,1,22,Made Shot,Pullup Jump shot,,In The Paint (Non-RA),Center(C),8-16 ft.,9,-22,94,1,1,20191217,NOP,BKN,|1627752|1628386|202066|203915|203925,0,REG,2020,1628404,SF,Wing Stopper,-0.57,SF,Off Screen Shooter,0.46
203915,Spencer Dinwiddie,21900404663,Shot Chart Detail,21900404,663,1610612751,Brooklyn Nets,4,0,3,Missed Shot,Jump Shot,,Above the Break 3,Right Side Center(RC),24+ ft.,28,150,245,1,0,20191217,NOP,BKN,|1627752|1628386|202066|203915|203925,0,REG,2020,1628404,SF,Wing Stopper,-0.57,PG,Shot Creator,2.6
203925,Joe Harris,21900404693,Shot Chart Detail,21900404,693,1610612751,Brooklyn Nets,5,2,33,Made Shot,Driving Layup Shot,,Restricted Area,Center(C),Less Than 8 ft.,1,11,-5,1,1,20191217,NOP,BKN,|1627752|1628386|202066|203915|203925,1,REG,2020,1628404,SF,Wing Stopper,-0.57,SF,Off Screen Shooter,0.46
203925,Joe Harris,21900404712,Shot Chart Detail,21900404,712,1610612751,Brooklyn Nets,5,1,28,Made Shot,Jump Shot,,Right Corner 3,Right Side(R),24+ ft.,22,228,3,1,1,20191217,NOP,BKN,|1627752|1628386|202066|203915|203925,1,REG,2020,1628404,SF,Wing Stopper,-0.57,SF,Off Screen Shooter,0.46
203496,Robert Covington,21900411106,Shot Chart Detail,21900411,106,1610612750,Minnesota Timberwolves,1,4,24,Missed Shot,Driving Layup Shot,,Restricted Area,Center(C),Less Than 8 ft.,1,1,14,1,0,20191218,MIN,NOP,|1628395|1628966|203496|203894|203952,0,REG,2020,1628404,SF,Wing Stopper,-0.57,PF-C,Movement Shooter,-0.34
1628966,Keita Bates-Diop,21900411138,Shot Chart Detail,21900411,138,1610612750,Minnesota Timberwolves,1,2,11,Missed Shot,Jump Shot,,Above the Break 3,Right Side Center(RC),24+ ft.,26,99,242,1,0,20191218,MIN,NOP,|1628395|1628966|201952|203496|203894,0,REG,2020,1628404,SF,Wing Stopper,-0.57,PF-SF,Athletic Finisher,-1.32
203952,Andrew Wiggins,21900411320,Shot Chart Detail,21900411,320,1610612750,Minnesota Timberwolves,2,1,46,Missed Shot,Driving Layup Shot,,Restricted Area,Center(C),Less Than 8 ft.,1,5,15,1,0,20191218,MIN,NOP,|1629006|203476|203496|203894|203952,0,REG,2020,1626143|1628404,,,,SF,Primary Ball Handler,1.49
203476,Gorgui Dieng,21900411322,Shot Chart Detail,21900411,322,1610612750,Minnesota Timberwolves,2,1,41,Made Shot,Putback Dunk Shot,,Restricted Area,Center(C),Less Than 8 ft.,0,1,-4,1,1,20191218,MIN,NOP,|1629006|203476|203496|203894|203952,0,REG,2020,1628404,SF,Wing Stopper,-0.57,C,Stretch Big,-0.74
203952,Andrew Wiggins,21900411417,Shot Chart Detail,21900411,417,1610612750,Minnesota Timberwolves,3,7,16,Made Shot,Driving Finger Roll Layup Shot,,In The Paint (Non-RA),Center(C),Less Than 8 ft.,5,-6,53,1,1,20191218,MIN,NOP,|1628395|1628966|1629006|203894|203952,1,REG,2020,200755|1628404,,,,SF,Primary Ball Handler,1.49
203952,Andrew Wiggins,21900411457,Shot Chart Detail,21900411,457,1610612750,Minnesota Timberwolves,3,4,50,Missed Shot,Step Back Jump shot,,Mid-Range,Right Side(R),8-16 ft.,15,130,89,1,0,20191218,MIN,NOP,|1626203|1628395|1628966|203894|203952,0,REG,2020,1628404,SF,Wing Stopper,-0.57,SF,Primary Ball Handler,1.49
203894,Shabazz Napier,21900411504,Shot Chart Detail,21900411,504,1610612750,Minnesota Timberwolves,3,2,32,Missed Shot,Jump Shot,,Above the Break 3,Center(C),24+ ft.,24,70,239,1,0,20191218,MIN,NOP,|1626203|1628395|1628966|201952|203894,0,REG,2020,1628404,SF,Wing Stopper,-0.57,PG,Primary Ball Handler,-0.16
1628966,Keita Bates-Diop,21900411528,Shot Chart Detail,21900411,528,1610612750,Minnesota Timberwolves,3,0,0,Missed Shot,Layup Shot,,Restricted Area,Center(C),Less Than 8 ft.,1,-3,12,1,0,20191218,MIN,NOP,|1626203|1628966|201952|203894|203952,0,REG,2020,202734|1628404|201950,,,,PF-SF,Athletic Finisher,-1.32
203894,Shabazz Napier,21900411620,Shot Chart Detail,21900411,620,1610612750,Minnesota Timberwolves,4,6,3,Missed Shot,Jump Shot,,Above the Break 3,Center(C),24+ ft.,26,-14,269,1,0,20191218,MIN,NOP,|1626203|1628966|203476|203894|203952,0,REG,2020,1628404,SF,Wing Stopper,-0.57,PG,Primary Ball Handler,-0.16
203952,Andrew Wiggins,21900411674,Shot Chart Detail,21900411,674,1610612750,Minnesota Timberwolves,4,3,10,Made Shot,Floating Jump shot,,In The Paint (Non-RA),Center(C),8-16 ft.,11,-11,116,1,1,20191218,MIN,NOP,|1629006|201952|203476|203496|203952,0,REG,2020,1628404,SF,Wing Stopper,-0.57,SF,Primary Ball Handler,1.49
201952,Jeff Teague,21900411703,Shot Chart Detail,21900411,703,1610612750,Minnesota Timberwolves,4,0,9,Made Shot,Jump Shot,,Above the Break 3,Left Side Center(LC),24+ ft.,26,-119,242,1,1,20191218,MIN,NOP,|1629006|201952|203476|203496|203952,1,REG,2020,1628404,SF,Wing Stopper,-0.57,PG,Shot Creator,0.37
1627814,Damion Lee,2190042971,Shot Chart Detail,21900429,71,1610612744,Golden State Warriors,1,5,46,Made Shot,Running Layup Shot,,In The Paint (Non-RA),Center(C),Less Than 8 ft.,4,-11,42,1,1,20191220,GSW,NOP,|1626156|1626161|1627814|203110|203922,1,REG,2020,1628404,SF,Wing Stopper,-0.57,SG,Off Screen Shooter,-0.41
1629672,Eric Paschall,21900429116,Shot Chart Detail,21900429,116,1610612744,Golden State Warriors,1,2,27,Missed Shot,Floating Jump shot,,In The Paint (Non-RA),Center(C),Less Than 8 ft.,6,9,67,1,0,20191220,GSW,NOP,|1627814|1628980|1629672|202692|203110,0,REG,2020,1628404|1628366,,,,PF,Shot Creator,-0.8
1627737,Marquese Chriss,21900429128,Shot Chart Detail,21900429,128,1610612744,Golden State Warriors,1,1,40,Missed Shot,Layup Shot,2PT Field Goal,Restricted Area,Center(C),Less Than 8 ft.,1,-1,13,1,0,20191220,GSW,NOP,|1627737|1628980|1629672|1629673|202692,0,REG,2020,1628404|1627742,,,,PF,Roll + Cut Big,-0.7
1628980,Jacob Evans,21900429147,Shot Chart Detail,21900429,147,1610612744,Golden State Warriors,1,0,49,Missed Shot,Jump Shot,,In The Paint (Non-RA),Center(C),Less Than 8 ft.,4,-34,34,1,0,20191220,GSW,NOP,|1627737|1628980|1629672|1629673|202692,0,REG,2020,1628404,SF,Wing Stopper,-0.57,SG,Secondary Ball Handler,-2.72
1629672,Eric Paschall,21900429187,Shot Chart Detail,21900429,187,1610612744,Golden State Warriors,2,10,19,Made Shot,Pullup Jump shot,,Mid-Range,Right Side(R),8-16 ft.,14,131,67,1,1,20191220,GSW,NOP,|1626156|1627737|1629672|1629673|202692,1,REG,2020,1628404,SF,Wing Stopper,-0.57,PF,Shot Creator,-0.8
1627737,Marquese Chriss,21900429481,Shot Chart Detail,21900429,481,1610612744,Golden State Warriors,3,1,32,Made Shot,Driving Dunk Shot,2PT Field Goal,Restricted Area,Center(C),Less Than 8 ft.,1,1,16,1,1,20191220,GSW,NOP,|1627737|1628980|1629016|1629673|202692,1,REG,2020,1629637|1628404,,,,PF,Roll + Cut Big,-0.7
1626172,Kevon Looney,21900429654,Shot Chart Detail,21900429,654,1610612744,Golden State Warriors,4,9,25,Missed Shot,Tip Layup Shot,,Restricted Area,Center(C),Less Than 8 ft.,1,-2,18,1,0,20191220,GSW,NOP,|1626156|1626161|1626172|1629673|202692,0,REG,2020,1628404|1628366,,,,C,Athletic Finisher,-1.97
1626156,D'Angelo Russell,21900429698,Shot Chart Detail,21900429,698,1610612744,Golden State Warriors,4,7,49,Missed Shot,Jump Shot,3PT Field Goal,Above the Break 3,Right Side Center(RC),24+ ft.,25,139,211,1,0,20191220,GSW,NOP,|1626156|1626161|1626172|1627814|202692,0,REG,2020,1628404,SF,Wing Stopper,-0.57,PG,Shot Creator,1.25
2546,Carmelo Anthony,2190045256,Shot Chart Detail,21900452,56,1610612757,Portland Trail Blazers,1,8,12,Made Shot,Layup Shot,,Restricted Area,Center(C),Less Than 8 ft.,0,2,2,1,1,20191223,POR,NOP,|202355|203081|203145|203468|2546,1,REG,2020,1628404,SF,Wing Stopper,-0.57,PF,Shot Creator,-0.47
203468,CJ McCollum,2190045288,Shot Chart Detail,21900452,88,1610612757,Portland Trail Blazers,1,5,23,Made Shot,Fadeaway Jump Shot,,Mid-Range,Right Side(R),16-24 ft.,21,199,69,1,1,20191223,POR,NOP,|202355|203081|203145|203468|2546,0,REG,2020,1628404,SF,Wing Stopper,-0.57,SG,Shot Creator,1.51
203468,CJ McCollum,21900452107,Shot Chart Detail,21900452,107,1610612757,Portland Trail Blazers,1,4,28,Missed Shot,Pullup Jump shot,,Above the Break 3,Right Side Center(RC),24+ ft.,25,141,212,1,0,20191223,POR,NOP,|1627746|1629018|202355|203081|203468,0,REG,2020,1628404,SF,Wing Stopper,-0.57,SG,Shot Creator,1.51
1627746,Skal Labissiere,21900452144,Shot Chart Detail,21900452,144,1610612757,Portland Trail Blazers,1,1,24,Made Shot,Dunk Shot,2PT Field Goal,Restricted Area,Center(C),Less Than 8 ft.,1,2,10,1,1,20191223,POR,NOP,|1627746|1629014|1629018|203081|2546,1,REG,2020,200755|1628404,,,,C,Roll + Cut Big,-1.75
203468,CJ McCollum,21900452209,Shot Chart Detail,21900452,209,1610612757,Portland Trail Blazers,2,9,5,Made Shot,Pullup Jump shot,,Mid-Range,Right Side(R),16-24 ft.,18,184,29,1,1,20191223,POR,NOP,|1627746|1629014|1629018|203468|2546,0,REG,2020,1628404,SF,Wing Stopper,-0.57,SG,Shot Creator,1.51
202355,Hassan Whiteside,21900452430,Shot Chart Detail,21900452,430,1610612757,Portland Trail Blazers,3,3,56,Made Shot,Putback Layup Shot,,Restricted Area,Center(C),Less Than 8 ft.,1,17,4,1,1,20191223,POR,NOP,|1629018|1629642|202355|203081|203468,0,REG,2020,1628404,SF,Wing Stopper,-0.57,C,Roll + Cut Big,0.97
1629018,Gary Trent Jr.,21900452500,Shot Chart Detail,21900452,500,1610612757,Portland Trail Blazers,3,0,0,Missed Shot,Jump Shot,,Left Corner 3,Left Side(L),24+ ft.,22,-225,15,1,0,20191223,POR,NOP,|1629014|1629018|203081|203468|2546,0,REG,2020,1628404,SF,Wing Stopper,-0.57,SF,Movement Shooter,0.73
1629008,Michael Porter Jr.,21900459115,Shot Chart Detail,21900459,115,1610612743,Denver Nuggets,1,3,35,Missed Shot,Jump Shot,,Above the Break 3,Left Side Center(LC),24+ ft.,26,-95,247,1,0,20191225,DEN,NOP,|1627750|1628420|1629008|203924|203999,0,REG,2020,1628404,SF,Wing Stopper,-0.57,SF,Athletic Finisher,1.17
1627736,Malik Beasley,21900459198,Shot Chart Detail,21900459,198,1610612743,Denver Nuggets,2,8,26,Made Shot,Jump Shot,3PT Field Goal,Above the Break 3,Center(C),24+ ft.,25,-45,246,1,1,20191225,DEN,NOP,|1627736|1628420|203115|203486|203924,1,REG,2020,1628404,SF,Wing Stopper,-0.57,SG,Movement Shooter,-0.31
203999,Nikola Jokic,21900459385,Shot Chart Detail,21900459,385,1610612743,Denver Nuggets,3,6,56,Made Shot,Jump Shot,,Above the Break 3,Left Side Center(LC),24+ ft.,24,-187,159,1,1,20191225,DEN,NOP,|1627750|200794|203115|203914|203999,1,REG,2020,1628404,SF,Wing Stopper,-0.57,C,Post Scorer,2.9
203115,Will Barton,21900459426,Shot Chart Detail,21900459,426,1610612743,Denver Nuggets,3,4,12,Missed Shot,Jump Shot,,Above the Break 3,Center(C),24+ ft.,24,9,245,1,0,20191225,DEN,NOP,|1627750|203115|203914|203924|203999,0,REG,2020,1628404,SF,Wing Stopper,-0.57,SF,Athletic Finisher,0.76
1628420,Monte Morris,21900459458,Shot Chart Detail,21900459,458,1610612743,Denver Nuggets,3,1,39,Missed Shot,Driving Layup Shot,,Restricted Area,Center(C),Less Than 8 ft.,1,11,15,1,0,20191225,DEN,NOP,|1627736|1628420|203115|203486|203924,0,REG,2020,1628404,SF,Wing Stopper,-0.57,PG,Primary Ball Handler,0.58
1627736,Malik Beasley,21900459467,Shot Chart Detail,21900459,467,1610612743,Denver Nuggets,3,0,59,Missed Shot,Driving Layup Shot,2PT Field Goal,Restricted Area,Center(C),Less Than 8 ft.,3,27,25,1,0,20191225,DEN,NOP,|1627736|1628420|203115|203486|203924,0,REG,2020,1628404,SF,Wing Stopper,-0.57,SG,Movement Shooter,-0.31
1627736,Malik Beasley,21900459501,Shot Chart Detail,21900459,501,1610612743,Denver Nuggets,4,10,32,Missed Shot,Pullup Jump shot,3PT Field Goal,Above the Break 3,Center(C),24+ ft.,24,57,234,1,0,20191225,DEN,NOP,|1627736|1628420|203486|203914|203924,0,REG,2020,1628404,SF,Wing Stopper,-0.57,SG,Movement Shooter,-0.31
203914,Gary Harris,21900459523,Shot Chart Detail,21900459,523,1610612743,Denver Nuggets,4,8,12,Missed Shot,Jump Shot,,Above the Break 3,Left Side Center(LC),24+ ft.,24,-179,171,1,0,20191225,DEN,NOP,|1627736|1628420|203486|203914|203924,0,REG,2020,1628404,SF,Wing Stopper,-0.57,SG,Movement Shooter,-1.3
1627736,Malik Beasley,21900459533,Shot Chart Detail,21900459,533,1610612743,Denver Nuggets,4,7,30,Missed Shot,Step Back Jump shot,3PT Field Goal,Right Corner 3,Right Side(R),24+ ft.,23,224,69,1,0,20191225,DEN,NOP,|1627736|1628420|203486|203914|203924,0,REG,2020,1628404,SF,Wing Stopper,-0.57,SG,Movement Shooter,-0.31
1627736,Malik Beasley,21900459550,Shot Chart Detail,21900459,550,1610612743,Denver Nuggets,4,6,25,Missed Shot,Jump Shot,3PT Field Goal,Left Corner 3,Left Side(L),24+ ft.,22,-226,11,1,0,20191225,DEN,NOP,|1627736|1628420|203486|203914|203924,0,REG,2020,1628404,SF,Wing Stopper,-0.57,SG,Movement Shooter,-0.31
203914,Gary Harris,21900459565,Shot Chart Detail,21900459,565,1610612743,Denver Nuggets,4,5,51,Missed Shot,Jump Shot,,Left Corner 3,Left Side(L),24+ ft.,22,-221,8,1,0,20191225,DEN,NOP,|1627750|203115|203914|203924|203999,0,REG,2020,202324|1628404,,,,SG,Movement Shooter,-1.3
1627736,Malik Beasley,21900459613,Shot Chart Detail,21900459,613,1610612743,Denver Nuggets,4,1,48,Missed Shot,Jump Shot,3PT Field Goal,Above the Break 3,Right Side Center(RC),24+ ft.,24,153,197,1,0,20191225,DEN,NOP,|1627736|1627750|203115|203914|203999,0,REG,2020,1628404,SF,Wing Stopper,-0.57,SG,Movement Shooter,-0.31
1628988,Aaron Holiday,2190047491,Shot Chart Detail,21900474,91,1610612754,Indiana Pacers,1,4,58,Made Shot,Driving Layup Shot,,Restricted Area,Center(C),Less Than 8 ft.,1,-16,4,1,1,20191228,NOP,IND,|1626167|1628988|203087|203200|203933,1,REG,2020,1628404,SF,Wing Stopper,-0.57,PG,Primary Ball Handler,-0.6
203926,Doug McDermott,21900474173,Shot Chart Detail,21900474,173,1610612754,Indiana Pacers,2,10,8,Missed Shot,Jump Shot,,Above the Break 3,Center(C),24+ ft.,25,1,253,1,0,20191228,NOP,IND,|1627734|1628410|203200|203926|204456,0,REG,2020,1628404,SF,Wing Stopper,-0.57,PF,Off Screen Shooter,0.21
1628410,Edmond Sumner,21900474180,Shot Chart Detail,21900474,180,1610612754,Indiana Pacers,2,9,30,Missed Shot,Jump Shot,,Left Corner 3,Left Side(L),24+ ft.,23,-234,-26,1,0,20191228,NOP,IND,|1627734|1628410|203200|203926|204456,0,REG,2020,1628404,SF,Wing Stopper,-0.57,SG,Secondary Ball Handler,-1.37
203200,Justin Holiday,21900474190,Shot Chart Detail,21900474,190,1610612754,Indiana Pacers,2,8,26,Missed Shot,Cutting Dunk Shot,,Restricted Area,Center(C),Less Than 8 ft.,0,-6,6,1,0,20191228,NOP,IND,|1627734|1628410|203200|203926|204456,0,REG,2020,1628404|201950,,,,SF,Off Screen Shooter,-0.55
1628410,Edmond Sumner,21900474201,Shot Chart Detail,21900474,201,1610612754,Indiana Pacers,2,7,32,Missed Shot,Layup Shot,,Restricted Area,Center(C),Less Than 8 ft.,2,-22,20,1,0,20191228,NOP,IND,|1627734|1628410|203200|203926|204456,0,REG,2020,1628404,SF,Wing Stopper,-0.57,SG,Secondary Ball Handler,-1.37
1628410,Edmond Sumner,21900474203,Shot Chart Detail,21900474,203,1610612754,Indiana Pacers,2,7,29,Missed Shot,Tip Layup Shot,,Restricted Area,Center(C),Less Than 8 ft.,0,0,-6,1,0,20191228,NOP,IND,|1627734|1628410|203200|203926|204456,0,REG,2020,1628404,SF,Wing Stopper,-0.57,SG,Secondary Ball Handler,-1.37
203926,Doug McDermott,21900474244,Shot Chart Detail,21900474,244,1610612754,Indiana Pacers,2,5,28,Missed Shot,Jump Shot,,Right Corner 3,Right Side(R),24+ ft.,22,228,6,1,0,20191228,NOP,IND,|1627734|203087|203926|203933|204456,0,REG,2020,1628404,SF,Wing Stopper,-0.57,PF,Off Screen Shooter,0.21
203933,T.J. Warren,21900474428,Shot Chart Detail,21900474,428,1610612754,Indiana Pacers,3,3,22,Made Shot,Cutting Layup Shot,,Restricted Area,Center(C),Less Than 8 ft.,1,13,1,1,1,20191228,NOP,IND,|1626167|1628988|203200|203933|204456,1,REG,2020,1628404,SF,Wing Stopper,-0.57,SF,Athletic Finisher,0.42
204456,T.J. McConnell,21900474466,Shot Chart Detail,21900474,466,1610612754,Indiana Pacers,3,0,4,Made Shot,Pullup Jump shot,,In The Paint (Non-RA),Center(C),Less Than 8 ft.,5,26,53,1,1,20191228,NOP,IND,|1626167|203200|203926|203933|204456,0,REG,2020,1628404,SF,Wing Stopper,-0.57,PG,Slasher,-0.04
203926,Doug McDermott,21900474477,Shot Chart Detail,21900474,477,1610612754,Indiana Pacers,4,11,50,Made Shot,Jump Shot,,Above the Break 3,Right Side Center(RC),24+ ft.,25,140,214,1,1,20191228,NOP,IND,|1627734|1628988|203200|203926|204456,1,REG,2020,1628404,SF,Wing Stopper,-0.57,PF,Off Screen Shooter,0.21
203926,Doug McDermott,21900474495,Shot Chart Detail,21900474,495,1610612754,Indiana Pacers,4,10,4,Missed Shot,Driving Layup Shot,,Restricted Area,Center(C),Less Than 8 ft.,1,15,5,1,0,20191228,NOP,IND,|1627734|1628988|203200|203926|204456,0,REG,2020,1628404,SF,Wing Stopper,-0.57,PF,Off Screen Shooter,0.21
203926,Doug McDermott,21900474522,Shot Chart Detail,21900474,522,1610612754,Indiana Pacers,4,8,22,Made Shot,Layup Shot,,Restricted Area,Center(C),Less Than 8 ft.,2,-2,22,1,1,20191228,NOP,IND,|1627734|1628988|203087|203200|203926,1,REG,2020,1628404,SF,Wing Stopper,-0.57,PF,Off Screen Shooter,0.21
203926,Doug McDermott,21900474554,Shot Chart Detail,21900474,554,1610612754,Indiana Pacers,4,5,23,Made Shot,Floating Jump shot,,Restricted Area,Center(C),Less Than 8 ft.,2,-6,25,1,1,20191228,NOP,IND,|1627734|1628988|203087|203200|203926,0,REG,2020,1628404,SF,Wing Stopper,-0.57,PF,Off Screen Shooter,0.21
203087,Jeremy Lamb,21900474562,Shot Chart Detail,21900474,562,1610612754,Indiana Pacers,4,4,41,Missed Shot,Floating Jump shot,,In The Paint (Non-RA),Center(C),Less Than 8 ft.,7,74,10,1,0,20191228,NOP,IND,|1628988|1629048|203087|203200|203926,0,REG,2020,1628404,SF,Wing Stopper,-0.57,SG,Secondary Ball Handler,-0.88
1629598,Chris Clemons,2190048884,Shot Chart Detail,21900488,84,1610612745,Houston Rockets,1,3,38,Missed Shot,Running Jump Shot,,Above the Break 3,Right Side Center(RC),24+ ft.,26,213,164,1,0,20191229,NOP,HOU,|1627863|1629109|1629598|203085|203463,0,REG,2020,1628404,SF,Wing Stopper,-0.57,SG,Shot Creator,0.45
203085,Austin Rivers,2190048894,Shot Chart Detail,21900488,94,1610612745,Houston Rockets,1,2,5,Missed Shot,Driving Reverse Layup Shot,,Restricted Area,Center(C),Less Than 8 ft.,0,-4,-6,1,0,20191229,NOP,HOU,|1627863|1629109|1629598|203085|203463,0,REG,2020,202324|1628404,,,,SG,Shot Creator,-0.11
1628392,Isaiah Hartenstein,21900488139,Shot Chart Detail,21900488,139,1610612745,Houston Rockets,1,0,30,Made Shot,Putback Layup Shot,2PT Field Goal,Restricted Area,Center(C),Less Than 8 ft.,0,0,-6,1,1,20191229,NOP,HOU,|1628392|1629109|1629598|201569|203463,0,REG,2020,1628404,SF,Wing Stopper,-0.57,C,Athletic Finisher,-0.6
201569,Eric Gordon,21900488160,Shot Chart Detail,21900488,160,1610612745,Houston Rockets,2,11,31,Made Shot,Pullup Jump shot,,Above the Break 3,Center(C),24+ ft.,26,-40,262,1,1,20191229,NOP,HOU,|1628392|1629109|1629598|201569|203463,1,REG,2020,1628404,SF,Wing Stopper,-0.57,SF,Movement Shooter,0.69
203463,Ben McLemore,21900488170,Shot Chart Detail,21900488,170,1610612745,Houston Rockets,2,10,24,Made Shot,Driving Finger Roll Layup Shot,,Restricted Area,Center(C),Less Than 8 ft.,1,-11,5,1,1,20191229,NOP,HOU,|1628392|1629109|1629598|201569|203463,1,REG,2020,1628404|201950,,,,SF,Movement Shooter,0.25
201569,Eric Gordon,21900488205,Shot Chart Detail,21900488,205,1610612745,Houston Rockets,2,8,14,Missed Shot,Pullup Jump shot,,Above the Break 3,Left Side Center(LC),24+ ft.,27,-177,210,1,0,20191229,NOP,HOU,|1629109|1629598|200782|201569|203085,0,REG,2020,1628404,SF,Wing Stopper,-0.57,SF,Movement Shooter,0.69
201569,Eric Gordon,21900488217,Shot Chart Detail,21900488,217,1610612745,Houston Rockets,2,6,52,Missed Shot,Jump Shot,,Above the Break 3,Right Side Center(RC),24+ ft.,26,182,195,1,0,20191229,NOP,HOU,|1629109|1629598|200782|201569|203085,0,REG,2020,1628404,SF,Wing Stopper,-0.57,SF,Movement Shooter,0.69
200782,P.J. Tucker,21900488466,Shot Chart Detail,21900488,466,1610612745,Houston Rockets,3,0,52,Made Shot,Layup Shot,,Restricted Area,Center(C),Less Than 8 ft.,0,5,7,1,1,20191229,NOP,HOU,|1629109|1629598|200782|201569|203463,1,REG,2020,1628404|1629026,,,,PF,Athletic Finisher,-1.42
1629598,Chris Clemons,21900488488,Shot Chart Detail,21900488,488,1610612745,Houston Rockets,4,11,22,Missed Shot,Running Layup Shot,,Restricted Area,Center(C),Less Than 8 ft.,0,4,-3,1,0,20191229,NOP,HOU,|1629109|1629598|200782|201569|203463,0,REG,2020,1628404,SF,Wing Stopper,-0.57,SG,Shot Creator,0.45
203463,Ben McLemore,21900488505,Shot Chart Detail,21900488,505,1610612745,Houston Rockets,4,10,8,Missed Shot,Jump Shot,,Above the Break 3,Left Side Center(LC),24+ ft.,25,-94,242,1,0,20191229,NOP,HOU,|1629109|1629598|200782|201569|203463,0,REG,2020,1628404,SF,Wing Stopper,-0.57,SF,Movement Shooter,0.25
1629598,Chris Clemons,21900488509,Shot Chart Detail,21900488,509,1610612745,Houston Rockets,4,9,46,Missed Shot,Jump Shot,,Above the Break 3,Center(C),24+ ft.,27,-2,272,1,0,20191229,NOP,HOU,|1629109|1629598|200782|201569|203463,0,REG,2020,1628404,SF,Wing Stopper,-0.57,SG,Shot Creator,0.45
201980,Danny Green,21900522160,Shot Chart Detail,21900522,160,1610612747,Los Angeles Lakers,1,1,30,Made Shot,Jump Shot,,Above the Break 3,Right Side Center(RC),24+ ft.,26,235,127,1,1,20200103,LAL,NOP,|1628398|200765|201980|203076|203484,1,REG,2020,1628404,SF,Wing Stopper,-0.57,SG,Movement Shooter,0.23
203484,Kentavious Caldwell-Pope,21900522168,Shot Chart Detail,21900522,168,1610612747,Los Angeles Lakers,1,1,1,Missed Shot,Driving Reverse Layup Shot,,Restricted Area,Center(C),Less Than 8 ft.,1,-4,14,1,0,20200103,LAL,NOP,|1628398|200765|201980|203076|203484,0,REG,2020,202734|1628404,,,,SG,Movement Shooter,0.37
2544,LeBron James,21900522223,Shot Chart Detail,21900522,223,1610612747,Los Angeles Lakers,2,8,12,Missed Shot,Fadeaway Jump Shot,,Mid-Range,Left Side(L),16-24 ft.,19,-187,56,1,0,20200103,LAL,NOP,|1628398|200765|203584|2544|2730,0,REG,2020,1628404,SF,Wing Stopper,-0.57,PG,Shot Creator,5.21
1628398,Kyle Kuzma,21900522234,Shot Chart Detail,21900522,234,1610612747,Los Angeles Lakers,2,6,51,Made Shot,Driving Layup Shot,2PT Field Goal,Restricted Area,Center(C),Less Than 8 ft.,2,-18,10,1,1,20200103,LAL,NOP,|1628398|200765|203584|2544|2730,1,REG,2020,1628404,SF,Wing Stopper,-0.57,PF,Shot Creator,-0.14
203076,Anthony Davis,21900522255,Shot Chart Detail,21900522,255,1610612747,Los Angeles Lakers,2,5,22,Made Shot,Layup Shot,,Restricted Area,Center(C),Less Than 8 ft.,1,-9,13,1,1,20200103,LAL,NOP,|201980|202340|203076|2544|2730,0,REG,2020,202734|1628404,,,,PF,Shot Creator,3.34
203076,Anthony Davis,21900522269,Shot Chart Detail,21900522,269,1610612747,Los Angeles Lakers,2,3,27,Missed Shot,Driving Layup Shot,,Restricted Area,Center(C),Less Than 8 ft.,2,-14,22,1,0,20200103,LAL,NOP,|201980|202340|203076|2544|2730,0,REG,2020,1628404,SF,Wing Stopper,-0.57,PF,Shot Creator,3.34
1628398,Kyle Kuzma,21900522490,Shot Chart Detail,21900522,490,1610612747,Los Angeles Lakers,3,0,0,Missed Shot,Running Jump Shot,3PT Field Goal,Above the Break 3,Right Side Center(RC),24+ ft.,34,149,310,1,0,20200103,LAL,NOP,|1628398|200765|203076|203484|203584,0,REG,2020,1628404,SF,Wing Stopper,-0.57,PF,Shot Creator,-0.14
2544,LeBron James,21900522534,Shot Chart Detail,21900522,534,1610612747,Los Angeles Lakers,4,9,18,Made Shot,Turnaround Fadeaway shot,,Mid-Range,Left Side Center(LC),16-24 ft.,21,-163,137,1,1,20200103,LAL,NOP,|1628398|202340|203484|2544|2730,0,REG,2020,1628404,SF,Wing Stopper,-0.57,PG,Shot Creator,5.21
2544,LeBron James,21900522539,Shot Chart Detail,21900522,539,1610612747,Los Angeles Lakers,4,8,56,Missed Shot,Turnaround Jump Shot,,Mid-Range,Left Side(L),8-16 ft.,14,-147,15,1,0,20200103,LAL,NOP,|1628398|202340|203484|2544|2730,0,REG,2020,1628404,SF,Wing Stopper,-0.57,PG,Shot Creator,5.21
202340,Avery Bradley,21900522541,Shot Chart Detail,21900522,541,1610612747,Los Angeles Lakers,4,8,50,Missed Shot,Jump Shot,,Right Corner 3,Right Side(R),24+ ft.,22,225,12,1,0,20200103,LAL,NOP,|1628398|202340|203484|2544|2730,0,REG,2020,1628404,SF,Wing Stopper,-0.57,SG,Movement Shooter,-1.23
203484,Kentavious Caldwell-Pope,21900522545,Shot Chart Detail,21900522,545,1610612747,Los Angeles Lakers,4,8,26,Missed Shot,Jump Shot,,Right Corner 3,Right Side(R),24+ ft.,24,234,69,1,0,20200103,LAL,NOP,|1628398|202340|203484|2544|2730,0,REG,2020,1628404,SF,Wing Stopper,-0.57,SG,Movement Shooter,0.37
2544,LeBron James,21900522555,Shot Chart Detail,21900522,555,1610612747,Los Angeles Lakers,4,7,36,Missed Shot,Pullup Jump shot,,Above the Break 3,Left Side Center(LC),24+ ft.,29,-171,236,1,0,20200103,LAL,NOP,|1628398|202340|203484|2544|2730,0,REG,2020,1628404,SF,Wing Stopper,-0.57,PG,Shot Creator,5.21
2544,LeBron James,21900522592,Shot Chart Detail,21900522,592,1610612747,Los Angeles Lakers,4,4,55,Made Shot,Driving Reverse Layup Shot,,Restricted Area,Center(C),Less Than 8 ft.,2,0,26,1,1,20200103,LAL,NOP,|201980|202340|203076|203484|2544,0,REG,2020,1628404,SF,Wing Stopper,-0.57,PG,Shot Creator,5.21
203084,Harrison Barnes,21900533154,Shot Chart Detail,21900533,154,1610612758,Sacramento Kings,1,1,50,Made Shot,Cutting Dunk Shot,,Restricted Area,Center(C),Less Than 8 ft.,0,-3,3,1,1,20200104,SAC,NOP,|1627741|1628385|202709|203084|2772,1,REG,2020,1628404,SF,Wing Stopper,-0.57,PF,Shot Creator,-0.19
202709,Cory Joseph,21900533162,Shot Chart Detail,21900533,162,1610612758,Sacramento Kings,1,1,10,Made Shot,Fadeaway Jump Shot,,In The Paint (Non-RA),Center(C),Less Than 8 ft.,5,-11,51,1,1,20200104,SAC,NOP,|1627741|1628385|202709|203084|2772,0,REG,2020,1628404,SF,Wing Stopper,-0.57,PG,Primary Ball Handler,-0.79
203084,Harrison Barnes,21900533307,Shot Chart Detail,21900533,307,1610612758,Sacramento Kings,2,2,57,Missed Shot,Floating Jump shot,,In The Paint (Non-RA),Center(C),Less Than 8 ft.,5,11,56,1,0,20200104,SAC,NOP,|1626158|1627741|1627812|1628368|203084,0,REG,2020,200755|1628404,,,,PF,Shot Creator,-0.19
1628368,De'Aaron Fox,21900533347,Shot Chart Detail,21900533,347,1610612758,Sacramento Kings,2,0,33,Missed Shot,Driving Layup Shot,,Restricted Area,Center(C),Less Than 8 ft.,2,17,21,1,0,20200104,SAC,NOP,|1627741|1627812|1628368|1628385|203084,0,REG,2020,1629637|1628404|1628366,,,,PG,Shot Creator,1.71
1627741,Buddy Hield,21900533515,Shot Chart Detail,21900533,515,1610612758,Sacramento Kings,3,1,7,Missed Shot,Step Back Jump shot,2PT Field Goal,Mid-Range,Right Side(R),8-16 ft.,14,135,50,1,0,20200104,SAC,NOP,|1627741|1628385|202709|203084|2772,0,REG,2020,1628404,SF,Wing Stopper,-0.57,SG,Off Screen Shooter,0.85
1627741,Buddy Hield,21900533641,Shot Chart Detail,21900533,641,1610612758,Sacramento Kings,4,6,22,Missed Shot,Driving Layup Shot,,In The Paint (Non-RA),Center(C),Less Than 8 ft.,5,-50,17,1,0,20200104,SAC,NOP,|1626158|1627741|1628368|203084|2772,0,REG,2020,1628404,SF,Wing Stopper,-0.57,SG,Off Screen Shooter,0.85
1627741,Buddy Hield,21900533681,Shot Chart Detail,21900533,681,1610612758,Sacramento Kings,4,3,29,Made Shot,Jump Shot,,Above the Break 3,Center(C),24+ ft.,25,70,244,1,1,20200104,SAC,NOP,|1626158|1627741|1628368|203084|2772,1,REG,2020,1628404,SF,Wing Stopper,-0.57,SG,Off Screen Shooter,0.85
1627741,Buddy Hield,21900533689,Shot Chart Detail,21900533,689,1610612758,Sacramento Kings,4,2,51,Made Shot,Jump Shot,,Above the Break 3,Center(C),24+ ft.,25,-70,244,1,1,20200104,SAC,NOP,|1626158|1627741|1628368|203084|2772,1,REG,2020,1628404,SF,Wing Stopper,-0.57,SG,Off Screen Shooter,0.85
203084,Harrison Barnes,21900533693,Shot Chart Detail,21900533,693,1610612758,Sacramento Kings,4,2,23,Made Shot,Driving Layup Shot,,Restricted Area,Center(C),Less Than 8 ft.,3,-30,4,1,1,20200104,SAC,NOP,|1626158|1627741|1628368|203084|2772,1,REG,2020,1628404,SF,Wing Stopper,-0.57,PF,Shot Creator,-0.19
1628368,De'Aaron Fox,21900533699,Shot Chart Detail,21900533,699,1610612758,Sacramento Kings,4,1,27,Made Shot,Floating Jump shot,,Restricted Area,Center(C),Less Than 8 ft.,3,-30,22,1,1,20200104,SAC,NOP,|1626158|1627741|1628368|203084|2772,0,REG,2020,1628404,SF,Wing Stopper,-0.57,PG,Shot Creator,1.71
203084,Harrison Barnes,21900533713,Shot Chart Detail,21900533,713,1610612758,Sacramento Kings,4,0,41,Made Shot,Floating Jump shot,,In The Paint (Non-RA),Center(C),Less Than 8 ft.,5,-29,50,1,1,20200104,SAC,NOP,|1626158|1627741|1628368|203084|2772,0,REG,2020,1628404,SF,Wing Stopper,-0.57,PF,Shot Creator,-0.19
1626158,Richaun Holmes,21900533735,Shot Chart Detail,21900533,735,1610612758,Sacramento Kings,4,0,6,Made Shot,Tip Layup Shot,2PT Field Goal,Restricted Area,Center(C),Less Than 8 ft.,1,-14,10,1,1,20200104,SAC,NOP,|1626158|1627741|1628368|203084|2772,0,REG,2020,1628404,SF,Wing Stopper,-0.57,C,Roll + Cut Big,-0.13
202711,Bojan Bogdanovic,2190054410,Shot Chart Detail,21900544,10,1610612762,Utah Jazz,1,11,4,Made Shot,Floating Jump shot,,In The Paint (Non-RA),Center(C),8-16 ft.,10,3,102,1,1,20200106,NOP,UTA,|1626220|1628378|202711|203497|204060,1,REG,2020,1628404,SF,Wing Stopper,-0.57,SF,Shot Creator,1.04
202711,Bojan Bogdanovic,2190054423,Shot Chart Detail,21900544,23,1610612762,Utah Jazz,1,9,56,Missed Shot,Step Back Jump shot,,Mid-Range,Center(C),16-24 ft.,16,-40,155,1,0,20200106,NOP,UTA,|1626220|1628378|202711|203497|204060,0,REG,2020,1628404,SF,Wing Stopper,-0.57,SF,Shot Creator,1.04
203497,Rudy Gobert,21900544288,Shot Chart Detail,21900544,288,1610612762,Utah Jazz,2,4,13,Missed Shot,Layup Shot,,Restricted Area,Center(C),Less Than 8 ft.,1,-17,4,1,0,20200106,NOP,UTA,|1626144|1626220|202711|203497|204060,0,REG,2020,202324|1628404,,,,C,Roll + Cut Big,0.33
1628378,Donovan Mitchell,21900544371,Shot Chart Detail,21900544,371,1610612762,Utah Jazz,3,9,41,Made Shot,Driving Reverse Layup Shot,,Restricted Area,Center(C),Less Than 8 ft.,1,-18,0,1,1,20200106,NOP,UTA,|1626220|1628378|202711|203497|204060,0,REG,2020,1628404,SF,Wing Stopper,-0.57,SG,Primary Ball Handler,1.3
202711,Bojan Bogdanovic,21900544379,Shot Chart Detail,21900544,379,1610612762,Utah Jazz,3,8,31,Made Shot,Driving Layup Shot,,Restricted Area,Center(C),Less Than 8 ft.,1,11,3,1,1,20200106,NOP,UTA,|1626220|1628378|202711|203497|204060,0,REG,2020,1628404,SF,Wing Stopper,-0.57,SF,Shot Creator,1.04
202711,Bojan Bogdanovic,21900544382,Shot Chart Detail,21900544,382,1610612762,Utah Jazz,3,8,6,Missed Shot,Jump Shot,,Right Corner 3,Right Side(R),24+ ft.,23,234,-4,1,0,20200106,NOP,UTA,|1626220|1628378|202711|203497|204060,0,REG,2020,1628404,SF,Wing Stopper,-0.57,SF,Shot Creator,1.04
202711,Bojan Bogdanovic,21900544392,Shot Chart Detail,21900544,392,1610612762,Utah Jazz,3,7,16,Made Shot,Jump Shot,,Above the Break 3,Left Side Center(LC),24+ ft.,25,-98,231,1,1,20200106,NOP,UTA,|1626220|1628378|202711|203497|204060,1,REG,2020,1628404,SF,Wing Stopper,-0.57,SF,Shot Creator,1.04
202711,Bojan Bogdanovic,21900544412,Shot Chart Detail,21900544,412,1610612762,Utah Jazz,3,5,46,Made Shot,Driving Layup Shot,,Restricted Area,Center(C),Less Than 8 ft.,1,-10,0,1,1,20200106,NOP,UTA,|1626220|202711|203497|203903|204060,0,REG,2020,1628404,SF,Wing Stopper,-0.57,SF,Shot Creator,1.04
1628378,Donovan Mitchell,21900544500,Shot Chart Detail,21900544,500,1610612762,Utah Jazz,3,0,1,Missed Shot,Jump Shot,,Above the Break 3,Center(C),24+ ft.,27,79,261,1,0,20200106,NOP,UTA,|1626220|1627777|1628378|1628396|204060,0,REG,2020,1628404,SF,Wing Stopper,-0.57,SG,Primary Ball Handler,1.3
1626144,Emmanuel Mudiay,21900544549,Shot Chart Detail,21900544,549,1610612762,Utah Jazz,4,8,1,Made Shot,Cutting Layup Shot,2PT Field Goal,Restricted Area,Center(C),Less Than 8 ft.,1,0,16,1,1,20200106,NOP,UTA,|1626144|1627777|202711|203497|204060,1,REG,2020,1629637|1628404,,,,PG,Slasher,-1.9
203107,Tomas Satoransky,2190056023,Shot Chart Detail,21900560,23,1610612741,Chicago Bulls,1,9,53,Missed Shot,Driving Layup Shot,,In The Paint (Non-RA),Center(C),Less Than 8 ft.,5,-4,50,1,0,20200108,NOP,CHI,|1627739|1628374|201152|203107|203897,0,REG,2020,202324|200755|1628404,,,,SG,Primary Ball Handler,-0.46
203107,Tomas Satoransky,2190056046,Shot Chart Detail,21900560,46,1610612741,Chicago Bulls,1,7,31,Missed Shot,Driving Layup Shot,,Restricted Area,Center(C),Less Than 8 ft.,2,-24,14,1,0,20200108,NOP,CHI,|1627739|1628374|201152|203107|203897,0,REG,2020,1628404,SF,Wing Stopper,-0.57,SG,Primary Ball Handler,-0.46
203107,Tomas Satoransky,2190056060,Shot Chart Detail,21900560,60,1610612741,Chicago Bulls,1,6,33,Missed Shot,Jump Shot,,Right Corner 3,Right Side(R),24+ ft.,23,232,21,1,0,20200108,NOP,CHI,|1627739|1628374|201152|203107|203897,0,REG,2020,1628404,SF,Wing Stopper,-0.57,SG,Primary Ball Handler,-0.46
203897,Zach LaVine,21900560109,Shot Chart Detail,21900560,109,1610612741,Chicago Bulls,1,2,55,Made Shot,Driving Dunk Shot,,Restricted Area,Center(C),Less Than 8 ft.,1,-6,9,1,1,20200108,NOP,CHI,|1627739|1629632|1629655|201152|203897,0,REG,2020,1628404,SF,Wing Stopper,-0.57,SF,Primary Ball Handler,2.12
203897,Zach LaVine,21900560287,Shot Chart Detail,21900560,287,1610612741,Chicago Bulls,2,3,44,Made Shot,Jump Shot,,Mid-Range,Center(C),16-24 ft.,17,-36,172,1,1,20200108,NOP,CHI,|1627739|1629632|1629655|201152|203897,0,REG,2020,1628404,SF,Wing Stopper,-0.57,SF,Primary Ball Handler,2.12
1628374,Lauri Markkanen,21900560370,Shot Chart Detail,21900560,370,1610612741,Chicago Bulls,3,8,32,Missed Shot,Jump Shot,,Left Corner 3,Left Side(L),24+ ft.,22,-229,1,1,0,20200108,NOP,CHI,|1627739|1628374|1629632|201152|203897,0,REG,2020,1628404,SF,Wing Stopper,-0.57,PF,Athletic Finisher,0.05
203897,Zach LaVine,21900560374,Shot Chart Detail,21900560,374,1610612741,Chicago Bulls,3,7,50,Missed Shot,Fadeaway Jump Shot,,Mid-Range,Left Side Center(LC),16-24 ft.,17,-103,142,1,0,20200108,NOP,CHI,|1627739|1628374|1629632|201152|203897,0,REG,2020,1628404,SF,Wing Stopper,-0.57,SF,Primary Ball Handler,2.12
1627739,Kris Dunn,21900560414,Shot Chart Detail,21900560,414,1610612741,Chicago Bulls,3,5,37,Missed Shot,Layup Shot,2PT Field Goal,Restricted Area,Center(C),Less Than 8 ft.,2,24,17,1,0,20200108,NOP,CHI,|1627739|1628990|1629632|1629655|203897,0,REG,2020,1628404,SF,Wing Stopper,-0.57,PG,Primary Ball Handler,-1.09
201152,Thaddeus Young,21900560566,Shot Chart Detail,21900560,566,1610612741,Chicago Bulls,4,8,2,Made Shot,Putback Layup Shot,,Restricted Area,Center(C),Less Than 8 ft.,2,-23,8,1,1,20200108,NOP,CHI,|1629632|1629655|201152|203107|203897,0,REG,2020,1628404,SF,Wing Stopper,-0.57,PF,Athletic Finisher,-1.23
1628990,Chandler Hutchison,21900560645,Shot Chart Detail,21900560,645,1610612741,Chicago Bulls,4,2,18,Missed Shot,Jump Shot,,Mid-Range,Left Side(L),8-16 ft.,13,-123,49,1,0,20200108,NOP,CHI,|1627756|1627853|1627885|1628436|1628990,0,REG,2020,1628404|1628366,,,,SF,Athletic Finisher,-1.8
203493,Reggie Bullock,2190056922,Shot Chart Detail,21900569,22,1610612752,New York Knicks,1,10,39,Missed Shot,Driving Layup Shot,,Restricted Area,Center(C),Less Than 8 ft.,2,-22,8,1,0,20200110,NYK,NOP,|1626171|1629628|201959|203493|203901,0,REG,2020,1628404,SF,Wing Stopper,-0.57,SG,Movement Shooter,-1.39
201959,Taj Gibson,2190056928,Shot Chart Detail,21900569,28,1610612752,New York Knicks,1,9,58,Made Shot,Hook Shot,,In The Paint (Non-RA),Center(C),Less Than 8 ft.,5,-3,54,1,1,20200110,NYK,NOP,|1626171|1629628|201959|203493|203901,1,REG,2020,1628404,SF,Wing Stopper,-0.57,C,Roll + Cut Big,-1.13
203901,Elfrid Payton,2190056960,Shot Chart Detail,21900569,60,1610612752,New York Knicks,1,7,3,Missed Shot,Turnaround Fadeaway shot,,In The Paint (Non-RA),Left Side(L),8-16 ft.,8,-65,54,1,0,20200110,NYK,NOP,|1626171|1629628|201959|203493|203901,0,REG,2020,1628404,SF,Wing Stopper,-0.57,PG,Slasher,1.49
201959,Taj Gibson,2190056966,Shot Chart Detail,21900569,66,1610612752,New York Knicks,1,6,19,Made Shot,Reverse Layup Shot,,Restricted Area,Center(C),Less Than 8 ft.,1,9,6,1,1,20200110,NYK,NOP,|1626171|1629628|201959|203493|203901,1,REG,2020,1628404,SF,Wing Stopper,-0.57,C,Roll + Cut Big,-1.13
1626171,Bobby Portis,2190056982,Shot Chart Detail,21900569,82,1610612752,New York Knicks,1,5,0,Missed Shot,Jump Shot,3PT Field Goal,Left Corner 3,Left Side(L),24+ ft.,23,-229,63,1,0,20200110,NYK,NOP,|1626171|1629628|201959|203493|203901,0,REG,2020,1628404,SF,Wing Stopper,-0.57,PF,Versatile Big,-1.45
1629628,RJ Barrett,21900569115,Shot Chart Detail,21900569,115,1610612752,New York Knicks,1,3,27,Missed Shot,Driving Layup Shot,,Mid-Range,Left Side(L),8-16 ft.,10,-103,-27,1,0,20200110,NYK,NOP,|1628373|1628995|1629011|1629628|203493,0,REG,2020,1628404,SF,Wing Stopper,-0.57,SG,Slasher,-0.6
1629011,Mitchell Robinson,21900569155,Shot Chart Detail,21900569,155,1610612752,New York Knicks,1,0,3,Made Shot,Dunk Shot,,Restricted Area,Center(C),Less Than 8 ft.,0,-3,7,1,1,20200110,NYK,NOP,|1628373|1628422|1628995|1629011|201961,1,REG,2020,1628404,SF,Wing Stopper,-0.57,C,Roll + Cut Big,0.48
1629628,RJ Barrett,21900569254,Shot Chart Detail,21900569,254,1610612752,New York Knicks,2,4,55,Missed Shot,Pullup Jump shot,,Mid-Range,Left Side(L),16-24 ft.,17,-141,100,1,0,20200110,NYK,NOP,|1626171|1629628|201959|203493|203901,0,REG,2020,1628404|202324,,,,SG,Slasher,-0.6
201959,Taj Gibson,21900569256,Shot Chart Detail,21900569,256,1610612752,New York Knicks,2,4,50,Made Shot,Putback Dunk Shot,,Restricted Area,Center(C),Less Than 8 ft.,1,-8,6,1,1,20200110,NYK,NOP,|1626171|1629628|201959|203493|203901,0,REG,2020,1628404,SF,Wing Stopper,-0.57,C,Roll + Cut Big,-1.13
201959,Taj Gibson,21900569270,Shot Chart Detail,21900569,270,1610612752,New York Knicks,2,3,42,Made Shot,Putback Layup Shot,,Restricted Area,Center(C),Less Than 8 ft.,1,8,8,1,1,20200110,NYK,NOP,|1626171|1629628|201959|203493|203901,0,REG,2020,1628404|1627742,,,,C,Roll + Cut Big,-1.13
1626171,Bobby Portis,21900569367,Shot Chart Detail,21900569,367,1610612752,New York Knicks,3,8,40,Made Shot,Driving Layup Shot,2PT Field Goal,Restricted Area,Center(C),Less Than 8 ft.,1,16,9,1,1,20200110,NYK,NOP,|1626171|1629628|201959|203493|203901,1,REG,2020,1628404,SF,Wing Stopper,-0.57,PF,Versatile Big,-1.45
1628422,Damyean Dotson,21900569457,Shot Chart Detail,21900569,457,1610612752,New York Knicks,3,2,20,Made Shot,Step Back Jump shot,,Mid-Range,Center(C),16-24 ft.,21,51,209,1,1,20200110,NYK,NOP,|1628373|1628422|1628995|1629011|201961,1,REG,2020,1628404,SF,Wing Stopper,-0.57,SG,Off Screen Shooter,-0.71
1628422,Damyean Dotson,21900569482,Shot Chart Detail,21900569,482,1610612752,New York Knicks,3,0,1,Missed Shot,Driving Layup Shot,,Restricted Area,Center(C),Less Than 8 ft.,3,22,26,1,0,20200110,NYK,NOP,|1628373|1628422|1628995|1629011|201961,0,REG,2020,1628404,SF,Wing Stopper,-0.57,SG,Off Screen Shooter,-0.71
1628422,Damyean Dotson,21900569524,Shot Chart Detail,21900569,524,1610612752,New York Knicks,4,9,54,Missed Shot,Driving Layup Shot,,Restricted Area,Center(C),Less Than 8 ft.,1,-3,11,1,0,20200110,NYK,NOP,|1628373|1628422|1628995|1629011|201961,0,REG,2020,1628404,SF,Wing Stopper,-0.57,SG,Off Screen Shooter,-0.71
1629019,Allonzo Trier,21900569594,Shot Chart Detail,21900569,594,1610612752,New York Knicks,4,5,25,Missed Shot,Jump Shot,,Above the Break 3,Left Side Center(LC),24+ ft.,25,-118,229,1,0,20200110,NYK,NOP,|1626171|1629019|1629628|201959|203901,0,REG,2020,1628404|1628366,,,,SG,Secondary Ball Handler,-0.21
1629628,RJ Barrett,21900569616,Shot Chart Detail,21900569,616,1610612752,New York Knicks,4,3,45,Missed Shot,Driving Reverse Layup Shot,,Restricted Area,Center(C),Less Than 8 ft.,0,-3,8,1,0,20200110,NYK,NOP,|1628995|1629011|1629019|1629628|203901,0,REG,2020,1628404,SF,Wing Stopper,-0.57,SG,Slasher,-0.6
1629628,RJ Barrett,21900569618,Shot Chart Detail,21900569,618,1610612752,New York Knicks,4,3,43,Made Shot,Tip Layup Shot,,Restricted Area,Center(C),Less Than 8 ft.,0,0,-6,1,1,20200110,NYK,NOP,|1628995|1629011|1629019|1629628|203901,0,REG,2020,1628404,SF,Wing Stopper,-0.57,SG,Slasher,-0.6
1629628,RJ Barrett,21900569650,Shot Chart Detail,21900569,650,1610612752,New York Knicks,4,0,28,Made Shot,Running Dunk Shot,,Restricted Area,Center(C),Less Than 8 ft.,0,5,6,1,1,20200110,NYK,NOP,|1628443|1629011|1629019|1629628|203901,0,REG,2020,1628404,SF,Wing Stopper,-0.57,SG,Slasher,-0.6
1629011,Mitchell Robinson,21900569654,Shot Chart Detail,21900569,654,1610612752,New York Knicks,4,0,0,Missed Shot,Tip Layup Shot,,Restricted Area,Center(C),Less Than 8 ft.,0,0,-6,1,0,20200110,NYK,NOP,|1628443|1629011|1629019|1629628|203901,0,REG,2020,1628404,SF,Wing Stopper,-0.57,C,Roll + Cut Big,0.48
1627759,Jaylen Brown,2190057815,Shot Chart Detail,21900578,15,1610612738,Boston Celtics,1,11,11,Missed Shot,Turnaround Fadeaway shot,2PT Field Goal,Mid-Range,Left Side(L),8-16 ft.,9,-94,28,1,0,20200111,BOS,NOP,|1627759|1628369|1628464|202330|202689,0,REG,2020,1628404,SF,Wing Stopper,-0.57,SG,Shot Creator,0.76
1627759,Jaylen Brown,2190057864,Shot Chart Detail,21900578,64,1610612738,Boston Celtics,1,8,29,Made Shot,Driving Floating Jump Shot,2PT Field Goal,In The Paint (Non-RA),Center(C),Less Than 8 ft.,5,-3,50,1,1,20200111,BOS,NOP,|1627759|1628369|1628464|202330|202689,0,REG,2020,1628404,SF,Wing Stopper,-0.57,SG,Shot Creator,0.76
202954,Brad Wanamaker,21900578124,Shot Chart Detail,21900578,124,1610612738,Boston Celtics,1,3,12,Made Shot,Running Layup Shot,,In The Paint (Non-RA),Center(C),Less Than 8 ft.,5,-12,52,1,1,20200111,BOS,NOP,|1628369|202330|202683|202954|203935,1,REG,2020,1628404,SF,Wing Stopper,-0.57,PG,Primary Ball Handler,-0.68
202683,Enes Freedom,21900578157,Shot Chart Detail,21900578,157,1610612738,Boston Celtics,1,1,49,Made Shot,Dunk Shot,,Restricted Area,Center(C),Less Than 8 ft.,1,-7,8,1,1,20200111,BOS,NOP,|1627759|202330|202683|202954|203935,1,REG,2020,1626143|1628404,,,,C,Low Minute,0.36
1628464,Daniel Theis,21900578311,Shot Chart Detail,21900578,311,1610612738,Boston Celtics,2,3,20,Made Shot,Cutting Layup Shot,,In The Paint (Non-RA),Center(C),Less Than 8 ft.,5,52,6,1,1,20200111,BOS,NOP,|1628369|1628464|202330|202689|203935,1,REG,2020,1627742|1626143|1628404,,,,C,Roll + Cut Big,-0.66
203935,Marcus Smart,21900578319,Shot Chart Detail,21900578,319,1610612738,Boston Celtics,2,2,28,Missed Shot,Driving Layup Shot,,In The Paint (Non-RA),Center(C),Less Than 8 ft.,5,-25,44,1,0,20200111,BOS,NOP,|1628369|1628464|202330|202689|203935,0,REG,2020,1626143|1628404,,,,SG,Primary Ball Handler,1.06
1628369,Jayson Tatum,21900578323,Shot Chart Detail,21900578,323,1610612738,Boston Celtics,2,2,3,Made Shot,Jump Shot,3PT Field Goal,Above the Break 3,Right Side Center(RC),24+ ft.,25,156,207,1,1,20200111,BOS,NOP,|1628369|1628464|202330|202689|203935,1,REG,2020,1628404,SF,Wing Stopper,-0.57,PF,Shot Creator,2.28
1628369,Jayson Tatum,21900578344,Shot Chart Detail,21900578,344,1610612738,Boston Celtics,2,0,30,Missed Shot,Jump Shot,3PT Field Goal,Right Corner 3,Right Side(R),24+ ft.,24,237,71,1,0,20200111,BOS,NOP,|1628369|202330|202683|202689|203935,0,REG,2020,1628404,SF,Wing Stopper,-0.57,PF,Shot Creator,2.28
1628369,Jayson Tatum,21900578354,Shot Chart Detail,21900578,354,1610612738,Boston Celtics,2,0,0,Missed Shot,Floating Jump shot,2PT Field Goal,Restricted Area,Center(C),Less Than 8 ft.,2,13,22,1,0,20200111,BOS,NOP,|1628369|202330|202683|202689|203935,0,REG,2020,1626143|1628404,,,,PF,Shot Creator,2.28
1628369,Jayson Tatum,21900578413,Shot Chart Detail,21900578,413,1610612738,Boston Celtics,3,7,43,Missed Shot,Layup Shot,,In The Paint (Non-RA),Center(C),Less Than 8 ft.,4,34,22,1,0,20200111,BOS,NOP,|1627759|1628369|1628464|202330|202689,0,REG,2020,1628404,SF,Wing Stopper,-0.57,PF,Shot Creator,2.28
1629750,Javonte Green,21900578589,Shot Chart Detail,21900578,589,1610612738,Boston Celtics,4,7,9,Missed Shot,Driving Layup Shot,,Restricted Area,Center(C),Less Than 8 ft.,2,-14,17,1,0,20200111,BOS,NOP,|1628400|1629035|1629750|202683|202954,0,REG,2020,1628404,SF,Wing Stopper,-0.57,SG,Athletic Finisher,-1.65
1628400,Semi Ojeleye,21900578658,Shot Chart Detail,21900578,658,1610612738,Boston Celtics,4,2,5,Missed Shot,Driving Layup Shot,2PT Field Goal,Restricted Area,Center(C),Less Than 8 ft.,3,16,29,1,0,20200111,BOS,NOP,|1628400|1629035|1629750|202683|202954,0,REG,2020,1628404,SF,Wing Stopper,-0.57,PF,Stationary Shooter,-2.12
1628400,Semi Ojeleye,21900578663,Shot Chart Detail,21900578,663,1610612738,Boston Celtics,4,1,49,Made Shot,Running Layup Shot,2PT Field Goal,Restricted Area,Center(C),Less Than 8 ft.,1,-8,13,1,1,20200111,BOS,NOP,|1628400|1629035|1629750|202683|202954,0,REG,2020,1628404,SF,Wing Stopper,-0.57,PF,Stationary Shooter,-2.12
1629035,Carsen Edwards,21900578669,Shot Chart Detail,21900578,669,1610612738,Boston Celtics,4,1,13,Missed Shot,Driving Layup Shot,,Restricted Area,Center(C),Less Than 8 ft.,2,-9,25,1,0,20200111,BOS,NOP,|1628400|1629035|1629750|202683|202954,0,REG,2020,1628404|1629638,,,,SG,Low Minute,-1.07
1629004,Svi Mykhailiuk,2190059147,Shot Chart Detail,21900591,47,1610612765,Detroit Pistons,1,7,48,Missed Shot,Jump Shot,,Above the Break 3,Center(C),24+ ft.,25,76,242,1,0,20200113,DET,NOP,|1628971|1629004|1629635|203083|203503,0,REG,2020,1628404,SF,Wing Stopper,-0.57,SF,Off Screen Shooter,-0.12
1629004,Svi Mykhailiuk,2190059152,Shot Chart Detail,21900591,52,1610612765,Detroit Pistons,1,7,15,Made Shot,Running Layup Shot,,Restricted Area,Center(C),Less Than 8 ft.,1,-17,2,1,1,20200113,DET,NOP,|1628971|1629004|1629635|203083|203503,0,REG,2020,1628404,SF,Wing Stopper,-0.57,SF,Off Screen Shooter,-0.12
203083,Andre Drummond,2190059158,Shot Chart Detail,21900591,58,1610612765,Detroit Pistons,1,6,40,Made Shot,Cutting Dunk Shot,,Restricted Area,Center(C),Less Than 8 ft.,0,-6,4,1,1,20200113,DET,NOP,|1628971|1629004|1629635|203083|203503,1,REG,2020,1628404,SF,Wing Stopper,-0.57,C,Shot Creator,-0.97
202693,Markieff Morris,21900591100,Shot Chart Detail,21900591,100,1610612765,Detroit Pistons,1,3,18,Missed Shot,Jump Shot,,In The Paint (Non-RA),Right Side(R),8-16 ft.,13,71,111,1,0,20200113,DET,NOP,|201565|202693|203083|203503|204038,0,REG,2020,1628404,SF,Wing Stopper,-0.57,PF,Versatile Big,-1.61
1629635,Sekou Doumbouya,21900591395,Shot Chart Detail,21900591,395,1610612765,Detroit Pistons,3,6,53,Made Shot,Jump Shot,,Above the Break 3,Right Side Center(RC),24+ ft.,25,149,210,1,1,20200113,DET,NOP,|1629004|1629635|201565|203083|203503,1,REG,2020,1628404,SF,Wing Stopper,-0.57,PF,Athletic Finisher,-2.46
1629004,Svi Mykhailiuk,21900591403,Shot Chart Detail,21900591,403,1610612765,Detroit Pistons,3,5,45,Made Shot,Jump Shot,3PT Field Goal,Above the Break 3,Right Side Center(RC),24+ ft.,26,111,236,1,1,20200113,DET,NOP,|1629004|1629635|201565|203083|203503,1,REG,2020,1628404,SF,Wing Stopper,-0.57,SF,Off Screen Shooter,-0.12
201565,Derrick Rose,21900591687,Shot Chart Detail,21900591,687,1610612765,Detroit Pistons,5,2,49,Missed Shot,Floating Jump shot,,Mid-Range,Left Side(L),8-16 ft.,10,-101,6,1,0,20200113,DET,NOP,|1626174|1629004|1629635|201565|204038,0,REG,2020,1626143|1628404,,,,PG,Slasher,1.08
204038,Langston Galloway,21900591694,Shot Chart Detail,21900591,694,1610612765,Detroit Pistons,5,2,45,Missed Shot,Driving Layup Shot,,Restricted Area,Center(C),Less Than 8 ft.,2,-21,4,1,0,20200113,DET,NOP,|1626174|1629004|1629635|201565|204038,0,REG,2020,1628404,SF,Wing Stopper,-0.57,SG,Off Screen Shooter,-0.62
1629004,Svi Mykhailiuk,21900591726,Shot Chart Detail,21900591,726,1610612765,Detroit Pistons,5,0,30,Missed Shot,Jump Shot,,Above the Break 3,Right Side Center(RC),24+ ft.,25,218,141,1,0,20200113,DET,NOP,|1626174|1629004|1629635|201565|203503,0,REG,2020,1628404,SF,Wing Stopper,-0.57,SF,Off Screen Shooter,-0.12
1629004,Svi Mykhailiuk,21900591748,Shot Chart Detail,21900591,748,1610612765,Detroit Pistons,5,0,0,Missed Shot,Jump Shot,,Above the Break 3,Right Side Center(RC),24+ ft.,27,195,199,1,0,20200113,DET,NOP,|1626174|1629004|1629635|201565|203503,0,REG,2020,1628404,SF,Wing Stopper,-0.57,SF,Off Screen Shooter,-0.12
202711,Bojan Bogdanovic,2190061624,Shot Chart Detail,21900616,24,1610612762,Utah Jazz,1,10,1,Made Shot,Jump Shot,,Above the Break 3,Right Side Center(RC),24+ ft.,25,98,237,1,1,20200116,NOP,UTA,|1626220|1628378|202711|203497|204060,1,REG,2020,1628404,SF,Wing Stopper,-0.57,SF,Shot Creator,1.04
202711,Bojan Bogdanovic,2190061636,Shot Chart Detail,21900616,36,1610612762,Utah Jazz,1,8,53,Made Shot,Fadeaway Jump Shot,,In The Paint (Non-RA),Center(C),8-16 ft.,10,-34,95,1,1,20200116,NOP,UTA,|1626220|1628378|202711|203497|204060,0,REG,2020,1628404,SF,Wing Stopper,-0.57,SF,Shot Creator,1.04
204060,Joe Ingles,2190061639,Shot Chart Detail,21900616,39,1610612762,Utah Jazz,1,8,21,Missed Shot,Step Back Jump shot,,Mid-Range,Left Side(L),16-24 ft.,21,-180,112,1,0,20200116,NOP,UTA,|1626220|1628378|202711|203497|204060,0,REG,2020,1628404,SF,Wing Stopper,-0.57,PF,Primary Ball Handler,0.14
202711,Bojan Bogdanovic,2190061649,Shot Chart Detail,21900616,49,1610612762,Utah Jazz,1,7,27,Missed Shot,Driving Layup Shot,,Restricted Area,Center(C),Less Than 8 ft.,1,15,7,1,0,20200116,NOP,UTA,|1626220|1628378|202711|203497|204060,0,REG,2020,1628404,SF,Wing Stopper,-0.57,SF,Shot Creator,1.04
204060,Joe Ingles,2190061665,Shot Chart Detail,21900616,65,1610612762,Utah Jazz,1,5,33,Made Shot,Driving Layup Shot,,Restricted Area,Center(C),Less Than 8 ft.,1,-18,2,1,1,20200116,NOP,UTA,|1626220|1628378|202711|203497|204060,1,REG,2020,1628404,SF,Wing Stopper,-0.57,PF,Primary Ball Handler,0.14
203903,Jordan Clarkson,21900616164,Shot Chart Detail,21900616,164,1610612762,Utah Jazz,2,11,17,Missed Shot,Pullup Jump shot,,Mid-Range,Left Side(L),8-16 ft.,13,-94,100,1,0,20200116,NOP,UTA,|1627777|1628378|1628396|1629730|203903,0,REG,2020,1628404,SF,Wing Stopper,-0.57,SG,Secondary Ball Handler,1.38
203497,Rudy Gobert,21900616273,Shot Chart Detail,21900616,273,1610612762,Utah Jazz,2,3,58,Made Shot,Cutting Dunk Shot,,Restricted Area,Center(C),Less Than 8 ft.,0,-8,5,1,1,20200116,NOP,UTA,|1626220|1628378|202711|203497|204060,1,REG,2020,1628402|1628404,,,,C,Roll + Cut Big,0.33
203497,Rudy Gobert,21900616320,Shot Chart Detail,21900616,320,1610612762,Utah Jazz,2,0,22,Missed Shot,Layup Shot,,Restricted Area,Center(C),Less Than 8 ft.,1,-14,8,1,0,20200116,NOP,UTA,|1626220|1628378|202711|203497|204060,0,REG,2020,202324|1628404,,,,C,Roll + Cut Big,0.33
202711,Bojan Bogdanovic,21900616395,Shot Chart Detail,21900616,395,1610612762,Utah Jazz,3,6,55,Made Shot,Driving Layup Shot,,Restricted Area,Center(C),Less Than 8 ft.,2,25,-11,1,1,20200116,NOP,UTA,|1626220|1628378|202711|203497|204060,1,REG,2020,1628404,SF,Wing Stopper,-0.57,SF,Shot Creator,1.04
1626144,Emmanuel Mudiay,21900616560,Shot Chart Detail,21900616,560,1610612762,Utah Jazz,4,8,20,Missed Shot,Running Layup Shot,2PT Field Goal,Restricted Area,Center(C),Less Than 8 ft.,2,-24,6,1,0,20200116,NOP,UTA,|1626144|202711|203497|203903|204060,0,REG,2020,1628404|1628366,,,,PG,Slasher,-1.9
1628378,Donovan Mitchell,21900616594,Shot Chart Detail,21900616,594,1610612762,Utah Jazz,4,5,17,Made Shot,Floating Jump shot,,In The Paint (Non-RA),Center(C),Less Than 8 ft.,6,-36,51,1,1,20200116,NOP,UTA,|1626220|1628378|202711|203497|204060,0,REG,2020,1628404,SF,Wing Stopper,-0.57,SG,Primary Ball Handler,1.3
202695,Kawhi Leonard,2190062616,Shot Chart Detail,21900626,16,1610612746,LA Clippers,1,10,59,Missed Shot,Jump Shot,,Above the Break 3,Right Side Center(RC),24+ ft.,24,93,232,1,0,20200118,NOP,LAC,|1627826|1629013|201976|202695|203585,0,REG,2020,1628404,SF,Wing Stopper,-0.57,SF,Shot Creator,5.0
202695,Kawhi Leonard,2190062643,Shot Chart Detail,21900626,43,1610612746,LA Clippers,1,8,38,Made Shot,Turnaround Jump Shot,,Mid-Range,Right Side(R),16-24 ft.,16,158,32,1,1,20200118,NOP,LAC,|1627826|1629013|201976|202695|203585,1,REG,2020,1628404,SF,Wing Stopper,-0.57,SF,Shot Creator,5.0
202695,Kawhi Leonard,2190062665,Shot Chart Detail,21900626,65,1610612746,LA Clippers,1,7,2,Made Shot,Jump Shot,,Above the Break 3,Center(C),24+ ft.,25,22,251,1,1,20200118,NOP,LAC,|1627826|1629013|201976|202695|203585,1,REG,2020,1628404,SF,Wing Stopper,-0.57,SF,Shot Creator,5.0
1629013,Landry Shamet,2190062669,Shot Chart Detail,21900626,69,1610612746,LA Clippers,1,6,40,Missed Shot,Jump Shot,,Above the Break 3,Left Side Center(LC),24+ ft.,24,-168,184,1,0,20200118,NOP,LAC,|1627826|1629013|201976|202695|203585,0,REG,2020,1628404,SF,Wing Stopper,-0.57,SG,Off Screen Shooter,-0.28
202695,Kawhi Leonard,2190062674,Shot Chart Detail,21900626,74,1610612746,LA Clippers,1,6,14,Made Shot,Fadeaway Jump Shot,,In The Paint (Non-RA),Center(C),8-16 ft.,11,3,116,1,1,20200118,NOP,LAC,|1627826|1629013|201976|202695|203585,0,REG,2020,1628404,SF,Wing Stopper,-0.57,SF,Shot Creator,5.0
202695,Kawhi Leonard,21900626285,Shot Chart Detail,21900626,285,1610612746,LA Clippers,2,4,47,Missed Shot,Driving Layup Shot,,Restricted Area,Center(C),Less Than 8 ft.,3,30,16,1,0,20200118,NOP,LAC,|101150|1626149|201976|202695|203585,0,REG,2020,1627742|1628404,,,,SF,Shot Creator,5.0
202695,Kawhi Leonard,21900626334,Shot Chart Detail,21900626,334,1610612746,LA Clippers,2,2,27,Missed Shot,Pullup Jump shot,,Mid-Range,Right Side(R),8-16 ft.,12,93,83,1,0,20200118,NOP,LAC,|1626149|1629010|201976|202695|203585,0,REG,2020,1628404,SF,Wing Stopper,-0.57,SF,Shot Creator,5.0
202695,Kawhi Leonard,21900626355,Shot Chart Detail,21900626,355,1610612746,LA Clippers,2,1,31,Made Shot,Driving Layup Shot,,Restricted Area,Center(C),Less Than 8 ft.,0,7,0,1,1,20200118,NOP,LAC,|101150|1626149|1629010|201976|202695,1,REG,2020,1628404,SF,Wing Stopper,-0.57,SF,Shot Creator,5.0
203585,Rodney McGruder,21900626400,Shot Chart Detail,21900626,400,1610612746,LA Clippers,3,11,21,Missed Shot,Jump Shot,,Above the Break 3,Left Side Center(LC),24+ ft.,26,-168,206,1,0,20200118,NOP,LAC,|1627826|1629013|201976|202695|203585,0,REG,2020,1628404,SF,Wing Stopper,-0.57,SG,Athletic Finisher,-1.7
202695,Kawhi Leonard,21900626428,Shot Chart Detail,21900626,428,1610612746,LA Clippers,3,8,47,Made Shot,Pullup Jump shot,,In The Paint (Non-RA),Center(C),8-16 ft.,11,-9,113,1,1,20200118,NOP,LAC,|1627826|1629013|201976|202695|203585,0,REG,2020,202324|1628404,,,,SF,Shot Creator,5.0
1629013,Landry Shamet,21900626431,Shot Chart Detail,21900626,431,1610612746,LA Clippers,3,8,28,Missed Shot,Pullup Jump shot,,Above the Break 3,Left Side Center(LC),24+ ft.,27,-116,254,1,0,20200118,NOP,LAC,|1627826|1629013|201976|202695|203585,0,REG,2020,1628404,SF,Wing Stopper,-0.57,SG,Off Screen Shooter,-0.28
203585,Rodney McGruder,21900626453,Shot Chart Detail,21900626,453,1610612746,LA Clippers,3,7,4,Missed Shot,Putback Layup Shot,,In The Paint (Non-RA),Center(C),Less Than 8 ft.,6,-16,60,1,0,20200118,NOP,LAC,|1627826|1629013|201976|202695|203585,0,REG,2020,200755|1628404,,,,SG,Athletic Finisher,-1.7
202695,Kawhi Leonard,21900626465,Shot Chart Detail,21900626,465,1610612746,LA Clippers,3,5,37,Made Shot,Driving Dunk Shot,,Restricted Area,Center(C),Less Than 8 ft.,0,2,-4,1,1,20200118,NOP,LAC,|1627826|1629013|201976|202695|203585,1,REG,2020,1628404,SF,Wing Stopper,-0.57,SF,Shot Creator,5.0
202695,Kawhi Leonard,21900626477,Shot Chart Detail,21900626,477,1610612746,LA Clippers,3,4,56,Made Shot,Floating Jump shot,,In The Paint (Non-RA),Center(C),8-16 ft.,9,6,95,1,1,20200118,NOP,LAC,|101150|1626149|1629013|201976|202695,0,REG,2020,1628404,SF,Wing Stopper,-0.57,SF,Shot Creator,5.0
202695,Kawhi Leonard,21900626514,Shot Chart Detail,21900626,514,1610612746,LA Clippers,3,2,23,Missed Shot,Pullup Jump shot,,Above the Break 3,Right Side Center(RC),24+ ft.,25,100,230,1,0,20200118,NOP,LAC,|101150|1629010|1629013|202695|203210,0,REG,2020,1629637|1628404,,,,SF,Shot Creator,5.0
202695,Kawhi Leonard,21900626645,Shot Chart Detail,21900626,645,1610612746,LA Clippers,4,6,25,Made Shot,Driving Layup Shot,,Restricted Area,Center(C),Less Than 8 ft.,2,22,16,1,1,20200118,NOP,LAC,|101150|1626149|201976|202335|202695,0,REG,2020,1628404,SF,Wing Stopper,-0.57,SF,Shot Creator,5.0
202695,Kawhi Leonard,21900626678,Shot Chart Detail,21900626,678,1610612746,LA Clippers,4,5,7,Missed Shot,Turnaround Jump Shot,,In The Paint (Non-RA),Center(C),8-16 ft.,11,-14,117,1,0,20200118,NOP,LAC,|101150|1626149|1629013|201976|202695,0,REG,2020,1628404,SF,Wing Stopper,-0.57,SF,Shot Creator,5.0
202695,Kawhi Leonard,21900626681,Shot Chart Detail,21900626,681,1610612746,LA Clippers,4,4,58,Missed Shot,Turnaround Jump Shot,,In The Paint (Non-RA),Center(C),Less Than 8 ft.,7,20,74,1,0,20200118,NOP,LAC,|101150|1626149|1629013|201976|202695,0,REG,2020,1628404,SF,Wing Stopper,-0.57,SF,Shot Creator,5.0
202695,Kawhi Leonard,21900626722,Shot Chart Detail,21900626,722,1610612746,LA Clippers,4,1,50,Missed Shot,Jump Shot,,Mid-Range,Right Side Center(RC),16-24 ft.,21,127,173,1,0,20200118,NOP,LAC,|101150|1626149|1629013|201976|202695,0,REG,2020,1628404,SF,Wing Stopper,-0.57,SF,Shot Creator,5.0
1626145,Tyus Jones,21900646153,Shot Chart Detail,21900646,153,1610612763,Memphis Grizzlies,1,1,45,Missed Shot,Pullup Jump shot,2PT Field Goal,Mid-Range,Center(C),16-24 ft.,21,-11,218,1,0,20200120,MEM,NOP,|1626145|1629001|1629634|203524|203937,0,REG,2020,1628404,SF,Wing Stopper,-0.57,PG,Primary Ball Handler,0.49
203937,Kyle Anderson,21900646200,Shot Chart Detail,21900646,200,1610612763,Memphis Grizzlies,2,10,2,Missed Shot,Jump Shot,,Right Corner 3,Right Side(R),24+ ft.,23,228,48,1,0,20200120,MEM,NOP,|1629001|1629630|202685|203524|203937,0,REG,2020,1628404,SF,Wing Stopper,-0.57,SF,Athletic Finisher,-2.0
202685,Jonas Valanciunas,21900646222,Shot Chart Detail,21900646,222,1610612763,Memphis Grizzlies,2,8,3,Missed Shot,Turnaround Hook Shot,,Restricted Area,Center(C),Less Than 8 ft.,0,6,3,1,0,20200120,MEM,NOP,|1628415|1628960|1629630|202685|203524,0,REG,2020,1628404|1629638,,,,C,Post Scorer,0.09
1628415,Dillon Brooks,21900646250,Shot Chart Detail,21900646,250,1610612763,Memphis Grizzlies,2,5,39,Made Shot,Running Layup Shot,2PT Field Goal,Restricted Area,Center(C),Less Than 8 ft.,1,3,13,1,1,20200120,MEM,NOP,|1628415|1628960|1628991|1629630|203524,0,REG,2020,1628404|1629638,,,,SG,Secondary Ball Handler,-0.53
203524,Solomon Hill,21900646467,Shot Chart Detail,21900646,467,1610612763,Memphis Grizzlies,3,3,46,Missed Shot,Driving Layup Shot,,In The Paint (Non-RA),Center(C),Less Than 8 ft.,5,-43,26,1,0,20200120,MEM,NOP,|1626145|1629001|1629634|203524|203937,0,REG,2020,1629637|1628404,,,,PF,Movement Shooter,-1.33
203524,Solomon Hill,21900646489,Shot Chart Detail,21900646,489,1610612763,Memphis Grizzlies,3,1,55,Missed Shot,Jump Shot,,Above the Break 3,Right Side Center(RC),24+ ft.,24,228,92,1,0,20200120,MEM,NOP,|1626145|1629001|1629634|203524|203937,0,REG,2020,1628404,SF,Wing Stopper,-0.57,PF,Movement Shooter,-1.33
201942,DeMar DeRozan,21900663261,Shot Chart Detail,21900663,261,1610612759,San Antonio Spurs,2,5,51,Missed Shot,Turnaround Jump Shot,,Mid-Range,Right Side(R),8-16 ft.,9,90,15,1,0,20200122,NOP,SAS,|1627749|1627854|1629022|200746|201942,0,REG,2020,1628404,SF,Wing Stopper,-0.57,SF,Shot Creator,1.63
201942,DeMar DeRozan,21900663529,Shot Chart Detail,21900663,529,1610612759,San Antonio Spurs,4,10,48,Missed Shot,Jump Shot,,In The Paint (Non-RA),Center(C),Less Than 8 ft.,7,50,61,1,0,20200122,NOP,SAS,|1627751|1628401|201158|201942|201988,0,REG,2020,1628404,SF,Wing Stopper,-0.57,SF,Shot Creator,1.63
201158,Marco Belinelli,21900663586,Shot Chart Detail,21900663,586,1610612759,San Antonio Spurs,4,5,56,Made Shot,Jump Shot,,Above the Break 3,Center(C),24+ ft.,24,73,239,1,1,20200122,NOP,SAS,|1628401|200746|201158|201942|201988,1,REG,2020,1628404,SF,Wing Stopper,-0.57,SG,Movement Shooter,-0.46
1629008,Michael Porter Jr.,21900676125,Shot Chart Detail,21900676,125,1610612743,Denver Nuggets,1,2,25,Missed Shot,Turnaround Jump Shot,,In The Paint (Non-RA),Center(C),Less Than 8 ft.,4,-6,40,1,0,20200124,NOP,DEN,|1627736|1628420|1628470|1629008|203999,0,REG,2020,1627742|1628404,,,,SF,Athletic Finisher,1.17
1629020,Jarred Vanderbilt,21900676193,Shot Chart Detail,21900676,193,1610612743,Denver Nuggets,2,10,53,Missed Shot,Layup Shot,,Restricted Area,Center(C),Less Than 8 ft.,1,-18,-1,1,0,20200124,NOP,DEN,|1627736|1627823|1628408|1629008|1629020,0,REG,2020,1628404,SF,Wing Stopper,-0.57,PF,Low Minute,-1.0
1629020,Jarred Vanderbilt,21900676195,Shot Chart Detail,21900676,195,1610612743,Denver Nuggets,2,10,50,Missed Shot,Putback Layup Shot,,Restricted Area,Center(C),Less Than 8 ft.,1,-13,4,1,0,20200124,NOP,DEN,|1627736|1627823|1628408|1629008|1629020,0,REG,2020,202734|1628404,,,,PF,Low Minute,-1.0
1627823,Juancho Hernangomez,21900676225,Shot Chart Detail,21900676,225,1610612743,Denver Nuggets,2,8,31,Missed Shot,Jump Shot,,Left Corner 3,Left Side(L),24+ ft.,22,-220,-10,1,0,20200124,NOP,DEN,|1627736|1627823|1628408|1629008|1629020,0,REG,2020,1628404,SF,Wing Stopper,-0.57,PF,Athletic Finisher,-0.66
203924,Jerami Grant,21900676265,Shot Chart Detail,21900676,265,1610612743,Denver Nuggets,2,6,5,Missed Shot,Driving Layup Shot,,Restricted Area,Center(C),Less Than 8 ft.,2,0,21,1,0,20200124,NOP,DEN,|1628470|203115|203914|203924|203999,0,REG,2020,1628404,SF,Wing Stopper,-0.57,PF,Athletic Finisher,-0.76
203999,Nikola Jokic,21900676283,Shot Chart Detail,21900676,283,1610612743,Denver Nuggets,2,5,24,Made Shot,Putback Layup Shot,,Restricted Area,Center(C),Less Than 8 ft.,0,0,-6,1,1,20200124,NOP,DEN,|1628470|203115|203914|203924|203999,0,REG,2020,1627742|1628404,,,,C,Post Scorer,2.9
203924,Jerami Grant,21900676337,Shot Chart Detail,21900676,337,1610612743,Denver Nuggets,2,1,8,Missed Shot,Layup Shot,,Restricted Area,Center(C),Less Than 8 ft.,1,-14,-5,1,0,20200124,NOP,DEN,|1628470|1629008|203115|203924|203999,0,REG,2020,1628404,SF,Wing Stopper,-0.57,PF,Athletic Finisher,-0.76
203924,Jerami Grant,21900676340,Shot Chart Detail,21900676,340,1610612743,Denver Nuggets,2,1,6,Missed Shot,Layup Shot,,Restricted Area,Center(C),Less Than 8 ft.,1,-9,8,1,0,20200124,NOP,DEN,|1628470|1629008|203115|203924|203999,0,REG,2020,1627742|1628404,,,,PF,Athletic Finisher,-0.76
203924,Jerami Grant,21900676352,Shot Chart Detail,21900676,352,1610612743,Denver Nuggets,2,0,8,Made Shot,Driving Layup Shot,,Restricted Area,Center(C),Less Than 8 ft.,1,13,-1,1,1,20200124,NOP,DEN,|1628427|1628470|1629008|203115|203924,0,REG,2020,1628404,SF,Wing Stopper,-0.57,PF,Athletic Finisher,-0.76
1628420,Monte Morris,21900676502,Shot Chart Detail,21900676,502,1610612743,Denver Nuggets,3,2,23,Missed Shot,Jump Shot,,Above the Break 3,Left Side Center(LC),24+ ft.,25,-117,227,1,0,20200124,NOP,DEN,|1627736|1628420|1628470|1629008|203924,0,REG,2020,1628404,SF,Wing Stopper,-0.57,PG,Primary Ball Handler,0.58
1629008,Michael Porter Jr.,21900676510,Shot Chart Detail,21900676,510,1610612743,Denver Nuggets,3,1,53,Missed Shot,Layup Shot,,Restricted Area,Center(C),Less Than 8 ft.,2,-23,15,1,0,20200124,NOP,DEN,|1627736|1628420|1628470|1629008|203924,0,REG,2020,1628404|1628366,,,,SF,Athletic Finisher,1.17
1629008,Michael Porter Jr.,21900676551,Shot Chart Detail,21900676,551,1610612743,Denver Nuggets,4,11,31,Missed Shot,Jump Shot,,Above the Break 3,Left Side Center(LC),24+ ft.,24,-169,184,1,0,20200124,NOP,DEN,|1627736|1628408|1628420|1629008|203924,0,REG,2020,1628404,SF,Wing Stopper,-0.57,SF,Athletic Finisher,1.17
1629008,Michael Porter Jr.,21900676568,Shot Chart Detail,21900676,568,1610612743,Denver Nuggets,4,10,11,Missed Shot,Step Back Jump shot,,Left Corner 3,Left Side(L),24+ ft.,23,-228,41,1,0,20200124,NOP,DEN,|1627736|1628420|1629008|203914|203924,0,REG,2020,1628404,SF,Wing Stopper,-0.57,SF,Athletic Finisher,1.17
1628420,Monte Morris,21900676649,Shot Chart Detail,21900676,649,1610612743,Denver Nuggets,4,5,35,Made Shot,Jump Shot,3PT Field Goal,Left Corner 3,Left Side(L),24+ ft.,23,-236,-3,1,1,20200124,NOP,DEN,|1628420|1628470|203115|203924|203999,1,REG,2020,1628404,SF,Wing Stopper,-0.57,PG,Primary Ball Handler,0.58
203115,Will Barton,21900676705,Shot Chart Detail,21900676,705,1610612743,Denver Nuggets,4,0,48,Made Shot,Driving Layup Shot,,Restricted Area,Center(C),Less Than 8 ft.,2,13,18,1,1,20200124,NOP,DEN,|1628470|203115|203914|203924|203999,0,REG,2020,202324|1628404,,,,SF,Athletic Finisher,0.76
202330,Gordon Hayward,2190069190,Shot Chart Detail,21900691,90,1610612738,Boston Celtics,1,5,7,Made Shot,Cutting Finger Roll Layup Shot,,Restricted Area,Center(C),Less Than 8 ft.,2,-12,23,1,1,20200126,NOP,BOS,|1628400|1628464|202330|202689|203935,1,REG,2020,1628404,SF,Wing Stopper,-0.57,SF,Secondary Ball Handler,0.71
202330,Gordon Hayward,21900691116,Shot Chart Detail,21900691,116,1610612738,Boston Celtics,1,3,59,Missed Shot,Turnaround Jump Shot,,Mid-Range,Right Side Center(RC),16-24 ft.,16,125,112,1,0,20200126,NOP,BOS,|1628400|1628464|1629750|202330|202689,0,REG,2020,1628404,SF,Wing Stopper,-0.57,SF,Secondary Ball Handler,0.71
202330,Gordon Hayward,21900691129,Shot Chart Detail,21900691,129,1610612738,Boston Celtics,1,2,37,Missed Shot,Layup Shot,,Restricted Area,Center(C),Less Than 8 ft.,0,6,2,1,0,20200126,NOP,BOS,|1628400|1628464|1629750|202330|202689,0,REG,2020,1628404,SF,Wing Stopper,-0.57,SF,Secondary Ball Handler,0.71
202330,Gordon Hayward,21900691155,Shot Chart Detail,21900691,155,1610612738,Boston Celtics,1,1,5,Missed Shot,Jump Shot,,Mid-Range,Center(C),16-24 ft.,17,4,174,1,0,20200126,NOP,BOS,|1627759|1628400|1629684|202330|202954,0,REG,2020,1628404,SF,Wing Stopper,-0.57,SF,Secondary Ball Handler,0.71
1627759,Jaylen Brown,21900691261,Shot Chart Detail,21900691,261,1610612738,Boston Celtics,2,5,39,Missed Shot,Driving Layup Shot,2PT Field Goal,Restricted Area,Center(C),Less Than 8 ft.,2,3,25,1,0,20200126,NOP,BOS,|1627759|1628464|1629750|202330|202689,0,REG,2020,1628404,SF,Wing Stopper,-0.57,SG,Shot Creator,0.76
1627759,Jaylen Brown,21900691278,Shot Chart Detail,21900691,278,1610612738,Boston Celtics,2,4,31,Made Shot,Hook Shot,2PT Field Goal,Restricted Area,Center(C),Less Than 8 ft.,2,6,26,1,1,20200126,NOP,BOS,|1627759|1628464|202330|202689|203935,1,REG,2020,1628404,SF,Wing Stopper,-0.57,SG,Shot Creator,0.76
202689,Kemba Walker,21900691437,Shot Chart Detail,21900691,437,1610612738,Boston Celtics,3,6,17,Missed Shot,Driving Layup Shot,,Restricted Area,Center(C),Less Than 8 ft.,2,-22,4,1,0,20200126,NOP,BOS,|1627759|1629738|202330|202689|203935,0,REG,2020,1628404,SF,Wing Stopper,-0.57,PG,Primary Ball Handler,2.35
1627759,Jaylen Brown,21900691558,Shot Chart Detail,21900691,558,1610612738,Boston Celtics,4,10,29,Made Shot,Driving Dunk Shot,2PT Field Goal,Restricted Area,Center(C),Less Than 8 ft.,0,-3,-2,1,1,20200126,NOP,BOS,|1627759|1628400|1628464|202330|203935,1,REG,2020,1627742|1628404,,,,SG,Shot Creator,0.76
1627759,Jaylen Brown,21900691618,Shot Chart Detail,21900691,618,1610612738,Boston Celtics,4,7,43,Missed Shot,Jump Shot,3PT Field Goal,Left Corner 3,Left Side(L),24+ ft.,22,-225,-12,1,0,20200126,NOP,BOS,|1627759|1628464|202330|202689|203935,0,REG,2020,1628404,SF,Wing Stopper,-0.57,SG,Shot Creator,0.76
1627759,Jaylen Brown,21900691623,Shot Chart Detail,21900691,623,1610612738,Boston Celtics,4,7,12,Missed Shot,Layup Shot,2PT Field Goal,Restricted Area,Center(C),Less Than 8 ft.,3,35,19,1,0,20200126,NOP,BOS,|1627759|1628464|202330|202689|203935,0,REG,2020,1628404,SF,Wing Stopper,-0.57,SG,Shot Creator,0.76
1628464,Daniel Theis,21900691656,Shot Chart Detail,21900691,656,1610612738,Boston Celtics,4,4,50,Made Shot,Alley Oop Dunk Shot,,Restricted Area,Center(C),Less Than 8 ft.,1,0,-10,1,1,20200126,NOP,BOS,|1627759|1628464|202330|202689|203935,1,REG,2020,202324|1628404,,,,C,Roll + Cut Big,-0.66
1629645,Kevin Porter Jr.,21900700157,Shot Chart Detail,21900700,157,1610612739,Cleveland Cavaliers,2,11,42,Missed Shot,Driving Floating Jump Shot,,In The Paint (Non-RA),Center(C),Less Than 8 ft.,4,-44,8,1,0,20200128,CLE,NOP,|1626204|1628035|1629645|203089|203521,0,REG,2020,1628404,SF,Wing Stopper,-0.57,SF,Shot Creator,-1.82
1629012,Collin Sexton,21900700207,Shot Chart Detail,21900700,207,1610612739,Cleveland Cavaliers,2,8,55,Made Shot,Running Layup Shot,,Restricted Area,Center(C),Less Than 8 ft.,0,-5,-3,1,1,20200128,CLE,NOP,|1626204|1628035|1629012|203089|203521,1,REG,2020,1628404,SF,Wing Stopper,-0.57,PG,Slasher,0.28
203521,Matthew Dellavedova,21900700219,Shot Chart Detail,21900700,219,1610612739,Cleveland Cavaliers,2,8,6,Missed Shot,Pullup Jump shot,,Above the Break 3,Left Side Center(LC),24+ ft.,29,-172,243,1,0,20200128,CLE,NOP,|1626204|1628035|1629012|203089|203521,0,REG,2020,1628404,SF,Wing Stopper,-0.57,PG,Primary Ball Handler,-1.4
1626204,Larry Nance Jr.,21900700543,Shot Chart Detail,21900700,543,1610612739,Cleveland Cavaliers,4,11,1,Made Shot,Turnaround Jump Shot,2PT Field Goal,In The Paint (Non-RA),Center(C),Less Than 8 ft.,4,30,27,1,1,20200128,CLE,NOP,|1626204|1628035|1629645|203089|203521,1,REG,2020,1628404,SF,Wing Stopper,-0.57,PF,Stretch Big,-0.05
1626204,Larry Nance Jr.,21900700558,Shot Chart Detail,21900700,558,1610612739,Cleveland Cavaliers,4,9,13,Made Shot,Driving Finger Roll Layup Shot,2PT Field Goal,Restricted Area,Center(C),Less Than 8 ft.,0,3,6,1,1,20200128,CLE,NOP,|1626204|1628035|1629645|203089|203521,0,REG,2020,1628404|1629627,,,,PF,Stretch Big,-0.05
1626224,Cedi Osman,21900700674,Shot Chart Detail,21900700,674,1610612739,Cleveland Cavaliers,4,0,28,Missed Shot,Driving Layup Shot,2PT Field Goal,Restricted Area,Center(C),Less Than 8 ft.,0,0,5,1,0,20200128,CLE,NOP,|1626224|1629012|1629076|1629731|1629760,0,REG,2020,1628404,SF,Wing Stopper,-0.57,SF,Movement Shooter,-1.57
203109,Jae Crowder,21900723143,Shot Chart Detail,21900723,143,1610612763,Memphis Grizzlies,1,0,40,Missed Shot,Jump Shot,,Above the Break 3,Right Side Center(RC),24+ ft.,25,152,201,1,0,20200131,NOP,MEM,|1626145|1628367|1629001|203109|203937,0,REG,2020,1628404,SF,Wing Stopper,-0.57,SF-PF,Movement Shooter,0.14
1628367,Josh Jackson,21900723168,Shot Chart Detail,21900723,168,1610612763,Memphis Grizzlies,2,11,43,Missed Shot,Driving Layup Shot,2PT Field Goal,In The Paint (Non-RA),Center(C),Less Than 8 ft.,4,2,49,1,0,20200131,NOP,MEM,|1628367|1629001|1629630|203109|203937,0,REG,2020,1628404,SF,Wing Stopper,-0.57,SF,Movement Shooter,0.12
1628367,Josh Jackson,21900723170,Shot Chart Detail,21900723,170,1610612763,Memphis Grizzlies,2,11,38,Made Shot,Putback Layup Shot,2PT Field Goal,Restricted Area,Center(C),Less Than 8 ft.,0,0,-6,1,1,20200131,NOP,MEM,|1628367|1629001|1629630|203109|203937,0,REG,2020,202734|1628404,,,,SF,Movement Shooter,0.12
1629001,De'Anthony Melton,21900723176,Shot Chart Detail,21900723,176,1610612763,Memphis Grizzlies,2,10,49,Missed Shot,Alley Oop Layup shot,,Restricted Area,Center(C),Less Than 8 ft.,1,-18,7,1,0,20200131,NOP,MEM,|1628367|1629001|1629630|203109|203937,0,REG,2020,1628404,SF,Wing Stopper,-0.57,PG,Athletic Finisher,0.08
203109,Jae Crowder,21900723200,Shot Chart Detail,21900723,200,1610612763,Memphis Grizzlies,2,8,38,Missed Shot,Pullup Jump shot,,Above the Break 3,Center(C),24+ ft.,25,-8,253,1,0,20200131,NOP,MEM,|1628367|1628415|1629630|203109|203524,0,REG,2020,1628404|1629627,,,,SF-PF,Movement Shooter,0.14
1628415,Dillon Brooks,21900723245,Shot Chart Detail,21900723,245,1610612763,Memphis Grizzlies,2,6,9,Missed Shot,Driving Layup Shot,,Restricted Area,Center(C),Less Than 8 ft.,1,-18,8,1,0,20200131,NOP,MEM,|1626145|1628415|1629001|202685|203524,0,REG,2020,1628404,SF,Wing Stopper,-0.57,SG,Secondary Ball Handler,-0.53
202685,Jonas Valanciunas,21900723247,Shot Chart Detail,21900723,247,1610612763,Memphis Grizzlies,2,6,8,Missed Shot,Tip Layup Shot,,Restricted Area,Center(C),Less Than 8 ft.,0,0,-6,1,0,20200131,NOP,MEM,|1626145|1628415|1629001|202685|203524,0,REG,2020,200755|1628404|1628366,,,,C,Post Scorer,0.09
202685,Jonas Valanciunas,21900723249,Shot Chart Detail,21900723,249,1610612763,Memphis Grizzlies,2,6,6,Made Shot,Tip Layup Shot,,Restricted Area,Center(C),Less Than 8 ft.,0,0,-6,1,1,20200131,NOP,MEM,|1626145|1628415|1629001|202685|203524,0,REG,2020,200755|1628404|1628366,,,,C,Post Scorer,0.09
1628415,Dillon Brooks,21900723256,Shot Chart Detail,21900723,256,1610612763,Memphis Grizzlies,2,5,44,Made Shot,Pullup Jump shot,,Mid-Range,Right Side Center(RC),16-24 ft.,16,120,109,1,1,20200131,NOP,MEM,|1626145|1628415|1629001|202685|203524,0,REG,2020,1628404,SF,Wing Stopper,-0.57,SG,Secondary Ball Handler,-0.53
1629001,De'Anthony Melton,21900723460,Shot Chart Detail,21900723,460,1610612763,Memphis Grizzlies,3,4,33,Missed Shot,Driving Layup Shot,,Restricted Area,Center(C),Less Than 8 ft.,2,0,25,1,0,20200131,NOP,MEM,|1626145|1628367|1629001|203109|203937,0,REG,2020,1628404,SF,Wing Stopper,-0.57,PG,Athletic Finisher,0.08
203937,Kyle Anderson,21900723509,Shot Chart Detail,21900723,509,1610612763,Memphis Grizzlies,3,1,29,Made Shot,Putback Layup Shot,,Restricted Area,Center(C),Less Than 8 ft.,1,-5,15,1,1,20200131,NOP,MEM,|1628367|1629001|1629630|203109|203937,0,REG,2020,1628404,SF,Wing Stopper,-0.57,SF,Athletic Finisher,-2.0
202685,Jonas Valanciunas,21900723572,Shot Chart Detail,21900723,572,1610612763,Memphis Grizzlies,4,9,41,Missed Shot,Layup Shot,,Restricted Area,Center(C),Less Than 8 ft.,2,22,3,1,0,20200131,NOP,MEM,|1628415|1629630|202685|203109|203524,0,REG,2020,1628404,SF,Wing Stopper,-0.57,C,Post Scorer,0.09
202685,Jonas Valanciunas,21900723574,Shot Chart Detail,21900723,574,1610612763,Memphis Grizzlies,4,9,37,Made Shot,Putback Layup Shot,,Restricted Area,Center(C),Less Than 8 ft.,0,0,-6,1,1,20200131,NOP,MEM,|1628415|1629630|202685|203109|203524,0,REG,2020,1628404,SF,Wing Stopper,-0.57,C,Post Scorer,0.09
202685,Jonas Valanciunas,21900723589,Shot Chart Detail,21900723,589,1610612763,Memphis Grizzlies,4,8,20,Made Shot,Layup Shot,,Restricted Area,Center(C),Less Than 8 ft.,1,-3,17,1,1,20200131,NOP,MEM,|1628367|1628415|1629630|202685|203524,1,REG,2020,1628404,SF,Wing Stopper,-0.57,C,Post Scorer,0.09
1628367,Josh Jackson,21900723609,Shot Chart Detail,21900723,609,1610612763,Memphis Grizzlies,4,7,17,Missed Shot,Driving Floating Jump Shot,,Restricted Area,Center(C),Less Than 8 ft.,2,-5,29,1,0,20200131,NOP,MEM,|1626145|1628367|1629723|203524|203937,0,REG,2020,1628404,SF,Wing Stopper,-0.57,SF,Movement Shooter,0.12
203937,Kyle Anderson,21900723648,Shot Chart Detail,21900723,648,1610612763,Memphis Grizzlies,4,4,33,Made Shot,Floating Jump shot,,In The Paint (Non-RA),Center(C),Less Than 8 ft.,5,-29,42,1,1,20200131,NOP,MEM,|1626145|1628367|1629139|1629723|203937,1,REG,2020,1628402|1628404|1629638,,,,SF,Athletic Finisher,-2.0
1628367,Josh Jackson,21900723676,Shot Chart Detail,21900723,676,1610612763,Memphis Grizzlies,4,2,39,Missed Shot,Jump Shot,,Above the Break 3,Center(C),24+ ft.,24,74,236,1,0,20200131,NOP,MEM,|1626145|1628367|1629139|1629723|203937,0,REG,2020,1628404,SF,Wing Stopper,-0.57,SF,Movement Shooter,0.12
1629723,John Konchar,21900723698,Shot Chart Detail,21900723,698,1610612763,Memphis Grizzlies,4,0,46,Made Shot,Driving Layup Shot,,Restricted Area,Center(C),Less Than 8 ft.,1,16,0,1,1,20200131,NOP,MEM,|1626145|1628367|1629139|1629723|203937,1,REG,2020,1628404,SF,Wing Stopper,-0.57,,,
203085,Austin Rivers,21900738146,Shot Chart Detail,21900738,146,1610612745,Houston Rockets,1,1,21,Missed Shot,Turnaround Jump Shot,,In The Paint (Non-RA),Center(C),Less Than 8 ft.,4,2,47,1,0,20200202,HOU,NOP,|200757|201566|201569|203085|203463,0,REG,2020,1628404,SF,Wing Stopper,-0.57,SG,Shot Creator,-0.11
203463,Ben McLemore,21900738154,Shot Chart Detail,21900738,154,1610612745,Houston Rockets,1,0,44,Made Shot,Cutting Layup Shot,,Restricted Area,Center(C),Less Than 8 ft.,2,19,7,1,1,20200202,HOU,NOP,|200757|201566|201569|203085|203463,1,REG,2020,1628404,SF,Wing Stopper,-0.57,SF,Movement Shooter,0.25
201569,Eric Gordon,21900738176,Shot Chart Detail,21900738,176,1610612745,Houston Rockets,2,11,41,Missed Shot,Pullup Jump shot,,Above the Break 3,Right Side Center(RC),24+ ft.,25,103,233,1,0,20200202,HOU,NOP,|200782|201566|201569|203085|203463,0,REG,2020,1628404,SF,Wing Stopper,-0.57,SF,Movement Shooter,0.69
201566,Russell Westbrook,21900738198,Shot Chart Detail,21900738,198,1610612745,Houston Rockets,2,9,42,Missed Shot,Turnaround Jump Shot,,Restricted Area,Center(C),Less Than 8 ft.,3,-34,16,1,0,20200202,HOU,NOP,|200782|201566|201569|203085|203463,0,REG,2020,1628404,SF,Wing Stopper,-0.57,PG,Shot Creator,1.67
201935,James Harden,21900738219,Shot Chart Detail,21900738,219,1610612745,Houston Rockets,2,8,15,Made Shot,Step Back Jump shot,,Right Corner 3,Right Side(R),24+ ft.,22,228,22,1,1,20200202,HOU,NOP,|1627863|200782|201569|201935|203085,0,REG,2020,1628404,SF,Wing Stopper,-0.57,SG,Shot Creator,6.9
200782,P.J. Tucker,21900738232,Shot Chart Detail,21900738,232,1610612745,Houston Rockets,2,6,46,Missed Shot,Driving Finger Roll Layup Shot,,Restricted Area,Center(C),Less Than 8 ft.,2,20,11,1,0,20200202,HOU,NOP,|1627863|200782|201569|201935|203085,0,REG,2020,1628404,SF,Wing Stopper,-0.57,PF,Athletic Finisher,-1.42
201935,James Harden,21900738265,Shot Chart Detail,21900738,265,1610612745,Houston Rockets,2,4,42,Made Shot,Step Back Jump shot,,Above the Break 3,Left Side Center(LC),24+ ft.,26,-154,218,1,1,20200202,HOU,NOP,|200757|200782|201569|201935|203085,0,REG,2020,1628404,SF,Wing Stopper,-0.57,SG,Shot Creator,6.9
201935,James Harden,21900738286,Shot Chart Detail,21900738,286,1610612745,Houston Rockets,2,3,35,Missed Shot,Driving Layup Shot,,In The Paint (Non-RA),Center(C),Less Than 8 ft.,4,43,4,1,0,20200202,HOU,NOP,|200757|200782|201566|201935|203463,0,REG,2020,1628404,SF,Wing Stopper,-0.57,SG,Shot Creator,6.9
201566,Russell Westbrook,21900738319,Shot Chart Detail,21900738,319,1610612745,Houston Rockets,2,1,48,Missed Shot,Driving Reverse Layup Shot,,In The Paint (Non-RA),Center(C),Less Than 8 ft.,5,-43,37,1,0,20200202,HOU,NOP,|1627863|200782|201566|201935|203463,0,REG,2020,1628404,SF,Wing Stopper,-0.57,PG,Shot Creator,1.67
201935,James Harden,21900738339,Shot Chart Detail,21900738,339,1610612745,Houston Rockets,2,0,1,Made Shot,Step Back Jump shot,,Above the Break 3,Center(C),24+ ft.,27,8,278,1,1,20200202,HOU,NOP,|1627863|200782|201566|201935|203463,0,REG,2020,1628404,SF,Wing Stopper,-0.57,SG,Shot Creator,6.9
201566,Russell Westbrook,21900738488,Shot Chart Detail,21900738,488,1610612745,Houston Rockets,3,1,59,Missed Shot,Pullup Jump shot,,Mid-Range,Left Side Center(LC),16-24 ft.,19,-78,178,1,0,20200202,HOU,NOP,|200757|201566|201569|203085|203463,0,REG,2020,1628404,SF,Wing Stopper,-0.57,PG,Shot Creator,1.67
201566,Russell Westbrook,21900738491,Shot Chart Detail,21900738,491,1610612745,Houston Rockets,3,1,44,Missed Shot,Driving Reverse Layup Shot,,Restricted Area,Center(C),Less Than 8 ft.,2,-15,20,1,0,20200202,HOU,NOP,|200757|201566|201569|203085|203463,0,REG,2020,1627742|1628404,,,,PG,Shot Creator,1.67
203085,Austin Rivers,21900738502,Shot Chart Detail,21900738,502,1610612745,Houston Rockets,3,0,51,Made Shot,Driving Layup Shot,,Restricted Area,Center(C),Less Than 8 ft.,2,25,15,1,1,20200202,HOU,NOP,|200757|201566|201569|203085|203463,0,REG,2020,1628404|1629740,,,,SG,Shot Creator,-0.11
201935,James Harden,21900738537,Shot Chart Detail,21900738,537,1610612745,Houston Rockets,4,11,4,Made Shot,Step Back Jump shot,,Above the Break 3,Center(C),24+ ft.,27,5,277,1,1,20200202,HOU,NOP,|200782|201566|201569|201935|203085,1,REG,2020,1628404,SF,Wing Stopper,-0.57,SG,Shot Creator,6.9
201935,James Harden,21900738562,Shot Chart Detail,21900738,562,1610612745,Houston Rockets,4,8,23,Missed Shot,Driving Floating Jump Shot,,In The Paint (Non-RA),Center(C),Less Than 8 ft.,5,-48,26,1,0,20200202,HOU,NOP,|1627863|200782|201569|201935|203085,0,REG,2020,1628404,SF,Wing Stopper,-0.57,SG,Shot Creator,6.9
1627863,Danuel House Jr.,21900738620,Shot Chart Detail,21900738,620,1610612745,Houston Rockets,4,4,33,Missed Shot,Putback Layup Shot,2PT Field Goal,Restricted Area,Center(C),Less Than 8 ft.,0,0,-6,1,0,20200202,HOU,NOP,|1627863|200782|201566|201569|201935,0,REG,2020,1628404,SF,Wing Stopper,-0.57,SF,Movement Shooter,0.26
201935,James Harden,21900738624,Shot Chart Detail,21900738,624,1610612745,Houston Rockets,4,4,22,Missed Shot,Jump Shot,,Above the Break 3,Left Side Center(LC),24+ ft.,27,-131,246,1,0,20200202,HOU,NOP,|1627863|200782|201566|201569|201935,0,REG,2020,1628404,SF,Wing Stopper,-0.57,SG,Shot Creator,6.9
201935,James Harden,21900738659,Shot Chart Detail,21900738,659,1610612745,Houston Rockets,4,1,55,Missed Shot,Step Back Jump shot,,Above the Break 3,Right Side Center(RC),24+ ft.,25,175,179,1,0,20200202,HOU,NOP,|1627863|200782|201566|201569|201935,0,REG,2020,1628404,SF,Wing Stopper,-0.57,SG,Shot Creator,6.9
2594,Kyle Korver,21900751156,Shot Chart Detail,21900751,156,1610612749,Milwaukee Bucks,1,0,6,Made Shot,Pullup Jump shot,,Above the Break 3,Left Side Center(LC),24+ ft.,26,-134,233,1,1,20200204,NOP,MIL,|1626192|1628978|201577|203507|2594,0,REG,2020,1628404,SF,Wing Stopper,-0.57,SF,Off Screen Shooter,-0.41
2594,Kyle Korver,21900751169,Shot Chart Detail,21900751,169,1610612749,Milwaukee Bucks,2,11,46,Made Shot,Jump Shot,,Right Corner 3,Right Side(R),24+ ft.,22,226,6,1,1,20200204,NOP,MIL,|1626192|201577|202339|203507|2594,1,REG,2020,1628404,SF,Wing Stopper,-0.57,SF,Off Screen Shooter,-0.41
203507,Giannis Antetokounmpo,21900751231,Shot Chart Detail,21900751,231,1610612749,Milwaukee Bucks,2,8,16,Made Shot,Cutting Finger Roll Layup Shot,,Restricted Area,Center(C),Less Than 8 ft.,1,-17,7,1,1,20200204,NOP,MIL,|201572|202339|203114|203507|2594,1,REG,2020,1628404|201950,,,,PF,Shot Creator,5.79
203114,Khris Middleton,21900751256,Shot Chart Detail,21900751,256,1610612749,Milwaukee Bucks,2,6,50,Made Shot,Jump Shot,,Above the Break 3,Right Side Center(RC),24+ ft.,25,140,210,1,1,20200204,NOP,MIL,|201572|202083|202339|203114|203507,1,REG,2020,1628404,SF,Wing Stopper,-0.57,SF,Shot Creator,2.48
203114,Khris Middleton,21900751274,Shot Chart Detail,21900751,274,1610612749,Milwaukee Bucks,2,5,48,Missed Shot,Pullup Jump shot,,Above the Break 3,Center(C),24+ ft.,25,-20,259,1,0,20200204,NOP,MIL,|101141|201572|202083|202339|203114,0,REG,2020,1628404,SF,Wing Stopper,-0.57,SF,Shot Creator,2.48
203114,Khris Middleton,21900751290,Shot Chart Detail,21900751,290,1610612749,Milwaukee Bucks,2,5,19,Made Shot,Turnaround Fadeaway shot,,Mid-Range,Right Side(R),8-16 ft.,9,95,7,1,1,20200204,NOP,MIL,|1626192|1628978|201572|202083|203114,1,REG,2020,1628404,SF,Wing Stopper,-0.57,SF,Shot Creator,2.48
203114,Khris Middleton,21900751300,Shot Chart Detail,21900751,300,1610612749,Milwaukee Bucks,2,4,14,Made Shot,Driving Reverse Layup Shot,,Restricted Area,Center(C),Less Than 8 ft.,1,11,0,1,1,20200204,NOP,MIL,|1626192|1628978|201572|202083|203114,0,REG,2020,1628404,SF,Wing Stopper,-0.57,SF,Shot Creator,2.48
203114,Khris Middleton,21900751474,Shot Chart Detail,21900751,474,1610612749,Milwaukee Bucks,3,5,11,Made Shot,Cutting Dunk Shot,,Restricted Area,Center(C),Less Than 8 ft.,0,-2,4,1,1,20200204,NOP,MIL,|201572|202083|202339|203114|203507,1,REG,2020,1628404,SF,Wing Stopper,-0.57,SF,Shot Creator,2.48
203507,Giannis Antetokounmpo,21900751537,Shot Chart Detail,21900751,537,1610612749,Milwaukee Bucks,3,1,21,Missed Shot,Driving Layup Shot,,Restricted Area,Center(C),Less Than 8 ft.,1,7,16,1,0,20200204,NOP,MIL,|1626192|1628425|1628978|203507|2594,0,REG,2020,1629740|1628404,,,,PF,Shot Creator,5.79
203114,Khris Middleton,21900751629,Shot Chart Detail,21900751,629,1610612749,Milwaukee Bucks,4,7,42,Missed Shot,Turnaround Fadeaway shot,,In The Paint (Non-RA),Center(C),8-16 ft.,9,-46,80,1,0,20200204,NOP,MIL,|1626192|201572|202339|203114|203507,0,REG,2020,1628404,SF,Wing Stopper,-0.57,SF,Shot Creator,2.48
202339,Eric Bledsoe,21900751660,Shot Chart Detail,21900751,660,1610612749,Milwaukee Bucks,4,6,19,Missed Shot,Putback Layup Shot,,Restricted Area,Center(C),Less Than 8 ft.,3,-29,13,1,0,20200204,NOP,MIL,|201572|202083|202339|203114|203507,0,REG,2020,1628366|1628404,,,,PG,Shot Creator,1.04
201572,Brook Lopez,21900751711,Shot Chart Detail,21900751,711,1610612749,Milwaukee Bucks,4,1,58,Made Shot,Cutting Layup Shot,,Restricted Area,Center(C),Less Than 8 ft.,2,20,-2,1,1,20200204,NOP,MIL,|1626192|1628978|201572|202083|203507,1,REG,2020,1629627|1628404,,,,C,Versatile Big,-0.32
201152,Thaddeus Young,21900765103,Shot Chart Detail,21900765,103,1610612741,Chicago Bulls,1,4,7,Made Shot,Jump Shot,,Left Corner 3,Left Side(L),24+ ft.,22,-222,4,1,1,20200206,CHI,NOP,|1626245|1627853|1629632|201152|203897,1,REG,2020,1628404,SF,Wing Stopper,-0.57,PF,Athletic Finisher,-1.23
1629632,Coby White,21900765154,Shot Chart Detail,21900765,154,1610612741,Chicago Bulls,1,0,30,Missed Shot,Jump Shot,,Above the Break 3,Right Side Center(RC),24+ ft.,25,127,224,1,0,20200206,CHI,NOP,|1626245|1627853|1627885|1628990|1629632,0,REG,2020,1628404,SF,Wing Stopper,-0.57,PG,Primary Ball Handler,-0.41
1629632,Coby White,21900765169,Shot Chart Detail,21900765,169,1610612741,Chicago Bulls,2,11,26,Made Shot,Jump Shot,,Above the Break 3,Right Side Center(RC),24+ ft.,25,136,216,1,1,20200206,CHI,NOP,|1626245|1627853|1627885|1628990|1629632,1,REG,2020,1628404,SF,Wing Stopper,-0.57,PG,Primary Ball Handler,-0.41
1627853,Ryan Arcidiacono,21900765196,Shot Chart Detail,21900765,196,1610612741,Chicago Bulls,2,9,1,Made Shot,Pullup Jump shot,3PT Field Goal,Above the Break 3,Left Side Center(LC),24+ ft.,24,-128,210,1,1,20200206,CHI,NOP,|1627853|1627885|1628436|1628990|1629632,0,REG,2020,200755|1628404,,,,PG,Movement Shooter,-1.47
203897,Zach LaVine,21900765273,Shot Chart Detail,21900765,273,1610612741,Chicago Bulls,2,3,19,Made Shot,Jump Shot,,Above the Break 3,Left Side Center(LC),24+ ft.,25,-109,226,1,1,20200206,CHI,NOP,|1626245|1628990|201152|203107|203897,1,REG,2020,1628404,SF,Wing Stopper,-0.57,SF,Primary Ball Handler,2.12
203897,Zach LaVine,21900765279,Shot Chart Detail,21900765,279,1610612741,Chicago Bulls,2,2,47,Made Shot,Step Back Jump shot,,Mid-Range,Left Side(L),16-24 ft.,17,-176,1,1,1,20200206,CHI,NOP,|1626245|1628990|201152|203107|203897,0,REG,2020,1628404,SF,Wing Stopper,-0.57,SF,Primary Ball Handler,2.12
1629632,Coby White,21900765451,Shot Chart Detail,21900765,451,1610612741,Chicago Bulls,3,3,30,Made Shot,Layup Shot,,Restricted Area,Center(C),Less Than 8 ft.,1,9,8,1,1,20200206,CHI,NOP,|1627853|1627885|1628436|1628990|1629632,0,REG,2020,1629637|1628404,,,,PG,Primary Ball Handler,-0.41
1629632,Coby White,21900765489,Shot Chart Detail,21900765,489,1610612741,Chicago Bulls,3,0,32,Missed Shot,Jump Shot,,Mid-Range,Right Side Center(RC),16-24 ft.,22,134,183,1,0,20200206,CHI,NOP,|1627853|1627885|1628436|1628990|1629632,0,REG,2020,1628404,SF,Wing Stopper,-0.57,PG,Primary Ball Handler,-0.41
1626245,Cristiano Felicio,21900765608,Shot Chart Detail,21900765,608,1610612741,Chicago Bulls,4,4,32,Missed Shot,Putback Layup Shot,2PT Field Goal,Restricted Area,Center(C),Less Than 8 ft.,0,0,-6,1,0,20200206,CHI,NOP,|1626245|1627853|1627885|1629632|1629690,0,REG,2020,1626143|1628404,,,,C,Athletic Finisher,-1.78
1626245,Cristiano Felicio,21900765617,Shot Chart Detail,21900765,617,1610612741,Chicago Bulls,4,4,0,Missed Shot,Putback Layup Shot,2PT Field Goal,Restricted Area,Center(C),Less Than 8 ft.,0,0,-6,1,0,20200206,CHI,NOP,|1626245|1627853|1627885|1629632|1629690,0,REG,2020,1628402|1628404,,,,C,Athletic Finisher,-1.78
1629690,Adam Mokoka,21900765626,Shot Chart Detail,21900765,626,1610612741,Chicago Bulls,4,3,1,Made Shot,Jump Shot,,Right Corner 3,Right Side(R),24+ ft.,22,223,-1,1,1,20200206,CHI,NOP,|1626245|1627853|1627885|1629632|1629690,1,REG,2020,1628404,SF,Wing Stopper,-0.57,SF,Athletic Finisher,-0.41
203933,T.J. Warren,219007808,Shot Chart Detail,21900780,8,1610612754,Indiana Pacers,1,11,22,Missed Shot,Jump Shot,,Left Corner 3,Left Side(L),24+ ft.,24,-236,46,1,0,20200208,IND,NOP,|1626167|1627734|1627763|203087|203933,0,REG,2020,1628404,SF,Wing Stopper,-0.57,SF,Athletic Finisher,0.42
1626167,Myles Turner,21900780104,Shot Chart Detail,21900780,104,1610612754,Indiana Pacers,1,3,3,Missed Shot,Jump Shot,3PT Field Goal,Above the Break 3,Right Side Center(RC),24+ ft.,27,128,248,1,0,20200208,IND,NOP,|1626167|1628988|203200|203933|204456,0,REG,2020,1628404,SF,Wing Stopper,-0.57,C,Versatile Big,-0.95
1627763,Malcolm Brogdon,21900780262,Shot Chart Detail,21900780,262,1610612754,Indiana Pacers,2,5,24,Missed Shot,Driving Finger Roll Layup Shot,,Restricted Area,Center(C),Less Than 8 ft.,3,-25,23,1,0,20200208,IND,NOP,|1627734|1627763|203087|203926|203933,0,REG,2020,1626143|1628404,,,,PG,Shot Creator,1.13
1627763,Malcolm Brogdon,21900780281,Shot Chart Detail,21900780,281,1610612754,Indiana Pacers,2,4,35,Missed Shot,Driving Reverse Layup Shot,,Restricted Area,Center(C),Less Than 8 ft.,0,2,-1,1,0,20200208,IND,NOP,|1626167|1627734|1627763|203087|203933,0,REG,2020,1628404,SF,Wing Stopper,-0.57,PG,Shot Creator,1.13
1626167,Myles Turner,21900780294,Shot Chart Detail,21900780,294,1610612754,Indiana Pacers,2,3,27,Made Shot,Jump Shot,2PT Field Goal,Mid-Range,Left Side(L),16-24 ft.,18,-187,14,1,1,20200208,IND,NOP,|1626167|1627734|1627763|203087|203933,1,REG,2020,1628404,SF,Wing Stopper,-0.57,C,Versatile Big,-0.95
1627763,Malcolm Brogdon,21900780305,Shot Chart Detail,21900780,305,1610612754,Indiana Pacers,2,2,31,Made Shot,Cutting Finger Roll Layup Shot,,Restricted Area,Center(C),Less Than 8 ft.,0,6,1,1,1,20200208,IND,NOP,|1626167|1627734|1627763|203087|203933,1,REG,2020,1628404,SF,Wing Stopper,-0.57,PG,Shot Creator,1.13
203926,Doug McDermott,21900780322,Shot Chart Detail,21900780,322,1610612754,Indiana Pacers,2,1,31,Missed Shot,Jump Shot,,Above the Break 3,Left Side Center(LC),24+ ft.,25,-226,126,1,0,20200208,IND,NOP,|1626167|1627763|1628410|203087|203926,0,REG,2020,1628404,SF,Wing Stopper,-0.57,PF,Off Screen Shooter,0.21
203087,Jeremy Lamb,21900780365,Shot Chart Detail,21900780,365,1610612754,Indiana Pacers,3,11,18,Missed Shot,Jump Shot,,Above the Break 3,Center(C),24+ ft.,26,-8,269,1,0,20200208,IND,NOP,|1626167|1627734|1627763|203087|203933,0,REG,2020,1628404,SF,Wing Stopper,-0.57,SG,Secondary Ball Handler,-0.88
203933,T.J. Warren,21900780400,Shot Chart Detail,21900780,400,1610612754,Indiana Pacers,3,8,35,Made Shot,Jump Shot,,Mid-Range,Right Side Center(RC),16-24 ft.,16,117,119,1,1,20200208,IND,NOP,|1626167|1627734|1627763|203087|203933,1,REG,2020,1628404,SF,Wing Stopper,-0.57,SF,Athletic Finisher,0.42
203087,Jeremy Lamb,21900780472,Shot Chart Detail,21900780,472,1610612754,Indiana Pacers,3,3,40,Made Shot,Driving Finger Roll Layup Shot,,Restricted Area,Center(C),Less Than 8 ft.,1,0,14,1,1,20200208,IND,NOP,|1626167|1627763|203087|203200|203933,0,REG,2020,1628404,SF,Wing Stopper,-0.57,SG,Secondary Ball Handler,-0.88
203087,Jeremy Lamb,21900780624,Shot Chart Detail,21900780,624,1610612754,Indiana Pacers,4,5,57,Made Shot,Tip Layup Shot,,Restricted Area,Center(C),Less Than 8 ft.,0,0,-6,1,1,20200208,IND,NOP,|1626167|203087|203926|203933|204456,0,REG,2020,1628404|1628366,,,,SG,Secondary Ball Handler,-0.88
2546,Carmelo Anthony,2190080443,Shot Chart Detail,21900804,43,1610612757,Portland Trail Blazers,1,8,32,Made Shot,Turnaround Jump Shot,,In The Paint (Non-RA),Right Side(R),8-16 ft.,10,77,73,1,1,20200211,NOP,POR,|202355|203081|203468|2546|2772,0,REG,2020,1628404,SF,Wing Stopper,-0.57,PF,Shot Creator,-0.47
2546,Carmelo Anthony,2190080452,Shot Chart Detail,21900804,52,1610612757,Portland Trail Blazers,1,7,37,Made Shot,Turnaround Jump Shot,,Mid-Range,Left Side(L),8-16 ft.,12,-125,3,1,1,20200211,NOP,POR,|202355|203081|203468|2546|2772,0,REG,2020,1628404,SF,Wing Stopper,-0.57,PF,Shot Creator,-0.47
1629117,Wenyen Gabriel,21900804128,Shot Chart Detail,21900804,128,1610612757,Portland Trail Blazers,1,3,34,Missed Shot,Layup Shot,,Restricted Area,Center(C),Less Than 8 ft.,1,13,15,1,0,20200211,NOP,POR,|1628403|1629014|1629018|1629117|203081,0,REG,2020,1628404|1629740,,,,PF,Stretch Big,-0.95
203468,CJ McCollum,21900804325,Shot Chart Detail,21900804,325,1610612757,Portland Trail Blazers,2,1,10,Made Shot,Pullup Jump shot,,Above the Break 3,Center(C),24+ ft.,25,7,255,1,1,20200211,NOP,POR,|1628403|1629018|202355|203081|203468,0,REG,2020,1628404,SF,Wing Stopper,-0.57,SG,Shot Creator,1.51
203468,CJ McCollum,21900804340,Shot Chart Detail,21900804,340,1610612757,Portland Trail Blazers,2,0,15,Missed Shot,Pullup Jump shot,,Mid-Range,Right Side Center(RC),16-24 ft.,21,119,174,1,0,20200211,NOP,POR,|1628403|1629018|202355|203081|203468,0,REG,2020,1628404,SF,Wing Stopper,-0.57,SG,Shot Creator,1.51
203081,Damian Lillard,21900804405,Shot Chart Detail,21900804,405,1610612757,Portland Trail Blazers,3,8,42,Missed Shot,Running Pull-Up Jump Shot,,Above the Break 3,Center(C),24+ ft.,25,2,256,1,0,20200211,NOP,POR,|202355|203081|203468|2546|2772,0,REG,2020,1628404,SF,Wing Stopper,-0.57,PG,Shot Creator,5.32
2546,Carmelo Anthony,21900804500,Shot Chart Detail,21900804,500,1610612757,Portland Trail Blazers,3,0,52,Made Shot,Fadeaway Jump Shot,,Mid-Range,Right Side(R),8-16 ft.,13,114,67,1,1,20200211,NOP,POR,|1628403|1629014|1629018|203081|2546,0,REG,2020,1628404,SF,Wing Stopper,-0.57,PF,Shot Creator,-0.47
1629652,Luguentz Dort,2190081928,Shot Chart Detail,21900819,28,1610612760,Oklahoma City Thunder,1,9,28,Missed Shot,Jump Shot,,Above the Break 3,Right Side Center(RC),24+ ft.,24,198,145,1,0,20200213,NOP,OKC,|101108|1628983|1629652|201568|203500,0,REG,2020,1628404,SF,Wing Stopper,-0.57,SF,Athletic Finisher,-1.28
203457,Nerlens Noel,2190081987,Shot Chart Detail,21900819,87,1610612760,Oklahoma City Thunder,1,5,4,Missed Shot,Hook Shot,,In The Paint (Non-RA),Center(C),Less Than 8 ft.,7,36,69,1,0,20200213,NOP,OKC,|1628390|1628983|201568|203457|203471,0,REG,2020,1628404,SF,Wing Stopper,-0.57,C,Roll + Cut Big,-1.09
201568,Danilo Gallinari,21900819112,Shot Chart Detail,21900819,112,1610612760,Oklahoma City Thunder,1,3,56,Made Shot,Finger Roll Layup Shot,,Restricted Area,Center(C),Less Than 8 ft.,1,-5,17,1,1,20200213,NOP,OKC,|1628390|1628983|201568|203457|203471,0,REG,2020,1628404,SF,Wing Stopper,-0.57,PF,Shot Creator,2.47
1627846,Abdel Nader,21900819129,Shot Chart Detail,21900819,129,1610612760,Oklahoma City Thunder,1,2,53,Missed Shot,Driving Layup Shot,,Restricted Area,Center(C),Less Than 8 ft.,2,-22,-1,1,0,20200213,NOP,OKC,|101108|1627846|1628390|203457|203471,0,REG,2020,1628404,SF,Wing Stopper,-0.57,SF,Movement Shooter,-2.06
1628983,Shai Gilgeous-Alexander,21900819255,Shot Chart Detail,21900819,255,1610612760,Oklahoma City Thunder,2,6,8,Missed Shot,Jump Shot,3PT Field Goal,Above the Break 3,Left Side Center(LC),24+ ft.,24,-90,224,1,0,20200213,NOP,OKC,|1628983|1629652|201568|203457|203471,0,REG,2020,1628404,SF,Wing Stopper,-0.57,SG,Shot Creator,0.81
1629652,Luguentz Dort,21900819300,Shot Chart Detail,21900819,300,1610612760,Oklahoma City Thunder,2,3,22,Made Shot,Jump Shot,,Left Corner 3,Left Side(L),24+ ft.,23,-234,16,1,1,20200213,NOP,OKC,|101108|1628983|1629652|201568|203500,1,REG,2020,1628404,SF,Wing Stopper,-0.57,SF,Athletic Finisher,-1.28
201568,Danilo Gallinari,21900819403,Shot Chart Detail,21900819,403,1610612760,Oklahoma City Thunder,3,7,40,Missed Shot,Jump Shot,,Above the Break 3,Center(C),24+ ft.,25,-20,258,1,0,20200213,NOP,OKC,|101108|1628983|1629652|201568|203457,0,REG,2020,1628404,SF,Wing Stopper,-0.57,PF,Shot Creator,2.47
1629652,Luguentz Dort,21900819418,Shot Chart Detail,21900819,418,1610612760,Oklahoma City Thunder,3,10,32,Missed Shot,Tip Layup Shot,,Restricted Area,Center(C),Less Than 8 ft.,2,-7,22,1,0,20200213,NOP,OKC,|101108|1628983|1629652|201568|203500,0,REG,2020,1628404,SF,Wing Stopper,-0.57,SF,Athletic Finisher,-1.28
203488,Mike Muscala,21900819434,Shot Chart Detail,21900819,434,1610612760,Oklahoma City Thunder,3,5,18,Made Shot,Jump Shot,,Above the Break 3,Center(C),24+ ft.,26,15,265,1,1,20200213,NOP,OKC,|101108|1628983|1629652|201568|203488,1,REG,2020,1628404,SF,Wing Stopper,-0.57,C,Stretch Big,-0.76
201568,Danilo Gallinari,21900819607,Shot Chart Detail,21900819,607,1610612760,Oklahoma City Thunder,4,4,34,Made Shot,Turnaround Jump Shot,,In The Paint (Non-RA),Center(C),8-16 ft.,10,-52,94,1,1,20200213,NOP,OKC,|1628983|1629652|201568|203471|203488,0,REG,2020,1628404,SF,Wing Stopper,-0.57,PF,Shot Creator,2.47
1629642,Nassir Little,21900834137,Shot Chart Detail,21900834,137,1610612757,Portland Trail Blazers,1,1,50,Made Shot,Jump Shot,,Above the Break 3,Left Side Center(LC),24+ ft.,25,-155,204,1,1,20200221,POR,NOP,|1628403|1629014|1629117|1629642|203468,1,REG,2020,1628404,SF,Wing Stopper,-0.57,PF,Athletic Finisher,-0.96
1629642,Nassir Little,21900834152,Shot Chart Detail,21900834,152,1610612757,Portland Trail Blazers,1,0,54,Missed Shot,Driving Floating Jump Shot,,Restricted Area,Center(C),Less Than 8 ft.,3,30,12,1,0,20200221,POR,NOP,|1628403|1629014|1629117|1629642|203468,0,REG,2020,1628404,SF,Wing Stopper,-0.57,PF,Athletic Finisher,-0.96
1629642,Nassir Little,21900834154,Shot Chart Detail,21900834,154,1610612757,Portland Trail Blazers,1,0,43,Made Shot,Driving Layup Shot,,Restricted Area,Center(C),Less Than 8 ft.,1,-12,4,1,1,20200221,POR,NOP,|1628403|1629014|1629117|1629642|203468,0,REG,2020,1628404,SF,Wing Stopper,-0.57,PF,Athletic Finisher,-0.96
1629014,Anfernee Simons,21900834167,Shot Chart Detail,21900834,167,1610612757,Portland Trail Blazers,1,0,3,Missed Shot,Driving Hook Shot,,Restricted Area,Center(C),Less Than 8 ft.,1,18,7,1,0,20200221,POR,NOP,|1628403|1629014|1629018|1629642|203468,0,REG,2020,1628404,SF,Wing Stopper,-0.57,SG,Secondary Ball Handler,-1.65
1629642,Nassir Little,21900834210,Shot Chart Detail,21900834,210,1610612757,Portland Trail Blazers,2,9,17,Missed Shot,Jump Shot,,Above the Break 3,Right Side Center(RC),24+ ft.,24,118,220,1,0,20200221,POR,NOP,|1629014|1629018|1629642|202355|2546,0,REG,2020,1628404,SF,Wing Stopper,-0.57,PF,Athletic Finisher,-0.96
202355,Hassan Whiteside,21900834216,Shot Chart Detail,21900834,216,1610612757,Portland Trail Blazers,2,8,58,Missed Shot,Layup Shot,,Restricted Area,Center(C),Less Than 8 ft.,0,3,8,1,0,20200221,POR,NOP,|1629014|1629018|1629642|202355|2546,0,REG,2020,1628404,SF,Wing Stopper,-0.57,C,Roll + Cut Big,0.97
1629014,Anfernee Simons,21900834251,Shot Chart Detail,21900834,251,1610612757,Portland Trail Blazers,2,6,42,Missed Shot,Step Back Jump shot,2PT Field Goal,Mid-Range,Left Side(L),8-16 ft.,15,-137,68,1,0,20200221,POR,NOP,|1629014|1629018|202355|2546|2772,0,REG,2020,1628404,SF,Wing Stopper,-0.57,SG,Secondary Ball Handler,-1.65
203468,CJ McCollum,21900834441,Shot Chart Detail,21900834,441,1610612757,Portland Trail Blazers,3,8,58,Missed Shot,Driving Layup Shot,,Restricted Area,Center(C),Less Than 8 ft.,1,-13,-10,1,0,20200221,POR,NOP,|1629018|202355|203468|2546|2772,0,REG,2020,1628404,SF,Wing Stopper,-0.57,SG,Shot Creator,1.51
203468,CJ McCollum,21900834491,Shot Chart Detail,21900834,491,1610612757,Portland Trail Blazers,3,5,11,Missed Shot,Jump Shot,,Above the Break 3,Center(C),24+ ft.,26,73,252,1,0,20200221,POR,NOP,|1629014|1629018|202355|203468|2546,0,REG,2020,1628404,SF,Wing Stopper,-0.57,SG,Shot Creator,1.51
2546,Carmelo Anthony,21900834498,Shot Chart Detail,21900834,498,1610612757,Portland Trail Blazers,3,4,29,Missed Shot,Turnaround Fadeaway shot,,In The Paint (Non-RA),Left Side(L),8-16 ft.,10,-75,79,1,0,20200221,POR,NOP,|1629014|1629018|202355|203468|2546,0,REG,2020,1628404,SF,Wing Stopper,-0.57,PF,Shot Creator,-0.47
1629642,Nassir Little,21900834518,Shot Chart Detail,21900834,518,1610612757,Portland Trail Blazers,3,3,3,Made Shot,Tip Layup Shot,,Restricted Area,Center(C),Less Than 8 ft.,0,0,-6,1,1,20200221,POR,NOP,|1629014|1629018|1629117|1629642|203468,0,REG,2020,1628404,SF,Wing Stopper,-0.57,PF,Athletic Finisher,-0.96
1629018,Gary Trent Jr.,21900834530,Shot Chart Detail,21900834,530,1610612757,Portland Trail Blazers,3,1,31,Missed Shot,Driving Layup Shot,,Restricted Area,Center(C),Less Than 8 ft.,1,17,10,1,0,20200221,POR,NOP,|1629014|1629018|1629117|1629642|203468,0,REG,2020,1628404,SF,Wing Stopper,-0.57,SF,Movement Shooter,0.73
1629014,Anfernee Simons,21900834660,Shot Chart Detail,21900834,660,1610612757,Portland Trail Blazers,4,4,14,Missed Shot,Running Layup Shot,2PT Field Goal,Restricted Area,Center(C),Less Than 8 ft.,1,-14,10,1,0,20200221,POR,NOP,|1629014|1629018|203468|2546|2772,0,REG,2020,1628404,SF,Wing Stopper,-0.57,SG,Secondary Ball Handler,-1.65
2772,Trevor Ariza,21900834670,Shot Chart Detail,21900834,670,1610612757,Portland Trail Blazers,4,3,51,Made Shot,Driving Finger Roll Layup Shot,,Restricted Area,Center(C),Less Than 8 ft.,2,24,8,1,1,20200221,POR,NOP,|1629014|1629018|202355|203468|2772,1,REG,2020,1628404,SF,Wing Stopper,-0.57,SF,Movement Shooter,-1.88
1629018,Gary Trent Jr.,21900834694,Shot Chart Detail,21900834,694,1610612757,Portland Trail Blazers,4,2,3,Made Shot,Step Back Jump shot,,Mid-Range,Left Side Center(LC),16-24 ft.,21,-133,173,1,1,20200221,POR,NOP,|1628403|1629014|1629018|1629117|1629642,0,REG,2020,1628404,SF,Wing Stopper,-0.57,SF,Movement Shooter,0.73
203952,Andrew Wiggins,21900847186,Shot Chart Detail,21900847,186,1610612744,Golden State Warriors,2,11,42,Missed Shot,Layup Shot,,In The Paint (Non-RA),Center(C),Less Than 8 ft.,4,5,43,1,0,20200223,GSW,NOP,|1627733|1629065|1629308|1629673|203952,0,REG,2020,1628404,SF,Wing Stopper,-0.57,SF,Primary Ball Handler,1.49
203952,Andrew Wiggins,21900847194,Shot Chart Detail,21900847,194,1610612744,Golden State Warriors,2,11,41,Made Shot,Tip Layup Shot,,Restricted Area,Center(C),Less Than 8 ft.,0,3,7,1,1,20200223,GSW,NOP,|1627733|1629065|1629308|1629673|203952,0,REG,2020,1628404,SF,Wing Stopper,-0.57,SF,Primary Ball Handler,1.49
203952,Andrew Wiggins,21900847206,Shot Chart Detail,21900847,206,1610612744,Golden State Warriors,2,9,59,Missed Shot,Tip Layup Shot,,Restricted Area,Center(C),Less Than 8 ft.,0,0,-6,1,0,20200223,GSW,NOP,|1627733|1629065|1629308|1629673|203952,0,REG,2020,1628404,SF,Wing Stopper,-0.57,SF,Primary Ball Handler,1.49
203952,Andrew Wiggins,21900847219,Shot Chart Detail,21900847,219,1610612744,Golden State Warriors,2,9,20,Missed Shot,Step Back Jump shot,,Mid-Range,Right Side Center(RC),16-24 ft.,18,86,163,1,0,20200223,GSW,NOP,|1629065|1629308|1629346|1629673|203952,0,REG,2020,1628404,SF,Wing Stopper,-0.57,SF,Primary Ball Handler,1.49
1629672,Eric Paschall,21900847229,Shot Chart Detail,21900847,229,1610612744,Golden State Warriors,2,8,51,Made Shot,Dunk Shot,,Restricted Area,Center(C),Less Than 8 ft.,3,-3,36,1,1,20200223,GSW,NOP,|1629065|1629308|1629346|1629672|203952,1,REG,2020,200755|1628404,,,,PF,Shot Creator,-0.8
203952,Andrew Wiggins,21900847232,Shot Chart Detail,21900847,232,1610612744,Golden State Warriors,2,8,22,Made Shot,Pullup Jump shot,,Above the Break 3,Center(C),24+ ft.,28,-87,270,1,1,20200223,GSW,NOP,|1629065|1629308|1629346|1629672|203952,1,REG,2020,1628404,SF,Wing Stopper,-0.57,SF,Primary Ball Handler,1.49
1629308,Juan Toscano-Anderson,21900847243,Shot Chart Detail,21900847,243,1610612744,Golden State Warriors,2,7,28,Missed Shot,Jump Shot,,Above the Break 3,Left Side Center(LC),24+ ft.,26,-187,186,1,0,20200223,GSW,NOP,|1629065|1629308|1629346|1629672|203952,0,REG,2020,1628404,SF,Wing Stopper,-0.57,SG,Athletic Finisher,-1.93
1629672,Eric Paschall,21900847267,Shot Chart Detail,21900847,267,1610612744,Golden State Warriors,2,6,2,Missed Shot,Dunk Shot,,Restricted Area,Center(C),Less Than 8 ft.,3,-7,39,1,0,20200223,GSW,NOP,|1627814|1629065|1629308|1629346|1629672,0,REG,2020,1629627|1628404,,,,PF,Shot Creator,-0.8
1629672,Eric Paschall,21900847464,Shot Chart Detail,21900847,464,1610612744,Golden State Warriors,3,2,35,Made Shot,Putback Dunk Shot,,Restricted Area,Center(C),Less Than 8 ft.,0,0,-6,1,1,20200223,GSW,NOP,|1627733|1629065|1629308|1629672|1629673,0,REG,2020,1628404,SF,Wing Stopper,-0.57,PF,Shot Creator,-0.8
1629673,Jordan Poole,21900847553,Shot Chart Detail,21900847,553,1610612744,Golden State Warriors,4,7,20,Made Shot,Driving Layup Shot,,In The Paint (Non-RA),Center(C),Less Than 8 ft.,4,3,41,1,1,20200223,GSW,NOP,|1627814|1629065|1629308|1629672|1629673,0,REG,2020,1628404,SF,Wing Stopper,-0.57,SG,Off Screen Shooter,-2.38
203952,Andrew Wiggins,21900847616,Shot Chart Detail,21900847,616,1610612744,Golden State Warriors,4,3,11,Missed Shot,Jump Shot,,Above the Break 3,Right Side Center(RC),24+ ft.,26,126,230,1,0,20200223,GSW,NOP,|1626172|1629065|1629672|1629673|203952,0,REG,2020,1628404,SF,Wing Stopper,-0.57,SF,Primary Ball Handler,1.49
1629308,Juan Toscano-Anderson,21900847646,Shot Chart Detail,21900847,646,1610612744,Golden State Warriors,4,0,58,Missed Shot,Jump Shot,,Right Corner 3,Right Side(R),24+ ft.,23,228,45,1,0,20200223,GSW,NOP,|1626172|1627814|1629065|1629308|1629672,0,REG,2020,1628404,SF,Wing Stopper,-0.57,SG,Athletic Finisher,-1.93
203076,Anthony Davis,21900861140,Shot Chart Detail,21900861,140,1610612747,Los Angeles Lakers,1,2,58,Made Shot,Tip Layup Shot,,Restricted Area,Center(C),Less Than 8 ft.,0,0,-6,1,1,20200225,LAL,NOP,|1628398|200765|202693|203076|203484,0,REG,2020,1628404|1628366|1629740,,,,PF,Shot Creator,3.34
1628398,Kyle Kuzma,21900861143,Shot Chart Detail,21900861,143,1610612747,Los Angeles Lakers,1,2,38,Missed Shot,Driving Hook Shot,2PT Field Goal,Restricted Area,Center(C),Less Than 8 ft.,3,17,35,1,0,20200225,LAL,NOP,|1628398|200765|202693|203076|203484,0,REG,2020,1628404,SF,Wing Stopper,-0.57,PF,Shot Creator,-0.14
203076,Anthony Davis,21900861155,Shot Chart Detail,21900861,155,1610612747,Los Angeles Lakers,1,1,16,Made Shot,Running Reverse Layup Shot,,Restricted Area,Center(C),Less Than 8 ft.,0,-2,3,1,1,20200225,LAL,NOP,|1628398|200765|202693|203076|203484,0,REG,2020,1628404,SF,Wing Stopper,-0.57,PF,Shot Creator,3.34
2730,Dwight Howard,21900861191,Shot Chart Detail,21900861,191,1610612747,Los Angeles Lakers,2,10,49,Made Shot,Putback Layup Shot,,Restricted Area,Center(C),Less Than 8 ft.,1,-6,17,1,1,20200225,LAL,NOP,|1628398|200765|203484|2544|2730,0,REG,2020,200755|1628404|201950,,,,C,Roll + Cut Big,0.1
2544,LeBron James,21900861233,Shot Chart Detail,21900861,233,1610612747,Los Angeles Lakers,2,7,38,Made Shot,Cutting Dunk Shot,,Restricted Area,Center(C),Less Than 8 ft.,1,-5,15,1,1,20200225,LAL,NOP,|1627936|201980|203484|2544|2730,1,REG,2020,202734|1628404,,,,PG,Shot Creator,5.21
203076,Anthony Davis,21900861298,Shot Chart Detail,21900861,298,1610612747,Los Angeles Lakers,2,4,47,Made Shot,Dunk Shot,,Restricted Area,Center(C),Less Than 8 ft.,1,-3,13,1,1,20200225,LAL,NOP,|1627936|201980|203076|203484|2730,1,REG,2020,1628404,SF,Wing Stopper,-0.57,PF,Shot Creator,3.34
203076,Anthony Davis,21900861301,Shot Chart Detail,21900861,301,1610612747,Los Angeles Lakers,2,4,22,Made Shot,Layup Shot,,Restricted Area,Center(C),Less Than 8 ft.,3,1,36,1,1,20200225,LAL,NOP,|1627936|201980|203076|203484|2730,1,REG,2020,1628404|1628366,,,,PF,Shot Creator,3.34
2544,LeBron James,21900861381,Shot Chart Detail,21900861,381,1610612747,Los Angeles Lakers,2,0,0,Missed Shot,Fadeaway Jump Shot,,Above the Break 3,Left Side Center(LC),24+ ft.,25,-218,126,1,0,20200225,LAL,NOP,|201980|202340|202693|203076|2544,0,REG,2020,1628404,SF,Wing Stopper,-0.57,PG,Shot Creator,5.21
2544,LeBron James,21900861561,Shot Chart Detail,21900861,561,1610612747,Los Angeles Lakers,4,11,15,Made Shot,Driving Dunk Shot,,Restricted Area,Center(C),Less Than 8 ft.,1,-7,15,1,1,20200225,LAL,NOP,|1627936|202693|203484|2544|2730,0,REG,2020,1628404,SF,Wing Stopper,-0.57,PG,Shot Creator,5.21
2544,LeBron James,21900861574,Shot Chart Detail,21900861,574,1610612747,Los Angeles Lakers,4,10,12,Missed Shot,Jump Shot,,Above the Break 3,Left Side Center(LC),24+ ft.,29,-128,269,1,0,20200225,LAL,NOP,|1627936|202693|203484|2544|2730,0,REG,2020,1628404,SF,Wing Stopper,-0.57,PG,Shot Creator,5.21
2544,LeBron James,21900861598,Shot Chart Detail,21900861,598,1610612747,Los Angeles Lakers,4,8,30,Made Shot,Driving Layup Shot,,Restricted Area,Center(C),Less Than 8 ft.,2,6,22,1,1,20200225,LAL,NOP,|1627936|202693|203484|2544|2730,0,REG,2020,1628404,SF,Wing Stopper,-0.57,PG,Shot Creator,5.21
203076,Anthony Davis,21900861649,Shot Chart Detail,21900861,649,1610612747,Los Angeles Lakers,4,6,0,Missed Shot,Jump Shot,,Above the Break 3,Right Side Center(RC),24+ ft.,27,155,225,1,0,20200225,LAL,NOP,|1627936|201980|202340|203076|2730,0,REG,2020,1628404,SF,Wing Stopper,-0.57,PF,Shot Creator,3.34
1627936,Alex Caruso,21900861653,Shot Chart Detail,21900861,653,1610612747,Los Angeles Lakers,4,5,31,Missed Shot,Driving Layup Shot,2PT Field Goal,Restricted Area,Center(C),Less Than 8 ft.,3,6,36,1,0,20200225,LAL,NOP,|1627936|201980|202340|203076|2730,0,REG,2020,1628404,SF,Wing Stopper,-0.57,PG,Secondary Ball Handler,-0.95
1629012,Collin Sexton,21900883143,Shot Chart Detail,21900883,143,1610612739,Cleveland Cavaliers,1,0,51,Made Shot,Cutting Layup Shot,,Restricted Area,Center(C),Less Than 8 ft.,0,-9,0,1,1,20200228,NOP,CLE,|1626204|1627790|1629012|1629645|203521,1,REG,2020,1628404,SF,Wing Stopper,-0.57,PG,Slasher,0.28
202684,Tristan Thompson,21900883415,Shot Chart Detail,21900883,415,1610612739,Cleveland Cavaliers,3,4,20,Made Shot,Dunk Shot,,Restricted Area,Center(C),Less Than 8 ft.,0,0,5,1,1,20200228,NOP,CLE,|1626204|1629636|1629645|201567|202684,1,REG,2020,1628404|201950,,,,C,Roll + Cut Big,-0.98
1629012,Collin Sexton,21900883438,Shot Chart Detail,21900883,438,1610612739,Cleveland Cavaliers,3,3,15,Made Shot,Jump Shot,,Above the Break 3,Left Side Center(LC),24+ ft.,28,-170,225,1,1,20200228,NOP,CLE,|1626204|1626224|1629012|1629645|203521,0,REG,2020,1628404,SF,Wing Stopper,-0.57,PG,Slasher,0.28
1629645,Kevin Porter Jr.,21900883472,Shot Chart Detail,21900883,472,1610612739,Cleveland Cavaliers,3,0,54,Made Shot,Cutting Dunk Shot,,Restricted Area,Center(C),Less Than 8 ft.,0,4,4,1,1,20200228,NOP,CLE,|1626204|1626224|1629012|1629645|203521,1,REG,2020,1628404,SF,Wing Stopper,-0.57,SF,Shot Creator,-1.82
1629645,Kevin Porter Jr.,21900883619,Shot Chart Detail,21900883,619,1610612739,Cleveland Cavaliers,4,1,35,Made Shot,Jump Shot,,Above the Break 3,Right Side Center(RC),24+ ft.,25,92,239,1,1,20200228,NOP,CLE,|1626224|1627790|1629636|1629645|203521,1,REG,2020,1628404,SF,Wing Stopper,-0.57,SF,Shot Creator,-1.82
202693,Markieff Morris,21900900101,Shot Chart Detail,21900900,101,1610612747,Los Angeles Lakers,1,4,45,Made Shot,Jump Shot,,Above the Break 3,Left Side Center(LC),24+ ft.,25,-223,131,1,1,20200301,NOP,LAL,|202340|202693|203484|2544|2730,1,REG,2020,1628404,SF,Wing Stopper,-0.57,PF,Versatile Big,-1.61
2544,LeBron James,21900900108,Shot Chart Detail,21900900,108,1610612747,Los Angeles Lakers,1,4,5,Made Shot,Layup Shot,,Restricted Area,Center(C),Less Than 8 ft.,2,-19,17,1,1,20200301,NOP,LAL,|202340|202693|203484|2544|2730,0,REG,2020,1628404|1628366,,,,PG,Shot Creator,5.21
2730,Dwight Howard,21900900114,Shot Chart Detail,21900900,114,1610612747,Los Angeles Lakers,1,3,41,Missed Shot,Alley Oop Dunk Shot,,Restricted Area,Center(C),Less Than 8 ft.,0,-4,-5,1,0,20200301,NOP,LAL,|202340|202693|203484|2544|2730,0,REG,2020,1628404,SF,Wing Stopper,-0.57,C,Roll + Cut Big,0.1
203484,Kentavious Caldwell-Pope,21900900132,Shot Chart Detail,21900900,132,1610612747,Los Angeles Lakers,1,2,39,Missed Shot,Driving Layup Shot,,Restricted Area,Center(C),Less Than 8 ft.,1,-18,8,1,0,20200301,NOP,LAL,|200765|202340|202693|203484|2730,0,REG,2020,1628404,SF,Wing Stopper,-0.57,SG,Movement Shooter,0.37
200765,Rajon Rondo,21900900158,Shot Chart Detail,21900900,158,1610612747,Los Angeles Lakers,1,0,33,Made Shot,Pullup Jump shot,,Mid-Range,Right Side Center(RC),16-24 ft.,17,115,136,1,1,20200301,NOP,LAL,|1626188|1628398|200765|203484|2730,0,REG,2020,1628404,SF,Wing Stopper,-0.57,PG,Primary Ball Handler,0.05
1626188,Quinn Cook,21900900223,Shot Chart Detail,21900900,223,1610612747,Los Angeles Lakers,2,7,31,Made Shot,Jump Shot,3PT Field Goal,Above the Break 3,Left Side Center(LC),24+ ft.,24,-194,150,1,1,20200301,NOP,LAL,|1626188|1628398|203484|2544|2730,1,REG,2020,1628404,SF,Wing Stopper,-0.57,PG,Secondary Ball Handler,-0.73
2544,LeBron James,21900900227,Shot Chart Detail,21900900,227,1610612747,Los Angeles Lakers,2,6,52,Made Shot,Layup Shot,,Restricted Area,Center(C),Less Than 8 ft.,1,-19,5,1,1,20200301,NOP,LAL,|1626188|1628398|203484|2544|2730,1,REG,2020,1628404,SF,Wing Stopper,-0.57,PG,Shot Creator,5.21
2544,LeBron James,21900900466,Shot Chart Detail,21900900,466,1610612747,Los Angeles Lakers,3,3,35,Missed Shot,Pullup Jump shot,,Above the Break 3,Center(C),24+ ft.,25,-6,258,1,0,20200301,NOP,LAL,|202340|202693|203484|2544|2730,0,REG,2020,202324|1628404,,,,PG,Shot Creator,5.21
202693,Markieff Morris,21900900479,Shot Chart Detail,21900900,479,1610612747,Los Angeles Lakers,3,2,35,Missed Shot,Turnaround Jump Shot,,Mid-Range,Left Side(L),8-16 ft.,8,-83,0,1,0,20200301,NOP,LAL,|200765|202340|202693|203484|2730,0,REG,2020,1628404,SF,Wing Stopper,-0.57,PF,Versatile Big,-1.61
1626188,Quinn Cook,21900900487,Shot Chart Detail,21900900,487,1610612747,Los Angeles Lakers,3,1,32,Missed Shot,Jump Shot,3PT Field Goal,Above the Break 3,Center(C),24+ ft.,26,63,256,1,0,20200301,NOP,LAL,|1626188|200765|202693|203484|2730,0,REG,2020,1628404,SF,Wing Stopper,-0.57,PG,Secondary Ball Handler,-0.73
1626188,Quinn Cook,21900900491,Shot Chart Detail,21900900,491,1610612747,Los Angeles Lakers,3,0,57,Missed Shot,Turnaround Jump Shot,2PT Field Goal,In The Paint (Non-RA),Center(C),Less Than 8 ft.,7,-1,70,1,0,20200301,NOP,LAL,|1626188|200765|202693|203484|2730,0,REG,2020,1628404|1628366,,,,PG,Secondary Ball Handler,-0.73
2544,LeBron James,21900900527,Shot Chart Detail,21900900,527,1610612747,Los Angeles Lakers,4,11,41,Made Shot,Turnaround Fadeaway shot,,Mid-Range,Right Side(R),8-16 ft.,15,100,116,1,1,20200301,NOP,LAL,|200765|202693|203484|2544|2730,0,REG,2020,1628404,SF,Wing Stopper,-0.57,PG,Shot Creator,5.21
2544,LeBron James,21900900532,Shot Chart Detail,21900900,532,1610612747,Los Angeles Lakers,4,11,9,Missed Shot,Jump Shot,,Mid-Range,Left Side(L),8-16 ft.,12,-126,22,1,0,20200301,NOP,LAL,|200765|202693|203484|2544|2730,0,REG,2020,1628404,SF,Wing Stopper,-0.57,PG,Shot Creator,5.21
2544,LeBron James,21900900547,Shot Chart Detail,21900900,547,1610612747,Los Angeles Lakers,4,10,2,Missed Shot,Jump Shot,,Above the Break 3,Left Side Center(LC),24+ ft.,25,-128,216,1,0,20200301,NOP,LAL,|1628398|200765|203484|2544|2730,0,REG,2020,1628404,SF,Wing Stopper,-0.57,PG,Shot Creator,5.21
2544,LeBron James,21900900559,Shot Chart Detail,21900900,559,1610612747,Los Angeles Lakers,4,8,57,Made Shot,Driving Dunk Shot,,Restricted Area,Center(C),Less Than 8 ft.,1,2,15,1,1,20200301,NOP,LAL,|1626188|1628398|203484|2544|2730,0,REG,2020,1628404,SF,Wing Stopper,-0.57,PG,Shot Creator,5.21
2544,LeBron James,21900900564,Shot Chart Detail,21900900,564,1610612747,Los Angeles Lakers,4,8,31,Made Shot,Driving Layup Shot,,Restricted Area,Center(C),Less Than 8 ft.,1,15,4,1,1,20200301,NOP,LAL,|1626188|1628398|203484|2544|2730,0,REG,2020,1628404,SF,Wing Stopper,-0.57,PG,Shot Creator,5.21
1628398,Kyle Kuzma,21900900632,Shot Chart Detail,21900900,632,1610612747,Los Angeles Lakers,4,3,40,Made Shot,Jump Shot,3PT Field Goal,Right Corner 3,Right Side(R),24+ ft.,23,230,10,1,1,20200301,NOP,LAL,|1628398|201580|201980|203484|2544,1,REG,2020,1628404,SF,Wing Stopper,-0.57,PF,Shot Creator,-0.14
201949,James Johnson,21900911154,Shot Chart Detail,21900911,154,1610612750,Minnesota Timberwolves,1,1,18,Missed Shot,Jump Shot,,Above the Break 3,Center(C),24+ ft.,25,68,247,1,0,20200303,NOP,MIN,|1627774|1629103|1629162|1629633|201949,0,REG,2020,1628404,SF,Wing Stopper,-0.57,PF-C,Athletic Finisher,-0.89
1629103,Kelan Martin,21900911205,Shot Chart Detail,21900911,205,1610612750,Minnesota Timberwolves,2,10,0,Missed Shot,Jump Shot,,Left Corner 3,Left Side(L),24+ ft.,23,-233,1,1,0,20200303,NOP,MIN,|1626156|1627774|1629103|1629633|1629675,0,REG,2020,1628404,SF,Wing Stopper,-0.57,SF,Movement Shooter,-1.35
1627736,Malik Beasley,21900911290,Shot Chart Detail,21900911,290,1610612750,Minnesota Timberwolves,2,5,40,Made Shot,Running Layup Shot,2PT Field Goal,Restricted Area,Center(C),Less Than 8 ft.,1,12,-6,1,1,20200303,NOP,MIN,|1627736|1627823|1629006|1629162|1629675,1,REG,2020,1628404,SF,Wing Stopper,-0.57,SG,Movement Shooter,-0.31
1627823,Juancho Hernangomez,21900911477,Shot Chart Detail,21900911,477,1610612750,Minnesota Timberwolves,3,4,54,Missed Shot,Tip Layup Shot,,Restricted Area,Center(C),Less Than 8 ft.,0,0,-6,1,0,20200303,NOP,MIN,|1626156|1627823|1629006|1629162|201949,0,REG,2020,1628404|201950,,,,PF,Athletic Finisher,-0.66
201949,James Johnson,21900911543,Shot Chart Detail,21900911,543,1610612750,Minnesota Timberwolves,3,0,27,Made Shot,Driving Layup Shot,,Restricted Area,Center(C),Less Than 8 ft.,1,11,8,1,1,20200303,NOP,MIN,|1627736|1627774|1629162|1629633|201949,0,REG,2020,1628404,SF,Wing Stopper,-0.57,PF-C,Athletic Finisher,-0.89
1629633,Jarrett Culver,21900911565,Shot Chart Detail,21900911,565,1610612750,Minnesota Timberwolves,4,10,34,Made Shot,Driving Layup Shot,,Restricted Area,Center(C),Less Than 8 ft.,1,-18,1,1,1,20200303,NOP,MIN,|1627736|1627774|1629162|1629633|1629675,0,REG,2020,1628404|202734,,,,SG,Athletic Finisher,-1.07
1626156,D'Angelo Russell,21900911600,Shot Chart Detail,21900911,600,1610612750,Minnesota Timberwolves,4,7,51,Missed Shot,Pullup Jump shot,2PT Field Goal,Mid-Range,Left Side(L),8-16 ft.,12,-120,48,1,0,20200303,NOP,MIN,|1626156|1627736|1627823|1629633|1629675,0,REG,2020,1628404,SF,Wing Stopper,-0.57,PG,Shot Creator,1.25
1626156,D'Angelo Russell,21900911615,Shot Chart Detail,21900911,615,1610612750,Minnesota Timberwolves,4,6,55,Missed Shot,Driving Floating Jump Shot,2PT Field Goal,Restricted Area,Center(C),Less Than 8 ft.,2,26,6,1,0,20200303,NOP,MIN,|1626156|1627736|1627823|1629633|1629675,0,REG,2020,1628404,SF,Wing Stopper,-0.57,PG,Shot Creator,1.25
1629675,Naz Reid,21900911617,Shot Chart Detail,21900911,617,1610612750,Minnesota Timberwolves,4,6,52,Made Shot,Hook Shot,,Restricted Area,Center(C),Less Than 8 ft.,2,-20,10,1,1,20200303,NOP,MIN,|1626156|1627736|1627823|1629633|1629675,0,REG,2020,1628404|201950,,,,C,Stretch Big,-0.42
1629006,Josh Okogie,21900911699,Shot Chart Detail,21900911,699,1610612750,Minnesota Timberwolves,4,0,36,Missed Shot,Tip Layup Shot,,Restricted Area,Center(C),Less Than 8 ft.,2,-2,21,1,0,20200303,NOP,MIN,|1626156|1627736|1627823|1629006|201949,0,REG,2020,1628404|1628366,,,,SG,Athletic Finisher,-1.83
203552,Seth Curry,21900923117,Shot Chart Detail,21900923,117,1610612742,Dallas Mavericks,1,3,9,Missed Shot,Pullup Jump shot,,Mid-Range,Right Side(R),8-16 ft.,13,105,91,1,0,20200304,DAL,NOP,|1626161|1627827|1629029|203077|203552,0,REG,2020,1628404,SF,Wing Stopper,-0.57,SG,Secondary Ball Handler,0.91
203552,Seth Curry,21900923121,Shot Chart Detail,21900923,121,1610612742,Dallas Mavericks,1,2,48,Made Shot,Jump Shot,,Above the Break 3,Right Side Center(RC),24+ ft.,24,221,112,1,1,20200304,DAL,NOP,|1626161|1627827|1629029|203077|203552,1,REG,2020,1628404,SF,Wing Stopper,-0.57,SG,Secondary Ball Handler,0.91
203552,Seth Curry,21900923202,Shot Chart Detail,21900923,202,1610612742,Dallas Mavericks,2,8,54,Made Shot,Step Back Jump shot,,Above the Break 3,Center(C),24+ ft.,25,-5,259,1,1,20200304,DAL,NOP,|1626153|1628467|203501|203552|204001,0,REG,2020,1628404,SF,Wing Stopper,-0.57,SG,Secondary Ball Handler,0.91
1626153,Delon Wright,21900923209,Shot Chart Detail,21900923,209,1610612742,Dallas Mavericks,2,8,3,Missed Shot,Driving Floating Jump Shot,2PT Field Goal,In The Paint (Non-RA),Center(C),Less Than 8 ft.,4,-32,29,1,0,20200304,DAL,NOP,|1626153|1628467|203501|203552|204001,0,REG,2020,1628404,SF,Wing Stopper,-0.57,PG,Primary Ball Handler,-0.09
203501,Tim Hardaway Jr.,21900923490,Shot Chart Detail,21900923,490,1610612742,Dallas Mavericks,3,0,10,Missed Shot,Jump Shot,,Above the Break 3,Center(C),24+ ft.,29,22,293,1,0,20200304,DAL,NOP,|1626153|1626161|1629029|201584|203501,0,REG,2020,1628404,SF,Wing Stopper,-0.57,SG,Movement Shooter,1.39
203109,Jae Crowder,21900936197,Shot Chart Detail,21900936,197,1610612748,Miami Heat,2,11,17,Made Shot,Pullup Jump shot,,Mid-Range,Right Side Center(RC),16-24 ft.,19,130,143,1,1,20200306,NOP,MIA,|1629130|201609|203109|203482|2738,1,REG,2020,1628404|1629627,,,,SF-PF,Movement Shooter,0.14
202710,Jimmy Butler,21900936492,Shot Chart Detail,21900936,492,1610612748,Miami Heat,3,4,24,Missed Shot,Driving Layup Shot,,In The Paint (Non-RA),Center(C),Less Than 8 ft.,5,-13,54,1,0,20200306,NOP,MIA,|1628389|1629130|201609|202710|2738,0,REG,2020,1628404,SF,Wing Stopper,-0.57,SF,Shot Creator,3.97
2738,Andre Iguodala,21900936525,Shot Chart Detail,21900936,525,1610612748,Miami Heat,3,2,29,Made Shot,Cutting Layup Shot,,Restricted Area,Center(C),Less Than 8 ft.,1,15,6,1,1,20200306,NOP,MIA,|1628389|1629130|201609|202710|2738,1,REG,2020,1628404,SF,Wing Stopper,-0.57,SF,Athletic Finisher,-1.59
202710,Jimmy Butler,21900936554,Shot Chart Detail,21900936,554,1610612748,Miami Heat,3,0,45,Missed Shot,Layup Shot,,Restricted Area,Center(C),Less Than 8 ft.,0,5,-5,1,0,20200306,NOP,MIA,|201609|202710|203482|203524|2738,0,REG,2020,1628404,SF,Wing Stopper,-0.57,SF,Shot Creator,3.97
202710,Jimmy Butler,21900936558,Shot Chart Detail,21900936,558,1610612748,Miami Heat,3,0,11,Missed Shot,Driving Layup Shot,,Restricted Area,Center(C),Less Than 8 ft.,1,15,4,1,0,20200306,NOP,MIA,|201609|202710|203482|203524|2738,0,REG,2020,1628404,SF,Wing Stopper,-0.57,SF,Shot Creator,3.97
1628389,Bam Adebayo,21900936586,Shot Chart Detail,21900936,586,1610612748,Miami Heat,4,10,57,Made Shot,Cutting Dunk Shot,2PT Field Goal,Restricted Area,Center(C),Less Than 8 ft.,0,-1,8,1,1,20200306,NOP,MIA,|1628389|1629130|201609|203524|2738,1,REG,2020,1628404|201950,,,,PF,Shot Creator,0.58
2738,Andre Iguodala,21900936661,Shot Chart Detail,21900936,661,1610612748,Miami Heat,4,5,3,Made Shot,Jump Shot,,Mid-Range,Center(C),16-24 ft.,17,51,163,1,1,20200306,NOP,MIA,|1628389|1629130|202710|203524|2738,1,REG,2020,1628404|201950,,,,SF,Athletic Finisher,-1.59
202710,Jimmy Butler,21900936760,Shot Chart Detail,21900936,760,1610612748,Miami Heat,4,0,1,Made Shot,Cutting Dunk Shot,,Restricted Area,Center(C),Less Than 8 ft.,0,2,8,1,1,20200306,NOP,MIA,|1629130|201609|202710|203524|2738,1,REG,2020,1628404,SF,Wing Stopper,-0.57,SF,Shot Creator,3.97
1627774,Jake Layman,21900947182,Shot Chart Detail,21900947,182,1610612750,Minnesota Timberwolves,1,0,27,Made Shot,Putback Layup Shot,,Restricted Area,Center(C),Less Than 8 ft.,1,9,10,1,1,20200308,MIN,NOP,|1626156|1627774|1629162|1629633|201949,0,REG,2020,1627742|1628404,,,,SF,Off Screen Shooter,-1.81
1627736,Malik Beasley,21900947292,Shot Chart Detail,21900947,292,1610612750,Minnesota Timberwolves,2,6,30,Made Shot,Jump Shot,3PT Field Goal,Above the Break 3,Left Side Center(LC),24+ ft.,24,-182,166,1,1,20200308,MIN,NOP,|1627736|1627823|1629006|1629162|201949,1,REG,2020,1628404,SF,Wing Stopper,-0.57,SG,Movement Shooter,-0.31
1627736,Malik Beasley,21900947363,Shot Chart Detail,21900947,363,1610612750,Minnesota Timberwolves,2,1,23,Missed Shot,Turnaround Jump Shot,,In The Paint (Non-RA),Center(C),8-16 ft.,11,5,114,1,0,20200308,MIN,NOP,|1626156|1627736|1627774|1629006|201949,0,REG,2020,1628404,SF,Wing Stopper,-0.57,SG,Movement Shooter,-0.31
1629006,Josh Okogie,21900947369,Shot Chart Detail,21900947,369,1610612750,Minnesota Timberwolves,2,0,59,Made Shot,Reverse Layup Shot,,Restricted Area,Center(C),Less Than 8 ft.,1,3,15,1,1,20200308,MIN,NOP,|1626156|1627736|1627774|1629006|201949,1,REG,2020,1628404,SF,Wing Stopper,-0.57,SG,Athletic Finisher,-1.83
1626156,D'Angelo Russell,21900947577,Shot Chart Detail,21900947,577,1610612750,Minnesota Timberwolves,4,11,23,Missed Shot,Pullup Jump shot,3PT Field Goal,Above the Break 3,Center(C),24+ ft.,25,46,252,1,0,20200308,MIN,NOP,|1626156|1627774|1629633|1629669|1629675,0,REG,2020,1628404,SF,Wing Stopper,-0.57,PG,Shot Creator,1.25
1629633,Jarrett Culver,21900947591,Shot Chart Detail,21900947,591,1610612750,Minnesota Timberwolves,4,10,33,Made Shot,Running Layup Shot,,Restricted Area,Center(C),Less Than 8 ft.,0,6,6,1,1,20200308,MIN,NOP,|1626156|1627774|1629633|1629669|1629675,1,REG,2020,1628404,SF,Wing Stopper,-0.57,SG,Athletic Finisher,-1.07
201144,Mike Conley,21901231196,Shot Chart Detail,21901231,196,1610612762,Utah Jazz,2,11,3,Missed Shot,Jump Shot,,Above the Break 3,Center(C),24+ ft.,24,76,238,1,0,20200730,NOP,UTA,|1627777|1628396|201144|203903|204060,0,REG,2020,1628404,SF,Wing Stopper,-0.57,PG,Primary Ball Handler,0.79
203903,Jordan Clarkson,21901231216,Shot Chart Detail,21901231,216,1610612762,Utah Jazz,2,9,9,Missed Shot,Jump Shot,,Right Corner 3,Right Side(R),24+ ft.,22,228,12,1,0,20200730,NOP,UTA,|1627777|1628396|201144|203903|204060,0,REG,2020,1628404,SF,Wing Stopper,-0.57,SG,Secondary Ball Handler,1.38
203903,Jordan Clarkson,21901231225,Shot Chart Detail,21901231,225,1610612762,Utah Jazz,2,8,23,Made Shot,Driving Layup Shot,,Restricted Area,Center(C),Less Than 8 ft.,3,-29,10,1,1,20200730,NOP,UTA,|1627777|1628396|201144|203903|204060,0,REG,2020,1628404,SF,Wing Stopper,-0.57,SG,Secondary Ball Handler,1.38
1628378,Donovan Mitchell,21901231241,Shot Chart Detail,21901231,241,1610612762,Utah Jazz,2,8,1,Missed Shot,Jump Shot,,Above the Break 3,Right Side Center(RC),24+ ft.,25,161,193,1,0,20200730,NOP,UTA,|1626144|1626220|1628378|203497|203903,0,REG,2020,1628404,SF,Wing Stopper,-0.57,SG,Primary Ball Handler,1.3
203903,Jordan Clarkson,21901231317,Shot Chart Detail,21901231,317,1610612762,Utah Jazz,2,2,34,Missed Shot,Jump Shot,,Right Corner 3,Right Side(R),24+ ft.,22,227,-19,1,0,20200730,NOP,UTA,|1626220|1628378|201144|203497|203903,0,REG,2020,1628404,SF,Wing Stopper,-0.57,SG,Secondary Ball Handler,1.38
203903,Jordan Clarkson,21901231506,Shot Chart Detail,21901231,506,1610612762,Utah Jazz,3,2,38,Made Shot,Driving Reverse Layup Shot,,Restricted Area,Center(C),Less Than 8 ft.,2,27,6,1,1,20200730,NOP,UTA,|1626144|1627777|1628378|1628396|203903,0,REG,2020,1628404,SF,Wing Stopper,-0.57,SG,Secondary Ball Handler,1.38
1627777,Georges Niang,21901231514,Shot Chart Detail,21901231,514,1610612762,Utah Jazz,3,2,7,Missed Shot,Jump Shot,,Above the Break 3,Center(C),24+ ft.,25,18,250,1,0,20200730,NOP,UTA,|1626144|1627777|1628396|203903|204060,0,REG,2020,1628404,SF,Wing Stopper,-0.57,PF,Movement Shooter,0.01
203903,Jordan Clarkson,21901231518,Shot Chart Detail,21901231,518,1610612762,Utah Jazz,3,1,50,Made Shot,Driving Layup Shot,,Restricted Area,Center(C),Less Than 8 ft.,1,19,4,1,1,20200730,NOP,UTA,|1626144|1627777|1628396|203903|204060,0,REG,2020,1628404,SF,Wing Stopper,-0.57,SG,Secondary Ball Handler,1.38
1627777,Georges Niang,21901231528,Shot Chart Detail,21901231,528,1610612762,Utah Jazz,3,1,29,Missed Shot,Jump Shot,3PT Field Goal,Right Corner 3,Right Side(R),24+ ft.,24,240,-4,1,0,20200730,NOP,UTA,|1627777|1628396|201144|203903|204060,0,REG,2020,1628404,SF,Wing Stopper,-0.57,PF,Movement Shooter,0.01
203903,Jordan Clarkson,21901231534,Shot Chart Detail,21901231,534,1610612762,Utah Jazz,3,1,2,Missed Shot,Pullup Jump shot,,Above the Break 3,Center(C),24+ ft.,25,17,252,1,0,20200730,NOP,UTA,|1627777|1628396|201144|203903|204060,0,REG,2020,1628404,SF,Wing Stopper,-0.57,SG,Secondary Ball Handler,1.38
201144,Mike Conley,21901231545,Shot Chart Detail,21901231,545,1610612762,Utah Jazz,3,0,14,Made Shot,Layup Shot,,In The Paint (Non-RA),Center(C),Less Than 8 ft.,4,-8,48,1,1,20200730,NOP,UTA,|1627777|1628396|201144|203903|204060,0,REG,2020,1628404,SF,Wing Stopper,-0.57,PG,Primary Ball Handler,0.79
203903,Jordan Clarkson,21901231570,Shot Chart Detail,21901231,570,1610612762,Utah Jazz,4,10,6,Made Shot,Driving Layup Shot,,Restricted Area,Center(C),Less Than 8 ft.,1,-14,-2,1,1,20200730,NOP,UTA,|1627777|1628396|201144|203903|204060,1,REG,2020,1628404,SF,Wing Stopper,-0.57,SG,Secondary Ball Handler,1.38
202694,Marcus Morris Sr.,2190124173,Shot Chart Detail,21901241,73,1610612746,LA Clippers,1,5,41,Missed Shot,Turnaround Jump Shot,,Mid-Range,Left Side Center(LC),16-24 ft.,17,-85,148,1,0,20200801,LAC,NOP,|1627826|202331|202694|202695|202704,0,REG,2020,1628404,SF,Wing Stopper,-0.57,SF-PF,Shot Creator,0.22
202695,Kawhi Leonard,21901241140,Shot Chart Detail,21901241,140,1610612746,LA Clippers,1,0,37,Missed Shot,Jump Shot,,Above the Break 3,Center(C),24+ ft.,28,3,282,1,0,20200801,LAC,NOP,|1629013|202335|202695|202704|203210,0,REG,2020,1628404,SF,Wing Stopper,-0.57,SF,Shot Creator,5.0
202335,Patrick Patterson,21901241166,Shot Chart Detail,21901241,166,1610612746,LA Clippers,2,11,4,Missed Shot,Jump Shot,,Above the Break 3,Left Side Center(LC),24+ ft.,24,-174,167,1,0,20200801,LAC,NOP,|1629013|202335|202695|202704|203210,0,REG,2020,1628404,SF,Wing Stopper,-0.57,PF,Athletic Finisher,-1.09
202331,Paul George,21901241413,Shot Chart Detail,21901241,413,1610612746,LA Clippers,3,6,22,Missed Shot,Layup Shot,,Restricted Area,Center(C),Less Than 8 ft.,3,22,25,1,0,20200801,LAC,NOP,|1627826|201976|202331|202694|202695,0,REG,2020,1628404,SF,Wing Stopper,-0.57,SF,Shot Creator,2.23
202331,Paul George,21901241417,Shot Chart Detail,21901241,417,1610612746,LA Clippers,3,5,59,Made Shot,Step Back Jump shot,,Above the Break 3,Center(C),24+ ft.,26,-57,254,1,1,20200801,LAC,NOP,|1627826|201976|202331|202694|202695,0,REG,2020,1628404,SF,Wing Stopper,-0.57,SF,Shot Creator,2.23
202695,Kawhi Leonard,21901241453,Shot Chart Detail,21901241,453,1610612746,LA Clippers,3,3,33,Missed Shot,Pullup Jump shot,,Above the Break 3,Right Side Center(RC),24+ ft.,25,141,211,1,0,20200801,LAC,NOP,|1627826|1629013|202694|202695|202704,0,REG,2020,1628404,SF,Wing Stopper,-0.57,SF,Shot Creator,5.0
202694,Marcus Morris Sr.,21901241457,Shot Chart Detail,21901241,457,1610612746,LA Clippers,3,3,9,Missed Shot,Layup Shot,,Restricted Area,Center(C),Less Than 8 ft.,2,8,20,1,0,20200801,LAC,NOP,|1627826|1629013|202694|202695|202704,0,REG,2020,200755|1628404,,,,SF-PF,Shot Creator,0.22
202695,Kawhi Leonard,21901241483,Shot Chart Detail,21901241,483,1610612746,LA Clippers,3,1,12,Missed Shot,Step Back Jump shot,,Mid-Range,Left Side Center(LC),16-24 ft.,20,-130,155,1,0,20200801,LAC,NOP,|1627826|1629013|202694|202695|202704,0,REG,2020,1628404,SF,Wing Stopper,-0.57,SF,Shot Creator,5.0
1629634,Brandon Clarke,21901253159,Shot Chart Detail,21901253,159,1610612763,Memphis Grizzlies,1,1,28,Made Shot,Cutting Dunk Shot,,Restricted Area,Center(C),Less Than 8 ft.,3,9,30,1,1,20200803,NOP,MEM,|1628960|1628991|1629001|1629634|203937,1,REG,2020,1628404,SF,Wing Stopper,-0.57,PF,Athletic Finisher,0.17
1628960,Grayson Allen,21901253163,Shot Chart Detail,21901253,163,1610612763,Memphis Grizzlies,1,1,3,Made Shot,Jump Shot,3PT Field Goal,Above the Break 3,Left Side Center(LC),24+ ft.,25,-87,241,1,1,20200803,NOP,MEM,|1628960|1628991|1629001|1629634|203937,1,REG,2020,1628404,SF,Wing Stopper,-0.57,SG,Movement Shooter,-0.69
1629634,Brandon Clarke,21901253172,Shot Chart Detail,21901253,172,1610612763,Memphis Grizzlies,1,0,27,Missed Shot,Driving Floating Jump Shot,,In The Paint (Non-RA),Center(C),Less Than 8 ft.,6,-36,52,1,0,20200803,NOP,MEM,|1628960|1628991|1629630|1629634|203937,0,REG,2020,1628404,SF,Wing Stopper,-0.57,PF,Athletic Finisher,0.17
1629634,Brandon Clarke,21901253174,Shot Chart Detail,21901253,174,1610612763,Memphis Grizzlies,1,0,24,Missed Shot,Tip Layup Shot,,Restricted Area,Center(C),Less Than 8 ft.,0,0,-6,1,0,20200803,NOP,MEM,|1628960|1628991|1629630|1629634|203937,0,REG,2020,1628404,SF,Wing Stopper,-0.57,PF,Athletic Finisher,0.17
1629634,Brandon Clarke,21901253176,Shot Chart Detail,21901253,176,1610612763,Memphis Grizzlies,1,0,20,Made Shot,Tip Layup Shot,,Restricted Area,Center(C),Less Than 8 ft.,0,0,-6,1,1,20200803,NOP,MEM,|1628960|1628991|1629630|1629634|203937,0,REG,2020,200755|1628404|1629740,,,,PF,Athletic Finisher,0.17
1628991,Jaren Jackson Jr.,21901253193,Shot Chart Detail,21901253,193,1610612763,Memphis Grizzlies,2,11,48,Missed Shot,Driving Floating Jump Shot,,In The Paint (Non-RA),Center(C),Less Than 8 ft.,7,-42,66,1,0,20200803,NOP,MEM,|1628415|1628960|1628991|202685|203937,0,REG,2020,1628404|1629627,,,,C,Shot Creator,-0.84
203937,Kyle Anderson,21901253214,Shot Chart Detail,21901253,214,1610612763,Memphis Grizzlies,2,10,5,Missed Shot,Driving Floating Jump Shot,,In The Paint (Non-RA),Center(C),Less Than 8 ft.,5,25,50,1,0,20200803,NOP,MEM,|1628415|1628960|201229|202685|203937,0,REG,2020,1628404,SF,Wing Stopper,-0.57,SF,Athletic Finisher,-2.0
203937,Kyle Anderson,21901253225,Shot Chart Detail,21901253,225,1610612763,Memphis Grizzlies,2,9,29,Missed Shot,Jump Shot,,Above the Break 3,Center(C),24+ ft.,26,-47,260,1,0,20200803,NOP,MEM,|1628415|1628960|201229|202685|203937,0,REG,2020,1628404,SF,Wing Stopper,-0.57,SF,Athletic Finisher,-2.0
1628415,Dillon Brooks,21901253250,Shot Chart Detail,21901253,250,1610612763,Memphis Grizzlies,2,7,28,Made Shot,Driving Layup Shot,2PT Field Goal,In The Paint (Non-RA),Center(C),Less Than 8 ft.,5,24,53,1,1,20200803,NOP,MEM,|1628415|1628960|1629630|201229|202685,0,REG,2020,1628404,SF,Wing Stopper,-0.57,SG,Secondary Ball Handler,-0.53
203937,Kyle Anderson,21901253512,Shot Chart Detail,21901253,512,1610612763,Memphis Grizzlies,3,1,38,Missed Shot,Pullup Jump shot,,In The Paint (Non-RA),Center(C),8-16 ft.,11,2,113,1,0,20200803,NOP,MEM,|1628960|1629001|1629634|201229|203937,0,REG,2020,1628404,SF,Wing Stopper,-0.57,SF,Athletic Finisher,-2.0
1629001,De'Anthony Melton,21901253527,Shot Chart Detail,21901253,527,1610612763,Memphis Grizzlies,3,0,55,Missed Shot,Pullup Jump shot,,Above the Break 3,Left Side Center(LC),24+ ft.,29,-174,232,1,0,20200803,NOP,MEM,|1628960|1629001|1629634|201229|203937,0,REG,2020,1628404,SF,Wing Stopper,-0.57,PG,Athletic Finisher,0.08
203937,Kyle Anderson,21901253531,Shot Chart Detail,21901253,531,1610612763,Memphis Grizzlies,3,0,24,Made Shot,Driving Layup Shot,,Restricted Area,Center(C),Less Than 8 ft.,2,-18,10,1,1,20200803,NOP,MEM,|1628960|1629001|1629634|201229|203937,0,REG,2020,1628404,SF,Wing Stopper,-0.57,SF,Athletic Finisher,-2.0
1628991,Jaren Jackson Jr.,21901253602,Shot Chart Detail,21901253,602,1610612763,Memphis Grizzlies,4,8,9,Made Shot,Jump Shot,,Above the Break 3,Left Side Center(LC),24+ ft.,26,-183,185,1,1,20200803,NOP,MEM,|1628415|1628960|1628991|1629630|202685,1,REG,2020,1628404,SF,Wing Stopper,-0.57,C,Shot Creator,-0.84
1629630,Ja Morant,21901253650,Shot Chart Detail,21901253,650,1610612763,Memphis Grizzlies,4,5,9,Made Shot,Pullup Jump shot,,Above the Break 3,Right Side Center(RC),24+ ft.,25,114,233,1,1,20200803,NOP,MEM,|1628415|1628960|1628991|1629630|1629634,0,REG,2020,1628404,SF,Wing Stopper,-0.57,PG,Slasher,0.39
1628368,De'Aaron Fox,2190126876,Shot Chart Detail,21901268,76,1610612758,Sacramento Kings,1,4,49,Made Shot,Step Back Jump shot,,Mid-Range,Left Side Center(LC),16-24 ft.,18,-100,153,1,1,20200806,SAC,NOP,|1626158|1628368|202709|203084|203992,0,REG,2020,1628404,SF,Wing Stopper,-0.57,PG,Shot Creator,1.71
203992,Bogdan Bogdanovic,2190126889,Shot Chart Detail,21901268,89,1610612758,Sacramento Kings,1,3,54,Made Shot,Jump Shot,,Above the Break 3,Left Side Center(LC),24+ ft.,24,-164,184,1,1,20200806,SAC,NOP,|1628368|202709|203084|203458|203992,1,REG,2020,1628404,SF,Wing Stopper,-0.57,SG,Secondary Ball Handler,1.15
203992,Bogdan Bogdanovic,21901268100,Shot Chart Detail,21901268,100,1610612758,Sacramento Kings,1,3,7,Made Shot,Driving Floating Jump Shot,,In The Paint (Non-RA),Center(C),8-16 ft.,9,36,89,1,1,20200806,SAC,NOP,|1628368|202709|203084|203458|203992,1,REG,2020,1628404,SF,Wing Stopper,-0.57,SG,Secondary Ball Handler,1.15
203458,Alex Len,21901268132,Shot Chart Detail,21901268,132,1610612758,Sacramento Kings,1,1,12,Made Shot,Alley Oop Layup shot,,Restricted Area,Center(C),Less Than 8 ft.,2,-19,21,1,1,20200806,SAC,NOP,|1627741|202709|203145|203458|203992,1,REG,2020,1628404,SF,Wing Stopper,-0.57,C,Roll + Cut Big,-1.4
1628368,De'Aaron Fox,21901268248,Shot Chart Detail,21901268,248,1610612758,Sacramento Kings,2,6,17,Missed Shot,Jump Bank Shot,2PT Field Goal,Mid-Range,Left Side(L),16-24 ft.,18,-186,23,1,0,20200806,SAC,NOP,|1628368|1629610|203084|203458|203992,0,REG,2020,1628404,SF,Wing Stopper,-0.57,PG,Shot Creator,1.71
1629610,DaQuan Jeffries,21901268260,Shot Chart Detail,21901268,260,1610612758,Sacramento Kings,2,5,23,Missed Shot,Jump Shot,,Above the Break 3,Left Side Center(LC),24+ ft.,25,-172,188,1,0,20200806,SAC,NOP,|1626158|1628368|1629610|203084|203992,0,REG,2020,1628404,SF,Wing Stopper,-0.57,SG,Athletic Finisher,-1.13
203084,Harrison Barnes,21901268270,Shot Chart Detail,21901268,270,1610612758,Sacramento Kings,2,4,49,Missed Shot,Step Back Jump shot,,Mid-Range,Left Side(L),8-16 ft.,8,-87,22,1,0,20200806,SAC,NOP,|1626158|1628368|202357|203084|203992,0,REG,2020,1628404,SF,Wing Stopper,-0.57,PF,Shot Creator,-0.19
1628368,De'Aaron Fox,21901268291,Shot Chart Detail,21901268,291,1610612758,Sacramento Kings,2,3,16,Missed Shot,Driving Floating Bank Jump Shot,,Mid-Range,Left Side(L),8-16 ft.,9,-87,44,1,0,20200806,SAC,NOP,|1626158|1628368|202357|203084|203992,0,REG,2020,1628404,SF,Wing Stopper,-0.57,PG,Shot Creator,1.71
202357,Nemanja Bjelica,21901268298,Shot Chart Detail,21901268,298,1610612758,Sacramento Kings,2,2,48,Made Shot,Reverse Layup Shot,,Restricted Area,Center(C),Less Than 8 ft.,2,19,12,1,1,20200806,SAC,NOP,|1626158|1628368|202357|203084|203992,0,REG,2020,1627742|1628404|1628366,,,,PF,Athletic Finisher,-0.18
203084,Harrison Barnes,21901268305,Shot Chart Detail,21901268,305,1610612758,Sacramento Kings,2,1,40,Missed Shot,Step Back Jump shot,,In The Paint (Non-RA),Center(C),Less Than 8 ft.,7,-35,70,1,0,20200806,SAC,NOP,|1626158|1628368|202357|203084|203992,0,REG,2020,1628404,SF,Wing Stopper,-0.57,PF,Shot Creator,-0.19
1628368,De'Aaron Fox,21901268311,Shot Chart Detail,21901268,311,1610612758,Sacramento Kings,2,1,1,Made Shot,Jump Bank Shot,,Restricted Area,Center(C),Less Than 8 ft.,3,22,21,1,1,20200806,SAC,NOP,|1626158|1628368|202357|203084|203992,1,REG,2020,1628402|1628404,,,,PG,Shot Creator,1.71
203084,Harrison Barnes,21901268404,Shot Chart Detail,21901268,404,1610612758,Sacramento Kings,3,5,54,Made Shot,Driving Layup Shot,,Restricted Area,Center(C),Less Than 8 ft.,3,24,26,1,1,20200806,SAC,NOP,|1626158|1628368|202709|203084|203992,0,REG,2020,1628404,SF,Wing Stopper,-0.57,PF,Shot Creator,-0.19
203992,Bogdan Bogdanovic,21901268448,Shot Chart Detail,21901268,448,1610612758,Sacramento Kings,3,3,43,Made Shot,Driving Layup Shot,,Restricted Area,Center(C),Less Than 8 ft.,1,-11,4,1,1,20200806,SAC,NOP,|1628368|202709|203145|203458|203992,0,REG,2020,1628404,SF,Wing Stopper,-0.57,SG,Secondary Ball Handler,1.15
203992,Bogdan Bogdanovic,21901268466,Shot Chart Detail,21901268,466,1610612758,Sacramento Kings,3,2,28,Missed Shot,Cutting Dunk Shot,,Restricted Area,Center(C),Less Than 8 ft.,1,-16,-1,1,0,20200806,SAC,NOP,|1628368|202709|203145|203458|203992,0,REG,2020,1628404,SF,Wing Stopper,-0.57,SG,Secondary Ball Handler,1.15
203145,Kent Bazemore,21901268481,Shot Chart Detail,21901268,481,1610612758,Sacramento Kings,3,0,56,Made Shot,Driving Layup Shot,,Restricted Area,Center(C),Less Than 8 ft.,1,-16,3,1,1,20200806,SAC,NOP,|1628368|202709|203145|203458|203992,1,REG,2020,1628404,SF,Wing Stopper,-0.57,SF,Movement Shooter,-1.85
1628368,De'Aaron Fox,21901268611,Shot Chart Detail,21901268,611,1610612758,Sacramento Kings,4,4,19,Made Shot,Tip Layup Shot,,Restricted Area,Center(C),Less Than 8 ft.,1,-5,17,1,1,20200806,SAC,NOP,|1626158|1628368|202709|203145|203992,0,REG,2020,1628404,SF,Wing Stopper,-0.57,PG,Shot Creator,1.71
203992,Bogdan Bogdanovic,21901268642,Shot Chart Detail,21901268,642,1610612758,Sacramento Kings,4,2,46,Missed Shot,Step Back Jump shot,,In The Paint (Non-RA),Right Side(R),8-16 ft.,12,72,101,1,0,20200806,SAC,NOP,|1628368|202709|203145|203458|203992,0,REG,2020,1628404,SF,Wing Stopper,-0.57,SG,Secondary Ball Handler,1.15
1629060,Rui Hachimura,2190127898,Shot Chart Detail,21901278,98,1610612764,Washington Wizards,1,4,11,Made Shot,Driving Reverse Layup Shot,,Restricted Area,Center(C),Less Than 8 ft.,0,3,0,1,1,20200807,NOP,WAS,|1628972|1629010|1629021|1629060|203894,1,REG,2020,1628404,SF,Wing Stopper,-0.57,PF,Roll + Cut Big,-1.39
1629067,Isaac Bonga,21901278198,Shot Chart Detail,21901278,198,1610612764,Washington Wizards,2,8,35,Made Shot,Tip Layup Shot,,Restricted Area,Center(C),Less Than 8 ft.,0,0,-6,1,1,20200807,NOP,WAS,|1628418|1629010|1629060|1629067|203894,0,REG,2020,1629637|1628404,,,,SF,Athletic Finisher,-1.54
1629060,Rui Hachimura,21901278457,Shot Chart Detail,21901278,457,1610612764,Washington Wizards,3,2,13,Missed Shot,Jump Shot,,Above the Break 3,Left Side Center(LC),24+ ft.,27,-152,225,1,0,20200807,NOP,WAS,|1626170|1629010|1629060|1629067|203894,0,REG,2020,1628404,SF,Wing Stopper,-0.57,PF,Roll + Cut Big,-1.39
1629010,Jerome Robinson,21901278510,Shot Chart Detail,21901278,510,1610612764,Washington Wizards,4,11,3,Missed Shot,Driving Floating Bank Jump Shot,,In The Paint (Non-RA),Left Side(L),8-16 ft.,8,-69,52,1,0,20200807,NOP,WAS,|1626170|1628418|1629010|1629678|203894,0,REG,2020,1628404,SF,Wing Stopper,-0.57,SG,Secondary Ball Handler,-1.52
1628418,Thomas Bryant,21901278514,Shot Chart Detail,21901278,514,1610612764,Washington Wizards,4,10,57,Made Shot,Putback Layup Shot,,Restricted Area,Center(C),Less Than 8 ft.,1,11,-5,1,1,20200807,NOP,WAS,|1626170|1628418|1629010|1629678|203894,0,REG,2020,1628404|1629740,,,,C,Roll + Cut Big,-0.55
1628418,Thomas Bryant,21901278534,Shot Chart Detail,21901278,534,1610612764,Washington Wizards,4,11,2,Missed Shot,Tip Layup Shot,,Restricted Area,Center(C),Less Than 8 ft.,2,9,22,1,0,20200807,NOP,WAS,|1626170|1628418|1629010|1629678|203894,0,REG,2020,1628404|1629740,,,,C,Roll + Cut Big,-0.55
1628972,Troy Brown Jr.,21901278587,Shot Chart Detail,21901278,587,1610612764,Washington Wizards,4,6,37,Made Shot,Cutting Layup Shot,,Restricted Area,Center(C),Less Than 8 ft.,1,8,11,1,1,20200807,NOP,WAS,|1628418|1628972|1629060|1629067|202397,1,REG,2020,1628404,SF,Wing Stopper,-0.57,SF,Athletic Finisher,-1.45
1629060,Rui Hachimura,21901278665,Shot Chart Detail,21901278,665,1610612764,Washington Wizards,4,0,57,Made Shot,Pullup Jump shot,,Mid-Range,Center(C),16-24 ft.,19,-38,190,1,1,20200807,NOP,WAS,|1628418|1628972|1629010|1629060|202397,1,REG,2020,1628404,SF,Wing Stopper,-0.57,PF,Roll + Cut Big,-1.39
200752,Rudy Gay,21901287120,Shot Chart Detail,21901287,120,1610612759,San Antonio Spurs,1,3,29,Missed Shot,Turnaround Jump Shot,,In The Paint (Non-RA),Center(C),8-16 ft.,9,-32,92,1,0,20200809,NOP,SAS,|1627749|1628401|1629234|1629640|200752,0,REG,2020,1628404,SF,Wing Stopper,-0.57,PF,Low Minute,-0.37
1628401,Derrick White,21901287142,Shot Chart Detail,21901287,142,1610612759,San Antonio Spurs,1,1,46,Made Shot,Running Finger Roll Layup Shot,,Restricted Area,Center(C),Less Than 8 ft.,1,5,17,1,1,20200809,NOP,SAS,|1627749|1628401|1629234|1629640|200752,1,REG,2020,1628404,SF,Wing Stopper,-0.57,SG,Primary Ball Handler,0.9
201942,DeMar DeRozan,21901287174,Shot Chart Detail,21901287,174,1610612759,San Antonio Spurs,1,0,0,Missed Shot,Driving Floating Jump Shot,,In The Paint (Non-RA),Center(C),8-16 ft.,10,-2,106,1,0,20200809,NOP,SAS,|1629234|1629640|200752|201158|201942,0,REG,2020,1628404,SF,Wing Stopper,-0.57,SF,Shot Creator,1.63
201942,DeMar DeRozan,21901287183,Shot Chart Detail,21901287,183,1610612759,San Antonio Spurs,2,11,43,Made Shot,Driving Dunk Shot,,Restricted Area,Center(C),Less Than 8 ft.,0,1,0,1,1,20200809,NOP,SAS,|1629234|1629640|200752|201158|201942,0,REG,2020,1628404,SF,Wing Stopper,-0.57,SF,Shot Creator,1.63
1629640,Keldon Johnson,21901287220,Shot Chart Detail,21901287,220,1610612759,San Antonio Spurs,2,8,52,Made Shot,Cutting Finger Roll Layup Shot,,Restricted Area,Center(C),Less Than 8 ft.,1,5,13,1,1,20200809,NOP,SAS,|1627751|1629022|1629640|201158|201942,1,REG,2020,1628404,SF,Wing Stopper,-0.57,SF,Athletic Finisher,-0.85
1629022,Lonnie Walker IV,21901287567,Shot Chart Detail,21901287,567,1610612759,San Antonio Spurs,4,10,27,Made Shot,Jump Shot,,Above the Break 3,Center(C),24+ ft.,26,-23,263,1,1,20200809,NOP,SAS,|1627749|1629022|1629234|1629640|200752,1,REG,2020,1628404,SF,Wing Stopper,-0.57,SG,Slasher,-1.57
203084,Harrison Barnes,2190130267,Shot Chart Detail,21901302,67,1610612758,Sacramento Kings,1,6,17,Missed Shot,Pullup Jump shot,,Above the Break 3,Right Side Center(RC),24+ ft.,24,87,232,1,0,20200811,SAC,NOP,|1628385|202357|202709|203084|203992,0,REG,2020,1628404,SF,Wing Stopper,-0.57,PF,Shot Creator,-0.19
203084,Harrison Barnes,2190130282,Shot Chart Detail,21901302,82,1610612758,Sacramento Kings,1,4,29,Missed Shot,Floating Jump shot,,In The Paint (Non-RA),Center(C),Less Than 8 ft.,5,0,50,1,0,20200811,SAC,NOP,|1628385|202357|202709|203084|203992,0,REG,2020,1628404|1628366,,,,PF,Shot Creator,-0.19
203084,Harrison Barnes,21901302113,Shot Chart Detail,21901302,113,1610612758,Sacramento Kings,1,4,27,Missed Shot,Tip Layup Shot,,Restricted Area,Center(C),Less Than 8 ft.,3,13,28,1,0,20200811,SAC,NOP,|1628385|202357|202709|203084|203992,0,REG,2020,1628404|1628366,,,,PF,Shot Creator,-0.19
203084,Harrison Barnes,21901302268,Shot Chart Detail,21901302,268,1610612758,Sacramento Kings,2,2,30,Missed Shot,Tip Layup Shot,,Restricted Area,Center(C),Less Than 8 ft.,0,0,-6,1,0,20200811,SAC,NOP,|1628385|202357|202709|203084|203992,0,REG,2020,1628404,SF,Wing Stopper,-0.57,PF,Shot Creator,-0.19
203084,Harrison Barnes,21901302279,Shot Chart Detail,21901302,279,1610612758,Sacramento Kings,2,1,57,Missed Shot,Driving Layup Shot,,In The Paint (Non-RA),Center(C),Less Than 8 ft.,6,-29,57,1,0,20200811,SAC,NOP,|202357|202709|203084|203953|203992,0,REG,2020,1628404,SF,Wing Stopper,-0.57,PF,Shot Creator,-0.19
203084,Harrison Barnes,21901302320,Shot Chart Detail,21901302,320,1610612758,Sacramento Kings,3,11,14,Made Shot,Driving Finger Roll Layup Shot,,Restricted Area,Center(C),Less Than 8 ft.,0,-2,6,1,1,20200811,SAC,NOP,|202357|202709|203084|203458|203992,0,REG,2020,1628404,SF,Wing Stopper,-0.57,PF,Shot Creator,-0.19
203084,Harrison Barnes,21901302326,Shot Chart Detail,21901302,326,1610612758,Sacramento Kings,3,10,14,Missed Shot,Jump Shot,,Above the Break 3,Left Side Center(LC),24+ ft.,24,-189,156,1,0,20200811,SAC,NOP,|202357|202709|203084|203458|203992,0,REG,2020,1628404,SF,Wing Stopper,-0.57,PF,Shot Creator,-0.19
203084,Harrison Barnes,21901302331,Shot Chart Detail,21901302,331,1610612758,Sacramento Kings,3,9,46,Missed Shot,Turnaround Fadeaway Bank Jump Shot,,In The Paint (Non-RA),Center(C),Less Than 8 ft.,6,-53,43,1,0,20200811,SAC,NOP,|202357|202709|203084|203458|203992,0,REG,2020,1628404,SF,Wing Stopper,-0.57,PF,Shot Creator,-0.19
1629610,DaQuan Jeffries,21901302516,Shot Chart Detail,21901302,516,1610612758,Sacramento Kings,4,6,59,Missed Shot,Hook Shot,,Restricted Area,Center(C),Less Than 8 ft.,3,16,31,1,0,20200811,SAC,NOP,|1627741|1627812|1629610|203084|203953,0,REG,2020,1628404,SF,Wing Stopper,-0.57,SG,Athletic Finisher,-1.13
203084,Harrison Barnes,21901302541,Shot Chart Detail,21901302,541,1610612758,Sacramento Kings,4,6,8,Missed Shot,Driving Layup Shot,,Restricted Area,Center(C),Less Than 8 ft.,1,14,4,1,0,20200811,SAC,NOP,|1627741|1628385|202357|202709|203084,0,REG,2020,1628404,SF,Wing Stopper,-0.57,PF,Shot Creator,-0.19
203084,Harrison Barnes,21901302555,Shot Chart Detail,21901302,555,1610612758,Sacramento Kings,4,5,9,Made Shot,Cutting Dunk Shot,,Restricted Area,Center(C),Less Than 8 ft.,0,5,8,1,1,20200811,SAC,NOP,|1627741|1628385|202357|202709|203084,1,REG,2020,1628404,SF,Wing Stopper,-0.57,PF,Shot Creator,-0.19
203084,Harrison Barnes,21901302594,Shot Chart Detail,21901302,594,1610612758,Sacramento Kings,4,1,50,Missed Shot,Driving Finger Roll Layup Shot,,In The Paint (Non-RA),Center(C),Less Than 8 ft.,6,1,63,1,0,20200811,SAC,NOP,|1628385|202357|202709|203084|203992,0,REG,2020,1628404|1628366,,,,PF,Shot Creator,-0.19
1628385,Harry Giles III,21901302608,Shot Chart Detail,21901302,608,1610612758,Sacramento Kings,4,1,0,Missed Shot,Driving Floating Bank Jump Shot,2PT Field Goal,Restricted Area,Center(C),Less Than 8 ft.,1,-2,10,1,0,20200811,SAC,NOP,|1628385|202357|202709|203084|203992,0,REG,2020,1628404,SF,Wing Stopper,-0.57,C,Roll + Cut Big,-1.33
203516,James Ennis III,2190131229,Shot Chart Detail,21901312,29,1610612753,Orlando Magic,1,9,35,Missed Shot,Pullup Jump shot,,Above the Break 3,Right Side Center(RC),24+ ft.,25,129,222,1,0,20200813,ORL,NOP,|1628365|1628411|1629109|202696|203516,0,REG,2020,1628404,SF,Wing Stopper,-0.57,SF-SG,Athletic Finisher,-0.63
203516,James Ennis III,2190131247,Shot Chart Detail,21901312,47,1610612753,Orlando Magic,1,7,52,Missed Shot,Driving Finger Roll Layup Shot,,In The Paint (Non-RA),Center(C),Less Than 8 ft.,6,-58,38,1,0,20200813,ORL,NOP,|1628365|1628411|1629109|202696|203516,0,REG,2020,1628404,SF,Wing Stopper,-0.57,SF-SG,Athletic Finisher,-0.63
203516,James Ennis III,2190131253,Shot Chart Detail,21901312,53,1610612753,Orlando Magic,1,6,54,Made Shot,Jump Shot,,Above the Break 3,Right Side Center(RC),24+ ft.,25,165,195,1,1,20200813,ORL,NOP,|1628365|1628411|1629109|202696|203516,1,REG,2020,1628404,SF,Wing Stopper,-0.57,SF-SG,Athletic Finisher,-0.63
203516,James Ennis III,2190131266,Shot Chart Detail,21901312,66,1610612753,Orlando Magic,1,5,21,Missed Shot,Reverse Layup Shot,,Restricted Area,Center(C),Less Than 8 ft.,1,-11,12,1,0,20200813,ORL,NOP,|1628365|1628411|1629724|202696|203516,0,REG,2020,1628404,SF,Wing Stopper,-0.57,SF-SG,Athletic Finisher,-0.63
1629168,BJ Johnson,21901312245,Shot Chart Detail,21901312,245,1610612753,Orlando Magic,2,5,26,Missed Shot,Driving Layup Shot,,Restricted Area,Center(C),Less Than 8 ft.,3,5,32,1,0,20200813,ORL,NOP,|1628365|1628411|1629168|202696|203516,0,REG,2020,1628404|1629740,,,,SF,Low Minute,-0.94
1628411,Wes Iwundu,21901312295,Shot Chart Detail,21901312,295,1610612753,Orlando Magic,2,0,3,Missed Shot,Driving Floating Jump Shot,,In The Paint (Non-RA),Center(C),Less Than 8 ft.,6,-29,62,1,0,20200813,ORL,NOP,|1628365|1628411|1629109|201571|202696,0,REG,2020,1628404,SF,Wing Stopper,-0.57,SF,Athletic Finisher,-1.53
1629109,Gary Clark,21901312320,Shot Chart Detail,21901312,320,1610612753,Orlando Magic,3,9,16,Missed Shot,Jump Shot,,Above the Break 3,Left Side Center(LC),24+ ft.,25,-206,143,1,0,20200813,ORL,NOP,|1628365|1628411|1629109|202696|203516,0,REG,2020,1628404,SF,Wing Stopper,-0.57,SF-PF,Stationary Shooter,-1.35
1629109,Gary Clark,21901312322,Shot Chart Detail,21901312,322,1610612753,Orlando Magic,3,9,8,Made Shot,Hook Bank Shot,,Restricted Area,Center(C),Less Than 8 ft.,2,25,15,1,1,20200813,ORL,NOP,|1628365|1628411|1629109|202696|203516,1,REG,2020,1628404|1629638,,,,SF-PF,Stationary Shooter,-1.35
203516,James Ennis III,21901312379,Shot Chart Detail,21901312,379,1610612753,Orlando Magic,3,3,57,Made Shot,Turnaround Fadeaway shot,,In The Paint (Non-RA),Center(C),8-16 ft.,8,-6,80,1,1,20200813,ORL,NOP,|1628365|1628982|1629724|202696|203516,0,REG,2020,1628404,SF,Wing Stopper,-0.57,SF-SG,Athletic Finisher,-0.63
203516,James Ennis III,21901312388,Shot Chart Detail,21901312,388,1610612753,Orlando Magic,3,2,37,Missed Shot,Jump Shot,,Above the Break 3,Left Side Center(LC),24+ ft.,24,-141,201,1,0,20200813,ORL,NOP,|1628982|1629724|201571|202696|203516,0,REG,2020,1628404,SF,Wing Stopper,-0.57,SF-SG,Athletic Finisher,-0.63
203516,James Ennis III,21901312499,Shot Chart Detail,21901312,499,1610612753,Orlando Magic,4,7,37,Made Shot,Turnaround Fadeaway shot,,Mid-Range,Right Side(R),8-16 ft.,15,154,11,1,1,20200813,ORL,NOP,|1628982|1629168|201571|203516|203920,0,REG,2020,1628404,SF,Wing Stopper,-0.57,SF-SG,Athletic Finisher,-0.63
1628982,Melvin Frazier Jr.,21901312544,Shot Chart Detail,21901312,544,1610612753,Orlando Magic,4,4,39,Made Shot,Pullup Jump shot,,Mid-Range,Right Side(R),16-24 ft.,19,188,38,1,1,20200813,ORL,NOP,|1628411|1628982|1629168|1629724|203920,1,REG,2020,1628404,SF,Wing Stopper,-0.57,SG,Stationary Shooter,-1.65
1629168,BJ Johnson,21901312548,Shot Chart Detail,21901312,548,1610612753,Orlando Magic,4,4,8,Missed Shot,Cutting Layup Shot,,Restricted Area,Center(C),Less Than 8 ft.,3,30,10,1,0,20200813,ORL,NOP,|1628411|1628982|1629168|1629724|203920,0,REG,2020,1628404,SF,Wing Stopper,-0.57,SF,Low Minute,-0.94
1628411,Wes Iwundu,21901312576,Shot Chart Detail,21901312,576,1610612753,Orlando Magic,4,2,27,Made Shot,Jump Shot,3PT Field Goal,Above the Break 3,Center(C),24+ ft.,26,76,250,1,1,20200813,ORL,NOP,|1628411|1628982|1629109|1629168|1629724,1,REG,2020,1628404,SF,Wing Stopper,-0.57,SF,Athletic Finisher,-1.53
