PLAYER_ID,PLAYER_NAME,SHOT_ID,GRID_TYPE,GAME_ID,GAME_EVENT_ID,TEAM_ID,TEAM_NAME,PERIOD,MINUTES_REMAINING,SECONDS_REMAINING,EVENT_TYPE,ACTION_TYPE,SHOT_TYPE,SHOT_ZONE_BASIC,SHOT_ZONE_AREA,SHOT_ZONE_RANGE,SHOT_DISTANCE,LOC_X,LOC_Y,SHOT_ATTEMPTED_FLAG,SHOT_MADE_FLAG,GAME_DATE,HTM,VTM,PLAYERS_ON,assisted,season_type,year,DEF_ID,DEF_POSITION,DEF_ROLE,D_LEBRON
1629667,Jalen McDaniels,22200011279,Shot Chart Detail,22200011,279,1610612766,Charlotte Hornets,2,5,6,Made Shot,Layup Shot,,Restricted Area,Center(C),Less Than 8 ft.,3,2,32,1,1,20221019,SAS,CHA,|1626179|1629667|1630547|202330|203486,1,REG,2023,1630563,SF,Chaser,-0.8
1629667,Jalen McDaniels,22200011349,Shot Chart Detail,22200011,349,1610612766,Charlotte Hornets,2,1,14,Missed Shot,Driving Layup Shot,,Restricted Area,Center(C),Less Than 8 ft.,2,-9,27,1,0,20221019,SAS,CHA,|1626179|1628372|1629023|1629667|1630208,0,REG,2023,203926|1628380,,,
1629667,Jalen McDaniels,22200011503,Shot Chart Detail,22200011,503,1610612766,Charlotte Hornets,3,3,18,Missed Shot,Jump Shot,,Above the Break 3,Left Side Center(LC),24+ ft.,26,-161,205,1,0,20221019,SAS,CHA,|1628372|1629667|1630208|1630550|202330,0,REG,2023,1628380,C,Helper,0.19
1629667,Jalen McDaniels,22200011534,Shot Chart Detail,22200011,534,1610612766,Charlotte Hornets,3,1,8,Made Shot,Jump Shot,,Above the Break 3,Center(C),24+ ft.,25,31,252,1,1,20221019,SAS,CHA,|1628372|1629023|1629667|1630208|1630547,1,REG,2023,1628380,C,Helper,0.19
1629667,Jalen McDaniels,22200011539,Shot Chart Detail,22200011,539,1610612766,Charlotte Hornets,3,0,46,Missed Shot,Driving Layup Shot,,Restricted Area,Center(C),Less Than 8 ft.,2,20,20,1,0,20221019,SAS,CHA,|1628372|1629023|1629667|1630208|1630547,0,REG,2023,1630563,SF,Chaser,-0.8
1629667,Jalen McDaniels,22200017159,Shot Chart Detail,22200017,159,1610612766,Charlotte Hornets,1,0,29,Made Shot,Cutting Layup Shot,,Restricted Area,Center(C),Less Than 8 ft.,1,-17,9,1,1,20221021,CHA,NOP,|1628372|1629023|1629667|1630208|1630547,1,REG,2023,1626204,PF,Helper,0.89
1629667,Jalen McDaniels,22200017219,Shot Chart Detail,22200017,219,1610612766,Charlotte Hornets,2,7,36,Made Shot,Jump Shot,,Above the Break 3,Left Side Center(LC),24+ ft.,25,-113,226,1,1,20221021,CHA,NOP,|1626179|1628372|1629667|202330|203486,1,REG,2023,1629627,PF,Helper,-1.17
1629667,Jalen McDaniels,22200017270,Shot Chart Detail,22200017,270,1610612766,Charlotte Hornets,2,3,36,Missed Shot,Layup Shot,,Restricted Area,Center(C),Less Than 8 ft.,2,-27,6,1,0,20221021,CHA,NOP,|1626162|1628372|1629667|202330|203486,0,REG,2023,203468|1626204,,,
1629667,Jalen McDaniels,22200017299,Shot Chart Detail,22200017,299,1610612766,Charlotte Hornets,2,1,51,Missed Shot,Driving Layup Shot,,In The Paint (Non-RA),Center(C),Less Than 8 ft.,4,21,42,1,0,20221021,CHA,NOP,|1626162|1626179|1629667|1630208|202330,0,REG,2023,1629627,PF,Helper,-1.17
1629667,Jalen McDaniels,22200017314,Shot Chart Detail,22200017,314,1610612766,Charlotte Hornets,2,1,11,Made Shot,Jump Shot,,Above the Break 3,Center(C),24+ ft.,25,-50,255,1,1,20221021,CHA,NOP,|1626162|1626179|1629667|1630208|202330,1,REG,2023,1630230,SF,Wing Stopper,0.63
1629667,Jalen McDaniels,22200017461,Shot Chart Detail,22200017,461,1610612766,Charlotte Hornets,3,3,18,Made Shot,Jump Shot,,Left Corner 3,Left Side(L),24+ ft.,22,-228,21,1,1,20221021,CHA,NOP,|1628372|1629667|1630208|1630547|202330,1,REG,2023,1630530,SF,Low Activity,0.0
1629667,Jalen McDaniels,22200017600,Shot Chart Detail,22200017,600,1610612766,Charlotte Hornets,4,6,44,Made Shot,Jump Shot,,Right Corner 3,Right Side(R),24+ ft.,23,233,8,1,1,20221021,CHA,NOP,|1626162|1626179|1629667|1630208|202330,1,REG,2023,1630529,PF,Point of Attack,2.09
1629667,Jalen McDaniels,22200038127,Shot Chart Detail,22200038,127,1610612766,Charlotte Hornets,1,3,16,Made Shot,Step Back Jump shot,2PT Field Goal,Mid-Range,Right Side Center(RC),16-24 ft.,18,98,151,1,1,20221023,ATL,CHA,|1629667|1630177|1630208|1630547|202330,1,REG,2023,1630552,PF,Helper,-0.17
1629667,Jalen McDaniels,22200038149,Shot Chart Detail,22200038,149,1610612766,Charlotte Hornets,1,1,44,Made Shot,Running Layup Shot,,Restricted Area,Center(C),Less Than 8 ft.,2,-2,21,1,1,20221023,ATL,CHA,|1629023|1629667|1630177|1630208|1630547,1,REG,2023,1627749,PG,Point of Attack,-0.96
1629667,Jalen McDaniels,22200038471,Shot Chart Detail,22200038,471,1610612766,Charlotte Hornets,3,4,9,Made Shot,Jump Shot,3PT Field Goal,Right Corner 3,Right Side(R),24+ ft.,23,229,38,1,1,20221023,ATL,CHA,|1629667|1630177|1630208|1630547|202330,1,REG,2023,1630168,C,Anchor Big,1.19
1629667,Jalen McDaniels,22200038531,Shot Chart Detail,22200038,531,1610612766,Charlotte Hornets,3,0,49,Missed Shot,Driving Layup Shot,2PT Field Goal,In The Paint (Non-RA),Center(C),Less Than 8 ft.,5,25,48,1,0,20221023,ATL,CHA,|1629667|1630177|1630208|1630547|1630550,0,REG,2023,203200,SG,,-0.01
1629667,Jalen McDaniels,22200038573,Shot Chart Detail,22200038,573,1610612766,Charlotte Hornets,4,11,26,Missed Shot,Jump Shot,,Above the Break 3,Left Side Center(LC),24+ ft.,26,-115,236,1,0,20221023,ATL,CHA,|1626162|1628372|1629023|1629667|1630208,0,REG,2023,1631100,SF,Chaser,-1.68
1629667,Jalen McDaniels,22200038577,Shot Chart Detail,22200038,577,1610612766,Charlotte Hornets,4,11,5,Missed Shot,Jump Shot,,Above the Break 3,Left Side Center(LC),24+ ft.,24,-210,126,1,0,20221023,ATL,CHA,|1626162|1628372|1629023|1629667|1630208,0,REG,2023,203200,SG,,-0.01
1629667,Jalen McDaniels,2220005888,Shot Chart Detail,22200058,88,1610612766,Charlotte Hornets,1,4,47,Made Shot,Jump Bank Shot,,Above the Break 3,Right Side Center(RC),24+ ft.,24,223,92,1,1,20221026,NYK,CHA,|1626162|1628372|1629667|202330|203486,1,REG,2023,203944,PF,Mobile Big,0.07
1629667,Jalen McDaniels,22200058107,Shot Chart Detail,22200058,107,1610612766,Charlotte Hornets,1,3,43,Made Shot,Driving Layup Shot,2PT Field Goal,Restricted Area,Center(C),Less Than 8 ft.,0,7,-1,1,1,20221026,NYK,CHA,|1629667|1630177|1630208|1630547|202330,0,REG,2023,203944,PF,Mobile Big,0.07
1629667,Jalen McDaniels,22200058141,Shot Chart Detail,22200058,141,1610612766,Charlotte Hornets,1,0,44,Missed Shot,Running Layup Shot,,Restricted Area,Center(C),Less Than 8 ft.,0,9,-3,1,0,20221026,NYK,CHA,|1629023|1629667|1630177|1630208|1630547,0,REG,2023,1628392,PF,Mobile Big,0.26
1629667,Jalen McDaniels,22200058153,Shot Chart Detail,22200058,153,1610612766,Charlotte Hornets,1,0,3,Made Shot,Jump Shot,,Above the Break 3,Left Side Center(LC),24+ ft.,26,-157,214,1,1,20221026,NYK,CHA,|1629023|1629667|1630177|1630208|1630547,1,REG,2023,1630193,PG,Low Activity,-1.48
1629667,Jalen McDaniels,22200058517,Shot Chart Detail,22200058,517,1610612766,Charlotte Hornets,4,10,14,Missed Shot,Jump Shot,,In The Paint (Non-RA),Left Side(L),8-16 ft.,9,-66,68,1,0,20221026,NYK,CHA,|1629023|1629667|1630177|1630208|1630547,0,REG,2023,,,,
1629667,Jalen McDaniels,22200058532,Shot Chart Detail,22200058,532,1610612766,Charlotte Hornets,4,9,32,Made Shot,Running Alley Oop Dunk Shot,,Restricted Area,Center(C),Less Than 8 ft.,0,0,-1,1,1,20221026,NYK,CHA,|1626162|1628372|1629667|1630208|1630550,1,REG,2023,201565,PG,,-1.11
1629667,Jalen McDaniels,22200058544,Shot Chart Detail,22200058,544,1610612766,Charlotte Hornets,4,8,33,Made Shot,Driving Layup Shot,,Restricted Area,Center(C),Less Than 8 ft.,0,2,0,1,1,20221026,NYK,CHA,|1626162|1628372|1629667|1630208|1630550,0,REG,2023,,,,
1629667,Jalen McDaniels,22200058547,Shot Chart Detail,22200058,547,1610612766,Charlotte Hornets,4,8,10,Missed Shot,Running Layup Shot,,Restricted Area,Center(C),Less Than 8 ft.,1,12,10,1,0,20221026,NYK,CHA,|1626162|1628372|1629667|1630208|1630550,0,REG,2023,,,,
1629667,Jalen McDaniels,22200058592,Shot Chart Detail,22200058,592,1610612766,Charlotte Hornets,4,5,0,Made Shot,Jump Shot,,Left Corner 3,Left Side(L),24+ ft.,23,-232,-25,1,1,20221026,NYK,CHA,|1626162|1628372|1629667|1630208|202330,1,REG,2023,1628973,PG,Point of Attack,-0.7
1629667,Jalen McDaniels,22200058722,Shot Chart Detail,22200058,722,1610612766,Charlotte Hornets,5,0,9,Missed Shot,Driving Layup Shot,,Restricted Area,Center(C),Less Than 8 ft.,3,36,16,1,0,20221026,NYK,CHA,|1626162|1628372|1629023|1629667|202330,0,REG,2023,1629011,C,Anchor Big,2.06
1629667,Jalen McDaniels,22200071114,Shot Chart Detail,22200071,114,1610612766,Charlotte Hornets,1,2,56,Missed Shot,Turnaround Jump Shot,2PT Field Goal,Mid-Range,Left Side(L),8-16 ft.,11,-100,46,1,0,20221028,ORL,CHA,|1629667|1630177|1630208|1630547|202330,0,REG,2023,1629626,PF,Helper,-0.32
1629667,Jalen McDaniels,22200071143,Shot Chart Detail,22200071,143,1610612766,Charlotte Hornets,1,0,42,Missed Shot,Jump Shot,,Above the Break 3,Left Side Center(LC),24+ ft.,25,-179,185,1,0,20221028,ORL,CHA,|1629023|1629667|1630177|1630208|1630547,0,REG,2023,1629643,PF,Helper,-0.12
1629667,Jalen McDaniels,22200071196,Shot Chart Detail,22200071,196,1610612766,Charlotte Hornets,2,9,32,Made Shot,Running Dunk Shot,,Restricted Area,Center(C),Less Than 8 ft.,0,-6,4,1,1,20221028,ORL,CHA,|1626162|1628372|1629667|1630208|1630550,0,REG,2023,1629643,PF,Helper,-0.12
1629667,Jalen McDaniels,22200071278,Shot Chart Detail,22200071,278,1610612766,Charlotte Hornets,2,3,14,Missed Shot,Turnaround Fadeaway shot,2PT Field Goal,In The Paint (Non-RA),Center(C),8-16 ft.,11,-28,109,1,0,20221028,ORL,CHA,|1629667|1630177|1630547|202330|203486,0,REG,2023,1629626,PF,Helper,-0.32
1629667,Jalen McDaniels,22200071413,Shot Chart Detail,22200071,413,1610612766,Charlotte Hornets,3,4,31,Missed Shot,Jump Shot,,Above the Break 3,Right Side Center(RC),24+ ft.,25,202,154,1,0,20221028,ORL,CHA,|1628372|1629667|1630547|202330|203486,0,REG,2023,,,,
1629667,Jalen McDaniels,22200071453,Shot Chart Detail,22200071,453,1610612766,Charlotte Hornets,3,2,21,Missed Shot,Turnaround Jump Shot,,In The Paint (Non-RA),Center(C),Less Than 8 ft.,5,9,59,1,0,20221028,ORL,CHA,|1629023|1629667|1630177|1630208|1630547,0,REG,2023,1629643,PF,Helper,-0.12
1629667,Jalen McDaniels,22200071574,Shot Chart Detail,22200071,574,1610612766,Charlotte Hornets,4,6,21,Missed Shot,Driving Layup Shot,2PT Field Goal,Restricted Area,Center(C),Less Than 8 ft.,2,-2,21,1,0,20221028,ORL,CHA,|1629667|1630177|1630547|1630550|1631109,0,REG,2023,1631216,SF,Low Activity,-0.66
1629667,Jalen McDaniels,2220008287,Shot Chart Detail,22200082,87,1610612766,Charlotte Hornets,1,4,25,Made Shot,Jump Shot,,Right Corner 3,Right Side(R),24+ ft.,24,233,76,1,1,20221029,CHA,GSW,|1628372|1629667|1630547|202330|203486,1,REG,2023,201939,PG,,-0.56
1629667,Jalen McDaniels,22200082137,Shot Chart Detail,22200082,137,1610612766,Charlotte Hornets,1,0,59,Missed Shot,Jump Shot,,Left Corner 3,Left Side(L),24+ ft.,23,-227,71,1,0,20221029,CHA,GSW,|1629023|1629667|1630177|1630208|1630547,0,REG,2023,1630541,SG,Helper,-0.88
1629667,Jalen McDaniels,22200082213,Shot Chart Detail,22200082,213,1610612766,Charlotte Hornets,2,7,48,Made Shot,Driving Reverse Layup Shot,,Restricted Area,Center(C),Less Than 8 ft.,3,-38,7,1,1,20221029,CHA,GSW,|1626162|1629667|1630177|1630208|1630550,1,REG,2023,1629673,SG,Low Activity,-0.2
1629667,Jalen McDaniels,22200082222,Shot Chart Detail,22200082,222,1610612766,Charlotte Hornets,2,6,34,Missed Shot,Floating Jump shot,,In The Paint (Non-RA),Center(C),Less Than 8 ft.,4,7,48,1,0,20221029,CHA,GSW,|1626162|1629667|1630177|1630208|1630550,0,REG,2023,1626172|1629660,,,
1629667,Jalen McDaniels,22200082442,Shot Chart Detail,22200082,442,1610612766,Charlotte Hornets,3,4,9,Missed Shot,Jump Shot,,Above the Break 3,Left Side Center(LC),24+ ft.,25,-195,169,1,0,20221029,CHA,GSW,|1628372|1629667|1630547|202330|203486,0,REG,2023,203110,SF,,1.0
1629667,Jalen McDaniels,22200082495,Shot Chart Detail,22200082,495,1610612766,Charlotte Hornets,3,0,50,Missed Shot,Driving Layup Shot,,In The Paint (Non-RA),Center(C),Less Than 8 ft.,4,43,22,1,0,20221029,CHA,GSW,|1629023|1629667|1630177|1630208|1630547,0,REG,2023,1626172,PF,Helper,-0.97
1629667,Jalen McDaniels,22200082499,Shot Chart Detail,22200082,499,1610612766,Charlotte Hornets,3,0,6,Missed Shot,Jump Shot,,Above the Break 3,Left Side Center(LC),24+ ft.,25,-200,162,1,0,20221029,CHA,GSW,|1629023|1629667|1630177|1630208|1630547,0,REG,2023,1630541,SG,Helper,-0.88
1629667,Jalen McDaniels,22200082510,Shot Chart Detail,22200082,510,1610612766,Charlotte Hornets,4,11,15,Made Shot,Jump Shot,,Mid-Range,Right Side(R),8-16 ft.,14,143,41,1,1,20221029,CHA,GSW,|1626162|1629023|1629667|1630177|1630208,1,REG,2023,1626172,PF,Helper,-0.97
1629667,Jalen McDaniels,22200082709,Shot Chart Detail,22200082,709,1610612766,Charlotte Hornets,5,2,1,Made Shot,Jump Shot,,Above the Break 3,Left Side Center(LC),24+ ft.,25,-93,235,1,1,20221029,CHA,GSW,|1626162|1628372|1629023|1629667|202330,1,REG,2023,201939,PG,,-0.56
1629667,Jalen McDaniels,22200082723,Shot Chart Detail,22200082,723,1610612766,Charlotte Hornets,5,2,28,Missed Shot,Driving Layup Shot,,Restricted Area,Center(C),Less Than 8 ft.,3,20,31,1,0,20221029,CHA,GSW,|1626162|1628372|1629023|1629667|202330,0,REG,2023,1629673,SG,Low Activity,-0.2
1629667,Jalen McDaniels,2220009696,Shot Chart Detail,22200096,96,1610612766,Charlotte Hornets,1,5,48,Made Shot,Jump Shot,,Left Corner 3,Left Side(L),24+ ft.,24,-235,52,1,1,20221031,CHA,SAC,|1628372|1629667|1630547|202330|203486,1,REG,2023,1626168,PF,Helper,-0.61
1629667,Jalen McDaniels,22200096101,Shot Chart Detail,22200096,101,1610612766,Charlotte Hornets,1,5,10,Made Shot,Jump Shot,,Above the Break 3,Center(C),24+ ft.,28,-56,279,1,1,20221031,CHA,SAC,|1628372|1629667|1630547|202330|203486,1,REG,2023,1626168,PF,Helper,-0.61
1629667,Jalen McDaniels,22200096115,Shot Chart Detail,22200096,115,1610612766,Charlotte Hornets,1,4,25,Made Shot,Driving Layup Shot,2PT Field Goal,Restricted Area,Center(C),Less Than 8 ft.,2,23,10,1,1,20221031,CHA,SAC,|1629667|1630177|1630208|1630547|202330,1,REG,2023,1631099,SF,Helper,0.16
1629667,Jalen McDaniels,22200096120,Shot Chart Detail,22200096,120,1610612766,Charlotte Hornets,1,3,49,Missed Shot,Step Back Jump shot,2PT Field Goal,Mid-Range,Right Side Center(RC),16-24 ft.,16,119,121,1,0,20221031,CHA,SAC,|1629667|1630177|1630208|1630547|202330,0,REG,2023,1626168,PF,Helper,-0.61
1629667,Jalen McDaniels,22200096124,Shot Chart Detail,22200096,124,1610612766,Charlotte Hornets,1,3,36,Missed Shot,Running Layup Shot,2PT Field Goal,Restricted Area,Center(C),Less Than 8 ft.,2,21,18,1,0,20221031,CHA,SAC,|1629667|1630177|1630208|1630547|202330,0,REG,2023,1631099|1628989,,,
1629667,Jalen McDaniels,22200096196,Shot Chart Detail,22200096,196,1610612766,Charlotte Hornets,2,11,29,Missed Shot,Pullup Jump shot,,Mid-Range,Right Side(R),8-16 ft.,15,150,41,1,0,20221031,CHA,SAC,|1626162|1628372|1629023|1629667|1630208,0,REG,2023,203084,SF,,0.86
1629667,Jalen McDaniels,22200096463,Shot Chart Detail,22200096,463,1610612766,Charlotte Hornets,3,3,51,Missed Shot,Driving Reverse Layup Shot,,Restricted Area,Center(C),Less Than 8 ft.,2,-21,1,1,0,20221031,CHA,SAC,|1628372|1629023|1629667|202330|203486,0,REG,2023,203521,SG,Point of Attack,-0.07
1629667,Jalen McDaniels,22200096555,Shot Chart Detail,22200096,555,1610612766,Charlotte Hornets,4,10,41,Missed Shot,Driving Layup Shot,,Restricted Area,Center(C),Less Than 8 ft.,0,-7,1,1,0,20221031,CHA,SAC,|1628372|1629023|1629667|1630208|1630547,0,REG,2023,1626168,PF,Helper,-0.61
1629667,Jalen McDaniels,22200096557,Shot Chart Detail,22200096,557,1610612766,Charlotte Hornets,4,10,36,Made Shot,Tip Layup Shot,,Restricted Area,Center(C),Less Than 8 ft.,0,0,0,1,1,20221031,CHA,SAC,|1628372|1629023|1629667|1630208|1630547,0,REG,2023,1626168,PF,Helper,-0.61
1629667,Jalen McDaniels,22200096675,Shot Chart Detail,22200096,675,1610612766,Charlotte Hornets,4,1,39,Made Shot,Jump Shot,,Left Corner 3,Left Side(L),24+ ft.,22,-228,-8,1,1,20221031,CHA,SAC,|1628372|1629023|1629667|202330|203486,1,REG,2023,,,,
1629667,Jalen McDaniels,22200096704,Shot Chart Detail,22200096,704,1610612766,Charlotte Hornets,4,0,13,Missed Shot,Fadeaway Jump Shot,,Left Corner 3,Left Side(L),24+ ft.,23,-232,31,1,0,20221031,CHA,SAC,|1626162|1628372|1629023|1629667|202330,0,REG,2023,1630558,PG,Point of Attack,-1.11
1629667,Jalen McDaniels,22200111115,Shot Chart Detail,22200111,115,1610612766,Charlotte Hornets,1,3,18,Missed Shot,Layup Shot,2PT Field Goal,Restricted Area,Center(C),Less Than 8 ft.,1,10,12,1,0,20221102,CHI,CHA,|1629667|1630177|1630208|1630547|202330,0,REG,2023,1629750,SG,Chaser,-0.29
1629667,Jalen McDaniels,22200111196,Shot Chart Detail,22200111,196,1610612766,Charlotte Hornets,2,10,0,Made Shot,Layup Shot,,Restricted Area,Center(C),Less Than 8 ft.,1,11,2,1,1,20221102,CHI,CHA,|1626162|1628372|1629023|1629667|1630208,1,REG,2023,1629750|203897,,,
1629667,Jalen McDaniels,22200111204,Shot Chart Detail,22200111,204,1610612766,Charlotte Hornets,2,9,26,Made Shot,Cutting Layup Shot,,Restricted Area,Center(C),Less Than 8 ft.,0,0,6,1,1,20221102,CHI,CHA,|1626162|1628372|1629023|1629667|1630550,1,REG,2023,,,,
1629667,Jalen McDaniels,22200111229,Shot Chart Detail,22200111,229,1610612766,Charlotte Hornets,2,6,57,Missed Shot,Driving Layup Shot,,Restricted Area,Center(C),Less Than 8 ft.,2,11,17,1,0,20221102,CHI,CHA,|1626162|1628372|1629023|1629667|1630550,0,REG,2023,1630172|1630245,,,
1629667,Jalen McDaniels,22200111289,Shot Chart Detail,22200111,289,1610612766,Charlotte Hornets,2,3,47,Missed Shot,Jump Shot,,Above the Break 3,Right Side Center(RC),24+ ft.,26,131,225,1,0,20221102,CHI,CHA,|1626162|1629667|1630177|202330|203486,0,REG,2023,201942,SG,,-0.49
1629667,Jalen McDaniels,22200111312,Shot Chart Detail,22200111,312,1610612766,Charlotte Hornets,2,1,51,Missed Shot,Jump Shot,3PT Field Goal,Above the Break 3,Left Side Center(LC),24+ ft.,26,-120,241,1,0,20221102,CHI,CHA,|1629667|1630177|1630547|202330|203486,0,REG,2023,202696,C,,0.57
1629667,Jalen McDaniels,22200111325,Shot Chart Detail,22200111,325,1610612766,Charlotte Hornets,2,1,7,Missed Shot,Jump Shot,,Left Corner 3,Left Side(L),24+ ft.,22,-228,-1,1,0,20221102,CHI,CHA,|1628372|1629667|1630547|202330|203486,0,REG,2023,201942,SG,,-0.49
1629667,Jalen McDaniels,22200111331,Shot Chart Detail,22200111,331,1610612766,Charlotte Hornets,2,0,49,Made Shot,Putback Dunk Shot,,Restricted Area,Center(C),Less Than 8 ft.,0,0,0,1,1,20221102,CHI,CHA,|1628372|1629667|1630547|202330|203486,0,REG,2023,,,,
1629667,Jalen McDaniels,22200111363,Shot Chart Detail,22200111,363,1610612766,Charlotte Hornets,3,10,57,Missed Shot,Layup Shot,,In The Paint (Non-RA),Center(C),Less Than 8 ft.,5,-44,38,1,0,20221102,CHI,CHA,|1626162|1628372|1629023|1629667|203486,0,REG,2023,201942,SG,,-0.49
1629667,Jalen McDaniels,22200111367,Shot Chart Detail,22200111,367,1610612766,Charlotte Hornets,3,10,29,Missed Shot,Driving Finger Roll Layup Shot,,Restricted Area,Center(C),Less Than 8 ft.,1,11,5,1,0,20221102,CHI,CHA,|1626162|1628372|1629023|1629667|203486,0,REG,2023,203897,PG,Point of Attack,-2.4
1629667,Jalen McDaniels,22200111371,Shot Chart Detail,22200111,371,1610612766,Charlotte Hornets,3,9,53,Missed Shot,Jump Shot,,Above the Break 3,Left Side Center(LC),24+ ft.,24,-192,159,1,0,20221102,CHI,CHA,|1626162|1628372|1629023|1629667|203486,0,REG,2023,1630172,PF,Wing Stopper,0.12
1629667,Jalen McDaniels,22200111394,Shot Chart Detail,22200111,394,1610612766,Charlotte Hornets,3,7,38,Missed Shot,Jump Shot,,Above the Break 3,Right Side Center(RC),24+ ft.,25,186,169,1,0,20221102,CHI,CHA,|1626162|1628372|1629023|1629667|203486,0,REG,2023,,,,
1629667,Jalen McDaniels,22200111398,Shot Chart Detail,22200111,398,1610612766,Charlotte Hornets,3,7,17,Made Shot,Running Alley Oop Dunk Shot,,Restricted Area,Center(C),Less Than 8 ft.,0,4,-1,1,1,20221102,CHI,CHA,|1626162|1628372|1629023|1629667|203486,1,REG,2023,203897,PG,Point of Attack,-2.4
1629667,Jalen McDaniels,22200111587,Shot Chart Detail,22200111,587,1610612766,Charlotte Hornets,4,7,26,Missed Shot,Floating Jump shot,,In The Paint (Non-RA),Right Side(R),8-16 ft.,8,60,66,1,0,20221102,CHI,CHA,|1626162|1628372|1629023|1629667|203486,0,REG,2023,1630172,PF,Wing Stopper,0.12
1629667,Jalen McDaniels,22200111645,Shot Chart Detail,22200111,645,1610612766,Charlotte Hornets,4,3,51,Missed Shot,Layup Shot,2PT Field Goal,Restricted Area,Center(C),Less Than 8 ft.,1,11,14,1,0,20221102,CHI,CHA,|1629667|1630177|1630539|1630547|1630550,0,REG,2023,202696,C,,0.57
1629667,Jalen McDaniels,22200111647,Shot Chart Detail,22200111,647,1610612766,Charlotte Hornets,4,3,47,Made Shot,Putback Layup Shot,2PT Field Goal,Restricted Area,Center(C),Less Than 8 ft.,0,0,0,1,1,20221102,CHI,CHA,|1629667|1630177|1630539|1630547|1630550,0,REG,2023,202696,C,,0.57
1629667,Jalen McDaniels,22200111690,Shot Chart Detail,22200111,690,1610612766,Charlotte Hornets,4,0,36,Missed Shot,Layup Shot,2PT Field Goal,Restricted Area,Center(C),Less Than 8 ft.,1,-15,1,1,0,20221102,CHI,CHA,|1629667|1630177|1630539|1630547|1630550,0,REG,2023,1629750|1627936,,,
1629667,Jalen McDaniels,22200111695,Shot Chart Detail,22200111,695,1610612766,Charlotte Hornets,4,5,36,Missed Shot,Tip Layup Shot,,Restricted Area,Center(C),Less Than 8 ft.,0,6,6,1,0,20221102,CHI,CHA,|1626162|1628372|1629023|1629667|203486,0,REG,2023,201942,SG,,-0.49
1629667,Jalen McDaniels,2220012511,Shot Chart Detail,22200125,11,1610612766,Charlotte Hornets,1,11,11,Missed Shot,Jump Shot,,Above the Break 3,Left Side Center(LC),24+ ft.,25,-197,158,1,0,20221104,MEM,CHA,|1626162|1628372|1629023|1629667|203486,0,REG,2023,1630217,SG,Chaser,-0.26
1629667,Jalen McDaniels,22200125288,Shot Chart Detail,22200125,288,1610612766,Charlotte Hornets,2,4,3,Missed Shot,Jump Shot,,Above the Break 3,Right Side Center(RC),24+ ft.,25,140,215,1,0,20221104,MEM,CHA,|1626162|1629023|1629667|1630177|203486,0,REG,2023,1629723,SG,Chaser,1.5121835074421404
1629667,Jalen McDaniels,22200125294,Shot Chart Detail,22200125,294,1610612766,Charlotte Hornets,2,3,36,Missed Shot,Jump Shot,,Above the Break 3,Left Side Center(LC),24+ ft.,25,-140,212,1,0,20221104,MEM,CHA,|1626162|1629023|1629667|1630177|203486,0,REG,2023,1629723,SG,Chaser,1.5121835074421404
1629667,Jalen McDaniels,22200125388,Shot Chart Detail,22200125,388,1610612766,Charlotte Hornets,3,9,27,Made Shot,Layup Shot,,In The Paint (Non-RA),Center(C),Less Than 8 ft.,6,51,36,1,1,20221104,MEM,CHA,|1626162|1628372|1629023|1629667|203486,0,REG,2023,203500,C,Mobile Big,0.99
1629667,Jalen McDaniels,22200125419,Shot Chart Detail,22200125,419,1610612766,Charlotte Hornets,3,6,24,Missed Shot,Running Jump Shot,,Above the Break 3,Right Side Center(RC),24+ ft.,25,191,174,1,0,20221104,MEM,CHA,|1626162|1628372|1629023|1629667|203486,0,REG,2023,1630217,SG,Chaser,-0.26
1629667,Jalen McDaniels,2220013399,Shot Chart Detail,22200133,99,1610612766,Charlotte Hornets,1,4,30,Missed Shot,Jump Shot,,Mid-Range,Right Side Center(RC),16-24 ft.,17,114,128,1,0,20221105,CHA,BKN,|1626162|1629667|1630177|1630547|203486,0,REG,2023,,,,
1629667,Jalen McDaniels,22200133123,Shot Chart Detail,22200133,123,1610612766,Charlotte Hornets,1,2,54,Made Shot,Putback Layup Shot,,Restricted Area,Center(C),Less Than 8 ft.,1,17,5,1,1,20221105,CHA,BKN,|1626162|1629667|1630177|1630208|1630547,0,REG,2023,1626220,SF,Chaser,0.9
1629667,Jalen McDaniels,22200133314,Shot Chart Detail,22200133,314,1610612766,Charlotte Hornets,2,1,21,Missed Shot,Jump Shot,,Above the Break 3,Right Side Center(RC),24+ ft.,25,218,131,1,0,20221105,CHA,BKN,|1626179|1629023|1629667|1630547|203486,0,REG,2023,,,,
1629667,Jalen McDaniels,22200133385,Shot Chart Detail,22200133,385,1610612766,Charlotte Hornets,3,8,6,Made Shot,Running Layup Shot,,Restricted Area,Center(C),Less Than 8 ft.,0,7,3,1,1,20221105,CHA,BKN,|1626162|1626179|1629023|1629667|203486,1,REG,2023,,,,
1629667,Jalen McDaniels,22200133422,Shot Chart Detail,22200133,422,1610612766,Charlotte Hornets,3,5,14,Made Shot,Hook Shot,,Restricted Area,Center(C),Less Than 8 ft.,1,4,16,1,1,20221105,CHA,BKN,|1626162|1629667|1630177|1630550|203486,0,REG,2023,1626220,SF,Chaser,0.9
1629667,Jalen McDaniels,22200133603,Shot Chart Detail,22200133,603,1610612766,Charlotte Hornets,4,5,15,Missed Shot,Jump Shot,,Right Corner 3,Right Side(R),24+ ft.,24,244,-26,1,0,20221105,CHA,BKN,|1626162|1629023|1629667|1630177|203486,0,REG,2023,,,,
1629667,Jalen McDaniels,22200133614,Shot Chart Detail,22200133,614,1610612766,Charlotte Hornets,4,3,57,Missed Shot,Jump Shot,,Above the Break 3,Left Side Center(LC),24+ ft.,25,-167,197,1,0,20221105,CHA,BKN,|1626162|1626179|1629023|1629667|203486,0,REG,2023,1629139,SF,Helper,-0.16
1629667,Jalen McDaniels,22200144101,Shot Chart Detail,22200144,101,1610612766,Charlotte Hornets,1,4,15,Missed Shot,Jump Shot,,Above the Break 3,Center(C),24+ ft.,25,-45,251,1,0,20221107,CHA,WAS,|1626162|1628372|1629667|1630208|1630547,0,REG,2023,,,,
1629667,Jalen McDaniels,22200144123,Shot Chart Detail,22200144,123,1610612766,Charlotte Hornets,1,2,49,Missed Shot,Driving Layup Shot,,In The Paint (Non-RA),Center(C),Less Than 8 ft.,4,25,35,1,0,20221107,CHA,WAS,|1628372|1629023|1629667|1630208|1630547,0,REG,2023,1630264|1629655,,,
1629667,Jalen McDaniels,22200144201,Shot Chart Detail,22200144,201,1610612766,Charlotte Hornets,2,10,4,Made Shot,Running Layup Shot,,Restricted Area,Center(C),Less Than 8 ft.,1,10,-1,1,1,20221107,CHA,WAS,|1626179|1629667|1630208|1630547|1630550,1,REG,2023,,,,
1629667,Jalen McDaniels,22200144314,Shot Chart Detail,22200144,314,1610612766,Charlotte Hornets,2,2,53,Made Shot,Jump Shot,,Above the Break 3,Center(C),24+ ft.,26,43,260,1,1,20221107,CHA,WAS,|1626162|1626179|1628372|1629667|203486,1,REG,2023,1628398,PF,Helper,-1.23
1629667,Jalen McDaniels,22200144469,Shot Chart Detail,22200144,469,1610612766,Charlotte Hornets,3,3,21,Made Shot,Running Layup Shot,,Restricted Area,Center(C),Less Than 8 ft.,1,11,10,1,1,20221107,CHA,WAS,|1626162|1628372|1629667|1630208|1630547,1,REG,2023,204001,PF,Helper,1.12
1629667,Jalen McDaniels,22200144481,Shot Chart Detail,22200144,481,1610612766,Charlotte Hornets,3,3,17,Missed Shot,Tip Layup Shot,,Restricted Area,Center(C),Less Than 8 ft.,0,0,0,1,0,20221107,CHA,WAS,|1628372|1629023|1629667|1630208|1630547,0,REG,2023,1629655,C,Mobile Big,1.34
1629667,Jalen McDaniels,22200144513,Shot Chart Detail,22200144,513,1610612766,Charlotte Hornets,3,0,9,Missed Shot,Jump Shot,,Right Corner 3,Right Side(R),24+ ft.,23,232,16,1,0,20221107,CHA,WAS,|1626179|1629023|1629667|1630208|1630547,0,REG,2023,,,,
1629667,Jalen McDaniels,22200144573,Shot Chart Detail,22200144,573,1610612766,Charlotte Hornets,4,6,49,Missed Shot,Jump Shot,,Left Corner 3,Left Side(L),24+ ft.,23,-228,32,1,0,20221107,CHA,WAS,|1626179|1628372|1629667|1630208|1630550,0,REG,2023,,,,
1629667,Jalen McDaniels,22200144670,Shot Chart Detail,22200144,670,1610612766,Charlotte Hornets,4,0,34,Made Shot,Tip Dunk Shot,,Restricted Area,Center(C),Less Than 8 ft.,0,0,0,1,1,20221107,CHA,WAS,|1626162|1626179|1628372|1629023|1629667,0,REG,2023,1630692,SG,Point of Attack,-0.02
1629667,Jalen McDaniels,22200159110,Shot Chart Detail,22200159,110,1610612766,Charlotte Hornets,1,2,43,Made Shot,Jump Shot,,Left Corner 3,Left Side(L),24+ ft.,23,-233,34,1,1,20221109,CHA,POR,|1626162|1628372|1629667|1630208|1630547,1,REG,2023,1631133,SF,Helper,-0.52
1629667,Jalen McDaniels,22200159169,Shot Chart Detail,22200159,169,1610612766,Charlotte Hornets,2,9,25,Missed Shot,Jump Shot,,Above the Break 3,Left Side Center(LC),24+ ft.,25,-109,233,1,0,20221109,CHA,POR,|1626179|1629023|1629667|1630208|1630547,0,REG,2023,1631101,SG,Chaser,-1.84
1629667,Jalen McDaniels,22200159184,Shot Chart Detail,22200159,184,1610612766,Charlotte Hornets,2,8,36,Missed Shot,Jump Shot,,Mid-Range,Right Side(R),8-16 ft.,14,129,60,1,0,20221109,CHA,POR,|1626179|1629667|1630208|1630547|1630550,0,REG,2023,1629642,PF,Helper,-0.47
1629667,Jalen McDaniels,22200159205,Shot Chart Detail,22200159,205,1610612766,Charlotte Hornets,2,7,17,Missed Shot,Tip Layup Shot,,Restricted Area,Center(C),Less Than 8 ft.,0,0,0,1,0,20221109,CHA,POR,|1626179|1629667|1630208|1630547|1630550,0,REG,2023,1629642|1630570,,,
1629667,Jalen McDaniels,22200159456,Shot Chart Detail,22200159,456,1610612766,Charlotte Hornets,3,2,4,Made Shot,Running Dunk Shot,,Restricted Area,Center(C),Less Than 8 ft.,0,-2,3,1,1,20221109,CHA,POR,|1626162|1628372|1629667|1630208|1630547,0,REG,2023,1631101,SG,Chaser,-1.84
1629667,Jalen McDaniels,22200159480,Shot Chart Detail,22200159,480,1610612766,Charlotte Hornets,3,1,16,Missed Shot,Jump Shot,,Right Corner 3,Right Side(R),24+ ft.,23,229,31,1,0,20221109,CHA,POR,|1626179|1629023|1629667|1630177|1630208,0,REG,2023,1631133,SF,Helper,-0.52
1629667,Jalen McDaniels,22200159540,Shot Chart Detail,22200159,540,1610612766,Charlotte Hornets,4,9,46,Made Shot,Putback Layup Shot,,Restricted Area,Center(C),Less Than 8 ft.,0,0,0,1,1,20221109,CHA,POR,|1626179|1629023|1629667|1630177|203486,0,REG,2023,1629014,SG,Point of Attack,-1.07
1629667,Jalen McDaniels,2220017482,Shot Chart Detail,22200174,82,1610612766,Charlotte Hornets,1,5,27,Missed Shot,Running Layup Shot,,Restricted Area,Center(C),Less Than 8 ft.,3,-28,14,1,0,20221110,MIA,CHA,|1626162|1628372|1629667|1630547|203486,0,REG,2023,200768,PG,,0.41
1629667,Jalen McDaniels,22200174152,Shot Chart Detail,22200174,152,1610612766,Charlotte Hornets,1,0,27,Made Shot,Fadeaway Jump Shot,,In The Paint (Non-RA),Center(C),8-16 ft.,12,-2,129,1,1,20221110,MIA,CHA,|1626179|1629023|1629667|1630208|1630547,0,REG,2023,1629622,SF,Chaser,-0.41
1629667,Jalen McDaniels,22200174189,Shot Chart Detail,22200174,189,1610612766,Charlotte Hornets,2,9,45,Missed Shot,Driving Layup Shot,,In The Paint (Non-RA),Center(C),Less Than 8 ft.,6,-40,51,1,0,20221110,MIA,CHA,|1626179|1629023|1629667|1630208|1630547,0,REG,2023,1629622,SF,Chaser,-0.41
1629667,Jalen McDaniels,22200174426,Shot Chart Detail,22200174,426,1610612766,Charlotte Hornets,3,4,51,Made Shot,Jump Shot,,Right Corner 3,Right Side(R),24+ ft.,23,230,0,1,1,20221110,MIA,CHA,|1626162|1626179|1629667|1630547|203486,1,REG,2023,200768,PG,,0.41
1629667,Jalen McDaniels,22200174520,Shot Chart Detail,22200174,520,1610612766,Charlotte Hornets,4,10,43,Made Shot,Jump Shot,,Right Corner 3,Right Side(R),24+ ft.,23,229,27,1,1,20221110,MIA,CHA,|1626179|1628372|1629023|1629667|203486,1,REG,2023,1629622,SF,Chaser,-0.41
1629667,Jalen McDaniels,22200174529,Shot Chart Detail,22200174,529,1610612766,Charlotte Hornets,4,9,45,Made Shot,Jump Shot,,In The Paint (Non-RA),Center(C),8-16 ft.,9,0,97,1,1,20221110,MIA,CHA,|1626179|1628372|1629023|1629667|203486,0,REG,2023,1629130,SF,Chaser,-0.59
1629667,Jalen McDaniels,22200174538,Shot Chart Detail,22200174,538,1610612766,Charlotte Hornets,4,9,22,Made Shot,Putback Layup Shot,,Restricted Area,Center(C),Less Than 8 ft.,1,-1,15,1,1,20221110,MIA,CHA,|1626179|1628372|1629023|1629667|203486,0,REG,2023,1629216,PG,Chaser,-0.43
1629667,Jalen McDaniels,22200174551,Shot Chart Detail,22200174,551,1610612766,Charlotte Hornets,4,8,26,Missed Shot,Jump Shot,,Above the Break 3,Left Side Center(LC),24+ ft.,26,-150,217,1,0,20221110,MIA,CHA,|1626162|1626179|1628372|1629667|203486,0,REG,2023,1629216,PG,Chaser,-0.43
1629667,Jalen McDaniels,22200174584,Shot Chart Detail,22200174,584,1610612766,Charlotte Hornets,4,5,48,Made Shot,Jump Shot,,Above the Break 3,Right Side Center(RC),24+ ft.,26,145,222,1,1,20221110,MIA,CHA,|1626162|1626179|1628372|1629667|203486,1,REG,2023,1629622,SF,Chaser,-0.41
1629667,Jalen McDaniels,22200174588,Shot Chart Detail,22200174,588,1610612766,Charlotte Hornets,4,5,19,Missed Shot,Jump Shot,,Right Corner 3,Right Side(R),24+ ft.,22,223,6,1,0,20221110,MIA,CHA,|1626162|1626179|1628372|1629667|203486,0,REG,2023,200768,PG,,0.41
1629667,Jalen McDaniels,22200189136,Shot Chart Detail,22200189,136,1610612766,Charlotte Hornets,1,0,34,Made Shot,Jump Shot,,Right Corner 3,Right Side(R),24+ ft.,23,237,14,1,1,20221112,MIA,CHA,|1629023|1629667|1630163|1630208|1630547,1,REG,2023,1629622,SF,Chaser,-0.41
1629667,Jalen McDaniels,22200189188,Shot Chart Detail,22200189,188,1610612766,Charlotte Hornets,2,9,19,Made Shot,Running Finger Roll Layup Shot,,Restricted Area,Center(C),Less Than 8 ft.,3,34,15,1,1,20221112,MIA,CHA,|1629023|1629667|1630163|1630177|1630208,0,REG,2023,1628389|1628997,,,
1629667,Jalen McDaniels,22200189402,Shot Chart Detail,22200189,402,1610612766,Charlotte Hornets,3,5,47,Missed Shot,Floating Jump shot,,In The Paint (Non-RA),Center(C),Less Than 8 ft.,7,1,71,1,0,20221112,MIA,CHA,|1626162|1626179|1629667|1630547|203486,0,REG,2023,1628389,C,Anchor Big,0.91
1629667,Jalen McDaniels,22200189474,Shot Chart Detail,22200189,474,1610612766,Charlotte Hornets,3,0,35,Missed Shot,Jump Shot,,Left Corner 3,Left Side(L),24+ ft.,23,-237,21,1,0,20221112,MIA,CHA,|1629023|1629667|1630163|1630208|1630547,0,REG,2023,1629622,SF,Chaser,-0.41
1629667,Jalen McDaniels,22200189527,Shot Chart Detail,22200189,527,1610612766,Charlotte Hornets,4,7,33,Missed Shot,Driving Layup Shot,,Restricted Area,Center(C),Less Than 8 ft.,1,-12,15,1,0,20221112,MIA,CHA,|1626162|1626179|1629667|1630177|1630208,0,REG,2023,1629622,SF,Chaser,-0.41
1629667,Jalen McDaniels,22200189574,Shot Chart Detail,22200189,574,1610612766,Charlotte Hornets,4,4,54,Made Shot,Driving Finger Roll Layup Shot,,Restricted Area,Center(C),Less Than 8 ft.,1,-2,16,1,1,20221112,MIA,CHA,|1626162|1626179|1629667|1630163|203486,0,REG,2023,200768,PG,,0.41
1629667,Jalen McDaniels,22200200153,Shot Chart Detail,22200200,153,1610612766,Charlotte Hornets,1,0,0,Missed Shot,Jump Shot,,Above the Break 3,Right Side Center(RC),24+ ft.,25,221,133,1,0,20221114,ORL,CHA,|1629023|1629667|1630163|1630177|1630208,0,REG,2023,1628976,C,Mobile Big,2.06
1629667,Jalen McDaniels,22200200177,Shot Chart Detail,22200200,177,1610612766,Charlotte Hornets,2,9,57,Missed Shot,Driving Finger Roll Layup Shot,,In The Paint (Non-RA),Center(C),Less Than 8 ft.,5,50,18,1,0,20221114,ORL,CHA,|1629023|1629667|1630163|1630547|203486,0,REG,2023,1631216|1628976,,,
1629667,Jalen McDaniels,22200200214,Shot Chart Detail,22200200,214,1610612766,Charlotte Hornets,2,7,52,Made Shot,Driving Floating Bank Jump Shot,,Restricted Area,Center(C),Less Than 8 ft.,2,22,6,1,1,20221114,ORL,CHA,|1626162|1626179|1629667|1630163|203486,0,REG,2023,1629643,PF,Helper,-0.12
1629667,Jalen McDaniels,22200200219,Shot Chart Detail,22200200,219,1610612766,Charlotte Hornets,2,7,37,Made Shot,Running Dunk Shot,,Restricted Area,Center(C),Less Than 8 ft.,2,-9,26,1,1,20221114,ORL,CHA,|1626162|1626179|1629667|1630163|203486,1,REG,2023,,,,
1629667,Jalen McDaniels,22200200430,Shot Chart Detail,22200200,430,1610612766,Charlotte Hornets,3,4,34,Made Shot,Fadeaway Jump Shot,,Mid-Range,Center(C),8-16 ft.,15,17,151,1,1,20221114,ORL,CHA,|1626162|1626179|1629667|1630177|1630208,0,REG,2023,,,,
1629667,Jalen McDaniels,22200200464,Shot Chart Detail,22200200,464,1610612766,Charlotte Hornets,3,2,16,Missed Shot,Driving Floating Jump Shot,,Mid-Range,Right Side(R),8-16 ft.,12,112,48,1,0,20221114,ORL,CHA,|1629023|1629667|1630163|1630177|1630208,0,REG,2023,1631216,SF,Low Activity,-0.66
1629667,Jalen McDaniels,22200200498,Shot Chart Detail,22200200,498,1610612766,Charlotte Hornets,4,11,42,Made Shot,Alley Oop Layup shot,,Restricted Area,Center(C),Less Than 8 ft.,2,-18,19,1,1,20221114,ORL,CHA,|1629023|1629667|1630163|1630177|1630208,1,REG,2023,1629643,PF,Helper,-0.12
1629667,Jalen McDaniels,22200211100,Shot Chart Detail,22200211,100,1610612766,Charlotte Hornets,1,4,52,Missed Shot,Jump Shot,,Right Corner 3,Right Side(R),24+ ft.,23,230,64,1,0,20221116,CHA,IND,|1626162|1626179|1629667|1630177|203486,0,REG,2023,1631097,SG,Chaser,-2.23
1629667,Jalen McDaniels,22200211145,Shot Chart Detail,22200211,145,1610612766,Charlotte Hornets,1,1,36,Made Shot,Running Layup Shot,,Restricted Area,Center(C),Less Than 8 ft.,1,-4,16,1,1,20221116,CHA,IND,|1629023|1629667|1630163|1630177|1630208,1,REG,2023,204456,PG,Point of Attack,0.52
1629667,Jalen McDaniels,22200211181,Shot Chart Detail,22200211,181,1610612766,Charlotte Hornets,2,10,41,Missed Shot,Jump Shot,,Left Corner 3,Left Side(L),24+ ft.,23,-232,37,1,0,20221116,CHA,IND,|1629023|1629667|1630163|1630208|1630547,0,REG,2023,1629052,SF,Helper,-0.82
1629667,Jalen McDaniels,22200211485,Shot Chart Detail,22200211,485,1610612766,Charlotte Hornets,3,3,7,Missed Shot,Driving Reverse Layup Shot,,Restricted Area,Center(C),Less Than 8 ft.,2,-20,19,1,0,20221116,CHA,IND,|1626162|1626179|1629667|1630177|1630208,0,REG,2023,1627741,SG,Chaser,-1.39
1629667,Jalen McDaniels,22200211607,Shot Chart Detail,22200211,607,1610612766,Charlotte Hornets,4,5,59,Missed Shot,Running Dunk Shot,,Restricted Area,Center(C),Less Than 8 ft.,0,-2,6,1,0,20221116,CHA,IND,|1626162|1626179|1629667|1630177|203486,0,REG,2023,1631097,SG,Chaser,-2.23
1629667,Jalen McDaniels,22200225106,Shot Chart Detail,22200225,106,1610612766,Charlotte Hornets,1,2,59,Missed Shot,Jump Shot,,Right Corner 3,Right Side(R),24+ ft.,23,230,13,1,0,20221118,CLE,CHA,|1629023|1629667|1630177|1630208|1630547,0,REG,2023,,,,
1629667,Jalen McDaniels,22200225418,Shot Chart Detail,22200225,418,1610612766,Charlotte Hornets,3,4,8,Missed Shot,Jump Shot,,Above the Break 3,Left Side Center(LC),24+ ft.,27,-170,212,1,0,20221118,CLE,CHA,|1626162|1629667|1630177|1630208|1630547,0,REG,2023,1628386,C,Anchor Big,0.01
1629667,Jalen McDaniels,2220024168,Shot Chart Detail,22200241,68,1610612766,Charlotte Hornets,1,5,55,Made Shot,Jump Shot,,Above the Break 3,Left Side Center(LC),24+ ft.,26,-129,233,1,1,20221120,WAS,CHA,|1626162|1628372|1629667|202330|203486,1,REG,2023,1630692,SG,Point of Attack,-0.02
1629667,Jalen McDaniels,2220024171,Shot Chart Detail,22200241,71,1610612766,Charlotte Hornets,1,5,31,Missed Shot,Driving Layup Shot,,In The Paint (Non-RA),Left Side(L),8-16 ft.,11,-70,89,1,0,20221120,WAS,CHA,|1626162|1628372|1629667|202330|203486,0,REG,2023,1630692,SG,Point of Attack,-0.02
1629667,Jalen McDaniels,2220024183,Shot Chart Detail,22200241,83,1610612766,Charlotte Hornets,1,4,44,Made Shot,Driving Floating Jump Shot,,In The Paint (Non-RA),Center(C),Less Than 8 ft.,4,36,32,1,1,20221120,WAS,CHA,|1626162|1628372|1629667|202330|203486,0,REG,2023,203078,SG,,0.21
1629667,Jalen McDaniels,22200241113,Shot Chart Detail,22200241,113,1610612766,Charlotte Hornets,1,3,1,Missed Shot,Driving Finger Roll Layup Shot,,In The Paint (Non-RA),Center(C),Less Than 8 ft.,7,58,54,1,0,20221120,WAS,CHA,|1626179|1628372|1629023|1629667|1630208,0,REG,2023,1630692,SG,Point of Attack,-0.02
1629667,Jalen McDaniels,22200241115,Shot Chart Detail,22200241,115,1610612766,Charlotte Hornets,1,2,59,Missed Shot,Putback Layup Shot,,Restricted Area,Center(C),Less Than 8 ft.,3,39,6,1,0,20221120,WAS,CHA,|1626179|1628372|1629023|1629667|1630208,0,REG,2023,1630692|204001,,,
1629667,Jalen McDaniels,22200241176,Shot Chart Detail,22200241,176,1610612766,Charlotte Hornets,2,11,12,Missed Shot,Jump Shot,,Right Corner 3,Right Side(R),24+ ft.,23,234,-3,1,0,20221120,WAS,CHA,|1626179|1629023|1629667|1630208|202330,0,REG,2023,203115,SG,,-0.96
1629667,Jalen McDaniels,22200241184,Shot Chart Detail,22200241,184,1610612766,Charlotte Hornets,2,10,45,Made Shot,Jump Shot,,Above the Break 3,Left Side Center(LC),24+ ft.,26,-181,196,1,1,20221120,WAS,CHA,|1626179|1629023|1629667|1630208|202330,1,REG,2023,203115,SG,,-0.96
1629667,Jalen McDaniels,22200241256,Shot Chart Detail,22200241,256,1610612766,Charlotte Hornets,2,4,58,Missed Shot,Jump Shot,,Above the Break 3,Left Side Center(LC),24+ ft.,26,-179,193,1,0,20221120,WAS,CHA,|1626162|1628372|1629667|1630539|203486,0,REG,2023,1631098,SG,Chaser,-0.36
1629667,Jalen McDaniels,22200241506,Shot Chart Detail,22200241,506,1610612766,Charlotte Hornets,3,0,0,Missed Shot,Running Pull-Up Jump Shot,,Above the Break 3,Right Side Center(RC),24+ ft.,37,172,336,1,0,20221120,WAS,CHA,|1626179|1628372|1629023|1629667|1630208,0,REG,2023,1630166,SF,Wing Stopper,1.57
1629667,Jalen McDaniels,22200241604,Shot Chart Detail,22200241,604,1610612766,Charlotte Hornets,4,5,59,Missed Shot,Cutting Layup Shot,,Restricted Area,Center(C),Less Than 8 ft.,2,6,27,1,0,20221120,WAS,CHA,|1628372|1629667|1630539|202330|203486,0,REG,2023,1630692,SG,Point of Attack,-0.02
1629667,Jalen McDaniels,22200260114,Shot Chart Detail,22200260,114,1610612766,Charlotte Hornets,1,3,17,Missed Shot,Jump Shot,,Right Corner 3,Right Side(R),24+ ft.,23,237,-6,1,0,20221123,CHA,PHI,|1626162|1628372|1629667|1630208|202330,0,REG,2023,1627777,PF,Helper,-0.63
1629667,Jalen McDaniels,22200260197,Shot Chart Detail,22200260,197,1610612766,Charlotte Hornets,2,10,0,Made Shot,Tip Layup Shot,,Restricted Area,Center(C),Less Than 8 ft.,0,4,-4,1,1,20221123,CHA,PHI,|1626179|1629023|1629667|1630208|202330,0,REG,2023,1627788|1630194,,,
1629667,Jalen McDaniels,22200260261,Shot Chart Detail,22200260,261,1610612766,Charlotte Hornets,2,4,57,Missed Shot,Pullup Jump shot,,Mid-Range,Right Side Center(RC),16-24 ft.,19,148,127,1,0,20221123,CHA,PHI,|1626162|1628372|1629667|1630539|203486,0,REG,2023,202699,SF,,-0.33
1629667,Jalen McDaniels,22200260273,Shot Chart Detail,22200260,273,1610612766,Charlotte Hornets,2,4,14,Made Shot,Driving Layup Shot,,Restricted Area,Center(C),Less Than 8 ft.,2,20,20,1,1,20221123,CHA,PHI,|1626162|1626179|1629667|1630539|203486,1,REG,2023,1629003,SG,Low Activity,-0.71
1629667,Jalen McDaniels,22200260301,Shot Chart Detail,22200260,301,1610612766,Charlotte Hornets,2,2,34,Made Shot,Jump Shot,,Above the Break 3,Left Side Center(LC),24+ ft.,25,-107,236,1,1,20221123,CHA,PHI,|1626162|1626179|1629023|1629667|203486,1,REG,2023,202699,SF,,-0.33
1629667,Jalen McDaniels,22200260305,Shot Chart Detail,22200260,305,1610612766,Charlotte Hornets,2,1,55,Missed Shot,Jump Shot,,Above the Break 3,Left Side Center(LC),24+ ft.,25,-200,160,1,0,20221123,CHA,PHI,|1626162|1626179|1629023|1629667|203486,0,REG,2023,1629003,SG,Low Activity,-0.71
1629667,Jalen McDaniels,22200260478,Shot Chart Detail,22200260,478,1610612766,Charlotte Hornets,3,1,4,Made Shot,Fadeaway Jump Shot,,In The Paint (Non-RA),Center(C),Less Than 8 ft.,6,9,63,1,1,20221123,CHA,PHI,|1626179|1629023|1629667|1630177|1630208,0,REG,2023,1630194,PF,Mobile Big,0.05
1629667,Jalen McDaniels,22200260502,Shot Chart Detail,22200260,502,1610612766,Charlotte Hornets,4,11,6,Missed Shot,Jump Shot,,Above the Break 3,Left Side Center(LC),24+ ft.,25,-136,216,1,0,20221123,CHA,PHI,|1626179|1629023|1629667|1630208|202330,0,REG,2023,1630194,PF,Mobile Big,0.05
1629667,Jalen McDaniels,2220027244,Shot Chart Detail,22200272,44,1610612766,Charlotte Hornets,1,8,57,Made Shot,Driving Floating Jump Shot,,In The Paint (Non-RA),Center(C),Less Than 8 ft.,5,1,57,1,1,20221125,CHA,MIN,|1626162|1626179|1629023|1629667|203486,1,REG,2023,203497,C,Anchor Big,2.3
1629667,Jalen McDaniels,2220027247,Shot Chart Detail,22200272,47,1610612766,Charlotte Hornets,1,8,30,Made Shot,Running Layup Shot,,Restricted Area,Center(C),Less Than 8 ft.,2,23,5,1,1,20221125,CHA,MIN,|1626162|1626179|1629023|1629667|203486,1,REG,2023,,,,
1629667,Jalen McDaniels,2220027255,Shot Chart Detail,22200272,55,1610612766,Charlotte Hornets,1,7,33,Missed Shot,Jump Shot,,Right Corner 3,Right Side(R),24+ ft.,24,238,36,1,0,20221125,CHA,MIN,|1626162|1626179|1629023|1629667|203486,0,REG,2023,1626157,C,Anchor Big,0.32
1629667,Jalen McDaniels,2220027270,Shot Chart Detail,22200272,70,1610612766,Charlotte Hornets,1,6,30,Missed Shot,Driving Layup Shot,,Restricted Area,Center(C),Less Than 8 ft.,2,-13,23,1,0,20221125,CHA,MIN,|1626162|1626179|1629667|1630539|203486,0,REG,2023,1630183,PF,Wing Stopper,0.37
1629667,Jalen McDaniels,2220027288,Shot Chart Detail,22200272,88,1610612766,Charlotte Hornets,1,5,41,Missed Shot,Cutting Layup Shot,,Restricted Area,Center(C),Less Than 8 ft.,3,27,26,1,0,20221125,CHA,MIN,|1626162|1629667|1630177|1630539|203486,0,REG,2023,1630162|203937,,,
1629667,Jalen McDaniels,22200272224,Shot Chart Detail,22200272,224,1610612766,Charlotte Hornets,2,7,57,Missed Shot,Jump Shot,,Above the Break 3,Right Side Center(RC),24+ ft.,25,230,121,1,0,20221125,CHA,MIN,|1626179|1629667|1630177|1630208|1630539,0,REG,2023,1629675,C,Anchor Big,0.39
1629667,Jalen McDaniels,22200272367,Shot Chart Detail,22200272,367,1610612766,Charlotte Hornets,3,10,19,Missed Shot,Driving Layup Shot,,Restricted Area,Center(C),Less Than 8 ft.,1,18,6,1,0,20221125,CHA,MIN,|1626162|1626179|1629023|1629667|203486,0,REG,2023,203497,C,Anchor Big,2.3
1629667,Jalen McDaniels,22200272395,Shot Chart Detail,22200272,395,1610612766,Charlotte Hornets,3,8,57,Missed Shot,Jump Shot,,Above the Break 3,Left Side Center(LC),24+ ft.,25,-167,190,1,0,20221125,CHA,MIN,|1626162|1626179|1629667|1630539|203486,0,REG,2023,,,,
1629667,Jalen McDaniels,22200272397,Shot Chart Detail,22200272,397,1610612766,Charlotte Hornets,3,8,49,Made Shot,Layup Shot,,Restricted Area,Center(C),Less Than 8 ft.,0,2,-8,1,1,20221125,CHA,MIN,|1626162|1626179|1629667|1630539|203486,1,REG,2023,1630162,SG,Chaser,-1.51
1629667,Jalen McDaniels,2220030114,Shot Chart Detail,22200301,14,1610612766,Charlotte Hornets,1,10,59,Made Shot,Pullup Jump shot,,Mid-Range,Center(C),8-16 ft.,14,23,143,1,1,20221128,BOS,CHA,|1626162|1629023|1629667|1630177|203486,0,REG,2023,203935,PG,Point of Attack,0.96
1629667,Jalen McDaniels,2220030153,Shot Chart Detail,22200301,53,1610612766,Charlotte Hornets,1,7,17,Made Shot,Running Layup Shot,,In The Paint (Non-RA),Center(C),Less Than 8 ft.,4,-38,32,1,1,20221128,BOS,CHA,|1626162|1629023|1629667|1630177|203486,1,REG,2023,1628401|1628369,,,
1629667,Jalen McDaniels,2220030156,Shot Chart Detail,22200301,56,1610612766,Charlotte Hornets,1,6,51,Made Shot,Cutting Dunk Shot,,Restricted Area,Center(C),Less Than 8 ft.,2,-4,24,1,1,20221128,BOS,CHA,|1626162|1629023|1629667|1630177|203486,1,REG,2023,1629684,PF,Helper,0.62
1629667,Jalen McDaniels,22200301100,Shot Chart Detail,22200301,100,1610612766,Charlotte Hornets,1,3,43,Missed Shot,Jump Shot,,Above the Break 3,Right Side Center(RC),24+ ft.,26,179,189,1,0,20221128,BOS,CHA,|1626162|1629023|1629667|1630208|1630547,0,REG,2023,203935,PG,Point of Attack,0.96
1629667,Jalen McDaniels,22200301160,Shot Chart Detail,22200301,160,1610612766,Charlotte Hornets,2,11,46,Made Shot,Jump Shot,3PT Field Goal,Above the Break 3,Left Side Center(LC),24+ ft.,26,-194,176,1,1,20221128,BOS,CHA,|1629667|1630177|1630539|1631121|203486,1,REG,2023,1630573,SF,Low Activity,-0.72
1629667,Jalen McDaniels,22200301173,Shot Chart Detail,22200301,173,1610612766,Charlotte Hornets,2,10,38,Made Shot,Driving Layup Shot,2PT Field Goal,In The Paint (Non-RA),Center(C),Less Than 8 ft.,7,53,57,1,1,20221128,BOS,CHA,|1629667|1630177|1630539|1631121|203486,1,REG,2023,1628436|1627763,,,
1629667,Jalen McDaniels,22200301336,Shot Chart Detail,22200301,336,1610612766,Charlotte Hornets,3,10,14,Missed Shot,Jump Shot,,Above the Break 3,Right Side Center(RC),24+ ft.,24,181,172,1,0,20221128,BOS,CHA,|1626162|1629023|1629667|1630177|203486,0,REG,2023,201933,PF,,-0.4
1629667,Jalen McDaniels,22200301353,Shot Chart Detail,22200301,353,1610612766,Charlotte Hornets,3,8,41,Made Shot,Cutting Layup Shot,,Restricted Area,Center(C),Less Than 8 ft.,2,23,-3,1,1,20221128,BOS,CHA,|1626162|1629023|1629667|1630177|203486,1,REG,2023,1629684,PF,Helper,0.62
1629667,Jalen McDaniels,22200301385,Shot Chart Detail,22200301,385,1610612766,Charlotte Hornets,3,6,3,Made Shot,Jump Shot,,Above the Break 3,Right Side Center(RC),24+ ft.,25,227,110,1,1,20221128,BOS,CHA,|1626162|1629023|1629667|1631121|203486,1,REG,2023,1627763,SG,Point of Attack,-1.06
1629667,Jalen McDaniels,22200301488,Shot Chart Detail,22200301,488,1610612766,Charlotte Hornets,4,10,31,Made Shot,Jump Shot,3PT Field Goal,Above the Break 3,Left Side Center(LC),24+ ft.,25,-195,165,1,1,20221128,BOS,CHA,|1629667|1630177|1630539|1630547|203486,1,REG,2023,201933,PF,,-0.4
1629667,Jalen McDaniels,22200301506,Shot Chart Detail,22200301,506,1610612766,Charlotte Hornets,4,8,34,Made Shot,Jump Shot,3PT Field Goal,Above the Break 3,Right Side Center(RC),24+ ft.,28,154,236,1,1,20221128,BOS,CHA,|1629667|1630177|1630539|1630547|203486,1,REG,2023,1628382,SF,Wing Stopper,-0.57
1629667,Jalen McDaniels,22200301511,Shot Chart Detail,22200301,511,1610612766,Charlotte Hornets,4,7,58,Missed Shot,Driving Layup Shot,2PT Field Goal,Restricted Area,Center(C),Less Than 8 ft.,3,36,17,1,0,20221128,BOS,CHA,|1629667|1630177|1630539|1630547|203486,0,REG,2023,1630573,SF,Low Activity,-0.72
1629667,Jalen McDaniels,2220032638,Shot Chart Detail,22200326,38,1610612766,Charlotte Hornets,1,8,27,Made Shot,Jump Shot,,Above the Break 3,Left Side Center(LC),24+ ft.,25,-115,224,1,1,20221202,CHA,WAS,|1626162|1626179|1629023|1629667|203486,1,REG,2023,1628420,PG,Point of Attack,-0.3
1629667,Jalen McDaniels,2220032678,Shot Chart Detail,22200326,78,1610612766,Charlotte Hornets,1,6,26,Missed Shot,Floating Jump shot,,In The Paint (Non-RA),Center(C),Less Than 8 ft.,5,10,51,1,0,20221202,CHA,WAS,|1626162|1626179|1629023|1629667|203486,0,REG,2023,1630557,SF,Low Activity,-0.92
1629667,Jalen McDaniels,22200326409,Shot Chart Detail,22200326,409,1610612766,Charlotte Hornets,3,6,52,Missed Shot,Jump Shot,,Above the Break 3,Right Side Center(RC),24+ ft.,25,129,225,1,0,20221202,CHA,WAS,|1626162|1626179|1629023|1629667|203486,0,REG,2023,203078,SG,,0.21
1629667,Jalen McDaniels,22200326418,Shot Chart Detail,22200326,418,1610612766,Charlotte Hornets,3,6,5,Made Shot,Driving Layup Shot,,Restricted Area,Center(C),Less Than 8 ft.,1,2,18,1,1,20221202,CHA,WAS,|1626162|1626179|1629023|1629667|203486,1,REG,2023,1628398,PF,Helper,-1.23
1629667,Jalen McDaniels,22200326428,Shot Chart Detail,22200326,428,1610612766,Charlotte Hornets,3,5,1,Made Shot,Turnaround Jump Shot,,In The Paint (Non-RA),Center(C),8-16 ft.,13,-4,132,1,1,20221202,CHA,WAS,|1626162|1629023|1629667|1630177|203486,0,REG,2023,1628420,PG,Point of Attack,-0.3
1629667,Jalen McDaniels,22200326442,Shot Chart Detail,22200326,442,1610612766,Charlotte Hornets,3,10,20,Missed Shot,Cutting Dunk Shot,,In The Paint (Non-RA),Center(C),Less Than 8 ft.,4,-7,41,1,0,20221202,CHA,WAS,|1626162|1626179|1629023|1629667|203486,0,REG,2023,1628398,PF,Helper,-1.23
1629667,Jalen McDaniels,22200326610,Shot Chart Detail,22200326,610,1610612766,Charlotte Hornets,4,7,6,Missed Shot,Jump Shot,,Above the Break 3,Center(C),24+ ft.,26,-53,259,1,0,20221202,CHA,WAS,|1626162|1626179|1629023|1629667|203486,0,REG,2023,204001,PF,Helper,1.12
1629667,Jalen McDaniels,22200326652,Shot Chart Detail,22200326,652,1610612766,Charlotte Hornets,4,3,3,Missed Shot,Driving Layup Shot,,Restricted Area,Center(C),Less Than 8 ft.,2,21,5,1,0,20221202,CHA,WAS,|1626162|1626179|1629023|1629667|203486,0,REG,2023,203078,SG,,0.21
1629667,Jalen McDaniels,22200326665,Shot Chart Detail,22200326,665,1610612766,Charlotte Hornets,4,2,7,Missed Shot,Jump Shot,,Above the Break 3,Right Side Center(RC),24+ ft.,26,99,248,1,0,20221202,CHA,WAS,|1626162|1626179|1629023|1629667|203486,0,REG,2023,204001,PF,Helper,1.12
1629667,Jalen McDaniels,2220033942,Shot Chart Detail,22200339,42,1610612766,Charlotte Hornets,1,8,56,Missed Shot,Jump Shot,,Above the Break 3,Left Side Center(LC),24+ ft.,24,-157,185,1,0,20221203,CHA,MIL,|1626162|1626179|1629023|1629667|203486,0,REG,2023,1628975,PG,Point of Attack,-0.16
1629667,Jalen McDaniels,2220033976,Shot Chart Detail,22200339,76,1610612766,Charlotte Hornets,1,6,52,Made Shot,Driving Floating Jump Shot,,Restricted Area,Center(C),Less Than 8 ft.,0,2,6,1,1,20221203,CHA,MIL,|1626162|1626179|1629023|1629667|203486,0,REG,2023,1629670,SF,Low Activity,-0.5
1629667,Jalen McDaniels,22200339120,Shot Chart Detail,22200339,120,1610612766,Charlotte Hornets,1,3,35,Missed Shot,Driving Layup Shot,,Restricted Area,Center(C),Less Than 8 ft.,0,5,8,1,0,20221203,CHA,MIL,|1629023|1629667|1630177|1630208|1631121,0,REG,2023,1626171,PF,Helper,-0.62
1629667,Jalen McDaniels,22200339235,Shot Chart Detail,22200339,235,1610612766,Charlotte Hornets,2,7,5,Missed Shot,Pullup Jump shot,,Mid-Range,Left Side Center(LC),16-24 ft.,17,-114,138,1,0,20221203,CHA,MIL,|1626162|1629023|1629667|1630177|1630208,0,REG,2023,1629670,SF,Low Activity,-0.5
1629667,Jalen McDaniels,22200339247,Shot Chart Detail,22200339,247,1610612766,Charlotte Hornets,2,6,20,Made Shot,Jump Shot,,Right Corner 3,Right Side(R),24+ ft.,23,234,-15,1,1,20221203,CHA,MIL,|1626162|1629023|1629667|1630177|1630208,1,REG,2023,1628975,PG,Point of Attack,-0.16
1629667,Jalen McDaniels,22200339272,Shot Chart Detail,22200339,272,1610612766,Charlotte Hornets,2,4,53,Missed Shot,Jump Shot,,Above the Break 3,Left Side Center(LC),24+ ft.,25,-169,190,1,0,20221203,CHA,MIL,|1626162|1629023|1629667|1630177|203486,0,REG,2023,1629670,SF,Low Activity,-0.5
1629667,Jalen McDaniels,22200339295,Shot Chart Detail,22200339,295,1610612766,Charlotte Hornets,2,3,33,Made Shot,Pullup Jump shot,,Mid-Range,Right Side(R),8-16 ft.,12,113,47,1,1,20221203,CHA,MIL,|1626162|1626179|1629023|1629667|203486,0,REG,2023,1626171,PF,Helper,-0.62
1629667,Jalen McDaniels,22200339298,Shot Chart Detail,22200339,298,1610612766,Charlotte Hornets,2,3,3,Missed Shot,Driving Floating Jump Shot,,In The Paint (Non-RA),Left Side(L),8-16 ft.,8,-55,62,1,0,20221203,CHA,MIL,|1626162|1626179|1629023|1629667|203486,0,REG,2023,1626171|1626192,,,
1629667,Jalen McDaniels,22200339338,Shot Chart Detail,22200339,338,1610612766,Charlotte Hornets,2,0,22,Missed Shot,Jump Shot,,Above the Break 3,Center(C),24+ ft.,25,45,256,1,0,20221203,CHA,MIL,|1626179|1629023|1629667|1631121|203486,0,REG,2023,1626192,SG,Low Activity,-0.55
1629667,Jalen McDaniels,22200339359,Shot Chart Detail,22200339,359,1610612766,Charlotte Hornets,3,11,37,Made Shot,Driving Floating Jump Shot,,In The Paint (Non-RA),Center(C),8-16 ft.,9,0,95,1,1,20221203,CHA,MIL,|1626162|1626179|1629023|1629667|203486,1,REG,2023,201572|1629670,,,
1629667,Jalen McDaniels,22200339374,Shot Chart Detail,22200339,374,1610612766,Charlotte Hornets,3,9,58,Made Shot,Driving Layup Shot,,Restricted Area,Center(C),Less Than 8 ft.,2,9,21,1,1,20221203,CHA,MIL,|1626162|1626179|1629023|1629667|203486,1,REG,2023,201572,C,,-0.27
1629667,Jalen McDaniels,22200339389,Shot Chart Detail,22200339,389,1610612766,Charlotte Hornets,3,8,34,Made Shot,Turnaround Fadeaway shot,,In The Paint (Non-RA),Center(C),8-16 ft.,10,-2,106,1,1,20221203,CHA,MIL,|1626162|1626179|1629023|1629667|203486,0,REG,2023,1629670,SF,Low Activity,-0.5
1629667,Jalen McDaniels,22200339591,Shot Chart Detail,22200339,591,1610612766,Charlotte Hornets,4,5,55,Made Shot,Jump Shot,,Left Corner 3,Left Side(L),24+ ft.,24,-234,76,1,1,20221203,CHA,MIL,|1626162|1626179|1629023|1629667|203486,1,REG,2023,1626171,PF,Helper,-0.62
1629667,Jalen McDaniels,22200339612,Shot Chart Detail,22200339,612,1610612766,Charlotte Hornets,4,4,4,Missed Shot,Running Dunk Shot,,Restricted Area,Center(C),Less Than 8 ft.,2,-2,26,1,0,20221203,CHA,MIL,|1626162|1626179|1629023|1629667|203486,0,REG,2023,201572,C,,-0.27
1629667,Jalen McDaniels,22200339620,Shot Chart Detail,22200339,620,1610612766,Charlotte Hornets,4,3,26,Made Shot,Driving Layup Shot,,Restricted Area,Center(C),Less Than 8 ft.,1,-10,16,1,1,20221203,CHA,MIL,|1626162|1626179|1629023|1629667|203486,1,REG,2023,1626171,PF,Helper,-0.62
1629667,Jalen McDaniels,222003529,Shot Chart Detail,22200352,9,1610612766,Charlotte Hornets,1,11,34,Missed Shot,Jump Shot,,Right Corner 3,Right Side(R),24+ ft.,23,229,42,1,0,20221205,CHA,LAC,|1626162|1626179|1629023|1629667|203486,0,REG,2023,1627826,C,Anchor Big,0.44
1629667,Jalen McDaniels,22200352274,Shot Chart Detail,22200352,274,1610612766,Charlotte Hornets,2,4,23,Missed Shot,Driving Floating Jump Shot,,In The Paint (Non-RA),Center(C),8-16 ft.,11,-7,114,1,0,20221205,CHA,LAC,|1626162|1626179|1629023|1629667|203486,0,REG,2023,1627826,C,Anchor Big,0.44
1629667,Jalen McDaniels,22200352310,Shot Chart Detail,22200352,310,1610612766,Charlotte Hornets,2,1,25,Made Shot,Layup Shot,,Restricted Area,Center(C),Less Than 8 ft.,2,-22,0,1,1,20221205,CHA,LAC,|1626162|1626179|1629023|1629667|203486,1,REG,2023,202704,PG,,-0.94
1629667,Jalen McDaniels,22200352356,Shot Chart Detail,22200352,356,1610612766,Charlotte Hornets,3,11,15,Made Shot,Running Layup Shot,,Restricted Area,Center(C),Less Than 8 ft.,2,-16,16,1,1,20221205,CHA,LAC,|1626162|1626179|1629023|1629667|203486,0,REG,2023,202704,PG,,-0.94
1629667,Jalen McDaniels,22200352378,Shot Chart Detail,22200352,378,1610612766,Charlotte Hornets,3,8,36,Missed Shot,Jump Shot,,Right Corner 3,Right Side(R),24+ ft.,23,230,67,1,0,20221205,CHA,LAC,|1626162|1626179|1629023|1629667|203486,0,REG,2023,202695,SF,,-0.57
1629667,Jalen McDaniels,22200352394,Shot Chart Detail,22200352,394,1610612766,Charlotte Hornets,3,6,51,Missed Shot,Jump Shot,,Above the Break 3,Left Side Center(LC),24+ ft.,27,-129,247,1,0,20221205,CHA,LAC,|1626162|1626179|1629023|1629667|203486,0,REG,2023,202695,SF,,-0.57
1629667,Jalen McDaniels,22200352593,Shot Chart Detail,22200352,593,1610612766,Charlotte Hornets,4,6,43,Made Shot,Driving Layup Shot,,Restricted Area,Center(C),Less Than 8 ft.,1,9,12,1,1,20221205,CHA,LAC,|1626162|1629023|1629667|1630177|1630208,1,REG,2023,202695,SF,,-0.57
1629667,Jalen McDaniels,22200352664,Shot Chart Detail,22200352,664,1610612766,Charlotte Hornets,4,0,23,Missed Shot,Jump Shot,,Left Corner 3,Left Side(L),24+ ft.,23,-235,11,1,0,20221205,CHA,LAC,|1626162|1626179|1629023|1629667|203486,0,REG,2023,202322,PG,,-1.12
1629667,Jalen McDaniels,2220036433,Shot Chart Detail,22200364,33,1610612766,Charlotte Hornets,1,9,16,Made Shot,Driving Floating Jump Shot,,In The Paint (Non-RA),Center(C),8-16 ft.,11,44,103,1,1,20221207,BKN,CHA,|1626162|1626179|1629023|1629667|203486,0,REG,2023,,,,
1629667,Jalen McDaniels,2220036436,Shot Chart Detail,22200364,36,1610612766,Charlotte Hornets,1,8,43,Missed Shot,Fadeaway Jump Shot,,In The Paint (Non-RA),Center(C),Less Than 8 ft.,6,-55,32,1,0,20221207,BKN,CHA,|1626162|1626179|1629023|1629667|203486,0,REG,2023,,,,
1629667,Jalen McDaniels,2220036444,Shot Chart Detail,22200364,44,1610612766,Charlotte Hornets,1,8,12,Made Shot,Cutting Layup Shot,,Restricted Area,Center(C),Less Than 8 ft.,1,17,-4,1,1,20221207,BKN,CHA,|1626162|1626179|1629023|1629667|203486,1,REG,2023,1629651,C,Helper,-0.21
1629667,Jalen McDaniels,2220036471,Shot Chart Detail,22200364,71,1610612766,Charlotte Hornets,1,5,57,Made Shot,Running Dunk Shot,,Restricted Area,Center(C),Less Than 8 ft.,2,9,21,1,1,20221207,BKN,CHA,|1626162|1626179|1629023|1629667|203486,1,REG,2023,,,,
1629667,Jalen McDaniels,2220036477,Shot Chart Detail,22200364,77,1610612766,Charlotte Hornets,1,4,46,Missed Shot,Running Layup Shot,,Restricted Area,Center(C),Less Than 8 ft.,0,6,5,1,0,20221207,BKN,CHA,|1626162|1626179|1629023|1629667|203486,0,REG,2023,1629651|1626220,,,
1629667,Jalen McDaniels,22200364296,Shot Chart Detail,22200364,296,1610612766,Charlotte Hornets,2,1,4,Missed Shot,Jump Shot,,Above the Break 3,Right Side Center(RC),24+ ft.,25,123,227,1,0,20221207,BKN,CHA,|1626179|1629023|1629667|1631121|203486,0,REG,2023,,,,
1629667,Jalen McDaniels,22200364358,Shot Chart Detail,22200364,358,1610612766,Charlotte Hornets,3,8,20,Missed Shot,Running Layup Shot,,Restricted Area,Center(C),Less Than 8 ft.,3,33,-1,1,0,20221207,BKN,CHA,|1626162|1626179|1629023|1629667|203486,0,REG,2023,203925,SG,Chaser,-1.21
1629667,Jalen McDaniels,22200364366,Shot Chart Detail,22200364,366,1610612766,Charlotte Hornets,3,8,4,Made Shot,Jump Shot,,Right Corner 3,Right Side(R),24+ ft.,22,229,-20,1,1,20221207,BKN,CHA,|1626162|1626179|1629023|1629667|203486,0,REG,2023,202681,PG,,-1.17
1629667,Jalen McDaniels,22200364398,Shot Chart Detail,22200364,398,1610612766,Charlotte Hornets,3,6,3,Made Shot,Running Layup Shot,,Restricted Area,Center(C),Less Than 8 ft.,3,38,7,1,1,20221207,BKN,CHA,|1626162|1626179|1629023|1629667|203486,0,REG,2023,203552,PG,Wing Stopper,0.07
1629667,Jalen McDaniels,22200364464,Shot Chart Detail,22200364,464,1610612766,Charlotte Hornets,3,0,12,Missed Shot,Jump Shot,,Above the Break 3,Right Side Center(RC),24+ ft.,24,218,118,1,0,20221207,BKN,CHA,|1626179|1629667|1630177|1630539|1630550,0,REG,2023,,,,
1629667,Jalen McDaniels,22200364516,Shot Chart Detail,22200364,516,1610612766,Charlotte Hornets,4,8,55,Made Shot,Running Alley Oop Dunk Shot,,Restricted Area,Center(C),Less Than 8 ft.,0,-1,7,1,1,20221207,BKN,CHA,|1626162|1626179|1629023|1629667|203486,1,REG,2023,203925,SG,Chaser,-1.21
1629667,Jalen McDaniels,22200364527,Shot Chart Detail,22200364,527,1610612766,Charlotte Hornets,4,8,3,Made Shot,Running Layup Shot,,Restricted Area,Center(C),Less Than 8 ft.,1,13,-1,1,1,20221207,BKN,CHA,|1626162|1626179|1629023|1629667|203486,0,REG,2023,203925|1626220,,,
1629667,Jalen McDaniels,22200364595,Shot Chart Detail,22200364,595,1610612766,Charlotte Hornets,4,2,0,Made Shot,Driving Floating Bank Jump Shot,,Restricted Area,Center(C),Less Than 8 ft.,3,25,26,1,1,20221207,BKN,CHA,|1626162|1626179|1629667|1631121|203486,0,REG,2023,202681,PG,,-1.17
1629667,Jalen McDaniels,22200364634,Shot Chart Detail,22200364,634,1610612766,Charlotte Hornets,4,0,1,Missed Shot,Jump Shot,,Left Corner 3,Left Side(L),24+ ft.,23,-234,2,1,0,20221207,BKN,CHA,|1626162|1626179|1629667|1631121|203486,0,REG,2023,,,,
1629667,Jalen McDaniels,2220037737,Shot Chart Detail,22200377,37,1610612766,Charlotte Hornets,1,8,51,Missed Shot,Driving Layup Shot,,Restricted Area,Center(C),Less Than 8 ft.,2,12,23,1,0,20221209,CHA,NYK,|1626162|1626179|1629023|1629667|203486,0,REG,2023,1628973,PG,Point of Attack,-0.7
1629667,Jalen McDaniels,2220037761,Shot Chart Detail,22200377,61,1610612766,Charlotte Hornets,1,6,58,Missed Shot,Jump Shot,,Above the Break 3,Left Side Center(LC),24+ ft.,26,-154,211,1,0,20221209,CHA,NYK,|1626162|1626179|1629023|1629667|203486,0,REG,2023,1628973,PG,Point of Attack,-0.7
1629667,Jalen McDaniels,22200377153,Shot Chart Detail,22200377,153,1610612766,Charlotte Hornets,1,0,34,Missed Shot,Jump Shot,,Above the Break 3,Right Side Center(RC),24+ ft.,25,216,144,1,0,20221209,CHA,NYK,|1626179|1629667|1630177|1630208|1630539,0,REG,2023,1630193,PG,Low Activity,-1.48
1629667,Jalen McDaniels,22200377396,Shot Chart Detail,22200377,396,1610612766,Charlotte Hornets,3,9,47,Made Shot,Cutting Layup Shot,,Restricted Area,Center(C),Less Than 8 ft.,1,-10,4,1,1,20221209,CHA,NYK,|1626162|1626179|1629667|1631121|203486,1,REG,2023,1629628,SG,Chaser,-1.07
1629667,Jalen McDaniels,22200377402,Shot Chart Detail,22200377,402,1610612766,Charlotte Hornets,3,9,9,Missed Shot,Driving Finger Roll Layup Shot,,Restricted Area,Center(C),Less Than 8 ft.,1,2,15,1,0,20221209,CHA,NYK,|1626162|1626179|1629667|1631121|203486,0,REG,2023,1628973|203944,,,
1629667,Jalen McDaniels,2220039916,Shot Chart Detail,22200399,16,1610612766,Charlotte Hornets,1,10,45,Missed Shot,Jump Shot,,Above the Break 3,Left Side Center(LC),24+ ft.,26,-181,191,1,0,20221211,PHI,CHA,|1626162|1626179|1629023|1629667|203486,0,REG,2023,,,,
1629667,Jalen McDaniels,2220039935,Shot Chart Detail,22200399,35,1610612766,Charlotte Hornets,1,8,40,Made Shot,Running Dunk Shot,,Restricted Area,Center(C),Less Than 8 ft.,0,9,4,1,1,20221211,PHI,CHA,|1626162|1626179|1629023|1629667|203486,0,REG,2023,,,,
1629667,Jalen McDaniels,2220039959,Shot Chart Detail,22200399,59,1610612766,Charlotte Hornets,1,6,12,Missed Shot,Driving Finger Roll Layup Shot,,Restricted Area,Center(C),Less Than 8 ft.,1,-10,17,1,0,20221211,PHI,CHA,|1626162|1626179|1629023|1629667|203486,0,REG,2023,200782,SG,,0.0
1629667,Jalen McDaniels,2220039963,Shot Chart Detail,22200399,63,1610612766,Charlotte Hornets,1,6,3,Made Shot,Running Alley Oop Layup Shot,,Restricted Area,Center(C),Less Than 8 ft.,1,-4,16,1,1,20221211,PHI,CHA,|1626162|1626179|1629023|1629667|203486,1,REG,2023,200782,SG,,0.0
1629667,Jalen McDaniels,22200399132,Shot Chart Detail,22200399,132,1610612766,Charlotte Hornets,1,1,37,Made Shot,Fadeaway Jump Shot,2PT Field Goal,Mid-Range,Left Side(L),8-16 ft.,11,-92,73,1,1,20221211,PHI,CHA,|1629667|1630177|1630208|1630539|1631121,1,REG,2023,1629680,SG,Point of Attack,0.84
1629667,Jalen McDaniels,22200399246,Shot Chart Detail,22200399,246,1610612766,Charlotte Hornets,2,6,8,Missed Shot,Floating Jump shot,,In The Paint (Non-RA),Center(C),Less Than 8 ft.,7,-34,70,1,0,20221211,PHI,CHA,|1629023|1629667|1630177|1631121|203486,0,REG,2023,202699,SF,,-0.33
1629667,Jalen McDaniels,22200399248,Shot Chart Detail,22200399,248,1610612766,Charlotte Hornets,2,5,59,Missed Shot,Jump Shot,,Above the Break 3,Left Side Center(LC),24+ ft.,27,-141,239,1,0,20221211,PHI,CHA,|1629023|1629667|1630177|1631121|203486,0,REG,2023,202699,SF,,-0.33
1629667,Jalen McDaniels,22200399265,Shot Chart Detail,22200399,265,1610612766,Charlotte Hornets,2,4,46,Made Shot,Driving Layup Shot,,Restricted Area,Center(C),Less Than 8 ft.,2,15,16,1,1,20221211,PHI,CHA,|1626162|1626179|1629023|1629667|203486,1,REG,2023,202699,SF,,-0.33
1629667,Jalen McDaniels,22200399357,Shot Chart Detail,22200399,357,1610612766,Charlotte Hornets,3,11,35,Missed Shot,Running Layup Shot,,Restricted Area,Center(C),Less Than 8 ft.,2,4,20,1,0,20221211,PHI,CHA,|1626162|1626179|1629023|1629667|203486,0,REG,2023,203954,C,Anchor Big,2.36
1629667,Jalen McDaniels,22200399374,Shot Chart Detail,22200399,374,1610612766,Charlotte Hornets,3,10,3,Missed Shot,Jump Shot,,Above the Break 3,Right Side Center(RC),24+ ft.,26,179,190,1,0,20221211,PHI,CHA,|1626162|1626179|1629023|1629667|203486,0,REG,2023,,,,
1629667,Jalen McDaniels,22200399427,Shot Chart Detail,22200399,427,1610612766,Charlotte Hornets,3,6,7,Made Shot,Running Alley Oop Dunk Shot,,Restricted Area,Center(C),Less Than 8 ft.,0,0,8,1,1,20221211,PHI,CHA,|1626162|1626179|1629023|1629667|203486,1,REG,2023,201935,SG,,0.35
1629667,Jalen McDaniels,22200399438,Shot Chart Detail,22200399,438,1610612766,Charlotte Hornets,3,4,48,Missed Shot,Driving Hook Shot,,Restricted Area,Center(C),Less Than 8 ft.,3,26,17,1,0,20221211,PHI,CHA,|1626162|1626179|1629023|1629667|203486,0,REG,2023,203954,C,Anchor Big,2.36
1629667,Jalen McDaniels,22200399675,Shot Chart Detail,22200399,675,1610612766,Charlotte Hornets,4,3,47,Made Shot,Jump Shot,,Left Corner 3,Left Side(L),24+ ft.,24,-240,3,1,1,20221211,PHI,CHA,|1626162|1626179|1629023|1629667|203486,1,REG,2023,,,,
1629667,Jalen McDaniels,2220041490,Shot Chart Detail,22200414,90,1610612766,Charlotte Hornets,1,5,57,Made Shot,Cutting Layup Shot,,Restricted Area,Center(C),Less Than 8 ft.,2,-13,25,1,1,20221214,CHA,DET,|1626162|1626179|1629667|1630163|203486,1,REG,2023,1631093,SG,Point of Attack,-1.99
1629667,Jalen McDaniels,22200414161,Shot Chart Detail,22200414,161,1610612766,Charlotte Hornets,1,1,18,Missed Shot,Driving Layup Shot,,In The Paint (Non-RA),Center(C),Less Than 8 ft.,7,70,21,1,0,20221214,CHA,DET,|1626162|1629667|1630177|1630208|1630539,0,REG,2023,1628963,PF,Helper,-1.67
1629667,Jalen McDaniels,22200414164,Shot Chart Detail,22200414,164,1610612766,Charlotte Hornets,1,1,13,Made Shot,Putback Layup Shot,,Restricted Area,Center(C),Less Than 8 ft.,0,0,0,1,1,20221214,CHA,DET,|1626162|1629667|1630177|1630208|1630539,0,REG,2023,1628963,PF,Helper,-1.67
1629667,Jalen McDaniels,22200414221,Shot Chart Detail,22200414,221,1610612766,Charlotte Hornets,2,9,14,Made Shot,Step Back Jump shot,,Right Corner 3,Right Side(R),24+ ft.,23,230,67,1,1,20221214,CHA,DET,|1626162|1629667|1630163|1630208|1630539,0,REG,2023,202709,PG,,-1.23
1629667,Jalen McDaniels,22200414250,Shot Chart Detail,22200414,250,1610612766,Charlotte Hornets,2,7,18,Made Shot,Running Finger Roll Layup Shot,,Restricted Area,Center(C),Less Than 8 ft.,2,1,26,1,1,20221214,CHA,DET,|1626179|1629023|1629667|1630163|1630208,0,REG,2023,202709,PG,,-1.23
1629667,Jalen McDaniels,22200414263,Shot Chart Detail,22200414,263,1610612766,Charlotte Hornets,2,6,23,Made Shot,Running Layup Shot,,Restricted Area,Center(C),Less Than 8 ft.,1,1,17,1,1,20221214,CHA,DET,|1626179|1629023|1629667|1630163|1630208,1,REG,2023,,,,
1629667,Jalen McDaniels,22200414308,Shot Chart Detail,22200414,308,1610612766,Charlotte Hornets,2,4,27,Missed Shot,Cutting Dunk Shot,,Restricted Area,Center(C),Less Than 8 ft.,2,15,21,1,0,20221214,CHA,DET,|1626179|1629023|1629667|1630177|203486,0,REG,2023,202711|1631093,,,
1629667,Jalen McDaniels,22200414486,Shot Chart Detail,22200414,486,1610612766,Charlotte Hornets,3,3,21,Made Shot,Jump Shot,,Left Corner 3,Left Side(L),24+ ft.,22,-227,31,1,1,20221214,CHA,DET,|1626179|1629023|1629667|1630177|1630208,1,REG,2023,202692,SG,,-1.71
1629667,Jalen McDaniels,22200414579,Shot Chart Detail,22200414,579,1610612766,Charlotte Hornets,4,9,31,Made Shot,Jump Shot,,Above the Break 3,Center(C),24+ ft.,25,-37,252,1,1,20221214,CHA,DET,|1626179|1629667|1630163|1630208|1630539,1,REG,2023,1630191,C,Mobile Big,1.53
1629667,Jalen McDaniels,2220042861,Shot Chart Detail,22200428,61,1610612766,Charlotte Hornets,1,7,5,Missed Shot,Driving Layup Shot,,Restricted Area,Center(C),Less Than 8 ft.,2,-22,-1,1,0,20221216,CHA,ATL,|1626179|1629667|1630163|202330|203486,0,REG,2023,203992|1630235,,,
1629667,Jalen McDaniels,2220042871,Shot Chart Detail,22200428,71,1610612766,Charlotte Hornets,1,6,20,Missed Shot,Jump Shot,,Left Corner 3,Left Side(L),24+ ft.,22,-224,29,1,0,20221216,CHA,ATL,|1626179|1629667|1630163|202330|203486,0,REG,2023,1629631,SF,Wing Stopper,-0.98
1629667,Jalen McDaniels,22200428106,Shot Chart Detail,22200428,106,1610612766,Charlotte Hornets,1,4,16,Made Shot,Driving Layup Shot,,Restricted Area,Center(C),Less Than 8 ft.,1,5,17,1,1,20221216,CHA,ATL,|1626162|1626179|1629667|1630177|203486,0,REG,2023,1630168,C,Anchor Big,1.19
1629667,Jalen McDaniels,22200428373,Shot Chart Detail,22200428,373,1610612766,Charlotte Hornets,3,11,39,Made Shot,Running Dunk Shot,,Restricted Area,Center(C),Less Than 8 ft.,1,4,13,1,1,20221216,CHA,ATL,|1626179|1629667|1630163|202330|203486,0,REG,2023,203992,SG,Chaser,-0.55
1629667,Jalen McDaniels,22200428383,Shot Chart Detail,22200428,383,1610612766,Charlotte Hornets,3,10,36,Missed Shot,Jump Shot,,Above the Break 3,Right Side Center(RC),24+ ft.,25,127,222,1,0,20221216,CHA,ATL,|1626179|1629667|1630163|202330|203486,0,REG,2023,203992,SG,Chaser,-0.55
1629667,Jalen McDaniels,22200428388,Shot Chart Detail,22200428,388,1610612766,Charlotte Hornets,3,10,12,Missed Shot,Alley Oop Layup shot,,Restricted Area,Center(C),Less Than 8 ft.,2,-5,24,1,0,20221216,CHA,ATL,|1626179|1629667|1630163|202330|203486,0,REG,2023,1629631,SF,Wing Stopper,-0.98
1629667,Jalen McDaniels,22200428429,Shot Chart Detail,22200428,429,1610612766,Charlotte Hornets,3,6,26,Made Shot,Running Layup Shot,,Restricted Area,Center(C),Less Than 8 ft.,1,11,13,1,1,20221216,CHA,ATL,|1626179|1629667|1630163|1630208|202330,1,REG,2023,1629631,SF,Wing Stopper,-0.98
1629667,Jalen McDaniels,22200428484,Shot Chart Detail,22200428,484,1610612766,Charlotte Hornets,3,6,43,Missed Shot,Driving Layup Shot,,In The Paint (Non-RA),Center(C),Less Than 8 ft.,6,36,51,1,0,20221216,CHA,ATL,|1626179|1629667|1630163|1630208|202330,0,REG,2023,1629631,SF,Wing Stopper,-0.98
1629667,Jalen McDaniels,22200450148,Shot Chart Detail,22200450,148,1610612766,Charlotte Hornets,1,1,37,Made Shot,Jump Shot,,Above the Break 3,Center(C),24+ ft.,26,33,263,1,1,20221218,DEN,CHA,|1626162|1629667|1630177|1630208|202330,1,REG,2023,1630538,SG,Low Activity,-1.35
1629667,Jalen McDaniels,22200450151,Shot Chart Detail,22200450,151,1610612766,Charlotte Hornets,1,1,10,Made Shot,Jump Shot,,Right Corner 3,Right Side(R),24+ ft.,23,230,13,1,1,20221218,DEN,CHA,|1626162|1629667|1630177|1630208|202330,1,REG,2023,1628427,PF,Helper,-0.45
1629667,Jalen McDaniels,22200450157,Shot Chart Detail,22200450,157,1610612766,Charlotte Hornets,1,0,45,Missed Shot,Jump Shot,,Above the Break 3,Left Side Center(LC),24+ ft.,26,-129,236,1,0,20221218,DEN,CHA,|1626162|1629667|1630177|1630208|202330,0,REG,2023,1631128,SG,Chaser,-0.03
1629667,Jalen McDaniels,22200450196,Shot Chart Detail,22200450,196,1610612766,Charlotte Hornets,2,9,48,Missed Shot,Fadeaway Jump Shot,,In The Paint (Non-RA),Center(C),8-16 ft.,9,5,94,1,0,20221218,DEN,CHA,|1626162|1629667|1630163|1630208|202330,0,REG,2023,201145,PF,,-0.04
1629667,Jalen McDaniels,22200450459,Shot Chart Detail,22200450,459,1610612766,Charlotte Hornets,3,3,55,Made Shot,Running Layup Shot,,Restricted Area,Center(C),Less Than 8 ft.,1,4,17,1,1,20221218,DEN,CHA,|1626162|1629667|1630163|1630550|203486,0,REG,2023,1631128,SG,Chaser,-0.03
1629667,Jalen McDaniels,22200450541,Shot Chart Detail,22200450,541,1610612766,Charlotte Hornets,4,10,32,Made Shot,Running Layup Shot,2PT Field Goal,In The Paint (Non-RA),Center(C),Less Than 8 ft.,4,-42,6,1,1,20221218,DEN,CHA,|1629667|1630177|1630208|1630550|202330,1,REG,2023,201145,PF,,-0.04
1629667,Jalen McDaniels,22200450565,Shot Chart Detail,22200450,565,1610612766,Charlotte Hornets,4,8,26,Missed Shot,Jump Shot,3PT Field Goal,Above the Break 3,Left Side Center(LC),24+ ft.,25,-164,199,1,0,20221218,DEN,CHA,|1629667|1630177|1630208|1630550|202330,0,REG,2023,1630538,SG,Low Activity,-1.35
1629667,Jalen McDaniels,22200450614,Shot Chart Detail,22200450,614,1610612766,Charlotte Hornets,4,5,47,Made Shot,Driving Dunk Shot,,Restricted Area,Center(C),Less Than 8 ft.,0,-4,6,1,1,20221218,DEN,CHA,|1626162|1629023|1629667|1630163|1630208,0,REG,2023,203999,C,Anchor Big,1.96
1629667,Jalen McDaniels,22200460138,Shot Chart Detail,22200460,138,1610612766,Charlotte Hornets,1,2,14,Made Shot,Turnaround Jump Shot,,In The Paint (Non-RA),Right Side(R),8-16 ft.,9,69,59,1,1,20221219,SAC,CHA,|1626162|1629023|1629667|1630177|1630208,0,REG,2023,1627734,PF,Mobile Big,0.93
1629667,Jalen McDaniels,22200460314,Shot Chart Detail,22200460,314,1610612766,Charlotte Hornets,2,3,43,Missed Shot,Jump Shot,,Right Corner 3,Right Side(R),24+ ft.,22,223,17,1,0,20221219,SAC,CHA,|1629023|1629667|1630177|202330|203486,0,REG,2023,1628989,SG,Chaser,-0.34
1629667,Jalen McDaniels,22200460449,Shot Chart Detail,22200460,449,1610612766,Charlotte Hornets,3,5,33,Missed Shot,Jump Shot,,Above the Break 3,Right Side Center(RC),24+ ft.,25,227,126,1,0,20221219,SAC,CHA,|1626162|1629023|1629667|1630163|203486,0,REG,2023,1628370,SG,Point of Attack,-1.94
1629667,Jalen McDaniels,22200460503,Shot Chart Detail,22200460,503,1610612766,Charlotte Hornets,3,0,44,Missed Shot,Jump Shot,,Right Corner 3,Right Side(R),24+ ft.,23,235,9,1,0,20221219,SAC,CHA,|1626162|1629667|1630177|1630208|202330,0,REG,2023,1629056,SG,Point of Attack,-1.05
1629667,Jalen McDaniels,22200460613,Shot Chart Detail,22200460,613,1610612766,Charlotte Hornets,4,4,59,Missed Shot,Jump Shot,,Right Corner 3,Right Side(R),24+ ft.,23,233,47,1,0,20221219,SAC,CHA,|1626162|1629023|1629667|1630163|203486,0,REG,2023,1631099,SF,Helper,0.16
1629667,Jalen McDaniels,22200476135,Shot Chart Detail,22200476,135,1610612766,Charlotte Hornets,1,3,2,Missed Shot,Fadeaway Jump Shot,,In The Paint (Non-RA),Center(C),8-16 ft.,10,-50,89,1,0,20221221,LAC,CHA,|1626162|1629023|1629667|1630177|202330,0,REG,2023,202322|201587|1629611,,,
1629667,Jalen McDaniels,22200476154,Shot Chart Detail,22200476,154,1610612766,Charlotte Hornets,1,1,18,Made Shot,Running Dunk Shot,,Restricted Area,Center(C),Less Than 8 ft.,0,1,6,1,1,20221221,LAC,CHA,|1626162|1629023|1629667|1630177|202330,1,REG,2023,,,,
1629667,Jalen McDaniels,22200476172,Shot Chart Detail,22200476,172,1610612766,Charlotte Hornets,1,0,50,Missed Shot,Running Layup Shot,,Restricted Area,Center(C),Less Than 8 ft.,2,-5,26,1,0,20221221,LAC,CHA,|1626162|1629023|1629667|1630177|202330,0,REG,2023,1629611,SF,Chaser,-0.02
1629667,Jalen McDaniels,22200476202,Shot Chart Detail,22200476,202,1610612766,Charlotte Hornets,2,11,26,Missed Shot,Driving Layup Shot,2PT Field Goal,Restricted Area,Center(C),Less Than 8 ft.,3,-23,32,1,0,20221221,LAC,CHA,|1629667|1630163|1630177|1630208|202330,0,REG,2023,1627826,C,Anchor Big,0.44
1629667,Jalen McDaniels,22200476206,Shot Chart Detail,22200476,206,1610612766,Charlotte Hornets,2,11,12,Missed Shot,Running Layup Shot,2PT Field Goal,Restricted Area,Center(C),Less Than 8 ft.,3,33,13,1,0,20221221,LAC,CHA,|1629667|1630163|1630177|1630208|202330,0,REG,2023,202322|1626181,,,
1629667,Jalen McDaniels,22200476208,Shot Chart Detail,22200476,208,1610612766,Charlotte Hornets,2,11,8,Missed Shot,Putback Layup Shot,2PT Field Goal,Restricted Area,Center(C),Less Than 8 ft.,3,21,34,1,0,20221221,LAC,CHA,|1629667|1630163|1630177|1630208|202330,0,REG,2023,1628379,SG,Low Activity,-0.63
1629667,Jalen McDaniels,22200476476,Shot Chart Detail,22200476,476,1610612766,Charlotte Hornets,3,3,4,Missed Shot,Driving Layup Shot,,In The Paint (Non-RA),Center(C),Less Than 8 ft.,4,42,16,1,0,20221221,LAC,CHA,|1626162|1629023|1629667|1630177|1630208,0,REG,2023,1626181,SG,Chaser,-0.45
1629667,Jalen McDaniels,22200476479,Shot Chart Detail,22200476,479,1610612766,Charlotte Hornets,3,2,43,Missed Shot,Jump Shot,,Above the Break 3,Right Side Center(RC),24+ ft.,26,224,132,1,0,20221221,LAC,CHA,|1626162|1629023|1629667|1630177|1630208,0,REG,2023,1628379,SG,Low Activity,-0.63
1629667,Jalen McDaniels,22200476493,Shot Chart Detail,22200476,493,1610612766,Charlotte Hornets,3,1,44,Made Shot,Cutting Finger Roll Layup Shot,2PT Field Goal,Restricted Area,Center(C),Less Than 8 ft.,3,22,27,1,1,20221221,LAC,CHA,|1629667|1630177|1630208|1630550|202330,1,REG,2023,202322|202694,,,
1629667,Jalen McDaniels,22200476497,Shot Chart Detail,22200476,497,1610612766,Charlotte Hornets,3,1,6,Missed Shot,Pullup Jump shot,2PT Field Goal,In The Paint (Non-RA),Center(C),8-16 ft.,12,-2,124,1,0,20221221,LAC,CHA,|1629667|1630177|1630208|1630550|202330,0,REG,2023,1628379,SG,Low Activity,-0.63
1629667,Jalen McDaniels,22200476512,Shot Chart Detail,22200476,512,1610612766,Charlotte Hornets,3,0,1,Made Shot,Floating Jump shot,3PT Field Goal,Above the Break 3,Center(C),24+ ft.,27,47,272,1,1,20221221,LAC,CHA,|1629667|1630177|1630208|1630550|202330,1,REG,2023,,,,
1629667,Jalen McDaniels,22200476527,Shot Chart Detail,22200476,527,1610612766,Charlotte Hornets,4,11,31,Made Shot,Floating Jump shot,2PT Field Goal,In The Paint (Non-RA),Center(C),8-16 ft.,8,25,82,1,1,20221221,LAC,CHA,|1629667|1630163|1630208|1630550|202330,0,REG,2023,1628379,SG,Low Activity,-0.63
1629667,Jalen McDaniels,22200476554,Shot Chart Detail,22200476,554,1610612766,Charlotte Hornets,4,9,15,Missed Shot,Running Jump Shot,3PT Field Goal,Above the Break 3,Left Side Center(LC),24+ ft.,26,-174,200,1,0,20221221,LAC,CHA,|1629667|1630163|1630208|1630550|202330,0,REG,2023,1629611,SF,Chaser,-0.02
1629667,Jalen McDaniels,22200476570,Shot Chart Detail,22200476,570,1610612766,Charlotte Hornets,4,8,45,Missed Shot,Running Layup Shot,2PT Field Goal,Restricted Area,Center(C),Less Than 8 ft.,3,-12,37,1,0,20221221,LAC,CHA,|1629667|1630163|1630208|1630550|202330,0,REG,2023,1626181,SG,Chaser,-0.45
1629667,Jalen McDaniels,22200476678,Shot Chart Detail,22200476,678,1610612766,Charlotte Hornets,4,2,23,Made Shot,Jump Shot,3PT Field Goal,Left Corner 3,Left Side(L),24+ ft.,23,-234,15,1,1,20221221,LAC,CHA,|1629667|1630177|1630539|1630547|1630550,1,REG,2023,203496,SF,Wing Stopper,-0.79
1629667,Jalen McDaniels,22200492218,Shot Chart Detail,22200492,218,1610612766,Charlotte Hornets,2,9,48,Missed Shot,Driving Layup Shot,,In The Paint (Non-RA),Center(C),Less Than 8 ft.,4,39,13,1,0,20221223,LAL,CHA,|1626162|1629667|1630163|1630208|202330,0,REG,2023,2544,SF,,1.53
1629667,Jalen McDaniels,22200492229,Shot Chart Detail,22200492,229,1610612766,Charlotte Hornets,2,9,3,Made Shot,Dunk Shot,,Restricted Area,Center(C),Less Than 8 ft.,0,-5,4,1,1,20221223,LAL,CHA,|1626162|1629667|1630163|1630208|202330,0,REG,2023,,,,
1629667,Jalen McDaniels,22200492455,Shot Chart Detail,22200492,455,1610612766,Charlotte Hornets,3,4,6,Missed Shot,Floating Jump shot,,In The Paint (Non-RA),Right Side(R),8-16 ft.,9,66,68,1,0,20221223,LAL,CHA,|1626162|1626179|1629667|1630177|203486,0,REG,2023,1629117,PF,Helper,0.42
1629667,Jalen McDaniels,22200492487,Shot Chart Detail,22200492,487,1610612766,Charlotte Hornets,3,1,28,Made Shot,Jump Shot,,Right Corner 3,Right Side(R),24+ ft.,23,227,53,1,1,20221223,LAL,CHA,|1626179|1629667|1630177|1630208|202330,1,REG,2023,,,,
1629667,Jalen McDaniels,22200492509,Shot Chart Detail,22200492,509,1610612766,Charlotte Hornets,4,11,35,Made Shot,Running Alley Oop Dunk Shot,,Restricted Area,Center(C),Less Than 8 ft.,2,-9,20,1,1,20221223,LAL,CHA,|1626162|1629667|1630163|1630208|202330,1,REG,2023,1630559,SG,Point of Attack,-0.4
1629667,Jalen McDaniels,22200504139,Shot Chart Detail,22200504,139,1610612766,Charlotte Hornets,1,1,18,Missed Shot,Jump Shot,,Left Corner 3,Left Side(L),24+ ft.,22,-228,-1,1,0,20221226,POR,CHA,|1626162|1629667|1630177|1631109|202330,0,REG,2023,1629234,PF,Helper,0.08
1629667,Jalen McDaniels,22200504177,Shot Chart Detail,22200504,177,1610612766,Charlotte Hornets,2,10,52,Made Shot,Running Layup Shot,,Restricted Area,Center(C),Less Than 8 ft.,1,5,15,1,1,20221226,POR,CHA,|1626162|1629667|1630177|1631109|202330,1,REG,2023,203994,C,Helper,1.74
1629667,Jalen McDaniels,22200504200,Shot Chart Detail,22200504,200,1610612766,Charlotte Hornets,2,8,54,Missed Shot,Cutting Layup Shot,,Restricted Area,Center(C),Less Than 8 ft.,3,39,5,1,0,20221226,POR,CHA,|1626162|1629667|1630177|1631109|202330,0,REG,2023,203924,SF,Helper,-0.1
1629667,Jalen McDaniels,22200504205,Shot Chart Detail,22200504,205,1610612766,Charlotte Hornets,2,8,33,Made Shot,Running Jump Shot,,Above the Break 3,Right Side Center(RC),24+ ft.,28,115,256,1,1,20221226,POR,CHA,|1626162|1629667|1630177|1631109|202330,1,REG,2023,1631101,SG,Chaser,-1.84
1629667,Jalen McDaniels,22200504491,Shot Chart Detail,22200504,491,1610612766,Charlotte Hornets,3,1,12,Made Shot,Turnaround Hook Shot,,In The Paint (Non-RA),Left Side(L),8-16 ft.,8,-62,65,1,1,20221226,POR,CHA,|1626162|1629667|1630163|1631109|202330,0,REG,2023,1630553,SG,Chaser,-1.93
1629667,Jalen McDaniels,22200504532,Shot Chart Detail,22200504,532,1610612766,Charlotte Hornets,4,10,32,Missed Shot,Running Layup Shot,,In The Paint (Non-RA),Center(C),Less Than 8 ft.,4,-25,39,1,0,20221226,POR,CHA,|1626162|1626179|1629667|1631109|202330,0,REG,2023,1629014|203994,,,
1629667,Jalen McDaniels,22200504534,Shot Chart Detail,22200504,534,1610612766,Charlotte Hornets,4,10,28,Missed Shot,Putback Layup Shot,,In The Paint (Non-RA),Center(C),Less Than 8 ft.,5,-31,43,1,0,20221226,POR,CHA,|1626162|1626179|1629667|1631109|202330,0,REG,2023,203994|1630570,,,
1629667,Jalen McDaniels,22200513108,Shot Chart Detail,22200513,108,1610612766,Charlotte Hornets,1,3,52,Missed Shot,Jump Shot,,Left Corner 3,Left Side(L),24+ ft.,22,-223,-8,1,0,20221227,GSW,CHA,|1626179|1629023|1629667|1630163|203486,0,REG,2023,1629673,SG,Low Activity,-0.2
1629667,Jalen McDaniels,22200513138,Shot Chart Detail,22200513,138,1610612766,Charlotte Hornets,1,2,6,Made Shot,Jump Shot,3PT Field Goal,Above the Break 3,Right Side Center(RC),24+ ft.,26,206,173,1,1,20221227,GSW,CHA,|1629667|1630177|1630550|1631109|202330,1,REG,2023,1630228,SF,Wing Stopper,-0.52
1629667,Jalen McDaniels,22200513160,Shot Chart Detail,22200513,160,1610612766,Charlotte Hornets,1,0,0,Missed Shot,Pullup Jump shot,3PT Field Goal,Above the Break 3,Left Side Center(LC),24+ ft.,30,-172,247,1,0,20221227,GSW,CHA,|1629667|1630177|1630550|1631109|202330,0,REG,2023,202691,SG,,-1.91
1629667,Jalen McDaniels,22200513329,Shot Chart Detail,22200513,329,1610612766,Charlotte Hornets,2,2,31,Missed Shot,Jump Shot,,Left Corner 3,Left Side(L),24+ ft.,22,-228,3,1,0,20221227,GSW,CHA,|1626179|1629023|1629667|202330|203486,0,REG,2023,1629673,SG,Low Activity,-0.2
1629667,Jalen McDaniels,22200513475,Shot Chart Detail,22200513,475,1610612766,Charlotte Hornets,3,5,13,Made Shot,Jump Shot,,Above the Break 3,Left Side Center(LC),24+ ft.,27,-132,236,1,1,20221227,GSW,CHA,|1626179|1629023|1629667|1630163|203486,1,REG,2023,1629673,SG,Low Activity,-0.2
1629667,Jalen McDaniels,22200513544,Shot Chart Detail,22200513,544,1610612766,Charlotte Hornets,4,11,16,Made Shot,Jump Shot,3PT Field Goal,Above the Break 3,Center(C),24+ ft.,26,-26,267,1,1,20221227,GSW,CHA,|1629667|1630163|1630550|1631109|202330,1,REG,2023,1629660,SG,Chaser,-0.26
1629667,Jalen McDaniels,22200523108,Shot Chart Detail,22200523,108,1610612766,Charlotte Hornets,1,3,34,Missed Shot,Jump Shot,,Right Corner 3,Right Side(R),24+ ft.,22,228,28,1,0,20221229,CHA,OKC,|1626162|1626179|1629667|1630177|203486,0,REG,2023,,,,
1629667,Jalen McDaniels,22200523142,Shot Chart Detail,22200523,142,1610612766,Charlotte Hornets,1,0,57,Made Shot,Driving Layup Shot,,Restricted Area,Center(C),Less Than 8 ft.,3,20,34,1,1,20221229,CHA,OKC,|1626162|1629667|1630177|1631109|202330,1,REG,2023,1628983,PG,Point of Attack,0.72
1629667,Jalen McDaniels,22200523176,Shot Chart Detail,22200523,176,1610612766,Charlotte Hornets,2,10,31,Made Shot,Jump Shot,,Above the Break 3,Left Side Center(LC),24+ ft.,26,-120,232,1,1,20221229,CHA,OKC,|1626162|1629667|1630163|1631109|202330,1,REG,2023,1630598,SG,Point of Attack,-0.41
1629667,Jalen McDaniels,22200523209,Shot Chart Detail,22200523,209,1610612766,Charlotte Hornets,2,7,52,Made Shot,Alley Oop Layup shot,,Restricted Area,Center(C),Less Than 8 ft.,2,22,11,1,1,20221229,CHA,OKC,|1626162|1629667|1630163|1631109|202330,1,REG,2023,1630544,PG,Chaser,-1.39
1629667,Jalen McDaniels,22200523526,Shot Chart Detail,22200523,526,1610612766,Charlotte Hornets,4,10,51,Made Shot,Jump Shot,3PT Field Goal,Left Corner 3,Left Side(L),24+ ft.,23,-230,-2,1,1,20221229,CHA,OKC,|1629667|1630163|1630550|1631109|202330,1,REG,2023,1630581,SF,Low Activity,0.01
1629667,Jalen McDaniels,22200523571,Shot Chart Detail,22200523,571,1610612766,Charlotte Hornets,4,7,26,Made Shot,Driving Layup Shot,,Restricted Area,Center(C),Less Than 8 ft.,1,-15,11,1,1,20221229,CHA,OKC,|1629023|1629667|1630163|1631109|202330,0,REG,2023,1629026,SF,Wing Stopper,0.61
1629667,Jalen McDaniels,22200523589,Shot Chart Detail,22200523,589,1610612766,Charlotte Hornets,4,6,19,Missed Shot,Fadeaway Jump Shot,,Mid-Range,Left Side(L),8-16 ft.,10,-97,30,1,0,20221229,CHA,OKC,|1626179|1629023|1629667|1630163|203486,0,REG,2023,1631119|1630544,,,
1629667,Jalen McDaniels,2220053984,Shot Chart Detail,22200539,84,1610612766,Charlotte Hornets,1,4,43,Missed Shot,Jump Shot,,Right Corner 3,Right Side(R),24+ ft.,23,230,68,1,0,20221231,CHA,BKN,|1626179|1629023|1629667|1630163|203486,0,REG,2023,,,,
1629667,Jalen McDaniels,22200539109,Shot Chart Detail,22200539,109,1610612766,Charlotte Hornets,1,3,5,Made Shot,Driving Layup Shot,,Restricted Area,Center(C),Less Than 8 ft.,2,27,7,1,1,20221231,CHA,BKN,|1626179|1629667|1630177|1630550|1631109,1,REG,2023,203552,PG,Wing Stopper,0.07
1629667,Jalen McDaniels,22200539116,Shot Chart Detail,22200539,116,1610612766,Charlotte Hornets,1,2,8,Missed Shot,Jump Shot,,Above the Break 3,Center(C),24+ ft.,26,69,254,1,0,20221231,CHA,BKN,|1626179|1629667|1630177|1630550|1631109,0,REG,2023,1628410,PG,Chaser,-0.47
1629667,Jalen McDaniels,22200539204,Shot Chart Detail,22200539,204,1610612766,Charlotte Hornets,2,7,44,Made Shot,Tip Layup Shot,,Restricted Area,Center(C),Less Than 8 ft.,0,0,0,1,1,20221231,CHA,BKN,|1629023|1629667|1630163|1631109|202330,0,REG,2023,203552,PG,Wing Stopper,0.07
1629667,Jalen McDaniels,22200539451,Shot Chart Detail,22200539,451,1610612766,Charlotte Hornets,3,2,23,Missed Shot,Step Back Jump shot,,Left Corner 3,Left Side(L),24+ ft.,23,-233,36,1,0,20221231,CHA,BKN,|1626179|1629667|1630177|1630550|203486,0,REG,2023,1629139,SF,Helper,-0.16
1629667,Jalen McDaniels,22200539518,Shot Chart Detail,22200539,518,1610612766,Charlotte Hornets,4,9,20,Made Shot,Reverse Layup Shot,,Restricted Area,Center(C),Less Than 8 ft.,2,-20,-2,1,1,20221231,CHA,BKN,|1629023|1629667|1630163|1631109|202330,0,REG,2023,1628410,PG,Chaser,-0.47
1629667,Jalen McDaniels,22200539581,Shot Chart Detail,22200539,581,1610612766,Charlotte Hornets,4,4,57,Made Shot,Jump Shot,,Above the Break 3,Center(C),24+ ft.,25,-9,253,1,1,20221231,CHA,BKN,|1626179|1629023|1629667|1630163|203486,1,REG,2023,1626220,SF,Chaser,0.9
1629667,Jalen McDaniels,22200539588,Shot Chart Detail,22200539,588,1610612766,Charlotte Hornets,4,3,31,Missed Shot,Jump Shot,,Above the Break 3,Right Side Center(RC),24+ ft.,28,164,230,1,0,20221231,CHA,BKN,|1626179|1629023|1629667|1630163|203486,0,REG,2023,1628410,PG,Chaser,-0.47
1629667,Jalen McDaniels,22200551128,Shot Chart Detail,22200551,128,1610612766,Charlotte Hornets,1,2,1,Missed Shot,Jump Shot,,Above the Break 3,Left Side Center(LC),24+ ft.,25,-96,236,1,0,20230102,CHA,LAL,|1628372|1629667|1630550|1631109|202330,0,REG,2023,,,,
1629667,Jalen McDaniels,22200551248,Shot Chart Detail,22200551,248,1610612766,Charlotte Hornets,2,5,45,Missed Shot,Driving Floating Bank Jump Shot,,Restricted Area,Center(C),Less Than 8 ft.,3,-18,27,1,0,20230102,CHA,LAL,|1626179|1629023|1629667|1630163|203486,0,REG,2023,,,,
1629667,Jalen McDaniels,22200551418,Shot Chart Detail,22200551,418,1610612766,Charlotte Hornets,3,7,22,Made Shot,Driving Floating Jump Shot,,Mid-Range,Left Side(L),8-16 ft.,10,-100,21,1,1,20230102,CHA,LAL,|1626179|1629667|1630163|202330|203486,1,REG,2023,2544,SF,,1.53
1629667,Jalen McDaniels,22200551422,Shot Chart Detail,22200551,422,1610612766,Charlotte Hornets,3,7,7,Missed Shot,Running Finger Roll Layup Shot,,Restricted Area,Center(C),Less Than 8 ft.,1,15,13,1,0,20230102,CHA,LAL,|1626179|1629667|1630163|202330|203486,0,REG,2023,2544|1628972,,,
1629667,Jalen McDaniels,22200551424,Shot Chart Detail,22200551,424,1610612766,Charlotte Hornets,3,7,4,Made Shot,Tip Layup Shot,,Restricted Area,Center(C),Less Than 8 ft.,0,0,0,1,1,20230102,CHA,LAL,|1626179|1629667|1630163|202330|203486,0,REG,2023,1628972,SF,Chaser,-0.41
1629667,Jalen McDaniels,22200551430,Shot Chart Detail,22200551,430,1610612766,Charlotte Hornets,3,6,24,Missed Shot,Jump Shot,,Above the Break 3,Right Side Center(RC),24+ ft.,26,130,233,1,0,20230102,CHA,LAL,|1626179|1629667|1630163|202330|203486,0,REG,2023,2544,SF,,1.53
1629667,Jalen McDaniels,22200551446,Shot Chart Detail,22200551,446,1610612766,Charlotte Hornets,3,5,31,Made Shot,Running Dunk Shot,,Restricted Area,Center(C),Less Than 8 ft.,0,-4,8,1,1,20230102,CHA,LAL,|1626179|1629667|1630163|202330|203486,0,REG,2023,1630559,SG,Point of Attack,-0.4
1629667,Jalen McDaniels,22200551512,Shot Chart Detail,22200551,512,1610612766,Charlotte Hornets,3,1,2,Missed Shot,Jump Shot,,Above the Break 3,Center(C),24+ ft.,25,50,254,1,0,20230102,CHA,LAL,|1628372|1629667|1630550|1631109|202330,0,REG,2023,1629134,PG,Point of Attack,-0.66
1629667,Jalen McDaniels,22200551516,Shot Chart Detail,22200551,516,1610612766,Charlotte Hornets,3,0,49,Made Shot,Running Dunk Shot,,Restricted Area,Center(C),Less Than 8 ft.,1,5,18,1,1,20230102,CHA,LAL,|1628372|1629667|1630550|1631109|202330,1,REG,2023,1629134,PG,Point of Attack,-0.66
1629667,Jalen McDaniels,22200551616,Shot Chart Detail,22200551,616,1610612766,Charlotte Hornets,4,5,41,Missed Shot,Jump Shot,,Above the Break 3,Right Side Center(RC),24+ ft.,26,137,223,1,0,20230102,CHA,LAL,|1626179|1629023|1629667|1630163|203486,0,REG,2023,,,,
1629667,Jalen McDaniels,222005649,Shot Chart Detail,22200564,9,1610612766,Charlotte Hornets,1,11,23,Missed Shot,Jump Shot,,Above the Break 3,Left Side Center(LC),24+ ft.,25,-164,195,1,0,20230104,CHA,MEM,|1626179|1629023|1629667|1630163|203486,0,REG,2023,1628991,PF,Helper,1.03
1629667,Jalen McDaniels,2220056435,Shot Chart Detail,22200564,35,1610612766,Charlotte Hornets,1,9,36,Missed Shot,Running Pull-Up Jump Shot,,In The Paint (Non-RA),Center(C),Less Than 8 ft.,7,-4,73,1,0,20230104,CHA,MEM,|1626179|1629023|1629667|1630163|203486,0,REG,2023,1628415,SF,Wing Stopper,-1.08
1629667,Jalen McDaniels,22200564157,Shot Chart Detail,22200564,157,1610612766,Charlotte Hornets,1,1,43,Made Shot,Layup Shot,,Restricted Area,Center(C),Less Than 8 ft.,1,9,10,1,1,20230104,CHA,MEM,|1628372|1628998|1629667|1630550|1631109,1,REG,2023,1630583|1630214,,,
1629667,Jalen McDaniels,22200564179,Shot Chart Detail,22200564,179,1610612766,Charlotte Hornets,1,0,5,Missed Shot,Jump Shot,,Right Corner 3,Right Side(R),24+ ft.,22,228,27,1,0,20230104,CHA,MEM,|1628372|1628998|1629667|1630550|1631109,0,REG,2023,1628415,SF,Wing Stopper,-1.08
1629667,Jalen McDaniels,22200564313,Shot Chart Detail,22200564,313,1610612766,Charlotte Hornets,2,3,24,Made Shot,Running Layup Shot,,Restricted Area,Center(C),Less Than 8 ft.,1,15,4,1,1,20230104,CHA,MEM,|1628998|1629023|1629667|1630163|1631109,1,REG,2023,1630583,PF,Helper,-0.6
1629667,Jalen McDaniels,22200564327,Shot Chart Detail,22200564,327,1610612766,Charlotte Hornets,2,2,25,Made Shot,Jump Shot,,Above the Break 3,Center(C),24+ ft.,26,-22,264,1,1,20230104,CHA,MEM,|1628998|1629023|1629667|1630163|1631109,1,REG,2023,,,,
1629667,Jalen McDaniels,22200564350,Shot Chart Detail,22200564,350,1610612766,Charlotte Hornets,2,0,43,Missed Shot,Jump Shot,,Above the Break 3,Center(C),24+ ft.,25,12,255,1,0,20230104,CHA,MEM,|1628372|1628998|1629667|1630550|1631109,0,REG,2023,1629630,PG,Point of Attack,-0.87
1629667,Jalen McDaniels,22200564395,Shot Chart Detail,22200564,395,1610612766,Charlotte Hornets,3,10,42,Made Shot,Driving Floating Jump Shot,,In The Paint (Non-RA),Center(C),Less Than 8 ft.,7,-18,76,1,1,20230104,CHA,MEM,|1626179|1629023|1629667|1630163|203486,0,REG,2023,1628415|203500,,,
1629667,Jalen McDaniels,22200564398,Shot Chart Detail,22200564,398,1610612766,Charlotte Hornets,3,9,52,Missed Shot,Jump Shot,,Left Corner 3,Left Side(L),24+ ft.,22,-229,11,1,0,20230104,CHA,MEM,|1626179|1629023|1629667|1630163|203486,0,REG,2023,1629630,PG,Point of Attack,-0.87
1629667,Jalen McDaniels,22200564423,Shot Chart Detail,22200564,423,1610612766,Charlotte Hornets,3,8,34,Made Shot,Running Layup Shot,,Restricted Area,Center(C),Less Than 8 ft.,1,4,11,1,1,20230104,CHA,MEM,|1626179|1629023|1629667|1630163|203486,1,REG,2023,1630217,SG,Chaser,-0.26
1629667,Jalen McDaniels,22200564533,Shot Chart Detail,22200564,533,1610612766,Charlotte Hornets,3,0,45,Made Shot,Running Dunk Shot,,Restricted Area,Center(C),Less Than 8 ft.,1,12,13,1,1,20230104,CHA,MEM,|1628372|1628998|1629667|1630550|1631109,1,REG,2023,1626145,PG,Point of Attack,-0.61
1629667,Jalen McDaniels,2220058356,Shot Chart Detail,22200583,56,1610612766,Charlotte Hornets,1,7,0,Made Shot,Reverse Layup Shot,,Restricted Area,Center(C),Less Than 8 ft.,2,15,17,1,1,20230106,MIL,CHA,|1626179|1629023|1629667|1630163|203486,1,REG,2023,1628960,SG,Low Activity,-2.1
1629667,Jalen McDaniels,22200583141,Shot Chart Detail,22200583,141,1610612766,Charlotte Hornets,1,1,58,Made Shot,Running Dunk Shot,,Restricted Area,Center(C),Less Than 8 ft.,3,20,27,1,1,20230106,MIL,CHA,|1628372|1628998|1629667|1630550|1631109,0,REG,2023,1630699,SF,Chaser,-1.25
1629667,Jalen McDaniels,22200583147,Shot Chart Detail,22200583,147,1610612766,Charlotte Hornets,1,0,44,Missed Shot,Jump Shot,,Right Corner 3,Right Side(R),24+ ft.,23,234,15,1,0,20230106,MIL,CHA,|1628372|1628998|1629667|1630550|1631109,0,REG,2023,1630699,SF,Chaser,-1.25
1629667,Jalen McDaniels,22200583287,Shot Chart Detail,22200583,287,1610612766,Charlotte Hornets,2,3,43,Made Shot,Cutting Dunk Shot,,Restricted Area,Center(C),Less Than 8 ft.,0,5,6,1,1,20230106,MIL,CHA,|1626179|1629667|1630163|1630550|203486,1,REG,2023,1630699,SF,Chaser,-1.25
1629667,Jalen McDaniels,22200583387,Shot Chart Detail,22200583,387,1610612766,Charlotte Hornets,3,7,51,Missed Shot,Fadeaway Jump Shot,,In The Paint (Non-RA),Right Side(R),8-16 ft.,8,72,38,1,0,20230106,MIL,CHA,|1626179|1629023|1629667|1630163|203486,0,REG,2023,1626192,SG,Low Activity,-0.55
1629667,Jalen McDaniels,22200583523,Shot Chart Detail,22200583,523,1610612766,Charlotte Hornets,4,10,2,Missed Shot,Running Jump Shot,,Above the Break 3,Left Side Center(LC),24+ ft.,26,-157,215,1,0,20230106,MIL,CHA,|1628998|1629023|1629667|1630163|1631109,0,REG,2023,1631260,SG,Low Activity,-1.36
1629667,Jalen McDaniels,22200583545,Shot Chart Detail,22200583,545,1610612766,Charlotte Hornets,4,9,1,Missed Shot,Driving Floating Jump Shot,,In The Paint (Non-RA),Right Side(R),8-16 ft.,12,67,103,1,0,20230106,MIL,CHA,|1626179|1629023|1629667|1630163|203486,0,REG,2023,,,,
1629667,Jalen McDaniels,22200583586,Shot Chart Detail,22200583,586,1610612766,Charlotte Hornets,4,4,56,Missed Shot,Jump Shot,,Left Corner 3,Left Side(L),24+ ft.,25,-241,67,1,0,20230106,MIL,CHA,|1626179|1629023|1629667|1630163|203486,0,REG,2023,202083,SG,,-1.0
1629667,Jalen McDaniels,22200598131,Shot Chart Detail,22200598,131,1610612766,Charlotte Hornets,1,2,4,Made Shot,Running Jump Shot,,Right Corner 3,Right Side(R),24+ ft.,23,233,17,1,1,20230108,IND,CHA,|1628372|1628998|1629667|1630550|1631109,1,REG,2023,1631097,SG,Chaser,-2.23
1629667,Jalen McDaniels,22200598171,Shot Chart Detail,22200598,171,1610612766,Charlotte Hornets,2,11,3,Missed Shot,Driving Layup Shot,,Restricted Area,Center(C),Less Than 8 ft.,2,18,16,1,0,20230108,IND,CHA,|1628998|1629023|1629667|1630163|1631109,0,REG,2023,1629052|1630537,,,
1629667,Jalen McDaniels,22200598256,Shot Chart Detail,22200598,256,1610612766,Charlotte Hornets,2,6,36,Missed Shot,Reverse Dunk Shot,,Restricted Area,Center(C),Less Than 8 ft.,1,15,6,1,0,20230108,IND,CHA,|1626179|1628372|1629023|1629667|203486,0,REG,2023,1627741,SG,Chaser,-1.39
1629667,Jalen McDaniels,22200598266,Shot Chart Detail,22200598,266,1610612766,Charlotte Hornets,2,5,55,Missed Shot,Tip Layup Shot,,Restricted Area,Center(C),Less Than 8 ft.,0,0,0,1,0,20230108,IND,CHA,|1626179|1628372|1629023|1629667|203486,0,REG,2023,1627741,SG,Chaser,-1.39
1629667,Jalen McDaniels,22200598268,Shot Chart Detail,22200598,268,1610612766,Charlotte Hornets,2,5,52,Missed Shot,Pullup Jump shot,,Above the Break 3,Right Side Center(RC),24+ ft.,25,212,140,1,0,20230108,IND,CHA,|1626179|1628372|1629023|1629667|203486,0,REG,2023,1627741,SG,Chaser,-1.39
1629667,Jalen McDaniels,22200598352,Shot Chart Detail,22200598,352,1610612766,Charlotte Hornets,2,0,25,Made Shot,Driving Finger Roll Layup Shot,,Restricted Area,Center(C),Less Than 8 ft.,2,-20,-4,1,1,20230108,IND,CHA,|1626179|1628998|1629023|1629667|1631109,1,REG,2023,1626167|1629614,,,
1629667,Jalen McDaniels,22200598368,Shot Chart Detail,22200598,368,1610612766,Charlotte Hornets,3,11,22,Missed Shot,Driving Floating Jump Shot,,In The Paint (Non-RA),Left Side(L),8-16 ft.,13,-80,113,1,0,20230108,IND,CHA,|1626179|1629023|1629667|1630163|203486,0,REG,2023,1627741,SG,Chaser,-1.39
1629667,Jalen McDaniels,22200598370,Shot Chart Detail,22200598,370,1610612766,Charlotte Hornets,3,11,17,Made Shot,Tip Layup Shot,,Restricted Area,Center(C),Less Than 8 ft.,0,0,0,1,1,20230108,IND,CHA,|1626179|1629023|1629667|1630163|203486,0,REG,2023,1627741,SG,Chaser,-1.39
1629667,Jalen McDaniels,22200598394,Shot Chart Detail,22200598,394,1610612766,Charlotte Hornets,3,9,5,Missed Shot,Jump Shot,,Left Corner 3,Left Side(L),24+ ft.,22,-227,15,1,0,20230108,IND,CHA,|1626179|1629023|1629667|1630163|203486,0,REG,2023,1629614,SG,Point of Attack,-1.12
1629667,Jalen McDaniels,22200598507,Shot Chart Detail,22200598,507,1610612766,Charlotte Hornets,3,1,16,Made Shot,Running Jump Shot,,Above the Break 3,Center(C),24+ ft.,25,15,254,1,1,20230108,IND,CHA,|1628372|1628998|1629667|1630550|1631109,1,REG,2023,1630188,PF,Helper,-0.65
1629667,Jalen McDaniels,22200598511,Shot Chart Detail,22200598,511,1610612766,Charlotte Hornets,3,0,55,Made Shot,Floating Jump shot,,In The Paint (Non-RA),Center(C),Less Than 8 ft.,7,-16,71,1,1,20230108,IND,CHA,|1628372|1628998|1629667|1630550|1631109,1,REG,2023,1631097,SG,Chaser,-2.23
1629667,Jalen McDaniels,22200598515,Shot Chart Detail,22200598,515,1610612766,Charlotte Hornets,3,0,39,Missed Shot,Jump Shot,,Above the Break 3,Center(C),24+ ft.,26,81,256,1,0,20230108,IND,CHA,|1628372|1628998|1629667|1630550|1631109,0,REG,2023,1630188,PF,Helper,-0.65
1629667,Jalen McDaniels,22200598589,Shot Chart Detail,22200598,589,1610612766,Charlotte Hornets,4,7,43,Made Shot,Driving Layup Shot,,Restricted Area,Center(C),Less Than 8 ft.,2,18,15,1,1,20230108,IND,CHA,|1628372|1629023|1629667|1630163|203486,1,REG,2023,1627741,SG,Chaser,-1.39
1629667,Jalen McDaniels,22200598597,Shot Chart Detail,22200598,597,1610612766,Charlotte Hornets,4,7,13,Made Shot,Fadeaway Jump Shot,,Mid-Range,Left Side(L),8-16 ft.,13,-112,67,1,1,20230108,IND,CHA,|1626179|1628372|1629023|1629667|203486,0,REG,2023,1630188,PF,Helper,-0.65
1629667,Jalen McDaniels,222006139,Shot Chart Detail,22200613,9,1610612766,Charlotte Hornets,1,11,22,Missed Shot,Turnaround Jump Shot,,Mid-Range,Left Side(L),8-16 ft.,15,-124,93,1,0,20230110,TOR,CHA,|1626179|1629023|1629667|1630163|203486,0,REG,2023,1627783,PF,Helper,1.73
1629667,Jalen McDaniels,2220061345,Shot Chart Detail,22200613,45,1610612766,Charlotte Hornets,1,8,12,Made Shot,Alley Oop Layup shot,,Restricted Area,Center(C),Less Than 8 ft.,1,7,8,1,1,20230110,TOR,CHA,|1626179|1629023|1629667|1630163|203486,1,REG,2023,,,,
1629667,Jalen McDaniels,22200613184,Shot Chart Detail,22200613,184,1610612766,Charlotte Hornets,2,9,42,Missed Shot,Driving Hook Shot,,In The Paint (Non-RA),Center(C),Less Than 8 ft.,6,7,62,1,0,20230110,TOR,CHA,|1628372|1629023|1629667|1630163|1631109,0,REG,2023,1628449,PF,Helper,-0.95
1629667,Jalen McDaniels,22200613200,Shot Chart Detail,22200613,200,1610612766,Charlotte Hornets,2,8,19,Made Shot,Running Layup Shot,,Restricted Area,Center(C),Less Than 8 ft.,3,12,31,1,1,20230110,TOR,CHA,|1628372|1629023|1629667|1630163|1631109,1,REG,2023,1629018,SG,Chaser,-0.55
1629667,Jalen McDaniels,22200613373,Shot Chart Detail,22200613,373,1610612766,Charlotte Hornets,3,5,50,Missed Shot,Jump Shot,,Right Corner 3,Right Side(R),24+ ft.,22,225,27,1,0,20230110,TOR,CHA,|1626179|1629023|1629667|1630163|203486,0,REG,2023,1630567,PF,Helper,0.63
1629667,Jalen McDaniels,22200613379,Shot Chart Detail,22200613,379,1610612766,Charlotte Hornets,3,5,35,Missed Shot,Running Reverse Layup Shot,,Restricted Area,Center(C),Less Than 8 ft.,1,-9,12,1,0,20230110,TOR,CHA,|1626179|1629023|1629667|1630163|203486,0,REG,2023,1627783|1630567,,,
1629667,Jalen McDaniels,22200613478,Shot Chart Detail,22200613,478,1610612766,Charlotte Hornets,4,11,2,Made Shot,Jump Shot,,Above the Break 3,Left Side Center(LC),24+ ft.,26,-172,204,1,1,20230110,TOR,CHA,|1628998|1629023|1629667|1630163|1631109,1,REG,2023,1629018,SG,Chaser,-0.55
1629667,Jalen McDaniels,222006298,Shot Chart Detail,22200629,8,1610612766,Charlotte Hornets,1,11,20,Made Shot,Fadeaway Jump Shot,,In The Paint (Non-RA),Left Side(L),8-16 ft.,8,-59,59,1,1,20230112,TOR,CHA,|1626179|1629023|1629667|1630163|203486,0,REG,2023,1627783|1630567,,,
1629667,Jalen McDaniels,2220062911,Shot Chart Detail,22200629,11,1610612766,Charlotte Hornets,1,10,52,Missed Shot,Jump Shot,,Above the Break 3,Right Side Center(RC),24+ ft.,26,119,234,1,0,20230112,TOR,CHA,|1626179|1629023|1629667|1630163|203486,0,REG,2023,1630567,PF,Helper,0.63
1629667,Jalen McDaniels,2220062917,Shot Chart Detail,22200629,17,1610612766,Charlotte Hornets,1,10,13,Missed Shot,Jump Shot,,Above the Break 3,Right Side Center(RC),24+ ft.,25,163,192,1,0,20230112,TOR,CHA,|1626179|1629023|1629667|1630163|203486,0,REG,2023,1627832,PG,Point of Attack,-0.37
1629667,Jalen McDaniels,2220062921,Shot Chart Detail,22200629,21,1610612766,Charlotte Hornets,1,9,59,Made Shot,Running Dunk Shot,,Restricted Area,Center(C),Less Than 8 ft.,1,-1,14,1,1,20230112,TOR,CHA,|1626179|1629023|1629667|1630163|203486,1,REG,2023,,,,
1629667,Jalen McDaniels,2220062932,Shot Chart Detail,22200629,32,1610612766,Charlotte Hornets,1,8,34,Missed Shot,Jump Shot,,Left Corner 3,Left Side(L),24+ ft.,23,-232,-4,1,0,20230112,TOR,CHA,|1626179|1629023|1629667|1630163|203486,0,REG,2023,1630567,PF,Helper,0.63
1629667,Jalen McDaniels,22200629337,Shot Chart Detail,22200629,337,1610612766,Charlotte Hornets,3,11,45,Missed Shot,Jump Shot,,Above the Break 3,Left Side Center(LC),24+ ft.,27,-191,191,1,0,20230112,TOR,CHA,|1626179|1629023|1629667|1630163|203486,0,REG,2023,1629018,SG,Chaser,-0.55
1629667,Jalen McDaniels,22200629352,Shot Chart Detail,22200629,352,1610612766,Charlotte Hornets,3,10,24,Made Shot,Driving Finger Roll Layup Shot,,Mid-Range,Left Side(L),8-16 ft.,10,-94,49,1,1,20230112,TOR,CHA,|1626179|1629023|1629667|1630163|203486,1,REG,2023,1629018,SG,Chaser,-0.55
1629667,Jalen McDaniels,22200629400,Shot Chart Detail,22200629,400,1610612766,Charlotte Hornets,3,6,12,Missed Shot,Running Dunk Shot,,Restricted Area,Center(C),Less Than 8 ft.,1,-6,12,1,0,20230112,TOR,CHA,|1626179|1629023|1629667|1630163|203486,0,REG,2023,1630567,PF,Helper,0.63
1629667,Jalen McDaniels,22200629525,Shot Chart Detail,22200629,525,1610612766,Charlotte Hornets,4,10,37,Missed Shot,Driving Layup Shot,,Restricted Area,Center(C),Less Than 8 ft.,3,-20,25,1,0,20230112,TOR,CHA,|1628998|1629023|1629667|1630163|1630208,0,REG,2023,1628449|1629018,,,
1629667,Jalen McDaniels,22200629597,Shot Chart Detail,22200629,597,1610612766,Charlotte Hornets,4,6,1,Made Shot,Jump Shot,,Above the Break 3,Right Side Center(RC),24+ ft.,25,86,239,1,1,20230112,TOR,CHA,|1626179|1628372|1629667|1630163|203486,1,REG,2023,1629018,SG,Chaser,-0.55
1629667,Jalen McDaniels,22200629603,Shot Chart Detail,22200629,603,1610612766,Charlotte Hornets,4,5,14,Missed Shot,Driving Hook Shot,,In The Paint (Non-RA),Center(C),Less Than 8 ft.,7,54,58,1,0,20230112,TOR,CHA,|1626179|1628372|1629667|1630163|203486,0,REG,2023,1627832,PG,Point of Attack,-0.37
1629667,Jalen McDaniels,222006429,Shot Chart Detail,22200642,9,1610612766,Charlotte Hornets,1,11,18,Made Shot,Driving Reverse Layup Shot,,Restricted Area,Center(C),Less Than 8 ft.,0,-9,-1,1,1,20230114,CHA,BOS,|1626179|1629023|1629667|1630163|203486,1,REG,2023,1629057,C,Anchor Big,1.59
1629667,Jalen McDaniels,2220064213,Shot Chart Detail,22200642,13,1610612766,Charlotte Hornets,1,10,53,Made Shot,Jump Shot,,Left Corner 3,Left Side(L),24+ ft.,22,-229,-6,1,1,20230114,CHA,BOS,|1626179|1629023|1629667|1630163|203486,1,REG,2023,1629057,C,Anchor Big,1.59
1629667,Jalen McDaniels,2220064231,Shot Chart Detail,22200642,31,1610612766,Charlotte Hornets,1,8,40,Made Shot,Fadeaway Jump Shot,,In The Paint (Non-RA),Center(C),Less Than 8 ft.,5,-17,54,1,1,20230114,CHA,BOS,|1626179|1629023|1629667|1630163|203486,1,REG,2023,1629057,C,Anchor Big,1.59
1629667,Jalen McDaniels,22200642216,Shot Chart Detail,22200642,216,1610612766,Charlotte Hornets,2,6,25,Made Shot,Running Dunk Shot,,Restricted Area,Center(C),Less Than 8 ft.,2,11,17,1,1,20230114,CHA,BOS,|1628372|1629023|1629667|1630163|1630208,1,REG,2023,1630202,SG,Chaser,-1.07
1629667,Jalen McDaniels,22200642278,Shot Chart Detail,22200642,278,1610612766,Charlotte Hornets,2,2,40,Missed Shot,Jump Shot,,Left Corner 3,Left Side(L),24+ ft.,23,-232,6,1,0,20230114,CHA,BOS,|1626179|1629023|1629667|1630163|203486,0,REG,2023,203935,PG,Point of Attack,0.96
1629667,Jalen McDaniels,22200642286,Shot Chart Detail,22200642,286,1610612766,Charlotte Hornets,2,1,33,Missed Shot,Fadeaway Jump Shot,,In The Paint (Non-RA),Center(C),8-16 ft.,8,-5,85,1,0,20230114,CHA,BOS,|1626179|1629023|1629667|1630163|203486,0,REG,2023,1629057,C,Anchor Big,1.59
1629667,Jalen McDaniels,22200642320,Shot Chart Detail,22200642,320,1610612766,Charlotte Hornets,3,11,1,Missed Shot,Fadeaway Jump Shot,,In The Paint (Non-RA),Center(C),8-16 ft.,9,1,90,1,0,20230114,CHA,BOS,|1626179|1629023|1629667|1630163|203486,0,REG,2023,203935,PG,Point of Attack,0.96
1629667,Jalen McDaniels,22200642480,Shot Chart Detail,22200642,480,1610612766,Charlotte Hornets,4,10,22,Missed Shot,Driving Floating Jump Shot,,In The Paint (Non-RA),Center(C),Less Than 8 ft.,5,18,56,1,0,20230114,CHA,BOS,|1628998|1629023|1629667|1630163|1630208,0,REG,2023,1628382,SF,Wing Stopper,-0.57
1629667,Jalen McDaniels,222006569,Shot Chart Detail,22200656,9,1610612766,Charlotte Hornets,1,11,32,Missed Shot,Jump Shot,,Right Corner 3,Right Side(R),24+ ft.,23,233,33,1,0,20230116,CHA,BOS,|1626179|1629023|1629667|1630163|203486,0,REG,2023,1629057,C,Anchor Big,1.59
1629667,Jalen McDaniels,2220065611,Shot Chart Detail,22200656,11,1610612766,Charlotte Hornets,1,11,26,Missed Shot,Reverse Layup Shot,,Restricted Area,Center(C),Less Than 8 ft.,3,-22,21,1,0,20230116,CHA,BOS,|1626179|1629023|1629667|1630163|203486,0,REG,2023,1629057,C,Anchor Big,1.59
1629667,Jalen McDaniels,2220065621,Shot Chart Detail,22200656,21,1610612766,Charlotte Hornets,1,10,23,Made Shot,Jump Shot,,Above the Break 3,Center(C),24+ ft.,26,-44,257,1,1,20230116,CHA,BOS,|1626179|1629023|1629667|1630163|203486,1,REG,2023,,,,
1629667,Jalen McDaniels,2220065631,Shot Chart Detail,22200656,31,1610612766,Charlotte Hornets,1,9,22,Made Shot,Cutting Layup Shot,,Restricted Area,Center(C),Less Than 8 ft.,1,-2,16,1,1,20230116,CHA,BOS,|1626179|1629023|1629667|1630163|203486,1,REG,2023,1628401|203935,,,
1629667,Jalen McDaniels,2220065635,Shot Chart Detail,22200656,35,1610612766,Charlotte Hornets,1,8,58,Missed Shot,Running Layup Shot,,Restricted Area,Center(C),Less Than 8 ft.,3,5,38,1,0,20230116,CHA,BOS,|1626179|1629023|1629667|1630163|203486,0,REG,2023,203935,PG,Point of Attack,0.96
1629667,Jalen McDaniels,22200656171,Shot Chart Detail,22200656,171,1610612766,Charlotte Hornets,2,11,12,Made Shot,Turnaround Fadeaway shot,2PT Field Goal,In The Paint (Non-RA),Center(C),Less Than 8 ft.,6,-10,62,1,1,20230116,CHA,BOS,|1629667|1630163|1630550|1631109|1631121,0,REG,2023,1629684,PF,Helper,0.62
1629667,Jalen McDaniels,22200656216,Shot Chart Detail,22200656,216,1610612766,Charlotte Hornets,2,7,27,Made Shot,Running Jump Shot,,Right Corner 3,Right Side(R),24+ ft.,23,232,33,1,1,20230116,CHA,BOS,|1628372|1629667|1630163|1630550|1631109,1,REG,2023,1630573,SF,Low Activity,-0.72
1629667,Jalen McDaniels,22200656251,Shot Chart Detail,22200656,251,1610612766,Charlotte Hornets,2,5,56,Made Shot,Jump Shot,,Right Corner 3,Right Side(R),24+ ft.,23,232,49,1,1,20230116,CHA,BOS,|1626179|1628372|1629023|1629667|203486,1,REG,2023,1629057,C,Anchor Big,1.59
1629667,Jalen McDaniels,22200656255,Shot Chart Detail,22200656,255,1610612766,Charlotte Hornets,2,5,39,Made Shot,Jump Shot,,Above the Break 3,Left Side Center(LC),24+ ft.,28,-100,272,1,1,20230116,CHA,BOS,|1626179|1628372|1629023|1629667|203486,1,REG,2023,201143,C,,1.56
1629667,Jalen McDaniels,22200656284,Shot Chart Detail,22200656,284,1610612766,Charlotte Hornets,2,3,28,Made Shot,Running Layup Shot,,In The Paint (Non-RA),Center(C),Less Than 8 ft.,4,38,13,1,1,20230116,CHA,BOS,|1626179|1628372|1629023|1629667|203486,0,REG,2023,1628369,SF,Low Activity,1.57
1629667,Jalen McDaniels,22200656333,Shot Chart Detail,22200656,333,1610612766,Charlotte Hornets,3,11,47,Made Shot,Jump Shot,,Above the Break 3,Right Side Center(RC),24+ ft.,25,96,232,1,1,20230116,CHA,BOS,|1626179|1629023|1629667|1630163|203486,1,REG,2023,1629057,C,Anchor Big,1.59
1629667,Jalen McDaniels,22200656394,Shot Chart Detail,22200656,394,1610612766,Charlotte Hornets,3,6,7,Made Shot,Running Dunk Shot,,Restricted Area,Center(C),Less Than 8 ft.,0,4,-1,1,1,20230116,CHA,BOS,|1626179|1629023|1629667|1630163|203486,1,REG,2023,1628369,SF,Low Activity,1.57
1629667,Jalen McDaniels,22200656475,Shot Chart Detail,22200656,475,1610612766,Charlotte Hornets,3,0,36,Missed Shot,Driving Floating Jump Shot,,In The Paint (Non-RA),Center(C),8-16 ft.,12,-42,121,1,0,20230116,CHA,BOS,|1628372|1629023|1629667|1631109|1631121,0,REG,2023,1627763,SG,Point of Attack,-1.06
1629667,Jalen McDaniels,22200656621,Shot Chart Detail,22200656,621,1610612766,Charlotte Hornets,4,1,20,Missed Shot,Running Jump Shot,,Above the Break 3,Right Side Center(RC),24+ ft.,25,121,226,1,0,20230116,CHA,BOS,|1626179|1629023|1629667|1630163|203486,0,REG,2023,,,,
1629667,Jalen McDaniels,22200656628,Shot Chart Detail,22200656,628,1610612766,Charlotte Hornets,4,0,47,Missed Shot,Pullup Jump shot,,In The Paint (Non-RA),Center(C),Less Than 8 ft.,7,-6,78,1,0,20230116,CHA,BOS,|1626179|1629023|1629667|1630163|203486,0,REG,2023,1629057,C,Anchor Big,1.59
1629667,Jalen McDaniels,22200671185,Shot Chart Detail,22200671,185,1610612766,Charlotte Hornets,2,9,11,Made Shot,Running Dunk Shot,,Restricted Area,Center(C),Less Than 8 ft.,1,-16,0,1,1,20230118,HOU,CHA,|1629023|1629667|1630163|1631109|1631121,0,REG,2023,,,,
1629667,Jalen McDaniels,22200671196,Shot Chart Detail,22200671,196,1610612766,Charlotte Hornets,2,8,32,Missed Shot,Jump Shot,,Above the Break 3,Right Side Center(RC),24+ ft.,25,180,187,1,0,20230118,HOU,CHA,|1628372|1629023|1629667|1630163|1631109,0,REG,2023,1630231,SF,Low Activity,-0.55
1629667,Jalen McDaniels,22200671231,Shot Chart Detail,22200671,231,1610612766,Charlotte Hornets,2,6,38,Missed Shot,Jump Shot,,Above the Break 3,Right Side Center(RC),24+ ft.,25,206,150,1,0,20230118,HOU,CHA,|1628372|1629023|1629667|1630163|1631109,0,REG,2023,1630256,SF,Helper,0.18
1629667,Jalen McDaniels,22200671236,Shot Chart Detail,22200671,236,1610612766,Charlotte Hornets,2,6,7,Missed Shot,Jump Shot,,Above the Break 3,Right Side Center(RC),24+ ft.,25,138,211,1,0,20230118,HOU,CHA,|1628372|1629023|1629667|1630163|1631109,0,REG,2023,,,,
1629667,Jalen McDaniels,22200671342,Shot Chart Detail,22200671,342,1610612766,Charlotte Hornets,3,10,52,Made Shot,Running Layup Shot,,Restricted Area,Center(C),Less Than 8 ft.,2,18,13,1,1,20230118,HOU,CHA,|1626179|1629023|1629667|1630163|203486,0,REG,2023,,,,
1629667,Jalen McDaniels,22200671351,Shot Chart Detail,22200671,351,1610612766,Charlotte Hornets,3,10,12,Made Shot,Running Dunk Shot,,Restricted Area,Center(C),Less Than 8 ft.,3,28,17,1,1,20230118,HOU,CHA,|1626179|1629023|1629667|1630163|203486,0,REG,2023,,,,
1629667,Jalen McDaniels,22200671354,Shot Chart Detail,22200671,354,1610612766,Charlotte Hornets,3,9,50,Made Shot,Running Layup Shot,,Restricted Area,Center(C),Less Than 8 ft.,0,-9,-1,1,1,20230118,HOU,CHA,|1626179|1629023|1629667|1630163|203486,0,REG,2023,1630231,SF,Low Activity,-0.55
1629667,Jalen McDaniels,22200671371,Shot Chart Detail,22200671,371,1610612766,Charlotte Hornets,3,8,21,Missed Shot,Running Jump Shot,,Right Corner 3,Right Side(R),24+ ft.,24,239,22,1,0,20230118,HOU,CHA,|1626179|1628372|1629023|1629667|203486,0,REG,2023,1630231,SF,Low Activity,-0.55
1629667,Jalen McDaniels,22200671596,Shot Chart Detail,22200671,596,1610612766,Charlotte Hornets,4,5,33,Made Shot,Running Alley Oop Dunk Shot,,Restricted Area,Center(C),Less Than 8 ft.,2,-17,15,1,1,20230118,HOU,CHA,|1626179|1629023|1629667|1631109|1631121,1,REG,2023,1630224,SG,Chaser,-2.38
1629667,Jalen McDaniels,22200671645,Shot Chart Detail,22200671,645,1610612766,Charlotte Hornets,4,2,0,Missed Shot,Jump Shot,,Above the Break 3,Right Side Center(RC),24+ ft.,26,200,174,1,0,20230118,HOU,CHA,|1626179|1628372|1629023|1629667|203486,0,REG,2023,,,,
1629667,Jalen McDaniels,22200671649,Shot Chart Detail,22200671,649,1610612766,Charlotte Hornets,4,1,28,Made Shot,Fadeaway Jump Shot,,In The Paint (Non-RA),Left Side(L),8-16 ft.,9,-48,79,1,1,20230118,HOU,CHA,|1626179|1628372|1629023|1629667|203486,1,REG,2023,1630231,SF,Low Activity,-0.55
1629667,Jalen McDaniels,2220069413,Shot Chart Detail,22200694,13,1610612766,Charlotte Hornets,1,10,54,Missed Shot,Jump Shot,,Above the Break 3,Left Side Center(LC),24+ ft.,25,-150,204,1,0,20230121,ATL,CHA,|1626179|1629023|1629667|202330|203486,0,REG,2023,1629631,SF,Wing Stopper,-0.98
1629667,Jalen McDaniels,2220069416,Shot Chart Detail,22200694,16,1610612766,Charlotte Hornets,1,10,25,Missed Shot,Fadeaway Jump Shot,,In The Paint (Non-RA),Center(C),Less Than 8 ft.,5,-51,14,1,0,20230121,ATL,CHA,|1626179|1629023|1629667|202330|203486,0,REG,2023,203991,C,Helper,-0.12
1629667,Jalen McDaniels,2220069435,Shot Chart Detail,22200694,35,1610612766,Charlotte Hornets,1,8,35,Made Shot,Jump Shot,,Above the Break 3,Right Side Center(RC),24+ ft.,24,97,225,1,1,20230121,ATL,CHA,|1626179|1629023|1629667|202330|203486,1,REG,2023,1629027,PG,Point of Attack,-2.38
1629667,Jalen McDaniels,22200694345,Shot Chart Detail,22200694,345,1610612766,Charlotte Hornets,3,8,48,Missed Shot,Pullup Jump shot,,Left Corner 3,Left Side(L),24+ ft.,23,-230,-1,1,0,20230121,ATL,CHA,|1626179|1629023|1629667|202330|203486,0,REG,2023,,,,
1629667,Jalen McDaniels,22200694381,Shot Chart Detail,22200694,381,1610612766,Charlotte Hornets,3,5,37,Made Shot,Floating Jump shot,,In The Paint (Non-RA),Center(C),Less Than 8 ft.,6,-10,64,1,1,20230121,ATL,CHA,|1626179|1629023|1629667|1631121|203486,0,REG,2023,1628381,PF,Anchor Big,1.03
1629667,Jalen McDaniels,22200694384,Shot Chart Detail,22200694,384,1610612766,Charlotte Hornets,3,5,7,Made Shot,Fadeaway Jump Shot,,In The Paint (Non-RA),Center(C),8-16 ft.,11,-20,117,1,1,20230121,ATL,CHA,|1626179|1629023|1629667|1631121|203486,0,REG,2023,1629631,SF,Wing Stopper,-0.98
1629667,Jalen McDaniels,22200694480,Shot Chart Detail,22200694,480,1610612766,Charlotte Hornets,4,10,48,Missed Shot,Jump Shot,,Right Corner 3,Right Side(R),24+ ft.,22,229,8,1,0,20230121,ATL,CHA,|1628372|1629023|1629667|1631109|1631121,0,REG,2023,1628381,PF,Anchor Big,1.03
1629667,Jalen McDaniels,22200694521,Shot Chart Detail,22200694,521,1610612766,Charlotte Hornets,4,7,49,Missed Shot,Driving Floating Jump Shot,,In The Paint (Non-RA),Center(C),Less Than 8 ft.,6,-1,68,1,0,20230121,ATL,CHA,|1628372|1629023|1629667|1631109|202330,0,REG,2023,1627749|1629027,,,
1629667,Jalen McDaniels,2220071044,Shot Chart Detail,22200710,44,1610612766,Charlotte Hornets,1,7,51,Made Shot,Step Back Jump shot,,Mid-Range,Center(C),8-16 ft.,15,15,152,1,1,20230123,UTA,CHA,|1626179|1629023|1629667|202330|203486,0,REG,2023,1627736,SG,Chaser,-0.3
1629667,Jalen McDaniels,22200710135,Shot Chart Detail,22200710,135,1610612766,Charlotte Hornets,1,0,46,Missed Shot,Jump Shot,,Above the Break 3,Left Side Center(LC),24+ ft.,26,-130,226,1,0,20230123,UTA,CHA,|1628372|1629667|1630550|1631109|1631121,0,REG,2023,,,,
1629667,Jalen McDaniels,22200710163,Shot Chart Detail,22200710,163,1610612766,Charlotte Hornets,2,11,4,Missed Shot,Driving Floating Jump Shot,,Mid-Range,Left Side(L),8-16 ft.,10,-96,44,1,0,20230123,UTA,CHA,|1628372|1629023|1629667|1631109|1631121,0,REG,2023,1630534,SG,Chaser,-1.42
1629667,Jalen McDaniels,22200710180,Shot Chart Detail,22200710,180,1610612766,Charlotte Hornets,2,9,39,Missed Shot,Floating Jump shot,,In The Paint (Non-RA),Center(C),8-16 ft.,12,-64,112,1,0,20230123,UTA,CHA,|1628372|1629023|1629667|1631109|1631121,0,REG,2023,1631117|1627736,,,
1629667,Jalen McDaniels,22200710184,Shot Chart Detail,22200710,184,1610612766,Charlotte Hornets,2,9,21,Made Shot,Running Layup Shot,,In The Paint (Non-RA),Center(C),Less Than 8 ft.,4,-28,39,1,1,20230123,UTA,CHA,|1628372|1629023|1629667|1631109|1631121,0,REG,2023,1629659,SG,Wing Stopper,-0.73
1629667,Jalen McDaniels,22200710376,Shot Chart Detail,22200710,376,1610612766,Charlotte Hornets,3,8,59,Made Shot,Tip Layup Shot,,Restricted Area,Center(C),Less Than 8 ft.,0,0,0,1,1,20230123,UTA,CHA,|1626179|1629023|1629667|202330|203486,0,REG,2023,1628374,PF,Helper,-0.24
1629667,Jalen McDaniels,22200710400,Shot Chart Detail,22200710,400,1610612766,Charlotte Hornets,3,6,43,Missed Shot,Jump Shot,,Above the Break 3,Left Side Center(LC),24+ ft.,24,-202,137,1,0,20230123,UTA,CHA,|1626179|1629023|1629667|202330|203486,0,REG,2023,203903,PG,Point of Attack,-0.91
1629667,Jalen McDaniels,22200710427,Shot Chart Detail,22200710,427,1610612766,Charlotte Hornets,3,5,33,Missed Shot,Driving Floating Bank Jump Shot,,In The Paint (Non-RA),Center(C),Less Than 8 ft.,6,65,24,1,0,20230123,UTA,CHA,|1626179|1629667|1630550|1631121|203486,0,REG,2023,1629020,PF,Helper,-0.11
1629667,Jalen McDaniels,22200710429,Shot Chart Detail,22200710,429,1610612766,Charlotte Hornets,3,5,24,Made Shot,Layup Shot,,Restricted Area,Center(C),Less Than 8 ft.,1,-16,-5,1,1,20230123,UTA,CHA,|1626179|1629667|1630550|1631121|203486,1,REG,2023,1629020,PF,Helper,-0.11
1629667,Jalen McDaniels,2220071817,Shot Chart Detail,22200718,17,1610612766,Charlotte Hornets,1,11,15,Made Shot,Jump Shot,,Mid-Range,Left Side(L),16-24 ft.,19,-189,52,1,1,20230124,PHX,CHA,|1626179|1629023|1629667|1631121|203486,1,REG,2023,1628969,SF,Wing Stopper,-0.01
1629667,Jalen McDaniels,2220071827,Shot Chart Detail,22200718,27,1610612766,Charlotte Hornets,1,10,15,Missed Shot,Step Back Jump shot,,Mid-Range,Right Side Center(RC),16-24 ft.,18,108,151,1,0,20230124,PHX,CHA,|1626179|1629023|1629667|1631121|203486,0,REG,2023,1628470,SF,Wing Stopper,-0.33
1629667,Jalen McDaniels,2220071843,Shot Chart Detail,22200718,43,1610612766,Charlotte Hornets,1,8,55,Made Shot,Alley Oop Dunk Shot,,Restricted Area,Center(C),Less Than 8 ft.,1,5,10,1,1,20230124,PHX,CHA,|1626179|1629023|1629667|1631121|203486,1,REG,2023,1628969,SF,Wing Stopper,-0.01
1629667,Jalen McDaniels,2220071871,Shot Chart Detail,22200718,71,1610612766,Charlotte Hornets,1,5,51,Missed Shot,Jump Shot,,Right Corner 3,Right Side(R),24+ ft.,23,228,32,1,0,20230124,PHX,CHA,|1626179|1628372|1629023|1629667|203486,0,REG,2023,1628969,SF,Wing Stopper,-0.01
1629667,Jalen McDaniels,2220071882,Shot Chart Detail,22200718,82,1610612766,Charlotte Hornets,1,5,4,Made Shot,Jump Shot,,Above the Break 3,Right Side Center(RC),24+ ft.,26,97,242,1,1,20230124,PHX,CHA,|1626179|1628372|1629023|1629667|203486,1,REG,2023,1628969,SF,Wing Stopper,-0.01
1629667,Jalen McDaniels,22200718143,Shot Chart Detail,22200718,143,1610612766,Charlotte Hornets,1,1,8,Missed Shot,Running Layup Shot,,Restricted Area,Center(C),Less Than 8 ft.,3,-16,27,1,0,20230124,PHX,CHA,|1628372|1629667|1630177|1630208|1630550,0,REG,2023,1627814,SG,Chaser,0.14
1629667,Jalen McDaniels,22200718198,Shot Chart Detail,22200718,198,1610612766,Charlotte Hornets,2,8,48,Missed Shot,Jump Shot,,Above the Break 3,Right Side Center(RC),24+ ft.,25,210,151,1,0,20230124,PHX,CHA,|1628372|1629023|1629667|1630177|1630208,0,REG,2023,1627814,SG,Chaser,0.14
1629667,Jalen McDaniels,22200718255,Shot Chart Detail,22200718,255,1610612766,Charlotte Hornets,2,4,51,Missed Shot,Driving Layup Shot,,In The Paint (Non-RA),Center(C),Less Than 8 ft.,5,0,54,1,0,20230124,PHX,CHA,|1626179|1629023|1629667|1631121|203486,0,REG,2023,101108,PG,,0.45
1629667,Jalen McDaniels,22200718283,Shot Chart Detail,22200718,283,1610612766,Charlotte Hornets,2,3,14,Missed Shot,Driving Dunk Shot,,Restricted Area,Center(C),Less Than 8 ft.,1,5,11,1,0,20230124,PHX,CHA,|1626179|1629667|1630550|1631121|203486,0,REG,2023,202687,C,,0.82
1629667,Jalen McDaniels,22200718318,Shot Chart Detail,22200718,318,1610612766,Charlotte Hornets,2,0,29,Made Shot,Floating Jump shot,,In The Paint (Non-RA),Center(C),8-16 ft.,9,-18,95,1,1,20230124,PHX,CHA,|1626179|1629023|1629667|1631121|203486,1,REG,2023,1628969,SF,Wing Stopper,-0.01
1629667,Jalen McDaniels,22200718372,Shot Chart Detail,22200718,372,1610612766,Charlotte Hornets,3,8,44,Made Shot,Tip Layup Shot,,Restricted Area,Center(C),Less Than 8 ft.,0,0,0,1,1,20230124,PHX,CHA,|1626179|1629023|1629667|1631121|203486,0,REG,2023,202687|101108|1628969,,,
1629667,Jalen McDaniels,22200718386,Shot Chart Detail,22200718,386,1610612766,Charlotte Hornets,3,7,25,Missed Shot,Hook Shot,,In The Paint (Non-RA),Center(C),8-16 ft.,12,51,114,1,0,20230124,PHX,CHA,|1626179|1628372|1629023|1629667|203486,0,REG,2023,202687|1628470,,,
1629667,Jalen McDaniels,22200718388,Shot Chart Detail,22200718,388,1610612766,Charlotte Hornets,3,7,21,Made Shot,Putback Layup Shot,,Restricted Area,Center(C),Less Than 8 ft.,0,4,6,1,1,20230124,PHX,CHA,|1626179|1628372|1629023|1629667|203486,0,REG,2023,202687|1629661,,,
1629667,Jalen McDaniels,22200718394,Shot Chart Detail,22200718,394,1610612766,Charlotte Hornets,3,6,31,Missed Shot,Jump Shot,,Above the Break 3,Left Side Center(LC),24+ ft.,25,-145,210,1,0,20230124,PHX,CHA,|1626179|1628372|1629023|1629667|203486,0,REG,2023,1628969,SF,Wing Stopper,-0.01
1629667,Jalen McDaniels,22200718515,Shot Chart Detail,22200718,515,1610612766,Charlotte Hornets,4,9,55,Made Shot,Running Layup Shot,,Restricted Area,Center(C),Less Than 8 ft.,1,9,6,1,1,20230124,PHX,CHA,|1626179|1628372|1629023|1629667|1630208,1,REG,2023,1627814,SG,Chaser,0.14
1629667,Jalen McDaniels,22200718548,Shot Chart Detail,22200718,548,1610612766,Charlotte Hornets,4,6,53,Missed Shot,Jump Shot,,Right Corner 3,Right Side(R),24+ ft.,22,228,0,1,0,20230124,PHX,CHA,|1626179|1628372|1629023|1629667|1630208,0,REG,2023,1627814,SG,Chaser,0.14
1629667,Jalen McDaniels,22200732160,Shot Chart Detail,22200732,160,1610612766,Charlotte Hornets,2,11,17,Missed Shot,Driving Layup Shot,,Restricted Area,Center(C),Less Than 8 ft.,1,6,8,1,0,20230126,CHA,CHI,|1628372|1629667|1630163|1630550|1631109,0,REG,2023,1630245|1627884,,,
1629667,Jalen McDaniels,22200732162,Shot Chart Detail,22200732,162,1610612766,Charlotte Hornets,2,11,16,Missed Shot,Putback Layup Shot,,Restricted Area,Center(C),Less Than 8 ft.,0,2,9,1,0,20230126,CHA,CHI,|1628372|1629667|1630163|1630550|1631109,0,REG,2023,1630245|1627884,,,
1629667,Jalen McDaniels,22200732287,Shot Chart Detail,22200732,287,1610612766,Charlotte Hornets,2,2,6,Made Shot,Driving Floating Jump Shot,,In The Paint (Non-RA),Center(C),Less Than 8 ft.,4,-4,43,1,1,20230126,CHA,CHI,|1626179|1628372|1629023|1629667|203486,0,REG,2023,1629632|201942,,,
1629667,Jalen McDaniels,22200732397,Shot Chart Detail,22200732,397,1610612766,Charlotte Hornets,3,6,12,Missed Shot,Floating Jump shot,,Restricted Area,Center(C),Less Than 8 ft.,3,7,38,1,0,20230126,CHA,CHI,|1626179|1629023|1629667|1630163|203486,0,REG,2023,203897|1630245,,,
1629667,Jalen McDaniels,22200732431,Shot Chart Detail,22200732,431,1610612766,Charlotte Hornets,3,3,2,Missed Shot,Driving Floating Jump Shot,,In The Paint (Non-RA),Center(C),Less Than 8 ft.,5,1,59,1,0,20230126,CHA,CHI,|1626179|1628372|1629667|1630550|1631109,0,REG,2023,1627884,SF,Chaser,-0.28
1629667,Jalen McDaniels,22200732443,Shot Chart Detail,22200732,443,1610612766,Charlotte Hornets,3,2,14,Made Shot,Turnaround Fadeaway shot,,In The Paint (Non-RA),Center(C),Less Than 8 ft.,7,75,18,1,1,20230126,CHA,CHI,|1626179|1628372|1629667|1630550|1631109,0,REG,2023,1629632,PG,Low Activity,-0.85
1629667,Jalen McDaniels,22200732463,Shot Chart Detail,22200732,463,1610612766,Charlotte Hornets,3,0,42,Missed Shot,Jump Shot,,Above the Break 3,Right Side Center(RC),24+ ft.,25,112,231,1,0,20230126,CHA,CHI,|1628372|1629667|1630163|1630550|1631109,0,REG,2023,,,,
1629667,Jalen McDaniels,2220075278,Shot Chart Detail,22200752,78,1610612766,Charlotte Hornets,1,5,25,Missed Shot,Jump Shot,,Right Corner 3,Right Side(R),24+ ft.,23,238,15,1,0,20230129,CHA,MIA,|1626179|1629023|1629667|1630163|203486,0,REG,2023,1629639,SG,Low Activity,-1.97
1629667,Jalen McDaniels,22200752142,Shot Chart Detail,22200752,142,1610612766,Charlotte Hornets,1,1,20,Missed Shot,Jump Shot,,Above the Break 3,Center(C),24+ ft.,27,43,267,1,0,20230129,CHA,MIA,|1628372|1629667|1630163|1630550|1631109,0,REG,2023,1629622,SF,Chaser,-0.41
1629667,Jalen McDaniels,22200752145,Shot Chart Detail,22200752,145,1610612766,Charlotte Hornets,1,0,53,Missed Shot,Jump Shot,,Above the Break 3,Center(C),24+ ft.,27,-72,262,1,0,20230129,CHA,MIA,|1628372|1629667|1630163|1630550|1631109,0,REG,2023,1629622,SF,Chaser,-0.41
1629667,Jalen McDaniels,22200752272,Shot Chart Detail,22200752,272,1610612766,Charlotte Hornets,2,3,41,Missed Shot,Jump Shot,,Right Corner 3,Right Side(R),24+ ft.,24,237,63,1,0,20230129,CHA,MIA,|1626179|1629667|1630550|1631109|202330,0,REG,2023,202710,SG,,-0.37
1629667,Jalen McDaniels,22200752464,Shot Chart Detail,22200752,464,1610612766,Charlotte Hornets,3,0,59,Made Shot,Driving Layup Shot,,In The Paint (Non-RA),Center(C),Less Than 8 ft.,5,11,53,1,1,20230129,CHA,MIA,|1626179|1628372|1629023|1629667|1631109,1,REG,2023,203506,PG,Point of Attack,-0.12
1629667,Jalen McDaniels,22200752594,Shot Chart Detail,22200752,594,1610612766,Charlotte Hornets,4,3,29,Missed Shot,Jump Shot,,Above the Break 3,Right Side Center(RC),24+ ft.,25,115,225,1,0,20230129,CHA,MIA,|1626179|1629023|1629667|1630163|203486,0,REG,2023,200768,PG,,0.41
1629667,Jalen McDaniels,2220076792,Shot Chart Detail,22200767,92,1610612766,Charlotte Hornets,1,5,11,Missed Shot,Turnaround Fadeaway shot,,In The Paint (Non-RA),Center(C),8-16 ft.,11,-50,101,1,0,20230131,MIL,CHA,|1626179|1629023|1629667|1630163|203486,0,REG,2023,204060,SF,Chaser,0.39
1629667,Jalen McDaniels,22200767135,Shot Chart Detail,22200767,135,1610612766,Charlotte Hornets,1,2,27,Missed Shot,Driving Floating Jump Shot,,In The Paint (Non-RA),Center(C),8-16 ft.,11,-39,105,1,0,20230131,MIL,CHA,|1626179|1628372|1629667|1630550|1631109,0,REG,2023,204060,SF,Chaser,0.39
1629667,Jalen McDaniels,22200767151,Shot Chart Detail,22200767,151,1610612766,Charlotte Hornets,1,1,41,Missed Shot,Running Jump Shot,,Right Corner 3,Right Side(R),24+ ft.,22,228,-1,1,0,20230131,MIL,CHA,|1626179|1628372|1629667|1630550|1631109,0,REG,2023,,,,
1629667,Jalen McDaniels,22200767258,Shot Chart Detail,22200767,258,1610612766,Charlotte Hornets,2,5,47,Missed Shot,Jump Shot,,Above the Break 3,Left Side Center(LC),24+ ft.,26,-165,210,1,0,20230131,MIL,CHA,|1628372|1629023|1629667|1631109|202330,0,REG,2023,1626192,SG,Low Activity,-0.55
1629667,Jalen McDaniels,22200767292,Shot Chart Detail,22200767,292,1610612766,Charlotte Hornets,2,4,30,Made Shot,Jump Shot,,Right Corner 3,Right Side(R),24+ ft.,23,230,21,1,1,20230131,MIL,CHA,|1626179|1629667|1630163|1630550|203486,1,REG,2023,201950,PG,,-0.48
1629667,Jalen McDaniels,22200767303,Shot Chart Detail,22200767,303,1610612766,Charlotte Hornets,2,3,38,Made Shot,Jump Shot,,Right Corner 3,Right Side(R),24+ ft.,23,233,7,1,1,20230131,MIL,CHA,|1626179|1629667|1630163|1630550|203486,1,REG,2023,203114,SG,,-0.29
1629667,Jalen McDaniels,22200767341,Shot Chart Detail,22200767,341,1610612766,Charlotte Hornets,2,1,33,Missed Shot,Running Layup Shot,,Restricted Area,Center(C),Less Than 8 ft.,1,4,18,1,0,20230131,MIL,CHA,|1626179|1629023|1629667|1630163|203486,0,REG,2023,201950,PG,,-0.48
1629667,Jalen McDaniels,22200767371,Shot Chart Detail,22200767,371,1610612766,Charlotte Hornets,2,0,1,Made Shot,Running Jump Shot,,Above the Break 3,Right Side Center(RC),24+ ft.,27,118,248,1,1,20230131,MIL,CHA,|1628372|1629667|1630163|1630550|203486,1,REG,2023,204060,SF,Chaser,0.39
1629667,Jalen McDaniels,22200767667,Shot Chart Detail,22200767,667,1610612766,Charlotte Hornets,4,5,20,Missed Shot,Floating Jump shot,,In The Paint (Non-RA),Center(C),8-16 ft.,9,12,94,1,0,20230131,MIL,CHA,|1626179|1629023|1629667|1630163|203486,0,REG,2023,201572,C,,-0.27
1629667,Jalen McDaniels,22200767671,Shot Chart Detail,22200767,671,1610612766,Charlotte Hornets,4,5,2,Missed Shot,Running Jump Shot,,Right Corner 3,Right Side(R),24+ ft.,23,227,50,1,0,20230131,MIL,CHA,|1626179|1629023|1629667|1630163|203486,0,REG,2023,201572,C,,-0.27
1629667,Jalen McDaniels,22200767722,Shot Chart Detail,22200767,722,1610612766,Charlotte Hornets,4,2,12,Made Shot,Tip Layup Shot,,Restricted Area,Center(C),Less Than 8 ft.,0,0,0,1,1,20230131,MIL,CHA,|1626179|1629023|1629667|1630163|203486,0,REG,2023,1626192,SG,Low Activity,-0.55
1629667,Jalen McDaniels,22200767725,Shot Chart Detail,22200767,725,1610612766,Charlotte Hornets,4,2,4,Made Shot,Running Reverse Layup Shot,,Restricted Area,Center(C),Less Than 8 ft.,1,4,13,1,1,20230131,MIL,CHA,|1626179|1629023|1629667|1630163|203486,1,REG,2023,1628960,SG,Low Activity,-2.1
1629667,Jalen McDaniels,22200767769,Shot Chart Detail,22200767,769,1610612766,Charlotte Hornets,4,1,0,Missed Shot,Jump Shot,,Left Corner 3,Left Side(L),24+ ft.,22,-228,-11,1,0,20230131,MIL,CHA,|1626179|1629023|1629667|1630163|203486,0,REG,2023,201950,PG,,-0.48
1629667,Jalen McDaniels,22200781142,Shot Chart Detail,22200781,142,1610612766,Charlotte Hornets,1,1,27,Missed Shot,Jump Shot,,Right Corner 3,Right Side(R),24+ ft.,24,234,54,1,0,20230202,CHI,CHA,|1628372|1629667|1630163|1630550|1631109,0,REG,2023,1630245,SG,Point of Attack,-0.06
1629667,Jalen McDaniels,22200781224,Shot Chart Detail,22200781,224,1610612766,Charlotte Hornets,2,7,14,Missed Shot,Jump Shot,,Above the Break 3,Right Side Center(RC),24+ ft.,26,168,199,1,0,20230202,CHI,CHA,|1628372|1629023|1629667|1631109|202330,0,REG,2023,203897,PG,Point of Attack,-2.4
1629667,Jalen McDaniels,22200781259,Shot Chart Detail,22200781,259,1610612766,Charlotte Hornets,2,4,21,Missed Shot,Driving Floating Jump Shot,,In The Paint (Non-RA),Center(C),Less Than 8 ft.,7,4,73,1,0,20230202,CHI,CHA,|1626179|1629023|1629667|202330|203486,0,REG,2023,203897,PG,Point of Attack,-2.4
1629667,Jalen McDaniels,22200781596,Shot Chart Detail,22200781,596,1610612766,Charlotte Hornets,4,2,26,Missed Shot,Pullup Jump shot,,Mid-Range,Center(C),8-16 ft.,15,47,143,1,0,20230202,CHI,CHA,|1626179|1629023|1629667|1630163|203486,0,REG,2023,203897,PG,Point of Attack,-2.4
1629667,Jalen McDaniels,22200781607,Shot Chart Detail,22200781,607,1610612766,Charlotte Hornets,4,1,36,Missed Shot,Jump Shot,,Above the Break 3,Right Side Center(RC),24+ ft.,24,167,185,1,0,20230202,CHI,CHA,|1626179|1629023|1629667|1630163|203486,0,REG,2023,1629632,PG,Low Activity,-0.85
1629667,Jalen McDaniels,2220078598,Shot Chart Detail,22200785,98,1610612766,Charlotte Hornets,1,4,11,Made Shot,Floating Jump shot,,In The Paint (Non-RA),Center(C),Less Than 8 ft.,5,-55,-1,1,1,20230203,DET,CHA,|1626179|1629023|1629667|1630163|203486,1,REG,2023,1631105,C,Mobile Big,0.06
1629667,Jalen McDaniels,22200785144,Shot Chart Detail,22200785,144,1610612766,Charlotte Hornets,1,1,30,Missed Shot,Fadeaway Jump Shot,,In The Paint (Non-RA),Center(C),8-16 ft.,9,43,83,1,0,20230203,DET,CHA,|1628372|1629667|1630163|1630208|1630550,0,REG,2023,1630587,SF,Helper,-0.79
1629667,Jalen McDaniels,22200785285,Shot Chart Detail,22200785,285,1610612766,Charlotte Hornets,2,3,58,Made Shot,Fadeaway Jump Shot,,Mid-Range,Left Side(L),8-16 ft.,9,-91,-27,1,1,20230203,DET,CHA,|1626179|1629667|1630163|1630550|203486,0,REG,2023,1631093,SG,Point of Attack,-1.99
1629667,Jalen McDaniels,22200785327,Shot Chart Detail,22200785,327,1610612766,Charlotte Hornets,2,1,8,Made Shot,Floating Jump shot,,Restricted Area,Center(C),Less Than 8 ft.,3,-4,32,1,1,20230203,DET,CHA,|1626179|1629023|1629667|1630163|1631109,1,REG,2023,202711,SF,Chaser,-2.36
1629667,Jalen McDaniels,22200785454,Shot Chart Detail,22200785,454,1610612766,Charlotte Hornets,3,3,28,Missed Shot,Jump Shot,,Left Corner 3,Left Side(L),24+ ft.,23,-238,7,1,0,20230203,DET,CHA,|1626179|1628372|1629023|1629667|203486,0,REG,2023,1631105,C,Mobile Big,0.06
1629667,Jalen McDaniels,22200785483,Shot Chart Detail,22200785,483,1610612766,Charlotte Hornets,3,1,43,Made Shot,Driving Layup Shot,,In The Paint (Non-RA),Center(C),Less Than 8 ft.,4,20,36,1,1,20230203,DET,CHA,|1626179|1628372|1629667|1630208|1630550,0,REG,2023,1628977|1630587,,,
1629667,Jalen McDaniels,22200785493,Shot Chart Detail,22200785,493,1610612766,Charlotte Hornets,3,0,29,Made Shot,Jump Shot,,Above the Break 3,Left Side Center(LC),24+ ft.,28,-91,265,1,1,20230203,DET,CHA,|1626179|1628372|1629667|1630208|1630550,1,REG,2023,1630165,PG,Point of Attack,-0.1
1629667,Jalen McDaniels,2220080264,Shot Chart Detail,22200802,64,1610612766,Charlotte Hornets,1,6,46,Made Shot,Jump Shot,,Above the Break 3,Right Side Center(RC),24+ ft.,26,114,237,1,1,20230205,CHA,ORL,|1626179|1629667|1630163|202330|203486,1,REG,2023,1628976,C,Mobile Big,2.06
1629667,Jalen McDaniels,22200802147,Shot Chart Detail,22200802,147,1610612766,Charlotte Hornets,1,0,32,Missed Shot,Driving Layup Shot,,Restricted Area,Center(C),Less Than 8 ft.,1,4,10,1,0,20230205,CHA,ORL,|1626179|1628372|1629023|1629667|1631109,0,REG,2023,1631094,PF,Helper,-0.02
1629667,Jalen McDaniels,22200802204,Shot Chart Detail,22200802,204,1610612766,Charlotte Hornets,2,9,53,Made Shot,Putback Layup Shot,,Restricted Area,Center(C),Less Than 8 ft.,0,5,2,1,1,20230205,CHA,ORL,|1628372|1629023|1629667|1630163|1631109,0,REG,2023,1631216,SF,Low Activity,-0.66
1629667,Jalen McDaniels,22200802221,Shot Chart Detail,22200802,221,1610612766,Charlotte Hornets,2,8,4,Made Shot,Running Layup Shot,,Restricted Area,Center(C),Less Than 8 ft.,1,15,11,1,1,20230205,CHA,ORL,|1628372|1629023|1629667|1630163|1631109,0,REG,2023,1630175,PG,Point of Attack,-0.56
1629667,Jalen McDaniels,22200802322,Shot Chart Detail,22200802,322,1610612766,Charlotte Hornets,2,0,0,Missed Shot,Jump Shot,,Right Corner 3,Right Side(R),24+ ft.,24,238,44,1,0,20230205,CHA,ORL,|1626179|1629667|1630163|202330|203486,0,REG,2023,1631094,PF,Helper,-0.02
1629667,Jalen McDaniels,22200802403,Shot Chart Detail,22200802,403,1610612766,Charlotte Hornets,3,5,20,Missed Shot,Jump Shot,,Above the Break 3,Left Side Center(LC),24+ ft.,25,-147,211,1,0,20230205,CHA,ORL,|1626179|1629667|1630163|202330|203486,0,REG,2023,1628976,C,Mobile Big,2.06
1629667,Jalen McDaniels,22200802418,Shot Chart Detail,22200802,418,1610612766,Charlotte Hornets,3,4,15,Missed Shot,Cutting Layup Shot,,Restricted Area,Center(C),Less Than 8 ft.,0,-6,5,1,0,20230205,CHA,ORL,|1626179|1628372|1629023|1629667|203486,0,REG,2023,1631094,PF,Helper,-0.02
1629667,Jalen McDaniels,22200802484,Shot Chart Detail,22200802,484,1610612766,Charlotte Hornets,4,10,55,Missed Shot,Running Jump Shot,,Above the Break 3,Right Side Center(RC),24+ ft.,26,97,246,1,0,20230205,CHA,ORL,|1628372|1629023|1629667|1630163|1631109,0,REG,2023,1630175,PG,Point of Attack,-0.56
1629667,Jalen McDaniels,22200823152,Shot Chart Detail,22200823,152,1610612766,Charlotte Hornets,1,0,40,Missed Shot,Running Jump Shot,,Above the Break 3,Center(C),24+ ft.,27,-20,277,1,0,20230208,WAS,CHA,|1628372|1629023|1629667|1630163|1631109,0,REG,2023,1629655,C,Mobile Big,1.34
1629667,Jalen McDaniels,22200823172,Shot Chart Detail,22200823,172,1610612766,Charlotte Hornets,2,11,0,Made Shot,Jump Shot,,Mid-Range,Right Side Center(RC),16-24 ft.,18,142,125,1,1,20230208,WAS,CHA,|1628372|1629023|1629667|1630163|1631109,1,REG,2023,,,,
1629667,Jalen McDaniels,22200823205,Shot Chart Detail,22200823,205,1610612766,Charlotte Hornets,2,8,35,Missed Shot,Running Layup Shot,,Restricted Area,Center(C),Less Than 8 ft.,1,6,10,1,0,20230208,WAS,CHA,|1628372|1629023|1629667|1630163|1631109,0,REG,2023,1630692|201959,,,
1629667,Jalen McDaniels,22200823235,Shot Chart Detail,22200823,235,1610612766,Charlotte Hornets,2,7,12,Made Shot,Turnaround Fadeaway shot,,In The Paint (Non-RA),Center(C),8-16 ft.,8,-25,84,1,1,20230208,WAS,CHA,|1626179|1628372|1629667|1631109|202330,0,REG,2023,1630166,SF,Wing Stopper,1.57
1629667,Jalen McDaniels,22200823261,Shot Chart Detail,22200823,261,1610612766,Charlotte Hornets,2,5,4,Missed Shot,Jump Shot,,Above the Break 3,Right Side Center(RC),24+ ft.,26,127,232,1,0,20230208,WAS,CHA,|1626179|1628372|1629667|202330|203486,0,REG,2023,204001,PF,Helper,1.12
1629667,Jalen McDaniels,22200823468,Shot Chart Detail,22200823,468,1610612766,Charlotte Hornets,3,2,4,Missed Shot,Driving Floating Jump Shot,,In The Paint (Non-RA),Right Side(R),8-16 ft.,12,67,105,1,0,20230208,WAS,CHA,|1626179|1628372|1629667|1630550|203486,0,REG,2023,1630692,SG,Point of Attack,-0.02
1629667,Jalen McDaniels,22200823474,Shot Chart Detail,22200823,474,1610612766,Charlotte Hornets,3,1,29,Missed Shot,Turnaround Fadeaway shot,,In The Paint (Non-RA),Center(C),8-16 ft.,9,-34,89,1,0,20230208,WAS,CHA,|1626179|1628372|1629667|1630550|203486,0,REG,2023,204001,PF,Helper,1.12
1629667,Jalen McDaniels,22200846167,Shot Chart Detail,22200846,167,1610612755,Philadelphia 76ers,2,11,26,Made Shot,Alley Oop Dunk Shot,,Restricted Area,Center(C),Less Than 8 ft.,1,12,5,1,1,20230211,BKN,PHI,|1627777|1629003|1629667|1630178|1630194,1,REG,2023,1630560,SG,Low Activity,-1.53
1629667,Jalen McDaniels,22200846429,Shot Chart Detail,22200846,429,1610612755,Philadelphia 76ers,3,1,15,Missed Shot,Tip Layup Shot,,Restricted Area,Center(C),Less Than 8 ft.,0,0,0,1,0,20230211,BKN,PHI,|1627777|1629003|1629667|1630178|203954,0,REG,2023,1629651,C,Helper,-0.21
1629667,Jalen McDaniels,22200846476,Shot Chart Detail,22200846,476,1610612755,Philadelphia 76ers,4,11,47,Missed Shot,Alley Oop Layup shot,,Restricted Area,Center(C),Less Than 8 ft.,2,16,17,1,0,20230211,BKN,PHI,|1627777|1629667|1630178|1630194|201935,0,REG,2023,1627732|1630560,,,
1629667,Jalen McDaniels,22200846482,Shot Chart Detail,22200846,482,1610612755,Philadelphia 76ers,4,11,7,Made Shot,Jump Shot,,Above the Break 3,Left Side Center(LC),24+ ft.,24,-229,95,1,1,20230211,BKN,PHI,|1627777|1629667|1630178|1630194|201935,1,REG,2023,1626220,SF,Chaser,0.9
1629667,Jalen McDaniels,22200860126,Shot Chart Detail,22200860,126,1610612755,Philadelphia 76ers,1,2,10,Made Shot,Driving Floating Jump Shot,,In The Paint (Non-RA),Center(C),Less Than 8 ft.,4,-27,35,1,1,20230213,PHI,HOU,|1627777|1629003|1629667|1630178|203954,0,REG,2023,1631106,PF,Helper,0.3
1629667,Jalen McDaniels,22200860486,Shot Chart Detail,22200860,486,1610612755,Philadelphia 76ers,4,11,45,Made Shot,Fadeaway Jump Shot,,In The Paint (Non-RA),Center(C),8-16 ft.,13,-7,130,1,1,20230213,PHI,HOU,|1627777|1629003|1629667|1630178|1630194,0,REG,2023,1631106,PF,Helper,0.3
1629667,Jalen McDaniels,22200860516,Shot Chart Detail,22200860,516,1610612755,Philadelphia 76ers,4,8,58,Missed Shot,Driving Floating Bank Jump Shot,,In The Paint (Non-RA),Center(C),Less Than 8 ft.,7,2,70,1,0,20230213,PHI,HOU,|1627777|1629667|1630178|1630194|201935,0,REG,2023,1630528,SG,Point of Attack,-1.59
1629667,Jalen McDaniels,22200860538,Shot Chart Detail,22200860,538,1610612755,Philadelphia 76ers,4,7,9,Made Shot,Jump Shot,3PT Field Goal,Left Corner 3,Left Side(L),24+ ft.,24,-232,70,1,1,20230213,PHI,HOU,|1629667|1630178|1630194|201935|202699,1,REG,2023,1631095,PF,Wing Stopper,-0.9
1629667,Jalen McDaniels,2220087598,Shot Chart Detail,22200875,98,1610612755,Philadelphia 76ers,1,2,55,Missed Shot,Driving Hook Shot,,Restricted Area,Center(C),Less Than 8 ft.,3,-9,32,1,0,20230215,PHI,CLE,|1629001|1629667|1630178|201935|203954,0,REG,2023,1628386,C,Anchor Big,0.01
1629667,Jalen McDaniels,22200875104,Shot Chart Detail,22200875,104,1610612755,Philadelphia 76ers,1,2,23,Missed Shot,Tip Layup Shot,,Restricted Area,Center(C),Less Than 8 ft.,0,0,0,1,0,20230215,PHI,CLE,|1629001|1629667|1630178|201935|203954,0,REG,2023,1627747,SF,Chaser,-0.36
1629667,Jalen McDaniels,22200875147,Shot Chart Detail,22200875,147,1610612755,Philadelphia 76ers,2,11,48,Made Shot,Alley Oop Dunk Shot,,Restricted Area,Center(C),Less Than 8 ft.,1,-4,-10,1,1,20230215,PHI,CLE,|1627777|1629003|1629667|1630178|1630194,1,REG,2023,1629731,PF,Helper,0.74
1629667,Jalen McDaniels,22200875184,Shot Chart Detail,22200875,184,1610612755,Philadelphia 76ers,2,9,3,Missed Shot,Jump Shot,,Right Corner 3,Right Side(R),24+ ft.,22,227,37,1,0,20230215,PHI,CLE,|1627777|1629667|1630178|1630194|201935,0,REG,2023,1629731,PF,Helper,0.74
1629667,Jalen McDaniels,22200875192,Shot Chart Detail,22200875,192,1610612755,Philadelphia 76ers,2,8,2,Missed Shot,Driving Finger Roll Layup Shot,,Restricted Area,Center(C),Less Than 8 ft.,2,27,0,1,0,20230215,PHI,CLE,|1627777|1629667|1630178|1630194|201935,0,REG,2023,1630596,PF,Helper,1.31
1629667,Jalen McDaniels,22200875428,Shot Chart Detail,22200875,428,1610612755,Philadelphia 76ers,3,0,32,Made Shot,Tip Layup Shot,,Restricted Area,Center(C),Less Than 8 ft.,0,0,0,1,1,20230215,PHI,CLE,|1627777|1629003|1629667|1630178|203954,0,REG,2023,1629636,SG,Point of Attack,-2.58
1629667,Jalen McDaniels,22200889119,Shot Chart Detail,22200889,119,1610612755,Philadelphia 76ers,1,4,39,Missed Shot,Tip Layup Shot,,Restricted Area,Center(C),Less Than 8 ft.,0,0,0,1,0,20230223,PHI,MEM,|1627777|1629667|1630178|201935|203954,0,REG,2023,1630217|1629630,,,
1629667,Jalen McDaniels,22200889507,Shot Chart Detail,22200889,507,1610612755,Philadelphia 76ers,3,1,47,Made Shot,Alley Oop Layup shot,,Restricted Area,Center(C),Less Than 8 ft.,0,1,-1,1,1,20230223,PHI,MEM,|1627777|1629003|1629667|1630178|203954,1,REG,2023,1626145,PG,Point of Attack,-0.61
1629667,Jalen McDaniels,22200908117,Shot Chart Detail,22200908,117,1610612755,Philadelphia 76ers,1,2,23,Made Shot,Driving Floating Jump Shot,,In The Paint (Non-RA),Center(C),Less Than 8 ft.,5,-2,50,1,1,20230225,PHI,BOS,|1627777|1629667|1630178|202699|203954,1,REG,2023,1628401,PG,Chaser,-0.15
1629667,Jalen McDaniels,22200908147,Shot Chart Detail,22200908,147,1610612755,Philadelphia 76ers,2,11,39,Missed Shot,Driving Floating Jump Shot,,In The Paint (Non-RA),Center(C),8-16 ft.,9,43,85,1,0,20230225,PHI,BOS,|1627777|1629667|1630178|1630194|201935,0,REG,2023,1629684,PF,Helper,0.62
1629667,Jalen McDaniels,22200908155,Shot Chart Detail,22200908,155,1610612755,Philadelphia 76ers,2,10,24,Missed Shot,Jump Shot,,Right Corner 3,Right Side(R),24+ ft.,23,229,22,1,0,20230225,PHI,BOS,|1627777|1629667|1630178|1630194|201935,0,REG,2023,1629057,C,Anchor Big,1.59
1629667,Jalen McDaniels,22200908200,Shot Chart Detail,22200908,200,1610612755,Philadelphia 76ers,2,7,27,Made Shot,Running Finger Roll Layup Shot,,Restricted Area,Center(C),Less Than 8 ft.,1,-5,11,1,1,20230225,PHI,BOS,|1627777|1629667|1630178|200782|201935,1,REG,2023,1628401,PG,Chaser,-0.15
1629667,Jalen McDaniels,22200920503,Shot Chart Detail,22200920,503,1610612755,Philadelphia 76ers,4,8,16,Missed Shot,Tip Dunk Shot,,Restricted Area,Center(C),Less Than 8 ft.,0,0,0,1,0,20230227,PHI,MIA,|1629001|1629667|1630178|202699|203954,0,REG,2023,1629639,SG,Low Activity,-1.97
1629667,Jalen McDaniels,22200920505,Shot Chart Detail,22200920,505,1610612755,Philadelphia 76ers,4,8,10,Missed Shot,Layup Shot,,Restricted Area,Center(C),Less Than 8 ft.,1,2,18,1,0,20230227,PHI,MIA,|1629001|1629667|1630178|202699|203954,0,REG,2023,1628997,SF,Chaser,0.31
1629667,Jalen McDaniels,22200936145,Shot Chart Detail,22200936,145,1610612755,Philadelphia 76ers,1,0,11,Missed Shot,Jump Shot,,Above the Break 3,Right Side Center(RC),24+ ft.,24,191,159,1,0,20230301,MIA,PHI,|1627863|1629003|1629667|1630178|1630194,0,REG,2023,1629639,SG,Low Activity,-1.97
1629667,Jalen McDaniels,22200936153,Shot Chart Detail,22200936,153,1610612755,Philadelphia 76ers,2,11,50,Missed Shot,Driving Layup Shot,,In The Paint (Non-RA),Center(C),Less Than 8 ft.,4,-26,39,1,0,20230301,MIA,PHI,|1627863|1629003|1629667|1630194|201935,0,REG,2023,203469|203506,,,
1629667,Jalen McDaniels,22200936171,Shot Chart Detail,22200936,171,1610612755,Philadelphia 76ers,2,10,47,Missed Shot,Driving Layup Shot,,Restricted Area,Center(C),Less Than 8 ft.,3,-21,25,1,0,20230301,MIA,PHI,|1627863|1629003|1629667|1630194|201935,0,REG,2023,1629622,SF,Chaser,-0.41
1629667,Jalen McDaniels,22200943106,Shot Chart Detail,22200943,106,1610612755,Philadelphia 76ers,1,3,9,Missed Shot,Jump Shot,,Right Corner 3,Right Side(R),24+ ft.,22,227,24,1,0,20230302,DAL,PHI,|1629001|1629667|200782|201935|203954,0,REG,2023,1629029,SG,Low Activity,-0.28
1629667,Jalen McDaniels,22200943147,Shot Chart Detail,22200943,147,1610612755,Philadelphia 76ers,1,0,48,Made Shot,Hook Shot,,In The Paint (Non-RA),Center(C),8-16 ft.,9,29,94,1,1,20230302,DAL,PHI,|1627777|1629001|1629667|1630194|201935,1,REG,2023,1628467,PF,Helper,0.98
1629667,Jalen McDaniels,22200943500,Shot Chart Detail,22200943,500,1610612755,Philadelphia 76ers,4,10,34,Made Shot,Running Layup Shot,,Restricted Area,Center(C),Less Than 8 ft.,1,-2,12,1,1,20230302,DAL,PHI,|1627777|1629003|1629667|1630178|1630194,1,REG,2023,203200,SG,,-0.01
1629667,Jalen McDaniels,22200943543,Shot Chart Detail,22200943,543,1610612755,Philadelphia 76ers,4,7,21,Missed Shot,Jump Shot,,Above the Break 3,Center(C),24+ ft.,27,6,272,1,0,20230302,DAL,PHI,|1629003|1629667|1630178|1630194|201935,0,REG,2023,1629029,SG,Low Activity,-0.28
1629667,Jalen McDaniels,22200960447,Shot Chart Detail,22200960,447,1610612755,Philadelphia 76ers,3,1,23,Made Shot,Jump Shot,,Above the Break 3,Right Side Center(RC),24+ ft.,27,143,236,1,1,20230304,MIL,PHI,|1627777|1629003|1629667|1630178|203954,1,REG,2023,,,,
1629667,Jalen McDaniels,22200960473,Shot Chart Detail,22200960,473,1610612755,Philadelphia 76ers,4,11,45,Missed Shot,Alley Oop Dunk Shot,,In The Paint (Non-RA),Center(C),Less Than 8 ft.,6,27,64,1,0,20230304,MIL,PHI,|1627777|1629003|1629667|1630194|201935,0,REG,2023,1626171|203507,,,
1629667,Jalen McDaniels,22200960615,Shot Chart Detail,22200960,615,1610612755,Philadelphia 76ers,4,1,54,Made Shot,Tip Dunk Shot,,Restricted Area,Center(C),Less Than 8 ft.,0,0,0,1,1,20230304,MIL,PHI,|1627777|1629667|1630178|201935|203954,0,REG,2023,203507,SF,Low Activity,-0.39
1629667,Jalen McDaniels,222009727,Shot Chart Detail,22200972,7,1610612755,Philadelphia 76ers,1,11,45,Missed Shot,Cutting Layup Shot,,Restricted Area,Center(C),Less Than 8 ft.,1,2,16,1,0,20230306,IND,PHI,|1629001|1629667|1630178|201935|203954,0,REG,2023,1629614,SG,Point of Attack,-1.12
1629667,Jalen McDaniels,222009729,Shot Chart Detail,22200972,9,1610612755,Philadelphia 76ers,1,11,42,Made Shot,Tip Layup Shot,,Restricted Area,Center(C),Less Than 8 ft.,0,0,0,1,1,20230306,IND,PHI,|1629001|1629667|1630178|201935|203954,0,REG,2023,1629614,SG,Point of Attack,-1.12
1629667,Jalen McDaniels,2220097214,Shot Chart Detail,22200972,14,1610612755,Philadelphia 76ers,1,11,9,Missed Shot,Tip Layup Shot,,Restricted Area,Center(C),Less Than 8 ft.,0,0,0,1,0,20230306,IND,PHI,|1629001|1629667|1630178|201935|203954,0,REG,2023,1627741|1630169,,,
1629667,Jalen McDaniels,2220097226,Shot Chart Detail,22200972,26,1610612755,Philadelphia 76ers,1,10,14,Made Shot,Finger Roll Layup Shot,,Restricted Area,Center(C),Less Than 8 ft.,0,0,4,1,1,20230306,IND,PHI,|1629001|1629667|1630178|201935|203954,1,REG,2023,1626167,C,Anchor Big,0.68
1629667,Jalen McDaniels,2220097268,Shot Chart Detail,22200972,68,1610612755,Philadelphia 76ers,1,6,56,Made Shot,Running Reverse Layup Shot,,Restricted Area,Center(C),Less Than 8 ft.,1,6,8,1,1,20230306,IND,PHI,|1629001|1629667|1630178|201935|203954,1,REG,2023,1627741,SG,Chaser,-1.39
1629667,Jalen McDaniels,22200972314,Shot Chart Detail,22200972,314,1610612755,Philadelphia 76ers,2,1,37,Missed Shot,Driving Dunk Shot,,Restricted Area,Center(C),Less Than 8 ft.,1,10,8,1,0,20230306,IND,PHI,|1629003|1629667|1630178|201935|203954,0,REG,2023,1627741,SG,Chaser,-1.39
1629667,Jalen McDaniels,22200972428,Shot Chart Detail,22200972,428,1610612755,Philadelphia 76ers,3,6,16,Made Shot,Turnaround Hook Shot,,In The Paint (Non-RA),Center(C),Less Than 8 ft.,6,-62,20,1,1,20230306,IND,PHI,|1629003|1629667|1630178|201935|203954,1,REG,2023,1629614,SG,Point of Attack,-1.12
1629667,Jalen McDaniels,22200972439,Shot Chart Detail,22200972,439,1610612755,Philadelphia 76ers,3,4,52,Made Shot,Pullup Jump shot,,In The Paint (Non-RA),Right Side(R),8-16 ft.,8,60,54,1,1,20230306,IND,PHI,|1629003|1629667|1630178|201935|203954,0,REG,2023,1627741,SG,Chaser,-1.39
1629667,Jalen McDaniels,22200972452,Shot Chart Detail,22200972,452,1610612755,Philadelphia 76ers,3,4,24,Made Shot,Layup Shot,,In The Paint (Non-RA),Center(C),Less Than 8 ft.,4,-6,44,1,1,20230306,IND,PHI,|1627863|1629003|1629667|1630178|203954,1,REG,2023,1627741,SG,Chaser,-1.39
1629667,Jalen McDaniels,22200972531,Shot Chart Detail,22200972,531,1610612755,Philadelphia 76ers,4,11,5,Made Shot,Running Dunk Shot,,Restricted Area,Center(C),Less Than 8 ft.,3,1,33,1,1,20230306,IND,PHI,|1627863|1629003|1629667|1630194|201935,1,REG,2023,1629052,SF,Helper,-0.82
1629667,Jalen McDaniels,22200972543,Shot Chart Detail,22200972,543,1610612755,Philadelphia 76ers,4,10,11,Missed Shot,Jump Shot,,Left Corner 3,Left Side(L),24+ ft.,22,-225,5,1,0,20230306,IND,PHI,|1627863|1629003|1629667|1630194|201935,0,REG,2023,1629052,SF,Helper,-0.82
1629667,Jalen McDaniels,22200972657,Shot Chart Detail,22200972,657,1610612755,Philadelphia 76ers,4,1,41,Made Shot,Driving Finger Roll Layup Shot,,Restricted Area,Center(C),Less Than 8 ft.,0,7,6,1,1,20230306,IND,PHI,|1629001|1629667|1630178|201935|203954,1,REG,2023,1630169,PG,Chaser,-1.88
1629667,Jalen McDaniels,22200972664,Shot Chart Detail,22200972,664,1610612755,Philadelphia 76ers,4,1,16,Missed Shot,Jump Shot,,Right Corner 3,Right Side(R),24+ ft.,22,228,28,1,0,20230306,IND,PHI,|1629001|1629667|1630178|201935|203954,0,REG,2023,1630169,PG,Chaser,-1.88
1629667,Jalen McDaniels,22200980450,Shot Chart Detail,22200980,450,1610612755,Philadelphia 76ers,3,0,24,Missed Shot,Driving Floating Jump Shot,,In The Paint (Non-RA),Center(C),8-16 ft.,10,-45,93,1,0,20230307,MIN,PHI,|1627777|1627863|1629003|1629667|1630194,0,REG,2023,1629675,C,Anchor Big,0.39
1629667,Jalen McDaniels,22200980477,Shot Chart Detail,22200980,477,1610612755,Philadelphia 76ers,4,11,22,Missed Shot,Driving Layup Shot,,Restricted Area,Center(C),Less Than 8 ft.,3,-2,31,1,0,20230307,MIN,PHI,|1627777|1627863|1629003|1629667|1630194,0,REG,2023,1627752,SF,Wing Stopper,0.96
1629667,Jalen McDaniels,22200980614,Shot Chart Detail,22200980,614,1610612755,Philadelphia 76ers,4,0,53,Made Shot,Pullup Jump shot,,Mid-Range,Left Side Center(LC),16-24 ft.,17,-88,147,1,1,20230307,MIN,PHI,|1627788|1627863|1629003|1629667|1630194,1,REG,2023,1631111,SG,Point of Attack,-0.47
1629667,Jalen McDaniels,22200980622,Shot Chart Detail,22200980,622,1610612755,Philadelphia 76ers,4,0,18,Made Shot,Tip Layup Shot,,Restricted Area,Center(C),Less Than 8 ft.,0,0,0,1,1,20230307,MIN,PHI,|1627788|1627863|1629003|1629667|1630194,0,REG,2023,1631111,SG,Point of Attack,-0.47
1629667,Jalen McDaniels,22200998397,Shot Chart Detail,22200998,397,1610612755,Philadelphia 76ers,3,3,1,Missed Shot,Layup Shot,,Restricted Area,Center(C),Less Than 8 ft.,0,-4,4,1,0,20230310,PHI,POR,|1629001|1629667|1630178|202699|203954,0,REG,2023,1629234,PF,Helper,0.08
1629667,Jalen McDaniels,22200998399,Shot Chart Detail,22200998,399,1610612755,Philadelphia 76ers,3,2,56,Missed Shot,Putback Layup Shot,,Restricted Area,Center(C),Less Than 8 ft.,0,0,0,1,0,20230310,PHI,POR,|1629001|1629667|1630178|202699|203954,0,REG,2023,1629234|203924,,,
1629667,Jalen McDaniels,22200998408,Shot Chart Detail,22200998,408,1610612755,Philadelphia 76ers,3,1,44,Made Shot,Driving Dunk Shot,,Restricted Area,Center(C),Less Than 8 ft.,2,0,23,1,1,20230310,PHI,POR,|1629001|1629667|1630178|202699|203954,1,REG,2023,1629629|1629234,,,
1629667,Jalen McDaniels,22200998456,Shot Chart Detail,22200998,456,1610612755,Philadelphia 76ers,4,11,18,Made Shot,Alley Oop Layup shot,,Restricted Area,Center(C),Less Than 8 ft.,1,-5,13,1,1,20230310,PHI,POR,|1627777|1629001|1629667|1630194|201935,1,REG,2023,1629014,SG,Point of Attack,-1.07
1629667,Jalen McDaniels,22201016153,Shot Chart Detail,22201016,153,1610612755,Philadelphia 76ers,2,10,43,Missed Shot,Jump Shot,,Left Corner 3,Left Side(L),24+ ft.,23,-230,-19,1,0,20230312,PHI,WAS,|1627777|1629001|1629003|1629667|1630194,0,REG,2023,1630557,SF,Low Activity,-0.92
1629667,Jalen McDaniels,22201016157,Shot Chart Detail,22201016,157,1610612755,Philadelphia 76ers,2,10,16,Made Shot,Reverse Layup Shot,,Restricted Area,Center(C),Less Than 8 ft.,0,-5,4,1,1,20230312,PHI,WAS,|1627777|1629001|1629003|1629667|1630194,1,REG,2023,1626153,PG,Point of Attack,-0.9
1629667,Jalen McDaniels,22201016169,Shot Chart Detail,22201016,169,1610612755,Philadelphia 76ers,2,9,31,Made Shot,Turnaround Jump Shot,,Mid-Range,Center(C),8-16 ft.,15,-31,149,1,1,20230312,PHI,WAS,|1627777|1629001|1629667|1630194|201935,1,REG,2023,204001,PF,Helper,1.12
1629667,Jalen McDaniels,22201057107,Shot Chart Detail,22201057,107,1610612755,Philadelphia 76ers,1,3,23,Missed Shot,Cutting Layup Shot,,Restricted Area,Center(C),Less Than 8 ft.,0,0,6,1,0,20230318,IND,PHI,|1627777|1629001|1629003|1629667|203954,0,REG,2023,1630174,SF,Low Activity,-0.2
1629667,Jalen McDaniels,22201057136,Shot Chart Detail,22201057,136,1610612755,Philadelphia 76ers,1,0,41,Missed Shot,Layup Shot,,Restricted Area,Center(C),Less Than 8 ft.,3,-37,3,1,0,20230318,IND,PHI,|1627777|1629001|1629003|1629667|203954,0,REG,2023,201588,PG,,0.74
1629667,Jalen McDaniels,22201057139,Shot Chart Detail,22201057,139,1610612755,Philadelphia 76ers,1,0,11,Made Shot,Layup Shot,,In The Paint (Non-RA),Center(C),Less Than 8 ft.,5,56,10,1,1,20230318,IND,PHI,|1627777|1629001|1629003|1629667|203954,1,REG,2023,1630174,SF,Low Activity,-0.2
1629667,Jalen McDaniels,22201057172,Shot Chart Detail,22201057,172,1610612755,Philadelphia 76ers,2,10,30,Missed Shot,Driving Reverse Layup Shot,,Restricted Area,Center(C),Less Than 8 ft.,1,6,11,1,0,20230318,IND,PHI,|1627777|1629003|1629667|1630178|1630194,0,REG,2023,1627741|1629052,,,
1629667,Jalen McDaniels,22201057427,Shot Chart Detail,22201057,427,1610612755,Philadelphia 76ers,3,0,57,Missed Shot,Jump Shot,,Left Corner 3,Left Side(L),24+ ft.,23,-233,-4,1,0,20230318,IND,PHI,|1627777|1629001|1629003|1629667|203954,0,REG,2023,201588,PG,,0.74
1629667,Jalen McDaniels,22201057467,Shot Chart Detail,22201057,467,1610612755,Philadelphia 76ers,4,10,17,Made Shot,Jump Shot,,Mid-Range,Center(C),8-16 ft.,14,-23,148,1,1,20230318,IND,PHI,|1627777|1629003|1629667|1630178|1630194,1,REG,2023,1630188|204456,,,
1629667,Jalen McDaniels,22201057478,Shot Chart Detail,22201057,478,1610612755,Philadelphia 76ers,4,9,46,Made Shot,Running Layup Shot,,Restricted Area,Center(C),Less Than 8 ft.,1,6,8,1,1,20230318,IND,PHI,|1627777|1629003|1629667|1630178|1630194,1,REG,2023,201588,PG,,0.74
1629667,Jalen McDaniels,22201110103,Shot Chart Detail,22201110,103,1610612755,Philadelphia 76ers,1,4,10,Missed Shot,Jump Shot,,Above the Break 3,Center(C),24+ ft.,25,-7,258,1,0,20230325,PHX,PHI,|1627777|1629003|1629667|202699|203954,0,REG,2023,1626164,SG,Chaser,-2.36
1629667,Jalen McDaniels,22201110148,Shot Chart Detail,22201110,148,1610612755,Philadelphia 76ers,1,1,23,Missed Shot,Jump Shot,,Right Corner 3,Right Side(R),24+ ft.,23,230,48,1,0,20230325,PHX,PHI,|1627777|1629003|1629667|1630194|200782,0,REG,2023,1626164,SG,Chaser,-2.36
1629667,Jalen McDaniels,22201110160,Shot Chart Detail,22201110,160,1610612755,Philadelphia 76ers,1,0,27,Missed Shot,Cutting Layup Shot,,In The Paint (Non-RA),Center(C),Less Than 8 ft.,6,53,35,1,0,20230325,PHX,PHI,|1627777|1629003|1629667|1630178|1630194,0,REG,2023,1629111,C,Anchor Big,-0.87
1629667,Jalen McDaniels,22201126141,Shot Chart Detail,22201126,141,1610612755,Philadelphia 76ers,1,0,45,Missed Shot,Running Layup Shot,,Restricted Area,Center(C),Less Than 8 ft.,3,-4,38,1,0,20230327,DEN,PHI,|1627777|1629003|1629667|1630178|1630194,0,REG,2023,1628971|1631128,,,
1629667,Jalen McDaniels,22201126169,Shot Chart Detail,22201126,169,1610612755,Philadelphia 76ers,2,10,37,Made Shot,Putback Layup Shot,,Restricted Area,Center(C),Less Than 8 ft.,3,31,19,1,1,20230327,DEN,PHI,|1627863|1629003|1629667|1630178|1630194,0,REG,2023,1627750,SG,Point of Attack,-1.51
1629667,Jalen McDaniels,22201126393,Shot Chart Detail,22201126,393,1610612755,Philadelphia 76ers,3,4,45,Made Shot,Floating Jump shot,,In The Paint (Non-RA),Center(C),Less Than 8 ft.,5,-1,54,1,1,20230327,DEN,PHI,|1627777|1629667|1630178|1630194|202699,1,REG,2023,203999,C,Anchor Big,1.96
1629667,Jalen McDaniels,22201126437,Shot Chart Detail,22201126,437,1610612755,Philadelphia 76ers,3,1,22,Made Shot,Pullup Jump shot,,In The Paint (Non-RA),Center(C),8-16 ft.,10,-32,101,1,1,20230327,DEN,PHI,|1627777|1627863|1629003|1629667|1630194,1,REG,2023,201145,PF,,-0.04
1629667,Jalen McDaniels,22201126440,Shot Chart Detail,22201126,440,1610612755,Philadelphia 76ers,3,0,43,Missed Shot,Pullup Jump shot,,Mid-Range,Right Side(R),8-16 ft.,14,135,46,1,0,20230327,DEN,PHI,|1627777|1627863|1629003|1629667|1630194,0,REG,2023,1628971|1631128,,,
1629667,Jalen McDaniels,22201126545,Shot Chart Detail,22201126,545,1610612755,Philadelphia 76ers,4,4,55,Made Shot,Jump Shot,,Above the Break 3,Left Side Center(LC),24+ ft.,28,-151,236,1,1,20230327,DEN,PHI,|1626149|1627788|1629003|1629667|1630531,1,REG,2023,201145,PF,,-0.04
1629667,Jalen McDaniels,22201126552,Shot Chart Detail,22201126,552,1610612755,Philadelphia 76ers,4,4,8,Made Shot,Running Alley Oop Layup Shot,,Restricted Area,Center(C),Less Than 8 ft.,1,15,11,1,1,20230327,DEN,PHI,|1626149|1627788|1629003|1629667|1630531,1,REG,2023,203999,C,Anchor Big,1.96
1629667,Jalen McDaniels,22201126585,Shot Chart Detail,22201126,585,1610612755,Philadelphia 76ers,4,1,51,Made Shot,Running Dunk Shot,,Restricted Area,Center(C),Less Than 8 ft.,0,-2,7,1,1,20230327,DEN,PHI,|1626149|1627788|1629003|1629667|1630531,1,REG,2023,,,,
1629667,Jalen McDaniels,22201139107,Shot Chart Detail,22201139,107,1610612755,Philadelphia 76ers,1,3,4,Missed Shot,Running Alley Oop Layup Shot,,Restricted Area,Center(C),Less Than 8 ft.,1,7,13,1,0,20230329,PHI,DAL,|1627777|1629001|1629667|201935|203954,0,REG,2023,1630702,SG,Low Activity,-1.86
1629667,Jalen McDaniels,22201139119,Shot Chart Detail,22201139,119,1610612755,Philadelphia 76ers,1,2,24,Missed Shot,Alley Oop Layup shot,,Restricted Area,Center(C),Less Than 8 ft.,0,-4,3,1,0,20230329,PHI,DAL,|1627777|1629001|1629667|1630194|201935,0,REG,2023,1630182,SG,Low Activity,-0.2
1629667,Jalen McDaniels,22201139147,Shot Chart Detail,22201139,147,1610612755,Philadelphia 76ers,1,0,8,Missed Shot,Jump Shot,,Left Corner 3,Left Side(L),24+ ft.,24,-244,-13,1,0,20230329,PHI,DAL,|1627777|1629001|1629667|1630194|201935,0,REG,2023,1629029,SG,Low Activity,-0.28
1629667,Jalen McDaniels,22201139489,Shot Chart Detail,22201139,489,1610612755,Philadelphia 76ers,4,11,46,Made Shot,Jump Shot,,Right Corner 3,Right Side(R),24+ ft.,23,227,75,1,1,20230329,PHI,DAL,|1627777|1629001|1629667|1630194|201935,1,REG,2023,1626174,PF,Helper,0.07
1629667,Jalen McDaniels,22201150112,Shot Chart Detail,22201150,112,1610612755,Philadelphia 76ers,1,2,9,Made Shot,Jump Shot,,Right Corner 3,Right Side(R),24+ ft.,24,233,69,1,1,20230331,PHI,TOR,|1627777|1629003|1629667|1630178|1630194,1,REG,2023,1627783,PF,Helper,1.73
1629667,Jalen McDaniels,22201150164,Shot Chart Detail,22201150,164,1610612755,Philadelphia 76ers,2,9,37,Made Shot,Layup Shot,,Restricted Area,Center(C),Less Than 8 ft.,2,17,24,1,1,20230331,PHI,TOR,|1627863|1629003|1629667|1630194|201935,1,REG,2023,1627783,PF,Helper,1.73
1629667,Jalen McDaniels,22201150413,Shot Chart Detail,22201150,413,1610612755,Philadelphia 76ers,3,0,30,Made Shot,Driving Floating Jump Shot,,In The Paint (Non-RA),Center(C),8-16 ft.,9,-28,88,1,1,20230331,PHI,TOR,|1627777|1629003|1629667|1630178|203954,1,REG,2023,1631132,C,Mobile Big,1.83
1629667,Jalen McDaniels,22201150453,Shot Chart Detail,22201150,453,1610612755,Philadelphia 76ers,4,9,20,Missed Shot,Driving Layup Shot,,Restricted Area,Center(C),Less Than 8 ft.,2,-21,10,1,0,20230331,PHI,TOR,|1627863|1629003|1629667|1630194|201935,0,REG,2023,1631132|1630567,,,
1629667,Jalen McDaniels,22201174192,Shot Chart Detail,22201174,192,1610612755,Philadelphia 76ers,2,9,5,Missed Shot,Jump Shot,,Above the Break 3,Left Side Center(LC),24+ ft.,28,-199,210,1,0,20230402,MIL,PHI,|1629001|1629667|1630194|201935|202699,0,REG,2023,1626171,PF,Helper,-0.62
1629667,Jalen McDaniels,22201174203,Shot Chart Detail,22201174,203,1610612755,Philadelphia 76ers,2,7,44,Missed Shot,Fadeaway Jump Shot,,Mid-Range,Right Side(R),8-16 ft.,13,129,48,1,0,20230402,MIL,PHI,|1629001|1629667|1630194|201935|202699,0,REG,2023,203507,SF,Low Activity,-0.39
1629667,Jalen McDaniels,22201174464,Shot Chart Detail,22201174,464,1610612755,Philadelphia 76ers,4,10,51,Missed Shot,Floating Jump shot,,Mid-Range,Right Side(R),8-16 ft.,14,91,111,1,0,20230402,MIL,PHI,|1627777|1629001|1629667|1630194|201935,0,REG,2023,1626171|203507,,,
1629667,Jalen McDaniels,22201174474,Shot Chart Detail,22201174,474,1610612755,Philadelphia 76ers,4,10,9,Missed Shot,Driving Layup Shot,,Restricted Area,Center(C),Less Than 8 ft.,2,-6,20,1,0,20230402,MIL,PHI,|1627777|1629001|1629667|200782|201935,0,REG,2023,203109,SF,,0.05
1629667,Jalen McDaniels,22201181117,Shot Chart Detail,22201181,117,1610612755,Philadelphia 76ers,1,1,46,Made Shot,Jump Shot,,Left Corner 3,Left Side(L),24+ ft.,24,-245,13,1,1,20230404,PHI,BOS,|1627777|1629001|1629667|1630178|203954,1,REG,2023,1628436,C,Helper,0.19
1629667,Jalen McDaniels,22201181180,Shot Chart Detail,22201181,180,1610612755,Philadelphia 76ers,2,9,40,Made Shot,Hook Shot,,In The Paint (Non-RA),Right Side(R),8-16 ft.,8,50,73,1,1,20230404,PHI,BOS,|1627777|1629001|1629667|1630194|201935,1,REG,2023,203488,PF,Helper,-0.15
1629667,Jalen McDaniels,22201181186,Shot Chart Detail,22201181,186,1610612755,Philadelphia 76ers,2,9,8,Missed Shot,Driving Layup Shot,,Restricted Area,Center(C),Less Than 8 ft.,3,-23,20,1,0,20230404,PHI,BOS,|1627777|1629001|1629667|1630194|201935,0,REG,2023,203488,PF,Helper,-0.15
1629667,Jalen McDaniels,22201181481,Shot Chart Detail,22201181,481,1610612755,Philadelphia 76ers,4,9,51,Missed Shot,Jump Shot,,Above the Break 3,Center(C),24+ ft.,26,78,254,1,0,20230404,PHI,BOS,|1627777|1629001|1629667|1630194|201935,0,REG,2023,1627763,SG,Point of Attack,-1.06
1629667,Jalen McDaniels,22201181488,Shot Chart Detail,22201181,488,1610612755,Philadelphia 76ers,4,9,21,Made Shot,Jump Shot,,Above the Break 3,Right Side Center(RC),24+ ft.,26,121,236,1,1,20230404,PHI,BOS,|1629001|1629667|1630194|201935|202699,1,REG,2023,203488,PF,Helper,-0.15
1629667,Jalen McDaniels,2220119896,Shot Chart Detail,22201198,96,1610612755,Philadelphia 76ers,1,4,10,Made Shot,Turnaround Jump Shot,,In The Paint (Non-RA),Center(C),Less Than 8 ft.,5,13,57,1,1,20230406,PHI,MIA,|1627863|1629001|1629003|1629667|203954,1,REG,2023,1629622,SF,Chaser,-0.41
1629667,Jalen McDaniels,22201198147,Shot Chart Detail,22201198,147,1610612755,Philadelphia 76ers,1,0,47,Made Shot,Jump Shot,,Above the Break 3,Right Side Center(RC),24+ ft.,25,157,201,1,1,20230406,PHI,MIA,|1627777|1627863|1629003|1629667|203954,1,REG,2023,1629312,SF,Chaser,-0.67
1629667,Jalen McDaniels,22201198155,Shot Chart Detail,22201198,155,1610612755,Philadelphia 76ers,1,0,1,Made Shot,Jump Shot,,Above the Break 3,Right Side Center(RC),24+ ft.,29,191,230,1,1,20230406,PHI,MIA,|1627777|1627863|1629003|1629667|203954,1,REG,2023,1629130,SF,Chaser,-0.59
1629667,Jalen McDaniels,22201198171,Shot Chart Detail,22201198,171,1610612755,Philadelphia 76ers,2,10,58,Missed Shot,Fadeaway Jump Shot,,In The Paint (Non-RA),Center(C),Less Than 8 ft.,7,-6,77,1,0,20230406,PHI,MIA,|1627777|1627863|1629667|1630194|201935,0,REG,2023,1628997,SF,Chaser,0.31
1629667,Jalen McDaniels,22201198182,Shot Chart Detail,22201198,182,1610612755,Philadelphia 76ers,2,10,3,Missed Shot,Pullup Jump shot,,Above the Break 3,Left Side Center(LC),24+ ft.,25,-163,197,1,0,20230406,PHI,MIA,|1627777|1629003|1629667|1630194|201935,0,REG,2023,1628997,SF,Chaser,0.31
1629667,Jalen McDaniels,22201198393,Shot Chart Detail,22201198,393,1610612755,Philadelphia 76ers,3,2,45,Made Shot,Alley Oop Dunk Shot,,Restricted Area,Center(C),Less Than 8 ft.,1,4,10,1,1,20230406,PHI,MIA,|1627777|1627863|1629003|1629667|203954,1,REG,2023,202710,SG,,-0.37
1629667,Jalen McDaniels,22201198473,Shot Chart Detail,22201198,473,1610612755,Philadelphia 76ers,4,7,41,Missed Shot,Jump Shot,,Above the Break 3,Right Side Center(RC),24+ ft.,26,82,248,1,0,20230406,PHI,MIA,|1627777|1627788|1629003|1629667|1630194,0,REG,2023,201567,PF,,-0.66
1629667,Jalen McDaniels,22201198566,Shot Chart Detail,22201198,566,1610612755,Philadelphia 76ers,4,1,11,Missed Shot,Running Jump Shot,,Right Corner 3,Right Side(R),24+ ft.,24,239,28,1,0,20230406,PHI,MIA,|1626149|1627788|1627863|1629003|1629667,0,REG,2023,,,,
1629667,Jalen McDaniels,2220120561,Shot Chart Detail,22201205,61,1610612755,Philadelphia 76ers,1,7,15,Made Shot,Jump Shot,,Above the Break 3,Center(C),24+ ft.,25,47,255,1,1,20230407,ATL,PHI,|1627777|1629003|1629667|1630194|1630531,1,REG,2023,1629027,PG,Point of Attack,-2.38
1629667,Jalen McDaniels,22201205111,Shot Chart Detail,22201205,111,1610612755,Philadelphia 76ers,1,4,10,Made Shot,Driving Floating Jump Shot,,In The Paint (Non-RA),Center(C),8-16 ft.,11,40,104,1,1,20230407,ATL,PHI,|1627788|1627863|1629667|1630531|203473,1,REG,2023,1630552,PF,Helper,-0.17
1629667,Jalen McDaniels,22201205122,Shot Chart Detail,22201205,122,1610612755,Philadelphia 76ers,1,3,13,Made Shot,Reverse Layup Shot,,Restricted Area,Center(C),Less Than 8 ft.,0,-2,6,1,1,20230407,ATL,PHI,|1627788|1627863|1629667|1630531|203473,1,REG,2023,1630180,SF,Helper,-1.1
1629667,Jalen McDaniels,22201205131,Shot Chart Detail,22201205,131,1610612755,Philadelphia 76ers,1,2,43,Made Shot,Alley Oop Layup shot,,Restricted Area,Center(C),Less Than 8 ft.,0,0,5,1,1,20230407,ATL,PHI,|1627788|1627863|1629667|1630644|203473,1,REG,2023,1630552,PF,Helper,-0.17
1629667,Jalen McDaniels,22201205252,Shot Chart Detail,22201205,252,1610612755,Philadelphia 76ers,2,6,51,Made Shot,Running Layup Shot,,Restricted Area,Center(C),Less Than 8 ft.,0,-4,-4,1,1,20230407,ATL,PHI,|1626149|1627777|1629003|1629667|1630531,0,REG,2023,1627749|1630168,,,
1629667,Jalen McDaniels,22201205272,Shot Chart Detail,22201205,272,1610612755,Philadelphia 76ers,2,5,49,Missed Shot,Driving Floating Jump Shot,,In The Paint (Non-RA),Center(C),8-16 ft.,9,-1,95,1,0,20230407,ATL,PHI,|1626149|1627863|1629003|1629667|1630531,0,REG,2023,1628381,PF,Anchor Big,1.03
1629667,Jalen McDaniels,22201205317,Shot Chart Detail,22201205,317,1610612755,Philadelphia 76ers,2,2,44,Missed Shot,Jump Shot,,Above the Break 3,Center(C),24+ ft.,25,38,256,1,0,20230407,ATL,PHI,|1626149|1627863|1629003|1629667|1630531,0,REG,2023,203991|1628381,,,
1629667,Jalen McDaniels,22201205339,Shot Chart Detail,22201205,339,1610612755,Philadelphia 76ers,2,0,23,Made Shot,Jump Shot,,Left Corner 3,Left Side(L),24+ ft.,23,-229,71,1,1,20230407,ATL,PHI,|1627788|1627863|1629003|1629667|203473,1,REG,2023,1628381,PF,Anchor Big,1.03
1629667,Jalen McDaniels,22201205354,Shot Chart Detail,22201205,354,1610612755,Philadelphia 76ers,3,11,29,Missed Shot,Pullup Jump shot,,In The Paint (Non-RA),Center(C),8-16 ft.,12,44,112,1,0,20230407,ATL,PHI,|1627777|1629003|1629667|1630194|1630531,0,REG,2023,203991,C,Helper,-0.12
1629667,Jalen McDaniels,22201205375,Shot Chart Detail,22201205,375,1610612755,Philadelphia 76ers,3,8,53,Made Shot,Driving Floating Jump Shot,,In The Paint (Non-RA),Center(C),8-16 ft.,8,-10,81,1,1,20230407,ATL,PHI,|1627777|1629003|1629667|1630194|1630531,0,REG,2023,203991,C,Helper,-0.12
1629667,Jalen McDaniels,22201205381,Shot Chart Detail,22201205,381,1610612755,Philadelphia 76ers,3,8,19,Missed Shot,Driving Layup Shot,,Restricted Area,Center(C),Less Than 8 ft.,3,33,6,1,0,20230407,ATL,PHI,|1627777|1629003|1629667|1630194|1630531,0,REG,2023,1628381,PF,Anchor Big,1.03
1629667,Jalen McDaniels,22201205385,Shot Chart Detail,22201205,385,1610612755,Philadelphia 76ers,3,8,12,Missed Shot,Putback Layup Shot,,Restricted Area,Center(C),Less Than 8 ft.,0,0,0,1,0,20230407,ATL,PHI,|1627777|1629003|1629667|1630194|1630531,0,REG,2023,203991,C,Helper,-0.12
1629667,Jalen McDaniels,22201205399,Shot Chart Detail,22201205,399,1610612755,Philadelphia 76ers,3,7,33,Missed Shot,Fadeaway Jump Shot,,In The Paint (Non-RA),Center(C),8-16 ft.,10,17,107,1,0,20230407,ATL,PHI,|1627777|1627863|1629003|1629667|1630194,0,REG,2023,1628381,PF,Anchor Big,1.03
1629667,Jalen McDaniels,22201205491,Shot Chart Detail,22201205,491,1610612755,Philadelphia 76ers,3,0,30,Missed Shot,Driving Floating Jump Shot,,In The Paint (Non-RA),Center(C),Less Than 8 ft.,7,45,65,1,0,20230407,ATL,PHI,|1627788|1627863|1629667|1630644|203473,0,REG,2023,1630552,PF,Helper,-0.17
1629667,Jalen McDaniels,22201205594,Shot Chart Detail,22201205,594,1610612755,Philadelphia 76ers,4,5,50,Missed Shot,Driving Layup Shot,,Restricted Area,Center(C),Less Than 8 ft.,2,18,13,1,0,20230407,ATL,PHI,|1626149|1627777|1629003|1629667|1630531,0,REG,2023,1628381,PF,Anchor Big,1.03
1629667,Jalen McDaniels,22201205622,Shot Chart Detail,22201205,622,1610612755,Philadelphia 76ers,4,3,44,Missed Shot,Jump Shot,,Mid-Range,Left Side(L),16-24 ft.,16,-164,-21,1,0,20230407,ATL,PHI,|1627863|1629003|1629667|1630194|1630531,0,REG,2023,1628381,PF,Anchor Big,1.03
1629667,Jalen McDaniels,22201205686,Shot Chart Detail,22201205,686,1610612755,Philadelphia 76ers,5,4,45,Made Shot,Driving Floating Jump Shot,,Restricted Area,Center(C),Less Than 8 ft.,3,10,31,1,1,20230407,ATL,PHI,|1627863|1629003|1629667|1630194|1630531,1,REG,2023,203991,C,Helper,-0.12
1629667,Jalen McDaniels,2220121719,Shot Chart Detail,22201217,19,1610612755,Philadelphia 76ers,1,10,47,Made Shot,Running Reverse Layup Shot,,Restricted Area,Center(C),Less Than 8 ft.,0,-5,6,1,1,20230409,BKN,PHI,|1627863|1629003|1629667|1630194|1630531,1,REG,2023,1629139,SF,Helper,-0.16
1629667,Jalen McDaniels,2220121758,Shot Chart Detail,22201217,58,1610612755,Philadelphia 76ers,1,7,44,Made Shot,Putback Dunk Shot,,Restricted Area,Center(C),Less Than 8 ft.,0,0,0,1,1,20230409,BKN,PHI,|1627863|1629003|1629667|1630194|1630644,0,REG,2023,201988,PG,,-0.85
1629667,Jalen McDaniels,2220121769,Shot Chart Detail,22201217,69,1610612755,Philadelphia 76ers,1,6,45,Missed Shot,Fadeaway Jump Shot,,Mid-Range,Right Side(R),8-16 ft.,14,127,64,1,0,20230409,BKN,PHI,|1627863|1629003|1629667|1630194|1630644,0,REG,2023,1630549,PF,Mobile Big,-0.5
1629667,Jalen McDaniels,22201217272,Shot Chart Detail,22201217,272,1610612755,Philadelphia 76ers,2,4,36,Missed Shot,Turnaround Jump Shot,,In The Paint (Non-RA),Center(C),8-16 ft.,10,-47,95,1,0,20230409,BKN,PHI,|1627863|1629003|1629663|1629667|1630194,0,REG,2023,1629139|1630560,,,
1629667,Jalen McDaniels,22201217278,Shot Chart Detail,22201217,278,1610612755,Philadelphia 76ers,2,4,11,Made Shot,Putback Layup Shot,,Restricted Area,Center(C),Less Than 8 ft.,0,0,0,1,1,20230409,BKN,PHI,|1627863|1629003|1629663|1629667|1630194,0,REG,2023,1629139|1630561,,,
1629667,Jalen McDaniels,22201217292,Shot Chart Detail,22201217,292,1610612755,Philadelphia 76ers,2,3,12,Missed Shot,Running Layup Shot,,Restricted Area,Center(C),Less Than 8 ft.,1,-16,5,1,0,20230409,BKN,PHI,|1627863|1629003|1629667|1630194|1630644,0,REG,2023,1630696|1630561,,,
1629667,Jalen McDaniels,22201217405,Shot Chart Detail,22201217,405,1610612755,Philadelphia 76ers,3,7,2,Made Shot,Running Layup Shot,,Restricted Area,Center(C),Less Than 8 ft.,1,0,18,1,1,20230409,BKN,PHI,|1627863|1629003|1629663|1629667|1630194,1,REG,2023,1630696,SG,Point of Attack,-0.01
