GRID_TYPE,GAME_ID,GAME_EVENT_ID,PLAYER_ID,PLAYER_NAME,TEAM_ID,TEAM_NAME,PERIOD,MINUTES_REMAINING,SECONDS_REMAINING,EVENT_TYPE,ACTION_TYPE,SHOT_TYPE,SHOT_ZONE_BASIC,SHOT_ZONE_AREA,SHOT_ZONE_RANGE,SHOT_DISTANCE,LOC_X,LOC_Y,SHOT_ATTEMPTED_FLAG,SHOT_MADE_FLAG,GAME_DATE,HTM,VTM,SHOT_ID,time,extra,PLAYERS_ON,assisted,season_type,year,DEF_ID,score_margin,DEF_POSITION,DEF_ROLE,D_LEBRON,dsc,OFF_POSITION,OFF_ROLE,O_LEBRON
Shot Chart Detail,21700015,11,202331,Paul George,1610612760,Oklahoma City Thunder,1,11,20,Missed Shot,Jump Shot,3PT Field Goal,Left Corner 3,Left Side(L),24+ ft.,22,-225,10,1,0,20171019,OKC,NYK,2170001511,400,0,2546|201566|202331|203460|203500,0,REG,2018,201584,,SG,Wing Stopper,-1.36,MISS George 3PT Jump Shot,SF,Shot Creator,1.94
Shot Chart Detail,21700015,37,202331,Paul George,1610612760,Oklahoma City Thunder,1,8,50,Missed Shot,Jump Shot,3PT Field Goal,Above the Break 3,Right Side Center(RC),24+ ft.,25,133,213,1,0,20171019,OKC,NYK,2170001537,1900,0,2546|201566|202331|203460|203500,0,REG,2018,203501|201584,,,,,,SF,Shot Creator,1.94
Shot Chart Detail,21700015,39,2546,Carmelo Anthony,1610612760,Oklahoma City Thunder,1,8,46,Missed Shot,Jump Shot,3PT Field Goal,Above the Break 3,Left Side Center(LC),24+ ft.,24,-123,216,1,0,20171019,OKC,NYK,2170001539,1940,0,2546|201566|202331|203460|203500,0,REG,2018,201584,,SG,Wing Stopper,-1.36,MISS Anthony 25' 3PT Jump Shot,PF,Shot Creator,1.27
Shot Chart Detail,21700015,43,201566,Russell Westbrook,1610612760,Oklahoma City Thunder,1,8,41,Missed Shot,Driving Layup Shot,2PT Field Goal,Restricted Area,Center(C),Less Than 8 ft.,1,-4,14,1,0,20171019,OKC,NYK,2170001543,1990,0,2546|201566|202331|203460|203500,0,REG,2018,201584,,SG,Wing Stopper,-1.36,MISS Westbrook 1' Driving Layup,PG,Shot Creator,4.38
Shot Chart Detail,21700015,55,201566,Russell Westbrook,1610612760,Oklahoma City Thunder,1,7,50,Missed Shot,Jump Shot,3PT Field Goal,Above the Break 3,Left Side Center(LC),24+ ft.,24,-199,150,1,0,20171019,OKC,NYK,2170001555,2500,0,2546|201566|202331|203460|203500,0,REG,2018,201584,,SG,Wing Stopper,-1.36,MISS Westbrook 25' 3PT Jump Shot,PG,Shot Creator,4.38
Shot Chart Detail,21700015,78,203518,Alex Abrines,1610612760,Oklahoma City Thunder,1,6,22,Missed Shot,Running Jump Shot,3PT Field Goal,Above the Break 3,Left Side Center(LC),24+ ft.,24,-141,200,1,0,20171019,OKC,NYK,2170001578,3380,0,2546|201566|202331|203500|203518,0,REG,2018,201584,,SG,Wing Stopper,-1.36,MISS Abrines 24' 3PT Running Jump Shot,SG,Movement Shooter,-0.39
Shot Chart Detail,21700015,126,201566,Russell Westbrook,1610612760,Oklahoma City Thunder,1,3,20,Missed Shot,Driving Layup Shot,2PT Field Goal,Restricted Area,Center(C),Less Than 8 ft.,1,14,13,1,0,20171019,OKC,NYK,21700015126,5200,0,2546|201566|203518|203924|1628390,0,REG,2018,201584,,SG,Wing Stopper,-1.36,MISS Westbrook 2' Driving Layup,PG,Shot Creator,4.38
Shot Chart Detail,21700015,252,203460,Andre Roberson,1610612760,Oklahoma City Thunder,2,7,9,Missed Shot,Reverse Layup Shot,2PT Field Goal,Restricted Area,Center(C),Less Than 8 ft.,1,12,9,1,0,20171019,OKC,NYK,21700015252,10110,0,201566|202331|202335|203460|203500,0,REG,2018,201584|202683,,,,,,SG,Roll + Cut Big,-1.49
Shot Chart Detail,21700015,273,201566,Russell Westbrook,1610612760,Oklahoma City Thunder,2,5,32,Made Shot,Running Layup Shot,2PT Field Goal,Restricted Area,Center(C),Less Than 8 ft.,1,-13,5,1,1,20171019,OKC,NYK,21700015273,11080,0,201566|202331|202335|203500|203518,0,REG,2018,201584|1628373,,,,,,PG,Shot Creator,4.38
Shot Chart Detail,21700015,286,2546,Carmelo Anthony,1610612760,Oklahoma City Thunder,2,4,41,Made Shot,Jump Shot,2PT Field Goal,Mid-Range,Right Side Center(RC),16-24 ft.,16,89,135,1,1,20171019,OKC,NYK,21700015286,11590,0,2546|201566|202331|203500|203518,1,REG,2018,201584|204001,,,,,,PF,Shot Creator,1.27
Shot Chart Detail,21700015,293,202331,Paul George,1610612760,Oklahoma City Thunder,2,4,9,Missed Shot,Driving Floating Bank Jump Shot,2PT Field Goal,Restricted Area,Center(C),Less Than 8 ft.,2,18,19,1,0,20171019,OKC,NYK,21700015293,11910,0,2546|201566|202331|203500|203518,0,REG,2018,201584,,SG,Wing Stopper,-1.36,MISS George 3' Driving Floating Bank Jump Shot,SF,Shot Creator,1.94
Shot Chart Detail,21700015,309,201566,Russell Westbrook,1610612760,Oklahoma City Thunder,2,2,28,Missed Shot,Driving Layup Shot,2PT Field Goal,Restricted Area,Center(C),Less Than 8 ft.,1,2,13,1,0,20171019,OKC,NYK,21700015309,12920,0,2546|201566|202331|203500|203518,0,REG,2018,201584|202683,,,,,,PG,Shot Creator,4.38
Shot Chart Detail,21700015,311,203500,Steven Adams,1610612760,Oklahoma City Thunder,2,2,26,Made Shot,Putback Dunk Shot,2PT Field Goal,Restricted Area,Center(C),Less Than 8 ft.,0,2,-6,1,1,20171019,OKC,NYK,21700015311,12940,0,2546|201566|202331|203500|203518,0,REG,2018,201584|202498,-2.0,,,,,C,Athletic Finisher,1.52
Shot Chart Detail,21700015,401,203460,Andre Roberson,1610612760,Oklahoma City Thunder,3,8,56,Made Shot,Running Layup Shot,2PT Field Goal,Restricted Area,Center(C),Less Than 8 ft.,1,15,10,1,1,20171019,OKC,NYK,21700015401,16240,0,2546|201566|202331|203460|203500,1,REG,2018,201584,,SG,Wing Stopper,-1.36,Roberson 2' Running Layup (2 PTS) (Westbrook 8 AST),SG,Roll + Cut Big,-1.49
Shot Chart Detail,21700015,412,201566,Russell Westbrook,1610612760,Oklahoma City Thunder,3,7,33,Missed Shot,Driving Layup Shot,2PT Field Goal,Restricted Area,Center(C),Less Than 8 ft.,1,13,10,1,0,20171019,OKC,NYK,21700015412,17070,0,2546|201566|202331|203460|203500,0,REG,2018,201584,,SG,Wing Stopper,-1.36,MISS Westbrook 2' Driving Layup,PG,Shot Creator,4.38
Shot Chart Detail,21700015,461,202331,Paul George,1610612760,Oklahoma City Thunder,3,4,0,Missed Shot,Pullup Jump shot,2PT Field Goal,Mid-Range,Center(C),16-24 ft.,21,-8,215,1,0,20171019,OKC,NYK,21700015461,19200,0,201566|202331|203460|203500|203924,0,REG,2018,201584,,SG,Wing Stopper,-1.36,MISS George 22' Pullup Jump Shot,SF,Shot Creator,1.94
Shot Chart Detail,21700015,472,203924,Jerami Grant,1610612760,Oklahoma City Thunder,3,3,32,Missed Shot,Jump Shot,3PT Field Goal,Left Corner 3,Left Side(L),24+ ft.,23,-230,25,1,0,20171019,OKC,NYK,21700015472,19480,0,2546|201566|203460|203518|203924,0,REG,2018,201584,,SG,Wing Stopper,-1.36,MISS Grant 3PT Jump Shot,PF,Athletic Finisher,-0.28
Shot Chart Detail,21700015,492,203460,Andre Roberson,1610612760,Oklahoma City Thunder,3,2,41,Made Shot,Putback Layup Shot,2PT Field Goal,Restricted Area,Center(C),Less Than 8 ft.,1,5,12,1,1,20171019,OKC,NYK,21700015492,19990,0,2546|201566|203460|203518|203924,0,REG,2018,201584,,SG,Wing Stopper,-1.36,Roberson 1' Putback Layup (6 PTS),SG,Roll + Cut Big,-1.49
Shot Chart Detail,21700030,7,202340,Avery Bradley,1610612765,Detroit Pistons,1,11,46,Missed Shot,Jump Shot,2PT Field Goal,Mid-Range,Left Side Center(LC),16-24 ft.,17,-79,158,1,0,20171021,NYK,DET,217000307,140,0,202340|202699|202704|203083|1626169,0,REG,2018,201584,,SG,Wing Stopper,-1.36,MISS Bradley 18' Jump Shot,SG,Movement Shooter,-1.02
Shot Chart Detail,21700030,39,202340,Avery Bradley,1610612765,Detroit Pistons,1,8,32,Missed Shot,Jump Shot,2PT Field Goal,Mid-Range,Left Side Center(LC),16-24 ft.,19,-103,171,1,0,20171021,NYK,DET,2170003039,2080,0,202340|202699|202704|203083|1626169,0,REG,2018,201584,,SG,Wing Stopper,-1.36,MISS Bradley 20' Jump Shot,SG,Movement Shooter,-1.02
Shot Chart Detail,21700030,229,202699,Tobias Harris,1610612765,Detroit Pistons,2,6,10,Made Shot,Layup Shot,2PT Field Goal,Restricted Area,Center(C),Less Than 8 ft.,1,7,9,1,1,20171021,NYK,DET,21700030229,10700,0,202340|202699|202704|202720|203083,1,REG,2018,201584,,SG,Wing Stopper,-1.36,Harris 1' Layup (9 PTS) (Bradley 1 AST),PF,Shot Creator,1.03
Shot Chart Detail,21700030,349,202340,Avery Bradley,1610612765,Detroit Pistons,3,10,9,Made Shot,Jump Shot,2PT Field Goal,Mid-Range,Left Side Center(LC),16-24 ft.,17,-78,157,1,1,20171021,NYK,DET,21700030349,15510,0,201229|202340|202699|202704|203083,1,REG,2018,201584|204001,,,,,,SG,Movement Shooter,-1.02
Shot Chart Detail,21700030,394,202699,Tobias Harris,1610612765,Detroit Pistons,3,6,36,Made Shot,Putback Dunk Shot,2PT Field Goal,Restricted Area,Center(C),Less Than 8 ft.,0,0,-6,1,1,20171021,NYK,DET,21700030394,17640,0,201229|202699|202704|203083|1626169,0,REG,2018,201584,9.0,SG,Wing Stopper,-1.36,Harris 1' Putback Dunk (13 PTS),PF,Shot Creator,1.03
Shot Chart Detail,21700030,397,202699,Tobias Harris,1610612765,Detroit Pistons,3,6,12,Made Shot,Jump Shot,2PT Field Goal,Mid-Range,Center(C),8-16 ft.,15,36,146,1,1,20171021,NYK,DET,21700030397,17880,0,201229|202699|202704|203083|1626169,0,REG,2018,201584,,SG,Wing Stopper,-1.36,Harris 15' Jump Shot (15 PTS),PF,Shot Creator,1.03
Shot Chart Detail,21700030,409,202699,Tobias Harris,1610612765,Detroit Pistons,3,4,43,Missed Shot,Jump Shot,3PT Field Goal,Right Corner 3,Right Side(R),24+ ft.,23,230,-17,1,0,20171021,NYK,DET,21700030409,18770,0,201229|202699|202704|203083|1626169,0,REG,2018,201584,,SG,Wing Stopper,-1.36,MISS Harris 3PT Jump Shot,PF,Shot Creator,1.03
Shot Chart Detail,21700030,411,202699,Tobias Harris,1610612765,Detroit Pistons,3,4,39,Made Shot,Layup Shot,2PT Field Goal,Restricted Area,Center(C),Less Than 8 ft.,0,-1,0,1,1,20171021,NYK,DET,21700030411,18810,0,201229|202699|202704|203083|1626169,1,REG,2018,201584,,SG,Wing Stopper,-1.36,Harris Layup (19 PTS) (Tolliver 1 AST),PF,Shot Creator,1.03
Shot Chart Detail,21700030,450,1628379,Luke Kennard,1610612765,Detroit Pistons,3,2,0,Missed Shot,Jump Shot,3PT Field Goal,Above the Break 3,Left Side Center(LC),24+ ft.,25,-92,239,1,0,20171021,NYK,DET,21700030450,20400,0,201229|202397|202720|1626169|1628379,0,REG,2018,201584|203124,,,,,,SG,Off Screen Shooter,-1.16
Shot Chart Detail,21700051,11,1628369,Jayson Tatum,1610612738,Boston Celtics,1,11,15,Missed Shot,Jump Shot,3PT Field Goal,Left Corner 3,Left Side(L),24+ ft.,23,-230,-22,1,0,20171024,BOS,NYK,2170005111,450,0,201143|202681|203382|1627759|1628369,0,REG,2018,201584,,SG,Wing Stopper,-1.36,MISS Tatum 3PT Jump Shot,SF,Shot Creator,-0.75
Shot Chart Detail,21700051,23,202681,Kyrie Irving,1610612738,Boston Celtics,1,9,57,Made Shot,Driving Finger Roll Layup Shot,2PT Field Goal,Restricted Area,Center(C),Less Than 8 ft.,0,-7,2,1,1,20171024,BOS,NYK,2170005123,1230,0,201143|202681|203382|1627759|1628369,0,REG,2018,201584|204001,,,,,,PG,Shot Creator,3.68
Shot Chart Detail,21700051,31,1628369,Jayson Tatum,1610612738,Boston Celtics,1,9,33,Missed Shot,Driving Floating Jump Shot,2PT Field Goal,Restricted Area,Center(C),Less Than 8 ft.,3,5,33,1,0,20171024,BOS,NYK,2170005131,1470,0,201143|202681|203382|1627759|1628369,0,REG,2018,201584,,SG,Wing Stopper,-1.36,MISS Tatum 3' Driving Floating Jump Shot,SF,Shot Creator,-0.75
Shot Chart Detail,21700051,48,1627759,Jaylen Brown,1610612738,Boston Celtics,1,8,10,Missed Shot,Jump Shot,3PT Field Goal,Right Corner 3,Right Side(R),24+ ft.,22,225,-9,1,0,20171024,BOS,NYK,2170005148,2300,0,201143|202681|203382|1627759|1628369,0,REG,2018,201584,,SG,Wing Stopper,-1.36,MISS Brown 3PT Jump Shot,SG,Shot Creator,-0.03
Shot Chart Detail,21700051,62,1627759,Jaylen Brown,1610612738,Boston Celtics,1,6,52,Made Shot,Driving Layup Shot,2PT Field Goal,Restricted Area,Center(C),Less Than 8 ft.,0,-3,5,1,1,20171024,BOS,NYK,2170005162,3080,0,201143|202681|203382|1627759|1628369,1,REG,2018,201584,,SG,Wing Stopper,-1.36,Brown 1' Driving Layup (2 PTS) (Irving 1 AST),SG,Shot Creator,-0.03
Shot Chart Detail,21700051,193,203499,Shane Larkin,1610612738,Boston Celtics,2,9,41,Missed Shot,Driving Finger Roll Layup Shot,2PT Field Goal,Restricted Area,Center(C),Less Than 8 ft.,0,-6,7,1,0,20171024,BOS,NYK,21700051193,8590,0,203499|1626179|1628369|1628400|1628464,0,REG,2018,201584,,SG,Wing Stopper,-1.36,MISS Larkin 1' Driving Finger Roll Layup,PG,Secondary Ball Handler,-1.27
Shot Chart Detail,21700051,202,1628369,Jayson Tatum,1610612738,Boston Celtics,2,8,49,Made Shot,Turnaround Fadeaway shot,2PT Field Goal,In The Paint (Non-RA),Center(C),Less Than 8 ft.,4,-39,31,1,1,20171024,BOS,NYK,21700051202,9110,0,203499|1626179|1628369|1628400|1628464,1,REG,2018,201584,-18.0,SG,Wing Stopper,-1.36,Tatum 5' Turnaround Fadeaway (9 PTS) (Theis 1 AST),SF,Shot Creator,-0.75
Shot Chart Detail,21700051,214,1626179,Terry Rozier,1610612738,Boston Celtics,2,8,12,Missed Shot,Jump Shot,3PT Field Goal,Above the Break 3,Right Side Center(RC),24+ ft.,25,173,184,1,0,20171024,BOS,NYK,21700051214,9480,0,203382|203499|1626179|1628369|1628400,0,REG,2018,201584,,SG,Wing Stopper,-1.36,MISS Rozier 25' 3PT Jump Shot,PG,Primary Ball Handler,0.21
Shot Chart Detail,21700051,217,1628369,Jayson Tatum,1610612738,Boston Celtics,2,7,35,Made Shot,Jump Shot,3PT Field Goal,Above the Break 3,Right Side Center(RC),24+ ft.,24,158,188,1,1,20171024,BOS,NYK,21700051217,9850,0,203382|203499|1626179|1628369|1628400,1,REG,2018,201584,,SG,Wing Stopper,-1.36,Tatum 25' 3PT Jump Shot (12 PTS) (Rozier 4 AST),SF,Shot Creator,-0.75
Shot Chart Detail,21700051,221,203499,Shane Larkin,1610612738,Boston Celtics,2,7,6,Made Shot,Jump Shot,3PT Field Goal,Above the Break 3,Left Side Center(LC),24+ ft.,25,-177,181,1,1,20171024,BOS,NYK,21700051221,10140,0,203382|203499|1626179|1628369|1628400,1,REG,2018,201584,,SG,Wing Stopper,-1.36,Larkin 25' 3PT Jump Shot (3 PTS) (Tatum 2 AST),PG,Secondary Ball Handler,-1.27
Shot Chart Detail,21700051,275,203382,Aron Baynes,1610612738,Boston Celtics,2,2,52,Missed Shot,Tip Layup Shot,2PT Field Goal,Restricted Area,Center(C),Less Than 8 ft.,0,0,-6,1,0,20171024,BOS,NYK,21700051275,12680,0,201143|202681|203382|1626179|1627759,0,REG,2018,201584|202683,,,,,,C,Post Scorer,-1.94
Shot Chart Detail,21700051,355,1627759,Jaylen Brown,1610612738,Boston Celtics,3,7,39,Missed Shot,Jump Shot,2PT Field Goal,Mid-Range,Right Side(R),8-16 ft.,12,111,50,1,0,20171024,BOS,NYK,21700051355,17010,0,201143|202681|203382|1627759|1628369,0,REG,2018,201584,,SG,Wing Stopper,-1.36,MISS Brown 12' Jump Shot,SG,Shot Creator,-0.03
Shot Chart Detail,21700051,387,202681,Kyrie Irving,1610612738,Boston Celtics,3,5,13,Made Shot,Jump Shot,3PT Field Goal,Right Corner 3,Right Side(R),24+ ft.,23,231,29,1,1,20171024,BOS,NYK,21700051387,18470,0,201143|202681|1626179|1627759|1628464,1,REG,2018,201584,,SG,Wing Stopper,-1.36,Irving 3PT Jump Shot (16 PTS) (Horford 4 AST),PG,Shot Creator,3.68
Shot Chart Detail,21700051,438,201143,Al Horford,1610612738,Boston Celtics,3,1,49,Made Shot,Jump Shot,3PT Field Goal,Above the Break 3,Left Side Center(LC),24+ ft.,27,-90,258,1,1,20171024,BOS,NYK,21700051438,20510,0,201143|203499|1626179|1627759|1628464,1,REG,2018,201584,,SG,Wing Stopper,-1.36,Horford 27' 3PT Jump Shot (10 PTS) (Rozier 5 AST),C,Versatile Big,-0.13
Shot Chart Detail,21700073,59,202389,Timofey Mozgov,1610612751,Brooklyn Nets,1,6,34,Missed Shot,Jump Shot,3PT Field Goal,Right Corner 3,Right Side(R),24+ ft.,23,234,23,1,0,20171027,NYK,BKN,2170007359,3260,0,201960|202389|1626156|1626178|1627747,0,REG,2018,201584,,SG,Wing Stopper,-1.36,MISS Mozgov 24' 3PT Jump Shot,C,Post Scorer,-3.3
Shot Chart Detail,21700073,98,203112,Quincy Acy,1610612751,Brooklyn Nets,1,2,44,Made Shot,Jump Shot,3PT Field Goal,Above the Break 3,Center(C),24+ ft.,26,-7,262,1,1,20171027,NYK,BKN,2170007398,5560,0,201960|202344|203112|203459|203915,1,REG,2018,201584,,SG,Wing Stopper,-1.36,Acy 26' 3PT Jump Shot (9 PTS) (Dinwiddie 3 AST),PF,Stationary Shooter,-1.56
Shot Chart Detail,21700073,365,1626156,D'Angelo Russell,1610612751,Brooklyn Nets,3,7,54,Made Shot,Running Jump Shot,2PT Field Goal,In The Paint (Non-RA),Center(C),8-16 ft.,11,5,115,1,1,20171027,NYK,BKN,21700073365,16860,0,201960|203112|1626156|1626178|1627747,1,REG,2018,201584|202683,,,,,,PG,Shot Creator,0.55
Shot Chart Detail,21700073,414,203459,Allen Crabbe,1610612751,Brooklyn Nets,3,5,11,Missed Shot,Jump Shot,2PT Field Goal,Mid-Range,Right Side Center(RC),16-24 ft.,22,109,193,1,0,20171027,NYK,BKN,21700073414,18490,0,201960|202344|203459|203925|1626156,0,REG,2018,201584,,SG,Wing Stopper,-1.36,MISS Crabbe 22' Jump Shot,SG,Off Screen Shooter,-0.13
Shot Chart Detail,21700073,471,202344,Trevor Booker,1610612751,Brooklyn Nets,3,1,8,Made Shot,Jump Shot,3PT Field Goal,Above the Break 3,Center(C),24+ ft.,24,-5,243,1,1,20171027,NYK,BKN,21700073471,20920,0,202344|203112|203459|203915|203925,1,REG,2018,201584|201563,,,,,,PF,Post Scorer,-0.88
Shot Chart Detail,21700090,67,2544,LeBron James,1610612739,Cleveland Cavaliers,1,5,47,Missed Shot,Turnaround Fadeaway shot,2PT Field Goal,Mid-Range,Right Side(R),8-16 ft.,13,136,-2,1,0,20171029,CLE,NYK,2170009067,3730,0,2544|2747|201565|201567|202684,0,REG,2018,201584,,SG,Wing Stopper,-1.36,MISS James 14' Turnaround Fadeaway Shot,PF,Shot Creator,5.36
Shot Chart Detail,21700090,155,2544,LeBron James,1610612739,Cleveland Cavaliers,2,11,45,Made Shot,Alley Oop Layup shot,2PT Field Goal,Restricted Area,Center(C),Less Than 8 ft.,0,-2,5,1,1,20171029,CLE,NYK,21700090155,7350,0,2544|2548|2594|201145|203109,1,REG,2018,201584,,SG,Wing Stopper,-1.36,James 1' Alley Oop Layup (4 PTS) (Wade 2 AST),PF,Shot Creator,5.36
Shot Chart Detail,21700090,159,203109,Jae Crowder,1610612739,Cleveland Cavaliers,2,11,22,Made Shot,Jump Shot,3PT Field Goal,Above the Break 3,Center(C),24+ ft.,27,-70,263,1,1,20171029,CLE,NYK,21700090159,7580,0,2544|2548|2594|201145|203109,1,REG,2018,201584,,SG,Wing Stopper,-1.36,Crowder 27' 3PT Jump Shot (3 PTS) (James 5 AST),SF,Athletic Finisher,-0.18
Shot Chart Detail,21700090,347,202684,Tristan Thompson,1610612739,Cleveland Cavaliers,3,10,34,Missed Shot,Driving Floating Jump Shot,2PT Field Goal,In The Paint (Non-RA),Center(C),8-16 ft.,9,-2,99,1,0,20171029,CLE,NYK,21700090347,15260,0,2544|2747|201565|201567|202684,0,REG,2018,201584|202683,,,,,,C,Roll + Cut Big,-1.02
Shot Chart Detail,21700090,406,2544,LeBron James,1610612739,Cleveland Cavaliers,3,5,45,Made Shot,Layup Shot,2PT Field Goal,Restricted Area,Center(C),Less Than 8 ft.,2,17,21,1,1,20171029,CLE,NYK,21700090406,18150,0,2544|2747|201565|201567|202684,1,REG,2018,201584,,SG,Wing Stopper,-1.36,James 3' Layup (14 PTS) (Rose 3 AST),PF,Shot Creator,5.36
Shot Chart Detail,21700090,447,2544,LeBron James,1610612739,Cleveland Cavaliers,3,4,16,Missed Shot,Jump Shot,2PT Field Goal,Mid-Range,Right Side(R),16-24 ft.,21,206,52,1,0,20171029,CLE,NYK,21700090447,19040,0,2544|2548|2747|201145|203109,0,REG,2018,201584,,SG,Wing Stopper,-1.36,MISS James 21' Jump Shot,PF,Shot Creator,5.36
Shot Chart Detail,21700090,469,203109,Jae Crowder,1610612739,Cleveland Cavaliers,3,2,15,Missed Shot,Jump Shot,3PT Field Goal,Above the Break 3,Center(C),24+ ft.,25,54,253,1,0,20171029,CLE,NYK,21700090469,20250,0,2544|2548|2594|201145|203109,0,REG,2018,201584,,SG,Wing Stopper,-1.36,MISS Crowder 26' 3PT Jump Shot,SF,Athletic Finisher,-0.18
Shot Chart Detail,21700090,474,201145,Jeff Green,1610612739,Cleveland Cavaliers,3,1,53,Made Shot,Tip Layup Shot,2PT Field Goal,Restricted Area,Center(C),Less Than 8 ft.,0,0,-6,1,1,20171029,CLE,NYK,21700090474,20470,0,2544|2548|2594|201145|203109,0,REG,2018,201584,,SG,Wing Stopper,-1.36,Green 1' Tip Layup Shot (4 PTS),PF,Shot Creator,0.8
Shot Chart Detail,21700090,569,2544,LeBron James,1610612739,Cleveland Cavaliers,4,7,8,Missed Shot,Turnaround Fadeaway shot,2PT Field Goal,Mid-Range,Left Side(L),8-16 ft.,13,-136,-7,1,0,20171029,CLE,NYK,21700090569,24520,0,2544|2548|2594|201567|203109,0,REG,2018,201584,,SG,Wing Stopper,-1.36,MISS James 14' Turnaround Fadeaway Shot,PF,Shot Creator,5.36
Shot Chart Detail,21700090,582,203109,Jae Crowder,1610612739,Cleveland Cavaliers,4,6,13,Missed Shot,Jump Shot,3PT Field Goal,Right Corner 3,Right Side(R),24+ ft.,22,229,20,1,0,20171029,CLE,NYK,21700090582,25070,0,2544|2594|201565|201567|203109,0,REG,2018,201584,,SG,Wing Stopper,-1.36,MISS Crowder 3PT Jump Shot,SF,Athletic Finisher,-0.18
Shot Chart Detail,21700094,13,1627750,Jamal Murray,1610612743,Denver Nuggets,1,11,8,Missed Shot,Jump Shot,3PT Field Goal,Above the Break 3,Right Side Center(RC),24+ ft.,25,149,206,1,0,20171030,NYK,DEN,2170009413,520,0,200794|201163|203914|203999|1627750,0,REG,2018,201584,,SG,Wing Stopper,-1.36,MISS Murray 25' 3PT Jump Shot,PG,Primary Ball Handler,1.51
Shot Chart Detail,21700094,53,201163,Wilson Chandler,1610612743,Denver Nuggets,1,6,10,Missed Shot,Fadeaway Jump Shot,2PT Field Goal,In The Paint (Non-RA),Center(C),Less Than 8 ft.,4,-32,35,1,0,20171030,NYK,DEN,2170009453,3500,0,200794|201163|203914|203999|1627750,0,REG,2018,201584|204001,10.0,,,,,SF,Shot Creator,-1.35
Shot Chart Detail,21700094,85,203115,Will Barton,1610612743,Denver Nuggets,1,3,29,Made Shot,Layup Shot,2PT Field Goal,Restricted Area,Center(C),Less Than 8 ft.,1,-8,13,1,1,20171030,NYK,DEN,2170009485,5110,0,200794|203115|203486|203914|1626144,0,REG,2018,201584,,SG,Wing Stopper,-1.36,Barton 2' Layup (2 PTS),SG,Primary Ball Handler,1.06
Shot Chart Detail,21700094,262,200794,Paul Millsap,1610612743,Denver Nuggets,2,3,59,Missed Shot,Jump Shot,2PT Field Goal,In The Paint (Non-RA),Center(C),Less Than 8 ft.,7,-74,10,1,0,20171030,NYK,DEN,21700094262,12010,0,200794|201163|203115|203914|203999,0,REG,2018,201584|202683,,,,,,PF,Shot Creator,-0.11
Shot Chart Detail,21700094,387,203914,Gary Harris,1610612743,Denver Nuggets,3,7,33,Made Shot,Jump Shot,3PT Field Goal,Right Corner 3,Right Side(R),24+ ft.,23,230,-6,1,1,20171030,NYK,DEN,21700094387,17070,0,200794|201163|203914|203999|1627750,1,REG,2018,201584,,SG,Wing Stopper,-1.36,Harris 3PT Jump Shot (13 PTS) (Jokic 2 AST),SG,Movement Shooter,1.02
Shot Chart Detail,21700094,392,201163,Wilson Chandler,1610612743,Denver Nuggets,3,6,48,Made Shot,Tip Layup Shot,2PT Field Goal,Restricted Area,Center(C),Less Than 8 ft.,0,0,-6,1,1,20171030,NYK,DEN,21700094392,17520,0,200794|201163|203914|203999|1627750,0,REG,2018,201584,,SG,Wing Stopper,-1.36,Chandler 1' Tip Layup Shot (2 PTS),SF,Shot Creator,-1.35
Shot Chart Detail,21700094,469,200794,Paul Millsap,1610612743,Denver Nuggets,3,2,14,Missed Shot,Driving Layup Shot,2PT Field Goal,Restricted Area,Center(C),Less Than 8 ft.,3,9,34,1,0,20171030,NYK,DEN,21700094469,20260,0,200794|203115|203486|203914|1626144,0,REG,2018,201584,,SG,Wing Stopper,-1.36,O'Quinn BLOCK (4 BLK),PF,Shot Creator,-0.11
Shot Chart Detail,21700094,589,1627750,Jamal Murray,1610612743,Denver Nuggets,4,6,13,Made Shot,Turnaround Jump Shot,2PT Field Goal,In The Paint (Non-RA),Center(C),8-16 ft.,10,-36,94,1,1,20171030,NYK,DEN,21700094589,25070,0,200794|201163|203914|203999|1627750,0,REG,2018,201584,,SG,Wing Stopper,-1.36,Murray 10' Turnaround Jump Shot (16 PTS),PG,Primary Ball Handler,1.51
Shot Chart Detail,21700094,601,201163,Wilson Chandler,1610612743,Denver Nuggets,4,4,46,Missed Shot,Jump Shot,3PT Field Goal,Above the Break 3,Right Side Center(RC),24+ ft.,26,98,242,1,0,20171030,NYK,DEN,21700094601,25940,0,200794|201163|203914|203999|1627750,0,REG,2018,201584,,SG,Wing Stopper,-1.36,MISS Chandler 26' 3PT Jump Shot,SF,Shot Creator,-1.35
Shot Chart Detail,21700094,650,203914,Gary Harris,1610612743,Denver Nuggets,4,0,53,Missed Shot,Jump Shot,3PT Field Goal,Above the Break 3,Left Side Center(LC),24+ ft.,30,-158,257,1,0,20171030,NYK,DEN,21700094650,28270,0,200794|201163|203914|203999|1627750,0,REG,2018,201584,,SG,Wing Stopper,-1.36,MISS Harris 30' 3PT Jump Shot,SG,Movement Shooter,1.02
Shot Chart Detail,21700111,12,201935,James Harden,1610612745,Houston Rockets,1,10,51,Missed Shot,Driving Layup Shot,2PT Field Goal,Restricted Area,Center(C),Less Than 8 ft.,1,-9,10,1,0,20171101,NYK,HOU,2170011112,690,0,2772|201569|201583|201935|203991,0,REG,2018,201584|202683,,,,,,SG,Shot Creator,6.4
Shot Chart Detail,21700111,271,201583,Ryan Anderson,1610612745,Houston Rockets,2,3,11,Made Shot,Step Back Jump shot,2PT Field Goal,Mid-Range,Center(C),16-24 ft.,23,17,231,1,1,20171101,NYK,HOU,21700111271,12490,0,2772|200782|201583|201935|203991,0,REG,2018,201584,,SG,Wing Stopper,-1.36,Anderson 23' Step Back Jump Shot (16 PTS),PF,Movement Shooter,0.0
Shot Chart Detail,21700111,299,201935,James Harden,1610612745,Houston Rockets,2,1,8,Made Shot,Fadeaway Jump Shot,2PT Field Goal,In The Paint (Non-RA),Center(C),8-16 ft.,13,45,126,1,1,20171101,NYK,HOU,21700111299,13720,0,2772|201569|201601|201935|203991,0,REG,2018,201584,9.0,SG,Wing Stopper,-1.36,Harden 13' Fadeaway Jumper (12 PTS),SG,Shot Creator,6.4
Shot Chart Detail,21700111,302,201935,James Harden,1610612745,Houston Rockets,2,0,46,Missed Shot,Jump Shot,3PT Field Goal,Above the Break 3,Left Side Center(LC),24+ ft.,28,-111,266,1,0,20171101,NYK,HOU,21700111302,13940,0,2772|201569|201601|201935|203991,0,REG,2018,201584,,SG,Wing Stopper,-1.36,MISS Harden 29' 3PT Jump Shot,SG,Shot Creator,6.4
Shot Chart Detail,21700111,318,201935,James Harden,1610612745,Houston Rockets,3,11,50,Made Shot,Driving Floating Jump Shot,2PT Field Goal,In The Paint (Non-RA),Center(C),8-16 ft.,12,-19,121,1,1,20171101,NYK,HOU,21700111318,14500,0,2772|201569|201583|201935|203991,0,REG,2018,201584,,SG,Wing Stopper,-1.36,Harden 12' Driving Floating Jump Shot (14 PTS),SG,Shot Creator,6.4
Shot Chart Detail,21700111,329,203991,Clint Capela,1610612745,Houston Rockets,3,10,15,Made Shot,Dunk Shot,2PT Field Goal,Restricted Area,Center(C),Less Than 8 ft.,0,3,7,1,1,20171101,NYK,HOU,21700111329,15450,0,2772|201569|201583|201935|203991,1,REG,2018,201584,17.0,SG,Wing Stopper,-1.36,Capela 1' Dunk (8 PTS) (Gordon 4 AST),C,Roll + Cut Big,0.63
Shot Chart Detail,21700111,343,201569,Eric Gordon,1610612745,Houston Rockets,3,9,27,Made Shot,Jump Shot,3PT Field Goal,Above the Break 3,Right Side Center(RC),24+ ft.,26,195,179,1,1,20171101,NYK,HOU,21700111343,15930,0,2772|201569|201583|201935|203991,0,REG,2018,201584|203501,,,,,,SG,Secondary Ball Handler,2.17
Shot Chart Detail,21700124,38,1626164,Devin Booker,1610612756,Phoenix Suns,1,8,54,Missed Shot,Jump Shot,3PT Field Goal,Above the Break 3,Right Side Center(RC),24+ ft.,32,119,306,1,0,20171103,NYK,PHX,2170012438,1860,0,2199|203933|1626164|1627737|1628455,0,REG,2018,201584,,SG,Wing Stopper,-1.36,MISS Booker 33' 3PT Jump Shot,SG,Shot Creator,1.18
Shot Chart Detail,21700124,48,203933,T.J. Warren,1610612756,Phoenix Suns,1,8,17,Missed Shot,Driving Reverse Layup Shot,2PT Field Goal,Restricted Area,Center(C),Less Than 8 ft.,1,9,6,1,0,20171103,NYK,PHX,2170012448,2230,0,2199|203933|1626164|1627737|1628455,0,REG,2018,201584|203501,,,,,,SF,Shot Creator,0.45
Shot Chart Detail,21700124,55,1626164,Devin Booker,1610612756,Phoenix Suns,1,7,25,Made Shot,Driving Layup Shot,2PT Field Goal,Restricted Area,Center(C),Less Than 8 ft.,0,0,4,1,1,20171103,NYK,PHX,2170012455,2750,0,2199|203933|1626164|1627737|1628455,1,REG,2018,201584,,SG,Wing Stopper,-1.36,Booker Driving Layup (8 PTS) (James 1 AST),SG,Shot Creator,1.18
Shot Chart Detail,21700124,176,1628367,Josh Jackson,1610612756,Phoenix Suns,2,10,14,Made Shot,Tip Layup Shot,2PT Field Goal,Restricted Area,Center(C),Less Than 8 ft.,0,0,-6,1,1,20171103,NYK,PHX,21700124176,8260,0,203458|203584|1627733|1627755|1628367,0,REG,2018,201584|202498,,,,,,SF,Athletic Finisher,-1.22
Shot Chart Detail,21700124,193,203584,Troy Daniels,1610612756,Phoenix Suns,2,8,43,Made Shot,Step Back Jump shot,3PT Field Goal,Above the Break 3,Right Side Center(RC),24+ ft.,27,179,210,1,1,20171103,NYK,PHX,21700124193,9170,0,2199|203584|1627737|1627755|1628367,1,REG,2018,201584,,SG,Wing Stopper,-1.36,Daniels 28' 3PT Step Back Jump Shot (6 PTS) (Ulis 2 AST),SG,Off Screen Shooter,0.0
Shot Chart Detail,21700124,229,1627755,Tyler Ulis,1610612756,Phoenix Suns,2,5,44,Missed Shot,Layup Shot,2PT Field Goal,Restricted Area,Center(C),Less Than 8 ft.,1,-10,9,1,0,20171103,NYK,PHX,21700124229,10960,0,2199|203584|1627733|1627755|1628367,0,REG,2018,201584,,SG,Wing Stopper,-1.36,MISS Ulis 1' Layup,PG,Primary Ball Handler,-0.97
Shot Chart Detail,21700124,231,2199,Tyson Chandler,1610612756,Phoenix Suns,2,5,40,Missed Shot,Tip Layup Shot,2PT Field Goal,Restricted Area,Center(C),Less Than 8 ft.,1,11,15,1,0,20171103,NYK,PHX,21700124231,11000,0,2199|203584|1627733|1627755|1628367,0,REG,2018,201584|101127,,,,,,C,Roll + Cut Big,-1.72
Shot Chart Detail,21700124,235,203584,Troy Daniels,1610612756,Phoenix Suns,2,5,17,Missed Shot,Jump Shot,3PT Field Goal,Left Corner 3,Left Side(L),24+ ft.,23,-236,-19,1,0,20171103,NYK,PHX,21700124235,11230,0,2199|203584|1627733|1627755|1628367,0,REG,2018,201584,,SG,Wing Stopper,-1.36,MISS Daniels 24' 3PT Jump Shot,SG,Off Screen Shooter,0.0
Shot Chart Detail,21700124,366,1628367,Josh Jackson,1610612756,Phoenix Suns,3,10,34,Missed Shot,Layup Shot,2PT Field Goal,Restricted Area,Center(C),Less Than 8 ft.,2,-5,24,1,0,20171103,NYK,PHX,21700124366,15260,0,2199|1626164|1627737|1628367|1628455,0,REG,2018,201584,,SG,Wing Stopper,-1.36,MISS Jackson 2' Layup,SF,Athletic Finisher,-1.22
Shot Chart Detail,21700124,393,1626164,Devin Booker,1610612756,Phoenix Suns,3,8,51,Missed Shot,Jump Shot,3PT Field Goal,Above the Break 3,Left Side Center(LC),24+ ft.,25,-125,225,1,0,20171103,NYK,PHX,21700124393,16290,0,2199|1626164|1627737|1628367|1628455,0,REG,2018,201584,,SG,Wing Stopper,-1.36,MISS Booker 26' 3PT Jump Shot,SG,Shot Creator,1.18
Shot Chart Detail,21700124,398,2199,Tyson Chandler,1610612756,Phoenix Suns,3,8,12,Made Shot,Dunk Shot,2PT Field Goal,Restricted Area,Center(C),Less Than 8 ft.,1,8,8,1,1,20171103,NYK,PHX,21700124398,16680,0,2199|1626164|1627737|1628367|1628455,1,REG,2018,201584,6.0,SG,Wing Stopper,-1.36,Chandler 1' Dunk (9 PTS) (James 4 AST),C,Roll + Cut Big,-1.72
Shot Chart Detail,21700124,416,1628367,Josh Jackson,1610612756,Phoenix Suns,3,6,31,Missed Shot,Jump Shot,3PT Field Goal,Above the Break 3,Left Side Center(LC),24+ ft.,25,-123,219,1,0,20171103,NYK,PHX,21700124416,17690,0,2199|1626164|1627733|1628367|1628455,0,REG,2018,201584,,SG,Wing Stopper,-1.36,MISS Jackson 25' 3PT Jump Shot,SF,Athletic Finisher,-1.22
Shot Chart Detail,21700124,494,203584,Troy Daniels,1610612756,Phoenix Suns,3,2,3,Missed Shot,Jump Shot,3PT Field Goal,Above the Break 3,Left Side Center(LC),24+ ft.,26,-129,229,1,0,20171103,NYK,PHX,21700124494,20370,0,203458|203584|1627733|1627755|1628367,0,REG,2018,201584,,SG,Wing Stopper,-1.36,MISS Daniels 26' 3PT Jump Shot,SG,Off Screen Shooter,0.0
Shot Chart Detail,21700124,525,1626164,Devin Booker,1610612756,Phoenix Suns,4,11,44,Missed Shot,Jump Shot,2PT Field Goal,Mid-Range,Center(C),16-24 ft.,18,49,176,1,0,20171103,NYK,PHX,21700124525,21760,0,203458|203584|1626164|1627737|1627755,0,REG,2018,201584,,SG,Wing Stopper,-1.36,MISS Booker 18' Jump Shot,SG,Shot Creator,1.18
Shot Chart Detail,21700124,582,1626164,Devin Booker,1610612756,Phoenix Suns,4,8,56,Made Shot,Jump Shot,3PT Field Goal,Left Corner 3,Left Side(L),24+ ft.,23,-231,-12,1,1,20171103,NYK,PHX,21700124582,23440,0,203458|203584|1626164|1627733|1627755,1,REG,2018,201584,,SG,Wing Stopper,-1.36,Booker 3PT Jump Shot (28 PTS) (Ulis 3 AST),SG,Shot Creator,1.18
Shot Chart Detail,21700124,608,1626164,Devin Booker,1610612756,Phoenix Suns,4,6,44,Made Shot,Jump Shot,2PT Field Goal,Mid-Range,Left Side Center(LC),16-24 ft.,20,-108,173,1,1,20171103,NYK,PHX,21700124608,24760,0,203458|203584|1626164|1627733|1627755,1,REG,2018,201584,,SG,Wing Stopper,-1.36,Booker 20' Jump Shot (30 PTS) (Ulis 5 AST),SG,Shot Creator,1.18
Shot Chart Detail,21700124,611,1627733,Dragan Bender,1610612756,Phoenix Suns,4,6,13,Missed Shot,Jump Shot,3PT Field Goal,Above the Break 3,Right Side Center(RC),24+ ft.,25,161,192,1,0,20171103,NYK,PHX,21700124611,25070,0,203458|203584|1626164|1627733|1627755,0,REG,2018,201584,,SG,Wing Stopper,-1.36,MISS Bender 25' 3PT Jump Shot,PF,Stationary Shooter,-2.94
Shot Chart Detail,21700124,618,1626164,Devin Booker,1610612756,Phoenix Suns,4,5,43,Made Shot,Driving Layup Shot,2PT Field Goal,Restricted Area,Center(C),Less Than 8 ft.,2,2,21,1,1,20171103,NYK,PHX,21700124618,25370,0,2199|203584|1626164|1627733|1627755,0,REG,2018,201584|202683,,,,,,SG,Shot Creator,1.18
Shot Chart Detail,21700124,635,1626164,Devin Booker,1610612756,Phoenix Suns,4,4,40,Missed Shot,Driving Layup Shot,2PT Field Goal,Restricted Area,Center(C),Less Than 8 ft.,3,0,32,1,0,20171103,NYK,PHX,21700124635,26000,0,2199|203584|1626164|1627755|1628367,0,REG,2018,201584,,SG,Wing Stopper,-1.36,Kanter BLOCK (1 BLK),SG,Shot Creator,1.18
Shot Chart Detail,21700142,25,203506,Victor Oladipo,1610612754,Indiana Pacers,1,10,1,Missed Shot,Floating Jump shot,2PT Field Goal,In The Paint (Non-RA),Left Side(L),8-16 ft.,9,-48,78,1,0,20171105,NYK,IND,2170014225,1190,0,201152|201954|202711|203506|1626167,0,REG,2018,201584|202683,,,,,,SG,Primary Ball Handler,1.99
Shot Chart Detail,21700142,46,202711,Bojan Bogdanovic,1610612754,Indiana Pacers,1,8,11,Made Shot,Jump Shot,3PT Field Goal,Above the Break 3,Right Side Center(RC),24+ ft.,27,150,232,1,1,20171105,NYK,IND,2170014246,2290,0,201152|201954|202711|203506|1626167,1,REG,2018,201584,,SG,Wing Stopper,-1.36,Bogdanovic 28' 3PT Jump Shot (3 PTS) (Turner 1 AST),SF,Off Screen Shooter,-0.31
Shot Chart Detail,21700142,60,203506,Victor Oladipo,1610612754,Indiana Pacers,1,7,14,Missed Shot,Jump Shot,3PT Field Goal,Above the Break 3,Right Side Center(RC),24+ ft.,27,145,239,1,0,20171105,NYK,IND,2170014260,2860,0,201152|201954|202711|203506|1627734,0,REG,2018,201584,,SG,Wing Stopper,-1.36,MISS Oladipo 28' 3PT Jump Shot,SG,Primary Ball Handler,1.99
Shot Chart Detail,21700142,74,201954,Darren Collison,1610612754,Indiana Pacers,1,5,54,Made Shot,Layup Shot,2PT Field Goal,Restricted Area,Center(C),Less Than 8 ft.,1,5,16,1,1,20171105,NYK,IND,2170014274,3660,0,201152|201954|202711|203506|1627734,1,REG,2018,201584,,SG,Wing Stopper,-1.36,Collison 2' Layup (2 PTS) (T. Young 1 AST),PG,Primary Ball Handler,0.78
Shot Chart Detail,21700142,134,203506,Victor Oladipo,1610612754,Indiana Pacers,1,1,47,Made Shot,Layup Shot,2PT Field Goal,Restricted Area,Center(C),Less Than 8 ft.,2,0,20,1,1,20171105,NYK,IND,21700142134,6130,0,202362|202709|203506|1627734|1627816,0,REG,2018,201584,,SG,Wing Stopper,-1.36,Oladipo 2' Layup (4 PTS),SG,Primary Ball Handler,1.99
Shot Chart Detail,21700142,259,202711,Bojan Bogdanovic,1610612754,Indiana Pacers,2,4,0,Missed Shot,Layup Shot,2PT Field Goal,Restricted Area,Center(C),Less Than 8 ft.,2,6,29,1,0,20171105,NYK,IND,21700142259,12000,0,201152|202709|202711|203506|1626167,0,REG,2018,201584,,SG,Wing Stopper,-1.36,MISS Bogdanovic 3' Layup,SF,Off Screen Shooter,-0.31
Shot Chart Detail,21700142,600,203506,Victor Oladipo,1610612754,Indiana Pacers,4,0,8,Missed Shot,Jump Shot,3PT Field Goal,Above the Break 3,Center(C),24+ ft.,26,-12,269,1,0,20171105,NYK,IND,21700142600,28720,0,201152|201954|202711|203506|1626167,0,REG,2018,201584,,SG,Wing Stopper,-1.36,MISS Oladipo 27' 3PT Jump Shot,SG,Primary Ball Handler,1.99
Shot Chart Detail,21700152,34,203087,Jeremy Lamb,1610612766,Charlotte Hornets,1,9,28,Made Shot,Jump Shot,3PT Field Goal,Above the Break 3,Left Side Center(LC),24+ ft.,25,-79,242,1,1,20171107,NYK,CHA,2170015234,1520,0,2730|101107|202689|203087|1628407,1,REG,2018,201584,,SG,Wing Stopper,-1.36,Lamb 25' 3PT Jump Shot (3 PTS) (Walker 1 AST),SG,Secondary Ball Handler,0.71
Shot Chart Detail,21700152,76,202689,Kemba Walker,1610612766,Charlotte Hornets,1,5,58,Missed Shot,Floating Jump shot,3PT Field Goal,Above the Break 3,Right Side Center(RC),24+ ft.,25,81,242,1,0,20171107,NYK,CHA,2170015276,3620,0,2730|101107|202689|203087|1626203,0,REG,2018,201584,,SG,Wing Stopper,-1.36,MISS Walker 26' 3PT Floating Jump Shot,PG,Primary Ball Handler,3.41
Shot Chart Detail,21700152,87,202689,Kemba Walker,1610612766,Charlotte Hornets,1,5,1,Made Shot,Jump Shot,3PT Field Goal,Above the Break 3,Left Side Center(LC),24+ ft.,25,-103,231,1,1,20171107,NYK,CHA,2170015287,4190,0,2730|101107|202689|203487|1626203,1,REG,2018,201584,,SG,Wing Stopper,-1.36,Walker 25' 3PT Jump Shot (3 PTS) (Williams 1 AST),PG,Primary Ball Handler,3.41
Shot Chart Detail,21700152,225,203087,Jeremy Lamb,1610612766,Charlotte Hornets,2,8,3,Missed Shot,Jump Shot,3PT Field Goal,Above the Break 3,Center(C),24+ ft.,25,33,255,1,0,20171107,NYK,CHA,21700152225,9570,0,203087|203469|203487|1626163|1628370,0,REG,2018,201584,,SG,Wing Stopper,-1.36,MISS Lamb 26' 3PT Jump Shot,SG,Secondary Ball Handler,0.71
Shot Chart Detail,21700152,229,203469,Cody Zeller,1610612766,Charlotte Hornets,2,7,47,Missed Shot,Tip Layup Shot,2PT Field Goal,Restricted Area,Center(C),Less Than 8 ft.,0,0,-6,1,0,20171107,NYK,CHA,21700152229,9730,0,203087|203469|203487|1626163|1628370,0,REG,2018,201584,,SG,Wing Stopper,-1.36,MISS Zeller 1' Tip Layup Shot,C,Roll + Cut Big,-0.9
Shot Chart Detail,21700152,231,203469,Cody Zeller,1610612766,Charlotte Hornets,2,7,45,Made Shot,Tip Layup Shot,2PT Field Goal,Restricted Area,Center(C),Less Than 8 ft.,0,0,-6,1,1,20171107,NYK,CHA,21700152231,9750,0,203087|203469|203487|1626163|1628370,0,REG,2018,201584,,SG,Wing Stopper,-1.36,Zeller 1' Tip Layup Shot (3 PTS),C,Roll + Cut Big,-0.9
Shot Chart Detail,21700152,397,1626203,Treveon Graham,1610612766,Charlotte Hornets,3,5,16,Made Shot,Jump Shot,3PT Field Goal,Left Corner 3,Left Side(L),24+ ft.,24,-241,26,1,1,20171107,NYK,CHA,21700152397,18440,0,2730|101107|202689|1626203|1628407,1,REG,2018,201584,,SG,Wing Stopper,-1.36,Graham 24' 3PT Jump Shot (3 PTS) (Bacon 2 AST),SG,Athletic Finisher,-2.14
Shot Chart Detail,21700152,415,202689,Kemba Walker,1610612766,Charlotte Hornets,3,2,55,Missed Shot,Jump Shot,2PT Field Goal,Mid-Range,Right Side Center(RC),16-24 ft.,17,64,159,1,0,20171107,NYK,CHA,21700152415,19850,0,2730|101107|202689|1626203|1628407,0,REG,2018,201584|202683,,,,,,PG,Primary Ball Handler,3.41
Shot Chart Detail,21700152,419,1626203,Treveon Graham,1610612766,Charlotte Hornets,3,2,23,Made Shot,Floating Jump shot,2PT Field Goal,In The Paint (Non-RA),Center(C),8-16 ft.,11,-2,116,1,1,20171107,NYK,CHA,21700152419,20170,0,2730|101107|202689|1626203|1628407,1,REG,2018,201584,,SG,Wing Stopper,-1.36,Graham 12' Floating Jump Shot (7 PTS) (Bacon 3 AST),SG,Athletic Finisher,-2.14
Shot Chart Detail,21700152,477,203487,Michael Carter-Williams,1610612766,Charlotte Hornets,4,10,28,Missed Shot,Jump Shot,2PT Field Goal,In The Paint (Non-RA),Center(C),8-16 ft.,10,35,97,1,0,20171107,NYK,CHA,21700152477,22520,0,203469|203487|1626163|1626203|1628370,0,REG,2018,201584,,SG,Wing Stopper,-1.36,MISS Carter-Williams 10' Jump Shot,PG,Primary Ball Handler,-0.36
Shot Chart Detail,21700152,532,202689,Kemba Walker,1610612766,Charlotte Hornets,4,6,3,Missed Shot,Floating Jump shot,2PT Field Goal,In The Paint (Non-RA),Center(C),8-16 ft.,10,14,102,1,0,20171107,NYK,CHA,21700152532,25170,0,2730|202689|1626163|1628370|1628407,0,REG,2018,201584,,SG,Wing Stopper,-1.36,MISS Walker 10' Floating Jump Shot,PG,Primary Ball Handler,3.41
Shot Chart Detail,21700160,42,203095,Evan Fournier,1610612753,Orlando Magic,1,8,59,Made Shot,Floating Jump shot,2PT Field Goal,In The Paint (Non-RA),Center(C),8-16 ft.,9,9,94,1,1,20171108,ORL,NYK,2170016042,1810,0,202696|203095|203613|203901|203932,0,REG,2018,201584,,SG,Wing Stopper,-1.36,Fournier 9' Floating Jump Shot (2 PTS),SF,Off Screen Shooter,-0.03
Shot Chart Detail,21700160,194,202687,Bismack Biyombo,1610612753,Orlando Magic,2,8,22,Made Shot,Hook Shot,2PT Field Goal,In The Paint (Non-RA),Center(C),Less Than 8 ft.,5,-52,-23,1,1,20171108,ORL,NYK,21700160194,9380,0,202687|202714|203082|203613|1628371,1,REG,2018,201584|201563,,,,,,C,Roll + Cut Big,-2.21
Shot Chart Detail,21700160,223,203095,Evan Fournier,1610612753,Orlando Magic,2,6,27,Missed Shot,Jump Shot,3PT Field Goal,Above the Break 3,Center(C),24+ ft.,25,78,248,1,0,20171108,ORL,NYK,21700160223,10530,0,202696|203095|203901|203932|1628371,0,REG,2018,201584,,SG,Wing Stopper,-1.36,MISS Fournier 26' 3PT Jump Shot,SF,Off Screen Shooter,-0.03
Shot Chart Detail,21700160,232,203095,Evan Fournier,1610612753,Orlando Magic,2,5,17,Made Shot,Running Dunk Shot,2PT Field Goal,Restricted Area,Center(C),Less Than 8 ft.,3,-8,32,1,1,20171108,ORL,NYK,21700160232,11230,0,202696|203095|203901|203932|1628371,1,REG,2018,201584,-2.0,SG,Wing Stopper,-1.36,Fournier 3' Running Dunk (12 PTS) (Payton 4 AST),SF,Off Screen Shooter,-0.03
Shot Chart Detail,21700160,295,202696,Nikola Vučević,1610612753,Orlando Magic,2,0,6,Missed Shot,Jump Shot,2PT Field Goal,Mid-Range,Left Side Center(LC),16-24 ft.,17,-114,127,1,0,20171108,ORL,NYK,21700160295,14340,0,202696|203095|203901|203932|1628371,0,REG,2018,201584,,SG,Wing Stopper,-1.36,MISS Vucevic 17' Jump Shot,C,Post Scorer,0.06
Shot Chart Detail,21700160,325,202696,Nikola Vučević,1610612753,Orlando Magic,3,10,38,Made Shot,Jump Shot,2PT Field Goal,Mid-Range,Left Side Center(LC),16-24 ft.,20,-141,154,1,1,20171108,ORL,NYK,21700160325,15220,0,202696|203082|203095|203901|203932,1,REG,2018,201584,,SG,Wing Stopper,-1.36,Vucevic 21' Jump Shot (17 PTS) (Fournier 3 AST),C,Post Scorer,0.06
Shot Chart Detail,21700160,398,203932,Aaron Gordon,1610612753,Orlando Magic,3,4,0,Made Shot,Dunk Shot,2PT Field Goal,Restricted Area,Center(C),Less Than 8 ft.,2,3,22,1,1,20171108,ORL,NYK,21700160398,19200,0,202696|203095|203613|203901|203932,1,REG,2018,201584,9.0,SG,Wing Stopper,-1.36,Gordon 2' Dunk (16 PTS) (Payton 10 AST),PF,Shot Creator,0.81
Shot Chart Detail,21700160,555,203095,Evan Fournier,1610612753,Orlando Magic,4,5,22,Missed Shot,Jump Shot,2PT Field Goal,Mid-Range,Center(C),16-24 ft.,17,41,169,1,0,20171108,ORL,NYK,21700160555,25580,0,202687|203082|203095|203901|203932,0,REG,2018,201584|1626195,,,,,,SF,Off Screen Shooter,-0.03
Shot Chart Detail,21700179,36,201588,George Hill,1610612758,Sacramento Kings,1,9,0,Made Shot,Jump Shot,3PT Field Goal,Above the Break 3,Center(C),24+ ft.,25,54,248,1,1,20171111,NYK,SAC,2170017936,1800,0,2216|201588|202066|203992|1626161,1,REG,2018,201584,,SG,Wing Stopper,-1.36,G. Hill 25' 3PT Jump Shot (3 PTS) (Cauley-Stein 3 AST),PG,Primary Ball Handler,-0.03
Shot Chart Detail,21700179,41,203992,Bogdan Bogdanović,1610612758,Sacramento Kings,1,8,19,Made Shot,Turnaround Jump Shot,2PT Field Goal,In The Paint (Non-RA),Center(C),Less Than 8 ft.,4,35,31,1,1,20171111,NYK,SAC,2170017941,2210,0,2216|201588|202066|203992|1626161,1,REG,2018,201584,,SG,Wing Stopper,-1.36,Bogdanovic 5' Turnaround Jump Shot (4 PTS) (Temple 1 AST),SG,Secondary Ball Handler,-0.9
Shot Chart Detail,21700179,54,203992,Bogdan Bogdanović,1610612758,Sacramento Kings,1,7,18,Missed Shot,Jump Shot,3PT Field Goal,Above the Break 3,Right Side Center(RC),24+ ft.,27,92,255,1,0,20171111,NYK,SAC,2170017954,2820,0,2216|201588|202066|203992|1626161,0,REG,2018,201584,,SG,Wing Stopper,-1.36,MISS Bogdanovic 27' 3PT Jump Shot,SG,Secondary Ball Handler,-0.9
Shot Chart Detail,21700179,193,1627741,Buddy Hield,1610612758,Sacramento Kings,2,6,54,Made Shot,Jump Shot,2PT Field Goal,Mid-Range,Center(C),16-24 ft.,17,33,176,1,1,20171111,NYK,SAC,21700179193,10260,0,201585|1627741|1627746|1628368|1628382,0,REG,2018,201584|202683,,,,,,SG,Secondary Ball Handler,-0.69
Shot Chart Detail,21700179,228,202066,Garrett Temple,1610612758,Sacramento Kings,2,4,5,Missed Shot,Jump Shot,3PT Field Goal,Right Corner 3,Right Side(R),24+ ft.,23,225,59,1,0,20171111,NYK,SAC,21700179228,11950,0,2216|202066|203992|1626161|1628368,0,REG,2018,201584,,SG,Wing Stopper,-1.36,MISS Temple 3PT Jump Shot,SG,Movement Shooter,-1.53
Shot Chart Detail,21700179,263,202066,Garrett Temple,1610612758,Sacramento Kings,2,1,51,Made Shot,Jump Shot,2PT Field Goal,Mid-Range,Right Side Center(RC),16-24 ft.,20,152,143,1,1,20171111,NYK,SAC,21700179263,13290,0,2216|201588|202066|203992|1626161,1,REG,2018,201584,,SG,Wing Stopper,-1.36,Temple 21' Jump Shot (5 PTS) (Randolph 1 AST),SG,Movement Shooter,-1.53
Shot Chart Detail,21700179,322,203992,Bogdan Bogdanović,1610612758,Sacramento Kings,3,8,55,Made Shot,Layup Shot,2PT Field Goal,Restricted Area,Center(C),Less Than 8 ft.,1,8,10,1,1,20171111,NYK,SAC,21700179322,16250,0,2216|201588|202066|203992|1626161,1,REG,2018,201584,,SG,Wing Stopper,-1.36,Bogdanovic 1' Layup (8 PTS) (Randolph 2 AST),SG,Secondary Ball Handler,-0.9
Shot Chart Detail,21700179,329,203992,Bogdan Bogdanović,1610612758,Sacramento Kings,3,8,18,Missed Shot,Jump Shot,3PT Field Goal,Right Corner 3,Right Side(R),24+ ft.,23,234,6,1,0,20171111,NYK,SAC,21700179329,16620,0,2216|201588|202066|203992|1626161,0,REG,2018,201584,,SG,Wing Stopper,-1.36,MISS Bogdanovic 3PT Jump Shot,SG,Secondary Ball Handler,-0.9
Shot Chart Detail,21700179,338,2216,Zach Randolph,1610612758,Sacramento Kings,3,7,38,Missed Shot,Jump Shot,2PT Field Goal,Mid-Range,Left Side(L),16-24 ft.,18,-186,8,1,0,20171111,NYK,SAC,21700179338,17020,0,201585|201588|202066|203992|1627746,0,REG,2018,201584,,SG,Wing Stopper,-1.36,MISS Randolph 19' Jump Shot,PF,Post Scorer,-0.56
Shot Chart Detail,21700179,370,203992,Bogdan Bogdanović,1610612758,Sacramento Kings,3,5,26,Missed Shot,Floating Jump shot,2PT Field Goal,In The Paint (Non-RA),Center(C),Less Than 8 ft.,7,3,76,1,0,20171111,NYK,SAC,21700179370,18340,0,201585|201588|202066|203992|1627746,0,REG,2018,201584,,SG,Wing Stopper,-1.36,MISS Bogdanovic 8' Floating Jump Shot,SG,Secondary Ball Handler,-0.9
Shot Chart Detail,21700179,372,202066,Garrett Temple,1610612758,Sacramento Kings,3,5,15,Missed Shot,Jump Shot,2PT Field Goal,Mid-Range,Left Side(L),8-16 ft.,8,-87,2,1,0,20171111,NYK,SAC,21700179372,18450,0,201585|201588|202066|203992|1627746,0,REG,2018,201584,,SG,Wing Stopper,-1.36,MISS Temple 9' Jump Shot,SG,Movement Shooter,-1.53
Shot Chart Detail,21700179,387,202066,Garrett Temple,1610612758,Sacramento Kings,3,3,44,Missed Shot,Step Back Jump shot,3PT Field Goal,Above the Break 3,Left Side Center(LC),24+ ft.,25,-212,141,1,0,20171111,NYK,SAC,21700179387,19360,0,201585|201588|202066|203992|1627746,0,REG,2018,201584|202683,,,,,,SG,Movement Shooter,-1.53
Shot Chart Detail,21700193,9,201567,Kevin Love,1610612739,Cleveland Cavaliers,1,11,42,Missed Shot,Jump Shot,3PT Field Goal,Above the Break 3,Left Side Center(LC),24+ ft.,25,-147,206,1,0,20171113,NYK,CLE,217001939,180,0,2544|2747|201567|202697|203109,0,REG,2018,204001|201584,,,,,,C,Versatile Big,2.53
Shot Chart Detail,21700193,57,203109,Jae Crowder,1610612739,Cleveland Cavaliers,1,7,5,Missed Shot,Jump Shot,2PT Field Goal,Mid-Range,Left Side Center(LC),16-24 ft.,23,-111,204,1,0,20171113,NYK,CLE,2170019357,2950,0,2544|2747|201567|202697|203109,0,REG,2018,201584,,SG,Wing Stopper,-1.36,MISS Crowder 23' Jump Shot,SF,Athletic Finisher,-0.18
Shot Chart Detail,21700193,59,203109,Jae Crowder,1610612739,Cleveland Cavaliers,1,7,0,Made Shot,Driving Layup Shot,2PT Field Goal,Restricted Area,Center(C),Less Than 8 ft.,1,-2,11,1,1,20171113,NYK,CLE,2170019359,3000,0,2544|2747|201567|202697|203109,0,REG,2018,201584|202683,,,,,,SF,Athletic Finisher,-0.18
Shot Chart Detail,21700193,234,201567,Kevin Love,1610612739,Cleveland Cavaliers,2,5,31,Made Shot,Layup Shot,2PT Field Goal,Restricted Area,Center(C),Less Than 8 ft.,1,-4,14,1,1,20171113,NYK,CLE,21700193234,11090,0,2544|2548|2594|201567|203109,1,REG,2018,204001|201584,,,,,,C,Versatile Big,2.53
Shot Chart Detail,21700193,283,2544,LeBron James,1610612739,Cleveland Cavaliers,2,2,10,Missed Shot,Turnaround Jump Shot,2PT Field Goal,Mid-Range,Right Side(R),16-24 ft.,16,163,-10,1,0,20171113,NYK,CLE,21700193283,13100,0,2544|2747|201567|202697|203109,0,REG,2018,201584,,SG,Wing Stopper,-1.36,MISS James 16' Turnaround Jump Shot,PF,Shot Creator,5.36
Shot Chart Detail,21700193,363,2544,LeBron James,1610612739,Cleveland Cavaliers,3,8,50,Made Shot,Jump Shot,3PT Field Goal,Above the Break 3,Right Side Center(RC),24+ ft.,26,84,247,1,1,20171113,NYK,CLE,21700193363,16300,0,2544|2747|201567|202697|203109,0,REG,2018,201584,,SG,Wing Stopper,-1.36,James 26' 3PT Jump Shot (16 PTS),PF,Shot Creator,5.36
Shot Chart Detail,21700193,394,2544,LeBron James,1610612739,Cleveland Cavaliers,3,5,42,Missed Shot,Jump Shot,3PT Field Goal,Above the Break 3,Center(C),24+ ft.,24,-47,244,1,0,20171113,NYK,CLE,21700193394,18180,0,2544|2747|201567|202697|203109,0,REG,2018,201584,,SG,Wing Stopper,-1.36,MISS James 25' 3PT Jump Shot,PF,Shot Creator,5.36
Shot Chart Detail,21700193,418,2548,Dwyane Wade,1610612739,Cleveland Cavaliers,3,4,30,Made Shot,Driving Layup Shot,2PT Field Goal,Restricted Area,Center(C),Less Than 8 ft.,3,27,20,1,1,20171113,NYK,CLE,21700193418,18900,0,2548|2594|101112|201145|1626224,0,REG,2018,201584,,SG,Wing Stopper,-1.36,Wade 3' Driving Layup (6 PTS),SG,Shot Creator,0.65
Shot Chart Detail,21700193,591,2548,Dwyane Wade,1610612739,Cleveland Cavaliers,4,5,37,Missed Shot,Tip Layup Shot,2PT Field Goal,Restricted Area,Center(C),Less Than 8 ft.,0,-4,6,1,0,20171113,NYK,CLE,21700193591,25430,0,2544|2548|2594|2747|101112,0,REG,2018,204001|201584,,,,,,SG,Shot Creator,0.65
Shot Chart Detail,21700193,651,101112,Channing Frye,1610612739,Cleveland Cavaliers,4,2,16,Made Shot,Jump Shot,3PT Field Goal,Above the Break 3,Left Side Center(LC),24+ ft.,25,-117,228,1,1,20171113,NYK,CLE,21700193651,27440,0,2544|2548|2594|2747|101112,1,REG,2018,204001|201584,,,,,,C,Stationary Shooter,-0.32
Shot Chart Detail,21700206,32,1628378,Donovan Mitchell,1610612762,Utah Jazz,1,9,12,Made Shot,Pullup Jump shot,2PT Field Goal,Mid-Range,Center(C),8-16 ft.,15,-23,154,1,1,20171115,NYK,UTA,2170020632,1680,0,201937|201973|202324|204060|1628378,1,REG,2018,201584,,SG,Wing Stopper,-1.36,Mitchell 16' Pullup Jump Shot (6 PTS) (Favors 1 AST),SG,Primary Ball Handler,1.05
Shot Chart Detail,21700206,177,203918,Rodney Hood,1610612762,Utah Jazz,2,10,39,Missed Shot,Jump Shot,2PT Field Goal,Mid-Range,Right Side Center(RC),16-24 ft.,19,102,162,1,0,20171115,NYK,UTA,21700206177,8010,0,200757|201937|202327|202692|203918,0,REG,2018,201584,,SG,Wing Stopper,-1.36,MISS Hood 19' Jump Shot,SG,Secondary Ball Handler,-0.16
Shot Chart Detail,21700206,242,204060,Joe Ingles,1610612762,Utah Jazz,2,5,44,Made Shot,Driving Layup Shot,2PT Field Goal,Restricted Area,Center(C),Less Than 8 ft.,2,0,25,1,1,20171115,NYK,UTA,21700206242,10960,0,201937|201973|202324|204060|1628378,1,REG,2018,201584,,SG,Wing Stopper,-1.36,Ingles 3' Driving Layup (8 PTS) (Mitchell 1 AST),SF,Off Screen Shooter,0.58
Shot Chart Detail,21700206,270,1628378,Donovan Mitchell,1610612762,Utah Jazz,2,3,43,Made Shot,Jump Shot,3PT Field Goal,Above the Break 3,Center(C),24+ ft.,25,32,253,1,1,20171115,NYK,UTA,21700206270,12170,0,201973|202324|203918|204060|1628378,1,REG,2018,201584,,SG,Wing Stopper,-1.36,Mitchell 26' 3PT Jump Shot (11 PTS) (Favors 4 AST),SG,Primary Ball Handler,1.05
Shot Chart Detail,21700206,372,202324,Derrick Favors,1610612762,Utah Jazz,3,5,8,Made Shot,Dunk Shot,2PT Field Goal,Restricted Area,Center(C),Less Than 8 ft.,1,7,11,1,1,20171115,NYK,UTA,21700206372,18520,0,200757|202324|203918|204060|1628378,1,REG,2018,201584|204001,12.0,,,,,C,Roll + Cut Big,-0.59
Shot Chart Detail,21700206,529,203918,Rodney Hood,1610612762,Utah Jazz,4,4,39,Missed Shot,Jump Shot,3PT Field Goal,Above the Break 3,Left Side Center(LC),24+ ft.,25,-96,240,1,0,20171115,NYK,UTA,21700206529,26010,0,202324|202692|203918|204060|1628378,0,REG,2018,201584,,SG,Wing Stopper,-1.36,MISS Hood 26' 3PT Jump Shot,SG,Secondary Ball Handler,-0.16
Shot Chart Detail,21700221,223,201942,DeMar DeRozan,1610612761,Toronto Raptors,2,6,15,Missed Shot,Turnaround Jump Shot,2PT Field Goal,In The Paint (Non-RA),Center(C),Less Than 8 ft.,7,-33,69,1,0,20171117,TOR,NYK,21700221223,10650,0,200768|201942|203485|1627751|1627783,0,REG,2018,201584,,SG,Wing Stopper,-1.36,MISS DeRozan 8' Turnaround Jump Shot,SG,Shot Creator,4.05
Shot Chart Detail,21700221,245,1627783,Pascal Siakam,1610612761,Toronto Raptors,2,4,0,Made Shot,Running Layup Shot,2PT Field Goal,Restricted Area,Center(C),Less Than 8 ft.,0,-3,0,1,1,20171117,TOR,NYK,21700221245,12000,0,200768|201942|202685|203485|1627783,1,REG,2018,201584|204001,,,,,,PF,Athletic Finisher,0.01
Shot Chart Detail,21700221,318,201942,DeMar DeRozan,1610612761,Toronto Raptors,3,9,46,Made Shot,Jump Shot,2PT Field Goal,Mid-Range,Center(C),8-16 ft.,15,-3,153,1,1,20171117,TOR,NYK,21700221318,15740,0,200768|201942|202685|1627783|1628384,0,REG,2018,201584,,SG,Wing Stopper,-1.36,DeRozan 15' Jump Shot (8 PTS),SG,Shot Creator,4.05
Shot Chart Detail,21700221,321,201942,DeMar DeRozan,1610612761,Toronto Raptors,3,9,20,Made Shot,Pullup Jump shot,2PT Field Goal,Mid-Range,Center(C),16-24 ft.,20,-55,197,1,1,20171117,TOR,NYK,21700221321,16000,0,200768|201942|202685|1627783|1628384,1,REG,2018,201584,,SG,Wing Stopper,-1.36,DeRozan 20' Pullup Jump Shot (10 PTS) (Lowry 6 AST),SG,Shot Creator,4.05
Shot Chart Detail,21700221,415,201942,DeMar DeRozan,1610612761,Toronto Raptors,3,1,24,Made Shot,Driving Floating Bank Jump Shot,2PT Field Goal,In The Paint (Non-RA),Center(C),Less Than 8 ft.,4,27,34,1,1,20171117,TOR,NYK,21700221415,20760,0,101139|201942|203512|1627832|1628384,1,REG,2018,201584|204001,,,,,,SG,Shot Creator,4.05
Shot Chart Detail,21700221,492,201942,DeMar DeRozan,1610612761,Toronto Raptors,4,6,28,Made Shot,Turnaround Fadeaway Bank Jump Shot,2PT Field Goal,Mid-Range,Right Side(R),8-16 ft.,12,115,43,1,1,20171117,TOR,NYK,21700221492,24920,0,101139|200768|201942|1627751|1627783,0,REG,2018,201584,,SG,Wing Stopper,-1.36,DeRozan 12' Turnaround Fadeaway Bank Jump Shot (20 PTS),SG,Shot Creator,4.05
Shot Chart Detail,21700221,513,101139,CJ Miles,1610612761,Toronto Raptors,4,5,22,Made Shot,Jump Shot,3PT Field Goal,Right Corner 3,Right Side(R),24+ ft.,22,224,19,1,1,20171117,TOR,NYK,21700221513,25580,0,101139|200768|201942|1627751|1627783,1,REG,2018,201584,,SG,Wing Stopper,-1.36,Miles 3PT Jump Shot (14 PTS) (Siakam 4 AST),SF,Off Screen Shooter,1.69
Shot Chart Detail,21700221,520,201942,DeMar DeRozan,1610612761,Toronto Raptors,4,4,54,Made Shot,Pullup Jump shot,2PT Field Goal,Mid-Range,Left Side Center(LC),16-24 ft.,19,-76,176,1,1,20171117,TOR,NYK,21700221520,25860,0,101139|200768|201942|1627751|1627783,0,REG,2018,201584,,SG,Wing Stopper,-1.36,DeRozan 19' Pullup Jump Shot (22 PTS),SG,Shot Creator,4.05
Shot Chart Detail,21700245,137,1628393,Jawun Evans,1610612746,LA Clippers,1,1,1,Made Shot,Jump Shot,2PT Field Goal,Mid-Range,Right Side Center(RC),16-24 ft.,22,87,208,1,1,20171120,NYK,LAC,21700245137,6590,0,101150|203186|1626155|1628393|1628414,1,REG,2018,201584,,SG,Wing Stopper,-1.36,Evans 23' Jump Shot (2 PTS) (Reed 1 AST),PG,Primary Ball Handler,-1.63
Shot Chart Detail,21700245,140,101150,Lou Williams,1610612746,LA Clippers,1,0,49,Missed Shot,Jump Shot,2PT Field Goal,Mid-Range,Left Side Center(LC),16-24 ft.,20,-112,174,1,0,20171120,NYK,LAC,21700245140,6710,0,101150|203186|1626155|1628393|1628414,0,REG,2018,201584,,SG,Wing Stopper,-1.36,MISS L. Williams 21' Jump Shot,SG,Primary Ball Handler,3.34
Shot Chart Detail,21700245,293,203085,Austin Rivers,1610612746,LA Clippers,2,3,6,Missed Shot,Floating Jump shot,2PT Field Goal,Mid-Range,Center(C),8-16 ft.,14,25,146,1,0,20171120,NYK,LAC,21700245293,12540,0,101150|201599|201933|201976|203085,0,REG,2018,201584,,SG,Wing Stopper,-1.36,Lee BLOCK (1 BLK),SG,Shot Creator,0.57
Shot Chart Detail,21700245,311,101150,Lou Williams,1610612746,LA Clippers,2,1,49,Missed Shot,Jump Shot,3PT Field Goal,Above the Break 3,Right Side Center(RC),24+ ft.,26,133,231,1,0,20171120,NYK,LAC,21700245311,13310,0,101150|201599|201933|201976|203085,0,REG,2018,201584,,SG,Wing Stopper,-1.36,MISS L. Williams 27' 3PT Jump Shot,SG,Primary Ball Handler,3.34
Shot Chart Detail,21700245,320,201599,DeAndre Jordan,1610612746,LA Clippers,2,1,2,Missed Shot,Alley Oop Dunk Shot,2PT Field Goal,Restricted Area,Center(C),Less Than 8 ft.,2,9,21,1,0,20171120,NYK,LAC,21700245320,13780,0,101150|201599|201933|201976|203085,0,REG,2018,201584,12.0,SG,Wing Stopper,-1.36,MISS Jordan 2' Alley Oop Dunk,C,Roll + Cut Big,0.4
Shot Chart Detail,21700245,416,203085,Austin Rivers,1610612746,LA Clippers,3,5,47,Missed Shot,Jump Shot,3PT Field Goal,Above the Break 3,Right Side Center(RC),24+ ft.,24,223,94,1,0,20171120,NYK,LAC,21700245416,18130,0,201599|201933|201976|202325|203085,0,REG,2018,201584|101127,,,,,,SG,Shot Creator,0.57
Shot Chart Detail,21700245,440,101150,Lou Williams,1610612746,LA Clippers,3,4,16,Missed Shot,Layup Shot,2PT Field Goal,Restricted Area,Center(C),Less Than 8 ft.,1,-13,11,1,0,20171120,NYK,LAC,21700245440,19040,0,101150|201599|201933|203085|1628414,0,REG,2018,201584|204001,,,,,,SG,Primary Ball Handler,3.34
Shot Chart Detail,21700258,23,1628384,OG Anunoby,1610612761,Toronto Raptors,1,10,8,Made Shot,Jump Shot,3PT Field Goal,Left Corner 3,Left Side(L),24+ ft.,23,-232,1,1,1,20171122,NYK,TOR,2170025823,1120,0,200768|201586|201942|202685|1628384,1,REG,2018,201584,,SG,Wing Stopper,-1.36,Anunoby 3PT Jump Shot (3 PTS) (Valanciunas 1 AST),SF,Athletic Finisher,-1.2
Shot Chart Detail,21700258,33,201586,Serge Ibaka,1610612761,Toronto Raptors,1,9,26,Missed Shot,Jump Shot,2PT Field Goal,Mid-Range,Right Side Center(RC),16-24 ft.,16,100,132,1,0,20171122,NYK,TOR,2170025833,1540,0,200768|201586|201942|202685|1628384,0,REG,2018,201584,,SG,Wing Stopper,-1.36,MISS Ibaka 17' Jump Shot,PF,Stationary Shooter,-0.14
Shot Chart Detail,21700258,39,201942,DeMar DeRozan,1610612761,Toronto Raptors,1,8,46,Made Shot,Alley Oop Dunk Shot,2PT Field Goal,Restricted Area,Center(C),Less Than 8 ft.,1,3,13,1,1,20171122,NYK,TOR,2170025839,1940,0,200768|201586|201942|202685|1628384,1,REG,2018,201584,-2.0,SG,Wing Stopper,-1.36,DeRozan 1' Alley Oop Dunk (3 PTS) (Lowry 1 AST),SG,Shot Creator,4.05
Shot Chart Detail,21700258,44,201942,DeMar DeRozan,1610612761,Toronto Raptors,1,8,5,Made Shot,Jump Shot,3PT Field Goal,Above the Break 3,Left Side Center(LC),24+ ft.,25,-139,219,1,1,20171122,NYK,TOR,2170025844,2350,0,200768|201586|201942|202685|1628384,0,REG,2018,201584|202683,,,,,,SG,Shot Creator,4.05
Shot Chart Detail,21700258,52,201942,DeMar DeRozan,1610612761,Toronto Raptors,1,7,2,Made Shot,Jump Shot,3PT Field Goal,Above the Break 3,Right Side Center(RC),24+ ft.,26,103,242,1,1,20171122,NYK,TOR,2170025852,2980,0,200768|201586|201942|202685|1628384,1,REG,2018,201584,,SG,Wing Stopper,-1.36,DeRozan 26' 3PT Jump Shot (9 PTS) (Lowry 2 AST),SG,Shot Creator,4.05
Shot Chart Detail,21700258,70,201942,DeMar DeRozan,1610612761,Toronto Raptors,1,5,38,Missed Shot,Jump Shot,3PT Field Goal,Above the Break 3,Center(C),24+ ft.,28,-20,283,1,0,20171122,NYK,TOR,2170025870,3820,0,200768|201586|201942|202685|1628384,0,REG,2018,201584,,SG,Wing Stopper,-1.36,MISS DeRozan 28' 3PT Jump Shot,SG,Shot Creator,4.05
Shot Chart Detail,21700258,123,1626181,Norman Powell,1610612761,Toronto Raptors,1,2,36,Made Shot,Jump Shot,3PT Field Goal,Above the Break 3,Left Side Center(LC),24+ ft.,25,-171,193,1,1,20171122,NYK,TOR,21700258123,5640,0,200768|201942|203512|1626181|1627783,1,REG,2018,201584,,SG,Wing Stopper,-1.36,Powell 26' 3PT Jump Shot (3 PTS) (DeRozan 1 AST),SG,Secondary Ball Handler,-2.04
Shot Chart Detail,21700258,146,201942,DeMar DeRozan,1610612761,Toronto Raptors,1,0,4,Missed Shot,Jump Shot,3PT Field Goal,Above the Break 3,Left Side Center(LC),24+ ft.,24,-112,220,1,0,20171122,NYK,TOR,21700258146,7160,0,200768|201942|203512|1626181|1627783,0,REG,2018,201584,,SG,Wing Stopper,-1.36,MISS DeRozan 25' 3PT Jump Shot,SG,Shot Creator,4.05
Shot Chart Detail,21700258,317,201942,DeMar DeRozan,1610612761,Toronto Raptors,2,0,1,Made Shot,Driving Layup Shot,2PT Field Goal,Restricted Area,Center(C),Less Than 8 ft.,0,-3,6,1,1,20171122,NYK,TOR,21700258317,14390,0,200768|201942|202685|1627783|1628384,1,REG,2018,201584,,SG,Wing Stopper,-1.36,DeRozan 1' Driving Layup (18 PTS) (Lowry 4 AST),SG,Shot Creator,4.05
Shot Chart Detail,21700258,423,201942,DeMar DeRozan,1610612761,Toronto Raptors,3,4,22,Missed Shot,Jump Shot,2PT Field Goal,Mid-Range,Left Side(L),8-16 ft.,15,-106,111,1,0,20171122,NYK,TOR,21700258423,18980,0,200768|201942|1626181|1627751|1627783,0,REG,2018,201584,,SG,Wing Stopper,-1.36,MISS DeRozan 15' Jump Shot,SG,Shot Creator,4.05
Shot Chart Detail,21700258,523,1626181,Norman Powell,1610612761,Toronto Raptors,4,10,8,Missed Shot,Floating Jump shot,2PT Field Goal,In The Paint (Non-RA),Center(C),Less Than 8 ft.,7,-5,73,1,0,20171122,NYK,TOR,21700258523,22720,0,101139|201586|1626181|1627783|1627832,0,REG,2018,201584|204001,,,,,,SG,Secondary Ball Handler,-2.04
Shot Chart Detail,21700258,538,1627832,Fred VanVleet,1610612761,Toronto Raptors,4,8,56,Made Shot,Driving Layup Shot,2PT Field Goal,Restricted Area,Center(C),Less Than 8 ft.,0,4,2,1,1,20171122,NYK,TOR,21700258538,23440,0,101139|201586|1626181|1627783|1627832,0,REG,2018,201584,,SG,Wing Stopper,-1.36,VanVleet Driving Layup (7 PTS),PG,Primary Ball Handler,1.7
Shot Chart Detail,21700258,601,201586,Serge Ibaka,1610612761,Toronto Raptors,4,4,3,Missed Shot,Jump Shot,2PT Field Goal,Mid-Range,Right Side Center(RC),16-24 ft.,18,60,180,1,0,20171122,NYK,TOR,21700258601,26370,0,200768|201586|201942|1627783|1627832,0,REG,2018,201584,,SG,Wing Stopper,-1.36,MISS Ibaka 19' Jump Shot,PF,Stationary Shooter,-0.14
Shot Chart Detail,21700258,651,101139,CJ Miles,1610612761,Toronto Raptors,4,0,15,Made Shot,Dunk Shot,2PT Field Goal,Restricted Area,Center(C),Less Than 8 ft.,0,3,-4,1,1,20171122,NYK,TOR,21700258651,28650,0,101139|200768|201586|201942|1627832,0,REG,2018,201584,8.0,SG,Wing Stopper,-1.36,Miles 1' Dunk (11 PTS),SF,Off Screen Shooter,1.69
Shot Chart Detail,21700268,53,203145,Kent Bazemore,1610612737,Atlanta Hawks,1,7,38,Missed Shot,Pullup Jump shot,2PT Field Goal,Mid-Range,Center(C),16-24 ft.,21,-57,210,1,0,20171124,ATL,NYK,2170026853,2620,0,101141|203145|203471|1627752|1628381,0,REG,2018,201584,,SG,Wing Stopper,-1.36,MISS Bazemore 22' Pullup Jump Shot,SG,Secondary Ball Handler,-0.56
Shot Chart Detail,21700268,60,101141,Ersan Ilyasova,1610612737,Atlanta Hawks,1,6,38,Missed Shot,Jump Shot,3PT Field Goal,Right Corner 3,Right Side(R),24+ ft.,22,226,0,1,0,20171124,ATL,NYK,2170026860,3220,0,101141|203145|203471|1627752|1628381,0,REG,2018,201584,,SG,Wing Stopper,-1.36,MISS Ilyasova 3PT Jump Shot,PF,Stretch Big,0.25
Shot Chart Detail,21700268,72,1627752,Taurean Prince,1610612737,Atlanta Hawks,1,6,0,Made Shot,Tip Layup Shot,2PT Field Goal,Restricted Area,Center(C),Less Than 8 ft.,0,0,-6,1,1,20171124,ATL,NYK,2170026872,3600,0,101141|201158|203471|1627752|1628381,0,REG,2018,201584|203501,,,,,,SF,Off Screen Shooter,-1.28
Shot Chart Detail,21700268,74,201158,Marco Belinelli,1610612737,Atlanta Hawks,1,5,40,Missed Shot,Driving Floating Jump Shot,2PT Field Goal,Mid-Range,Center(C),8-16 ft.,15,22,152,1,0,20171124,ATL,NYK,2170026874,3800,0,101141|201158|203471|1627752|1628381,0,REG,2018,201584,,SG,Wing Stopper,-1.36,MISS Belinelli 15' Driving Floating Jump Shot,SG,Off Screen Shooter,0.38
Shot Chart Detail,21700268,76,201158,Marco Belinelli,1610612737,Atlanta Hawks,1,5,36,Missed Shot,Tip Layup Shot,2PT Field Goal,Restricted Area,Center(C),Less Than 8 ft.,0,0,-6,1,0,20171124,ATL,NYK,2170026876,3840,0,101141|201158|203471|1627752|1628381,0,REG,2018,201584|203124,,,,,,SG,Off Screen Shooter,0.38
Shot Chart Detail,21700268,126,201158,Marco Belinelli,1610612737,Atlanta Hawks,1,2,0,Missed Shot,Jump Shot,2PT Field Goal,Mid-Range,Center(C),16-24 ft.,21,65,210,1,0,20171124,ATL,NYK,21700268126,6000,0,101141|201158|203473|203705|1627761,0,REG,2018,201584,,SG,Wing Stopper,-1.36,MISS Belinelli 22' Jump Shot,SG,Off Screen Shooter,0.38
Shot Chart Detail,21700268,280,101141,Ersan Ilyasova,1610612737,Atlanta Hawks,2,2,31,Made Shot,Layup Shot,2PT Field Goal,Restricted Area,Center(C),Less Than 8 ft.,0,-3,9,1,1,20171124,ATL,NYK,21700268280,12890,0,101141|201158|203471|1627752|1628463,1,REG,2018,201584|203124,,,,,,PF,Stretch Big,0.25
Shot Chart Detail,21700268,303,201158,Marco Belinelli,1610612737,Atlanta Hawks,2,0,24,Made Shot,Tip Layup Shot,2PT Field Goal,Restricted Area,Center(C),Less Than 8 ft.,0,0,-6,1,1,20171124,ATL,NYK,21700268303,14160,0,101141|201158|203471|1627752|1628463,0,REG,2018,201584,,SG,Wing Stopper,-1.36,Belinelli 1' Tip Layup Shot (7 PTS),SG,Off Screen Shooter,0.38
Shot Chart Detail,21700268,338,203145,Kent Bazemore,1610612737,Atlanta Hawks,3,9,35,Missed Shot,Driving Layup Shot,2PT Field Goal,Restricted Area,Center(C),Less Than 8 ft.,3,-27,16,1,0,20171124,ATL,NYK,21700268338,15850,0,203145|203471|203473|1627752|1628381,0,REG,2018,201584,,SG,Wing Stopper,-1.36,MISS Bazemore 3' Driving Layup,SG,Secondary Ball Handler,-0.56
Shot Chart Detail,21700268,366,203473,Dewayne Dedmon,1610612737,Atlanta Hawks,3,7,24,Made Shot,Reverse Dunk Shot,2PT Field Goal,Restricted Area,Center(C),Less Than 8 ft.,1,-13,8,1,1,20171124,ATL,NYK,21700268366,17160,0,203145|203471|203473|1627752|1628381,1,REG,2018,201584|204001,1.0,,,,,C,Athletic Finisher,-1.91
Shot Chart Detail,21700268,416,203471,Dennis Schröder,1610612737,Atlanta Hawks,3,3,43,Made Shot,Pullup Jump shot,2PT Field Goal,Mid-Range,Left Side Center(LC),16-24 ft.,17,-78,157,1,1,20171124,ATL,NYK,21700268416,19370,0,101141|203145|203471|203473|1627752,0,REG,2018,201584,,SG,Wing Stopper,-1.36,Schroder 18' Pullup Jump Shot (22 PTS),PG,Shot Creator,1.42
Shot Chart Detail,21700268,443,1627761,DeAndre' Bembry,1610612737,Atlanta Hawks,3,2,10,Missed Shot,Running Layup Shot,2PT Field Goal,Restricted Area,Center(C),Less Than 8 ft.,1,8,12,1,0,20171124,ATL,NYK,21700268443,20300,0,101141|201158|203471|1627761|1628381,0,REG,2018,201584,,SG,Wing Stopper,-1.36,MISS Bembry 1' Running Layup,SF,Slasher,-2.55
Shot Chart Detail,21700268,513,203145,Kent Bazemore,1610612737,Atlanta Hawks,4,7,50,Missed Shot,Pullup Jump shot,2PT Field Goal,Mid-Range,Right Side(R),8-16 ft.,14,134,62,1,0,20171124,ATL,NYK,21700268513,24100,0,203145|203473|203705|1627761|1628463,0,REG,2018,201584|204001,,,,,,SG,Secondary Ball Handler,-0.56
Shot Chart Detail,21700268,570,201158,Marco Belinelli,1610612737,Atlanta Hawks,4,3,59,Made Shot,Step Back Jump shot,3PT Field Goal,Above the Break 3,Left Side Center(LC),24+ ft.,24,-206,134,1,1,20171124,ATL,NYK,21700268570,26410,0,201158|203145|203471|203473|1627752,1,REG,2018,201584,,SG,Wing Stopper,-1.36,Belinelli 25' 3PT Step Back Jump Shot (12 PTS) (Dedmon 2 AST),SG,Off Screen Shooter,0.38
Shot Chart Detail,21700282,10,203991,Clint Capela,1610612745,Houston Rockets,1,11,26,Made Shot,Alley Oop Dunk Shot,2PT Field Goal,Restricted Area,Center(C),Less Than 8 ft.,0,5,8,1,1,20171125,HOU,NYK,2170028210,340,0,2772|101108|200782|201935|203991,1,REG,2018,201584|203124,-2.0,,,,,C,Roll + Cut Big,0.63
Shot Chart Detail,21700282,36,201935,James Harden,1610612745,Houston Rockets,1,9,4,Missed Shot,Jump Shot,3PT Field Goal,Above the Break 3,Center(C),24+ ft.,26,3,267,1,0,20171125,HOU,NYK,2170028236,1760,0,2772|101108|200782|201935|203991,0,REG,2018,201584,,SG,Wing Stopper,-1.36,MISS Harden 27' 3PT Jump Shot,SG,Shot Creator,6.4
Shot Chart Detail,21700282,51,201935,James Harden,1610612745,Houston Rockets,1,8,0,Missed Shot,Driving Layup Shot,2PT Field Goal,Restricted Area,Center(C),Less Than 8 ft.,2,-2,21,1,0,20171125,HOU,NYK,2170028251,2400,0,2772|101108|200782|201935|203991,0,REG,2018,201584|203124,,,,,,SG,Shot Creator,6.4
Shot Chart Detail,21700282,57,201935,James Harden,1610612745,Houston Rockets,1,7,40,Missed Shot,Jump Shot,3PT Field Goal,Above the Break 3,Left Side Center(LC),24+ ft.,25,-101,236,1,0,20171125,HOU,NYK,2170028257,2600,0,2772|101108|200782|201935|203991,0,REG,2018,201584,,SG,Wing Stopper,-1.36,MISS Harden 26' 3PT Jump Shot,SG,Shot Creator,6.4
Shot Chart Detail,21700282,104,201935,James Harden,1610612745,Houston Rockets,1,4,4,Made Shot,Floating Jump shot,2PT Field Goal,In The Paint (Non-RA),Left Side(L),8-16 ft.,9,-76,63,1,1,20171125,HOU,NYK,21700282104,4760,0,2403|201569|201583|201601|201935,0,REG,2018,201584,,SG,Wing Stopper,-1.36,Harden 10' Floating Jump Shot (4 PTS),SG,Shot Creator,6.4
Shot Chart Detail,21700282,237,201935,James Harden,1610612745,Houston Rockets,2,6,51,Missed Shot,Step Back Jump shot,3PT Field Goal,Above the Break 3,Right Side Center(RC),24+ ft.,26,190,185,1,0,20171125,HOU,NYK,21700282237,10290,0,2772|200782|201569|201935|203991,0,REG,2018,201584,,SG,Wing Stopper,-1.36,MISS Harden 27' 3PT Step Back Jump Shot,SG,Shot Creator,6.4
Shot Chart Detail,21700282,244,201935,James Harden,1610612745,Houston Rockets,2,6,14,Made Shot,Driving Floating Jump Shot,2PT Field Goal,In The Paint (Non-RA),Center(C),8-16 ft.,10,0,107,1,1,20171125,HOU,NYK,21700282244,10660,0,2772|200782|201569|201935|203991,0,REG,2018,201584|203124,,,,,,SG,Shot Creator,6.4
Shot Chart Detail,21700282,294,201935,James Harden,1610612745,Houston Rockets,2,2,35,Missed Shot,Driving Floating Jump Shot,2PT Field Goal,In The Paint (Non-RA),Left Side(L),8-16 ft.,8,-45,69,1,0,20171125,HOU,NYK,21700282294,12850,0,101108|200782|201601|201935|203991,0,REG,2018,201584,,SG,Wing Stopper,-1.36,MISS Harden 8' Driving Floating Jump Shot,SG,Shot Creator,6.4
Shot Chart Detail,21700282,298,201935,James Harden,1610612745,Houston Rockets,2,2,16,Made Shot,Jump Shot,3PT Field Goal,Above the Break 3,Right Side Center(RC),24+ ft.,28,138,248,1,1,20171125,HOU,NYK,21700282298,13040,0,101108|200782|201601|201935|203991,1,REG,2018,201584,,SG,Wing Stopper,-1.36,Harden 28' 3PT Jump Shot (13 PTS) (Paul 4 AST),SG,Shot Creator,6.4
Shot Chart Detail,21700282,327,2772,Trevor Ariza,1610612745,Houston Rockets,3,11,15,Missed Shot,Jump Shot,3PT Field Goal,Above the Break 3,Right Side Center(RC),24+ ft.,25,220,138,1,0,20171125,HOU,NYK,21700282327,14850,0,2772|101108|200782|201935|203991,0,REG,2018,201584,,SG,Wing Stopper,-1.36,MISS Ariza 26' 3PT Jump Shot,SF,Movement Shooter,-0.45
Shot Chart Detail,21700282,335,201935,James Harden,1610612745,Houston Rockets,3,10,22,Made Shot,Jump Shot,3PT Field Goal,Above the Break 3,Center(C),24+ ft.,28,-13,285,1,1,20171125,HOU,NYK,21700282335,15380,0,2772|101108|200782|201935|203991,1,REG,2018,201584,,SG,Wing Stopper,-1.36,Harden 29' 3PT Jump Shot (18 PTS) (Paul 5 AST),SG,Shot Creator,6.4
Shot Chart Detail,21700282,348,201935,James Harden,1610612745,Houston Rockets,3,9,1,Missed Shot,Jump Shot,3PT Field Goal,Above the Break 3,Right Side Center(RC),24+ ft.,26,150,218,1,0,20171125,HOU,NYK,21700282348,16190,0,2772|101108|200782|201935|203991,0,REG,2018,201584|203501,,,,,,SG,Shot Creator,6.4
Shot Chart Detail,21700282,354,2772,Trevor Ariza,1610612745,Houston Rockets,3,8,37,Made Shot,Running Dunk Shot,2PT Field Goal,Restricted Area,Center(C),Less Than 8 ft.,2,9,19,1,1,20171125,HOU,NYK,21700282354,16430,0,2772|101108|200782|201935|203991,1,REG,2018,201584,-5.0,SG,Wing Stopper,-1.36,Ariza 2' Running Dunk (7 PTS) (Harden 7 AST),SF,Movement Shooter,-0.45
Shot Chart Detail,21700282,365,201935,James Harden,1610612745,Houston Rockets,3,7,29,Made Shot,Jump Shot,3PT Field Goal,Above the Break 3,Right Side Center(RC),24+ ft.,27,165,215,1,1,20171125,HOU,NYK,21700282365,17110,0,2772|101108|200782|201935|203991,1,REG,2018,201584,,SG,Wing Stopper,-1.36,Harden 27' 3PT Jump Shot (21 PTS) (Paul 7 AST),SG,Shot Creator,6.4
Shot Chart Detail,21700282,371,201935,James Harden,1610612745,Houston Rockets,3,6,53,Missed Shot,Floating Jump shot,2PT Field Goal,In The Paint (Non-RA),Center(C),8-16 ft.,11,40,108,1,0,20171125,HOU,NYK,21700282371,17470,0,2772|101108|200782|201935|203991,0,REG,2018,201584,,SG,Wing Stopper,-1.36,MISS Harden 12' Floating Jump Shot,SG,Shot Creator,6.4
Shot Chart Detail,21700282,415,201935,James Harden,1610612745,Houston Rockets,3,4,24,Made Shot,Running Layup Shot,2PT Field Goal,Restricted Area,Center(C),Less Than 8 ft.,0,-3,1,1,1,20171125,HOU,NYK,21700282415,18960,0,201569|201583|201601|201935|203991,0,REG,2018,201584,,SG,Wing Stopper,-1.36,Harden Running Layup (24 PTS),SG,Shot Creator,6.4
Shot Chart Detail,21700282,581,201935,James Harden,1610612745,Houston Rockets,4,4,1,Made Shot,Alley Oop Layup shot,2PT Field Goal,Restricted Area,Center(C),Less Than 8 ft.,0,5,5,1,1,20171125,HOU,NYK,21700282581,26390,0,2772|101108|200782|201935|204028,1,REG,2018,201584,,SG,Wing Stopper,-1.36,Harden 1' Alley Oop Layup (37 PTS) (Paul 13 AST),SG,Shot Creator,6.4
Shot Chart Detail,21700282,592,2772,Trevor Ariza,1610612745,Houston Rockets,4,3,19,Missed Shot,Jump Shot,3PT Field Goal,Above the Break 3,Right Side Center(RC),24+ ft.,25,181,185,1,0,20171125,HOU,NYK,21700282592,26810,0,2772|200782|201601|201935|203991,0,REG,2018,201584,,SG,Wing Stopper,-1.36,MISS Ariza 26' 3PT Jump Shot,SF,Movement Shooter,-0.45
Shot Chart Detail,21700282,603,201935,James Harden,1610612745,Houston Rockets,4,2,44,Missed Shot,Step Back Jump shot,2PT Field Goal,Mid-Range,Left Side Center(LC),16-24 ft.,18,-105,157,1,0,20171125,HOU,NYK,21700282603,27160,0,2772|200782|201601|201935|203991,0,REG,2018,201584,,SG,Wing Stopper,-1.36,MISS Harden 19' Step Back Jump Shot,SG,Shot Creator,6.4
Shot Chart Detail,21700282,625,201935,James Harden,1610612745,Houston Rockets,4,1,14,Missed Shot,Jump Shot,2PT Field Goal,Mid-Range,Left Side(L),8-16 ft.,14,-122,85,1,0,20171125,HOU,NYK,21700282625,28060,0,2772|200782|201601|201935|203991,0,REG,2018,201584,,SG,Wing Stopper,-1.36,MISS Harden 15' Jump Shot,SG,Shot Creator,6.4
Shot Chart Detail,21700293,25,1626192,Pat Connaughton,1610612757,Portland Trail Blazers,1,9,19,Missed Shot,Jump Shot,3PT Field Goal,Above the Break 3,Center(C),24+ ft.,27,62,267,1,0,20171127,NYK,POR,2170029325,1610,0,203081|203468|203943|203994|1626192,0,REG,2018,201584,,SG,Wing Stopper,-1.36,MISS Connaughton 27' 3PT Jump Shot,SG,Off Screen Shooter,-0.65
Shot Chart Detail,21700293,78,203994,Jusuf Nurkić,1610612757,Portland Trail Blazers,1,4,51,Made Shot,Floating Jump shot,2PT Field Goal,In The Paint (Non-RA),Center(C),8-16 ft.,10,4,100,1,1,20171127,NYK,POR,2170029378,4290,0,202323|203081|203943|203994|1626192,1,REG,2018,203124|201584,,,,,,C,Post Scorer,-1.19
Shot Chart Detail,21700293,193,203468,CJ McCollum,1610612757,Portland Trail Blazers,2,9,58,Missed Shot,Layup Shot,2PT Field Goal,Restricted Area,Center(C),Less Than 8 ft.,0,4,7,1,0,20171127,NYK,POR,21700293193,8420,0,202323|202334|203090|203468|203894,0,REG,2018,201584,,SG,Wing Stopper,-1.36,MISS McCollum 1' Layup,SG,Shot Creator,1.05
Shot Chart Detail,21700293,208,202323,Evan Turner,1610612757,Portland Trail Blazers,2,8,13,Made Shot,Jump Shot,2PT Field Goal,In The Paint (Non-RA),Center(C),8-16 ft.,10,-49,88,1,1,20171127,NYK,POR,21700293208,9470,0,202323|202334|203090|203468|203894,0,REG,2018,201584,,SG,Wing Stopper,-1.36,Turner 10' Jump Shot (8 PTS),SF,Shot Creator,-1.72
Shot Chart Detail,21700293,242,203081,Damian Lillard,1610612757,Portland Trail Blazers,2,5,26,Missed Shot,Jump Shot,3PT Field Goal,Above the Break 3,Left Side Center(LC),24+ ft.,25,-166,188,1,0,20171127,NYK,POR,21700293242,11140,0,202334|203081|203090|203468|203894,0,REG,2018,201584,,SG,Wing Stopper,-1.36,MISS Lillard 25' 3PT Jump Shot,PG,Shot Creator,4.59
Shot Chart Detail,21700293,346,1626192,Pat Connaughton,1610612757,Portland Trail Blazers,3,8,31,Made Shot,Jump Shot,3PT Field Goal,Above the Break 3,Center(C),24+ ft.,25,30,250,1,1,20171127,NYK,POR,21700293346,16490,0,203081|203468|203943|203994|1626192,1,REG,2018,201584,,SG,Wing Stopper,-1.36,Connaughton 25' 3PT Jump Shot (13 PTS) (Lillard 4 AST),SG,Off Screen Shooter,-0.65
Shot Chart Detail,21700293,353,203081,Damian Lillard,1610612757,Portland Trail Blazers,3,7,30,Made Shot,Reverse Layup Shot,2PT Field Goal,Restricted Area,Center(C),Less Than 8 ft.,0,5,8,1,1,20171127,NYK,POR,21700293353,17100,0,203081|203468|203943|203994|1626192,0,REG,2018,201584|204001,,,,,,PG,Shot Creator,4.59
Shot Chart Detail,21700293,381,1626192,Pat Connaughton,1610612757,Portland Trail Blazers,3,4,39,Made Shot,Alley Oop Layup shot,2PT Field Goal,Restricted Area,Center(C),Less Than 8 ft.,1,2,17,1,1,20171127,NYK,POR,21700293381,18810,0,203081|203468|203943|203994|1626192,1,REG,2018,201584,,SG,Wing Stopper,-1.36,Connaughton 2' Alley Oop Layup (17 PTS) (Nurkic 6 AST),SG,Off Screen Shooter,-0.65
Shot Chart Detail,21700293,593,203994,Jusuf Nurkić,1610612757,Portland Trail Blazers,4,2,13,Missed Shot,Jump Shot,2PT Field Goal,Mid-Range,Right Side(R),16-24 ft.,18,187,21,1,0,20171127,NYK,POR,21700293593,27470,0,203081|203090|203468|203994|1626192,0,REG,2018,201584,,SG,Wing Stopper,-1.36,MISS Nurkic 19' Jump Shot,C,Post Scorer,-1.19
Shot Chart Detail,21700306,103,203079,Dion Waiters,1610612748,Miami Heat,1,4,1,Missed Shot,Layup Shot,2PT Field Goal,Restricted Area,Center(C),Less Than 8 ft.,2,14,17,1,0,20171129,NYK,MIA,21700306103,4790,0,201949|201961|203079|203482|204020,0,REG,2018,201584,,SG,Wing Stopper,-1.36,McDermott BLOCK (1 BLK),SG,Shot Creator,-1.16
Shot Chart Detail,21700306,124,201949,James Johnson,1610612748,Miami Heat,1,2,39,Missed Shot,Tip Layup Shot,2PT Field Goal,Restricted Area,Center(C),Less Than 8 ft.,0,0,-6,1,0,20171129,NYK,MIA,21700306124,5610,0,201949|201961|203079|203482|204020,0,REG,2018,201584|203124,,,,,,PF,Shot Creator,-0.17
Shot Chart Detail,21700306,131,203482,Kelly Olynyk,1610612748,Miami Heat,1,1,54,Made Shot,Jump Shot,3PT Field Goal,Above the Break 3,Left Side Center(LC),24+ ft.,24,-106,221,1,1,20171129,NYK,MIA,21700306131,6060,0,201949|201961|203079|203482|204020,1,REG,2018,201584,,SG,Wing Stopper,-1.36,Olynyk 25' 3PT Jump Shot (3 PTS) (Waiters 5 AST),PF,Stretch Big,0.0
Shot Chart Detail,21700306,154,204020,Tyler Johnson,1610612748,Miami Heat,1,0,0,Missed Shot,Jump Shot,3PT Field Goal,Backcourt,Back Court(BC),Back Court Shot,48,154,456,1,0,20171129,NYK,MIA,21700306154,7200,0,201949|201961|204020|1626196|1628389,0,REG,2018,201584,,SG,Wing Stopper,-1.36,MISS T. Johnson 48' 3PT Jump Shot,PG,Movement Shooter,-0.37
Shot Chart Detail,21700306,261,203079,Dion Waiters,1610612748,Miami Heat,2,4,18,Missed Shot,Running Jump Shot,2PT Field Goal,In The Paint (Non-RA),Center(C),Less Than 8 ft.,4,-3,46,1,0,20171129,NYK,MIA,21700306261,11820,0,201609|203079|203482|1626196|1628389,0,REG,2018,201584|203501,,,,,,SG,Shot Creator,-1.16
Shot Chart Detail,21700306,275,1626196,Josh Richardson,1610612748,Miami Heat,2,3,17,Missed Shot,Driving Layup Shot,2PT Field Goal,Restricted Area,Center(C),Less Than 8 ft.,1,8,15,1,0,20171129,NYK,MIA,21700306275,12430,0,201609|203079|203482|1626196|1628389,0,REG,2018,201584|201563,,,,,,SF,Primary Ball Handler,-0.87
Shot Chart Detail,21700306,311,201609,Goran Dragic,1610612748,Miami Heat,2,1,2,Missed Shot,Layup Shot,2PT Field Goal,Restricted Area,Center(C),Less Than 8 ft.,1,3,17,1,0,20171129,NYK,MIA,21700306311,13780,0,201609|203079|1626159|1626175|1626196,0,REG,2018,201584|201563,,,,,,PG,Slasher,0.73
Shot Chart Detail,21700306,323,1626196,Josh Richardson,1610612748,Miami Heat,2,0,7,Missed Shot,Jump Shot,3PT Field Goal,Above the Break 3,Left Side Center(LC),24+ ft.,25,-143,206,1,0,20171129,NYK,MIA,21700306323,14330,0,201609|203079|1626159|1626175|1626196,0,REG,2018,201584,,SG,Wing Stopper,-1.36,MISS Richardson 25' 3PT Jump Shot,SF,Primary Ball Handler,-0.87
Shot Chart Detail,21700306,356,1626159,Justise Winslow,1610612748,Miami Heat,3,9,9,Made Shot,Layup Shot,2PT Field Goal,Restricted Area,Center(C),Less Than 8 ft.,1,-13,11,1,1,20171129,NYK,MIA,21700306356,16110,0,201609|203079|1626159|1626196|1628389,1,REG,2018,201584,,SG,Wing Stopper,-1.36,Winslow 2' Layup (5 PTS) (Dragic 3 AST),PF,Athletic Finisher,-1.08
Shot Chart Detail,21700306,361,201609,Goran Dragic,1610612748,Miami Heat,3,8,41,Made Shot,Cutting Layup Shot,2PT Field Goal,Restricted Area,Center(C),Less Than 8 ft.,1,-9,13,1,1,20171129,NYK,MIA,21700306361,16390,0,201609|203079|1626159|1626196|1628389,1,REG,2018,201584|203501,,,,,,PG,Slasher,0.73
Shot Chart Detail,21700306,365,203079,Dion Waiters,1610612748,Miami Heat,3,8,22,Missed Shot,Jump Shot,3PT Field Goal,Above the Break 3,Left Side Center(LC),24+ ft.,25,-157,200,1,0,20171129,NYK,MIA,21700306365,16580,0,201609|203079|1626159|1626196|1628389,0,REG,2018,201584,,SG,Wing Stopper,-1.36,MISS Waiters 25' 3PT Jump Shot,SG,Shot Creator,-1.16
Shot Chart Detail,21700306,396,201609,Goran Dragic,1610612748,Miami Heat,3,6,12,Missed Shot,Layup Shot,2PT Field Goal,Restricted Area,Center(C),Less Than 8 ft.,0,-1,0,1,0,20171129,NYK,MIA,21700306396,17880,0,201609|203079|1626159|1626196|1628389,0,REG,2018,201584,,SG,Wing Stopper,-1.36,MISS Dragic Layup,PG,Slasher,0.73
Shot Chart Detail,21700306,400,201609,Goran Dragic,1610612748,Miami Heat,3,6,3,Missed Shot,Jump Shot,3PT Field Goal,Above the Break 3,Right Side Center(RC),24+ ft.,25,100,231,1,0,20171129,NYK,MIA,21700306400,17970,0,201609|203079|1626159|1626196|1628389,0,REG,2018,201584,,SG,Wing Stopper,-1.36,MISS Dragic 25' 3PT Jump Shot,PG,Slasher,0.73
Shot Chart Detail,21700306,450,203079,Dion Waiters,1610612748,Miami Heat,3,1,11,Made Shot,Jump Shot,3PT Field Goal,Right Corner 3,Right Side(R),24+ ft.,23,231,65,1,1,20171129,NYK,MIA,21700306450,20890,0,201949|201961|203079|203482|204020,1,REG,2018,201584,,SG,Wing Stopper,-1.36,Waiters 24' 3PT Jump Shot (8 PTS) (Olynyk 1 AST),SG,Shot Creator,-1.16
Shot Chart Detail,21700334,16,203095,Evan Fournier,1610612753,Orlando Magic,1,10,31,Made Shot,Driving Layup Shot,2PT Field Goal,Restricted Area,Center(C),Less Than 8 ft.,1,8,17,1,1,20171203,NYK,ORL,2170033416,890,0,202696|203095|203613|203901|203932,1,REG,2018,201584,,SG,Wing Stopper,-1.36,Fournier 2' Driving Layup (2 PTS) (Payton 1 AST),SF,Off Screen Shooter,-0.03
Shot Chart Detail,21700334,26,203095,Evan Fournier,1610612753,Orlando Magic,1,9,25,Missed Shot,Driving Layup Shot,2PT Field Goal,Restricted Area,Center(C),Less Than 8 ft.,1,-2,14,1,0,20171203,NYK,ORL,2170033426,1550,0,202696|203095|203613|203901|203932,0,REG,2018,201584|202683,,,,,,SF,Off Screen Shooter,-0.03
Shot Chart Detail,21700334,116,203095,Evan Fournier,1610612753,Orlando Magic,1,1,20,Missed Shot,Driving Layup Shot,2PT Field Goal,In The Paint (Non-RA),Left Side(L),8-16 ft.,9,-48,80,1,0,20171203,NYK,ORL,21700334116,6400,0,201167|202696|203095|203901|203932,0,REG,2018,201584,,SG,Wing Stopper,-1.36,MISS Fournier 9' Driving Layup,SF,Off Screen Shooter,-0.03
Shot Chart Detail,21700334,118,202696,Nikola Vučević,1610612753,Orlando Magic,1,1,18,Made Shot,Tip Layup Shot,2PT Field Goal,Restricted Area,Center(C),Less Than 8 ft.,0,0,-6,1,1,20171203,NYK,ORL,21700334118,6420,0,201167|202696|203095|203901|203932,0,REG,2018,201584,,SG,Wing Stopper,-1.36,Vucevic 1' Tip Layup Shot (12 PTS),C,Post Scorer,0.06
Shot Chart Detail,21700334,144,203613,Jonathon Simmons,1610612753,Orlando Magic,2,11,31,Missed Shot,Fadeaway Jump Shot,2PT Field Goal,Mid-Range,Right Side(R),8-16 ft.,10,105,-5,1,0,20171203,NYK,ORL,21700334144,7490,0,201167|201571|201578|202687|203613,0,REG,2018,201584,-9.0,SG,Wing Stopper,-1.36,MISS Simmons 11' Fadeaway Jumper,SG,Slasher,-1.69
Shot Chart Detail,21700334,198,201578,Marreese Speights,1610612753,Orlando Magic,2,7,44,Missed Shot,Jump Shot,2PT Field Goal,Mid-Range,Right Side Center(RC),16-24 ft.,20,160,126,1,0,20171203,NYK,ORL,21700334198,9760,0,201167|201571|201578|202687|203613,0,REG,2018,201584,,SG,Wing Stopper,-1.36,MISS Speights 20' Jump Shot,C,Versatile Big,0.67
Shot Chart Detail,21700334,210,203613,Jonathon Simmons,1610612753,Orlando Magic,2,6,41,Made Shot,Jump Shot,2PT Field Goal,Mid-Range,Center(C),16-24 ft.,21,-26,210,1,1,20171203,NYK,ORL,21700334210,10390,0,201571|202687|203613|203901|203932,0,REG,2018,201584,,SG,Wing Stopper,-1.36,Simmons 21' Jump Shot (6 PTS),SG,Slasher,-1.69
Shot Chart Detail,21700334,321,202696,Nikola Vučević,1610612753,Orlando Magic,3,10,59,Missed Shot,Jump Shot,3PT Field Goal,Above the Break 3,Center(C),24+ ft.,25,47,247,1,0,20171203,NYK,ORL,21700334321,15010,0,202696|203095|203613|203901|203932,0,REG,2018,201584,,SG,Wing Stopper,-1.36,MISS Vucevic 25' 3PT Jump Shot,C,Post Scorer,0.06
Shot Chart Detail,21700334,374,203095,Evan Fournier,1610612753,Orlando Magic,3,6,27,Missed Shot,Driving Finger Roll Layup Shot,2PT Field Goal,Restricted Area,Center(C),Less Than 8 ft.,3,-27,16,1,0,20171203,NYK,ORL,21700334374,17730,0,202696|203095|203613|203901|203932,0,REG,2018,201584,,SG,Wing Stopper,-1.36,MISS Fournier 3' Driving Finger Roll Layup,SF,Off Screen Shooter,-0.03
Shot Chart Detail,21700334,472,203613,Jonathon Simmons,1610612753,Orlando Magic,4,10,13,Made Shot,Driving Layup Shot,2PT Field Goal,Restricted Area,Center(C),Less Than 8 ft.,1,-8,6,1,1,20171203,NYK,ORL,21700334472,22670,0,201167|201571|201578|202687|203613,0,REG,2018,201584,,SG,Wing Stopper,-1.36,Simmons 1' Driving Layup (10 PTS),SG,Slasher,-1.69
Shot Chart Detail,21700334,476,203613,Jonathon Simmons,1610612753,Orlando Magic,4,9,37,Made Shot,Putback Dunk Shot,2PT Field Goal,Restricted Area,Center(C),Less Than 8 ft.,0,0,-6,1,1,20171203,NYK,ORL,21700334476,23030,0,201167|201571|201578|202687|203613,0,REG,2018,201584,-4.0,SG,Wing Stopper,-1.36,Simmons 1' Putback Dunk (12 PTS),SG,Slasher,-1.69
Shot Chart Detail,21700334,542,203613,Jonathon Simmons,1610612753,Orlando Magic,4,4,14,Made Shot,Driving Layup Shot,2PT Field Goal,In The Paint (Non-RA),Right Side(R),8-16 ft.,8,79,39,1,1,20171203,NYK,ORL,21700334542,26260,0,202696|203095|203613|203901|203932,0,REG,2018,201584,,SG,Wing Stopper,-1.36,Simmons 9' Driving Layup (14 PTS),SG,Slasher,-1.69
Shot Chart Detail,21700334,567,202696,Nikola Vučević,1610612753,Orlando Magic,4,1,51,Made Shot,Floating Jump shot,2PT Field Goal,In The Paint (Non-RA),Center(C),Less Than 8 ft.,6,-47,39,1,1,20171203,NYK,ORL,21700334567,27690,0,202696|203095|203613|203901|203932,1,REG,2018,201584,,SG,Wing Stopper,-1.36,Vucevic 6' Floating Jump Shot (32 PTS) (Fournier 4 AST),C,Post Scorer,0.06
Shot Chart Detail,21700340,67,203506,Victor Oladipo,1610612754,Indiana Pacers,1,6,22,Made Shot,Jump Shot,3PT Field Goal,Above the Break 3,Right Side Center(RC),24+ ft.,25,183,184,1,1,20171204,IND,NYK,2170034067,3380,0,201152|201954|202711|203506|1626167,1,REG,2018,201584,,SG,Wing Stopper,-1.36,Oladipo 26' 3PT Jump Shot (3 PTS) (Collison 3 AST),SG,Primary Ball Handler,1.99
Shot Chart Detail,21700340,86,1626167,Myles Turner,1610612754,Indiana Pacers,1,3,50,Made Shot,Cutting Dunk Shot,2PT Field Goal,Restricted Area,Center(C),Less Than 8 ft.,1,0,12,1,1,20171204,IND,NYK,2170034086,4900,0,201152|201954|202711|203506|1626167,1,REG,2018,201584|101127,,,,,,C,Roll + Cut Big,-0.51
Shot Chart Detail,21700340,259,203506,Victor Oladipo,1610612754,Indiana Pacers,2,2,31,Made Shot,Pullup Jump shot,3PT Field Goal,Above the Break 3,Right Side Center(RC),24+ ft.,26,118,235,1,1,20171204,IND,NYK,21700340259,12890,0,201152|201954|202362|203506|1626167,0,REG,2018,201584|202683,,,,,,SG,Primary Ball Handler,1.99
Shot Chart Detail,21700357,59,201188,Marc Gasol,1610612763,Memphis Grizzlies,1,6,59,Made Shot,Jump Shot,2PT Field Goal,Mid-Range,Center(C),16-24 ft.,22,-3,223,1,1,20171206,NYK,MEM,2170035759,3010,0,201188|201936|203210|1626150|1628415,1,REG,2018,201584|202683,,,,,,C,Versatile Big,0.24
Shot Chart Detail,21700357,170,201936,Tyreke Evans,1610612763,Memphis Grizzlies,2,10,21,Missed Shot,Jump Shot,3PT Field Goal,Above the Break 3,Center(C),24+ ft.,24,-63,241,1,0,20171206,NYK,MEM,21700357170,8190,0,201596|201936|203210|203516|1627738,0,REG,2018,201584,,SG,Wing Stopper,-1.36,MISS Evans 25' 3PT Jump Shot,PG,Shot Creator,2.21
Shot Chart Detail,21700357,192,1626150,Andrew Harrison,1610612763,Memphis Grizzlies,2,8,41,Made Shot,Jump Shot,2PT Field Goal,Mid-Range,Center(C),16-24 ft.,16,33,166,1,1,20171206,NYK,MEM,21700357192,9190,0,201188|201936|203210|203516|1626150,0,REG,2018,201584,,SG,Wing Stopper,-1.36,Harrison 17' Jump Shot (3 PTS),PG,Primary Ball Handler,-0.27
Shot Chart Detail,21700357,259,1626185,Jarell Martin,1610612763,Memphis Grizzlies,2,4,4,Made Shot,Dunk Shot,2PT Field Goal,Restricted Area,Center(C),Less Than 8 ft.,0,0,4,1,1,20171206,NYK,MEM,21700357259,11960,0,201596|202718|203210|1626185|1628415,1,REG,2018,201584,-9.0,SG,Wing Stopper,-1.36,Martin Dunk (7 PTS) (Chalmers 2 AST),PF,Athletic Finisher,-1.86
Shot Chart Detail,21700357,310,202718,Chandler Parsons,1610612763,Memphis Grizzlies,2,0,14,Missed Shot,Jump Shot,3PT Field Goal,Above the Break 3,Left Side Center(LC),24+ ft.,28,-92,269,1,0,20171206,NYK,MEM,21700357310,14260,0,201936|202718|203210|1627738|1628415,0,REG,2018,201584,,SG,Wing Stopper,-1.36,MISS Parsons 28' 3PT Jump Shot,SF,Secondary Ball Handler,-0.33
Shot Chart Detail,21700357,327,203463,Ben McLemore,1610612763,Memphis Grizzlies,3,10,54,Made Shot,Alley Oop Dunk Shot,2PT Field Goal,Restricted Area,Center(C),Less Than 8 ft.,1,-8,6,1,1,20171206,NYK,MEM,21700357327,15060,0,201188|201936|203210|203463|1628415,1,REG,2018,201584,3.0,SG,Wing Stopper,-1.36,McLemore 1' Alley Oop Dunk (2 PTS) (Brooks 2 AST),SG,Off Screen Shooter,-2.08
Shot Chart Detail,21700357,348,1628415,Dillon Brooks,1610612763,Memphis Grizzlies,3,8,23,Missed Shot,Jump Shot,2PT Field Goal,Mid-Range,Right Side Center(RC),16-24 ft.,16,131,96,1,0,20171206,NYK,MEM,21700357348,16570,0,201188|201936|203210|203463|1628415,0,REG,2018,201584|202683,,,,,,SF,Secondary Ball Handler,-1.97
Shot Chart Detail,21700357,363,201936,Tyreke Evans,1610612763,Memphis Grizzlies,3,7,16,Missed Shot,Step Back Jump shot,3PT Field Goal,Above the Break 3,Center(C),24+ ft.,28,-56,275,1,0,20171206,NYK,MEM,21700357363,17240,0,201188|201596|201936|202718|203516,0,REG,2018,201584,,SG,Wing Stopper,-1.36,MISS Evans 28' 3PT Step Back Jump Shot,PG,Shot Creator,2.21
Shot Chart Detail,21700357,412,201596,Mario Chalmers,1610612763,Memphis Grizzlies,3,3,52,Missed Shot,Layup Shot,2PT Field Goal,Restricted Area,Center(C),Less Than 8 ft.,0,2,7,1,0,20171206,NYK,MEM,21700357412,19280,0,201188|201596|202718|203516|1626150,0,REG,2018,201584,,SG,Wing Stopper,-1.36,MISS Chalmers 1' Layup,PG,Primary Ball Handler,-0.69
Shot Chart Detail,21700357,438,1626150,Andrew Harrison,1610612763,Memphis Grizzlies,3,2,25,Missed Shot,Jump Shot,3PT Field Goal,Left Corner 3,Left Side(L),24+ ft.,22,-224,8,1,0,20171206,NYK,MEM,21700357438,20150,0,201188|201596|203516|1626150|1626185,0,REG,2018,201584,,SG,Wing Stopper,-1.36,MISS Harrison 3PT Jump Shot,PG,Primary Ball Handler,-0.27
Shot Chart Detail,21700357,600,1626150,Andrew Harrison,1610612763,Memphis Grizzlies,4,1,4,Missed Shot,Jump Shot,2PT Field Goal,Mid-Range,Left Side Center(LC),16-24 ft.,21,-155,153,1,0,20171206,NYK,MEM,21700357600,28160,0,201188|201596|201936|203210|1626150,0,REG,2018,201584,,SG,Wing Stopper,-1.36,MISS Harrison 22' Jump Shot,PG,Primary Ball Handler,-0.27
Shot Chart Detail,21700380,102,203200,Justin Holiday,1610612741,Chicago Bulls,1,2,42,Missed Shot,Step Back Jump shot,3PT Field Goal,Above the Break 3,Left Side Center(LC),24+ ft.,24,-220,103,1,0,20171209,CHI,NYK,21700380102,5580,0,201577|202703|203200|1626170|1628021,0,REG,2018,201584,,SG,Wing Stopper,-1.36,MISS Holiday 24' 3PT Step Back Jump Shot,SG,Movement Shooter,-1.13
Shot Chart Detail,21700380,118,203200,Justin Holiday,1610612741,Chicago Bulls,1,1,28,Missed Shot,Jump Shot,3PT Field Goal,Right Corner 3,Right Side(R),24+ ft.,23,230,-18,1,0,20171209,CHI,NYK,21700380118,6320,0,201577|202703|203200|1626170|1628021,0,REG,2018,201584,,SG,Wing Stopper,-1.36,MISS Holiday 3PT Jump Shot,SG,Movement Shooter,-1.13
Shot Chart Detail,21700380,278,203200,Justin Holiday,1610612741,Chicago Bulls,2,1,29,Made Shot,Running Layup Shot,2PT Field Goal,Restricted Area,Center(C),Less Than 8 ft.,1,-6,8,1,1,20171209,CHI,NYK,21700380278,13510,0,201577|203200|1627739|1627756|1628374,1,REG,2018,201584,,SG,Wing Stopper,-1.36,Holiday 1' Running Layup (5 PTS) (Valentine 2 AST),SG,Movement Shooter,-1.13
Shot Chart Detail,21700380,329,201577,Robin Lopez,1610612741,Chicago Bulls,3,9,27,Made Shot,Jump Shot,2PT Field Goal,Mid-Range,Center(C),16-24 ft.,16,-13,162,1,1,20171209,CHI,NYK,21700380329,15930,0,201577|203200|1627739|1627756|1628374,1,REG,2018,201584,,SG,Wing Stopper,-1.36,Lopez 16' Jump Shot (8 PTS) (Dunn 5 AST),C,Post Scorer,-2.13
Shot Chart Detail,21700380,362,1627739,Kris Dunn,1610612741,Chicago Bulls,3,6,39,Missed Shot,Step Back Jump shot,3PT Field Goal,Above the Break 3,Left Side Center(LC),24+ ft.,26,-158,207,1,0,20171209,CHI,NYK,21700380362,17610,0,201577|203200|1627739|1627756|1628374,0,REG,2018,201584|204001,,,,,,PG,Slasher,-1.66
Shot Chart Detail,21700380,537,1628021,David Nwaba,1610612741,Chicago Bulls,4,5,23,Made Shot,Cutting Dunk Shot,2PT Field Goal,Restricted Area,Center(C),Less Than 8 ft.,0,0,8,1,1,20171209,CHI,NYK,21700380537,25570,0,201577|1627739|1627835|1628021|1628374,1,REG,2018,201584,,SG,Wing Stopper,-1.36,Nwaba 1' Cutting Dunk Shot (13 PTS) (Grant 9 AST),SG,Athletic Finisher,-1.55
Shot Chart Detail,21700390,25,101141,Ersan Ilyasova,1610612737,Atlanta Hawks,1,9,39,Made Shot,Cutting Dunk Shot,2PT Field Goal,Restricted Area,Center(C),Less Than 8 ft.,0,3,7,1,1,20171210,NYK,ATL,2170039025,1410,0,101141|203101|203145|203471|1627752,1,REG,2018,201584,,SG,Wing Stopper,-1.36,Ilyasova 1' Cutting Dunk Shot (2 PTS) (Plumlee 1 AST),PF,Stretch Big,0.25
Shot Chart Detail,21700390,49,1628463,Tyler Cavanaugh,1610612737,Atlanta Hawks,1,7,6,Missed Shot,Layup Shot,2PT Field Goal,Restricted Area,Center(C),Less Than 8 ft.,3,-1,37,1,0,20171210,NYK,ATL,2170039049,2940,0,101141|203145|203471|1627752|1628463,0,REG,2018,201584,,SG,Wing Stopper,-1.36,MISS Cavanaugh 4' Layup,PF,Stretch Big,-0.15
Shot Chart Detail,21700390,222,1627752,Taurean Prince,1610612737,Atlanta Hawks,2,6,2,Made Shot,Jump Shot,3PT Field Goal,Above the Break 3,Left Side Center(LC),24+ ft.,26,-197,178,1,1,20171210,NYK,ATL,21700390222,10780,0,203145|203471|1627752|1627761|1628463,1,REG,2018,201584,,SG,Wing Stopper,-1.36,Prince 27' 3PT Jump Shot (11 PTS) (Schroder 1 AST),SF,Off Screen Shooter,-1.28
Shot Chart Detail,21700390,229,1628463,Tyler Cavanaugh,1610612737,Atlanta Hawks,2,5,27,Made Shot,Layup Shot,2PT Field Goal,Restricted Area,Center(C),Less Than 8 ft.,1,8,11,1,1,20171210,NYK,ATL,21700390229,11130,0,101141|203145|1627752|1627761|1628463,0,REG,2018,201584,,SG,Wing Stopper,-1.36,Cavanaugh 1' Layup (7 PTS),PF,Stretch Big,-0.15
Shot Chart Detail,21700390,335,203101,Miles Plumlee,1610612737,Atlanta Hawks,3,11,21,Made Shot,Reverse Dunk Shot,2PT Field Goal,Restricted Area,Center(C),Less Than 8 ft.,1,-5,14,1,1,20171210,NYK,ATL,21700390335,14790,0,101141|203101|203145|203471|1627752,1,REG,2018,201584,3.0,SG,Wing Stopper,-1.36,Plumlee 1' Reverse Dunk (4 PTS) (Bazemore 3 AST),C,Roll + Cut Big,-3.45
Shot Chart Detail,21700390,338,203145,Kent Bazemore,1610612737,Atlanta Hawks,3,10,59,Missed Shot,Jump Shot,3PT Field Goal,Left Corner 3,Left Side(L),24+ ft.,23,-233,47,1,0,20171210,NYK,ATL,21700390338,15010,0,101141|203101|203145|203471|1627752,0,REG,2018,202498|201584,,,,,,SG,Secondary Ball Handler,-0.56
Shot Chart Detail,21700390,379,203145,Kent Bazemore,1610612737,Atlanta Hawks,3,7,47,Missed Shot,Jump Shot,3PT Field Goal,Above the Break 3,Left Side Center(LC),24+ ft.,24,-232,90,1,0,20171210,NYK,ATL,21700390379,16930,0,101141|203145|203471|1627752|1628463,0,REG,2018,201584,,SG,Wing Stopper,-1.36,MISS Bazemore 25' 3PT Jump Shot,SG,Secondary Ball Handler,-0.56
Shot Chart Detail,21700390,398,203145,Kent Bazemore,1610612737,Atlanta Hawks,3,6,30,Made Shot,Jump Shot,2PT Field Goal,Mid-Range,Left Side Center(LC),16-24 ft.,21,-122,173,1,1,20171210,NYK,ATL,21700390398,17700,0,101141|203145|203471|1627752|1628463,1,REG,2018,201584,,SG,Wing Stopper,-1.36,Bazemore 21' Jump Shot (4 PTS) (Cavanaugh 1 AST),SG,Secondary Ball Handler,-0.56
Shot Chart Detail,21700399,12,201572,Brook Lopez,1610612747,Los Angeles Lakers,1,11,14,Missed Shot,Jump Shot,3PT Field Goal,Right Corner 3,Right Side(R),24+ ft.,23,231,32,1,0,20171212,NYK,LAL,2170039912,460,0,201572|203484|1626204|1627742|1628366,0,REG,2018,201584,,SG,Wing Stopper,-1.36,MISS Lopez 3PT Jump Shot,C,Versatile Big,-0.13
Shot Chart Detail,21700399,22,203484,Kentavious Caldwell-Pope,1610612747,Los Angeles Lakers,1,9,51,Made Shot,Jump Shot,3PT Field Goal,Left Corner 3,Left Side(L),24+ ft.,24,-241,55,1,1,20171212,NYK,LAL,2170039922,1290,0,201572|203484|1626204|1627742|1628366,1,REG,2018,201584,,SG,Wing Stopper,-1.36,Caldwell-Pope 25' 3PT Jump Shot (5 PTS) (Ingram 1 AST),SG,Off Screen Shooter,0.3
Shot Chart Detail,21700399,44,1626204,Larry Nance Jr.,1610612747,Los Angeles Lakers,1,7,41,Made Shot,Layup Shot,2PT Field Goal,Restricted Area,Center(C),Less Than 8 ft.,0,1,6,1,1,20171212,NYK,LAL,2170039944,2590,0,201572|203484|1626204|1627742|1628366,1,REG,2018,201584,,SG,Wing Stopper,-1.36,Nance Jr. 1' Layup (2 PTS) (Ball 2 AST),C,Roll + Cut Big,0.69
Shot Chart Detail,21700399,82,1628366,Lonzo Ball,1610612747,Los Angeles Lakers,1,4,25,Made Shot,Jump Shot,3PT Field Goal,Above the Break 3,Center(C),24+ ft.,25,47,251,1,1,20171212,NYK,LAL,2170039982,4550,0,201572|203484|1626204|1627742|1628366,1,REG,2018,201584,,SG,Wing Stopper,-1.36,Ball 26' 3PT Jump Shot (3 PTS) (Ingram 2 AST),PG,Primary Ball Handler,-0.22
Shot Chart Detail,21700399,101,1626204,Larry Nance Jr.,1610612747,Los Angeles Lakers,1,3,5,Made Shot,Putback Dunk Shot,2PT Field Goal,Restricted Area,Center(C),Less Than 8 ft.,0,0,-6,1,1,20171212,NYK,LAL,21700399101,5350,0,201572|203484|1626204|1627742|1628366,0,REG,2018,201584,-0.0,SG,Wing Stopper,-1.36,Nance Jr. 1' Putback Dunk (5 PTS),C,Roll + Cut Big,0.69
Shot Chart Detail,21700399,106,203484,Kentavious Caldwell-Pope,1610612747,Los Angeles Lakers,1,2,40,Missed Shot,Pullup Jump shot,3PT Field Goal,Above the Break 3,Right Side Center(RC),24+ ft.,25,121,220,1,0,20171212,NYK,LAL,21700399106,5600,0,201572|203484|1626204|1627742|1628366,0,REG,2018,201584,,SG,Wing Stopper,-1.36,MISS Caldwell-Pope 25' 3PT Pullup Jump Shot,SG,Off Screen Shooter,0.3
Shot Chart Detail,21700399,273,201572,Brook Lopez,1610612747,Los Angeles Lakers,2,1,50,Missed Shot,Layup Shot,2PT Field Goal,In The Paint (Non-RA),Center(C),Less Than 8 ft.,6,44,41,1,0,20171212,NYK,LAL,21700399273,13300,0,201572|203484|1626204|1627742|1628366,0,REG,2018,201584|202683,,,,,,C,Versatile Big,-0.13
Shot Chart Detail,21700399,285,203484,Kentavious Caldwell-Pope,1610612747,Los Angeles Lakers,2,0,39,Missed Shot,Jump Shot,3PT Field Goal,Above the Break 3,Left Side Center(LC),24+ ft.,25,-81,246,1,0,20171212,NYK,LAL,21700399285,14010,0,201572|203484|1626204|1627742|1628366,0,REG,2018,201584,,SG,Wing Stopper,-1.36,MISS Caldwell-Pope 26' 3PT Jump Shot,SG,Off Screen Shooter,0.3
Shot Chart Detail,21700399,294,203484,Kentavious Caldwell-Pope,1610612747,Los Angeles Lakers,2,0,27,Made Shot,Jump Shot,3PT Field Goal,Left Corner 3,Left Side(L),24+ ft.,23,-230,-12,1,1,20171212,NYK,LAL,21700399294,14130,0,201572|203484|203903|1626204|1628366,1,REG,2018,201584,,SG,Wing Stopper,-1.36,Caldwell-Pope 3PT Jump Shot (8 PTS) (Ball 3 AST),SG,Off Screen Shooter,0.3
Shot Chart Detail,21700399,513,203944,Julius Randle,1610612747,Los Angeles Lakers,4,6,16,Missed Shot,Layup Shot,2PT Field Goal,Restricted Area,Center(C),Less Than 8 ft.,1,-2,15,1,0,20171212,NYK,LAL,21700399513,25040,0,203903|203944|1627742|1628366|1628398,0,REG,2018,201584|204001,,,,,,C,Shot Creator,0.36
Shot Chart Detail,21700399,632,1627742,Brandon Ingram,1610612747,Los Angeles Lakers,5,1,12,Made Shot,Running Layup Shot,2PT Field Goal,Restricted Area,Center(C),Less Than 8 ft.,0,3,2,1,1,20171212,NYK,LAL,21700399632,31080,1,203484|203944|1627742|1628366|1628398,0,REG,2018,201584,,SG,Wing Stopper,-1.36,Ingram Running Layup (5 PTS),SF,Shot Creator,-0.29
Shot Chart Detail,21700414,11,203459,Allen Crabbe,1610612751,Brooklyn Nets,1,11,26,Missed Shot,Jump Shot,3PT Field Goal,Above the Break 3,Left Side Center(LC),24+ ft.,27,-104,257,1,0,20171214,BKN,NYK,2170041411,340,0,201960|203092|203459|203915|1626178,0,REG,2018,201584,,SG,Wing Stopper,-1.36,MISS Crabbe 28' 3PT Jump Shot,SG,Off Screen Shooter,-0.13
Shot Chart Detail,21700414,60,203092,Tyler Zeller,1610612751,Brooklyn Nets,1,6,10,Made Shot,Cutting Layup Shot,2PT Field Goal,Restricted Area,Center(C),Less Than 8 ft.,1,-8,11,1,1,20171214,BKN,NYK,2170041460,3500,0,201960|203092|203915|1626178|1627747,1,REG,2018,201584|202683,,,,,,C,Roll + Cut Big,-1.23
Shot Chart Detail,21700414,113,203925,Joe Harris,1610612751,Brooklyn Nets,1,2,35,Missed Shot,Jump Shot,3PT Field Goal,Above the Break 3,Right Side Center(RC),24+ ft.,26,212,163,1,0,20171214,BKN,NYK,21700414113,5650,0,203112|203459|203925|1627747|1628386,0,REG,2018,201584,,SG,Wing Stopper,-1.36,MISS Harris 27' 3PT Jump Shot,SG,Off Screen Shooter,-0.21
Shot Chart Detail,21700414,235,1626178,Rondae Hollis-Jefferson,1610612751,Brooklyn Nets,2,6,59,Made Shot,Driving Layup Shot,2PT Field Goal,Restricted Area,Center(C),Less Than 8 ft.,2,-13,17,1,1,20171214,BKN,NYK,21700414235,10210,0,201960|203092|203915|203925|1626178,0,REG,2018,201584,,SG,Wing Stopper,-1.36,Hollis-Jefferson 2' Driving Layup (10 PTS),SF,Shot Creator,-0.94
Shot Chart Detail,21700414,246,203092,Tyler Zeller,1610612751,Brooklyn Nets,2,5,45,Missed Shot,Jump Shot,3PT Field Goal,Right Corner 3,Right Side(R),24+ ft.,22,226,32,1,0,20171214,BKN,NYK,21700414246,10950,0,201960|203092|203915|203925|1626178,0,REG,2018,201584,,SG,Wing Stopper,-1.36,MISS Zeller 3PT Jump Shot,C,Roll + Cut Big,-1.23
Shot Chart Detail,21700414,316,203915,Spencer Dinwiddie,1610612751,Brooklyn Nets,2,0,2,Missed Shot,Jump Shot,3PT Field Goal,Above the Break 3,Left Side Center(LC),24+ ft.,27,-119,243,1,0,20171214,BKN,NYK,21700414316,14380,0,201960|203459|203915|1626178|1627747,0,REG,2018,201584,,SG,Wing Stopper,-1.36,MISS Dinwiddie 27' 3PT Jump Shot,PG,Shot Creator,1.31
Shot Chart Detail,21700414,357,203092,Tyler Zeller,1610612751,Brooklyn Nets,3,9,6,Made Shot,Layup Shot,2PT Field Goal,Restricted Area,Center(C),Less Than 8 ft.,2,22,15,1,1,20171214,BKN,NYK,21700414357,16140,0,201960|203092|203459|203915|1626178,1,REG,2018,201584,,SG,Wing Stopper,-1.36,Zeller 3' Layup (8 PTS) (Dinwiddie 6 AST),C,Roll + Cut Big,-1.23
Shot Chart Detail,21700414,373,203459,Allen Crabbe,1610612751,Brooklyn Nets,3,7,46,Made Shot,Jump Shot,3PT Field Goal,Above the Break 3,Center(C),24+ ft.,24,-27,241,1,1,20171214,BKN,NYK,21700414373,16940,0,201960|203092|203459|203915|1626178,1,REG,2018,201563|201584,,,,,,SG,Off Screen Shooter,-0.13
Shot Chart Detail,21700414,392,1626178,Rondae Hollis-Jefferson,1610612751,Brooklyn Nets,3,5,44,Made Shot,Running Dunk Shot,2PT Field Goal,Restricted Area,Center(C),Less Than 8 ft.,1,11,11,1,1,20171214,BKN,NYK,21700414392,18160,0,201960|203092|203459|203915|1626178,1,REG,2018,201584,1.0,SG,Wing Stopper,-1.36,Hollis-Jefferson 2' Running Dunk (18 PTS) (Crabbe 1 AST),SF,Shot Creator,-0.94
Shot Chart Detail,21700414,645,203915,Spencer Dinwiddie,1610612751,Brooklyn Nets,4,0,33,Missed Shot,Pullup Jump shot,3PT Field Goal,Above the Break 3,Right Side Center(RC),24+ ft.,27,92,264,1,0,20171214,BKN,NYK,21700414645,28470,0,201960|203459|203915|1626178|1627747,0,REG,2018,201584,,SG,Wing Stopper,-1.36,MISS Dinwiddie 28' 3PT Pullup Jump Shot,PG,Shot Creator,1.31
Shot Chart Detail,21700441,63,202689,Kemba Walker,1610612766,Charlotte Hornets,1,6,1,Made Shot,Running Layup Shot,2PT Field Goal,Restricted Area,Center(C),Less Than 8 ft.,1,0,10,1,1,20171218,CHA,NYK,2170044163,3590,0,2730|101107|201587|202689|203077,0,REG,2018,201584,,SG,Wing Stopper,-1.36,Walker 1' Running Layup (4 PTS),PG,Primary Ball Handler,3.41
Shot Chart Detail,21700441,69,203087,Jeremy Lamb,1610612766,Charlotte Hornets,1,5,18,Missed Shot,Jump Shot,2PT Field Goal,Mid-Range,Left Side(L),8-16 ft.,14,-143,33,1,0,20171218,CHA,NYK,2170044169,4020,0,2730|101107|202689|203077|203087,0,REG,2018,201584,,SG,Wing Stopper,-1.36,MISS Lamb 15' Jump Shot,SG,Secondary Ball Handler,0.71
Shot Chart Detail,21700441,234,1626163,Frank Kaminsky,1610612766,Charlotte Hornets,2,5,46,Made Shot,Jump Shot,3PT Field Goal,Above the Break 3,Right Side Center(RC),24+ ft.,24,129,214,1,1,20171218,CHA,NYK,21700441234,10940,0,2730|202689|203077|203087|1626163,1,REG,2018,201584,,SG,Wing Stopper,-1.36,Kaminsky 25' 3PT Jump Shot (12 PTS) (Kidd-Gilchrist 1 AST),PF,Stationary Shooter,-0.02
Shot Chart Detail,21700441,313,201587,Nicolas Batum,1610612766,Charlotte Hornets,3,10,49,Missed Shot,Jump Shot,2PT Field Goal,Mid-Range,Center(C),16-24 ft.,16,-15,163,1,0,20171218,CHA,NYK,21700441313,15110,0,2730|101107|201587|202689|203077,0,REG,2018,201584,,SG,Wing Stopper,-1.36,MISS Batum 16' Jump Shot,SG,Off Screen Shooter,0.04
Shot Chart Detail,21700441,317,202689,Kemba Walker,1610612766,Charlotte Hornets,3,10,36,Missed Shot,Jump Shot,3PT Field Goal,Left Corner 3,Left Side(L),24+ ft.,23,-231,0,1,0,20171218,CHA,NYK,21700441317,15240,0,2730|101107|201587|202689|203077,0,REG,2018,201584,,SG,Wing Stopper,-1.36,MISS Walker 3PT Jump Shot,PG,Primary Ball Handler,3.41
Shot Chart Detail,21700468,59,201143,Al Horford,1610612738,Boston Celtics,1,5,22,Missed Shot,Layup Shot,2PT Field Goal,Restricted Area,Center(C),Less Than 8 ft.,1,-8,13,1,0,20171221,NYK,BOS,2170046859,3980,0,201143|202681|203382|203935|1628369,0,REG,2018,201584|101127,,,,,,C,Versatile Big,-0.13
Shot Chart Detail,21700468,65,203935,Marcus Smart,1610612738,Boston Celtics,1,5,0,Missed Shot,Jump Shot,3PT Field Goal,Above the Break 3,Right Side Center(RC),24+ ft.,25,125,217,1,0,20171221,NYK,BOS,2170046865,4200,0,201143|202681|203382|203935|1628369,0,REG,2018,201584,,SG,Wing Stopper,-1.36,MISS Smart 25' 3PT Jump Shot,SG,Shot Creator,-0.62
Shot Chart Detail,21700468,242,203935,Marcus Smart,1610612738,Boston Celtics,2,3,55,Made Shot,Layup Shot,2PT Field Goal,Restricted Area,Center(C),Less Than 8 ft.,2,24,0,1,1,20171221,NYK,BOS,21700468242,12050,0,201143|203382|203935|1626179|1628369,0,REG,2018,201584,,SG,Wing Stopper,-1.36,Smart 2' Layup (4 PTS),SG,Shot Creator,-0.62
Shot Chart Detail,21700468,250,1626179,Terry Rozier,1610612738,Boston Celtics,2,3,25,Missed Shot,Jump Shot,3PT Field Goal,Right Corner 3,Right Side(R),24+ ft.,22,228,6,1,0,20171221,NYK,BOS,21700468250,12350,0,201143|203382|203935|1626179|1628369,0,REG,2018,201584,,SG,Wing Stopper,-1.36,MISS Rozier 3PT Jump Shot,PG,Primary Ball Handler,0.21
Shot Chart Detail,21700468,265,203382,Aron Baynes,1610612738,Boston Celtics,2,2,42,Missed Shot,Turnaround Jump Shot,2PT Field Goal,Mid-Range,Center(C),16-24 ft.,16,3,169,1,0,20171221,NYK,BOS,21700468265,12780,0,201143|202681|203382|203935|1628369,0,REG,2018,201584|202683,,,,,,C,Post Scorer,-1.94
Shot Chart Detail,21700468,272,201143,Al Horford,1610612738,Boston Celtics,2,2,11,Missed Shot,Jump Shot,3PT Field Goal,Above the Break 3,Right Side Center(RC),24+ ft.,24,125,212,1,0,20171221,NYK,BOS,21700468272,13090,0,201143|202681|203382|203935|1628369,0,REG,2018,201584,,SG,Wing Stopper,-1.36,MISS Horford 25' 3PT Jump Shot,C,Versatile Big,-0.13
Shot Chart Detail,21700468,318,1628369,Jayson Tatum,1610612738,Boston Celtics,3,10,46,Missed Shot,Jump Shot,3PT Field Goal,Above the Break 3,Right Side Center(RC),24+ ft.,24,201,143,1,0,20171221,NYK,BOS,21700468318,15140,0,201143|202681|203382|203935|1628369,0,REG,2018,201584,,SG,Wing Stopper,-1.36,MISS Tatum 25' 3PT Jump Shot,SF,Shot Creator,-0.75
Shot Chart Detail,21700468,346,203935,Marcus Smart,1610612738,Boston Celtics,3,8,9,Made Shot,Jump Shot,3PT Field Goal,Above the Break 3,Right Side Center(RC),24+ ft.,26,111,243,1,1,20171221,NYK,BOS,21700468346,16710,0,201143|202681|203382|203935|1628369,0,REG,2018,201584|202683,,,,,,SG,Shot Creator,-0.62
Shot Chart Detail,21700468,356,1628369,Jayson Tatum,1610612738,Boston Celtics,3,7,3,Missed Shot,Jump Shot,3PT Field Goal,Right Corner 3,Right Side(R),24+ ft.,22,226,38,1,0,20171221,NYK,BOS,21700468356,17370,0,201143|202681|203382|203935|1628369,0,REG,2018,201584,,SG,Wing Stopper,-1.36,MISS Tatum 3PT Jump Shot,SF,Shot Creator,-0.75
Shot Chart Detail,21700468,392,203382,Aron Baynes,1610612738,Boston Celtics,3,4,1,Made Shot,Hook Shot,2PT Field Goal,In The Paint (Non-RA),Center(C),Less Than 8 ft.,6,36,58,1,1,20171221,NYK,BOS,21700468392,19190,0,201143|203382|203935|1626179|1628369,0,REG,2018,201584|203124,,,,,,C,Post Scorer,-1.94
Shot Chart Detail,21700468,420,1628464,Daniel Theis,1610612738,Boston Celtics,3,1,38,Missed Shot,Jump Bank Shot,2PT Field Goal,Mid-Range,Left Side(L),8-16 ft.,11,-101,48,1,0,20171221,NYK,BOS,21700468420,20620,0,203935|1626179|1628369|1628400|1628464,0,REG,2018,201584,,SG,Wing Stopper,-1.36,MISS Theis 11' Jump Bank Shot,C,Roll + Cut Big,-1.03
Shot Chart Detail,21700468,584,202681,Kyrie Irving,1610612738,Boston Celtics,4,0,30,Missed Shot,Jump Shot,3PT Field Goal,Above the Break 3,Right Side Center(RC),24+ ft.,25,116,226,1,0,20171221,NYK,BOS,21700468584,28500,0,201143|202681|203935|1626179|1628369,0,REG,2018,201584,,SG,Wing Stopper,-1.36,MISS Irving 25' 3PT Jump Shot,PG,Shot Creator,3.68
Shot Chart Detail,21700468,603,203935,Marcus Smart,1610612738,Boston Celtics,4,0,10,Missed Shot,Pullup Jump shot,3PT Field Goal,Above the Break 3,Center(C),24+ ft.,26,38,267,1,0,20171221,NYK,BOS,21700468603,28700,0,203935|1626179|1627824|1628369|1628443,0,REG,2018,201584,,SG,Wing Stopper,-1.36,MISS Smart 27' 3PT Pullup Jump Shot,SG,Shot Creator,-0.62
Shot Chart Detail,21700471,12,203493,Reggie Bullock Jr.,1610612765,Detroit Pistons,1,11,2,Missed Shot,Floating Jump shot,2PT Field Goal,In The Paint (Non-RA),Center(C),8-16 ft.,13,-2,132,1,0,20171222,DET,NYK,2170047112,580,0,201229|202699|202704|203083|203493,0,REG,2018,201584|204001,,,,,,SF,Athletic Finisher,-0.39
Shot Chart Detail,21700471,29,202699,Tobias Harris,1610612765,Detroit Pistons,1,10,15,Missed Shot,Jump Shot,3PT Field Goal,Above the Break 3,Right Side Center(RC),24+ ft.,25,141,214,1,0,20171222,DET,NYK,2170047129,1050,0,201229|202699|202704|203083|203493,0,REG,2018,201584,,SG,Wing Stopper,-1.36,MISS Harris 26' 3PT Jump Shot,PF,Shot Creator,1.03
Shot Chart Detail,21700471,120,202397,Ish Smith,1610612765,Detroit Pistons,1,3,36,Missed Shot,Pullup Jump shot,2PT Field Goal,Mid-Range,Center(C),16-24 ft.,19,-7,193,1,0,20171222,DET,NYK,21700471120,5040,0,201229|202397|203493|203961|1626169,0,REG,2018,201584,,SG,Wing Stopper,-1.36,MISS Smith 19' Pullup Jump Shot,PG,Slasher,-0.35
Shot Chart Detail,21700471,138,1628379,Luke Kennard,1610612765,Detroit Pistons,1,1,34,Missed Shot,Layup Shot,2PT Field Goal,Restricted Area,Center(C),Less Than 8 ft.,2,4,27,1,0,20171222,DET,NYK,21700471138,6260,0,201229|202397|203961|1626169|1628379,0,REG,2018,201584,,SG,Wing Stopper,-1.36,MISS Kennard 3' Layup,SG,Off Screen Shooter,-1.16
Shot Chart Detail,21700471,258,202704,Reggie Jackson,1610612765,Detroit Pistons,2,4,39,Missed Shot,Jump Shot,3PT Field Goal,Right Corner 3,Right Side(R),24+ ft.,22,223,-3,1,0,20171222,DET,NYK,21700471258,11610,0,201229|202699|202704|203493|203961,0,REG,2018,201584,,SG,Wing Stopper,-1.36,MISS Jackson 3PT Jump Shot,PG,Shot Creator,1.28
Shot Chart Detail,21700471,295,203493,Reggie Bullock Jr.,1610612765,Detroit Pistons,2,1,41,Made Shot,Layup Shot,2PT Field Goal,Restricted Area,Center(C),Less Than 8 ft.,1,-12,12,1,1,20171222,DET,NYK,21700471295,13390,0,201229|202699|202704|203493|203961,1,REG,2018,201584|204001,,,,,,SF,Athletic Finisher,-0.39
Shot Chart Detail,21700471,308,203493,Reggie Bullock Jr.,1610612765,Detroit Pistons,2,0,43,Made Shot,Jump Shot,3PT Field Goal,Above the Break 3,Right Side Center(RC),24+ ft.,27,236,146,1,1,20171222,DET,NYK,21700471308,13970,0,201229|202699|202704|203493|203961,1,REG,2018,201584,,SG,Wing Stopper,-1.36,Bullock 28' 3PT Jump Shot (9 PTS) (Harris 3 AST),SF,Athletic Finisher,-0.39
Shot Chart Detail,21700471,334,203493,Reggie Bullock Jr.,1610612765,Detroit Pistons,3,10,51,Made Shot,Layup Shot,2PT Field Goal,Restricted Area,Center(C),Less Than 8 ft.,1,7,10,1,1,20171222,DET,NYK,21700471334,15090,0,201229|202699|202704|203083|203493,1,REG,2018,201584,,SG,Wing Stopper,-1.36,Bullock 1' Layup (11 PTS) (Drummond 1 AST),SF,Athletic Finisher,-0.39
Shot Chart Detail,21700471,371,203493,Reggie Bullock Jr.,1610612765,Detroit Pistons,3,7,6,Missed Shot,Jump Shot,3PT Field Goal,Above the Break 3,Left Side Center(LC),24+ ft.,24,-218,108,1,0,20171222,DET,NYK,21700471371,17340,0,201229|202699|202704|203083|203493,0,REG,2018,201584,,SG,Wing Stopper,-1.36,MISS Bullock 24' 3PT Jump Shot,SF,Athletic Finisher,-0.39
Shot Chart Detail,21700471,379,203493,Reggie Bullock Jr.,1610612765,Detroit Pistons,3,6,30,Made Shot,Jump Shot,3PT Field Goal,Left Corner 3,Left Side(L),24+ ft.,22,-228,20,1,1,20171222,DET,NYK,21700471379,17700,0,201229|202699|202704|203083|203493,1,REG,2018,201584,,SG,Wing Stopper,-1.36,Bullock 3PT Jump Shot (14 PTS) (Jackson 7 AST),SF,Athletic Finisher,-0.39
Shot Chart Detail,21700493,17,203496,Robert Covington,1610612755,Philadelphia 76ers,1,10,15,Made Shot,Jump Shot,3PT Field Goal,Left Corner 3,Left Side(L),24+ ft.,24,-230,73,1,1,20171225,NYK,PHI,2170049317,1050,0,200755|203496|203954|203967|1627732,1,REG,2018,201584,,SG,Wing Stopper,-1.36,Covington 24' 3PT Jump Shot (3 PTS) (Saric 1 AST),SF,Movement Shooter,0.16
Shot Chart Detail,21700493,26,200755,JJ Redick,1610612755,Philadelphia 76ers,1,9,13,Made Shot,Running Jump Shot,2PT Field Goal,Mid-Range,Center(C),8-16 ft.,15,6,153,1,1,20171225,NYK,PHI,2170049326,1670,0,200755|203496|203954|203967|1627732,0,REG,2018,201584,,SG,Wing Stopper,-1.36,Redick 15' Running Jump Shot (2 PTS),SG,Off Screen Shooter,1.77
Shot Chart Detail,21700493,50,200755,JJ Redick,1610612755,Philadelphia 76ers,1,7,8,Made Shot,Pullup Jump shot,2PT Field Goal,Mid-Range,Center(C),16-24 ft.,21,37,212,1,1,20171225,NYK,PHI,2170049350,2920,0,200755|203496|203954|203967|1627732,0,REG,2018,201584,,SG,Wing Stopper,-1.36,Redick 22' Pullup Jump Shot (4 PTS),SG,Off Screen Shooter,1.77
Shot Chart Detail,21700493,61,203496,Robert Covington,1610612755,Philadelphia 76ers,1,5,58,Missed Shot,Finger Roll Layup Shot,2PT Field Goal,Restricted Area,Center(C),Less Than 8 ft.,2,4,25,1,0,20171225,NYK,PHI,2170049361,3620,0,101161|203496|203967|204456|1627732,0,REG,2018,201584,,SG,Wing Stopper,-1.36,Porzingis BLOCK (1 BLK),SF,Movement Shooter,0.16
Shot Chart Detail,21700493,231,203967,Dario Šarić,1610612755,Philadelphia 76ers,2,5,26,Missed Shot,Jump Shot,3PT Field Goal,Left Corner 3,Left Side(L),24+ ft.,23,-232,21,1,0,20171225,NYK,PHI,21700493231,11140,0,101161|201573|203496|203967|1627732,0,REG,2018,201584,,SG,Wing Stopper,-1.36,MISS Saric 3PT Jump Shot,PF,Athletic Finisher,0.51
Shot Chart Detail,21700493,244,203967,Dario Šarić,1610612755,Philadelphia 76ers,2,4,27,Made Shot,Cutting Dunk Shot,2PT Field Goal,Restricted Area,Center(C),Less Than 8 ft.,0,-2,0,1,1,20171225,NYK,PHI,21700493244,11730,0,101161|203496|203967|204456|1627732,1,REG,2018,201584,,SG,Wing Stopper,-1.36,Saric Cutting Dunk Shot (4 PTS) (Covington 1 AST),PF,Athletic Finisher,0.51
Shot Chart Detail,21700493,252,203967,Dario Šarić,1610612755,Philadelphia 76ers,2,3,28,Missed Shot,Jump Shot,2PT Field Goal,Mid-Range,Center(C),16-24 ft.,22,-56,220,1,0,20171225,NYK,PHI,21700493252,12320,0,101161|203496|203967|204456|1627732,0,REG,2018,201584,,SG,Wing Stopper,-1.36,MISS Saric 23' Jump Shot,PF,Athletic Finisher,0.51
Shot Chart Detail,21700493,256,203496,Robert Covington,1610612755,Philadelphia 76ers,2,2,47,Missed Shot,Pullup Jump shot,2PT Field Goal,Mid-Range,Left Side Center(LC),16-24 ft.,21,-165,137,1,0,20171225,NYK,PHI,21700493256,12730,0,101161|203496|203967|204456|1627732,0,REG,2018,201584,,SG,Wing Stopper,-1.36,MISS Covington 21' Pullup Jump Shot,SF,Movement Shooter,0.16
Shot Chart Detail,21700493,397,201573,Jerryd Bayless,1610612755,Philadelphia 76ers,3,6,37,Missed Shot,Jump Shot,3PT Field Goal,Above the Break 3,Center(C),24+ ft.,25,-46,246,1,0,20171225,NYK,PHI,21700493397,17630,0,101161|201573|203967|204456|1627732,0,REG,2018,201584,,SG,Wing Stopper,-1.36,MISS Bayless 25' 3PT Jump Shot,SG,Movement Shooter,-2.16
Shot Chart Detail,21700493,624,200755,JJ Redick,1610612755,Philadelphia 76ers,4,3,35,Made Shot,Jump Shot,3PT Field Goal,Above the Break 3,Right Side Center(RC),24+ ft.,25,159,203,1,1,20171225,NYK,PHI,21700493624,26650,0,200755|203954|203967|204456|1627732,1,REG,2018,201584,,SG,Wing Stopper,-1.36,Redick 26' 3PT Jump Shot (22 PTS) (McConnell 4 AST),SG,Off Screen Shooter,1.77
Shot Chart Detail,21700509,88,201577,Robin Lopez,1610612741,Chicago Bulls,1,3,40,Missed Shot,Jump Shot,2PT Field Goal,Mid-Range,Right Side Center(RC),16-24 ft.,22,83,206,1,0,20171227,CHI,NYK,2170050988,5000,0,201577|202703|203200|1627739|1627756,0,REG,2018,201584,,SG,Wing Stopper,-1.36,MISS Lopez 22' Jump Shot,C,Post Scorer,-2.13
Shot Chart Detail,21700509,113,1628021,David Nwaba,1610612741,Chicago Bulls,1,1,38,Missed Shot,Jump Shot,2PT Field Goal,In The Paint (Non-RA),Center(C),Less Than 8 ft.,6,42,55,1,0,20171227,CHI,NYK,21700509113,6220,0,201577|202703|203200|1626170|1628021,0,REG,2018,201584,,SG,Wing Stopper,-1.36,MISS Nwaba 7' Jump Shot,SG,Athletic Finisher,-1.55
Shot Chart Detail,21700509,126,203200,Justin Holiday,1610612741,Chicago Bulls,1,0,23,Missed Shot,Step Back Jump shot,2PT Field Goal,Mid-Range,Center(C),16-24 ft.,21,14,215,1,0,20171227,CHI,NYK,21700509126,6970,0,201577|202703|203200|1626170|1628021,0,REG,2018,201584,,SG,Wing Stopper,-1.36,MISS Holiday 22' Step Back Jump Shot,SG,Movement Shooter,-1.13
Shot Chart Detail,21700509,257,1628374,Lauri Markkanen,1610612741,Chicago Bulls,2,2,59,Missed Shot,Driving Floating Jump Shot,2PT Field Goal,In The Paint (Non-RA),Center(C),Less Than 8 ft.,5,-16,55,1,0,20171227,CHI,NYK,21700509257,12610,0,202703|203200|1626170|1627756|1628374,0,REG,2018,201584,,SG,Wing Stopper,-1.36,MISS Markkanen 6' Driving Floating Jump Shot,PF,Movement Shooter,0.01
Shot Chart Detail,21700509,277,1628374,Lauri Markkanen,1610612741,Chicago Bulls,2,2,7,Made Shot,Jump Shot,3PT Field Goal,Above the Break 3,Left Side Center(LC),24+ ft.,24,-174,168,1,1,20171227,CHI,NYK,21700509277,13130,0,201577|203200|1626170|1627756|1628374,1,REG,2018,201584,,SG,Wing Stopper,-1.36,Markkanen 24' 3PT Jump Shot (10 PTS) (Lopez 1 AST),PF,Movement Shooter,0.01
Shot Chart Detail,21700509,294,203200,Justin Holiday,1610612741,Chicago Bulls,2,0,3,Made Shot,Jump Shot,3PT Field Goal,Above the Break 3,Center(C),24+ ft.,24,74,231,1,1,20171227,CHI,NYK,21700509294,14370,0,201577|203200|1626170|1627756|1628374,1,REG,2018,204001|201584,,,,,,SG,Movement Shooter,-1.13
Shot Chart Detail,21700509,345,203200,Justin Holiday,1610612741,Chicago Bulls,3,7,44,Missed Shot,Jump Shot,3PT Field Goal,Left Corner 3,Left Side(L),24+ ft.,23,-234,13,1,0,20171227,CHI,NYK,21700509345,16960,0,201577|203200|1627739|1627756|1628374,0,REG,2018,201584,,SG,Wing Stopper,-1.36,MISS Holiday 3PT Jump Shot,SG,Movement Shooter,-1.13
Shot Chart Detail,21700509,393,203200,Justin Holiday,1610612741,Chicago Bulls,3,3,31,Missed Shot,Driving Floating Jump Shot,2PT Field Goal,In The Paint (Non-RA),Center(C),8-16 ft.,11,-7,112,1,0,20171227,CHI,NYK,21700509393,19490,0,201577|202703|203200|1627739|1628021,0,REG,2018,201584,,SG,Wing Stopper,-1.36,MISS Holiday 11' Driving Floating Jump Shot,SG,Movement Shooter,-1.13
Shot Chart Detail,21700509,408,202703,Nikola Mirotic,1610612741,Chicago Bulls,3,2,22,Missed Shot,Pullup Jump shot,3PT Field Goal,Right Corner 3,Right Side(R),24+ ft.,23,231,8,1,0,20171227,CHI,NYK,21700509408,20180,0,202703|203200|1626171|1627739|1628021,0,REG,2018,201584,,SG,Wing Stopper,-1.36,MISS Mirotic 3PT Pullup Jump Shot,PF,Versatile Big,1.67
Shot Chart Detail,21700509,527,203200,Justin Holiday,1610612741,Chicago Bulls,4,5,22,Made Shot,Jump Shot,3PT Field Goal,Above the Break 3,Right Side Center(RC),24+ ft.,25,138,211,1,1,20171227,CHI,NYK,21700509527,25580,0,201577|203200|1627739|1627756|1628374,1,REG,2018,201584,,SG,Wing Stopper,-1.36,Holiday 25' 3PT Jump Shot (6 PTS) (Dunn 4 AST),SG,Movement Shooter,-1.13
Shot Chart Detail,21700509,531,201577,Robin Lopez,1610612741,Chicago Bulls,4,4,40,Missed Shot,Driving Hook Shot,2PT Field Goal,In The Paint (Non-RA),Center(C),Less Than 8 ft.,5,-7,58,1,0,20171227,CHI,NYK,21700509531,26000,0,201577|203200|1627739|1627756|1628374,0,REG,2018,201584|202683,,,,,,C,Post Scorer,-2.13
Shot Chart Detail,21700509,563,1627756,Denzel Valentine,1610612741,Chicago Bulls,4,2,26,Missed Shot,Pullup Jump shot,3PT Field Goal,Above the Break 3,Left Side Center(LC),24+ ft.,26,-128,235,1,0,20171227,CHI,NYK,21700509563,27340,0,202703|203200|1627739|1627756|1628374,0,REG,2018,201584,,SG,Wing Stopper,-1.36,MISS Valentine 27' 3PT Pullup Jump Shot,SG,Secondary Ball Handler,-1.33
Shot Chart Detail,21700519,48,201980,Danny Green,1610612759,San Antonio Spurs,1,7,26,Missed Shot,Jump Shot,3PT Field Goal,Above the Break 3,Left Side Center(LC),24+ ft.,25,-145,212,1,0,20171228,SAS,NYK,2170051948,2740,0,2200|2225|200746|201980|203937,0,REG,2018,201584,,SG,Wing Stopper,-1.36,MISS Green 26' 3PT Jump Shot,SG,Movement Shooter,-0.84
Shot Chart Detail,21700519,120,2200,Pau Gasol,1610612759,San Antonio Spurs,1,2,5,Made Shot,Jump Shot,2PT Field Goal,Mid-Range,Center(C),8-16 ft.,14,-29,144,1,1,20171228,SAS,NYK,21700519120,5950,0,1938|2200|200752|201988|1627854,1,REG,2018,201584,,SG,Wing Stopper,-1.36,Gasol 15' Jump Shot (7 PTS) (Ginobili 1 AST),C,Post Scorer,0.03
Shot Chart Detail,21700519,259,1627854,Bryn Forbes,1610612759,San Antonio Spurs,2,3,26,Missed Shot,Jump Shot,3PT Field Goal,Left Corner 3,Left Side(L),24+ ft.,23,-236,-30,1,0,20171228,SAS,NYK,21700519259,12340,0,1938|2225|200746|200752|1627854,0,REG,2018,201584,,SG,Wing Stopper,-1.36,MISS Forbes 24' 3PT Jump Shot,SG,Movement Shooter,-0.98
Shot Chart Detail,21700519,355,201980,Danny Green,1610612759,San Antonio Spurs,3,8,13,Made Shot,Jump Shot,3PT Field Goal,Above the Break 3,Left Side Center(LC),24+ ft.,25,-100,232,1,1,20171228,SAS,NYK,21700519355,16670,0,2200|2225|200746|201980|203937,1,REG,2018,201584,,SG,Wing Stopper,-1.36,Green 25' 3PT Jump Shot (9 PTS) (Aldridge 3 AST),SG,Movement Shooter,-0.84
Shot Chart Detail,21700519,362,201980,Danny Green,1610612759,San Antonio Spurs,3,7,42,Made Shot,Jump Shot,3PT Field Goal,Above the Break 3,Left Side Center(LC),24+ ft.,25,-84,242,1,1,20171228,SAS,NYK,21700519362,16980,0,2200|2225|200746|201980|203937,1,REG,2018,201584,,SG,Wing Stopper,-1.36,Green 26' 3PT Jump Shot (12 PTS) (Aldridge 4 AST),SG,Movement Shooter,-0.84
Shot Chart Detail,21700519,381,1627854,Bryn Forbes,1610612759,San Antonio Spurs,3,6,13,Missed Shot,Pullup Jump shot,2PT Field Goal,Mid-Range,Center(C),8-16 ft.,14,1,145,1,0,20171228,SAS,NYK,21700519381,17870,0,2200|200752|203937|1627749|1627854,0,REG,2018,201584,,SG,Wing Stopper,-1.36,MISS Forbes 15' Pullup Jump Shot,SG,Movement Shooter,-0.98
Shot Chart Detail,21700519,405,203937,Kyle Anderson,1610612759,San Antonio Spurs,3,4,25,Made Shot,Jump Shot,2PT Field Goal,Mid-Range,Right Side(R),16-24 ft.,20,209,6,1,1,20171228,SAS,NYK,21700519405,18950,0,2200|200752|203937|1627749|1627854,1,REG,2018,201584,,SG,Wing Stopper,-1.36,Anderson 21' Jump Shot (10 PTS) (Gasol 5 AST),SF,Athletic Finisher,-0.65
Shot Chart Detail,21700519,435,1627749,Dejounte Murray,1610612759,San Antonio Spurs,3,2,43,Missed Shot,Driving Floating Bank Jump Shot,2PT Field Goal,Restricted Area,Center(C),Less Than 8 ft.,3,-26,19,1,0,20171228,SAS,NYK,21700519435,19970,0,1938|2200|200752|1627749|1627854,0,REG,2018,201584,,SG,Wing Stopper,-1.36,MISS Murray 3' Driving Floating Bank Jump Shot,PG,Slasher,-0.79
Shot Chart Detail,21700519,598,1627854,Bryn Forbes,1610612759,San Antonio Spurs,4,3,4,Made Shot,Jump Shot,3PT Field Goal,Left Corner 3,Left Side(L),24+ ft.,22,-227,0,1,1,20171228,SAS,NYK,21700519598,26960,0,1938|2200|200746|201988|1627854,1,REG,2018,201584,,SG,Wing Stopper,-1.36,Forbes 3PT Jump Shot (10 PTS) (Mills 5 AST),SG,Movement Shooter,-0.98
Shot Chart Detail,21700532,25,201950,Jrue Holiday,1610612740,New Orleans Pelicans,1,9,53,Missed Shot,Jump Shot,3PT Field Goal,Above the Break 3,Center(C),24+ ft.,26,53,264,1,0,20171230,NOP,NYK,2170053225,1270,0,200765|201950|202326|202734|203076,0,REG,2018,201584,,SG,Wing Stopper,-1.36,MISS Holiday 27' 3PT Jump Shot,SG,Shot Creator,1.5
Shot Chart Detail,21700532,36,201950,Jrue Holiday,1610612740,New Orleans Pelicans,1,8,47,Made Shot,Driving Finger Roll Layup Shot,2PT Field Goal,In The Paint (Non-RA),Center(C),Less Than 8 ft.,4,6,46,1,1,20171230,NOP,NYK,2170053236,1930,0,200765|201950|202326|202734|203076,0,REG,2018,201584,,SG,Wing Stopper,-1.36,Holiday 5' Driving Finger Roll Layup (2 PTS),SG,Shot Creator,1.5
Shot Chart Detail,21700532,66,202734,E'Twaun Moore,1610612740,New Orleans Pelicans,1,6,47,Made Shot,Driving Layup Shot,2PT Field Goal,In The Paint (Non-RA),Center(C),8-16 ft.,8,-39,76,1,1,20171230,NOP,NYK,2170053266,3130,0,200765|201950|202326|202734|203076,0,REG,2018,201584,,SG,Wing Stopper,-1.36,Moore 9' Driving Layup (2 PTS),SG,Off Screen Shooter,-0.71
Shot Chart Detail,21700532,334,200765,Rajon Rondo,1610612740,New Orleans Pelicans,2,0,42,Missed Shot,Layup Shot,2PT Field Goal,In The Paint (Non-RA),Center(C),Less Than 8 ft.,5,-49,18,1,0,20171230,NOP,NYK,21700532334,13980,0,200765|202326|202734|203076|203121,0,REG,2018,201584,,SG,Wing Stopper,-1.36,MISS Rondo 5' Layup,PG,Primary Ball Handler,0.1
Shot Chart Detail,21700532,358,201950,Jrue Holiday,1610612740,New Orleans Pelicans,3,10,35,Missed Shot,Jump Shot,3PT Field Goal,Above the Break 3,Center(C),24+ ft.,28,81,273,1,0,20171230,NOP,NYK,21700532358,15250,0,200765|201950|202326|202734|203076,0,REG,2018,201584,,SG,Wing Stopper,-1.36,MISS Holiday 28' 3PT Jump Shot,SG,Shot Creator,1.5
Shot Chart Detail,21700532,374,201950,Jrue Holiday,1610612740,New Orleans Pelicans,3,9,7,Made Shot,Jump Shot,3PT Field Goal,Above the Break 3,Center(C),24+ ft.,26,-31,267,1,1,20171230,NOP,NYK,21700532374,16130,0,200765|201950|202326|202734|203076,1,REG,2018,201584,,SG,Wing Stopper,-1.36,Holiday 27' 3PT Jump Shot (5 PTS) (Moore 2 AST),SG,Shot Creator,1.5
Shot Chart Detail,21700532,385,203076,Anthony Davis,1610612740,New Orleans Pelicans,3,8,9,Missed Shot,Jump Shot,2PT Field Goal,In The Paint (Non-RA),Center(C),Less Than 8 ft.,6,58,16,1,0,20171230,NOP,NYK,21700532385,16710,0,200765|201950|202326|202734|203076,0,REG,2018,201584|202683,,,,,,PF,Shot Creator,2.99
Shot Chart Detail,21700532,568,203076,Anthony Davis,1610612740,New Orleans Pelicans,4,5,27,Made Shot,Cutting Dunk Shot,2PT Field Goal,Restricted Area,Center(C),Less Than 8 ft.,3,11,32,1,1,20171230,NOP,NYK,21700532568,25530,0,200765|201950|202326|203076|203121,1,REG,2018,201584|1628373,,,,,,PF,Shot Creator,2.99
Shot Chart Detail,21700550,80,200746,LaMarcus Aldridge,1610612759,San Antonio Spurs,1,5,0,Made Shot,Fadeaway Jump Shot,2PT Field Goal,In The Paint (Non-RA),Center(C),8-16 ft.,9,-7,99,1,1,20180102,NYK,SAS,2170055080,4200,0,1938|200746|201988|202695|203937,1,REG,2018,201584,-1.0,SG,Wing Stopper,-1.36,Aldridge 10' Fadeaway Jumper (9 PTS) (Leonard 2 AST),C,Post Scorer,2.8
Shot Chart Detail,21700550,121,201988,Patty Mills,1610612759,San Antonio Spurs,1,2,41,Made Shot,Jump Shot,3PT Field Goal,Above the Break 3,Right Side Center(RC),24+ ft.,24,145,200,1,1,20180102,NYK,SAS,21700550121,5590,0,1938|2200|201988|202722|203937,1,REG,2018,201584,,SG,Wing Stopper,-1.36,Mills 25' 3PT Jump Shot (3 PTS) (Ginobili 1 AST),PG,Primary Ball Handler,0.93
Shot Chart Detail,21700550,128,2200,Pau Gasol,1610612759,San Antonio Spurs,1,1,39,Missed Shot,Jump Shot,2PT Field Goal,Mid-Range,Left Side Center(LC),16-24 ft.,22,-84,212,1,0,20180102,NYK,SAS,21700550128,6210,0,1938|2200|201988|202722|203937,0,REG,2018,201584,,SG,Wing Stopper,-1.36,MISS Gasol 23' Jump Shot,C,Post Scorer,0.03
Shot Chart Detail,21700550,132,203937,Kyle Anderson,1610612759,San Antonio Spurs,1,1,8,Missed Shot,Floating Jump shot,2PT Field Goal,In The Paint (Non-RA),Center(C),8-16 ft.,11,11,111,1,0,20180102,NYK,SAS,21700550132,6520,0,1938|2200|201988|202722|203937,0,REG,2018,201584|203124,,,,,,SF,Athletic Finisher,-0.65
Shot Chart Detail,21700550,270,1938,Manu Ginobili,1610612759,San Antonio Spurs,2,2,41,Made Shot,Jump Shot,3PT Field Goal,Above the Break 3,Left Side Center(LC),24+ ft.,26,-224,133,1,1,20180102,NYK,SAS,21700550270,12790,0,1938|200746|201988|202695|202722,1,REG,2018,201584,,SG,Wing Stopper,-1.36,Ginobili 26' 3PT Jump Shot (5 PTS) (Leonard 3 AST),SG,Secondary Ball Handler,0.09
Shot Chart Detail,21700550,442,1627749,Dejounte Murray,1610612759,San Antonio Spurs,3,4,0,Missed Shot,Driving Layup Shot,2PT Field Goal,Restricted Area,Center(C),Less Than 8 ft.,2,-13,20,1,0,20180102,NYK,SAS,21700550442,19200,0,1938|200746|201988|203937|1627749,0,REG,2018,201584|204001,,,,,,PG,Slasher,-0.79
Shot Chart Detail,21700550,461,1627749,Dejounte Murray,1610612759,San Antonio Spurs,3,2,12,Missed Shot,Driving Layup Shot,2PT Field Goal,Restricted Area,Center(C),Less Than 8 ft.,3,-21,34,1,0,20180102,NYK,SAS,21700550461,20280,0,1938|200746|201988|203937|1627749,0,REG,2018,201584,,SG,Wing Stopper,-1.36,MISS Murray 4' Driving Layup,PG,Slasher,-0.79
Shot Chart Detail,21700550,564,202695,Kawhi Leonard,1610612759,San Antonio Spurs,4,7,0,Missed Shot,Pullup Jump shot,2PT Field Goal,In The Paint (Non-RA),Center(C),Less Than 8 ft.,7,35,67,1,0,20180102,NYK,SAS,21700550564,24600,0,2200|2225|202695|202722|203937,0,REG,2018,201584,,SG,Wing Stopper,-1.36,MISS Leonard 8' Pullup Jump Shot,SF,Shot Creator,0.39
Shot Chart Detail,21700550,613,1627749,Dejounte Murray,1610612759,San Antonio Spurs,4,4,13,Missed Shot,Driving Floating Jump Shot,2PT Field Goal,In The Paint (Non-RA),Center(C),Less Than 8 ft.,7,55,48,1,0,20180102,NYK,SAS,21700550613,26270,0,1938|2200|200746|201988|1627749,0,REG,2018,201584,,SG,Wing Stopper,-1.36,Lee BLOCK (1 BLK),PG,Slasher,-0.79
Shot Chart Detail,21700550,638,200746,LaMarcus Aldridge,1610612759,San Antonio Spurs,4,2,18,Made Shot,Layup Shot,2PT Field Goal,Restricted Area,Center(C),Less Than 8 ft.,2,-13,16,1,1,20180102,NYK,SAS,21700550638,27420,0,1938|200746|201988|203937|1627749,0,REG,2018,201584|204001,,,,,,C,Post Scorer,2.8
Shot Chart Detail,21700550,653,200746,LaMarcus Aldridge,1610612759,San Antonio Spurs,4,1,20,Made Shot,Dunk Shot,2PT Field Goal,Restricted Area,Center(C),Less Than 8 ft.,1,-2,15,1,1,20180102,NYK,SAS,21700550653,28000,0,1938|200746|201988|1627749|1627854,1,REG,2018,201584,-13.0,SG,Wing Stopper,-1.36,Aldridge 2' Dunk (29 PTS) (Mills 1 AST),C,Post Scorer,2.8
Shot Chart Detail,21700550,657,200746,LaMarcus Aldridge,1610612759,San Antonio Spurs,4,0,47,Missed Shot,Layup Shot,2PT Field Goal,Restricted Area,Center(C),Less Than 8 ft.,3,11,29,1,0,20180102,NYK,SAS,21700550657,28330,0,1938|200746|201988|1627749|1627854,0,REG,2018,201584|101127,,,,,,C,Post Scorer,2.8
Shot Chart Detail,21700550,681,200746,LaMarcus Aldridge,1610612759,San Antonio Spurs,4,0,45,Missed Shot,Layup Shot,2PT Field Goal,Restricted Area,Center(C),Less Than 8 ft.,1,2,14,1,0,20180102,NYK,SAS,21700550681,28350,0,1938|200746|201988|1627749|1627854,0,REG,2018,201584,,SG,Wing Stopper,-1.36,MISS Aldridge 1' Layup,C,Post Scorer,2.8
Shot Chart Detail,21700556,20,101162,Marcin Gortat,1610612764,Washington Wizards,1,9,55,Made Shot,Hook Shot,2PT Field Goal,In The Paint (Non-RA),Center(C),Less Than 8 ft.,5,13,53,1,1,20180103,WAS,NYK,2170055620,1250,0,101162|202322|202693|203078|203490,0,REG,2018,201584|202683|204001,,,,,,C,Post Scorer,-0.9
Shot Chart Detail,21700556,23,203490,Otto Porter Jr.,1610612764,Washington Wizards,1,9,29,Missed Shot,Jump Shot,3PT Field Goal,Above the Break 3,Right Side Center(RC),24+ ft.,24,172,179,1,0,20180103,WAS,NYK,2170055623,1510,0,101162|202322|202693|203078|203490,0,REG,2018,201584,,SG,Wing Stopper,-1.36,MISS Porter Jr. 25' 3PT Jump Shot,SF,Athletic Finisher,0.73
Shot Chart Detail,21700556,30,203078,Bradley Beal,1610612764,Washington Wizards,1,8,30,Made Shot,Driving Reverse Layup Shot,2PT Field Goal,Restricted Area,Center(C),Less Than 8 ft.,1,-12,-4,1,1,20180103,WAS,NYK,2170055630,2100,0,101162|202322|202693|203078|203490,0,REG,2018,201584|202498,,,,,,SG,Shot Creator,1.87
Shot Chart Detail,21700556,63,203490,Otto Porter Jr.,1610612764,Washington Wizards,1,5,28,Made Shot,Driving Floating Jump Shot,2PT Field Goal,In The Paint (Non-RA),Center(C),Less Than 8 ft.,5,53,0,1,1,20180103,WAS,NYK,2170055663,3920,0,101162|202322|202693|203078|203490,0,REG,2018,201584,,SG,Wing Stopper,-1.36,Porter Jr. 5' Driving Floating Jump Shot (5 PTS),SF,Athletic Finisher,0.73
Shot Chart Detail,21700556,238,203078,Bradley Beal,1610612764,Washington Wizards,2,6,4,Made Shot,Jump Shot,3PT Field Goal,Above the Break 3,Left Side Center(LC),24+ ft.,26,-203,163,1,1,20180103,WAS,NYK,21700556238,10760,0,101162|202322|202693|203078|203490,1,REG,2018,201584,,SG,Wing Stopper,-1.36,Beal 26' 3PT Jump Shot (14 PTS) (Wall 5 AST),SG,Shot Creator,1.87
Shot Chart Detail,21700556,267,202322,John Wall,1610612764,Washington Wizards,2,3,59,Made Shot,Running Layup Shot,2PT Field Goal,Restricted Area,Center(C),Less Than 8 ft.,0,-1,8,1,1,20180103,WAS,NYK,21700556267,12010,0,101133|202322|202693|203078|203490,0,REG,2018,201584,,SG,Wing Stopper,-1.36,Wall 1' Running Layup (7 PTS),PG,Shot Creator,1.93
Shot Chart Detail,21700556,309,203078,Bradley Beal,1610612764,Washington Wizards,2,0,3,Missed Shot,Jump Shot,3PT Field Goal,Above the Break 3,Left Side Center(LC),24+ ft.,30,-169,257,1,0,20180103,WAS,NYK,21700556309,14370,0,101133|202322|202693|203078|203490,0,REG,2018,201584,,SG,Wing Stopper,-1.36,MISS Beal 31' 3PT Jump Shot,SG,Shot Creator,1.87
Shot Chart Detail,21700556,339,203078,Bradley Beal,1610612764,Washington Wizards,3,9,55,Made Shot,Driving Layup Shot,2PT Field Goal,Restricted Area,Center(C),Less Than 8 ft.,0,1,0,1,1,20180103,WAS,NYK,21700556339,15650,0,101162|202322|202693|203078|203490,0,REG,2018,201584,,SG,Wing Stopper,-1.36,Beal Driving Layup (20 PTS),SG,Shot Creator,1.87
Shot Chart Detail,21700556,364,203078,Bradley Beal,1610612764,Washington Wizards,3,7,47,Made Shot,Cutting Dunk Shot,2PT Field Goal,Restricted Area,Center(C),Less Than 8 ft.,0,-4,1,1,1,20180103,WAS,NYK,21700556364,16930,0,101162|202322|202693|203078|203490,1,REG,2018,201584|101127,,,,,,SG,Shot Creator,1.87
Shot Chart Detail,21700556,534,201975,Jodie Meeks,1610612764,Washington Wizards,4,6,44,Missed Shot,Pullup Jump shot,3PT Field Goal,Above the Break 3,Left Side Center(LC),24+ ft.,25,-82,245,1,0,20180103,WAS,NYK,21700556534,24760,0,101133|201975|203107|203118|1626162,0,REG,2018,201584,,SG,Wing Stopper,-1.36,MISS Meeks 26' 3PT Pullup Jump Shot,SG,Off Screen Shooter,0.56
Shot Chart Detail,21700568,18,203482,Kelly Olynyk,1610612748,Miami Heat,1,10,26,Made Shot,Cutting Layup Shot,2PT Field Goal,Restricted Area,Center(C),Less Than 8 ft.,1,17,0,1,1,20180105,MIA,NYK,2170056818,940,0,201609|202355|203482|204020|1626196,1,REG,2018,201584,,SG,Wing Stopper,-1.36,Olynyk 2' Cutting Layup Shot (2 PTS) (Dragic 1 AST),PF,Stretch Big,0.0
Shot Chart Detail,21700568,104,201961,Wayne Ellington,1610612748,Miami Heat,1,2,38,Made Shot,Jump Shot,3PT Field Goal,Above the Break 3,Left Side Center(LC),24+ ft.,25,-100,234,1,1,20180105,MIA,NYK,21700568104,5620,0,201949|201961|204020|1627884|1628389,1,REG,2018,201584,,SG,Wing Stopper,-1.36,Ellington 25' 3PT Jump Shot (3 PTS) (T. Johnson 2 AST),SG,Off Screen Shooter,1.01
Shot Chart Detail,21700568,119,201961,Wayne Ellington,1610612748,Miami Heat,1,0,46,Made Shot,Jump Shot,3PT Field Goal,Above the Break 3,Left Side Center(LC),24+ ft.,24,-201,148,1,1,20180105,MIA,NYK,21700568119,6740,0,201949|201961|204020|1627884|1628389,1,REG,2018,201584,,SG,Wing Stopper,-1.36,Ellington 25' 3PT Jump Shot (6 PTS) (J. Johnson 1 AST),SG,Off Screen Shooter,1.01
Shot Chart Detail,21700568,281,201609,Goran Dragic,1610612748,Miami Heat,2,0,2,Made Shot,Jump Shot,2PT Field Goal,Restricted Area,Center(C),Less Than 8 ft.,2,-13,17,1,1,20180105,MIA,NYK,21700568281,14380,0,201609|201949|202355|204020|1626196,0,REG,2018,201584,,SG,Wing Stopper,-1.36,Dragic 2' Jump Shot (11 PTS),PG,Slasher,0.73
Shot Chart Detail,21700568,337,203482,Kelly Olynyk,1610612748,Miami Heat,3,8,13,Missed Shot,Jump Shot,3PT Field Goal,Right Corner 3,Right Side(R),24+ ft.,23,227,69,1,0,20180105,MIA,NYK,21700568337,16670,0,201609|202355|203482|204020|1626196,0,REG,2018,201584,,SG,Wing Stopper,-1.36,MISS Olynyk 24' 3PT Jump Shot,PF,Stretch Big,0.0
Shot Chart Detail,21700568,377,201961,Wayne Ellington,1610612748,Miami Heat,3,4,56,Missed Shot,Jump Shot,3PT Field Goal,Above the Break 3,Right Side Center(RC),24+ ft.,25,160,193,1,0,20180105,MIA,NYK,21700568377,18640,0,201609|201961|202355|203482|204020,0,REG,2018,201584,,SG,Wing Stopper,-1.36,MISS Ellington 25' 3PT Jump Shot,SG,Off Screen Shooter,1.01
Shot Chart Detail,21700568,396,201961,Wayne Ellington,1610612748,Miami Heat,3,3,45,Made Shot,Jump Shot,3PT Field Goal,Above the Break 3,Right Side Center(RC),24+ ft.,25,105,232,1,1,20180105,MIA,NYK,21700568396,19350,0,201609|201949|201961|204020|1628389,1,REG,2018,201584|204001,,,,,,SG,Off Screen Shooter,1.01
Shot Chart Detail,21700568,534,203482,Kelly Olynyk,1610612748,Miami Heat,4,3,34,Missed Shot,Jump Shot,3PT Field Goal,Above the Break 3,Right Side Center(RC),24+ ft.,24,184,169,1,0,20180105,MIA,NYK,21700568534,26660,0,201609|201949|201961|203482|1626196,0,REG,2018,201584,,SG,Wing Stopper,-1.36,MISS Olynyk 25' 3PT Jump Shot,PF,Stretch Big,0.0
Shot Chart Detail,21700568,536,203482,Kelly Olynyk,1610612748,Miami Heat,4,3,27,Made Shot,Cutting Layup Shot,2PT Field Goal,Restricted Area,Center(C),Less Than 8 ft.,1,-17,8,1,1,20180105,MIA,NYK,21700568536,26730,0,201609|201949|201961|203482|1626196,1,REG,2018,201584|204001,,,,,,PF,Stretch Big,0.0
Shot Chart Detail,21700568,546,201609,Goran Dragic,1610612748,Miami Heat,4,2,41,Made Shot,Jump Shot,3PT Field Goal,Above the Break 3,Right Side Center(RC),24+ ft.,25,201,161,1,1,20180105,MIA,NYK,21700568546,27190,0,201609|201949|201961|203482|1626196,1,REG,2018,201584,,SG,Wing Stopper,-1.36,Dragic 26' 3PT Jump Shot (16 PTS) (Olynyk 3 AST),PG,Slasher,0.73
Shot Chart Detail,21700568,623,201961,Wayne Ellington,1610612748,Miami Heat,5,2,22,Made Shot,Jump Shot,3PT Field Goal,Above the Break 3,Left Side Center(LC),24+ ft.,25,-155,206,1,1,20180105,MIA,NYK,21700568623,30380,1,201609|201949|201961|203482|1626196,1,REG,2018,201584|204001,,,,,,SG,Off Screen Shooter,1.01
Shot Chart Detail,21700587,312,1626257,Salah Mejri,1610612742,Dallas Mavericks,2,0,33,Made Shot,Cutting Dunk Shot,2PT Field Goal,Restricted Area,Center(C),Less Than 8 ft.,0,-9,2,1,1,20180107,DAL,NYK,21700587312,14070,0,202083|203084|1626257|1627812|1628372,1,REG,2018,201584,,SG,Wing Stopper,-1.36,Mejri 1' Cutting Dunk Shot (7 PTS) (Smith Jr. 4 AST),C,Roll + Cut Big,-0.95
Shot Chart Detail,21700587,362,202083,Wesley Matthews,1610612742,Dallas Mavericks,3,8,38,Made Shot,Driving Floating Bank Jump Shot,2PT Field Goal,In The Paint (Non-RA),Center(C),8-16 ft.,11,-16,110,1,1,20180107,DAL,NYK,21700587362,16420,0,1717|202083|203084|1628372|1628467,1,REG,2018,201584,,SG,Wing Stopper,-1.36,Matthews 11' Driving Floating Bank Jump Shot (12 PTS) (Smith Jr. 5 AST),SF,Off Screen Shooter,-0.65
Shot Chart Detail,21700587,366,202083,Wesley Matthews,1610612742,Dallas Mavericks,3,8,5,Missed Shot,Turnaround Jump Shot,2PT Field Goal,Restricted Area,Center(C),Less Than 8 ft.,1,-15,4,1,0,20180107,DAL,NYK,21700587366,16750,0,1717|202083|203084|1628372|1628467,0,REG,2018,201584,,SG,Wing Stopper,-1.36,MISS Matthews 2' Turnaround Jump Shot,SF,Off Screen Shooter,-0.65
Shot Chart Detail,21700587,384,202083,Wesley Matthews,1610612742,Dallas Mavericks,3,6,41,Missed Shot,Jump Shot,2PT Field Goal,Mid-Range,Left Side Center(LC),16-24 ft.,18,-116,147,1,0,20180107,DAL,NYK,21700587384,17590,0,1717|202083|203084|1628372|1628467,0,REG,2018,201584,,SG,Wing Stopper,-1.36,MISS Matthews 19' Jump Shot,SF,Off Screen Shooter,-0.65
Shot Chart Detail,21700587,462,203939,Dwight Powell,1610612742,Dallas Mavericks,3,0,8,Missed Shot,Jump Shot,3PT Field Goal,Above the Break 3,Center(C),24+ ft.,24,-76,236,1,0,20180107,DAL,NYK,21700587462,21520,0,2734|200826|203084|203939|1628467,0,REG,2018,201584,,SG,Wing Stopper,-1.36,MISS Powell 25' 3PT Jump Shot,C,Roll + Cut Big,-0.04
Shot Chart Detail,21700587,602,2734,Devin Harris,1610612742,Dallas Mavericks,4,2,28,Made Shot,Jump Shot,3PT Field Goal,Above the Break 3,Left Side Center(LC),24+ ft.,25,-169,185,1,1,20180107,DAL,NYK,21700587602,27320,0,2734|200826|202083|203084|1626257,1,REG,2018,201584,,SG,Wing Stopper,-1.36,Harris 25' 3PT Jump Shot (11 PTS) (Barnes 3 AST),PG,Secondary Ball Handler,0.1
Shot Chart Detail,21700607,13,1628374,Lauri Markkanen,1610612741,Chicago Bulls,1,10,56,Missed Shot,Jump Shot,3PT Field Goal,Above the Break 3,Right Side Center(RC),24+ ft.,26,159,210,1,0,20180110,NYK,CHI,2170060713,640,0,201577|203200|1627739|1627756|1628374,0,REG,2018,201584,,SG,Wing Stopper,-1.36,MISS Markkanen 26' 3PT Jump Shot,PF,Movement Shooter,0.01
Shot Chart Detail,21700607,24,1627756,Denzel Valentine,1610612741,Chicago Bulls,1,9,49,Made Shot,Driving Layup Shot,2PT Field Goal,Restricted Area,Center(C),Less Than 8 ft.,2,-2,22,1,1,20180110,NYK,CHI,2170060724,1310,0,201577|203200|1627739|1627756|1628374,0,REG,2018,201584,,SG,Wing Stopper,-1.36,Valentine 2' Driving Layup (4 PTS),SG,Secondary Ball Handler,-1.33
Shot Chart Detail,21700607,36,203200,Justin Holiday,1610612741,Chicago Bulls,1,7,58,Missed Shot,Jump Shot,2PT Field Goal,Mid-Range,Right Side Center(RC),16-24 ft.,22,117,189,1,0,20180110,NYK,CHI,2170060736,2420,0,201577|203200|1627739|1627756|1628374,0,REG,2018,201584,,SG,Wing Stopper,-1.36,MISS Holiday 22' Jump Shot,SG,Movement Shooter,-1.13
Shot Chart Detail,21700607,46,201577,Robin Lopez,1610612741,Chicago Bulls,1,7,14,Made Shot,Layup Shot,2PT Field Goal,Restricted Area,Center(C),Less Than 8 ft.,2,-4,20,1,1,20180110,NYK,CHI,2170060746,2860,0,201577|203200|1627739|1627756|1628374,1,REG,2018,201584,,SG,Wing Stopper,-1.36,Lopez 2' Layup (2 PTS) (Valentine 1 AST),C,Post Scorer,-2.13
Shot Chart Detail,21700607,90,1628374,Lauri Markkanen,1610612741,Chicago Bulls,1,3,6,Made Shot,Jump Shot,3PT Field Goal,Above the Break 3,Left Side Center(LC),24+ ft.,25,-176,187,1,1,20180110,NYK,CHI,2170060790,5340,0,201577|203200|1627739|1628021|1628374,1,REG,2018,201584,,SG,Wing Stopper,-1.36,Markkanen 26' 3PT Jump Shot (11 PTS) (Dunn 3 AST),PF,Movement Shooter,0.01
Shot Chart Detail,21700607,255,203200,Justin Holiday,1610612741,Chicago Bulls,2,0,52,Made Shot,Driving Dunk Shot,2PT Field Goal,Restricted Area,Center(C),Less Than 8 ft.,1,5,9,1,1,20180110,NYK,CHI,21700607255,13880,0,201577|203200|1627739|1627756|1628374,1,REG,2018,201584,-2.0,SG,Wing Stopper,-1.36,Holiday 1' Driving Dunk (4 PTS) (Dunn 5 AST),SG,Movement Shooter,-1.13
Shot Chart Detail,21700607,321,1627739,Kris Dunn,1610612741,Chicago Bulls,3,5,17,Missed Shot,Floating Jump shot,2PT Field Goal,In The Paint (Non-RA),Center(C),Less Than 8 ft.,5,-34,37,1,0,20180110,NYK,CHI,21700607321,18430,0,201577|203200|1627739|1627756|1628374,0,REG,2018,201584|202683,,,,,,PG,Slasher,-1.66
Shot Chart Detail,21700607,527,203200,Justin Holiday,1610612741,Chicago Bulls,4,2,57,Made Shot,Jump Shot,3PT Field Goal,Above the Break 3,Right Side Center(RC),24+ ft.,25,190,170,1,1,20180110,NYK,CHI,21700607527,27030,0,201577|203200|1627739|1627756|1628374,1,REG,2018,201584,,SG,Wing Stopper,-1.36,Holiday 25' 3PT Jump Shot (12 PTS) (Lopez 2 AST),SG,Movement Shooter,-1.13
Shot Chart Detail,21700607,539,203200,Justin Holiday,1610612741,Chicago Bulls,4,2,12,Made Shot,Jump Bank Shot,2PT Field Goal,In The Paint (Non-RA),Center(C),Less Than 8 ft.,4,-36,25,1,1,20180110,NYK,CHI,21700607539,27480,0,201577|203200|1627739|1627756|1628374,0,REG,2018,201584,,SG,Wing Stopper,-1.36,Holiday 4' Jump Bank Shot (14 PTS),SG,Movement Shooter,-1.13
Shot Chart Detail,21700607,647,201577,Robin Lopez,1610612741,Chicago Bulls,6,4,6,Made Shot,Dunk Shot,2PT Field Goal,Restricted Area,Center(C),Less Than 8 ft.,1,4,13,1,1,20180110,NYK,CHI,21700607647,32340,2,201577|203200|1627739|1628021|1628374,1,REG,2018,201584|203124,4.0,,,,,C,Post Scorer,-2.13
Shot Chart Detail,21700607,653,203200,Justin Holiday,1610612741,Chicago Bulls,6,3,17,Missed Shot,Driving Reverse Layup Shot,2PT Field Goal,Restricted Area,Center(C),Less Than 8 ft.,1,13,1,1,0,20180110,NYK,CHI,21700607653,32830,2,201577|203200|1627739|1628021|1628374,0,REG,2018,201584,,SG,Wing Stopper,-1.36,MISS Holiday 1' Driving Reverse Layup,SG,Movement Shooter,-1.13
Shot Chart Detail,21700623,15,203952,Andrew Wiggins,1610612750,Minnesota Timberwolves,1,11,2,Made Shot,Turnaround Jump Shot,2PT Field Goal,In The Paint (Non-RA),Center(C),Less Than 8 ft.,6,16,61,1,1,20180112,MIN,NYK,2170062315,580,0,201952|201959|202710|203952|1626157,0,REG,2018,201584,,SG,Wing Stopper,-1.36,Wiggins 6' Turnaround Jump Shot (2 PTS),SF,Shot Creator,0.96
Shot Chart Detail,21700623,57,203952,Andrew Wiggins,1610612750,Minnesota Timberwolves,1,7,3,Made Shot,Finger Roll Layup Shot,2PT Field Goal,Restricted Area,Center(C),Less Than 8 ft.,3,3,31,1,1,20180112,MIN,NYK,2170062357,2970,0,201952|201959|202710|203952|1626157,0,REG,2018,201584,,SG,Wing Stopper,-1.36,Wiggins 3' Finger Roll Layup (4 PTS),SF,Shot Creator,0.96
Shot Chart Detail,21700623,152,2037,Jamal Crawford,1610612750,Minnesota Timberwolves,2,11,33,Made Shot,Pullup Jump shot,2PT Field Goal,Mid-Range,Center(C),16-24 ft.,16,7,166,1,1,20180112,MIN,NYK,21700623152,7470,0,2037|202357|203476|1626145|1626157,1,REG,2018,201584,,SG,Wing Stopper,-1.36,Crawford 17' Pullup Jump Shot (7 PTS) (Towns 3 AST),SG,Shot Creator,-0.29
Shot Chart Detail,21700623,179,2037,Jamal Crawford,1610612750,Minnesota Timberwolves,2,7,35,Missed Shot,Pullup Jump shot,3PT Field Goal,Above the Break 3,Right Side Center(RC),24+ ft.,25,107,229,1,0,20180112,MIN,NYK,21700623179,9850,0,2037|202357|203476|1626145|1626157,0,REG,2018,201584,,SG,Wing Stopper,-1.36,MISS Crawford 25' 3PT Pullup Jump Shot,SG,Shot Creator,-0.29
Shot Chart Detail,21700623,205,201952,Jeff Teague,1610612750,Minnesota Timberwolves,2,6,15,Made Shot,Running Layup Shot,2PT Field Goal,Restricted Area,Center(C),Less Than 8 ft.,1,-10,8,1,1,20180112,MIN,NYK,21700623205,10650,0,201952|201959|202710|203952|1626157,0,REG,2018,201584,,SG,Wing Stopper,-1.36,Teague 1' Running Layup (5 PTS),PG,Shot Creator,1.22
Shot Chart Detail,21700623,282,202710,Jimmy Butler III,1610612750,Minnesota Timberwolves,2,0,3,Made Shot,Cutting Layup Shot,2PT Field Goal,Restricted Area,Center(C),Less Than 8 ft.,0,-4,9,1,1,20180112,MIN,NYK,21700623282,14370,0,201952|201959|202710|203952|1626157,1,REG,2018,201584,,SG,Wing Stopper,-1.36,Butler 1' Cutting Layup Shot (6 PTS) (Towns 5 AST),SG,Shot Creator,3.1
Shot Chart Detail,21700623,330,203952,Andrew Wiggins,1610612750,Minnesota Timberwolves,3,8,53,Missed Shot,Layup Shot,2PT Field Goal,Restricted Area,Center(C),Less Than 8 ft.,1,-5,10,1,0,20180112,MIN,NYK,21700623330,16270,0,201952|201959|202710|203952|1626157,0,REG,2018,201584,,SG,Wing Stopper,-1.36,MISS Wiggins 1' Layup,SF,Shot Creator,0.96
Shot Chart Detail,21700623,336,201952,Jeff Teague,1610612750,Minnesota Timberwolves,3,8,33,Missed Shot,Jump Shot,3PT Field Goal,Above the Break 3,Left Side Center(LC),24+ ft.,26,-101,241,1,0,20180112,MIN,NYK,21700623336,16470,0,201952|201959|202710|203952|1626157,0,REG,2018,201584,,SG,Wing Stopper,-1.36,MISS Teague 26' 3PT Jump Shot,PG,Shot Creator,1.22
Shot Chart Detail,21700623,356,203952,Andrew Wiggins,1610612750,Minnesota Timberwolves,3,6,16,Made Shot,Layup Shot,2PT Field Goal,Restricted Area,Center(C),Less Than 8 ft.,1,-7,13,1,1,20180112,MIN,NYK,21700623356,17840,0,201952|201959|202710|203952|1626157,1,REG,2018,201584,,SG,Wing Stopper,-1.36,Wiggins 1' Layup (13 PTS) (Teague 8 AST),SF,Shot Creator,0.96
Shot Chart Detail,21700623,463,2037,Jamal Crawford,1610612750,Minnesota Timberwolves,4,10,23,Missed Shot,Jump Shot,3PT Field Goal,Left Corner 3,Left Side(L),24+ ft.,23,-231,15,1,0,20180112,MIN,NYK,21700623463,22570,0,2037|202357|203476|1626145|1626157,0,REG,2018,201584,,SG,Wing Stopper,-1.36,MISS Crawford 3PT Jump Shot,SG,Shot Creator,-0.29
Shot Chart Detail,21700623,468,202357,Nemanja Bjelica,1610612750,Minnesota Timberwolves,4,9,39,Made Shot,Cutting Layup Shot,2PT Field Goal,Restricted Area,Center(C),Less Than 8 ft.,1,6,12,1,1,20180112,MIN,NYK,21700623468,23010,0,2037|202357|203476|1626145|1626157,1,REG,2018,201584,,SG,Wing Stopper,-1.36,Bjelica 1' Cutting Layup Shot (7 PTS) (Towns 7 AST),PF,Athletic Finisher,-0.64
Shot Chart Detail,21700623,527,2037,Jamal Crawford,1610612750,Minnesota Timberwolves,4,5,25,Made Shot,Pullup Jump shot,3PT Field Goal,Above the Break 3,Center(C),24+ ft.,27,-27,272,1,1,20180112,MIN,NYK,21700623527,25550,0,2037|201952|202710|203476|1626157,1,REG,2018,201584,,SG,Wing Stopper,-1.36,Crawford 27' 3PT Pullup Jump Shot (10 PTS) (Towns 9 AST),SG,Shot Creator,-0.29
Shot Chart Detail,21700623,556,202710,Jimmy Butler III,1610612750,Minnesota Timberwolves,4,2,53,Missed Shot,Pullup Jump shot,2PT Field Goal,Mid-Range,Left Side(L),8-16 ft.,14,-100,100,1,0,20180112,MIN,NYK,21700623556,27070,0,201952|201959|202710|203952|1626157,0,REG,2018,201584,,SG,Wing Stopper,-1.36,MISS Butler 14' Pullup Jump Shot,SG,Shot Creator,3.1
Shot Chart Detail,21700635,26,202734,E'Twaun Moore,1610612740,New Orleans Pelicans,1,10,0,Made Shot,Jump Shot,3PT Field Goal,Above the Break 3,Left Side Center(LC),24+ ft.,25,-161,198,1,1,20180114,NYK,NOP,2170063526,1200,0,200765|201950|202326|202734|203076,1,REG,2018,201584,,SG,Wing Stopper,-1.36,Moore 26' 3PT Jump Shot (3 PTS) (Rondo 1 AST),SG,Off Screen Shooter,-0.71
Shot Chart Detail,21700635,73,200765,Rajon Rondo,1610612740,New Orleans Pelicans,1,5,32,Missed Shot,Driving Layup Shot,2PT Field Goal,Restricted Area,Center(C),Less Than 8 ft.,2,-18,13,1,0,20180114,NYK,NOP,2170063573,3880,0,200765|201950|202326|202734|203076,0,REG,2018,201584|101127,,,,,,PG,Primary Ball Handler,0.1
Shot Chart Detail,21700635,188,201950,Jrue Holiday,1610612740,New Orleans Pelicans,2,9,56,Made Shot,Driving Finger Roll Layup Shot,2PT Field Goal,Restricted Area,Center(C),Less Than 8 ft.,1,-5,19,1,1,20180114,NYK,NOP,21700635188,8440,0,201950|201967|202326|203121|203546,1,REG,2018,201584|203124,,,,,,SG,Shot Creator,1.5
Shot Chart Detail,21700635,527,202734,E'Twaun Moore,1610612740,New Orleans Pelicans,4,9,39,Missed Shot,Layup Shot,2PT Field Goal,Restricted Area,Center(C),Less Than 8 ft.,1,-12,10,1,0,20180114,NYK,NOP,21700635527,23010,0,201950|202326|202734|203076|203546,0,REG,2018,201584,,SG,Wing Stopper,-1.36,MISS Moore 2' Layup,SG,Off Screen Shooter,-0.71
Shot Chart Detail,21700635,621,203546,Ian Clark,1610612740,New Orleans Pelicans,4,2,12,Made Shot,Driving Layup Shot,2PT Field Goal,Restricted Area,Center(C),Less Than 8 ft.,0,2,0,1,1,20180114,NYK,NOP,21700635621,27480,0,201950|202326|202734|203076|203546,1,REG,2018,201584,,SG,Wing Stopper,-1.36,Clark Driving Layup (5 PTS) (Holiday 4 AST),SG,Movement Shooter,-1.52
Shot Chart Detail,21700635,690,201950,Jrue Holiday,1610612740,New Orleans Pelicans,5,1,52,Made Shot,Jump Shot,2PT Field Goal,In The Paint (Non-RA),Center(C),Less Than 8 ft.,4,-20,37,1,1,20180114,NYK,NOP,21700635690,30680,1,201950|202326|202734|203076|203546,0,REG,2018,201584,,SG,Wing Stopper,-1.36,Holiday 4' Jump Shot (29 PTS),SG,Shot Creator,1.5
Shot Chart Detail,21700642,7,203459,Allen Crabbe,1610612751,Brooklyn Nets,1,11,40,Missed Shot,Pullup Jump shot,2PT Field Goal,Mid-Range,Center(C),16-24 ft.,19,-54,188,1,0,20180115,BKN,NYK,217006427,200,0,201960|203092|203459|203915|1626178,0,REG,2018,201584,,SG,Wing Stopper,-1.36,MISS Crabbe 20' Pullup Jump Shot,SG,Off Screen Shooter,-0.13
Shot Chart Detail,21700642,17,203092,Tyler Zeller,1610612751,Brooklyn Nets,1,10,27,Missed Shot,Cutting Layup Shot,2PT Field Goal,Restricted Area,Center(C),Less Than 8 ft.,1,11,2,1,0,20180115,BKN,NYK,2170064217,930,0,201960|203092|203459|203915|1626178,0,REG,2018,201584,,SG,Wing Stopper,-1.36,MISS Zeller 1' Cutting Layup Shot,C,Roll + Cut Big,-1.23
Shot Chart Detail,21700642,20,203092,Tyler Zeller,1610612751,Brooklyn Nets,1,10,24,Made Shot,Putback Layup Shot,2PT Field Goal,Restricted Area,Center(C),Less Than 8 ft.,1,10,-1,1,1,20180115,BKN,NYK,2170064220,960,0,201960|203092|203459|203915|1626178,0,REG,2018,201584|202683,,,,,,C,Roll + Cut Big,-1.23
Shot Chart Detail,21700642,79,203459,Allen Crabbe,1610612751,Brooklyn Nets,1,4,45,Missed Shot,Jump Shot,3PT Field Goal,Above the Break 3,Center(C),24+ ft.,25,20,252,1,0,20180115,BKN,NYK,2170064279,4350,0,201960|203092|203459|203915|1626178,0,REG,2018,201584,,SG,Wing Stopper,-1.36,MISS Crabbe 25' 3PT Jump Shot,SG,Off Screen Shooter,-0.13
Shot Chart Detail,21700642,252,1626178,Rondae Hollis-Jefferson,1610612751,Brooklyn Nets,2,5,3,Missed Shot,Turnaround Jump Shot,2PT Field Goal,In The Paint (Non-RA),Center(C),Less Than 8 ft.,7,6,75,1,0,20180115,BKN,NYK,21700642252,11370,0,201960|203915|203925|1626143|1626178,0,REG,2018,201584,,SG,Wing Stopper,-1.36,MISS Hollis-Jefferson 8' Turnaround Jump Shot,SF,Shot Creator,-0.94
Shot Chart Detail,21700642,347,203459,Allen Crabbe,1610612751,Brooklyn Nets,3,10,45,Missed Shot,Jump Shot,3PT Field Goal,Above the Break 3,Left Side Center(LC),24+ ft.,24,-221,106,1,0,20180115,BKN,NYK,21700642347,15150,0,201960|203092|203459|203915|1626178,0,REG,2018,201584|202498,,,,,,SG,Off Screen Shooter,-0.13
Shot Chart Detail,21700642,450,203112,Quincy Acy,1610612751,Brooklyn Nets,3,5,20,Missed Shot,Jump Shot,3PT Field Goal,Above the Break 3,Left Side Center(LC),24+ ft.,24,-108,220,1,0,20180115,BKN,NYK,21700642450,18400,0,203112|203915|203925|1626178|1627747,0,REG,2018,201584,,SG,Wing Stopper,-1.36,MISS Acy 25' 3PT Jump Shot,PF,Stationary Shooter,-1.56
Shot Chart Detail,21700658,10,1628415,Dillon Brooks,1610612763,Memphis Grizzlies,1,11,20,Made Shot,Driving Reverse Layup Shot,2PT Field Goal,Restricted Area,Center(C),Less Than 8 ft.,1,14,11,1,1,20180117,MEM,NYK,2170065810,400,0,201936|203210|1626150|1627738|1628415,1,REG,2018,201584,,SG,Wing Stopper,-1.36,Brooks 2' Driving Reverse Layup (2 PTS) (Evans 1 AST),SF,Secondary Ball Handler,-1.97
Shot Chart Detail,21700658,18,1628415,Dillon Brooks,1610612763,Memphis Grizzlies,1,10,30,Made Shot,Pullup Jump shot,2PT Field Goal,Mid-Range,Center(C),16-24 ft.,21,45,214,1,1,20180117,MEM,NYK,2170065818,900,0,201936|203210|1626150|1627738|1628415,1,REG,2018,201584,,SG,Wing Stopper,-1.36,Brooks 22' Pullup Jump Shot (4 PTS) (Evans 2 AST),SF,Secondary Ball Handler,-1.97
Shot Chart Detail,21700658,34,1628415,Dillon Brooks,1610612763,Memphis Grizzlies,1,8,30,Missed Shot,Jump Shot,3PT Field Goal,Above the Break 3,Right Side Center(RC),24+ ft.,25,106,235,1,0,20180117,MEM,NYK,2170065834,2100,0,201936|203210|1626150|1627738|1628415,0,REG,2018,201584,,SG,Wing Stopper,-1.36,MISS Brooks 26' 3PT Jump Shot,SF,Secondary Ball Handler,-1.97
Shot Chart Detail,21700658,36,1627738,Deyonta Davis,1610612763,Memphis Grizzlies,1,8,22,Made Shot,Cutting Dunk Shot,2PT Field Goal,Restricted Area,Center(C),Less Than 8 ft.,0,5,4,1,1,20180117,MEM,NYK,2170065836,2180,0,201936|203210|1626150|1627738|1628415,1,REG,2018,201584,,SG,Wing Stopper,-1.36,Davis 1' Cutting Dunk Shot (2 PTS) (Brooks 1 AST),C,Roll + Cut Big,-1.63
Shot Chart Detail,21700658,59,201596,Mario Chalmers,1610612763,Memphis Grizzlies,1,6,15,Missed Shot,Jump Shot,3PT Field Goal,Right Corner 3,Right Side(R),24+ ft.,23,228,74,1,0,20180117,MEM,NYK,2170065859,3450,0,201596|201936|1626185|1627738|1628415,0,REG,2018,201584,,SG,Wing Stopper,-1.36,MISS Chalmers 24' 3PT Jump Shot,PG,Primary Ball Handler,-0.69
Shot Chart Detail,21700658,259,201936,Tyreke Evans,1610612763,Memphis Grizzlies,2,3,3,Made Shot,Step Back Jump shot,2PT Field Goal,Mid-Range,Right Side Center(RC),16-24 ft.,21,96,192,1,1,20180117,MEM,NYK,21700658259,12570,0,201596|201936|203210|1628397|1628415,0,REG,2018,201584,,SG,Wing Stopper,-1.36,Evans 21' Step Back Jump Shot (13 PTS),PG,Shot Creator,2.21
Shot Chart Detail,21700658,269,201936,Tyreke Evans,1610612763,Memphis Grizzlies,2,2,7,Made Shot,Running Finger Roll Layup Shot,2PT Field Goal,Restricted Area,Center(C),Less Than 8 ft.,0,-4,3,1,1,20180117,MEM,NYK,21700658269,13130,0,201596|201936|203210|1628397|1628415,0,REG,2018,201584,,SG,Wing Stopper,-1.36,Evans 1' Running Finger Roll Layup (15 PTS),PG,Shot Creator,2.21
Shot Chart Detail,21700658,275,201936,Tyreke Evans,1610612763,Memphis Grizzlies,2,1,11,Missed Shot,Step Back Jump shot,2PT Field Goal,Mid-Range,Right Side Center(RC),16-24 ft.,21,107,188,1,0,20180117,MEM,NYK,21700658275,13690,0,201596|201936|203210|1628397|1628415,0,REG,2018,201584,,SG,Wing Stopper,-1.36,MISS Evans 22' Step Back Jump Shot,PG,Shot Creator,2.21
Shot Chart Detail,21700658,309,1628415,Dillon Brooks,1610612763,Memphis Grizzlies,3,11,44,Made Shot,Jump Shot,3PT Field Goal,Above the Break 3,Right Side Center(RC),24+ ft.,25,189,167,1,1,20180117,MEM,NYK,21700658309,14560,0,201936|203210|1626150|1627738|1628415,1,REG,2018,201584,,SG,Wing Stopper,-1.36,Brooks 25' 3PT Jump Shot (10 PTS) (Evans 5 AST),SF,Secondary Ball Handler,-1.97
Shot Chart Detail,21700658,571,201936,Tyreke Evans,1610612763,Memphis Grizzlies,4,5,27,Missed Shot,Step Back Jump shot,3PT Field Goal,Above the Break 3,Center(C),24+ ft.,26,-61,258,1,0,20180117,MEM,NYK,21700658571,25530,0,201936|203210|1626150|1626185|1628415,0,REG,2018,201584,,SG,Wing Stopper,-1.36,MISS Evans 27' 3PT Step Back Jump Shot,PG,Shot Creator,2.21
Shot Chart Detail,21700658,596,201936,Tyreke Evans,1610612763,Memphis Grizzlies,4,3,39,Missed Shot,Jump Shot,2PT Field Goal,Mid-Range,Left Side(L),16-24 ft.,20,-185,95,1,0,20180117,MEM,NYK,21700658596,26610,0,201936|203210|203516|1626185|1628415,0,REG,2018,201584,,SG,Wing Stopper,-1.36,MISS Evans 21' Jump Shot,PG,Shot Creator,2.21
Shot Chart Detail,21700658,606,203516,James Ennis III,1610612763,Memphis Grizzlies,4,2,52,Made Shot,Jump Shot,2PT Field Goal,Mid-Range,Left Side(L),16-24 ft.,17,-170,-10,1,1,20180117,MEM,NYK,21700658606,27080,0,201936|203210|203516|1626185|1628415,1,REG,2018,201584|204001,,,,,,SF,Athletic Finisher,-1.26
Shot Chart Detail,21700658,609,201936,Tyreke Evans,1610612763,Memphis Grizzlies,4,2,10,Missed Shot,Fadeaway Jump Shot,2PT Field Goal,Mid-Range,Left Side Center(LC),16-24 ft.,17,-88,157,1,0,20180117,MEM,NYK,21700658609,27500,0,201936|203210|203516|1626185|1628415,0,REG,2018,201584|204001,4.0,,,,,PG,Shot Creator,2.21
Shot Chart Detail,21700658,614,201936,Tyreke Evans,1610612763,Memphis Grizzlies,4,1,34,Missed Shot,Driving Layup Shot,2PT Field Goal,Restricted Area,Center(C),Less Than 8 ft.,1,-11,8,1,0,20180117,MEM,NYK,21700658614,27860,0,201936|203210|203516|1626185|1628415,0,REG,2018,201584|201563,,,,,,PG,Shot Creator,2.21
Shot Chart Detail,21700658,624,201936,Tyreke Evans,1610612763,Memphis Grizzlies,4,0,26,Missed Shot,Pullup Jump shot,2PT Field Goal,Mid-Range,Left Side Center(LC),16-24 ft.,23,-73,220,1,0,20180117,MEM,NYK,21700658624,28540,0,201936|203210|203516|1626185|1628415,0,REG,2018,201584,,SG,Wing Stopper,-1.36,MISS Evans 23' Pullup Jump Shot,PG,Shot Creator,2.21
Shot Chart Detail,21700672,32,1628378,Donovan Mitchell,1610612762,Utah Jazz,1,9,32,Missed Shot,Jump Shot,3PT Field Goal,Above the Break 3,Right Side Center(RC),24+ ft.,25,139,214,1,0,20180119,UTA,NYK,2170067232,1480,0,201937|202324|203497|203918|1628378,0,REG,2018,201584,,SG,Wing Stopper,-1.36,MISS Mitchell 26' 3PT Jump Shot,SG,Primary Ball Handler,1.05
Shot Chart Detail,21700672,130,2207,Joe Johnson,1610612762,Utah Jazz,1,1,52,Made Shot,Floating Jump shot,2PT Field Goal,In The Paint (Non-RA),Center(C),Less Than 8 ft.,6,-5,68,1,1,20180119,UTA,NYK,21700672130,6080,0,2207|202324|203526|203918|204060,0,REG,2018,201584,,SG,Wing Stopper,-1.36,Johnson 7' Floating Jump Shot (2 PTS),SF,Shot Creator,-1.43
Shot Chart Detail,21700672,207,1626220,Royce O'Neale,1610612762,Utah Jazz,2,9,6,Missed Shot,Pullup Jump shot,2PT Field Goal,Mid-Range,Right Side Center(RC),16-24 ft.,20,80,186,1,0,20180119,UTA,NYK,21700672207,8940,0,2207|201937|203497|1626220|1628378,0,REG,2018,201584,,SG,Wing Stopper,-1.36,MISS O'Neale 20' Pullup Jump Shot,SF,Stationary Shooter,-0.81
Shot Chart Detail,21700672,350,1628378,Donovan Mitchell,1610612762,Utah Jazz,3,11,46,Missed Shot,Driving Layup Shot,2PT Field Goal,Restricted Area,Center(C),Less Than 8 ft.,2,28,10,1,0,20180119,UTA,NYK,21700672350,14540,0,201937|202324|203497|203918|1628378,0,REG,2018,201584,,SG,Wing Stopper,-1.36,MISS Mitchell 3' Driving Layup,SG,Primary Ball Handler,1.05
Shot Chart Detail,21700672,366,1628378,Donovan Mitchell,1610612762,Utah Jazz,3,10,3,Missed Shot,Jump Shot,3PT Field Goal,Right Corner 3,Right Side(R),24+ ft.,24,225,87,1,0,20180119,UTA,NYK,21700672366,15570,0,201937|202324|203497|203918|1628378,0,REG,2018,201584,,SG,Wing Stopper,-1.36,MISS Mitchell 24' 3PT Jump Shot,SG,Primary Ball Handler,1.05
Shot Chart Detail,21700672,453,1628378,Donovan Mitchell,1610612762,Utah Jazz,3,4,5,Missed Shot,Floating Jump shot,2PT Field Goal,In The Paint (Non-RA),Center(C),8-16 ft.,9,-46,82,1,0,20180119,UTA,NYK,21700672453,19150,0,2207|201937|202324|204060|1628378,0,REG,2018,201584,,SG,Wing Stopper,-1.36,MISS Mitchell 9' Floating Jump Shot,SG,Primary Ball Handler,1.05
Shot Chart Detail,21700672,593,1628378,Donovan Mitchell,1610612762,Utah Jazz,4,6,6,Made Shot,Driving Floating Jump Shot,2PT Field Goal,In The Paint (Non-RA),Center(C),Less Than 8 ft.,6,13,64,1,1,20180119,UTA,NYK,21700672593,25140,0,2207|201937|202324|203918|1628378,0,REG,2018,201584|202683,,,,,,SG,Primary Ball Handler,1.05
Shot Chart Detail,21700672,651,204060,Joe Ingles,1610612762,Utah Jazz,4,2,26,Made Shot,Driving Layup Shot,2PT Field Goal,Restricted Area,Center(C),Less Than 8 ft.,2,20,6,1,1,20180119,UTA,NYK,21700672651,27340,0,2207|201937|203497|204060|1628378,0,REG,2018,201584,,SG,Wing Stopper,-1.36,Ingles 2' Driving Layup (9 PTS),SF,Off Screen Shooter,0.58
Shot Chart Detail,21700672,667,1628378,Donovan Mitchell,1610612762,Utah Jazz,4,1,30,Made Shot,Driving Layup Shot,2PT Field Goal,Restricted Area,Center(C),Less Than 8 ft.,2,20,4,1,1,20180119,UTA,NYK,21700672667,27900,0,2207|201937|203497|204060|1628378,1,REG,2018,201584,,SG,Wing Stopper,-1.36,Mitchell 2' Driving Layup (14 PTS) (Gobert 1 AST),SG,Primary Ball Handler,1.05
Shot Chart Detail,21700672,679,2207,Joe Johnson,1610612762,Utah Jazz,4,0,49,Missed Shot,Jump Shot,3PT Field Goal,Right Corner 3,Right Side(R),24+ ft.,23,239,-5,1,0,20180119,UTA,NYK,21700672679,28310,0,2207|201937|203497|204060|1628378,0,REG,2018,201584,,SG,Wing Stopper,-1.36,MISS Johnson 24' 3PT Jump Shot,SF,Shot Creator,-1.43
Shot Chart Detail,21700672,688,1628378,Donovan Mitchell,1610612762,Utah Jazz,4,0,23,Missed Shot,Jump Shot,3PT Field Goal,Above the Break 3,Left Side Center(LC),24+ ft.,25,-95,236,1,0,20180119,UTA,NYK,21700672688,28570,0,2207|201937|203497|204060|1628378,0,REG,2018,201584,,SG,Wing Stopper,-1.36,MISS Mitchell 25' 3PT Jump Shot,SG,Primary Ball Handler,1.05
Shot Chart Detail,21700672,701,1628378,Donovan Mitchell,1610612762,Utah Jazz,4,0,1,Made Shot,Jump Shot,3PT Field Goal,Above the Break 3,Left Side Center(LC),24+ ft.,25,-107,236,1,1,20180119,UTA,NYK,21700672701,28790,0,2207|201937|203497|204060|1628378,1,REG,2018,201584,,SG,Wing Stopper,-1.36,Mitchell 26' 3PT Jump Shot (17 PTS) (Rubio 5 AST),SG,Primary Ball Handler,1.05
Shot Chart Detail,21700684,76,201572,Brook Lopez,1610612747,Los Angeles Lakers,1,5,43,Missed Shot,Jump Shot,3PT Field Goal,Above the Break 3,Left Side Center(LC),24+ ft.,25,-118,230,1,0,20180121,LAL,NYK,2170068476,3770,0,201572|203898|203944|1627742|1628404,0,REG,2018,201584,,SG,Wing Stopper,-1.36,MISS Lopez 26' 3PT Jump Shot,C,Versatile Big,-0.13
Shot Chart Detail,21700684,106,203903,Jordan Clarkson,1610612747,Los Angeles Lakers,1,3,6,Made Shot,Driving Dunk Shot,2PT Field Goal,Restricted Area,Center(C),Less Than 8 ft.,2,8,21,1,1,20180121,LAL,NYK,21700684106,5340,0,201147|201572|203898|203903|203944,0,REG,2018,201584|202683,-2.0,,,,,SG,Primary Ball Handler,0.65
Shot Chart Detail,21700684,147,203903,Jordan Clarkson,1610612747,Los Angeles Lakers,1,0,28,Made Shot,Running Layup Shot,2PT Field Goal,Restricted Area,Center(C),Less Than 8 ft.,2,7,22,1,1,20180121,LAL,NYK,21700684147,6920,0,201147|203903|1626204|1627936|1628398,0,REG,2018,201584,,SG,Wing Stopper,-1.36,Clarkson 2' Running Layup (5 PTS),SG,Primary Ball Handler,0.65
Shot Chart Detail,21700684,249,1628404,Josh Hart,1610612747,Los Angeles Lakers,2,5,38,Missed Shot,Jump Shot,3PT Field Goal,Above the Break 3,Left Side Center(LC),24+ ft.,26,-180,194,1,0,20180121,LAL,NYK,21700684249,11020,0,203903|203944|1626204|1627742|1628404,0,REG,2018,201584,,SG,Wing Stopper,-1.36,MISS Hart 26' 3PT Jump Shot,SG,Movement Shooter,-0.32
Shot Chart Detail,21700684,265,203903,Jordan Clarkson,1610612747,Los Angeles Lakers,2,4,9,Missed Shot,Jump Shot,3PT Field Goal,Above the Break 3,Left Side Center(LC),24+ ft.,26,-141,221,1,0,20180121,LAL,NYK,21700684265,11910,0,203903|203944|1626204|1627742|1628404,0,REG,2018,201584,,SG,Wing Stopper,-1.36,MISS Clarkson 26' 3PT Jump Shot,SG,Primary Ball Handler,0.65
Shot Chart Detail,21700684,305,203944,Julius Randle,1610612747,Los Angeles Lakers,2,1,30,Made Shot,Running Dunk Shot,2PT Field Goal,Restricted Area,Center(C),Less Than 8 ft.,1,1,17,1,1,20180121,LAL,NYK,21700684305,13500,0,201572|203903|203944|1627742|1628404,1,REG,2018,201584,-6.0,SG,Wing Stopper,-1.36,Randle 2' Running Dunk (12 PTS) (Clarkson 2 AST),C,Shot Creator,0.36
Shot Chart Detail,21700684,380,203903,Jordan Clarkson,1610612747,Los Angeles Lakers,3,7,16,Missed Shot,Jump Shot,3PT Field Goal,Above the Break 3,Left Side Center(LC),24+ ft.,26,-101,248,1,0,20180121,LAL,NYK,21700684380,17240,0,201147|203903|203944|1626204|1627936,0,REG,2018,201584,,SG,Wing Stopper,-1.36,MISS Clarkson 27' 3PT Jump Shot,SG,Primary Ball Handler,0.65
Shot Chart Detail,21700699,11,2585,Zaza Pachulia,1610612744,Golden State Warriors,1,11,26,Missed Shot,Jump Shot,2PT Field Goal,Mid-Range,Right Side Center(RC),16-24 ft.,17,90,155,1,0,20180123,GSW,NYK,2170069911,340,0,2585|201142|201939|202691|203110,0,REG,2018,201584,,SG,Wing Stopper,-1.36,MISS Pachulia 18' Jump Shot,C,Roll + Cut Big,-0.95
Shot Chart Detail,21700699,65,201939,Stephen Curry,1610612744,Golden State Warriors,1,5,15,Missed Shot,Jump Shot,3PT Field Goal,Above the Break 3,Left Side Center(LC),24+ ft.,25,-226,113,1,0,20180123,GSW,NYK,2170069965,4050,0,2585|201142|201939|202691|203110,0,REG,2018,201584,,SG,Wing Stopper,-1.36,MISS Curry 25' 3PT Jump Shot,PG,Primary Ball Handler,6.14
Shot Chart Detail,21700699,80,202691,Klay Thompson,1610612744,Golden State Warriors,1,4,35,Missed Shot,Jump Shot,2PT Field Goal,Mid-Range,Right Side Center(RC),16-24 ft.,19,98,169,1,0,20180123,GSW,NYK,2170069980,4450,0,2738|201142|201939|202691|1626172,0,REG,2018,201584,,SG,Wing Stopper,-1.36,MISS Thompson 20' Jump Shot,SG,Off Screen Shooter,1.07
Shot Chart Detail,21700699,85,202691,Klay Thompson,1610612744,Golden State Warriors,1,3,58,Missed Shot,Jump Shot,3PT Field Goal,Left Corner 3,Left Side(L),24+ ft.,23,-230,18,1,0,20180123,GSW,NYK,2170069985,4820,0,2738|201142|201939|202691|1626172,0,REG,2018,201584,,SG,Wing Stopper,-1.36,MISS Thompson 3PT Jump Shot,SG,Off Screen Shooter,1.07
Shot Chart Detail,21700699,128,201939,Stephen Curry,1610612744,Golden State Warriors,1,0,4,Missed Shot,Jump Shot,3PT Field Goal,Above the Break 3,Left Side Center(LC),24+ ft.,25,-150,206,1,0,20180123,GSW,NYK,21700699128,7160,0,2738|201156|201939|203110|1626172,0,REG,2018,201584,,SG,Wing Stopper,-1.36,MISS Curry 25' 3PT Jump Shot,PG,Primary Ball Handler,6.14
Shot Chart Detail,21700699,240,201142,Kevin Durant,1610612744,Golden State Warriors,2,4,19,Made Shot,Jump Shot,3PT Field Goal,Above the Break 3,Left Side Center(LC),24+ ft.,26,-204,172,1,1,20180123,GSW,NYK,21700699240,11810,0,2561|201142|201939|202691|1627775,1,REG,2018,201584,,SG,Wing Stopper,-1.36,Durant 27' 3PT Jump Shot (9 PTS) (Curry 3 AST),SF,Shot Creator,4.25
Shot Chart Detail,21700699,292,201939,Stephen Curry,1610612744,Golden State Warriors,2,0,46,Made Shot,Driving Reverse Layup Shot,2PT Field Goal,Restricted Area,Center(C),Less Than 8 ft.,2,-18,20,1,1,20180123,GSW,NYK,21700699292,13940,0,201142|201939|202691|203110|1626172,1,REG,2018,201584|202683,,,,,,PG,Primary Ball Handler,6.14
Shot Chart Detail,21700699,299,1626172,Kevon Looney,1610612744,Golden State Warriors,2,0,4,Made Shot,Cutting Dunk Shot,2PT Field Goal,Restricted Area,Center(C),Less Than 8 ft.,1,-7,13,1,1,20180123,GSW,NYK,21700699299,14360,0,201142|201939|202691|203110|1626172,1,REG,2018,201584|202683,,,,,,C,Roll + Cut Big,-0.94
Shot Chart Detail,21700699,313,202691,Klay Thompson,1610612744,Golden State Warriors,3,11,11,Made Shot,Jump Shot,2PT Field Goal,Mid-Range,Left Side Center(LC),16-24 ft.,17,-105,136,1,1,20180123,GSW,NYK,21700699313,14890,0,2585|201142|201939|202691|203110,1,REG,2018,201584,,SG,Wing Stopper,-1.36,Thompson 17' Jump Shot (5 PTS) (Durant 8 AST),SG,Off Screen Shooter,1.07
Shot Chart Detail,21700699,327,201142,Kevin Durant,1610612744,Golden State Warriors,3,9,58,Missed Shot,Jump Shot,2PT Field Goal,Mid-Range,Left Side(L),8-16 ft.,14,-149,0,1,0,20180123,GSW,NYK,21700699327,15620,0,2585|201142|201939|202691|203110,0,REG,2018,201584,,SG,Wing Stopper,-1.36,MISS Durant 15' Jump Shot,SF,Shot Creator,4.25
Shot Chart Detail,21700699,352,202691,Klay Thompson,1610612744,Golden State Warriors,3,7,40,Made Shot,Cutting Layup Shot,2PT Field Goal,Restricted Area,Center(C),Less Than 8 ft.,2,12,16,1,1,20180123,GSW,NYK,21700699352,17000,0,2585|201142|201939|202691|203110,1,REG,2018,203501|201584,,,,,,SG,Off Screen Shooter,1.07
Shot Chart Detail,21700699,446,201939,Stephen Curry,1610612744,Golden State Warriors,3,0,43,Missed Shot,Jump Shot,3PT Field Goal,Above the Break 3,Left Side Center(LC),24+ ft.,28,-131,255,1,0,20180123,GSW,NYK,21700699446,21170,0,2738|201156|201939|203110|1626172,0,REG,2018,201584,,SG,Wing Stopper,-1.36,MISS Curry 29' 3PT Jump Shot,PG,Primary Ball Handler,6.14
Shot Chart Detail,21700712,17,203914,Gary Harris,1610612743,Denver Nuggets,1,10,23,Missed Shot,Pullup Jump shot,2PT Field Goal,In The Paint (Non-RA),Center(C),8-16 ft.,14,-39,138,1,0,20180125,DEN,NYK,2170071217,970,0,203115|203486|203914|203999|1627750,0,REG,2018,201584,,SG,Wing Stopper,-1.36,MISS Harris 14' Pullup Jump Shot,SG,Movement Shooter,1.02
Shot Chart Detail,21700712,25,203914,Gary Harris,1610612743,Denver Nuggets,1,9,41,Made Shot,Jump Shot,3PT Field Goal,Above the Break 3,Right Side Center(RC),24+ ft.,25,100,230,1,1,20180125,DEN,NYK,2170071225,1390,0,203115|203486|203914|203999|1627750,1,REG,2018,201584,,SG,Wing Stopper,-1.36,Harris 25' 3PT Jump Shot (3 PTS) (Plumlee 1 AST),SG,Movement Shooter,1.02
Shot Chart Detail,21700712,58,203914,Gary Harris,1610612743,Denver Nuggets,1,6,21,Made Shot,Step Back Jump shot,3PT Field Goal,Above the Break 3,Left Side Center(LC),24+ ft.,25,-93,237,1,1,20180125,DEN,NYK,2170071258,3390,0,203115|203486|203914|203999|1627750,1,REG,2018,201584,,SG,Wing Stopper,-1.36,Harris 25' 3PT Step Back Jump Shot (6 PTS) (Plumlee 3 AST),SG,Movement Shooter,1.02
Shot Chart Detail,21700712,210,203115,Will Barton,1610612743,Denver Nuggets,2,6,40,Made Shot,Fadeaway Jump Shot,2PT Field Goal,Restricted Area,Center(C),Less Than 8 ft.,3,25,21,1,1,20180125,DEN,NYK,21700712210,10400,0,201163|203115|1626144|1626168|1628470,0,REG,2018,201584,12.0,SG,Wing Stopper,-1.36,Barton 3' Fadeaway Jumper (5 PTS),SG,Primary Ball Handler,1.06
Shot Chart Detail,21700712,233,201163,Wilson Chandler,1610612743,Denver Nuggets,2,6,2,Missed Shot,Pullup Jump shot,2PT Field Goal,In The Paint (Non-RA),Right Side(R),8-16 ft.,9,78,49,1,0,20180125,DEN,NYK,21700712233,10780,0,201163|203486|203914|203999|1627750,0,REG,2018,201584,,SG,Wing Stopper,-1.36,MISS Chandler 9' Pullup Jump Shot,SF,Shot Creator,-1.35
Shot Chart Detail,21700712,341,203914,Gary Harris,1610612743,Denver Nuggets,3,10,21,Missed Shot,Pullup Jump shot,2PT Field Goal,Mid-Range,Center(C),8-16 ft.,15,-31,153,1,0,20180125,DEN,NYK,21700712341,15390,0,203115|203486|203914|203999|1627750,0,REG,2018,201584,,SG,Wing Stopper,-1.36,MISS Harris 16' Pullup Jump Shot,SG,Movement Shooter,1.02
Shot Chart Detail,21700712,402,203914,Gary Harris,1610612743,Denver Nuggets,3,5,27,Missed Shot,Cutting Finger Roll Layup Shot,2PT Field Goal,In The Paint (Non-RA),Center(C),Less Than 8 ft.,4,2,42,1,0,20180125,DEN,NYK,21700712402,18330,0,203115|203486|203914|203999|1627750,0,REG,2018,201584,,SG,Wing Stopper,-1.36,MISS Harris 4' Cutting Finger Roll Layup Shot,SG,Movement Shooter,1.02
Shot Chart Detail,21700712,522,203999,Nikola Jokić,1610612743,Denver Nuggets,4,9,41,Missed Shot,Jump Shot,2PT Field Goal,In The Paint (Non-RA),Center(C),Less Than 8 ft.,5,12,55,1,0,20180125,DEN,NYK,21700712522,22990,0,201163|203115|203999|1626144|1626168,0,REG,2018,201584|1626195,,,,,,C,Post Scorer,3.27
Shot Chart Detail,21700712,588,203914,Gary Harris,1610612743,Denver Nuggets,4,3,9,Missed Shot,Floating Jump shot,2PT Field Goal,Mid-Range,Left Side(L),8-16 ft.,9,-97,-1,1,0,20180125,DEN,NYK,21700712588,26910,0,201163|203115|203914|203999|1627750,0,REG,2018,201584,,SG,Wing Stopper,-1.36,MISS Harris 10' Floating Jump Shot,SG,Movement Shooter,1.02
Shot Chart Detail,21700712,591,203914,Gary Harris,1610612743,Denver Nuggets,4,3,7,Missed Shot,Jump Shot,3PT Field Goal,Above the Break 3,Center(C),24+ ft.,25,18,255,1,0,20180125,DEN,NYK,21700712591,26930,0,201163|203115|203914|203999|1627750,0,REG,2018,201584,,SG,Wing Stopper,-1.36,MISS Harris 26' 3PT Jump Shot,SG,Movement Shooter,1.02
Shot Chart Detail,21700723,58,203584,Troy Daniels,1610612756,Phoenix Suns,1,7,8,Made Shot,Pullup Jump shot,3PT Field Goal,Above the Break 3,Right Side Center(RC),24+ ft.,26,114,238,1,1,20180126,PHX,NYK,2170072358,2920,0,202328|203584|203933|1626164|1627737,0,REG,2018,201584,,SG,Wing Stopper,-1.36,Daniels 26' 3PT Pullup Jump Shot (3 PTS),SG,Off Screen Shooter,0.0
Shot Chart Detail,21700723,85,1626164,Devin Booker,1610612756,Phoenix Suns,1,4,36,Missed Shot,Driving Layup Shot,2PT Field Goal,In The Paint (Non-RA),Center(C),Less Than 8 ft.,6,60,28,1,0,20180126,PHX,NYK,2170072385,4440,0,201162|203477|203584|1626164|1627733,0,REG,2018,201584,,SG,Wing Stopper,-1.36,MISS Booker 7' Driving Layup,SG,Shot Creator,1.18
Shot Chart Detail,21700723,106,1626164,Devin Booker,1610612756,Phoenix Suns,1,3,35,Missed Shot,Jump Shot,3PT Field Goal,Above the Break 3,Center(C),24+ ft.,28,-38,278,1,0,20180126,PHX,NYK,21700723106,5050,0,201162|203477|203584|1626164|1627733,0,REG,2018,201584,,SG,Wing Stopper,-1.36,MISS Booker 28' 3PT Jump Shot,SG,Shot Creator,1.18
Shot Chart Detail,21700723,124,1628367,Josh Jackson,1610612756,Phoenix Suns,1,2,24,Made Shot,Driving Layup Shot,2PT Field Goal,Restricted Area,Center(C),Less Than 8 ft.,0,-2,7,1,1,20180126,PHX,NYK,21700723124,5760,0,201162|203477|1626164|1627733|1628367,0,REG,2018,201584|201563,,,,,,SF,Athletic Finisher,-1.22
Shot Chart Detail,21700723,153,201162,Jared Dudley,1610612756,Phoenix Suns,1,0,0,Missed Shot,Running Finger Roll Layup Shot,2PT Field Goal,Restricted Area,Center(C),Less Than 8 ft.,2,26,11,1,0,20180126,PHX,NYK,21700723153,7200,0,201162|203477|203933|1627733|1628367,0,REG,2018,201584,,SG,Wing Stopper,-1.36,MISS Dudley 3' Running Finger Roll Layup,PF,Stationary Shooter,-1.12
Shot Chart Detail,21700723,280,1626164,Devin Booker,1610612756,Phoenix Suns,2,2,29,Missed Shot,Turnaround Jump Shot,2PT Field Goal,In The Paint (Non-RA),Center(C),8-16 ft.,12,44,117,1,0,20180126,PHX,NYK,21700723280,12910,0,202328|203584|203933|1626164|1628367,0,REG,2018,201584,,SG,Wing Stopper,-1.36,MISS Booker 13' Turnaround Jump Shot,SG,Shot Creator,1.18
Shot Chart Detail,21700723,341,203584,Troy Daniels,1610612756,Phoenix Suns,3,10,10,Missed Shot,Jump Shot,3PT Field Goal,Above the Break 3,Right Side Center(RC),24+ ft.,25,111,231,1,0,20180126,PHX,NYK,21700723341,15500,0,202328|203584|203933|1626164|1627737,0,REG,2018,201584|101127,,,,,,SG,Off Screen Shooter,0.0
Shot Chart Detail,21700723,345,1627737,Marquese Chriss,1610612756,Phoenix Suns,3,9,48,Missed Shot,Driving Dunk Shot,2PT Field Goal,Restricted Area,Center(C),Less Than 8 ft.,1,9,14,1,0,20180126,PHX,NYK,21700723345,15720,0,202328|203584|203933|1626164|1627737,0,REG,2018,201584,7.0,SG,Wing Stopper,-1.36,MISS Chriss 2' Driving Dunk,PF,Stretch Big,-1.89
Shot Chart Detail,21700723,406,203933,T.J. Warren,1610612756,Phoenix Suns,3,7,22,Made Shot,Running Layup Shot,2PT Field Goal,Restricted Area,Center(C),Less Than 8 ft.,0,6,-2,1,1,20180126,PHX,NYK,21700723406,17180,0,201162|202328|203477|203933|1626164,1,REG,2018,201584,,SG,Wing Stopper,-1.36,Warren 1' Running Layup (13 PTS) (Canaan 2 AST),SF,Shot Creator,0.45
Shot Chart Detail,21700723,424,1626164,Devin Booker,1610612756,Phoenix Suns,3,5,30,Missed Shot,Turnaround Jump Shot,2PT Field Goal,In The Paint (Non-RA),Center(C),8-16 ft.,9,38,84,1,0,20180126,PHX,NYK,21700723424,18300,0,201162|202328|203477|203933|1626164,0,REG,2018,201584,,SG,Wing Stopper,-1.36,MISS Booker 9' Turnaround Jump Shot,SG,Shot Creator,1.18
Shot Chart Detail,21700745,34,201960,DeMarre Carroll,1610612751,Brooklyn Nets,1,8,56,Made Shot,Jump Shot,3PT Field Goal,Left Corner 3,Left Side(L),24+ ft.,23,-230,7,1,1,20180130,NYK,BKN,2170074534,1840,0,201960|203112|203459|203915|1628386,1,REG,2018,201584,,SG,Wing Stopper,-1.36,Carroll 3PT Jump Shot (3 PTS) (Dinwiddie 2 AST),PF,Movement Shooter,0.05
Shot Chart Detail,21700745,81,203459,Allen Crabbe,1610612751,Brooklyn Nets,1,3,25,Missed Shot,Jump Shot,3PT Field Goal,Above the Break 3,Left Side Center(LC),24+ ft.,25,-207,143,1,0,20180130,NYK,BKN,2170074581,5150,0,201960|203459|203915|203925|1626143,0,REG,2018,201584,,SG,Wing Stopper,-1.36,MISS Crabbe 25' 3PT Jump Shot,SG,Off Screen Shooter,-0.13
Shot Chart Detail,21700745,110,203917,Nik Stauskas,1610612751,Brooklyn Nets,1,1,50,Missed Shot,Jump Shot,3PT Field Goal,Above the Break 3,Left Side Center(LC),24+ ft.,25,-150,207,1,0,20180130,NYK,BKN,21700745110,6100,0,203917|203925|1626143|1626156|1627821,0,REG,2018,201584|203124,,,,,,SG,Secondary Ball Handler,-1.06
Shot Chart Detail,21700745,125,1626143,Jahlil Okafor,1610612751,Brooklyn Nets,1,0,49,Missed Shot,Tip Layup Shot,2PT Field Goal,Restricted Area,Center(C),Less Than 8 ft.,0,0,-6,1,0,20180130,NYK,BKN,21700745125,6710,0,203917|203925|1626143|1626156|1627821,0,REG,2018,201584,,SG,Wing Stopper,-1.36,MISS Okafor 1' Tip Layup Shot,C,Post Scorer,-2.13
Shot Chart Detail,21700745,306,203459,Allen Crabbe,1610612751,Brooklyn Nets,3,11,39,Missed Shot,Jump Shot,2PT Field Goal,In The Paint (Non-RA),Right Side(R),8-16 ft.,9,77,58,1,0,20180130,NYK,BKN,21700745306,14610,0,201960|203112|203459|203915|1628386,0,REG,2018,201584,,SG,Wing Stopper,-1.36,Kanter BLOCK (2 BLK),SG,Off Screen Shooter,-0.13
Shot Chart Detail,21700745,311,203459,Allen Crabbe,1610612751,Brooklyn Nets,3,11,19,Missed Shot,Floating Jump shot,2PT Field Goal,In The Paint (Non-RA),Center(C),8-16 ft.,11,-32,110,1,0,20180130,NYK,BKN,21700745311,14810,0,201960|203112|203459|203915|1628386,0,REG,2018,201584,,SG,Wing Stopper,-1.36,MISS Crabbe 11' Floating Jump Shot,SG,Off Screen Shooter,-0.13
Shot Chart Detail,21700745,317,203459,Allen Crabbe,1610612751,Brooklyn Nets,3,10,52,Made Shot,Jump Shot,3PT Field Goal,Above the Break 3,Left Side Center(LC),24+ ft.,24,-206,130,1,1,20180130,NYK,BKN,21700745317,15080,0,201960|203112|203459|203915|1628386,1,REG,2018,201584,,SG,Wing Stopper,-1.36,Crabbe 24' 3PT Jump Shot (8 PTS) (Dinwiddie 6 AST),SG,Off Screen Shooter,-0.13
Shot Chart Detail,21700745,350,201960,DeMarre Carroll,1610612751,Brooklyn Nets,3,7,33,Made Shot,Layup Shot,2PT Field Goal,Restricted Area,Center(C),Less Than 8 ft.,1,-2,19,1,1,20180130,NYK,BKN,21700745350,17070,0,201960|203112|203459|203915|1628386,0,REG,2018,201584|202683,,,,,,PF,Movement Shooter,0.05
Shot Chart Detail,21700745,375,201960,DeMarre Carroll,1610612751,Brooklyn Nets,3,6,14,Missed Shot,Jump Shot,3PT Field Goal,Left Corner 3,Left Side(L),24+ ft.,22,-228,-12,1,0,20180130,NYK,BKN,21700745375,17860,0,201960|203112|203459|203915|1626143,0,REG,2018,201584,,SG,Wing Stopper,-1.36,MISS Carroll 3PT Jump Shot,PF,Movement Shooter,0.05
Shot Chart Detail,21700758,19,1626179,Terry Rozier,1610612738,Boston Celtics,1,10,33,Made Shot,Jump Shot,3PT Field Goal,Above the Break 3,Right Side Center(RC),24+ ft.,25,110,227,1,1,20180131,BOS,NYK,2170075819,870,0,201143|203382|1626179|1627759|1628369,1,REG,2018,201584,,SG,Wing Stopper,-1.36,Rozier 25' 3PT Jump Shot (3 PTS) (Baynes 1 AST),PG,Primary Ball Handler,0.21
Shot Chart Detail,21700758,34,1627759,Jaylen Brown,1610612738,Boston Celtics,1,8,54,Made Shot,Cutting Dunk Shot,2PT Field Goal,Restricted Area,Center(C),Less Than 8 ft.,1,-18,4,1,1,20180131,BOS,NYK,2170075834,1860,0,201143|203382|1626179|1627759|1628369,1,REG,2018,201584,,SG,Wing Stopper,-1.36,Brown 2' Cutting Dunk Shot (7 PTS) (Baynes 2 AST),SG,Shot Creator,-0.03
Shot Chart Detail,21700758,57,1626179,Terry Rozier,1610612738,Boston Celtics,1,5,59,Missed Shot,Reverse Layup Shot,2PT Field Goal,Restricted Area,Center(C),Less Than 8 ft.,0,-9,-3,1,0,20180131,BOS,NYK,2170075857,3610,0,201143|203382|1626179|1627759|1628369,0,REG,2018,201584|101127,,,,,,PG,Primary Ball Handler,0.21
Shot Chart Detail,21700758,126,1627759,Jaylen Brown,1610612738,Boston Celtics,1,1,8,Missed Shot,Layup Shot,2PT Field Goal,Restricted Area,Center(C),Less Than 8 ft.,1,-19,-3,1,0,20180131,BOS,NYK,21700758126,6520,0,202694|1626179|1627759|1628400|1628464,0,REG,2018,201563|201584,,,,,,SG,Shot Creator,-0.03
Shot Chart Detail,21700758,237,1627759,Jaylen Brown,1610612738,Boston Celtics,2,5,44,Missed Shot,Pullup Jump shot,2PT Field Goal,Mid-Range,Center(C),8-16 ft.,15,-63,142,1,0,20180131,BOS,NYK,21700758237,10960,0,201143|203382|1627759|1627846|1628369,0,REG,2018,201584,,SG,Wing Stopper,-1.36,MISS Brown 16' Pullup Jump Shot,SG,Shot Creator,-0.03
Shot Chart Detail,21700758,270,1628369,Jayson Tatum,1610612738,Boston Celtics,2,3,27,Made Shot,Pullup Jump shot,2PT Field Goal,Mid-Range,Left Side Center(LC),16-24 ft.,17,-106,133,1,1,20180131,BOS,NYK,21700758270,12330,0,201143|202694|1626179|1627846|1628369,1,REG,2018,201584,,SG,Wing Stopper,-1.36,Tatum 17' Pullup Jump Shot (4 PTS) (Morris Sr. 2 AST),SF,Shot Creator,-0.75
Shot Chart Detail,21700758,357,1627759,Jaylen Brown,1610612738,Boston Celtics,3,8,52,Missed Shot,Driving Layup Shot,2PT Field Goal,In The Paint (Non-RA),Center(C),Less Than 8 ft.,4,22,35,1,0,20180131,BOS,NYK,21700758357,16280,0,201143|203382|1626179|1627759|1628369,0,REG,2018,201584,,SG,Wing Stopper,-1.36,MISS Brown 4' Driving Layup,SG,Shot Creator,-0.03
Shot Chart Detail,21700758,449,1627759,Jaylen Brown,1610612738,Boston Celtics,3,3,6,Made Shot,Driving Layup Shot,2PT Field Goal,Restricted Area,Center(C),Less Than 8 ft.,2,1,22,1,1,20180131,BOS,NYK,21700758449,19740,0,202694|1627759|1627846|1628400|1628464,0,REG,2018,204001|201584,,,,,,SG,Shot Creator,-0.03
Shot Chart Detail,21700771,28,203114,Khris Middleton,1610612749,Milwaukee Bucks,1,9,7,Made Shot,Jump Shot,2PT Field Goal,Mid-Range,Right Side Center(RC),16-24 ft.,18,91,159,1,1,20180202,MIL,NYK,2170077128,1730,0,202339|203089|203114|203503|203507,0,REG,2018,201584,,SG,Wing Stopper,-1.36,Middleton 18' Jump Shot (2 PTS),SF,Shot Creator,1.88
Shot Chart Detail,21700771,61,203114,Khris Middleton,1610612749,Milwaukee Bucks,1,6,3,Made Shot,Turnaround Fadeaway shot,2PT Field Goal,Mid-Range,Left Side(L),16-24 ft.,18,-159,102,1,1,20180202,MIL,NYK,2170077161,3570,0,202339|203089|203114|203503|203507,0,REG,2018,201584,1.0,SG,Wing Stopper,-1.36,Middleton 19' Turnaround Fadeaway (4 PTS),SF,Shot Creator,1.88
Shot Chart Detail,21700771,80,203114,Khris Middleton,1610612749,Milwaukee Bucks,1,5,5,Missed Shot,Turnaround Fadeaway shot,2PT Field Goal,In The Paint (Non-RA),Center(C),Less Than 8 ft.,7,-72,16,1,0,20180202,MIL,NYK,2170077180,4150,0,202339|203089|203114|203503|203953,0,REG,2018,201584,,SG,Wing Stopper,-1.36,MISS Middleton 7' Turnaround Fadeaway Shot,SF,Shot Creator,1.88
Shot Chart Detail,21700771,368,203507,Giannis Antetokounmpo,1610612749,Milwaukee Bucks,3,8,15,Missed Shot,Layup Shot,2PT Field Goal,In The Paint (Non-RA),Center(C),Less Than 8 ft.,4,-2,40,1,0,20180202,MIL,NYK,21700771368,16650,0,202339|203089|203114|203503|203507,0,REG,2018,201584|204001,,,,,,PF,Shot Creator,3.46
Shot Chart Detail,21700771,460,1628425,Sterling Brown,1610612749,Milwaukee Bucks,3,1,7,Made Shot,Jump Shot,3PT Field Goal,Left Corner 3,Left Side(L),24+ ft.,23,-230,35,1,1,20180202,MIL,NYK,21700771460,20930,0,203089|203114|203521|203953|1628425,1,REG,2018,201584,,SG,Wing Stopper,-1.36,Brown 3PT Jump Shot (5 PTS) (Dellavedova 3 AST),SG,Movement Shooter,-1.48
Shot Chart Detail,21700771,476,1628425,Sterling Brown,1610612749,Milwaukee Bucks,3,0,0,Missed Shot,Jump Shot,3PT Field Goal,Above the Break 3,Right Side Center(RC),24+ ft.,25,221,136,1,0,20180202,MIL,NYK,21700771476,21600,0,203503|203507|203521|1627748|1628425,0,REG,2018,201584,,SG,Wing Stopper,-1.36,MISS Brown 26' 3PT Jump Shot,SG,Movement Shooter,-1.48
Shot Chart Detail,21700771,493,1628425,Sterling Brown,1610612749,Milwaukee Bucks,4,10,33,Made Shot,Layup Shot,2PT Field Goal,Restricted Area,Center(C),Less Than 8 ft.,0,-6,5,1,1,20180202,MIL,NYK,21700771493,22470,0,203503|203507|203521|1627748|1628425,1,REG,2018,201584|201563,,,,,,SG,Movement Shooter,-1.48
Shot Chart Detail,21700786,13,203145,Kent Bazemore,1610612737,Atlanta Hawks,1,10,50,Made Shot,Jump Shot,2PT Field Goal,Mid-Range,Center(C),16-24 ft.,16,-51,162,1,1,20180204,NYK,ATL,2170078613,700,0,203101|203145|203471|203473|1627752,1,REG,2018,201584,,SG,Wing Stopper,-1.36,Bazemore 17' Jump Shot (2 PTS) (Plumlee 1 AST),SG,Secondary Ball Handler,-0.56
Shot Chart Detail,21700786,17,1627752,Taurean Prince,1610612737,Atlanta Hawks,1,10,25,Made Shot,Jump Shot,2PT Field Goal,In The Paint (Non-RA),Center(C),8-16 ft.,12,-51,117,1,1,20180204,NYK,ATL,2170078617,950,0,203101|203145|203471|203473|1627752,0,REG,2018,201584,,SG,Wing Stopper,-1.36,Prince 13' Jump Shot (2 PTS),SF,Off Screen Shooter,-1.28
Shot Chart Detail,21700786,260,201158,Marco Belinelli,1610612737,Atlanta Hawks,2,2,58,Made Shot,Jump Shot,3PT Field Goal,Above the Break 3,Center(C),24+ ft.,25,-34,257,1,1,20180204,NYK,ATL,21700786260,12620,0,201158|203471|203488|1627752|1628381,1,REG,2018,201584,,SG,Wing Stopper,-1.36,Belinelli 26' 3PT Jump Shot (3 PTS) (Prince 1 AST),SG,Off Screen Shooter,0.38
Shot Chart Detail,21700786,340,203145,Kent Bazemore,1610612737,Atlanta Hawks,3,7,44,Made Shot,Fadeaway Jump Shot,2PT Field Goal,Mid-Range,Center(C),16-24 ft.,16,-48,163,1,1,20180204,NYK,ATL,21700786340,16960,0,203101|203145|203471|203473|1627752,0,REG,2018,201584,5.0,SG,Wing Stopper,-1.36,Bazemore 17' Fadeaway Jumper (12 PTS),SG,Secondary Ball Handler,-0.56
Shot Chart Detail,21700786,344,203145,Kent Bazemore,1610612737,Atlanta Hawks,3,7,0,Missed Shot,Jump Shot,2PT Field Goal,Mid-Range,Center(C),16-24 ft.,17,-33,172,1,0,20180204,NYK,ATL,21700786344,17400,0,203101|203145|203471|203473|1627752,0,REG,2018,201584,,SG,Wing Stopper,-1.36,Lee BLOCK (1 BLK),SG,Secondary Ball Handler,-0.56
Shot Chart Detail,21700786,393,201158,Marco Belinelli,1610612737,Atlanta Hawks,3,4,1,Missed Shot,Jump Shot,2PT Field Goal,Mid-Range,Center(C),16-24 ft.,18,-52,182,1,0,20180204,NYK,ATL,21700786393,19190,0,201158|203471|203488|1627752|1628381,0,REG,2018,201584,,SG,Wing Stopper,-1.36,MISS Belinelli 19' Jump Shot,SG,Off Screen Shooter,0.38
Shot Chart Detail,21700786,407,1627752,Taurean Prince,1610612737,Atlanta Hawks,3,2,13,Missed Shot,Jump Shot,2PT Field Goal,Mid-Range,Center(C),8-16 ft.,15,-59,142,1,0,20180204,NYK,ATL,21700786407,20270,0,201158|203488|1627098|1627752|1628381,0,REG,2018,201584,,SG,Wing Stopper,-1.36,MISS Prince 15' Jump Shot,SF,Off Screen Shooter,-1.28
Shot Chart Detail,21700801,42,203114,Khris Middleton,1610612749,Milwaukee Bucks,1,9,32,Missed Shot,Layup Shot,2PT Field Goal,Restricted Area,Center(C),Less Than 8 ft.,2,-2,29,1,0,20180206,NYK,MIL,2170080142,1480,0,202339|203114|203503|203507|1627748,0,REG,2018,201584|202683,,,,,,SF,Shot Creator,1.88
Shot Chart Detail,21700801,85,203114,Khris Middleton,1610612749,Milwaukee Bucks,1,5,57,Missed Shot,Jump Shot,3PT Field Goal,Above the Break 3,Center(C),24+ ft.,26,17,261,1,0,20180206,NYK,MIL,2170080185,3630,0,202339|203114|203503|203507|1627850,0,REG,2018,201584,,SG,Wing Stopper,-1.36,MISS Middleton 26' 3PT Jump Shot,SF,Shot Creator,1.88
Shot Chart Detail,21700801,129,203114,Khris Middleton,1610612749,Milwaukee Bucks,1,2,39,Missed Shot,Jump Shot,2PT Field Goal,Mid-Range,Right Side Center(RC),16-24 ft.,22,114,189,1,0,20180206,NYK,MIL,21700801129,5610,0,202339|203114|203953|1627850|1628425,0,REG,2018,201584|201563,,,,,,SF,Shot Creator,1.88
Shot Chart Detail,21700801,363,202339,Eric Bledsoe,1610612749,Milwaukee Bucks,3,11,0,Made Shot,Layup Shot,2PT Field Goal,Restricted Area,Center(C),Less Than 8 ft.,0,2,-3,1,1,20180206,NYK,MIL,21700801363,15000,0,202339|203114|203503|203507|1627748,1,REG,2018,201584,,SG,Wing Stopper,-1.36,Bledsoe Layup (14 PTS) (Antetokounmpo 4 AST),PG,Primary Ball Handler,2.1
Shot Chart Detail,21700801,367,1627748,Thon Maker,1610612749,Milwaukee Bucks,3,10,25,Missed Shot,Jump Shot,3PT Field Goal,Right Corner 3,Right Side(R),24+ ft.,23,232,27,1,0,20180206,NYK,MIL,21700801367,15350,0,202339|203114|203503|203507|1627748,0,REG,2018,201584,,SG,Wing Stopper,-1.36,MISS Maker 3PT Jump Shot,C,Stretch Big,-1.52
Shot Chart Detail,21700801,376,202339,Eric Bledsoe,1610612749,Milwaukee Bucks,3,9,41,Made Shot,Pullup Jump shot,2PT Field Goal,In The Paint (Non-RA),Center(C),8-16 ft.,12,-27,117,1,1,20180206,NYK,MIL,21700801376,15790,0,202339|203114|203503|203507|1627748,0,REG,2018,201584,,SG,Wing Stopper,-1.36,Bledsoe 12' Pullup Jump Shot (16 PTS),PG,Primary Ball Handler,2.1
Shot Chart Detail,21700801,381,203114,Khris Middleton,1610612749,Milwaukee Bucks,3,9,3,Made Shot,Fadeaway Jump Shot,2PT Field Goal,Mid-Range,Right Side(R),8-16 ft.,8,84,-20,1,1,20180206,NYK,MIL,21700801381,16170,0,202339|203114|203503|203507|1627748,0,REG,2018,201584,-12.0,SG,Wing Stopper,-1.36,Middleton 9' Fadeaway Jumper (11 PTS),SF,Shot Creator,1.88
Shot Chart Detail,21700801,385,202339,Eric Bledsoe,1610612749,Milwaukee Bucks,3,8,21,Missed Shot,Jump Shot,3PT Field Goal,Above the Break 3,Left Side Center(LC),24+ ft.,24,-166,186,1,0,20180206,NYK,MIL,21700801385,16590,0,202339|203114|203503|203507|1627748,0,REG,2018,201584,,SG,Wing Stopper,-1.36,MISS Bledsoe 25' 3PT Jump Shot,PG,Primary Ball Handler,2.1
Shot Chart Detail,21700801,492,203507,Giannis Antetokounmpo,1610612749,Milwaukee Bucks,3,0,40,Missed Shot,Driving Layup Shot,2PT Field Goal,Restricted Area,Center(C),Less Than 8 ft.,1,-11,11,1,0,20180206,NYK,MIL,21700801492,21200,0,1891|203507|203953|1627850|1628425,0,REG,2018,201584,,SG,Wing Stopper,-1.36,Beasley BLOCK (1 BLK),PF,Shot Creator,3.46
Shot Chart Detail,21700801,559,203507,Giannis Antetokounmpo,1610612749,Milwaukee Bucks,4,7,22,Missed Shot,Turnaround Jump Shot,2PT Field Goal,Mid-Range,Center(C),8-16 ft.,15,-23,152,1,0,20180206,NYK,MIL,21700801559,24380,0,1891|203114|203507|203930|1627850,0,REG,2018,201584,,SG,Wing Stopper,-1.36,MISS Antetokounmpo 15' Turnaround Jump Shot,PF,Shot Creator,3.46
Shot Chart Detail,21700801,566,203930,Sean Kilpatrick,1610612749,Milwaukee Bucks,4,6,54,Made Shot,Jump Shot,3PT Field Goal,Left Corner 3,Left Side(L),24+ ft.,22,-226,8,1,1,20180206,NYK,MIL,21700801566,24660,0,1891|203114|203507|203930|1627850,1,REG,2018,201584,,SG,Wing Stopper,-1.36,Kilpatrick 3PT Jump Shot (10 PTS) (Plumlee 2 AST),SG,Secondary Ball Handler,0.05
Shot Chart Detail,21700812,35,201942,DeMar DeRozan,1610612761,Toronto Raptors,1,8,24,Missed Shot,Jump Shot,3PT Field Goal,Above the Break 3,Center(C),24+ ft.,25,27,249,1,0,20180208,TOR,NYK,2170081235,2160,0,200768|201586|201942|202685|1628384,0,REG,2018,201584,,SG,Wing Stopper,-1.36,MISS DeRozan 25' 3PT Jump Shot,SG,Shot Creator,4.05
Shot Chart Detail,21700812,219,1626153,Delon Wright,1610612761,Toronto Raptors,2,7,11,Made Shot,Running Layup Shot,2PT Field Goal,Restricted Area,Center(C),Less Than 8 ft.,2,5,20,1,1,20180208,TOR,NYK,21700812219,10090,0,101139|1626153|1627751|1627783|1627832,1,REG,2018,201584,,SG,Wing Stopper,-1.36,Wright 2' Running Layup (2 PTS) (Miles 1 AST),PG,Primary Ball Handler,0.47
Shot Chart Detail,21700812,299,201942,DeMar DeRozan,1610612761,Toronto Raptors,2,0,41,Missed Shot,Pullup Jump shot,3PT Field Goal,Above the Break 3,Center(C),24+ ft.,25,75,248,1,0,20180208,TOR,NYK,21700812299,13990,0,200768|201586|201942|202685|1628384,0,REG,2018,201584|201563,,,,,,SG,Shot Creator,4.05
Shot Chart Detail,21700812,309,201942,DeMar DeRozan,1610612761,Toronto Raptors,3,11,49,Missed Shot,Jump Shot,2PT Field Goal,In The Paint (Non-RA),Center(C),8-16 ft.,15,-73,134,1,0,20180208,TOR,NYK,21700812309,14510,0,200768|201586|201942|202685|1628384,0,REG,2018,201584|203124,,,,,,SG,Shot Creator,4.05
Shot Chart Detail,21700812,323,201942,DeMar DeRozan,1610612761,Toronto Raptors,3,10,27,Missed Shot,Driving Floating Jump Shot,2PT Field Goal,In The Paint (Non-RA),Center(C),Less Than 8 ft.,7,70,24,1,0,20180208,TOR,NYK,21700812323,15330,0,200768|201586|201942|202685|1628384,0,REG,2018,201584,,SG,Wing Stopper,-1.36,MISS DeRozan 7' Driving Floating Jump Shot,SG,Shot Creator,4.05
Shot Chart Detail,21700812,329,201942,DeMar DeRozan,1610612761,Toronto Raptors,3,10,3,Made Shot,Driving Floating Jump Shot,2PT Field Goal,In The Paint (Non-RA),Center(C),8-16 ft.,11,30,106,1,1,20180208,TOR,NYK,21700812329,15570,0,200768|201586|201942|202685|1628384,0,REG,2018,201584,,SG,Wing Stopper,-1.36,DeRozan 11' Driving Floating Jump Shot (6 PTS),SG,Shot Creator,4.05
Shot Chart Detail,21700812,344,202685,Jonas Valančiūnas,1610612761,Toronto Raptors,3,8,34,Made Shot,Putback Dunk Shot,2PT Field Goal,Restricted Area,Center(C),Less Than 8 ft.,1,0,11,1,1,20180208,TOR,NYK,21700812344,16460,0,200768|201586|201942|202685|1628384,0,REG,2018,201584|203124,-11.0,,,,,C,Post Scorer,0.7
Shot Chart Detail,21700812,508,101139,CJ Miles,1610612761,Toronto Raptors,4,8,35,Made Shot,Jump Shot,3PT Field Goal,Above the Break 3,Center(C),24+ ft.,25,-73,245,1,1,20180208,TOR,NYK,21700812508,23650,0,101139|1626153|1627751|1627783|1627832,1,REG,2018,201584,,SG,Wing Stopper,-1.36,Miles 26' 3PT Jump Shot (8 PTS) (Siakam 2 AST),SF,Off Screen Shooter,1.69
Shot Chart Detail,21700812,512,1626153,Delon Wright,1610612761,Toronto Raptors,4,8,7,Made Shot,Jump Shot,3PT Field Goal,Left Corner 3,Left Side(L),24+ ft.,22,-225,0,1,1,20180208,TOR,NYK,21700812512,23930,0,101139|1626153|1627751|1627783|1627832,1,REG,2018,201584,,SG,Wing Stopper,-1.36,Wright 3PT Jump Shot (7 PTS) (Siakam 3 AST),PG,Primary Ball Handler,0.47
Shot Chart Detail,21700836,10,202711,Bojan Bogdanovic,1610612754,Indiana Pacers,1,11,18,Made Shot,Cutting Finger Roll Layup Shot,2PT Field Goal,Restricted Area,Center(C),Less Than 8 ft.,0,-1,6,1,1,20180211,IND,NYK,2170083610,420,0,201152|202709|202711|203506|1626167,1,REG,2018,201584,,SG,Wing Stopper,-1.36,Bogdanovic 1' Cutting Finger Roll Layup Shot (2 PTS) (T. Young 1 AST),SF,Off Screen Shooter,-0.31
Shot Chart Detail,21700836,75,202711,Bojan Bogdanovic,1610612754,Indiana Pacers,1,7,37,Missed Shot,Jump Shot,3PT Field Goal,Above the Break 3,Left Side Center(LC),24+ ft.,28,-134,246,1,0,20180211,IND,NYK,2170083675,2630,0,201152|202711|203506|1626167|1626202,0,REG,2018,201584,,SG,Wing Stopper,-1.36,MISS Bogdanovic 28' 3PT Jump Shot,SF,Off Screen Shooter,-0.31
Shot Chart Detail,21700836,140,1626167,Myles Turner,1610612754,Indiana Pacers,1,2,15,Made Shot,Putback Layup Shot,2PT Field Goal,Restricted Area,Center(C),Less Than 8 ft.,0,-3,1,1,1,20180211,IND,NYK,21700836140,5850,0,202362|203506|1626167|1626202|1627734,0,REG,2018,201584,,SG,Wing Stopper,-1.36,Turner Putback Layup (2 PTS),C,Roll + Cut Big,-0.51
Shot Chart Detail,21700836,233,202709,Cory Joseph,1610612754,Indiana Pacers,2,6,43,Missed Shot,Jump Shot,2PT Field Goal,Mid-Range,Left Side(L),16-24 ft.,17,-174,-5,1,0,20180211,IND,NYK,21700836233,10370,0,2744|202709|202711|1626202|1627734,0,REG,2018,201584,,SG,Wing Stopper,-1.36,MISS Joseph 17' Jump Shot,PG,Primary Ball Handler,-0.55
Shot Chart Detail,21700836,302,1626202,Joe Young,1610612754,Indiana Pacers,2,1,28,Missed Shot,Jump Shot,2PT Field Goal,Mid-Range,Right Side(R),16-24 ft.,17,161,78,1,0,20180211,IND,NYK,21700836302,13520,0,201152|202362|203506|1626202|1627734,0,REG,2018,201584,,SG,Wing Stopper,-1.36,MISS J. Young 18' Jump Shot,PG,Secondary Ball Handler,-1.53
Shot Chart Detail,21700836,342,203506,Victor Oladipo,1610612754,Indiana Pacers,3,11,7,Missed Shot,Jump Shot,2PT Field Goal,Mid-Range,Left Side Center(LC),16-24 ft.,17,-140,108,1,0,20180211,IND,NYK,21700836342,14930,0,201152|202709|202711|203506|1626167,0,REG,2018,201584,,SG,Wing Stopper,-1.36,MISS Oladipo 18' Jump Shot,SG,Primary Ball Handler,1.99
Shot Chart Detail,21700836,344,203506,Victor Oladipo,1610612754,Indiana Pacers,3,10,56,Missed Shot,Pullup Jump shot,2PT Field Goal,Mid-Range,Center(C),16-24 ft.,16,11,168,1,0,20180211,IND,NYK,21700836344,15040,0,201152|202709|202711|203506|1626167,0,REG,2018,201584|202683,,,,,,SG,Primary Ball Handler,1.99
Shot Chart Detail,21700842,185,203496,Robert Covington,1610612755,Philadelphia 76ers,2,10,18,Missed Shot,Driving Floating Jump Shot,2PT Field Goal,In The Paint (Non-RA),Center(C),8-16 ft.,8,8,85,1,0,20180212,PHI,NYK,21700842185,8220,0,200755|202344|203496|203954|204456,0,REG,2018,201584|1626144,,,,,,SF,Movement Shooter,0.16
Shot Chart Detail,21700842,227,200755,JJ Redick,1610612755,Philadelphia 76ers,2,6,49,Made Shot,Pullup Jump shot,3PT Field Goal,Above the Break 3,Right Side Center(RC),24+ ft.,25,127,225,1,1,20180212,PHI,NYK,21700842227,10310,0,101161|200755|203496|203967|204456,0,REG,2018,201584,,SG,Wing Stopper,-1.36,Redick 26' 3PT Pullup Jump Shot (12 PTS),SG,Off Screen Shooter,1.77
Shot Chart Detail,21700842,259,203967,Dario Šarić,1610612755,Philadelphia 76ers,2,4,51,Missed Shot,Jump Shot,3PT Field Goal,Above the Break 3,Left Side Center(LC),24+ ft.,26,-215,158,1,0,20180212,PHI,NYK,21700842259,11490,0,101161|203496|203967|204456|1627732,0,REG,2018,201584,,SG,Wing Stopper,-1.36,MISS Saric 27' 3PT Jump Shot,PF,Athletic Finisher,0.51
Shot Chart Detail,21700842,288,1627732,Ben Simmons,1610612755,Philadelphia 76ers,2,2,45,Missed Shot,Driving Layup Shot,2PT Field Goal,Restricted Area,Center(C),Less Than 8 ft.,1,13,14,1,0,20180212,PHI,NYK,21700842288,12750,0,200755|203954|203967|204456|1627732,0,REG,2018,201584|202683,,,,,,PG,Shot Creator,0.84
Shot Chart Detail,21700842,323,1627732,Ben Simmons,1610612755,Philadelphia 76ers,2,0,7,Made Shot,Cutting Layup Shot,2PT Field Goal,Restricted Area,Center(C),Less Than 8 ft.,2,19,16,1,1,20180212,PHI,NYK,21700842323,14330,0,101161|200755|202344|204456|1627732,1,REG,2018,201584,,SG,Wing Stopper,-1.36,Simmons 2' Cutting Layup Shot (7 PTS) (McConnell 5 AST),PG,Shot Creator,0.84
Shot Chart Detail,21700842,434,203496,Robert Covington,1610612755,Philadelphia 76ers,3,3,38,Made Shot,Jump Shot,3PT Field Goal,Above the Break 3,Right Side Center(RC),24+ ft.,25,109,236,1,1,20180212,PHI,NYK,21700842434,19420,0,101161|203496|203967|204456|1627732,1,REG,2018,201584,,SG,Wing Stopper,-1.36,Covington 26' 3PT Jump Shot (6 PTS) (Simmons 6 AST),SF,Movement Shooter,0.16
Shot Chart Detail,21700842,453,200755,JJ Redick,1610612755,Philadelphia 76ers,3,2,46,Missed Shot,Pullup Jump shot,2PT Field Goal,In The Paint (Non-RA),Center(C),Less Than 8 ft.,7,29,67,1,0,20180212,PHI,NYK,21700842453,19940,0,200755|202344|203496|203954|204456,0,REG,2018,203501|201584,,,,,,SG,Off Screen Shooter,1.77
Shot Chart Detail,21700842,486,200755,JJ Redick,1610612755,Philadelphia 76ers,3,1,16,Missed Shot,Jump Shot,3PT Field Goal,Above the Break 3,Left Side Center(LC),24+ ft.,26,-127,231,1,0,20180212,PHI,NYK,21700842486,20840,0,200755|202344|203954|204456|1627789,0,REG,2018,201584,,SG,Wing Stopper,-1.36,MISS Redick 26' 3PT Jump Shot,SG,Off Screen Shooter,1.77
Shot Chart Detail,21700842,531,203954,Joel Embiid,1610612755,Philadelphia 76ers,4,10,8,Missed Shot,Jump Shot,2PT Field Goal,Mid-Range,Left Side Center(LC),16-24 ft.,21,-172,134,1,0,20180212,PHI,NYK,21700842531,22720,0,202344|203496|203954|204456|1627789,0,REG,2018,201584,,SG,Wing Stopper,-1.36,MISS Embiid 22' Jump Shot,C,Post Scorer,1.73
Shot Chart Detail,21700842,581,1627732,Ben Simmons,1610612755,Philadelphia 76ers,4,6,34,Made Shot,Driving Dunk Shot,2PT Field Goal,Restricted Area,Center(C),Less Than 8 ft.,1,-1,17,1,1,20180212,PHI,NYK,21700842581,24860,0,101161|203496|203967|204456|1627732,0,REG,2018,201584,15.0,SG,Wing Stopper,-1.36,Simmons 2' Driving Dunk (13 PTS),PG,Shot Creator,0.84
Shot Chart Detail,21700857,42,203490,Otto Porter Jr.,1610612764,Washington Wizards,1,7,43,Made Shot,Driving Dunk Shot,2PT Field Goal,Restricted Area,Center(C),Less Than 8 ft.,0,-4,4,1,1,20180214,NYK,WAS,2170085742,2570,0,101162|202693|203078|203107|203490,1,REG,2018,201584|202683,-3.0,,,,,SF,Athletic Finisher,0.73
Shot Chart Detail,21700857,50,203490,Otto Porter Jr.,1610612764,Washington Wizards,1,6,53,Missed Shot,Jump Shot,3PT Field Goal,Right Corner 3,Right Side(R),24+ ft.,22,224,34,1,0,20180214,NYK,WAS,2170085750,3070,0,101162|202693|203078|203107|203490,0,REG,2018,201584,,SG,Wing Stopper,-1.36,MISS Porter Jr. 3PT Jump Shot,SF,Athletic Finisher,0.73
Shot Chart Detail,21700857,60,101162,Marcin Gortat,1610612764,Washington Wizards,1,6,12,Missed Shot,Dunk Shot,2PT Field Goal,Restricted Area,Center(C),Less Than 8 ft.,1,9,6,1,0,20180214,NYK,WAS,2170085760,3480,0,101162|202693|203078|203107|203490,0,REG,2018,201584,-8.0,SG,Wing Stopper,-1.36,MISS Gortat 1' Dunk,C,Post Scorer,-0.9
Shot Chart Detail,21700857,327,101162,Marcin Gortat,1610612764,Washington Wizards,3,8,53,Made Shot,Dunk Shot,2PT Field Goal,Restricted Area,Center(C),Less Than 8 ft.,0,2,8,1,1,20180214,NYK,WAS,21700857327,16270,0,101162|202693|203078|203107|203490,1,REG,2018,201584,-13.0,SG,Wing Stopper,-1.36,Gortat 1' Dunk (2 PTS) (Morris 3 AST),C,Post Scorer,-0.9
Shot Chart Detail,21700857,340,101162,Marcin Gortat,1610612764,Washington Wizards,3,7,13,Made Shot,Layup Shot,2PT Field Goal,Restricted Area,Center(C),Less Than 8 ft.,0,-7,6,1,1,20180214,NYK,WAS,21700857340,17270,0,101162|202693|203078|203107|203490,1,REG,2018,201584,,SG,Wing Stopper,-1.36,Gortat 1' Layup (6 PTS) (Satoransky 7 AST),C,Post Scorer,-0.9
Shot Chart Detail,21700857,358,203078,Bradley Beal,1610612764,Washington Wizards,3,5,53,Made Shot,Layup Shot,2PT Field Goal,Restricted Area,Center(C),Less Than 8 ft.,1,-11,0,1,1,20180214,NYK,WAS,21700857358,18070,0,101162|202693|203078|203107|203490,1,REG,2018,201584,,SG,Wing Stopper,-1.36,Beal 1' Layup (18 PTS) (Gortat 3 AST),SG,Shot Creator,1.87
Shot Chart Detail,21700857,363,203490,Otto Porter Jr.,1610612764,Washington Wizards,3,5,38,Made Shot,Running Dunk Shot,2PT Field Goal,Restricted Area,Center(C),Less Than 8 ft.,1,-2,12,1,1,20180214,NYK,WAS,21700857363,18220,0,101162|202693|203078|203107|203490,1,REG,2018,201584,-6.0,SG,Wing Stopper,-1.36,Porter Jr. 1' Running Dunk (14 PTS) (Beal 3 AST),SF,Athletic Finisher,0.73
Shot Chart Detail,21700868,8,203613,Jonathon Simmons,1610612753,Orlando Magic,1,11,25,Made Shot,Cutting Layup Shot,2PT Field Goal,Restricted Area,Center(C),Less Than 8 ft.,1,-5,19,1,1,20180222,ORL,NYK,217008688,350,0,201571|202696|203095|203613|203932,1,REG,2018,201584,,SG,Wing Stopper,-1.36,Simmons 2' Cutting Layup Shot (2 PTS) (Gordon 1 AST),SG,Slasher,-1.69
Shot Chart Detail,21700868,60,202696,Nikola Vučević,1610612753,Orlando Magic,1,7,3,Made Shot,Cutting Layup Shot,2PT Field Goal,Restricted Area,Center(C),Less Than 8 ft.,2,-19,19,1,1,20180222,ORL,NYK,2170086860,2970,0,201571|202696|203095|203613|203932,1,REG,2018,201584,,SG,Wing Stopper,-1.36,Vucevic 3' Cutting Layup Shot (6 PTS) (Simmons 2 AST),C,Post Scorer,0.06
Shot Chart Detail,21700868,402,203095,Evan Fournier,1610612753,Orlando Magic,3,5,23,Made Shot,Pullup Jump shot,2PT Field Goal,Mid-Range,Center(C),16-24 ft.,20,46,201,1,1,20180222,ORL,NYK,21700868402,18370,0,201571|202696|203095|203613|203932,0,REG,2018,201584,,SG,Wing Stopper,-1.36,Fournier 21' Pullup Jump Shot (18 PTS),SF,Off Screen Shooter,-0.03
Shot Chart Detail,21700886,7,1627759,Jaylen Brown,1610612738,Boston Celtics,1,11,46,Missed Shot,Jump Shot,3PT Field Goal,Above the Break 3,Left Side Center(LC),24+ ft.,26,-103,243,1,0,20180224,NYK,BOS,217008867,140,0,201143|202681|1627759|1628369|1628464,0,REG,2018,201584,,SG,Wing Stopper,-1.36,MISS Brown 26' 3PT Jump Shot,SG,Shot Creator,-0.03
Shot Chart Detail,21700886,48,202681,Kyrie Irving,1610612738,Boston Celtics,1,8,43,Missed Shot,Jump Shot,3PT Field Goal,Above the Break 3,Right Side Center(RC),24+ ft.,25,162,196,1,0,20180224,NYK,BOS,2170088648,1970,0,201143|202681|1627759|1628369|1628464,0,REG,2018,201584|1626144,,,,,,PG,Shot Creator,3.68
Shot Chart Detail,21700886,373,1627759,Jaylen Brown,1610612738,Boston Celtics,3,10,32,Missed Shot,Driving Reverse Layup Shot,2PT Field Goal,Restricted Area,Center(C),Less Than 8 ft.,1,-11,14,1,0,20180224,NYK,BOS,21700886373,15280,0,201143|202681|1627759|1628369|1628464,0,REG,2018,202683|201584,,,,,,SG,Shot Creator,-0.03
Shot Chart Detail,21700900,7,202691,Klay Thompson,1610612744,Golden State Warriors,1,11,44,Made Shot,Cutting Layup Shot,2PT Field Goal,Restricted Area,Center(C),Less Than 8 ft.,1,1,11,1,1,20180226,NYK,GSW,217009007,160,0,201142|201580|201939|202691|203110,1,REG,2018,201584,,SG,Wing Stopper,-1.36,Thompson 1' Cutting Layup Shot (2 PTS) (McGee 1 AST),SG,Off Screen Shooter,1.07
Shot Chart Detail,21700900,15,202691,Klay Thompson,1610612744,Golden State Warriors,1,11,1,Missed Shot,Jump Shot,3PT Field Goal,Above the Break 3,Right Side Center(RC),24+ ft.,25,157,199,1,0,20180226,NYK,GSW,2170090015,590,0,201142|201580|201939|202691|203110,0,REG,2018,201584,,SG,Wing Stopper,-1.36,MISS Thompson 25' 3PT Jump Shot,SG,Off Screen Shooter,1.07
Shot Chart Detail,21700900,20,202691,Klay Thompson,1610612744,Golden State Warriors,1,10,42,Made Shot,Pullup Jump shot,2PT Field Goal,Mid-Range,Right Side Center(RC),16-24 ft.,16,122,114,1,1,20180226,NYK,GSW,2170090020,780,0,201142|201580|201939|202691|203110,1,REG,2018,201584,,SG,Wing Stopper,-1.36,Thompson 17' Pullup Jump Shot (4 PTS) (Curry 1 AST),SG,Off Screen Shooter,1.07
Shot Chart Detail,21700900,323,201580,JaVale McGee,1610612744,Golden State Warriors,3,9,25,Made Shot,Alley Oop Dunk Shot,2PT Field Goal,Restricted Area,Center(C),Less Than 8 ft.,1,-1,12,1,1,20180226,NYK,GSW,21700900323,15950,0,201142|201580|201939|202691|203110,1,REG,2018,201584|202683,-10.0,,,,,C,Roll + Cut Big,-0.16
Shot Chart Detail,21700935,9,1628462,Milos Teodosic,1610612746,LA Clippers,1,11,21,Made Shot,Fadeaway Jump Shot,2PT Field Goal,Mid-Range,Left Side(L),16-24 ft.,17,-174,15,1,1,20180302,LAC,NYK,217009359,390,0,201599|202699|203085|203710|1628462,1,REG,2018,201584,2.0,SG,Wing Stopper,-1.36,Teodosic 17' Fadeaway Jumper (2 PTS) (Jordan 1 AST),PG,Primary Ball Handler,0.22
Shot Chart Detail,21700935,84,203085,Austin Rivers,1610612746,LA Clippers,1,5,17,Made Shot,Jump Shot,3PT Field Goal,Above the Break 3,Left Side Center(LC),24+ ft.,25,-118,229,1,1,20180302,LAC,NYK,2170093584,4030,0,101150|201599|202699|203085|203710,1,REG,2018,201584,,SG,Wing Stopper,-1.36,Rivers 26' 3PT Jump Shot (3 PTS) (C. Williams 1 AST),SG,Shot Creator,0.57
Shot Chart Detail,21700935,91,101150,Lou Williams,1610612746,LA Clippers,1,5,2,Made Shot,Cutting Layup Shot,2PT Field Goal,Restricted Area,Center(C),Less Than 8 ft.,1,14,8,1,1,20180302,LAC,NYK,2170093591,4180,0,101150|201599|202699|203085|203710,1,REG,2018,201584,,SG,Wing Stopper,-1.36,L. Williams 2' Cutting Layup Shot (2 PTS) (C. Williams 2 AST),SG,Primary Ball Handler,3.34
Shot Chart Detail,21700935,211,101150,Lou Williams,1610612746,LA Clippers,2,9,18,Missed Shot,Jump Shot,3PT Field Goal,Above the Break 3,Right Side Center(RC),24+ ft.,25,234,109,1,0,20180302,LAC,NYK,21700935211,8820,0,101150|1626149|1626155|1628414|1628462,0,REG,2018,201584,,SG,Wing Stopper,-1.36,MISS L. Williams 26' 3PT Jump Shot,SG,Primary Ball Handler,3.34
Shot Chart Detail,21700935,248,101150,Lou Williams,1610612746,LA Clippers,2,6,30,Made Shot,Driving Floating Jump Shot,2PT Field Goal,In The Paint (Non-RA),Center(C),Less Than 8 ft.,5,-6,59,1,1,20180302,LAC,NYK,21700935248,10500,0,101150|201599|202699|203085|1628462,0,REG,2018,201584,,SG,Wing Stopper,-1.36,L. Williams 6' Driving Floating Jump Shot (10 PTS),SG,Primary Ball Handler,3.34
Shot Chart Detail,21700935,271,1628462,Milos Teodosic,1610612746,LA Clippers,2,4,59,Missed Shot,Pullup Jump shot,3PT Field Goal,Right Corner 3,Right Side(R),24+ ft.,24,231,82,1,0,20180302,LAC,NYK,21700935271,11410,0,201599|202699|203085|203710|1628462,0,REG,2018,201584|202683,,,,,,PG,Primary Ball Handler,0.22
Shot Chart Detail,21700935,307,101150,Lou Williams,1610612746,LA Clippers,2,1,23,Made Shot,Jump Shot,2PT Field Goal,Mid-Range,Left Side Center(LC),16-24 ft.,18,-123,138,1,1,20180302,LAC,NYK,21700935307,13570,0,101150|201599|202699|203710|1628462,1,REG,2018,201584,,SG,Wing Stopper,-1.36,L. Williams 18' Jump Shot (14 PTS) (Jordan 2 AST),SG,Primary Ball Handler,3.34
Shot Chart Detail,21700935,311,1628462,Milos Teodosic,1610612746,LA Clippers,2,0,54,Missed Shot,Jump Shot,3PT Field Goal,Right Corner 3,Right Side(R),24+ ft.,23,232,3,1,0,20180302,LAC,NYK,21700935311,13860,0,101150|201599|202699|203710|1628462,0,REG,2018,201584|1626144,,,,,,PG,Primary Ball Handler,0.22
Shot Chart Detail,21700949,7,203992,Bogdan Bogdanović,1610612758,Sacramento Kings,1,11,42,Missed Shot,Jump Shot,3PT Field Goal,Above the Break 3,Left Side Center(LC),24+ ft.,25,-130,214,1,0,20180304,SAC,NYK,217009497,180,0,201585|203992|1627746|1628368|1628382,0,REG,2018,201584,,SG,Wing Stopper,-1.36,MISS Bogdanovic 25' 3PT Jump Shot,SG,Secondary Ball Handler,-0.9
Shot Chart Detail,21700949,9,203992,Bogdan Bogdanović,1610612758,Sacramento Kings,1,11,27,Made Shot,Jump Shot,3PT Field Goal,Above the Break 3,Left Side Center(LC),24+ ft.,24,-196,155,1,1,20180304,SAC,NYK,217009499,330,0,201585|203992|1627746|1628368|1628382,1,REG,2018,201584,,SG,Wing Stopper,-1.36,Bogdanovic 25' 3PT Jump Shot (3 PTS) (Fox 1 AST),SG,Secondary Ball Handler,-0.9
Shot Chart Detail,21700949,12,1628382,Justin Jackson,1610612758,Sacramento Kings,1,10,49,Missed Shot,Driving Layup Shot,2PT Field Goal,In The Paint (Non-RA),Center(C),Less Than 8 ft.,4,-33,29,1,0,20180304,SAC,NYK,2170094912,710,0,201585|203992|1627746|1628368|1628382,0,REG,2018,1626144|201584,,,,,,SF,Low Minute,-1.89
Shot Chart Detail,21700949,24,1628382,Justin Jackson,1610612758,Sacramento Kings,1,9,24,Missed Shot,Floating Jump shot,2PT Field Goal,In The Paint (Non-RA),Center(C),Less Than 8 ft.,7,32,69,1,0,20180304,SAC,NYK,2170094924,1560,0,201585|203992|1627746|1628368|1628382,0,REG,2018,202683|201584,,,,,,SF,Low Minute,-1.89
Shot Chart Detail,21700949,30,1628368,De'Aaron Fox,1610612758,Sacramento Kings,1,9,7,Made Shot,Running Dunk Shot,2PT Field Goal,Restricted Area,Center(C),Less Than 8 ft.,1,-10,4,1,1,20180304,SAC,NYK,2170094930,1730,0,201585|203992|1627746|1628368|1628382,0,REG,2018,201584,-3.0,SG,Wing Stopper,-1.36,Fox 1' Running Dunk (2 PTS),PG,Slasher,-1.55
Shot Chart Detail,21700949,34,203992,Bogdan Bogdanović,1610612758,Sacramento Kings,1,8,23,Made Shot,Fadeaway Jump Shot,2PT Field Goal,Mid-Range,Right Side Center(RC),16-24 ft.,17,70,157,1,1,20180304,SAC,NYK,2170094934,2170,0,201585|203992|1627746|1628368|1628382,0,REG,2018,201563|201584,-3.0,,,,,SG,Secondary Ball Handler,-0.9
Shot Chart Detail,21700949,39,203992,Bogdan Bogdanović,1610612758,Sacramento Kings,1,7,59,Made Shot,Driving Layup Shot,2PT Field Goal,In The Paint (Non-RA),Center(C),Less Than 8 ft.,5,-6,53,1,1,20180304,SAC,NYK,2170094939,2410,0,201585|203992|1627746|1628368|1628382,0,REG,2018,201584,,SG,Wing Stopper,-1.36,Bogdanovic 5' Driving Layup (7 PTS),SG,Secondary Ball Handler,-0.9
Shot Chart Detail,21700949,49,201585,Kosta Koufos,1610612758,Sacramento Kings,1,7,16,Missed Shot,Tip Layup Shot,2PT Field Goal,Restricted Area,Center(C),Less Than 8 ft.,0,0,-6,1,0,20180304,SAC,NYK,2170094949,2840,0,201585|203992|1627746|1628368|1628382,0,REG,2018,201584,,SG,Wing Stopper,-1.36,MISS Koufos 1' Tip Layup Shot,C,Roll + Cut Big,-0.81
Shot Chart Detail,21700949,319,203992,Bogdan Bogdanović,1610612758,Sacramento Kings,3,11,12,Made Shot,Jump Shot,2PT Field Goal,Mid-Range,Right Side(R),8-16 ft.,12,124,15,1,1,20180304,SAC,NYK,21700949319,14880,0,201585|203992|1627746|1628368|1628382,0,REG,2018,201584,,SG,Wing Stopper,-1.36,Bogdanovic 12' Jump Shot (17 PTS),SG,Secondary Ball Handler,-0.9
Shot Chart Detail,21700949,357,201585,Kosta Koufos,1610612758,Sacramento Kings,3,7,42,Made Shot,Finger Roll Layup Shot,2PT Field Goal,Restricted Area,Center(C),Less Than 8 ft.,3,-8,32,1,1,20180304,SAC,NYK,21700949357,16980,0,201585|203992|1627746|1628368|1628382,1,REG,2018,201584,,SG,Wing Stopper,-1.36,Koufos 3' Finger Roll Layup (8 PTS) (Bogdanovic 5 AST),C,Roll + Cut Big,-0.81
Shot Chart Detail,21700949,578,203992,Bogdan Bogdanović,1610612758,Sacramento Kings,4,0,29,Made Shot,Step Back Jump shot,2PT Field Goal,Mid-Range,Right Side Center(RC),16-24 ft.,17,109,143,1,1,20180304,SAC,NYK,21700949578,28510,0,1713|202066|203992|1627746|1628368,0,REG,2018,201584,,SG,Wing Stopper,-1.36,Bogdanovic 18' Step Back Jump Shot (22 PTS),SG,Secondary Ball Handler,-0.9
Shot Chart Detail,21700992,122,201942,DeMar DeRozan,1610612761,Toronto Raptors,1,2,47,Made Shot,Driving Reverse Layup Shot,2PT Field Goal,Restricted Area,Center(C),Less Than 8 ft.,1,-6,14,1,1,20180311,NYK,TOR,21700992122,5530,0,101139|200768|201586|201942|1627751,0,REG,2018,201584,,SG,Wing Stopper,-1.36,DeRozan 2' Driving Reverse Layup (5 PTS),SG,Shot Creator,4.05
Shot Chart Detail,21700992,133,201942,DeMar DeRozan,1610612761,Toronto Raptors,1,1,43,Missed Shot,Driving Layup Shot,2PT Field Goal,Restricted Area,Center(C),Less Than 8 ft.,2,-13,16,1,0,20180311,NYK,TOR,21700992133,6170,0,101139|201942|1627751|1627783|1627832,0,REG,2018,201584,,SG,Wing Stopper,-1.36,O'Quinn BLOCK (2 BLK),SG,Shot Creator,4.05
Shot Chart Detail,21700992,141,1627751,Jakob Poeltl,1610612761,Toronto Raptors,1,1,21,Missed Shot,Layup Shot,2PT Field Goal,Restricted Area,Center(C),Less Than 8 ft.,2,18,16,1,0,20180311,NYK,TOR,21700992141,6390,0,101139|201942|1627751|1627783|1627832,0,REG,2018,201584,,SG,Wing Stopper,-1.36,MISS Poeltl 2' Layup,C,Roll + Cut Big,-0.61
Shot Chart Detail,21700992,167,1627783,Pascal Siakam,1610612761,Toronto Raptors,2,10,54,Made Shot,Layup Shot,2PT Field Goal,Restricted Area,Center(C),Less Than 8 ft.,2,17,19,1,1,20180311,NYK,TOR,21700992167,7860,0,101139|1626153|1627751|1627783|1627832,1,REG,2018,201584|203124,,,,,,PF,Athletic Finisher,0.01
Shot Chart Detail,21700992,193,101139,CJ Miles,1610612761,Toronto Raptors,2,8,46,Missed Shot,Pullup Jump shot,3PT Field Goal,Above the Break 3,Right Side Center(RC),24+ ft.,27,187,195,1,0,20180311,NYK,TOR,21700992193,9140,0,101139|1626153|1627751|1627783|1627832,0,REG,2018,201584,,SG,Wing Stopper,-1.36,MISS Miles 27' 3PT Pullup Jump Shot,SF,Off Screen Shooter,1.69
Shot Chart Detail,21700992,203,101139,CJ Miles,1610612761,Toronto Raptors,2,7,45,Made Shot,Jump Shot,2PT Field Goal,Mid-Range,Right Side(R),8-16 ft.,15,87,134,1,1,20180311,NYK,TOR,21700992203,9750,0,101139|1626153|1627751|1627783|1627832,1,REG,2018,201584|1628436,,,,,,SF,Off Screen Shooter,1.69
Shot Chart Detail,21700992,406,200768,Kyle Lowry,1610612761,Toronto Raptors,3,6,25,Made Shot,Jump Shot,3PT Field Goal,Above the Break 3,Center(C),24+ ft.,28,-9,286,1,1,20180311,NYK,TOR,21700992406,17750,0,200768|201586|201942|202685|1626181,1,REG,2018,201584,,SG,Wing Stopper,-1.36,Lowry 29' 3PT Jump Shot (7 PTS) (Ibaka 1 AST),PG,Primary Ball Handler,3.43
Shot Chart Detail,21700992,459,101139,CJ Miles,1610612761,Toronto Raptors,3,2,0,Made Shot,Jump Shot,3PT Field Goal,Left Corner 3,Left Side(L),24+ ft.,23,-235,6,1,1,20180311,NYK,TOR,21700992459,20400,0,101139|200768|201942|1627751|1627783,1,REG,2018,201584,,SG,Wing Stopper,-1.36,Miles 24' 3PT Jump Shot (10 PTS) (Siakam 5 AST),SF,Off Screen Shooter,1.69
Shot Chart Detail,21700992,464,101139,CJ Miles,1610612761,Toronto Raptors,3,1,24,Made Shot,Jump Shot,3PT Field Goal,Left Corner 3,Left Side(L),24+ ft.,23,-235,0,1,1,20180311,NYK,TOR,21700992464,20760,0,101139|200768|201942|1627751|1627783,1,REG,2018,201584,,SG,Wing Stopper,-1.36,Miles 24' 3PT Jump Shot (13 PTS) (DeRozan 5 AST),SF,Off Screen Shooter,1.69
Shot Chart Detail,21700992,490,1626153,Delon Wright,1610612761,Toronto Raptors,4,11,17,Missed Shot,Floating Jump shot,2PT Field Goal,In The Paint (Non-RA),Center(C),8-16 ft.,9,20,92,1,0,20180311,NYK,TOR,21700992490,22030,0,101139|1626153|1627751|1627783|1627832,0,REG,2018,201584,,SG,Wing Stopper,-1.36,MISS Wright 9' Floating Jump Shot,PG,Primary Ball Handler,0.47
Shot Chart Detail,21700992,492,1626153,Delon Wright,1610612761,Toronto Raptors,4,11,12,Made Shot,Tip Layup Shot,2PT Field Goal,Restricted Area,Center(C),Less Than 8 ft.,0,0,-6,1,1,20180311,NYK,TOR,21700992492,22080,0,101139|1626153|1627751|1627783|1627832,0,REG,2018,201584|201563,,,,,,PG,Primary Ball Handler,0.47
Shot Chart Detail,21701009,59,203457,Nerlens Noel,1610612742,Dallas Mavericks,1,6,59,Missed Shot,Layup Shot,2PT Field Goal,Restricted Area,Center(C),Less Than 8 ft.,3,-25,19,1,0,20180313,NYK,DAL,2170100959,3010,0,203084|203457|1627812|1627827|1628372,0,REG,2018,201584|203501,,,,,,C,Roll + Cut Big,-2.31
Shot Chart Detail,21701009,61,1627812,Yogi Ferrell,1610612742,Dallas Mavericks,1,6,53,Missed Shot,Jump Shot,3PT Field Goal,Above the Break 3,Center(C),24+ ft.,25,36,250,1,0,20180313,NYK,DAL,2170100961,3070,0,203084|203457|1627812|1627827|1628372,0,REG,2018,201584,,SG,Wing Stopper,-1.36,MISS Ferrell 25' 3PT Jump Shot,SG,Primary Ball Handler,-0.42
Shot Chart Detail,21701009,94,1627812,Yogi Ferrell,1610612742,Dallas Mavericks,1,3,53,Missed Shot,Jump Shot,3PT Field Goal,Above the Break 3,Right Side Center(RC),24+ ft.,25,176,190,1,0,20180313,NYK,DAL,2170100994,4870,0,203084|203457|1627812|1627827|1628372,0,REG,2018,201584,,SG,Wing Stopper,-1.36,MISS Ferrell 26' 3PT Jump Shot,SG,Primary Ball Handler,-0.42
Shot Chart Detail,21701022,23,1627732,Ben Simmons,1610612755,Philadelphia 76ers,1,10,29,Made Shot,Turnaround Hook Shot,2PT Field Goal,In The Paint (Non-RA),Center(C),Less Than 8 ft.,6,58,34,1,1,20180315,NYK,PHI,2170102223,910,0,200755|203496|203954|203967|1627732,0,REG,2018,201584,,SG,Wing Stopper,-1.36,Simmons 7' Turnaround Hook Shot (2 PTS),PG,Shot Creator,0.84
Shot Chart Detail,21701022,28,200755,JJ Redick,1610612755,Philadelphia 76ers,1,9,52,Made Shot,Driving Layup Shot,2PT Field Goal,Restricted Area,Center(C),Less Than 8 ft.,2,-10,19,1,1,20180315,NYK,PHI,2170102228,1280,0,200755|203496|203954|203967|1627732,0,REG,2018,201584,,SG,Wing Stopper,-1.36,Redick 2' Driving Layup (2 PTS),SG,Off Screen Shooter,1.77
Shot Chart Detail,21701022,194,200755,JJ Redick,1610612755,Philadelphia 76ers,2,10,29,Made Shot,Driving Layup Shot,2PT Field Goal,Restricted Area,Center(C),Less Than 8 ft.,2,18,15,1,1,20180315,NYK,PHI,21701022194,8110,0,101141|200755|203496|203954|204456,1,REG,2018,201584,,SG,Wing Stopper,-1.36,Redick 2' Driving Layup (6 PTS) (Ilyasova 1 AST),SG,Off Screen Shooter,1.77
Shot Chart Detail,21701022,236,1627732,Ben Simmons,1610612755,Philadelphia 76ers,2,6,59,Made Shot,Layup Shot,2PT Field Goal,Restricted Area,Center(C),Less Than 8 ft.,1,8,14,1,1,20180315,NYK,PHI,21701022236,10210,0,101161|201158|203496|203967|1627732,1,REG,2018,201584,,SG,Wing Stopper,-1.36,Simmons 2' Layup (6 PTS) (Saric 1 AST),PG,Shot Creator,0.84
Shot Chart Detail,21701022,287,1627732,Ben Simmons,1610612755,Philadelphia 76ers,2,3,35,Missed Shot,Jump Shot,2PT Field Goal,In The Paint (Non-RA),Left Side(L),8-16 ft.,10,-79,66,1,0,20180315,NYK,PHI,21701022287,12250,0,101141|201158|203967|204456|1627732,0,REG,2018,201584,,SG,Wing Stopper,-1.36,MISS Simmons 10' Jump Shot,PG,Shot Creator,0.84
Shot Chart Detail,21701022,293,101141,Ersan Ilyasova,1610612755,Philadelphia 76ers,2,3,9,Made Shot,Layup Shot,2PT Field Goal,Restricted Area,Center(C),Less Than 8 ft.,1,-11,6,1,1,20180315,NYK,PHI,21701022293,12510,0,101141|201158|203967|204456|1627732,0,REG,2018,201584,,SG,Wing Stopper,-1.36,Ilyasova 1' Layup (3 PTS),PF,Stretch Big,0.25
Shot Chart Detail,21701022,304,1627732,Ben Simmons,1610612755,Philadelphia 76ers,2,2,6,Made Shot,Cutting Layup Shot,2PT Field Goal,Restricted Area,Center(C),Less Than 8 ft.,0,0,1,1,1,20180315,NYK,PHI,21701022304,13140,0,101141|200755|203954|204456|1627732,1,REG,2018,201584|203124,,,,,,PG,Shot Creator,0.84
Shot Chart Detail,21701022,352,200755,JJ Redick,1610612755,Philadelphia 76ers,3,10,22,Missed Shot,Jump Shot,3PT Field Goal,Above the Break 3,Center(C),24+ ft.,25,15,253,1,0,20180315,NYK,PHI,21701022352,15380,0,200755|203496|203954|203967|1627732,0,REG,2018,201584,,SG,Wing Stopper,-1.36,MISS Redick 25' 3PT Jump Shot,SG,Off Screen Shooter,1.77
Shot Chart Detail,21701022,367,1627732,Ben Simmons,1610612755,Philadelphia 76ers,3,8,53,Missed Shot,Layup Shot,2PT Field Goal,Restricted Area,Center(C),Less Than 8 ft.,2,-5,22,1,0,20180315,NYK,PHI,21701022367,16270,0,200755|203496|203954|203967|1627732,0,REG,2018,201584|201563,,,,,,PG,Shot Creator,0.84
Shot Chart Detail,21701022,387,200755,JJ Redick,1610612755,Philadelphia 76ers,3,7,4,Missed Shot,Jump Shot,3PT Field Goal,Above the Break 3,Left Side Center(LC),24+ ft.,25,-174,181,1,0,20180315,NYK,PHI,21701022387,17360,0,200755|203496|203954|203967|1627732,0,REG,2018,201584,,SG,Wing Stopper,-1.36,MISS Redick 25' 3PT Jump Shot,SG,Off Screen Shooter,1.77
Shot Chart Detail,21701022,399,203954,Joel Embiid,1610612755,Philadelphia 76ers,3,6,34,Missed Shot,Jump Shot,3PT Field Goal,Above the Break 3,Center(C),24+ ft.,25,5,251,1,0,20180315,NYK,PHI,21701022399,17660,0,201158|203496|203954|203967|1627732,0,REG,2018,201584,,SG,Wing Stopper,-1.36,MISS Embiid 25' 3PT Jump Shot,C,Post Scorer,1.73
Shot Chart Detail,21701022,421,201158,Marco Belinelli,1610612755,Philadelphia 76ers,3,5,17,Made Shot,Jump Shot,2PT Field Goal,Mid-Range,Right Side Center(RC),16-24 ft.,20,65,191,1,1,20180315,NYK,PHI,21701022421,18430,0,101161|201158|203496|203967|1627732,1,REG,2018,201584|201563,,,,,,SG,Off Screen Shooter,0.38
Shot Chart Detail,21701055,39,203200,Justin Holiday,1610612741,Chicago Bulls,1,8,14,Missed Shot,Running Jump Shot,2PT Field Goal,In The Paint (Non-RA),Center(C),Less Than 8 ft.,4,20,41,1,0,20180319,NYK,CHI,2170105539,2260,0,203200|1626166|1626245|1627756|1627835,0,REG,2018,201584|203501,,,,,,SG,Movement Shooter,-1.13
Shot Chart Detail,21701055,42,1627756,Denzel Valentine,1610612741,Chicago Bulls,1,8,10,Missed Shot,Pullup Jump shot,2PT Field Goal,Mid-Range,Left Side(L),16-24 ft.,19,-199,12,1,0,20180319,NYK,CHI,2170105542,2300,0,203200|1626166|1626245|1627756|1627835,0,REG,2018,201584,,SG,Wing Stopper,-1.36,MISS Valentine 20' Pullup Jump Shot,SG,Secondary Ball Handler,-1.33
Shot Chart Detail,21701055,355,1627756,Denzel Valentine,1610612741,Chicago Bulls,3,8,18,Made Shot,Driving Layup Shot,2PT Field Goal,Restricted Area,Center(C),Less Than 8 ft.,1,9,13,1,1,20180319,NYK,CHI,21701055355,16620,0,203200|1626166|1626245|1627756|1627835,0,REG,2018,201584,,SG,Wing Stopper,-1.36,Valentine 2' Driving Layup (2 PTS),SG,Secondary Ball Handler,-1.33
Shot Chart Detail,21701055,391,1627756,Denzel Valentine,1610612741,Chicago Bulls,3,5,42,Missed Shot,Driving Layup Shot,2PT Field Goal,Restricted Area,Center(C),Less Than 8 ft.,2,-27,5,1,0,20180319,NYK,CHI,21701055391,18180,0,203200|1626166|1626171|1626245|1627756,0,REG,2018,201584,,SG,Wing Stopper,-1.36,O'Quinn BLOCK (1 BLK),SG,Secondary Ball Handler,-1.33
Shot Chart Detail,21701068,7,204020,Tyler Johnson,1610612748,Miami Heat,1,11,45,Made Shot,Jump Shot,2PT Field Goal,Mid-Range,Right Side Center(RC),16-24 ft.,21,89,198,1,1,20180321,MIA,NYK,217010687,150,0,201609|201949|204020|1626196|1628389,1,REG,2018,201584,,SG,Wing Stopper,-1.36,T. Johnson 22' Jump Shot (2 PTS) (Richardson 1 AST),PG,Movement Shooter,-0.37
Shot Chart Detail,21701068,17,204020,Tyler Johnson,1610612748,Miami Heat,1,10,10,Made Shot,Jump Shot,3PT Field Goal,Left Corner 3,Left Side(L),24+ ft.,22,-226,3,1,1,20180321,MIA,NYK,2170106817,1100,0,201609|201949|204020|1626196|1628389,1,REG,2018,201584,,SG,Wing Stopper,-1.36,T. Johnson 3PT Jump Shot (5 PTS) (Richardson 2 AST),PG,Movement Shooter,-0.37
Shot Chart Detail,21701068,74,201961,Wayne Ellington,1610612748,Miami Heat,1,4,31,Missed Shot,Jump Shot,2PT Field Goal,Mid-Range,Right Side Center(RC),16-24 ft.,19,61,182,1,0,20180321,MIA,NYK,2170106874,4490,0,201609|201949|201961|204020|1628389,0,REG,2018,202683|201584,,,,,,SG,Off Screen Shooter,1.01
Shot Chart Detail,21701068,91,201609,Goran Dragic,1610612748,Miami Heat,1,3,12,Made Shot,Running Layup Shot,2PT Field Goal,Restricted Area,Center(C),Less Than 8 ft.,1,-15,10,1,1,20180321,MIA,NYK,2170106891,5280,0,201609|201961|203482|204020|1626159,1,REG,2018,201584,,SG,Wing Stopper,-1.36,Dragic 2' Running Layup (2 PTS) (Winslow 1 AST),PG,Slasher,0.73
Shot Chart Detail,21701068,327,204020,Tyler Johnson,1610612748,Miami Heat,3,7,48,Missed Shot,Jump Shot,3PT Field Goal,Above the Break 3,Left Side Center(LC),24+ ft.,25,-177,185,1,0,20180321,MIA,NYK,21701068327,16920,0,201609|201949|204020|1626196|1628389,0,REG,2018,201584,,SG,Wing Stopper,-1.36,MISS T. Johnson 26' 3PT Jump Shot,PG,Movement Shooter,-0.37
Shot Chart Detail,21701068,331,201609,Goran Dragic,1610612748,Miami Heat,3,7,25,Missed Shot,Step Back Jump shot,3PT Field Goal,Above the Break 3,Left Side Center(LC),24+ ft.,25,-128,218,1,0,20180321,MIA,NYK,21701068331,17150,0,201609|201949|204020|1626196|1628389,0,REG,2018,201563|201584,,,,,,PG,Slasher,0.73
Shot Chart Detail,21701068,335,204020,Tyler Johnson,1610612748,Miami Heat,3,7,3,Made Shot,Jump Shot,3PT Field Goal,Right Corner 3,Right Side(R),24+ ft.,23,226,78,1,1,20180321,MIA,NYK,21701068335,17370,0,201609|201949|204020|1626196|1628389,1,REG,2018,201584,,SG,Wing Stopper,-1.36,T. Johnson 24' 3PT Jump Shot (12 PTS) (J. Johnson 4 AST),PG,Movement Shooter,-0.37
Shot Chart Detail,21701068,355,204020,Tyler Johnson,1610612748,Miami Heat,3,5,36,Made Shot,Jump Shot,2PT Field Goal,Mid-Range,Right Side Center(RC),16-24 ft.,19,151,122,1,1,20180321,MIA,NYK,21701068355,18240,0,201609|201949|203482|204020|1626196,1,REG,2018,201584,,SG,Wing Stopper,-1.36,T. Johnson 19' Jump Shot (17 PTS) (J. Johnson 5 AST),PG,Movement Shooter,-0.37
Shot Chart Detail,21701081,7,1626157,Karl-Anthony Towns,1610612750,Minnesota Timberwolves,1,11,41,Made Shot,Dunk Shot,2PT Field Goal,Restricted Area,Center(C),Less Than 8 ft.,0,0,9,1,1,20180323,NYK,MIN,217010817,190,0,201952|201959|202357|203952|1626157,1,REG,2018,201584|201563,2.0,,,,,C,Post Scorer,3.32
Shot Chart Detail,21701081,520,201959,Taj Gibson,1610612750,Minnesota Timberwolves,4,7,28,Made Shot,Layup Shot,2PT Field Goal,Restricted Area,Center(C),Less Than 8 ft.,2,-11,18,1,1,20180323,NYK,MIN,21701081520,24320,0,2037|201959|202357|1626145|1626157,0,REG,2018,201584|203124,,,,,,PF,Post Scorer,-0.02
Shot Chart Detail,21701098,88,203490,Otto Porter Jr.,1610612764,Washington Wizards,1,3,31,Missed Shot,Running Jump Shot,2PT Field Goal,Mid-Range,Right Side(R),8-16 ft.,13,133,29,1,0,20180325,WAS,NYK,2170109888,5090,0,201196|202693|203078|203118|203490,0,REG,2018,201584,,SG,Wing Stopper,-1.36,MISS Porter Jr. 14' Running Jump Shot,SF,Athletic Finisher,0.73
Shot Chart Detail,21701098,116,1626162,Kelly Oubre Jr.,1610612764,Washington Wizards,1,1,22,Missed Shot,Driving Layup Shot,2PT Field Goal,Restricted Area,Center(C),Less Than 8 ft.,2,0,27,1,0,20180325,WAS,NYK,21701098116,6380,0,101133|201196|203078|203118|1626162,0,REG,2018,201584,,SG,Wing Stopper,-1.36,MISS Oubre Jr. 3' Driving Layup,SF,Movement Shooter,-0.28
Shot Chart Detail,21701098,237,1626162,Kelly Oubre Jr.,1610612764,Washington Wizards,2,4,29,Made Shot,Driving Floating Bank Jump Shot,2PT Field Goal,In The Paint (Non-RA),Center(C),Less Than 8 ft.,6,-27,57,1,1,20180325,WAS,NYK,21701098237,11710,0,202693|203078|203107|203490|1626162,1,REG,2018,201584,,SG,Wing Stopper,-1.36,Oubre Jr. 6' Driving Floating Bank Jump Shot (4 PTS) (Satoransky 5 AST),SF,Movement Shooter,-0.28
Shot Chart Detail,21701098,241,203490,Otto Porter Jr.,1610612764,Washington Wizards,2,4,7,Missed Shot,Running Layup Shot,2PT Field Goal,Restricted Area,Center(C),Less Than 8 ft.,1,6,12,1,0,20180325,WAS,NYK,21701098241,11930,0,202693|203078|203107|203490|1626162,0,REG,2018,201584|1626144,,,,,,SF,Athletic Finisher,0.73
Shot Chart Detail,21701098,261,203107,Tomas Satoransky,1610612764,Washington Wizards,2,2,50,Made Shot,Jump Shot,3PT Field Goal,Right Corner 3,Right Side(R),24+ ft.,23,230,52,1,1,20180325,WAS,NYK,21701098261,12700,0,101162|202693|203078|203107|203490,1,REG,2018,201584,,SG,Wing Stopper,-1.36,Satoransky 24' 3PT Jump Shot (3 PTS) (Gortat 2 AST),SG,Primary Ball Handler,0.02
Shot Chart Detail,21701098,459,1626162,Kelly Oubre Jr.,1610612764,Washington Wizards,4,11,48,Made Shot,Dunk Shot,2PT Field Goal,Restricted Area,Center(C),Less Than 8 ft.,2,-11,17,1,1,20180325,WAS,NYK,21701098459,21720,0,201160|201196|203107|203118|1626162,1,REG,2018,201584,-4.0,SG,Wing Stopper,-1.36,Oubre Jr. 2' Dunk (6 PTS) (Satoransky 9 AST),SF,Movement Shooter,-0.28
Shot Chart Detail,21701098,560,1626162,Kelly Oubre Jr.,1610612764,Washington Wizards,4,2,28,Missed Shot,Jump Shot,3PT Field Goal,Above the Break 3,Right Side Center(RC),24+ ft.,25,172,194,1,0,20180325,WAS,NYK,21701098560,27320,0,202693|203078|203107|203490|1626162,0,REG,2018,201584,,SG,Wing Stopper,-1.36,MISS Oubre Jr. 26' 3PT Jump Shot,SF,Movement Shooter,-0.28
Shot Chart Detail,21701098,567,203078,Bradley Beal,1610612764,Washington Wizards,4,2,9,Missed Shot,Jump Shot,3PT Field Goal,Above the Break 3,Right Side Center(RC),24+ ft.,26,161,208,1,0,20180325,WAS,NYK,21701098567,27510,0,202693|203078|203107|203490|1626162,0,REG,2018,201584,,SG,Wing Stopper,-1.36,MISS Beal 26' 3PT Jump Shot,SG,Shot Creator,1.87
Shot Chart Detail,21701103,207,1628407,Dwayne Bacon,1610612766,Charlotte Hornets,2,7,22,Missed Shot,Jump Shot,2PT Field Goal,In The Paint (Non-RA),Right Side(R),8-16 ft.,8,55,69,1,0,20180326,CHA,NYK,21701103207,9980,0,203087|1626163|1626195|1628370|1628407,0,REG,2018,201584,,SG,Wing Stopper,-1.36,MISS Bacon 9' Jump Shot,SG,Secondary Ball Handler,-2.55
Shot Chart Detail,21701103,220,1628407,Dwayne Bacon,1610612766,Charlotte Hornets,2,6,30,Made Shot,Jump Shot,2PT Field Goal,In The Paint (Non-RA),Right Side(R),8-16 ft.,9,60,71,1,1,20180326,CHA,NYK,21701103220,10500,0,202689|203087|1626163|1626195|1628407,1,REG,2018,201584,,SG,Wing Stopper,-1.36,Bacon 9' Jump Shot (2 PTS) (Walker 1 AST),SG,Secondary Ball Handler,-2.55
Shot Chart Detail,21701103,225,1626195,Willy Hernangomez,1610612766,Charlotte Hornets,2,5,46,Made Shot,Tip Layup Shot,2PT Field Goal,Restricted Area,Center(C),Less Than 8 ft.,0,0,-6,1,1,20180326,CHA,NYK,21701103225,10940,0,202689|203087|1626163|1626195|1628407,0,REG,2018,201584|1628436,,,,,,C,Post Scorer,-0.19
Shot Chart Detail,21701103,545,2730,Dwight Howard,1610612766,Charlotte Hornets,4,3,42,Made Shot,Alley Oop Dunk Shot,2PT Field Goal,Restricted Area,Center(C),Less Than 8 ft.,1,1,11,1,1,20180326,CHA,NYK,21701103545,26580,0,2730|101107|202689|203087|1628407,1,REG,2018,201584,-1.0,SG,Wing Stopper,-1.36,Howard 1' Alley Oop Dunk (18 PTS) (Walker 4 AST),C,Post Scorer,-0.03
Shot Chart Detail,21701103,617,2730,Dwight Howard,1610612766,Charlotte Hornets,5,0,32,Missed Shot,Jump Shot,3PT Field Goal,Above the Break 3,Center(C),24+ ft.,26,38,263,1,0,20180326,CHA,NYK,21701103617,31480,1,2730|101107|202689|203087|1628407,0,REG,2018,201584,,SG,Wing Stopper,-1.36,MISS Howard 27' 3PT Jump Shot,C,Post Scorer,-0.03
Shot Chart Detail,21701159,188,1628503,Jamel Artis,1610612753,Orlando Magic,2,9,39,Missed Shot,Jump Shot,3PT Field Goal,Above the Break 3,Right Side Center(RC),24+ ft.,26,131,226,1,0,20180403,NYK,ORL,21701159188,8610,0,202687|202714|1626209|1628503|1628681,0,REG,2018,201584,,SG,Wing Stopper,-1.36,MISS Artis 26' 3PT Jump Shot,SG,Athletic Finisher,-0.7
Shot Chart Detail,21701159,425,1628681,Rodney Purvis,1610612753,Orlando Magic,3,2,52,Missed Shot,Jump Shot,3PT Field Goal,Above the Break 3,Left Side Center(LC),24+ ft.,26,-186,186,1,0,20180403,NYK,ORL,21701159425,19880,0,202714|203920|203932|1628503|1628681,0,REG,2018,201584,,SG,Wing Stopper,-1.36,Lee BLOCK (1 BLK),SG,Off Screen Shooter,-0.58
Shot Chart Detail,21701159,435,1628681,Rodney Purvis,1610612753,Orlando Magic,3,1,51,Missed Shot,Jump Shot,2PT Field Goal,Mid-Range,Left Side Center(LC),16-24 ft.,18,-90,164,1,0,20180403,NYK,ORL,21701159435,20490,0,202714|203920|203932|1628503|1628681,0,REG,2018,201584,,SG,Wing Stopper,-1.36,MISS Purvis 19' Jump Shot,SG,Off Screen Shooter,-0.58
Shot Chart Detail,21701159,491,203920,Khem Birch,1610612753,Orlando Magic,4,8,43,Missed Shot,Driving Layup Shot,2PT Field Goal,Restricted Area,Center(C),Less Than 8 ft.,1,-1,12,1,0,20180403,NYK,ORL,21701159491,23570,0,202714|203920|1626209|1628503|1628681,0,REG,2018,201584,,SG,Wing Stopper,-1.36,MISS Birch 1' Driving Layup,C,Roll + Cut Big,0.36
Shot Chart Detail,21701159,493,203920,Khem Birch,1610612753,Orlando Magic,4,8,41,Made Shot,Putback Layup Shot,2PT Field Goal,Restricted Area,Center(C),Less Than 8 ft.,0,0,-6,1,1,20180403,NYK,ORL,21701159493,23590,0,202714|203920|1626209|1628503|1628681,0,REG,2018,201584,,SG,Wing Stopper,-1.36,Birch 1' Putback Layup (6 PTS),C,Roll + Cut Big,0.36
Shot Chart Detail,21701159,503,202714,Shelvin Mack,1610612753,Orlando Magic,4,7,35,Made Shot,Driving Layup Shot,2PT Field Goal,Restricted Area,Center(C),Less Than 8 ft.,3,-18,25,1,1,20180403,NYK,ORL,21701159503,24250,0,202714|203920|1626209|1628503|1628681,1,REG,2018,201584,,SG,Wing Stopper,-1.36,Mack 3' Driving Layup (9 PTS) (Hezonja 1 AST),PG,Primary Ball Handler,-0.22
Shot Chart Detail,21701159,533,1628681,Rodney Purvis,1610612753,Orlando Magic,4,5,39,Made Shot,Floating Jump shot,2PT Field Goal,In The Paint (Non-RA),Left Side(L),8-16 ft.,8,-41,71,1,1,20180403,NYK,ORL,21701159533,25410,0,202714|203920|1626209|1628503|1628681,1,REG,2018,201584,,SG,Wing Stopper,-1.36,Purvis 8' Floating Jump Shot (6 PTS) (Artis 2 AST),SG,Off Screen Shooter,-0.58
Shot Chart Detail,21701186,114,2548,Dwyane Wade,1610612748,Miami Heat,1,3,58,Missed Shot,Turnaround Fadeaway shot,2PT Field Goal,Mid-Range,Left Side(L),8-16 ft.,12,-118,29,1,0,20180406,NYK,MIA,21701186114,4820,0,2548|201609|201961|203482|1626159,0,REG,2018,201584,,SG,Wing Stopper,-1.36,MISS Wade 12' Turnaround Fadeaway Shot,SG,Shot Creator,0.65
Shot Chart Detail,21701186,131,2548,Dwyane Wade,1610612748,Miami Heat,1,1,47,Made Shot,Jump Bank Shot,2PT Field Goal,Mid-Range,Left Side Center(LC),16-24 ft.,19,-143,127,1,1,20180406,NYK,MIA,21701186131,6130,0,2548|201961|203482|1626159|1626196,0,REG,2018,201584,,SG,Wing Stopper,-1.36,Wade 19' Jump Bank Shot (2 PTS),SG,Shot Creator,0.65
Shot Chart Detail,21701186,184,2548,Dwyane Wade,1610612748,Miami Heat,2,10,48,Missed Shot,Hook Shot,2PT Field Goal,In The Paint (Non-RA),Center(C),Less Than 8 ft.,4,-2,47,1,0,20180406,NYK,MIA,21701186184,7920,0,2548|201961|203482|203585|1626159,0,REG,2018,201584,,SG,Wing Stopper,-1.36,MISS Wade 5' Hook Shot,SG,Shot Creator,0.65
Shot Chart Detail,21701186,224,2548,Dwyane Wade,1610612748,Miami Heat,2,7,0,Missed Shot,Jump Shot,3PT Field Goal,Left Corner 3,Left Side(L),24+ ft.,22,-225,-8,1,0,20180406,NYK,MIA,21701186224,10200,0,2548|201961|203585|1626159|1628389,0,REG,2018,201584,,SG,Wing Stopper,-1.36,MISS Wade 3PT Jump Shot,SG,Shot Creator,0.65
Shot Chart Detail,21701186,251,204020,Tyler Johnson,1610612748,Miami Heat,2,5,13,Made Shot,Jump Shot,3PT Field Goal,Left Corner 3,Left Side(L),24+ ft.,22,-223,-1,1,1,20180406,NYK,MIA,21701186251,11270,0,201609|203585|204020|1626159|1628389,1,REG,2018,201584,,SG,Wing Stopper,-1.36,T. Johnson 3PT Jump Shot (5 PTS) (Winslow 1 AST),PG,Movement Shooter,-0.37
Shot Chart Detail,21701186,471,1626159,Justise Winslow,1610612748,Miami Heat,3,3,51,Missed Shot,Jump Shot,3PT Field Goal,Above the Break 3,Right Side Center(RC),24+ ft.,25,141,217,1,0,20180406,NYK,MIA,21701186471,19290,0,2548|201949|201961|203482|1626159,0,REG,2018,201584,,SG,Wing Stopper,-1.36,MISS Winslow 26' 3PT Jump Shot,PF,Athletic Finisher,-1.08
Shot Chart Detail,21701186,545,1626159,Justise Winslow,1610612748,Miami Heat,4,9,48,Made Shot,Layup Shot,2PT Field Goal,Restricted Area,Center(C),Less Than 8 ft.,1,-11,0,1,1,20180406,NYK,MIA,21701186545,22920,0,2548|201961|203482|203585|1626159,1,REG,2018,201584,,SG,Wing Stopper,-1.36,Winslow 1' Layup (7 PTS) (McGruder 3 AST),PF,Athletic Finisher,-1.08
Shot Chart Detail,21701186,566,1626159,Justise Winslow,1610612748,Miami Heat,4,7,18,Missed Shot,Driving Layup Shot,2PT Field Goal,Restricted Area,Center(C),Less Than 8 ft.,1,16,4,1,0,20180406,NYK,MIA,21701186566,24420,0,2548|201961|203482|203585|1626159,0,REG,2018,201584,,SG,Wing Stopper,-1.36,MISS Winslow 2' Driving Layup,PF,Athletic Finisher,-1.08
Shot Chart Detail,21701186,614,1628389,Bam Adebayo,1610612748,Miami Heat,4,3,20,Missed Shot,Alley Oop Dunk Shot,2PT Field Goal,Restricted Area,Center(C),Less Than 8 ft.,0,4,8,1,0,20180406,NYK,MIA,21701186614,26800,0,201961|202337|203585|204020|1628389,0,REG,2018,201584,-28.0,SG,Wing Stopper,-1.36,MISS Adebayo 1' Alley Oop Dunk,C,Roll + Cut Big,-1.19
Shot Chart Detail,21701192,10,203114,Khris Middleton,1610612749,Milwaukee Bucks,1,11,18,Missed Shot,Driving Layup Shot,2PT Field Goal,Restricted Area,Center(C),Less Than 8 ft.,1,-9,15,1,0,20180407,NYK,MIL,2170119210,420,0,202339|203089|203114|203503|203953,0,REG,2018,201584,,SG,Wing Stopper,-1.36,MISS Middleton 2' Driving Layup,SF,Shot Creator,1.88
Shot Chart Detail,21701192,12,203089,John Henson,1610612749,Milwaukee Bucks,1,11,10,Made Shot,Putback Dunk Shot,2PT Field Goal,Restricted Area,Center(C),Less Than 8 ft.,0,0,-6,1,1,20180407,NYK,MIL,2170119212,500,0,202339|203089|203114|203503|203953,0,REG,2018,201584,0.0,SG,Wing Stopper,-1.36,Henson 1' Putback Dunk (2 PTS),C,Roll + Cut Big,-0.34
Shot Chart Detail,21701192,22,203114,Khris Middleton,1610612749,Milwaukee Bucks,1,10,27,Missed Shot,Driving Layup Shot,2PT Field Goal,Restricted Area,Center(C),Less Than 8 ft.,2,19,22,1,0,20180407,NYK,MIL,2170119222,930,0,202339|203089|203114|203503|203953,0,REG,2018,201584,,SG,Wing Stopper,-1.36,MISS Middleton 3' Driving Layup,SF,Shot Creator,1.88
Shot Chart Detail,21701192,41,203089,John Henson,1610612749,Milwaukee Bucks,1,7,59,Made Shot,Hook Shot,2PT Field Goal,In The Paint (Non-RA),Center(C),8-16 ft.,10,3,104,1,1,20180407,NYK,MIL,2170119241,2410,0,202339|203089|203114|203503|203953,1,REG,2018,201584|203504,,,,,,C,Roll + Cut Big,-0.34
Shot Chart Detail,21701192,60,203114,Khris Middleton,1610612749,Milwaukee Bucks,1,6,32,Missed Shot,Jump Shot,3PT Field Goal,Right Corner 3,Right Side(R),24+ ft.,22,223,24,1,0,20180407,NYK,MIL,2170119260,3280,0,1891|202339|203089|203114|203953,0,REG,2018,201584,,SG,Wing Stopper,-1.36,MISS Middleton 3PT Jump Shot,SF,Shot Creator,1.88
Shot Chart Detail,21701192,119,201943,Brandon Jennings,1610612749,Milwaukee Bucks,1,2,15,Missed Shot,Step Back Jump shot,2PT Field Goal,Mid-Range,Left Side Center(LC),16-24 ft.,17,-93,153,1,0,20180407,NYK,MIL,21701192119,5850,0,1891|201943|203092|203114|1627748,0,REG,2018,201584|1628436,,,,,,PG,Primary Ball Handler,-0.14
Shot Chart Detail,21701192,316,203503,Tony Snell,1610612749,Milwaukee Bucks,3,9,39,Missed Shot,Jump Shot,3PT Field Goal,Above the Break 3,Right Side Center(RC),24+ ft.,25,144,214,1,0,20180407,NYK,MIL,21701192316,15810,0,202339|203089|203114|203503|203953,0,REG,2018,201584,,SG,Wing Stopper,-1.36,MISS Snell 26' 3PT Jump Shot,SG,Movement Shooter,-1.77
Shot Chart Detail,21701192,373,203503,Tony Snell,1610612749,Milwaukee Bucks,3,5,19,Made Shot,Dunk Shot,2PT Field Goal,Restricted Area,Center(C),Less Than 8 ft.,0,2,7,1,1,20180407,NYK,MIL,21701192373,18410,0,1891|202339|203092|203114|203503,1,REG,2018,201584,1.0,SG,Wing Stopper,-1.36,Snell 1' Dunk (7 PTS) (Terry 1 AST),SG,Movement Shooter,-1.77
Shot Chart Detail,21701192,384,202339,Eric Bledsoe,1610612749,Milwaukee Bucks,3,4,26,Made Shot,Pullup Jump shot,2PT Field Goal,Mid-Range,Right Side(R),8-16 ft.,13,103,80,1,1,20180407,NYK,MIL,21701192384,18940,0,1891|202339|203092|203114|203503,1,REG,2018,201584|203124,,,,,,PG,Primary Ball Handler,2.1
Shot Chart Detail,21701192,398,202339,Eric Bledsoe,1610612749,Milwaukee Bucks,3,3,34,Made Shot,Jump Shot,3PT Field Goal,Above the Break 3,Left Side Center(LC),24+ ft.,25,-159,193,1,1,20180407,NYK,MIL,21701192398,19460,0,1891|202339|203092|203114|203503,0,REG,2018,201584|1628436,,,,,,PG,Primary Ball Handler,2.1
Shot Chart Detail,21701192,420,203114,Khris Middleton,1610612749,Milwaukee Bucks,3,2,14,Missed Shot,Jump Shot,2PT Field Goal,Mid-Range,Left Side Center(LC),16-24 ft.,18,-60,172,1,0,20180407,NYK,MIL,21701192420,20260,0,1891|201943|203092|203114|203953,0,REG,2018,201584,,SG,Wing Stopper,-1.36,MISS Middleton 18' Jump Shot,SF,Shot Creator,1.88
Shot Chart Detail,21701192,584,203953,Jabari Parker,1610612749,Milwaukee Bucks,4,0,51,Made Shot,Driving Dunk Shot,2PT Field Goal,Restricted Area,Center(C),Less Than 8 ft.,0,-7,5,1,1,20180407,NYK,MIL,21701192584,28290,0,202339|203089|203114|203503|203953,1,REG,2018,201584,-11.0,SG,Wing Stopper,-1.36,Parker 1' Driving Dunk (16 PTS) (Middleton 4 AST),PF,Shot Creator,0.84
Shot Chart Detail,21701207,112,203903,Jordan Clarkson,1610612739,Cleveland Cavaliers,1,1,25,Missed Shot,Jump Shot,3PT Field Goal,Above the Break 3,Right Side Center(RC),24+ ft.,26,180,190,1,0,20180409,NYK,CLE,21701207112,6350,0,2544|2747|101181|203903|1626204,0,REG,2018,201584,,SG,Wing Stopper,-1.36,MISS Clarkson 26' 3PT Jump Shot,SG,Primary Ball Handler,0.65
Shot Chart Detail,21701207,145,2747,JR Smith,1610612739,Cleveland Cavaliers,2,10,50,Made Shot,Jump Shot,3PT Field Goal,Above the Break 3,Left Side Center(LC),24+ ft.,25,-146,208,1,1,20180409,NYK,CLE,21701207145,7900,0,2747|201588|202684|203903|1626204,1,REG,2018,201584,,SG,Wing Stopper,-1.36,Smith 25' 3PT Jump Shot (8 PTS) (Clarkson 1 AST),SG,Off Screen Shooter,-0.34
Shot Chart Detail,21701207,175,203903,Jordan Clarkson,1610612739,Cleveland Cavaliers,2,8,35,Made Shot,Driving Floating Bank Jump Shot,2PT Field Goal,In The Paint (Non-RA),Center(C),8-16 ft.,11,22,110,1,1,20180409,NYK,CLE,21701207175,9250,0,2747|201588|202684|203903|1626204,1,REG,2018,201584,,SG,Wing Stopper,-1.36,Clarkson 11' Driving Floating Bank Jump Shot (2 PTS) (Thompson 1 AST),SG,Primary Ball Handler,0.65
Shot Chart Detail,21701207,189,1626204,Larry Nance Jr.,1610612739,Cleveland Cavaliers,2,7,15,Missed Shot,Dunk Shot,2PT Field Goal,Restricted Area,Center(C),Less Than 8 ft.,2,-10,25,1,0,20180409,NYK,CLE,21701207189,10050,0,2747|201588|202684|203903|1626204,0,REG,2018,201584,-10.0,SG,Wing Stopper,-1.36,O'Quinn BLOCK (1 BLK),C,Roll + Cut Big,0.69
Shot Chart Detail,21701207,203,2747,JR Smith,1610612739,Cleveland Cavaliers,2,6,33,Missed Shot,Jump Shot,3PT Field Goal,Above the Break 3,Right Side Center(RC),24+ ft.,26,120,232,1,0,20180409,NYK,CLE,21701207203,10470,0,2544|2747|201567|201588|202684,0,REG,2018,201584,,SG,Wing Stopper,-1.36,MISS Smith 26' 3PT Jump Shot,SG,Off Screen Shooter,-0.34
Shot Chart Detail,21701207,306,2544,LeBron James,1610612739,Cleveland Cavaliers,2,1,33,Made Shot,Dunk Shot,2PT Field Goal,Restricted Area,Center(C),Less Than 8 ft.,1,-2,17,1,1,20180409,NYK,CLE,21701207306,13470,0,2544|2594|101181|201145|201567,1,REG,2018,201563|201584,-14.0,,,,,PF,Shot Creator,5.36
Shot Chart Detail,21701207,514,2747,JR Smith,1610612739,Cleveland Cavaliers,4,10,4,Missed Shot,Jump Shot,3PT Field Goal,Above the Break 3,Right Side Center(RC),24+ ft.,25,134,218,1,0,20180409,NYK,CLE,21701207514,22760,0,2747|101181|202684|203903|1626204,0,REG,2018,201584,,SG,Wing Stopper,-1.36,MISS Smith 26' 3PT Jump Shot,SG,Off Screen Shooter,-0.34
Shot Chart Detail,21701207,542,2544,LeBron James,1610612739,Cleveland Cavaliers,4,7,54,Missed Shot,Jump Shot,2PT Field Goal,Mid-Range,Left Side Center(LC),16-24 ft.,16,-87,146,1,0,20180409,NYK,CLE,21701207542,24060,0,2544|2747|201145|203903|1626204,0,REG,2018,1628436|201584,,,,,,PF,Shot Creator,5.36
Shot Chart Detail,21701207,587,201567,Kevin Love,1610612739,Cleveland Cavaliers,4,4,29,Missed Shot,Jump Shot,3PT Field Goal,Left Corner 3,Left Side(L),24+ ft.,24,-230,75,1,0,20180409,NYK,CLE,21701207587,26110,0,2544|2747|201145|201567|203903,0,REG,2018,201584,,SG,Wing Stopper,-1.36,MISS Love 24' 3PT Jump Shot,C,Versatile Big,2.53
Shot Chart Detail,21701207,609,203903,Jordan Clarkson,1610612739,Cleveland Cavaliers,4,2,29,Made Shot,Jump Shot,3PT Field Goal,Above the Break 3,Left Side Center(LC),24+ ft.,25,-186,169,1,1,20180409,NYK,CLE,21701207609,27310,0,2544|2747|201145|201567|203903,0,REG,2018,201584,,SG,Wing Stopper,-1.36,Clarkson 25' 3PT Jump Shot (11 PTS),SG,Primary Ball Handler,0.65
