GRID_TYPE,GAME_ID,EVENTNUM,PLAYER_ID,PLAYER_NAME,TEAM_ID,TEAM_NAME,PERIOD,MINUTES_REMAINING,SECONDS_REMAINING,EVENT_TYPE,ACTION_TYPE,SHOT_TYPE,SHOT_ZONE_BASIC,SHOT_ZONE_AREA,SHOT_ZONE_RANGE,SHOT_DISTANCE,LOC_X,LOC_Y,SHOT_ATTEMPTED_FLAG,SHOT_MADE_FLAG,GAME_DATE,HTM,VTM,SHOT_ID,time,extra,PLAYERS_ON,assisted,season_type,year,DEF_ID,score_margin,DEF_POSITION,DEF_ROLE,D_LEBRON,dsc,OFF_POSITION,OFF_ROLE,O_LEBRON,ASSIST_ID
Shot Chart Detail,21900013,123,203924,Jerami Grant,1610612743,Denver Nuggets,1,3,51,Missed Shot,Driving Floating Jump Shot,2PT Field Goal,Restricted Area,Center(C),Less Than 8 ft.,2,-9,20,1,0,20191023,POR,DEN,21900013123,4890,0,203486|203924|1627736|1627750|1628470,0,REG,2020,,,,,,,PF,Athletic Finisher,-0.76,
Shot Chart Detail,21900013,146,203924,Jerami Grant,1610612743,Denver Nuggets,1,2,33,Made Shot,Jump Shot,3PT Field Goal,Above the Break 3,Right Side Center(RC),24+ ft.,26,89,251,1,1,20191023,POR,DEN,21900013146,5670,0,203486|203924|1627736|1627750|1628470,1,REG,2020,,,,,,,PF,Athletic Finisher,-0.76,203486.0
Shot Chart Detail,21900013,190,203924,Jerami Grant,1610612743,Denver Nuggets,2,11,3,Made Shot,Dunk Shot,2PT Field Goal,Restricted Area,Center(C),Less Than 8 ft.,1,14,13,1,1,20191023,POR,DEN,21900013190,7770,0,203486|203924|1627736|1628420|1628470,1,REG,2020,,,,,,,PF,Athletic Finisher,-0.76,1628470.0
Shot Chart Detail,21900013,518,203924,Jerami Grant,1610612743,Denver Nuggets,4,10,48,Made Shot,Jump Shot,3PT Field Goal,Above the Break 3,Left Side Center(LC),24+ ft.,27,-142,239,1,1,20191023,POR,DEN,21900013518,22320,0,203115|203914|203924|203999|1627750,1,REG,2020,1626209,-3.0,PF,Wing Stopper,-0.17,Grant 28' 3PT Jump Shot (8 PTS) (Murray 3 AST),PF,Athletic Finisher,-0.76,1627750.0
Shot Chart Detail,21900023,129,203924,Jerami Grant,1610612743,Denver Nuggets,1,1,52,Made Shot,Running Dunk Shot,2PT Field Goal,Restricted Area,Center(C),Less Than 8 ft.,0,-2,-1,1,1,20191025,DEN,PHX,21900023129,6080,0,203486|203924|1627736|1628420|1628470,1,REG,2020,1627767,,C,Anchor Big,0.3,Grant Running Dunk (2 PTS) (Plumlee 1 AST),PF,Athletic Finisher,-0.76,203486.0
Shot Chart Detail,21900023,162,203924,Jerami Grant,1610612743,Denver Nuggets,2,11,25,Missed Shot,Pullup Jump shot,3PT Field Goal,Above the Break 3,Center(C),24+ ft.,25,-52,248,1,0,20191025,DEN,PHX,21900023162,7550,0,203486|203924|1627736|1628420|1628470,0,REG,2020,1626163|1628969,-6.0,,,,,PF,Athletic Finisher,-0.76,
Shot Chart Detail,21900023,186,203924,Jerami Grant,1610612743,Denver Nuggets,2,9,28,Made Shot,Jump Shot,3PT Field Goal,Above the Break 3,Left Side Center(LC),24+ ft.,23,-177,162,1,1,20191025,DEN,PHX,21900023186,8720,0,203486|203924|1627736|1628420|1628470,1,REG,2020,203967,-5.0,PF,Helper,0.06,Grant 24' 3PT Jump Shot (6 PTS) (Beasley 1 AST),PF,Athletic Finisher,-0.76,1627736.0
Shot Chart Detail,21900023,203,203924,Jerami Grant,1610612743,Denver Nuggets,2,8,16,Made Shot,Dunk Shot,2PT Field Goal,Restricted Area,Center(C),Less Than 8 ft.,1,11,8,1,1,20191025,DEN,PHX,21900023203,9440,0,203924|203999|1627736|1628420|1628470,1,REG,2020,,,,,,,PF,Athletic Finisher,-0.76,203999.0
Shot Chart Detail,21900023,450,203924,Jerami Grant,1610612743,Denver Nuggets,3,2,49,Missed Shot,Driving Reverse Layup Shot,2PT Field Goal,Restricted Area,Center(C),Less Than 8 ft.,2,14,18,1,0,20191025,DEN,PHX,21900023450,19910,0,203924|203999|1627736|1627750|1628470,0,REG,2020,203967,3.0,PF,Helper,0.06,MISS Grant 2' Driving Reverse Layup,PF,Athletic Finisher,-0.76,
Shot Chart Detail,21900023,465,203924,Jerami Grant,1610612743,Denver Nuggets,3,1,45,Missed Shot,Jump Shot,3PT Field Goal,Right Corner 3,Right Side(R),24+ ft.,23,227,39,1,0,20191025,DEN,PHX,21900023465,20550,0,203924|203999|1627736|1627750|1628470,0,REG,2020,1628975,4.0,PG,Point of Attack,0.36,MISS Grant 3PT Jump Shot,PF,Athletic Finisher,-0.76,
Shot Chart Detail,21900023,495,203924,Jerami Grant,1610612743,Denver Nuggets,4,11,22,Missed Shot,Alley Oop Layup shot,2PT Field Goal,Restricted Area,Center(C),Less Than 8 ft.,2,-23,18,1,0,20191025,DEN,PHX,21900023495,21980,0,203486|203924|1627736|1628420|1628470,0,REG,2020,203382|1628969,2.0,,,,,PF,Athletic Finisher,-0.76,
Shot Chart Detail,21900023,511,203924,Jerami Grant,1610612743,Denver Nuggets,4,10,0,Missed Shot,Jump Shot,3PT Field Goal,Above the Break 3,Right Side Center(RC),24+ ft.,25,149,202,1,0,20191025,DEN,PHX,21900023511,22800,0,203486|203924|1627736|1628420|1628470,0,REG,2020,1628969,-1.0,SF,Wing Stopper,0.38,MISS Grant 25' 3PT Jump Shot,PF,Athletic Finisher,-0.76,
Shot Chart Detail,21900023,517,203924,Jerami Grant,1610612743,Denver Nuggets,4,9,22,Made Shot,Putback Dunk Shot,2PT Field Goal,Restricted Area,Center(C),Less Than 8 ft.,0,0,-6,1,1,20191025,DEN,PHX,21900023517,23180,0,203486|203924|1627736|1628420|1628470,0,REG,2020,,,,,,,PF,Athletic Finisher,-0.76,
Shot Chart Detail,21900023,573,203924,Jerami Grant,1610612743,Denver Nuggets,4,5,24,Made Shot,Cutting Layup Shot,2PT Field Goal,Restricted Area,Center(C),Less Than 8 ft.,2,18,15,1,1,20191025,DEN,PHX,21900023573,25560,0,203924|203999|1627736|1627750|1628470,1,REG,2020,1626162,5.0,SF,Wing Stopper,1.1,Grant 2' Cutting Layup Shot (12 PTS) (Jokic 10 AST),PF,Athletic Finisher,-0.76,203999.0
Shot Chart Detail,21900023,702,203924,Jerami Grant,1610612743,Denver Nuggets,4,0,0,Missed Shot,Running Jump Shot,3PT Field Goal,Backcourt,Back Court(BC),Back Court Shot,59,122,580,1,0,20191025,DEN,PHX,21900023702,28800,0,203914|203924|203999|1627736|1627750,0,REG,2020,,,,,,,PF,Athletic Finisher,-0.76,
Shot Chart Detail,21900050,138,203924,Jerami Grant,1610612743,Denver Nuggets,1,3,36,Missed Shot,Jump Shot,3PT Field Goal,Above the Break 3,Left Side Center(LC),24+ ft.,25,-131,222,1,0,20191028,SAC,DEN,21900050138,5040,0,203486|203924|1627736|1628420|1628470,0,REG,2020,203084,-1.0,PF,Wing Stopper,-0.21,MISS Grant 26' 3PT Jump Shot,PF,Athletic Finisher,-0.76,
Shot Chart Detail,21900050,146,203924,Jerami Grant,1610612743,Denver Nuggets,1,2,40,Missed Shot,Driving Hook Shot,2PT Field Goal,In The Paint (Non-RA),Center(C),Less Than 8 ft.,7,-62,39,1,0,20191028,SAC,DEN,21900050146,5600,0,203486|203924|1627736|1628420|1628470,0,REG,2020,1626158,-4.0,C,Mobile Big,2.35,MISS Grant 7' Driving Hook Shot,PF,Athletic Finisher,-0.76,
Shot Chart Detail,21900050,155,203924,Jerami Grant,1610612743,Denver Nuggets,1,1,37,Missed Shot,Jump Shot,3PT Field Goal,Above the Break 3,Right Side Center(RC),24+ ft.,24,172,174,1,0,20191028,SAC,DEN,21900050155,6230,0,203486|203924|1627736|1628420|1628470,0,REG,2020,,,,,,,PF,Athletic Finisher,-0.76,
Shot Chart Detail,21900050,203,203924,Jerami Grant,1610612743,Denver Nuggets,2,9,35,Made Shot,Putback Layup Shot,2PT Field Goal,Restricted Area,Center(C),Less Than 8 ft.,2,-12,26,1,1,20191028,SAC,DEN,21900050203,8650,0,203486|203924|1627736|1628420|1628470,0,REG,2020,203992|202357,-5.0,,,,,PF,Athletic Finisher,-0.76,
Shot Chart Detail,21900050,222,203924,Jerami Grant,1610612743,Denver Nuggets,2,7,50,Missed Shot,Jump Shot,2PT Field Goal,Mid-Range,Right Side(R),16-24 ft.,18,171,73,1,0,20191028,SAC,DEN,21900050222,9700,0,203486|203924|1627736|1628420|1628470,0,REG,2020,202357,-4.0,PF,Helper,0.73,MISS Grant 19' Jump Shot,PF,Athletic Finisher,-0.76,
Shot Chart Detail,21900050,250,203924,Jerami Grant,1610612743,Denver Nuggets,2,6,30,Made Shot,Jump Shot,3PT Field Goal,Above the Break 3,Left Side Center(LC),24+ ft.,25,-231,118,1,1,20191028,SAC,DEN,21900050250,10500,0,203486|203924|1627736|1628420|1628470,1,REG,2020,203084,2.0,PF,Wing Stopper,-0.21,Grant 26' 3PT Jump Shot (5 PTS) (Craig 1 AST),PF,Athletic Finisher,-0.76,1628470.0
Shot Chart Detail,21900050,508,203924,Jerami Grant,1610612743,Denver Nuggets,3,0,0,Missed Shot,Alley Oop Layup shot,2PT Field Goal,In The Paint (Non-RA),Center(C),Less Than 8 ft.,4,12,41,1,0,20191028,SAC,DEN,21900050508,21600,0,203486|203924|1627736|1628420|1628470,0,REG,2020,202709,7.0,PG,Point of Attack,1.03,MISS Grant 4' Alley Oop Layup,PF,Athletic Finisher,-0.76,
Shot Chart Detail,21900050,530,203924,Jerami Grant,1610612743,Denver Nuggets,4,10,46,Missed Shot,Jump Shot,3PT Field Goal,Above the Break 3,Center(C),24+ ft.,25,66,243,1,0,20191028,SAC,DEN,21900050530,22340,0,203486|203924|1627736|1628420|1628470,0,REG,2020,202357,7.0,PF,Helper,0.73,MISS Grant 25' 3PT Jump Shot,PF,Athletic Finisher,-0.76,
Shot Chart Detail,21900050,599,203924,Jerami Grant,1610612743,Denver Nuggets,4,6,11,Missed Shot,Jump Shot,3PT Field Goal,Above the Break 3,Center(C),24+ ft.,24,-75,235,1,0,20191028,SAC,DEN,21900050599,25090,0,203486|203914|203924|1627736|1627750,0,REG,2020,202357,7.0,PF,Helper,0.73,MISS Grant 25' 3PT Jump Shot,PF,Athletic Finisher,-0.76,
Shot Chart Detail,21900053,115,203924,Jerami Grant,1610612743,Denver Nuggets,1,2,6,Missed Shot,Jump Shot,3PT Field Goal,Left Corner 3,Left Side(L),24+ ft.,23,-231,58,1,0,20191029,DEN,DAL,21900053115,5940,0,203115|203486|203924|1627736|1628420,0,REG,2020,1627827,3.0,PF,Wing Stopper,-0.53,MISS Grant 24' 3PT Jump Shot,PF,Athletic Finisher,-0.76,
Shot Chart Detail,21900053,210,203924,Jerami Grant,1610612743,Denver Nuggets,2,6,34,Missed Shot,Jump Shot,3PT Field Goal,Above the Break 3,Right Side Center(RC),24+ ft.,24,78,237,1,0,20191029,DEN,DAL,21900053210,10460,0,203486|203924|1627736|1628420|1628470,0,REG,2020,1628382,5.0,PF,Low Activity,-0.96,MISS Grant 25' 3PT Jump Shot,PF,Athletic Finisher,-0.76,
Shot Chart Detail,21900053,222,203924,Jerami Grant,1610612743,Denver Nuggets,2,5,51,Missed Shot,Turnaround Fadeaway shot,2PT Field Goal,Mid-Range,Left Side(L),8-16 ft.,12,-119,25,1,0,20191029,DEN,DAL,21900053222,10890,0,203486|203924|1627736|1627750|1628470,0,REG,2020,1628382,0.0,PF,Low Activity,-0.96,MISS Grant 12' Turnaround Fadeaway Shot,PF,Athletic Finisher,-0.76,
Shot Chart Detail,21900053,475,203924,Jerami Grant,1610612743,Denver Nuggets,4,10,47,Missed Shot,Jump Shot,3PT Field Goal,Right Corner 3,Right Side(R),24+ ft.,24,228,85,1,0,20191029,DEN,DAL,21900053475,22330,0,203486|203924|1627736|1628420|1628470,0,REG,2020,1627827,4.0,PF,Wing Stopper,-0.53,MISS Grant 24' 3PT Jump Shot,PF,Athletic Finisher,-0.76,
Shot Chart Detail,21900053,500,203924,Jerami Grant,1610612743,Denver Nuggets,4,9,10,Missed Shot,Jump Shot,3PT Field Goal,Above the Break 3,Left Side Center(LC),24+ ft.,24,-214,117,1,0,20191029,DEN,DAL,21900053500,23300,0,203486|203914|203924|1628420|1628470,0,REG,2020,204001,-1.0,C,Anchor Big,2.02,MISS Grant 24' 3PT Jump Shot,PF,Athletic Finisher,-0.76,
Shot Chart Detail,21900067,86,203924,Jerami Grant,1610612743,Denver Nuggets,1,4,20,Made Shot,Fadeaway Jump Shot,2PT Field Goal,In The Paint (Non-RA),Center(C),8-16 ft.,8,9,83,1,1,20191031,NOP,DEN,2190006786,4600,0,203914|203924|203999|1627750|1628470,0,REG,2020,200755,,SG,Low Activity,-2.36,Grant 8' Fadeaway Jumper (2 PTS),PF,Athletic Finisher,-0.76,
Shot Chart Detail,21900067,129,203924,Jerami Grant,1610612743,Denver Nuggets,1,1,21,Made Shot,Dunk Shot,2PT Field Goal,Restricted Area,Center(C),Less Than 8 ft.,0,-4,3,1,1,20191031,NOP,DEN,21900067129,6390,0,203486|203924|1627736|1628420|1629008,1,REG,2020,1628404,,SF,Wing Stopper,-0.57,Grant 1' Dunk (4 PTS) (Porter Jr. 1 AST),PF,Athletic Finisher,-0.76,1629008.0
Shot Chart Detail,21900067,139,203924,Jerami Grant,1610612743,Denver Nuggets,1,0,30,Made Shot,Floating Jump shot,2PT Field Goal,Restricted Area,Center(C),Less Than 8 ft.,3,-33,6,1,1,20191031,NOP,DEN,21900067139,6900,0,203486|203924|1627736|1628420|1629008,1,REG,2020,1628402,1.0,,,,Grant 3' Floating Jump Shot (6 PTS) (Morris 2 AST),PF,Athletic Finisher,-0.76,1628420.0
Shot Chart Detail,21900067,168,203924,Jerami Grant,1610612743,Denver Nuggets,2,10,6,Missed Shot,Floating Jump shot,2PT Field Goal,Restricted Area,Center(C),Less Than 8 ft.,3,-37,5,1,0,20191031,NOP,DEN,21900067168,8340,0,203486|203924|1627736|1628420|1629008,0,REG,2020,1629026,-5.0,PF,Wing Stopper,1.12,MISS Grant 4' Floating Jump Shot,PF,Athletic Finisher,-0.76,
Shot Chart Detail,21900067,205,203924,Jerami Grant,1610612743,Denver Nuggets,2,7,44,Made Shot,Dunk Shot,2PT Field Goal,Restricted Area,Center(C),Less Than 8 ft.,0,1,-2,1,1,20191031,NOP,DEN,21900067205,9760,0,203486|203924|1627736|1628420|1629008,1,REG,2020,1628402,,,,,Grant Dunk (8 PTS) (Plumlee 1 AST),PF,Athletic Finisher,-0.76,203486.0
Shot Chart Detail,21900067,225,203924,Jerami Grant,1610612743,Denver Nuggets,2,6,0,Made Shot,Layup Shot,2PT Field Goal,In The Paint (Non-RA),Center(C),Less Than 8 ft.,5,5,55,1,1,20191031,NOP,DEN,21900067225,10800,0,203486|203914|203924|1628420|1628470,0,REG,2020,1628366,-4.0,PG,Point of Attack,-0.36,Grant 6' Layup (10 PTS),PF,Athletic Finisher,-0.76,
Shot Chart Detail,21900067,286,203924,Jerami Grant,1610612743,Denver Nuggets,2,1,48,Made Shot,Cutting Dunk Shot,2PT Field Goal,Restricted Area,Center(C),Less Than 8 ft.,1,-8,-10,1,1,20191031,NOP,DEN,21900067286,13320,0,203914|203924|203999|1627736|1627750,1,REG,2020,1627742,-4.0,PF,Helper,-1.32,Grant 1' Cutting Dunk Shot (12 PTS) (Jokic 4 AST),PF,Athletic Finisher,-0.76,203999.0
Shot Chart Detail,21900067,422,203924,Jerami Grant,1610612743,Denver Nuggets,3,2,45,Missed Shot,Jump Shot,3PT Field Goal,Left Corner 3,Left Side(L),24+ ft.,22,-229,7,1,0,20191031,NOP,DEN,21900067422,19950,0,203486|203924|1627736|1628420|1629008,0,REG,2020,1629638,-12.0,SG,Chaser,-1.7,MISS Grant 3PT Jump Shot,PF,Athletic Finisher,-0.76,
Shot Chart Detail,21900067,438,203924,Jerami Grant,1610612743,Denver Nuggets,3,2,10,Missed Shot,Jump Shot,3PT Field Goal,Left Corner 3,Left Side(L),24+ ft.,22,-224,7,1,0,20191031,NOP,DEN,21900067438,20300,0,203486|203924|1627736|1628420|1629008,0,REG,2020,200755,-12.0,SG,Low Activity,-2.36,MISS Grant 3PT Jump Shot,PF,Athletic Finisher,-0.76,
Shot Chart Detail,21900067,466,203924,Jerami Grant,1610612743,Denver Nuggets,3,0,0,Made Shot,Jump Shot,2PT Field Goal,In The Paint (Non-RA),Center(C),8-16 ft.,8,10,83,1,1,20191031,NOP,DEN,21900067466,21600,0,203486|203924|1627736|1628420|1629008,0,REG,2020,1628402,-11.0,,,,Grant 8' Jump Shot (14 PTS),PF,Athletic Finisher,-0.76,
Shot Chart Detail,21900079,114,203924,Jerami Grant,1610612743,Denver Nuggets,1,1,41,Missed Shot,Jump Shot,3PT Field Goal,Above the Break 3,Left Side Center(LC),24+ ft.,26,-92,251,1,0,20191102,ORL,DEN,21900079114,6190,0,203486|203924|1627736|1628420|1629008,0,REG,2020,203932,-8.0,PF,Wing Stopper,0.72,MISS Grant 27' 3PT Jump Shot,PF,Athletic Finisher,-0.76,
Shot Chart Detail,21900079,215,203924,Jerami Grant,1610612743,Denver Nuggets,2,6,42,Made Shot,Cutting Layup Shot,2PT Field Goal,Restricted Area,Center(C),Less Than 8 ft.,2,0,22,1,1,20191102,ORL,DEN,21900079215,10380,0,203914|203924|203999|1627750|1627823,1,REG,2020,1628371,-6.0,PF,Helper,3.4,Grant 2' Cutting Layup Shot (2 PTS) (Murray 1 AST),PF,Athletic Finisher,-0.76,1627750.0
Shot Chart Detail,21900079,515,203924,Jerami Grant,1610612743,Denver Nuggets,4,9,32,Missed Shot,Driving Layup Shot,2PT Field Goal,In The Paint (Non-RA),Center(C),Less Than 8 ft.,4,-41,27,1,0,20191102,ORL,DEN,21900079515,23080,0,203486|203924|1627736|1627823|1628420,0,REG,2020,203920,5.0,C,Anchor Big,0.41,Aminu BLOCK (1 BLK),PF,Athletic Finisher,-0.76,
Shot Chart Detail,21900079,544,203924,Jerami Grant,1610612743,Denver Nuggets,4,6,34,Missed Shot,Driving Layup Shot,2PT Field Goal,Restricted Area,Center(C),Less Than 8 ft.,3,14,30,1,0,20191102,ORL,DEN,21900079544,24860,0,203486|203914|203924|1627823|1628420,0,REG,2020,1628371,4.0,PF,Helper,3.4,MISS Grant 3' Driving Layup,PF,Athletic Finisher,-0.76,
Shot Chart Detail,21900102,112,203924,Jerami Grant,1610612743,Denver Nuggets,1,2,36,Made Shot,Driving Floating Jump Shot,2PT Field Goal,In The Paint (Non-RA),Center(C),Less Than 8 ft.,6,-12,63,1,1,20191105,DEN,MIA,21900102112,5640,0,203486|203924|1627736|1628420|1628470,0,REG,2020,1627884,1.0,SF,Point of Attack,0.3,Grant 6' Driving Floating Jump Shot (2 PTS),PF,Athletic Finisher,-0.76,
Shot Chart Detail,21900102,136,203924,Jerami Grant,1610612743,Denver Nuggets,1,1,9,Made Shot,Jump Shot,3PT Field Goal,Left Corner 3,Left Side(L),24+ ft.,22,-226,25,1,1,20191105,DEN,MIA,21900102136,6510,0,203486|203924|1627736|1628420|1628470,1,REG,2020,1627884,5.0,SF,Point of Attack,0.3,Grant 3PT Jump Shot (5 PTS) (Morris 1 AST),PF,Athletic Finisher,-0.76,1628420.0
Shot Chart Detail,21900102,149,203924,Jerami Grant,1610612743,Denver Nuggets,1,0,0,Missed Shot,Driving Floating Bank Jump Shot,2PT Field Goal,Mid-Range,Left Side(L),8-16 ft.,13,-95,90,1,0,20191105,DEN,MIA,21900102149,7200,0,203486|203924|1627736|1628420|1628470,0,REG,2020,1627884,1.0,SF,Point of Attack,0.3,MISS Grant 13' Driving Floating Bank Jump Shot,PF,Athletic Finisher,-0.76,
Shot Chart Detail,21900102,168,203924,Jerami Grant,1610612743,Denver Nuggets,2,10,29,Missed Shot,Jump Shot,3PT Field Goal,Above the Break 3,Right Side Center(RC),24+ ft.,25,125,218,1,0,20191105,DEN,MIA,21900102168,8110,0,203486|203924|1627736|1628420|1628470,0,REG,2020,1627884,-1.0,SF,Point of Attack,0.3,MISS Grant 25' 3PT Jump Shot,PF,Athletic Finisher,-0.76,
Shot Chart Detail,21900102,175,203924,Jerami Grant,1610612743,Denver Nuggets,2,9,57,Made Shot,Driving Reverse Dunk Shot,2PT Field Goal,Restricted Area,Center(C),Less Than 8 ft.,1,-9,10,1,1,20191105,DEN,MIA,21900102175,8430,0,203924|203999|1627736|1628420|1628470,1,REG,2020,1626159,-1.0,SG,Wing Stopper,0.44,Grant 1' Driving Reverse Dunk Shot (7 PTS) (Craig 1 AST),PF,Athletic Finisher,-0.76,1628470.0
Shot Chart Detail,21900102,375,203924,Jerami Grant,1610612743,Denver Nuggets,3,9,17,Made Shot,Cutting Layup Shot,2PT Field Goal,Restricted Area,Center(C),Less Than 8 ft.,2,18,10,1,1,20191105,DEN,MIA,21900102375,16030,0,203115|203924|203999|1627750|1628470,1,REG,2020,1628389,13.0,PF,Anchor Big,1.8,Grant 2' Cutting Layup Shot (10 PTS) (Craig 2 AST),PF,Athletic Finisher,-0.76,1628470.0
Shot Chart Detail,21900102,380,203924,Jerami Grant,1610612743,Denver Nuggets,3,8,46,Made Shot,Turnaround Fadeaway shot,2PT Field Goal,In The Paint (Non-RA),Center(C),Less Than 8 ft.,6,-6,69,1,1,20191105,DEN,MIA,21900102380,16340,0,203115|203924|203999|1627750|1628470,1,REG,2020,1628389,,PF,Anchor Big,1.8,Grant 7' Turnaround Fadeaway (12 PTS) (Craig 3 AST),PF,Athletic Finisher,-0.76,1628470.0
Shot Chart Detail,21900102,426,203924,Jerami Grant,1610612743,Denver Nuggets,3,6,43,Missed Shot,Jump Shot,3PT Field Goal,Above the Break 3,Left Side Center(LC),24+ ft.,25,-93,234,1,0,20191105,DEN,MIA,21900102426,17570,0,203115|203486|203924|1627750|1628470,0,REG,2020,202710,15.0,SF,Helper,1.18,MISS Grant 25' 3PT Jump Shot,PF,Athletic Finisher,-0.76,
Shot Chart Detail,21900102,440,203924,Jerami Grant,1610612743,Denver Nuggets,3,6,0,Missed Shot,Jump Shot,3PT Field Goal,Left Corner 3,Left Side(L),24+ ft.,23,-230,15,1,0,20191105,DEN,MIA,21900102440,18000,0,203115|203486|203924|1627750|1628470,0,REG,2020,1627884,14.0,SF,Point of Attack,0.3,MISS Grant 3PT Jump Shot,PF,Athletic Finisher,-0.76,
Shot Chart Detail,21900102,491,203924,Jerami Grant,1610612743,Denver Nuggets,3,2,7,Made Shot,Jump Shot,3PT Field Goal,Above the Break 3,Left Side Center(LC),24+ ft.,25,-165,195,1,1,20191105,DEN,MIA,21900102491,20330,0,203115|203924|203999|1627736|1628420,1,REG,2020,1627884,21.0,SF,Point of Attack,0.3,Grant 26' 3PT Jump Shot (15 PTS) (Morris 4 AST),PF,Athletic Finisher,-0.76,1628420.0
Shot Chart Detail,21900102,559,203924,Jerami Grant,1610612743,Denver Nuggets,4,9,26,Missed Shot,Driving Layup Shot,2PT Field Goal,In The Paint (Non-RA),Center(C),Less Than 8 ft.,4,29,40,1,0,20191105,DEN,MIA,21900102559,23140,0,203924|203999|1627736|1628420|1628470,0,REG,2020,1628389,26.0,PF,Anchor Big,1.8,MISS Grant 5' Driving Layup,PF,Athletic Finisher,-0.76,
Shot Chart Detail,21900102,619,203924,Jerami Grant,1610612743,Denver Nuggets,4,5,31,Missed Shot,Jump Shot,3PT Field Goal,Right Corner 3,Right Side(R),24+ ft.,23,228,47,1,0,20191105,DEN,MIA,21900102619,25490,0,203115|203924|203999|1627750|1628420,0,REG,2020,201949,21.0,PF-C,Wing Stopper,-0.07,MISS Grant 3PT Jump Shot,PF,Athletic Finisher,-0.76,
Shot Chart Detail,21900102,659,203924,Jerami Grant,1610612743,Denver Nuggets,4,2,50,Missed Shot,Driving Hook Shot,2PT Field Goal,In The Paint (Non-RA),Right Side(R),8-16 ft.,9,76,55,1,0,20191105,DEN,MIA,21900102659,27100,0,203486|203924|1627750|1628420|1629008,0,REG,2020,201949,21.0,PF-C,Wing Stopper,-0.07,MISS Grant 9' Driving Hook Shot,PF,Athletic Finisher,-0.76,
Shot Chart Detail,21900123,113,203924,Jerami Grant,1610612743,Denver Nuggets,1,4,5,Missed Shot,Pullup Jump shot,2PT Field Goal,Mid-Range,Center(C),16-24 ft.,20,-20,209,1,0,20191108,DEN,PHI,21900123113,4750,0,203115|203486|203914|203924|1628420,0,REG,2020,203118,-5.0,PF,Helper,-0.48,MISS Grant 21' Pullup Jump Shot,PF,Athletic Finisher,-0.76,
Shot Chart Detail,21900123,162,203924,Jerami Grant,1610612743,Denver Nuggets,1,1,18,Made Shot,Pullup Jump shot,2PT Field Goal,Mid-Range,Center(C),16-24 ft.,16,-40,161,1,1,20191108,DEN,PHI,21900123162,6420,0,203486|203924|1627736|1628420|1628470,1,REG,2020,203954,-2.0,C,Anchor Big,1.77,Grant 17' Pullup Jump Shot (2 PTS) (Morris 1 AST),PF,Athletic Finisher,-0.76,1628420.0
Shot Chart Detail,21900123,484,203924,Jerami Grant,1610612743,Denver Nuggets,3,1,2,Missed Shot,Driving Floating Jump Shot,2PT Field Goal,In The Paint (Non-RA),Center(C),Less Than 8 ft.,6,4,63,1,0,20191108,DEN,PHI,21900123484,20980,0,203486|203924|1627736|1628420|1629008,0,REG,2020,203954,-13.0,C,Anchor Big,1.77,MISS Grant 6' Driving Floating Jump Shot,PF,Athletic Finisher,-0.76,
Shot Chart Detail,21900123,492,203924,Jerami Grant,1610612743,Denver Nuggets,3,0,36,Missed Shot,Jump Shot,2PT Field Goal,Mid-Range,Left Side Center(LC),16-24 ft.,19,-147,126,1,0,20191108,DEN,PHI,21900123492,21240,0,203486|203924|1627736|1628420|1629008,0,REG,2020,203118,-16.0,PF,Helper,-0.48,MISS Grant 19' Jump Shot,PF,Athletic Finisher,-0.76,
Shot Chart Detail,21900132,113,203924,Jerami Grant,1610612743,Denver Nuggets,1,3,24,Made Shot,Cutting Dunk Shot,2PT Field Goal,Restricted Area,Center(C),Less Than 8 ft.,3,9,36,1,1,20191110,MIN,DEN,21900132113,5160,0,203914|203924|203999|1627750|1628470,1,REG,2020,1627774,4.0,SF,Helper,-0.1,Grant 4' Cutting Dunk Shot (2 PTS) (Craig 1 AST),PF,Athletic Finisher,-0.76,1628470.0
Shot Chart Detail,21900132,168,203924,Jerami Grant,1610612743,Denver Nuggets,1,0,48,Missed Shot,Fadeaway Jump Shot,2PT Field Goal,In The Paint (Non-RA),Center(C),8-16 ft.,8,36,76,1,0,20191110,MIN,DEN,21900132168,6720,0,203486|203924|1627736|1628420|1628470,0,REG,2020,1629633,3.0,SG,Chaser,-0.19,MISS Grant 8' Fadeaway Jumper,PF,Athletic Finisher,-0.76,
Shot Chart Detail,21900132,190,203924,Jerami Grant,1610612743,Denver Nuggets,1,0,0,Missed Shot,Driving Floating Bank Jump Shot,2PT Field Goal,In The Paint (Non-RA),Left Side(L),8-16 ft.,8,-72,53,1,0,20191110,MIN,DEN,21900132190,7200,0,203486|203924|1627736|1628420|1629008,0,REG,2020,1626157,-0.0,C,Anchor Big,-0.58,MISS Grant 9' Driving Floating Bank Jump Shot,PF,Athletic Finisher,-0.76,
Shot Chart Detail,21900132,200,203924,Jerami Grant,1610612743,Denver Nuggets,2,11,36,Missed Shot,Pullup Jump shot,2PT Field Goal,Mid-Range,Center(C),16-24 ft.,17,29,175,1,0,20191110,MIN,DEN,21900132200,7440,0,203486|203924|1627736|1628420|1629008,0,REG,2020,1629633,-0.0,SG,Chaser,-0.19,MISS Grant 18' Pullup Jump Shot,PF,Athletic Finisher,-0.76,
Shot Chart Detail,21900132,215,203924,Jerami Grant,1610612743,Denver Nuggets,2,10,29,Missed Shot,Jump Shot,3PT Field Goal,Above the Break 3,Right Side Center(RC),24+ ft.,25,223,132,1,0,20191110,MIN,DEN,21900132215,8110,0,203486|203924|1627736|1628420|1629008,0,REG,2020,203476,-0.0,C,Anchor Big,1.49,MISS Grant 26' 3PT Jump Shot,PF,Athletic Finisher,-0.76,
Shot Chart Detail,21900132,579,203924,Jerami Grant,1610612743,Denver Nuggets,4,10,1,Made Shot,Driving Dunk Shot,2PT Field Goal,Restricted Area,Center(C),Less Than 8 ft.,1,6,8,1,1,20191110,MIN,DEN,21900132579,22790,0,203486|203924|1628420|1628470|1629008,1,REG,2020,203496,,PF-C,Wing Stopper,2.05,Grant 1' Driving Dunk (4 PTS) (Plumlee 3 AST),PF,Athletic Finisher,-0.76,203486.0
Shot Chart Detail,21900132,588,203924,Jerami Grant,1610612743,Denver Nuggets,4,9,28,Made Shot,Jump Shot,3PT Field Goal,Above the Break 3,Left Side Center(LC),24+ ft.,25,-136,215,1,1,20191110,MIN,DEN,21900132588,23120,0,203115|203486|203924|1628420|1628470,1,REG,2020,203496,12.0,PF-C,Wing Stopper,2.05,Grant 25' 3PT Jump Shot (7 PTS) (Morris 2 AST),PF,Athletic Finisher,-0.76,1628420.0
Shot Chart Detail,21900132,597,203924,Jerami Grant,1610612743,Denver Nuggets,4,8,45,Made Shot,Driving Layup Shot,2PT Field Goal,Restricted Area,Center(C),Less Than 8 ft.,3,-26,26,1,1,20191110,MIN,DEN,21900132597,23550,0,203115|203486|203924|1628420|1628470,1,REG,2020,1629006|1626157,12.0,,,,,PF,Athletic Finisher,-0.76,1628420.0
Shot Chart Detail,21900150,168,203924,Jerami Grant,1610612743,Denver Nuggets,1,0,3,Made Shot,Driving Dunk Shot,2PT Field Goal,Restricted Area,Center(C),Less Than 8 ft.,0,-7,7,1,1,20191112,DEN,ATL,21900150168,7170,0,203486|203914|203924|1628420|1629008,1,REG,2020,1628981,,C,Anchor Big,-0.15,Grant 1' Driving Dunk (2 PTS) (Morris 2 AST),PF,Athletic Finisher,-0.76,1628420.0
Shot Chart Detail,21900150,187,203924,Jerami Grant,1610612743,Denver Nuggets,2,11,2,Missed Shot,Jump Shot,3PT Field Goal,Above the Break 3,Left Side Center(LC),24+ ft.,26,-122,235,1,0,20191112,DEN,ATL,21900150187,7780,0,203486|203914|203924|1628420|1629008,0,REG,2020,,,,,,,PF,Athletic Finisher,-0.76,
Shot Chart Detail,21900150,202,203924,Jerami Grant,1610612743,Denver Nuggets,2,9,3,Missed Shot,Driving Layup Shot,2PT Field Goal,Restricted Area,Center(C),Less Than 8 ft.,3,29,12,1,0,20191112,DEN,ATL,21900150202,8970,0,203486|203914|203924|1628420|1629008,0,REG,2020,,,,,,,PF,Athletic Finisher,-0.76,
Shot Chart Detail,21900150,215,203924,Jerami Grant,1610612743,Denver Nuggets,2,8,30,Missed Shot,Jump Shot,3PT Field Goal,Above the Break 3,Right Side Center(RC),24+ ft.,25,112,225,1,0,20191112,DEN,ATL,21900150215,9300,0,203486|203914|203924|1628420|1629008,0,REG,2020,,,,,,,PF,Athletic Finisher,-0.76,
Shot Chart Detail,21900150,220,203924,Jerami Grant,1610612743,Denver Nuggets,2,8,10,Missed Shot,Jump Shot,3PT Field Goal,Above the Break 3,Left Side Center(LC),24+ ft.,24,-170,181,1,0,20191112,DEN,ATL,21900150220,9500,0,203486|203914|203924|1628420|1629008,0,REG,2020,,,,,,,PF,Athletic Finisher,-0.76,
Shot Chart Detail,21900150,223,203924,Jerami Grant,1610612743,Denver Nuggets,2,7,38,Made Shot,Driving Finger Roll Layup Shot,2PT Field Goal,Restricted Area,Center(C),Less Than 8 ft.,1,-7,15,1,1,20191112,DEN,ATL,21900150223,9820,0,203486|203914|203924|1628420|1629008,1,REG,2020,,,,,,,PF,Athletic Finisher,-0.76,203914.0
Shot Chart Detail,21900150,492,203924,Jerami Grant,1610612743,Denver Nuggets,3,1,6,Made Shot,Jump Shot,3PT Field Goal,Above the Break 3,Left Side Center(LC),24+ ft.,24,-179,168,1,1,20191112,DEN,ATL,21900150492,20940,0,203115|203486|203924|1627750|1628420,1,REG,2020,1629631,-8.0,SF,Wing Stopper,-0.98,Grant 25' 3PT Jump Shot (7 PTS) (Murray 7 AST),PF,Athletic Finisher,-0.76,1627750.0
Shot Chart Detail,21900150,539,203924,Jerami Grant,1610612743,Denver Nuggets,4,9,56,Made Shot,Driving Finger Roll Layup Shot,2PT Field Goal,Restricted Area,Center(C),Less Than 8 ft.,2,20,9,1,1,20191112,DEN,ATL,21900150539,22840,0,203486|203914|203924|1627750|1628420,1,REG,2020,1627820,-4.0,SG,Point of Attack,0.21,Grant 2' Driving Finger Roll Layup (9 PTS) (Harris 3 AST),PF,Athletic Finisher,-0.76,203914.0
Shot Chart Detail,21900150,555,203924,Jerami Grant,1610612743,Denver Nuggets,4,9,14,Missed Shot,Jump Shot,3PT Field Goal,Above the Break 3,Center(C),24+ ft.,25,-20,256,1,0,20191112,DEN,ATL,21900150555,23260,0,203486|203914|203924|1627750|1628420,0,REG,2020,,,,,,,PF,Athletic Finisher,-0.76,
Shot Chart Detail,21900166,80,203924,Jerami Grant,1610612743,Denver Nuggets,1,4,19,Missed Shot,Jump Shot,3PT Field Goal,Right Corner 3,Right Side(R),24+ ft.,22,225,40,1,0,20191114,DEN,BKN,2190016680,4610,0,203115|203914|203924|203999|1627750,0,REG,2020,1627752,3.0,PF,Wing Stopper,0.59,MISS Grant 3PT Jump Shot,PF,Athletic Finisher,-0.76,
Shot Chart Detail,21900166,138,203924,Jerami Grant,1610612743,Denver Nuggets,1,0,37,Made Shot,Jump Shot,3PT Field Goal,Above the Break 3,Center(C),24+ ft.,24,-59,235,1,1,20191114,DEN,BKN,21900166138,6830,0,203486|203924|1627823|1628420|1629008,1,REG,2020,1629651,-4.0,C,Helper,-0.21,Grant 24' 3PT Jump Shot (3 PTS) (Morris 2 AST),PF,Athletic Finisher,-0.76,1628420.0
Shot Chart Detail,21900166,167,203924,Jerami Grant,1610612743,Denver Nuggets,2,9,56,Made Shot,Driving Layup Shot,2PT Field Goal,Restricted Area,Center(C),Less Than 8 ft.,2,16,13,1,1,20191114,DEN,BKN,21900166167,8440,0,203115|203486|203924|1627823|1628420,1,REG,2020,203925,-6.0,SF,Low Activity,-0.68,Grant 2' Driving Layup (5 PTS) (Morris 3 AST),PF,Athletic Finisher,-0.76,1628420.0
Shot Chart Detail,21900166,196,203924,Jerami Grant,1610612743,Denver Nuggets,2,8,11,Made Shot,Fadeaway Jump Shot,2PT Field Goal,In The Paint (Non-RA),Center(C),8-16 ft.,8,-16,79,1,1,20191114,DEN,BKN,21900166196,9490,0,203115|203486|203924|1627823|1628420,0,REG,2020,1628021,,SF,Helper,0.74,Grant 8' Fadeaway Jumper (7 PTS),PF,Athletic Finisher,-0.76,
Shot Chart Detail,21900166,436,203924,Jerami Grant,1610612743,Denver Nuggets,3,1,53,Missed Shot,Jump Shot,3PT Field Goal,Above the Break 3,Right Side Center(RC),24+ ft.,24,108,223,1,0,20191114,DEN,BKN,21900166436,20470,0,203486|203914|203924|1627823|1628420,0,REG,2020,1629651,-2.0,C,Helper,-0.21,MISS Grant 25' 3PT Jump Shot,PF,Athletic Finisher,-0.76,
Shot Chart Detail,21900166,447,203924,Jerami Grant,1610612743,Denver Nuggets,3,0,55,Missed Shot,Driving Dunk Shot,2PT Field Goal,Restricted Area,Center(C),Less Than 8 ft.,2,5,21,1,0,20191114,DEN,BKN,21900166447,21050,0,203486|203914|203924|1627823|1628420,0,REG,2020,1629058|203925,0.0,,,,,PF,Athletic Finisher,-0.76,
Shot Chart Detail,21900166,460,203924,Jerami Grant,1610612743,Denver Nuggets,3,0,7,Made Shot,Driving Layup Shot,2PT Field Goal,Restricted Area,Center(C),Less Than 8 ft.,1,-3,17,1,1,20191114,DEN,BKN,21900166460,21530,0,203486|203914|203924|1627823|1628420,1,REG,2020,1629651,0.0,C,Helper,-0.21,Grant 2' Driving Layup (9 PTS) (Morris 5 AST),PF,Athletic Finisher,-0.76,1628420.0
Shot Chart Detail,21900166,491,203924,Jerami Grant,1610612743,Denver Nuggets,4,9,30,Made Shot,Jump Shot,3PT Field Goal,Above the Break 3,Right Side Center(RC),24+ ft.,24,206,141,1,1,20191114,DEN,BKN,21900166491,23100,0,203115|203486|203924|1627823|1628420,1,REG,2020,1629651,3.0,C,Helper,-0.21,Grant 25' 3PT Jump Shot (12 PTS) (Barton 4 AST),PF,Athletic Finisher,-0.76,203115.0
Shot Chart Detail,21900166,500,203924,Jerami Grant,1610612743,Denver Nuggets,4,8,46,Missed Shot,Driving Layup Shot,2PT Field Goal,Restricted Area,Center(C),Less Than 8 ft.,1,-5,15,1,0,20191114,DEN,BKN,21900166500,23540,0,203115|203486|203924|1627823|1628420,0,REG,2020,1629651,3.0,C,Helper,-0.21,MISS Grant 2' Driving Layup,PF,Athletic Finisher,-0.76,
Shot Chart Detail,21900166,523,203924,Jerami Grant,1610612743,Denver Nuggets,4,6,30,Missed Shot,Jump Shot,3PT Field Goal,Left Corner 3,Left Side(L),24+ ft.,23,-230,33,1,0,20191114,DEN,BKN,21900166523,24900,0,203115|203486|203924|1627823|1628420,0,REG,2020,,,,,,,PF,Athletic Finisher,-0.76,
Shot Chart Detail,21900166,551,203924,Jerami Grant,1610612743,Denver Nuggets,4,5,9,Missed Shot,Jump Shot,3PT Field Goal,Above the Break 3,Right Side Center(RC),24+ ft.,24,162,181,1,0,20191114,DEN,BKN,21900166551,25710,0,203115|203914|203924|203999|1627750,0,REG,2020,1627752,7.0,PF,Wing Stopper,0.59,MISS Grant 24' 3PT Jump Shot,PF,Athletic Finisher,-0.76,
Shot Chart Detail,21900186,147,203924,Jerami Grant,1610612743,Denver Nuggets,1,0,51,Made Shot,Driving Finger Roll Layup Shot,2PT Field Goal,Restricted Area,Center(C),Less Than 8 ft.,1,-9,8,1,1,20191117,MEM,DEN,21900186147,6690,0,203486|203924|1627750|1627823|1628420,1,REG,2020,1629634,-4.0,PF,Helper,-0.03,Grant 1' Driving Finger Roll Layup (2 PTS) (Morris 1 AST),PF,Athletic Finisher,-0.76,1628420.0
Shot Chart Detail,21900186,171,203924,Jerami Grant,1610612743,Denver Nuggets,2,10,48,Made Shot,Jump Shot,3PT Field Goal,Above the Break 3,Center(C),24+ ft.,26,65,253,1,1,20191117,MEM,DEN,21900186171,7920,0,203486|203924|1627823|1628420|1629008,1,REG,2020,203524,-5.0,PF,Helper,-0.84,Grant 26' 3PT Jump Shot (5 PTS) (Hernangomez 1 AST),PF,Athletic Finisher,-0.76,1627823.0
Shot Chart Detail,21900186,475,203924,Jerami Grant,1610612743,Denver Nuggets,3,1,53,Made Shot,Jump Shot,3PT Field Goal,Above the Break 3,Center(C),24+ ft.,24,6,248,1,1,20191117,MEM,DEN,21900186475,20470,0,203486|203914|203924|1627750|1627823,1,REG,2020,203524,30.0,PF,Helper,-0.84,Grant 25' 3PT Jump Shot (8 PTS) (Murray 8 AST),PF,Athletic Finisher,-0.76,1627750.0
Shot Chart Detail,21900186,502,203924,Jerami Grant,1610612743,Denver Nuggets,4,11,49,Made Shot,Driving Dunk Shot,2PT Field Goal,Restricted Area,Center(C),Less Than 8 ft.,0,3,8,1,1,20191117,MEM,DEN,21900186502,21710,0,203486|203924|1627823|1628420|1629008,1,REG,2020,203524,,PF,Helper,-0.84,Grant 1' Driving Dunk (10 PTS) (Hernangomez 2 AST),PF,Athletic Finisher,-0.76,1627823.0
Shot Chart Detail,21900186,583,203924,Jerami Grant,1610612743,Denver Nuggets,4,6,44,Missed Shot,Pullup Jump shot,2PT Field Goal,Mid-Range,Center(C),16-24 ft.,16,-11,169,1,0,20191117,MEM,DEN,21900186583,24760,0,203924|1627736|1627823|1628420|1629008,0,REG,2020,1629634,26.0,PF,Helper,-0.03,MISS Grant 17' Pullup Jump Shot,PF,Athletic Finisher,-0.76,
Shot Chart Detail,21900186,626,203924,Jerami Grant,1610612743,Denver Nuggets,4,3,18,Missed Shot,Turnaround Fadeaway shot,2PT Field Goal,In The Paint (Non-RA),Right Side(R),8-16 ft.,9,50,85,1,0,20191117,MEM,DEN,21900186626,26820,0,203924|1627736|1627823|1628420|1628470,0,REG,2020,1629634|1629001,17.0,,,,,PF,Athletic Finisher,-0.76,
Shot Chart Detail,21900211,140,203924,Jerami Grant,1610612743,Denver Nuggets,1,0,43,Made Shot,Driving Finger Roll Layup Shot,2PT Field Goal,Restricted Area,Center(C),Less Than 8 ft.,2,16,18,1,1,20191120,DEN,HOU,21900211140,6770,0,203486|203924|1627823|1628420|1628470,1,REG,2020,,,,,,,PF,Athletic Finisher,-0.76,1628420.0
Shot Chart Detail,21900211,160,203924,Jerami Grant,1610612743,Denver Nuggets,2,11,44,Missed Shot,Driving Floating Jump Shot,2PT Field Goal,Mid-Range,Left Side(L),8-16 ft.,12,-81,96,1,0,20191120,DEN,HOU,21900211160,7360,0,203486|203924|1627823|1628420|1628470,0,REG,2020,,,,,,,PF,Athletic Finisher,-0.76,
Shot Chart Detail,21900211,164,203924,Jerami Grant,1610612743,Denver Nuggets,2,11,12,Missed Shot,Turnaround Jump Shot,2PT Field Goal,Mid-Range,Left Side(L),16-24 ft.,16,-134,96,1,0,20191120,DEN,HOU,21900211164,7680,0,203486|203924|1627823|1628420|1628470,0,REG,2020,200757,5.0,PF,Helper,0.61,MISS Grant 16' Turnaround Jump Shot,PF,Athletic Finisher,-0.76,
Shot Chart Detail,21900211,213,203924,Jerami Grant,1610612743,Denver Nuggets,2,7,32,Made Shot,Turnaround Fadeaway shot,2PT Field Goal,Mid-Range,Right Side(R),8-16 ft.,11,105,55,1,1,20191120,DEN,HOU,21900211213,9880,0,203486|203924|1627823|1628420|1628470,0,REG,2020,,,,,,,PF,Athletic Finisher,-0.76,
Shot Chart Detail,21900211,423,203924,Jerami Grant,1610612743,Denver Nuggets,3,3,21,Missed Shot,Jump Shot,3PT Field Goal,Right Corner 3,Right Side(R),24+ ft.,23,231,16,1,0,20191120,DEN,HOU,21900211423,19590,0,203115|203914|203924|203999|1627750,0,REG,2020,201935,13.0,SG,Helper,-0.85,MISS Grant 3PT Jump Shot,PF,Athletic Finisher,-0.76,
Shot Chart Detail,21900211,482,203924,Jerami Grant,1610612743,Denver Nuggets,4,11,34,Made Shot,Turnaround Fadeaway shot,2PT Field Goal,Mid-Range,Right Side(R),8-16 ft.,11,117,10,1,1,20191120,DEN,HOU,21900211482,21860,0,203486|203924|1627823|1628420|1628470,1,REG,2020,200757,,PF,Helper,0.61,Grant 12' Turnaround Fadeaway (6 PTS) (Craig 1 AST),PF,Athletic Finisher,-0.76,1628470.0
Shot Chart Detail,21900211,491,203924,Jerami Grant,1610612743,Denver Nuggets,4,10,28,Missed Shot,Driving Layup Shot,2PT Field Goal,Restricted Area,Center(C),Less Than 8 ft.,1,-13,10,1,0,20191120,DEN,HOU,21900211491,22520,0,203486|203924|1627823|1628420|1628470,0,REG,2020,200757,10.0,PF,Helper,0.61,MISS Grant 2' Driving Layup,PF,Athletic Finisher,-0.76,
Shot Chart Detail,21900211,507,203924,Jerami Grant,1610612743,Denver Nuggets,4,9,35,Missed Shot,Jump Shot,2PT Field Goal,Mid-Range,Left Side Center(LC),16-24 ft.,18,-122,143,1,0,20191120,DEN,HOU,21900211507,23050,0,203486|203924|1627823|1628420|1628470,0,REG,2020,201566,10.0,PG,Chaser,-0.32,MISS Grant 19' Jump Shot,PF,Athletic Finisher,-0.76,
Shot Chart Detail,21900211,513,203924,Jerami Grant,1610612743,Denver Nuggets,4,8,51,Missed Shot,Turnaround Fadeaway shot,2PT Field Goal,In The Paint (Non-RA),Right Side(R),8-16 ft.,10,62,88,1,0,20191120,DEN,HOU,21900211513,23490,0,203486|203924|1627823|1628420|1628470,0,REG,2020,201935,10.0,SG,Helper,-0.85,MISS Grant 11' Turnaround Fadeaway Shot,PF,Athletic Finisher,-0.76,
Shot Chart Detail,21900211,548,203924,Jerami Grant,1610612743,Denver Nuggets,4,6,37,Made Shot,Jump Shot,3PT Field Goal,Above the Break 3,Right Side Center(RC),24+ ft.,25,229,105,1,1,20191120,DEN,HOU,21900211548,24830,0,203486|203924|1627750|1627823|1628470,1,REG,2020,200782,13.0,PF,Wing Stopper,0.47,Grant 25' 3PT Jump Shot (9 PTS) (Murray 8 AST),PF,Athletic Finisher,-0.76,1627750.0
Shot Chart Detail,21900222,153,203924,Jerami Grant,1610612743,Denver Nuggets,2,10,29,Made Shot,Layup Shot,2PT Field Goal,In The Paint (Non-RA),Center(C),Less Than 8 ft.,7,58,45,1,1,20191122,DEN,BOS,21900222153,8110,0,203486|203924|1627823|1628420|1629008,0,REG,2020,1628400,15.0,PF,Helper,-0.83,Grant 7' Layup (2 PTS),PF,Athletic Finisher,-0.76,
Shot Chart Detail,21900222,178,203924,Jerami Grant,1610612743,Denver Nuggets,2,7,29,Made Shot,Jump Shot,3PT Field Goal,Above the Break 3,Left Side Center(LC),24+ ft.,25,-81,246,1,1,20191122,DEN,BOS,21900222178,9910,0,203486|203924|1627823|1628420|1629008,1,REG,2020,1627759,17.0,SG,Wing Stopper,0.18,Grant 26' 3PT Jump Shot (5 PTS) (Plumlee 1 AST),PF,Athletic Finisher,-0.76,203486.0
Shot Chart Detail,21900222,199,203924,Jerami Grant,1610612743,Denver Nuggets,2,6,40,Missed Shot,Driving Layup Shot,2PT Field Goal,In The Paint (Non-RA),Center(C),Less Than 8 ft.,5,19,55,1,0,20191122,DEN,BOS,21900222199,10400,0,203486|203924|1627823|1628420|1629008,0,REG,2020,202954|1628464,17.0,,,,,PF,Athletic Finisher,-0.76,
Shot Chart Detail,21900222,201,203924,Jerami Grant,1610612743,Denver Nuggets,2,6,34,Missed Shot,Tip Layup Shot,2PT Field Goal,Restricted Area,Center(C),Less Than 8 ft.,0,0,-6,1,0,20191122,DEN,BOS,21900222201,10460,0,203486|203924|1627823|1628420|1629008,0,REG,2020,202954|1628464,17.0,,,,,PF,Athletic Finisher,-0.76,
Shot Chart Detail,21900222,211,203924,Jerami Grant,1610612743,Denver Nuggets,2,6,5,Missed Shot,Jump Shot,3PT Field Goal,Left Corner 3,Left Side(L),24+ ft.,23,-232,1,1,0,20191122,DEN,BOS,21900222211,10750,0,203486|203924|1627750|1627823|1629008,0,REG,2020,1627759,15.0,SG,Wing Stopper,0.18,MISS Grant 3PT Jump Shot,PF,Athletic Finisher,-0.76,
Shot Chart Detail,21900222,469,203924,Jerami Grant,1610612743,Denver Nuggets,4,11,43,Missed Shot,Turnaround Fadeaway shot,2PT Field Goal,In The Paint (Non-RA),Center(C),Less Than 8 ft.,6,38,55,1,0,20191122,DEN,BOS,21900222469,21770,0,203486|203924|1627823|1628420|1629008,0,REG,2020,1627759,13.0,SG,Wing Stopper,0.18,MISS Grant 7' Turnaround Fadeaway Shot,PF,Athletic Finisher,-0.76,
Shot Chart Detail,21900222,518,203924,Jerami Grant,1610612743,Denver Nuggets,4,8,35,Missed Shot,Jump Shot,3PT Field Goal,Above the Break 3,Right Side Center(RC),24+ ft.,27,95,253,1,0,20191122,DEN,BOS,21900222518,23650,0,203115|203486|203924|1627823|1628420,0,REG,2020,1627759,9.0,SG,Wing Stopper,0.18,MISS Grant 27' 3PT Jump Shot,PF,Athletic Finisher,-0.76,
Shot Chart Detail,21900222,522,203924,Jerami Grant,1610612743,Denver Nuggets,4,8,21,Missed Shot,Jump Shot,3PT Field Goal,Above the Break 3,Left Side Center(LC),24+ ft.,25,-196,165,1,0,20191122,DEN,BOS,21900222522,23790,0,203115|203486|203924|1627823|1628420,0,REG,2020,1629057,9.0,C,Anchor Big,2.15,MISS Grant 26' 3PT Jump Shot,PF,Athletic Finisher,-0.76,
Shot Chart Detail,21900238,200,203924,Jerami Grant,1610612743,Denver Nuggets,2,7,37,Missed Shot,Layup Shot,2PT Field Goal,Restricted Area,Center(C),Less Than 8 ft.,2,13,20,1,0,20191124,DEN,PHX,21900238200,9830,0,203115|203486|203924|1627823|1628420,0,REG,2020,1628969,-3.0,SF,Wing Stopper,0.38,MISS Grant 2' Layup,PF,Athletic Finisher,-0.76,
Shot Chart Detail,21900238,400,203924,Jerami Grant,1610612743,Denver Nuggets,3,3,6,Made Shot,Layup Shot,2PT Field Goal,Restricted Area,Center(C),Less Than 8 ft.,2,-19,10,1,1,20191124,DEN,PHX,21900238400,19740,0,203115|203914|203924|203999|1627750,1,REG,2020,1627767,2.0,C,Anchor Big,0.3,Grant 2' Layup (2 PTS) (Harris 3 AST),PF,Athletic Finisher,-0.76,203914.0
Shot Chart Detail,21900238,452,203924,Jerami Grant,1610612743,Denver Nuggets,4,11,49,Missed Shot,Driving Layup Shot,2PT Field Goal,Restricted Area,Center(C),Less Than 8 ft.,3,35,10,1,0,20191124,DEN,PHX,21900238452,21710,0,203486|203924|1627736|1627823|1628420,0,REG,2020,1627767,2.0,C,Anchor Big,0.3,MISS Grant 4' Driving Layup,PF,Athletic Finisher,-0.76,
Shot Chart Detail,21900252,158,203924,Jerami Grant,1610612743,Denver Nuggets,2,11,48,Missed Shot,Driving Dunk Shot,2PT Field Goal,Restricted Area,Center(C),Less Than 8 ft.,1,-11,-1,1,0,20191126,DEN,WAS,21900252158,7320,0,203486|203924|1627736|1627823|1628420,0,REG,2020,101139,2.0,SF,Helper,-0.18,MISS Grant 1' Driving Dunk,PF,Athletic Finisher,-0.76,
Shot Chart Detail,21900252,165,203924,Jerami Grant,1610612743,Denver Nuggets,2,11,27,Missed Shot,Jump Shot,3PT Field Goal,Left Corner 3,Left Side(L),24+ ft.,23,-229,41,1,0,20191126,DEN,WAS,21900252165,7530,0,203486|203924|1627736|1627823|1628420,0,REG,2020,101139,1.0,SF,Helper,-0.18,MISS Grant 3PT Jump Shot,PF,Athletic Finisher,-0.76,
Shot Chart Detail,21900252,199,203924,Jerami Grant,1610612743,Denver Nuggets,2,8,58,Made Shot,Step Back Jump shot,2PT Field Goal,Mid-Range,Left Side(L),8-16 ft.,12,-99,68,1,1,20191126,DEN,WAS,21900252199,9020,0,203486|203924|1627736|1627823|1628420,1,REG,2020,101139|203895,3.0,,,,,PF,Athletic Finisher,-0.76,203486.0
Shot Chart Detail,21900252,207,203924,Jerami Grant,1610612743,Denver Nuggets,2,8,39,Made Shot,Jump Shot,3PT Field Goal,Above the Break 3,Right Side Center(RC),24+ ft.,24,116,215,1,1,20191126,DEN,WAS,21900252207,9210,0,203486|203924|1627736|1627823|1628420,1,REG,2020,,,,,,,PF,Athletic Finisher,-0.76,1628420.0
Shot Chart Detail,21900252,217,203924,Jerami Grant,1610612743,Denver Nuggets,2,8,9,Made Shot,Cutting Dunk Shot,2PT Field Goal,Restricted Area,Center(C),Less Than 8 ft.,1,-3,11,1,1,20191126,DEN,WAS,21900252217,9510,0,203486|203924|1627736|1627823|1628420,1,REG,2020,101139,6.0,SF,Helper,-0.18,Grant 1' Cutting Dunk Shot (8 PTS) (Plumlee 2 AST),PF,Athletic Finisher,-0.76,203486.0
Shot Chart Detail,21900252,243,203924,Jerami Grant,1610612743,Denver Nuggets,2,6,42,Made Shot,Driving Layup Shot,2PT Field Goal,In The Paint (Non-RA),Center(C),Less Than 8 ft.,7,-60,43,1,1,20191126,DEN,WAS,21900252243,10380,0,203115|203486|203914|203924|1628420,1,REG,2020,1629060,6.0,PF,Helper,-0.35,Grant 7' Driving Layup (11 PTS) (Barton 3 AST),PF,Athletic Finisher,-0.76,203115.0
Shot Chart Detail,21900252,267,203924,Jerami Grant,1610612743,Denver Nuggets,2,5,1,Made Shot,Cutting Dunk Shot,2PT Field Goal,Restricted Area,Center(C),Less Than 8 ft.,1,-7,13,1,1,20191126,DEN,WAS,21900252267,11390,0,203115|203914|203924|203999|1627750,1,REG,2020,203078,11.0,SG,Chaser,-2.05,Grant 1' Cutting Dunk Shot (16 PTS) (Jokic 4 AST),PF,Athletic Finisher,-0.76,203999.0
Shot Chart Detail,21900252,476,203924,Jerami Grant,1610612743,Denver Nuggets,3,1,57,Missed Shot,Driving Layup Shot,2PT Field Goal,In The Paint (Non-RA),Center(C),Less Than 8 ft.,6,-64,27,1,0,20191126,DEN,WAS,21900252476,20430,0,203115|203486|203914|203924|1628420,0,REG,2020,202722,17.0,PF,Helper,-0.34,MISS Grant 7' Driving Layup,PF,Athletic Finisher,-0.76,
Shot Chart Detail,21900252,492,203924,Jerami Grant,1610612743,Denver Nuggets,3,1,9,Missed Shot,Jump Shot,3PT Field Goal,Left Corner 3,Left Side(L),24+ ft.,22,-222,17,1,0,20191126,DEN,WAS,21900252492,20910,0,203115|203486|203914|203924|1628420,0,REG,2020,203895,15.0,SG,Chaser,-0.76,MISS Grant 3PT Jump Shot,PF,Athletic Finisher,-0.76,
Shot Chart Detail,21900252,529,203924,Jerami Grant,1610612743,Denver Nuggets,4,10,47,Made Shot,Reverse Dunk Shot,2PT Field Goal,Restricted Area,Center(C),Less Than 8 ft.,0,2,4,1,1,20191126,DEN,WAS,21900252529,22330,0,203486|203924|1627736|1627823|1628420,1,REG,2020,202722|1629021,,,,,,PF,Athletic Finisher,-0.76,1628420.0
Shot Chart Detail,21900252,568,203924,Jerami Grant,1610612743,Denver Nuggets,4,7,25,Made Shot,Driving Layup Shot,2PT Field Goal,Restricted Area,Center(C),Less Than 8 ft.,2,19,10,1,1,20191126,DEN,WAS,21900252568,24350,0,203486|203924|1627736|1627823|1628420,0,REG,2020,101139,18.0,SF,Helper,-0.18,Grant 2' Driving Layup (20 PTS),PF,Athletic Finisher,-0.76,
Shot Chart Detail,21900252,580,203924,Jerami Grant,1610612743,Denver Nuggets,4,6,33,Missed Shot,Driving Layup Shot,2PT Field Goal,Restricted Area,Center(C),Less Than 8 ft.,2,-14,20,1,0,20191126,DEN,WAS,21900252580,24870,0,203115|203486|203924|1627736|1628420,0,REG,2020,202722,15.0,PF,Helper,-0.34,MISS Grant 2' Driving Layup,PF,Athletic Finisher,-0.76,
Shot Chart Detail,21900252,621,203924,Jerami Grant,1610612743,Denver Nuggets,4,3,50,Missed Shot,Jump Shot,3PT Field Goal,Above the Break 3,Center(C),24+ ft.,25,-67,241,1,0,20191126,DEN,WAS,21900252621,26500,0,203115|203486|203924|1627736|1628420,0,REG,2020,1629067,16.0,SF,Wing Stopper,2.21,MISS Grant 25' 3PT Jump Shot,PF,Athletic Finisher,-0.76,
Shot Chart Detail,21900280,127,203924,Jerami Grant,1610612743,Denver Nuggets,1,1,41,Missed Shot,Fadeaway Jump Shot,2PT Field Goal,In The Paint (Non-RA),Center(C),8-16 ft.,10,-23,101,1,0,20191130,SAC,DEN,21900280127,6190,0,203486|203914|203924|1627823|1628420,0,REG,2020,203084,14.0,PF,Wing Stopper,-0.21,MISS Grant 10' Fadeaway Jumper,PF,Athletic Finisher,-0.76,
Shot Chart Detail,21900280,149,203924,Jerami Grant,1610612743,Denver Nuggets,1,0,39,Missed Shot,Pullup Jump shot,2PT Field Goal,Mid-Range,Left Side Center(LC),16-24 ft.,19,-93,176,1,0,20191130,SAC,DEN,21900280149,6810,0,203486|203924|1627736|1627823|1628420,0,REG,2020,203084,11.0,PF,Wing Stopper,-0.21,MISS Grant 20' Pullup Jump Shot,PF,Athletic Finisher,-0.76,
Shot Chart Detail,21900280,169,203924,Jerami Grant,1610612743,Denver Nuggets,2,11,27,Missed Shot,Jump Shot,3PT Field Goal,Above the Break 3,Left Side Center(LC),24+ ft.,25,-171,194,1,0,20191130,SAC,DEN,21900280169,7530,0,203486|203924|1627736|1627823|1628420,0,REG,2020,203084,8.0,PF,Wing Stopper,-0.21,MISS Grant 26' 3PT Jump Shot,PF,Athletic Finisher,-0.76,
Shot Chart Detail,21900280,211,203924,Jerami Grant,1610612743,Denver Nuggets,2,8,35,Missed Shot,Floating Jump shot,2PT Field Goal,In The Paint (Non-RA),Center(C),Less Than 8 ft.,7,-67,41,1,0,20191130,SAC,DEN,21900280211,9250,0,203486|203924|1627736|1627823|1628420,0,REG,2020,203084,8.0,PF,Wing Stopper,-0.21,MISS Grant 8' Floating Jump Shot,PF,Athletic Finisher,-0.76,
Shot Chart Detail,21900280,221,203924,Jerami Grant,1610612743,Denver Nuggets,2,7,43,Made Shot,Jump Shot,3PT Field Goal,Above the Break 3,Right Side Center(RC),24+ ft.,25,163,194,1,1,20191130,SAC,DEN,21900280221,9770,0,203115|203486|203924|1627736|1628420,1,REG,2020,203084,9.0,PF,Wing Stopper,-0.21,Grant 25' 3PT Jump Shot (3 PTS) (Barton 1 AST),PF,Athletic Finisher,-0.76,203115.0
Shot Chart Detail,21900280,477,203924,Jerami Grant,1610612743,Denver Nuggets,3,1,24,Made Shot,Layup Shot,2PT Field Goal,Restricted Area,Center(C),Less Than 8 ft.,1,-16,11,1,1,20191130,SAC,DEN,21900280477,20760,0,203486|203914|203924|1627736|1628420,1,REG,2020,,,,,,,PF,Athletic Finisher,-0.76,1627736.0
Shot Chart Detail,21900280,487,203924,Jerami Grant,1610612743,Denver Nuggets,3,0,19,Made Shot,Jump Shot,3PT Field Goal,Above the Break 3,Right Side Center(RC),24+ ft.,26,134,224,1,1,20191130,SAC,DEN,21900280487,21410,0,203486|203914|203924|1627736|1628420,1,REG,2020,203084,10.0,PF,Wing Stopper,-0.21,Grant 26' 3PT Jump Shot (8 PTS) (Morris 1 AST),PF,Athletic Finisher,-0.76,1628420.0
Shot Chart Detail,21900280,501,203924,Jerami Grant,1610612743,Denver Nuggets,4,11,42,Made Shot,Turnaround Jump Shot,2PT Field Goal,In The Paint (Non-RA),Center(C),Less Than 8 ft.,5,19,51,1,1,20191130,SAC,DEN,21900280501,21780,0,203115|203486|203924|1627736|1628420,0,REG,2020,202357,10.0,PF,Helper,0.73,Grant 5' Turnaround Jump Shot (10 PTS),PF,Athletic Finisher,-0.76,
Shot Chart Detail,21900280,509,203924,Jerami Grant,1610612743,Denver Nuggets,4,10,43,Missed Shot,Jump Shot,3PT Field Goal,Above the Break 3,Left Side Center(LC),24+ ft.,24,-131,210,1,0,20191130,SAC,DEN,21900280509,22370,0,203115|203486|203924|1627736|1628420,0,REG,2020,202357,8.0,PF,Helper,0.73,MISS Grant 25' 3PT Jump Shot,PF,Athletic Finisher,-0.76,
Shot Chart Detail,21900304,151,203924,Jerami Grant,1610612743,Denver Nuggets,1,0,36,Made Shot,Jump Shot,3PT Field Goal,Above the Break 3,Left Side Center(LC),24+ ft.,25,-143,217,1,1,20191203,DEN,LAL,21900304151,6840,0,203486|203924|1627736|1627823|1628420,1,REG,2020,,,,,,,PF,Athletic Finisher,-0.76,1628420.0
Shot Chart Detail,21900304,172,203924,Jerami Grant,1610612743,Denver Nuggets,2,10,45,Made Shot,Alley Oop Dunk Shot,2PT Field Goal,Restricted Area,Center(C),Less Than 8 ft.,1,-1,11,1,1,20191203,DEN,LAL,21900304172,7950,0,203486|203924|1627736|1627823|1628420,1,REG,2020,1628398,,PF,Wing Stopper,-0.76,Grant 1' Alley Oop Dunk (5 PTS) (Plumlee 2 AST),PF,Athletic Finisher,-0.76,203486.0
Shot Chart Detail,21900304,459,203924,Jerami Grant,1610612743,Denver Nuggets,3,2,24,Missed Shot,Jump Shot,3PT Field Goal,Left Corner 3,Left Side(L),24+ ft.,22,-221,43,1,0,20191203,DEN,LAL,21900304459,20160,0,203486|203924|1627736|1627750|1627823,0,REG,2020,1628398,-4.0,PF,Wing Stopper,-0.76,MISS Grant 3PT Jump Shot,PF,Athletic Finisher,-0.76,
Shot Chart Detail,21900304,509,203924,Jerami Grant,1610612743,Denver Nuggets,4,10,55,Missed Shot,Jump Shot,3PT Field Goal,Left Corner 3,Left Side(L),24+ ft.,22,-223,-7,1,0,20191203,DEN,LAL,21900304509,22250,0,203486|203924|1627736|1627823|1628420,0,REG,2020,1627936,-10.0,PG,Point of Attack,0.95,MISS Grant 3PT Jump Shot,PF,Athletic Finisher,-0.76,
Shot Chart Detail,21900317,100,203924,Jerami Grant,1610612743,Denver Nuggets,1,3,16,Missed Shot,Jump Shot,3PT Field Goal,Above the Break 3,Right Side Center(RC),24+ ft.,24,159,183,1,0,20191205,NYK,DEN,21900317100,5240,0,203115|203914|203924|203999|1627750,0,REG,2020,203944,-2.0,PF,Helper,-0.48,MISS Grant 24' 3PT Jump Shot,PF,Athletic Finisher,-0.76,
Shot Chart Detail,21900317,143,203924,Jerami Grant,1610612743,Denver Nuggets,1,0,41,Made Shot,Jump Shot,3PT Field Goal,Above the Break 3,Left Side Center(LC),24+ ft.,24,-157,184,1,1,20191205,NYK,DEN,21900317143,6790,0,203486|203924|1627736|1627823|1628420,1,REG,2020,1629011,5.0,C,Anchor Big,1.13,Grant 24' 3PT Jump Shot (3 PTS) (Plumlee 1 AST),PF,Athletic Finisher,-0.76,203486.0
Shot Chart Detail,21900317,168,203924,Jerami Grant,1610612743,Denver Nuggets,2,11,17,Made Shot,Running Dunk Shot,2PT Field Goal,Restricted Area,Center(C),Less Than 8 ft.,0,3,9,1,1,20191205,NYK,DEN,21900317168,7630,0,203486|203924|1627736|1627823|1628420,1,REG,2020,203901,,PG,Point of Attack,0.19,Grant 1' Running Dunk (5 PTS) (Hernangomez 2 AST),PF,Athletic Finisher,-0.76,1627823.0
Shot Chart Detail,21900317,198,203924,Jerami Grant,1610612743,Denver Nuggets,2,8,18,Missed Shot,Jump Shot,3PT Field Goal,Above the Break 3,Center(C),24+ ft.,25,-78,248,1,0,20191205,NYK,DEN,21900317198,9420,0,203486|203924|1627736|1627823|1628420,0,REG,2020,1628422,4.0,SG,Chaser,-1.75,MISS Grant 26' 3PT Jump Shot,PF,Athletic Finisher,-0.76,
Shot Chart Detail,21900317,235,203924,Jerami Grant,1610612743,Denver Nuggets,2,6,0,Made Shot,Turnaround Fadeaway shot,2PT Field Goal,In The Paint (Non-RA),Center(C),8-16 ft.,8,29,85,1,1,20191205,NYK,DEN,21900317235,10800,0,203486|203924|1627736|1627823|1628420,1,REG,2020,203944,,PF,Helper,-0.48,Grant 9' Turnaround Fadeaway (7 PTS) (Hernangomez 3 AST),PF,Athletic Finisher,-0.76,1627823.0
Shot Chart Detail,21900317,455,203924,Jerami Grant,1610612743,Denver Nuggets,3,0,36,Made Shot,Layup Shot,2PT Field Goal,Restricted Area,Center(C),Less Than 8 ft.,3,-16,27,1,1,20191205,NYK,DEN,21900317455,21240,0,203486|203924|1627736|1627823|1628420,1,REG,2020,1628372,25.0,PG,Point of Attack,-0.53,Grant 3' Layup (9 PTS) (Hernangomez 4 AST),PF,Athletic Finisher,-0.76,1627823.0
Shot Chart Detail,21900317,491,203924,Jerami Grant,1610612743,Denver Nuggets,4,10,40,Made Shot,Jump Shot,3PT Field Goal,Above the Break 3,Center(C),24+ ft.,25,-47,254,1,1,20191205,NYK,DEN,21900317491,22400,0,203486|203924|1627736|1627823|1628420,1,REG,2020,1628372,27.0,PG,Point of Attack,-0.53,Grant 26' 3PT Jump Shot (13 PTS) (Morris 2 AST),PF,Athletic Finisher,-0.76,1628420.0
Shot Chart Detail,21900317,511,203924,Jerami Grant,1610612743,Denver Nuggets,4,9,3,Missed Shot,Driving Floating Jump Shot,2PT Field Goal,In The Paint (Non-RA),Center(C),Less Than 8 ft.,5,-28,52,1,0,20191205,NYK,DEN,21900317511,23370,0,203486|203924|1627736|1627823|1628420,0,REG,2020,1626171,30.0,PF,Anchor Big,-1.11,MISS Grant 6' Driving Floating Jump Shot,PF,Athletic Finisher,-0.76,
Shot Chart Detail,21900317,536,203924,Jerami Grant,1610612743,Denver Nuggets,4,6,58,Made Shot,Jump Shot,3PT Field Goal,Above the Break 3,Left Side Center(LC),24+ ft.,24,-126,215,1,1,20191205,NYK,DEN,21900317536,24620,0,203486|203924|1627736|1627823|1628420,1,REG,2020,203901,36.0,PG,Point of Attack,0.19,Grant 25' 3PT Jump Shot (16 PTS) (Morris 4 AST),PF,Athletic Finisher,-0.76,1628420.0
Shot Chart Detail,21900323,118,203924,Jerami Grant,1610612743,Denver Nuggets,1,2,2,Missed Shot,Jump Shot,2PT Field Goal,Mid-Range,Left Side Center(LC),16-24 ft.,17,-89,151,1,0,20191206,BOS,DEN,21900323118,5980,0,203486|203924|1627736|1627823|1628420,0,REG,2020,202954,-10.0,PG,Point of Attack,-0.8,MISS Grant 18' Jump Shot,PF,Athletic Finisher,-0.76,
Shot Chart Detail,21900323,120,203924,Jerami Grant,1610612743,Denver Nuggets,1,1,55,Made Shot,Driving Layup Shot,2PT Field Goal,Restricted Area,Center(C),Less Than 8 ft.,1,-2,19,1,1,20191206,BOS,DEN,21900323120,6050,0,203486|203924|1627736|1627823|1628420,1,REG,2020,1627759,-8.0,SG,Wing Stopper,0.18,Grant 2' Driving Layup (2 PTS) (Plumlee 1 AST),PF,Athletic Finisher,-0.76,203486.0
Shot Chart Detail,21900323,184,203924,Jerami Grant,1610612743,Denver Nuggets,2,8,16,Missed Shot,Jump Shot,3PT Field Goal,Above the Break 3,Center(C),24+ ft.,27,36,272,1,0,20191206,BOS,DEN,21900323184,9440,0,203115|203486|203924|1627736|1628420,0,REG,2020,1628400,-13.0,PF,Helper,-0.83,MISS Grant 27' 3PT Jump Shot,PF,Athletic Finisher,-0.76,
Shot Chart Detail,21900323,208,203924,Jerami Grant,1610612743,Denver Nuggets,2,6,15,Missed Shot,Jump Shot,3PT Field Goal,Above the Break 3,Left Side Center(LC),24+ ft.,25,-225,119,1,0,20191206,BOS,DEN,21900323208,10650,0,203115|203914|203924|203999|1627750,0,REG,2020,,,,,,,PF,Athletic Finisher,-0.76,
Shot Chart Detail,21900323,446,203924,Jerami Grant,1610612743,Denver Nuggets,3,0,12,Missed Shot,Jump Shot,3PT Field Goal,Left Corner 3,Left Side(L),24+ ft.,24,-241,2,1,0,20191206,BOS,DEN,21900323446,21480,0,203486|203924|1627736|1627823|1628420,0,REG,2020,1627759,-18.0,SG,Wing Stopper,0.18,MISS Grant 24' 3PT Jump Shot,PF,Athletic Finisher,-0.76,
Shot Chart Detail,21900335,150,203924,Jerami Grant,1610612743,Denver Nuggets,2,10,37,Missed Shot,Turnaround Fadeaway shot,2PT Field Goal,Mid-Range,Left Side(L),8-16 ft.,12,-127,-12,1,0,20191208,BKN,DEN,21900335150,8030,0,203486|203924|1627736|1627823|1628420,0,REG,2020,1628021,-4.0,SF,Helper,0.74,MISS Grant 13' Turnaround Fadeaway Shot,PF,Athletic Finisher,-0.76,
Shot Chart Detail,21900335,160,203924,Jerami Grant,1610612743,Denver Nuggets,2,9,37,Made Shot,Jump Bank Shot,3PT Field Goal,Above the Break 3,Center(C),24+ ft.,25,13,256,1,1,20191208,BKN,DEN,21900335160,8630,0,203486|203924|1627736|1627823|1628420,1,REG,2020,1628021,-1.0,SF,Helper,0.74,Grant 26' 3PT Jump Bank Shot (3 PTS) (Morris 1 AST),PF,Athletic Finisher,-0.76,1628420.0
Shot Chart Detail,21900335,432,203924,Jerami Grant,1610612743,Denver Nuggets,3,3,14,Missed Shot,Jump Shot,3PT Field Goal,Above the Break 3,Left Side Center(LC),24+ ft.,26,-106,248,1,0,20191208,BKN,DEN,21900335432,19660,0,203914|203924|203999|1627750|1627823,0,REG,2020,1629058,-4.0,SF,Low Activity,-0.81,MISS Grant 27' 3PT Jump Shot,PF,Athletic Finisher,-0.76,
Shot Chart Detail,21900335,463,203924,Jerami Grant,1610612743,Denver Nuggets,3,1,46,Missed Shot,Jump Shot,3PT Field Goal,Above the Break 3,Left Side Center(LC),24+ ft.,26,-192,185,1,0,20191208,BKN,DEN,21900335463,20540,0,203924|203999|1627736|1627750|1627823,0,REG,2020,1628021,-3.0,SF,Helper,0.74,MISS Grant 27' 3PT Jump Shot,PF,Athletic Finisher,-0.76,
Shot Chart Detail,21900335,505,203924,Jerami Grant,1610612743,Denver Nuggets,4,11,10,Made Shot,Jump Shot,3PT Field Goal,Right Corner 3,Right Side(R),24+ ft.,23,225,83,1,1,20191208,BKN,DEN,21900335505,22100,0,203486|203924|1627736|1627823|1628420,1,REG,2020,1628021,-2.0,SF,Helper,0.74,Grant 24' 3PT Jump Shot (6 PTS) (Morris 3 AST),PF,Athletic Finisher,-0.76,1628420.0
Shot Chart Detail,21900335,515,203924,Jerami Grant,1610612743,Denver Nuggets,4,10,14,Made Shot,Jump Shot,3PT Field Goal,Above the Break 3,Right Side Center(RC),24+ ft.,25,112,228,1,1,20191208,BKN,DEN,21900335515,22660,0,203486|203924|1627736|1627823|1628420,1,REG,2020,1628021,1.0,SF,Helper,0.74,Grant 25' 3PT Jump Shot (9 PTS) (Plumlee 1 AST),PF,Athletic Finisher,-0.76,203486.0
Shot Chart Detail,21900335,552,203924,Jerami Grant,1610612743,Denver Nuggets,4,7,8,Made Shot,Jump Shot,3PT Field Goal,Above the Break 3,Right Side Center(RC),24+ ft.,25,196,163,1,1,20191208,BKN,DEN,21900335552,24520,0,203486|203924|1627736|1627823|1628420,1,REG,2020,1627752,3.0,PF,Wing Stopper,0.59,Grant 25' 3PT Jump Shot (12 PTS) (Beasley 2 AST),PF,Athletic Finisher,-0.76,1627736.0
Shot Chart Detail,21900335,587,203924,Jerami Grant,1610612743,Denver Nuggets,4,4,32,Made Shot,Jump Shot,3PT Field Goal,Above the Break 3,Left Side Center(LC),24+ ft.,25,-159,202,1,1,20191208,BKN,DEN,21900335587,26080,0,203914|203924|203999|1627823|1628420,1,REG,2020,1627752,1.0,PF,Wing Stopper,0.59,Grant 26' 3PT Jump Shot (15 PTS) (Harris 3 AST),PF,Athletic Finisher,-0.76,203914.0
Shot Chart Detail,21900353,155,203924,Jerami Grant,1610612743,Denver Nuggets,1,0,31,Missed Shot,Pullup Jump shot,2PT Field Goal,Mid-Range,Left Side(L),8-16 ft.,15,-139,67,1,0,20191210,PHI,DEN,21900353155,6890,0,203486|203924|1627736|1628420|1629008,0,REG,2020,203954,1.0,C,Anchor Big,1.77,MISS Grant 15' Pullup Jump Shot,PF,Athletic Finisher,-0.76,
Shot Chart Detail,21900353,210,203924,Jerami Grant,1610612743,Denver Nuggets,2,9,3,Made Shot,Jump Shot,3PT Field Goal,Above the Break 3,Right Side Center(RC),24+ ft.,25,233,97,1,1,20191210,PHI,DEN,21900353210,8970,0,203486|203924|1627736|1628420|1629008,1,REG,2020,202699,-4.0,PF,Helper,0.47,Grant 25' 3PT Jump Shot (3 PTS) (Plumlee 1 AST),PF,Athletic Finisher,-0.76,203486.0
Shot Chart Detail,21900353,431,203924,Jerami Grant,1610612743,Denver Nuggets,3,3,52,Missed Shot,Driving Layup Shot,2PT Field Goal,Restricted Area,Center(C),Less Than 8 ft.,2,-16,19,1,0,20191210,PHI,DEN,21900353431,19280,0,203914|203924|203999|1628420|1628470,0,REG,2020,202699,-4.0,PF,Helper,0.47,Harris BLOCK (2 BLK),PF,Athletic Finisher,-0.76,
Shot Chart Detail,21900353,447,203924,Jerami Grant,1610612743,Denver Nuggets,3,2,36,Missed Shot,Jump Shot,3PT Field Goal,Above the Break 3,Right Side Center(RC),24+ ft.,24,134,211,1,0,20191210,PHI,DEN,21900353447,20040,0,203914|203924|203999|1628420|1628470,0,REG,2020,203516,-4.0,SF-SG,Helper,-0.44,MISS Grant 25' 3PT Jump Shot,PF,Athletic Finisher,-0.76,
Shot Chart Detail,21900353,530,203924,Jerami Grant,1610612743,Denver Nuggets,4,9,21,Missed Shot,Pullup Jump shot,2PT Field Goal,Mid-Range,Left Side(L),8-16 ft.,15,-128,82,1,0,20191210,PHI,DEN,21900353530,23190,0,203115|203486|203924|1627736|1629008,0,REG,2020,203954,-7.0,C,Anchor Big,1.77,MISS Grant 15' Pullup Jump Shot,PF,Athletic Finisher,-0.76,
Shot Chart Detail,21900353,567,203924,Jerami Grant,1610612743,Denver Nuggets,4,6,21,Missed Shot,Jump Shot,3PT Field Goal,Above the Break 3,Center(C),24+ ft.,26,51,257,1,0,20191210,PHI,DEN,21900353567,24990,0,203115|203486|203924|1627736|1629008,0,REG,2020,203118,-5.0,PF,Helper,-0.48,MISS Grant 26' 3PT Jump Shot,PF,Athletic Finisher,-0.76,
Shot Chart Detail,21900370,86,203924,Jerami Grant,1610612743,Denver Nuggets,1,3,48,Made Shot,Jump Shot,3PT Field Goal,Right Corner 3,Right Side(R),24+ ft.,22,223,28,1,1,20191212,DEN,POR,2190037086,4920,0,203914|203924|203999|1627750|1628470,1,REG,2020,1627746,6.0,C,Anchor Big,0.22,Grant 3PT Jump Shot (3 PTS) (Harris 1 AST),PF,Athletic Finisher,-0.76,203914.0
Shot Chart Detail,21900370,129,203924,Jerami Grant,1610612743,Denver Nuggets,1,0,43,Missed Shot,Pullup Jump shot,2PT Field Goal,Mid-Range,Left Side Center(LC),16-24 ft.,17,-67,160,1,0,20191212,DEN,POR,21900370129,6770,0,203115|203486|203924|1628420|1628470,0,REG,2020,2546,6.0,PF,Helper,-0.78,MISS Grant 17' Pullup Jump Shot,PF,Athletic Finisher,-0.76,
Shot Chart Detail,21900370,131,203924,Jerami Grant,1610612743,Denver Nuggets,1,0,37,Made Shot,Dunk Shot,2PT Field Goal,Restricted Area,Center(C),Less Than 8 ft.,1,6,11,1,1,20191212,DEN,POR,21900370131,6830,0,203115|203486|203924|1628420|1628470,1,REG,2020,,,,,,,PF,Athletic Finisher,-0.76,203486.0
Shot Chart Detail,21900370,177,203924,Jerami Grant,1610612743,Denver Nuggets,2,9,55,Made Shot,Driving Layup Shot,2PT Field Goal,Restricted Area,Center(C),Less Than 8 ft.,1,9,7,1,1,20191212,DEN,POR,21900370177,8450,0,203115|203486|203924|1628420|1629008,1,REG,2020,203468|2546,11.0,,,,,PF,Athletic Finisher,-0.76,1628420.0
Shot Chart Detail,21900370,218,203924,Jerami Grant,1610612743,Denver Nuggets,2,6,14,Made Shot,Jump Shot,3PT Field Goal,Above the Break 3,Left Side Center(LC),24+ ft.,26,-133,226,1,1,20191212,DEN,POR,21900370218,10660,0,203486|203914|203924|1627750|1629008,1,REG,2020,2546|203145,8.0,,,,,PF,Athletic Finisher,-0.76,203486.0
Shot Chart Detail,21900370,223,203924,Jerami Grant,1610612743,Denver Nuggets,2,6,55,Missed Shot,Cutting Layup Shot,2PT Field Goal,In The Paint (Non-RA),Center(C),Less Than 8 ft.,5,16,55,1,0,20191212,DEN,POR,21900370223,10250,0,203486|203914|203924|1627750|1629008,0,REG,2020,2546,7.0,PF,Helper,-0.78,MISS Grant 6' Cutting Layup Shot,PF,Athletic Finisher,-0.76,
Shot Chart Detail,21900370,417,203924,Jerami Grant,1610612743,Denver Nuggets,3,1,52,Made Shot,Jump Shot,3PT Field Goal,Left Corner 3,Left Side(L),24+ ft.,22,-220,-5,1,1,20191212,DEN,POR,21900370417,20480,0,203486|203914|203924|1628420|1628470,1,REG,2020,2546,6.0,PF,Helper,-0.78,Grant 3PT Jump Shot (13 PTS) (Morris 4 AST),PF,Athletic Finisher,-0.76,1628420.0
Shot Chart Detail,21900370,431,203924,Jerami Grant,1610612743,Denver Nuggets,3,0,8,Made Shot,Jump Shot,3PT Field Goal,Left Corner 3,Left Side(L),24+ ft.,22,-227,14,1,1,20191212,DEN,POR,21900370431,21520,0,203486|203914|203924|1628420|1628470,1,REG,2020,2546,11.0,PF,Helper,-0.78,Grant 3PT Jump Shot (16 PTS) (Morris 5 AST),PF,Athletic Finisher,-0.76,1628420.0
Shot Chart Detail,21900370,444,203924,Jerami Grant,1610612743,Denver Nuggets,4,11,21,Missed Shot,Driving Layup Shot,2PT Field Goal,In The Paint (Non-RA),Center(C),Less Than 8 ft.,4,18,42,1,0,20191212,DEN,POR,21900370444,21990,0,203115|203486|203924|1628420|1629008,0,REG,2020,2546,9.0,PF,Helper,-0.78,MISS Grant 5' Driving Layup,PF,Athletic Finisher,-0.76,
Shot Chart Detail,21900370,508,203924,Jerami Grant,1610612743,Denver Nuggets,4,6,47,Made Shot,Jump Shot,3PT Field Goal,Above the Break 3,Center(C),24+ ft.,24,7,243,1,1,20191212,DEN,POR,21900370508,24730,0,203115|203486|203924|1628420|1628470,1,REG,2020,,,,,,,PF,Athletic Finisher,-0.76,203115.0
Shot Chart Detail,21900370,559,203924,Jerami Grant,1610612743,Denver Nuggets,4,3,28,Missed Shot,Turnaround Jump Shot,2PT Field Goal,Mid-Range,Right Side(R),8-16 ft.,15,149,20,1,0,20191212,DEN,POR,21900370559,26720,0,203115|203914|203924|203999|1627750,0,REG,2020,2546,13.0,PF,Helper,-0.78,MISS Grant 15' Turnaround Jump Shot,PF,Athletic Finisher,-0.76,
Shot Chart Detail,21900370,577,203924,Jerami Grant,1610612743,Denver Nuggets,4,1,44,Missed Shot,Jump Shot,3PT Field Goal,Right Corner 3,Right Side(R),24+ ft.,22,228,19,1,0,20191212,DEN,POR,21900370577,27760,0,203115|203914|203924|203999|1627750,0,REG,2020,,,,,,,PF,Athletic Finisher,-0.76,
Shot Chart Detail,21900387,43,203924,Jerami Grant,1610612743,Denver Nuggets,1,8,5,Made Shot,Alley Oop Dunk Shot,2PT Field Goal,Restricted Area,Center(C),Less Than 8 ft.,0,3,1,1,1,20191214,DEN,OKC,2190038743,2350,0,203115|203914|203924|203999|1627750,1,REG,2020,201568,,PF,Helper,-0.84,Grant Alley Oop Dunk (2 PTS) (Murray 2 AST),PF,Athletic Finisher,-0.76,1627750.0
Shot Chart Detail,21900387,101,203924,Jerami Grant,1610612743,Denver Nuggets,1,4,6,Missed Shot,Jump Shot,3PT Field Goal,Above the Break 3,Right Side Center(RC),24+ ft.,24,144,201,1,0,20191214,DEN,OKC,21900387101,4740,0,203914|203924|203999|1627750|1628470,0,REG,2020,1629647,11.0,PF,Helper,0.44,MISS Grant 25' 3PT Jump Shot,PF,Athletic Finisher,-0.76,
Shot Chart Detail,21900387,103,203924,Jerami Grant,1610612743,Denver Nuggets,1,4,2,Made Shot,Driving Layup Shot,2PT Field Goal,Restricted Area,Center(C),Less Than 8 ft.,1,8,7,1,1,20191214,DEN,OKC,21900387103,4780,0,203914|203924|203999|1627750|1628470,0,REG,2020,1629647|203471|203457,13.0,,,,,PF,Athletic Finisher,-0.76,
Shot Chart Detail,21900387,286,203924,Jerami Grant,1610612743,Denver Nuggets,2,2,51,Missed Shot,Driving Layup Shot,2PT Field Goal,Restricted Area,Center(C),Less Than 8 ft.,3,-28,22,1,0,20191214,DEN,OKC,21900387286,12690,0,203914|203924|203999|1627750|1628420,0,REG,2020,203471|1628983,4.0,,,,,PF,Athletic Finisher,-0.76,
Shot Chart Detail,21900387,321,203924,Jerami Grant,1610612743,Denver Nuggets,3,11,44,Missed Shot,Alley Oop Dunk Shot,2PT Field Goal,Restricted Area,Center(C),Less Than 8 ft.,1,7,11,1,0,20191214,DEN,OKC,21900387321,14560,0,203115|203914|203924|203999|1627750,0,REG,2020,,,,,,,PF,Athletic Finisher,-0.76,
Shot Chart Detail,21900387,331,203924,Jerami Grant,1610612743,Denver Nuggets,3,10,40,Missed Shot,Jump Shot,3PT Field Goal,Left Corner 3,Left Side(L),24+ ft.,22,-223,-1,1,0,20191214,DEN,OKC,21900387331,15200,0,203115|203914|203924|203999|1627750,0,REG,2020,201568,5.0,PF,Helper,-0.84,MISS Grant 3PT Jump Shot,PF,Athletic Finisher,-0.76,
Shot Chart Detail,21900387,366,203924,Jerami Grant,1610612743,Denver Nuggets,3,8,15,Made Shot,Driving Finger Roll Layup Shot,2PT Field Goal,Restricted Area,Center(C),Less Than 8 ft.,1,-2,14,1,1,20191214,DEN,OKC,21900387366,16650,0,203914|203924|203999|1627750|1628470,1,REG,2020,1627846,5.0,SF,Low Activity,-0.36,Grant 1' Driving Finger Roll Layup (9 PTS) (Jokic 6 AST),PF,Athletic Finisher,-0.76,203999.0
Shot Chart Detail,21900387,561,203924,Jerami Grant,1610612743,Denver Nuggets,4,7,28,Made Shot,Jump Bank Shot,2PT Field Goal,In The Paint (Non-RA),Center(C),Less Than 8 ft.,5,-53,27,1,1,20191214,DEN,OKC,21900387561,24320,0,203914|203924|203999|1627750|1628420,1,REG,2020,203471,9.0,PG,Point of Attack,-0.92,Grant 6' Jump Bank Shot (12 PTS) (Murray 6 AST),PF,Athletic Finisher,-0.76,1627750.0
Shot Chart Detail,21900392,15,203924,Jerami Grant,1610612743,Denver Nuggets,1,10,43,Made Shot,Turnaround Jump Shot,2PT Field Goal,Mid-Range,Right Side(R),8-16 ft.,15,158,15,1,1,20191215,DEN,NYK,2190039215,770,0,203115|203914|203924|203999|1627750,1,REG,2020,202694,1.0,SF-PF,Wing Stopper,0.35,Grant 16' Turnaround Jump Shot (2 PTS) (Harris 1 AST),PF,Athletic Finisher,-0.76,203914.0
Shot Chart Detail,21900392,23,203924,Jerami Grant,1610612743,Denver Nuggets,1,9,45,Missed Shot,Jump Shot,3PT Field Goal,Above the Break 3,Left Side Center(LC),24+ ft.,25,-180,181,1,0,20191215,DEN,NYK,2190039223,1350,0,203115|203914|203924|203999|1627750,0,REG,2020,201959,-1.0,C,Anchor Big,0.38,MISS Grant 26' 3PT Jump Shot,PF,Athletic Finisher,-0.76,
Shot Chart Detail,21900392,129,203924,Jerami Grant,1610612743,Denver Nuggets,1,1,56,Made Shot,Driving Reverse Dunk Shot,2PT Field Goal,Restricted Area,Center(C),Less Than 8 ft.,1,-1,11,1,1,20191215,DEN,NYK,21900392129,6040,0,203115|203486|203924|1628420|1628470,1,REG,2020,1626171,8.0,PF,Anchor Big,-1.11,Grant 1' Driving Reverse Dunk Shot (4 PTS) (Morris 3 AST),PF,Athletic Finisher,-0.76,1628420.0
Shot Chart Detail,21900392,134,203924,Jerami Grant,1610612743,Denver Nuggets,1,1,18,Made Shot,Jump Shot,3PT Field Goal,Right Corner 3,Right Side(R),24+ ft.,23,232,21,1,1,20191215,DEN,NYK,21900392134,6420,0,203115|203486|203924|1628420|1628470,1,REG,2020,1626171,9.0,PF,Anchor Big,-1.11,Grant 3PT Jump Shot (7 PTS) (Plumlee 1 AST),PF,Athletic Finisher,-0.76,203486.0
Shot Chart Detail,21900392,312,203924,Jerami Grant,1610612743,Denver Nuggets,3,11,11,Missed Shot,Jump Shot,3PT Field Goal,Above the Break 3,Left Side Center(LC),24+ ft.,25,-177,177,1,0,20191215,DEN,NYK,21900392312,14890,0,203115|203914|203924|203999|1627750,0,REG,2020,203944,14.0,PF,Helper,-0.48,MISS Grant 25' 3PT Jump Shot,PF,Athletic Finisher,-0.76,
Shot Chart Detail,21900392,458,203924,Jerami Grant,1610612743,Denver Nuggets,4,11,27,Made Shot,Dunk Shot,2PT Field Goal,Restricted Area,Center(C),Less Than 8 ft.,1,0,15,1,1,20191215,DEN,NYK,21900392458,21930,0,203115|203486|203924|1628420|1629008,1,REG,2020,201959,,C,Anchor Big,0.38,Grant 2' Dunk (11 PTS) (Porter Jr. 2 AST),PF,Athletic Finisher,-0.76,1629008.0
Shot Chart Detail,21900414,99,203924,Jerami Grant,1610612743,Denver Nuggets,1,3,11,Missed Shot,Fadeaway Jump Shot,2PT Field Goal,In The Paint (Non-RA),Center(C),8-16 ft.,12,-62,111,1,0,20191218,DEN,ORL,2190041499,5290,0,203115|203924|203999|1627750|1629008,0,REG,2020,1628371,3.0,PF,Helper,3.4,MISS Grant 13' Fadeaway Jumper,PF,Athletic Finisher,-0.76,
Shot Chart Detail,21900414,117,203924,Jerami Grant,1610612743,Denver Nuggets,1,2,36,Missed Shot,Driving Floating Jump Shot,2PT Field Goal,In The Paint (Non-RA),Center(C),Less Than 8 ft.,6,-44,50,1,0,20191218,DEN,ORL,21900414117,5640,0,203486|203914|203924|1628420|1629008,0,REG,2020,203932,1.0,PF,Wing Stopper,0.72,MISS Grant 7' Driving Floating Jump Shot,PF,Athletic Finisher,-0.76,
Shot Chart Detail,21900414,124,203924,Jerami Grant,1610612743,Denver Nuggets,1,2,3,Made Shot,Jump Shot,3PT Field Goal,Above the Break 3,Center(C),24+ ft.,24,-2,249,1,1,20191218,DEN,ORL,21900414124,5970,0,203486|203914|203924|1628420|1629008,1,REG,2020,,,,,,,PF,Athletic Finisher,-0.76,1628420.0
Shot Chart Detail,21900414,442,203924,Jerami Grant,1610612743,Denver Nuggets,3,5,5,Missed Shot,Driving Layup Shot,2PT Field Goal,Restricted Area,Center(C),Less Than 8 ft.,2,18,16,1,0,20191218,DEN,ORL,21900414442,18550,0,203115|203924|203999|1627736|1627750,0,REG,2020,203095|1628365,-5.0,,,,,PF,Athletic Finisher,-0.76,
Shot Chart Detail,21900414,453,203924,Jerami Grant,1610612743,Denver Nuggets,3,4,20,Made Shot,Jump Shot,3PT Field Goal,Above the Break 3,Left Side Center(LC),24+ ft.,24,-209,122,1,1,20191218,DEN,ORL,21900414453,19000,0,203115|203924|203999|1627736|1627750,1,REG,2020,,,,,,,PF,Athletic Finisher,-0.76,203115.0
Shot Chart Detail,21900414,495,203924,Jerami Grant,1610612743,Denver Nuggets,3,1,28,Missed Shot,Jump Shot,3PT Field Goal,Above the Break 3,Center(C),24+ ft.,24,-5,245,1,0,20191218,DEN,ORL,21900414495,20720,0,203486|203914|203924|1627736|1627750,0,REG,2020,203487,8.0,SG,Point of Attack,0.42,MISS Grant 25' 3PT Jump Shot,PF,Athletic Finisher,-0.76,
Shot Chart Detail,21900414,530,203924,Jerami Grant,1610612743,Denver Nuggets,4,10,50,Made Shot,Driving Layup Shot,2PT Field Goal,Restricted Area,Center(C),Less Than 8 ft.,2,11,19,1,1,20191218,DEN,ORL,21900414530,22300,0,203115|203486|203924|1627736|1628420,1,REG,2020,1628411,8.0,SF,Chaser,0.25,Grant 2' Driving Layup (8 PTS) (Morris 4 AST),PF,Athletic Finisher,-0.76,1628420.0
Shot Chart Detail,21900414,545,203924,Jerami Grant,1610612743,Denver Nuggets,4,9,38,Missed Shot,Floating Jump shot,2PT Field Goal,In The Paint (Non-RA),Center(C),8-16 ft.,13,36,126,1,0,20191218,DEN,ORL,21900414545,23020,0,203115|203486|203924|1627736|1628420,0,REG,2020,1628411,7.0,SF,Chaser,0.25,MISS Grant 13' Floating Jump Shot,PF,Athletic Finisher,-0.76,
Shot Chart Detail,21900427,156,203924,Jerami Grant,1610612743,Denver Nuggets,1,0,10,Missed Shot,Layup Shot,2PT Field Goal,Restricted Area,Center(C),Less Than 8 ft.,1,14,6,1,0,20191220,DEN,MIN,21900427156,7100,0,203486|203924|1627750|1628420|1629008,0,REG,2020,1629633,13.0,SG,Chaser,-0.19,MISS Grant 2' Layup,PF,Athletic Finisher,-0.76,
Shot Chart Detail,21900427,178,203924,Jerami Grant,1610612743,Denver Nuggets,2,11,27,Made Shot,Pullup Jump shot,2PT Field Goal,Mid-Range,Center(C),16-24 ft.,18,-45,180,1,1,20191220,DEN,MIN,21900427178,7530,0,203486|203914|203924|1628420|1629008,1,REG,2020,203496,15.0,PF-C,Wing Stopper,2.05,Grant 19' Pullup Jump Shot (2 PTS) (Morris 1 AST),PF,Athletic Finisher,-0.76,1628420.0
Shot Chart Detail,21900427,499,203924,Jerami Grant,1610612743,Denver Nuggets,3,3,20,Missed Shot,Jump Shot,3PT Field Goal,Right Corner 3,Right Side(R),24+ ft.,23,235,35,1,0,20191220,DEN,MIN,21900427499,19600,0,203924|203999|1627736|1627750|1629008,0,REG,2020,,,,,,,PF,Athletic Finisher,-0.76,
Shot Chart Detail,21900427,551,203924,Jerami Grant,1610612743,Denver Nuggets,4,11,8,Made Shot,Jump Shot,3PT Field Goal,Right Corner 3,Right Side(R),24+ ft.,22,224,40,1,1,20191220,DEN,MIN,21900427551,22120,0,203115|203486|203924|1627736|1628420,1,REG,2020,,,,,,,PF,Athletic Finisher,-0.76,1628420.0
Shot Chart Detail,21900427,556,203924,Jerami Grant,1610612743,Denver Nuggets,4,10,26,Missed Shot,Jump Shot,3PT Field Goal,Right Corner 3,Right Side(R),24+ ft.,23,223,77,1,0,20191220,DEN,MIN,21900427556,22540,0,203115|203486|203924|1627736|1628420,0,REG,2020,,,,,,,PF,Athletic Finisher,-0.76,
Shot Chart Detail,21900443,83,203924,Jerami Grant,1610612743,Denver Nuggets,1,5,37,Missed Shot,Jump Shot,3PT Field Goal,Right Corner 3,Right Side(R),24+ ft.,23,227,50,1,0,20191222,LAL,DEN,2190044383,3830,0,203115|203914|203924|203999|1627750,0,REG,2020,201980,-0.0,SG,Wing Stopper,0.65,MISS Grant 3PT Jump Shot,PF,Athletic Finisher,-0.76,
Shot Chart Detail,21900443,117,203924,Jerami Grant,1610612743,Denver Nuggets,1,2,40,Missed Shot,Driving Floating Jump Shot,2PT Field Goal,In The Paint (Non-RA),Center(C),Less Than 8 ft.,7,-33,62,1,0,20191222,LAL,DEN,21900443117,5600,0,203115|203924|203999|1627750|1629008,0,REG,2020,202340,-3.0,SG,Point of Attack,-0.43,MISS Grant 7' Driving Floating Jump Shot,PF,Athletic Finisher,-0.76,
Shot Chart Detail,21900443,141,203924,Jerami Grant,1610612743,Denver Nuggets,1,1,55,Missed Shot,Layup Shot,2PT Field Goal,In The Paint (Non-RA),Center(C),Less Than 8 ft.,6,-35,60,1,0,20191222,LAL,DEN,21900443141,6050,0,203486|203914|203924|1628420|1629008,0,REG,2020,1627936,-3.0,PG,Point of Attack,0.95,Caruso BLOCK (1 BLK),PF,Athletic Finisher,-0.76,
Shot Chart Detail,21900443,191,203924,Jerami Grant,1610612743,Denver Nuggets,2,11,8,Made Shot,Jump Shot,3PT Field Goal,Left Corner 3,Left Side(L),24+ ft.,23,-231,63,1,1,20191222,LAL,DEN,21900443191,7720,0,203486|203914|203924|1627736|1628420,1,REG,2020,1628398,-2.0,PF,Wing Stopper,-0.76,Grant 24' 3PT Jump Shot (3 PTS) (Beasley 1 AST),PF,Athletic Finisher,-0.76,1627736.0
Shot Chart Detail,21900443,246,203924,Jerami Grant,1610612743,Denver Nuggets,2,6,19,Made Shot,Jump Shot,3PT Field Goal,Right Corner 3,Right Side(R),24+ ft.,23,231,38,1,1,20191222,LAL,DEN,21900443246,10610,0,203115|203486|203924|1627736|1627750,1,REG,2020,203484,3.0,SG,Wing Stopper,-0.61,Grant 3PT Jump Shot (8 PTS) (Plumlee 3 AST),PF,Athletic Finisher,-0.76,203486.0
Shot Chart Detail,21900443,504,203924,Jerami Grant,1610612743,Denver Nuggets,3,0,50,Missed Shot,Pullup Jump shot,2PT Field Goal,Mid-Range,Center(C),16-24 ft.,20,36,205,1,0,20191222,LAL,DEN,21900443504,21100,0,203486|203914|203924|1627736|1628420,0,REG,2020,1628398,11.0,PF,Wing Stopper,-0.76,MISS Grant 21' Pullup Jump Shot,PF,Athletic Finisher,-0.76,
Shot Chart Detail,21900451,135,203924,Jerami Grant,1610612743,Denver Nuggets,1,1,20,Missed Shot,Hook Shot,2PT Field Goal,Restricted Area,Center(C),Less Than 8 ft.,2,3,29,1,0,20191223,PHX,DEN,21900451135,6400,0,203486|203924|1627736|1628420|1629008,0,REG,2020,1628969,12.0,SF,Wing Stopper,0.38,MISS Grant 3' Hook Shot,PF,Athletic Finisher,-0.76,
Shot Chart Detail,21900451,158,203924,Jerami Grant,1610612743,Denver Nuggets,2,11,12,Missed Shot,Driving Floating Bank Jump Shot,2PT Field Goal,Restricted Area,Center(C),Less Than 8 ft.,2,-26,13,1,0,20191223,PHX,DEN,21900451158,7680,0,203486|203924|1627736|1628420|1629008,0,REG,2020,1626163,15.0,C,Helper,-0.08,MISS Grant 3' Driving Floating Bank Jump Shot,PF,Athletic Finisher,-0.76,
Shot Chart Detail,21900451,297,203924,Jerami Grant,1610612743,Denver Nuggets,2,0,23,Made Shot,Jump Shot,3PT Field Goal,Above the Break 3,Left Side Center(LC),24+ ft.,25,-157,206,1,1,20191223,PHX,DEN,21900451297,14170,0,203115|203924|203999|1627736|1628420,1,REG,2020,1626162,7.0,SF,Wing Stopper,1.1,Grant 26' 3PT Jump Shot (3 PTS) (Barton 2 AST),PF,Athletic Finisher,-0.76,203115.0
Shot Chart Detail,21900451,448,203924,Jerami Grant,1610612743,Denver Nuggets,3,2,9,Made Shot,Cutting Dunk Shot,2PT Field Goal,Restricted Area,Center(C),Less Than 8 ft.,0,-6,6,1,1,20191223,PHX,DEN,21900451448,20310,0,203115|203486|203924|1627736|1627750,1,REG,2020,1628969,6.0,SF,Wing Stopper,0.38,Grant 1' Cutting Dunk Shot (5 PTS) (Murray 7 AST),PF,Athletic Finisher,-0.76,1627750.0
Shot Chart Detail,21900451,483,203924,Jerami Grant,1610612743,Denver Nuggets,4,11,24,Missed Shot,Jump Shot,3PT Field Goal,Above the Break 3,Left Side Center(LC),24+ ft.,25,-186,174,1,0,20191223,PHX,DEN,21900451483,21960,0,203115|203486|203924|1627736|1628420,0,REG,2020,1628969,-1.0,SF,Wing Stopper,0.38,MISS Grant 25' 3PT Jump Shot,PF,Athletic Finisher,-0.76,
Shot Chart Detail,21900451,506,203924,Jerami Grant,1610612743,Denver Nuggets,4,9,49,Made Shot,Driving Dunk Shot,2PT Field Goal,Restricted Area,Center(C),Less Than 8 ft.,0,-2,5,1,1,20191223,PHX,DEN,21900451506,22910,0,203115|203486|203924|1627736|1628420,1,REG,2020,1629661,,PF,Low Activity,-0.4,Grant 1' Driving Dunk (8 PTS) (Beasley 1 AST),PF,Athletic Finisher,-0.76,1627736.0
Shot Chart Detail,21900459,84,203924,Jerami Grant,1610612743,Denver Nuggets,1,5,30,Missed Shot,Jump Shot,2PT Field Goal,Mid-Range,Right Side(R),16-24 ft.,18,184,13,1,0,20191225,DEN,NOP,2190045984,3900,0,203115|203914|203924|203999|1627750,0,REG,2020,1627742,-4.0,PF,Helper,-1.32,MISS Grant 18' Jump Shot,PF,Athletic Finisher,-0.76,
Shot Chart Detail,21900459,94,203924,Jerami Grant,1610612743,Denver Nuggets,1,4,52,Made Shot,Turnaround Fadeaway Bank Jump Shot,2PT Field Goal,Restricted Area,Center(C),Less Than 8 ft.,3,-33,20,1,1,20191225,DEN,NOP,2190045994,4280,0,203914|203924|203999|1627750|1629008,1,REG,2020,1627742,-4.0,PF,Helper,-1.32,Grant 4' Turnaround Fadeaway Bank Jump Shot (2 PTS) (Porter Jr. 1 AST),PF,Athletic Finisher,-0.76,1629008.0
Shot Chart Detail,21900459,98,203924,Jerami Grant,1610612743,Denver Nuggets,1,4,31,Made Shot,Jump Shot,3PT Field Goal,Left Corner 3,Left Side(L),24+ ft.,22,-226,33,1,1,20191225,DEN,NOP,2190045998,4490,0,203914|203924|203999|1627750|1629008,1,REG,2020,1627742,-1.0,PF,Helper,-1.32,Grant 3PT Jump Shot (5 PTS) (Jokic 2 AST),PF,Athletic Finisher,-0.76,203999.0
Shot Chart Detail,21900459,154,203924,Jerami Grant,1610612743,Denver Nuggets,1,0,51,Made Shot,Driving Finger Roll Layup Shot,2PT Field Goal,Restricted Area,Center(C),Less Than 8 ft.,3,20,28,1,1,20191225,DEN,NOP,21900459154,6690,0,203115|203486|203924|1628420|1629008,1,REG,2020,201950,0.0,SG,Point of Attack,0.31,Grant 3' Driving Finger Roll Layup (7 PTS) (Barton 1 AST),PF,Athletic Finisher,-0.76,203115.0
Shot Chart Detail,21900459,158,203924,Jerami Grant,1610612743,Denver Nuggets,1,0,35,Missed Shot,Jump Shot,3PT Field Goal,Above the Break 3,Left Side Center(LC),24+ ft.,26,-144,222,1,0,20191225,DEN,NOP,21900459158,6850,0,203115|203486|203924|1628420|1629008,0,REG,2020,201950,-3.0,SG,Point of Attack,0.31,MISS Grant 26' 3PT Jump Shot,PF,Athletic Finisher,-0.76,
Shot Chart Detail,21900459,167,203924,Jerami Grant,1610612743,Denver Nuggets,2,11,45,Made Shot,Driving Floating Jump Shot,2PT Field Goal,In The Paint (Non-RA),Center(C),Less Than 8 ft.,7,30,68,1,1,20191225,DEN,NOP,21900459167,7350,0,203115|203486|203924|1627736|1628420,1,REG,2020,1629026,-1.0,PF,Wing Stopper,1.12,Grant 7' Driving Floating Jump Shot (9 PTS) (Beasley 1 AST),PF,Athletic Finisher,-0.76,1627736.0
Shot Chart Detail,21900459,174,203924,Jerami Grant,1610612743,Denver Nuggets,2,10,41,Missed Shot,Turnaround Hook Shot,2PT Field Goal,In The Paint (Non-RA),Center(C),Less Than 8 ft.,4,14,43,1,0,20191225,DEN,NOP,21900459174,7990,0,203115|203486|203924|1627736|1628420,0,REG,2020,202734,-3.0,SG,Chaser,-1.25,MISS Grant 5' Turnaround Hook Shot,PF,Athletic Finisher,-0.76,
Shot Chart Detail,21900459,217,203924,Jerami Grant,1610612743,Denver Nuggets,2,6,55,Made Shot,Driving Floating Jump Shot,2PT Field Goal,In The Paint (Non-RA),Center(C),Less Than 8 ft.,5,-11,55,1,1,20191225,DEN,NOP,21900459217,10250,0,203486|203914|203924|1627736|1627750,1,REG,2020,1627742,-3.0,PF,Helper,-1.32,Grant 6' Driving Floating Jump Shot (12 PTS) (Murray 1 AST),PF,Athletic Finisher,-0.76,1627750.0
Shot Chart Detail,21900459,448,203924,Jerami Grant,1610612743,Denver Nuggets,3,2,41,Missed Shot,Turnaround Fadeaway shot,2PT Field Goal,In The Paint (Non-RA),Center(C),Less Than 8 ft.,6,-20,61,1,0,20191225,DEN,NOP,21900459448,19990,0,203115|203486|203924|1627736|1628420,0,REG,2020,1627742,-4.0,PF,Helper,-1.32,MISS Grant 6' Turnaround Fadeaway Shot,PF,Athletic Finisher,-0.76,
Shot Chart Detail,21900459,512,203924,Jerami Grant,1610612743,Denver Nuggets,4,9,25,Made Shot,Jump Shot,3PT Field Goal,Above the Break 3,Right Side Center(RC),24+ ft.,24,84,235,1,1,20191225,DEN,NOP,21900459512,23150,0,203486|203914|203924|1627736|1628420,1,REG,2020,,,,,,,PF,Athletic Finisher,-0.76,1628420.0
Shot Chart Detail,21900472,117,203924,Jerami Grant,1610612743,Denver Nuggets,1,2,55,Missed Shot,Floating Jump shot,2PT Field Goal,In The Paint (Non-RA),Right Side(R),8-16 ft.,9,50,77,1,0,20191228,DEN,MEM,21900472117,5450,0,203486|203914|203924|1628420|1629008,0,REG,2020,,,,,,,PF,Athletic Finisher,-0.76,
Shot Chart Detail,21900472,149,203924,Jerami Grant,1610612743,Denver Nuggets,1,0,35,Missed Shot,Jump Bank Shot,2PT Field Goal,In The Paint (Non-RA),Center(C),Less Than 8 ft.,4,-24,41,1,0,20191228,DEN,MEM,21900472149,6850,0,203914|203924|1627823|1628420|1629008,0,REG,2020,1629630,15.0,PG,Point of Attack,-0.87,MISS Grant 5' Jump Bank Shot,PF,Athletic Finisher,-0.76,
Shot Chart Detail,21900472,236,203924,Jerami Grant,1610612743,Denver Nuggets,2,6,23,Made Shot,Jump Shot,3PT Field Goal,Right Corner 3,Right Side(R),24+ ft.,23,231,53,1,1,20191228,DEN,MEM,21900472236,10570,0,203115|203924|1627823|1628420|1629008,1,REG,2020,1629630,22.0,PG,Point of Attack,-0.87,Grant 24' 3PT Jump Shot (3 PTS) (Barton 3 AST),PF,Athletic Finisher,-0.76,203115.0
Shot Chart Detail,21900472,317,203924,Jerami Grant,1610612743,Denver Nuggets,2,1,48,Missed Shot,Turnaround Jump Shot,2PT Field Goal,Restricted Area,Center(C),Less Than 8 ft.,3,-30,5,1,0,20191228,DEN,MEM,21900472317,13320,0,203115|203914|203924|1627750|1627823,0,REG,2020,1628960,15.0,SG,Chaser,-1.02,MISS Grant 3' Turnaround Jump Shot,PF,Athletic Finisher,-0.76,
Shot Chart Detail,21900472,497,203924,Jerami Grant,1610612743,Denver Nuggets,3,0,38,Missed Shot,Jump Shot,3PT Field Goal,Above the Break 3,Right Side Center(RC),24+ ft.,24,82,233,1,0,20191228,DEN,MEM,21900472497,21220,0,203115|203924|203999|1628420|1629008,0,REG,2020,1629001,15.0,PG,Point of Attack,1.27,MISS Grant 25' 3PT Jump Shot,PF,Athletic Finisher,-0.76,
Shot Chart Detail,21900472,589,203924,Jerami Grant,1610612743,Denver Nuggets,4,6,56,Made Shot,Cutting Dunk Shot,2PT Field Goal,Restricted Area,Center(C),Less Than 8 ft.,1,2,16,1,1,20191228,DEN,MEM,21900472589,24640,0,203115|203914|203924|203999|1627750,1,REG,2020,1628991,12.0,C,Anchor Big,0.74,Grant 2' Cutting Dunk Shot (6 PTS) (Jokic 7 AST),PF,Athletic Finisher,-0.76,203999.0
Shot Chart Detail,21900472,602,203924,Jerami Grant,1610612743,Denver Nuggets,4,5,56,Missed Shot,Driving Reverse Layup Shot,2PT Field Goal,In The Paint (Non-RA),Center(C),Less Than 8 ft.,5,49,12,1,0,20191228,DEN,MEM,21900472602,25240,0,203115|203914|203924|203999|1627750,0,REG,2020,1628991,11.0,C,Anchor Big,0.74,MISS Grant 5' Driving Reverse Layup,PF,Athletic Finisher,-0.76,
Shot Chart Detail,21900472,618,203924,Jerami Grant,1610612743,Denver Nuggets,4,4,25,Made Shot,Layup Shot,2PT Field Goal,Restricted Area,Center(C),Less Than 8 ft.,2,-25,0,1,1,20191228,DEN,MEM,21900472618,26150,0,203115|203914|203924|203999|1627750,1,REG,2020,1629630,11.0,PG,Point of Attack,-0.87,Grant 3' Layup (8 PTS) (Jokic 8 AST),PF,Athletic Finisher,-0.76,203999.0
Shot Chart Detail,21900472,646,203924,Jerami Grant,1610612743,Denver Nuggets,4,2,24,Missed Shot,Jump Shot,3PT Field Goal,Above the Break 3,Left Side Center(LC),24+ ft.,25,-143,214,1,0,20191228,DEN,MEM,21900472646,27360,0,203115|203914|203924|203999|1627750,0,REG,2020,1629634,14.0,PF,Helper,-0.03,MISS Grant 26' 3PT Jump Shot,PF,Athletic Finisher,-0.76,
Shot Chart Detail,21900472,653,203924,Jerami Grant,1610612743,Denver Nuggets,4,1,42,Made Shot,Dunk Shot,2PT Field Goal,Restricted Area,Center(C),Less Than 8 ft.,1,3,16,1,1,20191228,DEN,MEM,21900472653,27780,0,203115|203914|203924|203999|1627750,1,REG,2020,1629630,,PG,Point of Attack,-0.87,Grant 2' Dunk (12 PTS) (Jokic 10 AST),PF,Athletic Finisher,-0.76,203999.0
Shot Chart Detail,21900489,19,203924,Jerami Grant,1610612743,Denver Nuggets,1,10,10,Missed Shot,Jump Shot,3PT Field Goal,Right Corner 3,Right Side(R),24+ ft.,22,221,47,1,0,20191229,DEN,SAC,2190048919,1100,0,203115|203924|203999|1627750|1629008,0,REG,2020,202357,0.0,PF,Helper,0.73,MISS Grant 3PT Jump Shot,PF,Athletic Finisher,-0.76,
Shot Chart Detail,21900489,77,203924,Jerami Grant,1610612743,Denver Nuggets,1,4,32,Made Shot,Turnaround Jump Shot,2PT Field Goal,Mid-Range,Right Side(R),8-16 ft.,15,147,38,1,1,20191229,DEN,SAC,2190048977,4480,0,203115|203924|203999|1628420|1629008,1,REG,2020,202357,5.0,PF,Helper,0.73,Grant 15' Turnaround Jump Shot (4 PTS) (Barton 1 AST),PF,Athletic Finisher,-0.76,203115.0
Shot Chart Detail,21900489,94,203924,Jerami Grant,1610612743,Denver Nuggets,1,3,2,Missed Shot,Pullup Jump shot,2PT Field Goal,Mid-Range,Left Side Center(LC),16-24 ft.,19,-60,181,1,0,20191229,DEN,SAC,2190048994,5380,0,203115|203486|203924|1627823|1628420,0,REG,2020,1626158,1.0,C,Mobile Big,2.35,MISS Grant 19' Pullup Jump Shot,PF,Athletic Finisher,-0.76,
Shot Chart Detail,21900489,226,203924,Jerami Grant,1610612743,Denver Nuggets,2,5,27,Made Shot,Driving Floating Bank Jump Shot,2PT Field Goal,In The Paint (Non-RA),Center(C),Less Than 8 ft.,5,-34,47,1,1,20191229,DEN,SAC,21900489226,11130,0,203115|203924|203999|1627736|1627750,1,REG,2020,1627741,1.0,SG,Chaser,-1.13,Grant 6' Driving Floating Bank Jump Shot (6 PTS) (Jokic 3 AST),PF,Athletic Finisher,-0.76,203999.0
Shot Chart Detail,21900489,275,203924,Jerami Grant,1610612743,Denver Nuggets,2,2,31,Made Shot,Jump Shot,3PT Field Goal,Above the Break 3,Center(C),24+ ft.,26,48,257,1,1,20191229,DEN,SAC,21900489275,12890,0,203115|203486|203924|1627750|1629008,1,REG,2020,203084,6.0,PF,Wing Stopper,-0.21,Grant 26' 3PT Jump Shot (9 PTS) (Barton 3 AST),PF,Athletic Finisher,-0.76,203115.0
Shot Chart Detail,21900489,298,203924,Jerami Grant,1610612743,Denver Nuggets,2,1,3,Missed Shot,Jump Shot,3PT Field Goal,Above the Break 3,Right Side Center(RC),24+ ft.,25,211,143,1,0,20191229,DEN,SAC,21900489298,13770,0,203115|203486|203924|1627750|1629008,0,REG,2020,203992,7.0,SG,Chaser,0.02,MISS Grant 25' 3PT Jump Shot,PF,Athletic Finisher,-0.76,
Shot Chart Detail,21900489,320,203924,Jerami Grant,1610612743,Denver Nuggets,3,11,43,Made Shot,Dunk Shot,2PT Field Goal,Restricted Area,Center(C),Less Than 8 ft.,0,0,8,1,1,20191229,DEN,SAC,21900489320,14570,0,203115|203924|203999|1627750|1629008,1,REG,2020,203084,,PF,Wing Stopper,-0.21,Grant 1' Dunk (11 PTS) (Murray 3 AST),PF,Athletic Finisher,-0.76,1627750.0
Shot Chart Detail,21900489,330,203924,Jerami Grant,1610612743,Denver Nuggets,3,10,36,Missed Shot,Turnaround Fadeaway shot,2PT Field Goal,Mid-Range,Right Side(R),8-16 ft.,11,98,64,1,0,20191229,DEN,SAC,21900489330,15240,0,203115|203924|203999|1627750|1629008,0,REG,2020,202357,7.0,PF,Helper,0.73,MISS Grant 12' Turnaround Fadeaway Shot,PF,Athletic Finisher,-0.76,
Shot Chart Detail,21900489,403,203924,Jerami Grant,1610612743,Denver Nuggets,3,4,0,Made Shot,Jump Shot,3PT Field Goal,Above the Break 3,Left Side Center(LC),24+ ft.,24,-199,148,1,1,20191229,DEN,SAC,21900489403,19200,0,203115|203924|203999|1627750|1627823,1,REG,2020,202357,9.0,PF,Helper,0.73,Grant 25' 3PT Jump Shot (14 PTS) (Murray 5 AST),PF,Athletic Finisher,-0.76,1627750.0
Shot Chart Detail,21900501,72,203924,Jerami Grant,1610612743,Denver Nuggets,1,4,47,Made Shot,Cutting Layup Shot,2PT Field Goal,Restricted Area,Center(C),Less Than 8 ft.,1,-10,13,1,1,20191231,HOU,DEN,2190050172,4330,0,203115|203924|203999|1627750|1628470,1,REG,2020,1627863|203991,-3.0,,,,,PF,Athletic Finisher,-0.76,203115.0
Shot Chart Detail,21900501,463,203924,Jerami Grant,1610612743,Denver Nuggets,3,2,12,Made Shot,Driving Layup Shot,2PT Field Goal,Restricted Area,Center(C),Less Than 8 ft.,0,6,5,1,1,20191231,HOU,DEN,21900501463,20280,0,203115|203486|203924|1627736|1628420,1,REG,2020,1627863,-8.0,SF,Helper,0.12,Grant 1' Driving Layup (4 PTS) (Barton 5 AST),PF,Athletic Finisher,-0.76,203115.0
Shot Chart Detail,21900501,511,203924,Jerami Grant,1610612743,Denver Nuggets,4,10,50,Missed Shot,Driving Floating Jump Shot,2PT Field Goal,In The Paint (Non-RA),Center(C),Less Than 8 ft.,7,2,73,1,0,20191231,HOU,DEN,21900501511,22300,0,203115|203486|203924|1627736|1628420,0,REG,2020,201569,-8.0,SF,Chaser,-2.11,MISS Grant 7' Driving Floating Jump Shot,PF,Athletic Finisher,-0.76,
Shot Chart Detail,21900501,531,203924,Jerami Grant,1610612743,Denver Nuggets,4,9,48,Missed Shot,Layup Shot,2PT Field Goal,Restricted Area,Center(C),Less Than 8 ft.,1,10,11,1,0,20191231,HOU,DEN,21900501531,22920,0,203486|203924|1627736|1627750|1628470,0,REG,2020,201569,-12.0,SF,Chaser,-2.11,Gordon BLOCK (1 BLK),PF,Athletic Finisher,-0.76,
Shot Chart Detail,21900509,101,203924,Jerami Grant,1610612743,Denver Nuggets,1,3,31,Missed Shot,Jump Shot,3PT Field Goal,Above the Break 3,Center(C),24+ ft.,26,22,269,1,0,20200102,IND,DEN,21900509101,5090,0,203486|203914|203924|1627750|1629008,0,REG,2020,203933,-10.0,SF,Wing Stopper,0.03,MISS Grant 27' 3PT Jump Shot,PF,Athletic Finisher,-0.76,
Shot Chart Detail,21900509,117,203924,Jerami Grant,1610612743,Denver Nuggets,1,2,25,Made Shot,Dunk Shot,2PT Field Goal,Restricted Area,Center(C),Less Than 8 ft.,1,-5,14,1,1,20200102,IND,DEN,21900509117,5750,0,203115|203486|203924|1627750|1629008,1,REG,2020,203200,,SF,Helper,1.04,Grant 1' Dunk (2 PTS) (Plumlee 2 AST),PF,Athletic Finisher,-0.76,203486.0
Shot Chart Detail,21900509,121,203924,Jerami Grant,1610612743,Denver Nuggets,1,1,56,Made Shot,Layup Shot,2PT Field Goal,Restricted Area,Center(C),Less Than 8 ft.,1,-5,19,1,1,20200102,IND,DEN,21900509121,6040,0,203115|203486|203924|1627750|1629008,1,REG,2020,203200,-6.0,SF,Helper,1.04,Grant 2' Layup (4 PTS) (Murray 1 AST),PF,Athletic Finisher,-0.76,1627750.0
Shot Chart Detail,21900509,161,203924,Jerami Grant,1610612743,Denver Nuggets,2,10,27,Missed Shot,Driving Layup Shot,2PT Field Goal,Restricted Area,Center(C),Less Than 8 ft.,1,-2,17,1,0,20200102,IND,DEN,21900509161,8130,0,203115|203486|203924|1628420|1629008,0,REG,2020,1627734,-8.0,PF,Anchor Big,1.37,MISS Grant 2' Driving Layup,PF,Athletic Finisher,-0.76,
Shot Chart Detail,21900509,196,203924,Jerami Grant,1610612743,Denver Nuggets,2,7,59,Made Shot,Driving Dunk Shot,2PT Field Goal,Restricted Area,Center(C),Less Than 8 ft.,0,-4,6,1,1,20200102,IND,DEN,21900509196,9610,0,203486|203914|203924|1627750|1628420,1,REG,2020,1627734,,PF,Anchor Big,1.37,Grant 1' Driving Dunk (6 PTS) (Murray 2 AST),PF,Athletic Finisher,-0.76,1627750.0
Shot Chart Detail,21900509,488,203924,Jerami Grant,1610612743,Denver Nuggets,4,10,45,Missed Shot,Jump Shot,3PT Field Goal,Above the Break 3,Left Side Center(LC),24+ ft.,26,-159,217,1,0,20200102,IND,DEN,21900509488,22350,0,203115|203486|203924|1628420|1629008,0,REG,2020,1627734,5.0,PF,Anchor Big,1.37,MISS Grant 27' 3PT Jump Shot,PF,Athletic Finisher,-0.76,
Shot Chart Detail,21900528,91,203924,Jerami Grant,1610612743,Denver Nuggets,1,5,23,Missed Shot,Layup Shot,2PT Field Goal,Restricted Area,Center(C),Less Than 8 ft.,3,-29,8,1,0,20200104,WAS,DEN,2190052891,3970,0,203914|203924|203999|1627750|1629008,0,REG,2020,1629140,4.0,PF,Mobile Big,0.09,Williams BLOCK (2 BLK),PF,Athletic Finisher,-0.76,
Shot Chart Detail,21900528,125,203924,Jerami Grant,1610612743,Denver Nuggets,1,3,27,Made Shot,Alley Oop Dunk Shot,2PT Field Goal,Restricted Area,Center(C),Less Than 8 ft.,0,3,6,1,1,20200104,WAS,DEN,21900528125,5130,0,203486|203914|203924|1628420|1629008,1,REG,2020,1628972,,SF,Chaser,-0.19,Grant 1' Alley Oop Dunk (2 PTS) (Morris 1 AST),PF,Athletic Finisher,-0.76,1628420.0
Shot Chart Detail,21900528,151,203924,Jerami Grant,1610612743,Denver Nuggets,1,2,4,Missed Shot,Jump Shot,3PT Field Goal,Above the Break 3,Center(C),24+ ft.,26,11,262,1,0,20200104,WAS,DEN,21900528151,5960,0,203115|203486|203924|1628420|1629008,0,REG,2020,1629140,-7.0,PF,Mobile Big,0.09,MISS Grant 26' 3PT Jump Shot,PF,Athletic Finisher,-0.76,
Shot Chart Detail,21900528,155,203924,Jerami Grant,1610612743,Denver Nuggets,1,1,42,Missed Shot,Jump Shot,3PT Field Goal,Above the Break 3,Right Side Center(RC),24+ ft.,26,145,224,1,0,20200104,WAS,DEN,21900528155,6180,0,203115|203486|203924|1628420|1629008,0,REG,2020,1629140,-9.0,PF,Mobile Big,0.09,MISS Grant 27' 3PT Jump Shot,PF,Athletic Finisher,-0.76,
Shot Chart Detail,21900528,497,203924,Jerami Grant,1610612743,Denver Nuggets,3,0,31,Made Shot,Driving Layup Shot,2PT Field Goal,In The Paint (Non-RA),Center(C),Less Than 8 ft.,5,-2,53,1,1,20200104,WAS,DEN,21900528497,21290,0,203115|203486|203924|1627736|1628420,0,REG,2020,1628394,-5.0,C,Anchor Big,0.38,Grant 5' Driving Layup (4 PTS),PF,Athletic Finisher,-0.76,
Shot Chart Detail,21900528,522,203924,Jerami Grant,1610612743,Denver Nuggets,4,10,42,Made Shot,Pullup Jump shot,2PT Field Goal,Restricted Area,Center(C),Less Than 8 ft.,2,-11,18,1,1,20200104,WAS,DEN,21900528522,22380,0,203486|203924|1627736|1628420|1628470,0,REG,2020,1629726|1629067,-2.0,,,,,PF,Athletic Finisher,-0.76,
Shot Chart Detail,21900543,191,203924,Jerami Grant,1610612743,Denver Nuggets,2,10,23,Missed Shot,Jump Shot,3PT Field Goal,Above the Break 3,Center(C),24+ ft.,26,11,264,1,0,20200106,ATL,DEN,21900543191,8170,0,203486|203924|1627750|1628420|1629008,0,REG,2020,203459,1.0,SG-SF,Chaser,-0.9,MISS Grant 26' 3PT Jump Shot,PF,Athletic Finisher,-0.76,
Shot Chart Detail,21900543,207,203924,Jerami Grant,1610612743,Denver Nuggets,2,9,37,Made Shot,Layup Shot,2PT Field Goal,Restricted Area,Center(C),Less Than 8 ft.,1,0,10,1,1,20200106,ATL,DEN,21900543207,8630,0,203486|203924|1627750|1628420|1629008,1,REG,2020,1629164,1.0,PG,Point of Attack,-0.8,Grant 1' Layup (3 PTS) (Porter Jr. 1 AST),PF,Athletic Finisher,-0.76,1629008.0
Shot Chart Detail,21900543,442,203924,Jerami Grant,1610612743,Denver Nuggets,3,4,55,Made Shot,Driving Layup Shot,2PT Field Goal,Restricted Area,Center(C),Less Than 8 ft.,2,-16,21,1,1,20200106,ATL,DEN,21900543442,18650,0,203914|203924|203999|1627750|1629008,0,REG,2020,1713,7.0,PF,Helper,-0.92,Grant 3' Driving Layup (6 PTS),PF,Athletic Finisher,-0.76,
Shot Chart Detail,21900543,518,203924,Jerami Grant,1610612743,Denver Nuggets,3,0,24,Missed Shot,Turnaround Fadeaway shot,2PT Field Goal,Mid-Range,Center(C),8-16 ft.,13,10,139,1,0,20200106,ATL,DEN,21900543518,21360,0,203115|203486|203914|203924|1628420,0,REG,2020,1629631,7.0,SF,Wing Stopper,-0.98,MISS Grant 14' Turnaround Fadeaway Shot,PF,Athletic Finisher,-0.76,
Shot Chart Detail,21900543,567,203924,Jerami Grant,1610612743,Denver Nuggets,4,8,32,Missed Shot,Jump Shot,3PT Field Goal,Above the Break 3,Center(C),24+ ft.,26,-70,251,1,0,20200106,ATL,DEN,21900543567,23680,0,203115|203486|203914|203924|1628420,0,REG,2020,1629631,4.0,SF,Wing Stopper,-0.98,MISS Grant 26' 3PT Jump Shot,PF,Athletic Finisher,-0.76,
Shot Chart Detail,21900559,11,203924,Jerami Grant,1610612743,Denver Nuggets,1,11,19,Made Shot,Reverse Layup Shot,2PT Field Goal,Restricted Area,Center(C),Less Than 8 ft.,2,11,20,1,1,20200108,DAL,DEN,2190055911,410,0,203914|203924|203999|1627750|1628470,0,REG,2020,1626153,-1.0,PG,Point of Attack,0.58,Grant 2' Reverse Layup (2 PTS),PF,Athletic Finisher,-0.76,
Shot Chart Detail,21900559,33,203924,Jerami Grant,1610612743,Denver Nuggets,1,8,38,Made Shot,Cutting Layup Shot,2PT Field Goal,Restricted Area,Center(C),Less Than 8 ft.,1,0,13,1,1,20200108,DAL,DEN,2190055933,2020,0,203914|203924|203999|1627750|1628470,1,REG,2020,203501,-2.0,SG,Chaser,-1.52,Grant 1' Cutting Layup Shot (4 PTS) (Jokic 3 AST),PF,Athletic Finisher,-0.76,203999.0
Shot Chart Detail,21900559,107,203924,Jerami Grant,1610612743,Denver Nuggets,1,5,1,Missed Shot,Running Layup Shot,2PT Field Goal,Restricted Area,Center(C),Less Than 8 ft.,3,27,22,1,0,20200108,DAL,DEN,21900559107,4190,0,203914|203924|203999|1627750|1628470,0,REG,2020,203939,-4.0,C,Anchor Big,0.77,Powell BLOCK (1 BLK),PF,Athletic Finisher,-0.76,
Shot Chart Detail,21900559,139,203924,Jerami Grant,1610612743,Denver Nuggets,1,0,1,Made Shot,Jump Shot,3PT Field Goal,Above the Break 3,Left Side Center(LC),24+ ft.,24,-210,126,1,1,20200108,DAL,DEN,21900559139,7190,0,203486|203924|1627736|1628420|1629008,1,REG,2020,1629029,-5.0,PG,Low Activity,-0.34,Grant 24' 3PT Jump Shot (11 PTS) (Morris 1 AST),PF,Athletic Finisher,-0.76,1628420.0
Shot Chart Detail,21900559,404,203924,Jerami Grant,1610612743,Denver Nuggets,3,5,39,Missed Shot,Tip Layup Shot,2PT Field Goal,Restricted Area,Center(C),Less Than 8 ft.,0,0,-6,1,0,20200108,DAL,DEN,21900559404,18210,0,203914|203924|203999|1627736|1627750,0,REG,2020,1629029,-2.0,PG,Low Activity,-0.34,MISS Grant 1' Tip Layup Shot,PF,Athletic Finisher,-0.76,
Shot Chart Detail,21900559,407,203924,Jerami Grant,1610612743,Denver Nuggets,3,5,22,Missed Shot,Jump Shot,3PT Field Goal,Above the Break 3,Right Side Center(RC),24+ ft.,25,232,109,1,0,20200108,DAL,DEN,21900559407,18380,0,203914|203924|203999|1627736|1627750,0,REG,2020,1629029,-4.0,PG,Low Activity,-0.34,MISS Grant 26' 3PT Jump Shot,PF,Athletic Finisher,-0.76,
Shot Chart Detail,21900559,645,203924,Jerami Grant,1610612743,Denver Nuggets,1,11,23,Missed Shot,Driving Layup Shot,2PT Field Goal,In The Paint (Non-RA),Center(C),Less Than 8 ft.,6,-46,39,1,0,20200108,DAL,DEN,21900559645,370,0,203914|203924|203999|1627750|1628470,0,REG,2020,1626153,-3.0,PG,Point of Attack,0.58,Wright BLOCK (1 BLK),PF,Athletic Finisher,-0.76,
Shot Chart Detail,21900582,45,203924,Jerami Grant,1610612743,Denver Nuggets,1,8,21,Made Shot,Turnaround Fadeaway shot,2PT Field Goal,Mid-Range,Right Side(R),8-16 ft.,13,127,52,1,1,20200111,DEN,CLE,2190058245,2190,0,203115|203914|203924|203999|1627750,0,REG,2020,201567,,PF,Anchor Big,-0.62,Grant 14' Turnaround Fadeaway (2 PTS),PF,Athletic Finisher,-0.76,
Shot Chart Detail,21900582,47,203924,Jerami Grant,1610612743,Denver Nuggets,1,7,47,Missed Shot,Jump Shot,3PT Field Goal,Above the Break 3,Right Side Center(RC),24+ ft.,24,87,234,1,0,20200111,DEN,CLE,2190058247,2530,0,203115|203914|203924|203999|1627750,0,REG,2020,1626224,-3.0,SF,Helper,-0.9,MISS Grant 25' 3PT Jump Shot,PF,Athletic Finisher,-0.76,
Shot Chart Detail,21900582,69,203924,Jerami Grant,1610612743,Denver Nuggets,1,5,36,Made Shot,Dunk Shot,2PT Field Goal,Restricted Area,Center(C),Less Than 8 ft.,0,9,4,1,1,20200111,DEN,CLE,2190058269,3840,0,203115|203914|203924|203999|1627750,1,REG,2020,,,,,,,PF,Athletic Finisher,-0.76,203914.0
Shot Chart Detail,21900582,72,203924,Jerami Grant,1610612743,Denver Nuggets,1,4,50,Missed Shot,Fadeaway Jump Shot,2PT Field Goal,In The Paint (Non-RA),Center(C),Less Than 8 ft.,6,23,56,1,0,20200111,DEN,CLE,2190058272,4300,0,203115|203914|203924|203999|1627750,0,REG,2020,201567,-7.0,PF,Anchor Big,-0.62,MISS Grant 6' Fadeaway Jumper,PF,Athletic Finisher,-0.76,
Shot Chart Detail,21900582,92,203924,Jerami Grant,1610612743,Denver Nuggets,1,2,54,Missed Shot,Jump Shot,3PT Field Goal,Above the Break 3,Left Side Center(LC),24+ ft.,24,-116,220,1,0,20200111,DEN,CLE,2190058292,5460,0,203115|203914|203924|203999|1627750,0,REG,2020,,,,,,,PF,Athletic Finisher,-0.76,
Shot Chart Detail,21900582,102,203924,Jerami Grant,1610612743,Denver Nuggets,1,1,58,Missed Shot,Driving Layup Shot,2PT Field Goal,Restricted Area,Center(C),Less Than 8 ft.,3,-31,16,1,0,20200111,DEN,CLE,21900582102,6020,0,203115|203914|203924|203999|1627750,0,REG,2020,201567,-5.0,PF,Anchor Big,-0.62,MISS Grant 3' Driving Layup,PF,Athletic Finisher,-0.76,
Shot Chart Detail,21900582,285,203924,Jerami Grant,1610612743,Denver Nuggets,2,0,5,Missed Shot,Jump Shot,3PT Field Goal,Above the Break 3,Right Side Center(RC),24+ ft.,24,210,126,1,0,20200111,DEN,CLE,21900582285,14350,0,203115|203914|203924|203999|1627750,0,REG,2020,201567,-9.0,PF,Anchor Big,-0.62,MISS Grant 24' 3PT Jump Shot,PF,Athletic Finisher,-0.76,
Shot Chart Detail,21900582,309,203924,Jerami Grant,1610612743,Denver Nuggets,3,10,24,Made Shot,Step Back Jump shot,2PT Field Goal,Mid-Range,Center(C),16-24 ft.,17,-16,178,1,1,20200111,DEN,CLE,21900582309,15360,0,203115|203914|203924|203999|1627750,1,REG,2020,201567,-10.0,PF,Anchor Big,-0.62,Grant 18' Step Back Jump Shot (8 PTS) (Murray 1 AST),PF,Athletic Finisher,-0.76,1627750.0
Shot Chart Detail,21900582,328,203924,Jerami Grant,1610612743,Denver Nuggets,3,8,4,Missed Shot,Jump Shot,3PT Field Goal,Above the Break 3,Right Side Center(RC),24+ ft.,25,87,242,1,0,20200111,DEN,CLE,21900582328,16760,0,203115|203914|203924|203999|1627750,0,REG,2020,1629012,-14.0,PG,Chaser,-2.57,MISS Grant 26' 3PT Jump Shot,PF,Athletic Finisher,-0.76,
Shot Chart Detail,21900582,365,203924,Jerami Grant,1610612743,Denver Nuggets,3,4,47,Made Shot,Jump Shot,3PT Field Goal,Right Corner 3,Right Side(R),24+ ft.,22,221,29,1,1,20200111,DEN,CLE,21900582365,18730,0,203486|203914|203924|1627736|1628420,1,REG,2020,,,,,,,PF,Athletic Finisher,-0.76,203914.0
Shot Chart Detail,21900582,369,203924,Jerami Grant,1610612743,Denver Nuggets,3,4,19,Made Shot,Cutting Dunk Shot,2PT Field Goal,Restricted Area,Center(C),Less Than 8 ft.,0,0,2,1,1,20200111,DEN,CLE,21900582369,19010,0,203486|203914|203924|1627736|1628420,1,REG,2020,201567,-12.0,PF,Anchor Big,-0.62,Grant Cutting Dunk Shot (13 PTS) (Morris 3 AST),PF,Athletic Finisher,-0.76,1628420.0
Shot Chart Detail,21900589,94,203924,Jerami Grant,1610612743,Denver Nuggets,1,4,9,Made Shot,Cutting Dunk Shot,2PT Field Goal,Restricted Area,Center(C),Less Than 8 ft.,0,-7,4,1,1,20200112,DEN,LAC,2190058994,4710,0,203924|203999|1627750|1628470|1629008,1,REG,2020,1629013,-1.0,SG,Chaser,-0.82,Grant 1' Cutting Dunk Shot (4 PTS) (Jokic 3 AST),PF,Athletic Finisher,-0.76,203999.0
Shot Chart Detail,21900589,301,203924,Jerami Grant,1610612743,Denver Nuggets,2,0,54,Missed Shot,Jump Shot,3PT Field Goal,Right Corner 3,Right Side(R),24+ ft.,23,225,48,1,0,20200112,DEN,LAC,21900589301,13860,0,203115|203914|203924|203999|1627750,0,REG,2020,203585,13.0,SG,Point of Attack,-0.33,MISS Grant 3PT Jump Shot,PF,Athletic Finisher,-0.76,
Shot Chart Detail,21900589,388,203924,Jerami Grant,1610612743,Denver Nuggets,3,7,8,Made Shot,Running Finger Roll Layup Shot,2PT Field Goal,Restricted Area,Center(C),Less Than 8 ft.,2,-20,13,1,1,20200112,DEN,LAC,21900589388,17320,0,203115|203924|203999|1627750|1628470,0,REG,2020,202695,15.0,SF,Wing Stopper,1.84,Grant 2' Running Finger Roll Layup (9 PTS),PF,Athletic Finisher,-0.76,
Shot Chart Detail,21900589,422,203924,Jerami Grant,1610612743,Denver Nuggets,3,4,19,Missed Shot,Jump Shot,3PT Field Goal,Left Corner 3,Left Side(L),24+ ft.,22,-227,-2,1,0,20200112,DEN,LAC,21900589422,19010,0,203924|203999|1627750|1628470|1629008,0,REG,2020,202695,18.0,SF,Wing Stopper,1.84,MISS Grant 3PT Jump Shot,PF,Athletic Finisher,-0.76,
Shot Chart Detail,21900589,454,203924,Jerami Grant,1610612743,Denver Nuggets,3,2,15,Missed Shot,Pullup Jump shot,2PT Field Goal,Mid-Range,Right Side Center(RC),16-24 ft.,18,141,114,1,0,20200112,DEN,LAC,21900589454,20250,0,203486|203924|1628420|1628470|1629008,0,REG,2020,202695|1626149,15.0,,,,,PF,Athletic Finisher,-0.76,
Shot Chart Detail,21900589,604,203924,Jerami Grant,1610612743,Denver Nuggets,4,4,3,Missed Shot,Running Layup Shot,2PT Field Goal,Restricted Area,Center(C),Less Than 8 ft.,1,0,13,1,0,20200112,DEN,LAC,21900589604,26370,0,203115|203924|203999|1627750|1628470,0,REG,2020,1629013,11.0,SG,Chaser,-0.82,MISS Grant 1' Running Layup,PF,Athletic Finisher,-0.76,
Shot Chart Detail,21900610,37,203924,Jerami Grant,1610612743,Denver Nuggets,1,7,52,Missed Shot,Jump Shot,3PT Field Goal,Left Corner 3,Left Side(L),24+ ft.,22,-225,23,1,0,20200115,DEN,CHA,2190061037,2480,0,203115|203924|203999|1627750|1628470,0,REG,2020,1626179,0.0,PG,Point of Attack,-1.75,MISS Grant 3PT Jump Shot,PF,Athletic Finisher,-0.76,
Shot Chart Detail,21900610,56,203924,Jerami Grant,1610612743,Denver Nuggets,1,6,11,Missed Shot,Alley Oop Layup shot,2PT Field Goal,Restricted Area,Center(C),Less Than 8 ft.,2,-25,13,1,0,20200115,DEN,CHA,2190061056,3490,0,203115|203924|203999|1627750|1628470,0,REG,2020,202687,-1.0,C,Mobile Big,0.32,MISS Grant 3' Alley Oop Layup,PF,Athletic Finisher,-0.76,
Shot Chart Detail,21900610,76,203924,Jerami Grant,1610612743,Denver Nuggets,1,4,56,Made Shot,Jump Shot,3PT Field Goal,Right Corner 3,Right Side(R),24+ ft.,22,226,42,1,1,20200115,DEN,CHA,2190061076,4240,0,203924|203999|1627750|1628470|1629008,1,REG,2020,201587,-2.0,SF,Wing Stopper,0.44,Grant 3PT Jump Shot (5 PTS) (Jokic 2 AST),PF,Athletic Finisher,-0.76,203999.0
Shot Chart Detail,21900610,101,203924,Jerami Grant,1610612743,Denver Nuggets,1,3,17,Missed Shot,Driving Finger Roll Layup Shot,2PT Field Goal,Restricted Area,Center(C),Less Than 8 ft.,3,-33,15,1,0,20200115,DEN,CHA,21900610101,5230,0,203924|203999|1627750|1628420|1629008,0,REG,2020,202687,-2.0,C,Mobile Big,0.32,MISS Grant 4' Driving Finger Roll Layup,PF,Athletic Finisher,-0.76,
Shot Chart Detail,21900610,259,203924,Jerami Grant,1610612743,Denver Nuggets,2,5,35,Missed Shot,Jump Shot,3PT Field Goal,Left Corner 3,Left Side(L),24+ ft.,23,-234,28,1,0,20200115,DEN,CHA,21900610259,11050,0,203924|203999|1627750|1628420|1629008,0,REG,2020,1629023,4.0,PF,Helper,-0.25,MISS Grant 24' 3PT Jump Shot,PF,Athletic Finisher,-0.76,
Shot Chart Detail,21900610,339,203924,Jerami Grant,1610612743,Denver Nuggets,2,0,0,Missed Shot,Layup Shot,2PT Field Goal,Restricted Area,Center(C),Less Than 8 ft.,2,-18,22,1,0,20200115,DEN,CHA,21900610339,14400,0,203115|203924|203999|1628420|1628470,0,REG,2020,203469,15.0,C,Mobile Big,-0.03,MISS Grant 3' Layup,PF,Athletic Finisher,-0.76,
Shot Chart Detail,21900610,365,203924,Jerami Grant,1610612743,Denver Nuggets,3,9,34,Made Shot,Running Reverse Dunk Shot,2PT Field Goal,Restricted Area,Center(C),Less Than 8 ft.,0,-5,1,1,1,20200115,DEN,CHA,21900610365,15860,0,203115|203924|203999|1628420|1628470,1,REG,2020,1626179,19.0,PG,Point of Attack,-1.75,Grant 1' Running Reverse Dunk Shot (7 PTS) (Morris 3 AST),PF,Athletic Finisher,-0.76,1628420.0
Shot Chart Detail,21900610,373,203924,Jerami Grant,1610612743,Denver Nuggets,3,8,30,Made Shot,Fadeaway Jump Shot,2PT Field Goal,In The Paint (Non-RA),Left Side(L),8-16 ft.,9,-75,51,1,1,20200115,DEN,CHA,21900610373,16500,0,203115|203924|203999|1628420|1628470,0,REG,2020,1629023,,PF,Helper,-0.25,Grant 9' Fadeaway Jumper (9 PTS),PF,Athletic Finisher,-0.76,
Shot Chart Detail,21900610,414,203924,Jerami Grant,1610612743,Denver Nuggets,3,5,7,Made Shot,Cutting Dunk Shot,2PT Field Goal,Restricted Area,Center(C),Less Than 8 ft.,0,5,5,1,1,20200115,DEN,CHA,21900610414,18530,0,203924|203999|1628420|1628470|1629008,1,REG,2020,201587|1629023,13.0,,,,,PF,Athletic Finisher,-0.76,1628470.0
Shot Chart Detail,21900610,638,203924,Jerami Grant,1610612743,Denver Nuggets,4,2,15,Made Shot,Cutting Layup Shot,2PT Field Goal,Restricted Area,Center(C),Less Than 8 ft.,1,9,14,1,1,20200115,DEN,CHA,21900610638,27450,0,203924|1627823|1628408|1628427|1629008,1,REG,2020,1626179,20.0,PG,Point of Attack,-1.75,Grant 2' Cutting Layup Shot (14 PTS) (Jokic 8 AST),PF,Athletic Finisher,-0.76,203999.0
Shot Chart Detail,21900617,48,203924,Jerami Grant,1610612743,Denver Nuggets,1,7,27,Missed Shot,Jump Shot,3PT Field Goal,Above the Break 3,Left Side Center(LC),24+ ft.,26,-172,198,1,0,20200116,GSW,DEN,2190061748,2730,0,203115|203924|203999|1628420|1628470,0,REG,2020,203110,-5.0,PF,Wing Stopper,2.37,MISS Grant 26' 3PT Jump Shot,PF,Athletic Finisher,-0.76,
Shot Chart Detail,21900617,53,203924,Jerami Grant,1610612743,Denver Nuggets,1,6,48,Missed Shot,Driving Layup Shot,2PT Field Goal,In The Paint (Non-RA),Center(C),Less Than 8 ft.,5,38,36,1,0,20200116,GSW,DEN,2190061753,3120,0,203115|203924|203999|1628420|1628470,0,REG,2020,203110|1626161,-7.0,,,,,PF,Athletic Finisher,-0.76,
Shot Chart Detail,21900617,258,203924,Jerami Grant,1610612743,Denver Nuggets,2,5,17,Made Shot,Driving Reverse Layup Shot,2PT Field Goal,Restricted Area,Center(C),Less Than 8 ft.,1,-9,10,1,1,20200116,GSW,DEN,21900617258,11230,0,203115|203924|203999|1627736|1628470,0,REG,2020,1629016,-5.0,C,Helper,-0.15,Grant 1' Driving Reverse Layup (2 PTS),PF,Athletic Finisher,-0.76,
Shot Chart Detail,21900617,320,203924,Jerami Grant,1610612743,Denver Nuggets,2,1,40,Missed Shot,Jump Shot,3PT Field Goal,Above the Break 3,Right Side Center(RC),24+ ft.,27,158,229,1,0,20200116,GSW,DEN,21900617320,13400,0,203115|203924|203999|1628420|1628470,0,REG,2020,1626156,-12.0,PG,Chaser,-1.26,MISS Grant 28' 3PT Jump Shot,PF,Athletic Finisher,-0.76,
Shot Chart Detail,21900617,388,203924,Jerami Grant,1610612743,Denver Nuggets,3,9,14,Missed Shot,Driving Layup Shot,2PT Field Goal,In The Paint (Non-RA),Center(C),Less Than 8 ft.,7,-18,68,1,0,20200116,GSW,DEN,21900617388,16060,0,203115|203924|203999|1628420|1628470,0,REG,2020,203110,-14.0,PF,Wing Stopper,2.37,Robinson III BLOCK (1 BLK),PF,Athletic Finisher,-0.76,
Shot Chart Detail,21900617,391,203924,Jerami Grant,1610612743,Denver Nuggets,3,9,5,Missed Shot,Jump Shot,3PT Field Goal,Above the Break 3,Left Side Center(LC),24+ ft.,27,-199,189,1,0,20200116,GSW,DEN,21900617391,16150,0,203115|203924|203999|1628420|1628470,0,REG,2020,1626161,-14.0,C,Mobile Big,2.04,MISS Grant 27' 3PT Jump Shot,PF,Athletic Finisher,-0.76,
Shot Chart Detail,21900617,405,203924,Jerami Grant,1610612743,Denver Nuggets,3,7,39,Made Shot,Cutting Dunk Shot,2PT Field Goal,Restricted Area,Center(C),Less Than 8 ft.,2,5,25,1,1,20200116,GSW,DEN,21900617405,17010,0,203115|203924|203999|1627736|1628420,1,REG,2020,1626161,-17.0,C,Mobile Big,2.04,Grant 3' Cutting Dunk Shot (4 PTS) (Jokic 3 AST),PF,Athletic Finisher,-0.76,203999.0
Shot Chart Detail,21900617,440,203924,Jerami Grant,1610612743,Denver Nuggets,3,4,47,Made Shot,Cutting Dunk Shot,2PT Field Goal,Restricted Area,Center(C),Less Than 8 ft.,1,-9,11,1,1,20200116,GSW,DEN,21900617440,18730,0,203115|203999|1627736|1628420|1629008,1,REG,2020,203922,-12.0,SF,Wing Stopper,-0.85,Grant 1' Cutting Dunk Shot (6 PTS) (Barton 2 AST),PF,Athletic Finisher,-0.76,203115.0
Shot Chart Detail,21900617,520,203924,Jerami Grant,1610612743,Denver Nuggets,4,11,11,Missed Shot,Turnaround Fadeaway shot,2PT Field Goal,In The Paint (Non-RA),Center(C),Less Than 8 ft.,7,-39,65,1,0,20200116,GSW,DEN,21900617520,22090,0,203115|203486|203924|1627736|1629008,0,REG,2020,1627737,-10.0,PF,Anchor Big,1.33,MISS Grant 8' Turnaround Fadeaway Shot,PF,Athletic Finisher,-0.76,
Shot Chart Detail,21900638,14,203924,Jerami Grant,1610612743,Denver Nuggets,1,10,49,Missed Shot,Jump Shot,2PT Field Goal,Mid-Range,Right Side Center(RC),16-24 ft.,16,70,146,1,0,20200119,DEN,IND,2190063814,710,0,203115|203924|203999|1628420|1628470,0,REG,2020,1626167,0.0,C,Anchor Big,1.93,MISS Grant 16' Jump Shot,PF,Athletic Finisher,-0.76,
Shot Chart Detail,21900638,90,203924,Jerami Grant,1610612743,Denver Nuggets,1,5,19,Made Shot,Layup Shot,2PT Field Goal,Restricted Area,Center(C),Less Than 8 ft.,3,-24,25,1,1,20200119,DEN,IND,2190063890,4010,0,203115|203924|203999|1628420|1629008,1,REG,2020,1627734,4.0,PF,Anchor Big,1.37,Grant 3' Layup (2 PTS) (Morris 3 AST),PF,Athletic Finisher,-0.76,1628420.0
Shot Chart Detail,21900638,265,203924,Jerami Grant,1610612743,Denver Nuggets,2,5,41,Made Shot,Dunk Shot,2PT Field Goal,Restricted Area,Center(C),Less Than 8 ft.,1,-6,12,1,1,20200119,DEN,IND,21900638265,10990,0,203115|203924|203999|1628420|1628470,0,REG,2020,203926,,PF,Low Activity,-1.41,Grant 1' Dunk (4 PTS),PF,Athletic Finisher,-0.76,
Shot Chart Detail,21900638,276,203924,Jerami Grant,1610612743,Denver Nuggets,2,4,36,Missed Shot,Jump Shot,3PT Field Goal,Above the Break 3,Left Side Center(LC),24+ ft.,26,-125,235,1,0,20200119,DEN,IND,21900638276,11640,0,203115|203924|203999|1628420|1628470,0,REG,2020,1627734,5.0,PF,Anchor Big,1.37,MISS Grant 27' 3PT Jump Shot,PF,Athletic Finisher,-0.76,
Shot Chart Detail,21900638,307,203924,Jerami Grant,1610612743,Denver Nuggets,2,1,33,Made Shot,Putback Layup Shot,2PT Field Goal,Restricted Area,Center(C),Less Than 8 ft.,1,6,12,1,1,20200119,DEN,IND,21900638307,13470,0,203115|203924|203999|1628420|1628470,0,REG,2020,1626167|203933,4.0,,,,,PF,Athletic Finisher,-0.76,
Shot Chart Detail,21900638,367,203924,Jerami Grant,1610612743,Denver Nuggets,3,9,31,Missed Shot,Turnaround Fadeaway shot,2PT Field Goal,Restricted Area,Center(C),Less Than 8 ft.,3,-16,34,1,0,20200119,DEN,IND,21900638367,15890,0,203115|203924|203999|1628420|1628470,0,REG,2020,1627734,10.0,PF,Anchor Big,1.37,MISS Grant 4' Turnaround Fadeaway Shot,PF,Athletic Finisher,-0.76,
Shot Chart Detail,21900638,430,203924,Jerami Grant,1610612743,Denver Nuggets,3,4,27,Made Shot,Running Reverse Layup Shot,2PT Field Goal,Restricted Area,Center(C),Less Than 8 ft.,3,20,26,1,1,20200119,DEN,IND,21900638430,18930,0,203115|203924|203999|1628420|1629008,1,REG,2020,203087,9.0,SG,Chaser,0.0,Grant 3' Running Reverse Layup (10 PTS) (Jokic 3 AST),PF,Athletic Finisher,-0.76,203999.0
Shot Chart Detail,21900638,581,203924,Jerami Grant,1610612743,Denver Nuggets,4,4,29,Made Shot,Layup Shot,2PT Field Goal,Restricted Area,Center(C),Less Than 8 ft.,2,-20,10,1,1,20200119,DEN,IND,21900638581,26110,0,203115|203924|203999|1628420|1628470,1,REG,2020,1627734|203926,2.0,,,,,PF,Athletic Finisher,-0.76,203115.0
Shot Chart Detail,21900638,599,203924,Jerami Grant,1610612743,Denver Nuggets,4,2,37,Made Shot,Putback Layup Shot,2PT Field Goal,Restricted Area,Center(C),Less Than 8 ft.,3,-31,9,1,1,20200119,DEN,IND,21900638599,27230,0,203115|203924|203999|1628420|1628470,0,REG,2020,1627763,-1.0,PG,Point of Attack,-0.62,Grant 3' Putback Layup (16 PTS),PF,Athletic Finisher,-0.76,
Shot Chart Detail,21900649,21,203924,Jerami Grant,1610612743,Denver Nuggets,1,10,18,Missed Shot,Jump Shot,3PT Field Goal,Right Corner 3,Right Side(R),24+ ft.,22,228,-1,1,0,20200120,MIN,DEN,2190064921,1020,0,203115|203924|203999|1628420|1628470,0,REG,2020,,,,,,,PF,Athletic Finisher,-0.76,
Shot Chart Detail,21900649,38,203924,Jerami Grant,1610612743,Denver Nuggets,1,8,18,Made Shot,Jump Shot,3PT Field Goal,Right Corner 3,Right Side(R),24+ ft.,22,226,-13,1,1,20200120,MIN,DEN,2190064938,2220,0,203115|203924|203999|1628420|1628470,1,REG,2020,1629633,-1.0,SG,Chaser,-0.19,Grant 3PT Jump Shot (3 PTS) (Morris 1 AST),PF,Athletic Finisher,-0.76,1628420.0
Shot Chart Detail,21900649,67,203924,Jerami Grant,1610612743,Denver Nuggets,1,6,30,Made Shot,Jump Shot,3PT Field Goal,Right Corner 3,Right Side(R),24+ ft.,22,228,2,1,1,20200120,MIN,DEN,2190064967,3300,0,203115|203924|203999|1628420|1628470,1,REG,2020,,,,,,,PF,Athletic Finisher,-0.76,1628420.0
Shot Chart Detail,21900649,71,203924,Jerami Grant,1610612743,Denver Nuggets,1,6,6,Made Shot,Cutting Dunk Shot,2PT Field Goal,Restricted Area,Center(C),Less Than 8 ft.,0,3,7,1,1,20200120,MIN,DEN,2190064971,3540,0,203115|203924|203999|1628420|1628470,1,REG,2020,,,,,,,PF,Athletic Finisher,-0.76,203115.0
Shot Chart Detail,21900649,88,203924,Jerami Grant,1610612743,Denver Nuggets,1,4,20,Made Shot,Alley Oop Layup shot,2PT Field Goal,Restricted Area,Center(C),Less Than 8 ft.,2,20,20,1,1,20200120,MIN,DEN,2190064988,4600,0,203115|203924|203999|1628420|1628470,1,REG,2020,,,,,,,PF,Athletic Finisher,-0.76,203999.0
Shot Chart Detail,21900649,250,203924,Jerami Grant,1610612743,Denver Nuggets,2,5,31,Made Shot,Pullup Jump shot,2PT Field Goal,Mid-Range,Right Side(R),8-16 ft.,15,156,27,1,1,20200120,MIN,DEN,21900649250,11090,0,203115|203924|1627736|1628420|1629008,0,REG,2020,1626157,-8.0,C,Anchor Big,-0.58,Grant 16' Pullup Jump Shot (12 PTS),PF,Athletic Finisher,-0.76,
Shot Chart Detail,21900649,275,203924,Jerami Grant,1610612743,Denver Nuggets,2,3,21,Made Shot,Jump Shot,3PT Field Goal,Right Corner 3,Right Side(R),24+ ft.,23,233,23,1,1,20200120,MIN,DEN,21900649275,12390,0,203115|203924|1627736|1628420|1629008,1,REG,2020,,,,,,,PF,Athletic Finisher,-0.76,1629008.0
Shot Chart Detail,21900649,305,203924,Jerami Grant,1610612743,Denver Nuggets,2,0,28,Missed Shot,Jump Shot,3PT Field Goal,Right Corner 3,Right Side(R),24+ ft.,22,220,43,1,0,20200120,MIN,DEN,21900649305,14120,0,203115|203924|203999|1628420|1629008,0,REG,2020,,,,,,,PF,Athletic Finisher,-0.76,
Shot Chart Detail,21900649,328,203924,Jerami Grant,1610612743,Denver Nuggets,3,11,3,Made Shot,Tip Layup Shot,2PT Field Goal,Restricted Area,Center(C),Less Than 8 ft.,0,0,-6,1,1,20200120,MIN,DEN,21900649328,14970,0,203115|203924|203999|1628420|1628470,0,REG,2020,,,,,,,PF,Athletic Finisher,-0.76,
Shot Chart Detail,21900649,357,203924,Jerami Grant,1610612743,Denver Nuggets,3,8,15,Missed Shot,Jump Shot,3PT Field Goal,Above the Break 3,Left Side Center(LC),24+ ft.,24,-167,183,1,0,20200120,MIN,DEN,21900649357,16650,0,203115|203924|203999|1628420|1628470,0,REG,2020,,,,,,,PF,Athletic Finisher,-0.76,
Shot Chart Detail,21900649,372,203924,Jerami Grant,1610612743,Denver Nuggets,3,6,58,Made Shot,Cutting Dunk Shot,2PT Field Goal,Restricted Area,Center(C),Less Than 8 ft.,1,3,16,1,1,20200120,MIN,DEN,21900649372,17420,0,203115|203924|203999|1628420|1628470,1,REG,2020,,,,,,,PF,Athletic Finisher,-0.76,1628420.0
Shot Chart Detail,21900649,388,203924,Jerami Grant,1610612743,Denver Nuggets,3,5,24,Missed Shot,Pullup Jump shot,2PT Field Goal,Mid-Range,Left Side(L),8-16 ft.,12,-102,71,1,0,20200120,MIN,DEN,21900649388,18360,0,203115|203924|203999|1628420|1628470,0,REG,2020,,,,,,,PF,Athletic Finisher,-0.76,
Shot Chart Detail,21900649,571,203924,Jerami Grant,1610612743,Denver Nuggets,4,4,8,Missed Shot,Driving Floating Bank Jump Shot,2PT Field Goal,In The Paint (Non-RA),Left Side(L),8-16 ft.,8,-75,30,1,0,20200120,MIN,DEN,21900649571,26320,0,203924|203999|1627736|1628420|1629008,0,REG,2020,,,,,,,PF,Athletic Finisher,-0.76,
Shot Chart Detail,21900662,33,203924,Jerami Grant,1610612743,Denver Nuggets,1,9,49,Made Shot,Jump Shot,3PT Field Goal,Above the Break 3,Right Side Center(RC),24+ ft.,25,136,215,1,1,20200122,HOU,DEN,2190066233,1310,0,203115|203924|203999|1628420|1628470,1,REG,2020,201935,2.0,SG,Helper,-0.85,Grant 25' 3PT Jump Shot (3 PTS) (Jokic 1 AST),PF,Athletic Finisher,-0.76,203999.0
Shot Chart Detail,21900662,90,203924,Jerami Grant,1610612743,Denver Nuggets,1,5,46,Missed Shot,Putback Layup Shot,2PT Field Goal,Restricted Area,Center(C),Less Than 8 ft.,1,-8,11,1,0,20200122,HOU,DEN,2190066290,3740,0,203115|203924|203999|1628420|1628470,0,REG,2020,201935,5.0,SG,Helper,-0.85,Capela BLOCK (1 BLK),PF,Athletic Finisher,-0.76,
Shot Chart Detail,21900662,141,203924,Jerami Grant,1610612743,Denver Nuggets,1,1,59,Missed Shot,Turnaround Fadeaway shot,2PT Field Goal,In The Paint (Non-RA),Center(C),8-16 ft.,11,-5,115,1,0,20200122,HOU,DEN,21900662141,6010,0,203115|203924|1627736|1627823|1628408,0,REG,2020,200782,-1.0,PF,Wing Stopper,0.47,MISS Grant 12' Turnaround Fadeaway Shot,PF,Athletic Finisher,-0.76,
Shot Chart Detail,21900662,150,203924,Jerami Grant,1610612743,Denver Nuggets,1,1,6,Missed Shot,Jump Shot,3PT Field Goal,Above the Break 3,Left Side Center(LC),24+ ft.,25,-145,215,1,0,20200122,HOU,DEN,21900662150,6540,0,203115|203924|1627736|1627823|1628408,0,REG,2020,,,,,,,PF,Athletic Finisher,-0.76,
Shot Chart Detail,21900662,161,203924,Jerami Grant,1610612743,Denver Nuggets,1,0,28,Missed Shot,Driving Layup Shot,2PT Field Goal,Restricted Area,Center(C),Less Than 8 ft.,0,3,9,1,0,20200122,HOU,DEN,21900662161,6920,0,203115|203924|1627736|1627823|1628408,0,REG,2020,1627863,-7.0,SF,Helper,0.12,MISS Grant 1' Driving Layup,PF,Athletic Finisher,-0.76,
Shot Chart Detail,21900662,251,203924,Jerami Grant,1610612743,Denver Nuggets,2,6,3,Missed Shot,Putback Layup Shot,2PT Field Goal,In The Paint (Non-RA),Center(C),Less Than 8 ft.,5,30,40,1,0,20200122,HOU,DEN,21900662251,10770,0,203115|203924|203999|1628420|1628470,0,REG,2020,,,,,,,PF,Athletic Finisher,-0.76,
Shot Chart Detail,21900662,253,203924,Jerami Grant,1610612743,Denver Nuggets,2,6,2,Made Shot,Tip Layup Shot,2PT Field Goal,Restricted Area,Center(C),Less Than 8 ft.,0,0,-6,1,1,20200122,HOU,DEN,21900662253,10780,0,203115|203924|203999|1628420|1628470,0,REG,2020,,,,,,,PF,Athletic Finisher,-0.76,
Shot Chart Detail,21900662,261,203924,Jerami Grant,1610612743,Denver Nuggets,2,4,35,Missed Shot,Driving Floating Jump Shot,2PT Field Goal,In The Paint (Non-RA),Center(C),8-16 ft.,11,-10,117,1,0,20200122,HOU,DEN,21900662261,11650,0,203115|203924|203999|1628420|1628470,0,REG,2020,203085,-14.0,SG,Point of Attack,-1.28,MISS Grant 12' Driving Floating Jump Shot,PF,Athletic Finisher,-0.76,
Shot Chart Detail,21900662,299,203924,Jerami Grant,1610612743,Denver Nuggets,2,2,42,Made Shot,Dunk Shot,2PT Field Goal,Restricted Area,Center(C),Less Than 8 ft.,0,5,6,1,1,20200122,HOU,DEN,21900662299,12780,0,203115|203924|203999|1627736|1628470,1,REG,2020,201566,,PG,Chaser,-0.32,Grant 1' Dunk (7 PTS) (Jokic 6 AST),PF,Athletic Finisher,-0.76,203999.0
Shot Chart Detail,21900662,315,203924,Jerami Grant,1610612743,Denver Nuggets,2,0,50,Missed Shot,Layup Shot,2PT Field Goal,Restricted Area,Center(C),Less Than 8 ft.,1,7,16,1,0,20200122,HOU,DEN,21900662315,13900,0,203115|203924|203999|1627736|1628470,0,REG,2020,201566,-16.0,PG,Chaser,-0.32,Capela BLOCK (4 BLK),PF,Athletic Finisher,-0.76,
Shot Chart Detail,21900662,364,203924,Jerami Grant,1610612743,Denver Nuggets,3,9,15,Missed Shot,Alley Oop Layup shot,2PT Field Goal,Restricted Area,Center(C),Less Than 8 ft.,0,5,4,1,0,20200122,HOU,DEN,21900662364,16050,0,203115|203924|203999|1628420|1628470,0,REG,2020,201566,-16.0,PG,Chaser,-0.32,MISS Grant 1' Alley Oop Layup,PF,Athletic Finisher,-0.76,
Shot Chart Detail,21900662,372,203924,Jerami Grant,1610612743,Denver Nuggets,3,8,46,Missed Shot,Jump Shot,3PT Field Goal,Above the Break 3,Right Side Center(RC),24+ ft.,24,123,217,1,0,20200122,HOU,DEN,21900662372,16340,0,203115|203924|203999|1628420|1628470,0,REG,2020,,,,,,,PF,Athletic Finisher,-0.76,
Shot Chart Detail,21900662,393,203924,Jerami Grant,1610612743,Denver Nuggets,3,7,22,Made Shot,Running Dunk Shot,2PT Field Goal,Restricted Area,Center(C),Less Than 8 ft.,0,8,4,1,1,20200122,HOU,DEN,21900662393,17180,0,203115|203924|203999|1628420|1628470,1,REG,2020,,,,,,,PF,Athletic Finisher,-0.76,1628420.0
Shot Chart Detail,21900662,450,203924,Jerami Grant,1610612743,Denver Nuggets,3,4,8,Made Shot,Driving Dunk Shot,2PT Field Goal,Restricted Area,Center(C),Less Than 8 ft.,0,-1,-3,1,1,20200122,HOU,DEN,21900662450,19120,0,203115|203924|203999|1627736|1628470,1,REG,2020,1627863,,SF,Helper,0.12,Grant Driving Dunk (11 PTS) (Jokic 8 AST),PF,Athletic Finisher,-0.76,203999.0
Shot Chart Detail,21900662,454,203924,Jerami Grant,1610612743,Denver Nuggets,3,3,37,Made Shot,Jump Shot,3PT Field Goal,Above the Break 3,Right Side Center(RC),24+ ft.,25,147,210,1,1,20200122,HOU,DEN,21900662454,19430,0,203115|203999|1627736|1627823|1628470,1,REG,2020,,,,,,,PF,Athletic Finisher,-0.76,203999.0
Shot Chart Detail,21900662,495,203924,Jerami Grant,1610612743,Denver Nuggets,3,0,38,Made Shot,Cutting Layup Shot,2PT Field Goal,Restricted Area,Center(C),Less Than 8 ft.,0,-5,4,1,1,20200122,HOU,DEN,21900662495,21220,0,203115|203924|1627736|1627823|1628408,1,REG,2020,200782,-20.0,PF,Wing Stopper,0.47,Grant 1' Cutting Layup Shot (16 PTS) (Barton 3 AST),PF,Athletic Finisher,-0.76,203115.0
Shot Chart Detail,21900662,575,203924,Jerami Grant,1610612743,Denver Nuggets,4,7,2,Missed Shot,Layup Shot,2PT Field Goal,Restricted Area,Center(C),Less Than 8 ft.,1,11,6,1,0,20200122,HOU,DEN,21900662575,24580,0,203115|203924|203999|1627736|1628408,0,REG,2020,,,,,,,PF,Athletic Finisher,-0.76,
Shot Chart Detail,21900676,39,203924,Jerami Grant,1610612743,Denver Nuggets,1,8,24,Missed Shot,Driving Floating Jump Shot,2PT Field Goal,In The Paint (Non-RA),Center(C),Less Than 8 ft.,6,24,64,1,0,20200124,NOP,DEN,2190067639,2160,0,203115|203914|203924|203999|1628470,0,REG,2020,202324,-1.0,C,Anchor Big,1.64,Favors BLOCK (1 BLK),PF,Athletic Finisher,-0.76,
Shot Chart Detail,21900676,42,203924,Jerami Grant,1610612743,Denver Nuggets,1,8,20,Missed Shot,Fadeaway Jump Shot,2PT Field Goal,In The Paint (Non-RA),Center(C),Less Than 8 ft.,5,17,57,1,0,20200124,NOP,DEN,2190067642,2200,0,203115|203914|203924|203999|1628470,0,REG,2020,202324,-1.0,C,Anchor Big,1.64,MISS Grant 6' Fadeaway Jumper,PF,Athletic Finisher,-0.76,
Shot Chart Detail,21900676,44,203924,Jerami Grant,1610612743,Denver Nuggets,1,8,17,Made Shot,Driving Layup Shot,2PT Field Goal,Restricted Area,Center(C),Less Than 8 ft.,1,13,10,1,1,20200124,NOP,DEN,2190067644,2230,0,203115|203914|203924|203999|1628470,1,REG,2020,202324|201950|1629627,1.0,,,,,PF,Athletic Finisher,-0.76,203999.0
Shot Chart Detail,21900676,81,203924,Jerami Grant,1610612743,Denver Nuggets,1,4,44,Missed Shot,Fadeaway Jump Shot,2PT Field Goal,In The Paint (Non-RA),Center(C),Less Than 8 ft.,6,44,41,1,0,20200124,NOP,DEN,2190067681,4360,0,203115|203924|203999|1628470|1629008,0,REG,2020,1627742,2.0,PF,Helper,-1.32,MISS Grant 6' Fadeaway Jumper,PF,Athletic Finisher,-0.76,
Shot Chart Detail,21900676,265,203924,Jerami Grant,1610612743,Denver Nuggets,2,6,5,Missed Shot,Driving Layup Shot,2PT Field Goal,Restricted Area,Center(C),Less Than 8 ft.,2,0,21,1,0,20200124,NOP,DEN,21900676265,10750,0,203115|203914|203924|203999|1628470,0,REG,2020,1628404,2.0,SF,Wing Stopper,-0.57,MISS Grant 2' Driving Layup,PF,Athletic Finisher,-0.76,
Shot Chart Detail,21900676,281,203924,Jerami Grant,1610612743,Denver Nuggets,2,5,29,Missed Shot,Driving Layup Shot,2PT Field Goal,Restricted Area,Center(C),Less Than 8 ft.,1,13,1,1,0,20200124,NOP,DEN,21900676281,11110,0,203115|203914|203924|203999|1628470,0,REG,2020,202324,4.0,C,Anchor Big,1.64,MISS Grant 1' Driving Layup,PF,Athletic Finisher,-0.76,
Shot Chart Detail,21900676,318,203924,Jerami Grant,1610612743,Denver Nuggets,2,2,47,Made Shot,Alley Oop Layup shot,2PT Field Goal,Restricted Area,Center(C),Less Than 8 ft.,1,-2,14,1,1,20200124,NOP,DEN,21900676318,12730,0,203115|203914|203924|203999|1628470,1,REG,2020,1627742,11.0,PF,Helper,-1.32,Grant 1' Alley Oop Layup (4 PTS) (Jokic 6 AST),PF,Athletic Finisher,-0.76,203999.0
Shot Chart Detail,21900676,337,203924,Jerami Grant,1610612743,Denver Nuggets,2,1,8,Missed Shot,Layup Shot,2PT Field Goal,Restricted Area,Center(C),Less Than 8 ft.,1,-14,-5,1,0,20200124,NOP,DEN,21900676337,13720,0,203115|203924|203999|1628470|1629008,0,REG,2020,1628404,8.0,SF,Wing Stopper,-0.57,Ingram BLOCK (1 BLK),PF,Athletic Finisher,-0.76,
Shot Chart Detail,21900676,340,203924,Jerami Grant,1610612743,Denver Nuggets,2,1,6,Missed Shot,Layup Shot,2PT Field Goal,Restricted Area,Center(C),Less Than 8 ft.,1,-9,8,1,0,20200124,NOP,DEN,21900676340,13740,0,203115|203924|203999|1628470|1629008,0,REG,2020,1627742|1628404,8.0,,,,,PF,Athletic Finisher,-0.76,
Shot Chart Detail,21900676,352,203924,Jerami Grant,1610612743,Denver Nuggets,2,0,8,Made Shot,Driving Layup Shot,2PT Field Goal,Restricted Area,Center(C),Less Than 8 ft.,1,13,-1,1,1,20200124,NOP,DEN,21900676352,14320,0,203115|203924|1628427|1628470|1629008,0,REG,2020,1628404,7.0,SF,Wing Stopper,-0.57,Grant 1' Driving Layup (6 PTS),PF,Athletic Finisher,-0.76,
Shot Chart Detail,21900676,516,203924,Jerami Grant,1610612743,Denver Nuggets,3,1,42,Made Shot,Driving Layup Shot,2PT Field Goal,Restricted Area,Center(C),Less Than 8 ft.,2,-20,2,1,1,20200124,NOP,DEN,21900676516,20580,0,203924|1627736|1628408|1628420|1629008,1,REG,2020,1629637,11.0,C,Anchor Big,0.45,Grant 2' Driving Layup (8 PTS) (Morris 3 AST),PF,Athletic Finisher,-0.76,1628420.0
Shot Chart Detail,21900676,531,203924,Jerami Grant,1610612743,Denver Nuggets,3,0,41,Missed Shot,Layup Shot,2PT Field Goal,Restricted Area,Center(C),Less Than 8 ft.,2,-17,11,1,0,20200124,NOP,DEN,21900676531,21190,0,203924|1627736|1628408|1628420|1629008,0,REG,2020,1629637,13.0,C,Anchor Big,0.45,MISS Grant 2' Layup,PF,Athletic Finisher,-0.76,
Shot Chart Detail,21900676,556,203924,Jerami Grant,1610612743,Denver Nuggets,4,10,56,Made Shot,Jump Shot,2PT Field Goal,Mid-Range,Left Side(L),8-16 ft.,14,-81,121,1,1,20200124,NOP,DEN,21900676556,22240,0,203924|1627736|1628408|1628420|1629008,1,REG,2020,1629627,10.0,PF,Helper,-1.17,Grant 15' Jump Shot (10 PTS) (Morris 4 AST),PF,Athletic Finisher,-0.76,1628420.0
Shot Chart Detail,21900676,560,203924,Jerami Grant,1610612743,Denver Nuggets,4,10,26,Missed Shot,Driving Layup Shot,2PT Field Goal,Restricted Area,Center(C),Less Than 8 ft.,2,-22,13,1,0,20200124,NOP,DEN,21900676560,22540,0,203924|1627736|1628408|1628420|1629008,0,REG,2020,1629627,10.0,PF,Helper,-1.17,MISS Grant 3' Driving Layup,PF,Athletic Finisher,-0.76,
Shot Chart Detail,21900685,9,203924,Jerami Grant,1610612743,Denver Nuggets,1,11,10,Made Shot,Jump Shot,3PT Field Goal,Right Corner 3,Right Side(R),24+ ft.,23,231,22,1,1,20200126,DEN,HOU,219006859,500,0,203115|203914|203924|203999|1628470,1,REG,2020,200782,3.0,PF,Wing Stopper,0.47,Grant 3PT Jump Shot (3 PTS) (Jokic 1 AST),PF,Athletic Finisher,-0.76,203999.0
Shot Chart Detail,21900685,49,203924,Jerami Grant,1610612743,Denver Nuggets,1,7,19,Made Shot,Jump Shot,3PT Field Goal,Above the Break 3,Right Side Center(RC),24+ ft.,26,182,186,1,1,20200126,DEN,HOU,2190068549,2810,0,203115|203914|203924|203999|1628470,1,REG,2020,200782,-5.0,PF,Wing Stopper,0.47,Grant 26' 3PT Jump Shot (6 PTS) (Jokic 3 AST),PF,Athletic Finisher,-0.76,203999.0
Shot Chart Detail,21900685,54,203924,Jerami Grant,1610612743,Denver Nuggets,1,6,47,Made Shot,Putback Layup Shot,2PT Field Goal,Restricted Area,Center(C),Less Than 8 ft.,0,0,-6,1,1,20200126,DEN,HOU,2190068554,3130,0,203115|203914|203924|203999|1628470,0,REG,2020,203463,-5.0,SF,Chaser,-1.58,Grant 1' Putback Layup (8 PTS),PF,Athletic Finisher,-0.76,
Shot Chart Detail,21900685,182,203924,Jerami Grant,1610612743,Denver Nuggets,2,11,46,Missed Shot,Jump Shot,2PT Field Goal,In The Paint (Non-RA),Center(C),Less Than 8 ft.,5,-40,43,1,0,20200126,DEN,HOU,21900685182,7340,0,203914|203924|1627736|1628420|1629008,0,REG,2020,1627863|200782,-9.0,,,,,PF,Athletic Finisher,-0.76,
Shot Chart Detail,21900685,192,203924,Jerami Grant,1610612743,Denver Nuggets,2,10,51,Made Shot,Jump Shot,2PT Field Goal,Mid-Range,Right Side(R),8-16 ft.,14,136,48,1,1,20200126,DEN,HOU,21900685192,7890,0,203914|203924|1627736|1628420|1629008,1,REG,2020,201569,-7.0,SF,Chaser,-2.11,Grant 14' Jump Shot (11 PTS) (Harris 1 AST),PF,Athletic Finisher,-0.76,203914.0
Shot Chart Detail,21900685,282,203924,Jerami Grant,1610612743,Denver Nuggets,2,5,1,Made Shot,Jump Shot,3PT Field Goal,Above the Break 3,Right Side Center(RC),24+ ft.,25,114,223,1,1,20200126,DEN,HOU,21900685282,11390,0,203115|203924|203999|1628420|1628470,1,REG,2020,,,,,,,PF,Athletic Finisher,-0.76,203999.0
Shot Chart Detail,21900685,310,203924,Jerami Grant,1610612743,Denver Nuggets,2,3,6,Made Shot,Alley Oop Layup shot,2PT Field Goal,Restricted Area,Center(C),Less Than 8 ft.,3,-17,28,1,1,20200126,DEN,HOU,21900685310,12540,0,203914|203924|203999|1628420|1628470,1,REG,2020,1627863,-2.0,SF,Helper,0.12,Grant 3' Alley Oop Layup (16 PTS) (Jokic 6 AST),PF,Athletic Finisher,-0.76,203999.0
Shot Chart Detail,21900685,389,203924,Jerami Grant,1610612743,Denver Nuggets,3,11,3,Made Shot,Reverse Layup Shot,2PT Field Goal,Restricted Area,Center(C),Less Than 8 ft.,2,13,26,1,1,20200126,DEN,HOU,21900685389,14970,0,203115|203914|203924|203999|1628470,1,REG,2020,,,,,,,PF,Athletic Finisher,-0.76,203914.0
Shot Chart Detail,21900685,393,203924,Jerami Grant,1610612743,Denver Nuggets,3,10,27,Missed Shot,Floating Jump shot,2PT Field Goal,Restricted Area,Center(C),Less Than 8 ft.,2,1,26,1,0,20200126,DEN,HOU,21900685393,15330,0,203115|203914|203924|203999|1628470,0,REG,2020,200782,-1.0,PF,Wing Stopper,0.47,MISS Grant 3' Floating Jump Shot,PF,Athletic Finisher,-0.76,
Shot Chart Detail,21900685,452,203924,Jerami Grant,1610612743,Denver Nuggets,3,7,2,Made Shot,Dunk Shot,2PT Field Goal,Restricted Area,Center(C),Less Than 8 ft.,1,-5,9,1,1,20200126,DEN,HOU,21900685452,17380,0,203115|203914|203924|203999|1628470,1,REG,2020,1627863|201566,,,,,,PF,Athletic Finisher,-0.76,203999.0
Shot Chart Detail,21900685,576,203924,Jerami Grant,1610612743,Denver Nuggets,4,10,15,Missed Shot,Jump Shot,2PT Field Goal,Mid-Range,Left Side Center(LC),16-24 ft.,20,-113,168,1,0,20200126,DEN,HOU,21900685576,22650,0,203914|203924|1627736|1628420|1629008,0,REG,2020,200782,1.0,PF,Wing Stopper,0.47,MISS Grant 20' Jump Shot,PF,Athletic Finisher,-0.76,
Shot Chart Detail,21900685,600,203924,Jerami Grant,1610612743,Denver Nuggets,4,8,4,Missed Shot,Turnaround Jump Shot,2PT Field Goal,In The Paint (Non-RA),Center(C),Less Than 8 ft.,6,-63,29,1,0,20200126,DEN,HOU,21900685600,23960,0,203924|1627736|1628420|1628470|1629008,0,REG,2020,201569,5.0,SF,Chaser,-2.11,MISS Grant 7' Turnaround Jump Shot,PF,Athletic Finisher,-0.76,
Shot Chart Detail,21900704,82,203924,Jerami Grant,1610612743,Denver Nuggets,1,5,8,Missed Shot,Driving Layup Shot,2PT Field Goal,Restricted Area,Center(C),Less Than 8 ft.,2,-12,27,1,0,20200128,MEM,DEN,2190070482,4120,0,203115|203914|203924|203999|1629008,0,REG,2020,202685|203937,-4.0,,,,,PF,Athletic Finisher,-0.76,
Shot Chart Detail,21900704,131,203924,Jerami Grant,1610612743,Denver Nuggets,1,2,1,Missed Shot,Pullup Jump shot,2PT Field Goal,Mid-Range,Center(C),16-24 ft.,20,-6,201,1,0,20200128,MEM,DEN,21900704131,5990,0,203924|1627736|1627823|1628420|1629008,0,REG,2020,1628991,-11.0,C,Anchor Big,0.74,MISS Grant 20' Pullup Jump Shot,PF,Athletic Finisher,-0.76,
Shot Chart Detail,21900704,151,203924,Jerami Grant,1610612743,Denver Nuggets,1,0,1,Missed Shot,Running Layup Shot,2PT Field Goal,Restricted Area,Center(C),Less Than 8 ft.,0,5,8,1,0,20200128,MEM,DEN,21900704151,7190,0,203924|1627736|1627823|1628420|1629008,0,REG,2020,1628991|1629634,-13.0,,,,,PF,Athletic Finisher,-0.76,
Shot Chart Detail,21900704,160,203924,Jerami Grant,1610612743,Denver Nuggets,2,11,43,Made Shot,Reverse Layup Shot,2PT Field Goal,Restricted Area,Center(C),Less Than 8 ft.,1,-11,11,1,1,20200128,MEM,DEN,21900704160,7370,0,203924|1627736|1627823|1628420|1629008,1,REG,2020,1628991,-11.0,C,Anchor Big,0.74,Grant 2' Reverse Layup (2 PTS) (Porter Jr. 1 AST),PF,Athletic Finisher,-0.76,1629008.0
Shot Chart Detail,21900704,168,203924,Jerami Grant,1610612743,Denver Nuggets,2,10,52,Made Shot,Jump Shot,3PT Field Goal,Above the Break 3,Right Side Center(RC),24+ ft.,26,85,252,1,1,20200128,MEM,DEN,21900704168,7880,0,203924|1627736|1627823|1628420|1629008,1,REG,2020,1629630,-10.0,PG,Point of Attack,-0.87,Grant 27' 3PT Jump Shot (5 PTS) (Morris 2 AST),PF,Athletic Finisher,-0.76,1628420.0
Shot Chart Detail,21900704,275,203924,Jerami Grant,1610612743,Denver Nuggets,2,2,28,Missed Shot,Jump Shot,3PT Field Goal,Above the Break 3,Right Side Center(RC),24+ ft.,25,152,209,1,0,20200128,MEM,DEN,21900704275,12920,0,203115|203914|203924|203999|1628420,0,REG,2020,1629634,-13.0,PF,Helper,-0.03,MISS Grant 26' 3PT Jump Shot,PF,Athletic Finisher,-0.76,
Shot Chart Detail,21900704,376,203924,Jerami Grant,1610612743,Denver Nuggets,3,7,29,Made Shot,Jump Shot,3PT Field Goal,Above the Break 3,Right Side Center(RC),24+ ft.,26,92,248,1,1,20200128,MEM,DEN,21900704376,17110,0,203115|203914|203924|203999|1628420,1,REG,2020,1628991,-14.0,C,Anchor Big,0.74,Grant 26' 3PT Jump Shot (8 PTS) (Morris 3 AST),PF,Athletic Finisher,-0.76,1628420.0
Shot Chart Detail,21900704,398,203924,Jerami Grant,1610612743,Denver Nuggets,3,5,29,Missed Shot,Driving Layup Shot,2PT Field Goal,Restricted Area,Center(C),Less Than 8 ft.,2,-22,8,1,0,20200128,MEM,DEN,21900704398,18310,0,203115|203924|203999|1628420|1629008,0,REG,2020,1629634,-16.0,PF,Helper,-0.03,Clarke BLOCK (1 BLK),PF,Athletic Finisher,-0.76,
Shot Chart Detail,21900704,481,203924,Jerami Grant,1610612743,Denver Nuggets,4,11,25,Made Shot,Jump Shot,3PT Field Goal,Right Corner 3,Right Side(R),24+ ft.,24,236,53,1,1,20200128,MEM,DEN,21900704481,21950,0,203924|1627736|1627823|1628420|1629008,1,REG,2020,1629723,-16.0,,,,Grant 24' 3PT Jump Shot (11 PTS) (Morris 4 AST),PF,Athletic Finisher,-0.76,1628420.0
Shot Chart Detail,21900704,485,203924,Jerami Grant,1610612743,Denver Nuggets,4,10,51,Made Shot,Jump Shot,3PT Field Goal,Above the Break 3,Left Side Center(LC),24+ ft.,24,-157,193,1,1,20200128,MEM,DEN,21900704485,22290,0,203924|1627736|1627823|1628420|1629008,1,REG,2020,1628991,-15.0,C,Anchor Big,0.74,Grant 25' 3PT Jump Shot (14 PTS) (Morris 5 AST),PF,Athletic Finisher,-0.76,1628420.0
Shot Chart Detail,21900704,495,203924,Jerami Grant,1610612743,Denver Nuggets,4,9,51,Missed Shot,Driving Layup Shot,2PT Field Goal,Restricted Area,Center(C),Less Than 8 ft.,2,-22,6,1,0,20200128,MEM,DEN,21900704495,22890,0,203924|1627736|1627823|1628420|1629008,0,REG,2020,1628991|1629723,-17.0,,,,,PF,Athletic Finisher,-0.76,
Shot Chart Detail,21900704,501,203924,Jerami Grant,1610612743,Denver Nuggets,4,9,37,Missed Shot,Tip Layup Shot,2PT Field Goal,Restricted Area,Center(C),Less Than 8 ft.,0,0,-6,1,0,20200128,MEM,DEN,21900704501,23030,0,203924|1627736|1627823|1628420|1629008,0,REG,2020,1629630,-17.0,PG,Point of Attack,-0.87,MISS Grant 1' Tip Layup Shot,PF,Athletic Finisher,-0.76,
Shot Chart Detail,21900704,564,203924,Jerami Grant,1610612743,Denver Nuggets,4,5,13,Missed Shot,Driving Floating Jump Shot,2PT Field Goal,In The Paint (Non-RA),Right Side(R),8-16 ft.,8,43,72,1,0,20200128,MEM,DEN,21900704564,25670,0,203115|203914|203924|203999|1628420,0,REG,2020,1629634,-16.0,PF,Helper,-0.03,MISS Grant 8' Driving Floating Jump Shot,PF,Athletic Finisher,-0.76,
Shot Chart Detail,21900704,593,203924,Jerami Grant,1610612743,Denver Nuggets,4,3,15,Made Shot,Jump Shot,3PT Field Goal,Above the Break 3,Right Side Center(RC),24+ ft.,25,145,211,1,1,20200128,MEM,DEN,21900704593,26850,0,203115|203914|203924|203999|1628420,1,REG,2020,1628991,-12.0,C,Anchor Big,0.74,Grant 26' 3PT Jump Shot (18 PTS) (Morris 6 AST),PF,Athletic Finisher,-0.76,1628420.0
Shot Chart Detail,21900704,604,203924,Jerami Grant,1610612743,Denver Nuggets,4,2,18,Made Shot,Jump Shot,3PT Field Goal,Above the Break 3,Left Side Center(LC),24+ ft.,25,-116,226,1,1,20200128,MEM,DEN,21900704604,27420,0,203115|203914|203924|203999|1628420,1,REG,2020,1628991,-11.0,C,Anchor Big,0.74,Grant 25' 3PT Jump Shot (21 PTS) (Barton 5 AST),PF,Athletic Finisher,-0.76,203115.0
Shot Chart Detail,21900704,625,203924,Jerami Grant,1610612743,Denver Nuggets,4,1,3,Missed Shot,Jump Shot,3PT Field Goal,Above the Break 3,Center(C),24+ ft.,25,13,251,1,0,20200128,MEM,DEN,21900704625,28170,0,203115|203914|203924|203999|1628420,0,REG,2020,1628991,-9.0,C,Anchor Big,0.74,MISS Grant 25' 3PT Jump Shot,PF,Athletic Finisher,-0.76,
Shot Chart Detail,21900704,656,203924,Jerami Grant,1610612743,Denver Nuggets,4,0,42,Missed Shot,Jump Shot,3PT Field Goal,Above the Break 3,Center(C),24+ ft.,25,-40,247,1,0,20200128,MEM,DEN,21900704656,28380,0,203115|203914|203924|203999|1628420,0,REG,2020,1628991,-9.0,C,Anchor Big,0.74,Jackson Jr. BLOCK (7 BLK),PF,Athletic Finisher,-0.76,
Shot Chart Detail,21900718,23,203924,Jerami Grant,1610612743,Denver Nuggets,1,10,31,Missed Shot,Running Layup Shot,2PT Field Goal,Restricted Area,Center(C),Less Than 8 ft.,2,2,21,1,0,20200130,DEN,UTA,2190071823,890,0,203115|203924|203999|1628420|1628470,0,REG,2020,202711,-2.0,SF,Low Activity,-1.38,MISS Grant 2' Running Layup,PF,Athletic Finisher,-0.76,
Shot Chart Detail,21900718,57,203924,Jerami Grant,1610612743,Denver Nuggets,1,6,33,Made Shot,Pullup Jump shot,2PT Field Goal,Mid-Range,Center(C),8-16 ft.,14,35,142,1,1,20200130,DEN,UTA,2190071857,3270,0,203115|203924|203999|1628420|1629008,1,REG,2020,202711,3.0,SF,Low Activity,-1.38,Grant 15' Pullup Jump Shot (2 PTS) (Jokic 3 AST),PF,Athletic Finisher,-0.76,203999.0
Shot Chart Detail,21900718,245,203924,Jerami Grant,1610612743,Denver Nuggets,2,5,5,Missed Shot,Jump Shot,3PT Field Goal,Above the Break 3,Center(C),24+ ft.,26,44,260,1,0,20200130,DEN,UTA,21900718245,11350,0,203115|203924|1627736|1628420|1628470,0,REG,2020,1626220,-9.0,SF,Wing Stopper,1.24,MISS Grant 26' 3PT Jump Shot,PF,Athletic Finisher,-0.76,
Shot Chart Detail,21900718,261,203924,Jerami Grant,1610612743,Denver Nuggets,2,3,53,Made Shot,Hook Bank Shot,2PT Field Goal,Restricted Area,Center(C),Less Than 8 ft.,1,-11,8,1,1,20200130,DEN,UTA,21900718261,12070,0,203115|203924|1627736|1628420|1628470,0,REG,2020,1626220|203497,-6.0,,,,,PF,Athletic Finisher,-0.76,
Shot Chart Detail,21900718,280,203924,Jerami Grant,1610612743,Denver Nuggets,2,2,13,Made Shot,Floating Jump shot,2PT Field Goal,In The Paint (Non-RA),Center(C),Less Than 8 ft.,7,-5,77,1,1,20200130,DEN,UTA,21900718280,13070,0,203115|203924|203999|1628420|1628470,1,REG,2020,202711|203497,-4.0,,,,,PF,Athletic Finisher,-0.76,203999.0
Shot Chart Detail,21900718,344,203924,Jerami Grant,1610612743,Denver Nuggets,3,7,51,Missed Shot,Jump Shot,3PT Field Goal,Above the Break 3,Right Side Center(RC),24+ ft.,25,143,209,1,0,20200130,DEN,UTA,21900718344,16890,0,203115|203924|203999|1628420|1628470,0,REG,2020,204060,-7.0,PF,Chaser,0.68,MISS Grant 25' 3PT Jump Shot,PF,Athletic Finisher,-0.76,
Shot Chart Detail,21900718,351,203924,Jerami Grant,1610612743,Denver Nuggets,3,6,40,Made Shot,Jump Shot,3PT Field Goal,Right Corner 3,Right Side(R),24+ ft.,22,228,8,1,1,20200130,DEN,UTA,21900718351,17600,0,203115|203924|203999|1628420|1628470,1,REG,2020,202711,-6.0,SF,Low Activity,-1.38,Grant 3PT Jump Shot (9 PTS) (Jokic 7 AST),PF,Athletic Finisher,-0.76,203999.0
Shot Chart Detail,21900718,466,203924,Jerami Grant,1610612743,Denver Nuggets,4,10,40,Missed Shot,Jump Shot,3PT Field Goal,Above the Break 3,Right Side Center(RC),24+ ft.,25,90,236,1,0,20200130,DEN,UTA,21900718466,22400,0,203924|1627736|1628408|1628470|1629008,0,REG,2020,1628378,9.0,SG,Chaser,-0.5,MISS Grant 25' 3PT Jump Shot,PF,Athletic Finisher,-0.76,
Shot Chart Detail,21900718,476,203924,Jerami Grant,1610612743,Denver Nuggets,4,10,20,Missed Shot,Jump Shot,3PT Field Goal,Above the Break 3,Left Side Center(LC),24+ ft.,26,-148,216,1,0,20200130,DEN,UTA,21900718476,22600,0,203924|1627736|1628408|1628470|1629008,0,REG,2020,203497,10.0,C,Anchor Big,3.05,MISS Grant 26' 3PT Jump Shot,PF,Athletic Finisher,-0.76,
Shot Chart Detail,21900718,481,203924,Jerami Grant,1610612743,Denver Nuggets,4,10,4,Made Shot,Jump Shot,3PT Field Goal,Above the Break 3,Right Side Center(RC),24+ ft.,25,112,233,1,1,20200130,DEN,UTA,21900718481,22760,0,203924|1627736|1628408|1628470|1629008,1,REG,2020,1628378,13.0,SG,Chaser,-0.5,Grant 26' 3PT Jump Shot (14 PTS) (Dozier 1 AST),PF,Athletic Finisher,-0.76,1628408.0
Shot Chart Detail,21900724,61,203924,Jerami Grant,1610612743,Denver Nuggets,1,7,26,Missed Shot,Jump Shot,3PT Field Goal,Right Corner 3,Right Side(R),24+ ft.,23,231,58,1,0,20200131,MIL,DEN,2190072461,2740,0,203115|203924|203999|1628420|1628470,0,REG,2020,203507,-12.0,PF,Helper,2.5,MISS Grant 24' 3PT Jump Shot,PF,Athletic Finisher,-0.76,
Shot Chart Detail,21900724,142,203924,Jerami Grant,1610612743,Denver Nuggets,1,1,52,Missed Shot,Jump Shot,3PT Field Goal,Right Corner 3,Right Side(R),24+ ft.,24,238,38,1,0,20200131,MIL,DEN,21900724142,6080,0,203924|1627736|1627823|1628408|1629008,0,REG,2020,201572,-11.0,C,Anchor Big,2.81,MISS Grant 24' 3PT Jump Shot,PF,Athletic Finisher,-0.76,
Shot Chart Detail,21900724,146,203924,Jerami Grant,1610612743,Denver Nuggets,1,1,28,Missed Shot,Pullup Jump shot,2PT Field Goal,In The Paint (Non-RA),Center(C),8-16 ft.,15,-66,136,1,0,20200131,MIL,DEN,21900724146,6320,0,203924|1627736|1627823|1628408|1629008,0,REG,2020,201572,-11.0,C,Anchor Big,2.81,MISS Grant 15' Pullup Jump Shot,PF,Athletic Finisher,-0.76,
Shot Chart Detail,21900724,198,203924,Jerami Grant,1610612743,Denver Nuggets,2,11,19,Made Shot,Jump Shot,3PT Field Goal,Above the Break 3,Center(C),24+ ft.,26,9,268,1,1,20200131,MIL,DEN,21900724198,7610,0,203924|1627736|1627823|1628408|1629008,1,REG,2020,,,,,,,PF,Athletic Finisher,-0.76,1628408.0
Shot Chart Detail,21900724,317,203924,Jerami Grant,1610612743,Denver Nuggets,2,3,54,Made Shot,Jump Shot,2PT Field Goal,Mid-Range,Right Side(R),16-24 ft.,16,160,-4,1,1,20200131,MIL,DEN,21900724317,12060,0,203115|203924|203999|1628420|1628470,1,REG,2020,202083,-9.0,SG,Wing Stopper,1.02,Grant 16' Jump Shot (5 PTS) (Craig 1 AST),PF,Athletic Finisher,-0.76,1628470.0
Shot Chart Detail,21900724,390,203924,Jerami Grant,1610612743,Denver Nuggets,3,11,4,Missed Shot,Jump Shot,3PT Field Goal,Above the Break 3,Center(C),24+ ft.,25,23,258,1,0,20200131,MIL,DEN,21900724390,14960,0,203115|203924|203999|1628420|1628470,0,REG,2020,,,,,,,PF,Athletic Finisher,-0.76,
Shot Chart Detail,21900724,394,203924,Jerami Grant,1610612743,Denver Nuggets,3,10,38,Missed Shot,Driving Floating Jump Shot,2PT Field Goal,In The Paint (Non-RA),Center(C),Less Than 8 ft.,6,-6,66,1,0,20200131,MIL,DEN,21900724394,15220,0,203115|203924|203999|1628420|1628470,0,REG,2020,201572,-6.0,C,Anchor Big,2.81,MISS Grant 7' Driving Floating Jump Shot,PF,Athletic Finisher,-0.76,
Shot Chart Detail,21900724,419,203924,Jerami Grant,1610612743,Denver Nuggets,3,9,8,Missed Shot,Driving Reverse Layup Shot,2PT Field Goal,Restricted Area,Center(C),Less Than 8 ft.,3,6,36,1,0,20200131,MIL,DEN,21900724419,16120,0,203115|203924|203999|1628420|1628470,0,REG,2020,201572,-5.0,C,Anchor Big,2.81,MISS Grant 4' Driving Reverse Layup,PF,Athletic Finisher,-0.76,
Shot Chart Detail,21900724,437,203924,Jerami Grant,1610612743,Denver Nuggets,3,7,54,Missed Shot,Jump Shot,3PT Field Goal,Above the Break 3,Right Side Center(RC),24+ ft.,27,128,247,1,0,20200131,MIL,DEN,21900724437,16860,0,203115|203924|1628420|1628470|1629008,0,REG,2020,201572,-2.0,C,Anchor Big,2.81,MISS Grant 28' 3PT Jump Shot,PF,Athletic Finisher,-0.76,
Shot Chart Detail,21900724,460,203924,Jerami Grant,1610612743,Denver Nuggets,3,6,37,Missed Shot,Jump Shot,3PT Field Goal,Above the Break 3,Center(C),24+ ft.,27,1,278,1,0,20200131,MIL,DEN,21900724460,17630,0,203115|203924|1627736|1628420|1629008,0,REG,2020,202083,-3.0,SG,Wing Stopper,1.02,MISS Grant 28' 3PT Jump Shot,PF,Athletic Finisher,-0.76,
Shot Chart Detail,21900724,476,203924,Jerami Grant,1610612743,Denver Nuggets,3,4,59,Made Shot,Jump Shot,3PT Field Goal,Above the Break 3,Right Side Center(RC),24+ ft.,26,149,222,1,1,20200131,MIL,DEN,21900724476,18610,0,203115|203924|1627736|1628420|1629008,1,REG,2020,201572,4.0,C,Anchor Big,2.81,Grant 27' 3PT Jump Shot (8 PTS) (Barton 6 AST),PF,Athletic Finisher,-0.76,203115.0
Shot Chart Detail,21900724,480,203924,Jerami Grant,1610612743,Denver Nuggets,3,4,19,Made Shot,Driving Finger Roll Layup Shot,2PT Field Goal,Restricted Area,Center(C),Less Than 8 ft.,0,6,4,1,1,20200131,MIL,DEN,21900724480,19010,0,203115|203924|1627736|1628420|1629008,1,REG,2020,201572,3.0,C,Anchor Big,2.81,Grant 1' Driving Finger Roll Layup (10 PTS) (Barton 7 AST),PF,Athletic Finisher,-0.76,203115.0
Shot Chart Detail,21900737,97,203924,Jerami Grant,1610612743,Denver Nuggets,1,4,31,Made Shot,Jump Shot,3PT Field Goal,Above the Break 3,Center(C),24+ ft.,25,20,251,1,1,20200202,DET,DEN,2190073797,4490,0,203115|203914|203924|1627823|1628420,1,REG,2020,1626174,21.0,PF,Anchor Big,0.73,Grant 25' 3PT Jump Shot (3 PTS) (Morris 4 AST),PF,Athletic Finisher,-0.76,1628420.0
Shot Chart Detail,21900737,104,203924,Jerami Grant,1610612743,Denver Nuggets,1,3,45,Made Shot,Jump Shot,2PT Field Goal,Mid-Range,Center(C),16-24 ft.,18,-5,188,1,1,20200202,DET,DEN,21900737104,4950,0,203115|203914|203924|1627823|1628420,1,REG,2020,1626174,19.0,PF,Anchor Big,0.73,Grant 19' Jump Shot (5 PTS) (Hernangomez 1 AST),PF,Athletic Finisher,-0.76,1627823.0
Shot Chart Detail,21900737,235,203924,Jerami Grant,1610612743,Denver Nuggets,2,7,13,Missed Shot,Jump Shot,3PT Field Goal,Left Corner 3,Left Side(L),24+ ft.,22,-223,11,1,0,20200202,DET,DEN,21900737235,10070,0,203914|203924|203999|1627736|1628408,0,REG,2020,203503,9.0,SF,Wing Stopper,-0.96,MISS Grant 3PT Jump Shot,PF,Athletic Finisher,-0.76,
Shot Chart Detail,21900737,320,203924,Jerami Grant,1610612743,Denver Nuggets,2,0,44,Missed Shot,Jump Shot,3PT Field Goal,Left Corner 3,Left Side(L),24+ ft.,22,-227,4,1,0,20200202,DET,DEN,21900737320,13960,0,203115|203914|203924|1628420|1628470,0,REG,2020,1626174,-1.0,PF,Anchor Big,0.73,MISS Grant 3PT Jump Shot,PF,Athletic Finisher,-0.76,
Shot Chart Detail,21900737,342,203924,Jerami Grant,1610612743,Denver Nuggets,3,11,18,Missed Shot,Jump Shot,2PT Field Goal,Mid-Range,Left Side Center(LC),16-24 ft.,16,-137,100,1,0,20200202,DET,DEN,21900737342,14820,0,203115|203924|203999|1628420|1628470,0,REG,2020,1629635,-3.0,PF,Helper,-0.83,MISS Grant 17' Jump Shot,PF,Athletic Finisher,-0.76,
Shot Chart Detail,21900737,358,203924,Jerami Grant,1610612743,Denver Nuggets,3,9,47,Missed Shot,Jump Shot,3PT Field Goal,Right Corner 3,Right Side(R),24+ ft.,22,225,2,1,0,20200202,DET,DEN,21900737358,15730,0,203115|203924|203999|1628420|1628470,0,REG,2020,1629004,-6.0,SF,Low Activity,-0.27,MISS Grant 3PT Jump Shot,PF,Athletic Finisher,-0.76,
Shot Chart Detail,21900737,431,203924,Jerami Grant,1610612743,Denver Nuggets,3,3,35,Missed Shot,Jump Shot,3PT Field Goal,Right Corner 3,Right Side(R),24+ ft.,23,236,-12,1,0,20200202,DET,DEN,21900737431,19450,0,203115|203924|203999|1627736|1628420,0,REG,2020,203503,-3.0,SF,Wing Stopper,-0.96,MISS Grant 24' 3PT Jump Shot,PF,Athletic Finisher,-0.76,
Shot Chart Detail,21900737,504,203924,Jerami Grant,1610612743,Denver Nuggets,4,11,7,Missed Shot,Tip Layup Shot,2PT Field Goal,Restricted Area,Center(C),Less Than 8 ft.,0,0,-6,1,0,20200202,DET,DEN,21900737504,22130,0,203914|203924|1627736|1627823|1628408,0,REG,2020,203083|202704,-1.0,,,,,PF,Athletic Finisher,-0.76,
Shot Chart Detail,21900737,517,203924,Jerami Grant,1610612743,Denver Nuggets,4,9,56,Made Shot,Jump Shot,2PT Field Goal,Mid-Range,Center(C),16-24 ft.,22,-62,215,1,1,20200202,DET,DEN,21900737517,22840,0,203914|203924|1627736|1627823|1628408,1,REG,2020,203083,-3.0,C,Anchor Big,2.53,Grant 22' Jump Shot (9 PTS) (Dozier 1 AST),PF,Athletic Finisher,-0.76,1628408.0
Shot Chart Detail,21900737,675,203924,Jerami Grant,1610612743,Denver Nuggets,5,1,1,Made Shot,Jump Shot,3PT Field Goal,Above the Break 3,Left Side Center(LC),24+ ft.,26,-150,218,1,1,20200202,DET,DEN,21900737675,31190,1,203115|203914|203924|203999|1628420,1,REG,2020,1627748,-4.0,C,Anchor Big,0.57,Grant 26' 3PT Jump Shot (12 PTS) (Jokic 10 AST),PF,Athletic Finisher,-0.76,203999.0
Shot Chart Detail,21900737,681,203924,Jerami Grant,1610612743,Denver Nuggets,5,0,44,Made Shot,Layup Shot,2PT Field Goal,Restricted Area,Center(C),Less Than 8 ft.,1,13,12,1,1,20200202,DET,DEN,21900737681,31360,1,203115|203914|203924|203999|1628420,1,REG,2020,203503,-4.0,SF,Wing Stopper,-0.96,Grant 2' Layup (14 PTS) (Jokic 11 AST),PF,Athletic Finisher,-0.76,203999.0
Shot Chart Detail,21900753,42,203924,Jerami Grant,1610612743,Denver Nuggets,1,8,33,Made Shot,Jump Shot,3PT Field Goal,Right Corner 3,Right Side(R),24+ ft.,23,226,52,1,1,20200204,DEN,POR,2190075342,2070,0,203115|203914|203924|203999|1627750,1,REG,2020,2546,4.0,PF,Helper,-0.78,Grant 3PT Jump Shot (3 PTS) (Harris 1 AST),PF,Athletic Finisher,-0.76,203914.0
Shot Chart Detail,21900753,169,203924,Jerami Grant,1610612743,Denver Nuggets,2,11,46,Made Shot,Cutting Dunk Shot,2PT Field Goal,Restricted Area,Center(C),Less Than 8 ft.,1,-3,10,1,1,20200204,DEN,POR,21900753169,7340,0,203924|1627736|1627823|1628420|1628470,1,REG,2020,1629014,11.0,SG,Point of Attack,-2.82,Grant 1' Cutting Dunk Shot (7 PTS) (Morris 3 AST),PF,Athletic Finisher,-0.76,1628420.0
Shot Chart Detail,21900753,196,203924,Jerami Grant,1610612743,Denver Nuggets,2,8,56,Missed Shot,Jump Shot,2PT Field Goal,Mid-Range,Left Side(L),8-16 ft.,15,-134,76,1,0,20200204,DEN,POR,21900753196,9040,0,203924|1627736|1627823|1628420|1628470,0,REG,2020,1629117,11.0,PF,Helper,0.42,MISS Grant 15' Jump Shot,PF,Athletic Finisher,-0.76,
Shot Chart Detail,21900753,204,203924,Jerami Grant,1610612743,Denver Nuggets,2,8,22,Missed Shot,Layup Shot,2PT Field Goal,Restricted Area,Center(C),Less Than 8 ft.,1,13,4,1,0,20200204,DEN,POR,21900753204,9380,0,203924|1627736|1627823|1628420|1628470,0,REG,2020,203468,11.0,SG,Chaser,-1.93,MISS Grant 1' Layup,PF,Athletic Finisher,-0.76,
Shot Chart Detail,21900753,298,203924,Jerami Grant,1610612743,Denver Nuggets,2,2,50,Made Shot,Dunk Shot,2PT Field Goal,Restricted Area,Center(C),Less Than 8 ft.,1,-7,8,1,1,20200204,DEN,POR,21900753298,12700,0,203115|203914|203924|203999|1627750,0,REG,2020,203468|203081,,,,,,PF,Athletic Finisher,-0.76,
Shot Chart Detail,21900753,301,203924,Jerami Grant,1610612743,Denver Nuggets,2,2,20,Made Shot,Jump Shot,3PT Field Goal,Above the Break 3,Left Side Center(LC),24+ ft.,26,-170,199,1,1,20200204,DEN,POR,21900753301,13000,0,203115|203914|203924|203999|1627750,1,REG,2020,,,,,,,PF,Athletic Finisher,-0.76,1627750.0
Shot Chart Detail,21900753,305,203924,Jerami Grant,1610612743,Denver Nuggets,2,1,50,Missed Shot,Running Layup Shot,2PT Field Goal,Restricted Area,Center(C),Less Than 8 ft.,2,-14,15,1,0,20200204,DEN,POR,21900753305,13300,0,203115|203914|203924|203999|1627750,0,REG,2020,2546,24.0,PF,Helper,-0.78,MISS Grant 2' Running Layup,PF,Athletic Finisher,-0.76,
Shot Chart Detail,21900753,317,203924,Jerami Grant,1610612743,Denver Nuggets,2,0,38,Made Shot,Dunk Shot,2PT Field Goal,Restricted Area,Center(C),Less Than 8 ft.,1,-5,15,1,1,20200204,DEN,POR,21900753317,14020,0,203115|203914|203924|203999|1627750,1,REG,2020,203468,,SG,Chaser,-1.93,Grant 2' Dunk (14 PTS) (Murray 3 AST),PF,Athletic Finisher,-0.76,1627750.0
Shot Chart Detail,21900753,408,203924,Jerami Grant,1610612743,Denver Nuggets,3,3,56,Missed Shot,Jump Shot,3PT Field Goal,Above the Break 3,Right Side Center(RC),24+ ft.,25,159,193,1,0,20200204,DEN,POR,21900753408,19240,0,203115|203914|203924|203999|1628420,0,REG,2020,2546,29.0,PF,Helper,-0.78,MISS Grant 25' 3PT Jump Shot,PF,Athletic Finisher,-0.76,
Shot Chart Detail,21900753,512,203924,Jerami Grant,1610612743,Denver Nuggets,4,11,10,Made Shot,Jump Shot,3PT Field Goal,Above the Break 3,Right Side Center(RC),24+ ft.,25,115,230,1,1,20200204,DEN,POR,21900753512,22100,0,203924|1627736|1627823|1628420|1628470,1,REG,2020,1628403,31.0,PF-C,Anchor Big,0.27,Grant 26' 3PT Jump Shot (17 PTS) (Beasley 1 AST),PF,Athletic Finisher,-0.76,1627736.0
Shot Chart Detail,21900753,520,203924,Jerami Grant,1610612743,Denver Nuggets,4,10,14,Missed Shot,Jump Shot,3PT Field Goal,Above the Break 3,Right Side Center(RC),24+ ft.,25,89,243,1,0,20200204,DEN,POR,21900753520,22660,0,203924|1627736|1627823|1628420|1628470,0,REG,2020,1626209,29.0,PF,Wing Stopper,-0.17,MISS Grant 26' 3PT Jump Shot,PF,Athletic Finisher,-0.76,
Shot Chart Detail,21900784,28,203924,Jerami Grant,1610612743,Denver Nuggets,1,9,4,Made Shot,Driving Layup Shot,2PT Field Goal,Restricted Area,Center(C),Less Than 8 ft.,0,1,3,1,1,20200208,PHX,DEN,2190078428,1760,0,203914|203924|203999|1627750|1628470,1,REG,2020,1626162,3.0,SF,Wing Stopper,1.1,Grant Driving Layup (2 PTS) (Jokic 2 AST),PF,Athletic Finisher,-0.76,203999.0
Shot Chart Detail,21900784,225,203924,Jerami Grant,1610612743,Denver Nuggets,2,6,2,Missed Shot,Jump Shot,3PT Field Goal,Right Corner 3,Right Side(R),24+ ft.,24,231,79,1,0,20200208,PHX,DEN,21900784225,10780,0,203924|203999|1627750|1628420|1628470,0,REG,2020,1629028,-3.0,C,Anchor Big,0.12,MISS Grant 24' 3PT Jump Shot,PF,Athletic Finisher,-0.76,
Shot Chart Detail,21900784,248,203924,Jerami Grant,1610612743,Denver Nuggets,2,4,13,Missed Shot,Jump Shot,3PT Field Goal,Above the Break 3,Right Side Center(RC),24+ ft.,25,171,189,1,0,20200208,PHX,DEN,21900784248,11870,0,203924|203999|1627750|1628420|1628470,0,REG,2020,1626162,-5.0,SF,Wing Stopper,1.1,MISS Grant 25' 3PT Jump Shot,PF,Athletic Finisher,-0.76,
Shot Chart Detail,21900784,338,203924,Jerami Grant,1610612743,Denver Nuggets,3,10,25,Made Shot,Driving Layup Shot,2PT Field Goal,Restricted Area,Center(C),Less Than 8 ft.,2,-23,2,1,1,20200208,PHX,DEN,21900784338,15350,0,203914|203924|203999|1627750|1628470,0,REG,2020,1626164,1.0,SG,Chaser,-1.4,Grant 2' Driving Layup (6 PTS),PF,Athletic Finisher,-0.76,
Shot Chart Detail,21900784,555,203924,Jerami Grant,1610612743,Denver Nuggets,4,6,24,Made Shot,Layup Shot,2PT Field Goal,Restricted Area,Center(C),Less Than 8 ft.,0,5,2,1,1,20200208,PHX,DEN,21900784555,24960,0,203924|203999|1627750|1628420|1628470,0,REG,2020,1629028,6.0,C,Anchor Big,0.12,Grant 1' Layup (8 PTS),PF,Athletic Finisher,-0.76,
Shot Chart Detail,21900784,576,203924,Jerami Grant,1610612743,Denver Nuggets,4,5,9,Made Shot,Cutting Dunk Shot,2PT Field Goal,Restricted Area,Center(C),Less Than 8 ft.,0,-1,7,1,1,20200208,PHX,DEN,21900784576,25710,0,203914|203924|203999|1627750|1628470,1,REG,2020,1626162,9.0,SF,Wing Stopper,1.1,Grant 1' Cutting Dunk Shot (10 PTS) (Jokic 6 AST),PF,Athletic Finisher,-0.76,203999.0
Shot Chart Detail,21900799,42,203924,Jerami Grant,1610612743,Denver Nuggets,1,8,6,Made Shot,Driving Layup Shot,2PT Field Goal,Restricted Area,Center(C),Less Than 8 ft.,3,-6,30,1,1,20200210,DEN,SAS,2190079942,2340,0,203914|203924|203999|1627750|1628470,1,REG,2020,1626168,-5.0,PF,Helper,0.74,Grant 3' Driving Layup (2 PTS) (Harris 1 AST),PF,Athletic Finisher,-0.76,203914.0
Shot Chart Detail,21900799,55,203924,Jerami Grant,1610612743,Denver Nuggets,1,6,45,Made Shot,Jump Shot,3PT Field Goal,Above the Break 3,Left Side Center(LC),24+ ft.,23,-143,192,1,1,20200210,DEN,SAS,2190079955,3150,0,203914|203924|203999|1627750|1628470,1,REG,2020,1626168,-8.0,PF,Helper,0.74,Grant 24' 3PT Jump Shot (5 PTS) (Jokic 1 AST),PF,Athletic Finisher,-0.76,203999.0
Shot Chart Detail,21900799,75,203924,Jerami Grant,1610612743,Denver Nuggets,1,4,59,Missed Shot,Jump Shot,2PT Field Goal,Mid-Range,Right Side(R),16-24 ft.,17,176,11,1,0,20200210,DEN,SAS,2190079975,4210,0,203924|203999|1628408|1628420|1628470,0,REG,2020,1626168,-10.0,PF,Helper,0.74,MISS Grant 18' Jump Shot,PF,Athletic Finisher,-0.76,
Shot Chart Detail,21900799,201,203924,Jerami Grant,1610612743,Denver Nuggets,2,7,38,Made Shot,Jump Shot,3PT Field Goal,Above the Break 3,Center(C),24+ ft.,24,-13,246,1,1,20200210,DEN,SAS,21900799201,9820,0,200794|203895|203924|1627750|1628420,1,REG,2020,1628401,-8.0,SG,Point of Attack,0.05,Grant 25' 3PT Jump Shot (8 PTS) (McRae 3 AST),PF,Athletic Finisher,-0.76,203895.0
Shot Chart Detail,21900799,352,203924,Jerami Grant,1610612743,Denver Nuggets,3,7,52,Missed Shot,Jump Shot,3PT Field Goal,Above the Break 3,Right Side Center(RC),24+ ft.,24,218,105,1,0,20200210,DEN,SAS,21900799352,16880,0,203914|203924|203999|1627750|1628470,0,REG,2020,1626168,-20.0,PF,Helper,0.74,MISS Grant 24' 3PT Jump Shot,PF,Athletic Finisher,-0.76,
Shot Chart Detail,21900799,356,203924,Jerami Grant,1610612743,Denver Nuggets,3,7,37,Missed Shot,Running Layup Shot,2PT Field Goal,Restricted Area,Center(C),Less Than 8 ft.,0,-8,4,1,0,20200210,DEN,SAS,21900799356,17030,0,203914|203924|203999|1627750|1628470,0,REG,2020,200746,-20.0,C,Anchor Big,0.71,MISS Grant 1' Running Layup,PF,Athletic Finisher,-0.76,
Shot Chart Detail,21900799,575,203924,Jerami Grant,1610612743,Denver Nuggets,4,3,45,Missed Shot,Jump Shot,3PT Field Goal,Left Corner 3,Left Side(L),24+ ft.,23,-231,44,1,0,20200210,DEN,SAS,21900799575,26550,0,203914|203924|203999|1627750|1628470,0,REG,2020,201158,4.0,SG,Low Activity,-1.08,MISS Grant 24' 3PT Jump Shot,PF,Athletic Finisher,-0.76,
Shot Chart Detail,21900817,22,203924,Jerami Grant,1610612743,Denver Nuggets,1,10,32,Missed Shot,Jump Shot,2PT Field Goal,Mid-Range,Right Side(R),8-16 ft.,13,138,15,1,0,20200212,DEN,LAL,2190081722,880,0,203914|203924|203999|1627750|1628470,0,REG,2020,203076,-4.0,PF,Helper,2.21,MISS Grant 14' Jump Shot,PF,Athletic Finisher,-0.76,
Shot Chart Detail,21900817,82,203924,Jerami Grant,1610612743,Denver Nuggets,1,4,57,Made Shot,Running Dunk Shot,2PT Field Goal,Restricted Area,Center(C),Less Than 8 ft.,0,-1,-1,1,1,20200212,DEN,LAL,2190081782,4230,0,203914|203924|203999|1627750|1628470,1,REG,2020,,,,,,,PF,Athletic Finisher,-0.76,1628470.0
Shot Chart Detail,21900817,243,203924,Jerami Grant,1610612743,Denver Nuggets,2,5,28,Missed Shot,Alley Oop Dunk Shot,2PT Field Goal,Restricted Area,Center(C),Less Than 8 ft.,2,-19,8,1,0,20200212,DEN,LAL,21900817243,11120,0,203914|203924|203999|1627750|1628470,0,REG,2020,203076,8.0,PF,Helper,2.21,MISS Grant 2' Alley Oop Dunk,PF,Athletic Finisher,-0.76,
Shot Chart Detail,21900817,248,203924,Jerami Grant,1610612743,Denver Nuggets,2,4,52,Missed Shot,Jump Shot,3PT Field Goal,Above the Break 3,Right Side Center(RC),24+ ft.,24,127,215,1,0,20200212,DEN,LAL,21900817248,11480,0,203914|203924|203999|1627750|1628470,0,REG,2020,203076,6.0,PF,Helper,2.21,MISS Grant 25' 3PT Jump Shot,PF,Athletic Finisher,-0.76,
Shot Chart Detail,21900817,343,203924,Jerami Grant,1610612743,Denver Nuggets,3,9,40,Made Shot,Jump Shot,3PT Field Goal,Above the Break 3,Right Side Center(RC),24+ ft.,23,221,92,1,1,20200212,DEN,LAL,21900817343,15800,0,203914|203924|203999|1627750|1628470,1,REG,2020,2544,-5.0,PG,Helper,0.6,Grant 24' 3PT Jump Shot (5 PTS) (Murray 6 AST),PF,Athletic Finisher,-0.76,1627750.0
Shot Chart Detail,21900817,365,203924,Jerami Grant,1610612743,Denver Nuggets,3,7,29,Missed Shot,Driving Floating Jump Shot,2PT Field Goal,In The Paint (Non-RA),Center(C),Less Than 8 ft.,6,66,19,1,0,20200212,DEN,LAL,21900817365,17110,0,203914|203924|203999|1627750|1628470,0,REG,2020,2544,0.0,PG,Helper,0.6,MISS Grant 7' Driving Floating Jump Shot,PF,Athletic Finisher,-0.76,
Shot Chart Detail,21900817,415,203924,Jerami Grant,1610612743,Denver Nuggets,3,4,20,Missed Shot,Turnaround Jump Shot,2PT Field Goal,Mid-Range,Left Side Center(LC),16-24 ft.,17,-87,157,1,0,20200212,DEN,LAL,21900817415,19000,0,200794|203924|1627750|1628408|1628420,0,REG,2020,200765,-2.0,PG,Chaser,-0.78,MISS Grant 18' Turnaround Jump Shot,PF,Athletic Finisher,-0.76,
Shot Chart Detail,21900817,422,203924,Jerami Grant,1610612743,Denver Nuggets,3,3,54,Made Shot,Driving Layup Shot,2PT Field Goal,Restricted Area,Center(C),Less Than 8 ft.,2,20,11,1,1,20200212,DEN,LAL,21900817422,19260,0,200794|203924|1627750|1628408|1628420,1,REG,2020,1628398,0.0,PF,Wing Stopper,-0.76,Grant 2' Driving Layup (9 PTS) (Millsap 3 AST),PF,Athletic Finisher,-0.76,200794.0
Shot Chart Detail,21900817,433,203924,Jerami Grant,1610612743,Denver Nuggets,3,2,54,Made Shot,Layup Shot,2PT Field Goal,Restricted Area,Center(C),Less Than 8 ft.,3,30,17,1,1,20200212,DEN,LAL,21900817433,19860,0,200794|203924|1627750|1628408|1628420,1,REG,2020,200765,0.0,PG,Chaser,-0.78,Grant 3' Layup (11 PTS) (Millsap 4 AST),PF,Athletic Finisher,-0.76,200794.0
Shot Chart Detail,21900817,548,203924,Jerami Grant,1610612743,Denver Nuggets,4,6,51,Made Shot,Driving Finger Roll Layup Shot,2PT Field Goal,Restricted Area,Center(C),Less Than 8 ft.,1,18,8,1,1,20200212,DEN,LAL,21900817548,24690,0,203914|203924|203999|1627750|1628420,1,REG,2020,1627936,-1.0,PG,Point of Attack,0.95,Grant 2' Driving Finger Roll Layup (13 PTS) (Morris 4 AST),PF,Athletic Finisher,-0.76,1628420.0
Shot Chart Detail,21900817,644,203924,Jerami Grant,1610612743,Denver Nuggets,4,1,0,Made Shot,Reverse Layup Shot,2PT Field Goal,Restricted Area,Center(C),Less Than 8 ft.,2,22,16,1,1,20200212,DEN,LAL,21900817644,28200,0,203914|203924|203999|1627750|1628470,1,REG,2020,202340,-2.0,SG,Point of Attack,-0.43,Grant 3' Reverse Layup (15 PTS) (Jokic 4 AST),PF,Athletic Finisher,-0.76,203999.0
Shot Chart Detail,21900817,688,203924,Jerami Grant,1610612743,Denver Nuggets,5,1,41,Missed Shot,Jump Shot,3PT Field Goal,Mid-Range,Left Side Center(LC),16-24 ft.,23,-158,177,1,0,20200212,DEN,LAL,21900817688,30790,1,203914|203924|203999|1627750|1628470,0,REG,2020,203076|203484,-3.0,,,,,PF,Athletic Finisher,-0.76,
Shot Chart Detail,21900831,123,203924,Jerami Grant,1610612743,Denver Nuggets,1,1,49,Missed Shot,Jump Shot,3PT Field Goal,Right Corner 3,Right Side(R),24+ ft.,23,230,-4,1,0,20200221,OKC,DEN,21900831123,6110,0,203486|203924|1628420|1628470|1629008,0,REG,2020,1627846,-6.0,SF,Low Activity,-0.36,MISS Grant 3PT Jump Shot,PF,Athletic Finisher,-0.76,
Shot Chart Detail,21900831,196,203924,Jerami Grant,1610612743,Denver Nuggets,2,8,54,Missed Shot,Jump Shot,3PT Field Goal,Above the Break 3,Left Side Center(LC),24+ ft.,24,-139,207,1,0,20200221,OKC,DEN,21900831196,9060,0,203486|203924|1627750|1628420|1628470,0,REG,2020,1627846,-8.0,SF,Low Activity,-0.36,MISS Grant 25' 3PT Jump Shot,PF,Athletic Finisher,-0.76,
Shot Chart Detail,21900831,458,203924,Jerami Grant,1610612743,Denver Nuggets,3,1,29,Made Shot,Layup Shot,2PT Field Goal,Restricted Area,Center(C),Less Than 8 ft.,2,-20,0,1,1,20200221,OKC,DEN,21900831458,20710,0,203486|203924|1627750|1628420|1628470,0,REG,2020,203471|1628390,-3.0,,,,,PF,Athletic Finisher,-0.76,
Shot Chart Detail,21900831,488,203924,Jerami Grant,1610612743,Denver Nuggets,4,11,46,Missed Shot,Driving Layup Shot,2PT Field Goal,In The Paint (Non-RA),Center(C),Less Than 8 ft.,5,-54,19,1,0,20200221,OKC,DEN,21900831488,21740,0,203486|203924|1628420|1628470|1629008,0,REG,2020,1627846,-1.0,SF,Low Activity,-0.36,Adams BLOCK (2 BLK),PF,Athletic Finisher,-0.76,
Shot Chart Detail,21900831,502,203924,Jerami Grant,1610612743,Denver Nuggets,4,10,3,Missed Shot,Pullup Jump shot,2PT Field Goal,Mid-Range,Left Side Center(LC),16-24 ft.,19,-138,138,1,0,20200221,OKC,DEN,21900831502,22770,0,203486|203924|1628420|1628470|1629008,0,REG,2020,1627846,-5.0,SF,Low Activity,-0.36,MISS Grant 20' Pullup Jump Shot,PF,Athletic Finisher,-0.76,
Shot Chart Detail,21900831,628,203924,Jerami Grant,1610612743,Denver Nuggets,4,0,13,Missed Shot,Jump Shot,3PT Field Goal,Right Corner 3,Right Side(R),24+ ft.,22,228,10,1,0,20200221,OKC,DEN,21900831628,28670,0,203115|203914|203924|203999|1627750,0,REG,2020,201568,-12.0,PF,Helper,-0.84,MISS Grant 3PT Jump Shot,PF,Athletic Finisher,-0.76,
Shot Chart Detail,21900844,140,203924,Jerami Grant,1610612743,Denver Nuggets,1,1,44,Made Shot,Driving Reverse Layup Shot,2PT Field Goal,Restricted Area,Center(C),Less Than 8 ft.,1,19,4,1,1,20200223,DEN,MIN,21900844140,6160,0,203115|203486|203924|1628420|1629008,0,REG,2020,1629633,3.0,SG,Chaser,-0.19,Grant 2' Driving Reverse Layup (2 PTS),PF,Athletic Finisher,-0.76,
Shot Chart Detail,21900844,156,203924,Jerami Grant,1610612743,Denver Nuggets,1,0,30,Missed Shot,Driving Layup Shot,2PT Field Goal,In The Paint (Non-RA),Center(C),Less Than 8 ft.,7,67,37,1,0,20200223,DEN,MIN,21900844156,6900,0,203115|203486|203924|1628420|1629008,0,REG,2020,1629103,1.0,SF,Helper,-0.37,MISS Grant 8' Driving Layup,PF,Athletic Finisher,-0.76,
Shot Chart Detail,21900844,183,203924,Jerami Grant,1610612743,Denver Nuggets,2,11,33,Missed Shot,Jump Shot,3PT Field Goal,Above the Break 3,Right Side Center(RC),24+ ft.,25,232,99,1,0,20200223,DEN,MIN,21900844183,7470,0,203486|203924|1627750|1628420|1629008,0,REG,2020,1629675,5.0,C,Anchor Big,0.39,MISS Grant 25' 3PT Jump Shot,PF,Athletic Finisher,-0.76,
Shot Chart Detail,21900844,216,203924,Jerami Grant,1610612743,Denver Nuggets,2,8,52,Missed Shot,Jump Shot,3PT Field Goal,Above the Break 3,Center(C),24+ ft.,26,-70,254,1,0,20200223,DEN,MIN,21900844216,9080,0,203486|203924|1627750|1628420|1628470,0,REG,2020,1629103,6.0,SF,Helper,-0.37,MISS Grant 26' 3PT Jump Shot,PF,Athletic Finisher,-0.76,
Shot Chart Detail,21900844,236,203924,Jerami Grant,1610612743,Denver Nuggets,2,7,32,Made Shot,Driving Layup Shot,2PT Field Goal,Restricted Area,Center(C),Less Than 8 ft.,3,-22,26,1,1,20200223,DEN,MIN,21900844236,9880,0,203486|203914|203924|1628420|1628470,0,REG,2020,1629006,2.0,SG,Wing Stopper,-0.01,Grant 3' Driving Layup (4 PTS),PF,Athletic Finisher,-0.76,
Shot Chart Detail,21900844,487,203924,Jerami Grant,1610612743,Denver Nuggets,3,2,27,Missed Shot,Jump Shot,2PT Field Goal,Mid-Range,Center(C),16-24 ft.,17,9,174,1,0,20200223,DEN,MIN,21900844487,20130,0,203486|203914|203924|1628420|1628470,0,REG,2020,1629669|1629103,7.0,,,,,PF,Athletic Finisher,-0.76,
Shot Chart Detail,21900844,500,203924,Jerami Grant,1610612743,Denver Nuggets,3,1,28,Made Shot,Turnaround Fadeaway shot,2PT Field Goal,Mid-Range,Right Side(R),8-16 ft.,11,90,64,1,1,20200223,DEN,MIN,21900844500,20720,0,203115|203486|203924|1628420|1628470,0,REG,2020,1629669|1627736,,,,,,PF,Athletic Finisher,-0.76,
Shot Chart Detail,21900844,559,203924,Jerami Grant,1610612743,Denver Nuggets,4,10,48,Made Shot,Driving Reverse Layup Shot,2PT Field Goal,Restricted Area,Center(C),Less Than 8 ft.,1,-18,4,1,1,20200223,DEN,MIN,21900844559,22320,0,203115|203486|203924|1627750|1628420,1,REG,2020,1629633,14.0,SG,Chaser,-0.19,Grant 2' Driving Reverse Layup (8 PTS) (Barton 4 AST),PF,Athletic Finisher,-0.76,203115.0
Shot Chart Detail,21900844,568,203924,Jerami Grant,1610612743,Denver Nuggets,4,9,39,Missed Shot,Jump Shot,3PT Field Goal,Above the Break 3,Left Side Center(LC),24+ ft.,25,-81,242,1,0,20200223,DEN,MIN,21900844568,23010,0,203115|203486|203924|1627750|1628420,0,REG,2020,1627823,12.0,PF,Helper,-0.08,MISS Grant 26' 3PT Jump Shot,PF,Athletic Finisher,-0.76,
Shot Chart Detail,21900844,592,203924,Jerami Grant,1610612743,Denver Nuggets,4,7,31,Made Shot,Jump Shot,3PT Field Goal,Above the Break 3,Center(C),24+ ft.,25,30,250,1,1,20200223,DEN,MIN,21900844592,24290,0,203914|203924|203999|1627750|1628420,1,REG,2020,201949,11.0,PF-C,Wing Stopper,-0.07,Grant 25' 3PT Jump Shot (11 PTS) (Barton 5 AST),PF,Athletic Finisher,-0.76,203115.0
Shot Chart Detail,21900860,112,203924,Jerami Grant,1610612743,Denver Nuggets,1,3,59,Missed Shot,Jump Shot,3PT Field Goal,Above the Break 3,Center(C),24+ ft.,25,74,242,1,0,20200225,DEN,DET,21900860112,4810,0,203115|203924|203999|1628420|1629008,0,REG,2020,1626174,3.0,PF,Anchor Big,0.73,MISS Grant 25' 3PT Jump Shot,PF,Athletic Finisher,-0.76,
Shot Chart Detail,21900860,137,203924,Jerami Grant,1610612743,Denver Nuggets,1,2,15,Made Shot,Jump Shot,2PT Field Goal,Mid-Range,Center(C),16-24 ft.,17,8,175,1,1,20200225,DEN,DET,21900860137,5850,0,203486|203924|1627750|1628420|1629008,1,REG,2020,1629635|202688,0.0,,,,,PF,Athletic Finisher,-0.76,1627750.0
Shot Chart Detail,21900860,202,203924,Jerami Grant,1610612743,Denver Nuggets,2,8,39,Made Shot,Cutting Dunk Shot,2PT Field Goal,Restricted Area,Center(C),Less Than 8 ft.,0,2,0,1,1,20200225,DEN,DET,21900860202,9210,0,203486|203914|203924|1628420|1629008,1,REG,2020,202688,11.0,SG-PG,Point of Attack,-0.56,Grant Cutting Dunk Shot (4 PTS) (Porter Jr. 1 AST),PF,Athletic Finisher,-0.76,1629008.0
Shot Chart Detail,21900860,229,203924,Jerami Grant,1610612743,Denver Nuggets,2,6,19,Made Shot,Driving Layup Shot,2PT Field Goal,Restricted Area,Center(C),Less Than 8 ft.,1,15,7,1,1,20200225,DEN,DET,21900860229,10610,0,203115|203486|203914|203924|1628420,1,REG,2020,1629635,9.0,PF,Helper,-0.83,Grant 2' Driving Layup (6 PTS) (Morris 2 AST),PF,Athletic Finisher,-0.76,1628420.0
Shot Chart Detail,21900860,319,203924,Jerami Grant,1610612743,Denver Nuggets,2,0,52,Made Shot,Alley Oop Layup shot,2PT Field Goal,Restricted Area,Center(C),Less Than 8 ft.,2,-19,22,1,1,20200225,DEN,DET,21900860319,13880,0,203115|203914|203924|203999|1627750,1,REG,2020,1629743,13.0,C-PF,Anchor Big,0.13,Grant 3' Alley Oop Layup (8 PTS) (Jokic 2 AST),PF,Athletic Finisher,-0.76,203999.0
Shot Chart Detail,21900860,445,203924,Jerami Grant,1610612743,Denver Nuggets,3,4,0,Made Shot,Cutting Dunk Shot,2PT Field Goal,Restricted Area,Center(C),Less Than 8 ft.,0,9,-1,1,1,20200225,DEN,DET,21900860445,19200,0,203115|203914|203924|203999|1628420,1,REG,2020,203503,11.0,SF,Wing Stopper,-0.96,Grant 1' Cutting Dunk Shot (10 PTS) (Jokic 3 AST),PF,Athletic Finisher,-0.76,203999.0
Shot Chart Detail,21900860,449,203924,Jerami Grant,1610612743,Denver Nuggets,3,3,18,Made Shot,Jump Shot,3PT Field Goal,Right Corner 3,Right Side(R),24+ ft.,22,229,19,1,1,20200225,DEN,DET,21900860449,19620,0,203115|203914|203924|203999|1628420,1,REG,2020,1626174,11.0,PF,Anchor Big,0.73,Grant 3PT Jump Shot (13 PTS) (Harris 2 AST),PF,Athletic Finisher,-0.76,203914.0
Shot Chart Detail,21900860,526,203924,Jerami Grant,1610612743,Denver Nuggets,4,9,47,Made Shot,Dunk Shot,2PT Field Goal,Restricted Area,Center(C),Less Than 8 ft.,0,1,5,1,1,20200225,DEN,DET,21900860526,22930,0,203486|203924|1627750|1628420|1629008,1,REG,2020,204038,,SG,Chaser,-1.87,Grant 1' Dunk (17 PTS) (Murray 8 AST),PF,Athletic Finisher,-0.76,1627750.0
Shot Chart Detail,21900860,533,203924,Jerami Grant,1610612743,Denver Nuggets,4,9,21,Made Shot,Cutting Dunk Shot,2PT Field Goal,Restricted Area,Center(C),Less Than 8 ft.,0,0,-4,1,1,20200225,DEN,DET,21900860533,23190,0,203486|203924|1627750|1628420|1629008,1,REG,2020,1629635,16.0,PF,Helper,-0.83,Grant Cutting Dunk Shot (19 PTS) (Plumlee 2 AST),PF,Athletic Finisher,-0.76,203486.0
Shot Chart Detail,21900860,554,203924,Jerami Grant,1610612743,Denver Nuggets,4,7,35,Missed Shot,Cutting Layup Shot,2PT Field Goal,Restricted Area,Center(C),Less Than 8 ft.,2,20,21,1,0,20200225,DEN,DET,21900860554,24250,0,203486|203914|203924|1628420|1629008,0,REG,2020,203503|203089,18.0,,,,,PF,Athletic Finisher,-0.76,
Shot Chart Detail,21900860,566,203924,Jerami Grant,1610612743,Denver Nuggets,4,7,3,Made Shot,Pullup Jump shot,2PT Field Goal,Mid-Range,Left Side Center(LC),16-24 ft.,18,-69,172,1,1,20200225,DEN,DET,21900860566,24570,0,203486|203914|203924|1628420|1629008,0,REG,2020,1626174|203089,17.0,,,,,PF,Athletic Finisher,-0.76,
Shot Chart Detail,21900860,584,203924,Jerami Grant,1610612743,Denver Nuggets,4,5,2,Missed Shot,Jump Shot,3PT Field Goal,Right Corner 3,Right Side(R),24+ ft.,23,232,26,1,0,20200225,DEN,DET,21900860584,25780,0,203914|203924|203999|1628420|1629008,0,REG,2020,1626174,17.0,PF,Anchor Big,0.73,MISS Grant 3PT Jump Shot,PF,Athletic Finisher,-0.76,
Shot Chart Detail,21900860,617,203924,Jerami Grant,1610612743,Denver Nuggets,4,3,17,Made Shot,Step Back Jump shot,2PT Field Goal,Mid-Range,Right Side Center(RC),16-24 ft.,19,137,140,1,1,20200225,DEN,DET,21900860617,26830,0,203115|203914|203924|203999|1627750,1,REG,2020,203089,17.0,C,Anchor Big,2.15,Grant 20' Step Back Jump Shot (23 PTS) (Jokic 4 AST),PF,Athletic Finisher,-0.76,203999.0
Shot Chart Detail,21900860,651,203924,Jerami Grant,1610612743,Denver Nuggets,4,0,54,Made Shot,Jump Shot,3PT Field Goal,Above the Break 3,Left Side Center(LC),24+ ft.,24,-111,215,1,1,20200225,DEN,DET,21900860651,28260,0,203115|203924|203943|1628408|1629008,1,REG,2020,1626174,20.0,PF,Anchor Big,0.73,Grant 24' 3PT Jump Shot (26 PTS) (Dozier 2 AST),PF,Athletic Finisher,-0.76,1628408.0
Shot Chart Detail,21900860,657,203924,Jerami Grant,1610612743,Denver Nuggets,4,0,22,Made Shot,Jump Shot,3PT Field Goal,Above the Break 3,Left Side Center(LC),24+ ft.,24,-81,230,1,1,20200225,DEN,DET,21900860657,28580,0,203115|203924|203943|1628408|1629008,1,REG,2020,1629017,20.0,SG,Point of Attack,-0.48,Grant 24' 3PT Jump Shot (29 PTS) (Vonleh 1 AST),PF,Athletic Finisher,-0.76,203943.0
Shot Chart Detail,21900886,94,203924,Jerami Grant,1610612743,Denver Nuggets,1,4,1,Missed Shot,Pullup Jump shot,2PT Field Goal,Mid-Range,Left Side Center(LC),16-24 ft.,18,-126,134,1,0,20200228,LAC,DEN,2190088694,4790,0,203924|203999|1627750|1628420|1629008,0,REG,2020,202694,-10.0,SF-PF,Wing Stopper,0.35,MISS Grant 18' Pullup Jump Shot,PF,Athletic Finisher,-0.76,
Shot Chart Detail,21900886,103,203924,Jerami Grant,1610612743,Denver Nuggets,1,3,36,Missed Shot,Alley Oop Layup shot,2PT Field Goal,Restricted Area,Center(C),Less Than 8 ft.,1,-7,15,1,0,20200228,LAC,DEN,21900886103,5040,0,203924|203999|1627750|1628420|1629008,0,REG,2020,1626149,-10.0,C,Anchor Big,-0.04,MISS Grant 2' Alley Oop Layup,PF,Athletic Finisher,-0.76,
Shot Chart Detail,21900886,151,203924,Jerami Grant,1610612743,Denver Nuggets,1,0,33,Made Shot,Jump Shot,3PT Field Goal,Above the Break 3,Right Side Center(RC),24+ ft.,25,105,237,1,1,20200228,LAC,DEN,21900886151,6870,0,203115|203486|203924|1628420|1629008,1,REG,2020,1626149,-10.0,C,Anchor Big,-0.04,Grant 26' 3PT Jump Shot (5 PTS) (Barton 1 AST),PF,Athletic Finisher,-0.76,203115.0
Shot Chart Detail,21900886,166,203924,Jerami Grant,1610612743,Denver Nuggets,2,11,19,Made Shot,Pullup Jump shot,2PT Field Goal,Mid-Range,Center(C),16-24 ft.,20,37,206,1,1,20200228,LAC,DEN,21900886166,7610,0,203115|203486|203924|1628420|1628470,1,REG,2020,203210,-6.0,PF,Helper,-0.03,Grant 21' Pullup Jump Shot (7 PTS) (Barton 2 AST),PF,Athletic Finisher,-0.76,203115.0
Shot Chart Detail,21900886,177,203924,Jerami Grant,1610612743,Denver Nuggets,2,10,29,Missed Shot,Jump Shot,3PT Field Goal,Left Corner 3,Left Side(L),24+ ft.,23,-231,28,1,0,20200228,LAC,DEN,21900886177,8110,0,203115|203486|203924|1628420|1628470,0,REG,2020,203210,-8.0,PF,Helper,-0.03,MISS Grant 3PT Jump Shot,PF,Athletic Finisher,-0.76,
Shot Chart Detail,21900886,199,203924,Jerami Grant,1610612743,Denver Nuggets,2,8,12,Made Shot,Dunk Shot,2PT Field Goal,Restricted Area,Center(C),Less Than 8 ft.,2,-9,25,1,1,20200228,LAC,DEN,21900886199,9480,0,203115|203486|203924|1628420|1628470,0,REG,2020,202704,,PG,Point of Attack,-0.86,Grant 3' Dunk (9 PTS),PF,Athletic Finisher,-0.76,
Shot Chart Detail,21900886,210,203924,Jerami Grant,1610612743,Denver Nuggets,2,7,13,Missed Shot,Jump Shot,2PT Field Goal,Mid-Range,Right Side(R),8-16 ft.,13,134,34,1,0,20200228,LAC,DEN,21900886210,10070,0,203115|203486|203924|1628420|1628470,0,REG,2020,202331,-13.0,SF,Wing Stopper,0.41,MISS Grant 14' Jump Shot,PF,Athletic Finisher,-0.76,
Shot Chart Detail,21900886,214,203924,Jerami Grant,1610612743,Denver Nuggets,2,6,56,Made Shot,Running Jump Shot,3PT Field Goal,Above the Break 3,Right Side Center(RC),24+ ft.,24,124,217,1,1,20200228,LAC,DEN,21900886214,10240,0,203115|203486|203924|1628420|1628470,1,REG,2020,202704,-10.0,PG,Point of Attack,-0.86,Grant 25' 3PT Running Jump Shot (12 PTS) (Barton 3 AST),PF,Athletic Finisher,-0.76,203115.0
Shot Chart Detail,21900886,239,203924,Jerami Grant,1610612743,Denver Nuggets,2,6,14,Missed Shot,Jump Shot,3PT Field Goal,Left Corner 3,Left Side(L),24+ ft.,23,-232,31,1,0,20200228,LAC,DEN,21900886239,10660,0,200794|203914|203924|203999|1627750,0,REG,2020,202695,-10.0,SF,Wing Stopper,1.84,MISS Grant 3PT Jump Shot,PF,Athletic Finisher,-0.76,
Shot Chart Detail,21900886,274,203924,Jerami Grant,1610612743,Denver Nuggets,2,2,47,Missed Shot,Layup Shot,2PT Field Goal,Restricted Area,Center(C),Less Than 8 ft.,2,-19,21,1,0,20200228,LAC,DEN,21900886274,12730,0,200794|203914|203924|203999|1627750,0,REG,2020,1627826,-9.0,C,Anchor Big,1.5,MISS Grant 3' Layup,PF,Athletic Finisher,-0.76,
Shot Chart Detail,21900886,429,203924,Jerami Grant,1610612743,Denver Nuggets,3,2,48,Made Shot,Hook Shot,2PT Field Goal,Restricted Area,Center(C),Less Than 8 ft.,3,1,35,1,1,20200228,LAC,DEN,21900886429,19920,0,203914|203924|203999|1627750|1628420,1,REG,2020,202695,-18.0,SF,Wing Stopper,1.84,Grant 4' Hook Shot (16 PTS) (Harris 1 AST),PF,Athletic Finisher,-0.76,203914.0
Shot Chart Detail,21900886,499,203924,Jerami Grant,1610612743,Denver Nuggets,4,10,43,Missed Shot,Driving Floating Jump Shot,2PT Field Goal,In The Paint (Non-RA),Center(C),Less Than 8 ft.,6,-22,57,1,0,20200228,LAC,DEN,21900886499,22370,0,203115|203486|203924|1628420|1628470,0,REG,2020,101150|202704,-19.0,,,,,PF,Athletic Finisher,-0.76,
Shot Chart Detail,21900886,512,203924,Jerami Grant,1610612743,Denver Nuggets,4,9,52,Missed Shot,Running Layup Shot,2PT Field Goal,Restricted Area,Center(C),Less Than 8 ft.,1,-19,3,1,0,20200228,LAC,DEN,21900886512,22880,0,203115|203486|203924|1628420|1628470,0,REG,2020,1626149,-19.0,C,Anchor Big,-0.04,MISS Grant 2' Running Layup,PF,Athletic Finisher,-0.76,
Shot Chart Detail,21900886,551,203924,Jerami Grant,1610612743,Denver Nuggets,4,6,25,Missed Shot,Driving Floating Jump Shot,2PT Field Goal,In The Paint (Non-RA),Center(C),8-16 ft.,12,6,127,1,0,20200228,LAC,DEN,21900886551,24950,0,203115|203486|203924|1628420|1628470,0,REG,2020,1626149,-22.0,C,Anchor Big,-0.04,MISS Grant 13' Driving Floating Jump Shot,PF,Athletic Finisher,-0.76,
Shot Chart Detail,21900886,553,203924,Jerami Grant,1610612743,Denver Nuggets,4,6,16,Missed Shot,Jump Shot,3PT Field Goal,Above the Break 3,Center(C),24+ ft.,25,58,247,1,0,20200228,LAC,DEN,21900886553,25040,0,203115|203486|203924|1628420|1628470,0,REG,2020,1626149,-22.0,C,Anchor Big,-0.04,MISS Grant 25' 3PT Jump Shot,PF,Athletic Finisher,-0.76,
Shot Chart Detail,21900898,108,203924,Jerami Grant,1610612743,Denver Nuggets,1,3,47,Missed Shot,Jump Shot,2PT Field Goal,In The Paint (Non-RA),Center(C),8-16 ft.,13,0,134,1,0,20200301,DEN,TOR,21900898108,4930,0,203924|203999|1627750|1628420|1629008,0,REG,2020,1627783,10.0,PF,Wing Stopper,0.89,MISS Grant 13' Jump Shot,PF,Athletic Finisher,-0.76,
Shot Chart Detail,21900898,272,203924,Jerami Grant,1610612743,Denver Nuggets,2,4,20,Made Shot,Jump Shot,3PT Field Goal,Right Corner 3,Right Side(R),24+ ft.,23,233,22,1,1,20200301,DEN,TOR,21900898272,11800,0,203115|203914|203924|203999|1627750,1,REG,2020,1628384,3.0,SF,Wing Stopper,1.67,Grant 3PT Jump Shot (5 PTS) (Harris 3 AST),PF,Athletic Finisher,-0.76,203914.0
Shot Chart Detail,21900898,275,203924,Jerami Grant,1610612743,Denver Nuggets,2,3,56,Made Shot,Cutting Dunk Shot,2PT Field Goal,Restricted Area,Center(C),Less Than 8 ft.,1,-8,15,1,1,20200301,DEN,TOR,21900898275,12040,0,203914|203924|203999|1627750|1628470,1,REG,2020,1626178,3.0,PF,Helper,0.75,Grant 2' Cutting Dunk Shot (7 PTS) (Barton 3 AST),PF,Athletic Finisher,-0.76,203115.0
Shot Chart Detail,21900898,293,203924,Jerami Grant,1610612743,Denver Nuggets,2,3,3,Missed Shot,Jump Shot,3PT Field Goal,Right Corner 3,Right Side(R),24+ ft.,23,231,39,1,0,20200301,DEN,TOR,21900898293,12570,0,203914|203924|203999|1627750|1628470,0,REG,2020,1627783,2.0,PF,Wing Stopper,0.89,MISS Grant 3PT Jump Shot,PF,Athletic Finisher,-0.76,
Shot Chart Detail,21900898,346,203924,Jerami Grant,1610612743,Denver Nuggets,3,10,10,Made Shot,Jump Shot,3PT Field Goal,Mid-Range,Left Side(L),16-24 ft.,21,-218,-12,1,1,20200301,DEN,TOR,21900898346,15500,0,203115|203914|203924|203999|1627750,1,REG,2020,1627783,7.0,PF,Wing Stopper,0.89,Grant 3PT Jump Shot (10 PTS) (Barton 4 AST),PF,Athletic Finisher,-0.76,203115.0
Shot Chart Detail,21900898,410,203924,Jerami Grant,1610612743,Denver Nuggets,3,5,6,Missed Shot,Driving Dunk Shot,2PT Field Goal,Restricted Area,Center(C),Less Than 8 ft.,1,6,14,1,0,20200301,DEN,TOR,21900898410,18540,0,203115|203924|203999|1627750|1628420,0,REG,2020,1626178,3.0,PF,Helper,0.75,MISS Grant 2' Driving Dunk,PF,Athletic Finisher,-0.76,
Shot Chart Detail,21900898,543,203924,Jerami Grant,1610612743,Denver Nuggets,4,9,0,Missed Shot,Jump Shot,3PT Field Goal,Left Corner 3,Left Side(L),24+ ft.,22,-228,10,1,0,20200301,DEN,TOR,21900898543,23400,0,203115|203486|203924|1628420|1629008,0,REG,2020,1628449,6.0,C,Anchor Big,0.4,MISS Grant 3PT Jump Shot,PF,Athletic Finisher,-0.76,
Shot Chart Detail,21900898,573,203924,Jerami Grant,1610612743,Denver Nuggets,4,7,26,Missed Shot,Jump Shot,2PT Field Goal,Mid-Range,Right Side(R),8-16 ft.,14,147,-4,1,0,20200301,DEN,TOR,21900898573,24340,0,203115|203486|203924|1628420|1629008,0,REG,2020,1627783,9.0,PF,Wing Stopper,0.89,MISS Grant 15' Jump Shot,PF,Athletic Finisher,-0.76,
Shot Chart Detail,21900898,627,203924,Jerami Grant,1610612743,Denver Nuggets,4,2,51,Made Shot,Jump Shot,2PT Field Goal,Mid-Range,Left Side(L),8-16 ft.,14,-139,30,1,1,20200301,DEN,TOR,21900898627,27090,0,203914|203924|203999|1627750|1628420,0,REG,2020,200768,11.0,PG,Chaser,1.07,Grant 14' Jump Shot (14 PTS),PF,Athletic Finisher,-0.76,
Shot Chart Detail,21900898,635,203924,Jerami Grant,1610612743,Denver Nuggets,4,2,12,Made Shot,Cutting Dunk Shot,2PT Field Goal,Restricted Area,Center(C),Less Than 8 ft.,0,-4,0,1,1,20200301,DEN,TOR,21900898635,27480,0,203914|203924|203999|1627750|1628420,1,REG,2020,200768|1626181|1628384,13.0,,,,,PF,Athletic Finisher,-0.76,203999.0
Shot Chart Detail,21900913,149,203924,Jerami Grant,1610612743,Denver Nuggets,1,1,49,Missed Shot,Running Reverse Layup Shot,2PT Field Goal,Restricted Area,Center(C),Less Than 8 ft.,2,-9,18,1,0,20200303,DEN,GSW,21900913149,6110,0,203486|203924|1627750|1628420|1629008,0,REG,2020,1626184,-2.0,PG,Point of Attack,0.32,MISS Grant 2' Running Reverse Layup,PF,Athletic Finisher,-0.76,
Shot Chart Detail,21900913,164,203924,Jerami Grant,1610612743,Denver Nuggets,1,0,33,Made Shot,Jump Shot,3PT Field Goal,Above the Break 3,Right Side Center(RC),24+ ft.,25,93,238,1,1,20200303,DEN,GSW,21900913164,6870,0,203486|203924|1627750|1628420|1629008,1,REG,2020,1629672,-1.0,PF,Helper,-1.17,Grant 26' 3PT Jump Shot (3 PTS) (Plumlee 1 AST),PF,Athletic Finisher,-0.76,203486.0
Shot Chart Detail,21900913,168,203924,Jerami Grant,1610612743,Denver Nuggets,1,0,1,Missed Shot,Jump Shot,3PT Field Goal,Above the Break 3,Center(C),24+ ft.,25,-11,256,1,0,20200303,DEN,GSW,21900913168,7190,0,203486|203924|1627750|1628420|1629008,0,REG,2020,1627733,-1.0,PF-C,Anchor Big,0.51,MISS Grant 26' 3PT Jump Shot,PF,Athletic Finisher,-0.76,
Shot Chart Detail,21900913,517,203924,Jerami Grant,1610612743,Denver Nuggets,4,11,1,Missed Shot,Driving Layup Shot,2PT Field Goal,Restricted Area,Center(C),Less Than 8 ft.,2,11,17,1,0,20200303,DEN,GSW,21900913517,22190,0,203486|203924|1627750|1628420|1629008,0,REG,2020,1629308,-4.0,SG,Wing Stopper,0.85,MISS Grant 2' Driving Layup,PF,Athletic Finisher,-0.76,
Shot Chart Detail,21900926,99,203924,Jerami Grant,1610612743,Denver Nuggets,1,3,19,Missed Shot,Driving Layup Shot,2PT Field Goal,Restricted Area,Center(C),Less Than 8 ft.,2,17,21,1,0,20200305,CHA,DEN,2190092699,5210,0,203914|203924|203999|1628420|1628470,0,REG,2020,1628970,-5.0,SF,Helper,-1.16,MISS Grant 3' Driving Layup,PF,Athletic Finisher,-0.76,
Shot Chart Detail,21900926,167,203924,Jerami Grant,1610612743,Denver Nuggets,2,10,28,Missed Shot,Driving Layup Shot,2PT Field Goal,Restricted Area,Center(C),Less Than 8 ft.,1,-3,15,1,0,20200305,CHA,DEN,21900926167,8120,0,203486|203924|1627750|1628420|1628470,0,REG,2020,1628997,-2.0,SF,Chaser,0.31,MISS Grant 2' Driving Layup,PF,Athletic Finisher,-0.76,
Shot Chart Detail,21900926,215,203924,Jerami Grant,1610612743,Denver Nuggets,2,6,58,Made Shot,Driving Layup Shot,2PT Field Goal,Restricted Area,Center(C),Less Than 8 ft.,2,1,21,1,1,20200305,CHA,DEN,21900926215,10220,0,203115|203914|203924|203999|1628420,1,REG,2020,1629667|1629023,-0.0,,,,,PF,Athletic Finisher,-0.76,1628420.0
Shot Chart Detail,21900926,232,203924,Jerami Grant,1610612743,Denver Nuggets,2,6,5,Made Shot,Jump Shot,2PT Field Goal,Mid-Range,Right Side(R),16-24 ft.,19,174,94,1,1,20200305,CHA,DEN,21900926232,10750,0,203115|203914|203924|203999|1628420,1,REG,2020,1629023,5.0,PF,Helper,-0.25,Grant 20' Jump Shot (5 PTS) (Morris 3 AST),PF,Athletic Finisher,-0.76,1628420.0
Shot Chart Detail,21900926,441,203924,Jerami Grant,1610612743,Denver Nuggets,3,3,45,Missed Shot,Tip Dunk Shot,2PT Field Goal,Restricted Area,Center(C),Less Than 8 ft.,0,0,-6,1,0,20200305,CHA,DEN,21900926441,19350,0,203115|203486|203914|203924|1628420,0,REG,2020,1629023,-4.0,PF,Helper,-0.25,MISS Grant 1' Tip Dunk Shot,PF,Athletic Finisher,-0.76,
Shot Chart Detail,21900926,507,203924,Jerami Grant,1610612743,Denver Nuggets,4,10,47,Made Shot,Floating Jump shot,2PT Field Goal,In The Paint (Non-RA),Right Side(R),8-16 ft.,9,64,75,1,1,20200305,CHA,DEN,21900926507,22330,0,203486|203924|1627750|1628420|1628470,1,REG,2020,1628970,-0.0,SF,Helper,-1.16,Grant 10' Floating Jump Shot (7 PTS) (Morris 4 AST),PF,Athletic Finisher,-0.76,1628420.0
Shot Chart Detail,21900926,524,203924,Jerami Grant,1610612743,Denver Nuggets,4,9,27,Missed Shot,Jump Shot,3PT Field Goal,Right Corner 3,Right Side(R),24+ ft.,23,238,26,1,0,20200305,CHA,DEN,21900926524,23130,0,203924|203999|1627750|1628420|1628470,0,REG,2020,1628970,-5.0,SF,Helper,-1.16,MISS Grant 24' 3PT Jump Shot,PF,Athletic Finisher,-0.76,
Shot Chart Detail,21900926,560,203924,Jerami Grant,1610612743,Denver Nuggets,4,6,37,Made Shot,Reverse Layup Shot,2PT Field Goal,Restricted Area,Center(C),Less Than 8 ft.,2,-8,20,1,1,20200305,CHA,DEN,21900926560,24830,0,203115|203914|203924|203999|1628420,1,REG,2020,1626195,-4.0,C,Mobile Big,0.34,Grant 2' Reverse Layup (9 PTS) (Jokic 6 AST),PF,Athletic Finisher,-0.76,203999.0
Shot Chart Detail,21900926,623,203924,Jerami Grant,1610612743,Denver Nuggets,4,1,26,Made Shot,Layup Shot,2PT Field Goal,Restricted Area,Center(C),Less Than 8 ft.,2,-2,28,1,1,20200305,CHA,DEN,21900926623,27940,0,203115|203486|203914|203924|1628470,1,REG,2020,1628984,3.0,PG,Chaser,-1.41,Grant 3' Layup (11 PTS) (Jokic 8 AST),PF,Athletic Finisher,-0.76,203999.0
Shot Chart Detail,21900942,103,203924,Jerami Grant,1610612743,Denver Nuggets,1,2,25,Missed Shot,Jump Shot,2PT Field Goal,Mid-Range,Left Side Center(LC),16-24 ft.,22,-125,193,1,0,20200307,CLE,DEN,21900942103,5750,0,203924|203999|1627750|1628420|1628470,0,REG,2020,1626204,9.0,PF,Helper,0.1,MISS Grant 23' Jump Shot,PF,Athletic Finisher,-0.76,
Shot Chart Detail,21900942,152,203924,Jerami Grant,1610612743,Denver Nuggets,2,10,31,Made Shot,Jump Shot,3PT Field Goal,Right Corner 3,Right Side(R),24+ ft.,23,232,15,1,1,20200307,CLE,DEN,21900942152,8090,0,203486|203924|1627750|1628420|1628470,1,REG,2020,201567,9.0,PF,Anchor Big,-0.62,Grant 3PT Jump Shot (3 PTS) (Craig 2 AST),PF,Athletic Finisher,-0.76,1628470.0
Shot Chart Detail,21900942,160,203924,Jerami Grant,1610612743,Denver Nuggets,2,9,30,Made Shot,Pullup Jump shot,2PT Field Goal,Mid-Range,Right Side(R),8-16 ft.,15,87,132,1,1,20200307,CLE,DEN,21900942160,8700,0,203486|203924|1627750|1628420|1628470,1,REG,2020,1627790,8.0,C,Anchor Big,0.28,Grant 16' Pullup Jump Shot (5 PTS) (Murray 3 AST),PF,Athletic Finisher,-0.76,1627750.0
Shot Chart Detail,21900942,392,203924,Jerami Grant,1610612743,Denver Nuggets,3,3,43,Missed Shot,Driving Hook Shot,2PT Field Goal,In The Paint (Non-RA),Left Side(L),8-16 ft.,9,-61,69,1,0,20200307,CLE,DEN,21900942392,19370,0,203115|203914|203924|203999|1628420,0,REG,2020,1626204,-3.0,PF,Helper,0.1,MISS Grant 9' Driving Hook Shot,PF,Athletic Finisher,-0.76,
Shot Chart Detail,21900942,401,203924,Jerami Grant,1610612743,Denver Nuggets,3,2,59,Missed Shot,Jump Shot,2PT Field Goal,Mid-Range,Right Side(R),8-16 ft.,13,135,21,1,0,20200307,CLE,DEN,21900942401,19810,0,203914|203924|203999|1628420|1628470,0,REG,2020,202684,-5.0,C,Anchor Big,-0.14,MISS Grant 14' Jump Shot,PF,Athletic Finisher,-0.76,
Shot Chart Detail,21900942,496,203924,Jerami Grant,1610612743,Denver Nuggets,4,8,40,Made Shot,Cutting Layup Shot,2PT Field Goal,Restricted Area,Center(C),Less Than 8 ft.,0,4,2,1,1,20200307,CLE,DEN,21900942496,23600,0,203115|203486|203924|1628420|1629008,1,REG,2020,203521,-1.0,PG,Point of Attack,0.28,Grant Cutting Layup Shot (7 PTS) (Porter Jr. 1 AST),PF,Athletic Finisher,-0.76,1629008.0
Shot Chart Detail,21900942,526,203924,Jerami Grant,1610612743,Denver Nuggets,4,6,21,Missed Shot,Pullup Jump shot,2PT Field Goal,Mid-Range,Right Side(R),16-24 ft.,16,146,81,1,0,20200307,CLE,DEN,21900942526,24990,0,203115|203486|203924|1628420|1629008,0,REG,2020,201567,3.0,PF,Anchor Big,-0.62,MISS Grant 17' Pullup Jump Shot,PF,Athletic Finisher,-0.76,
Shot Chart Detail,21900942,547,203924,Jerami Grant,1610612743,Denver Nuggets,4,5,18,Missed Shot,Jump Shot,3PT Field Goal,Above the Break 3,Left Side Center(LC),24+ ft.,26,-165,204,1,0,20200307,CLE,DEN,21900942547,25620,0,203115|203914|203924|203999|1629008,0,REG,2020,201567,1.0,PF,Anchor Big,-0.62,MISS Grant 26' 3PT Jump Shot,PF,Athletic Finisher,-0.76,
Shot Chart Detail,21900958,103,203924,Jerami Grant,1610612743,Denver Nuggets,1,3,29,Made Shot,Jump Shot,2PT Field Goal,Mid-Range,Left Side(L),8-16 ft.,15,-155,8,1,1,20200309,DEN,MIL,21900958103,5110,0,203115|203914|203924|203999|1628420,1,REG,2020,101141,7.0,PF,Helper,1.48,Grant 16' Jump Shot (2 PTS) (Morris 1 AST),PF,Athletic Finisher,-0.76,1628420.0
Shot Chart Detail,21900958,114,203924,Jerami Grant,1610612743,Denver Nuggets,1,3,0,Missed Shot,Jump Shot,3PT Field Goal,Above the Break 3,Center(C),24+ ft.,25,29,251,1,0,20200309,DEN,MIL,21900958114,5400,0,203914|203924|203999|1628420|1629008,0,REG,2020,101141,5.0,PF,Helper,1.48,MISS Grant 25' 3PT Jump Shot,PF,Athletic Finisher,-0.76,
Shot Chart Detail,21900958,118,203924,Jerami Grant,1610612743,Denver Nuggets,1,2,32,Made Shot,Jump Shot,3PT Field Goal,Above the Break 3,Center(C),24+ ft.,24,-52,241,1,1,20200309,DEN,MIL,21900958118,5680,0,203914|203924|203999|1628420|1629008,1,REG,2020,101141,8.0,PF,Helper,1.48,Grant 25' 3PT Jump Shot (5 PTS) (Harris 1 AST),PF,Athletic Finisher,-0.76,203914.0
Shot Chart Detail,21900958,142,203924,Jerami Grant,1610612743,Denver Nuggets,1,1,0,Made Shot,Jump Shot,3PT Field Goal,Above the Break 3,Right Side Center(RC),24+ ft.,24,168,183,1,1,20200309,DEN,MIL,21900958142,6600,0,203486|203924|1627750|1628420|1629008,1,REG,2020,1628412|1626192,14.0,,,,,PF,Athletic Finisher,-0.76,1627750.0
Shot Chart Detail,21900958,145,203924,Jerami Grant,1610612743,Denver Nuggets,1,0,40,Made Shot,Jump Shot,3PT Field Goal,Above the Break 3,Center(C),24+ ft.,25,23,252,1,1,20200309,DEN,MIL,21900958145,6800,0,203486|203924|1627750|1628420|1629008,1,REG,2020,101141,15.0,PF,Helper,1.48,Grant 25' 3PT Jump Shot (11 PTS) (Morris 2 AST),PF,Athletic Finisher,-0.76,1628420.0
Shot Chart Detail,21900958,176,203924,Jerami Grant,1610612743,Denver Nuggets,2,11,49,Missed Shot,Jump Shot,3PT Field Goal,Above the Break 3,Left Side Center(LC),24+ ft.,25,-144,213,1,0,20200309,DEN,MIL,21900958176,7310,0,203486|203924|1627750|1628420|1629008,0,REG,2020,,,,,,,PF,Athletic Finisher,-0.76,
Shot Chart Detail,21900958,227,203924,Jerami Grant,1610612743,Denver Nuggets,2,8,17,Missed Shot,Jump Shot,3PT Field Goal,Left Corner 3,Left Side(L),24+ ft.,23,-232,20,1,0,20200309,DEN,MIL,21900958227,9430,0,203486|203924|1627750|1628420|1629008,0,REG,2020,1628425,14.0,SF,Low Activity,0.3,MISS Grant 3PT Jump Shot,PF,Athletic Finisher,-0.76,
Shot Chart Detail,21900958,236,203924,Jerami Grant,1610612743,Denver Nuggets,2,8,1,Made Shot,Putback Layup Shot,2PT Field Goal,Restricted Area,Center(C),Less Than 8 ft.,0,5,-2,1,1,20200309,DEN,MIL,21900958236,9590,0,200794|203115|203924|1627750|1628420,0,REG,2020,1628425,16.0,SF,Low Activity,0.3,Grant 1' Putback Layup (15 PTS),PF,Athletic Finisher,-0.76,
Shot Chart Detail,21900958,252,203924,Jerami Grant,1610612743,Denver Nuggets,2,6,53,Missed Shot,Jump Shot,3PT Field Goal,Above the Break 3,Left Side Center(LC),24+ ft.,24,-116,216,1,0,20200309,DEN,MIL,21900958252,10270,0,200794|203115|203924|1627750|1628420,0,REG,2020,201577,14.0,C,Anchor Big,0.85,MISS Grant 25' 3PT Jump Shot,PF,Athletic Finisher,-0.76,
Shot Chart Detail,21900958,338,203924,Jerami Grant,1610612743,Denver Nuggets,2,0,54,Missed Shot,Layup Shot,2PT Field Goal,In The Paint (Non-RA),Center(C),Less Than 8 ft.,6,24,61,1,0,20200309,DEN,MIL,21900958338,13860,0,203115|203914|203924|203999|1627750,0,REG,2020,1626192,6.0,SG,Chaser,0.16,MISS Grant 7' Layup,PF,Athletic Finisher,-0.76,
Shot Chart Detail,21900958,350,203924,Jerami Grant,1610612743,Denver Nuggets,2,0,0,Missed Shot,Driving Hook Shot,2PT Field Goal,In The Paint (Non-RA),Center(C),Less Than 8 ft.,4,-5,45,1,0,20200309,DEN,MIL,21900958350,14400,0,200794|203115|203914|203999|1627750,0,REG,2020,201577,8.0,C,Anchor Big,0.85,MISS Grant 5' Driving Hook Shot,PF,Athletic Finisher,-0.76,
Shot Chart Detail,21900958,493,203924,Jerami Grant,1610612743,Denver Nuggets,3,1,39,Made Shot,Alley Oop Dunk Shot,2PT Field Goal,Restricted Area,Center(C),Less Than 8 ft.,1,-2,10,1,1,20200309,DEN,MIL,21900958493,20610,0,203486|203924|1627750|1628420|1629008,1,REG,2020,1628391,,PF,Helper,-0.38,Grant 1' Alley Oop Dunk (17 PTS) (Murray 3 AST),PF,Athletic Finisher,-0.76,1627750.0
Shot Chart Detail,21900958,500,203924,Jerami Grant,1610612743,Denver Nuggets,3,0,44,Missed Shot,Jump Shot,2PT Field Goal,In The Paint (Non-RA),Center(C),8-16 ft.,13,54,125,1,0,20200309,DEN,MIL,21900958500,21160,0,203486|203924|1627750|1628420|1629008,0,REG,2020,1628412,3.0,PG,Point of Attack,-0.42,MISS Grant 14' Jump Shot,PF,Athletic Finisher,-0.76,
Shot Chart Detail,21900973,114,203924,Jerami Grant,1610612743,Denver Nuggets,1,1,16,Missed Shot,Jump Shot,3PT Field Goal,Left Corner 3,Left Side(L),24+ ft.,23,-227,73,1,0,20200311,DAL,DEN,21900973114,6440,0,203486|203924|1627750|1628420|1628470,0,REG,2020,203501,-1.0,SG,Chaser,-1.52,MISS Grant 24' 3PT Jump Shot,PF,Athletic Finisher,-0.76,
Shot Chart Detail,21900973,158,203924,Jerami Grant,1610612743,Denver Nuggets,2,9,43,Made Shot,Jump Shot,3PT Field Goal,Above the Break 3,Center(C),24+ ft.,24,3,246,1,1,20200311,DAL,DEN,21900973158,8570,0,203486|203924|1627750|1628420|1629008,1,REG,2020,,,,,,,PF,Athletic Finisher,-0.76,1628420.0
Shot Chart Detail,21900973,413,203924,Jerami Grant,1610612743,Denver Nuggets,3,1,27,Made Shot,Jump Shot,3PT Field Goal,Right Corner 3,Right Side(R),24+ ft.,22,221,2,1,1,20200311,DAL,DEN,21900973413,20730,0,203115|203486|203914|203924|1628420,1,REG,2020,1626161,6.0,C,Mobile Big,2.04,Grant 3PT Jump Shot (6 PTS) (Harris 1 AST),PF,Athletic Finisher,-0.76,203914.0
Shot Chart Detail,21900973,479,203924,Jerami Grant,1610612743,Denver Nuggets,4,9,16,Made Shot,Driving Floating Bank Jump Shot,2PT Field Goal,In The Paint (Non-RA),Center(C),Less Than 8 ft.,4,-39,31,1,1,20200311,DAL,DEN,21900973479,23240,0,203115|203914|203924|203999|1627750,0,REG,2020,200826,-5.0,PG,Chaser,-1.38,Grant 5' Driving Floating Bank Jump Shot (8 PTS),PF,Athletic Finisher,-0.76,
Shot Chart Detail,21901239,82,203924,Jerami Grant,1610612743,Denver Nuggets,1,5,1,Missed Shot,Jump Shot,3PT Field Goal,Right Corner 3,Right Side(R),24+ ft.,22,225,0,1,0,20200801,DEN,MIA,2190123982,4190,0,200794|203924|203999|1628420|1628470,0,REG,2020,2738,-8.0,SF,Helper,1.44,MISS Grant 3PT Jump Shot,PF,Athletic Finisher,-0.76,
Shot Chart Detail,21901239,95,203924,Jerami Grant,1610612743,Denver Nuggets,1,4,20,Missed Shot,Pullup Jump shot,2PT Field Goal,Mid-Range,Right Side Center(RC),16-24 ft.,22,118,194,1,0,20200801,DEN,MIA,2190123995,4600,0,203486|203584|203924|203999|1628420,0,REG,2020,203109,-8.0,SF-PF,Wing Stopper,0.64,MISS Grant 23' Pullup Jump Shot,PF,Athletic Finisher,-0.76,
Shot Chart Detail,21901239,99,203924,Jerami Grant,1610612743,Denver Nuggets,1,4,15,Made Shot,Turnaround Jump Shot,2PT Field Goal,Restricted Area,Center(C),Less Than 8 ft.,3,2,32,1,1,20200801,DEN,MIA,2190123999,4650,0,203486|203584|203924|203999|1628420,1,REG,2020,2738,-6.0,SF,Helper,1.44,Grant 3' Turnaround Jump Shot (2 PTS) (Jokic 2 AST),PF,Athletic Finisher,-0.76,203999.0
Shot Chart Detail,21901239,111,203924,Jerami Grant,1610612743,Denver Nuggets,1,3,34,Missed Shot,Running Jump Shot,3PT Field Goal,Left Corner 3,Left Side(L),24+ ft.,22,-229,10,1,0,20200801,DEN,MIA,21901239111,5060,0,203486|203584|203924|203999|1628420,0,REG,2020,2738,-4.0,SF,Helper,1.44,MISS Grant 3PT Running Jump Shot,PF,Athletic Finisher,-0.76,
Shot Chart Detail,21901239,141,203924,Jerami Grant,1610612743,Denver Nuggets,1,1,46,Missed Shot,Driving Floating Bank Jump Shot,2PT Field Goal,In The Paint (Non-RA),Left Side(L),8-16 ft.,8,-61,52,1,0,20200801,DEN,MIA,21901239141,6140,0,203486|203584|203924|1628408|1629008,0,REG,2020,202710,-3.0,SF,Helper,1.18,MISS Grant 8' Driving Floating Bank Jump Shot,PF,Athletic Finisher,-0.76,
Shot Chart Detail,21901239,260,203924,Jerami Grant,1610612743,Denver Nuggets,2,8,0,Missed Shot,Turnaround Jump Shot,2PT Field Goal,In The Paint (Non-RA),Left Side(L),8-16 ft.,9,-62,74,1,0,20200801,DEN,MIA,21901239260,9600,0,200794|203584|203924|203999|1629626,0,REG,2020,1629639,0.0,SG,Low Activity,-1.97,MISS Grant 10' Turnaround Jump Shot,PF,Athletic Finisher,-0.76,
Shot Chart Detail,21901239,322,203924,Jerami Grant,1610612743,Denver Nuggets,2,4,1,Made Shot,Dunk Shot,2PT Field Goal,Restricted Area,Center(C),Less Than 8 ft.,2,-25,16,1,1,20200801,DEN,MIA,21901239322,11990,0,200794|203924|203999|1628408|1628470,1,REG,2020,1629639,,SG,Low Activity,-1.97,Grant 3' Dunk (6 PTS) (Dozier 2 AST),PF,Athletic Finisher,-0.76,1628408.0
Shot Chart Detail,21901239,330,203924,Jerami Grant,1610612743,Denver Nuggets,2,3,19,Made Shot,Jump Shot,2PT Field Goal,Mid-Range,Right Side(R),8-16 ft.,14,143,7,1,1,20200801,DEN,MIA,21901239330,12410,0,200794|203924|203999|1628408|1628470,1,REG,2020,203109,-1.0,SF-PF,Wing Stopper,0.64,Grant 14' Jump Shot (8 PTS) (Craig 2 AST),PF,Athletic Finisher,-0.76,1628470.0
Shot Chart Detail,21901239,352,203924,Jerami Grant,1610612743,Denver Nuggets,2,1,3,Made Shot,Driving Layup Shot,2PT Field Goal,Restricted Area,Center(C),Less Than 8 ft.,2,-24,8,1,1,20200801,DEN,MIA,21901239352,13770,0,200794|203486|203924|1628408|1628470,1,REG,2020,202710,6.0,SF,Helper,1.18,Grant 3' Driving Layup (10 PTS) (Jokic 4 AST),PF,Athletic Finisher,-0.76,203999.0
Shot Chart Detail,21901239,458,203924,Jerami Grant,1610612743,Denver Nuggets,3,5,17,Missed Shot,Jump Shot,3PT Field Goal,Above the Break 3,Right Side Center(RC),24+ ft.,25,235,100,1,0,20200801,DEN,MIA,21901239458,18430,0,200794|203924|203999|1628420|1628470,0,REG,2020,2738,-2.0,SF,Helper,1.44,MISS Grant 26' 3PT Jump Shot,PF,Athletic Finisher,-0.76,
Shot Chart Detail,21901239,503,203924,Jerami Grant,1610612743,Denver Nuggets,3,1,58,Missed Shot,Pullup Jump shot,2PT Field Goal,Mid-Range,Left Side Center(LC),16-24 ft.,21,-155,146,1,0,20200801,DEN,MIA,21901239503,20420,0,203486|203584|203924|1628408|1629008,0,REG,2020,203482,-13.0,C,Anchor Big,0.91,MISS Grant 21' Pullup Jump Shot,PF,Athletic Finisher,-0.76,
Shot Chart Detail,21901239,655,203924,Jerami Grant,1610612743,Denver Nuggets,4,6,10,Made Shot,Driving Layup Shot,2PT Field Goal,In The Paint (Non-RA),Center(C),Less Than 8 ft.,4,39,26,1,1,20200801,DEN,MIA,21901239655,25100,0,200794|203924|203999|1628420|1628470,1,REG,2020,203482,-15.0,C,Anchor Big,0.91,Grant 5' Driving Layup (13 PTS) (Morris 4 AST),PF,Athletic Finisher,-0.76,1628420.0
Shot Chart Detail,21901239,669,203924,Jerami Grant,1610612743,Denver Nuggets,4,5,2,Made Shot,Jump Shot,3PT Field Goal,Above the Break 3,Left Side Center(LC),24+ ft.,24,-162,189,1,1,20200801,DEN,MIA,21901239669,25780,0,200794|203924|203999|1628420|1628470,1,REG,2020,203109,-16.0,SF-PF,Wing Stopper,0.64,Grant 25' 3PT Jump Shot (17 PTS) (Morris 5 AST),PF,Athletic Finisher,-0.76,1628420.0
Shot Chart Detail,21901239,682,203924,Jerami Grant,1610612743,Denver Nuggets,4,3,51,Made Shot,Driving Finger Roll Layup Shot,2PT Field Goal,Restricted Area,Center(C),Less Than 8 ft.,2,9,19,1,1,20200801,DEN,MIA,21901239682,26490,0,203924|203999|1628420|1628470|1629008,0,REG,2020,203482,-20.0,C,Anchor Big,0.91,Grant 2' Driving Finger Roll Layup (19 PTS),PF,Athletic Finisher,-0.76,
Shot Chart Detail,21901251,96,203924,Jerami Grant,1610612743,Denver Nuggets,1,4,34,Missed Shot,Jump Shot,3PT Field Goal,Left Corner 3,Left Side(L),24+ ft.,22,-221,58,1,0,20200803,OKC,DEN,2190125196,4460,0,203486|203924|203999|1628408|1629008,0,REG,2020,1629647,1.0,PF,Helper,0.44,MISS Grant 3PT Jump Shot,PF,Athletic Finisher,-0.76,
Shot Chart Detail,21901251,152,203924,Jerami Grant,1610612743,Denver Nuggets,1,0,47,Missed Shot,Driving Finger Roll Layup Shot,2PT Field Goal,Restricted Area,Center(C),Less Than 8 ft.,1,1,16,1,0,20200803,OKC,DEN,21901251152,6730,0,203486|203584|203924|1628408|1629626,0,REG,2020,1629652,3.0,SF,Point of Attack,-0.15,MISS Grant 2' Driving Finger Roll Layup,PF,Athletic Finisher,-0.76,
Shot Chart Detail,21901251,218,203924,Jerami Grant,1610612743,Denver Nuggets,2,8,41,Missed Shot,Jump Shot,3PT Field Goal,Above the Break 3,Left Side Center(LC),24+ ft.,24,-108,219,1,0,20200803,OKC,DEN,21901251218,9190,0,203486|203584|203924|1628420|1629008,0,REG,2020,,,,,,,PF,Athletic Finisher,-0.76,
Shot Chart Detail,21901251,493,203924,Jerami Grant,1610612743,Denver Nuggets,3,0,50,Missed Shot,Jump Shot,3PT Field Goal,Left Corner 3,Left Side(L),24+ ft.,23,-229,46,1,0,20200803,OKC,DEN,21901251493,21100,0,203486|203584|203924|203999|1628408,0,REG,2020,1627846,-4.0,SF,Low Activity,-0.36,MISS Grant 3PT Jump Shot,PF,Athletic Finisher,-0.76,
Shot Chart Detail,21901251,537,203924,Jerami Grant,1610612743,Denver Nuggets,4,10,41,Made Shot,Fadeaway Jump Shot,2PT Field Goal,Mid-Range,Right Side(R),8-16 ft.,10,100,5,1,1,20200803,OKC,DEN,21901251537,22390,0,203486|203924|1628408|1628420|1629008,1,REG,2020,1627846,,SF,Low Activity,-0.36,Grant 10' Fadeaway Jumper (2 PTS) (Plumlee 2 AST),PF,Athletic Finisher,-0.76,203486.0
Shot Chart Detail,21901264,97,203924,Jerami Grant,1610612743,Denver Nuggets,1,5,6,Missed Shot,Jump Shot,3PT Field Goal,Above the Break 3,Right Side Center(RC),24+ ft.,26,240,111,1,0,20200805,SAS,DEN,2190126497,4140,0,203924|203999|1628408|1628420|1628470,0,REG,2020,200752,7.0,PF,Helper,0.45,MISS Grant 26' 3PT Jump Shot,PF,Athletic Finisher,-0.76,
Shot Chart Detail,21901264,104,203924,Jerami Grant,1610612743,Denver Nuggets,1,4,35,Missed Shot,Layup Shot,2PT Field Goal,Restricted Area,Center(C),Less Than 8 ft.,2,20,16,1,0,20200805,SAS,DEN,21901264104,4450,0,203924|203999|1628408|1628420|1628470,0,REG,2020,200752,5.0,PF,Helper,0.45,MISS Grant 3' Layup,PF,Athletic Finisher,-0.76,
Shot Chart Detail,21901264,111,203924,Jerami Grant,1610612743,Denver Nuggets,1,3,39,Made Shot,Layup Shot,2PT Field Goal,Restricted Area,Center(C),Less Than 8 ft.,2,16,15,1,1,20200805,SAS,DEN,21901264111,5010,0,203924|203999|1628408|1628420|1628470,1,REG,2020,201988|1629683,6.0,,,,,PF,Athletic Finisher,-0.76,203999.0
Shot Chart Detail,21901264,139,203924,Jerami Grant,1610612743,Denver Nuggets,1,2,31,Missed Shot,Pullup Jump shot,2PT Field Goal,Mid-Range,Right Side Center(RC),16-24 ft.,20,114,168,1,0,20200805,SAS,DEN,21901264139,5690,0,203486|203584|203924|1628408|1629008,0,REG,2020,1627751|200752,5.0,,,,,PF,Athletic Finisher,-0.76,
Shot Chart Detail,21901264,177,203924,Jerami Grant,1610612743,Denver Nuggets,2,11,28,Made Shot,Step Back Jump shot,2PT Field Goal,Mid-Range,Right Side(R),8-16 ft.,10,92,52,1,1,20200805,SAS,DEN,21901264177,7520,0,203486|203584|203924|1628408|1629008,0,REG,2020,200752,4.0,PF,Helper,0.45,Grant 11' Step Back Jump Shot (4 PTS),PF,Athletic Finisher,-0.76,
Shot Chart Detail,21901264,207,203924,Jerami Grant,1610612743,Denver Nuggets,2,8,44,Made Shot,Putback Layup Shot,2PT Field Goal,Restricted Area,Center(C),Less Than 8 ft.,2,27,4,1,1,20200805,SAS,DEN,21901264207,9160,0,203486|203584|203924|1628408|1629008,0,REG,2020,200752,7.0,PF,Helper,0.45,Grant 3' Putback Layup (6 PTS),PF,Athletic Finisher,-0.76,
Shot Chart Detail,21901264,229,203924,Jerami Grant,1610612743,Denver Nuggets,2,7,13,Missed Shot,Jump Shot,3PT Field Goal,Above the Break 3,Center(C),24+ ft.,25,73,247,1,0,20200805,SAS,DEN,21901264229,10070,0,203486|203584|203924|1628408|1629008,0,REG,2020,1627749,7.0,PG,Point of Attack,0.93,MISS Grant 26' 3PT Jump Shot,PF,Athletic Finisher,-0.76,
Shot Chart Detail,21901264,274,203924,Jerami Grant,1610612743,Denver Nuggets,2,4,30,Made Shot,Turnaround Jump Shot,2PT Field Goal,Restricted Area,Center(C),Less Than 8 ft.,3,25,19,1,1,20200805,SAS,DEN,21901264274,11700,0,200794|203924|203999|1628420|1628470,1,REG,2020,1628401,4.0,SG,Point of Attack,0.05,Grant 3' Turnaround Jump Shot (8 PTS) (Jokic 6 AST),PF,Athletic Finisher,-0.76,203999.0
Shot Chart Detail,21901264,496,203924,Jerami Grant,1610612743,Denver Nuggets,3,0,32,Missed Shot,Jump Shot,3PT Field Goal,Above the Break 3,Right Side Center(RC),24+ ft.,25,138,218,1,0,20200805,SAS,DEN,21901264496,21280,0,203486|203584|203924|1628408|1628420,0,REG,2020,200752,-0.0,PF,Helper,0.45,MISS Grant 26' 3PT Jump Shot,PF,Athletic Finisher,-0.76,
Shot Chart Detail,21901264,508,203924,Jerami Grant,1610612743,Denver Nuggets,4,11,44,Made Shot,Jump Shot,3PT Field Goal,Left Corner 3,Left Side(L),24+ ft.,24,-242,25,1,1,20200805,SAS,DEN,21901264508,21760,0,203486|203584|203924|1628408|1629008,1,REG,2020,200752,3.0,PF,Helper,0.45,Grant 24' 3PT Jump Shot (11 PTS) (Dozier 5 AST),PF,Athletic Finisher,-0.76,1628408.0
Shot Chart Detail,21901264,557,203924,Jerami Grant,1610612743,Denver Nuggets,4,8,7,Made Shot,Jump Shot,3PT Field Goal,Above the Break 3,Right Side Center(RC),24+ ft.,25,111,230,1,1,20200805,SAS,DEN,21901264557,23930,0,203486|203584|203924|1628408|1629008,1,REG,2020,200752,3.0,PF,Helper,0.45,Grant 26' 3PT Jump Shot (14 PTS) (Plumlee 6 AST),PF,Athletic Finisher,-0.76,203486.0
Shot Chart Detail,21901264,573,203924,Jerami Grant,1610612743,Denver Nuggets,4,6,44,Made Shot,Turnaround Jump Shot,2PT Field Goal,Mid-Range,Left Side(L),8-16 ft.,9,-92,8,1,1,20200805,SAS,DEN,21901264573,24760,0,203486|203924|1628408|1628420|1628470,1,REG,2020,1628401,6.0,SG,Point of Attack,0.05,Grant 9' Turnaround Jump Shot (16 PTS) (Dozier 7 AST),PF,Athletic Finisher,-0.76,1628408.0
Shot Chart Detail,21901264,598,203924,Jerami Grant,1610612743,Denver Nuggets,4,5,0,Made Shot,Driving Dunk Shot,2PT Field Goal,Restricted Area,Center(C),Less Than 8 ft.,0,3,4,1,1,20200805,SAS,DEN,21901264598,25800,0,203924|203999|1628420|1628470|1629008,1,REG,2020,201942,,SF,Wing Stopper,-1.16,Grant 1' Driving Dunk (18 PTS) (Jokic 9 AST),PF,Athletic Finisher,-0.76,203999.0
Shot Chart Detail,21901264,606,203924,Jerami Grant,1610612743,Denver Nuggets,4,3,56,Missed Shot,Jump Shot,3PT Field Goal,Above the Break 3,Center(C),24+ ft.,25,-23,251,1,0,20200805,SAS,DEN,21901264606,26440,0,203924|203999|1628420|1628470|1629008,0,REG,2020,201942,7.0,SF,Wing Stopper,-1.16,MISS Grant 25' 3PT Jump Shot,PF,Athletic Finisher,-0.76,
Shot Chart Detail,21901272,9,203924,Jerami Grant,1610612743,Denver Nuggets,1,11,33,Made Shot,Driving Hook Shot,2PT Field Goal,In The Paint (Non-RA),Center(C),Less Than 8 ft.,4,-5,43,1,1,20200806,DEN,POR,219012729,270,0,203924|203999|1628420|1628470|1629008,1,REG,2020,203994|1628380,2.0,,,,,PF,Athletic Finisher,-0.76,1629008.0
Shot Chart Detail,21901272,30,203924,Jerami Grant,1610612743,Denver Nuggets,1,9,28,Missed Shot,Jump Shot,3PT Field Goal,Right Corner 3,Right Side(R),24+ ft.,23,234,43,1,0,20200806,DEN,POR,2190127230,1520,0,203924|203999|1628420|1628470|1629008,0,REG,2020,1628380,0.0,PF,Anchor Big,0.96,MISS Grant 24' 3PT Jump Shot,PF,Athletic Finisher,-0.76,
Shot Chart Detail,21901272,37,203924,Jerami Grant,1610612743,Denver Nuggets,1,8,43,Made Shot,Driving Floating Jump Shot,2PT Field Goal,In The Paint (Non-RA),Center(C),8-16 ft.,8,13,85,1,1,20200806,DEN,POR,2190127237,1970,0,203924|203999|1628420|1628470|1629008,0,REG,2020,1628380,5.0,PF,Anchor Big,0.96,Grant 9' Driving Floating Jump Shot (4 PTS),PF,Athletic Finisher,-0.76,
Shot Chart Detail,21901272,70,203924,Jerami Grant,1610612743,Denver Nuggets,1,5,16,Missed Shot,Driving Layup Shot,2PT Field Goal,In The Paint (Non-RA),Center(C),Less Than 8 ft.,5,6,52,1,0,20200806,DEN,POR,2190127270,4040,0,203924|203999|1628420|1628470|1629008,0,REG,2020,1628380,5.0,PF,Anchor Big,0.96,MISS Grant 5' Driving Layup,PF,Athletic Finisher,-0.76,
Shot Chart Detail,21901272,146,203924,Jerami Grant,1610612743,Denver Nuggets,1,0,2,Missed Shot,Fadeaway Jump Shot,3PT Field Goal,Right Corner 3,Right Side(R),24+ ft.,23,230,25,1,0,20200806,DEN,POR,21901272146,7180,0,203486|203924|1628408|1628966|1629008,0,REG,2020,1629018,-1.0,SF,Chaser,-1.71,MISS Grant 3PT Fadeaway Jumper,PF,Athletic Finisher,-0.76,
Shot Chart Detail,21901272,292,203924,Jerami Grant,1610612743,Denver Nuggets,2,0,20,Made Shot,Jump Shot,3PT Field Goal,Left Corner 3,Left Side(L),24+ ft.,22,-220,37,1,1,20200806,DEN,POR,21901272292,14200,0,203924|203999|1628420|1628470|1629008,1,REG,2020,2546,-10.0,PF,Helper,-0.78,Grant 3PT Jump Shot (7 PTS) (Jokic 8 AST),PF,Athletic Finisher,-0.76,203999.0
Shot Chart Detail,21901272,301,203924,Jerami Grant,1610612743,Denver Nuggets,3,11,43,Made Shot,Jump Shot,3PT Field Goal,Above the Break 3,Right Side Center(RC),24+ ft.,27,135,238,1,1,20200806,DEN,POR,21901272301,14570,0,203924|203999|1628420|1628470|1629008,1,REG,2020,1628380,-10.0,PF,Anchor Big,0.96,Grant 27' 3PT Jump Shot (10 PTS) (Morris 1 AST),PF,Athletic Finisher,-0.76,1628420.0
Shot Chart Detail,21901272,318,203924,Jerami Grant,1610612743,Denver Nuggets,3,10,28,Missed Shot,Jump Shot,3PT Field Goal,Left Corner 3,Left Side(L),24+ ft.,23,-230,46,1,0,20200806,DEN,POR,21901272318,15320,0,203924|203999|1628420|1628470|1629008,0,REG,2020,203994,-10.0,C,Helper,1.77,MISS Grant 3PT Jump Shot,PF,Athletic Finisher,-0.76,
Shot Chart Detail,21901272,352,203924,Jerami Grant,1610612743,Denver Nuggets,3,7,52,Made Shot,Cutting Dunk Shot,2PT Field Goal,Restricted Area,Center(C),Less Than 8 ft.,1,0,10,1,1,20200806,DEN,POR,21901272352,16880,0,203924|203999|1628420|1628470|1629008,1,REG,2020,2546,-12.0,PF,Helper,-0.78,Grant 1' Cutting Dunk Shot (12 PTS) (Jokic 11 AST),PF,Athletic Finisher,-0.76,203999.0
Shot Chart Detail,21901272,375,203924,Jerami Grant,1610612743,Denver Nuggets,3,5,45,Made Shot,Turnaround Fadeaway shot,2PT Field Goal,In The Paint (Non-RA),Center(C),8-16 ft.,12,40,117,1,1,20200806,DEN,POR,21901272375,18150,0,203924|203999|1628420|1628470|1629008,1,REG,2020,1628380,,PF,Anchor Big,0.96,Grant 12' Turnaround Fadeaway (14 PTS) (Jokic 13 AST),PF,Athletic Finisher,-0.76,203999.0
Shot Chart Detail,21901272,379,203924,Jerami Grant,1610612743,Denver Nuggets,3,5,30,Made Shot,Running Layup Shot,2PT Field Goal,Restricted Area,Center(C),Less Than 8 ft.,3,21,26,1,1,20200806,DEN,POR,21901272379,18300,0,203924|203999|1628420|1628470|1629008,1,REG,2020,203468|1629018,-8.0,,,,,PF,Athletic Finisher,-0.76,1628470.0
Shot Chart Detail,21901281,79,203924,Jerami Grant,1610612743,Denver Nuggets,1,5,3,Made Shot,Turnaround Fadeaway Bank Jump Shot,2PT Field Goal,In The Paint (Non-RA),Center(C),Less Than 8 ft.,5,-51,31,1,1,20200808,DEN,UTA,2190128179,4170,0,200794|203924|203999|1627750|1628470,0,REG,2020,203903,-4.0,SG,Chaser,-1.68,Grant 6' Turnaround Fadeaway Bank Jump Shot (2 PTS),PF,Athletic Finisher,-0.76,
Shot Chart Detail,21901281,182,203924,Jerami Grant,1610612743,Denver Nuggets,2,8,43,Made Shot,Jump Shot,3PT Field Goal,Right Corner 3,Right Side(R),24+ ft.,24,237,55,1,1,20200808,DEN,UTA,21901281182,9170,0,203486|203924|1628408|1628420|1629008,1,REG,2020,1629671,-9.0,SF,Chaser,-0.33,Grant 24' 3PT Jump Shot (5 PTS) (Porter Jr. 2 AST),PF,Athletic Finisher,-0.76,1629008.0
Shot Chart Detail,21901281,221,203924,Jerami Grant,1610612743,Denver Nuggets,2,6,17,Made Shot,Driving Layup Shot,2PT Field Goal,Restricted Area,Center(C),Less Than 8 ft.,2,20,10,1,1,20200808,DEN,UTA,21901281221,10630,0,200794|203924|203999|1627750|1628470,0,REG,2020,1626220,-15.0,SF,Wing Stopper,1.24,Grant 2' Driving Layup (7 PTS),PF,Athletic Finisher,-0.76,
Shot Chart Detail,21901281,228,203924,Jerami Grant,1610612743,Denver Nuggets,2,5,14,Missed Shot,Jump Shot,3PT Field Goal,Above the Break 3,Right Side Center(RC),24+ ft.,27,218,163,1,0,20200808,DEN,UTA,21901281228,11260,0,200794|203924|203999|1627750|1628470,0,REG,2020,1626220,-15.0,SF,Wing Stopper,1.24,MISS Grant 27' 3PT Jump Shot,PF,Athletic Finisher,-0.76,
Shot Chart Detail,21901281,267,203924,Jerami Grant,1610612743,Denver Nuggets,2,2,38,Made Shot,Layup Shot,2PT Field Goal,Restricted Area,Center(C),Less Than 8 ft.,3,-33,-1,1,1,20200808,DEN,UTA,21901281267,12820,0,200794|203924|203999|1627750|1628470,1,REG,2020,1626220,-16.0,SF,Wing Stopper,1.24,Grant 3' Layup (9 PTS) (Jokic 3 AST),PF,Athletic Finisher,-0.76,203999.0
Shot Chart Detail,21901281,279,203924,Jerami Grant,1610612743,Denver Nuggets,2,1,28,Made Shot,Cutting Dunk Shot,2PT Field Goal,Restricted Area,Center(C),Less Than 8 ft.,2,14,16,1,1,20200808,DEN,UTA,21901281279,13520,0,200794|203924|203999|1627750|1628470,1,REG,2020,203497,-14.0,C,Anchor Big,3.05,Grant 2' Cutting Dunk Shot (12 PTS) (Jokic 4 AST),PF,Athletic Finisher,-0.76,203999.0
Shot Chart Detail,21901281,456,203924,Jerami Grant,1610612743,Denver Nuggets,3,1,5,Missed Shot,Driving Layup Shot,2PT Field Goal,Restricted Area,Center(C),Less Than 8 ft.,1,16,5,1,0,20200808,DEN,UTA,21901281456,20950,0,203486|203924|1628408|1628420|1629008,0,REG,2020,1629671,-10.0,SF,Chaser,-0.33,MISS Grant 2' Driving Layup,PF,Athletic Finisher,-0.76,
Shot Chart Detail,21901281,465,203924,Jerami Grant,1610612743,Denver Nuggets,3,0,23,Missed Shot,Jump Shot,3PT Field Goal,Above the Break 3,Center(C),24+ ft.,27,11,272,1,0,20200808,DEN,UTA,21901281465,21370,0,203486|203924|1628408|1628420|1629008,0,REG,2020,201144,-10.0,PG,Point of Attack,-0.57,MISS Grant 27' 3PT Jump Shot,PF,Athletic Finisher,-0.76,
Shot Chart Detail,21901281,550,203924,Jerami Grant,1610612743,Denver Nuggets,4,6,1,Missed Shot,Driving Layup Shot,2PT Field Goal,In The Paint (Non-RA),Center(C),Less Than 8 ft.,4,32,28,1,0,20200808,DEN,UTA,21901281550,25190,0,203924|203999|1627750|1628420|1629008,0,REG,2020,203497,-4.0,C,Anchor Big,3.05,MISS Grant 4' Driving Layup,PF,Athletic Finisher,-0.76,
Shot Chart Detail,21901281,585,203924,Jerami Grant,1610612743,Denver Nuggets,4,3,57,Missed Shot,Jump Shot,3PT Field Goal,Above the Break 3,Left Side Center(LC),24+ ft.,28,-159,233,1,0,20200808,DEN,UTA,21901281585,26430,0,203924|203999|1627750|1628470|1629008,0,REG,2020,1628378,-4.0,SG,Chaser,-0.5,MISS Grant 28' 3PT Jump Shot,PF,Athletic Finisher,-0.76,
Shot Chart Detail,21901281,803,203924,Jerami Grant,1610612743,Denver Nuggets,6,4,41,Made Shot,Cutting Layup Shot,2PT Field Goal,Restricted Area,Center(C),Less Than 8 ft.,1,-9,17,1,1,20200808,DEN,UTA,21901281803,31990,2,203924|203999|1627750|1628420|1629008,1,REG,2020,204060,2.0,PF,Chaser,0.68,Grant 2' Cutting Layup Shot (17 PTS) (Jokic 6 AST),PF,Athletic Finisher,-0.76,203999.0
Shot Chart Detail,21901281,856,203924,Jerami Grant,1610612743,Denver Nuggets,6,0,22,Made Shot,Driving Dunk Shot,2PT Field Goal,Restricted Area,Center(C),Less Than 8 ft.,2,-6,23,1,1,20200808,DEN,UTA,21901281856,34580,2,203486|203924|1628408|1628420|1629008,1,REG,2020,204060,,PF,Chaser,0.68,Grant 2' Driving Dunk (19 PTS) (Murray 8 AST),PF,Athletic Finisher,-0.76,1627750.0
Shot Chart Detail,21901307,159,203924,Jerami Grant,1610612743,Denver Nuggets,2,10,59,Missed Shot,Jump Shot,3PT Field Goal,Above the Break 3,Center(C),24+ ft.,26,54,262,1,0,20200812,DEN,LAC,21901307159,7810,0,203486|203924|1628408|1628420|1629626,0,REG,2020,203210,-3.0,PF,Helper,-0.03,MISS Grant 27' 3PT Jump Shot,PF,Athletic Finisher,-0.76,
Shot Chart Detail,21901307,187,203924,Jerami Grant,1610612743,Denver Nuggets,2,8,58,Made Shot,Jump Shot,3PT Field Goal,Above the Break 3,Right Side Center(RC),24+ ft.,25,150,200,1,1,20200812,DEN,LAC,21901307187,9020,0,203486|203924|1628408|1628420|1629626,1,REG,2020,202331,-2.0,SF,Wing Stopper,0.41,Grant 25' 3PT Jump Shot (3 PTS) (Morris 1 AST),PF,Athletic Finisher,-0.76,1628420.0
Shot Chart Detail,21901307,197,203924,Jerami Grant,1610612743,Denver Nuggets,2,8,29,Missed Shot,Turnaround Jump Shot,2PT Field Goal,In The Paint (Non-RA),Center(C),Less Than 8 ft.,6,29,62,1,0,20200812,DEN,LAC,21901307197,9310,0,203486|203924|1628408|1628420|1629626,0,REG,2020,202331|202704,-2.0,,,,,PF,Athletic Finisher,-0.76,
Shot Chart Detail,21901307,213,203924,Jerami Grant,1610612743,Denver Nuggets,2,7,18,Made Shot,Driving Dunk Shot,2PT Field Goal,Restricted Area,Center(C),Less Than 8 ft.,1,8,15,1,1,20200812,DEN,LAC,21901307213,10020,0,203486|203924|1628408|1628420|1629626,1,REG,2020,202695|1627826,,,,,,PF,Athletic Finisher,-0.76,203486.0
Shot Chart Detail,21901307,240,203924,Jerami Grant,1610612743,Denver Nuggets,2,5,59,Made Shot,Alley Oop Layup shot,2PT Field Goal,In The Paint (Non-RA),Center(C),Less Than 8 ft.,5,-20,47,1,1,20200812,DEN,LAC,21901307240,10810,0,200794|203924|203999|1627750|1628470,1,REG,2020,202331,4.0,SF,Wing Stopper,0.41,Grant 5' Alley Oop Layup (7 PTS) (Jokic 4 AST),PF,Athletic Finisher,-0.76,203999.0
Shot Chart Detail,21901307,250,203924,Jerami Grant,1610612743,Denver Nuggets,2,4,57,Missed Shot,Jump Shot,3PT Field Goal,Above the Break 3,Center(C),24+ ft.,25,18,258,1,0,20200812,DEN,LAC,21901307250,11430,0,200794|203924|203999|1627750|1628470,0,REG,2020,202695,4.0,SF,Wing Stopper,1.84,MISS Grant 26' 3PT Jump Shot,PF,Athletic Finisher,-0.76,
Shot Chart Detail,21901307,413,203924,Jerami Grant,1610612743,Denver Nuggets,3,4,23,Made Shot,Jump Shot,3PT Field Goal,Right Corner 3,Right Side(R),24+ ft.,23,229,43,1,1,20200812,DEN,LAC,21901307413,18970,0,200794|203924|203999|1627750|1628470,1,REG,2020,202695,-4.0,SF,Wing Stopper,1.84,Grant 3PT Jump Shot (10 PTS) (Jokic 11 AST),PF,Athletic Finisher,-0.76,203999.0
Shot Chart Detail,21901307,422,203924,Jerami Grant,1610612743,Denver Nuggets,3,3,22,Made Shot,Layup Shot,2PT Field Goal,Restricted Area,Center(C),Less Than 8 ft.,1,18,4,1,1,20200812,DEN,LAC,21901307422,19580,0,200794|203924|203999|1627750|1628420,1,REG,2020,202695|202704,-3.0,,,,,PF,Athletic Finisher,-0.76,1627750.0
Shot Chart Detail,21901307,450,203924,Jerami Grant,1610612743,Denver Nuggets,3,2,43,Made Shot,Jump Shot,3PT Field Goal,Above the Break 3,Left Side Center(LC),24+ ft.,24,-199,148,1,1,20200812,DEN,LAC,21901307450,19970,0,203486|203924|203999|1627750|1628420,1,REG,2020,203585,0.0,SG,Point of Attack,-0.33,Grant 25' 3PT Jump Shot (17 PTS) (Murray 6 AST),PF,Athletic Finisher,-0.76,1627750.0
Shot Chart Detail,21901307,462,203924,Jerami Grant,1610612743,Denver Nuggets,3,1,57,Made Shot,Layup Shot,2PT Field Goal,Restricted Area,Center(C),Less Than 8 ft.,2,2,20,1,1,20200812,DEN,LAC,21901307462,20430,0,203486|203924|203999|1627750|1628420,1,REG,2020,203210,-1.0,PF,Helper,-0.03,Grant 2' Layup (19 PTS) (Jokic 12 AST),PF,Athletic Finisher,-0.76,203999.0
Shot Chart Detail,21901307,488,203924,Jerami Grant,1610612743,Denver Nuggets,3,0,0,Made Shot,Running Dunk Shot,2PT Field Goal,Restricted Area,Center(C),Less Than 8 ft.,0,-2,-4,1,1,20200812,DEN,LAC,21901307488,21600,0,203486|203924|1628408|1628420|1629008,0,REG,2020,101150|203210,,,,,,PF,Athletic Finisher,-0.76,
Shot Chart Detail,21901307,510,203924,Jerami Grant,1610612743,Denver Nuggets,4,10,4,Missed Shot,Jump Shot,2PT Field Goal,Mid-Range,Left Side(L),8-16 ft.,13,-128,56,1,0,20200812,DEN,LAC,21901307510,22760,0,203486|203924|1628408|1628420|1629008,0,REG,2020,203210,1.0,PF,Helper,-0.03,MISS Grant 14' Jump Shot,PF,Athletic Finisher,-0.76,
Shot Chart Detail,21901307,538,203924,Jerami Grant,1610612743,Denver Nuggets,4,7,59,Made Shot,Jump Shot,3PT Field Goal,Above the Break 3,Center(C),24+ ft.,26,32,266,1,1,20200812,DEN,LAC,21901307538,24010,0,203486|203924|1628408|1628420|1629008,1,REG,2020,202694,-3.0,SF-PF,Wing Stopper,0.35,Grant 27' 3PT Jump Shot (25 PTS) (Dozier 2 AST),PF,Athletic Finisher,-0.76,1628408.0
Shot Chart Detail,21901307,559,203924,Jerami Grant,1610612743,Denver Nuggets,4,5,39,Missed Shot,Jump Shot,3PT Field Goal,Above the Break 3,Center(C),24+ ft.,26,3,263,1,0,20200812,DEN,LAC,21901307559,25410,0,203486|203924|1628408|1628420|1628966,0,REG,2020,202335,-6.0,PF,Helper,-0.39,MISS Grant 26' 3PT Jump Shot,PF,Athletic Finisher,-0.76,
Shot Chart Detail,21901318,20,203924,Jerami Grant,1610612743,Denver Nuggets,1,9,58,Missed Shot,Jump Shot,3PT Field Goal,Above the Break 3,Left Side Center(LC),24+ ft.,25,-130,221,1,0,20200814,TOR,DEN,2190131820,1220,0,200794|203924|203999|1627750|1628470,0,REG,2020,1629056,1.0,SG,Point of Attack,-1.05,MISS Grant 26' 3PT Jump Shot,PF,Athletic Finisher,-0.76,
Shot Chart Detail,21901318,71,203924,Jerami Grant,1610612743,Denver Nuggets,1,5,31,Missed Shot,Jump Shot,3PT Field Goal,Above the Break 3,Right Side Center(RC),24+ ft.,25,223,121,1,0,20200814,TOR,DEN,2190131871,3890,0,200794|203924|203999|1627750|1628470,0,REG,2020,1629056,-3.0,SG,Point of Attack,-1.05,MISS Grant 25' 3PT Jump Shot,PF,Athletic Finisher,-0.76,
Shot Chart Detail,21901318,84,203924,Jerami Grant,1610612743,Denver Nuggets,1,3,56,Missed Shot,Driving Finger Roll Layup Shot,2PT Field Goal,Restricted Area,Center(C),Less Than 8 ft.,1,-2,10,1,0,20200814,TOR,DEN,2190131884,4840,0,200794|203924|203999|1627750|1628470,0,REG,2020,1629744|1626181,-1.0,,,,,PF,Athletic Finisher,-0.76,
Shot Chart Detail,21901318,244,203924,Jerami Grant,1610612743,Denver Nuggets,2,3,59,Missed Shot,Pullup Jump shot,2PT Field Goal,Mid-Range,Left Side Center(LC),16-24 ft.,20,-116,172,1,0,20200814,TOR,DEN,21901318244,12010,0,200794|203584|203924|1628420|1628470,0,REG,2020,1626178,-13.0,PF,Helper,0.75,MISS Grant 21' Pullup Jump Shot,PF,Athletic Finisher,-0.76,
Shot Chart Detail,21901318,249,203924,Jerami Grant,1610612743,Denver Nuggets,2,3,33,Missed Shot,Jump Shot,3PT Field Goal,Above the Break 3,Left Side Center(LC),24+ ft.,25,-114,232,1,0,20200814,TOR,DEN,21901318249,12270,0,200794|203584|203924|1628420|1628470,0,REG,2020,1626178,-13.0,PF,Helper,0.75,MISS Grant 26' 3PT Jump Shot,PF,Athletic Finisher,-0.76,
Shot Chart Detail,21901318,269,203924,Jerami Grant,1610612743,Denver Nuggets,2,2,19,Made Shot,Running Finger Roll Layup Shot,2PT Field Goal,Restricted Area,Center(C),Less Than 8 ft.,1,6,9,1,1,20200814,TOR,DEN,21901318269,13010,0,200794|203584|203924|1628420|1628966,1,REG,2020,1629744|1629056,-9.0,,,,,PF,Athletic Finisher,-0.76,1628420.0
