GRID_TYPE,GAME_ID,GAME_EVENT_ID,PLAYER_ID,PLAYER_NAME,TEAM_ID,TEAM_NAME,PERIOD,MINUTES_REMAINING,SECONDS_REMAINING,EVENT_TYPE,ACTION_TYPE,SHOT_TYPE,SHOT_ZONE_BASIC,SHOT_ZONE_AREA,SHOT_ZONE_RANGE,SHOT_DISTANCE,LOC_X,LOC_Y,SHOT_ATTEMPTED_FLAG,SHOT_MADE_FLAG,GAME_DATE,HTM,VTM,SHOT_ID,time,extra,PLAYERS_ON,assisted,season_type,year,DEF_ID,DEF_POSITION,DEF_ROLE,D_LEBRON,OFF_POSITION,OFF_ROLE,O_LEBRON
Shot Chart Detail,22300004,88,1627936,Alex Caruso,1610612741,Chicago Bulls,1,2,53,Missed Shot,Jump Shot,3PT Field Goal,Above the Break 3,Center(C),24+ ft.,25,-28,254,1,0,20231103,CHI,BKN,2230000488,5470,0,202696|203897|1627936|1628975|1630172,0,REG,2024,1629022,SG,Low Activity,-0.79,SG,Stationary Shooter,-1.12
Shot Chart Detail,22300004,512,1627936,Alex Caruso,1610612741,Chicago Bulls,4,6,51,Made Shot,Jump Shot,3PT Field Goal,Above the Break 3,Left Side Center(LC),24+ ft.,24,-77,232,1,1,20231103,CHI,BKN,22300004512,24690,0,202696|203897|1627936|1628470|1629632,1,REG,2024,,,,,SG,Stationary Shooter,-1.12
Shot Chart Detail,22300033,11,1627936,Alex Caruso,1610612741,Chicago Bulls,1,11,14,Made Shot,Jump Shot,3PT Field Goal,Right Corner 3,Right Side(R),24+ ft.,24,227,78,1,1,20231117,CHI,ORL,2230003311,460,0,201942|202696|203897|1627936|1629632,1,REG,2024,1631094,PF,Wing Stopper,0.32,SG,Stationary Shooter,-1.12
Shot Chart Detail,22300033,24,1627936,Alex Caruso,1610612741,Chicago Bulls,1,10,1,Made Shot,Jump Shot,3PT Field Goal,Right Corner 3,Right Side(R),24+ ft.,23,230,61,1,1,20231117,CHI,ORL,2230003324,1190,0,201942|202696|203897|1627936|1629632,1,REG,2024,1631094,PF,Wing Stopper,0.32,SG,Stationary Shooter,-1.12
Shot Chart Detail,22300033,47,1627936,Alex Caruso,1610612741,Chicago Bulls,1,8,17,Made Shot,Jump Shot,3PT Field Goal,Above the Break 3,Right Side Center(RC),24+ ft.,25,178,189,1,1,20231117,CHI,ORL,2230003347,2230,0,201942|202696|203897|1627936|1629632,1,REG,2024,1631094,PF,Wing Stopper,0.32,SG,Stationary Shooter,-1.12
Shot Chart Detail,22300033,219,1627936,Alex Caruso,1610612741,Chicago Bulls,2,6,32,Made Shot,Floating Jump shot,2PT Field Goal,Restricted Area,Center(C),Less Than 8 ft.,2,-26,-4,1,1,20231117,CHI,ORL,22300033219,10480,0,201942|202696|203897|1627936|1628470,0,REG,2024,1630175,PG,Point of Attack,0.06,SG,Stationary Shooter,-1.12
Shot Chart Detail,22300033,309,1627936,Alex Caruso,1610612741,Chicago Bulls,2,0,48,Missed Shot,Jump Shot,3PT Field Goal,Left Corner 3,Left Side(L),24+ ft.,22,-227,-16,1,0,20231117,CHI,ORL,22300033309,13920,0,201942|202696|203897|1627936|1630245,0,REG,2024,1629021,C,Mobile Big,-0.35,SG,Stationary Shooter,-1.12
Shot Chart Detail,22300033,621,1627936,Alex Caruso,1610612741,Chicago Bulls,4,0,26,Made Shot,Jump Shot,3PT Field Goal,Above the Break 3,Center(C),24+ ft.,27,-25,273,1,1,20231117,CHI,ORL,22300033621,28540,0,201942|202696|203897|1627936|1629632,1,REG,2024,1630532,SF,Helper,1.11,SG,Stationary Shooter,-1.12
Shot Chart Detail,22300046,11,1627936,Alex Caruso,1610612741,Chicago Bulls,1,11,13,Missed Shot,Jump Shot,3PT Field Goal,Left Corner 3,Left Side(L),24+ ft.,22,-229,-9,1,0,20231124,TOR,CHI,2230004611,470,0,201942|202696|203897|1627936|1629632,0,REG,2024,,,,,SG,Stationary Shooter,-1.12
Shot Chart Detail,22300046,271,1627936,Alex Caruso,1610612741,Chicago Bulls,2,1,59,Made Shot,Jump Shot,3PT Field Goal,Above the Break 3,Right Side Center(RC),24+ ft.,26,214,153,1,1,20231124,TOR,CHI,22300046271,13210,0,201942|202696|203897|1627936|1629632,1,REG,2024,,,,,SG,Stationary Shooter,-1.12
Shot Chart Detail,22300046,315,1627936,Alex Caruso,1610612741,Chicago Bulls,3,10,29,Made Shot,Turnaround Hook Shot,2PT Field Goal,In The Paint (Non-RA),Center(C),Less Than 8 ft.,6,51,43,1,1,20231124,TOR,CHI,22300046315,15310,0,201942|202696|203897|1627936|1629632,1,REG,2024,1630567,SG,Wing Stopper,0.38,SG,Stationary Shooter,-1.12
Shot Chart Detail,22300053,94,1627936,Alex Caruso,1610612741,Chicago Bulls,1,4,7,Missed Shot,Running Layup Shot,2PT Field Goal,In The Paint (Non-RA),Center(C),Less Than 8 ft.,5,21,46,1,0,20231128,BOS,CHI,2230005394,4730,0,202696|203897|1627936|1630172|1630245,0,REG,2024,201143|1630625,,,,SG,Stationary Shooter,-1.12
Shot Chart Detail,22300053,107,1627936,Alex Caruso,1610612741,Chicago Bulls,1,3,23,Missed Shot,Pullup Jump shot,3PT Field Goal,Above the Break 3,Left Side Center(LC),24+ ft.,26,-115,242,1,0,20231128,BOS,CHI,22300053107,5170,0,202696|203897|1627936|1628470|1630245,0,REG,2024,1628436,C,Anchor Big,0.94,SG,Stationary Shooter,-1.12
Shot Chart Detail,22300053,120,1627936,Alex Caruso,1610612741,Chicago Bulls,1,2,39,Made Shot,Jump Shot,3PT Field Goal,Above the Break 3,Right Side Center(RC),24+ ft.,27,164,217,1,1,20231128,BOS,CHI,22300053120,5610,0,201942|203083|1627936|1628470|1630245,1,REG,2024,1628369,PF,Helper,0.31,SG,Stationary Shooter,-1.12
Shot Chart Detail,22300053,138,1627936,Alex Caruso,1610612741,Chicago Bulls,1,0,22,Missed Shot,Jump Shot,3PT Field Goal,Right Corner 3,Right Side(R),24+ ft.,23,234,0,1,0,20231128,BOS,CHI,22300053138,6980,0,201942|203083|1627936|1628470|1629632,0,REG,2024,1628436,C,Anchor Big,0.94,SG,Stationary Shooter,-1.12
Shot Chart Detail,22300053,267,1627936,Alex Caruso,1610612741,Chicago Bulls,2,3,58,Made Shot,Jump Shot,3PT Field Goal,Right Corner 3,Right Side(R),24+ ft.,23,233,36,1,1,20231128,BOS,CHI,22300053267,12020,0,201942|202696|203897|1627936|1630245,1,REG,2024,1628401,SG,Chaser,1.11,SG,Stationary Shooter,-1.12
Shot Chart Detail,22300053,292,1627936,Alex Caruso,1610612741,Chicago Bulls,2,1,51,Made Shot,Cutting Layup Shot,2PT Field Goal,Restricted Area,Center(C),Less Than 8 ft.,1,10,13,1,1,20231128,BOS,CHI,22300053292,13290,0,201942|203897|1627936|1629632|1630172,1,REG,2024,201950,PG,Point of Attack,0.52,SG,Stationary Shooter,-1.12
Shot Chart Detail,22300053,405,1627936,Alex Caruso,1610612741,Chicago Bulls,3,5,7,Missed Shot,Pullup Jump shot,3PT Field Goal,Above the Break 3,Right Side Center(RC),24+ ft.,25,108,234,1,0,20231128,BOS,CHI,22300053405,18530,0,202696|1627936|1628470|1628975|1630245,0,REG,2024,201143,C,Helper,0.84,SG,Stationary Shooter,-1.12
Shot Chart Detail,22300053,409,1627936,Alex Caruso,1610612741,Chicago Bulls,3,4,49,Missed Shot,Running Reverse Layup Shot,2PT Field Goal,Restricted Area,Center(C),Less Than 8 ft.,2,-11,26,1,0,20231128,BOS,CHI,22300053409,18710,0,202696|1627936|1628470|1628975|1630245,0,REG,2024,1628369,PF,Helper,0.31,SG,Stationary Shooter,-1.12
Shot Chart Detail,22300053,442,1627936,Alex Caruso,1610612741,Chicago Bulls,3,1,19,Missed Shot,Jump Shot,3PT Field Goal,Above the Break 3,Right Side Center(RC),24+ ft.,26,192,189,1,0,20231128,BOS,CHI,22300053442,20810,0,202696|1627936|1628470|1628975|1630245,0,REG,2024,1627759,SF,Wing Stopper,-0.13,SG,Stationary Shooter,-1.12
Shot Chart Detail,22300070,341,1627936,Alex Caruso,1610612741,Chicago Bulls,2,1,38,Missed Shot,Jump Shot,3PT Field Goal,Left Corner 3,Left Side(L),24+ ft.,23,-232,-18,1,0,20231025,CHI,OKC,22300070341,13420,0,201942|202696|1627936|1628470|1629632,0,REG,2024,1628983,PG,Chaser,0.92,SG,Stationary Shooter,-1.12
Shot Chart Detail,22300070,356,1627936,Alex Caruso,1610612741,Chicago Bulls,2,0,4,Made Shot,Driving Finger Roll Layup Shot,2PT Field Goal,Restricted Area,Center(C),Less Than 8 ft.,0,2,5,1,1,20231025,CHI,OKC,22300070356,14360,0,201942|202696|1627936|1628470|1629632,1,REG,2024,1628983,PG,Chaser,0.92,SG,Stationary Shooter,-1.12
Shot Chart Detail,22300070,436,1627936,Alex Caruso,1610612741,Chicago Bulls,3,4,48,Made Shot,Jump Shot,3PT Field Goal,Above the Break 3,Left Side Center(LC),24+ ft.,25,-156,200,1,1,20231025,CHI,OKC,22300070436,18720,0,202696|203897|1627936|1629632|1630172,1,REG,2024,1629652,SF,Point of Attack,0.17,SG,Stationary Shooter,-1.12
Shot Chart Detail,22300070,489,1627936,Alex Caruso,1610612741,Chicago Bulls,3,1,26,Missed Shot,Running Jump Shot,3PT Field Goal,Left Corner 3,Left Side(L),24+ ft.,23,-230,-9,1,0,20231025,CHI,OKC,22300070489,20740,0,201942|203083|1627936|1628470|1628975,0,REG,2024,1628983,PG,Chaser,0.92,SG,Stationary Shooter,-1.12
Shot Chart Detail,22300070,523,1627936,Alex Caruso,1610612741,Chicago Bulls,4,11,5,Missed Shot,Jump Shot,3PT Field Goal,Right Corner 3,Right Side(R),24+ ft.,23,233,-17,1,0,20231025,CHI,OKC,22300070523,22150,0,201942|203083|1627936|1628470|1628975,0,REG,2024,1641717,SG,Point of Attack,0.27,SG,Stationary Shooter,-1.12
Shot Chart Detail,22300082,116,1627936,Alex Caruso,1610612741,Chicago Bulls,1,2,17,Missed Shot,Pullup Jump shot,3PT Field Goal,Above the Break 3,Right Side Center(RC),24+ ft.,24,150,197,1,0,20231027,CHI,TOR,22300082116,5830,0,203083|203897|1627936|1628470|1628975,0,REG,2024,1630567,SG,Wing Stopper,0.38,SG,Stationary Shooter,-1.12
Shot Chart Detail,22300082,134,1627936,Alex Caruso,1610612741,Chicago Bulls,1,0,44,Made Shot,Turnaround Fadeaway shot,2PT Field Goal,In The Paint (Non-RA),Center(C),Less Than 8 ft.,6,-2,69,1,1,20231027,CHI,TOR,22300082134,6760,0,203083|203897|1627936|1628470|1628975,0,REG,2024,,,,,SG,Stationary Shooter,-1.12
Shot Chart Detail,22300082,142,1627936,Alex Caruso,1610612741,Chicago Bulls,1,0,9,Made Shot,Running Layup Shot,2PT Field Goal,Restricted Area,Center(C),Less Than 8 ft.,0,5,6,1,1,20231027,CHI,TOR,22300082142,7110,0,203083|203897|1627936|1628470|1628975,0,REG,2024,1630567,SG,Wing Stopper,0.38,SG,Stationary Shooter,-1.12
Shot Chart Detail,22300082,408,1627936,Alex Caruso,1610612741,Chicago Bulls,3,5,30,Made Shot,Layup Shot,2PT Field Goal,Restricted Area,Center(C),Less Than 8 ft.,1,11,1,1,1,20231027,CHI,TOR,22300082408,18300,0,201942|202696|1627936|1628470|1629632,1,REG,2024,1627783,PF,Wing Stopper,0.03,SG,Stationary Shooter,-1.12
Shot Chart Detail,22300082,538,1627936,Alex Caruso,1610612741,Chicago Bulls,4,8,46,Missed Shot,Jump Shot,3PT Field Goal,Above the Break 3,Right Side Center(RC),24+ ft.,25,83,237,1,0,20231027,CHI,TOR,22300082538,23540,0,203083|203897|1627936|1628975|1630245,0,REG,2024,1629018,SG,Chaser,-1.47,SG,Stationary Shooter,-1.12
Shot Chart Detail,22300082,547,1627936,Alex Caruso,1610612741,Chicago Bulls,3,6,15,Missed Shot,Layup Shot,2PT Field Goal,Restricted Area,Center(C),Less Than 8 ft.,1,-7,9,1,0,20231027,CHI,TOR,22300082547,17850,0,201942|202696|1627936|1628470|1629632,0,REG,2024,1629018,SG,Chaser,-1.47,SG,Stationary Shooter,-1.12
Shot Chart Detail,22300082,587,1627936,Alex Caruso,1610612741,Chicago Bulls,4,5,47,Missed Shot,Jump Shot,3PT Field Goal,Above the Break 3,Left Side Center(LC),24+ ft.,25,-156,206,1,0,20231027,CHI,TOR,22300082587,25330,0,201942|202696|1627936|1628470|1629632,0,REG,2024,1629018,SG,Chaser,-1.47,SG,Stationary Shooter,-1.12
Shot Chart Detail,22300082,643,1627936,Alex Caruso,1610612741,Chicago Bulls,4,2,42,Made Shot,Jump Shot,3PT Field Goal,Left Corner 3,Left Side(L),24+ ft.,23,-233,-6,1,1,20231027,CHI,TOR,22300082643,27180,0,201942|202696|203897|1627936|1629632,1,REG,2024,1627783,PF,Wing Stopper,0.03,SG,Stationary Shooter,-1.12
Shot Chart Detail,22300082,778,1627936,Alex Caruso,1610612741,Chicago Bulls,5,0,2,Made Shot,Jump Shot,3PT Field Goal,Left Corner 3,Left Side(L),24+ ft.,23,-234,5,1,1,20231027,CHI,TOR,22300082778,31780,1,201942|202696|203897|1627936|1628470,1,REG,2024,1628449,PF,Helper,-0.02,SG,Stationary Shooter,-1.12
Shot Chart Detail,22300088,253,1627936,Alex Caruso,1610612741,Chicago Bulls,2,3,36,Made Shot,Step Back Jump shot,2PT Field Goal,In The Paint (Non-RA),Center(C),Less Than 8 ft.,5,28,50,1,1,20231028,DET,CHI,22300088253,12240,0,202696|203897|1627936|1629632|1630172,0,REG,2024,1630595,PG,Helper,-1.02,SG,Stationary Shooter,-1.12
Shot Chart Detail,22300088,439,1627936,Alex Caruso,1610612741,Chicago Bulls,3,1,55,Missed Shot,Driving Layup Shot,2PT Field Goal,Restricted Area,Center(C),Less Than 8 ft.,3,33,3,1,0,20231028,DET,CHI,22300088439,20450,0,203083|203897|1627936|1628470|1630245,0,REG,2024,,,,,SG,Stationary Shooter,-1.12
Shot Chart Detail,22300102,134,1627936,Alex Caruso,1610612741,Chicago Bulls,1,1,37,Made Shot,Pullup Jump shot,2PT Field Goal,Mid-Range,Center(C),16-24 ft.,16,21,162,1,1,20231030,IND,CHI,22300102134,6230,0,201942|203083|1627936|1628470|1628975,1,REG,2024,1630188,C,Mobile Big,-0.27,SG,Stationary Shooter,-1.12
Shot Chart Detail,22300102,302,1627936,Alex Caruso,1610612741,Chicago Bulls,2,1,15,Missed Shot,Jump Shot,2PT Field Goal,Mid-Range,Left Side Center(LC),16-24 ft.,22,-156,165,1,0,20231030,IND,CHI,22300102302,13650,0,201942|202696|203897|1627936|1630172,0,REG,2024,1630169,PG,Low Activity,-1.08,SG,Stationary Shooter,-1.12
Shot Chart Detail,22300102,455,1627936,Alex Caruso,1610612741,Chicago Bulls,3,2,18,Made Shot,Pullup Jump shot,3PT Field Goal,Above the Break 3,Left Side Center(LC),24+ ft.,24,-210,126,1,1,20231030,IND,CHI,22300102455,20220,0,201942|203083|1627936|1628470|1628975,0,REG,2024,,,,,SG,Stationary Shooter,-1.12
Shot Chart Detail,22300102,465,1627936,Alex Caruso,1610612741,Chicago Bulls,3,1,22,Missed Shot,Step Back Jump shot,3PT Field Goal,Above the Break 3,Right Side Center(RC),24+ ft.,25,97,236,1,0,20231030,IND,CHI,22300102465,20780,0,201942|203083|1627936|1628470|1628975,0,REG,2024,1627741,SF-SG,Chaser,-0.64,SG,Stationary Shooter,-1.12
Shot Chart Detail,22300102,609,1627936,Alex Caruso,1610612741,Chicago Bulls,4,4,26,Made Shot,Running Dunk Shot,2PT Field Goal,Restricted Area,Center(C),Less Than 8 ft.,0,-1,-1,1,1,20231030,IND,CHI,22300102609,26140,0,201942|202696|203897|1627936|1629632,1,REG,2024,1626167,C,Mobile Big,1.32,SG,Stationary Shooter,-1.12
Shot Chart Detail,22300124,89,1627936,Alex Caruso,1610612741,Chicago Bulls,1,4,49,Missed Shot,Jump Shot,3PT Field Goal,Above the Break 3,Left Side Center(LC),24+ ft.,24,-196,153,1,0,20231101,DAL,CHI,2230012489,4310,0,202696|203897|1627936|1629632|1630172,0,REG,2024,1627884,SF,Wing Stopper,-0.09,SG,Stationary Shooter,-1.12
Shot Chart Detail,22300124,144,1627936,Alex Caruso,1610612741,Chicago Bulls,1,0,40,Missed Shot,Jump Shot,3PT Field Goal,Left Corner 3,Left Side(L),24+ ft.,22,-229,-6,1,0,20231101,DAL,CHI,22300124144,6800,0,201942|203083|1627936|1628470|1628975,0,REG,2024,1630702,SG,Low Activity,-1.24,SG,Stationary Shooter,-1.12
Shot Chart Detail,22300124,186,1627936,Alex Caruso,1610612741,Chicago Bulls,2,10,4,Made Shot,Driving Finger Roll Layup Shot,2PT Field Goal,Restricted Area,Center(C),Less Than 8 ft.,0,-4,8,1,1,20231101,DAL,CHI,22300124186,8360,0,201942|203083|1627936|1628470|1628975,0,REG,2024,,,,,SG,Stationary Shooter,-1.12
Shot Chart Detail,22300124,494,1627936,Alex Caruso,1610612741,Chicago Bulls,4,9,23,Missed Shot,Jump Shot,3PT Field Goal,Right Corner 3,Right Side(R),24+ ft.,23,227,59,1,0,20231101,DAL,CHI,22300124494,23170,0,201942|203083|1627936|1628975|1630172,0,REG,2024,203501,SF,Chaser,-1.89,SG,Stationary Shooter,-1.12
Shot Chart Detail,22300124,513,1627936,Alex Caruso,1610612741,Chicago Bulls,4,8,10,Made Shot,Layup Shot,2PT Field Goal,Restricted Area,Center(C),Less Than 8 ft.,1,1,14,1,1,20231101,DAL,CHI,22300124513,23900,0,202696|203897|1627936|1628975|1630172,1,REG,2024,1629029|203501,,,,SG,Stationary Shooter,-1.12
Shot Chart Detail,22300124,567,1627936,Alex Caruso,1610612741,Chicago Bulls,4,4,8,Made Shot,Turnaround Jump Shot,2PT Field Goal,In The Paint (Non-RA),Center(C),8-16 ft.,8,-25,84,1,1,20231101,DAL,CHI,22300124567,26320,0,201942|202696|203897|1627936|1629632,1,REG,2024,1630702,SG,Low Activity,-1.24,SG,Stationary Shooter,-1.12
Shot Chart Detail,22300139,84,1627936,Alex Caruso,1610612741,Chicago Bulls,1,4,31,Missed Shot,Pullup Jump shot,3PT Field Goal,Above the Break 3,Right Side Center(RC),24+ ft.,25,105,230,1,0,20231104,DEN,CHI,2230013984,4490,0,202696|203897|1627936|1628975|1630172,0,REG,2024,203999,C,Mobile Big,1.66,SG,Stationary Shooter,-1.12
Shot Chart Detail,22300139,250,1627936,Alex Caruso,1610612741,Chicago Bulls,2,5,13,Made Shot,Running Dunk Shot,2PT Field Goal,Restricted Area,Center(C),Less Than 8 ft.,1,5,16,1,1,20231104,DEN,CHI,22300139250,11270,0,202696|203897|1627936|1628470|1630172,1,REG,2024,203932,PF,Wing Stopper,0.44,SG,Stationary Shooter,-1.12
Shot Chart Detail,22300139,384,1627936,Alex Caruso,1610612741,Chicago Bulls,3,8,34,Missed Shot,Jump Shot,3PT Field Goal,Above the Break 3,Left Side Center(LC),24+ ft.,26,-109,237,1,0,20231104,DEN,CHI,22300139384,16460,0,201942|202696|203897|1627936|1628470,0,REG,2024,202704,PG,Chaser,-1.64,SG,Stationary Shooter,-1.12
Shot Chart Detail,22300152,72,1627936,Alex Caruso,1610612741,Chicago Bulls,1,5,44,Made Shot,Jump Shot,3PT Field Goal,Above the Break 3,Left Side Center(LC),24+ ft.,25,-159,200,1,1,20231106,CHI,UTA,2230015272,3760,0,202696|203897|1627936|1629632|1630172,1,REG,2024,203482,C,Mobile Big,-0.21,SG,Stationary Shooter,-1.12
Shot Chart Detail,22300152,412,1627936,Alex Caruso,1610612741,Chicago Bulls,3,4,49,Made Shot,Running Finger Roll Layup Shot,2PT Field Goal,Restricted Area,Center(C),Less Than 8 ft.,0,2,0,1,1,20231106,CHI,UTA,22300152412,18710,0,202696|203897|1627936|1629632|1630172,0,REG,2024,1631117,C,Anchor Big,1.79,SG,Stationary Shooter,-1.12
Shot Chart Detail,22300152,476,1627936,Alex Caruso,1610612741,Chicago Bulls,3,0,23,Made Shot,Jump Shot,3PT Field Goal,Right Corner 3,Right Side(R),24+ ft.,22,222,11,1,1,20231106,CHI,UTA,22300152476,21370,0,201942|203083|1627936|1628975|1630172,1,REG,2024,1641718,PG,Point of Attack,-1.97,SG,Stationary Shooter,-1.12
Shot Chart Detail,22300162,95,1627936,Alex Caruso,1610612741,Chicago Bulls,1,4,59,Made Shot,Jump Shot,3PT Field Goal,Above the Break 3,Right Side Center(RC),24+ ft.,24,203,141,1,1,20231108,CHI,PHX,2230016295,4210,0,203083|203897|1627936|1629632|1630172,1,REG,2024,201142,PF,Wing Stopper,-0.13,SG,Stationary Shooter,-1.12
Shot Chart Detail,22300162,103,1627936,Alex Caruso,1610612741,Chicago Bulls,1,4,29,Made Shot,Jump Shot,3PT Field Goal,Left Corner 3,Left Side(L),24+ ft.,23,-232,-6,1,1,20231108,CHI,PHX,22300162103,4510,0,203083|203897|1627936|1628975|1630172,1,REG,2024,201142,PF,Wing Stopper,-0.13,SG,Stationary Shooter,-1.12
Shot Chart Detail,22300162,107,1627936,Alex Caruso,1610612741,Chicago Bulls,1,4,5,Made Shot,Jump Shot,3PT Field Goal,Above the Break 3,Left Side Center(LC),24+ ft.,24,-92,224,1,1,20231108,CHI,PHX,22300162107,4750,0,203083|203897|1627936|1628975|1630172,1,REG,2024,203994,C,Mobile Big,2.29,SG,Stationary Shooter,-1.12
Shot Chart Detail,22300162,155,1627936,Alex Caruso,1610612741,Chicago Bulls,1,0,0,Missed Shot,Pullup Jump shot,3PT Field Goal,Above the Break 3,Left Side Center(LC),24+ ft.,29,-123,271,1,0,20231108,CHI,PHX,22300162155,7200,0,201942|202696|1627936|1628975|1630172,0,REG,2024,,,,,SG,Stationary Shooter,-1.12
Shot Chart Detail,22300162,312,1627936,Alex Caruso,1610612741,Chicago Bulls,2,1,0,Made Shot,Tip Layup Shot,2PT Field Goal,Restricted Area,Center(C),Less Than 8 ft.,0,0,0,1,1,20231108,CHI,PHX,22300162312,13800,0,201942|202696|203897|1627936|1629632,0,REG,2024,201142,PF,Wing Stopper,-0.13,SG,Stationary Shooter,-1.12
Shot Chart Detail,22300162,477,1627936,Alex Caruso,1610612741,Chicago Bulls,3,0,29,Made Shot,Running Layup Shot,2PT Field Goal,Restricted Area,Center(C),Less Than 8 ft.,1,9,7,1,1,20231108,CHI,PHX,22300162477,21310,0,201942|203083|1627936|1628975|1630172,0,REG,2024,1629234|1629006,,,,SG,Stationary Shooter,-1.12
Shot Chart Detail,22300162,614,1627936,Alex Caruso,1610612741,Chicago Bulls,4,3,59,Made Shot,Driving Finger Roll Layup Shot,2PT Field Goal,Restricted Area,Center(C),Less Than 8 ft.,1,15,5,1,1,20231108,CHI,PHX,22300162614,26410,0,201942|202696|203897|1627936|1629632,1,REG,2024,1628960,SG,Chaser,-0.22,SG,Stationary Shooter,-1.12
Shot Chart Detail,22300162,635,1627936,Alex Caruso,1610612741,Chicago Bulls,4,2,38,Missed Shot,Running Reverse Layup Shot,2PT Field Goal,Restricted Area,Center(C),Less Than 8 ft.,1,4,16,1,0,20231108,CHI,PHX,22300162635,27220,0,201942|202696|203897|1627936|1629632,0,REG,2024,1628960,SG,Chaser,-0.22,SG,Stationary Shooter,-1.12
Shot Chart Detail,22300162,714,1627936,Alex Caruso,1610612741,Chicago Bulls,5,2,27,Made Shot,Pullup Jump shot,3PT Field Goal,Above the Break 3,Center(C),24+ ft.,26,-71,256,1,1,20231108,CHI,PHX,22300162714,30330,1,201942|202696|203897|1627936|1629632,1,REG,2024,201142,PF,Wing Stopper,-0.13,SG,Stationary Shooter,-1.12
Shot Chart Detail,22300196,118,1627936,Alex Caruso,1610612741,Chicago Bulls,1,3,49,Made Shot,Running Reverse Layup Shot,2PT Field Goal,Restricted Area,Center(C),Less Than 8 ft.,1,-10,0,1,1,20231115,CHI,ORL,22300196118,4910,0,203083|203897|1627936|1628470|1630245,0,REG,2024,1630175|1629021,,,,SG,Stationary Shooter,-1.12
Shot Chart Detail,22300196,171,1627936,Alex Caruso,1610612741,Chicago Bulls,1,0,5,Made Shot,Jump Shot,2PT Field Goal,Mid-Range,Left Side Center(LC),16-24 ft.,21,-96,190,1,1,20231115,CHI,ORL,22300196171,7150,0,203083|1627936|1628975|1630245|1641763,0,REG,2024,203914,SG,Chaser,0.27,SG,Stationary Shooter,-1.12
Shot Chart Detail,22300196,428,1627936,Alex Caruso,1610612741,Chicago Bulls,3,4,53,Missed Shot,Jump Shot,3PT Field Goal,Above the Break 3,Right Side Center(RC),24+ ft.,24,185,167,1,0,20231115,CHI,ORL,22300196428,18670,0,203083|203897|1627936|1628470|1629632,0,REG,2024,,,,,SG,Stationary Shooter,-1.12
Shot Chart Detail,22300196,463,1627936,Alex Caruso,1610612741,Chicago Bulls,3,2,41,Made Shot,Jump Shot,3PT Field Goal,Above the Break 3,Right Side Center(RC),24+ ft.,25,93,236,1,1,20231115,CHI,ORL,22300196463,19990,0,202696|203897|1627936|1628470|1630245,0,REG,2024,1630175,PG,Point of Attack,0.06,SG,Stationary Shooter,-1.12
Shot Chart Detail,22300196,493,1627936,Alex Caruso,1610612741,Chicago Bulls,3,0,0,Made Shot,Jump Shot,3PT Field Goal,Above the Break 3,Left Side Center(LC),24+ ft.,25,-162,196,1,1,20231115,CHI,ORL,22300196493,21600,0,202696|1628470|1628975|1629632|1630245,1,REG,2024,1630175|204060,,,,SG,Stationary Shooter,-1.12
Shot Chart Detail,22300196,617,1627936,Alex Caruso,1610612741,Chicago Bulls,4,2,30,Made Shot,Driving Reverse Layup Shot,2PT Field Goal,Restricted Area,Center(C),Less Than 8 ft.,1,-12,6,1,1,20231115,CHI,ORL,22300196617,27300,0,202696|203897|1627936|1629632|1630172,0,REG,2024,1630532|1629048,,,,SG,Stationary Shooter,-1.12
Shot Chart Detail,22300196,647,1627936,Alex Caruso,1610612741,Chicago Bulls,4,0,32,Missed Shot,Jump Shot,3PT Field Goal,Left Corner 3,Left Side(L),24+ ft.,22,-227,25,1,0,20231115,CHI,ORL,22300196647,28480,0,202696|203897|1627936|1629632|1630172,0,REG,2024,1630532,SF,Helper,1.11,SG,Stationary Shooter,-1.12
Shot Chart Detail,22300204,43,1627936,Alex Caruso,1610612741,Chicago Bulls,1,8,14,Missed Shot,Pullup Jump shot,2PT Field Goal,Mid-Range,Left Side Center(LC),16-24 ft.,22,-88,203,1,0,20231118,CHI,MIA,2230020443,2260,0,201942|202696|203897|1627936|1629632,0,REG,2024,200768,PG,Chaser,0.84,SG,Stationary Shooter,-1.12
Shot Chart Detail,22300204,53,1627936,Alex Caruso,1610612741,Chicago Bulls,1,7,33,Missed Shot,Jump Shot,3PT Field Goal,Left Corner 3,Left Side(L),24+ ft.,22,-223,1,1,0,20231118,CHI,MIA,2230020453,2670,0,201942|202696|203897|1627936|1629632,0,REG,2024,,,,,SG,Stationary Shooter,-1.12
Shot Chart Detail,22300204,308,1627936,Alex Caruso,1610612741,Chicago Bulls,2,1,35,Made Shot,Tip Layup Shot,2PT Field Goal,Restricted Area,Center(C),Less Than 8 ft.,0,0,0,1,1,20231118,CHI,MIA,22300204308,13450,0,201942|202696|203897|1627936|1629632,0,REG,2024,1628389,C,Mobile Big,2.61,SG,Stationary Shooter,-1.12
Shot Chart Detail,22300204,316,1627936,Alex Caruso,1610612741,Chicago Bulls,2,1,3,Missed Shot,Jump Shot,3PT Field Goal,Above the Break 3,Right Side Center(RC),24+ ft.,24,96,224,1,0,20231118,CHI,MIA,22300204316,13770,0,201942|202696|203897|1627936|1629632,0,REG,2024,202710,PF,Wing Stopper,0.58,SG,Stationary Shooter,-1.12
Shot Chart Detail,22300204,382,1627936,Alex Caruso,1610612741,Chicago Bulls,3,8,2,Missed Shot,Turnaround Fadeaway shot,2PT Field Goal,In The Paint (Non-RA),Center(C),Less Than 8 ft.,6,65,20,1,0,20231118,CHI,MIA,22300204382,16780,0,201942|202696|203897|1627936|1629632,0,REG,2024,1628389,C,Mobile Big,2.61,SG,Stationary Shooter,-1.12
Shot Chart Detail,22300204,396,1627936,Alex Caruso,1610612741,Chicago Bulls,3,6,42,Made Shot,Jump Shot,3PT Field Goal,Above the Break 3,Right Side Center(RC),24+ ft.,25,173,184,1,1,20231118,CHI,MIA,22300204396,17580,0,201942|202696|203897|1627936|1628470,1,REG,2024,,,,,SG,Stationary Shooter,-1.12
Shot Chart Detail,22300204,419,1627936,Alex Caruso,1610612741,Chicago Bulls,3,4,35,Made Shot,Running Layup Shot,2PT Field Goal,Restricted Area,Center(C),Less Than 8 ft.,1,9,5,1,1,20231118,CHI,MIA,22300204419,18850,0,201942|202696|203897|1627936|1628470,1,REG,2024,1631170,SF,Helper,-0.08,SG,Stationary Shooter,-1.12
Shot Chart Detail,22300204,609,1627936,Alex Caruso,1610612741,Chicago Bulls,4,0,51,Made Shot,Jump Shot,3PT Field Goal,Above the Break 3,Right Side Center(RC),24+ ft.,24,222,113,1,1,20231118,CHI,MIA,22300204609,28290,0,201942|202696|203897|1627936|1629632,1,REG,2024,200768,PG,Chaser,0.84,SG,Stationary Shooter,-1.12
Shot Chart Detail,22300220,24,1627936,Alex Caruso,1610612741,Chicago Bulls,1,9,19,Made Shot,Jump Shot,3PT Field Goal,Above the Break 3,Right Side Center(RC),24+ ft.,25,143,216,1,1,20231120,CHI,MIA,2230022024,1610,0,201942|202696|203897|1627936|1629632,1,REG,2024,200768,PG,Chaser,0.84,SG,Stationary Shooter,-1.12
Shot Chart Detail,22300220,53,1627936,Alex Caruso,1610612741,Chicago Bulls,1,6,15,Made Shot,Pullup Jump shot,3PT Field Goal,Above the Break 3,Left Side Center(LC),24+ ft.,24,-140,200,1,1,20231120,CHI,MIA,2230022053,3450,0,202696|203897|1627936|1628470|1629632,0,REG,2024,1628389,C,Mobile Big,2.61,SG,Stationary Shooter,-1.12
Shot Chart Detail,22300220,58,1627936,Alex Caruso,1610612741,Chicago Bulls,1,5,54,Missed Shot,Fadeaway Jump Shot,2PT Field Goal,Mid-Range,Right Side(R),8-16 ft.,12,121,4,1,0,20231120,CHI,MIA,2230022058,3660,0,202696|203897|1627936|1628470|1629632,0,REG,2024,1629312,PF,Point of Attack,1.15,SG,Stationary Shooter,-1.12
Shot Chart Detail,22300220,262,1627936,Alex Caruso,1610612741,Chicago Bulls,2,1,37,Missed Shot,Tip Layup Shot,2PT Field Goal,Restricted Area,Center(C),Less Than 8 ft.,0,0,0,1,0,20231120,CHI,MIA,22300220262,13430,0,201942|202696|203897|1627936|1629632,0,REG,2024,202710|1626196,,,,SG,Stationary Shooter,-1.12
Shot Chart Detail,22300220,296,1627936,Alex Caruso,1610612741,Chicago Bulls,3,11,29,Made Shot,Cutting Layup Shot,2PT Field Goal,Restricted Area,Center(C),Less Than 8 ft.,1,16,11,1,1,20231120,CHI,MIA,22300220296,14710,0,201942|202696|203897|1627936|1629632,1,REG,2024,1629130|1629312,,,,SG,Stationary Shooter,-1.12
Shot Chart Detail,22300220,381,1627936,Alex Caruso,1610612741,Chicago Bulls,3,3,41,Missed Shot,Running Layup Shot,2PT Field Goal,Restricted Area,Center(C),Less Than 8 ft.,1,-1,16,1,0,20231120,CHI,MIA,22300220381,19390,0,202696|203897|1627936|1628470|1629632,0,REG,2024,1629312,PF,Point of Attack,1.15,SG,Stationary Shooter,-1.12
Shot Chart Detail,22300220,452,1627936,Alex Caruso,1610612741,Chicago Bulls,4,11,21,Missed Shot,Jump Shot,3PT Field Goal,Right Corner 3,Right Side(R),24+ ft.,23,238,-4,1,0,20231120,CHI,MIA,22300220452,21990,0,201942|203083|1627936|1628975|1630172,0,REG,2024,1628997,SF,Point of Attack,0.46,SG,Stationary Shooter,-1.12
Shot Chart Detail,22300220,519,1627936,Alex Caruso,1610612741,Chicago Bulls,4,6,5,Made Shot,Driving Finger Roll Layup Shot,2PT Field Goal,Restricted Area,Center(C),Less Than 8 ft.,1,12,4,1,1,20231120,CHI,MIA,22300220519,25150,0,202696|203897|1627936|1628470|1629632,1,REG,2024,1629130,SF,Low Activity,-0.24,SG,Stationary Shooter,-1.12
Shot Chart Detail,22300220,546,1627936,Alex Caruso,1610612741,Chicago Bulls,4,3,26,Missed Shot,Pullup Jump shot,3PT Field Goal,Right Corner 3,Right Side(R),24+ ft.,23,235,2,1,0,20231120,CHI,MIA,22300220546,26740,0,201942|202696|203897|1627936|1629632,0,REG,2024,1628997,SF,Point of Attack,0.46,SG,Stationary Shooter,-1.12
Shot Chart Detail,22300220,556,1627936,Alex Caruso,1610612741,Chicago Bulls,4,2,39,Missed Shot,Turnaround Jump Shot,2PT Field Goal,Mid-Range,Left Side(L),8-16 ft.,9,-94,-3,1,0,20231120,CHI,MIA,22300220556,27210,0,201942|202696|203897|1627936|1629632,0,REG,2024,1628389,C,Mobile Big,2.61,SG,Stationary Shooter,-1.12
Shot Chart Detail,22300234,74,1627936,Alex Caruso,1610612741,Chicago Bulls,1,5,25,Missed Shot,Jump Shot,2PT Field Goal,Mid-Range,Center(C),8-16 ft.,15,59,140,1,0,20231122,OKC,CHI,2230023474,3950,0,201942|202696|1627936|1629632|1630172,0,REG,2024,1630581,SG,Low Activity,-0.17,SG,Stationary Shooter,-1.12
Shot Chart Detail,22300234,89,1627936,Alex Caruso,1610612741,Chicago Bulls,1,4,12,Missed Shot,Jump Shot,3PT Field Goal,Above the Break 3,Right Side Center(RC),24+ ft.,24,157,192,1,0,20231122,OKC,CHI,2230023489,4680,0,202696|1627936|1629632|1630172|1630245,0,REG,2024,1630198,SG,Low Activity,-0.56,SG,Stationary Shooter,-1.12
Shot Chart Detail,22300234,278,1627936,Alex Caruso,1610612741,Chicago Bulls,2,3,4,Missed Shot,Driving Finger Roll Layup Shot,2PT Field Goal,Restricted Area,Center(C),Less Than 8 ft.,3,29,24,1,0,20231122,OKC,CHI,22300234278,12560,0,201942|202696|1627936|1629632|1630172,0,REG,2024,1641717|1631119,,,,SG,Stationary Shooter,-1.12
Shot Chart Detail,22300234,290,1627936,Alex Caruso,1610612741,Chicago Bulls,2,2,11,Made Shot,Jump Shot,3PT Field Goal,Left Corner 3,Left Side(L),24+ ft.,22,-227,-26,1,1,20231122,OKC,CHI,22300234290,13090,0,201942|202696|1627936|1629632|1630172,1,REG,2024,1631096,C,Anchor Big,2.06,SG,Stationary Shooter,-1.12
Shot Chart Detail,22300234,335,1627936,Alex Caruso,1610612741,Chicago Bulls,3,10,15,Made Shot,Driving Floating Bank Jump Shot,2PT Field Goal,In The Paint (Non-RA),Center(C),Less Than 8 ft.,6,-62,2,1,1,20231122,OKC,CHI,22300234335,15450,0,201942|202696|1627936|1629632|1630172,0,REG,2024,1630581,SG,Low Activity,-0.17,SG,Stationary Shooter,-1.12
Shot Chart Detail,22300234,346,1627936,Alex Caruso,1610612741,Chicago Bulls,3,9,11,Made Shot,Running Layup Shot,2PT Field Goal,Restricted Area,Center(C),Less Than 8 ft.,2,13,21,1,1,20231122,OKC,CHI,22300234346,16090,0,201942|202696|1627936|1629632|1630172,0,REG,2024,1630581,SG,Low Activity,-0.17,SG,Stationary Shooter,-1.12
Shot Chart Detail,22300234,374,1627936,Alex Caruso,1610612741,Chicago Bulls,3,7,16,Made Shot,Jump Bank Shot,3PT Field Goal,Above the Break 3,Left Side Center(LC),24+ ft.,25,-188,178,1,1,20231122,OKC,CHI,22300234374,17240,0,201942|202696|1627936|1629632|1630172,1,REG,2024,1641717,SG,Point of Attack,0.27,SG,Stationary Shooter,-1.12
Shot Chart Detail,22300234,380,1627936,Alex Caruso,1610612741,Chicago Bulls,3,6,36,Made Shot,Cutting Layup Shot,2PT Field Goal,Restricted Area,Center(C),Less Than 8 ft.,1,-6,11,1,1,20231122,OKC,CHI,22300234380,17640,0,201942|202696|1627936|1629632|1630172,1,REG,2024,1629652|1628983,,,,SG,Stationary Shooter,-1.12
Shot Chart Detail,22300234,593,1627936,Alex Caruso,1610612741,Chicago Bulls,4,5,9,Missed Shot,Jump Shot,3PT Field Goal,Above the Break 3,Right Side Center(RC),24+ ft.,25,190,173,1,0,20231122,OKC,CHI,22300234593,25710,0,201942|202696|1627936|1629632|1630172,0,REG,2024,1630198,SG,Low Activity,-0.56,SG,Stationary Shooter,-1.12
Shot Chart Detail,22300234,640,1627936,Alex Caruso,1610612741,Chicago Bulls,4,1,23,Missed Shot,Jump Shot,3PT Field Goal,Left Corner 3,Left Side(L),24+ ft.,22,-228,-1,1,0,20231122,OKC,CHI,22300234640,27970,0,201942|202696|1627936|1629632|1630172,0,REG,2024,,,,,SG,Stationary Shooter,-1.12
Shot Chart Detail,22300234,642,1627936,Alex Caruso,1610612741,Chicago Bulls,4,1,18,Missed Shot,Jump Shot,3PT Field Goal,Left Corner 3,Left Side(L),24+ ft.,22,-229,-19,1,0,20231122,OKC,CHI,22300234642,28020,0,201942|202696|1627936|1629632|1630172,0,REG,2024,1628983,PG,Chaser,0.92,SG,Stationary Shooter,-1.12
Shot Chart Detail,22300234,661,1627936,Alex Caruso,1610612741,Chicago Bulls,4,0,31,Missed Shot,Driving Layup Shot,2PT Field Goal,Restricted Area,Center(C),Less Than 8 ft.,2,-12,23,1,0,20231122,OKC,CHI,22300234661,28490,0,201942|202696|1627936|1629632|1630172,0,REG,2024,1630198,SG,Low Activity,-0.56,SG,Stationary Shooter,-1.12
Shot Chart Detail,22300269,25,1627936,Alex Caruso,1610612741,Chicago Bulls,1,9,38,Missed Shot,Driving Finger Roll Layup Shot,2PT Field Goal,Restricted Area,Center(C),Less Than 8 ft.,1,-7,10,1,0,20231130,CHI,MIL,2230026925,1420,0,202696|1627936|1629632|1630172|1630245,0,REG,2024,1627736,SG,Point of Attack,-0.64,SG,Stationary Shooter,-1.12
Shot Chart Detail,22300269,327,1627936,Alex Caruso,1610612741,Chicago Bulls,2,2,2,Missed Shot,Jump Shot,3PT Field Goal,Above the Break 3,Center(C),24+ ft.,25,-22,254,1,0,20231130,CHI,MIL,22300269327,13180,0,202696|1627936|1629632|1630172|1630245,0,REG,2024,1630699,SF,Point of Attack,-0.64,SG,Stationary Shooter,-1.12
Shot Chart Detail,22300269,347,1627936,Alex Caruso,1610612741,Chicago Bulls,2,0,16,Missed Shot,Jump Shot,3PT Field Goal,Right Corner 3,Right Side(R),24+ ft.,23,229,48,1,0,20231130,CHI,MIL,22300269347,14240,0,202696|1627936|1629632|1630172|1630245,0,REG,2024,201572,C,Anchor Big,1.23,SG,Stationary Shooter,-1.12
Shot Chart Detail,22300269,372,1627936,Alex Caruso,1610612741,Chicago Bulls,3,10,35,Made Shot,Cutting Dunk Shot,2PT Field Goal,Restricted Area,Center(C),Less Than 8 ft.,0,-2,5,1,1,20231130,CHI,MIL,22300269372,15250,0,202696|1627936|1629632|1630172|1630245,1,REG,2024,203114,SF,Helper,-0.61,SG,Stationary Shooter,-1.12
Shot Chart Detail,22300269,376,1627936,Alex Caruso,1610612741,Chicago Bulls,3,10,1,Made Shot,Jump Shot,3PT Field Goal,Left Corner 3,Left Side(L),24+ ft.,22,-223,-26,1,1,20231130,CHI,MIL,22300269376,15590,0,202696|1627936|1629632|1630172|1630245,1,REG,2024,203114,SF,Helper,-0.61,SG,Stationary Shooter,-1.12
Shot Chart Detail,22300269,380,1627936,Alex Caruso,1610612741,Chicago Bulls,3,9,35,Missed Shot,Floating Jump shot,2PT Field Goal,In The Paint (Non-RA),Center(C),Less Than 8 ft.,6,-58,30,1,0,20231130,CHI,MIL,22300269380,15850,0,202696|1627936|1629632|1630172|1630245,0,REG,2024,1627736,SG,Point of Attack,-0.64,SG,Stationary Shooter,-1.12
Shot Chart Detail,22300269,390,1627936,Alex Caruso,1610612741,Chicago Bulls,3,8,35,Made Shot,Jump Shot,3PT Field Goal,Right Corner 3,Right Side(R),24+ ft.,22,224,0,1,1,20231130,CHI,MIL,22300269390,16450,0,202696|1627936|1629632|1630172|1630245,1,REG,2024,1627736,SG,Point of Attack,-0.64,SG,Stationary Shooter,-1.12
Shot Chart Detail,22300269,551,1627936,Alex Caruso,1610612741,Chicago Bulls,4,9,29,Missed Shot,Driving Floating Jump Shot,2PT Field Goal,In The Paint (Non-RA),Center(C),Less Than 8 ft.,5,7,50,1,0,20231130,CHI,MIL,22300269551,23110,0,203083|1627936|1628470|1628975|1629632,0,REG,2024,203114,SF,Helper,-0.61,SG,Stationary Shooter,-1.12
Shot Chart Detail,22300269,683,1627936,Alex Caruso,1610612741,Chicago Bulls,4,0,0,Made Shot,Jump Shot,3PT Field Goal,Above the Break 3,Right Side Center(RC),24+ ft.,27,157,227,1,1,20231130,CHI,MIL,22300269683,28800,0,202696|1627936|1629632|1630172|1630245,1,REG,2024,201572,C,Anchor Big,1.23,SG,Stationary Shooter,-1.12
Shot Chart Detail,22300285,54,1627936,Alex Caruso,1610612741,Chicago Bulls,1,7,22,Made Shot,Jump Shot,3PT Field Goal,Right Corner 3,Right Side(R),24+ ft.,23,235,-11,1,1,20231202,CHI,NOP,2230028554,2780,0,201942|202696|1627936|1629632|1630172,1,REG,2024,1627742,SF,Helper,-0.58,SG,Stationary Shooter,-1.12
Shot Chart Detail,22300285,115,1627936,Alex Caruso,1610612741,Chicago Bulls,1,3,3,Made Shot,Cutting Finger Roll Layup Shot,2PT Field Goal,Restricted Area,Center(C),Less Than 8 ft.,0,2,0,1,1,20231202,CHI,NOP,22300285115,5370,0,202696|1627936|1628470|1630245|1641763,1,REG,2024,1630631,PG,Chaser,0.09,SG,Stationary Shooter,-1.12
Shot Chart Detail,22300285,150,1627936,Alex Caruso,1610612741,Chicago Bulls,1,0,6,Missed Shot,Jump Shot,3PT Field Goal,Right Corner 3,Right Side(R),24+ ft.,23,233,7,1,0,20231202,CHI,NOP,22300285150,7140,0,201942|203083|1627936|1628470|1630245,0,REG,2024,1629627,PF,Helper,-0.4,SG,Stationary Shooter,-1.12
Shot Chart Detail,22300285,235,1627936,Alex Caruso,1610612741,Chicago Bulls,2,5,41,Made Shot,Jump Shot,3PT Field Goal,Above the Break 3,Left Side Center(LC),24+ ft.,25,-143,215,1,1,20231202,CHI,NOP,22300285235,10990,0,202696|1627936|1628975|1629632|1630245,1,REG,2024,1630230,SF,Helper,0.14,SG,Stationary Shooter,-1.12
Shot Chart Detail,22300285,239,1627936,Alex Caruso,1610612741,Chicago Bulls,2,5,6,Missed Shot,Jump Shot,3PT Field Goal,Right Corner 3,Right Side(R),24+ ft.,23,237,18,1,0,20231202,CHI,NOP,22300285239,11340,0,202696|1627936|1628975|1629632|1630245,0,REG,2024,1630529,SF,Wing Stopper,1.26,SG,Stationary Shooter,-1.12
Shot Chart Detail,22300320,7,1627936,Alex Caruso,1610612741,Chicago Bulls,1,11,44,Made Shot,Jump Shot,3PT Field Goal,Left Corner 3,Left Side(L),24+ ft.,22,-223,37,1,1,20231214,MIA,CHI,223003207,160,0,201942|202696|1627936|1629632|1630172,1,REG,2024,1628997,SF,Point of Attack,0.46,SG,Stationary Shooter,-1.12
Shot Chart Detail,22300320,11,1627936,Alex Caruso,1610612741,Chicago Bulls,1,11,13,Missed Shot,Running Jump Shot,3PT Field Goal,Above the Break 3,Right Side Center(RC),24+ ft.,26,197,179,1,0,20231214,MIA,CHI,2230032011,470,0,201942|202696|1627936|1629632|1630172,0,REG,2024,200768,PG,Chaser,0.84,SG,Stationary Shooter,-1.12
Shot Chart Detail,22300320,28,1627936,Alex Caruso,1610612741,Chicago Bulls,1,9,13,Made Shot,Jump Shot,3PT Field Goal,Above the Break 3,Left Side Center(LC),24+ ft.,24,-179,172,1,1,20231214,MIA,CHI,2230032028,1670,0,201942|202696|1627936|1629632|1630172,1,REG,2024,200768,PG,Chaser,0.84,SG,Stationary Shooter,-1.12
Shot Chart Detail,22300320,32,1627936,Alex Caruso,1610612741,Chicago Bulls,1,8,50,Missed Shot,Running Reverse Layup Shot,2PT Field Goal,Restricted Area,Center(C),Less Than 8 ft.,2,22,15,1,0,20231214,MIA,CHI,2230032032,1900,0,201942|202696|1627936|1629632|1630172,0,REG,2024,1628997|1631115,,,,SG,Stationary Shooter,-1.12
Shot Chart Detail,22300351,99,1627936,Alex Caruso,1610612741,Chicago Bulls,1,3,25,Made Shot,Pullup Jump shot,2PT Field Goal,Mid-Range,Left Side(L),8-16 ft.,13,-93,95,1,1,20231218,PHI,CHI,2230035199,5150,0,202696|1627936|1628975|1629632|1630172,0,REG,2024,201587,PF,Helper,0.09,SG,Stationary Shooter,-1.12
Shot Chart Detail,22300351,124,1627936,Alex Caruso,1610612741,Chicago Bulls,1,1,19,Made Shot,Driving Floating Bank Jump Shot,2PT Field Goal,In The Paint (Non-RA),Center(C),Less Than 8 ft.,6,53,40,1,1,20231218,PHI,CHI,22300351124,6410,0,203083|1627936|1628975|1629632|1631207,0,REG,2024,1630178,PG,Low Activity,-1.37,SG,Stationary Shooter,-1.12
Shot Chart Detail,22300351,164,1627936,Alex Caruso,1610612741,Chicago Bulls,2,10,35,Made Shot,Running Reverse Layup Shot,2PT Field Goal,Restricted Area,Center(C),Less Than 8 ft.,0,-7,3,1,1,20231218,PHI,CHI,22300351164,8050,0,201942|203083|1627936|1628975|1631207,1,REG,2024,1626162,SF,Helper,-0.22,SG,Stationary Shooter,-1.12
Shot Chart Detail,22300351,262,1627936,Alex Caruso,1610612741,Chicago Bulls,2,4,15,Missed Shot,Pullup Jump shot,3PT Field Goal,Above the Break 3,Center(C),24+ ft.,26,21,260,1,0,20231218,PHI,CHI,22300351262,11850,0,201942|202696|1627936|1629632|1630172,0,REG,2024,1629001,SG,Point of Attack,0.56,SG,Stationary Shooter,-1.12
Shot Chart Detail,22300351,375,1627936,Alex Caruso,1610612741,Chicago Bulls,3,5,43,Missed Shot,Jump Shot,3PT Field Goal,Above the Break 3,Left Side Center(LC),24+ ft.,25,-167,188,1,0,20231218,PHI,CHI,22300351375,18170,0,201942|202696|1627936|1629632|1630172,0,REG,2024,203954,C,Anchor Big,0.87,SG,Stationary Shooter,-1.12
Shot Chart Detail,22300351,401,1627936,Alex Caruso,1610612741,Chicago Bulls,3,3,27,Made Shot,Driving Finger Roll Layup Shot,2PT Field Goal,Restricted Area,Center(C),Less Than 8 ft.,2,12,27,1,1,20231218,PHI,CHI,22300351401,19530,0,202696|1627936|1628975|1629632|1630172,1,REG,2024,201976,PG,Chaser,-0.27,SG,Stationary Shooter,-1.12
Shot Chart Detail,22300351,501,1627936,Alex Caruso,1610612741,Chicago Bulls,4,8,4,Made Shot,Driving Floating Bank Jump Shot,2PT Field Goal,Restricted Area,Center(C),Less Than 8 ft.,2,23,17,1,1,20231218,PHI,CHI,22300351501,23960,0,201942|203083|1627936|1629632|1630245,0,REG,2024,1630194|1630178,,,,SG,Stationary Shooter,-1.12
Shot Chart Detail,22300351,561,1627936,Alex Caruso,1610612741,Chicago Bulls,4,3,29,Missed Shot,Pullup Jump shot,3PT Field Goal,Above the Break 3,Center(C),24+ ft.,25,78,248,1,0,20231218,PHI,CHI,22300351561,26710,0,201942|202696|1627936|1629632|1630172,0,REG,2024,203954,C,Anchor Big,0.87,SG,Stationary Shooter,-1.12
Shot Chart Detail,22300370,41,1627936,Alex Caruso,1610612741,Chicago Bulls,1,8,33,Made Shot,Jump Shot,3PT Field Goal,Above the Break 3,Right Side Center(RC),24+ ft.,25,223,131,1,1,20231220,CHI,LAL,2230037041,2070,0,201942|202696|1627936|1629632|1630172,1,REG,2024,1626156,PG,Chaser,-1.02,SG,Stationary Shooter,-1.12
Shot Chart Detail,22300370,45,1627936,Alex Caruso,1610612741,Chicago Bulls,1,8,14,Made Shot,Running Finger Roll Layup Shot,2PT Field Goal,Restricted Area,Center(C),Less Than 8 ft.,0,1,9,1,1,20231220,CHI,LAL,2230037045,2260,0,201942|202696|1627936|1629632|1630172,1,REG,2024,1626156|2544,,,,SG,Stationary Shooter,-1.12
Shot Chart Detail,22300370,53,1627936,Alex Caruso,1610612741,Chicago Bulls,1,7,20,Missed Shot,Jump Shot,3PT Field Goal,Above the Break 3,Center(C),24+ ft.,24,13,248,1,0,20231220,CHI,LAL,2230037053,2800,0,201942|202696|1627936|1629632|1630172,0,REG,2024,1626156,PG,Chaser,-1.02,SG,Stationary Shooter,-1.12
Shot Chart Detail,22300370,189,1627936,Alex Caruso,1610612741,Chicago Bulls,2,8,5,Made Shot,Driving Dunk Shot,2PT Field Goal,Restricted Area,Center(C),Less Than 8 ft.,0,6,3,1,1,20231220,CHI,LAL,22300370189,9550,0,201942|203083|1627936|1628975|1631207,0,REG,2024,1629629,SF,Point of Attack,0.8,SG,Stationary Shooter,-1.12
Shot Chart Detail,22300370,258,1627936,Alex Caruso,1610612741,Chicago Bulls,2,3,31,Made Shot,Jump Shot,3PT Field Goal,Above the Break 3,Left Side Center(LC),24+ ft.,24,-228,99,1,1,20231220,CHI,LAL,22300370258,12290,0,201942|202696|1627936|1629632|1630172,1,REG,2024,1626156,PG,Chaser,-1.02,SG,Stationary Shooter,-1.12
Shot Chart Detail,22300370,361,1627936,Alex Caruso,1610612741,Chicago Bulls,3,7,43,Made Shot,Jump Shot,3PT Field Goal,Above the Break 3,Left Side Center(LC),24+ ft.,28,-92,269,1,1,20231220,CHI,LAL,22300370361,16970,0,201942|202696|1627936|1629632|1630172,1,REG,2024,2544,PF,Helper,-0.24,SG,Stationary Shooter,-1.12
Shot Chart Detail,22300370,519,1627936,Alex Caruso,1610612741,Chicago Bulls,4,7,48,Missed Shot,Driving Layup Shot,2PT Field Goal,In The Paint (Non-RA),Center(C),Less Than 8 ft.,4,11,46,1,0,20231220,CHI,LAL,22300370519,24120,0,203083|1627936|1628975|1629632|1630172,0,REG,2024,2544,PF,Helper,-0.24,SG,Stationary Shooter,-1.12
Shot Chart Detail,22300376,34,1627936,Alex Caruso,1610612741,Chicago Bulls,1,8,53,Made Shot,Driving Finger Roll Layup Shot,2PT Field Goal,Restricted Area,Center(C),Less Than 8 ft.,0,-2,3,1,1,20231221,CHI,SAS,2230037634,1870,0,201942|202696|1627936|1629632|1630172,0,REG,2024,1641705,C,Anchor Big,2.82,SG,Stationary Shooter,-1.12
Shot Chart Detail,22300376,51,1627936,Alex Caruso,1610612741,Chicago Bulls,1,7,7,Missed Shot,Pullup Jump shot,2PT Field Goal,In The Paint (Non-RA),Center(C),8-16 ft.,12,-1,126,1,0,20231221,CHI,SAS,2230037651,2930,0,201942|202696|1627936|1629632|1630172,0,REG,2024,1631103,PG,Chaser,-1.97,SG,Stationary Shooter,-1.12
Shot Chart Detail,22300376,153,1627936,Alex Caruso,1610612741,Chicago Bulls,1,1,33,Made Shot,Running Layup Shot,2PT Field Goal,Restricted Area,Center(C),Less Than 8 ft.,1,5,9,1,1,20231221,CHI,SAS,22300376153,6270,0,201942|203083|1627936|1630245|1631207,0,REG,2024,,,,,SG,Stationary Shooter,-1.12
Shot Chart Detail,22300376,167,1627936,Alex Caruso,1610612741,Chicago Bulls,1,0,59,Missed Shot,Running Layup Shot,2PT Field Goal,Restricted Area,Center(C),Less Than 8 ft.,1,-5,9,1,0,20231221,CHI,SAS,22300376167,6610,0,201942|203083|1627936|1628975|1631207,0,REG,2024,1629640,SF,Wing Stopper,-1.43,SG,Stationary Shooter,-1.12
Shot Chart Detail,22300376,206,1627936,Alex Caruso,1610612741,Chicago Bulls,2,11,25,Made Shot,Driving Layup Shot,2PT Field Goal,Restricted Area,Center(C),Less Than 8 ft.,1,16,6,1,1,20231221,CHI,SAS,22300376206,7550,0,201942|203083|1627936|1628975|1631207,0,REG,2024,1629640,SF,Wing Stopper,-1.43,SG,Stationary Shooter,-1.12
Shot Chart Detail,22300376,211,1627936,Alex Caruso,1610612741,Chicago Bulls,2,10,56,Made Shot,Pullup Jump shot,2PT Field Goal,In The Paint (Non-RA),Center(C),8-16 ft.,12,50,115,1,1,20231221,CHI,SAS,22300376211,7840,0,201942|203083|1627936|1628975|1631207,0,REG,2024,1629640,SF,Wing Stopper,-1.43,SG,Stationary Shooter,-1.12
Shot Chart Detail,22300396,34,1627936,Alex Caruso,1610612741,Chicago Bulls,1,8,28,Missed Shot,Jump Shot,3PT Field Goal,Right Corner 3,Right Side(R),24+ ft.,23,230,-2,1,0,20231223,CHI,CLE,2230039634,2120,0,201942|202696|1627936|1629632|1630172,0,REG,2024,1641854,PG,Point of Attack,0.0,SG,Stationary Shooter,-1.12
Shot Chart Detail,22300396,171,1627936,Alex Caruso,1610612741,Chicago Bulls,2,11,18,Missed Shot,Driving Layup Shot,2PT Field Goal,In The Paint (Non-RA),Center(C),Less Than 8 ft.,6,50,47,1,0,20231223,CHI,CLE,22300396171,7620,0,201942|203083|1627936|1628975|1631207,0,REG,2024,1629622,SF,Helper,0.38,SG,Stationary Shooter,-1.12
Shot Chart Detail,22300396,186,1627936,Alex Caruso,1610612741,Chicago Bulls,2,10,7,Missed Shot,Pullup Jump shot,3PT Field Goal,Above the Break 3,Right Side Center(RC),24+ ft.,24,156,187,1,0,20231223,CHI,CLE,22300396186,8330,0,201942|203083|1627936|1630172|1630245,0,REG,2024,1629622,SF,Helper,0.38,SG,Stationary Shooter,-1.12
Shot Chart Detail,22300396,293,1627936,Alex Caruso,1610612741,Chicago Bulls,2,4,13,Made Shot,Running Jump Shot,3PT Field Goal,Right Corner 3,Right Side(R),24+ ft.,23,232,48,1,1,20231223,CHI,CLE,22300396293,11870,0,201942|202696|203083|1627936|1629632,1,REG,2024,1629731,PF,Wing Stopper,1.47,SG,Stationary Shooter,-1.12
Shot Chart Detail,22300396,298,1627936,Alex Caruso,1610612741,Chicago Bulls,2,3,46,Missed Shot,Pullup Jump shot,2PT Field Goal,In The Paint (Non-RA),Center(C),8-16 ft.,8,0,85,1,0,20231223,CHI,CLE,22300396298,12140,0,201942|202696|203083|1627936|1629632,0,REG,2024,1641854,PG,Point of Attack,0.0,SG,Stationary Shooter,-1.12
Shot Chart Detail,22300396,325,1627936,Alex Caruso,1610612741,Chicago Bulls,2,1,10,Missed Shot,Jump Shot,3PT Field Goal,Left Corner 3,Left Side(L),24+ ft.,22,-229,-13,1,0,20231223,CHI,CLE,22300396325,13700,0,201942|202696|1627936|1629632|1630172,0,REG,2024,1629622,SF,Helper,0.38,SG,Stationary Shooter,-1.12
Shot Chart Detail,22300396,351,1627936,Alex Caruso,1610612741,Chicago Bulls,3,11,9,Made Shot,Driving Floating Jump Shot,2PT Field Goal,In The Paint (Non-RA),Center(C),Less Than 8 ft.,6,4,68,1,1,20231223,CHI,CLE,22300396351,14910,0,201942|202696|1627936|1629632|1630172,1,REG,2024,1630171,SF,Point of Attack,0.23,SG,Stationary Shooter,-1.12
Shot Chart Detail,22300396,362,1627936,Alex Caruso,1610612741,Chicago Bulls,3,9,47,Made Shot,Cutting Layup Shot,2PT Field Goal,In The Paint (Non-RA),Center(C),Less Than 8 ft.,5,58,10,1,1,20231223,CHI,CLE,22300396362,15730,0,201942|202696|1627936|1629632|1630172,1,REG,2024,1629622,SF,Helper,0.38,SG,Stationary Shooter,-1.12
Shot Chart Detail,22300396,522,1627936,Alex Caruso,1610612741,Chicago Bulls,4,10,38,Made Shot,Jump Shot,3PT Field Goal,Above the Break 3,Left Side Center(LC),24+ ft.,25,-186,169,1,1,20231223,CHI,CLE,22300396522,22420,0,201942|1627936|1629632|1630172|1631207,1,REG,2024,1627745,C,Mobile Big,0.63,SG,Stationary Shooter,-1.12
Shot Chart Detail,22300408,48,1627936,Alex Caruso,1610612741,Chicago Bulls,1,7,44,Missed Shot,Jump Shot,3PT Field Goal,Above the Break 3,Center(C),24+ ft.,25,10,250,1,0,20231226,CHI,ATL,2230040848,2560,0,201942|203083|1627936|1629632|1630172,0,REG,2024,1630180,SF,Helper,-1.74,SG,Stationary Shooter,-1.12
Shot Chart Detail,22300408,165,1627936,Alex Caruso,1610612741,Chicago Bulls,2,10,54,Made Shot,Driving Floating Jump Shot,2PT Field Goal,In The Paint (Non-RA),Center(C),Less Than 8 ft.,6,43,51,1,1,20231226,CHI,ATL,22300408165,7860,0,201942|1627936|1628975|1630678|1631207,0,REG,2024,203992,SG,Chaser,-0.84,SG,Stationary Shooter,-1.12
Shot Chart Detail,22300408,194,1627936,Alex Caruso,1610612741,Chicago Bulls,2,8,23,Missed Shot,Jump Shot,3PT Field Goal,Above the Break 3,Right Side Center(RC),24+ ft.,25,173,193,1,0,20231226,CHI,ATL,22300408194,9370,0,201942|203083|1627936|1628975|1631207,0,REG,2024,1627749,SG,Point of Attack,-1.17,SG,Stationary Shooter,-1.12
Shot Chart Detail,22300408,260,1627936,Alex Caruso,1610612741,Chicago Bulls,2,4,1,Missed Shot,Step Back Jump shot,3PT Field Goal,Right Corner 3,Right Side(R),24+ ft.,22,225,-18,1,0,20231226,CHI,ATL,22300408260,11990,0,201942|1627936|1629632|1630172|1630245,0,REG,2024,203992,SG,Chaser,-0.84,SG,Stationary Shooter,-1.12
Shot Chart Detail,22300408,370,1627936,Alex Caruso,1610612741,Chicago Bulls,3,7,17,Missed Shot,Running Layup Shot,2PT Field Goal,Restricted Area,Center(C),Less Than 8 ft.,1,-6,17,1,0,20231226,CHI,ATL,22300408370,17230,0,201942|203083|1627936|1630172|1630245,0,REG,2024,1630552,SF,Wing Stopper,0.66,SG,Stationary Shooter,-1.12
Shot Chart Detail,22300408,386,1627936,Alex Caruso,1610612741,Chicago Bulls,3,6,11,Missed Shot,Running Layup Shot,2PT Field Goal,Restricted Area,Center(C),Less Than 8 ft.,1,-1,15,1,0,20231226,CHI,ATL,22300408386,17890,0,201942|203083|1627936|1630172|1630245,0,REG,2024,1630552,SF,Wing Stopper,0.66,SG,Stationary Shooter,-1.12
Shot Chart Detail,22300408,601,1627936,Alex Caruso,1610612741,Chicago Bulls,4,3,57,Made Shot,Jump Shot,3PT Field Goal,Above the Break 3,Right Side Center(RC),24+ ft.,24,103,226,1,1,20231226,CHI,ATL,22300408601,26430,0,201942|203083|1627936|1629632|1630245,1,REG,2024,,,,,SG,Stationary Shooter,-1.12
Shot Chart Detail,22300408,605,1627936,Alex Caruso,1610612741,Chicago Bulls,4,3,32,Missed Shot,Running Layup Shot,2PT Field Goal,Restricted Area,Center(C),Less Than 8 ft.,2,-9,23,1,0,20231226,CHI,ATL,22300408605,26680,0,201942|203083|1627936|1629632|1630245,0,REG,2024,1627749,SG,Point of Attack,-1.17,SG,Stationary Shooter,-1.12
Shot Chart Detail,22300408,631,1627936,Alex Caruso,1610612741,Chicago Bulls,4,0,52,Missed Shot,Jump Shot,3PT Field Goal,Left Corner 3,Left Side(L),24+ ft.,23,-232,22,1,0,20231226,CHI,ATL,22300408631,28280,0,201942|203083|1627936|1629632|1630245,0,REG,2024,1629027,PG,Chaser,-1.77,SG,Stationary Shooter,-1.12
Shot Chart Detail,22300408,633,1627936,Alex Caruso,1610612741,Chicago Bulls,4,0,48,Missed Shot,Cutting Layup Shot,2PT Field Goal,Restricted Area,Center(C),Less Than 8 ft.,3,-17,26,1,0,20231226,CHI,ATL,22300408633,28320,0,201942|203083|1627936|1629632|1630245,0,REG,2024,1630552,SF,Wing Stopper,0.66,SG,Stationary Shooter,-1.12
Shot Chart Detail,22300422,35,1627936,Alex Caruso,1610612741,Chicago Bulls,1,8,19,Made Shot,Pullup Jump shot,3PT Field Goal,Above the Break 3,Right Side Center(RC),24+ ft.,24,188,163,1,1,20231228,CHI,IND,2230042235,2210,0,201942|203083|1627936|1629632|1630172,0,REG,2024,1630188,C,Mobile Big,-0.27,SG,Stationary Shooter,-1.12
Shot Chart Detail,22300422,67,1627936,Alex Caruso,1610612741,Chicago Bulls,1,4,50,Missed Shot,Jump Shot,3PT Field Goal,Right Corner 3,Right Side(R),24+ ft.,23,235,22,1,0,20231228,CHI,IND,2230042267,4300,0,201942|203083|1627936|1629632|1630172,0,REG,2024,1629614,PG,Point of Attack,-0.38,SG,Stationary Shooter,-1.12
Shot Chart Detail,22300422,124,1627936,Alex Caruso,1610612741,Chicago Bulls,1,1,18,Made Shot,Jump Shot,3PT Field Goal,Above the Break 3,Right Side Center(RC),24+ ft.,25,134,213,1,1,20231228,CHI,IND,22300422124,6420,0,201942|1627936|1628975|1630245|1630678,1,REG,2024,1630543,C,Mobile Big,1.44,SG,Stationary Shooter,-1.12
Shot Chart Detail,22300422,266,1627936,Alex Caruso,1610612741,Chicago Bulls,2,4,13,Made Shot,Pullup Jump shot,2PT Field Goal,In The Paint (Non-RA),Center(C),Less Than 8 ft.,4,2,48,1,1,20231228,CHI,IND,22300422266,11870,0,201942|1627936|1628975|1630172|1630678,0,REG,2024,1630169,PG,Low Activity,-1.08,SG,Stationary Shooter,-1.12
Shot Chart Detail,22300422,269,1627936,Alex Caruso,1610612741,Chicago Bulls,2,3,40,Missed Shot,Jump Shot,3PT Field Goal,Above the Break 3,Left Side Center(LC),24+ ft.,23,-202,125,1,0,20231228,CHI,IND,22300422269,12200,0,201942|1627936|1628975|1630172|1630678,0,REG,2024,1630169,PG,Low Activity,-1.08,SG,Stationary Shooter,-1.12
Shot Chart Detail,22300422,336,1627936,Alex Caruso,1610612741,Chicago Bulls,3,11,7,Missed Shot,Driving Floating Jump Shot,2PT Field Goal,In The Paint (Non-RA),Center(C),Less Than 8 ft.,7,5,70,1,0,20231228,CHI,IND,22300422336,14930,0,201942|203083|1627936|1629632|1630172,0,REG,2024,1626167|1630169,,,,SG,Stationary Shooter,-1.12
Shot Chart Detail,22300422,366,1627936,Alex Caruso,1610612741,Chicago Bulls,3,8,58,Missed Shot,Jump Shot,3PT Field Goal,Above the Break 3,Left Side Center(LC),24+ ft.,25,-184,178,1,0,20231228,CHI,IND,22300422366,16220,0,201942|203083|1627936|1629632|1630172,0,REG,2024,1630169,PG,Low Activity,-1.08,SG,Stationary Shooter,-1.12
Shot Chart Detail,22300422,445,1627936,Alex Caruso,1610612741,Chicago Bulls,3,4,9,Made Shot,Driving Layup Shot,2PT Field Goal,Restricted Area,Center(C),Less Than 8 ft.,1,16,6,1,1,20231228,CHI,IND,22300422445,19110,0,201942|1627936|1630245|1630678|1631207,1,REG,2024,1630543,C,Mobile Big,1.44,SG,Stationary Shooter,-1.12
Shot Chart Detail,22300422,524,1627936,Alex Caruso,1610612741,Chicago Bulls,4,11,4,Missed Shot,Jump Shot,3PT Field Goal,Above the Break 3,Right Side Center(RC),24+ ft.,25,99,235,1,0,20231228,CHI,IND,22300422524,22160,0,201942|1627936|1630172|1630245|1631207,0,REG,2024,1630188,C,Mobile Big,-0.27,SG,Stationary Shooter,-1.12
Shot Chart Detail,22300422,543,1627936,Alex Caruso,1610612741,Chicago Bulls,4,10,15,Made Shot,Driving Layup Shot,2PT Field Goal,Restricted Area,Center(C),Less Than 8 ft.,0,-5,8,1,1,20231228,CHI,IND,22300422543,22650,0,1628975|1629632|1630172|1630245|1631207,0,REG,2024,1630188,C,Mobile Big,-0.27,SG,Stationary Shooter,-1.12
Shot Chart Detail,22300422,635,1627936,Alex Caruso,1610612741,Chicago Bulls,4,3,12,Made Shot,Jump Shot,3PT Field Goal,Left Corner 3,Left Side(L),24+ ft.,22,-225,2,1,1,20231228,CHI,IND,22300422635,26880,0,201942|1627936|1629632|1630172|1630245,1,REG,2024,,,,,SG,Stationary Shooter,-1.12
Shot Chart Detail,22300442,48,1627936,Alex Caruso,1610612741,Chicago Bulls,1,7,32,Missed Shot,Pullup Jump shot,2PT Field Goal,In The Paint (Non-RA),Center(C),8-16 ft.,9,-1,92,1,0,20231230,CHI,PHI,2230044248,2680,0,201942|203083|1627936|1629632|1630172,0,REG,2024,1629001|202699,,,,SG,Stationary Shooter,-1.12
Shot Chart Detail,22300442,51,1627936,Alex Caruso,1610612741,Chicago Bulls,1,7,10,Missed Shot,Jump Shot,3PT Field Goal,Right Corner 3,Right Side(R),24+ ft.,23,235,11,1,0,20231230,CHI,PHI,2230044251,2900,0,201942|203083|1627936|1629632|1630172,0,REG,2024,1630178,PG,Low Activity,-1.37,SG,Stationary Shooter,-1.12
Shot Chart Detail,22300442,202,1627936,Alex Caruso,1610612741,Chicago Bulls,2,9,45,Made Shot,Jump Shot,3PT Field Goal,Above the Break 3,Center(C),24+ ft.,24,43,243,1,1,20231230,CHI,PHI,22300442202,8550,0,201942|1627936|1630245|1630678|1631207,1,REG,2024,1630178,PG,Low Activity,-1.37,SG,Stationary Shooter,-1.12
Shot Chart Detail,22300442,286,1627936,Alex Caruso,1610612741,Chicago Bulls,2,3,46,Made Shot,Jump Shot,3PT Field Goal,Above the Break 3,Left Side Center(LC),24+ ft.,24,-114,222,1,1,20231230,CHI,PHI,22300442286,12140,0,201942|1627936|1629632|1630245|1630678,1,REG,2024,202699,PF,Wing Stopper,0.16,SG,Stationary Shooter,-1.12
Shot Chart Detail,22300442,327,1627936,Alex Caruso,1610612741,Chicago Bulls,2,0,16,Made Shot,Turnaround Fadeaway shot,2PT Field Goal,In The Paint (Non-RA),Center(C),8-16 ft.,12,11,120,1,1,20231230,CHI,PHI,22300442327,14240,0,201942|1627936|1629632|1630172|1630678,1,REG,2024,202699|1630178,,,,SG,Stationary Shooter,-1.12
Shot Chart Detail,22300442,405,1627936,Alex Caruso,1610612741,Chicago Bulls,3,6,57,Made Shot,Jump Shot,3PT Field Goal,Above the Break 3,Right Side Center(RC),24+ ft.,25,131,220,1,1,20231230,CHI,PHI,22300442405,17430,0,201942|203083|1627936|1630172|1630245,1,REG,2024,1630178,PG,Low Activity,-1.37,SG,Stationary Shooter,-1.12
Shot Chart Detail,22300442,536,1627936,Alex Caruso,1610612741,Chicago Bulls,4,7,17,Missed Shot,Jump Shot,3PT Field Goal,Above the Break 3,Left Side Center(LC),24+ ft.,25,-218,123,1,0,20231230,CHI,PHI,22300442536,24430,0,201942|203083|1629632|1630172|1631207,0,REG,2024,1630178,PG,Low Activity,-1.37,SG,Stationary Shooter,-1.12
Shot Chart Detail,22300459,14,1627936,Alex Caruso,1610612741,Chicago Bulls,1,11,9,Missed Shot,Jump Shot,3PT Field Goal,Right Corner 3,Right Side(R),24+ ft.,24,234,67,1,0,20240102,PHI,CHI,2230045914,510,0,201942|203083|1627936|1629632|1630172,0,REG,2024,1630178,PG,Low Activity,-1.37,SG,Stationary Shooter,-1.12
Shot Chart Detail,22300459,57,1627936,Alex Caruso,1610612741,Chicago Bulls,1,8,3,Made Shot,Driving Floating Jump Shot,2PT Field Goal,In The Paint (Non-RA),Center(C),8-16 ft.,9,-4,90,1,1,20240102,PHI,CHI,2230045957,2370,0,201942|203083|1627936|1629632|1630245,1,REG,2024,201587,PF,Helper,0.09,SG,Stationary Shooter,-1.12
Shot Chart Detail,22300459,135,1627936,Alex Caruso,1610612741,Chicago Bulls,1,2,11,Made Shot,Fadeaway Jump Shot,2PT Field Goal,Mid-Range,Center(C),16-24 ft.,16,-7,162,1,1,20240102,PHI,CHI,22300459135,5890,0,201942|203083|1627936|1628975|1630245,1,REG,2024,1627863,SF,Chaser,-0.51,SG,Stationary Shooter,-1.12
Shot Chart Detail,22300459,157,1627936,Alex Caruso,1610612741,Chicago Bulls,1,0,35,Missed Shot,Driving Finger Roll Layup Shot,2PT Field Goal,In The Paint (Non-RA),Center(C),8-16 ft.,9,-9,95,1,0,20240102,PHI,CHI,22300459157,6850,0,201942|203083|1627936|1629632|1630245,0,REG,2024,,,,,SG,Stationary Shooter,-1.12
Shot Chart Detail,22300459,167,1627936,Alex Caruso,1610612741,Chicago Bulls,1,0,0,Missed Shot,Pullup Jump shot,3PT Field Goal,Above the Break 3,Center(C),24+ ft.,26,-4,264,1,0,20240102,PHI,CHI,22300459167,7200,0,201942|203083|1627936|1629632|1631207,0,REG,2024,203954,C,Anchor Big,0.87,SG,Stationary Shooter,-1.12
Shot Chart Detail,22300459,276,1627936,Alex Caruso,1610612741,Chicago Bulls,2,5,36,Missed Shot,Jump Shot,3PT Field Goal,Above the Break 3,Center(C),24+ ft.,26,-18,264,1,0,20240102,PHI,CHI,22300459276,11040,0,201942|203083|1627936|1630172|1630245,0,REG,2024,1626162,SF,Helper,-0.22,SG,Stationary Shooter,-1.12
Shot Chart Detail,22300459,282,1627936,Alex Caruso,1610612741,Chicago Bulls,2,4,56,Missed Shot,Jump Shot,3PT Field Goal,Above the Break 3,Right Side Center(RC),24+ ft.,27,103,253,1,0,20240102,PHI,CHI,22300459282,11440,0,201942|203083|1627936|1630172|1630245,0,REG,2024,1630178,PG,Low Activity,-1.37,SG,Stationary Shooter,-1.12
Shot Chart Detail,22300459,286,1627936,Alex Caruso,1610612741,Chicago Bulls,2,4,24,Missed Shot,Layup Shot,2PT Field Goal,Restricted Area,Center(C),Less Than 8 ft.,2,13,22,1,0,20240102,PHI,CHI,22300459286,11760,0,201942|203083|1627936|1630172|1630245,0,REG,2024,203954|1626162,,,,SG,Stationary Shooter,-1.12
Shot Chart Detail,22300459,304,1627936,Alex Caruso,1610612741,Chicago Bulls,2,3,9,Missed Shot,Jump Shot,3PT Field Goal,Right Corner 3,Right Side(R),24+ ft.,23,230,68,1,0,20240102,PHI,CHI,22300459304,12510,0,201942|203083|1627936|1629632|1630245,0,REG,2024,201976,PG,Chaser,-0.27,SG,Stationary Shooter,-1.12
Shot Chart Detail,22300459,371,1627936,Alex Caruso,1610612741,Chicago Bulls,3,9,40,Made Shot,Jump Shot,3PT Field Goal,Above the Break 3,Left Side Center(LC),24+ ft.,25,-132,220,1,1,20240102,PHI,CHI,22300459371,15800,0,201942|203083|1627936|1629632|1630245,1,REG,2024,1626162,SF,Helper,-0.22,SG,Stationary Shooter,-1.12
Shot Chart Detail,22300468,32,1627936,Alex Caruso,1610612741,Chicago Bulls,1,9,21,Missed Shot,Jump Shot,3PT Field Goal,Right Corner 3,Right Side(R),24+ ft.,22,228,11,1,0,20240103,NYK,CHI,2230046832,1590,0,201942|203083|1627936|1629632|1630172,0,REG,2024,1628973|203944,,,,SG,Stationary Shooter,-1.12
Shot Chart Detail,22300468,35,1627936,Alex Caruso,1610612741,Chicago Bulls,1,8,55,Missed Shot,Jump Shot,3PT Field Goal,Right Corner 3,Right Side(R),24+ ft.,23,233,-3,1,0,20240103,NYK,CHI,2230046835,1850,0,201942|203083|1627936|1629632|1630172,0,REG,2024,1628973,PG,Low Activity,-0.94,SG,Stationary Shooter,-1.12
Shot Chart Detail,22300468,49,1627936,Alex Caruso,1610612741,Chicago Bulls,1,7,29,Made Shot,Jump Shot,3PT Field Goal,Above the Break 3,Left Side Center(LC),24+ ft.,25,-170,189,1,1,20240103,NYK,CHI,2230046849,2710,0,201942|203083|1627936|1629632|1630172,1,REG,2024,1628978,SG,Chaser,0.17,SG,Stationary Shooter,-1.12
Shot Chart Detail,22300468,104,1627936,Alex Caruso,1610612741,Chicago Bulls,1,3,30,Missed Shot,Jump Shot,3PT Field Goal,Above the Break 3,Left Side Center(LC),24+ ft.,26,-129,227,1,0,20240103,NYK,CHI,22300468104,5100,0,1627936|1628975|1629632|1630245|1630678,0,REG,2024,1628404,SF,Helper,1.09,SG,Stationary Shooter,-1.12
Shot Chart Detail,22300468,241,1627936,Alex Caruso,1610612741,Chicago Bulls,2,5,34,Missed Shot,Step Back Jump shot,3PT Field Goal,Above the Break 3,Right Side Center(RC),24+ ft.,24,98,227,1,0,20240103,NYK,CHI,22300468241,11060,0,201942|203083|1627936|1630245|1631207,0,REG,2024,203944,PF,Wing Stopper,-0.52,SG,Stationary Shooter,-1.12
Shot Chart Detail,22300468,258,1627936,Alex Caruso,1610612741,Chicago Bulls,2,3,34,Made Shot,Driving Layup Shot,2PT Field Goal,Restricted Area,Center(C),Less Than 8 ft.,1,-11,1,1,1,20240103,NYK,CHI,22300468258,12260,0,201942|203083|1627936|1630245|1631207,0,REG,2024,1628392,C,Mobile Big,2.29,SG,Stationary Shooter,-1.12
Shot Chart Detail,22300468,279,1627936,Alex Caruso,1610612741,Chicago Bulls,2,2,1,Made Shot,Jump Shot,3PT Field Goal,Left Corner 3,Left Side(L),24+ ft.,23,-230,-8,1,1,20240103,NYK,CHI,22300468279,13190,0,201942|203083|1627936|1629632|1630245,1,REG,2024,1628392,C,Mobile Big,2.29,SG,Stationary Shooter,-1.12
Shot Chart Detail,22300468,351,1627936,Alex Caruso,1610612741,Chicago Bulls,3,8,15,Missed Shot,Driving Layup Shot,2PT Field Goal,Restricted Area,Center(C),Less Than 8 ft.,3,-32,19,1,0,20240103,NYK,CHI,22300468351,16650,0,201942|203083|1627936|1629632|1630245,0,REG,2024,203944,PF,Wing Stopper,-0.52,SG,Stationary Shooter,-1.12
Shot Chart Detail,22300468,363,1627936,Alex Caruso,1610612741,Chicago Bulls,3,7,40,Made Shot,Driving Layup Shot,2PT Field Goal,In The Paint (Non-RA),Center(C),Less Than 8 ft.,4,4,48,1,1,20240103,NYK,CHI,22300468363,17000,0,201942|1627936|1629632|1630245|1630678,1,REG,2024,1628978,SG,Chaser,0.17,SG,Stationary Shooter,-1.12
Shot Chart Detail,22300468,393,1627936,Alex Caruso,1610612741,Chicago Bulls,3,5,54,Missed Shot,Jump Shot,3PT Field Goal,Mid-Range,Left Side(L),16-24 ft.,21,-219,4,1,0,20240103,NYK,CHI,22300468393,18060,0,201942|1627936|1629632|1630245|1630678,0,REG,2024,203944,PF,Wing Stopper,-0.52,SG,Stationary Shooter,-1.12
Shot Chart Detail,22300468,487,1627936,Alex Caruso,1610612741,Chicago Bulls,4,11,50,Missed Shot,Jump Shot,3PT Field Goal,Left Corner 3,Left Side(L),24+ ft.,23,-233,48,1,0,20240103,NYK,CHI,22300468487,21700,0,203083|1627936|1628975|1629632|1630172,0,REG,2024,1628404,SF,Helper,1.09,SG,Stationary Shooter,-1.12
Shot Chart Detail,22300468,558,1627936,Alex Caruso,1610612741,Chicago Bulls,4,6,46,Made Shot,Step Back Jump shot,2PT Field Goal,Mid-Range,Right Side(R),8-16 ft.,13,124,56,1,1,20240103,NYK,CHI,22300468558,24740,0,201942|203083|1627936|1629632|1630245,1,REG,2024,203944,PF,Wing Stopper,-0.52,SG,Stationary Shooter,-1.12
Shot Chart Detail,22300468,576,1627936,Alex Caruso,1610612741,Chicago Bulls,4,4,50,Missed Shot,Driving Reverse Layup Shot,2PT Field Goal,Restricted Area,Center(C),Less Than 8 ft.,3,-26,17,1,0,20240103,NYK,CHI,22300468576,25900,0,201942|203083|1627936|1629632|1630245,0,REG,2024,203944,PF,Wing Stopper,-0.52,SG,Stationary Shooter,-1.12
Shot Chart Detail,22300506,47,1627936,Alex Caruso,1610612741,Chicago Bulls,1,7,3,Missed Shot,Running Layup Shot,2PT Field Goal,In The Paint (Non-RA),Center(C),Less Than 8 ft.,5,13,58,1,0,20240108,CHA,CHI,2230050647,2970,0,201942|203083|1627936|1629632|1630172,0,REG,2024,1631121,SG,Low Activity,-0.69,SG,Stationary Shooter,-1.12
Shot Chart Detail,22300506,282,1627936,Alex Caruso,1610612741,Chicago Bulls,2,3,0,Missed Shot,Cutting Layup Shot,2PT Field Goal,Restricted Area,Center(C),Less Than 8 ft.,2,15,15,1,0,20240108,CHA,CHI,22300506282,12600,0,201942|202696|203897|1627936|1629632,0,REG,2024,1630547,SG,Chaser,-0.03,SG,Stationary Shooter,-1.12
Shot Chart Detail,22300506,297,1627936,Alex Caruso,1610612741,Chicago Bulls,2,1,18,Missed Shot,Jump Shot,3PT Field Goal,Right Corner 3,Right Side(R),24+ ft.,22,228,22,1,0,20240108,CHA,CHI,22300506297,13620,0,201942|202696|203897|1627936|1629632,0,REG,2024,1630550,PF,Helper,-0.01,SG,Stationary Shooter,-1.12
Shot Chart Detail,22300506,482,1627936,Alex Caruso,1610612741,Chicago Bulls,3,1,25,Made Shot,Jump Shot,3PT Field Goal,Above the Break 3,Right Side Center(RC),24+ ft.,25,134,214,1,1,20240108,CHA,CHI,22300506482,20750,0,201942|202696|203897|1627936|1630245,1,REG,2024,,,,,SG,Stationary Shooter,-1.12
Shot Chart Detail,22300506,496,1627936,Alex Caruso,1610612741,Chicago Bulls,3,0,7,Missed Shot,Jump Shot,3PT Field Goal,Above the Break 3,Left Side Center(LC),24+ ft.,24,-124,215,1,0,20240108,CHA,CHI,22300506496,21530,0,201942|202696|203897|1627936|1630245,0,REG,2024,202397,PG,Point of Attack,-0.42,SG,Stationary Shooter,-1.12
Shot Chart Detail,22300506,654,1627936,Alex Caruso,1610612741,Chicago Bulls,5,4,13,Made Shot,Cutting Layup Shot,2PT Field Goal,Restricted Area,Center(C),Less Than 8 ft.,1,15,3,1,1,20240108,CHA,CHI,22300506654,29270,1,201942|202696|203897|1627936|1629632,1,REG,2024,,,,,SG,Stationary Shooter,-1.12
Shot Chart Detail,22300506,682,1627936,Alex Caruso,1610612741,Chicago Bulls,5,1,21,Missed Shot,Fadeaway Jump Shot,2PT Field Goal,In The Paint (Non-RA),Center(C),Less Than 8 ft.,7,-72,30,1,0,20240108,CHA,CHI,22300506682,30990,1,201942|202696|203897|1627936|1629632,0,REG,2024,1630208,C,Mobile Big,0.1,SG,Stationary Shooter,-1.12
Shot Chart Detail,22300523,7,1627936,Alex Caruso,1610612741,Chicago Bulls,1,11,42,Missed Shot,Jump Shot,3PT Field Goal,Right Corner 3,Right Side(R),24+ ft.,23,234,-17,1,0,20240110,CHI,HOU,223005237,180,0,201942|202696|203897|1627936|1629632,0,REG,2024,1630224,SG,Low Activity,-1.09,SG,Stationary Shooter,-1.12
Shot Chart Detail,22300523,16,1627936,Alex Caruso,1610612741,Chicago Bulls,1,10,31,Missed Shot,Jump Shot,3PT Field Goal,Above the Break 3,Left Side Center(LC),24+ ft.,26,-162,206,1,0,20240110,CHI,HOU,2230052316,890,0,201942|202696|203897|1627936|1629632,0,REG,2024,1631095,PF,Helper,0.31,SG,Stationary Shooter,-1.12
Shot Chart Detail,22300523,142,1627936,Alex Caruso,1610612741,Chicago Bulls,1,0,28,Missed Shot,Jump Shot,3PT Field Goal,Above the Break 3,Left Side Center(LC),24+ ft.,26,-135,233,1,0,20240110,CHI,HOU,22300523142,6920,0,201942|203083|1627936|1630172|1630245,0,REG,2024,1641708,SF,Chaser,1.1,SG,Stationary Shooter,-1.12
Shot Chart Detail,22300523,278,1627936,Alex Caruso,1610612741,Chicago Bulls,2,3,12,Made Shot,Jump Shot,3PT Field Goal,Above the Break 3,Left Side Center(LC),24+ ft.,25,-167,197,1,1,20240110,CHI,HOU,22300523278,12480,0,201942|202696|203897|1627936|1629632,1,REG,2024,1630224,SG,Low Activity,-1.09,SG,Stationary Shooter,-1.12
Shot Chart Detail,22300523,331,1627936,Alex Caruso,1610612741,Chicago Bulls,3,10,50,Missed Shot,Jump Shot,3PT Field Goal,Left Corner 3,Left Side(L),24+ ft.,22,-229,1,1,0,20240110,CHI,HOU,22300523331,15100,0,201942|202696|203897|1627936|1629632,0,REG,2024,1631095,PF,Helper,0.31,SG,Stationary Shooter,-1.12
Shot Chart Detail,22300523,350,1627936,Alex Caruso,1610612741,Chicago Bulls,3,9,12,Made Shot,Jump Shot,3PT Field Goal,Left Corner 3,Left Side(L),24+ ft.,22,-225,-15,1,1,20240110,CHI,HOU,22300523350,16080,0,201942|202696|203897|1627936|1629632,1,REG,2024,1631095,PF,Helper,0.31,SG,Stationary Shooter,-1.12
Shot Chart Detail,22300523,504,1627936,Alex Caruso,1610612741,Chicago Bulls,4,10,28,Made Shot,Driving Floating Bank Jump Shot,2PT Field Goal,In The Paint (Non-RA),Right Side(R),8-16 ft.,8,45,69,1,1,20240110,CHI,HOU,22300523504,22520,0,201942|203083|1627936|1630172|1630245,1,REG,2024,1631095,PF,Helper,0.31,SG,Stationary Shooter,-1.12
Shot Chart Detail,22300523,600,1627936,Alex Caruso,1610612741,Chicago Bulls,4,2,58,Missed Shot,Jump Shot,3PT Field Goal,Left Corner 3,Left Side(L),24+ ft.,23,-233,-2,1,0,20240110,CHI,HOU,22300523600,27020,0,201942|202696|203897|1627936|1629632,0,REG,2024,1641715,SF,Low Activity,-0.86,SG,Stationary Shooter,-1.12
Shot Chart Detail,22300523,654,1627936,Alex Caruso,1610612741,Chicago Bulls,5,4,21,Missed Shot,Jump Shot,3PT Field Goal,Right Corner 3,Right Side(R),24+ ft.,23,237,6,1,0,20240110,CHI,HOU,22300523654,29190,1,201942|202696|203897|1627936|1629632,0,REG,2024,1627832,PG,Point of Attack,0.8,SG,Stationary Shooter,-1.12
Shot Chart Detail,22300523,696,1627936,Alex Caruso,1610612741,Chicago Bulls,5,0,26,Missed Shot,Jump Shot,3PT Field Goal,Above the Break 3,Right Side Center(RC),24+ ft.,26,185,189,1,0,20240110,CHI,HOU,22300523696,31540,1,201942|202696|203897|1627936|1629632,0,REG,2024,1630578,C,Anchor Big,0.25,SG,Stationary Shooter,-1.12
Shot Chart Detail,22300536,41,1627936,Alex Caruso,1610612741,Chicago Bulls,1,8,20,Missed Shot,Jump Shot,3PT Field Goal,Above the Break 3,Center(C),24+ ft.,26,18,267,1,0,20240112,CHI,GSW,2230053641,2200,0,201942|202696|203897|1627936|1629632,0,REG,2024,203967,C,Mobile Big,-0.02,SG,Stationary Shooter,-1.12
Shot Chart Detail,22300536,57,1627936,Alex Caruso,1610612741,Chicago Bulls,1,6,38,Made Shot,Jump Shot,3PT Field Goal,Above the Break 3,Right Side Center(RC),24+ ft.,25,113,226,1,1,20240112,CHI,GSW,2230053657,3220,0,201942|202696|203897|1627936|1629632,1,REG,2024,203967,C,Mobile Big,-0.02,SG,Stationary Shooter,-1.12
Shot Chart Detail,22300536,324,1627936,Alex Caruso,1610612741,Chicago Bulls,3,10,23,Missed Shot,Jump Shot,3PT Field Goal,Above the Break 3,Right Side Center(RC),24+ ft.,24,137,201,1,0,20240112,CHI,GSW,22300536324,15370,0,201942|202696|203897|1627936|1629632,0,REG,2024,202691,SF,Helper,-0.81,SG,Stationary Shooter,-1.12
Shot Chart Detail,22300536,331,1627936,Alex Caruso,1610612741,Chicago Bulls,3,9,18,Missed Shot,Jump Shot,3PT Field Goal,Above the Break 3,Right Side Center(RC),24+ ft.,25,188,171,1,0,20240112,CHI,GSW,22300536331,16020,0,201942|202696|203897|1627936|1629632,0,REG,2024,202691,SF,Helper,-0.81,SG,Stationary Shooter,-1.12
Shot Chart Detail,22300536,352,1627936,Alex Caruso,1610612741,Chicago Bulls,3,7,8,Missed Shot,Jump Shot,3PT Field Goal,Above the Break 3,Left Side Center(LC),24+ ft.,25,-152,200,1,0,20240112,CHI,GSW,22300536352,17320,0,201942|202696|203897|1627936|1629632,0,REG,2024,1626172,C,Mobile Big,0.95,SG,Stationary Shooter,-1.12
Shot Chart Detail,22300536,488,1627936,Alex Caruso,1610612741,Chicago Bulls,4,11,44,Made Shot,Jump Shot,3PT Field Goal,Above the Break 3,Left Side Center(LC),24+ ft.,25,-190,166,1,1,20240112,CHI,GSW,22300536488,21760,0,201942|203083|1627936|1629632|1630172,1,REG,2024,1641764,SG,Chaser,0.11,SG,Stationary Shooter,-1.12
Shot Chart Detail,22300548,121,1627936,Alex Caruso,1610612741,Chicago Bulls,1,3,21,Made Shot,Running Jump Shot,3PT Field Goal,Right Corner 3,Right Side(R),24+ ft.,23,230,10,1,1,20240113,SAS,CHI,22300548121,5190,0,201942|203083|1627936|1628975|1630245,1,REG,2024,1626224,SF,Low Activity,-0.93,SG,Stationary Shooter,-1.12
Shot Chart Detail,22300548,354,1627936,Alex Caruso,1610612741,Chicago Bulls,3,9,51,Made Shot,Jump Shot,3PT Field Goal,Above the Break 3,Left Side Center(LC),24+ ft.,24,-83,235,1,1,20240113,SAS,CHI,22300548354,15690,0,201942|202696|203897|1627936|1630245,1,REG,2024,1631110,PF,Wing Stopper,-0.24,SG,Stationary Shooter,-1.12
Shot Chart Detail,22300548,484,1627936,Alex Caruso,1610612741,Chicago Bulls,3,0,55,Missed Shot,Running Layup Shot,2PT Field Goal,Restricted Area,Center(C),Less Than 8 ft.,1,15,0,1,0,20240113,SAS,CHI,22300548484,21050,0,201942|203083|1627936|1628975|1629632,0,REG,2024,1626224|1629640,,,,SG,Stationary Shooter,-1.12
Shot Chart Detail,22300548,582,1627936,Alex Caruso,1610612741,Chicago Bulls,4,6,0,Made Shot,Jump Shot,3PT Field Goal,Above the Break 3,Right Side Center(RC),24+ ft.,25,208,148,1,1,20240113,SAS,CHI,22300548582,25200,0,201942|202696|203897|1627936|1629632,1,REG,2024,1630170,SG,Chaser,-0.97,SG,Stationary Shooter,-1.12
Shot Chart Detail,22300548,606,1627936,Alex Caruso,1610612741,Chicago Bulls,4,4,14,Missed Shot,Jump Shot,3PT Field Goal,Right Corner 3,Right Side(R),24+ ft.,24,238,47,1,0,20240113,SAS,CHI,22300548606,26260,0,201942|202696|203897|1627936|1629632,0,REG,2024,1631103,PG,Chaser,-1.97,SG,Stationary Shooter,-1.12
Shot Chart Detail,22300561,31,1627936,Alex Caruso,1610612741,Chicago Bulls,1,9,52,Missed Shot,Running Jump Shot,3PT Field Goal,Left Corner 3,Left Side(L),24+ ft.,23,-234,13,1,0,20240115,CLE,CHI,2230056131,1280,0,201942|202696|203897|1627936|1629632,0,REG,2024,1628378,SG,Chaser,0.21,SG,Stationary Shooter,-1.12
Shot Chart Detail,22300561,55,1627936,Alex Caruso,1610612741,Chicago Bulls,1,7,21,Missed Shot,Step Back Jump shot,3PT Field Goal,Above the Break 3,Right Side Center(RC),24+ ft.,26,130,226,1,0,20240115,CLE,CHI,2230056155,2790,0,201942|202696|203897|1627936|1629632,0,REG,2024,1630171,SF,Point of Attack,0.23,SG,Stationary Shooter,-1.12
Shot Chart Detail,22300561,141,1627936,Alex Caruso,1610612741,Chicago Bulls,1,1,7,Missed Shot,Driving Layup Shot,2PT Field Goal,Restricted Area,Center(C),Less Than 8 ft.,2,16,16,1,0,20240115,CLE,CHI,22300561141,6530,0,201942|203083|1627936|1628975|1630245,0,REG,2024,1627777,PF,Helper,-0.75,SG,Stationary Shooter,-1.12
Shot Chart Detail,22300561,175,1627936,Alex Caruso,1610612741,Chicago Bulls,2,10,48,Made Shot,Driving Layup Shot,2PT Field Goal,Restricted Area,Center(C),Less Than 8 ft.,0,1,2,1,1,20240115,CLE,CHI,22300561175,7920,0,201942|203083|1627936|1629632|1630245,1,REG,2024,1627747,SG,Chaser,-0.02,SG,Stationary Shooter,-1.12
Shot Chart Detail,22300561,269,1627936,Alex Caruso,1610612741,Chicago Bulls,2,3,44,Made Shot,Running Dunk Shot,2PT Field Goal,Restricted Area,Center(C),Less Than 8 ft.,1,-2,11,1,1,20240115,CLE,CHI,22300561269,12160,0,201942|202696|203897|1627936|1629632,1,REG,2024,,,,,SG,Stationary Shooter,-1.12
Shot Chart Detail,22300561,287,1627936,Alex Caruso,1610612741,Chicago Bulls,2,2,20,Made Shot,Jump Shot,3PT Field Goal,Right Corner 3,Right Side(R),24+ ft.,23,237,33,1,1,20240115,CLE,CHI,22300561287,13000,0,201942|202696|203897|1627936|1629632,1,REG,2024,1628378,SG,Chaser,0.21,SG,Stationary Shooter,-1.12
Shot Chart Detail,22300561,291,1627936,Alex Caruso,1610612741,Chicago Bulls,2,1,47,Missed Shot,Running Layup Shot,2PT Field Goal,Restricted Area,Center(C),Less Than 8 ft.,2,2,26,1,0,20240115,CLE,CHI,22300561291,13330,0,201942|202696|203897|1627936|1629632,0,REG,2024,1629622,SF,Helper,0.38,SG,Stationary Shooter,-1.12
Shot Chart Detail,22300561,460,1627936,Alex Caruso,1610612741,Chicago Bulls,3,0,8,Made Shot,Jump Shot,3PT Field Goal,Above the Break 3,Right Side Center(RC),24+ ft.,25,218,134,1,1,20240115,CLE,CHI,22300561460,21520,0,201942|202696|203083|1627936|1630245,1,REG,2024,1629622,SF,Helper,0.38,SG,Stationary Shooter,-1.12
Shot Chart Detail,22300561,629,1627936,Alex Caruso,1610612741,Chicago Bulls,4,2,8,Missed Shot,Jump Shot,3PT Field Goal,Above the Break 3,Right Side Center(RC),24+ ft.,25,197,166,1,0,20240115,CLE,CHI,22300561629,27520,0,201942|202696|203897|1627936|1629632,0,REG,2024,,,,,SG,Stationary Shooter,-1.12
Shot Chart Detail,22300580,31,1627936,Alex Caruso,1610612741,Chicago Bulls,1,9,30,Missed Shot,Jump Shot,3PT Field Goal,Left Corner 3,Left Side(L),24+ ft.,23,-234,-10,1,0,20240118,TOR,CHI,2230058031,1500,0,201942|202696|203897|1627936|1629632,0,REG,2024,1630193,PG-SG,Chaser,-0.38,SG,Stationary Shooter,-1.12
Shot Chart Detail,22300580,61,1627936,Alex Caruso,1610612741,Chicago Bulls,1,6,15,Made Shot,Jump Shot,3PT Field Goal,Above the Break 3,Left Side Center(LC),24+ ft.,26,-169,199,1,1,20240118,TOR,CHI,2230058061,3450,0,201942|202696|203897|1627936|1629632,1,REG,2024,1629628,SG,Wing Stopper,-0.52,SG,Stationary Shooter,-1.12
Shot Chart Detail,22300580,165,1627936,Alex Caruso,1610612741,Chicago Bulls,2,11,42,Made Shot,Floating Jump shot,2PT Field Goal,In The Paint (Non-RA),Center(C),8-16 ft.,9,32,94,1,1,20240118,TOR,CHI,22300580165,7380,0,201942|203083|1627936|1630245|1631207,0,REG,2024,1629007|203471,,,,SG,Stationary Shooter,-1.12
Shot Chart Detail,22300580,187,1627936,Alex Caruso,1610612741,Chicago Bulls,2,9,38,Missed Shot,Jump Shot,3PT Field Goal,Above the Break 3,Right Side Center(RC),24+ ft.,26,113,236,1,0,20240118,TOR,CHI,22300580187,8620,0,201942|203083|1627936|1630245|1631207,0,REG,2024,1628449,PF,Helper,-0.02,SG,Stationary Shooter,-1.12
Shot Chart Detail,22300580,501,1627936,Alex Caruso,1610612741,Chicago Bulls,4,11,21,Made Shot,Driving Finger Roll Layup Shot,2PT Field Goal,Restricted Area,Center(C),Less Than 8 ft.,0,9,1,1,1,20240118,TOR,CHI,22300580501,21990,0,201942|1627936|1630172|1630245|1631207,1,REG,2024,1630567,SG,Wing Stopper,0.38,SG,Stationary Shooter,-1.12
Shot Chart Detail,22300580,616,1627936,Alex Caruso,1610612741,Chicago Bulls,4,2,46,Made Shot,Jump Shot,3PT Field Goal,Right Corner 3,Right Side(R),24+ ft.,22,225,0,1,1,20240118,TOR,CHI,22300580616,27140,0,201942|202696|1627936|1629632|1630245,1,REG,2024,1629628,SG,Wing Stopper,-0.52,SG,Stationary Shooter,-1.12
Shot Chart Detail,22300597,45,1627936,Alex Caruso,1610612741,Chicago Bulls,1,7,16,Missed Shot,Jump Shot,3PT Field Goal,Above the Break 3,Left Side Center(LC),24+ ft.,25,-145,207,1,0,20240120,CHI,MEM,2230059745,2840,0,201942|202696|1627936|1629632|1630245,0,REG,2024,1628379,SG,Low Activity,-1.46,SG,Stationary Shooter,-1.12
Shot Chart Detail,22300597,153,1627936,Alex Caruso,1610612741,Chicago Bulls,2,11,35,Made Shot,Jump Shot,3PT Field Goal,Above the Break 3,Right Side Center(RC),24+ ft.,25,120,227,1,1,20240120,CHI,MEM,22300597153,7450,0,201942|203083|1627936|1628975|1629632,1,REG,2024,1641713,PF,Helper,-1.02,SG,Stationary Shooter,-1.12
Shot Chart Detail,22300597,170,1627936,Alex Caruso,1610612741,Chicago Bulls,2,9,28,Missed Shot,Jump Shot,3PT Field Goal,Above the Break 3,Left Side Center(LC),24+ ft.,25,-189,172,1,0,20240120,CHI,MEM,22300597170,8720,0,201942|203083|1627936|1628975|1629632,0,REG,2024,1641713,PF,Helper,-1.02,SG,Stationary Shooter,-1.12
Shot Chart Detail,22300597,354,1627936,Alex Caruso,1610612741,Chicago Bulls,3,6,58,Made Shot,Jump Shot,3PT Field Goal,Above the Break 3,Right Side Center(RC),24+ ft.,24,186,161,1,1,20240120,CHI,MEM,22300597354,17420,0,201942|202696|1627936|1629632|1630245,1,REG,2024,1629723,,,,SG,Stationary Shooter,-1.12
Shot Chart Detail,22300597,466,1627936,Alex Caruso,1610612741,Chicago Bulls,4,10,57,Made Shot,Running Dunk Shot,2PT Field Goal,Restricted Area,Center(C),Less Than 8 ft.,0,0,0,1,1,20240120,CHI,MEM,22300597466,22230,0,201942|203083|1627936|1629632|1631207,1,REG,2024,1631223,PF,Wing Stopper,-0.83,SG,Stationary Shooter,-1.12
Shot Chart Detail,22300597,502,1627936,Alex Caruso,1610612741,Chicago Bulls,4,8,38,Missed Shot,Jump Shot,3PT Field Goal,Above the Break 3,Right Side Center(RC),24+ ft.,25,172,185,1,0,20240120,CHI,MEM,22300597502,23620,0,201942|203083|1627936|1629632|1631207,0,REG,2024,1628379,SG,Low Activity,-1.46,SG,Stationary Shooter,-1.12
Shot Chart Detail,22300612,18,1627936,Alex Caruso,1610612741,Chicago Bulls,1,10,7,Missed Shot,Jump Shot,3PT Field Goal,Left Corner 3,Left Side(L),24+ ft.,23,-235,11,1,0,20240122,PHX,CHI,2230061218,1130,0,201942|202696|1627936|1629632|1630172,0,REG,2024,203078,SG,Chaser,-0.45,SG,Stationary Shooter,-1.12
Shot Chart Detail,22300612,20,1627936,Alex Caruso,1610612741,Chicago Bulls,1,10,2,Made Shot,Jump Shot,3PT Field Goal,Above the Break 3,Left Side Center(LC),24+ ft.,26,-157,216,1,1,20240122,PHX,CHI,2230061220,1180,0,201942|202696|1627936|1629632|1630172,1,REG,2024,203078,SG,Chaser,-0.45,SG,Stationary Shooter,-1.12
Shot Chart Detail,22300612,32,1627936,Alex Caruso,1610612741,Chicago Bulls,1,8,36,Made Shot,Pullup Jump shot,3PT Field Goal,Right Corner 3,Right Side(R),24+ ft.,22,229,-9,1,1,20240122,PHX,CHI,2230061232,2040,0,201942|202696|1627936|1629632|1630172,1,REG,2024,203078,SG,Chaser,-0.45,SG,Stationary Shooter,-1.12
Shot Chart Detail,22300612,110,1627936,Alex Caruso,1610612741,Chicago Bulls,1,2,17,Made Shot,Jump Shot,3PT Field Goal,Left Corner 3,Left Side(L),24+ ft.,23,-239,-1,1,1,20240122,PHX,CHI,22300612110,5830,0,202696|1627936|1629632|1630245|1631207,1,REG,2024,1629006,SG,Point of Attack,-0.09,SG,Stationary Shooter,-1.12
Shot Chart Detail,22300612,134,1627936,Alex Caruso,1610612741,Chicago Bulls,1,0,2,Missed Shot,Jump Shot,3PT Field Goal,Above the Break 3,Left Side Center(LC),24+ ft.,27,-99,259,1,0,20240122,PHX,CHI,22300612134,7180,0,201942|202696|1627936|1630245|1631207,0,REG,2024,1629006,SG,Point of Attack,-0.09,SG,Stationary Shooter,-1.12
Shot Chart Detail,22300612,273,1627936,Alex Caruso,1610612741,Chicago Bulls,2,3,4,Missed Shot,Jump Shot,3PT Field Goal,Above the Break 3,Left Side Center(LC),24+ ft.,26,-169,205,1,0,20240122,PHX,CHI,22300612273,12560,0,201942|202696|1627936|1629632|1630245,0,REG,2024,203078,SG,Chaser,-0.45,SG,Stationary Shooter,-1.12
Shot Chart Detail,22300612,293,1627936,Alex Caruso,1610612741,Chicago Bulls,2,1,5,Missed Shot,Running Layup Shot,2PT Field Goal,Restricted Area,Center(C),Less Than 8 ft.,2,20,12,1,0,20240122,PHX,CHI,22300612293,13750,0,201942|202696|1627936|1629632|1630245,0,REG,2024,203994,C,Mobile Big,2.29,SG,Stationary Shooter,-1.12
Shot Chart Detail,22300612,304,1627936,Alex Caruso,1610612741,Chicago Bulls,2,0,27,Made Shot,Jump Shot,3PT Field Goal,Left Corner 3,Left Side(L),24+ ft.,23,-235,4,1,1,20240122,PHX,CHI,22300612304,14130,0,201942|202696|1627936|1629632|1630245,1,REG,2024,203078,SG,Chaser,-0.45,SG,Stationary Shooter,-1.12
Shot Chart Detail,22300612,331,1627936,Alex Caruso,1610612741,Chicago Bulls,3,9,53,Missed Shot,Jump Shot,3PT Field Goal,Left Corner 3,Left Side(L),24+ ft.,23,-237,14,1,0,20240122,PHX,CHI,22300612331,15670,0,201942|202696|1627936|1629632|1630172,0,REG,2024,,,,,SG,Stationary Shooter,-1.12
Shot Chart Detail,22300612,344,1627936,Alex Caruso,1610612741,Chicago Bulls,3,8,38,Made Shot,Jump Shot,3PT Field Goal,Above the Break 3,Center(C),24+ ft.,26,13,260,1,1,20240122,PHX,CHI,22300612344,16420,0,201942|202696|1627936|1629632|1630172,1,REG,2024,203994,C,Mobile Big,2.29,SG,Stationary Shooter,-1.12
Shot Chart Detail,22300612,494,1627936,Alex Caruso,1610612741,Chicago Bulls,4,9,26,Missed Shot,Jump Shot,3PT Field Goal,Above the Break 3,Left Side Center(LC),24+ ft.,27,-136,237,1,0,20240122,PHX,CHI,22300612494,23140,0,201942|202696|1627936|1629632|1630245,0,REG,2024,1629006,SG,Point of Attack,-0.09,SG,Stationary Shooter,-1.12
Shot Chart Detail,22300612,555,1627936,Alex Caruso,1610612741,Chicago Bulls,4,5,8,Missed Shot,Jump Shot,3PT Field Goal,Above the Break 3,Right Side Center(RC),24+ ft.,25,229,111,1,0,20240122,PHX,CHI,22300612555,25720,0,201942|202696|1627936|1629632|1630172,0,REG,2024,203078,SG,Chaser,-0.45,SG,Stationary Shooter,-1.12
Shot Chart Detail,22300633,15,1627936,Alex Caruso,1610612741,Chicago Bulls,1,10,47,Made Shot,Pullup Jump shot,3PT Field Goal,Above the Break 3,Center(C),24+ ft.,27,-29,272,1,1,20240125,LAL,CHI,2230063315,730,0,201942|202696|1627936|1629632|1630172,0,REG,2024,1626156,PG,Chaser,-1.02,SG,Stationary Shooter,-1.12
Shot Chart Detail,22300633,18,1627936,Alex Caruso,1610612741,Chicago Bulls,1,10,29,Made Shot,Running Layup Shot,2PT Field Goal,Restricted Area,Center(C),Less Than 8 ft.,3,12,30,1,1,20240125,LAL,CHI,2230063318,910,0,201942|202696|1627936|1629632|1630172,0,REG,2024,1630559,SG,Point of Attack,-0.7,SG,Stationary Shooter,-1.12
Shot Chart Detail,22300633,29,1627936,Alex Caruso,1610612741,Chicago Bulls,1,9,30,Made Shot,Jump Shot,3PT Field Goal,Above the Break 3,Left Side Center(LC),24+ ft.,26,-164,206,1,1,20240125,LAL,CHI,2230063329,1500,0,201942|202696|1627936|1629632|1630172,1,REG,2024,1626156,PG,Chaser,-1.02,SG,Stationary Shooter,-1.12
Shot Chart Detail,22300633,221,1627936,Alex Caruso,1610612741,Chicago Bulls,2,8,11,Missed Shot,Jump Shot,3PT Field Goal,Left Corner 3,Left Side(L),24+ ft.,23,-233,-16,1,0,20240125,LAL,CHI,22300633221,9490,0,201942|202696|1627936|1629632|1630245,0,REG,2024,1626156,PG,Chaser,-1.02,SG,Stationary Shooter,-1.12
Shot Chart Detail,22300633,235,1627936,Alex Caruso,1610612741,Chicago Bulls,2,7,22,Missed Shot,Jump Shot,3PT Field Goal,Above the Break 3,Left Side Center(LC),24+ ft.,25,-125,220,1,0,20240125,LAL,CHI,22300633235,9980,0,202696|1627936|1629632|1630172|1630245,0,REG,2024,1626156,PG,Chaser,-1.02,SG,Stationary Shooter,-1.12
Shot Chart Detail,22300633,358,1627936,Alex Caruso,1610612741,Chicago Bulls,3,9,50,Made Shot,Jump Shot,3PT Field Goal,Above the Break 3,Right Side Center(RC),24+ ft.,24,153,194,1,1,20240125,LAL,CHI,22300633358,15700,0,201942|202696|1627936|1629632|1630172,1,REG,2024,,,,,SG,Stationary Shooter,-1.12
Shot Chart Detail,22300633,371,1627936,Alex Caruso,1610612741,Chicago Bulls,3,8,26,Missed Shot,Jump Shot,3PT Field Goal,Above the Break 3,Left Side Center(LC),24+ ft.,25,-178,184,1,0,20240125,LAL,CHI,22300633371,16540,0,201942|202696|1627936|1629632|1630172,0,REG,2024,1630559|1626156,,,,SG,Stationary Shooter,-1.12
Shot Chart Detail,22300633,391,1627936,Alex Caruso,1610612741,Chicago Bulls,3,7,12,Made Shot,Running Layup Shot,2PT Field Goal,Restricted Area,Center(C),Less Than 8 ft.,0,1,7,1,1,20240125,LAL,CHI,22300633391,17280,0,201942|202696|1627936|1629632|1630245,0,REG,2024,203076,C,Anchor Big,2.72,SG,Stationary Shooter,-1.12
Shot Chart Detail,22300633,448,1627936,Alex Caruso,1610612741,Chicago Bulls,3,2,42,Missed Shot,Jump Shot,3PT Field Goal,Above the Break 3,Left Side Center(LC),24+ ft.,25,-221,128,1,0,20240125,LAL,CHI,22300633448,19980,0,202696|203083|1627936|1629632|1630245,0,REG,2024,1631108,SG,Chaser,-0.21,SG,Stationary Shooter,-1.12
Shot Chart Detail,22300633,573,1627936,Alex Caruso,1610612741,Chicago Bulls,4,7,24,Missed Shot,Jump Shot,3PT Field Goal,Above the Break 3,Right Side Center(RC),24+ ft.,26,158,211,1,0,20240125,LAL,CHI,22300633573,24360,0,201942|203083|1627936|1629632|1630245,0,REG,2024,1626156,PG,Chaser,-1.02,SG,Stationary Shooter,-1.12
Shot Chart Detail,22300633,645,1627936,Alex Caruso,1610612741,Chicago Bulls,4,1,16,Made Shot,Driving Layup Shot,2PT Field Goal,Restricted Area,Center(C),Less Than 8 ft.,2,1,21,1,1,20240125,LAL,CHI,22300633645,28040,0,201942|202696|1627936|1629632|1630245,0,REG,2024,203076,C,Anchor Big,2.72,SG,Stationary Shooter,-1.12
Shot Chart Detail,22300633,666,1627936,Alex Caruso,1610612741,Chicago Bulls,4,0,30,Missed Shot,Jump Shot,3PT Field Goal,Above the Break 3,Right Side Center(RC),24+ ft.,26,161,215,1,0,20240125,LAL,CHI,22300633666,28500,0,201942|202696|1627936|1629632|1630245,0,REG,2024,1626156,PG,Chaser,-1.02,SG,Stationary Shooter,-1.12
Shot Chart Detail,22300656,10,1627936,Alex Caruso,1610612741,Chicago Bulls,1,11,15,Made Shot,Jump Shot,3PT Field Goal,Above the Break 3,Right Side Center(RC),24+ ft.,24,212,132,1,1,20240128,POR,CHI,2230065610,450,0,201942|202696|1627936|1629632|1630245,1,REG,2024,1631133,SF,Helper,-0.18,SG,Stationary Shooter,-1.12
Shot Chart Detail,22300656,41,1627936,Alex Caruso,1610612741,Chicago Bulls,1,8,5,Missed Shot,Running Pull-Up Jump Shot,3PT Field Goal,Above the Break 3,Right Side Center(RC),24+ ft.,26,99,242,1,0,20240128,POR,CHI,2230065641,2350,0,201942|202696|1627936|1629632|1630245,0,REG,2024,203924,PF,Wing Stopper,-1.62,SG,Stationary Shooter,-1.12
Shot Chart Detail,22300656,230,1627936,Alex Caruso,1610612741,Chicago Bulls,2,5,59,Made Shot,Running Dunk Shot,2PT Field Goal,Restricted Area,Center(C),Less Than 8 ft.,2,-7,29,1,1,20240128,POR,CHI,22300656230,10810,0,202696|1627936|1629632|1631207|1641763,1,REG,2024,1629014,SG,Chaser,-1.82,SG,Stationary Shooter,-1.12
Shot Chart Detail,22300656,238,1627936,Alex Caruso,1610612741,Chicago Bulls,2,4,51,Missed Shot,Jump Shot,3PT Field Goal,Above the Break 3,Left Side Center(LC),24+ ft.,27,-218,164,1,0,20240128,POR,CHI,22300656238,11490,0,202696|1627936|1629632|1631207|1641763,0,REG,2024,1631133,SF,Helper,-0.18,SG,Stationary Shooter,-1.12
Shot Chart Detail,22300656,295,1627936,Alex Caruso,1610612741,Chicago Bulls,2,0,2,Made Shot,Jump Shot,3PT Field Goal,Above the Break 3,Left Side Center(LC),24+ ft.,25,-186,170,1,1,20240128,POR,CHI,22300656295,14380,0,201942|202696|1627936|1629632|1630245,1,REG,2024,1627763,PG,Helper,-1.09,SG,Stationary Shooter,-1.12
Shot Chart Detail,22300656,318,1627936,Alex Caruso,1610612741,Chicago Bulls,3,9,52,Missed Shot,Step Back Jump shot,2PT Field Goal,Mid-Range,Right Side Center(RC),16-24 ft.,17,121,124,1,0,20240128,POR,CHI,22300656318,15680,0,201942|202696|1627936|1629632|1630245,0,REG,2024,1629028,C,Anchor Big,0.24,SG,Stationary Shooter,-1.12
Shot Chart Detail,22300656,351,1627936,Alex Caruso,1610612741,Chicago Bulls,3,6,52,Missed Shot,Jump Shot,3PT Field Goal,Above the Break 3,Right Side Center(RC),24+ ft.,25,188,168,1,0,20240128,POR,CHI,22300656351,17480,0,201942|202696|1629632|1630245|1641763,0,REG,2024,1629680,SF,Chaser,0.89,SG,Stationary Shooter,-1.12
Shot Chart Detail,22300672,10,1627936,Alex Caruso,1610612741,Chicago Bulls,1,10,57,Made Shot,Jump Shot,3PT Field Goal,Right Corner 3,Right Side(R),24+ ft.,23,235,-24,1,1,20240130,CHI,TOR,2230067210,630,0,201942|202696|1627936|1629632|1630245,1,REG,2024,1629018,SG,Chaser,-1.47,SG,Stationary Shooter,-1.12
Shot Chart Detail,22300672,25,1627936,Alex Caruso,1610612741,Chicago Bulls,1,9,24,Missed Shot,Jump Shot,3PT Field Goal,Above the Break 3,Right Side Center(RC),24+ ft.,26,97,246,1,0,20240130,CHI,TOR,2230067225,1560,0,201942|202696|1627936|1629632|1630245,0,REG,2024,,,,,SG,Stationary Shooter,-1.12
Shot Chart Detail,22300672,36,1627936,Alex Caruso,1610612741,Chicago Bulls,1,8,18,Made Shot,Turnaround Fadeaway Bank Jump Shot,2PT Field Goal,In The Paint (Non-RA),Center(C),Less Than 8 ft.,6,58,27,1,1,20240130,CHI,TOR,2230067236,2220,0,201942|202696|1627936|1629632|1630245,0,REG,2024,1628971,PG-SG,Chaser,-0.86,SG,Stationary Shooter,-1.12
Shot Chart Detail,22300672,82,1627936,Alex Caruso,1610612741,Chicago Bulls,1,4,34,Missed Shot,Jump Shot,3PT Field Goal,Above the Break 3,Right Side Center(RC),24+ ft.,25,152,199,1,0,20240130,CHI,TOR,2230067282,4460,0,202696|1627936|1630245|1631207|1641763,0,REG,2024,1630567,SG,Wing Stopper,0.38,SG,Stationary Shooter,-1.12
Shot Chart Detail,22300672,261,1627936,Alex Caruso,1610612741,Chicago Bulls,2,3,36,Made Shot,Cutting Layup Shot,2PT Field Goal,Restricted Area,Center(C),Less Than 8 ft.,0,-2,5,1,1,20240130,CHI,TOR,22300672261,12240,0,201942|202696|1627936|1629632|1630245,1,REG,2024,203471,PG,Point of Attack,-1.06,SG,Stationary Shooter,-1.12
Shot Chart Detail,22300672,325,1627936,Alex Caruso,1610612741,Chicago Bulls,3,11,15,Missed Shot,Jump Shot,3PT Field Goal,Right Corner 3,Right Side(R),24+ ft.,23,234,-22,1,0,20240130,CHI,TOR,22300672325,14850,0,201942|202696|1627936|1629632|1630245,0,REG,2024,1628971,PG-SG,Chaser,-0.86,SG,Stationary Shooter,-1.12
Shot Chart Detail,22300672,498,1627936,Alex Caruso,1610612741,Chicago Bulls,4,10,42,Missed Shot,Floating Jump shot,2PT Field Goal,In The Paint (Non-RA),Center(C),8-16 ft.,8,11,88,1,0,20240130,CHI,TOR,22300672498,22380,0,201942|203083|1627936|1629632|1630245,0,REG,2024,1628971,PG-SG,Chaser,-0.86,SG,Stationary Shooter,-1.12
Shot Chart Detail,22300672,521,1627936,Alex Caruso,1610612741,Chicago Bulls,4,8,51,Missed Shot,Jump Shot,3PT Field Goal,Left Corner 3,Left Side(L),24+ ft.,23,-230,46,1,0,20240130,CHI,TOR,22300672521,23490,0,201942|203083|1627936|1629632|1630245,0,REG,2024,1628971,PG-SG,Chaser,-0.86,SG,Stationary Shooter,-1.12
Shot Chart Detail,22300672,618,1627936,Alex Caruso,1610612741,Chicago Bulls,4,1,35,Missed Shot,Jump Shot,3PT Field Goal,Left Corner 3,Left Side(L),24+ ft.,23,-237,0,1,0,20240130,CHI,TOR,22300672618,27850,0,201942|202696|1627936|1629632|1630245,0,REG,2024,,,,,SG,Stationary Shooter,-1.12
Shot Chart Detail,22300674,28,1627936,Alex Caruso,1610612741,Chicago Bulls,1,9,49,Missed Shot,Jump Shot,3PT Field Goal,Above the Break 3,Left Side Center(LC),24+ ft.,26,-99,246,1,0,20240131,CHA,CHI,2230067428,1310,0,201942|202696|1627936|1629632|1630245,0,REG,2024,1631121,SG,Low Activity,-0.69,SG,Stationary Shooter,-1.12
Shot Chart Detail,22300674,148,1627936,Alex Caruso,1610612741,Chicago Bulls,2,11,22,Missed Shot,Jump Shot,3PT Field Goal,Left Corner 3,Left Side(L),24+ ft.,23,-227,70,1,0,20240131,CHA,CHI,22300674148,7580,0,201942|203083|1627936|1629632|1641763,0,REG,2024,202397,PG,Point of Attack,-0.42,SG,Stationary Shooter,-1.12
Shot Chart Detail,22300674,154,1627936,Alex Caruso,1610612741,Chicago Bulls,2,10,51,Missed Shot,Driving Floating Jump Shot,2PT Field Goal,In The Paint (Non-RA),Center(C),Less Than 8 ft.,7,77,18,1,0,20240131,CHA,CHI,22300674154,7890,0,201942|203083|1627936|1629632|1641763,0,REG,2024,1641706,SF,Chaser,-1.91,SG,Stationary Shooter,-1.12
Shot Chart Detail,22300674,321,1627936,Alex Caruso,1610612741,Chicago Bulls,3,10,59,Made Shot,Driving Layup Shot,2PT Field Goal,Restricted Area,Center(C),Less Than 8 ft.,2,-16,16,1,1,20240131,CHA,CHI,22300674321,15010,0,201942|202696|1627936|1629632|1630245,1,REG,2024,1628998,SF,Point of Attack,0.71,SG,Stationary Shooter,-1.12
Shot Chart Detail,22300674,443,1627936,Alex Caruso,1610612741,Chicago Bulls,3,1,47,Made Shot,Driving Dunk Shot,2PT Field Goal,Restricted Area,Center(C),Less Than 8 ft.,0,4,3,1,1,20240131,CHA,CHI,22300674443,20530,0,201942|203083|1627936|1629632|1630678,0,REG,2024,1641778,SF,Helper,0.73,SG,Stationary Shooter,-1.12
Shot Chart Detail,22300674,450,1627936,Alex Caruso,1610612741,Chicago Bulls,3,0,38,Made Shot,Pullup Jump shot,3PT Field Goal,Above the Break 3,Left Side Center(LC),24+ ft.,25,-153,201,1,1,20240131,CHA,CHI,22300674450,21220,0,201942|203083|1627936|1629632|1630678,1,REG,2024,1641778,SF,Helper,0.73,SG,Stationary Shooter,-1.12
Shot Chart Detail,22300674,550,1627936,Alex Caruso,1610612741,Chicago Bulls,4,6,44,Made Shot,Jump Shot,3PT Field Goal,Right Corner 3,Right Side(R),24+ ft.,22,227,22,1,1,20240131,CHA,CHI,22300674550,24760,0,202696|1627936|1629632|1630245|1630678,1,REG,2024,,,,,SG,Stationary Shooter,-1.12
Shot Chart Detail,22300700,30,1627936,Alex Caruso,1610612741,Chicago Bulls,1,9,10,Missed Shot,Jump Shot,3PT Field Goal,Left Corner 3,Left Side(L),24+ ft.,22,-225,-6,1,0,20240203,CHI,SAC,2230070030,1700,0,201942|202696|1627936|1629632|1630245,0,REG,2024,1628368,PG,Point of Attack,0.41,SG,Stationary Shooter,-1.12
Shot Chart Detail,22300700,39,1627936,Alex Caruso,1610612741,Chicago Bulls,1,8,5,Missed Shot,Driving Hook Shot,2PT Field Goal,Restricted Area,Center(C),Less Than 8 ft.,0,-6,5,1,0,20240203,CHI,SAC,2230070039,2350,0,201942|202696|1627936|1629632|1630245,0,REG,2024,1627734|1631099,,,,SG,Stationary Shooter,-1.12
Shot Chart Detail,22300700,155,1627936,Alex Caruso,1610612741,Chicago Bulls,1,0,47,Missed Shot,Jump Shot,3PT Field Goal,Above the Break 3,Center(C),24+ ft.,26,-58,260,1,0,20240203,CHI,SAC,22300700155,6730,0,201942|202696|1627936|1628975|1630245,0,REG,2024,1626168,PF,Helper,-0.06,SG,Stationary Shooter,-1.12
Shot Chart Detail,22300700,266,1627936,Alex Caruso,1610612741,Chicago Bulls,2,6,0,Made Shot,Driving Hook Shot,2PT Field Goal,In The Paint (Non-RA),Center(C),Less Than 8 ft.,5,1,58,1,1,20240203,CHI,SAC,22300700266,10800,0,203083|1627936|1628470|1628975|1630245,0,REG,2024,1631099,SF,Wing Stopper,0.95,SG,Stationary Shooter,-1.12
Shot Chart Detail,22300700,384,1627936,Alex Caruso,1610612741,Chicago Bulls,3,9,28,Missed Shot,Jump Shot,3PT Field Goal,Above the Break 3,Left Side Center(LC),24+ ft.,27,-183,211,1,0,20240203,CHI,SAC,22300700384,15920,0,201942|202696|1627936|1629632|1630245,0,REG,2024,1628989,SG,Helper,0.65,SG,Stationary Shooter,-1.12
Shot Chart Detail,22300700,512,1627936,Alex Caruso,1610612741,Chicago Bulls,3,0,56,Made Shot,Running Pull-Up Jump Shot,3PT Field Goal,Above the Break 3,Left Side Center(LC),24+ ft.,25,-119,226,1,1,20240203,CHI,SAC,22300700512,21040,0,203083|1627936|1628470|1629632|1641763,0,REG,2024,1626168,PF,Helper,-0.06,SG,Stationary Shooter,-1.12
Shot Chart Detail,22300700,575,1627936,Alex Caruso,1610612741,Chicago Bulls,4,9,17,Made Shot,Driving Layup Shot,2PT Field Goal,Restricted Area,Center(C),Less Than 8 ft.,1,-4,17,1,1,20240203,CHI,SAC,22300700575,23230,0,201942|203083|1627936|1629632|1630245,0,REG,2024,1631099,SF,Wing Stopper,0.95,SG,Stationary Shooter,-1.12
Shot Chart Detail,22300723,144,1627936,Alex Caruso,1610612741,Chicago Bulls,1,1,7,Missed Shot,Driving Layup Shot,2PT Field Goal,Restricted Area,Center(C),Less Than 8 ft.,1,12,-2,1,0,20240206,CHI,MIN,22300723144,6530,0,202696|1627936|1628470|1630245|1641763,0,REG,2024,1629638,SG,Point of Attack,0.29,SG,Stationary Shooter,-1.12
Shot Chart Detail,22300723,190,1627936,Alex Caruso,1610612741,Chicago Bulls,2,10,5,Missed Shot,Pullup Jump shot,3PT Field Goal,Above the Break 3,Right Side Center(RC),24+ ft.,24,172,174,1,0,20240206,CHI,MIN,22300723190,8350,0,201942|203083|1627936|1628975|1629632,0,REG,2024,1629675,C,Helper,0.36,SG,Stationary Shooter,-1.12
Shot Chart Detail,22300723,316,1627936,Alex Caruso,1610612741,Chicago Bulls,2,0,58,Made Shot,Running Pull-Up Jump Shot,3PT Field Goal,Above the Break 3,Right Side Center(RC),24+ ft.,24,154,192,1,1,20240206,CHI,MIN,22300723316,13820,0,201942|202696|203083|1627936|1629632,1,REG,2024,1630162,SG,Wing Stopper,0.01,SG,Stationary Shooter,-1.12
Shot Chart Detail,22300723,585,1627936,Alex Caruso,1610612741,Chicago Bulls,4,6,0,Missed Shot,Jump Shot,3PT Field Goal,Right Corner 3,Right Side(R),24+ ft.,22,224,-1,1,0,20240206,CHI,MIN,22300723585,25200,0,201942|202696|1627936|1629632|1630245,0,REG,2024,203497,C,Anchor Big,2.9,SG,Stationary Shooter,-1.12
Shot Chart Detail,22300723,659,1627936,Alex Caruso,1610612741,Chicago Bulls,4,1,11,Missed Shot,Fadeaway Jump Shot,2PT Field Goal,In The Paint (Non-RA),Center(C),8-16 ft.,9,44,85,1,0,20240206,CHI,MIN,22300723659,28090,0,201942|202696|1627936|1628470|1629632,0,REG,2024,203497,C,Anchor Big,2.9,SG,Stationary Shooter,-1.12
Shot Chart Detail,22300737,9,1627936,Alex Caruso,1610612741,Chicago Bulls,1,11,17,Missed Shot,Jump Shot,3PT Field Goal,Left Corner 3,Left Side(L),24+ ft.,23,-230,9,1,0,20240208,MEM,CHI,223007379,430,0,201942|202696|1627936|1629632|1630245,0,REG,2024,1630590,PG,Point of Attack,0.51,SG,Stationary Shooter,-1.12
Shot Chart Detail,22300737,35,1627936,Alex Caruso,1610612741,Chicago Bulls,1,7,42,Missed Shot,Jump Shot,3PT Field Goal,Above the Break 3,Left Side Center(LC),24+ ft.,25,-207,145,1,0,20240208,MEM,CHI,2230073735,2580,0,201942|202696|1627936|1629632|1630245,0,REG,2024,1630583,PF,Helper,-0.3,SG,Stationary Shooter,-1.12
Shot Chart Detail,22300737,396,1627936,Alex Caruso,1610612741,Chicago Bulls,3,3,25,Missed Shot,Jump Shot,3PT Field Goal,Above the Break 3,Right Side Center(RC),24+ ft.,25,135,221,1,0,20240208,MEM,CHI,22300737396,19550,0,202696|1627936|1628470|1628975|1630245,0,REG,2024,,,,,SG,Stationary Shooter,-1.12
Shot Chart Detail,22300737,562,1627936,Alex Caruso,1610612741,Chicago Bulls,4,3,0,Made Shot,Driving Floating Jump Shot,2PT Field Goal,In The Paint (Non-RA),Center(C),Less Than 8 ft.,7,-70,32,1,1,20240208,MEM,CHI,22300737562,27000,0,201942|202696|203083|1627936|1629632,0,REG,2024,1641713,PF,Helper,-1.02,SG,Stationary Shooter,-1.12
Shot Chart Detail,22300752,24,1627936,Alex Caruso,1610612741,Chicago Bulls,1,10,1,Made Shot,Pullup Jump shot,2PT Field Goal,In The Paint (Non-RA),Right Side(R),8-16 ft.,11,71,95,1,1,20240210,ORL,CHI,2230075224,1190,0,201942|202696|1627936|1629632|1630245,0,REG,2024,1628976,C,Anchor Big,1.36,SG,Stationary Shooter,-1.12
Shot Chart Detail,22300752,191,1627936,Alex Caruso,1610612741,Chicago Bulls,2,8,22,Missed Shot,Pullup Jump shot,3PT Field Goal,Above the Break 3,Left Side Center(LC),24+ ft.,28,-156,235,1,0,20240210,ORL,CHI,22300752191,9380,0,1627936,0,REG,2024,1630175,PG,Point of Attack,0.06,SG,Stationary Shooter,-1.12
Shot Chart Detail,22300752,306,1627936,Alex Caruso,1610612741,Chicago Bulls,3,11,38,Made Shot,Step Back Jump shot,3PT Field Goal,Above the Break 3,Center(C),24+ ft.,26,-1,269,1,1,20240210,ORL,CHI,22300752306,14620,0,1627936,0,REG,2024,1631094,PF,Wing Stopper,0.32,SG,Stationary Shooter,-1.12
Shot Chart Detail,22300752,320,1627936,Alex Caruso,1610612741,Chicago Bulls,3,9,57,Made Shot,Running Layup Shot,2PT Field Goal,Restricted Area,Center(C),Less Than 8 ft.,2,-9,18,1,1,20240210,ORL,CHI,22300752320,15630,0,1627936,0,REG,2024,1630591,SG,Point of Attack,1.55,SG,Stationary Shooter,-1.12
Shot Chart Detail,22300752,436,1627936,Alex Caruso,1610612741,Chicago Bulls,3,1,22,Missed Shot,Driving Finger Roll Layup Shot,2PT Field Goal,In The Paint (Non-RA),Center(C),Less Than 8 ft.,4,27,31,1,0,20240210,ORL,CHI,22300752436,20780,0,1627936,0,REG,2024,203914|1628371,,,,SG,Stationary Shooter,-1.12
Shot Chart Detail,22300752,479,1627936,Alex Caruso,1610612741,Chicago Bulls,4,11,18,Made Shot,Driving Reverse Layup Shot,2PT Field Goal,Restricted Area,Center(C),Less Than 8 ft.,2,26,10,1,1,20240210,ORL,CHI,22300752479,22020,0,1627936,0,REG,2024,1630532,SF,Helper,1.11,SG,Stationary Shooter,-1.12
Shot Chart Detail,22300781,103,1627936,Alex Caruso,1610612741,Chicago Bulls,1,1,52,Missed Shot,Pullup Jump shot,2PT Field Goal,Mid-Range,Left Side Center(LC),16-24 ft.,16,-60,152,1,0,20240214,CLE,CHI,22300781103,6080,0,202696|1627936|1628470|1630245|1631207,0,REG,2024,1627747,SG,Chaser,-0.02,SG,Stationary Shooter,-1.12
Shot Chart Detail,22300781,149,1627936,Alex Caruso,1610612741,Chicago Bulls,2,10,21,Made Shot,Running Layup Shot,2PT Field Goal,Restricted Area,Center(C),Less Than 8 ft.,0,-4,4,1,1,20240214,CLE,CHI,22300781149,8190,0,201942|202696|1627936|1628470|1628975,0,REG,2024,1627777,PF,Helper,-0.75,SG,Stationary Shooter,-1.12
Shot Chart Detail,22300781,225,1627936,Alex Caruso,1610612741,Chicago Bulls,2,4,38,Missed Shot,Jump Shot,3PT Field Goal,Above the Break 3,Left Side Center(LC),24+ ft.,26,-129,231,1,0,20240214,CLE,CHI,22300781225,11620,0,201942|202696|1627936|1629632|1630245,0,REG,2024,1629636,PG,Point of Attack,-0.52,SG,Stationary Shooter,-1.12
Shot Chart Detail,22300781,248,1627936,Alex Caruso,1610612741,Chicago Bulls,2,2,32,Made Shot,Jump Shot,3PT Field Goal,Right Corner 3,Right Side(R),24+ ft.,23,235,-9,1,1,20240214,CLE,CHI,22300781248,12880,0,201942|202696|1627936|1629632|1630245,1,REG,2024,1627777,PF,Helper,-0.75,SG,Stationary Shooter,-1.12
Shot Chart Detail,22300781,409,1627936,Alex Caruso,1610612741,Chicago Bulls,3,2,5,Made Shot,Jump Shot,3PT Field Goal,Left Corner 3,Left Side(L),24+ ft.,24,-241,-6,1,1,20240214,CLE,CHI,22300781409,20350,0,201942|203083|1627936|1628470|1631207,1,REG,2024,,,,,SG,Stationary Shooter,-1.12
Shot Chart Detail,22300781,414,1627936,Alex Caruso,1610612741,Chicago Bulls,3,1,49,Missed Shot,Running Pull-Up Jump Shot,3PT Field Goal,Above the Break 3,Right Side Center(RC),24+ ft.,25,142,208,1,0,20240214,CLE,CHI,22300781414,20510,0,201942|203083|1627936|1628470|1631207,0,REG,2024,1630596,PF,Mobile Big,1.89,SG,Stationary Shooter,-1.12
Shot Chart Detail,22300797,58,1627936,Alex Caruso,1610612741,Chicago Bulls,1,7,8,Made Shot,Cutting Layup Shot,2PT Field Goal,Restricted Area,Center(C),Less Than 8 ft.,1,-6,9,1,1,20240222,CHI,BOS,2230079758,2920,0,201942|202696|1627936|1629632|1630245,1,REG,2024,1628369,PF,Helper,0.31,SG,Stationary Shooter,-1.12
Shot Chart Detail,22300797,172,1627936,Alex Caruso,1610612741,Chicago Bulls,1,0,2,Missed Shot,Pullup Jump shot,3PT Field Goal,Above the Break 3,Left Side Center(LC),24+ ft.,25,-159,193,1,0,20240222,CHI,BOS,22300797172,7180,0,201942|203083|1627936|1628975|1630245,0,REG,2024,1628369,PF,Helper,0.31,SG,Stationary Shooter,-1.12
Shot Chart Detail,22300797,181,1627936,Alex Caruso,1610612741,Chicago Bulls,2,11,8,Made Shot,Jump Shot,3PT Field Goal,Above the Break 3,Center(C),24+ ft.,25,39,250,1,1,20240222,CHI,BOS,22300797181,7720,0,201942|203083|1627936|1628975|1630245,1,REG,2024,1630202,PG,Point of Attack,-0.38,SG,Stationary Shooter,-1.12
Shot Chart Detail,22300797,284,1627936,Alex Caruso,1610612741,Chicago Bulls,2,4,10,Missed Shot,Driving Floating Jump Shot,2PT Field Goal,In The Paint (Non-RA),Center(C),Less Than 8 ft.,7,-67,26,1,0,20240222,CHI,BOS,22300797284,11900,0,201942|202696|1627936|1630245|1641763,0,REG,2024,204001,C,Anchor Big,1.01,SG,Stationary Shooter,-1.12
Shot Chart Detail,22300797,311,1627936,Alex Caruso,1610612741,Chicago Bulls,2,0,57,Missed Shot,Jump Shot,3PT Field Goal,Above the Break 3,Right Side Center(RC),24+ ft.,25,162,199,1,0,20240222,CHI,BOS,22300797311,13830,0,201942|202696|1627936|1629632|1630245,0,REG,2024,,,,,SG,Stationary Shooter,-1.12
Shot Chart Detail,22300797,339,1627936,Alex Caruso,1610612741,Chicago Bulls,3,10,22,Missed Shot,Driving Layup Shot,2PT Field Goal,Restricted Area,Center(C),Less Than 8 ft.,1,11,11,1,0,20240222,CHI,BOS,22300797339,15380,0,201942|202696|1627936|1629632|1630245,0,REG,2024,204001,C,Anchor Big,1.01,SG,Stationary Shooter,-1.12
Shot Chart Detail,22300797,364,1627936,Alex Caruso,1610612741,Chicago Bulls,3,8,8,Made Shot,Driving Reverse Layup Shot,2PT Field Goal,Restricted Area,Center(C),Less Than 8 ft.,2,-21,12,1,1,20240222,CHI,BOS,22300797364,16720,0,201942|202696|1627936|1629632|1630245,0,REG,2024,204001,C,Anchor Big,1.01,SG,Stationary Shooter,-1.12
Shot Chart Detail,22300797,503,1627936,Alex Caruso,1610612741,Chicago Bulls,4,10,52,Made Shot,Pullup Jump shot,3PT Field Goal,Left Corner 3,Left Side(L),24+ ft.,23,-235,0,1,1,20240222,CHI,BOS,22300797503,22280,0,201942|203083|1627936|1629632|1630245,0,REG,2024,201143,C,Helper,0.84,SG,Stationary Shooter,-1.12
Shot Chart Detail,22300797,562,1627936,Alex Caruso,1610612741,Chicago Bulls,4,6,10,Made Shot,Driving Layup Shot,2PT Field Goal,Restricted Area,Center(C),Less Than 8 ft.,1,6,17,1,1,20240222,CHI,BOS,22300797562,25100,0,202696|1627936|1629632|1630245|1631207,1,REG,2024,204001,C,Anchor Big,1.01,SG,Stationary Shooter,-1.12
Shot Chart Detail,22300823,16,1627936,Alex Caruso,1610612741,Chicago Bulls,1,10,53,Missed Shot,Jump Shot,3PT Field Goal,Above the Break 3,Right Side Center(RC),24+ ft.,24,217,113,1,0,20240225,NOP,CHI,2230082316,670,0,201942|202696|1627936|1629632|1630245,0,REG,2024,1629627,PF,Helper,-0.4,SG,Stationary Shooter,-1.12
Shot Chart Detail,22300823,32,1627936,Alex Caruso,1610612741,Chicago Bulls,1,9,18,Made Shot,Step Back Jump shot,3PT Field Goal,Above the Break 3,Center(C),24+ ft.,25,34,251,1,1,20240225,NOP,CHI,2230082332,1620,0,201942|202696|1627936|1629632|1630245,1,REG,2024,1629627,PF,Helper,-0.4,SG,Stationary Shooter,-1.12
Shot Chart Detail,22300823,43,1627936,Alex Caruso,1610612741,Chicago Bulls,1,8,1,Missed Shot,Pullup Jump shot,3PT Field Goal,Above the Break 3,Left Side Center(LC),24+ ft.,26,-119,236,1,0,20240225,NOP,CHI,2230082343,2390,0,201942|202696|1627936|1629632|1630245,0,REG,2024,1629627,PF,Helper,-0.4,SG,Stationary Shooter,-1.12
Shot Chart Detail,22300823,130,1627936,Alex Caruso,1610612741,Chicago Bulls,1,1,22,Missed Shot,Pullup Jump shot,2PT Field Goal,Mid-Range,Left Side Center(LC),16-24 ft.,16,-67,154,1,0,20240225,NOP,CHI,22300823130,6380,0,203083|1627936|1628975|1630245|1631207,0,REG,2024,1629627,PF,Helper,-0.4,SG,Stationary Shooter,-1.12
Shot Chart Detail,22300823,135,1627936,Alex Caruso,1610612741,Chicago Bulls,1,1,9,Missed Shot,Jump Shot,3PT Field Goal,Above the Break 3,Right Side Center(RC),24+ ft.,25,102,233,1,0,20240225,NOP,CHI,22300823135,6510,0,201942|203083|1627936|1628975|1631207,0,REG,2024,,,,,SG,Stationary Shooter,-1.12
Shot Chart Detail,22300823,137,1627936,Alex Caruso,1610612741,Chicago Bulls,1,0,57,Missed Shot,Jump Shot,3PT Field Goal,Above the Break 3,Left Side Center(LC),24+ ft.,26,-152,216,1,0,20240225,NOP,CHI,22300823137,6630,0,201942|203083|1627936|1628975|1631207,0,REG,2024,1630526,PF,Helper,-0.41,SG,Stationary Shooter,-1.12
Shot Chart Detail,22300823,283,1627936,Alex Caruso,1610612741,Chicago Bulls,2,3,42,Made Shot,Cutting Layup Shot,2PT Field Goal,Restricted Area,Center(C),Less Than 8 ft.,1,13,1,1,1,20240225,NOP,CHI,22300823283,12180,0,201942|202696|1627936|1629632|1630245,1,REG,2024,1626204,C,Mobile Big,1.16,SG,Stationary Shooter,-1.12
Shot Chart Detail,22300823,316,1627936,Alex Caruso,1610612741,Chicago Bulls,2,0,26,Missed Shot,Jump Shot,3PT Field Goal,Above the Break 3,Left Side Center(LC),24+ ft.,27,-189,195,1,0,20240225,NOP,CHI,22300823316,14140,0,201942|202696|1627936|1629632|1630245,0,REG,2024,1630529,SF,Wing Stopper,1.26,SG,Stationary Shooter,-1.12
Shot Chart Detail,22300823,381,1627936,Alex Caruso,1610612741,Chicago Bulls,3,7,0,Made Shot,Pullup Jump shot,3PT Field Goal,Above the Break 3,Right Side Center(RC),24+ ft.,25,114,225,1,1,20240225,NOP,CHI,22300823381,17400,0,201942|202696|1627936|1629632|1630245,1,REG,2024,1629627,PF,Helper,-0.4,SG,Stationary Shooter,-1.12
Shot Chart Detail,22300823,484,1627936,Alex Caruso,1610612741,Chicago Bulls,4,11,5,Missed Shot,Jump Shot,3PT Field Goal,Above the Break 3,Right Side Center(RC),24+ ft.,26,125,235,1,0,20240225,NOP,CHI,22300823484,22150,0,201942|203083|1627936|1628975|1629632,0,REG,2024,1630529,SF,Wing Stopper,1.26,SG,Stationary Shooter,-1.12
Shot Chart Detail,22300823,504,1627936,Alex Caruso,1610612741,Chicago Bulls,4,8,44,Missed Shot,Jump Shot,3PT Field Goal,Left Corner 3,Left Side(L),24+ ft.,23,-234,-6,1,0,20240225,NOP,CHI,22300823504,23560,0,201942|203083|1627936|1628975|1629632,0,REG,2024,1630529,SF,Wing Stopper,1.26,SG,Stationary Shooter,-1.12
Shot Chart Detail,22300823,508,1627936,Alex Caruso,1610612741,Chicago Bulls,4,8,10,Made Shot,Floating Jump shot,2PT Field Goal,In The Paint (Non-RA),Center(C),Less Than 8 ft.,5,-58,6,1,1,20240225,NOP,CHI,22300823508,23900,0,201942|203083|1627936|1628975|1629632,1,REG,2024,1629627,PF,Helper,-0.4,SG,Stationary Shooter,-1.12
Shot Chart Detail,22300823,530,1627936,Alex Caruso,1610612741,Chicago Bulls,4,7,9,Made Shot,Reverse Layup Shot,2PT Field Goal,Restricted Area,Center(C),Less Than 8 ft.,2,-17,11,1,1,20240225,NOP,CHI,22300823530,24510,0,203083|1627936|1629632|1630245|1631207,1,REG,2024,1627742,SF,Helper,-0.58,SG,Stationary Shooter,-1.12
Shot Chart Detail,22300839,21,1627936,Alex Caruso,1610612741,Chicago Bulls,1,10,50,Made Shot,Driving Dunk Shot,2PT Field Goal,Restricted Area,Center(C),Less Than 8 ft.,0,-4,0,1,1,20240227,CHI,DET,2230083921,700,0,201942|202696|1627936|1629632|1630245,0,REG,2024,1630595,PG,Helper,-1.02,SG,Stationary Shooter,-1.12
Shot Chart Detail,22300839,24,1627936,Alex Caruso,1610612741,Chicago Bulls,1,10,10,Missed Shot,Jump Shot,3PT Field Goal,Above the Break 3,Left Side Center(LC),24+ ft.,24,-163,183,1,0,20240227,CHI,DET,2230083924,1100,0,201942|202696|1627936|1629632|1630245,0,REG,2024,1641709,SF,Point of Attack,1.28,SG,Stationary Shooter,-1.12
Shot Chart Detail,22300839,169,1627936,Alex Caruso,1610612741,Chicago Bulls,2,10,17,Missed Shot,Jump Shot,3PT Field Goal,Right Corner 3,Right Side(R),24+ ft.,23,238,-5,1,0,20240227,CHI,DET,22300839169,8230,0,201942|203083|1627936|1628975|1629632,0,REG,2024,1630201,PG,Point of Attack,-0.59,SG,Stationary Shooter,-1.12
Shot Chart Detail,22300839,184,1627936,Alex Caruso,1610612741,Chicago Bulls,2,9,31,Made Shot,Running Dunk Shot,2PT Field Goal,Restricted Area,Center(C),Less Than 8 ft.,0,-1,5,1,1,20240227,CHI,DET,22300839184,8690,0,203083|1627936|1628975|1629632|1630245,0,REG,2024,1631093,SG,Point of Attack,-1.35,SG,Stationary Shooter,-1.12
Shot Chart Detail,22300839,230,1627936,Alex Caruso,1610612741,Chicago Bulls,2,6,50,Missed Shot,Jump Shot,3PT Field Goal,Above the Break 3,Right Side Center(RC),24+ ft.,25,80,237,1,0,20240227,CHI,DET,22300839230,10300,0,202696|1627936|1628975|1629632|1630245,0,REG,2024,1630191,PF,Helper,0.45,SG,Stationary Shooter,-1.12
Shot Chart Detail,22300839,349,1627936,Alex Caruso,1610612741,Chicago Bulls,3,8,59,Missed Shot,Layup Shot,2PT Field Goal,Restricted Area,Center(C),Less Than 8 ft.,0,0,0,1,0,20240227,CHI,DET,22300839349,16210,0,201942|202696|1627936|1629632|1630245,0,REG,2024,1631093,SG,Point of Attack,-1.35,SG,Stationary Shooter,-1.12
Shot Chart Detail,22300839,362,1627936,Alex Caruso,1610612741,Chicago Bulls,3,8,1,Missed Shot,Pullup Jump shot,2PT Field Goal,Mid-Range,Center(C),16-24 ft.,17,40,167,1,0,20240227,CHI,DET,22300839362,16790,0,201942|202696|1627936|1629632|1630245,0,REG,2024,1630595,PG,Helper,-1.02,SG,Stationary Shooter,-1.12
Shot Chart Detail,22300839,416,1627936,Alex Caruso,1610612741,Chicago Bulls,3,2,58,Missed Shot,Jump Shot,3PT Field Goal,Above the Break 3,Left Side Center(LC),24+ ft.,25,-136,213,1,0,20240227,CHI,DET,22300839416,19820,0,202696|203083|1627936|1630245|1631207,0,REG,2024,1630595,PG,Helper,-1.02,SG,Stationary Shooter,-1.12
Shot Chart Detail,22300839,437,1627936,Alex Caruso,1610612741,Chicago Bulls,3,1,55,Missed Shot,Running Jump Shot,3PT Field Goal,Above the Break 3,Right Side Center(RC),24+ ft.,24,216,121,1,0,20240227,CHI,DET,22300839437,20450,0,201942|202696|1627936|1630245|1631207,0,REG,2024,1630191,PF,Helper,0.45,SG,Stationary Shooter,-1.12
Shot Chart Detail,22300864,43,1627936,Alex Caruso,1610612741,Chicago Bulls,1,8,5,Missed Shot,Pullup Jump shot,2PT Field Goal,Mid-Range,Right Side Center(RC),16-24 ft.,16,71,146,1,0,20240301,CHI,MIL,2230086443,2350,0,201942|202696|1627936|1629632|1630245,0,REG,2024,203109,PF,Wing Stopper,0.33,SG,Stationary Shooter,-1.12
Shot Chart Detail,22300864,150,1627936,Alex Caruso,1610612741,Chicago Bulls,1,0,48,Made Shot,Jump Shot,3PT Field Goal,Above the Break 3,Left Side Center(LC),24+ ft.,24,-99,222,1,1,20240301,CHI,MIL,22300864150,6720,0,201942|203083|1627936|1628975|1630245,1,REG,2024,203507,PF,Helper,0.98,SG,Stationary Shooter,-1.12
Shot Chart Detail,22300864,197,1627936,Alex Caruso,1610612741,Chicago Bulls,2,8,48,Missed Shot,Jump Shot,3PT Field Goal,Above the Break 3,Left Side Center(LC),24+ ft.,25,-130,214,1,0,20240301,CHI,MIL,22300864197,9120,0,201942|202696|1627936|1629632|1630245,0,REG,2024,1626192,SF,Chaser,0.09,SG,Stationary Shooter,-1.12
Shot Chart Detail,22300864,229,1627936,Alex Caruso,1610612741,Chicago Bulls,2,6,47,Missed Shot,Jump Shot,3PT Field Goal,Above the Break 3,Center(C),24+ ft.,25,-74,242,1,0,20240301,CHI,MIL,22300864229,10330,0,202696|1627936|1629632|1641763|1641931,0,REG,2024,1626171,PF,Mobile Big,-0.14,SG,Stationary Shooter,-1.12
Shot Chart Detail,22300864,333,1627936,Alex Caruso,1610612741,Chicago Bulls,3,11,15,Made Shot,Running Pull-Up Jump Shot,3PT Field Goal,Above the Break 3,Left Side Center(LC),24+ ft.,26,-109,239,1,1,20240301,CHI,MIL,22300864333,14850,0,201942|202696|1627936|1629632|1630245,0,REG,2024,201572,C,Anchor Big,1.23,SG,Stationary Shooter,-1.12
Shot Chart Detail,22300864,340,1627936,Alex Caruso,1610612741,Chicago Bulls,3,9,58,Missed Shot,Jump Shot,3PT Field Goal,Right Corner 3,Right Side(R),24+ ft.,22,221,-8,1,0,20240301,CHI,MIL,22300864340,15620,0,201942|202696|1627936|1629632|1630245,0,REG,2024,,,,,SG,Stationary Shooter,-1.12
Shot Chart Detail,22300864,356,1627936,Alex Caruso,1610612741,Chicago Bulls,3,8,36,Made Shot,Jump Shot,3PT Field Goal,Right Corner 3,Right Side(R),24+ ft.,23,223,81,1,1,20240301,CHI,MIL,22300864356,16440,0,201942|202696|1627936|1629632|1630245,1,REG,2024,203507,PF,Helper,0.98,SG,Stationary Shooter,-1.12
Shot Chart Detail,22300883,16,1627936,Alex Caruso,1610612741,Chicago Bulls,1,10,28,Missed Shot,Jump Shot,3PT Field Goal,Left Corner 3,Left Side(L),24+ ft.,22,-225,-7,1,0,20240304,SAC,CHI,2230088316,920,0,201942|202696|1627936|1629632|1630245,0,REG,2024,1631099,SF,Wing Stopper,0.95,SG,Stationary Shooter,-1.12
Shot Chart Detail,22300883,46,1627936,Alex Caruso,1610612741,Chicago Bulls,1,8,13,Missed Shot,Running Layup Shot,2PT Field Goal,Restricted Area,Center(C),Less Than 8 ft.,2,-26,5,1,0,20240304,SAC,CHI,2230088346,2270,0,201942|202696|1627936|1629632|1630245,0,REG,2024,1631099,SF,Wing Stopper,0.95,SG,Stationary Shooter,-1.12
Shot Chart Detail,22300883,136,1627936,Alex Caruso,1610612741,Chicago Bulls,1,2,52,Missed Shot,Jump Shot,3PT Field Goal,Right Corner 3,Right Side(R),24+ ft.,23,235,-5,1,0,20240304,SAC,CHI,22300883136,5480,0,201942|203083|1627936|1628975|1629632,0,REG,2024,1626168,PF,Helper,-0.06,SG,Stationary Shooter,-1.12
Shot Chart Detail,22300883,150,1627936,Alex Caruso,1610612741,Chicago Bulls,1,1,36,Missed Shot,Step Back Jump shot,3PT Field Goal,Right Corner 3,Right Side(R),24+ ft.,23,232,-12,1,0,20240304,SAC,CHI,22300883150,6240,0,201942|203083|1627936|1629632|1630245,0,REG,2024,1626168,PF,Helper,-0.06,SG,Stationary Shooter,-1.12
Shot Chart Detail,22300883,157,1627936,Alex Caruso,1610612741,Chicago Bulls,1,1,0,Missed Shot,Driving Reverse Layup Shot,2PT Field Goal,Restricted Area,Center(C),Less Than 8 ft.,1,-17,1,1,0,20240304,SAC,CHI,22300883157,6600,0,201942|203083|1627936|1629632|1630245,0,REG,2024,1628370,SG,Low Activity,-0.56,SG,Stationary Shooter,-1.12
Shot Chart Detail,22300883,160,1627936,Alex Caruso,1610612741,Chicago Bulls,1,0,37,Missed Shot,Jump Shot,3PT Field Goal,Above the Break 3,Center(C),24+ ft.,25,-32,250,1,0,20240304,SAC,CHI,22300883160,6830,0,201942|203083|1627936|1629632|1630245,0,REG,2024,1626168,PF,Helper,-0.06,SG,Stationary Shooter,-1.12
Shot Chart Detail,22300883,166,1627936,Alex Caruso,1610612741,Chicago Bulls,1,0,9,Missed Shot,Jump Shot,3PT Field Goal,Above the Break 3,Left Side Center(LC),24+ ft.,24,-225,88,1,0,20240304,SAC,CHI,22300883166,7110,0,201942|203083|1627936|1629632|1630245,0,REG,2024,203458,C,Mobile Big,2.52,SG,Stationary Shooter,-1.12
Shot Chart Detail,22300883,259,1627936,Alex Caruso,1610612741,Chicago Bulls,2,4,50,Missed Shot,Jump Shot,3PT Field Goal,Above the Break 3,Left Side Center(LC),24+ ft.,25,-165,194,1,0,20240304,SAC,CHI,22300883259,11500,0,202696|1627936|1628975|1629632|1641931,0,REG,2024,1628989,SG,Helper,0.65,SG,Stationary Shooter,-1.12
Shot Chart Detail,22300883,280,1627936,Alex Caruso,1610612741,Chicago Bulls,2,3,14,Made Shot,Running Reverse Layup Shot,2PT Field Goal,Restricted Area,Center(C),Less Than 8 ft.,0,-2,8,1,1,20240304,SAC,CHI,22300883280,12460,0,201942|202696|1627936|1629632|1630245,0,REG,2024,1630537,SF,Point of Attack,0.2,SG,Stationary Shooter,-1.12
Shot Chart Detail,22300883,646,1627936,Alex Caruso,1610612741,Chicago Bulls,4,1,56,Missed Shot,Floating Jump shot,2PT Field Goal,In The Paint (Non-RA),Center(C),Less Than 8 ft.,6,-66,5,1,0,20240304,SAC,CHI,22300883646,27640,0,201942|202696|1627936|1629632|1630245,0,REG,2024,1628370,SG,Low Activity,-0.56,SG,Stationary Shooter,-1.12
Shot Chart Detail,22300898,22,1627936,Alex Caruso,1610612741,Chicago Bulls,1,10,21,Missed Shot,Jump Shot,3PT Field Goal,Above the Break 3,Right Side Center(RC),24+ ft.,25,113,225,1,0,20240306,UTA,CHI,2230089822,990,0,201942|202696|1627936|1629632|1630245,0,REG,2024,1629012,SG,Chaser,-1.74,SG,Stationary Shooter,-1.12
Shot Chart Detail,22300898,34,1627936,Alex Caruso,1610612741,Chicago Bulls,1,9,33,Made Shot,Jump Shot,3PT Field Goal,Above the Break 3,Right Side Center(RC),24+ ft.,26,113,238,1,1,20240306,UTA,CHI,2230089834,1470,0,201942|202696|1627936|1629632|1630245,1,REG,2024,1641729,SF,Low Activity,-0.59,SG,Stationary Shooter,-1.12
Shot Chart Detail,22300898,172,1627936,Alex Caruso,1610612741,Chicago Bulls,2,9,40,Missed Shot,Jump Shot,3PT Field Goal,Left Corner 3,Left Side(L),24+ ft.,23,-235,22,1,0,20240306,UTA,CHI,22300898172,8600,0,201942|203083|1627936|1628975|1629632,0,REG,2024,1627739,PG,Point of Attack,0.76,SG,Stationary Shooter,-1.12
Shot Chart Detail,22300898,190,1627936,Alex Caruso,1610612741,Chicago Bulls,2,7,54,Made Shot,Running Dunk Shot,2PT Field Goal,Restricted Area,Center(C),Less Than 8 ft.,3,18,29,1,1,20240306,UTA,CHI,22300898190,9660,0,201942|203083|1627936|1628975|1629632,0,REG,2024,,,,,SG,Stationary Shooter,-1.12
Shot Chart Detail,22300898,297,1627936,Alex Caruso,1610612741,Chicago Bulls,2,0,1,Missed Shot,Jump Shot,3PT Field Goal,Above the Break 3,Left Side Center(LC),24+ ft.,25,-224,126,1,0,20240306,UTA,CHI,22300898297,14390,0,201942|202696|1627936|1629632|1630245,0,REG,2024,203903,SG,Low Activity,-2.31,SG,Stationary Shooter,-1.12
Shot Chart Detail,22300898,303,1627936,Alex Caruso,1610612741,Chicago Bulls,3,11,39,Missed Shot,Jump Shot,3PT Field Goal,Left Corner 3,Left Side(L),24+ ft.,22,-228,-21,1,0,20240306,UTA,CHI,22300898303,14610,0,201942|202696|1627936|1629632|1630245,0,REG,2024,1641729,SF,Low Activity,-0.59,SG,Stationary Shooter,-1.12
Shot Chart Detail,22300898,347,1627936,Alex Caruso,1610612741,Chicago Bulls,3,7,51,Made Shot,Step Back Jump shot,3PT Field Goal,Above the Break 3,Right Side Center(RC),24+ ft.,25,88,236,1,1,20240306,UTA,CHI,22300898347,16890,0,201942|202696|1627936|1629632|1630245,0,REG,2024,1641729,SF,Low Activity,-0.59,SG,Stationary Shooter,-1.12
Shot Chart Detail,22300898,436,1627936,Alex Caruso,1610612741,Chicago Bulls,3,1,7,Made Shot,Jump Shot,3PT Field Goal,Above the Break 3,Right Side Center(RC),24+ ft.,25,202,152,1,1,20240306,UTA,CHI,22300898436,20930,0,203083|1627936|1628975|1629632|1641763,1,REG,2024,1629012,SG,Chaser,-1.74,SG,Stationary Shooter,-1.12
Shot Chart Detail,22300898,479,1627936,Alex Caruso,1610612741,Chicago Bulls,4,9,41,Missed Shot,Running Reverse Layup Shot,2PT Field Goal,Restricted Area,Center(C),Less Than 8 ft.,2,-27,9,1,0,20240306,UTA,CHI,22300898479,22990,0,201942|203083|1627936|1628975|1630245,0,REG,2024,1627739,PG,Point of Attack,0.76,SG,Stationary Shooter,-1.12
Shot Chart Detail,22300907,21,1627936,Alex Caruso,1610612741,Chicago Bulls,1,9,48,Missed Shot,Running Pull-Up Jump Shot,3PT Field Goal,Above the Break 3,Left Side Center(LC),24+ ft.,26,-184,197,1,0,20240307,GSW,CHI,2230090721,1320,0,201942|202696|1627936|1629632|1630245,0,REG,2024,203110,PF,Mobile Big,2.75,SG,Stationary Shooter,-1.12
Shot Chart Detail,22300907,199,1627936,Alex Caruso,1610612741,Chicago Bulls,2,10,34,Missed Shot,Jump Shot,3PT Field Goal,Left Corner 3,Left Side(L),24+ ft.,24,-229,76,1,0,20240307,GSW,CHI,22300907199,8060,0,201942|203083|1627936|1628975|1629632,0,REG,2024,1641764,SG,Chaser,0.11,SG,Stationary Shooter,-1.12
Shot Chart Detail,22300907,261,1627936,Alex Caruso,1610612741,Chicago Bulls,2,6,23,Made Shot,Pullup Jump shot,2PT Field Goal,Mid-Range,Left Side Center(LC),16-24 ft.,22,-88,212,1,1,20240307,GSW,CHI,22300907261,10570,0,202696|1627936|1628470|1630245|1641931,0,REG,2024,203110,PF,Mobile Big,2.75,SG,Stationary Shooter,-1.12
Shot Chart Detail,22300907,280,1627936,Alex Caruso,1610612741,Chicago Bulls,2,5,17,Made Shot,Pullup Jump shot,3PT Field Goal,Above the Break 3,Center(C),24+ ft.,27,-6,277,1,1,20240307,GSW,CHI,22300907280,11230,0,202696|1627936|1629632|1630245|1641931,0,REG,2024,203110,PF,Mobile Big,2.75,SG,Stationary Shooter,-1.12
Shot Chart Detail,22300917,11,1627936,Alex Caruso,1610612741,Chicago Bulls,1,11,9,Made Shot,Jump Shot,3PT Field Goal,Right Corner 3,Right Side(R),24+ ft.,22,229,9,1,1,20240309,LAC,CHI,2230091711,510,0,201942|202696|1627936|1629632|1630245,1,REG,2024,202331,PF,Helper,0.43,SG,Stationary Shooter,-1.12
Shot Chart Detail,22300917,174,1627936,Alex Caruso,1610612741,Chicago Bulls,2,10,4,Made Shot,Driving Layup Shot,2PT Field Goal,Restricted Area,Center(C),Less Than 8 ft.,1,18,5,1,1,20240309,LAC,CHI,22300917174,8360,0,201942|203083|1627936|1628975|1629632,0,REG,2024,1630538|1628464,,,,SG,Stationary Shooter,-1.12
Shot Chart Detail,22300917,289,1627936,Alex Caruso,1610612741,Chicago Bulls,2,2,9,Missed Shot,Jump Shot,3PT Field Goal,Above the Break 3,Right Side Center(RC),24+ ft.,26,141,226,1,0,20240309,LAC,CHI,22300917289,13110,0,201942|202696|1627936|1629632|1630245,0,REG,2024,1628464,C,Mobile Big,0.09,SG,Stationary Shooter,-1.12
Shot Chart Detail,22300917,447,1627936,Alex Caruso,1610612741,Chicago Bulls,3,2,14,Made Shot,Fadeaway Jump Shot,2PT Field Goal,In The Paint (Non-RA),Right Side(R),8-16 ft.,8,54,63,1,1,20240309,LAC,CHI,22300917447,20260,0,201942|203083|1627936|1628470|1641931,1,REG,2024,1630538,PG,Chaser,-1.25,SG,Stationary Shooter,-1.12
Shot Chart Detail,22300917,481,1627936,Alex Caruso,1610612741,Chicago Bulls,4,11,19,Missed Shot,Pullup Jump shot,3PT Field Goal,Above the Break 3,Left Side Center(LC),24+ ft.,24,-110,221,1,0,20240309,LAC,CHI,22300917481,22010,0,201942|203083|1627936|1629632|1641931,0,REG,2024,1626181,SG,Low Activity,-1.44,SG,Stationary Shooter,-1.12
Shot Chart Detail,22300917,496,1627936,Alex Caruso,1610612741,Chicago Bulls,4,9,53,Missed Shot,Step Back Jump shot,2PT Field Goal,Mid-Range,Center(C),16-24 ft.,16,43,163,1,0,20240309,LAC,CHI,22300917496,22870,0,201942|203083|1627936|1629632|1630245,0,REG,2024,1628464|1626181,,,,SG,Stationary Shooter,-1.12
Shot Chart Detail,22300917,552,1627936,Alex Caruso,1610612741,Chicago Bulls,4,6,40,Made Shot,Layup Shot,2PT Field Goal,Restricted Area,Center(C),Less Than 8 ft.,0,-1,-1,1,1,20240309,LAC,CHI,22300917552,24800,0,201942|202696|1627936|1629632|1630245,1,REG,2024,202331,PF,Helper,0.43,SG,Stationary Shooter,-1.12
Shot Chart Detail,22300935,51,1627936,Alex Caruso,1610612741,Chicago Bulls,1,7,16,Missed Shot,Jump Shot,3PT Field Goal,Above the Break 3,Right Side Center(RC),24+ ft.,24,121,218,1,0,20240311,CHI,DAL,2230093551,2840,0,201942|202696|1627936|1629632|1630245,0,REG,2024,1629029,PG,Low Activity,0.18,SG,Stationary Shooter,-1.12
Shot Chart Detail,22300935,58,1627936,Alex Caruso,1610612741,Chicago Bulls,1,7,3,Made Shot,Jump Shot,3PT Field Goal,Left Corner 3,Left Side(L),24+ ft.,22,-229,16,1,1,20240311,CHI,DAL,2230093558,2970,0,201942|202696|1627936|1629632|1630245,1,REG,2024,1629029,PG,Low Activity,0.18,SG,Stationary Shooter,-1.12
Shot Chart Detail,22300935,170,1627936,Alex Caruso,1610612741,Chicago Bulls,2,10,34,Missed Shot,Jump Shot,3PT Field Goal,Above the Break 3,Center(C),24+ ft.,26,-37,260,1,0,20240311,CHI,DAL,22300935170,8060,0,201942|203083|1627936|1629632|1641763,0,REG,2024,202681,SG,Chaser,-0.11,SG,Stationary Shooter,-1.12
Shot Chart Detail,22300935,212,1627936,Alex Caruso,1610612741,Chicago Bulls,2,7,28,Missed Shot,Jump Shot,3PT Field Goal,Above the Break 3,Left Side Center(LC),24+ ft.,24,-208,120,1,0,20240311,CHI,DAL,22300935212,9920,0,202696|1627936|1629632|1630245|1641763,0,REG,2024,1629655,C-PF,Anchor Big,2.04,SG,Stationary Shooter,-1.12
Shot Chart Detail,22300935,358,1627936,Alex Caruso,1610612741,Chicago Bulls,3,8,4,Missed Shot,Jump Shot,3PT Field Goal,Left Corner 3,Left Side(L),24+ ft.,23,-233,-4,1,0,20240311,CHI,DAL,22300935358,16760,0,201942|202696|1627936|1629632|1641763,0,REG,2024,202681,SG,Chaser,-0.11,SG,Stationary Shooter,-1.12
Shot Chart Detail,22300935,403,1627936,Alex Caruso,1610612741,Chicago Bulls,3,5,11,Missed Shot,Jump Shot,3PT Field Goal,Right Corner 3,Right Side(R),24+ ft.,23,230,-27,1,0,20240311,CHI,DAL,22300935403,18490,0,201942|202696|1627936|1629632|1641763,0,REG,2024,1641726,C,Anchor Big,1.45,SG,Stationary Shooter,-1.12
Shot Chart Detail,22300948,25,1627936,Alex Caruso,1610612741,Chicago Bulls,1,10,18,Missed Shot,Driving Layup Shot,2PT Field Goal,In The Paint (Non-RA),Center(C),Less Than 8 ft.,4,29,33,1,0,20240313,IND,CHI,2230094825,1020,0,201942|202696|1627936|1629632|1630245,0,REG,2024,1629614|1627783,,,,SG,Stationary Shooter,-1.12
Shot Chart Detail,22300948,56,1627936,Alex Caruso,1610612741,Chicago Bulls,1,7,28,Missed Shot,Driving Layup Shot,2PT Field Goal,Restricted Area,Center(C),Less Than 8 ft.,2,-17,18,1,0,20240313,IND,CHI,2230094856,2720,0,201942|202696|1627936|1629632|1630245,0,REG,2024,1629614,PG,Point of Attack,-0.38,SG,Stationary Shooter,-1.12
Shot Chart Detail,22300948,75,1627936,Alex Caruso,1610612741,Chicago Bulls,1,6,2,Made Shot,Step Back Jump shot,2PT Field Goal,Mid-Range,Left Side(L),8-16 ft.,12,-82,95,1,1,20240313,IND,CHI,2230094875,3580,0,201942|202696|1627936|1630245|1641931,0,REG,2024,1626167,C,Mobile Big,1.32,SG,Stationary Shooter,-1.12
Shot Chart Detail,22300948,174,1627936,Alex Caruso,1610612741,Chicago Bulls,2,11,8,Made Shot,Driving Layup Shot,2PT Field Goal,In The Paint (Non-RA),Center(C),Less Than 8 ft.,6,-55,28,1,1,20240313,IND,CHI,22300948174,7720,0,203083|1627936|1629632|1631207|1641763,0,REG,2024,1630188,C,Mobile Big,-0.27,SG,Stationary Shooter,-1.12
Shot Chart Detail,22300948,309,1627936,Alex Caruso,1610612741,Chicago Bulls,2,0,54,Made Shot,Driving Finger Roll Layup Shot,2PT Field Goal,Restricted Area,Center(C),Less Than 8 ft.,2,1,25,1,1,20240313,IND,CHI,22300948309,13860,0,201942|202696|1627936|1629632|1630245,0,REG,2024,1630174|1626167|1627783,,,,SG,Stationary Shooter,-1.12
Shot Chart Detail,22300948,316,1627936,Alex Caruso,1610612741,Chicago Bulls,2,0,3,Made Shot,Jump Shot,3PT Field Goal,Above the Break 3,Center(C),24+ ft.,25,-17,259,1,1,20240313,IND,CHI,22300948316,14370,0,201942|202696|1627936|1629632|1630245,1,REG,2024,1630174,SF,Wing Stopper,0.09,SG,Stationary Shooter,-1.12
Shot Chart Detail,22300948,334,1627936,Alex Caruso,1610612741,Chicago Bulls,3,10,27,Made Shot,Jump Shot,3PT Field Goal,Above the Break 3,Left Side Center(LC),24+ ft.,26,-121,236,1,1,20240313,IND,CHI,22300948334,15330,0,201942|202696|1627936|1629632|1630245,1,REG,2024,1626167,C,Mobile Big,1.32,SG,Stationary Shooter,-1.12
Shot Chart Detail,22300948,358,1627936,Alex Caruso,1610612741,Chicago Bulls,3,7,59,Made Shot,Jump Shot,3PT Field Goal,Right Corner 3,Right Side(R),24+ ft.,24,237,51,1,1,20240313,IND,CHI,22300948358,16810,0,201942|202696|1627936|1629632|1630245,1,REG,2024,1630169,PG,Low Activity,-1.08,SG,Stationary Shooter,-1.12
Shot Chart Detail,22300948,370,1627936,Alex Caruso,1610612741,Chicago Bulls,3,6,31,Missed Shot,Running Layup Shot,2PT Field Goal,Restricted Area,Center(C),Less Than 8 ft.,3,26,19,1,0,20240313,IND,CHI,22300948370,17690,0,201942|202696|1627936|1629632|1630245,0,REG,2024,1630174,SF,Wing Stopper,0.09,SG,Stationary Shooter,-1.12
Shot Chart Detail,22300948,374,1627936,Alex Caruso,1610612741,Chicago Bulls,3,6,17,Made Shot,Running Jump Shot,3PT Field Goal,Left Corner 3,Left Side(L),24+ ft.,22,-224,0,1,1,20240313,IND,CHI,22300948374,17830,0,201942|202696|1627936|1629632|1630245,1,REG,2024,1630169,PG,Low Activity,-1.08,SG,Stationary Shooter,-1.12
Shot Chart Detail,22300948,394,1627936,Alex Caruso,1610612741,Chicago Bulls,3,5,21,Made Shot,Driving Finger Roll Layup Shot,2PT Field Goal,Restricted Area,Center(C),Less Than 8 ft.,2,21,13,1,1,20240313,IND,CHI,22300948394,18390,0,201942|202696|1627936|1630245|1641931,0,REG,2024,1626167,C,Mobile Big,1.32,SG,Stationary Shooter,-1.12
Shot Chart Detail,22300948,409,1627936,Alex Caruso,1610612741,Chicago Bulls,3,3,52,Made Shot,Jump Shot,3PT Field Goal,Right Corner 3,Right Side(R),24+ ft.,23,235,0,1,1,20240313,IND,CHI,22300948409,19280,0,201942|202696|1627936|1630245|1641931,1,REG,2024,,,,,SG,Stationary Shooter,-1.12
Shot Chart Detail,22300948,573,1627936,Alex Caruso,1610612741,Chicago Bulls,4,5,0,Missed Shot,Jump Shot,3PT Field Goal,Above the Break 3,Center(C),24+ ft.,24,48,243,1,0,20240313,IND,CHI,22300948573,25800,0,201942|202696|1627936|1628470|1629632,0,REG,2024,1630169,PG,Low Activity,-1.08,SG,Stationary Shooter,-1.12
Shot Chart Detail,22300956,18,1627936,Alex Caruso,1610612741,Chicago Bulls,1,10,5,Missed Shot,Jump Shot,3PT Field Goal,Above the Break 3,Right Side Center(RC),24+ ft.,25,138,217,1,0,20240314,CHI,LAC,2230095618,1150,0,201942|202696|1627936|1628470|1630245,0,REG,2024,202331,PF,Helper,0.43,SG,Stationary Shooter,-1.12
Shot Chart Detail,22300956,22,1627936,Alex Caruso,1610612741,Chicago Bulls,1,9,27,Missed Shot,Pullup Jump shot,2PT Field Goal,Mid-Range,Right Side Center(RC),16-24 ft.,17,116,125,1,0,20240314,CHI,LAC,2230095622,1530,0,201942|202696|1627936|1628470|1630245,0,REG,2024,202695,SF,Wing Stopper,0.78,SG,Stationary Shooter,-1.12
Shot Chart Detail,22300956,63,1627936,Alex Caruso,1610612741,Chicago Bulls,1,6,11,Made Shot,Jump Shot,3PT Field Goal,Right Corner 3,Right Side(R),24+ ft.,23,234,-8,1,1,20240314,CHI,LAC,2230095663,3490,0,201942|202696|1627936|1630245|1641931,1,REG,2024,202331,PF,Helper,0.43,SG,Stationary Shooter,-1.12
Shot Chart Detail,22300956,67,1627936,Alex Caruso,1610612741,Chicago Bulls,1,5,32,Made Shot,Jump Shot,3PT Field Goal,Right Corner 3,Right Side(R),24+ ft.,23,230,-11,1,1,20240314,CHI,LAC,2230095667,3880,0,201942|202696|1627936|1630245|1641931,1,REG,2024,1627826,C,Anchor Big,1.4,SG,Stationary Shooter,-1.12
Shot Chart Detail,22300956,88,1627936,Alex Caruso,1610612741,Chicago Bulls,1,3,27,Missed Shot,Jump Shot,3PT Field Goal,Right Corner 3,Right Side(R),24+ ft.,22,228,-9,1,0,20240314,CHI,LAC,2230095688,5130,0,202696|1627936|1630245|1631207|1641931,0,REG,2024,202331,PF,Helper,0.43,SG,Stationary Shooter,-1.12
Shot Chart Detail,22300956,177,1627936,Alex Caruso,1610612741,Chicago Bulls,2,8,33,Made Shot,Running Jump Shot,3PT Field Goal,Above the Break 3,Left Side Center(LC),24+ ft.,26,-114,239,1,1,20240314,CHI,LAC,22300956177,9270,0,201942|203083|1627936|1628975|1631207,1,REG,2024,1626181,SG,Low Activity,-1.44,SG,Stationary Shooter,-1.12
Shot Chart Detail,22300956,197,1627936,Alex Caruso,1610612741,Chicago Bulls,2,7,22,Missed Shot,Running Pull-Up Jump Shot,2PT Field Goal,In The Paint (Non-RA),Center(C),Less Than 8 ft.,5,-12,55,1,0,20240314,CHI,LAC,22300956197,9980,0,201942|203083|1627936|1628975|1631207,0,REG,2024,,,,,SG,Stationary Shooter,-1.12
Shot Chart Detail,22300956,310,1627936,Alex Caruso,1610612741,Chicago Bulls,3,10,16,Made Shot,Jump Shot,3PT Field Goal,Left Corner 3,Left Side(L),24+ ft.,22,-223,-2,1,1,20240314,CHI,LAC,22300956310,15440,0,201942|202696|1627936|1628470|1630245,1,REG,2024,202695,SF,Wing Stopper,0.78,SG,Stationary Shooter,-1.12
Shot Chart Detail,22300956,327,1627936,Alex Caruso,1610612741,Chicago Bulls,3,8,19,Missed Shot,Jump Shot,3PT Field Goal,Above the Break 3,Left Side Center(LC),24+ ft.,24,-87,227,1,0,20240314,CHI,LAC,22300956327,16610,0,201942|202696|1627936|1628470|1630245,0,REG,2024,1629611,SG,Point of Attack,-0.68,SG,Stationary Shooter,-1.12
Shot Chart Detail,22300956,451,1627936,Alex Caruso,1610612741,Chicago Bulls,4,9,39,Missed Shot,Driving Layup Shot,2PT Field Goal,Restricted Area,Center(C),Less Than 8 ft.,2,20,9,1,0,20240314,CHI,LAC,22300956451,23010,0,201942|202696|203083|1627936|1628975,0,REG,2024,1628464,C,Mobile Big,0.09,SG,Stationary Shooter,-1.12
Shot Chart Detail,22300956,480,1627936,Alex Caruso,1610612741,Chicago Bulls,4,7,21,Missed Shot,Driving Layup Shot,2PT Field Goal,In The Paint (Non-RA),Center(C),Less Than 8 ft.,4,-45,4,1,0,20240314,CHI,LAC,22300956480,24390,0,201942|202696|203083|1627936|1630245,0,REG,2024,1627826,C,Anchor Big,1.4,SG,Stationary Shooter,-1.12
Shot Chart Detail,22300956,486,1627936,Alex Caruso,1610612741,Chicago Bulls,4,6,49,Made Shot,Jump Shot,3PT Field Goal,Above the Break 3,Left Side Center(LC),24+ ft.,24,-161,189,1,1,20240314,CHI,LAC,22300956486,24710,0,201942|202696|203083|1627936|1630245,1,REG,2024,1630538,PG,Chaser,-1.25,SG,Stationary Shooter,-1.12
Shot Chart Detail,22300956,523,1627936,Alex Caruso,1610612741,Chicago Bulls,4,3,36,Missed Shot,Pullup Jump shot,2PT Field Goal,Mid-Range,Right Side Center(RC),16-24 ft.,21,112,189,1,0,20240314,CHI,LAC,22300956523,26640,0,201942|202696|1627936|1628470|1630245,0,REG,2024,1626181,SG,Low Activity,-1.44,SG,Stationary Shooter,-1.12
Shot Chart Detail,22300971,9,1627936,Alex Caruso,1610612741,Chicago Bulls,1,11,31,Missed Shot,Driving Floating Jump Shot,2PT Field Goal,In The Paint (Non-RA),Center(C),Less Than 8 ft.,7,-45,63,1,0,20240316,CHI,WAS,223009719,290,0,201942|202696|1627936|1628470|1630245,0,REG,2024,1630557,SF,Helper,-2.57,SG,Stationary Shooter,-1.12
Shot Chart Detail,22300971,11,1627936,Alex Caruso,1610612741,Chicago Bulls,1,11,31,Made Shot,Putback Layup Shot,2PT Field Goal,Restricted Area,Center(C),Less Than 8 ft.,0,0,0,1,1,20240316,CHI,WAS,2230097111,290,0,201942|202696|1627936|1628470|1630245,0,REG,2024,1630557,SF,Helper,-2.57,SG,Stationary Shooter,-1.12
Shot Chart Detail,22300971,26,1627936,Alex Caruso,1610612741,Chicago Bulls,1,10,39,Made Shot,Running Layup Shot,2PT Field Goal,Restricted Area,Center(C),Less Than 8 ft.,0,4,0,1,1,20240316,CHI,WAS,2230097126,810,0,201942|202696|1627936|1628470|1630245,1,REG,2024,1629673,SG,Low Activity,-1.72,SG,Stationary Shooter,-1.12
Shot Chart Detail,22300971,42,1627936,Alex Caruso,1610612741,Chicago Bulls,1,9,12,Missed Shot,Driving Floating Jump Shot,2PT Field Goal,In The Paint (Non-RA),Center(C),Less Than 8 ft.,6,7,64,1,0,20240316,CHI,WAS,2230097142,1680,0,201942|202696|1627936|1628470|1630245,0,REG,2024,1629673,SG,Low Activity,-1.72,SG,Stationary Shooter,-1.12
Shot Chart Detail,22300971,115,1627936,Alex Caruso,1610612741,Chicago Bulls,1,3,17,Made Shot,Jump Shot,3PT Field Goal,Above the Break 3,Right Side Center(RC),24+ ft.,24,112,219,1,1,20240316,CHI,WAS,22300971115,5230,0,202696|1627936|1628975|1630245|1641931,1,REG,2024,1630647,SF,Mobile Big,0.15,SG,Stationary Shooter,-1.12
Shot Chart Detail,22300971,178,1627936,Alex Caruso,1610612741,Chicago Bulls,2,10,37,Made Shot,Step Back Jump shot,2PT Field Goal,In The Paint (Non-RA),Center(C),8-16 ft.,14,-42,134,1,1,20240316,CHI,WAS,22300971178,8030,0,201942|203083|1627936|1631207|1641931,0,REG,2024,1630557,SF,Helper,-2.57,SG,Stationary Shooter,-1.12
Shot Chart Detail,22300971,241,1627936,Alex Caruso,1610612741,Chicago Bulls,2,6,17,Made Shot,Running Dunk Shot,2PT Field Goal,Restricted Area,Center(C),Less Than 8 ft.,0,5,0,1,1,20240316,CHI,WAS,22300971241,10630,0,203083|1627936|1628470|1630245|1631207,0,REG,2024,1629673|1626158,,,,SG,Stationary Shooter,-1.12
Shot Chart Detail,22300971,394,1627936,Alex Caruso,1610612741,Chicago Bulls,3,7,53,Made Shot,Jump Shot,3PT Field Goal,Above the Break 3,Left Side Center(LC),24+ ft.,26,-136,231,1,1,20240316,CHI,WAS,22300971394,16870,0,201942|202696|1627936|1628470|1630245,1,REG,2024,1630557,SF,Helper,-2.57,SG,Stationary Shooter,-1.12
Shot Chart Detail,22300971,423,1627936,Alex Caruso,1610612741,Chicago Bulls,3,5,14,Missed Shot,Jump Shot,3PT Field Goal,Right Corner 3,Right Side(R),24+ ft.,22,223,-25,1,0,20240316,CHI,WAS,22300971423,18460,0,202696|1627936|1630245|1631207|1641931,0,REG,2024,1628398,PF,Wing Stopper,-1.77,SG,Stationary Shooter,-1.12
Shot Chart Detail,22300971,491,1627936,Alex Caruso,1610612741,Chicago Bulls,3,0,51,Missed Shot,Running Jump Shot,3PT Field Goal,Left Corner 3,Left Side(L),24+ ft.,23,-230,-1,1,0,20240316,CHI,WAS,22300971491,21090,0,201942|203083|1627936|1628975|1631207,0,REG,2024,,,,,SG,Stationary Shooter,-1.12
Shot Chart Detail,22300971,518,1627936,Alex Caruso,1610612741,Chicago Bulls,4,11,37,Missed Shot,Running Layup Shot,2PT Field Goal,Restricted Area,Center(C),Less Than 8 ft.,2,7,20,1,0,20240316,CHI,WAS,22300971518,21830,0,201942|203083|1627936|1628975|1631207,0,REG,2024,1629673,SG,Low Activity,-1.72,SG,Stationary Shooter,-1.12
Shot Chart Detail,22300971,607,1627936,Alex Caruso,1610612741,Chicago Bulls,4,5,39,Made Shot,Pullup Jump shot,2PT Field Goal,In The Paint (Non-RA),Center(C),8-16 ft.,13,20,131,1,1,20240316,CHI,WAS,22300971607,25410,0,201942|202696|1627936|1630245|1641931,1,REG,2024,1631098,SG,Chaser,-0.18,SG,Stationary Shooter,-1.12
Shot Chart Detail,22300986,35,1627936,Alex Caruso,1610612741,Chicago Bulls,1,8,58,Missed Shot,Step Back Jump shot,3PT Field Goal,Above the Break 3,Left Side Center(LC),24+ ft.,24,-148,199,1,0,20240318,CHI,POR,2230098635,1820,0,201942|202696|1627936|1628470|1630245,0,REG,2024,1630703,PG,Point of Attack,-2.01,SG,Stationary Shooter,-1.12
Shot Chart Detail,22300986,256,1627936,Alex Caruso,1610612741,Chicago Bulls,2,6,47,Missed Shot,Jump Shot,3PT Field Goal,Above the Break 3,Center(C),24+ ft.,25,-55,245,1,0,20240318,CHI,POR,22300986256,10330,0,202696|1627936|1628470|1628975|1641931,0,REG,2024,1630703,PG,Point of Attack,-2.01,SG,Stationary Shooter,-1.12
Shot Chart Detail,22300986,391,1627936,Alex Caruso,1610612741,Chicago Bulls,3,8,36,Made Shot,Jump Shot,3PT Field Goal,Above the Break 3,Center(C),24+ ft.,26,-48,256,1,1,20240318,CHI,POR,22300986391,16440,0,201942|202696|1627936|1628470|1630245,1,REG,2024,1629014,SG,Chaser,-1.82,SG,Stationary Shooter,-1.12
Shot Chart Detail,22300986,631,1627936,Alex Caruso,1610612741,Chicago Bulls,4,3,9,Missed Shot,Jump Shot,3PT Field Goal,Above the Break 3,Center(C),24+ ft.,26,76,249,1,0,20240318,CHI,POR,22300986631,26910,0,201942|202696|1627936|1630245|1641931,0,REG,2024,1631133,SF,Helper,-0.18,SG,Stationary Shooter,-1.12
Shot Chart Detail,22300986,640,1627936,Alex Caruso,1610612741,Chicago Bulls,4,2,37,Missed Shot,Jump Shot,3PT Field Goal,Above the Break 3,Left Side Center(LC),24+ ft.,27,-99,257,1,0,20240318,CHI,POR,22300986640,27230,0,201942|202696|203083|1627936|1630245,0,REG,2024,,,,,SG,Stationary Shooter,-1.12
Shot Chart Detail,22301006,129,1627936,Alex Caruso,1610612741,Chicago Bulls,1,2,17,Made Shot,Jump Shot,3PT Field Goal,Left Corner 3,Left Side(L),24+ ft.,22,-227,20,1,1,20240321,HOU,CHI,22301006129,5830,0,201942|202696|1627936|1629632|1641931,1,REG,2024,1630224,SG,Low Activity,-1.09,SG,Stationary Shooter,-1.12
Shot Chart Detail,22301006,147,1627936,Alex Caruso,1610612741,Chicago Bulls,1,0,57,Missed Shot,Jump Shot,3PT Field Goal,Above the Break 3,Left Side Center(LC),24+ ft.,25,-225,116,1,0,20240321,HOU,CHI,22301006147,6630,0,201942|203083|1627936|1629632|1641931,0,REG,2024,201145,PF,Helper,-0.65,SG,Stationary Shooter,-1.12
Shot Chart Detail,22301006,160,1627936,Alex Caruso,1610612741,Chicago Bulls,1,0,2,Made Shot,Running Finger Roll Layup Shot,2PT Field Goal,Restricted Area,Center(C),Less Than 8 ft.,2,4,22,1,1,20240321,HOU,CHI,22301006160,7180,0,201942|203083|1627936|1629632|1641931,0,REG,2024,1628415|1628988,,,,SG,Stationary Shooter,-1.12
Shot Chart Detail,22301006,195,1627936,Alex Caruso,1610612741,Chicago Bulls,2,10,0,Missed Shot,Running Jump Shot,3PT Field Goal,Above the Break 3,Left Side Center(LC),24+ ft.,24,-186,167,1,0,20240321,HOU,CHI,22301006195,8400,0,201942|203083|1627936|1630245|1631207,0,REG,2024,1630256,SF,Helper,1.07,SG,Stationary Shooter,-1.12
Shot Chart Detail,22301006,222,1627936,Alex Caruso,1610612741,Chicago Bulls,2,8,36,Missed Shot,Jump Shot,3PT Field Goal,Above the Break 3,Right Side Center(RC),24+ ft.,25,157,205,1,0,20240321,HOU,CHI,22301006222,9240,0,202696|203083|1627936|1629632|1630245,0,REG,2024,203493,SF,Low Activity,0.09,SG,Stationary Shooter,-1.12
Shot Chart Detail,22301006,498,1627936,Alex Caruso,1610612741,Chicago Bulls,3,0,0,Made Shot,Pullup Jump shot,3PT Field Goal,Above the Break 3,Left Side Center(LC),24+ ft.,25,-116,226,1,1,20240321,HOU,CHI,22301006498,21600,0,203083|1627936|1628470|1629632|1631207,1,REG,2024,1628988,PG,Point of Attack,-0.29,SG,Stationary Shooter,-1.12
Shot Chart Detail,22301006,525,1627936,Alex Caruso,1610612741,Chicago Bulls,4,9,53,Missed Shot,Pullup Jump shot,3PT Field Goal,Above the Break 3,Left Side Center(LC),24+ ft.,24,-120,215,1,0,20240321,HOU,CHI,22301006525,22870,0,203083|1627936|1628470|1629632|1631207,0,REG,2024,,,,,SG,Stationary Shooter,-1.12
Shot Chart Detail,22301006,567,1627936,Alex Caruso,1610612741,Chicago Bulls,4,6,46,Missed Shot,Pullup Jump shot,2PT Field Goal,In The Paint (Non-RA),Center(C),8-16 ft.,12,42,119,1,0,20240321,HOU,CHI,22301006567,24740,0,202696|203083|1627936|1628470|1630245,0,REG,2024,,,,,SG,Stationary Shooter,-1.12
Shot Chart Detail,22301006,622,1627936,Alex Caruso,1610612741,Chicago Bulls,4,3,53,Missed Shot,Jump Shot,3PT Field Goal,Right Corner 3,Right Side(R),24+ ft.,22,225,11,1,0,20240321,HOU,CHI,22301006622,26470,0,202696|1627936|1629632|1630245|1631207,0,REG,2024,,,,,SG,Stationary Shooter,-1.12
Shot Chart Detail,22301006,648,1627936,Alex Caruso,1610612741,Chicago Bulls,4,2,2,Missed Shot,Running Layup Shot,2PT Field Goal,Restricted Area,Center(C),Less Than 8 ft.,1,11,13,1,0,20240321,HOU,CHI,22301006648,27580,0,202696|1627936|1629632|1630245|1631207,0,REG,2024,,,,,SG,Stationary Shooter,-1.12
Shot Chart Detail,22301006,668,1627936,Alex Caruso,1610612741,Chicago Bulls,4,1,1,Missed Shot,Jump Shot,3PT Field Goal,Above the Break 3,Right Side Center(RC),24+ ft.,25,180,180,1,0,20240321,HOU,CHI,22301006668,28190,0,202696|1627936|1629632|1630245|1631207,0,REG,2024,,,,,SG,Stationary Shooter,-1.12
Shot Chart Detail,22301023,44,1627936,Alex Caruso,1610612741,Chicago Bulls,1,9,0,Made Shot,Jump Shot,3PT Field Goal,Above the Break 3,Left Side Center(LC),24+ ft.,24,-131,209,1,1,20240323,CHI,BOS,2230102344,1800,0,201942|202696|1627936|1629632|1630245,1,REG,2024,1628436,C,Anchor Big,0.94,SG,Stationary Shooter,-1.12
Shot Chart Detail,22301023,63,1627936,Alex Caruso,1610612741,Chicago Bulls,1,7,19,Made Shot,Running Jump Shot,3PT Field Goal,Right Corner 3,Right Side(R),24+ ft.,23,232,11,1,1,20240323,CHI,BOS,2230102363,2810,0,201942|202696|1627936|1629632|1630245,1,REG,2024,1628369,PF,Helper,0.31,SG,Stationary Shooter,-1.12
Shot Chart Detail,22301023,69,1627936,Alex Caruso,1610612741,Chicago Bulls,1,6,47,Missed Shot,Jump Shot,3PT Field Goal,Right Corner 3,Right Side(R),24+ ft.,23,229,31,1,0,20240323,CHI,BOS,2230102369,3130,0,201942|202696|1627936|1629632|1630245,0,REG,2024,1628436,C,Anchor Big,0.94,SG,Stationary Shooter,-1.12
Shot Chart Detail,22301023,77,1627936,Alex Caruso,1610612741,Chicago Bulls,1,5,49,Missed Shot,Driving Layup Shot,2PT Field Goal,Restricted Area,Center(C),Less Than 8 ft.,1,-12,-5,1,0,20240323,CHI,BOS,2230102377,3710,0,201942|202696|1627936|1629632|1630245,0,REG,2024,1628436,C,Anchor Big,0.94,SG,Stationary Shooter,-1.12
Shot Chart Detail,22301023,200,1627936,Alex Caruso,1610612741,Chicago Bulls,2,8,2,Made Shot,Running Layup Shot,2PT Field Goal,Restricted Area,Center(C),Less Than 8 ft.,1,-10,5,1,1,20240323,CHI,BOS,22301023200,9580,0,201942|203083|1627936|1628470|1630245,1,REG,2024,1628401,SG,Chaser,1.11,SG,Stationary Shooter,-1.12
Shot Chart Detail,22301023,204,1627936,Alex Caruso,1610612741,Chicago Bulls,2,7,30,Missed Shot,Jump Shot,3PT Field Goal,Left Corner 3,Left Side(L),24+ ft.,22,-227,31,1,0,20240323,CHI,BOS,22301023204,9900,0,201942|203083|1627936|1628470|1630245,0,REG,2024,1628401,SG,Chaser,1.11,SG,Stationary Shooter,-1.12
Shot Chart Detail,22301023,334,1627936,Alex Caruso,1610612741,Chicago Bulls,3,8,4,Made Shot,Jump Shot,3PT Field Goal,Right Corner 3,Right Side(R),24+ ft.,22,223,-15,1,1,20240323,CHI,BOS,22301023334,16760,0,201942|202696|1627936|1629632|1630245,1,REG,2024,1628436,C,Anchor Big,0.94,SG,Stationary Shooter,-1.12
Shot Chart Detail,22301023,529,1627936,Alex Caruso,1610612741,Chicago Bulls,4,4,35,Made Shot,Jump Shot,3PT Field Goal,Right Corner 3,Right Side(R),24+ ft.,23,222,62,1,1,20240323,CHI,BOS,22301023529,26050,0,201942|202696|1627936|1629632|1630245,1,REG,2024,,,,,SG,Stationary Shooter,-1.12
Shot Chart Detail,22301037,74,1627936,Alex Caruso,1610612741,Chicago Bulls,1,6,10,Missed Shot,Jump Shot,3PT Field Goal,Above the Break 3,Right Side Center(RC),24+ ft.,25,152,206,1,0,20240325,CHI,WAS,2230103774,3500,0,201942|202696|1627936|1629632|1631207,0,REG,2024,1631116,SF,Helper,0.75,SG,Stationary Shooter,-1.12
Shot Chart Detail,22301037,130,1627936,Alex Caruso,1610612741,Chicago Bulls,1,2,13,Missed Shot,Driving Layup Shot,2PT Field Goal,Restricted Area,Center(C),Less Than 8 ft.,1,-2,19,1,0,20240325,CHI,WAS,22301037130,5870,0,203083|1627936|1630245|1631207|1641931,0,REG,2024,1630557,SF,Helper,-2.57,SG,Stationary Shooter,-1.12
Shot Chart Detail,22301037,277,1627936,Alex Caruso,1610612741,Chicago Bulls,2,3,47,Missed Shot,Running Dunk Shot,2PT Field Goal,Restricted Area,Center(C),Less Than 8 ft.,3,1,34,1,0,20240325,CHI,WAS,22301037277,12130,0,202696|1627936|1628975|1629632|1630245,0,REG,2024,1630215,SG,Point of Attack,-0.06,SG,Stationary Shooter,-1.12
Shot Chart Detail,22301037,290,1627936,Alex Caruso,1610612741,Chicago Bulls,2,3,9,Made Shot,Jump Shot,3PT Field Goal,Left Corner 3,Left Side(L),24+ ft.,22,-229,6,1,1,20240325,CHI,WAS,22301037290,12510,0,201942|202696|1627936|1629632|1630245,1,REG,2024,1630557,SF,Helper,-2.57,SG,Stationary Shooter,-1.12
Shot Chart Detail,22301037,312,1627936,Alex Caruso,1610612741,Chicago Bulls,2,0,52,Made Shot,Reverse Layup Shot,2PT Field Goal,Restricted Area,Center(C),Less Than 8 ft.,1,-17,3,1,1,20240325,CHI,WAS,22301037312,13880,0,201942|202696|1627936|1629632|1630245,1,REG,2024,1631116,SF,Helper,0.75,SG,Stationary Shooter,-1.12
Shot Chart Detail,22301037,333,1627936,Alex Caruso,1610612741,Chicago Bulls,3,11,37,Made Shot,Jump Shot,3PT Field Goal,Left Corner 3,Left Side(L),24+ ft.,23,-233,13,1,1,20240325,CHI,WAS,22301037333,14630,0,201942|202696|1627936|1629632|1630245,1,REG,2024,1631098|1626158,,,,SG,Stationary Shooter,-1.12
Shot Chart Detail,22301037,352,1627936,Alex Caruso,1610612741,Chicago Bulls,3,9,53,Made Shot,Running Layup Shot,2PT Field Goal,Restricted Area,Center(C),Less Than 8 ft.,1,12,10,1,1,20240325,CHI,WAS,22301037352,15670,0,201942|202696|1627936|1629632|1630245,0,REG,2024,1630557,SF,Helper,-2.57,SG,Stationary Shooter,-1.12
Shot Chart Detail,22301037,354,1627936,Alex Caruso,1610612741,Chicago Bulls,3,9,14,Missed Shot,Jump Shot,3PT Field Goal,Above the Break 3,Left Side Center(LC),24+ ft.,25,-158,197,1,0,20240325,CHI,WAS,22301037354,16060,0,201942|202696|1627936|1629632|1630245,0,REG,2024,1629673,SG,Low Activity,-1.72,SG,Stationary Shooter,-1.12
Shot Chart Detail,22301054,42,1627936,Alex Caruso,1610612741,Chicago Bulls,1,7,53,Missed Shot,Jump Shot,3PT Field Goal,Above the Break 3,Left Side Center(LC),24+ ft.,25,-88,237,1,0,20240327,CHI,IND,2230105442,2470,0,201942|202696|1627936|1629632|1630245,0,REG,2024,1630169,PG,Low Activity,-1.08,SG,Stationary Shooter,-1.12
Shot Chart Detail,22301054,105,1627936,Alex Caruso,1610612741,Chicago Bulls,1,4,13,Missed Shot,Pullup Jump shot,2PT Field Goal,In The Paint (Non-RA),Center(C),Less Than 8 ft.,7,4,71,1,0,20240327,CHI,IND,22301054105,4670,0,202696|1627936|1628470|1629632|1631207,0,REG,2024,1641767,SG,Chaser,-0.79,SG,Stationary Shooter,-1.12
Shot Chart Detail,22301054,122,1627936,Alex Caruso,1610612741,Chicago Bulls,1,3,39,Made Shot,Step Back Jump shot,3PT Field Goal,Left Corner 3,Left Side(L),24+ ft.,23,-229,67,1,1,20240327,CHI,IND,22301054122,5010,0,203083|1627936|1628470|1630245|1631207,1,REG,2024,1641767,SG,Chaser,-0.79,SG,Stationary Shooter,-1.12
Shot Chart Detail,22301054,135,1627936,Alex Caruso,1610612741,Chicago Bulls,1,2,22,Made Shot,Step Back Jump shot,2PT Field Goal,Mid-Range,Center(C),16-24 ft.,19,-44,195,1,1,20240327,CHI,IND,22301054135,5780,0,203083|1627936|1628470|1630245|1631207,0,REG,2024,1641767,SG,Chaser,-0.79,SG,Stationary Shooter,-1.12
Shot Chart Detail,22301054,263,1627936,Alex Caruso,1610612741,Chicago Bulls,2,5,53,Made Shot,Driving Finger Roll Layup Shot,2PT Field Goal,Restricted Area,Center(C),Less Than 8 ft.,1,9,7,1,1,20240327,CHI,IND,22301054263,10870,0,202696|1627936|1629632|1629750|1630245,0,REG,2024,1630169,PG,Low Activity,-1.08,SG,Stationary Shooter,-1.12
Shot Chart Detail,22301054,309,1627936,Alex Caruso,1610612741,Chicago Bulls,2,2,6,Missed Shot,Running Pull-Up Jump Shot,3PT Field Goal,Above the Break 3,Right Side Center(RC),24+ ft.,26,163,204,1,0,20240327,CHI,IND,22301054309,13140,0,201942|202696|1627936|1629750|1630245,0,REG,2024,1627783,PF,Wing Stopper,0.03,SG,Stationary Shooter,-1.12
Shot Chart Detail,22301054,373,1627936,Alex Caruso,1610612741,Chicago Bulls,3,9,33,Made Shot,Jump Shot,3PT Field Goal,Right Corner 3,Right Side(R),24+ ft.,23,232,19,1,1,20240327,CHI,IND,22301054373,15870,0,201942|202696|1627936|1629632|1630245,1,REG,2024,1627783,PF,Wing Stopper,0.03,SG,Stationary Shooter,-1.12
Shot Chart Detail,22301054,397,1627936,Alex Caruso,1610612741,Chicago Bulls,3,7,33,Missed Shot,Driving Layup Shot,2PT Field Goal,Restricted Area,Center(C),Less Than 8 ft.,0,-9,-2,1,0,20240327,CHI,IND,22301054397,17070,0,201942|202696|1627936|1629632|1630245,0,REG,2024,1630174,SF,Wing Stopper,0.09,SG,Stationary Shooter,-1.12
Shot Chart Detail,22301054,518,1627936,Alex Caruso,1610612741,Chicago Bulls,3,0,1,Missed Shot,Pullup Jump shot,3PT Field Goal,Above the Break 3,Right Side Center(RC),24+ ft.,29,151,258,1,0,20240327,CHI,IND,22301054518,21590,0,201942|203083|1627936|1628470|1629632,0,REG,2024,1630167|1641767,,,,SG,Stationary Shooter,-1.12
Shot Chart Detail,22301054,547,1627936,Alex Caruso,1610612741,Chicago Bulls,4,9,58,Made Shot,Driving Floating Jump Shot,2PT Field Goal,In The Paint (Non-RA),Center(C),Less Than 8 ft.,7,65,37,1,1,20240327,CHI,IND,22301054547,22820,0,201942|203083|1627936|1629632|1629750,0,REG,2024,1641767,SG,Chaser,-0.79,SG,Stationary Shooter,-1.12
Shot Chart Detail,22301066,295,1627936,Alex Caruso,1610612741,Chicago Bulls,2,2,26,Missed Shot,Jump Shot,3PT Field Goal,Above the Break 3,Left Side Center(LC),24+ ft.,26,-151,215,1,0,20240329,BKN,CHI,22301066295,12940,0,201942|202696|1627936|1629632|1630245,0,REG,2024,203471,PG,Point of Attack,-1.06,SG,Stationary Shooter,-1.12
Shot Chart Detail,22301066,352,1627936,Alex Caruso,1610612741,Chicago Bulls,3,10,7,Missed Shot,Driving Floating Bank Jump Shot,2PT Field Goal,In The Paint (Non-RA),Right Side(R),8-16 ft.,9,66,71,1,0,20240329,BKN,CHI,22301066352,15530,0,201942|202696|1627936|1629632|1630245,0,REG,2024,1628969|1630560,,,,SG,Stationary Shooter,-1.12
Shot Chart Detail,22301066,386,1627936,Alex Caruso,1610612741,Chicago Bulls,3,6,39,Made Shot,Jump Shot,3PT Field Goal,Right Corner 3,Right Side(R),24+ ft.,23,234,13,1,1,20240329,BKN,CHI,22301066386,17610,0,201942|202696|1627936|1629632|1630245,1,REG,2024,203471,PG,Point of Attack,-1.06,SG,Stationary Shooter,-1.12
Shot Chart Detail,22301066,478,1627936,Alex Caruso,1610612741,Chicago Bulls,3,0,32,Made Shot,Jump Shot,3PT Field Goal,Above the Break 3,Left Side Center(LC),24+ ft.,24,-110,222,1,1,20240329,BKN,CHI,22301066478,21280,0,203083|1627936|1628470|1629632|1631207,1,REG,2024,1630570,PF,Helper,0.0,SG,Stationary Shooter,-1.12
Shot Chart Detail,22301066,588,1627936,Alex Caruso,1610612741,Chicago Bulls,4,2,42,Missed Shot,Running Jump Shot,3PT Field Goal,Above the Break 3,Left Side Center(LC),24+ ft.,24,-124,213,1,0,20240329,BKN,CHI,22301066588,27180,0,201942|202696|1627936|1629632|1630245,0,REG,2024,1630560,SG,Low Activity,-1.92,SG,Stationary Shooter,-1.12
Shot Chart Detail,22301084,25,1627936,Alex Caruso,1610612741,Chicago Bulls,1,9,33,Made Shot,Step Back Jump shot,3PT Field Goal,Above the Break 3,Left Side Center(LC),24+ ft.,24,-169,182,1,1,20240331,MIN,CHI,2230108425,1470,0,201942|202696|1627936|1629632|1630245,0,REG,2024,1629675,C,Helper,0.36,SG,Stationary Shooter,-1.12
Shot Chart Detail,22301084,38,1627936,Alex Caruso,1610612741,Chicago Bulls,1,7,57,Made Shot,Running Jump Shot,3PT Field Goal,Above the Break 3,Center(C),24+ ft.,24,10,245,1,1,20240331,MIN,CHI,2230108438,2430,0,201942|202696|1627936|1629632|1630245,1,REG,2024,203497,C,Anchor Big,2.9,SG,Stationary Shooter,-1.12
Shot Chart Detail,22301084,106,1627936,Alex Caruso,1610612741,Chicago Bulls,1,2,54,Made Shot,Running Jump Shot,3PT Field Goal,Above the Break 3,Right Side Center(RC),24+ ft.,25,195,161,1,1,20240331,MIN,CHI,22301084106,5460,0,203083|1627936|1628470|1630245|1631207,1,REG,2024,,,,,SG,Stationary Shooter,-1.12
Shot Chart Detail,22301084,122,1627936,Alex Caruso,1610612741,Chicago Bulls,1,1,33,Made Shot,Jump Shot,3PT Field Goal,Above the Break 3,Left Side Center(LC),24+ ft.,24,-201,143,1,1,20240331,MIN,CHI,22301084122,6270,0,201942|203083|1627936|1629632|1631207,1,REG,2024,203937,PF,Helper,1.25,SG,Stationary Shooter,-1.12
Shot Chart Detail,22301084,160,1627936,Alex Caruso,1610612741,Chicago Bulls,2,10,7,Made Shot,Turnaround Jump Shot,3PT Field Goal,Left Corner 3,Left Side(L),24+ ft.,22,-228,-1,1,1,20240331,MIN,CHI,22301084160,8330,0,201942|203083|1627936|1629632|1629750,0,REG,2024,1629162,PG,Chaser,0.67,SG,Stationary Shooter,-1.12
Shot Chart Detail,22301084,320,1627936,Alex Caruso,1610612741,Chicago Bulls,3,9,10,Made Shot,Jump Shot,3PT Field Goal,Above the Break 3,Right Side Center(RC),24+ ft.,24,223,107,1,1,20240331,MIN,CHI,22301084320,16100,0,201942|202696|1627936|1629632|1630245,1,REG,2024,1629675,C,Helper,0.36,SG,Stationary Shooter,-1.12
Shot Chart Detail,22301084,431,1627936,Alex Caruso,1610612741,Chicago Bulls,3,0,51,Missed Shot,Pullup Jump shot,3PT Field Goal,Above the Break 3,Left Side Center(LC),24+ ft.,25,-83,238,1,0,20240331,MIN,CHI,22301084431,21090,0,201942|203083|1627936|1629632|1629750,0,REG,2024,1628420,PG,Chaser,-0.08,SG,Stationary Shooter,-1.12
Shot Chart Detail,22301084,584,1627936,Alex Caruso,1610612741,Chicago Bulls,4,2,27,Made Shot,Jump Shot,3PT Field Goal,Left Corner 3,Left Side(L),24+ ft.,22,-227,-20,1,1,20240331,MIN,CHI,22301084584,27330,0,201942|202696|1627936|1629632|1630245,1,REG,2024,201144,PG,Chaser,0.26,SG,Stationary Shooter,-1.12
Shot Chart Detail,22301091,23,1627936,Alex Caruso,1610612741,Chicago Bulls,1,10,2,Made Shot,Running Dunk Shot,2PT Field Goal,Restricted Area,Center(C),Less Than 8 ft.,0,0,1,1,1,20240401,CHI,ATL,2230109123,1180,0,201942|202696|1627936|1629632|1630245,0,REG,2024,1627749,SG,Point of Attack,-1.17,SG,Stationary Shooter,-1.12
Shot Chart Detail,22301091,107,1627936,Alex Caruso,1610612741,Chicago Bulls,1,3,6,Missed Shot,Pullup Jump shot,3PT Field Goal,Above the Break 3,Center(C),24+ ft.,25,-11,257,1,0,20240401,CHI,ATL,22301091107,5340,0,203083|1627936|1628470|1629632|1631207,0,REG,2024,1629631,SF,Wing Stopper,-0.6,SG,Stationary Shooter,-1.12
Shot Chart Detail,22301091,134,1627936,Alex Caruso,1610612741,Chicago Bulls,1,0,59,Missed Shot,Driving Finger Roll Layup Shot,2PT Field Goal,Restricted Area,Center(C),Less Than 8 ft.,1,-10,4,1,0,20240401,CHI,ATL,22301091134,6610,0,201942|203083|1627936|1628470|1629632,0,REG,2024,203992,SG,Chaser,-0.84,SG,Stationary Shooter,-1.12
Shot Chart Detail,22301091,156,1627936,Alex Caruso,1610612741,Chicago Bulls,2,11,39,Missed Shot,Pullup Jump shot,2PT Field Goal,Mid-Range,Right Side(R),16-24 ft.,17,172,-18,1,0,20240401,CHI,ATL,22301091156,7410,0,201942|203083|1627936|1629632|1630678,0,REG,2024,203992,SG,Chaser,-0.84,SG,Stationary Shooter,-1.12
Shot Chart Detail,22301091,159,1627936,Alex Caruso,1610612741,Chicago Bulls,2,11,16,Missed Shot,Jump Shot,3PT Field Goal,Above the Break 3,Right Side Center(RC),24+ ft.,24,142,198,1,0,20240401,CHI,ATL,22301091159,7640,0,201942|203083|1627936|1629632|1630678,0,REG,2024,1629726,SG,Low Activity,-0.38,SG,Stationary Shooter,-1.12
Shot Chart Detail,22301091,167,1627936,Alex Caruso,1610612741,Chicago Bulls,2,10,12,Missed Shot,Jump Shot,3PT Field Goal,Left Corner 3,Left Side(L),24+ ft.,22,-222,-7,1,0,20240401,CHI,ATL,22301091167,8280,0,201942|203083|1627936|1629632|1630678,0,REG,2024,203992,SG,Chaser,-0.84,SG,Stationary Shooter,-1.12
Shot Chart Detail,22301091,226,1627936,Alex Caruso,1610612741,Chicago Bulls,2,6,11,Missed Shot,Driving Floating Jump Shot,2PT Field Goal,In The Paint (Non-RA),Center(C),Less Than 8 ft.,6,-10,62,1,0,20240401,CHI,ATL,22301091226,10690,0,203083|1627936|1629632|1630245|1630678,0,REG,2024,203991,C,Mobile Big,1.14,SG,Stationary Shooter,-1.12
Shot Chart Detail,22301091,339,1627936,Alex Caruso,1610612741,Chicago Bulls,3,9,5,Made Shot,Jump Shot,3PT Field Goal,Right Corner 3,Right Side(R),24+ ft.,24,240,-13,1,1,20240401,CHI,ATL,22301091339,16150,0,201942|202696|1627936|1629632|1630245,1,REG,2024,203992,SG,Chaser,-0.84,SG,Stationary Shooter,-1.12
Shot Chart Detail,22301091,412,1627936,Alex Caruso,1610612741,Chicago Bulls,3,4,15,Missed Shot,Driving Layup Shot,2PT Field Goal,Restricted Area,Center(C),Less Than 8 ft.,1,12,13,1,0,20240401,CHI,ATL,22301091412,19050,0,203083|1627936|1628470|1628975|1629632,0,REG,2024,1629631|1630552,,,,SG,Stationary Shooter,-1.12
Shot Chart Detail,22301091,423,1627936,Alex Caruso,1610612741,Chicago Bulls,3,3,32,Made Shot,Jump Shot,3PT Field Goal,Above the Break 3,Left Side Center(LC),24+ ft.,26,-158,207,1,1,20240401,CHI,ATL,22301091423,19480,0,203083|1627936|1628470|1628975|1629632,1,REG,2024,,,,,SG,Stationary Shooter,-1.12
Shot Chart Detail,22301091,456,1627936,Alex Caruso,1610612741,Chicago Bulls,3,1,6,Missed Shot,Driving Layup Shot,2PT Field Goal,Restricted Area,Center(C),Less Than 8 ft.,1,17,8,1,0,20240401,CHI,ATL,22301091456,20940,0,201942|203083|1627936|1628470|1629632,0,REG,2024,203992,SG,Chaser,-0.84,SG,Stationary Shooter,-1.12
Shot Chart Detail,22301091,603,1627936,Alex Caruso,1610612741,Chicago Bulls,4,3,16,Missed Shot,Jump Shot,3PT Field Goal,Right Corner 3,Right Side(R),24+ ft.,23,237,-11,1,0,20240401,CHI,ATL,22301091603,26840,0,201942|202696|1627936|1629632|1630245,0,REG,2024,,,,,SG,Stationary Shooter,-1.12
Shot Chart Detail,22301091,607,1627936,Alex Caruso,1610612741,Chicago Bulls,4,2,38,Missed Shot,Jump Shot,3PT Field Goal,Right Corner 3,Right Side(R),24+ ft.,23,232,8,1,0,20240401,CHI,ATL,22301091607,27220,0,201942|202696|1627936|1629632|1630245,0,REG,2024,1629631,SF,Wing Stopper,-0.6,SG,Stationary Shooter,-1.12
Shot Chart Detail,22301119,103,1627936,Alex Caruso,1610612741,Chicago Bulls,1,2,29,Missed Shot,Jump Shot,3PT Field Goal,Above the Break 3,Right Side Center(RC),24+ ft.,24,132,206,1,0,20240405,CHI,NYK,22301119103,5710,0,203083|1627936|1629750|1630245|1631207,0,REG,2024,1628973,PG,Low Activity,-0.94,SG,Stationary Shooter,-1.12
Shot Chart Detail,22301119,225,1627936,Alex Caruso,1610612741,Chicago Bulls,2,7,45,Made Shot,Jump Shot,3PT Field Goal,Above the Break 3,Left Side Center(LC),24+ ft.,25,-131,215,1,1,20240405,CHI,NYK,22301119225,9750,0,201942|203083|1627936|1629632|1629750,1,REG,2024,1628973,PG,Low Activity,-0.94,SG,Stationary Shooter,-1.12
Shot Chart Detail,22301119,309,1627936,Alex Caruso,1610612741,Chicago Bulls,2,0,49,Made Shot,Driving Layup Shot,2PT Field Goal,Restricted Area,Center(C),Less Than 8 ft.,2,-23,11,1,1,20240405,CHI,NYK,22301119309,13910,0,201942|202696|1627936|1629750|1630245,0,REG,2024,1630173,PF-C,Mobile Big,0.34,SG,Stationary Shooter,-1.12
Shot Chart Detail,22301119,340,1627936,Alex Caruso,1610612741,Chicago Bulls,3,9,59,Made Shot,Running Layup Shot,2PT Field Goal,Restricted Area,Center(C),Less Than 8 ft.,0,2,4,1,1,20240405,CHI,NYK,22301119340,15610,0,201942|202696|1627936|1629750|1630245,1,REG,2024,,,,,SG,Stationary Shooter,-1.12
Shot Chart Detail,22301119,381,1627936,Alex Caruso,1610612741,Chicago Bulls,3,6,24,Missed Shot,Jump Shot,3PT Field Goal,Left Corner 3,Left Side(L),24+ ft.,22,-228,16,1,0,20240405,CHI,NYK,22301119381,17760,0,201942|202696|1627936|1629750|1630245,0,REG,2024,1628384,SF,Wing Stopper,0.34,SG,Stationary Shooter,-1.12
Shot Chart Detail,22301119,481,1627936,Alex Caruso,1610612741,Chicago Bulls,3,0,51,Missed Shot,Running Jump Shot,3PT Field Goal,Above the Break 3,Right Side Center(RC),24+ ft.,25,104,236,1,0,20240405,CHI,NYK,22301119481,21090,0,201942|203083|1627936|1628470|1630245,0,REG,2024,1629011,C,Mobile Big,1.51,SG,Stationary Shooter,-1.12
Shot Chart Detail,22301149,20,1627936,Alex Caruso,1610612741,Chicago Bulls,1,10,3,Made Shot,Jump Shot,3PT Field Goal,Above the Break 3,Left Side Center(LC),24+ ft.,25,-124,218,1,1,20240409,CHI,NYK,2230114920,1170,0,201942|202696|1627936|1629632|1629750,1,REG,2024,1628384,SF,Wing Stopper,0.34,SG,Stationary Shooter,-1.12
Shot Chart Detail,22301149,49,1627936,Alex Caruso,1610612741,Chicago Bulls,1,7,11,Missed Shot,Driving Layup Shot,2PT Field Goal,Restricted Area,Center(C),Less Than 8 ft.,1,5,17,1,0,20240409,CHI,NYK,2230114949,2890,0,201942|202696|1627936|1629632|1629750,0,REG,2024,1628384,SF,Wing Stopper,0.34,SG,Stationary Shooter,-1.12
Shot Chart Detail,22301149,114,1627936,Alex Caruso,1610612741,Chicago Bulls,1,1,34,Made Shot,Step Back Jump shot,3PT Field Goal,Above the Break 3,Right Side Center(RC),24+ ft.,25,163,197,1,1,20240409,CHI,NYK,22301149114,6260,0,203083|1627936|1628470|1628975|1629632,0,REG,2024,1629011,C,Mobile Big,1.51,SG,Stationary Shooter,-1.12
Shot Chart Detail,22301149,225,1627936,Alex Caruso,1610612741,Chicago Bulls,2,5,25,Missed Shot,Running Reverse Layup Shot,2PT Field Goal,Restricted Area,Center(C),Less Than 8 ft.,2,-22,-2,1,0,20240409,CHI,NYK,22301149225,11150,0,201942|202696|1627936|1629750|1631207,0,REG,2024,1630540,PG,Point of Attack,-0.2,SG,Stationary Shooter,-1.12
Shot Chart Detail,22301149,353,1627936,Alex Caruso,1610612741,Chicago Bulls,3,6,28,Missed Shot,Jump Shot,3PT Field Goal,Above the Break 3,Left Side Center(LC),24+ ft.,25,-154,202,1,0,20240409,CHI,NYK,22301149353,17720,0,201942|202696|1627936|1629632|1629750,0,REG,2024,1628973,PG,Low Activity,-0.94,SG,Stationary Shooter,-1.12
Shot Chart Detail,22301149,357,1627936,Alex Caruso,1610612741,Chicago Bulls,3,5,55,Made Shot,Jump Shot,3PT Field Goal,Above the Break 3,Right Side Center(RC),24+ ft.,26,137,221,1,1,20240409,CHI,NYK,22301149357,18050,0,201942|202696|1627936|1629632|1629750,1,REG,2024,1628973,PG,Low Activity,-0.94,SG,Stationary Shooter,-1.12
Shot Chart Detail,22301149,483,1627936,Alex Caruso,1610612741,Chicago Bulls,4,7,25,Missed Shot,Jump Shot,3PT Field Goal,Left Corner 3,Left Side(L),24+ ft.,23,-230,-1,1,0,20240409,CHI,NYK,22301149483,24350,0,202696|1627936|1629632|1629750|1631207,0,REG,2024,1630540,PG,Point of Attack,-0.2,SG,Stationary Shooter,-1.12
Shot Chart Detail,22301166,27,1627936,Alex Caruso,1610612741,Chicago Bulls,1,9,2,Made Shot,Driving Layup Shot,2PT Field Goal,In The Paint (Non-RA),Center(C),Less Than 8 ft.,4,44,12,1,1,20240411,DET,CHI,2230116627,1780,0,201942|202696|1627936|1629632|1629750,0,REG,2024,1628972,SF,Helper,-0.68,SG,Stationary Shooter,-1.12
Shot Chart Detail,22301166,48,1627936,Alex Caruso,1610612741,Chicago Bulls,1,7,26,Missed Shot,Driving Layup Shot,2PT Field Goal,In The Paint (Non-RA),Center(C),Less Than 8 ft.,7,16,75,1,0,20240411,DET,CHI,2230116648,2740,0,201942|202696|1627936|1629632|1629750,0,REG,2024,1631204,PG,Point of Attack,-1.18,SG,Stationary Shooter,-1.12
Shot Chart Detail,22301166,54,1627936,Alex Caruso,1610612741,Chicago Bulls,1,6,41,Missed Shot,Jump Shot,3PT Field Goal,Right Corner 3,Right Side(R),24+ ft.,25,239,80,1,0,20240411,DET,CHI,2230116654,3190,0,201942|202696|1627936|1629632|1629750,0,REG,2024,1631093,SG,Point of Attack,-1.35,SG,Stationary Shooter,-1.12
Shot Chart Detail,22301166,199,1627936,Alex Caruso,1610612741,Chicago Bulls,2,8,9,Made Shot,Running Layup Shot,2PT Field Goal,Restricted Area,Center(C),Less Than 8 ft.,2,20,22,1,1,20240411,DET,CHI,22301166199,9510,0,202696|1627936|1628975|1629632|1629750,0,REG,2024,1630164|1631204,,,,SG,Stationary Shooter,-1.12
Shot Chart Detail,22301166,333,1627936,Alex Caruso,1610612741,Chicago Bulls,3,10,37,Missed Shot,Jump Shot,3PT Field Goal,Right Corner 3,Right Side(R),24+ ft.,22,228,23,1,0,20240411,DET,CHI,22301166333,15230,0,201942|202696|1627936|1629632|1629750,0,REG,2024,1631204,PG,Point of Attack,-1.18,SG,Stationary Shooter,-1.12
Shot Chart Detail,22301166,561,1627936,Alex Caruso,1610612741,Chicago Bulls,4,4,22,Made Shot,Jump Shot,3PT Field Goal,Right Corner 3,Right Side(R),24+ ft.,24,237,43,1,1,20240411,DET,CHI,22301166561,26180,0,201942|202696|1627936|1629632|1629750,1,REG,2024,1631093,SG,Point of Attack,-1.35,SG,Stationary Shooter,-1.12
Shot Chart Detail,22301190,80,1627936,Alex Caruso,1610612741,Chicago Bulls,1,3,35,Missed Shot,Pullup Jump shot,3PT Field Goal,Left Corner 3,Left Side(L),24+ ft.,24,-232,69,1,0,20240414,NYK,CHI,2230119080,5050,0,201942|202696|1627936|1629750|1631207,0,REG,2024,1628973,PG,Low Activity,-0.94,SG,Stationary Shooter,-1.12
Shot Chart Detail,22301190,348,1627936,Alex Caruso,1610612741,Chicago Bulls,3,6,57,Missed Shot,Running Layup Shot,2PT Field Goal,Restricted Area,Center(C),Less Than 8 ft.,3,16,29,1,0,20240414,NYK,CHI,22301190348,17430,0,201942|202696|1627936|1629632|1629750,0,REG,2024,1628973,PG,Low Activity,-0.94,SG,Stationary Shooter,-1.12
Shot Chart Detail,22301190,447,1627936,Alex Caruso,1610612741,Chicago Bulls,3,0,2,Made Shot,Jump Shot,3PT Field Goal,Left Corner 3,Left Side(L),24+ ft.,24,-228,80,1,1,20240414,NYK,CHI,22301190447,21580,0,201942|1627936|1628470|1628975|1629632,1,REG,2024,1628384,SF,Wing Stopper,0.34,SG,Stationary Shooter,-1.12
Shot Chart Detail,22301190,481,1627936,Alex Caruso,1610612741,Chicago Bulls,4,10,7,Made Shot,Step Back Jump shot,2PT Field Goal,Mid-Range,Left Side Center(LC),16-24 ft.,22,-83,209,1,1,20240414,NYK,CHI,22301190481,22730,0,201942|1627936|1629632|1629750|1631207,0,REG,2024,1628392,C,Mobile Big,2.29,SG,Stationary Shooter,-1.12
Shot Chart Detail,22301190,580,1627936,Alex Caruso,1610612741,Chicago Bulls,4,1,51,Made Shot,Jump Shot,3PT Field Goal,Left Corner 3,Left Side(L),24+ ft.,23,-232,-16,1,1,20240414,NYK,CHI,22301190580,27690,0,201942|202696|1627936|1629632|1629750,1,REG,2024,1628973,PG,Low Activity,-0.94,SG,Stationary Shooter,-1.12
Shot Chart Detail,22301190,617,1627936,Alex Caruso,1610612741,Chicago Bulls,5,4,2,Made Shot,Jump Shot,3PT Field Goal,Above the Break 3,Right Side Center(RC),24+ ft.,26,140,220,1,1,20240414,NYK,CHI,22301190617,29380,1,201942|202696|1627936|1629632|1629750,1,REG,2024,1628384,SF,Wing Stopper,0.34,SG,Stationary Shooter,-1.12
Shot Chart Detail,22301190,649,1627936,Alex Caruso,1610612741,Chicago Bulls,5,1,23,Missed Shot,Jump Shot,3PT Field Goal,Left Corner 3,Left Side(L),24+ ft.,23,-230,41,1,0,20240414,NYK,CHI,22301190649,30970,1,201942|202696|1627936|1629632|1629750,0,REG,2024,1628978,SG,Chaser,0.17,SG,Stationary Shooter,-1.12
Shot Chart Detail,22301190,668,1627936,Alex Caruso,1610612741,Chicago Bulls,5,0,14,Made Shot,Finger Roll Layup Shot,2PT Field Goal,Restricted Area,Center(C),Less Than 8 ft.,0,-7,4,1,1,20240414,NYK,CHI,22301190668,31660,1,201942|202696|1627936|1629632|1629750,1,REG,2024,1628973,PG,Low Activity,-0.94,SG,Stationary Shooter,-1.12
Shot Chart Detail,22301211,25,1627936,Alex Caruso,1610612741,Chicago Bulls,1,10,6,Missed Shot,Jump Shot,3PT Field Goal,Right Corner 3,Right Side(R),24+ ft.,22,229,-10,1,0,20231206,CHI,CHA,2230121125,1140,0,201942|202696|1627936|1629632|1630172,0,REG,2024,,,,,SG,Stationary Shooter,-1.12
Shot Chart Detail,22301211,120,1627936,Alex Caruso,1610612741,Chicago Bulls,1,2,3,Missed Shot,Jump Shot,2PT Field Goal,In The Paint (Non-RA),Center(C),Less Than 8 ft.,5,44,33,1,0,20231206,CHI,CHA,22301211120,5970,0,202696|1627936|1628470|1630245|1641763,0,REG,2024,,,,,SG,Stationary Shooter,-1.12
Shot Chart Detail,22301211,270,1627936,Alex Caruso,1610612741,Chicago Bulls,2,4,41,Missed Shot,Driving Floating Jump Shot,2PT Field Goal,Restricted Area,Center(C),Less Than 8 ft.,3,-1,36,1,0,20231206,CHI,CHA,22301211270,11590,0,201942|202696|1627936|1629632|1630172,0,REG,2024,,,,,SG,Stationary Shooter,-1.12
Shot Chart Detail,22301211,345,1627936,Alex Caruso,1610612741,Chicago Bulls,3,10,13,Made Shot,Cutting Layup Shot,2PT Field Goal,Restricted Area,Center(C),Less Than 8 ft.,1,12,1,1,1,20231206,CHI,CHA,22301211345,15470,0,201942|202696|1627936|1629632|1630172,1,REG,2024,1641706,SF,Chaser,-1.91,SG,Stationary Shooter,-1.12
Shot Chart Detail,22301211,485,1627936,Alex Caruso,1610612741,Chicago Bulls,3,0,27,Made Shot,Running Dunk Shot,2PT Field Goal,Restricted Area,Center(C),Less Than 8 ft.,0,-1,3,1,1,20231206,CHI,CHA,22301211485,21330,0,201942|203083|1627936|1628470|1630245,1,REG,2024,,,,,SG,Stationary Shooter,-1.12
Shot Chart Detail,22301211,502,1627936,Alex Caruso,1610612741,Chicago Bulls,4,11,29,Made Shot,Jump Shot,3PT Field Goal,Above the Break 3,Left Side Center(LC),24+ ft.,24,-130,211,1,1,20231206,CHI,CHA,22301211502,21910,0,201942|203083|1627936|1628470|1630245,0,REG,2024,1628970,SF,Wing Stopper,-1.48,SG,Stationary Shooter,-1.12
Shot Chart Detail,22301211,535,1627936,Alex Caruso,1610612741,Chicago Bulls,4,9,25,Made Shot,Driving Layup Shot,2PT Field Goal,Restricted Area,Center(C),Less Than 8 ft.,0,-5,-1,1,1,20231206,CHI,CHA,22301211535,23150,0,201942|203083|1627936|1628470|1628975,0,REG,2024,1631121,SG,Low Activity,-0.69,SG,Stationary Shooter,-1.12
Shot Chart Detail,22301223,38,1627936,Alex Caruso,1610612741,Chicago Bulls,1,9,9,Missed Shot,Cutting Dunk Shot,2PT Field Goal,Restricted Area,Center(C),Less Than 8 ft.,1,11,11,1,0,20231208,SAS,CHI,2230122338,1710,0,201942|202696|1627936|1629632|1630172,0,REG,2024,1641705,C,Anchor Big,2.82,SG,Stationary Shooter,-1.12
Shot Chart Detail,22301223,42,1627936,Alex Caruso,1610612741,Chicago Bulls,1,8,51,Missed Shot,Jump Shot,3PT Field Goal,Above the Break 3,Right Side Center(RC),24+ ft.,25,210,137,1,0,20231208,SAS,CHI,2230122342,1890,0,201942|202696|1627936|1629632|1630172,0,REG,2024,1631110,PF,Wing Stopper,-0.24,SG,Stationary Shooter,-1.12
Shot Chart Detail,22301223,182,1627936,Alex Caruso,1610612741,Chicago Bulls,1,0,4,Missed Shot,Jump Shot,3PT Field Goal,Left Corner 3,Left Side(L),24+ ft.,23,-234,-21,1,0,20231208,SAS,CHI,22301223182,7160,0,201942|203083|1627936|1628975|1630245,0,REG,2024,203926,SF,Low Activity,-1.94,SG,Stationary Shooter,-1.12
Shot Chart Detail,22301223,376,1627936,Alex Caruso,1610612741,Chicago Bulls,3,11,5,Made Shot,Running Finger Roll Layup Shot,2PT Field Goal,Restricted Area,Center(C),Less Than 8 ft.,2,-15,15,1,1,20231208,SAS,CHI,22301223376,14950,0,201942|202696|1627936|1629632|1630172,0,REG,2024,1629640,SF,Wing Stopper,-1.43,SG,Stationary Shooter,-1.12
Shot Chart Detail,22301223,400,1627936,Alex Caruso,1610612741,Chicago Bulls,3,9,31,Made Shot,Tip Dunk Shot,2PT Field Goal,Restricted Area,Center(C),Less Than 8 ft.,0,0,0,1,1,20231208,SAS,CHI,22301223400,15890,0,201942|202696|1627936|1629632|1630172,0,REG,2024,1631103,PG,Chaser,-1.97,SG,Stationary Shooter,-1.12
