GRID_TYPE,GAME_ID,EVENTNUM,PLAYER_ID,PLAYER_NAME,TEAM_ID,TEAM_NAME,PERIOD,MINUTES_REMAINING,SECONDS_REMAINING,EVENT_TYPE,ACTION_TYPE,SHOT_TYPE,SHOT_ZONE_BASIC,SHOT_ZONE_AREA,SHOT_ZONE_RANGE,SHOT_DISTANCE,LOC_X,LOC_Y,SHOT_ATTEMPTED_FLAG,SHOT_MADE_FLAG,GAME_DATE,HTM,VTM,SHOT_ID,time,extra,PLAYERS_ON,assisted,season_type,year,DEF_ID,score_margin,DEF_POSITION,DEF_ROLE,D_LEBRON,dsc,OFF_POSITION,OFF_ROLE,O_LEBRON,ASSIST_ID
Shot Chart Detail,22300011,14,1630578,Alperen Sengun,1610612745,Houston Rockets,1,11,31,Made Shot,Floating Jump shot,2PT Field Goal,Mid-Range,Left Side(L),8-16 ft.,11,-91,63,1,1,20231110,HOU,NOP,2230001114,290,0,1627832|1628415|1630224|1630578|1631095,1,REG,2024,202685,2.0,C,Mobile Big,0.63,Sengun 11' Floating Jump Shot (2 PTS) (VanVleet 1 AST),C,Shot Creator,0.77,1627832.0
Shot Chart Detail,22300011,37,1630578,Alperen Sengun,1610612745,Houston Rockets,1,9,49,Missed Shot,Turnaround Hook Shot,2PT Field Goal,In The Paint (Non-RA),Center(C),Less Than 8 ft.,7,-59,41,1,0,20231110,HOU,NOP,2230001137,1310,0,1627832|1630224|1630256|1630578|1631095,0,REG,2024,202685,1.0,C,Mobile Big,0.63,MISS Sengun 7' Turnaround Hook Shot,C,Shot Creator,0.77,
Shot Chart Detail,22300011,51,1630578,Alperen Sengun,1610612745,Houston Rockets,1,8,33,Made Shot,Driving Dunk Shot,2PT Field Goal,Restricted Area,Center(C),Less Than 8 ft.,1,12,10,1,1,20231110,HOU,NOP,2230001151,2070,0,1627832|1630224|1630256|1630578|1631095,1,REG,2024,202685,1.0,C,Mobile Big,0.63,Sengun 2' Driving Dunk (4 PTS) (VanVleet 3 AST),C,Shot Creator,0.77,1627832.0
Shot Chart Detail,22300011,87,1630578,Alperen Sengun,1610612745,Houston Rockets,1,5,43,Made Shot,Fadeaway Jump Shot,2PT Field Goal,Mid-Range,Right Side(R),16-24 ft.,18,178,42,1,1,20231110,HOU,NOP,2230001187,3770,0,1627832|1628988|1630256|1630578|1631106,0,REG,2024,202685,-6.0,C,Mobile Big,0.63,Sengun 18' Fadeaway Jumper (6 PTS),C,Shot Creator,0.77,
Shot Chart Detail,22300011,98,1630578,Alperen Sengun,1610612745,Houston Rockets,1,4,24,Made Shot,Putback Layup Shot,2PT Field Goal,Restricted Area,Center(C),Less Than 8 ft.,2,15,17,1,1,20231110,HOU,NOP,2230001198,4560,0,1627832|1628988|1630256|1630578|1631106,0,REG,2024,202685,-6.0,C,Mobile Big,0.63,Sengun 2' Putback Layup (8 PTS),C,Shot Creator,0.77,
Shot Chart Detail,22300011,240,1630578,Alperen Sengun,1610612745,Houston Rockets,2,7,13,Missed Shot,Jump Shot,3PT Field Goal,Above the Break 3,Center(C),24+ ft.,25,11,257,1,0,20231110,HOU,NOP,22300011240,10070,0,201145|1627832|1630256|1630578|1631095,0,REG,2024,202685,-1.0,C,Mobile Big,0.63,MISS Sengun 26' 3PT Jump Shot,C,Shot Creator,0.77,
Shot Chart Detail,22300011,252,1630578,Alperen Sengun,1610612745,Houston Rockets,2,5,51,Made Shot,Floating Jump shot,2PT Field Goal,In The Paint (Non-RA),Center(C),8-16 ft.,11,43,103,1,1,20231110,HOU,NOP,22300011252,10890,0,201145|1627832|1630224|1630256|1630578,1,REG,2024,202685,1.0,C,Mobile Big,0.63,Sengun 11' Floating Jump Shot (10 PTS) (VanVleet 4 AST),C,Shot Creator,0.77,1627832.0
Shot Chart Detail,22300011,275,1630578,Alperen Sengun,1610612745,Houston Rockets,2,3,52,Made Shot,Driving Floating Jump Shot,2PT Field Goal,Restricted Area,Center(C),Less Than 8 ft.,3,2,34,1,1,20231110,HOU,NOP,22300011275,12080,0,201145|1628988|1630224|1630256|1630578,1,REG,2024,202685,10.0,C,Mobile Big,0.63,Sengun 3' Driving Floating Jump Shot (12 PTS) (Holiday 2 AST),C,Shot Creator,0.77,1628988.0
Shot Chart Detail,22300011,352,1630578,Alperen Sengun,1610612745,Houston Rockets,3,10,28,Made Shot,Floating Jump shot,2PT Field Goal,In The Paint (Non-RA),Center(C),8-16 ft.,11,-10,118,1,1,20231110,HOU,NOP,22300011352,15320,0,1627832|1628415|1630224|1630578|1631095,1,REG,2024,1630700|202685|1641722,5.0,,,,,C,Shot Creator,0.77,1627832.0
Shot Chart Detail,22300011,357,1630578,Alperen Sengun,1610612745,Houston Rockets,3,9,58,Made Shot,Cutting Dunk Shot,2PT Field Goal,Restricted Area,Center(C),Less Than 8 ft.,2,-5,22,1,1,20231110,HOU,NOP,22300011357,15620,0,1627832|1628415|1630224|1630578|1631095,1,REG,2024,202685,4.0,C,Mobile Big,0.63,Sengun 2' Cutting Dunk Shot (16 PTS) (Smith Jr. 2 AST),C,Shot Creator,0.77,1631095.0
Shot Chart Detail,22300011,364,1630578,Alperen Sengun,1610612745,Houston Rockets,3,9,21,Missed Shot,Hook Shot,2PT Field Goal,In The Paint (Non-RA),Center(C),Less Than 8 ft.,7,-77,15,1,0,20231110,HOU,NOP,22300011364,15990,0,1627832|1628415|1630224|1630578|1631095,0,REG,2024,202685,3.0,C,Mobile Big,0.63,MISS Sengun 8' Hook Shot,C,Shot Creator,0.77,
Shot Chart Detail,22300011,415,1630578,Alperen Sengun,1610612745,Houston Rockets,3,5,48,Made Shot,Turnaround Hook Shot,2PT Field Goal,In The Paint (Non-RA),Right Side(R),8-16 ft.,10,59,85,1,1,20231110,HOU,NOP,22300011415,18120,0,1627832|1630224|1630256|1630578|1631095,0,REG,2024,202685,-3.0,C,Mobile Big,0.63,Sengun 10' Turnaround Hook Shot (18 PTS),C,Shot Creator,0.77,
Shot Chart Detail,22300011,433,1630578,Alperen Sengun,1610612745,Houston Rockets,3,4,28,Missed Shot,Jump Shot,3PT Field Goal,Above the Break 3,Left Side Center(LC),24+ ft.,25,-178,188,1,0,20231110,HOU,NOP,22300011433,18920,0,1627832|1628988|1630256|1630578|1631106,0,REG,2024,202685,-2.0,C,Mobile Big,0.63,MISS Sengun 26' 3PT Jump Shot,C,Shot Creator,0.77,
Shot Chart Detail,22300011,593,1630578,Alperen Sengun,1610612745,Houston Rockets,4,5,50,Made Shot,Cutting Layup Shot,2PT Field Goal,Restricted Area,Center(C),Less Than 8 ft.,1,2,15,1,1,20231110,HOU,NOP,22300011593,25300,0,1627832|1628415|1630224|1630578|1631095,1,REG,2024,202685,-4.0,C,Mobile Big,0.63,Sengun 2' Cutting Layup Shot (20 PTS) (VanVleet 8 AST),C,Shot Creator,0.77,1627832.0
Shot Chart Detail,22300011,650,1630578,Alperen Sengun,1610612745,Houston Rockets,4,2,11,Made Shot,Putback Layup Shot,2PT Field Goal,Restricted Area,Center(C),Less Than 8 ft.,1,-11,15,1,1,20231110,HOU,NOP,22300011650,27490,0,201145|1627832|1628415|1630224|1630578,0,REG,2024,1641722|1626204,-3.0,,,,,C,Shot Creator,0.77,
Shot Chart Detail,22300037,10,1630578,Alperen Sengun,1610612745,Houston Rockets,1,11,20,Missed Shot,Driving Floating Jump Shot,2PT Field Goal,In The Paint (Non-RA),Center(C),8-16 ft.,12,50,113,1,0,20231117,LAC,HOU,2230003710,400,0,1627832|1628415|1630224|1630578|1631095,0,REG,2024,1629611,3.0,SG,Point of Attack,-0.68,MISS Sengun 12' Driving Floating Jump Shot,C,Shot Creator,0.77,
Shot Chart Detail,22300037,14,1630578,Alperen Sengun,1610612745,Houston Rockets,1,10,39,Made Shot,Jump Shot,2PT Field Goal,In The Paint (Non-RA),Left Side(L),8-16 ft.,12,-80,99,1,1,20231117,LAC,HOU,2230003714,810,0,1627832|1628415|1630224|1630578|1631095,1,REG,2024,1627826,2.0,C,Anchor Big,1.4,Sengun 13' Jump Shot (2 PTS) (Brooks 1 AST),C,Shot Creator,0.77,1628415.0
Shot Chart Detail,22300037,97,1630578,Alperen Sengun,1610612745,Houston Rockets,1,3,38,Missed Shot,Driving Layup Shot,2PT Field Goal,In The Paint (Non-RA),Center(C),Less Than 8 ft.,5,-26,50,1,0,20231117,LAC,HOU,2230003797,5020,0,1627832|1628988|1630256|1630578|1631106,0,REG,2024,1628464|201935|202695,-6.0,,,,,C,Shot Creator,0.77,
Shot Chart Detail,22300037,217,1630578,Alperen Sengun,1610612745,Houston Rockets,2,8,15,Made Shot,Jump Shot,3PT Field Goal,Above the Break 3,Center(C),24+ ft.,25,-70,242,1,1,20231117,LAC,HOU,22300037217,9450,0,1627832|1628415|1630578|1631095|1631106,1,REG,2024,1627826,-1.0,C,Anchor Big,1.4,Sengun 25' 3PT Jump Shot (7 PTS) (VanVleet 3 AST),C,Shot Creator,0.77,1627832.0
Shot Chart Detail,22300037,246,1630578,Alperen Sengun,1610612745,Houston Rockets,2,5,39,Made Shot,Jump Shot,3PT Field Goal,Above the Break 3,Right Side Center(RC),24+ ft.,27,119,248,1,1,20231117,LAC,HOU,22300037246,11010,0,1627832|1628415|1630224|1630578|1631095,1,REG,2024,1627826,7.0,C,Anchor Big,1.4,Sengun 28' 3PT Jump Shot (10 PTS) (VanVleet 6 AST),C,Shot Creator,0.77,1627832.0
Shot Chart Detail,22300037,279,1630578,Alperen Sengun,1610612745,Houston Rockets,2,3,32,Missed Shot,Jump Shot,3PT Field Goal,Above the Break 3,Left Side Center(LC),24+ ft.,27,-116,253,1,0,20231117,LAC,HOU,22300037279,12280,0,1628415|1628988|1630224|1630578|1631095,0,REG,2024,1627826,7.0,C,Anchor Big,1.4,MISS Sengun 28' 3PT Jump Shot,C,Shot Creator,0.77,
Shot Chart Detail,22300037,295,1630578,Alperen Sengun,1610612745,Houston Rockets,2,2,59,Missed Shot,Jump Shot,2PT Field Goal,Mid-Range,Left Side(L),16-24 ft.,16,-153,58,1,0,20231117,LAC,HOU,22300037295,12610,0,1627832|1630224|1630578|1631095|1631106,0,REG,2024,1627826,7.0,C,Anchor Big,1.4,MISS Sengun 16' Jump Shot,C,Shot Creator,0.77,
Shot Chart Detail,22300037,324,1630578,Alperen Sengun,1610612745,Houston Rockets,2,0,51,Missed Shot,Jump Shot,3PT Field Goal,Above the Break 3,Left Side Center(LC),24+ ft.,26,-99,248,1,0,20231117,LAC,HOU,22300037324,13890,0,201145|1627832|1630224|1630578|1631106,0,REG,2024,1627826,4.0,C,Anchor Big,1.4,MISS Sengun 27' 3PT Jump Shot,C,Shot Creator,0.77,
Shot Chart Detail,22300037,354,1630578,Alperen Sengun,1610612745,Houston Rockets,3,11,40,Missed Shot,Jump Shot,3PT Field Goal,Above the Break 3,Center(C),24+ ft.,25,6,253,1,0,20231117,LAC,HOU,22300037354,14600,0,1627832|1628415|1630224|1630578|1631095,0,REG,2024,,,,,,,C,Shot Creator,0.77,
Shot Chart Detail,22300037,379,1630578,Alperen Sengun,1610612745,Houston Rockets,3,9,56,Made Shot,Cutting Dunk Shot,2PT Field Goal,Restricted Area,Center(C),Less Than 8 ft.,0,1,2,1,1,20231117,LAC,HOU,22300037379,15640,0,1627832|1628415|1630224|1630578|1631095,1,REG,2024,1627826,-2.0,C,Anchor Big,1.4,Sengun Cutting Dunk Shot (13 PTS) (Ja. Green 3 AST),C,Shot Creator,0.77,1630224.0
Shot Chart Detail,22300037,387,1630578,Alperen Sengun,1610612745,Houston Rockets,3,8,55,Made Shot,Cutting Layup Shot,2PT Field Goal,Restricted Area,Center(C),Less Than 8 ft.,2,21,21,1,1,20231117,LAC,HOU,22300037387,16250,0,1627832|1628415|1630224|1630578|1631095,1,REG,2024,1627826,-2.0,C,Anchor Big,1.4,Sengun 3' Cutting Layup Shot (15 PTS) (VanVleet 7 AST),C,Shot Creator,0.77,1627832.0
Shot Chart Detail,22300037,429,1630578,Alperen Sengun,1610612745,Houston Rockets,3,5,58,Made Shot,Cutting Dunk Shot,2PT Field Goal,Restricted Area,Center(C),Less Than 8 ft.,1,2,10,1,1,20231117,LAC,HOU,22300037429,18020,0,201145|1627832|1630224|1630578|1631106,1,REG,2024,1628464|1629611,-8.0,,,,,C,Shot Creator,0.77,1627832.0
Shot Chart Detail,22300037,445,1630578,Alperen Sengun,1610612745,Houston Rockets,3,7,11,Missed Shot,Tip Layup Shot,2PT Field Goal,Restricted Area,Center(C),Less Than 8 ft.,2,5,22,1,0,20231117,LAC,HOU,22300037445,17290,0,1627832|1628415|1630224|1630256|1630578,0,REG,2024,202331|1629611,-8.0,,,,,C,Shot Creator,0.77,
Shot Chart Detail,22300037,447,1630578,Alperen Sengun,1610612745,Houston Rockets,3,5,5,Made Shot,Driving Layup Shot,2PT Field Goal,Restricted Area,Center(C),Less Than 8 ft.,3,-26,18,1,1,20231117,LAC,HOU,22300037447,18550,0,201145|1627832|1628988|1630578|1631106,0,REG,2024,1628464,-3.0,C,Mobile Big,0.09,Sengun 3' Driving Layup (20 PTS),C,Shot Creator,0.77,
Shot Chart Detail,22300037,605,1630578,Alperen Sengun,1610612745,Houston Rockets,4,6,4,Missed Shot,Driving Dunk Shot,2PT Field Goal,In The Paint (Non-RA),Center(C),Less Than 8 ft.,4,-32,29,1,0,20231117,LAC,HOU,22300037605,25160,0,1627832|1628415|1630224|1630578|1631095,0,REG,2024,202331,0.0,PF,Helper,0.43,Zubac BLOCK (2 BLK),C,Shot Creator,0.77,
Shot Chart Detail,22300037,621,1630578,Alperen Sengun,1610612745,Houston Rockets,4,4,31,Missed Shot,Jump Shot,2PT Field Goal,Mid-Range,Center(C),16-24 ft.,17,29,168,1,0,20231117,LAC,HOU,22300037621,26090,0,1627832|1628415|1630224|1630578|1631095,0,REG,2024,1627826,0.0,C,Anchor Big,1.4,MISS Sengun 17' Jump Shot,C,Shot Creator,0.77,
Shot Chart Detail,22300037,636,1630578,Alperen Sengun,1610612745,Houston Rockets,4,3,41,Missed Shot,Cutting Layup Shot,2PT Field Goal,In The Paint (Non-RA),Center(C),Less Than 8 ft.,5,22,46,1,0,20231117,LAC,HOU,22300037636,26590,0,1627832|1628415|1630224|1630578|1631095,0,REG,2024,1627826,0.0,C,Anchor Big,1.4,MISS Sengun 5' Cutting Layup Shot,C,Shot Creator,0.77,
Shot Chart Detail,22300037,654,1630578,Alperen Sengun,1610612745,Houston Rockets,4,2,16,Made Shot,Driving Finger Roll Layup Shot,2PT Field Goal,Restricted Area,Center(C),Less Than 8 ft.,0,6,5,1,1,20231117,LAC,HOU,22300037654,27440,0,1627832|1628415|1630224|1630578|1631095,1,REG,2024,1627826,5.0,C,Anchor Big,1.4,Sengun 1' Driving Finger Roll Layup (22 PTS) (Ja. Green 5 AST),C,Shot Creator,0.77,1630224.0
Shot Chart Detail,22300048,8,1630578,Alperen Sengun,1610612745,Houston Rockets,1,11,18,Missed Shot,Hook Shot,2PT Field Goal,In The Paint (Non-RA),Center(C),8-16 ft.,8,4,84,1,0,20231124,HOU,DEN,223000488,420,0,1627832|1628415|1630224|1630578|1631095,0,REG,2024,203999,-2.0,C,Mobile Big,1.66,MISS Sengun 8' Hook Shot,C,Shot Creator,0.77,
Shot Chart Detail,22300048,32,1630578,Alperen Sengun,1610612745,Houston Rockets,1,8,30,Made Shot,Driving Layup Shot,2PT Field Goal,Restricted Area,Center(C),Less Than 8 ft.,2,-12,17,1,1,20231124,HOU,DEN,2230004832,2100,0,1627832|1628415|1630224|1630578|1631095,1,REG,2024,203932,8.0,PF,Wing Stopper,0.44,Sengun 2' Driving Layup (2 PTS) (Smith Jr. 1 AST),C,Shot Creator,0.77,1631095.0
Shot Chart Detail,22300048,36,1630578,Alperen Sengun,1610612745,Houston Rockets,1,7,52,Missed Shot,Turnaround Hook Shot,2PT Field Goal,In The Paint (Non-RA),Left Side(L),8-16 ft.,8,-78,32,1,0,20231124,HOU,DEN,2230004836,2480,0,1627832|1628415|1630224|1630578|1631095,0,REG,2024,203999,8.0,C,Mobile Big,1.66,MISS Sengun 8' Turnaround Hook Shot,C,Shot Creator,0.77,
Shot Chart Detail,22300048,56,1630578,Alperen Sengun,1610612745,Houston Rockets,1,5,45,Missed Shot,Jump Shot,3PT Field Goal,Above the Break 3,Right Side Center(RC),24+ ft.,25,97,238,1,0,20231124,HOU,DEN,2230004856,3750,0,1627832|1628415|1630224|1630578|1631095,0,REG,2024,203484,4.0,SG,Wing Stopper,0.8,MISS Sengun 26' 3PT Jump Shot,C,Shot Creator,0.77,
Shot Chart Detail,22300048,64,1630578,Alperen Sengun,1610612745,Houston Rockets,1,5,17,Missed Shot,Running Layup Shot,2PT Field Goal,Restricted Area,Center(C),Less Than 8 ft.,2,-16,21,1,0,20231124,HOU,DEN,2230004864,4030,0,1627832|1628415|1630224|1630578|1631095,0,REG,2024,203932|203999,4.0,,,,,C,Shot Creator,0.77,
Shot Chart Detail,22300048,243,1630578,Alperen Sengun,1610612745,Houston Rockets,2,6,31,Made Shot,Cutting Dunk Shot,2PT Field Goal,Restricted Area,Center(C),Less Than 8 ft.,1,10,16,1,1,20231124,HOU,DEN,22300048243,10490,0,1627832|1628415|1630224|1630578|1631095,1,REG,2024,1629008|203999,26.0,,,,,C,Shot Creator,0.77,1627832.0
Shot Chart Detail,22300048,299,1630578,Alperen Sengun,1610612745,Houston Rockets,2,1,23,Made Shot,Cutting Dunk Shot,2PT Field Goal,Restricted Area,Center(C),Less Than 8 ft.,2,5,21,1,1,20231124,HOU,DEN,22300048299,13570,0,1628988|1630224|1630256|1630578|1631095,1,REG,2024,1629008|203999,22.0,,,,,C,Shot Creator,0.77,1630224.0
Shot Chart Detail,22300048,336,1630578,Alperen Sengun,1610612745,Houston Rockets,3,11,30,Made Shot,Running Dunk Shot,2PT Field Goal,Restricted Area,Center(C),Less Than 8 ft.,1,-10,15,1,1,20231124,HOU,DEN,22300048336,14700,0,1627832|1628415|1630224|1630578|1631095,0,REG,2024,202704,21.0,PG,Chaser,-1.64,Sengun 2' Running Dunk (13 PTS),C,Shot Creator,0.77,
Shot Chart Detail,22300048,339,1630578,Alperen Sengun,1610612745,Houston Rockets,3,10,56,Made Shot,Fadeaway Jump Shot,2PT Field Goal,Mid-Range,Left Side Center(LC),16-24 ft.,17,-76,163,1,1,20231124,HOU,DEN,22300048339,15040,0,1627832|1628415|1630224|1630578|1631095,1,REG,2024,203999,20.0,C,Mobile Big,1.66,Sengun 18' Fadeaway Jumper (15 PTS) (VanVleet 6 AST),C,Shot Creator,0.77,1627832.0
Shot Chart Detail,22300048,347,1630578,Alperen Sengun,1610612745,Houston Rockets,3,10,5,Missed Shot,Jump Shot,3PT Field Goal,Above the Break 3,Center(C),24+ ft.,25,23,250,1,0,20231124,HOU,DEN,22300048347,15550,0,1627832|1628415|1630224|1630578|1631095,0,REG,2024,203999,20.0,C,Mobile Big,1.66,MISS Sengun 25' 3PT Jump Shot,C,Shot Creator,0.77,
Shot Chart Detail,22300048,358,1630578,Alperen Sengun,1610612745,Houston Rockets,3,9,8,Made Shot,Driving Finger Roll Layup Shot,2PT Field Goal,Restricted Area,Center(C),Less Than 8 ft.,1,-4,17,1,1,20231124,HOU,DEN,22300048358,16120,0,1627832|1628415|1630224|1630578|1631095,0,REG,2024,203999,17.0,C,Mobile Big,1.66,Sengun 2' Driving Finger Roll Layup (17 PTS),C,Shot Creator,0.77,
Shot Chart Detail,22300048,374,1630578,Alperen Sengun,1610612745,Houston Rockets,3,7,21,Made Shot,Fadeaway Jump Shot,2PT Field Goal,Mid-Range,Right Side(R),8-16 ft.,12,96,79,1,1,20231124,HOU,DEN,22300048374,17190,0,1627832|1628415|1630224|1630578|1631095,1,REG,2024,203932|203999,18.0,,,,,C,Shot Creator,0.77,1627832.0
Shot Chart Detail,22300048,418,1630578,Alperen Sengun,1610612745,Houston Rockets,3,3,53,Missed Shot,Floating Jump shot,2PT Field Goal,In The Paint (Non-RA),Center(C),8-16 ft.,8,2,89,1,0,20231124,HOU,DEN,22300048418,19270,0,1627832|1628988|1630256|1630578|1631095,0,REG,2024,203999,22.0,C,Mobile Big,1.66,MISS Sengun 9' Floating Jump Shot,C,Shot Creator,0.77,
Shot Chart Detail,22300048,428,1630578,Alperen Sengun,1610612745,Houston Rockets,3,3,13,Missed Shot,Cutting Layup Shot,2PT Field Goal,Restricted Area,Center(C),Less Than 8 ft.,2,21,14,1,0,20231124,HOU,DEN,22300048428,19670,0,1628988|1630224|1630256|1630578|1631106,0,REG,2024,1629008|203999,22.0,,,,,C,Shot Creator,0.77,
Shot Chart Detail,22300048,518,1630578,Alperen Sengun,1610612745,Houston Rockets,4,9,47,Missed Shot,Driving Layup Shot,2PT Field Goal,In The Paint (Non-RA),Center(C),Less Than 8 ft.,4,-13,38,1,0,20231124,HOU,DEN,22300048518,22930,0,1627832|1628415|1630224|1630578|1631106,0,REG,2024,1630192,12.0,PF,Mobile Big,0.35,MISS Sengun 4' Driving Layup,C,Shot Creator,0.77,
Shot Chart Detail,22300048,542,1630578,Alperen Sengun,1610612745,Houston Rockets,4,8,30,Made Shot,Driving Finger Roll Layup Shot,2PT Field Goal,Restricted Area,Center(C),Less Than 8 ft.,2,-20,8,1,1,20231124,HOU,DEN,22300048542,23700,0,1627832|1628415|1630224|1630578|1631106,0,REG,2024,203999,11.0,C,Mobile Big,1.66,Sengun 2' Driving Finger Roll Layup (21 PTS),C,Shot Creator,0.77,
Shot Chart Detail,22300048,619,1630578,Alperen Sengun,1610612745,Houston Rockets,4,3,33,Missed Shot,Jump Shot,2PT Field Goal,Mid-Range,Center(C),8-16 ft.,15,6,155,1,0,20231124,HOU,DEN,22300048619,26670,0,1627832|1628415|1630224|1630578|1631095,0,REG,2024,203484|203999,17.0,,,,,C,Shot Creator,0.77,
Shot Chart Detail,22300048,649,1630578,Alperen Sengun,1610612745,Houston Rockets,4,1,3,Missed Shot,Jump Shot,3PT Field Goal,Right Corner 3,Right Side(R),24+ ft.,24,237,38,1,0,20231124,HOU,DEN,22300048649,28170,0,1627832|1628415|1630224|1630578|1631095,0,REG,2024,203999,13.0,C,Mobile Big,1.66,MISS Sengun 24' 3PT Jump Shot,C,Shot Creator,0.77,
Shot Chart Detail,22300048,660,1630578,Alperen Sengun,1610612745,Houston Rockets,4,0,1,Missed Shot,Jump Shot,3PT Field Goal,Backcourt,Back Court(BC),Back Court Shot,46,-141,442,1,0,20231124,HOU,DEN,22300048660,28790,0,1627832|1628415|1630224|1630578|1631095,0,REG,2024,,,,,,,C,Shot Creator,0.77,
Shot Chart Detail,22300059,17,1630578,Alperen Sengun,1610612745,Houston Rockets,1,10,55,Made Shot,Fadeaway Jump Shot,2PT Field Goal,In The Paint (Non-RA),Center(C),8-16 ft.,10,4,100,1,1,20231128,DAL,HOU,2230005917,650,0,1627832|1628415|1630224|1630578|1631095,1,REG,2024,1641726,-1.0,C,Anchor Big,1.45,Sengun 10' Fadeaway Jumper (2 PTS) (VanVleet 1 AST),C,Shot Creator,0.77,1627832.0
Shot Chart Detail,22300059,41,1630578,Alperen Sengun,1610612745,Houston Rockets,1,9,0,Missed Shot,Layup Shot,2PT Field Goal,Restricted Area,Center(C),Less Than 8 ft.,1,13,4,1,0,20231128,DAL,HOU,2230005941,1800,0,1627832|1628415|1630224|1630578|1631095,0,REG,2024,1641726|1630182|202681,0.0,,,,,C,Shot Creator,0.77,
Shot Chart Detail,22300059,63,1630578,Alperen Sengun,1610612745,Houston Rockets,1,7,19,Missed Shot,Turnaround Fadeaway shot,2PT Field Goal,In The Paint (Non-RA),Center(C),8-16 ft.,12,2,123,1,0,20231128,DAL,HOU,2230005963,2810,0,1627832|1628415|1630224|1630578|1631095,0,REG,2024,,,,,,,C,Shot Creator,0.77,
Shot Chart Detail,22300059,75,1630578,Alperen Sengun,1610612745,Houston Rockets,1,6,28,Missed Shot,Driving Dunk Shot,2PT Field Goal,Restricted Area,Center(C),Less Than 8 ft.,0,2,8,1,0,20231128,DAL,HOU,2230005975,3320,0,1627832|1628415|1630224|1630578|1631095,0,REG,2024,1641726|203501,-4.0,,,,,C,Shot Creator,0.77,
Shot Chart Detail,22300059,91,1630578,Alperen Sengun,1610612745,Houston Rockets,1,5,31,Missed Shot,Jump Shot,3PT Field Goal,Above the Break 3,Right Side Center(RC),24+ ft.,24,175,170,1,0,20231128,DAL,HOU,2230005991,3890,0,1627832|1628415|1628988|1630256|1630578,0,REG,2024,1641726,-4.0,C,Anchor Big,1.45,MISS Sengun 24' 3PT Jump Shot,C,Shot Creator,0.77,
Shot Chart Detail,22300059,112,1630578,Alperen Sengun,1610612745,Houston Rockets,1,4,10,Missed Shot,Floating Jump shot,2PT Field Goal,In The Paint (Non-RA),Center(C),8-16 ft.,10,2,100,1,0,20231128,DAL,HOU,22300059112,4700,0,1627832|1628415|1628988|1630256|1630578,0,REG,2024,1626158,-9.0,C-PF,Anchor Big,0.43,MISS Sengun 10' Floating Jump Shot,C,Shot Creator,0.77,
Shot Chart Detail,22300059,217,1630578,Alperen Sengun,1610612745,Houston Rockets,2,9,9,Made Shot,Driving Layup Shot,2PT Field Goal,Restricted Area,Center(C),Less Than 8 ft.,0,2,7,1,1,20231128,DAL,HOU,22300059217,8910,0,1627832|1628415|1630578|1631095|1631106,1,REG,2024,1641726,-7.0,C,Anchor Big,1.45,Sengun 1' Driving Layup (4 PTS) (VanVleet 3 AST),C,Shot Creator,0.77,1627832.0
Shot Chart Detail,22300059,290,1630578,Alperen Sengun,1610612745,Houston Rockets,2,3,56,Made Shot,Hook Shot,2PT Field Goal,In The Paint (Non-RA),Left Side(L),8-16 ft.,8,-47,65,1,1,20231128,DAL,HOU,22300059290,12040,0,1628988|1630224|1630578|1631095|1631106,1,REG,2024,1626158,-10.0,C-PF,Anchor Big,0.43,Sengun 8' Hook Shot (6 PTS) (Holiday 2 AST),C,Shot Creator,0.77,1628988.0
Shot Chart Detail,22300059,344,1630578,Alperen Sengun,1610612745,Houston Rockets,2,0,51,Made Shot,Floating Jump shot,2PT Field Goal,In The Paint (Non-RA),Center(C),Less Than 8 ft.,6,-61,28,1,1,20231128,DAL,HOU,22300059344,13890,0,1627832|1630224|1630578|1631095|1631106,1,REG,2024,1626158,-2.0,C-PF,Anchor Big,0.43,Sengun 7' Floating Jump Shot (13 PTS) (VanVleet 4 AST),C,Shot Creator,0.77,1627832.0
Shot Chart Detail,22300059,367,1630578,Alperen Sengun,1610612745,Houston Rockets,3,11,36,Made Shot,Step Back Jump shot,2PT Field Goal,Mid-Range,Left Side Center(LC),16-24 ft.,17,-119,134,1,1,20231128,DAL,HOU,22300059367,14640,0,1627832|1628415|1630224|1630578|1631095,0,REG,2024,1641726|202681,-2.0,,,,,C,Shot Creator,0.77,
Shot Chart Detail,22300059,399,1630578,Alperen Sengun,1610612745,Houston Rockets,3,8,38,Missed Shot,Jump Shot,3PT Field Goal,Above the Break 3,Right Side Center(RC),24+ ft.,25,80,240,1,0,20231128,DAL,HOU,22300059399,16420,0,1627832|1628415|1630224|1630578|1631095,0,REG,2024,1641726,2.0,C,Anchor Big,1.45,MISS Sengun 25' 3PT Jump Shot,C,Shot Creator,0.77,
Shot Chart Detail,22300059,446,1630578,Alperen Sengun,1610612745,Houston Rockets,3,5,6,Missed Shot,Hook Shot,2PT Field Goal,Restricted Area,Center(C),Less Than 8 ft.,3,20,31,1,0,20231128,DAL,HOU,22300059446,18540,0,1627832|1628415|1628988|1630256|1630578,0,REG,2024,1629029|1626158,2.0,,,,,C,Shot Creator,0.77,
Shot Chart Detail,22300059,593,1630578,Alperen Sengun,1610612745,Houston Rockets,4,8,35,Made Shot,Driving Layup Shot,2PT Field Goal,Restricted Area,Center(C),Less Than 8 ft.,2,-1,22,1,1,20231128,DAL,HOU,22300059593,23650,0,1627832|1628415|1628988|1630578|1631095,1,REG,2024,1641726|1627884,2.0,,,,,C,Shot Creator,0.77,1627832.0
Shot Chart Detail,22300059,608,1630578,Alperen Sengun,1610612745,Houston Rockets,4,7,12,Missed Shot,Floating Jump shot,2PT Field Goal,In The Paint (Non-RA),Center(C),Less Than 8 ft.,5,15,58,1,0,20231128,DAL,HOU,22300059608,24480,0,1627832|1628415|1630224|1630578|1631095,0,REG,2024,1629029,-1.0,PG,Low Activity,0.18,MISS Sengun 6' Floating Jump Shot,C,Shot Creator,0.77,
Shot Chart Detail,22300059,627,1630578,Alperen Sengun,1610612745,Houston Rockets,4,5,25,Made Shot,Driving Layup Shot,2PT Field Goal,Restricted Area,Center(C),Less Than 8 ft.,3,30,13,1,1,20231128,DAL,HOU,22300059627,25550,0,1627832|1628415|1630224|1630578|1631095,1,REG,2024,1641726,-3.0,C,Anchor Big,1.45,Sengun 3' Driving Layup (21 PTS) (VanVleet 9 AST),C,Shot Creator,0.77,1627832.0
Shot Chart Detail,22300059,630,1630578,Alperen Sengun,1610612745,Houston Rockets,4,4,47,Missed Shot,Turnaround Fadeaway shot,2PT Field Goal,In The Paint (Non-RA),Center(C),Less Than 8 ft.,7,27,69,1,0,20231128,DAL,HOU,22300059630,25930,0,1627832|1628415|1630224|1630578|1631095,0,REG,2024,1641726,-5.0,C,Anchor Big,1.45,MISS Sengun 7' Turnaround Fadeaway Shot,C,Shot Creator,0.77,
Shot Chart Detail,22300059,652,1630578,Alperen Sengun,1610612745,Houston Rockets,4,3,15,Made Shot,Driving Dunk Shot,2PT Field Goal,Restricted Area,Center(C),Less Than 8 ft.,1,6,11,1,1,20231128,DAL,HOU,22300059652,26850,0,1627832|1628415|1630224|1630578|1631095,1,REG,2024,1641726,-7.0,C,Anchor Big,1.45,Sengun 1' Driving Dunk (23 PTS) (VanVleet 11 AST),C,Shot Creator,0.77,1627832.0
Shot Chart Detail,22300059,683,1630578,Alperen Sengun,1610612745,Houston Rockets,4,0,45,Made Shot,Layup Shot,2PT Field Goal,Restricted Area,Center(C),Less Than 8 ft.,1,-11,0,1,1,20231128,DAL,HOU,22300059683,28350,0,1627832|1628988|1630224|1630578|1631095,1,REG,2024,1641726,-5.0,C,Anchor Big,1.45,Sengun 1' Layup (29 PTS) (Holiday 4 AST),C,Shot Creator,0.77,1628988.0
Shot Chart Detail,22300059,687,1630578,Alperen Sengun,1610612745,Houston Rockets,4,0,22,Made Shot,Driving Layup Shot,2PT Field Goal,Restricted Area,Center(C),Less Than 8 ft.,1,-10,6,1,1,20231128,DAL,HOU,22300059687,28580,0,1627832|1628988|1630224|1630578|1631095,1,REG,2024,1641726,-3.0,C,Anchor Big,1.45,Sengun 1' Driving Layup (31 PTS) (VanVleet 12 AST),C,Shot Creator,0.77,1627832.0
Shot Chart Detail,22300066,25,1630578,Alperen Sengun,1610612745,Houston Rockets,1,10,4,Made Shot,Running Layup Shot,2PT Field Goal,Restricted Area,Center(C),Less Than 8 ft.,3,20,30,1,1,20231025,ORL,HOU,2230006625,1160,0,1627832|1628415|1630224|1630578|1631095,1,REG,2024,1628976,-1.0,C,Anchor Big,1.36,Sengun 4' Running Layup (2 PTS) (Brooks 1 AST),C,Shot Creator,0.77,1628415.0
Shot Chart Detail,22300066,62,1630578,Alperen Sengun,1610612745,Houston Rockets,1,5,59,Made Shot,Jump Shot,2PT Field Goal,Mid-Range,Center(C),8-16 ft.,14,22,141,1,1,20231025,ORL,HOU,2230006662,3610,0,1627832|1628415|1630224|1630578|1631095,1,REG,2024,1628976,-4.0,C,Anchor Big,1.36,Sengun 14' Jump Shot (4 PTS) (VanVleet 1 AST),C,Shot Creator,0.77,1627832.0
Shot Chart Detail,22300066,160,1630578,Alperen Sengun,1610612745,Houston Rockets,1,2,5,Made Shot,Tip Layup Shot,2PT Field Goal,Restricted Area,Center(C),Less Than 8 ft.,3,17,25,1,1,20231025,ORL,HOU,22300066160,5950,0,201145|1630224|1630256|1630578|1641708,0,REG,2024,,,,,,,C,Shot Creator,0.77,
Shot Chart Detail,22300066,168,1630578,Alperen Sengun,1610612745,Houston Rockets,2,11,37,Made Shot,Turnaround Fadeaway shot,2PT Field Goal,Mid-Range,Left Side(L),8-16 ft.,10,-104,1,1,1,20231025,ORL,HOU,22300066168,7430,0,201145|1627832|1630256|1630578|1641708,0,REG,2024,1629021,-7.0,C,Mobile Big,-0.35,Sengun 10' Turnaround Fadeaway (8 PTS),C,Shot Creator,0.77,
Shot Chart Detail,22300066,184,1630578,Alperen Sengun,1610612745,Houston Rockets,2,9,57,Made Shot,Layup Shot,2PT Field Goal,Restricted Area,Center(C),Less Than 8 ft.,3,28,27,1,1,20231025,ORL,HOU,22300066184,8430,0,201145|203493|1627832|1630256|1630578,0,REG,2024,1629021,-9.0,C,Mobile Big,-0.35,Sengun 4' Layup (10 PTS),C,Shot Creator,0.77,
Shot Chart Detail,22300066,214,1630578,Alperen Sengun,1610612745,Houston Rockets,2,7,17,Made Shot,Turnaround Jump Shot,2PT Field Goal,Mid-Range,Right Side(R),16-24 ft.,16,157,48,1,1,20231025,ORL,HOU,22300066214,10030,0,201145|203493|1627832|1630224|1630578,1,REG,2024,1629021,-10.0,C,Mobile Big,-0.35,Sengun 16' Turnaround Jump Shot (13 PTS) (VanVleet 3 AST),C,Shot Creator,0.77,1627832.0
Shot Chart Detail,22300066,291,1630578,Alperen Sengun,1610612745,Houston Rockets,2,2,46,Missed Shot,Tip Layup Shot,2PT Field Goal,Restricted Area,Center(C),Less Than 8 ft.,0,0,0,1,0,20231025,ORL,HOU,22300066291,12740,0,1627832|1628415|1630224|1630578|1631095,0,REG,2024,1630532,-14.0,SF,Helper,1.11,MISS Sengun Tip Layup Shot,C,Shot Creator,0.77,
Shot Chart Detail,22300066,343,1630578,Alperen Sengun,1610612745,Houston Rockets,3,9,11,Missed Shot,Jump Shot,3PT Field Goal,Above the Break 3,Center(C),24+ ft.,26,-16,267,1,0,20231025,ORL,HOU,22300066343,16090,0,1627832|1628415|1630224|1630578|1631095,0,REG,2024,1628976,-6.0,C,Anchor Big,1.36,MISS Sengun 27' 3PT Jump Shot,C,Shot Creator,0.77,
Shot Chart Detail,22300066,402,1630578,Alperen Sengun,1610612745,Houston Rockets,3,4,9,Missed Shot,Layup Shot,2PT Field Goal,Restricted Area,Center(C),Less Than 8 ft.,2,4,22,1,0,20231025,ORL,HOU,22300066402,19110,0,1627832|1628415|1630256|1630578|1641708,0,REG,2024,1628976,-3.0,C,Anchor Big,1.36,MISS Sengun 2' Layup,C,Shot Creator,0.77,
Shot Chart Detail,22300066,490,1630578,Alperen Sengun,1610612745,Houston Rockets,4,11,16,Missed Shot,Jump Shot,2PT Field Goal,In The Paint (Non-RA),Left Side(L),8-16 ft.,10,-64,80,1,0,20231025,ORL,HOU,22300066490,22040,0,203493|1627832|1630224|1630578|1631095,0,REG,2024,1629021,-20.0,C,Mobile Big,-0.35,MISS Sengun 10' Jump Shot,C,Shot Creator,0.77,
Shot Chart Detail,22300066,502,1630578,Alperen Sengun,1610612745,Houston Rockets,4,10,33,Missed Shot,Floating Jump shot,2PT Field Goal,In The Paint (Non-RA),Left Side(L),8-16 ft.,11,-72,86,1,0,20231025,ORL,HOU,22300066502,22470,0,203493|1627832|1630224|1630578|1631095,0,REG,2024,1629021,-21.0,C,Mobile Big,-0.35,MISS Sengun 11' Floating Jump Shot,C,Shot Creator,0.77,
Shot Chart Detail,22300083,8,1630578,Alperen Sengun,1610612745,Houston Rockets,1,11,11,Made Shot,Floating Jump shot,2PT Field Goal,In The Paint (Non-RA),Center(C),Less Than 8 ft.,5,-34,41,1,1,20231027,SAS,HOU,223000838,490,0,1627832|1628415|1630224|1630578|1631095,1,REG,2024,1629640,0.0,SF,Wing Stopper,-1.43,Sengun 5' Floating Jump Shot (2 PTS) (VanVleet 1 AST),C,Shot Creator,0.77,1627832.0
Shot Chart Detail,22300083,60,1630578,Alperen Sengun,1610612745,Houston Rockets,1,7,22,Made Shot,Turnaround Hook Shot,2PT Field Goal,In The Paint (Non-RA),Center(C),Less Than 8 ft.,7,65,31,1,1,20231027,SAS,HOU,2230008360,2780,0,1627832|1628415|1630224|1630578|1631095,1,REG,2024,1628380,3.0,C,Anchor Big,-0.04,Sengun 7' Turnaround Hook Shot (4 PTS) (VanVleet 3 AST),C,Shot Creator,0.77,1627832.0
Shot Chart Detail,22300083,102,1630578,Alperen Sengun,1610612745,Houston Rockets,1,3,44,Missed Shot,Jump Shot,3PT Field Goal,Above the Break 3,Right Side Center(RC),24+ ft.,27,109,253,1,0,20231027,SAS,HOU,22300083102,4960,0,1627832|1630256|1630578|1631095|1641708,0,REG,2024,1628380,1.0,C,Anchor Big,-0.04,MISS Sengun 28' 3PT Jump Shot,C,Shot Creator,0.77,
Shot Chart Detail,22300083,216,1630578,Alperen Sengun,1610612745,Houston Rockets,2,8,10,Missed Shot,Jump Shot,3PT Field Goal,Above the Break 3,Right Side Center(RC),24+ ft.,27,114,248,1,0,20231027,SAS,HOU,22300083216,9500,0,201145|203493|1627832|1628415|1630578,0,REG,2024,,,,,,,C,Shot Creator,0.77,
Shot Chart Detail,22300083,304,1630578,Alperen Sengun,1610612745,Houston Rockets,2,2,22,Missed Shot,Floating Jump shot,2PT Field Goal,In The Paint (Non-RA),Center(C),Less Than 8 ft.,7,-9,70,1,0,20231027,SAS,HOU,22300083304,12980,0,1627832|1630224|1630256|1630578|1631095,0,REG,2024,1628380,5.0,C,Anchor Big,-0.04,MISS Sengun 7' Floating Jump Shot,C,Shot Creator,0.77,
Shot Chart Detail,22300083,329,1630578,Alperen Sengun,1610612745,Houston Rockets,2,0,29,Missed Shot,Turnaround Hook Shot,2PT Field Goal,In The Paint (Non-RA),Center(C),Less Than 8 ft.,6,0,62,1,0,20231027,SAS,HOU,22300083329,14110,0,1627832|1630224|1630256|1630578|1631095,0,REG,2024,1641705,2.0,C,Anchor Big,2.82,MISS Sengun 6' Turnaround Hook Shot,C,Shot Creator,0.77,
Shot Chart Detail,22300083,373,1630578,Alperen Sengun,1610612745,Houston Rockets,3,8,52,Made Shot,Cutting Layup Shot,2PT Field Goal,Restricted Area,Center(C),Less Than 8 ft.,2,6,24,1,1,20231027,SAS,HOU,22300083373,16280,0,1627832|1628415|1630224|1630578|1631095,1,REG,2024,1628380,1.0,C,Anchor Big,-0.04,Sengun 2' Cutting Layup Shot (7 PTS) (VanVleet 6 AST),C,Shot Creator,0.77,1627832.0
Shot Chart Detail,22300083,395,1630578,Alperen Sengun,1610612745,Houston Rockets,3,6,36,Made Shot,Jump Shot,3PT Field Goal,Above the Break 3,Right Side Center(RC),24+ ft.,28,141,242,1,1,20231027,SAS,HOU,22300083395,17640,0,1627832|1628415|1630224|1630578|1631095,1,REG,2024,1628380,4.0,C,Anchor Big,-0.04,Sengun 28' 3PT Jump Shot (10 PTS) (VanVleet 7 AST),C,Shot Creator,0.77,1627832.0
Shot Chart Detail,22300083,417,1630578,Alperen Sengun,1610612745,Houston Rockets,3,4,47,Made Shot,Layup Shot,2PT Field Goal,Restricted Area,Center(C),Less Than 8 ft.,2,-22,13,1,1,20231027,SAS,HOU,22300083417,18730,0,1627832|1628415|1630224|1630578|1631095,0,REG,2024,1628380,1.0,C,Anchor Big,-0.04,Sengun 3' Layup (12 PTS),C,Shot Creator,0.77,
Shot Chart Detail,22300083,499,1630578,Alperen Sengun,1610612745,Houston Rockets,4,10,55,Made Shot,Layup Shot,2PT Field Goal,Restricted Area,Center(C),Less Than 8 ft.,3,7,30,1,1,20231027,SAS,HOU,22300083499,22250,0,201145|203493|1627832|1628415|1630578,0,REG,2024,1628380,4.0,C,Anchor Big,-0.04,Sengun 3' Layup (14 PTS),C,Shot Creator,0.77,
Shot Chart Detail,22300083,540,1630578,Alperen Sengun,1610612745,Houston Rockets,4,8,12,Made Shot,Dunk Shot,2PT Field Goal,Restricted Area,Center(C),Less Than 8 ft.,2,6,22,1,1,20231027,SAS,HOU,22300083540,23880,0,201145|203493|1627832|1628415|1630578,1,REG,2024,203926,3.0,SF,Low Activity,-1.94,Sengun 2' Dunk (16 PTS) (VanVleet 9 AST),C,Shot Creator,0.77,1627832.0
Shot Chart Detail,22300083,582,1630578,Alperen Sengun,1610612745,Houston Rockets,4,5,25,Missed Shot,Layup Shot,2PT Field Goal,Restricted Area,Center(C),Less Than 8 ft.,2,27,10,1,0,20231027,SAS,HOU,22300083582,25550,0,1628415|1630224|1630578|1631095|1641708,0,REG,2024,1641705,2.0,C,Anchor Big,2.82,Wembanyama BLOCK (1 BLK),C,Shot Creator,0.77,
Shot Chart Detail,22300083,593,1630578,Alperen Sengun,1610612745,Houston Rockets,4,5,14,Made Shot,Tip Layup Shot,2PT Field Goal,Restricted Area,Center(C),Less Than 8 ft.,0,0,0,1,1,20231027,SAS,HOU,22300083593,25660,0,1628415|1630224|1630578|1631095|1641708,0,REG,2024,1630170,4.0,SG,Chaser,-0.97,Sengun Tip Layup Shot (18 PTS),C,Shot Creator,0.77,
Shot Chart Detail,22300083,646,1630578,Alperen Sengun,1610612745,Houston Rockets,4,1,48,Made Shot,Layup Shot,2PT Field Goal,Restricted Area,Center(C),Less Than 8 ft.,2,4,29,1,1,20231027,SAS,HOU,22300083646,27720,0,1627832|1628415|1630224|1630578|1631095,0,REG,2024,1628380,3.0,C,Anchor Big,-0.04,Sengun 3' Layup (21 PTS),C,Shot Creator,0.77,
Shot Chart Detail,22300083,656,1630578,Alperen Sengun,1610612745,Houston Rockets,4,0,47,Missed Shot,Pullup Jump shot,2PT Field Goal,In The Paint (Non-RA),Center(C),Less Than 8 ft.,4,-16,45,1,0,20231027,SAS,HOU,22300083656,28330,0,1627832|1628415|1630224|1630578|1631095,0,REG,2024,1628380,1.0,C,Anchor Big,-0.04,MISS Sengun 5' Pullup Jump Shot,C,Shot Creator,0.77,
Shot Chart Detail,22300083,724,1630578,Alperen Sengun,1610612745,Houston Rockets,5,2,39,Made Shot,Cutting Finger Roll Layup Shot,2PT Field Goal,Restricted Area,Center(C),Less Than 8 ft.,1,-1,11,1,1,20231027,SAS,HOU,22300083724,30210,1,1627832|1628415|1630224|1630578|1631095,1,REG,2024,1641705|1628380,-4.0,,,,,C,Shot Creator,0.77,1627832.0
Shot Chart Detail,22300083,741,1630578,Alperen Sengun,1610612745,Houston Rockets,5,1,58,Made Shot,Cutting Dunk Shot,2PT Field Goal,Restricted Area,Center(C),Less Than 8 ft.,2,7,25,1,1,20231027,SAS,HOU,22300083741,30620,1,1627832|1628415|1630224|1630578|1631095,1,REG,2024,1628380,-3.0,C,Anchor Big,-0.04,Sengun 3' Cutting Dunk Shot (25 PTS) (VanVleet 11 AST),C,Shot Creator,0.77,1627832.0
Shot Chart Detail,22300083,753,1630578,Alperen Sengun,1610612745,Houston Rockets,5,0,59,Missed Shot,Driving Layup Shot,2PT Field Goal,Restricted Area,Center(C),Less Than 8 ft.,2,6,26,1,0,20231027,SAS,HOU,22300083753,31210,1,1627832|1628415|1630224|1630578|1631095,0,REG,2024,1628380,-4.0,C,Anchor Big,-0.04,MISS Sengun 3' Driving Layup,C,Shot Creator,0.77,
Shot Chart Detail,22300096,39,1630578,Alperen Sengun,1610612745,Houston Rockets,1,8,15,Missed Shot,Turnaround Bank shot,2PT Field Goal,In The Paint (Non-RA),Center(C),8-16 ft.,12,18,127,1,0,20231029,HOU,GSW,2230009639,2250,0,1627832|1628415|1630224|1630578|1631095,0,REG,2024,203110,1.0,PF,Mobile Big,2.75,MISS Sengun 13' Turnaround Bank Shot,C,Shot Creator,0.77,
Shot Chart Detail,22300096,163,1630578,Alperen Sengun,1610612745,Houston Rockets,2,10,59,Missed Shot,Jump Shot,3PT Field Goal,Above the Break 3,Center(C),24+ ft.,25,28,255,1,0,20231029,HOU,GSW,22300096163,7810,0,201145|203493|1627832|1630256|1630578,0,REG,2024,203967,-6.0,C,Mobile Big,-0.02,MISS Sengun 26' 3PT Jump Shot,C,Shot Creator,0.77,
Shot Chart Detail,22300096,268,1630578,Alperen Sengun,1610612745,Houston Rockets,2,3,3,Made Shot,Cutting Layup Shot,2PT Field Goal,In The Paint (Non-RA),Center(C),Less Than 8 ft.,7,2,75,1,1,20231029,HOU,GSW,22300096268,12570,0,1627832|1628415|1630224|1630578|1631095,1,REG,2024,202691,-6.0,SF,Helper,-0.81,Sengun 8' Cutting Layup Shot (4 PTS) (Brooks 1 AST),C,Shot Creator,0.77,1628415.0
Shot Chart Detail,22300096,272,1630578,Alperen Sengun,1610612745,Houston Rockets,2,2,32,Made Shot,Jump Shot,3PT Field Goal,Above the Break 3,Center(C),24+ ft.,25,1,255,1,1,20231029,HOU,GSW,22300096272,12880,0,1627832|1628415|1630224|1630578|1631095,1,REG,2024,1626172,-6.0,C,Mobile Big,0.95,Sengun 26' 3PT Jump Shot (7 PTS) (Smith Jr. 3 AST),C,Shot Creator,0.77,1631095.0
Shot Chart Detail,22300096,296,1630578,Alperen Sengun,1610612745,Houston Rockets,2,0,32,Made Shot,Floating Jump shot,2PT Field Goal,In The Paint (Non-RA),Center(C),8-16 ft.,11,-1,110,1,1,20231029,HOU,GSW,22300096296,14080,0,1627832|1630224|1630256|1630578|1631095,0,REG,2024,1626172,-8.0,C,Mobile Big,0.95,Sengun 11' Floating Jump Shot (9 PTS),C,Shot Creator,0.77,
Shot Chart Detail,22300096,318,1630578,Alperen Sengun,1610612745,Houston Rockets,3,11,25,Missed Shot,Turnaround Fadeaway shot,2PT Field Goal,In The Paint (Non-RA),Center(C),8-16 ft.,9,10,99,1,0,20231029,HOU,GSW,22300096318,14750,0,1627832|1628415|1630224|1630578|1631095,0,REG,2024,1626172,-11.0,C,Mobile Big,0.95,MISS Sengun 10' Turnaround Fadeaway Shot,C,Shot Creator,0.77,
Shot Chart Detail,22300096,322,1630578,Alperen Sengun,1610612745,Houston Rockets,3,10,57,Made Shot,Driving Layup Shot,2PT Field Goal,Restricted Area,Center(C),Less Than 8 ft.,1,-17,10,1,1,20231029,HOU,GSW,22300096322,15030,0,1627832|1628415|1630224|1630578|1631095,0,REG,2024,202691,-12.0,SF,Helper,-0.81,Sengun 2' Driving Layup (11 PTS),C,Shot Creator,0.77,
Shot Chart Detail,22300096,336,1630578,Alperen Sengun,1610612745,Houston Rockets,3,9,50,Missed Shot,Jump Shot,2PT Field Goal,Mid-Range,Right Side(R),8-16 ft.,15,116,97,1,0,20231029,HOU,GSW,22300096336,15700,0,1627832|1628415|1630224|1630578|1631095,0,REG,2024,203110,-10.0,PF,Mobile Big,2.75,MISS Sengun 15' Jump Shot,C,Shot Creator,0.77,
Shot Chart Detail,22300096,399,1630578,Alperen Sengun,1610612745,Houston Rockets,3,4,44,Made Shot,Turnaround Hook Shot,2PT Field Goal,In The Paint (Non-RA),Center(C),Less Than 8 ft.,5,5,57,1,1,20231029,HOU,GSW,22300096399,18760,0,1627832|1628415|1630578|1631095|1641708,0,REG,2024,203967,-3.0,C,Mobile Big,-0.02,Sengun 6' Turnaround Hook Shot (15 PTS),C,Shot Creator,0.77,
Shot Chart Detail,22300096,418,1630578,Alperen Sengun,1610612745,Houston Rockets,3,3,33,Missed Shot,Cutting Layup Shot,2PT Field Goal,In The Paint (Non-RA),Center(C),Less Than 8 ft.,5,0,58,1,0,20231029,HOU,GSW,22300096418,19470,0,201145|1627832|1630256|1630578|1641708,0,REG,2024,203967,-3.0,C,Mobile Big,-0.02,MISS Sengun 6' Cutting Layup Shot,C,Shot Creator,0.77,
Shot Chart Detail,22300096,420,1630578,Alperen Sengun,1610612745,Houston Rockets,3,3,30,Missed Shot,Tip Layup Shot,2PT Field Goal,Restricted Area,Center(C),Less Than 8 ft.,0,0,0,1,0,20231029,HOU,GSW,22300096420,19500,0,201145|1627832|1630256|1630578|1641708,0,REG,2024,203967,-3.0,C,Mobile Big,-0.02,MISS Sengun Tip Layup Shot,C,Shot Creator,0.77,
Shot Chart Detail,22300096,428,1630578,Alperen Sengun,1610612745,Houston Rockets,3,2,41,Made Shot,Turnaround Hook Shot,2PT Field Goal,In The Paint (Non-RA),Center(C),Less Than 8 ft.,4,-20,43,1,1,20231029,HOU,GSW,22300096428,19990,0,201145|1627832|1630256|1630578|1641708,1,REG,2024,203967|1627780,-4.0,,,,,C,Shot Creator,0.77,1627832.0
Shot Chart Detail,22300096,545,1630578,Alperen Sengun,1610612745,Houston Rockets,4,7,22,Missed Shot,Dunk Shot,2PT Field Goal,Restricted Area,Center(C),Less Than 8 ft.,1,-13,15,1,0,20231029,HOU,GSW,22300096545,24380,0,1627832|1628415|1630224|1630256|1630578,0,REG,2024,1630541,0.0,SG,Chaser,0.0,MISS Sengun 2' Dunk,C,Shot Creator,0.77,
Shot Chart Detail,22300096,602,1630578,Alperen Sengun,1610612745,Houston Rockets,4,4,8,Missed Shot,Tip Layup Shot,2PT Field Goal,Restricted Area,Center(C),Less Than 8 ft.,0,0,0,1,0,20231029,HOU,GSW,22300096602,26320,0,1627832|1628415|1630224|1630256|1630578,0,REG,2024,203952|202691,-5.0,,,,,C,Shot Creator,0.77,
Shot Chart Detail,22300096,643,1630578,Alperen Sengun,1610612745,Houston Rockets,4,0,26,Made Shot,Reverse Layup Shot,2PT Field Goal,Restricted Area,Center(C),Less Than 8 ft.,1,-9,7,1,1,20231029,HOU,GSW,22300096643,28540,0,1627832|1628415|1630224|1630578|1631095,1,REG,2024,203110,-9.0,PF,Mobile Big,2.75,Sengun 1' Reverse Layup (19 PTS) (VanVleet 4 AST),C,Shot Creator,0.77,1627832.0
Shot Chart Detail,22300122,10,1630578,Alperen Sengun,1610612745,Houston Rockets,1,11,4,Made Shot,Floating Jump shot,2PT Field Goal,In The Paint (Non-RA),Center(C),8-16 ft.,11,-1,119,1,1,20231101,HOU,CHA,2230012210,560,0,1627832|1628415|1630224|1630578|1631095,1,REG,2024,1631109,0.0,C,Anchor Big,1.06,Sengun 12' Floating Jump Shot (2 PTS) (VanVleet 1 AST),C,Shot Creator,0.77,1627832.0
Shot Chart Detail,22300122,76,1630578,Alperen Sengun,1610612745,Houston Rockets,1,4,45,Made Shot,Jump Shot,2PT Field Goal,In The Paint (Non-RA),Center(C),8-16 ft.,10,7,103,1,1,20231101,HOU,CHA,2230012276,4350,0,1627832|1628415|1630256|1630578|1641708,1,REG,2024,1631109,5.0,C,Anchor Big,1.06,Sengun 10' Jump Shot (4 PTS) (Tate 1 AST),C,Shot Creator,0.77,1630256.0
Shot Chart Detail,22300122,85,1630578,Alperen Sengun,1610612745,Houston Rockets,1,3,50,Made Shot,Reverse Layup Shot,2PT Field Goal,Restricted Area,Center(C),Less Than 8 ft.,1,-17,4,1,1,20231101,HOU,CHA,2230012285,4900,0,1627832|1628415|1630256|1630578|1641708,0,REG,2024,1631109,7.0,C,Anchor Big,1.06,Sengun 2' Reverse Layup (6 PTS),C,Shot Creator,0.77,
Shot Chart Detail,22300122,214,1630578,Alperen Sengun,1610612745,Houston Rockets,2,7,52,Made Shot,Cutting Dunk Shot,2PT Field Goal,Restricted Area,Center(C),Less Than 8 ft.,1,1,17,1,1,20231101,HOU,CHA,22300122214,9680,0,201145|1627832|1628415|1630224|1630578,1,REG,2024,,,,,,,C,Shot Creator,0.77,1630224.0
Shot Chart Detail,22300122,271,1630578,Alperen Sengun,1610612745,Houston Rockets,2,4,27,Missed Shot,Driving Hook Shot,2PT Field Goal,Restricted Area,Center(C),Less Than 8 ft.,3,0,37,1,0,20231101,HOU,CHA,22300122271,11730,0,1627832|1628415|1630224|1630578|1631095,0,REG,2024,1631109,11.0,C,Anchor Big,1.06,MISS Sengun 4' Driving Hook Shot,C,Shot Creator,0.77,
Shot Chart Detail,22300122,273,1630578,Alperen Sengun,1610612745,Houston Rockets,2,4,16,Made Shot,Turnaround Hook Shot,2PT Field Goal,In The Paint (Non-RA),Center(C),Less Than 8 ft.,7,55,45,1,1,20231101,HOU,CHA,22300122273,11840,0,1627832|1628415|1630224|1630578|1631095,0,REG,2024,1631109,13.0,C,Anchor Big,1.06,Sengun 7' Turnaround Hook Shot (10 PTS),C,Shot Creator,0.77,
Shot Chart Detail,22300122,281,1630578,Alperen Sengun,1610612745,Houston Rockets,2,3,16,Missed Shot,Turnaround Hook Shot,2PT Field Goal,In The Paint (Non-RA),Center(C),Less Than 8 ft.,6,55,34,1,0,20231101,HOU,CHA,22300122281,12440,0,1627832|1628415|1630224|1630578|1631095,0,REG,2024,1631109,9.0,C,Anchor Big,1.06,MISS Sengun 6' Turnaround Hook Shot,C,Shot Creator,0.77,
Shot Chart Detail,22300122,378,1630578,Alperen Sengun,1610612745,Houston Rockets,3,7,34,Missed Shot,Driving Layup Shot,2PT Field Goal,Restricted Area,Center(C),Less Than 8 ft.,2,23,16,1,0,20231101,HOU,CHA,22300122378,17060,0,1627832|1628415|1630224|1630578|1631095,0,REG,2024,1631109,12.0,C,Anchor Big,1.06,MISS Sengun 3' Driving Layup,C,Shot Creator,0.77,
Shot Chart Detail,22300122,408,1630578,Alperen Sengun,1610612745,Houston Rockets,3,5,34,Made Shot,Jump Shot,3PT Field Goal,Above the Break 3,Left Side Center(LC),24+ ft.,25,-138,215,1,1,20231101,HOU,CHA,22300122408,18260,0,1627832|1628415|1630256|1630578|1641708,1,REG,2024,1631109,12.0,C,Anchor Big,1.06,Sengun 26' 3PT Jump Shot (13 PTS) (Brooks 3 AST),C,Shot Creator,0.77,1628415.0
Shot Chart Detail,22300122,585,1630578,Alperen Sengun,1610612745,Houston Rockets,4,5,24,Made Shot,Hook Shot,2PT Field Goal,Restricted Area,Center(C),Less Than 8 ft.,3,-10,34,1,1,20231101,HOU,CHA,22300122585,25560,0,201145|1628415|1628988|1630224|1630578,0,REG,2024,1631109,12.0,C,Anchor Big,1.06,Sengun 4' Hook Shot (15 PTS),C,Shot Creator,0.77,
Shot Chart Detail,22300122,601,1630578,Alperen Sengun,1610612745,Houston Rockets,4,4,28,Made Shot,Driving Reverse Layup Shot,2PT Field Goal,Restricted Area,Center(C),Less Than 8 ft.,1,13,5,1,1,20231101,HOU,CHA,22300122601,26120,0,1628415|1628988|1630224|1630578|1631095,0,REG,2024,1631109,10.0,C,Anchor Big,1.06,Sengun 1' Driving Reverse Layup (17 PTS),C,Shot Creator,0.77,
Shot Chart Detail,22300122,650,1630578,Alperen Sengun,1610612745,Houston Rockets,4,0,39,Made Shot,Cutting Dunk Shot,2PT Field Goal,Restricted Area,Center(C),Less Than 8 ft.,2,-20,17,1,1,20231101,HOU,CHA,22300122650,28410,0,1627832|1628415|1630224|1630578|1631095,1,REG,2024,,,,,,,C,Shot Creator,0.77,1630224.0
Shot Chart Detail,22300137,54,1630578,Alperen Sengun,1610612745,Houston Rockets,1,7,7,Missed Shot,Turnaround Hook Shot,2PT Field Goal,In The Paint (Non-RA),Center(C),Less Than 8 ft.,7,28,71,1,0,20231104,HOU,SAC,2230013754,2930,0,1627832|1628415|1630224|1630578|1631095,0,REG,2024,1627734,6.0,C,Mobile Big,1.66,MISS Sengun 8' Turnaround Hook Shot,C,Shot Creator,0.77,
Shot Chart Detail,22300137,83,1630578,Alperen Sengun,1610612745,Houston Rockets,1,5,36,Made Shot,Cutting Layup Shot,2PT Field Goal,Restricted Area,Center(C),Less Than 8 ft.,2,13,25,1,1,20231104,HOU,SAC,2230013783,3840,0,1627832|1628415|1630224|1630256|1630578,1,REG,2024,1627734,14.0,C,Mobile Big,1.66,Sengun 3' Cutting Layup Shot (2 PTS) (Ja. Green 1 AST),C,Shot Creator,0.77,1630224.0
Shot Chart Detail,22300137,95,1630578,Alperen Sengun,1610612745,Houston Rockets,1,4,13,Made Shot,Jump Bank Shot,3PT Field Goal,Above the Break 3,Right Side Center(RC),24+ ft.,25,109,235,1,1,20231104,HOU,SAC,2230013795,4670,0,1627832|1628415|1628988|1630256|1630578,1,REG,2024,1627734,15.0,C,Mobile Big,1.66,Sengun 26' 3PT Jump Bank Shot (5 PTS) (VanVleet 5 AST),C,Shot Creator,0.77,1627832.0
Shot Chart Detail,22300137,194,1630578,Alperen Sengun,1610612745,Houston Rockets,2,8,54,Made Shot,Driving Layup Shot,2PT Field Goal,In The Paint (Non-RA),Center(C),Less Than 8 ft.,6,-32,57,1,1,20231104,HOU,SAC,22300137194,9060,0,1627832|1628415|1630224|1630578|1631095,1,REG,2024,1630537|201580,7.0,,,,,C,Shot Creator,0.77,1627832.0
Shot Chart Detail,22300137,212,1630578,Alperen Sengun,1610612745,Houston Rockets,2,6,43,Made Shot,Cutting Layup Shot,2PT Field Goal,Restricted Area,Center(C),Less Than 8 ft.,2,18,10,1,1,20231104,HOU,SAC,22300137212,10370,0,1627832|1628415|1630224|1630578|1631095,1,REG,2024,201580,8.0,C,Anchor Big,1.15,Sengun 2' Cutting Layup Shot (9 PTS) (VanVleet 8 AST),C,Shot Creator,0.77,1627832.0
Shot Chart Detail,22300137,227,1630578,Alperen Sengun,1610612745,Houston Rockets,2,5,38,Missed Shot,Fadeaway Jump Shot,2PT Field Goal,In The Paint (Non-RA),Center(C),8-16 ft.,8,-11,88,1,0,20231104,HOU,SAC,22300137227,11020,0,1627832|1628415|1630224|1630578|1631095,0,REG,2024,1627734|203084,8.0,,,,,C,Shot Creator,0.77,
Shot Chart Detail,22300137,270,1630578,Alperen Sengun,1610612745,Houston Rockets,2,2,7,Missed Shot,Turnaround Hook Shot,2PT Field Goal,In The Paint (Non-RA),Center(C),Less Than 8 ft.,4,-44,7,1,0,20231104,HOU,SAC,22300137270,13130,0,1628415|1628988|1630224|1630256|1630578,0,REG,2024,1627734,10.0,C,Mobile Big,1.66,MISS Sengun 4' Turnaround Hook Shot,C,Shot Creator,0.77,
Shot Chart Detail,22300137,279,1630578,Alperen Sengun,1610612745,Houston Rockets,2,1,30,Made Shot,Turnaround Hook Shot,2PT Field Goal,In The Paint (Non-RA),Center(C),Less Than 8 ft.,4,6,43,1,1,20231104,HOU,SAC,22300137279,13500,0,1627832|1628415|1630224|1630578|1631095,1,REG,2024,203084,10.0,PF,Wing Stopper,-0.23,Sengun 4' Turnaround Hook Shot (11 PTS) (VanVleet 9 AST),C,Shot Creator,0.77,1627832.0
Shot Chart Detail,22300137,372,1630578,Alperen Sengun,1610612745,Houston Rockets,3,4,40,Missed Shot,Hook Shot,2PT Field Goal,In The Paint (Non-RA),Center(C),Less Than 8 ft.,5,10,59,1,0,20231104,HOU,SAC,22300137372,18800,0,1627832|1628415|1628988|1630256|1630578,0,REG,2024,1627734,-1.0,C,Mobile Big,1.66,MISS Sengun 6' Hook Shot,C,Shot Creator,0.77,
Shot Chart Detail,22300137,393,1630578,Alperen Sengun,1610612745,Houston Rockets,3,3,20,Missed Shot,Jump Shot,3PT Field Goal,Above the Break 3,Center(C),24+ ft.,25,11,255,1,0,20231104,HOU,SAC,22300137393,19600,0,1627832|1628415|1628988|1630256|1630578,0,REG,2024,,,,,,,C,Shot Creator,0.77,
Shot Chart Detail,22300137,530,1630578,Alperen Sengun,1610612745,Houston Rockets,4,7,55,Missed Shot,Jump Shot,3PT Field Goal,Above the Break 3,Left Side Center(LC),24+ ft.,25,-158,200,1,0,20231104,HOU,SAC,22300137530,24050,0,1627832|1628415|1630224|1630578|1631095,0,REG,2024,1627734,5.0,C,Mobile Big,1.66,MISS Sengun 25' 3PT Jump Shot,C,Shot Creator,0.77,
Shot Chart Detail,22300137,562,1630578,Alperen Sengun,1610612745,Houston Rockets,4,6,10,Made Shot,Turnaround Hook Shot,2PT Field Goal,In The Paint (Non-RA),Center(C),Less Than 8 ft.,4,18,38,1,1,20231104,HOU,SAC,22300137562,25100,0,1628415|1628988|1630224|1630578|1631095,1,REG,2024,1627734,9.0,C,Mobile Big,1.66,Sengun 4' Turnaround Hook Shot (13 PTS) (Ja. Green 2 AST),C,Shot Creator,0.77,1630224.0
Shot Chart Detail,22300137,598,1630578,Alperen Sengun,1610612745,Houston Rockets,4,2,53,Made Shot,Cutting Dunk Shot,2PT Field Goal,Restricted Area,Center(C),Less Than 8 ft.,2,4,26,1,1,20231104,HOU,SAC,22300137598,27070,0,1627832|1628415|1630224|1630578|1631095,1,REG,2024,1630537,17.0,SF,Point of Attack,0.2,Sengun 3' Cutting Dunk Shot (15 PTS) (Ja. Green 4 AST),C,Shot Creator,0.77,1630224.0
Shot Chart Detail,22300153,13,1630578,Alperen Sengun,1610612745,Houston Rockets,1,10,55,Missed Shot,Jump Shot,2PT Field Goal,Mid-Range,Right Side Center(RC),16-24 ft.,16,69,147,1,0,20231106,HOU,SAC,2230015313,650,0,1627832|1628415|1630224|1630578|1631095,0,REG,2024,1627734,0.0,C,Mobile Big,1.66,MISS Sengun 16' Jump Shot,C,Shot Creator,0.77,
Shot Chart Detail,22300153,36,1630578,Alperen Sengun,1610612745,Houston Rockets,1,8,38,Missed Shot,Hook Shot,2PT Field Goal,Restricted Area,Center(C),Less Than 8 ft.,2,16,13,1,0,20231106,HOU,SAC,2230015336,2020,0,1627832|1628415|1630224|1630578|1631095,0,REG,2024,1627734,-1.0,C,Mobile Big,1.66,MISS Sengun 2' Hook Shot,C,Shot Creator,0.77,
Shot Chart Detail,22300153,57,1630578,Alperen Sengun,1610612745,Houston Rockets,1,6,50,Missed Shot,Putback Layup Shot,2PT Field Goal,Restricted Area,Center(C),Less Than 8 ft.,0,0,0,1,0,20231106,HOU,SAC,2230015357,3100,0,1627832|1628415|1630224|1630578|1631095,0,REG,2024,1627734,2.0,C,Mobile Big,1.66,MISS Sengun Putback Layup,C,Shot Creator,0.77,
Shot Chart Detail,22300153,226,1630578,Alperen Sengun,1610612745,Houston Rockets,2,6,33,Made Shot,Driving Layup Shot,2PT Field Goal,In The Paint (Non-RA),Center(C),Less Than 8 ft.,6,45,41,1,1,20231106,HOU,SAC,22300153226,10470,0,201145|1627832|1628415|1630256|1630578,0,REG,2024,1627734,14.0,C,Mobile Big,1.66,Sengun 6' Driving Layup (3 PTS),C,Shot Creator,0.77,
Shot Chart Detail,22300153,293,1630578,Alperen Sengun,1610612745,Houston Rockets,2,1,59,Made Shot,Jump Shot,2PT Field Goal,Mid-Range,Left Side Center(LC),16-24 ft.,17,-132,120,1,1,20231106,HOU,SAC,22300153293,13210,0,1627832|1628415|1630224|1630578|1631095,1,REG,2024,203084,23.0,PF,Wing Stopper,-0.23,Sengun 18' Jump Shot (7 PTS) (Brooks 1 AST),C,Shot Creator,0.77,1628415.0
Shot Chart Detail,22300153,331,1630578,Alperen Sengun,1610612745,Houston Rockets,3,11,17,Made Shot,Floating Jump shot,2PT Field Goal,In The Paint (Non-RA),Center(C),8-16 ft.,12,-10,129,1,1,20231106,HOU,SAC,22300153331,14830,0,1627832|1628415|1630224|1630578|1631095,1,REG,2024,1627734,27.0,C,Mobile Big,1.66,Sengun 13' Floating Jump Shot (9 PTS) (VanVleet 4 AST),C,Shot Creator,0.77,1627832.0
Shot Chart Detail,22300153,348,1630578,Alperen Sengun,1610612745,Houston Rockets,3,9,14,Made Shot,Driving Dunk Shot,2PT Field Goal,Restricted Area,Center(C),Less Than 8 ft.,2,12,19,1,1,20231106,HOU,SAC,22300153348,16060,0,1627832|1628415|1630224|1630578|1631095,1,REG,2024,1631099,32.0,SF,Wing Stopper,0.95,Sengun 2' Driving Dunk (11 PTS) (Ja. Green 1 AST),C,Shot Creator,0.77,1630224.0
Shot Chart Detail,22300153,353,1630578,Alperen Sengun,1610612745,Houston Rockets,3,8,40,Missed Shot,Jump Shot,2PT Field Goal,Mid-Range,Right Side(R),8-16 ft.,14,93,108,1,0,20231106,HOU,SAC,22300153353,16400,0,1627832|1628415|1630224|1630578|1631095,0,REG,2024,1627734,32.0,C,Mobile Big,1.66,MISS Sengun 14' Jump Shot,C,Shot Creator,0.77,
Shot Chart Detail,22300153,371,1630578,Alperen Sengun,1610612745,Houston Rockets,3,7,24,Made Shot,Driving Floating Bank Jump Shot,2PT Field Goal,Restricted Area,Center(C),Less Than 8 ft.,3,31,19,1,1,20231106,HOU,SAC,22300153371,17160,0,1627832|1628415|1630224|1630578|1631095,0,REG,2024,1627734,29.0,C,Mobile Big,1.66,Sengun 4' Driving Floating Bank Jump Shot (13 PTS),C,Shot Creator,0.77,
Shot Chart Detail,22300153,381,1630578,Alperen Sengun,1610612745,Houston Rockets,3,6,34,Made Shot,Turnaround Hook Shot,2PT Field Goal,In The Paint (Non-RA),Center(C),Less Than 8 ft.,5,1,55,1,1,20231106,HOU,SAC,22300153381,17660,0,1627832|1628415|1630224|1630256|1630578,0,REG,2024,1627734,30.0,C,Mobile Big,1.66,Sengun 6' Turnaround Hook Shot (15 PTS),C,Shot Creator,0.77,
Shot Chart Detail,22300153,389,1630578,Alperen Sengun,1610612745,Houston Rockets,3,6,2,Made Shot,Cutting Dunk Shot,2PT Field Goal,Restricted Area,Center(C),Less Than 8 ft.,2,-15,17,1,1,20231106,HOU,SAC,22300153389,17980,0,1627832|1628415|1630224|1630256|1630578,1,REG,2024,1627734,29.0,C,Mobile Big,1.66,Sengun 2' Cutting Dunk Shot (17 PTS) (VanVleet 5 AST),C,Shot Creator,0.77,1627832.0
Shot Chart Detail,22300153,400,1630578,Alperen Sengun,1610612745,Houston Rockets,3,5,6,Missed Shot,Jump Shot,3PT Field Goal,Above the Break 3,Left Side Center(LC),24+ ft.,26,-99,250,1,0,20231106,HOU,SAC,22300153400,18540,0,1627832|1628415|1628988|1630256|1630578,0,REG,2024,1627734,32.0,C,Mobile Big,1.66,MISS Sengun 27' 3PT Jump Shot,C,Shot Creator,0.77,
Shot Chart Detail,22300153,419,1630578,Alperen Sengun,1610612745,Houston Rockets,3,2,56,Missed Shot,Jump Shot,3PT Field Goal,Above the Break 3,Center(C),24+ ft.,26,36,266,1,0,20231106,HOU,SAC,22300153419,19840,0,1627832|1628415|1628988|1630256|1630578,0,REG,2024,1627734,32.0,C,Mobile Big,1.66,MISS Sengun 27' 3PT Jump Shot,C,Shot Creator,0.77,
Shot Chart Detail,22300163,11,1630578,Alperen Sengun,1610612745,Houston Rockets,1,11,33,Made Shot,Driving Reverse Layup Shot,2PT Field Goal,Restricted Area,Center(C),Less Than 8 ft.,0,1,-3,1,1,20231108,HOU,LAL,2230016311,270,0,1627832|1628415|1630224|1630578|1631095,0,REG,2024,1626174|1627752,2.0,,,,,C,Shot Creator,0.77,
Shot Chart Detail,22300163,148,1630578,Alperen Sengun,1610612745,Houston Rockets,1,1,29,Made Shot,Driving Hook Shot,2PT Field Goal,In The Paint (Non-RA),Center(C),Less Than 8 ft.,6,0,63,1,1,20231108,HOU,LAL,22300163148,6310,0,1627832|1628415|1630256|1630578|1631106,1,REG,2024,1630658,15.0,C,Anchor Big,-0.23,Sengun 6' Driving Hook Shot (4 PTS) (VanVleet 3 AST),C,Shot Creator,0.77,1627832.0
Shot Chart Detail,22300163,206,1630578,Alperen Sengun,1610612745,Houston Rockets,2,10,45,Made Shot,Driving Layup Shot,2PT Field Goal,Restricted Area,Center(C),Less Than 8 ft.,1,-10,-3,1,1,20231108,HOU,LAL,22300163206,7950,0,1627832|1628415|1630256|1630578|1631106,0,REG,2024,1631108|1629060,15.0,,,,,C,Shot Creator,0.77,
Shot Chart Detail,22300163,234,1630578,Alperen Sengun,1610612745,Houston Rockets,2,8,14,Made Shot,Hook Shot,2PT Field Goal,In The Paint (Non-RA),Center(C),8-16 ft.,9,-4,97,1,1,20231108,HOU,LAL,22300163234,9460,0,1627832|1628415|1630224|1630256|1630578,1,REG,2024,1629060,15.0,PF,Wing Stopper,-0.72,Sengun 10' Hook Shot (9 PTS) (VanVleet 4 AST),C,Shot Creator,0.77,1627832.0
Shot Chart Detail,22300163,255,1630578,Alperen Sengun,1610612745,Houston Rockets,2,6,58,Made Shot,Driving Layup Shot,2PT Field Goal,Restricted Area,Center(C),Less Than 8 ft.,3,22,25,1,1,20231108,HOU,LAL,22300163255,10220,0,1627832|1628415|1630224|1630578|1631095,0,REG,2024,1630559,20.0,SG,Point of Attack,-0.7,Sengun 3' Driving Layup (11 PTS),C,Shot Creator,0.77,
Shot Chart Detail,22300163,275,1630578,Alperen Sengun,1610612745,Houston Rockets,2,5,14,Made Shot,Driving Hook Shot,2PT Field Goal,In The Paint (Non-RA),Center(C),Less Than 8 ft.,5,-13,57,1,1,20231108,HOU,LAL,22300163275,11260,0,1628415|1628988|1630224|1630578|1631095,0,REG,2024,1626174,24.0,PF,Anchor Big,0.68,Sengun 6' Driving Hook Shot (13 PTS),C,Shot Creator,0.77,
Shot Chart Detail,22300163,295,1630578,Alperen Sengun,1610612745,Houston Rockets,2,3,58,Missed Shot,Jump Shot,2PT Field Goal,Mid-Range,Left Side Center(LC),16-24 ft.,16,-123,105,1,0,20231108,HOU,LAL,22300163295,12020,0,1628415|1628988|1630256|1630578|1631095,0,REG,2024,1627752,22.0,PF,Wing Stopper,-0.3,MISS Sengun 16' Jump Shot,C,Shot Creator,0.77,
Shot Chart Detail,22300163,299,1630578,Alperen Sengun,1610612745,Houston Rockets,2,3,38,Missed Shot,Floating Jump shot,2PT Field Goal,In The Paint (Non-RA),Center(C),Less Than 8 ft.,4,-15,39,1,0,20231108,HOU,LAL,22300163299,12220,0,1628415|1628988|1630256|1630578|1631095,0,REG,2024,1626174|1627752,22.0,,,,,C,Shot Creator,0.77,
Shot Chart Detail,22300163,437,1630578,Alperen Sengun,1610612745,Houston Rockets,3,5,4,Made Shot,Jump Shot,2PT Field Goal,Mid-Range,Center(C),16-24 ft.,23,5,232,1,1,20231108,HOU,LAL,22300163437,18560,0,1627832|1628988|1630256|1630578|1631095,1,REG,2024,1629060,23.0,PF,Wing Stopper,-0.72,Sengun 23' Jump Shot (17 PTS) (Tate 1 AST),C,Shot Creator,0.77,1630256.0
Shot Chart Detail,22300163,445,1630578,Alperen Sengun,1610612745,Houston Rockets,3,3,57,Made Shot,Driving Hook Shot,2PT Field Goal,In The Paint (Non-RA),Center(C),Less Than 8 ft.,7,4,73,1,1,20231108,HOU,LAL,22300163445,19230,0,1627832|1628988|1630256|1630578|1631095,0,REG,2024,1629060,22.0,PF,Wing Stopper,-0.72,Sengun 7' Driving Hook Shot (19 PTS),C,Shot Creator,0.77,
Shot Chart Detail,22300182,14,1630578,Alperen Sengun,1610612745,Houston Rockets,1,11,22,Missed Shot,Turnaround Hook Shot,2PT Field Goal,In The Paint (Non-RA),Center(C),8-16 ft.,10,-5,104,1,0,20231112,HOU,DEN,2230018214,380,0,1627832|1628415|1630224|1630578|1631095,0,REG,2024,203999,-3.0,C,Mobile Big,1.66,MISS Sengun 10' Turnaround Hook Shot,C,Shot Creator,0.77,
Shot Chart Detail,22300182,19,1630578,Alperen Sengun,1610612745,Houston Rockets,1,10,47,Made Shot,Jump Shot,2PT Field Goal,In The Paint (Non-RA),Center(C),8-16 ft.,13,47,130,1,1,20231112,HOU,DEN,2230018219,730,0,1627832|1628415|1630224|1630578|1631095,1,REG,2024,203932|203999,-3.0,,,,,C,Shot Creator,0.77,1630224.0
Shot Chart Detail,22300182,23,1630578,Alperen Sengun,1610612745,Houston Rockets,1,10,9,Made Shot,Driving Hook Shot,2PT Field Goal,Restricted Area,Center(C),Less Than 8 ft.,3,-12,38,1,1,20231112,HOU,DEN,2230018223,1110,0,1627832|1628415|1630224|1630578|1631095,1,REG,2024,203999,-3.0,C,Mobile Big,1.66,Sengun 4' Driving Hook Shot (4 PTS) (Ja. Green 2 AST),C,Shot Creator,0.77,1630224.0
Shot Chart Detail,22300182,48,1630578,Alperen Sengun,1610612745,Houston Rockets,1,7,51,Missed Shot,Jump Shot,3PT Field Goal,Above the Break 3,Center(C),24+ ft.,26,50,256,1,0,20231112,HOU,DEN,2230018248,2490,0,1627832|1628415|1630224|1630578|1631095,0,REG,2024,,,,,,,C,Shot Creator,0.77,
Shot Chart Detail,22300182,61,1630578,Alperen Sengun,1610612745,Houston Rockets,1,6,48,Missed Shot,Floating Jump shot,2PT Field Goal,In The Paint (Non-RA),Center(C),8-16 ft.,12,-4,127,1,0,20231112,HOU,DEN,2230018261,3120,0,1627832|1628415|1630224|1630578|1631095,0,REG,2024,203999,-4.0,C,Mobile Big,1.66,MISS Sengun 13' Floating Jump Shot,C,Shot Creator,0.77,
Shot Chart Detail,22300182,86,1630578,Alperen Sengun,1610612745,Houston Rockets,1,4,43,Made Shot,Jump Shot,2PT Field Goal,Mid-Range,Center(C),16-24 ft.,16,15,160,1,1,20231112,HOU,DEN,2230018286,4370,0,1627832|1628415|1628988|1630256|1630578,0,REG,2024,203999,-2.0,C,Mobile Big,1.66,Sengun 16' Jump Shot (6 PTS),C,Shot Creator,0.77,
Shot Chart Detail,22300182,243,1630578,Alperen Sengun,1610612745,Houston Rockets,2,6,25,Missed Shot,Layup Shot,2PT Field Goal,Restricted Area,Center(C),Less Than 8 ft.,3,-25,20,1,0,20231112,HOU,DEN,22300182243,10550,0,201145|1627832|1628415|1630578|1631095,0,REG,2024,203999,-3.0,C,Mobile Big,1.66,MISS Sengun 3' Layup,C,Shot Creator,0.77,
Shot Chart Detail,22300182,273,1630578,Alperen Sengun,1610612745,Houston Rockets,2,3,55,Made Shot,Driving Floating Bank Jump Shot,2PT Field Goal,Restricted Area,Center(C),Less Than 8 ft.,3,17,27,1,1,20231112,HOU,DEN,22300182273,12050,0,201145|1627832|1628415|1630224|1630578,1,REG,2024,203999,-5.0,C,Mobile Big,1.66,Sengun 3' Driving Floating Bank Jump Shot (8 PTS) (VanVleet 2 AST),C,Shot Creator,0.77,1627832.0
Shot Chart Detail,22300182,309,1630578,Alperen Sengun,1610612745,Houston Rockets,2,0,41,Missed Shot,Turnaround Hook Shot,2PT Field Goal,In The Paint (Non-RA),Center(C),Less Than 8 ft.,4,-9,39,1,0,20231112,HOU,DEN,22300182309,13990,0,201145|1627832|1628415|1630224|1630578,0,REG,2024,203999,-7.0,C,Mobile Big,1.66,MISS Sengun 4' Turnaround Hook Shot,C,Shot Creator,0.77,
Shot Chart Detail,22300182,328,1630578,Alperen Sengun,1610612745,Houston Rockets,3,10,46,Made Shot,Jump Shot,2PT Field Goal,Mid-Range,Center(C),16-24 ft.,22,20,221,1,1,20231112,HOU,DEN,22300182328,15140,0,1627832|1628415|1630224|1630578|1631095,0,REG,2024,203999,-4.0,C,Mobile Big,1.66,Sengun 22' Jump Shot (13 PTS),C,Shot Creator,0.77,
Shot Chart Detail,22300182,334,1630578,Alperen Sengun,1610612745,Houston Rockets,3,10,12,Missed Shot,Tip Layup Shot,2PT Field Goal,Restricted Area,Center(C),Less Than 8 ft.,0,0,0,1,0,20231112,HOU,DEN,22300182334,15480,0,1627832|1628415|1630224|1630578|1631095,0,REG,2024,1629008,-4.0,SF,Low Activity,-0.6,MISS Sengun Tip Layup Shot,C,Shot Creator,0.77,
Shot Chart Detail,22300182,344,1630578,Alperen Sengun,1610612745,Houston Rockets,3,8,37,Missed Shot,Jump Shot,3PT Field Goal,Above the Break 3,Center(C),24+ ft.,25,17,252,1,0,20231112,HOU,DEN,22300182344,16430,0,1627832|1628415|1630224|1630578|1631095,0,REG,2024,,,,,,,C,Shot Creator,0.77,
Shot Chart Detail,22300182,373,1630578,Alperen Sengun,1610612745,Houston Rockets,3,6,18,Missed Shot,Layup Shot,2PT Field Goal,In The Paint (Non-RA),Center(C),Less Than 8 ft.,5,44,31,1,0,20231112,HOU,DEN,22300182373,17820,0,1627832|1628415|1630224|1630578|1631095,0,REG,2024,203932|203999,-1.0,,,,,C,Shot Creator,0.77,
Shot Chart Detail,22300182,383,1630578,Alperen Sengun,1610612745,Houston Rockets,3,5,50,Made Shot,Driving Floating Jump Shot,2PT Field Goal,In The Paint (Non-RA),Right Side(R),8-16 ft.,9,50,85,1,1,20231112,HOU,DEN,22300182383,18100,0,1627832|1630224|1630256|1630578|1631095,1,REG,2024,1629008|203999,-1.0,,,,,C,Shot Creator,0.77,1627832.0
Shot Chart Detail,22300182,415,1630578,Alperen Sengun,1610612745,Houston Rockets,3,2,50,Made Shot,Jump Shot,2PT Field Goal,Mid-Range,Right Side(R),16-24 ft.,16,168,0,1,1,20231112,HOU,DEN,22300182415,19900,0,1627832|1628988|1630256|1630578|1631106,1,REG,2024,203999,-3.0,C,Mobile Big,1.66,Sengun 17' Jump Shot (19 PTS) (Eason 2 AST),C,Shot Creator,0.77,1631106.0
Shot Chart Detail,22300182,540,1630578,Alperen Sengun,1610612745,Houston Rockets,4,6,29,Missed Shot,Jump Shot,2PT Field Goal,Mid-Range,Left Side(L),8-16 ft.,13,-100,95,1,0,20231112,HOU,DEN,22300182540,24910,0,201145|1627832|1628415|1628988|1630578,0,REG,2024,203999,7.0,C,Mobile Big,1.66,MISS Sengun 14' Jump Shot,C,Shot Creator,0.77,
Shot Chart Detail,22300182,553,1630578,Alperen Sengun,1610612745,Houston Rockets,4,5,20,Made Shot,Jump Shot,2PT Field Goal,In The Paint (Non-RA),Center(C),8-16 ft.,11,9,119,1,1,20231112,HOU,DEN,22300182553,25600,0,201145|1627832|1628415|1630224|1630578,1,REG,2024,203999,7.0,C,Mobile Big,1.66,Sengun 12' Jump Shot (21 PTS) (Brooks 2 AST),C,Shot Creator,0.77,1628415.0
Shot Chart Detail,22300182,567,1630578,Alperen Sengun,1610612745,Houston Rockets,4,3,49,Made Shot,Cutting Dunk Shot,2PT Field Goal,Restricted Area,Center(C),Less Than 8 ft.,1,5,9,1,1,20231112,HOU,DEN,22300182567,26510,0,201145|1627832|1628415|1630224|1630578,1,REG,2024,203484|203999,10.0,,,,,C,Shot Creator,0.77,1630224.0
Shot Chart Detail,22300216,33,1630578,Alperen Sengun,1610612745,Houston Rockets,1,8,52,Made Shot,Cutting Finger Roll Layup Shot,2PT Field Goal,Restricted Area,Center(C),Less Than 8 ft.,3,0,31,1,1,20231119,LAL,HOU,2230021633,1880,0,1627832|1628415|1630224|1630578|1631095,1,REG,2024,1629629|1626156,-5.0,,,,,C,Shot Creator,0.77,1627832.0
Shot Chart Detail,22300216,48,1630578,Alperen Sengun,1610612745,Houston Rockets,1,7,22,Missed Shot,Fadeaway Jump Shot,2PT Field Goal,In The Paint (Non-RA),Center(C),Less Than 8 ft.,7,-69,17,1,0,20231119,LAL,HOU,2230021648,2780,0,1627832|1628415|1630224|1630578|1631095,0,REG,2024,203076,1.0,C,Anchor Big,2.72,MISS Sengun 7' Fadeaway Jumper,C,Shot Creator,0.77,
Shot Chart Detail,22300216,52,1630578,Alperen Sengun,1610612745,Houston Rockets,1,7,5,Missed Shot,Jump Shot,3PT Field Goal,Above the Break 3,Center(C),24+ ft.,27,25,276,1,0,20231119,LAL,HOU,2230021652,2950,0,1627832|1628415|1630224|1630578|1631095,0,REG,2024,203076,1.0,C,Anchor Big,2.72,MISS Sengun 28' 3PT Jump Shot,C,Shot Creator,0.77,
Shot Chart Detail,22300216,61,1630578,Alperen Sengun,1610612745,Houston Rockets,1,6,22,Made Shot,Driving Floating Jump Shot,2PT Field Goal,In The Paint (Non-RA),Right Side(R),8-16 ft.,9,51,75,1,1,20231119,LAL,HOU,2230021661,3380,0,1627832|1628415|1630224|1630578|1631095,1,REG,2024,203076|1626156,1.0,,,,,C,Shot Creator,0.77,1627832.0
Shot Chart Detail,22300216,84,1630578,Alperen Sengun,1610612745,Houston Rockets,1,5,8,Made Shot,Turnaround Jump Shot,2PT Field Goal,In The Paint (Non-RA),Center(C),8-16 ft.,13,-50,120,1,1,20231119,LAL,HOU,2230021684,4120,0,1627832|1628415|1628988|1630256|1630578,1,REG,2024,203076,6.0,C,Anchor Big,2.72,Sengun 13' Turnaround Jump Shot (6 PTS) (Holiday 1 AST),C,Shot Creator,0.77,1628988.0
Shot Chart Detail,22300216,306,1630578,Alperen Sengun,1610612745,Houston Rockets,2,3,0,Made Shot,Jump Shot,2PT Field Goal,Mid-Range,Left Side Center(LC),16-24 ft.,18,-136,125,1,1,20231119,LAL,HOU,22300216306,12600,0,1628415|1628988|1630224|1630256|1630578,1,REG,2024,203076,3.0,C,Anchor Big,2.72,Sengun 18' Jump Shot (8 PTS) (Tate 2 AST),C,Shot Creator,0.77,1630256.0
Shot Chart Detail,22300216,313,1630578,Alperen Sengun,1610612745,Houston Rockets,2,2,6,Made Shot,Jump Shot,3PT Field Goal,Above the Break 3,Center(C),24+ ft.,27,-1,274,1,1,20231119,LAL,HOU,22300216313,13140,0,1628415|1628988|1630224|1630256|1630578,1,REG,2024,203076,2.0,C,Anchor Big,2.72,Sengun 27' 3PT Jump Shot (11 PTS) (Holiday 2 AST),C,Shot Creator,0.77,1628988.0
Shot Chart Detail,22300216,554,1630578,Alperen Sengun,1610612745,Houston Rockets,4,10,22,Made Shot,Jump Shot,2PT Field Goal,Mid-Range,Center(C),16-24 ft.,19,-5,193,1,1,20231119,LAL,HOU,22300216554,22580,0,1627832|1628415|1630578|1631095|1631106,0,REG,2024,1626174,-6.0,PF,Anchor Big,0.68,Sengun 19' Jump Shot (13 PTS),C,Shot Creator,0.77,
Shot Chart Detail,22300216,563,1630578,Alperen Sengun,1610612745,Houston Rockets,4,9,18,Made Shot,Cutting Layup Shot,2PT Field Goal,Restricted Area,Center(C),Less Than 8 ft.,3,0,39,1,1,20231119,LAL,HOU,22300216563,23220,0,1627832|1628415|1630578|1631095|1631106,1,REG,2024,1630559|2544,-5.0,,,,,C,Shot Creator,0.77,1627832.0
Shot Chart Detail,22300216,577,1630578,Alperen Sengun,1610612745,Houston Rockets,4,8,5,Made Shot,Cutting Layup Shot,2PT Field Goal,Restricted Area,Center(C),Less Than 8 ft.,3,-20,34,1,1,20231119,LAL,HOU,22300216577,23950,0,1627832|1628415|1630578|1631095|1631106,1,REG,2024,203076,-3.0,C,Anchor Big,2.72,Sengun 4' Cutting Layup Shot (17 PTS) (VanVleet 13 AST),C,Shot Creator,0.77,1627832.0
Shot Chart Detail,22300216,592,1630578,Alperen Sengun,1610612745,Houston Rockets,4,6,46,Missed Shot,Hook Shot,2PT Field Goal,In The Paint (Non-RA),Center(C),Less Than 8 ft.,6,-17,64,1,0,20231119,LAL,HOU,22300216592,24740,0,1627832|1628415|1630578|1631095|1631106,0,REG,2024,203076,-5.0,C,Anchor Big,2.72,MISS Sengun 7' Hook Shot,C,Shot Creator,0.77,
Shot Chart Detail,22300216,608,1630578,Alperen Sengun,1610612745,Houston Rockets,4,5,29,Missed Shot,Driving Layup Shot,2PT Field Goal,Restricted Area,Center(C),Less Than 8 ft.,3,-29,21,1,0,20231119,LAL,HOU,22300216608,25510,0,1627832|1628415|1630224|1630578|1631095,0,REG,2024,1629637,-7.0,C,Anchor Big,0.47,MISS Sengun 4' Driving Layup,C,Shot Creator,0.77,
Shot Chart Detail,22300216,651,1630578,Alperen Sengun,1610612745,Houston Rockets,4,1,8,Made Shot,Driving Layup Shot,2PT Field Goal,Restricted Area,Center(C),Less Than 8 ft.,3,-20,23,1,1,20231119,LAL,HOU,22300216651,28120,0,1627832|1628415|1630224|1630578|1631095,1,REG,2024,203076,0.0,C,Anchor Big,2.72,Sengun 3' Driving Layup (19 PTS) (VanVleet 14 AST),C,Shot Creator,0.77,1627832.0
Shot Chart Detail,22300216,658,1630578,Alperen Sengun,1610612745,Houston Rockets,4,0,43,Missed Shot,Driving Hook Shot,2PT Field Goal,In The Paint (Non-RA),Center(C),Less Than 8 ft.,6,4,67,1,0,20231119,LAL,HOU,22300216658,28370,0,1627832|1628415|1630224|1630578|1631095,0,REG,2024,1629060,0.0,PF,Wing Stopper,-0.72,MISS Sengun 7' Driving Hook Shot,C,Shot Creator,0.77,
Shot Chart Detail,22300216,663,1630578,Alperen Sengun,1610612745,Houston Rockets,4,0,17,Made Shot,Hook Shot,2PT Field Goal,Restricted Area,Center(C),Less Than 8 ft.,3,-16,28,1,1,20231119,LAL,HOU,22300216663,28630,0,1627832|1628415|1630224|1630578|1631095,1,REG,2024,1629060,-1.0,PF,Wing Stopper,-0.72,Sengun 3' Hook Shot (21 PTS) (VanVleet 15 AST),C,Shot Creator,0.77,1627832.0
Shot Chart Detail,22300216,671,1630578,Alperen Sengun,1610612745,Houston Rockets,4,0,4,Made Shot,Driving Layup Shot,2PT Field Goal,Restricted Area,Center(C),Less Than 8 ft.,2,-1,26,1,1,20231119,LAL,HOU,22300216671,28760,0,1627832|1628415|1630256|1631095|1631106,1,REG,2024,2544,0.0,PF,Helper,-0.24,Sengun 3' Driving Layup (23 PTS) (VanVleet 16 AST),C,Shot Creator,0.77,1627832.0
Shot Chart Detail,22300224,43,1630578,Alperen Sengun,1610612745,Houston Rockets,1,8,19,Missed Shot,Jump Shot,3PT Field Goal,Above the Break 3,Center(C),24+ ft.,27,-15,278,1,0,20231120,GSW,HOU,2230022443,2210,0,1627832|1628415|1630224|1630578|1631095,0,REG,2024,1626172,-1.0,C,Mobile Big,0.95,MISS Sengun 28' 3PT Jump Shot,C,Shot Creator,0.77,
Shot Chart Detail,22300224,51,1630578,Alperen Sengun,1610612745,Houston Rockets,1,7,40,Made Shot,Putback Dunk Shot,2PT Field Goal,Restricted Area,Center(C),Less Than 8 ft.,0,0,0,1,1,20231120,GSW,HOU,2230022451,2600,0,1627832|1628415|1630224|1630578|1631095,0,REG,2024,101108,1.0,PG,Low Activity,0.12,Sengun Putback Dunk (2 PTS),C,Shot Creator,0.77,
Shot Chart Detail,22300224,70,1630578,Alperen Sengun,1610612745,Houston Rockets,1,6,32,Missed Shot,Layup Shot,2PT Field Goal,Restricted Area,Center(C),Less Than 8 ft.,3,-25,26,1,0,20231120,GSW,HOU,2230022470,3280,0,1627832|1628415|1630224|1630578|1631095,0,REG,2024,203967,-2.0,C,Mobile Big,-0.02,MISS Sengun 4' Layup,C,Shot Creator,0.77,
Shot Chart Detail,22300224,80,1630578,Alperen Sengun,1610612745,Houston Rockets,1,5,54,Missed Shot,Floating Jump shot,2PT Field Goal,In The Paint (Non-RA),Center(C),Less Than 8 ft.,5,-10,58,1,0,20231120,GSW,HOU,2230022480,3660,0,1627832|1628415|1628988|1630578|1631095,0,REG,2024,203967|201939,-2.0,,,,,C,Shot Creator,0.77,
Shot Chart Detail,22300224,91,1630578,Alperen Sengun,1610612745,Houston Rockets,1,4,57,Missed Shot,Layup Shot,2PT Field Goal,Restricted Area,Center(C),Less Than 8 ft.,3,29,22,1,0,20231120,GSW,HOU,2230022491,4230,0,1627832|1628415|1628988|1630578|1631095,0,REG,2024,202691,1.0,SF,Helper,-0.81,MISS Sengun 4' Layup,C,Shot Creator,0.77,
Shot Chart Detail,22300224,93,1630578,Alperen Sengun,1610612745,Houston Rockets,1,4,53,Made Shot,Putback Layup Shot,2PT Field Goal,Restricted Area,Center(C),Less Than 8 ft.,0,0,0,1,1,20231120,GSW,HOU,2230022493,4270,0,1627832|1628415|1628988|1630578|1631095,0,REG,2024,203967,3.0,C,Mobile Big,-0.02,Sengun Putback Layup (4 PTS),C,Shot Creator,0.77,
Shot Chart Detail,22300224,162,1630578,Alperen Sengun,1610612745,Houston Rockets,2,11,38,Made Shot,Driving Hook Shot,2PT Field Goal,In The Paint (Non-RA),Center(C),8-16 ft.,8,-2,88,1,1,20231120,GSW,HOU,22300224162,7420,0,201145|1627832|1628988|1630256|1630578,0,REG,2024,1631218,0.0,PF,Mobile Big,1.2,Sengun 9' Driving Hook Shot (6 PTS),C,Shot Creator,0.77,
Shot Chart Detail,22300224,167,1630578,Alperen Sengun,1610612745,Houston Rockets,2,11,6,Missed Shot,Tip Layup Shot,2PT Field Goal,Restricted Area,Center(C),Less Than 8 ft.,0,0,0,1,0,20231120,GSW,HOU,22300224167,7740,0,201145|1627832|1628988|1630256|1630578,0,REG,2024,202691,0.0,SF,Helper,-0.81,MISS Sengun Tip Layup Shot,C,Shot Creator,0.77,
Shot Chart Detail,22300224,195,1630578,Alperen Sengun,1610612745,Houston Rockets,2,7,48,Missed Shot,Hook Shot,2PT Field Goal,In The Paint (Non-RA),Center(C),Less Than 8 ft.,5,-5,50,1,0,20231120,GSW,HOU,22300224195,9720,0,201145|1627832|1628988|1630256|1630578,0,REG,2024,101108|1631218,-3.0,,,,,C,Shot Creator,0.77,
Shot Chart Detail,22300224,219,1630578,Alperen Sengun,1610612745,Houston Rockets,2,7,12,Made Shot,Jump Shot,3PT Field Goal,Above the Break 3,Center(C),24+ ft.,27,18,278,1,1,20231120,GSW,HOU,22300224219,10080,0,201145|1627832|1630224|1630256|1630578,1,REG,2024,1626172,-2.0,C,Mobile Big,0.95,Sengun 28' 3PT Jump Shot (9 PTS) (VanVleet 4 AST),C,Shot Creator,0.77,1627832.0
Shot Chart Detail,22300224,236,1630578,Alperen Sengun,1610612745,Houston Rockets,2,5,1,Made Shot,Driving Finger Roll Layup Shot,2PT Field Goal,In The Paint (Non-RA),Center(C),Less Than 8 ft.,4,43,12,1,1,20231120,GSW,HOU,22300224236,11390,0,1627832|1630224|1630256|1630578|1631095,1,REG,2024,203952,-5.0,SF,Point of Attack,-0.05,Sengun 4' Driving Finger Roll Layup (11 PTS) (VanVleet 5 AST),C,Shot Creator,0.77,1627832.0
Shot Chart Detail,22300224,242,1630578,Alperen Sengun,1610612745,Houston Rockets,2,4,29,Missed Shot,Floating Jump shot,2PT Field Goal,In The Paint (Non-RA),Center(C),8-16 ft.,10,-32,99,1,0,20231120,GSW,HOU,22300224242,11710,0,1627832|1630224|1630256|1630578|1631095,0,REG,2024,1626172|1630541,-7.0,,,,,C,Shot Creator,0.77,
Shot Chart Detail,22300224,274,1630578,Alperen Sengun,1610612745,Houston Rockets,2,2,5,Made Shot,Cutting Layup Shot,2PT Field Goal,In The Paint (Non-RA),Center(C),Less Than 8 ft.,4,39,31,1,1,20231120,GSW,HOU,22300224274,13150,0,1627832|1630224|1630256|1630578|1631095,1,REG,2024,1626172,-4.0,C,Mobile Big,0.95,Sengun 5' Cutting Layup Shot (13 PTS) (VanVleet 7 AST),C,Shot Creator,0.77,1627832.0
Shot Chart Detail,22300224,323,1630578,Alperen Sengun,1610612745,Houston Rockets,3,11,24,Made Shot,Layup Shot,2PT Field Goal,In The Paint (Non-RA),Center(C),Less Than 8 ft.,4,-38,19,1,1,20231120,GSW,HOU,22300224323,14760,0,1627832|1628415|1630224|1630578|1631095,1,REG,2024,1626172,-8.0,C,Mobile Big,0.95,Sengun 4' Layup (15 PTS) (VanVleet 8 AST),C,Shot Creator,0.77,1627832.0
Shot Chart Detail,22300224,329,1630578,Alperen Sengun,1610612745,Houston Rockets,3,10,42,Made Shot,Jump Shot,3PT Field Goal,Above the Break 3,Center(C),24+ ft.,25,33,251,1,1,20231120,GSW,HOU,22300224329,15180,0,1627832|1628415|1630224|1630578|1631095,1,REG,2024,1626172,-5.0,C,Mobile Big,0.95,Sengun 25' 3PT Jump Shot (18 PTS) (VanVleet 9 AST),C,Shot Creator,0.77,1627832.0
Shot Chart Detail,22300224,389,1630578,Alperen Sengun,1610612745,Houston Rockets,3,6,4,Missed Shot,Turnaround Hook Shot,2PT Field Goal,Restricted Area,Center(C),Less Than 8 ft.,2,-28,1,1,0,20231120,GSW,HOU,22300224389,17960,0,1627832|1628415|1630224|1630578|1631095,0,REG,2024,203967,-12.0,C,Mobile Big,-0.02,MISS Sengun 3' Turnaround Hook Shot,C,Shot Creator,0.77,
Shot Chart Detail,22300224,549,1630578,Alperen Sengun,1610612745,Houston Rockets,4,8,10,Missed Shot,Turnaround Hook Shot,2PT Field Goal,In The Paint (Non-RA),Center(C),Less Than 8 ft.,7,48,56,1,0,20231120,GSW,HOU,22300224549,23900,0,1627832|1628415|1628988|1630578|1631095,0,REG,2024,1626172,-11.0,C,Mobile Big,0.95,MISS Sengun 7' Turnaround Hook Shot,C,Shot Creator,0.77,
Shot Chart Detail,22300224,565,1630578,Alperen Sengun,1610612745,Houston Rockets,4,6,38,Missed Shot,Tip Layup Shot,2PT Field Goal,Restricted Area,Center(C),Less Than 8 ft.,0,0,0,1,0,20231120,GSW,HOU,22300224565,24820,0,1627832|1628415|1628988|1630578|1631095,0,REG,2024,1641764|1626172,-12.0,,,,,C,Shot Creator,0.77,
Shot Chart Detail,22300224,596,1630578,Alperen Sengun,1610612745,Houston Rockets,4,4,36,Made Shot,Driving Dunk Shot,2PT Field Goal,Restricted Area,Center(C),Less Than 8 ft.,1,10,9,1,1,20231120,GSW,HOU,22300224596,26040,0,1627832|1628415|1628988|1630578|1631095,1,REG,2024,203967,-10.0,C,Mobile Big,-0.02,Sengun 1' Driving Dunk (21 PTS) (VanVleet 13 AST),C,Shot Creator,0.77,1627832.0
Shot Chart Detail,22300224,609,1630578,Alperen Sengun,1610612745,Houston Rockets,4,3,21,Made Shot,Hook Shot,2PT Field Goal,In The Paint (Non-RA),Center(C),Less Than 8 ft.,5,20,48,1,1,20231120,GSW,HOU,22300224609,26790,0,1627832|1628415|1628988|1630578|1631095,0,REG,2024,203952|203967,-10.0,,,,,C,Shot Creator,0.77,
Shot Chart Detail,22300224,612,1630578,Alperen Sengun,1610612745,Houston Rockets,4,2,46,Made Shot,Layup Shot,2PT Field Goal,In The Paint (Non-RA),Center(C),Less Than 8 ft.,4,-36,21,1,1,20231120,GSW,HOU,22300224612,27140,0,1627832|1628415|1628988|1630578|1631095,1,REG,2024,101108|203967,-8.0,,,,,C,Shot Creator,0.77,1627832.0
Shot Chart Detail,22300224,630,1630578,Alperen Sengun,1610612745,Houston Rockets,4,0,28,Made Shot,Layup Shot,2PT Field Goal,Restricted Area,Center(C),Less Than 8 ft.,3,33,20,1,1,20231120,GSW,HOU,22300224630,28520,0,1627832|1628415|1628988|1630578|1631095,1,REG,2024,201939,-5.0,PG,Chaser,-1.14,Sengun 4' Layup (28 PTS) (Smith Jr. 2 AST),C,Shot Creator,0.77,1631095.0
Shot Chart Detail,22300224,646,1630578,Alperen Sengun,1610612745,Houston Rockets,4,0,2,Made Shot,Driving Reverse Layup Shot,2PT Field Goal,In The Paint (Non-RA),Center(C),Less Than 8 ft.,5,-48,17,1,1,20231120,GSW,HOU,22300224646,28780,0,1627832|1628415|1628988|1630578|1631095,0,REG,2024,1626172,-5.0,C,Mobile Big,0.95,Sengun 5' Driving Reverse Layup (30 PTS),C,Shot Creator,0.77,
Shot Chart Detail,22300231,55,1630578,Alperen Sengun,1610612745,Houston Rockets,1,6,11,Missed Shot,Floating Jump shot,2PT Field Goal,In The Paint (Non-RA),Center(C),Less Than 8 ft.,7,-4,74,1,0,20231122,HOU,MEM,2230023155,3490,0,1627832|1628415|1630224|1630578|1631095,0,REG,2024,,,,,,,C,Shot Creator,0.77,
Shot Chart Detail,22300231,95,1630578,Alperen Sengun,1610612745,Houston Rockets,1,3,46,Missed Shot,Floating Jump shot,2PT Field Goal,In The Paint (Non-RA),Left Side(L),8-16 ft.,9,-69,61,1,0,20231122,HOU,MEM,2230023195,4940,0,1627832|1628988|1630256|1630578|1631106,0,REG,2024,,,,,,,C,Shot Creator,0.77,
Shot Chart Detail,22300231,159,1630578,Alperen Sengun,1610612745,Houston Rockets,2,11,41,Missed Shot,Jump Shot,2PT Field Goal,Mid-Range,Center(C),16-24 ft.,16,45,156,1,0,20231122,HOU,MEM,22300231159,7390,0,1627832|1630256|1630578|1631095|1631106,0,REG,2024,1628991,-7.0,C,Mobile Big,0.93,MISS Sengun 16' Jump Shot,C,Shot Creator,0.77,
Shot Chart Detail,22300231,194,1630578,Alperen Sengun,1610612745,Houston Rockets,2,9,1,Made Shot,Jump Shot,3PT Field Goal,Above the Break 3,Center(C),24+ ft.,26,29,268,1,1,20231122,HOU,MEM,22300231194,8990,0,1627832|1630256|1630578|1631095|1631106,1,REG,2024,,,,,,,C,Shot Creator,0.77,1631095.0
Shot Chart Detail,22300231,234,1630578,Alperen Sengun,1610612745,Houston Rockets,2,6,3,Made Shot,Driving Floating Jump Shot,2PT Field Goal,Restricted Area,Center(C),Less Than 8 ft.,2,21,20,1,1,20231122,HOU,MEM,22300231234,10770,0,1627832|1628415|1630224|1630578|1631095,1,REG,2024,,,,,,,C,Shot Creator,0.77,1630224.0
Shot Chart Detail,22300231,351,1630578,Alperen Sengun,1610612745,Houston Rockets,3,10,44,Missed Shot,Running Layup Shot,2PT Field Goal,Restricted Area,Center(C),Less Than 8 ft.,1,-18,6,1,0,20231122,HOU,MEM,22300231351,15160,0,1627832|1628415|1630224|1630578|1631095,0,REG,2024,1630583,-4.0,PF,Helper,-0.3,MISS Sengun 2' Running Layup,C,Shot Creator,0.77,
Shot Chart Detail,22300231,425,1630578,Alperen Sengun,1610612745,Houston Rockets,3,5,0,Missed Shot,Driving Layup Shot,2PT Field Goal,Restricted Area,Center(C),Less Than 8 ft.,3,34,17,1,0,20231122,HOU,MEM,22300231425,18600,0,1627832|1628988|1630256|1630578|1631106,0,REG,2024,,,,,,,C,Shot Creator,0.77,
Shot Chart Detail,22300231,549,1630578,Alperen Sengun,1610612745,Houston Rockets,4,9,23,Made Shot,Layup Shot,2PT Field Goal,Restricted Area,Center(C),Less Than 8 ft.,3,6,33,1,1,20231122,HOU,MEM,22300231549,23170,0,1627832|1630224|1630256|1630578|1631106,1,REG,2024,1628991,14.0,C,Mobile Big,0.93,Sengun 3' Layup (8 PTS) (Ja. Green 4 AST),C,Shot Creator,0.77,1630224.0
Shot Chart Detail,22300231,601,1630578,Alperen Sengun,1610612745,Houston Rockets,4,5,45,Made Shot,Turnaround Hook Shot,2PT Field Goal,In The Paint (Non-RA),Left Side(L),8-16 ft.,8,-64,57,1,1,20231122,HOU,MEM,22300231601,25350,0,1627832|1628415|1630224|1630578|1631095,0,REG,2024,1628991|1629723,21.0,,,,,C,Shot Creator,0.77,
Shot Chart Detail,22300263,30,1630578,Alperen Sengun,1610612745,Houston Rockets,1,8,58,Made Shot,Cutting Finger Roll Layup Shot,2PT Field Goal,Restricted Area,Center(C),Less Than 8 ft.,0,-1,6,1,1,20231129,DEN,HOU,2230026330,1820,0,1628415|1628988|1630224|1630578|1631095,1,REG,2024,203200|203999,-3.0,,,,,C,Shot Creator,0.77,1630224.0
Shot Chart Detail,22300263,50,1630578,Alperen Sengun,1610612745,Houston Rockets,1,6,52,Made Shot,Fadeaway Jump Shot,2PT Field Goal,Mid-Range,Right Side(R),8-16 ft.,13,125,37,1,1,20231129,DEN,HOU,2230026350,3080,0,1628415|1628988|1630224|1630578|1631095,1,REG,2024,203999,-10.0,C,Mobile Big,1.66,Sengun 13' Fadeaway Jumper (4 PTS) (Smith Jr. 1 AST),C,Shot Creator,0.77,1631095.0
Shot Chart Detail,22300263,191,1630578,Alperen Sengun,1610612745,Houston Rockets,2,8,44,Missed Shot,Jump Shot,3PT Field Goal,Above the Break 3,Center(C),24+ ft.,24,76,237,1,0,20231129,DEN,HOU,22300263191,9160,0,201145|203493|1630224|1630578|1631106,0,REG,2024,203999,-10.0,C,Mobile Big,1.66,MISS Sengun 25' 3PT Jump Shot,C,Shot Creator,0.77,
Shot Chart Detail,22300263,215,1630578,Alperen Sengun,1610612745,Houston Rockets,2,7,1,Missed Shot,Driving Layup Shot,2PT Field Goal,Restricted Area,Center(C),Less Than 8 ft.,3,-23,20,1,0,20231129,DEN,HOU,22300263215,10190,0,1628415|1628988|1630224|1630578|1631095,0,REG,2024,203999,-12.0,C,Mobile Big,1.66,MISS Sengun 3' Driving Layup,C,Shot Creator,0.77,
Shot Chart Detail,22300263,235,1630578,Alperen Sengun,1610612745,Houston Rockets,2,5,48,Made Shot,Running Layup Shot,2PT Field Goal,Restricted Area,Center(C),Less Than 8 ft.,1,-2,10,1,1,20231129,DEN,HOU,22300263235,10920,0,1628415|1628988|1630224|1630578|1631095,0,REG,2024,203200,-12.0,SG,Chaser,-0.03,Sengun 1' Running Layup (6 PTS),C,Shot Creator,0.77,
Shot Chart Detail,22300263,240,1630578,Alperen Sengun,1610612745,Houston Rockets,2,5,19,Made Shot,Pullup Jump shot,3PT Field Goal,Above the Break 3,Center(C),24+ ft.,25,10,257,1,1,20231129,DEN,HOU,22300263240,11210,0,1628415|1628988|1630224|1630578|1631095,1,REG,2024,203999,-12.0,C,Mobile Big,1.66,Sengun 26' 3PT Pullup Jump Shot (9 PTS) (Holiday 3 AST),C,Shot Creator,0.77,1628988.0
Shot Chart Detail,22300263,249,1630578,Alperen Sengun,1610612745,Houston Rockets,2,4,10,Made Shot,Jump Shot,3PT Field Goal,Above the Break 3,Center(C),24+ ft.,26,-6,263,1,1,20231129,DEN,HOU,22300263249,11900,0,1628415|1628988|1630224|1630578|1631095,1,REG,2024,203999,-13.0,C,Mobile Big,1.66,Sengun 26' 3PT Jump Shot (12 PTS) (Brooks 1 AST),C,Shot Creator,0.77,1628415.0
Shot Chart Detail,22300263,268,1630578,Alperen Sengun,1610612745,Houston Rockets,2,3,11,Missed Shot,Step Back Jump shot,3PT Field Goal,Above the Break 3,Left Side Center(LC),24+ ft.,25,-180,180,1,0,20231129,DEN,HOU,22300263268,12490,0,201145|1628415|1628988|1630578|1631095,0,REG,2024,203999,-13.0,C,Mobile Big,1.66,MISS Sengun 25' 3PT Step Back Jump Shot,C,Shot Creator,0.77,
Shot Chart Detail,22300263,284,1630578,Alperen Sengun,1610612745,Houston Rockets,2,1,46,Missed Shot,Jump Shot,3PT Field Goal,Above the Break 3,Center(C),24+ ft.,26,-12,263,1,0,20231129,DEN,HOU,22300263284,13340,0,201145|1628415|1628988|1630578|1631095,0,REG,2024,203999,-16.0,C,Mobile Big,1.66,MISS Sengun 26' 3PT Jump Shot,C,Shot Creator,0.77,
Shot Chart Detail,22300263,307,1630578,Alperen Sengun,1610612745,Houston Rockets,2,0,34,Missed Shot,Reverse Layup Shot,2PT Field Goal,Restricted Area,Center(C),Less Than 8 ft.,2,18,13,1,0,20231129,DEN,HOU,22300263307,14060,0,201145|1628415|1628988|1630578|1631095,0,REG,2024,203999,-14.0,C,Mobile Big,1.66,MISS Sengun 2' Reverse Layup,C,Shot Creator,0.77,
Shot Chart Detail,22300263,315,1630578,Alperen Sengun,1610612745,Houston Rockets,2,0,0,Missed Shot,Jump Shot,3PT Field Goal,Left Corner 3,Left Side(L),24+ ft.,22,-228,12,1,0,20231129,DEN,HOU,22300263315,14400,0,1628415|1628988|1630224|1630578|1631095,0,REG,2024,203999,-17.0,C,Mobile Big,1.66,MISS Sengun 3PT Jump Shot,C,Shot Creator,0.77,
Shot Chart Detail,22300263,337,1630578,Alperen Sengun,1610612745,Houston Rockets,3,10,48,Made Shot,Cutting Layup Shot,2PT Field Goal,Restricted Area,Center(C),Less Than 8 ft.,2,6,21,1,1,20231129,DEN,HOU,22300263337,15120,0,1628415|1628988|1630224|1630578|1631095,1,REG,2024,203484|203999,-14.0,,,,,C,Shot Creator,0.77,1631095.0
Shot Chart Detail,22300263,345,1630578,Alperen Sengun,1610612745,Houston Rockets,3,9,51,Made Shot,Driving Finger Roll Layup Shot,2PT Field Goal,Restricted Area,Center(C),Less Than 8 ft.,0,7,5,1,1,20231129,DEN,HOU,22300263345,15690,0,1628415|1628988|1630224|1630578|1631095,0,REG,2024,203484|203999,-14.0,,,,,C,Shot Creator,0.77,
Shot Chart Detail,22300263,359,1630578,Alperen Sengun,1610612745,Houston Rockets,3,7,38,Made Shot,Cutting Dunk Shot,2PT Field Goal,Restricted Area,Center(C),Less Than 8 ft.,0,7,5,1,1,20231129,DEN,HOU,22300263359,17020,0,1628415|1628988|1630224|1630578|1631095,1,REG,2024,203999,-15.0,C,Mobile Big,1.66,Sengun 1' Cutting Dunk Shot (18 PTS) (Holiday 4 AST),C,Shot Creator,0.77,1628988.0
Shot Chart Detail,22300263,377,1630578,Alperen Sengun,1610612745,Houston Rockets,3,6,14,Made Shot,Cutting Finger Roll Layup Shot,2PT Field Goal,Restricted Area,Center(C),Less Than 8 ft.,0,5,5,1,1,20231129,DEN,HOU,22300263377,17860,0,1628415|1628988|1630224|1630578|1631095,1,REG,2024,203200|203999,-16.0,,,,,C,Shot Creator,0.77,1630224.0
Shot Chart Detail,22300263,401,1630578,Alperen Sengun,1610612745,Houston Rockets,3,3,53,Missed Shot,Cutting Layup Shot,2PT Field Goal,In The Paint (Non-RA),Center(C),Less Than 8 ft.,4,13,40,1,0,20231129,DEN,HOU,22300263401,19270,0,1628988|1630224|1630578|1631095|1631106,0,REG,2024,203999,-17.0,C,Mobile Big,1.66,Nnaji BLOCK (1 BLK),C,Shot Creator,0.77,
Shot Chart Detail,22300263,568,1630578,Alperen Sengun,1610612745,Houston Rockets,4,7,7,Made Shot,Driving Floating Jump Shot,2PT Field Goal,Restricted Area,Center(C),Less Than 8 ft.,3,5,37,1,1,20231129,DEN,HOU,22300263568,24530,0,201145|1628988|1630224|1630578|1631095,1,REG,2024,203999,-14.0,C,Mobile Big,1.66,Sengun 4' Driving Floating Jump Shot (22 PTS) (Ja. Green 9 AST),C,Shot Creator,0.77,1630224.0
Shot Chart Detail,22300263,574,1630578,Alperen Sengun,1610612745,Houston Rockets,4,6,23,Missed Shot,Fadeaway Jump Shot,2PT Field Goal,Mid-Range,Left Side(L),8-16 ft.,13,-138,6,1,0,20231129,DEN,HOU,22300263574,24970,0,201145|1628988|1630224|1630578|1631095,0,REG,2024,203999,-17.0,C,Mobile Big,1.66,MISS Sengun 14' Fadeaway Jumper,C,Shot Creator,0.77,
Shot Chart Detail,22300291,19,1630578,Alperen Sengun,1610612745,Houston Rockets,1,10,34,Made Shot,Layup Shot,2PT Field Goal,Restricted Area,Center(C),Less Than 8 ft.,3,-5,36,1,1,20231202,LAL,HOU,2230029119,860,0,1627832|1628415|1630224|1630578|1631095,1,REG,2024,1627752,1.0,PF,Wing Stopper,-0.3,Sengun 4' Layup (2 PTS) (Smith Jr. 1 AST),C,Shot Creator,0.77,1631095.0
Shot Chart Detail,22300291,31,1630578,Alperen Sengun,1610612745,Houston Rockets,1,9,15,Missed Shot,Floating Jump shot,2PT Field Goal,In The Paint (Non-RA),Center(C),Less Than 8 ft.,7,21,68,1,0,20231202,LAL,HOU,2230029131,1650,0,1627832|1628415|1630224|1630578|1631095,0,REG,2024,203076,3.0,C,Anchor Big,2.72,Davis BLOCK (1 BLK),C,Shot Creator,0.77,
Shot Chart Detail,22300291,46,1630578,Alperen Sengun,1610612745,Houston Rockets,1,8,22,Made Shot,Jump Shot,2PT Field Goal,Mid-Range,Right Side Center(RC),16-24 ft.,18,86,168,1,1,20231202,LAL,HOU,2230029146,2180,0,1627832|1628415|1630224|1630578|1631095,1,REG,2024,203076,8.0,C,Anchor Big,2.72,Sengun 19' Jump Shot (4 PTS) (VanVleet 2 AST),C,Shot Creator,0.77,1627832.0
Shot Chart Detail,22300291,68,1630578,Alperen Sengun,1610612745,Houston Rockets,1,6,40,Missed Shot,Jump Shot,3PT Field Goal,Above the Break 3,Center(C),24+ ft.,27,-55,273,1,0,20231202,LAL,HOU,2230029168,3200,0,1627832|1628415|1630224|1630578|1631095,0,REG,2024,203076,5.0,C,Anchor Big,2.72,MISS Sengun 28' 3PT Jump Shot,C,Shot Creator,0.77,
Shot Chart Detail,22300291,72,1630578,Alperen Sengun,1610612745,Houston Rockets,1,6,8,Made Shot,Driving Floating Jump Shot,2PT Field Goal,In The Paint (Non-RA),Center(C),8-16 ft.,12,1,122,1,1,20231202,LAL,HOU,2230029172,3520,0,1627832|1628415|1630224|1630578|1631095,1,REG,2024,1631108,7.0,SG,Chaser,-0.21,Sengun 12' Driving Floating Jump Shot (6 PTS) (Brooks 1 AST),C,Shot Creator,0.77,1628415.0
Shot Chart Detail,22300291,92,1630578,Alperen Sengun,1610612745,Houston Rockets,1,4,31,Missed Shot,Jump Shot,2PT Field Goal,Mid-Range,Left Side(L),8-16 ft.,14,-140,5,1,0,20231202,LAL,HOU,2230029192,4490,0,1627832|1628415|1628988|1630256|1630578,0,REG,2024,1631108|203076,7.0,,,,,C,Shot Creator,0.77,
Shot Chart Detail,22300291,96,1630578,Alperen Sengun,1610612745,Houston Rockets,1,4,7,Missed Shot,Jump Shot,3PT Field Goal,Above the Break 3,Center(C),24+ ft.,27,-1,271,1,0,20231202,LAL,HOU,2230029196,4730,0,1627832|1628415|1628988|1630256|1630578,0,REG,2024,203076,4.0,C,Anchor Big,2.72,MISS Sengun 27' 3PT Jump Shot,C,Shot Creator,0.77,
Shot Chart Detail,22300291,124,1630578,Alperen Sengun,1610612745,Houston Rockets,1,2,2,Made Shot,Jump Shot,3PT Field Goal,Above the Break 3,Left Side Center(LC),24+ ft.,26,-126,234,1,1,20231202,LAL,HOU,22300291124,5980,0,1628988|1630224|1630256|1630578|1631106,1,REG,2024,203076,3.0,C,Anchor Big,2.72,Sengun 27' 3PT Jump Shot (9 PTS) (Holiday 1 AST),C,Shot Creator,0.77,1628988.0
Shot Chart Detail,22300291,238,1630578,Alperen Sengun,1610612745,Houston Rockets,2,4,41,Missed Shot,Hook Shot,2PT Field Goal,In The Paint (Non-RA),Center(C),Less Than 8 ft.,4,-1,48,1,0,20231202,LAL,HOU,22300291238,11590,0,1627832|1628415|1630224|1630578|1631095,0,REG,2024,1630559|1631108|203076,-5.0,,,,,C,Shot Creator,0.77,
Shot Chart Detail,22300291,256,1630578,Alperen Sengun,1610612745,Houston Rockets,2,3,31,Missed Shot,Driving Layup Shot,2PT Field Goal,Restricted Area,Center(C),Less Than 8 ft.,3,-9,32,1,0,20231202,LAL,HOU,22300291256,12290,0,1627832|1628415|1630224|1630578|1631095,0,REG,2024,203076,-9.0,C,Anchor Big,2.72,MISS Sengun 3' Driving Layup,C,Shot Creator,0.77,
Shot Chart Detail,22300291,326,1630578,Alperen Sengun,1610612745,Houston Rockets,3,11,45,Missed Shot,Hook Shot,2PT Field Goal,In The Paint (Non-RA),Center(C),8-16 ft.,8,-28,79,1,0,20231202,LAL,HOU,22300291326,14550,0,1627832|1628415|1630224|1630578|1631095,0,REG,2024,203076,-16.0,C,Anchor Big,2.72,MISS Sengun 8' Hook Shot,C,Shot Creator,0.77,
Shot Chart Detail,22300291,363,1630578,Alperen Sengun,1610612745,Houston Rockets,3,8,38,Made Shot,Jump Shot,3PT Field Goal,Above the Break 3,Center(C),24+ ft.,25,21,258,1,1,20231202,LAL,HOU,22300291363,16420,0,1627832|1628415|1630224|1630578|1631095,1,REG,2024,203076,-10.0,C,Anchor Big,2.72,Sengun 26' 3PT Jump Shot (12 PTS) (Ja. Green 1 AST),C,Shot Creator,0.77,1630224.0
Shot Chart Detail,22300291,386,1630578,Alperen Sengun,1610612745,Houston Rockets,3,6,48,Missed Shot,Fadeaway Jump Shot,2PT Field Goal,Mid-Range,Right Side(R),8-16 ft.,13,131,12,1,0,20231202,LAL,HOU,22300291386,17520,0,1627832|1628415|1630224|1630578|1631095,0,REG,2024,2544,-12.0,PF,Helper,-0.24,MISS Sengun 13' Fadeaway Jumper,C,Shot Creator,0.77,
Shot Chart Detail,22300291,400,1630578,Alperen Sengun,1610612745,Houston Rockets,3,6,16,Missed Shot,Cutting Layup Shot,2PT Field Goal,Restricted Area,Center(C),Less Than 8 ft.,3,4,32,1,0,20231202,LAL,HOU,22300291400,17840,0,1627832|1628415|1630224|1630578|1631095,0,REG,2024,203076,-15.0,C,Anchor Big,2.72,MISS Sengun 3' Cutting Layup Shot,C,Shot Creator,0.77,
Shot Chart Detail,22300291,404,1630578,Alperen Sengun,1610612745,Houston Rockets,3,5,49,Missed Shot,Floating Jump shot,2PT Field Goal,In The Paint (Non-RA),Center(C),8-16 ft.,11,-20,112,1,0,20231202,LAL,HOU,22300291404,18110,0,1627832|1628415|1630224|1630578|1631095,0,REG,2024,203076,-17.0,C,Anchor Big,2.72,MISS Sengun 11' Floating Jump Shot,C,Shot Creator,0.77,
Shot Chart Detail,22300291,408,1630578,Alperen Sengun,1610612745,Houston Rockets,3,5,24,Made Shot,Driving Floating Jump Shot,2PT Field Goal,Restricted Area,Center(C),Less Than 8 ft.,2,0,21,1,1,20231202,LAL,HOU,22300291408,18360,0,1627832|1628415|1630224|1630578|1631095,1,REG,2024,1631108,-15.0,SG,Chaser,-0.21,Sengun 2' Driving Floating Jump Shot (16 PTS) (Smith Jr. 2 AST),C,Shot Creator,0.77,1631095.0
Shot Chart Detail,22300291,442,1630578,Alperen Sengun,1610612745,Houston Rockets,3,2,58,Missed Shot,Jump Shot,3PT Field Goal,Above the Break 3,Left Side Center(LC),24+ ft.,25,-97,239,1,0,20231202,LAL,HOU,22300291442,19820,0,1627832|1628988|1630256|1630578|1631106,0,REG,2024,,,,,,,C,Shot Creator,0.77,
Shot Chart Detail,22300291,466,1630578,Alperen Sengun,1610612745,Houston Rockets,3,1,43,Made Shot,Layup Shot,2PT Field Goal,Restricted Area,Center(C),Less Than 8 ft.,2,-16,21,1,1,20231202,LAL,HOU,22300291466,20570,0,1628988|1630224|1630256|1630578|1631106,1,REG,2024,1629020,-13.0,PF,Wing Stopper,1.02,Sengun 3' Layup (18 PTS) (Holiday 2 AST),C,Shot Creator,0.77,1628988.0
Shot Chart Detail,22300291,478,1630578,Alperen Sengun,1610612745,Houston Rockets,3,1,1,Made Shot,Jump Shot,3PT Field Goal,Above the Break 3,Left Side Center(LC),24+ ft.,26,-181,196,1,1,20231202,LAL,HOU,22300291478,20990,0,1628988|1630224|1630256|1630578|1631106,1,REG,2024,203076,-10.0,C,Anchor Big,2.72,Sengun 27' 3PT Jump Shot (21 PTS) (Ja. Green 2 AST),C,Shot Creator,0.77,1630224.0
Shot Chart Detail,22300291,575,1630578,Alperen Sengun,1610612745,Houston Rockets,4,8,14,Missed Shot,Driving Layup Shot,2PT Field Goal,In The Paint (Non-RA),Center(C),Less Than 8 ft.,4,-9,39,1,0,20231202,LAL,HOU,22300291575,23860,0,1627832|1628415|1630224|1630578|1631106,0,REG,2024,203076,-13.0,C,Anchor Big,2.72,MISS Sengun 4' Driving Layup,C,Shot Creator,0.77,
Shot Chart Detail,22300291,577,1630578,Alperen Sengun,1610612745,Houston Rockets,4,8,10,Missed Shot,Tip Layup Shot,2PT Field Goal,Restricted Area,Center(C),Less Than 8 ft.,0,0,0,1,0,20231202,LAL,HOU,22300291577,23900,0,1627832|1628415|1630224|1630578|1631106,0,REG,2024,203076,-13.0,C,Anchor Big,2.72,MISS Sengun Tip Layup Shot,C,Shot Creator,0.77,
Shot Chart Detail,22300291,581,1630578,Alperen Sengun,1610612745,Houston Rockets,4,7,37,Missed Shot,Driving Layup Shot,2PT Field Goal,Restricted Area,Center(C),Less Than 8 ft.,3,11,28,1,0,20231202,LAL,HOU,22300291581,24230,0,1627832|1628415|1630224|1630578|1631106,0,REG,2024,1627752|203076,-15.0,,,,,C,Shot Creator,0.77,
Shot Chart Detail,22300291,583,1630578,Alperen Sengun,1610612745,Houston Rockets,4,7,35,Missed Shot,Tip Layup Shot,2PT Field Goal,Restricted Area,Center(C),Less Than 8 ft.,0,0,0,1,0,20231202,LAL,HOU,22300291583,24250,0,1627832|1628415|1630224|1630578|1631106,0,REG,2024,1627752|203076,-15.0,,,,,C,Shot Creator,0.77,
Shot Chart Detail,22300291,587,1630578,Alperen Sengun,1610612745,Houston Rockets,4,7,1,Missed Shot,Jump Shot,3PT Field Goal,Above the Break 3,Left Side Center(LC),24+ ft.,25,-109,233,1,0,20231202,LAL,HOU,22300291587,24590,0,1627832|1628415|1630224|1630578|1631106,0,REG,2024,203076,-17.0,C,Anchor Big,2.72,MISS Sengun 26' 3PT Jump Shot,C,Shot Creator,0.77,
Shot Chart Detail,22300291,636,1630578,Alperen Sengun,1610612745,Houston Rockets,4,3,23,Missed Shot,Running Jump Shot,3PT Field Goal,Above the Break 3,Center(C),24+ ft.,25,74,249,1,0,20231202,LAL,HOU,22300291636,26770,0,1627832|1628415|1630224|1630578|1631095,0,REG,2024,,,,,,,C,Shot Creator,0.77,
Shot Chart Detail,22300298,9,1630578,Alperen Sengun,1610612745,Houston Rockets,1,11,23,Missed Shot,Fadeaway Jump Shot,2PT Field Goal,Mid-Range,Left Side Center(LC),16-24 ft.,16,-103,132,1,0,20231211,HOU,SAS,223002989,370,0,1627832|1628415|1630224|1630578|1631095,0,REG,2024,1641705,-2.0,C,Anchor Big,2.82,MISS Sengun 17' Fadeaway Jumper,C,Shot Creator,0.77,
Shot Chart Detail,22300298,12,1630578,Alperen Sengun,1610612745,Houston Rockets,1,11,5,Missed Shot,Hook Shot,2PT Field Goal,In The Paint (Non-RA),Center(C),Less Than 8 ft.,5,-5,58,1,0,20231211,HOU,SAS,2230029812,550,0,1627832|1628415|1630224|1630578|1631095,0,REG,2024,1641705,-2.0,C,Anchor Big,2.82,MISS Sengun 6' Hook Shot,C,Shot Creator,0.77,
Shot Chart Detail,22300298,18,1630578,Alperen Sengun,1610612745,Houston Rockets,1,10,30,Missed Shot,Driving Reverse Layup Shot,2PT Field Goal,Restricted Area,Center(C),Less Than 8 ft.,1,11,7,1,0,20231211,HOU,SAS,2230029818,900,0,1627832|1628415|1630224|1630578|1631095,0,REG,2024,1630170|1631110,-2.0,,,,,C,Shot Creator,0.77,
Shot Chart Detail,22300298,50,1630578,Alperen Sengun,1610612745,Houston Rockets,1,7,57,Made Shot,Driving Layup Shot,2PT Field Goal,Restricted Area,Center(C),Less Than 8 ft.,3,-2,39,1,1,20231211,HOU,SAS,2230029850,2430,0,1627832|1628415|1630224|1630578|1631095,1,REG,2024,1641705,-1.0,C,Anchor Big,2.82,Sengun 4' Driving Layup (2 PTS) (VanVleet 1 AST),C,Shot Creator,0.77,1627832.0
Shot Chart Detail,22300298,83,1630578,Alperen Sengun,1610612745,Houston Rockets,1,4,38,Missed Shot,Hook Shot,2PT Field Goal,In The Paint (Non-RA),Center(C),Less Than 8 ft.,5,-10,49,1,0,20231211,HOU,SAS,2230029883,4420,0,1627832|1628415|1630224|1630578|1631095,0,REG,2024,1641705,-1.0,C,Anchor Big,2.82,MISS Sengun 5' Hook Shot,C,Shot Creator,0.77,
Shot Chart Detail,22300298,115,1630578,Alperen Sengun,1610612745,Houston Rockets,1,3,40,Missed Shot,Turnaround Hook Shot,2PT Field Goal,In The Paint (Non-RA),Center(C),Less Than 8 ft.,5,5,54,1,0,20231211,HOU,SAS,22300298115,5000,0,1627832|1628988|1630256|1630578|1631106,0,REG,2024,1628380,-1.0,C,Anchor Big,-0.04,MISS Sengun 5' Turnaround Hook Shot,C,Shot Creator,0.77,
Shot Chart Detail,22300298,297,1630578,Alperen Sengun,1610612745,Houston Rockets,2,4,27,Made Shot,Layup Shot,2PT Field Goal,Restricted Area,Center(C),Less Than 8 ft.,2,-18,17,1,1,20231211,HOU,SAS,22300298297,11730,0,1627832|1628415|1630224|1630578|1631095,1,REG,2024,1630572,8.0,C,Helper,0.67,Sengun 2' Layup (6 PTS) (VanVleet 2 AST),C,Shot Creator,0.77,1627832.0
Shot Chart Detail,22300298,300,1630578,Alperen Sengun,1610612745,Houston Rockets,2,3,53,Missed Shot,Cutting Layup Shot,2PT Field Goal,Restricted Area,Center(C),Less Than 8 ft.,2,-20,10,1,0,20231211,HOU,SAS,22300298300,12070,0,1627832|1628415|1630224|1630578|1631095,0,REG,2024,1631110,8.0,PF,Wing Stopper,-0.24,MISS Sengun 2' Cutting Layup Shot,C,Shot Creator,0.77,
Shot Chart Detail,22300298,398,1630578,Alperen Sengun,1610612745,Houston Rockets,3,8,29,Made Shot,Jump Shot,3PT Field Goal,Above the Break 3,Right Side Center(RC),24+ ft.,25,109,235,1,1,20231211,HOU,SAS,22300298398,16510,0,1627832|1628415|1630224|1630578|1631095,1,REG,2024,,,,,,,C,Shot Creator,0.77,1631095.0
Shot Chart Detail,22300298,416,1630578,Alperen Sengun,1610612745,Houston Rockets,3,7,2,Made Shot,Reverse Layup Shot,2PT Field Goal,Restricted Area,Center(C),Less Than 8 ft.,2,21,14,1,1,20231211,HOU,SAS,22300298416,17380,0,1627832|1628415|1630224|1630578|1631095,0,REG,2024,1641705,8.0,C,Anchor Big,2.82,Sengun 3' Reverse Layup (11 PTS),C,Shot Creator,0.77,
Shot Chart Detail,22300298,611,1630578,Alperen Sengun,1610612745,Houston Rockets,4,4,53,Made Shot,Driving Hook Shot,2PT Field Goal,In The Paint (Non-RA),Center(C),8-16 ft.,10,36,96,1,1,20231211,HOU,SAS,22300298611,25870,0,1627832|1628415|1630578|1631095|1631106,0,REG,2024,1628380,6.0,C,Anchor Big,-0.04,Sengun 10' Driving Hook Shot (13 PTS),C,Shot Creator,0.77,
Shot Chart Detail,22300298,645,1630578,Alperen Sengun,1610612745,Houston Rockets,4,1,51,Made Shot,Jump Shot,2PT Field Goal,Mid-Range,Left Side(L),8-16 ft.,13,-89,95,1,1,20231211,HOU,SAS,22300298645,27690,0,1627832|1628415|1630578|1631095|1631106,1,REG,2024,1641705,11.0,C,Anchor Big,2.82,Sengun 13' Jump Shot (15 PTS) (VanVleet 5 AST),C,Shot Creator,0.77,1627832.0
Shot Chart Detail,22300314,8,1630578,Alperen Sengun,1610612745,Houston Rockets,1,11,36,Missed Shot,Jump Shot,3PT Field Goal,Above the Break 3,Right Side Center(RC),24+ ft.,26,163,204,1,0,20231213,HOU,MEM,223003148,240,0,1627832|1628415|1630224|1630578|1631095,0,REG,2024,202687,0.0,C,Mobile Big,1.24,MISS Sengun 26' 3PT Jump Shot,C,Shot Creator,0.77,
Shot Chart Detail,22300314,13,1630578,Alperen Sengun,1610612745,Houston Rockets,1,11,10,Made Shot,Layup Shot,2PT Field Goal,Restricted Area,Center(C),Less Than 8 ft.,2,21,1,1,1,20231213,HOU,MEM,2230031413,500,0,1627832|1628415|1630224|1630578|1631095,0,REG,2024,1631246,2.0,SG,Wing Stopper,0.53,Sengun 2' Layup (2 PTS),C,Shot Creator,0.77,
Shot Chart Detail,22300314,89,1630578,Alperen Sengun,1610612745,Houston Rockets,1,5,20,Missed Shot,Turnaround Hook Shot,2PT Field Goal,In The Paint (Non-RA),Center(C),Less Than 8 ft.,5,-38,41,1,0,20231213,HOU,MEM,2230031489,4000,0,1627832|1628415|1628988|1630256|1630578,0,REG,2024,202687,5.0,C,Mobile Big,1.24,MISS Sengun 6' Turnaround Hook Shot,C,Shot Creator,0.77,
Shot Chart Detail,22300314,99,1630578,Alperen Sengun,1610612745,Houston Rockets,1,4,31,Missed Shot,Hook Shot,2PT Field Goal,In The Paint (Non-RA),Center(C),Less Than 8 ft.,6,61,-10,1,0,20231213,HOU,MEM,2230031499,4490,0,1627832|1628415|1628988|1630256|1630578,0,REG,2024,202687,7.0,C,Mobile Big,1.24,MISS Sengun 6' Hook Shot,C,Shot Creator,0.77,
Shot Chart Detail,22300314,269,1630578,Alperen Sengun,1610612745,Houston Rockets,2,4,1,Made Shot,Cutting Layup Shot,2PT Field Goal,Restricted Area,Center(C),Less Than 8 ft.,2,27,9,1,1,20231213,HOU,MEM,22300314269,11990,0,1627832|1628415|1630224|1630578|1631095,1,REG,2024,202687,17.0,C,Mobile Big,1.24,Sengun 3' Cutting Layup Shot (5 PTS) (Ja. Green 4 AST),C,Shot Creator,0.77,1630224.0
Shot Chart Detail,22300314,414,1630578,Alperen Sengun,1610612745,Houston Rockets,3,7,9,Missed Shot,Turnaround Hook Shot,2PT Field Goal,In The Paint (Non-RA),Center(C),Less Than 8 ft.,7,-37,67,1,0,20231213,HOU,MEM,22300314414,17310,0,1627832|1630224|1630256|1630578|1631095,0,REG,2024,202687,4.0,C,Mobile Big,1.24,MISS Sengun 8' Turnaround Hook Shot,C,Shot Creator,0.77,
Shot Chart Detail,22300314,433,1630578,Alperen Sengun,1610612745,Houston Rockets,3,6,1,Missed Shot,Cutting Layup Shot,2PT Field Goal,In The Paint (Non-RA),Center(C),Less Than 8 ft.,5,-9,55,1,0,20231213,HOU,MEM,22300314433,17990,0,1627832|1630224|1630256|1630578|1631095,0,REG,2024,202687,6.0,C,Mobile Big,1.24,MISS Sengun 6' Cutting Layup Shot,C,Shot Creator,0.77,
Shot Chart Detail,22300314,438,1630578,Alperen Sengun,1610612745,Houston Rockets,3,5,38,Missed Shot,Jump Shot,2PT Field Goal,In The Paint (Non-RA),Center(C),8-16 ft.,11,-11,118,1,0,20231213,HOU,MEM,22300314438,18220,0,1627832|1630224|1630256|1630578|1631095,0,REG,2024,202687,3.0,C,Mobile Big,1.24,MISS Sengun 12' Jump Shot,C,Shot Creator,0.77,
Shot Chart Detail,22300332,61,1630578,Alperen Sengun,1610612745,Houston Rockets,1,6,6,Made Shot,Driving Layup Shot,2PT Field Goal,Restricted Area,Center(C),Less Than 8 ft.,1,-1,19,1,1,20231215,MEM,HOU,2230033261,3540,0,1627832|1628415|1628988|1630578|1631095,0,REG,2024,1631246|202687,-11.0,,,,,C,Shot Creator,0.77,
Shot Chart Detail,22300332,86,1630578,Alperen Sengun,1610612745,Houston Rockets,1,4,34,Missed Shot,Turnaround Hook Shot,2PT Field Goal,In The Paint (Non-RA),Center(C),Less Than 8 ft.,7,-11,74,1,0,20231215,MEM,HOU,2230033286,4460,0,1627832|1628415|1628988|1630578|1631095,0,REG,2024,202687,-13.0,C,Mobile Big,1.24,MISS Sengun 7' Turnaround Hook Shot,C,Shot Creator,0.77,
Shot Chart Detail,22300332,93,1630578,Alperen Sengun,1610612745,Houston Rockets,1,4,13,Missed Shot,Turnaround Jump Shot,2PT Field Goal,In The Paint (Non-RA),Center(C),Less Than 8 ft.,5,18,55,1,0,20231215,MEM,HOU,2230033293,4670,0,1627832|1628415|1628988|1630578|1631095,0,REG,2024,1630583,-13.0,PF,Helper,-0.3,MISS Sengun 6' Turnaround Jump Shot,C,Shot Creator,0.77,
Shot Chart Detail,22300332,95,1630578,Alperen Sengun,1610612745,Houston Rockets,1,4,10,Missed Shot,Putback Layup Shot,2PT Field Goal,Restricted Area,Center(C),Less Than 8 ft.,2,-7,19,1,0,20231215,MEM,HOU,2230033295,4700,0,1627832|1628415|1628988|1630578|1631095,0,REG,2024,1630583|1631367,-13.0,,,,,C,Shot Creator,0.77,
Shot Chart Detail,22300332,285,1630578,Alperen Sengun,1610612745,Houston Rockets,2,3,37,Made Shot,Cutting Dunk Shot,2PT Field Goal,Restricted Area,Center(C),Less Than 8 ft.,0,-4,6,1,1,20231215,MEM,HOU,22300332285,12230,0,1627832|1628415|1630224|1630578|1631095,1,REG,2024,202687,-9.0,C,Mobile Big,1.24,Sengun 1' Cutting Dunk Shot (7 PTS) (Smith Jr. 1 AST),C,Shot Creator,0.77,1631095.0
Shot Chart Detail,22300332,297,1630578,Alperen Sengun,1610612745,Houston Rockets,2,2,8,Made Shot,Cutting Layup Shot,2PT Field Goal,In The Paint (Non-RA),Center(C),Less Than 8 ft.,4,17,46,1,1,20231215,MEM,HOU,22300332297,13120,0,1627832|1628415|1630224|1630578|1631095,1,REG,2024,1630217|202687,-10.0,,,,,C,Shot Creator,0.77,1630224.0
Shot Chart Detail,22300332,404,1630578,Alperen Sengun,1610612745,Houston Rockets,3,5,30,Missed Shot,Floating Jump shot,2PT Field Goal,In The Paint (Non-RA),Center(C),8-16 ft.,10,-28,97,1,0,20231215,MEM,HOU,22300332404,18300,0,1627832|1628415|1630224|1630578|1631106,0,REG,2024,202687,-6.0,C,Mobile Big,1.24,MISS Sengun 10' Floating Jump Shot,C,Shot Creator,0.77,
Shot Chart Detail,22300332,514,1630578,Alperen Sengun,1610612745,Houston Rockets,3,3,51,Missed Shot,Tip Layup Shot,2PT Field Goal,Restricted Area,Center(C),Less Than 8 ft.,1,7,10,1,0,20231215,MEM,HOU,22300332514,19290,0,1627832|1628415|1628988|1630578|1631106,0,REG,2024,1628991|1630583,-3.0,,,,,C,Shot Creator,0.77,
Shot Chart Detail,22300332,579,1630578,Alperen Sengun,1610612745,Houston Rockets,4,7,33,Made Shot,Hook Shot,2PT Field Goal,In The Paint (Non-RA),Center(C),Less Than 8 ft.,5,37,39,1,1,20231215,MEM,HOU,22300332579,24270,0,1627832|1628415|1630578|1631095|1631106,1,REG,2024,1628991,5.0,C,Mobile Big,0.93,Sengun 5' Hook Shot (13 PTS) (VanVleet 7 AST),C,Shot Creator,0.77,1627832.0
Shot Chart Detail,22300332,593,1630578,Alperen Sengun,1610612745,Houston Rockets,4,6,54,Missed Shot,Turnaround Hook Shot,2PT Field Goal,In The Paint (Non-RA),Center(C),Less Than 8 ft.,5,49,25,1,0,20231215,MEM,HOU,22300332593,24660,0,1627832|1628415|1630578|1631095|1631106,0,REG,2024,1628991,3.0,C,Mobile Big,0.93,Jackson Jr. BLOCK (3 BLK),C,Shot Creator,0.77,
Shot Chart Detail,22300332,622,1630578,Alperen Sengun,1610612745,Houston Rockets,4,4,51,Missed Shot,Driving Layup Shot,2PT Field Goal,Restricted Area,Center(C),Less Than 8 ft.,2,-25,5,1,0,20231215,MEM,HOU,22300332622,25890,0,1627832|1628415|1630224|1630578|1631095,0,REG,2024,202687,1.0,C,Mobile Big,1.24,MISS Sengun 3' Driving Layup,C,Shot Creator,0.77,
Shot Chart Detail,22300332,626,1630578,Alperen Sengun,1610612745,Houston Rockets,4,4,32,Missed Shot,Driving Layup Shot,2PT Field Goal,In The Paint (Non-RA),Center(C),Less Than 8 ft.,4,-23,38,1,0,20231215,MEM,HOU,22300332626,26080,0,1627832|1628415|1630224|1630578|1631095,0,REG,2024,1630217|202687,1.0,,,,,C,Shot Creator,0.77,
Shot Chart Detail,22300346,26,1630578,Alperen Sengun,1610612745,Houston Rockets,1,9,39,Made Shot,Turnaround Hook Shot,2PT Field Goal,In The Paint (Non-RA),Center(C),Less Than 8 ft.,5,-5,54,1,1,20231217,MIL,HOU,2230034626,1410,0,1627832|1628415|1630224|1630578|1631095,0,REG,2024,201572,2.0,C,Anchor Big,1.23,Sengun 5' Turnaround Hook Shot (2 PTS),C,Shot Creator,0.77,
Shot Chart Detail,22300346,47,1630578,Alperen Sengun,1610612745,Houston Rockets,1,8,10,Missed Shot,Jump Shot,3PT Field Goal,Above the Break 3,Center(C),24+ ft.,25,-33,256,1,0,20231217,MIL,HOU,2230034647,2300,0,1627832|1628415|1630224|1630578|1631106,0,REG,2024,201572,-2.0,C,Anchor Big,1.23,MISS Sengun 26' 3PT Jump Shot,C,Shot Creator,0.77,
Shot Chart Detail,22300346,51,1630578,Alperen Sengun,1610612745,Houston Rockets,1,7,51,Made Shot,Floating Jump shot,2PT Field Goal,In The Paint (Non-RA),Center(C),8-16 ft.,12,-17,123,1,1,20231217,MIL,HOU,2230034651,2490,0,1627832|1628415|1630224|1630578|1631106,1,REG,2024,201572,-2.0,C,Anchor Big,1.23,Sengun 12' Floating Jump Shot (4 PTS) (Ja. Green 1 AST),C,Shot Creator,0.77,1630224.0
Shot Chart Detail,22300346,86,1630578,Alperen Sengun,1610612745,Houston Rockets,1,5,4,Missed Shot,Fadeaway Jump Shot,2PT Field Goal,Mid-Range,Center(C),8-16 ft.,14,0,146,1,0,20231217,MIL,HOU,2230034686,4160,0,1627832|1628415|1630224|1630578|1631106,0,REG,2024,201572,-2.0,C,Anchor Big,1.23,MISS Sengun 15' Fadeaway Jumper,C,Shot Creator,0.77,
Shot Chart Detail,22300346,216,1630578,Alperen Sengun,1610612745,Houston Rockets,2,8,38,Missed Shot,Jump Shot,3PT Field Goal,Above the Break 3,Left Side Center(LC),24+ ft.,27,-109,252,1,0,20231217,MIL,HOU,22300346216,9220,0,1627832|1630256|1630578|1631095|1631106,0,REG,2024,201572,-8.0,C,Anchor Big,1.23,MISS Sengun 27' 3PT Jump Shot,C,Shot Creator,0.77,
Shot Chart Detail,22300346,260,1630578,Alperen Sengun,1610612745,Houston Rockets,2,5,42,Made Shot,Floating Jump shot,2PT Field Goal,In The Paint (Non-RA),Center(C),8-16 ft.,8,11,86,1,1,20231217,MIL,HOU,22300346260,10980,0,1627832|1628415|1630224|1630578|1631095,1,REG,2024,1641748,-7.0,SG,Point of Attack,-0.01,Sengun 9' Floating Jump Shot (7 PTS) (VanVleet 3 AST),C,Shot Creator,0.77,1627832.0
Shot Chart Detail,22300346,279,1630578,Alperen Sengun,1610612745,Houston Rockets,2,3,10,Missed Shot,Hook Shot,2PT Field Goal,In The Paint (Non-RA),Center(C),8-16 ft.,11,-47,110,1,0,20231217,MIL,HOU,22300346279,12500,0,1627832|1628415|1630224|1630578|1631095,0,REG,2024,201572,-10.0,C,Anchor Big,1.23,MISS Sengun 12' Hook Shot,C,Shot Creator,0.77,
Shot Chart Detail,22300346,296,1630578,Alperen Sengun,1610612745,Houston Rockets,2,2,24,Made Shot,Floating Jump shot,2PT Field Goal,In The Paint (Non-RA),Center(C),Less Than 8 ft.,7,-4,73,1,1,20231217,MIL,HOU,22300346296,12960,0,1627832|1628415|1630224|1630578|1631106,1,REG,2024,201572,-10.0,C,Anchor Big,1.23,Sengun 7' Floating Jump Shot (9 PTS) (Ja. Green 5 AST),C,Shot Creator,0.77,1630224.0
Shot Chart Detail,22300346,343,1630578,Alperen Sengun,1610612745,Houston Rockets,3,10,30,Made Shot,Dunk Shot,2PT Field Goal,Restricted Area,Center(C),Less Than 8 ft.,2,-1,22,1,1,20231217,MIL,HOU,22300346343,15300,0,1627832|1628415|1630224|1630578|1631095,1,REG,2024,203081,-9.0,PG,Chaser,-0.87,Sengun 2' Dunk (11 PTS) (Ja. Green 6 AST),C,Shot Creator,0.77,1630224.0
Shot Chart Detail,22300346,347,1630578,Alperen Sengun,1610612745,Houston Rockets,3,9,59,Missed Shot,Jump Shot,3PT Field Goal,Above the Break 3,Center(C),24+ ft.,26,20,269,1,0,20231217,MIL,HOU,22300346347,15610,0,1627832|1628415|1630224|1630578|1631095,0,REG,2024,201572,-9.0,C,Anchor Big,1.23,MISS Sengun 27' 3PT Jump Shot,C,Shot Creator,0.77,
Shot Chart Detail,22300346,363,1630578,Alperen Sengun,1610612745,Houston Rockets,3,8,46,Made Shot,Floating Jump shot,2PT Field Goal,In The Paint (Non-RA),Center(C),8-16 ft.,11,-1,116,1,1,20231217,MIL,HOU,22300346363,16340,0,1627832|1628415|1630224|1630578|1631106,1,REG,2024,1641748,-6.0,SG,Point of Attack,-0.01,Sengun 12' Floating Jump Shot (13 PTS) (Ja. Green 7 AST),C,Shot Creator,0.77,1630224.0
Shot Chart Detail,22300346,419,1630578,Alperen Sengun,1610612745,Houston Rockets,3,4,47,Made Shot,Driving Layup Shot,2PT Field Goal,Restricted Area,Center(C),Less Than 8 ft.,1,6,19,1,1,20231217,MIL,HOU,22300346419,18730,0,1627832|1628415|1630224|1630578|1631106,0,REG,2024,203507,-7.0,PF,Helper,0.98,Sengun 2' Driving Layup (15 PTS),C,Shot Creator,0.77,
Shot Chart Detail,22300346,437,1630578,Alperen Sengun,1610612745,Houston Rockets,3,3,35,Made Shot,Turnaround Hook Shot,2PT Field Goal,In The Paint (Non-RA),Left Side(L),8-16 ft.,9,-75,51,1,1,20231217,MIL,HOU,22300346437,19450,0,1627832|1628415|1630224|1630578|1631106,0,REG,2024,1626171,-9.0,PF,Mobile Big,-0.14,Sengun 9' Turnaround Hook Shot (17 PTS),C,Shot Creator,0.77,
Shot Chart Detail,22300346,592,1630578,Alperen Sengun,1610612745,Houston Rockets,4,4,36,Missed Shot,Driving Layup Shot,2PT Field Goal,In The Paint (Non-RA),Center(C),Less Than 8 ft.,4,40,14,1,0,20231217,MIL,HOU,22300346592,26040,0,1627832|1628415|1630224|1630578|1631095,0,REG,2024,201572,-7.0,C,Anchor Big,1.23,MISS Sengun 4' Driving Layup,C,Shot Creator,0.77,
Shot Chart Detail,22300346,594,1630578,Alperen Sengun,1610612745,Houston Rockets,4,4,32,Missed Shot,Putback Layup Shot,2PT Field Goal,Restricted Area,Center(C),Less Than 8 ft.,2,-5,27,1,0,20231217,MIL,HOU,22300346594,26080,0,1627832|1628415|1630224|1630578|1631095,0,REG,2024,201572,-7.0,C,Anchor Big,1.23,MISS Sengun 3' Putback Layup,C,Shot Creator,0.77,
Shot Chart Detail,22300349,13,1630578,Alperen Sengun,1610612745,Houston Rockets,1,11,29,Made Shot,Driving Finger Roll Layup Shot,2PT Field Goal,Restricted Area,Center(C),Less Than 8 ft.,0,6,0,1,1,20231218,CLE,HOU,2230034913,310,0,1627832|1628415|1630224|1630578|1631095,1,REG,2024,1628378|1628386,-1.0,,,,,C,Shot Creator,0.77,1627832.0
Shot Chart Detail,22300349,273,1630578,Alperen Sengun,1610612745,Houston Rockets,2,4,51,Made Shot,Putback Layup Shot,2PT Field Goal,Restricted Area,Center(C),Less Than 8 ft.,0,0,0,1,1,20231218,CLE,HOU,22300349273,11490,0,201145|1627832|1628415|1630224|1630578,0,REG,2024,1629731|1628386|1629622,-2.0,,,,,C,Shot Creator,0.77,
Shot Chart Detail,22300349,316,1630578,Alperen Sengun,1610612745,Houston Rockets,2,2,42,Made Shot,Running Dunk Shot,2PT Field Goal,Restricted Area,Center(C),Less Than 8 ft.,0,-2,-1,1,1,20231218,CLE,HOU,22300349316,12780,0,1627832|1628415|1630224|1630578|1631095,1,REG,2024,1629622,7.0,SF,Helper,0.38,Sengun Running Dunk (6 PTS) (VanVleet 9 AST),C,Shot Creator,0.77,1627832.0
Shot Chart Detail,22300349,325,1630578,Alperen Sengun,1610612745,Houston Rockets,2,2,5,Made Shot,Turnaround Jump Shot,2PT Field Goal,In The Paint (Non-RA),Left Side(L),8-16 ft.,10,-67,86,1,1,20231218,CLE,HOU,22300349325,13150,0,1627832|1628415|1630224|1630578|1631095,1,REG,2024,1627777,9.0,PF,Helper,-0.75,Sengun 11' Turnaround Jump Shot (8 PTS) (VanVleet 10 AST),C,Shot Creator,0.77,1627832.0
Shot Chart Detail,22300349,351,1630578,Alperen Sengun,1610612745,Houston Rockets,3,11,43,Missed Shot,Driving Layup Shot,2PT Field Goal,Restricted Area,Center(C),Less Than 8 ft.,2,-18,16,1,0,20231218,CLE,HOU,22300349351,14570,0,1627832|1628415|1630224|1630578|1631095,0,REG,2024,1628386,2.0,C,Mobile Big,1.4,MISS Sengun 2' Driving Layup,C,Shot Creator,0.77,
Shot Chart Detail,22300349,353,1630578,Alperen Sengun,1610612745,Houston Rockets,3,11,38,Made Shot,Tip Layup Shot,2PT Field Goal,Restricted Area,Center(C),Less Than 8 ft.,0,0,0,1,1,20231218,CLE,HOU,22300349353,14620,0,1627832|1628415|1630224|1630578|1631095,0,REG,2024,1628386,4.0,C,Mobile Big,1.4,Sengun Tip Layup Shot (10 PTS),C,Shot Creator,0.77,
Shot Chart Detail,22300349,368,1630578,Alperen Sengun,1610612745,Houston Rockets,3,10,22,Missed Shot,Cutting Layup Shot,2PT Field Goal,Restricted Area,Center(C),Less Than 8 ft.,1,7,13,1,0,20231218,CLE,HOU,22300349368,15380,0,1627832|1628415|1630224|1630578|1631095,0,REG,2024,1628386,-2.0,C,Mobile Big,1.4,MISS Sengun 1' Cutting Layup Shot,C,Shot Creator,0.77,
Shot Chart Detail,22300349,378,1630578,Alperen Sengun,1610612745,Houston Rockets,3,9,22,Missed Shot,Driving Layup Shot,2PT Field Goal,Restricted Area,Center(C),Less Than 8 ft.,2,13,25,1,0,20231218,CLE,HOU,22300349378,15980,0,1627832|1628415|1630224|1630578|1631095,0,REG,2024,1628386,-4.0,C,Mobile Big,1.4,Okoro BLOCK (1 BLK),C,Shot Creator,0.77,
Shot Chart Detail,22300349,403,1630578,Alperen Sengun,1610612745,Houston Rockets,3,7,43,Made Shot,Turnaround Jump Shot,2PT Field Goal,In The Paint (Non-RA),Center(C),Less Than 8 ft.,4,-28,35,1,1,20231218,CLE,HOU,22300349403,16970,0,1627832|1628415|1630224|1630578|1631095,1,REG,2024,1628378|202684,-5.0,,,,,C,Shot Creator,0.77,1627832.0
Shot Chart Detail,22300349,437,1630578,Alperen Sengun,1610612745,Houston Rockets,3,6,28,Missed Shot,Turnaround Hook Shot,2PT Field Goal,In The Paint (Non-RA),Center(C),Less Than 8 ft.,6,7,64,1,0,20231218,CLE,HOU,22300349437,17720,0,1627832|1628415|1628988|1630578|1631106,0,REG,2024,202684,-7.0,C,Mobile Big,0.0,MISS Sengun 6' Turnaround Hook Shot,C,Shot Creator,0.77,
Shot Chart Detail,22300349,614,1630578,Alperen Sengun,1610612745,Houston Rockets,4,9,25,Made Shot,Turnaround Hook Shot,2PT Field Goal,In The Paint (Non-RA),Center(C),Less Than 8 ft.,5,27,51,1,1,20231218,CLE,HOU,22300349614,23150,0,1628988|1630224|1630256|1630578|1631106,0,REG,2024,202684,-4.0,C,Mobile Big,0.0,Sengun 6' Turnaround Hook Shot (14 PTS),C,Shot Creator,0.77,
Shot Chart Detail,22300349,624,1630578,Alperen Sengun,1610612745,Houston Rockets,4,8,47,Missed Shot,Turnaround Fadeaway shot,2PT Field Goal,Mid-Range,Right Side(R),8-16 ft.,12,99,69,1,0,20231218,CLE,HOU,22300349624,23530,0,1627832|1630224|1630256|1630578|1631106,0,REG,2024,202684,-6.0,C,Mobile Big,0.0,MISS Sengun 12' Turnaround Fadeaway Shot,C,Shot Creator,0.77,
Shot Chart Detail,22300349,669,1630578,Alperen Sengun,1610612745,Houston Rockets,4,5,51,Made Shot,Turnaround Bank Hook Shot,2PT Field Goal,In The Paint (Non-RA),Center(C),Less Than 8 ft.,5,51,13,1,1,20231218,CLE,HOU,22300349669,25290,0,1627832|1628415|1630224|1630578|1631106,1,REG,2024,1628386,-1.0,C,Mobile Big,1.4,Sengun 5' Turnaround Bank Hook Shot (16 PTS) (VanVleet 15 AST),C,Shot Creator,0.77,1627832.0
Shot Chart Detail,22300349,673,1630578,Alperen Sengun,1610612745,Houston Rockets,4,5,8,Missed Shot,Jump Shot,3PT Field Goal,Above the Break 3,Right Side Center(RC),24+ ft.,26,150,220,1,0,20231218,CLE,HOU,22300349673,25720,0,1627832|1628415|1630224|1630578|1631106,0,REG,2024,1628386,-3.0,C,Mobile Big,1.4,MISS Sengun 27' 3PT Jump Shot,C,Shot Creator,0.77,
Shot Chart Detail,22300349,701,1630578,Alperen Sengun,1610612745,Houston Rockets,4,1,59,Made Shot,Dunk Shot,2PT Field Goal,Restricted Area,Center(C),Less Than 8 ft.,2,-1,22,1,1,20231218,CLE,HOU,22300349701,27610,0,201145|1627832|1628415|1630578|1631106,1,REG,2024,1628386,-1.0,C,Mobile Big,1.4,Sengun 2' Dunk (18 PTS) (Eason 1 AST),C,Shot Creator,0.77,1631106.0
Shot Chart Detail,22300349,727,1630578,Alperen Sengun,1610612745,Houston Rockets,4,0,0,Missed Shot,Fadeaway Jump Shot,2PT Field Goal,Mid-Range,Right Side(R),16-24 ft.,20,163,117,1,0,20231218,CLE,HOU,22300349727,28800,0,1627832|1628415|1630224|1630578|1631106,0,REG,2024,1628386,0.0,C,Mobile Big,1.4,MISS Sengun 20' Fadeaway Jumper,C,Shot Creator,0.77,
Shot Chart Detail,22300349,745,1630578,Alperen Sengun,1610612745,Houston Rockets,5,3,45,Made Shot,Driving Layup Shot,2PT Field Goal,Restricted Area,Center(C),Less Than 8 ft.,1,-13,3,1,1,20231218,CLE,HOU,22300349745,29550,1,1627832|1628415|1630224|1630578|1631106,1,REG,2024,1628386,0.0,C,Mobile Big,1.4,Sengun 1' Driving Layup (21 PTS) (Eason 2 AST),C,Shot Creator,0.77,1631106.0
Shot Chart Detail,22300349,778,1630578,Alperen Sengun,1610612745,Houston Rockets,5,0,29,Made Shot,Jump Shot,3PT Field Goal,Above the Break 3,Center(C),24+ ft.,25,-10,255,1,1,20231218,CLE,HOU,22300349778,31510,1,1627832|1628415|1630224|1630578|1631106,1,REG,2024,,,,,,,C,Shot Creator,0.77,1627832.0
Shot Chart Detail,22300349,796,1630578,Alperen Sengun,1610612745,Houston Rockets,5,0,15,Missed Shot,Step Back Jump shot,3PT Field Goal,Above the Break 3,Right Side Center(RC),24+ ft.,27,225,152,1,0,20231218,CLE,HOU,22300349796,31650,1,1627832|1628415|1630224|1630578|1631106,0,REG,2024,1628386,-6.0,C,Mobile Big,1.4,MISS Sengun 27' 3PT Step Back Jump Shot,C,Shot Creator,0.77,
Shot Chart Detail,22300349,800,1630578,Alperen Sengun,1610612745,Houston Rockets,5,0,9,Missed Shot,Tip Layup Shot,2PT Field Goal,Restricted Area,Center(C),Less Than 8 ft.,0,0,0,1,0,20231218,CLE,HOU,22300349800,31710,1,1627832|1628415|1630224|1630256|1631106,0,REG,2024,1628386,-6.0,C,Mobile Big,1.4,MISS Sengun Tip Layup Shot,C,Shot Creator,0.77,
Shot Chart Detail,22300371,13,1630578,Alperen Sengun,1610612745,Houston Rockets,1,11,13,Made Shot,Tip Layup Shot,2PT Field Goal,Restricted Area,Center(C),Less Than 8 ft.,0,0,0,1,1,20231220,HOU,ATL,2230037113,470,0,1627832|1628415|1630224|1630578|1631095,0,REG,2024,203991|1629631,-1.0,,,,,C,Shot Creator,0.77,
Shot Chart Detail,22300371,25,1630578,Alperen Sengun,1610612745,Houston Rockets,1,9,45,Made Shot,Cutting Layup Shot,2PT Field Goal,In The Paint (Non-RA),Center(C),Less Than 8 ft.,4,-38,29,1,1,20231220,HOU,ATL,2230037125,1350,0,1627832|1628415|1630224|1630578|1631095,1,REG,2024,1629027,1.0,PG,Chaser,-1.77,Sengun 5' Cutting Layup Shot (4 PTS) (VanVleet 1 AST),C,Shot Creator,0.77,1627832.0
Shot Chart Detail,22300371,51,1630578,Alperen Sengun,1610612745,Houston Rockets,1,7,29,Missed Shot,Floating Jump shot,2PT Field Goal,In The Paint (Non-RA),Center(C),Less Than 8 ft.,5,-17,48,1,0,20231220,HOU,ATL,2230037151,2710,0,1627832|1628415|1630224|1630578|1631095,0,REG,2024,203991|1627749,-3.0,,,,,C,Shot Creator,0.77,
Shot Chart Detail,22300371,219,1630578,Alperen Sengun,1610612745,Houston Rockets,2,7,51,Made Shot,Driving Layup Shot,2PT Field Goal,Restricted Area,Center(C),Less Than 8 ft.,2,21,16,1,1,20231220,HOU,ATL,22300371219,9690,0,1627832|1628415|1630224|1630578|1631095,1,REG,2024,1630168,-16.0,C,Mobile Big,0.25,Sengun 3' Driving Layup (6 PTS) (VanVleet 5 AST),C,Shot Creator,0.77,1627832.0
Shot Chart Detail,22300371,228,1630578,Alperen Sengun,1610612745,Houston Rockets,2,7,22,Made Shot,Cutting Layup Shot,2PT Field Goal,In The Paint (Non-RA),Center(C),Less Than 8 ft.,4,-36,27,1,1,20231220,HOU,ATL,22300371228,9980,0,1627832|1628415|1630224|1630578|1631095,1,REG,2024,203991,-13.0,C,Mobile Big,1.14,Sengun 5' Cutting Layup Shot (8 PTS) (VanVleet 6 AST),C,Shot Creator,0.77,1627832.0
Shot Chart Detail,22300371,240,1630578,Alperen Sengun,1610612745,Houston Rockets,2,6,22,Made Shot,Finger Roll Layup Shot,2PT Field Goal,Restricted Area,Center(C),Less Than 8 ft.,1,1,13,1,1,20231220,HOU,ATL,22300371240,10580,0,1627832|1628415|1630224|1630578|1631095,1,REG,2024,203992,-14.0,SG,Chaser,-0.84,Sengun 1' Finger Roll Layup (10 PTS) (VanVleet 7 AST),C,Shot Creator,0.77,1627832.0
Shot Chart Detail,22300371,344,1630578,Alperen Sengun,1610612745,Houston Rockets,3,11,25,Missed Shot,Driving Floating Jump Shot,2PT Field Goal,In The Paint (Non-RA),Center(C),Less Than 8 ft.,5,5,58,1,0,20231220,HOU,ATL,22300371344,14750,0,1627832|1628415|1630224|1630578|1631095,0,REG,2024,203991,-14.0,C,Mobile Big,1.14,MISS Sengun 6' Driving Floating Jump Shot,C,Shot Creator,0.77,
Shot Chart Detail,22300371,377,1630578,Alperen Sengun,1610612745,Houston Rockets,3,9,17,Made Shot,Fadeaway Jump Shot,2PT Field Goal,In The Paint (Non-RA),Center(C),8-16 ft.,14,-71,125,1,1,20231220,HOU,ATL,22300371377,16030,0,1627832|1630224|1630256|1630578|1631095,0,REG,2024,203991,-7.0,C,Mobile Big,1.14,Sengun 14' Fadeaway Jumper (12 PTS),C,Shot Creator,0.77,
Shot Chart Detail,22300371,380,1630578,Alperen Sengun,1610612745,Houston Rockets,3,8,43,Made Shot,Turnaround Fadeaway shot,2PT Field Goal,In The Paint (Non-RA),Center(C),Less Than 8 ft.,5,11,57,1,1,20231220,HOU,ATL,22300371380,16370,0,1627832|1630224|1630256|1630578|1631095,0,REG,2024,203991,-7.0,C,Mobile Big,1.14,Sengun 6' Turnaround Fadeaway (14 PTS),C,Shot Creator,0.77,
Shot Chart Detail,22300371,421,1630578,Alperen Sengun,1610612745,Houston Rockets,3,5,41,Missed Shot,Turnaround Hook Shot,2PT Field Goal,Restricted Area,Center(C),Less Than 8 ft.,3,20,27,1,0,20231220,HOU,ATL,22300371421,18190,0,1627832|1628988|1630256|1630578|1631095,0,REG,2024,203991,-4.0,C,Mobile Big,1.14,MISS Sengun 3' Turnaround Hook Shot,C,Shot Creator,0.77,
Shot Chart Detail,22300371,441,1630578,Alperen Sengun,1610612745,Houston Rockets,3,4,26,Missed Shot,Turnaround Hook Shot,2PT Field Goal,In The Paint (Non-RA),Center(C),Less Than 8 ft.,6,-4,66,1,0,20231220,HOU,ATL,22300371441,18940,0,1627832|1628988|1630256|1630578|1631095,0,REG,2024,1630168,-2.0,C,Mobile Big,0.25,MISS Sengun 7' Turnaround Hook Shot,C,Shot Creator,0.77,
Shot Chart Detail,22300371,513,1630578,Alperen Sengun,1610612745,Houston Rockets,4,11,48,Missed Shot,Turnaround Bank shot,2PT Field Goal,In The Paint (Non-RA),Center(C),Less Than 8 ft.,4,44,22,1,0,20231220,HOU,ATL,22300371513,21720,0,1628988|1630224|1630578|1631095|1641708,0,REG,2024,1630168,2.0,C,Mobile Big,0.25,MISS Sengun 5' Turnaround Bank Shot,C,Shot Creator,0.77,
Shot Chart Detail,22300385,9,1630578,Alperen Sengun,1610612745,Houston Rockets,1,11,23,Made Shot,Driving Layup Shot,2PT Field Goal,Restricted Area,Center(C),Less Than 8 ft.,1,-4,10,1,1,20231222,HOU,DAL,223003859,370,0,1627832|1628415|1630224|1630578|1631095,0,REG,2024,1630702|1629684,2.0,,,,,C,Shot Creator,0.77,
Shot Chart Detail,22300385,42,1630578,Alperen Sengun,1610612745,Houston Rockets,1,8,21,Made Shot,Driving Reverse Layup Shot,2PT Field Goal,Restricted Area,Center(C),Less Than 8 ft.,1,11,11,1,1,20231222,HOU,DAL,2230038542,2190,0,1627832|1628415|1630224|1630578|1631095,0,REG,2024,1629684,6.0,PF,Mobile Big,-0.3,Sengun 2' Driving Reverse Layup (4 PTS),C,Shot Creator,0.77,
Shot Chart Detail,22300385,68,1630578,Alperen Sengun,1610612745,Houston Rockets,1,6,38,Missed Shot,Turnaround Fadeaway shot,2PT Field Goal,In The Paint (Non-RA),Center(C),Less Than 8 ft.,6,-2,67,1,0,20231222,HOU,DAL,2230038568,3220,0,1627832|1628415|1630224|1630578|1631095,0,REG,2024,203939,7.0,C,Mobile Big,0.43,MISS Sengun 7' Turnaround Fadeaway Shot,C,Shot Creator,0.77,
Shot Chart Detail,22300385,89,1630578,Alperen Sengun,1610612745,Houston Rockets,1,5,4,Made Shot,Tip Dunk Shot,2PT Field Goal,Restricted Area,Center(C),Less Than 8 ft.,0,0,0,1,1,20231222,HOU,DAL,2230038589,4160,0,1627832|1628415|1630224|1630578|1631095,0,REG,2024,203501,6.0,SF,Chaser,-1.89,Sengun Tip Dunk Shot (7 PTS),C,Shot Creator,0.77,
Shot Chart Detail,22300385,92,1630578,Alperen Sengun,1610612745,Houston Rockets,1,4,38,Made Shot,Running Dunk Shot,2PT Field Goal,Restricted Area,Center(C),Less Than 8 ft.,2,-23,-3,1,1,20231222,HOU,DAL,2230038592,4420,0,1627832|1628415|1630224|1630578|1631095,1,REG,2024,202693,8.0,PF,Helper,-0.18,Sengun 2' Running Dunk (9 PTS) (Ja. Green 2 AST),C,Shot Creator,0.77,1630224.0
Shot Chart Detail,22300385,106,1630578,Alperen Sengun,1610612745,Houston Rockets,1,3,43,Missed Shot,Cutting Layup Shot,2PT Field Goal,Restricted Area,Center(C),Less Than 8 ft.,0,1,8,1,0,20231222,HOU,DAL,22300385106,4970,0,1627832|1628988|1630256|1630578|1631095,0,REG,2024,203939,10.0,C,Mobile Big,0.43,MISS Sengun 1' Cutting Layup Shot,C,Shot Creator,0.77,
Shot Chart Detail,22300385,249,1630578,Alperen Sengun,1610612745,Houston Rockets,2,6,32,Made Shot,Running Reverse Layup Shot,2PT Field Goal,Restricted Area,Center(C),Less Than 8 ft.,1,-17,1,1,1,20231222,HOU,DAL,22300385249,10480,0,1627832|1628415|1630224|1630578|1631095,1,REG,2024,202693,13.0,PF,Helper,-0.18,Sengun 2' Running Reverse Layup (11 PTS) (Brooks 1 AST),C,Shot Creator,0.77,1628415.0
Shot Chart Detail,22300385,286,1630578,Alperen Sengun,1610612745,Houston Rockets,2,4,18,Made Shot,Hook Shot,2PT Field Goal,In The Paint (Non-RA),Center(C),Less Than 8 ft.,6,1,62,1,1,20231222,HOU,DAL,22300385286,11820,0,1627832|1628415|1630224|1630578|1631095,0,REG,2024,203501,12.0,SF,Chaser,-1.89,Sengun 6' Hook Shot (13 PTS),C,Shot Creator,0.77,
Shot Chart Detail,22300385,331,1630578,Alperen Sengun,1610612745,Houston Rockets,2,1,7,Made Shot,Jump Shot,3PT Field Goal,Above the Break 3,Right Side Center(RC),24+ ft.,24,100,221,1,1,20231222,HOU,DAL,22300385331,13730,0,1627832|1628415|1628988|1630578|1631095,1,REG,2024,,,,,,,C,Shot Creator,0.77,1627832.0
Shot Chart Detail,22300385,413,1630578,Alperen Sengun,1610612745,Houston Rockets,3,6,2,Made Shot,Jump Shot,2PT Field Goal,Mid-Range,Left Side Center(LC),16-24 ft.,17,-116,125,1,1,20231222,HOU,DAL,22300385413,17980,0,1627832|1628415|1630224|1630578|1631095,1,REG,2024,1629684,35.0,PF,Mobile Big,-0.3,Sengun 17' Jump Shot (22 PTS) (VanVleet 4 AST),C,Shot Creator,0.77,1627832.0
Shot Chart Detail,22300385,445,1630578,Alperen Sengun,1610612745,Houston Rockets,3,3,58,Missed Shot,Driving Hook Shot,2PT Field Goal,In The Paint (Non-RA),Center(C),8-16 ft.,9,18,93,1,0,20231222,HOU,DAL,22300385445,19220,0,1628988|1630224|1630256|1630578|1631095,0,REG,2024,,,,,,,C,Shot Creator,0.77,
Shot Chart Detail,22300385,447,1630578,Alperen Sengun,1610612745,Houston Rockets,3,3,57,Missed Shot,Floating Jump shot,2PT Field Goal,Restricted Area,Center(C),Less Than 8 ft.,2,13,24,1,0,20231222,HOU,DAL,22300385447,19230,0,1628988|1630224|1630256|1630578|1631095,0,REG,2024,1630639,35.0,SG,Chaser,-0.56,MISS Sengun 3' Floating Jump Shot,C,Shot Creator,0.77,
Shot Chart Detail,22300392,13,1630578,Alperen Sengun,1610612745,Houston Rockets,1,10,58,Missed Shot,Step Back Jump shot,2PT Field Goal,In The Paint (Non-RA),Center(C),8-16 ft.,14,-47,136,1,0,20231223,NOP,HOU,2230039213,620,0,1627832|1628415|1630224|1630578|1631095,0,REG,2024,202685,0.0,C,Mobile Big,0.63,MISS Sengun 14' Step Back Jump Shot,C,Shot Creator,0.77,
Shot Chart Detail,22300392,23,1630578,Alperen Sengun,1610612745,Houston Rockets,1,10,14,Missed Shot,Putback Layup Shot,2PT Field Goal,Restricted Area,Center(C),Less Than 8 ft.,0,-1,6,1,0,20231223,NOP,HOU,2230039223,1060,0,1627832|1628415|1630224|1630578|1631095,0,REG,2024,1629627,0.0,PF,Helper,-0.4,MISS Sengun 1' Putback Layup,C,Shot Creator,0.77,
Shot Chart Detail,22300392,33,1630578,Alperen Sengun,1610612745,Houston Rockets,1,10,14,Made Shot,Tip Layup Shot,2PT Field Goal,Restricted Area,Center(C),Less Than 8 ft.,1,18,-7,1,1,20231223,NOP,HOU,2230039233,1060,0,1627832|1628415|1630224|1630578|1631095,0,REG,2024,1629627,2.0,PF,Helper,-0.4,Sengun 2' Tip Layup Shot (2 PTS),C,Shot Creator,0.77,
Shot Chart Detail,22300392,45,1630578,Alperen Sengun,1610612745,Houston Rockets,1,7,52,Missed Shot,Driving Floating Bank Jump Shot,2PT Field Goal,In The Paint (Non-RA),Center(C),Less Than 8 ft.,4,45,20,1,0,20231223,NOP,HOU,2230039245,2480,0,1627832|1628415|1630224|1630578|1631095,0,REG,2024,202685,2.0,C,Mobile Big,0.63,MISS Sengun 5' Driving Floating Bank Jump Shot,C,Shot Creator,0.77,
Shot Chart Detail,22300392,53,1630578,Alperen Sengun,1610612745,Houston Rockets,1,6,55,Made Shot,Driving Layup Shot,2PT Field Goal,In The Paint (Non-RA),Center(C),Less Than 8 ft.,4,42,15,1,1,20231223,NOP,HOU,2230039253,3050,0,1627832|1628415|1630224|1630578|1631095,1,REG,2024,202685|1629627,1.0,,,,,C,Shot Creator,0.77,1628415.0
Shot Chart Detail,22300392,61,1630578,Alperen Sengun,1610612745,Houston Rockets,1,5,52,Made Shot,Fadeaway Jump Shot,2PT Field Goal,In The Paint (Non-RA),Center(C),8-16 ft.,11,-11,117,1,1,20231223,NOP,HOU,2230039261,3680,0,1627832|1628415|1630224|1630578|1631095,1,REG,2024,202685,3.0,C,Mobile Big,0.63,Sengun 12' Fadeaway Jumper (6 PTS) (Ja. Green 1 AST),C,Shot Creator,0.77,1630224.0
Shot Chart Detail,22300392,89,1630578,Alperen Sengun,1610612745,Houston Rockets,1,3,38,Missed Shot,Driving Reverse Layup Shot,2PT Field Goal,Restricted Area,Center(C),Less Than 8 ft.,2,15,22,1,0,20231223,NOP,HOU,2230039289,5020,0,1627832|1628988|1630578|1631095|1631106,0,REG,2024,202685,5.0,C,Mobile Big,0.63,MISS Sengun 3' Driving Reverse Layup,C,Shot Creator,0.77,
Shot Chart Detail,22300392,107,1630578,Alperen Sengun,1610612745,Houston Rockets,1,2,9,Missed Shot,Fadeaway Jump Shot,2PT Field Goal,Mid-Range,Left Side(L),8-16 ft.,14,-145,13,1,0,20231223,NOP,HOU,22300392107,5910,0,1627832|1628988|1630578|1631095|1631106,0,REG,2024,202685,3.0,C,Mobile Big,0.63,MISS Sengun 15' Fadeaway Jumper,C,Shot Creator,0.77,
Shot Chart Detail,22300392,259,1630578,Alperen Sengun,1610612745,Houston Rockets,2,5,40,Made Shot,Driving Reverse Layup Shot,2PT Field Goal,Restricted Area,Center(C),Less Than 8 ft.,3,-6,32,1,1,20231223,NOP,HOU,22300392259,11000,0,201145|1627832|1628415|1630578|1631095,0,REG,2024,202685,2.0,C,Mobile Big,0.63,Sengun 3' Driving Reverse Layup (10 PTS),C,Shot Creator,0.77,
Shot Chart Detail,22300392,266,1630578,Alperen Sengun,1610612745,Houston Rockets,2,5,8,Missed Shot,Driving Layup Shot,2PT Field Goal,In The Paint (Non-RA),Center(C),Less Than 8 ft.,5,11,49,1,0,20231223,NOP,HOU,22300392266,11320,0,201145|1627832|1628415|1630578|1631095,0,REG,2024,1630700|202685,0.0,,,,,C,Shot Creator,0.77,
Shot Chart Detail,22300392,294,1630578,Alperen Sengun,1610612745,Houston Rockets,2,2,24,Made Shot,Floating Jump shot,2PT Field Goal,In The Paint (Non-RA),Center(C),8-16 ft.,9,-36,88,1,1,20231223,NOP,HOU,22300392294,12960,0,201145|1627832|1628415|1630578|1631095,1,REG,2024,203468|202685,3.0,,,,,C,Shot Creator,0.77,1627832.0
Shot Chart Detail,22300392,414,1630578,Alperen Sengun,1610612745,Houston Rockets,3,6,36,Made Shot,Turnaround Hook Shot,2PT Field Goal,In The Paint (Non-RA),Center(C),Less Than 8 ft.,6,-54,34,1,1,20231223,NOP,HOU,22300392414,17640,0,1627832|1628415|1630224|1630578|1631095,0,REG,2024,1630526,-3.0,PF,Helper,-0.41,Sengun 6' Turnaround Hook Shot (16 PTS),C,Shot Creator,0.77,
Shot Chart Detail,22300392,419,1630578,Alperen Sengun,1610612745,Houston Rockets,3,6,0,Missed Shot,Hook Shot,2PT Field Goal,In The Paint (Non-RA),Center(C),Less Than 8 ft.,5,-13,52,1,0,20231223,NOP,HOU,22300392419,18000,0,1627832|1628415|1630224|1630578|1631095,0,REG,2024,1630526,-6.0,PF,Helper,-0.41,MISS Sengun 5' Hook Shot,C,Shot Creator,0.77,
Shot Chart Detail,22300392,435,1630578,Alperen Sengun,1610612745,Houston Rockets,3,5,23,Made Shot,Turnaround Hook Shot,2PT Field Goal,In The Paint (Non-RA),Center(C),Less Than 8 ft.,7,16,69,1,1,20231223,NOP,HOU,22300392435,18370,0,1627832|1628415|1628988|1630578|1631095,0,REG,2024,1630526|1629627,-4.0,,,,,C,Shot Creator,0.77,
Shot Chart Detail,22300392,444,1630578,Alperen Sengun,1610612745,Houston Rockets,3,4,48,Made Shot,Jump Shot,3PT Field Goal,Above the Break 3,Left Side Center(LC),24+ ft.,28,-109,262,1,1,20231223,NOP,HOU,22300392444,18720,0,1627832|1628415|1628988|1630578|1631095,1,REG,2024,1630526,-1.0,PF,Helper,-0.41,Sengun 28' 3PT Jump Shot (22 PTS) (Brooks 3 AST),C,Shot Creator,0.77,1628415.0
Shot Chart Detail,22300392,488,1630578,Alperen Sengun,1610612745,Houston Rockets,3,2,11,Missed Shot,Driving Floating Jump Shot,2PT Field Goal,In The Paint (Non-RA),Center(C),Less Than 8 ft.,7,26,68,1,0,20231223,NOP,HOU,22300392488,20290,0,1627832|1628988|1630578|1631095|1631106,0,REG,2024,1630526,-3.0,PF,Helper,-0.41,MISS Sengun 7' Driving Floating Jump Shot,C,Shot Creator,0.77,
Shot Chart Detail,22300392,664,1630578,Alperen Sengun,1610612745,Houston Rockets,4,3,29,Made Shot,Cutting Dunk Shot,2PT Field Goal,Restricted Area,Center(C),Less Than 8 ft.,3,7,32,1,1,20231223,NOP,HOU,22300392664,26710,0,201145|1627832|1628415|1630578|1631095,1,REG,2024,1630526,-1.0,PF,Helper,-0.41,Sengun 3' Cutting Dunk Shot (32 PTS) (Brooks 4 AST),C,Shot Creator,0.77,1628415.0
Shot Chart Detail,22300392,668,1630578,Alperen Sengun,1610612745,Houston Rockets,4,3,0,Missed Shot,Driving Layup Shot,2PT Field Goal,In The Paint (Non-RA),Center(C),Less Than 8 ft.,4,11,40,1,0,20231223,NOP,HOU,22300392668,27000,0,201145|1627832|1628415|1630578|1631095,0,REG,2024,1630526,-1.0,PF,Helper,-0.41,Robinson-Earl BLOCK (1 BLK),C,Shot Creator,0.77,
Shot Chart Detail,22300392,675,1630578,Alperen Sengun,1610612745,Houston Rockets,4,2,10,Made Shot,Driving Layup Shot,2PT Field Goal,In The Paint (Non-RA),Center(C),Less Than 8 ft.,5,15,52,1,1,20231223,NOP,HOU,22300392675,27500,0,201145|1627832|1628415|1630578|1631095,1,REG,2024,1630526,1.0,PF,Helper,-0.41,Sengun 5' Driving Layup (34 PTS) (VanVleet 3 AST),C,Shot Creator,0.77,1627832.0
Shot Chart Detail,22300392,679,1630578,Alperen Sengun,1610612745,Houston Rockets,4,1,32,Missed Shot,Driving Layup Shot,2PT Field Goal,In The Paint (Non-RA),Center(C),Less Than 8 ft.,4,27,36,1,0,20231223,NOP,HOU,22300392679,27880,0,201145|1627832|1628415|1630578|1631095,0,REG,2024,1630526,1.0,PF,Helper,-0.41,Williamson BLOCK (1 BLK),C,Shot Creator,0.77,
Shot Chart Detail,22300392,699,1630578,Alperen Sengun,1610612745,Houston Rockets,4,0,8,Made Shot,Dunk Shot,2PT Field Goal,In The Paint (Non-RA),Center(C),Less Than 8 ft.,4,-5,47,1,1,20231223,NOP,HOU,22300392699,28720,0,201145|1627832|1628415|1630578|1631095,1,REG,2024,,,,,,,C,Shot Creator,0.77,1631095.0
Shot Chart Detail,22300409,11,1630578,Alperen Sengun,1610612745,Houston Rockets,1,11,50,Made Shot,Cutting Dunk Shot,2PT Field Goal,Restricted Area,Center(C),Less Than 8 ft.,2,16,22,1,1,20231226,HOU,IND,2230040911,100,0,1627832|1628415|1630224|1630578|1631095,1,REG,2024,1629614|1626167,2.0,,,,,C,Shot Creator,0.77,1627832.0
Shot Chart Detail,22300409,67,1630578,Alperen Sengun,1610612745,Houston Rockets,1,6,55,Missed Shot,Driving Hook Shot,2PT Field Goal,In The Paint (Non-RA),Center(C),Less Than 8 ft.,7,-43,65,1,0,20231226,HOU,IND,2230040967,3050,0,1627832|1628415|1630224|1630578|1631095,0,REG,2024,1626167,-5.0,C,Mobile Big,1.32,MISS Sengun 8' Driving Hook Shot,C,Shot Creator,0.77,
Shot Chart Detail,22300409,74,1630578,Alperen Sengun,1610612745,Houston Rockets,1,6,18,Missed Shot,Driving Layup Shot,2PT Field Goal,Restricted Area,Center(C),Less Than 8 ft.,2,-22,5,1,0,20231226,HOU,IND,2230040974,3420,0,1627832|1628415|1630224|1630578|1631095,0,REG,2024,1626167,-5.0,C,Mobile Big,1.32,MISS Sengun 2' Driving Layup,C,Shot Creator,0.77,
Shot Chart Detail,22300409,77,1630578,Alperen Sengun,1610612745,Houston Rockets,1,6,17,Made Shot,Putback Layup Shot,2PT Field Goal,Restricted Area,Center(C),Less Than 8 ft.,0,0,0,1,1,20231226,HOU,IND,2230040977,3430,0,1627832|1628415|1630224|1630578|1631095,0,REG,2024,1626167,-3.0,C,Mobile Big,1.32,Sengun Putback Layup (4 PTS),C,Shot Creator,0.77,
Shot Chart Detail,22300409,84,1630578,Alperen Sengun,1610612745,Houston Rockets,1,5,49,Missed Shot,Turnaround Hook Shot,2PT Field Goal,Restricted Area,Center(C),Less Than 8 ft.,2,-22,18,1,0,20231226,HOU,IND,2230040984,3710,0,1627832|1628415|1630224|1630578|1631095,0,REG,2024,1626167,-3.0,C,Mobile Big,1.32,MISS Sengun 3' Turnaround Hook Shot,C,Shot Creator,0.77,
Shot Chart Detail,22300409,99,1630578,Alperen Sengun,1610612745,Houston Rockets,1,4,55,Made Shot,Turnaround Hook Shot,2PT Field Goal,In The Paint (Non-RA),Center(C),Less Than 8 ft.,6,-28,57,1,1,20231226,HOU,IND,2230040999,4250,0,1627832|1628415|1630224|1630578|1631095,0,REG,2024,1626167,-6.0,C,Mobile Big,1.32,Sengun 6' Turnaround Hook Shot (6 PTS),C,Shot Creator,0.77,
Shot Chart Detail,22300409,113,1630578,Alperen Sengun,1610612745,Houston Rockets,1,3,36,Missed Shot,Layup Shot,2PT Field Goal,Restricted Area,Center(C),Less Than 8 ft.,2,27,11,1,0,20231226,HOU,IND,22300409113,5040,0,1627832|1628415|1630578|1631095|1641708,0,REG,2024,1627741,-4.0,SF-SG,Chaser,-0.64,MISS Sengun 3' Layup,C,Shot Creator,0.77,
Shot Chart Detail,22300409,246,1630578,Alperen Sengun,1610612745,Houston Rockets,2,6,47,Made Shot,Running Layup Shot,2PT Field Goal,Restricted Area,Center(C),Less Than 8 ft.,2,-16,12,1,1,20231226,HOU,IND,22300409246,10330,0,1627832|1628415|1628988|1630256|1630578,1,REG,2024,1630174,10.0,SF,Wing Stopper,0.09,Sengun 2' Running Layup (8 PTS) (VanVleet 2 AST),C,Shot Creator,0.77,1627832.0
Shot Chart Detail,22300409,257,1630578,Alperen Sengun,1610612745,Houston Rockets,2,5,42,Missed Shot,Turnaround Hook Shot,2PT Field Goal,In The Paint (Non-RA),Center(C),Less Than 8 ft.,4,-28,39,1,0,20231226,HOU,IND,22300409257,10980,0,1627832|1628415|1628988|1630578|1631095,0,REG,2024,1630167,10.0,PF,Wing Stopper,-0.61,MISS Sengun 5' Turnaround Hook Shot,C,Shot Creator,0.77,
Shot Chart Detail,22300409,293,1630578,Alperen Sengun,1610612745,Houston Rockets,2,3,8,Made Shot,Driving Layup Shot,2PT Field Goal,Restricted Area,Center(C),Less Than 8 ft.,3,18,33,1,1,20231226,HOU,IND,22300409293,12520,0,1627832|1628415|1630224|1630578|1631095,1,REG,2024,1630188,6.0,C,Mobile Big,-0.27,Sengun 4' Driving Layup (12 PTS) (VanVleet 3 AST),C,Shot Creator,0.77,1627832.0
Shot Chart Detail,22300409,351,1630578,Alperen Sengun,1610612745,Houston Rockets,3,10,28,Missed Shot,Fadeaway Jump Shot,2PT Field Goal,In The Paint (Non-RA),Center(C),8-16 ft.,11,37,113,1,0,20231226,HOU,IND,22300409351,15320,0,1627832|1628415|1630224|1630578|1631095,0,REG,2024,1630543,3.0,C,Mobile Big,1.44,MISS Sengun 12' Fadeaway Jumper,C,Shot Creator,0.77,
Shot Chart Detail,22300409,376,1630578,Alperen Sengun,1610612745,Houston Rockets,3,7,57,Made Shot,Driving Layup Shot,2PT Field Goal,Restricted Area,Center(C),Less Than 8 ft.,3,31,25,1,1,20231226,HOU,IND,22300409376,16830,0,1627832|1628415|1630224|1630578|1631095,0,REG,2024,1630543,-7.0,C,Mobile Big,1.44,Sengun 4' Driving Layup (16 PTS),C,Shot Creator,0.77,
Shot Chart Detail,22300409,387,1630578,Alperen Sengun,1610612745,Houston Rockets,3,7,13,Missed Shot,Running Layup Shot,2PT Field Goal,Restricted Area,Center(C),Less Than 8 ft.,2,21,19,1,0,20231226,HOU,IND,22300409387,17270,0,1627832|1628415|1630224|1630578|1631095,0,REG,2024,1630188,-7.0,C,Mobile Big,-0.27,MISS Sengun 3' Running Layup,C,Shot Creator,0.77,
Shot Chart Detail,22300409,390,1630578,Alperen Sengun,1610612745,Houston Rockets,3,7,10,Made Shot,Putback Layup Shot,2PT Field Goal,Restricted Area,Center(C),Less Than 8 ft.,1,6,19,1,1,20231226,HOU,IND,22300409390,17300,0,1627832|1628415|1630224|1630578|1631095,0,REG,2024,1630543|1630188,-5.0,,,,,C,Shot Creator,0.77,
Shot Chart Detail,22300409,441,1630578,Alperen Sengun,1610612745,Houston Rockets,3,3,50,Made Shot,Driving Reverse Layup Shot,2PT Field Goal,Restricted Area,Center(C),Less Than 8 ft.,3,32,13,1,1,20231226,HOU,IND,22300409441,19300,0,1627832|1628988|1630256|1630578|1631106,1,REG,2024,1631097|1627741,-6.0,,,,,C,Shot Creator,0.77,1627832.0
Shot Chart Detail,22300409,545,1630578,Alperen Sengun,1610612745,Houston Rockets,4,9,26,Made Shot,Tip Layup Shot,2PT Field Goal,Restricted Area,Center(C),Less Than 8 ft.,0,0,0,1,1,20231226,HOU,IND,22300409545,23140,0,1627832|1628988|1630578|1631095|1631106,0,REG,2024,1630188,-4.0,C,Mobile Big,-0.27,Sengun Tip Layup Shot (25 PTS),C,Shot Creator,0.77,
Shot Chart Detail,22300409,559,1630578,Alperen Sengun,1610612745,Houston Rockets,4,8,39,Missed Shot,Layup Shot,2PT Field Goal,Restricted Area,Center(C),Less Than 8 ft.,2,-2,22,1,0,20231226,HOU,IND,22300409559,23610,0,1627832|1628988|1630578|1631095|1631106,0,REG,2024,1630174|1630188|1626167,-3.0,,,,,C,Shot Creator,0.77,
Shot Chart Detail,22300409,595,1630578,Alperen Sengun,1610612745,Houston Rockets,4,4,37,Made Shot,Turnaround Fadeaway shot,2PT Field Goal,In The Paint (Non-RA),Center(C),8-16 ft.,12,11,127,1,1,20231226,HOU,IND,22300409595,26030,0,1627832|1628988|1630578|1631095|1631106,0,REG,2024,1626167,-4.0,C,Mobile Big,1.32,Sengun 13' Turnaround Fadeaway (28 PTS),C,Shot Creator,0.77,
Shot Chart Detail,22300409,599,1630578,Alperen Sengun,1610612745,Houston Rockets,4,4,2,Made Shot,Driving Layup Shot,2PT Field Goal,Restricted Area,Center(C),Less Than 8 ft.,1,9,15,1,1,20231226,HOU,IND,22300409599,26380,0,1627832|1628988|1630578|1631095|1631106,1,REG,2024,1626167,-2.0,C,Mobile Big,1.32,Sengun 2' Driving Layup (30 PTS) (VanVleet 8 AST),C,Shot Creator,0.77,1627832.0
Shot Chart Detail,22300409,632,1630578,Alperen Sengun,1610612745,Houston Rockets,4,0,55,Missed Shot,Driving Dunk Shot,2PT Field Goal,In The Paint (Non-RA),Center(C),Less Than 8 ft.,5,4,55,1,0,20231226,HOU,IND,22300409632,28250,0,1627832|1628988|1630578|1631095|1631106,0,REG,2024,1626167,-3.0,C,Mobile Big,1.32,MISS Sengun 6' Driving Dunk,C,Shot Creator,0.77,
Shot Chart Detail,22300418,9,1630578,Alperen Sengun,1610612745,Houston Rockets,1,11,28,Missed Shot,Jump Shot,3PT Field Goal,Above the Break 3,Center(C),24+ ft.,25,-1,256,1,0,20231227,HOU,PHX,223004189,320,0,1627832|1630224|1630256|1630578|1631095,0,REG,2024,,,,,,,C,Shot Creator,0.77,
Shot Chart Detail,22300418,36,1630578,Alperen Sengun,1610612745,Houston Rockets,1,8,43,Missed Shot,Turnaround Fadeaway shot,2PT Field Goal,In The Paint (Non-RA),Center(C),8-16 ft.,10,-27,105,1,0,20231227,HOU,PHX,2230041836,1970,0,1627832|1630224|1630256|1630578|1631095,0,REG,2024,203994,-1.0,C,Mobile Big,2.29,MISS Sengun 11' Turnaround Fadeaway Shot,C,Shot Creator,0.77,
Shot Chart Detail,22300418,53,1630578,Alperen Sengun,1610612745,Houston Rockets,1,7,19,Made Shot,Driving Layup Shot,2PT Field Goal,Restricted Area,Center(C),Less Than 8 ft.,1,9,7,1,1,20231227,HOU,PHX,2230041853,2810,0,1627832|1630224|1630256|1630578|1631095,1,REG,2024,203994,-2.0,C,Mobile Big,2.29,Sengun 1' Driving Layup (2 PTS) (VanVleet 1 AST),C,Shot Creator,0.77,1627832.0
Shot Chart Detail,22300418,59,1630578,Alperen Sengun,1610612745,Houston Rockets,1,6,51,Made Shot,Driving Hook Shot,2PT Field Goal,Restricted Area,Center(C),Less Than 8 ft.,2,-10,28,1,1,20231227,HOU,PHX,2230041859,3090,0,1627832|1630224|1630256|1630578|1631095,1,REG,2024,203994,0.0,C,Mobile Big,2.29,Sengun 3' Driving Hook Shot (4 PTS) (Ja. Green 1 AST),C,Shot Creator,0.77,1630224.0
Shot Chart Detail,22300418,179,1630578,Alperen Sengun,1610612745,Houston Rockets,2,11,39,Missed Shot,Driving Hook Shot,2PT Field Goal,Restricted Area,Center(C),Less Than 8 ft.,3,13,29,1,0,20231227,HOU,PHX,22300418179,7410,0,1628988|1630578|1631106|1641708|1641715,0,REG,2024,201142,-6.0,PF,Wing Stopper,-0.13,MISS Sengun 3' Driving Hook Shot,C,Shot Creator,0.77,
Shot Chart Detail,22300418,200,1630578,Alperen Sengun,1610612745,Houston Rockets,2,9,55,Made Shot,Driving Reverse Layup Shot,2PT Field Goal,Restricted Area,Center(C),Less Than 8 ft.,2,20,10,1,1,20231227,HOU,PHX,22300418200,8450,0,1628988|1630578|1631106|1641708|1641715,0,REG,2024,1629002,-9.0,C,Helper,0.63,Sengun 2' Driving Reverse Layup (6 PTS),C,Shot Creator,0.77,
Shot Chart Detail,22300418,204,1630578,Alperen Sengun,1610612745,Houston Rockets,2,9,28,Missed Shot,Driving Reverse Layup Shot,2PT Field Goal,Restricted Area,Center(C),Less Than 8 ft.,3,29,20,1,0,20231227,HOU,PHX,22300418204,8720,0,1628988|1630578|1631106|1641708|1641715,0,REG,2024,203994,-9.0,C,Mobile Big,2.29,MISS Sengun 4' Driving Reverse Layup,C,Shot Creator,0.77,
Shot Chart Detail,22300418,208,1630578,Alperen Sengun,1610612745,Houston Rockets,2,9,8,Missed Shot,Jump Shot,2PT Field Goal,Mid-Range,Center(C),16-24 ft.,16,-11,162,1,0,20231227,HOU,PHX,22300418208,8920,0,1628988|1630578|1631106|1641708|1641715,0,REG,2024,203994,-11.0,C,Mobile Big,2.29,MISS Sengun 16' Jump Shot,C,Shot Creator,0.77,
Shot Chart Detail,22300418,248,1630578,Alperen Sengun,1610612745,Houston Rockets,2,6,50,Made Shot,Driving Hook Shot,2PT Field Goal,In The Paint (Non-RA),Center(C),Less Than 8 ft.,5,6,52,1,1,20231227,HOU,PHX,22300418248,10300,0,1627832|1630224|1630256|1630578|1631095,1,REG,2024,1628962,-14.0,C,Anchor Big,-0.42,Sengun 5' Driving Hook Shot (9 PTS) (Ja. Green 2 AST),C,Shot Creator,0.77,1630224.0
Shot Chart Detail,22300418,284,1630578,Alperen Sengun,1610612745,Houston Rockets,2,3,29,Made Shot,Driving Layup Shot,2PT Field Goal,Restricted Area,Center(C),Less Than 8 ft.,3,-36,16,1,1,20231227,HOU,PHX,22300418284,12310,0,1627832|1630224|1630256|1630578|1631095,0,REG,2024,1628962,-11.0,C,Anchor Big,-0.42,Sengun 4' Driving Layup (11 PTS),C,Shot Creator,0.77,
Shot Chart Detail,22300418,311,1630578,Alperen Sengun,1610612745,Houston Rockets,2,1,28,Missed Shot,Step Back Jump shot,2PT Field Goal,Mid-Range,Center(C),16-24 ft.,19,28,196,1,0,20231227,HOU,PHX,22300418311,13520,0,1627832|1630224|1630578|1631095|1631106,0,REG,2024,1628962,-17.0,C,Anchor Big,-0.42,MISS Sengun 20' Step Back Jump Shot,C,Shot Creator,0.77,
Shot Chart Detail,22300418,389,1630578,Alperen Sengun,1610612745,Houston Rockets,3,8,4,Made Shot,Cutting Layup Shot,2PT Field Goal,In The Paint (Non-RA),Center(C),Less Than 8 ft.,4,28,32,1,1,20231227,HOU,PHX,22300418389,16760,0,1627832|1630224|1630256|1630578|1631095,1,REG,2024,203994,-14.0,C,Mobile Big,2.29,Sengun 4' Cutting Layup Shot (15 PTS) (VanVleet 3 AST),C,Shot Creator,0.77,1627832.0
Shot Chart Detail,22300418,415,1630578,Alperen Sengun,1610612745,Houston Rockets,3,6,6,Made Shot,Fadeaway Jump Shot,2PT Field Goal,In The Paint (Non-RA),Center(C),8-16 ft.,8,9,87,1,1,20231227,HOU,PHX,22300418415,17940,0,1627832|1630224|1630256|1630578|1631106,1,REG,2024,203994,-15.0,C,Mobile Big,2.29,Sengun 9' Fadeaway Jumper (17 PTS) (VanVleet 4 AST),C,Shot Creator,0.77,1627832.0
Shot Chart Detail,22300418,422,1630578,Alperen Sengun,1610612745,Houston Rockets,3,5,26,Missed Shot,Driving Floating Jump Shot,2PT Field Goal,In The Paint (Non-RA),Center(C),Less Than 8 ft.,4,-13,46,1,0,20231227,HOU,PHX,22300418422,18340,0,1627832|1630224|1630256|1630578|1631106,0,REG,2024,1626164|203994,-15.0,,,,,C,Shot Creator,0.77,
Shot Chart Detail,22300418,442,1630578,Alperen Sengun,1610612745,Houston Rockets,3,5,4,Made Shot,Driving Dunk Shot,2PT Field Goal,Restricted Area,Center(C),Less Than 8 ft.,2,-9,25,1,1,20231227,HOU,PHX,22300418442,18560,0,1627832|1628988|1630256|1630578|1631106,0,REG,2024,,,,,,,C,Shot Creator,0.77,
Shot Chart Detail,22300418,449,1630578,Alperen Sengun,1610612745,Houston Rockets,3,4,0,Made Shot,Jump Shot,3PT Field Goal,Above the Break 3,Center(C),24+ ft.,27,34,272,1,1,20231227,HOU,PHX,22300418449,19200,0,1627832|1628988|1630256|1630578|1631106,1,REG,2024,,,,,,,C,Shot Creator,0.77,1627832.0
Shot Chart Detail,22300418,463,1630578,Alperen Sengun,1610612745,Houston Rockets,3,2,18,Missed Shot,Jump Shot,3PT Field Goal,Above the Break 3,Left Side Center(LC),24+ ft.,25,-124,227,1,0,20231227,HOU,PHX,22300418463,20220,0,1627832|1628988|1630256|1630578|1631106,0,REG,2024,1628962,-14.0,C,Anchor Big,-0.42,MISS Sengun 26' 3PT Jump Shot,C,Shot Creator,0.77,
Shot Chart Detail,22300418,466,1630578,Alperen Sengun,1610612745,Houston Rockets,3,1,49,Missed Shot,Jump Shot,3PT Field Goal,Above the Break 3,Center(C),24+ ft.,26,-48,260,1,0,20231227,HOU,PHX,22300418466,20510,0,1627832|1628988|1630256|1630578|1631106,0,REG,2024,1628962,-16.0,C,Anchor Big,-0.42,MISS Sengun 26' 3PT Jump Shot,C,Shot Creator,0.77,
Shot Chart Detail,22300434,131,1630578,Alperen Sengun,1610612745,Houston Rockets,1,2,34,Missed Shot,Turnaround Hook Shot,2PT Field Goal,In The Paint (Non-RA),Center(C),Less Than 8 ft.,4,12,48,1,0,20231229,HOU,PHI,22300434131,5660,0,1628988|1630224|1630578|1631106|1641708,0,REG,2024,,,,,,,C,Shot Creator,0.77,
Shot Chart Detail,22300434,142,1630578,Alperen Sengun,1610612745,Houston Rockets,1,1,41,Made Shot,Driving Layup Shot,2PT Field Goal,In The Paint (Non-RA),Center(C),Less Than 8 ft.,4,25,37,1,1,20231229,HOU,PHI,22300434142,6190,0,1628988|1630224|1630578|1631106|1641708,1,REG,2024,,,,,,,C,Shot Creator,0.77,1628988.0
Shot Chart Detail,22300434,162,1630578,Alperen Sengun,1610612745,Houston Rockets,1,0,26,Missed Shot,Putback Layup Shot,2PT Field Goal,In The Paint (Non-RA),Center(C),Less Than 8 ft.,4,-4,44,1,0,20231229,HOU,PHI,22300434162,6940,0,1628988|1630224|1630578|1631106|1641708,0,REG,2024,1628964|203496,7.0,,,,,C,Shot Creator,0.77,
Shot Chart Detail,22300434,259,1630578,Alperen Sengun,1610612745,Houston Rockets,2,7,3,Made Shot,Turnaround Hook Shot,2PT Field Goal,Restricted Area,Center(C),Less Than 8 ft.,3,16,27,1,1,20231229,HOU,PHI,22300434259,10170,0,201145|1627832|1630224|1630256|1630578,0,REG,2024,1630194,7.0,C,Mobile Big,1.42,Sengun 3' Turnaround Hook Shot (5 PTS),C,Shot Creator,0.77,
Shot Chart Detail,22300434,274,1630578,Alperen Sengun,1610612745,Houston Rockets,2,5,44,Made Shot,Floating Jump shot,2PT Field Goal,In The Paint (Non-RA),Center(C),Less Than 8 ft.,5,11,55,1,1,20231229,HOU,PHI,22300434274,10960,0,201145|1627832|1630224|1630256|1630578,1,REG,2024,1626162|1630194,7.0,,,,,C,Shot Creator,0.77,1630224.0
Shot Chart Detail,22300434,285,1630578,Alperen Sengun,1610612745,Houston Rockets,2,4,47,Made Shot,Cutting Layup Shot,2PT Field Goal,In The Paint (Non-RA),Center(C),Less Than 8 ft.,4,25,36,1,1,20231229,HOU,PHI,22300434285,11530,0,201145|1627832|1630224|1630256|1630578,1,REG,2024,1630194,4.0,C,Mobile Big,1.42,Sengun 4' Cutting Layup Shot (9 PTS) (VanVleet 4 AST),C,Shot Creator,0.77,1627832.0
Shot Chart Detail,22300434,369,1630578,Alperen Sengun,1610612745,Houston Rockets,3,11,20,Made Shot,Putback Layup Shot,2PT Field Goal,Restricted Area,Center(C),Less Than 8 ft.,3,29,17,1,1,20231229,HOU,PHI,22300434369,14800,0,201145|1627832|1630224|1630256|1630578,0,REG,2024,1626162,1.0,SF,Helper,-0.22,Sengun 3' Putback Layup (11 PTS),C,Shot Creator,0.77,
Shot Chart Detail,22300434,380,1630578,Alperen Sengun,1610612745,Houston Rockets,3,10,11,Made Shot,Floating Jump shot,2PT Field Goal,Restricted Area,Center(C),Less Than 8 ft.,3,15,36,1,1,20231229,HOU,PHI,22300434380,15490,0,201145|1627832|1630224|1630256|1630578,1,REG,2024,1629001,3.0,SG,Point of Attack,0.56,Sengun 4' Floating Jump Shot (13 PTS) (VanVleet 8 AST),C,Shot Creator,0.77,1627832.0
Shot Chart Detail,22300434,428,1630578,Alperen Sengun,1610612745,Houston Rockets,3,5,18,Made Shot,Turnaround Fadeaway shot,2PT Field Goal,In The Paint (Non-RA),Center(C),8-16 ft.,9,-26,87,1,1,20231229,HOU,PHI,22300434428,18420,0,201145|1627832|1630224|1630256|1630578,0,REG,2024,1629001|1630194,3.0,,,,,C,Shot Creator,0.77,
Shot Chart Detail,22300434,435,1630578,Alperen Sengun,1610612745,Houston Rockets,3,4,11,Made Shot,Jump Shot,3PT Field Goal,Above the Break 3,Center(C),24+ ft.,25,60,248,1,1,20231229,HOU,PHI,22300434435,19090,0,201145|1627832|1630224|1630256|1630578,1,REG,2024,1630194,9.0,C,Mobile Big,1.42,Sengun 26' 3PT Jump Shot (18 PTS) (VanVleet 9 AST),C,Shot Creator,0.77,1627832.0
Shot Chart Detail,22300434,441,1630578,Alperen Sengun,1610612745,Houston Rockets,3,3,27,Made Shot,Driving Dunk Shot,2PT Field Goal,Restricted Area,Center(C),Less Than 8 ft.,3,23,27,1,1,20231229,HOU,PHI,22300434441,19530,0,201145|1627832|1630224|1630256|1630578,1,REG,2024,1630194,8.0,C,Mobile Big,1.42,Sengun 4' Driving Dunk (20 PTS) (Ja. Green 3 AST),C,Shot Creator,0.77,1630224.0
Shot Chart Detail,22300434,444,1630578,Alperen Sengun,1610612745,Houston Rockets,3,2,44,Made Shot,Driving Layup Shot,2PT Field Goal,Restricted Area,Center(C),Less Than 8 ft.,2,4,20,1,1,20231229,HOU,PHI,22300434444,19960,0,201145|1627832|1630224|1630256|1630578,0,REG,2024,1630194,8.0,C,Mobile Big,1.42,Sengun 2' Driving Layup (22 PTS),C,Shot Creator,0.77,
Shot Chart Detail,22300434,466,1630578,Alperen Sengun,1610612745,Houston Rockets,3,1,44,Missed Shot,Jump Shot,3PT Field Goal,Above the Break 3,Right Side Center(RC),24+ ft.,25,88,240,1,0,20231229,HOU,PHI,22300434466,20560,0,1627832|1628988|1630256|1630578|1631106,0,REG,2024,203496,6.0,SF-PF,Helper,1.14,MISS Sengun 26' 3PT Jump Shot,C,Shot Creator,0.77,
Shot Chart Detail,22300434,571,1630578,Alperen Sengun,1610612745,Houston Rockets,4,5,35,Made Shot,Driving Finger Roll Layup Shot,2PT Field Goal,Restricted Area,Center(C),Less Than 8 ft.,1,6,15,1,1,20231229,HOU,PHI,22300434571,25450,0,1627832|1630224|1630256|1630578|1631106,1,REG,2024,,,,,,,C,Shot Creator,0.77,1627832.0
Shot Chart Detail,22300434,582,1630578,Alperen Sengun,1610612745,Houston Rockets,4,4,49,Made Shot,Dunk Shot,2PT Field Goal,Restricted Area,Center(C),Less Than 8 ft.,2,-10,24,1,1,20231229,HOU,PHI,22300434582,25910,0,1627832|1630224|1630256|1630578|1631106,1,REG,2024,1629001,-1.0,SG,Point of Attack,0.56,Sengun 3' Dunk (26 PTS) (Ja. Green 4 AST),C,Shot Creator,0.77,1630224.0
Shot Chart Detail,22300434,606,1630578,Alperen Sengun,1610612745,Houston Rockets,4,2,59,Missed Shot,Driving Layup Shot,2PT Field Goal,In The Paint (Non-RA),Center(C),Less Than 8 ft.,4,42,5,1,0,20231229,HOU,PHI,22300434606,27010,0,1627832|1630224|1630256|1630578|1631106,0,REG,2024,,,,,,,C,Shot Creator,0.77,
Shot Chart Detail,22300453,13,1630578,Alperen Sengun,1610612745,Houston Rockets,1,10,55,Made Shot,Jump Shot,2PT Field Goal,In The Paint (Non-RA),Center(C),8-16 ft.,15,-61,138,1,1,20240101,HOU,DET,2230045313,650,0,1627832|1630224|1630256|1630578|1631095,1,REG,2024,1631093|1631105,1.0,,,,,C,Shot Creator,0.77,1630224.0
Shot Chart Detail,22300453,40,1630578,Alperen Sengun,1610612745,Houston Rockets,1,8,24,Missed Shot,Turnaround Fadeaway shot,2PT Field Goal,In The Paint (Non-RA),Center(C),8-16 ft.,8,40,80,1,0,20240101,HOU,DET,2230045340,2160,0,1627832|1630224|1630256|1630578|1631095,0,REG,2024,1631105,-1.0,C,Anchor Big,0.64,MISS Sengun 9' Turnaround Fadeaway Shot,C,Shot Creator,0.77,
Shot Chart Detail,22300453,86,1630578,Alperen Sengun,1610612745,Houston Rockets,1,4,57,Missed Shot,Jump Shot,3PT Field Goal,Above the Break 3,Center(C),24+ ft.,25,34,255,1,0,20240101,HOU,DET,2230045386,4230,0,1627832|1630224|1630578|1631106|1641708,0,REG,2024,1631105,4.0,C,Anchor Big,0.64,MISS Sengun 26' 3PT Jump Shot,C,Shot Creator,0.77,
Shot Chart Detail,22300453,97,1630578,Alperen Sengun,1610612745,Houston Rockets,1,3,52,Missed Shot,Cutting Dunk Shot,2PT Field Goal,Restricted Area,Center(C),Less Than 8 ft.,3,9,32,1,0,20240101,HOU,DET,2230045397,4880,0,1627832|1630224|1630578|1631106|1641708,0,REG,2024,1631105,1.0,C,Anchor Big,0.64,MISS Sengun 3' Cutting Dunk Shot,C,Shot Creator,0.77,
Shot Chart Detail,22300453,267,1630578,Alperen Sengun,1610612745,Houston Rockets,2,3,3,Made Shot,Cutting Layup Shot,2PT Field Goal,Restricted Area,Center(C),Less Than 8 ft.,3,-33,4,1,1,20240101,HOU,DET,22300453267,12570,0,1627832|1630224|1630256|1630578|1631095,1,REG,2024,1631105,8.0,C,Anchor Big,0.64,Sengun 3' Cutting Layup Shot (4 PTS) (VanVleet 1 AST),C,Shot Creator,0.77,1627832.0
Shot Chart Detail,22300453,282,1630578,Alperen Sengun,1610612745,Houston Rockets,2,1,22,Missed Shot,Jump Shot,3PT Field Goal,Above the Break 3,Left Side Center(LC),24+ ft.,24,-81,232,1,0,20240101,HOU,DET,22300453282,13580,0,1627832|1630224|1630256|1630578|1631095,0,REG,2024,,,,,,,C,Shot Creator,0.77,
Shot Chart Detail,22300453,293,1630578,Alperen Sengun,1610612745,Houston Rockets,2,0,17,Made Shot,Dunk Shot,2PT Field Goal,Restricted Area,Center(C),Less Than 8 ft.,0,-7,5,1,1,20240101,HOU,DET,22300453293,14230,0,1627832|1630224|1630256|1630578|1631095,0,REG,2024,1631105,6.0,C,Anchor Big,0.64,Sengun 1' Dunk (6 PTS),C,Shot Creator,0.77,
Shot Chart Detail,22300453,351,1630578,Alperen Sengun,1610612745,Houston Rockets,3,8,54,Made Shot,Cutting Layup Shot,2PT Field Goal,Restricted Area,Center(C),Less Than 8 ft.,0,4,1,1,1,20240101,HOU,DET,22300453351,16260,0,1627832|1630224|1630256|1630578|1631095,1,REG,2024,1631105,9.0,C,Anchor Big,0.64,Sengun Cutting Layup Shot (12 PTS) (VanVleet 3 AST),C,Shot Creator,0.77,1627832.0
Shot Chart Detail,22300453,361,1630578,Alperen Sengun,1610612745,Houston Rockets,3,8,21,Made Shot,Turnaround Hook Shot,2PT Field Goal,Restricted Area,Center(C),Less Than 8 ft.,2,11,18,1,1,20240101,HOU,DET,22300453361,16590,0,1627832|1630224|1630256|1630578|1631095,1,REG,2024,1630164,10.0,C,Anchor Big,-0.32,Sengun 2' Turnaround Hook Shot (15 PTS) (VanVleet 4 AST),C,Shot Creator,0.77,1627832.0
Shot Chart Detail,22300453,367,1630578,Alperen Sengun,1610612745,Houston Rockets,3,7,47,Made Shot,Turnaround Fadeaway shot,2PT Field Goal,In The Paint (Non-RA),Left Side(L),8-16 ft.,11,-71,86,1,1,20240101,HOU,DET,22300453367,16930,0,1627832|1630224|1630256|1630578|1631095,0,REG,2024,1631093|1630164,12.0,,,,,C,Shot Creator,0.77,
Shot Chart Detail,22300453,419,1630578,Alperen Sengun,1610612745,Houston Rockets,3,4,53,Made Shot,Driving Floating Jump Shot,2PT Field Goal,In The Paint (Non-RA),Center(C),Less Than 8 ft.,7,-29,73,1,1,20240101,HOU,DET,22300453419,18670,0,1627832|1630224|1630578|1631106|1641708,1,REG,2024,1630164,20.0,C,Anchor Big,-0.32,Sengun 8' Driving Floating Jump Shot (19 PTS) (VanVleet 5 AST),C,Shot Creator,0.77,1627832.0
Shot Chart Detail,22300453,437,1630578,Alperen Sengun,1610612745,Houston Rockets,3,3,52,Made Shot,Fadeaway Jump Shot,2PT Field Goal,In The Paint (Non-RA),Center(C),8-16 ft.,12,47,111,1,1,20240101,HOU,DET,22300453437,19280,0,1627832|1630224|1630578|1631106|1641708,1,REG,2024,1630164,26.0,C,Anchor Big,-0.32,Sengun 12' Fadeaway Jumper (22 PTS) (VanVleet 6 AST),C,Shot Creator,0.77,1627832.0
Shot Chart Detail,22300453,480,1630578,Alperen Sengun,1610612745,Houston Rockets,3,0,48,Made Shot,Driving Layup Shot,2PT Field Goal,Restricted Area,Center(C),Less Than 8 ft.,2,-23,5,1,1,20240101,HOU,DET,22300453480,21120,0,1628988|1630224|1630578|1631106|1641708,1,REG,2024,1630164,25.0,C,Anchor Big,-0.32,Sengun 2' Driving Layup (25 PTS) (Thompson 2 AST),C,Shot Creator,0.77,1641708.0
Shot Chart Detail,22300469,41,1630578,Alperen Sengun,1610612745,Houston Rockets,1,7,45,Made Shot,Driving Layup Shot,2PT Field Goal,Restricted Area,Center(C),Less Than 8 ft.,1,13,9,1,1,20240103,HOU,BKN,2230046941,2550,0,1627832|1630224|1630256|1630578|1631095,0,REG,2024,1629651|1627827,1.0,,,,,C,Shot Creator,0.77,
Shot Chart Detail,22300469,49,1630578,Alperen Sengun,1610612745,Houston Rockets,1,6,48,Made Shot,Fadeaway Jump Shot,2PT Field Goal,In The Paint (Non-RA),Center(C),8-16 ft.,14,-61,136,1,1,20240103,HOU,BKN,2230046949,3120,0,1627832|1630224|1630256|1630578|1631095,0,REG,2024,1627827,3.0,PF,Wing Stopper,0.22,Sengun 15' Fadeaway Jumper (4 PTS),C,Shot Creator,0.77,
Shot Chart Detail,22300469,59,1630578,Alperen Sengun,1610612745,Houston Rockets,1,5,21,Missed Shot,Jump Shot,3PT Field Goal,Above the Break 3,Center(C),24+ ft.,25,-40,253,1,0,20240103,HOU,BKN,2230046959,3990,0,1627832|1630224|1630256|1630578|1631095,0,REG,2024,1629651,-1.0,C,Mobile Big,2.32,MISS Sengun 26' 3PT Jump Shot,C,Shot Creator,0.77,
Shot Chart Detail,22300469,77,1630578,Alperen Sengun,1610612745,Houston Rockets,1,3,38,Missed Shot,Turnaround Hook Shot,2PT Field Goal,Restricted Area,Center(C),Less Than 8 ft.,3,2,35,1,0,20240103,HOU,BKN,2230046977,5020,0,1627832|1630224|1630256|1630578|1631095,0,REG,2024,1629651,0.0,C,Mobile Big,2.32,MISS Sengun 4' Turnaround Hook Shot,C,Shot Creator,0.77,
Shot Chart Detail,22300469,247,1630578,Alperen Sengun,1610612745,Houston Rockets,2,5,9,Missed Shot,Putback Layup Shot,2PT Field Goal,Restricted Area,Center(C),Less Than 8 ft.,3,6,34,1,0,20240103,HOU,BKN,22300469247,11310,0,1627832|1630224|1630256|1630578|1631095,0,REG,2024,1628969,-3.0,SF,Point of Attack,-0.81,MISS Sengun 3' Putback Layup,C,Shot Creator,0.77,
Shot Chart Detail,22300469,259,1630578,Alperen Sengun,1610612745,Houston Rockets,2,4,21,Made Shot,Fadeaway Jump Shot,2PT Field Goal,Mid-Range,Left Side Center(LC),16-24 ft.,16,-61,157,1,1,20240103,HOU,BKN,22300469259,11790,0,1627832|1630224|1630256|1630578|1631095,1,REG,2024,1629651,2.0,C,Mobile Big,2.32,Sengun 17' Fadeaway Jumper (7 PTS) (VanVleet 2 AST),C,Shot Creator,0.77,1627832.0
Shot Chart Detail,22300469,267,1630578,Alperen Sengun,1610612745,Houston Rockets,2,3,44,Made Shot,Turnaround Hook Shot,2PT Field Goal,In The Paint (Non-RA),Center(C),Less Than 8 ft.,6,2,66,1,1,20240103,HOU,BKN,22300469267,12160,0,1627832|1630224|1630256|1630578|1631095,1,REG,2024,1629651,2.0,C,Mobile Big,2.32,Sengun 7' Turnaround Hook Shot (9 PTS) (VanVleet 3 AST),C,Shot Creator,0.77,1627832.0
Shot Chart Detail,22300469,281,1630578,Alperen Sengun,1610612745,Houston Rockets,2,2,26,Made Shot,Driving Hook Shot,2PT Field Goal,In The Paint (Non-RA),Center(C),Less Than 8 ft.,5,-5,55,1,1,20240103,HOU,BKN,22300469281,12940,0,1627832|1630224|1630256|1630578|1631095,1,REG,2024,1629651,1.0,C,Mobile Big,2.32,Sengun 6' Driving Hook Shot (11 PTS) (VanVleet 4 AST),C,Shot Creator,0.77,1627832.0
Shot Chart Detail,22300469,291,1630578,Alperen Sengun,1610612745,Houston Rockets,2,1,30,Made Shot,Driving Layup Shot,2PT Field Goal,Restricted Area,Center(C),Less Than 8 ft.,2,12,20,1,1,20240103,HOU,BKN,22300469291,13500,0,1627832|1630224|1630256|1630578|1631095,1,REG,2024,1629651,2.0,C,Mobile Big,2.32,Sengun 2' Driving Layup (14 PTS) (VanVleet 5 AST),C,Shot Creator,0.77,1627832.0
Shot Chart Detail,22300469,318,1630578,Alperen Sengun,1610612745,Houston Rockets,3,11,18,Made Shot,Driving Layup Shot,2PT Field Goal,Restricted Area,Center(C),Less Than 8 ft.,2,16,23,1,1,20240103,HOU,BKN,22300469318,14820,0,1627832|1630224|1630256|1630578|1631095,0,REG,2024,1629651,1.0,C,Mobile Big,2.32,Sengun 3' Driving Layup (16 PTS),C,Shot Creator,0.77,
Shot Chart Detail,22300469,328,1630578,Alperen Sengun,1610612745,Houston Rockets,3,10,22,Made Shot,Driving Hook Shot,2PT Field Goal,In The Paint (Non-RA),Center(C),Less Than 8 ft.,4,-28,36,1,1,20240103,HOU,BKN,22300469328,15380,0,1627832|1630224|1630256|1630578|1631095,1,REG,2024,1629651,-2.0,C,Mobile Big,2.32,Sengun 5' Driving Hook Shot (18 PTS) (Ja. Green 2 AST),C,Shot Creator,0.77,1630224.0
Shot Chart Detail,22300469,370,1630578,Alperen Sengun,1610612745,Houston Rockets,3,6,44,Made Shot,Driving Layup Shot,2PT Field Goal,Restricted Area,Center(C),Less Than 8 ft.,2,21,8,1,1,20240103,HOU,BKN,22300469370,17560,0,1627832|1630224|1630256|1630578|1631095,0,REG,2024,1630549,3.0,C,Anchor Big,0.59,Sengun 2' Driving Layup (22 PTS),C,Shot Creator,0.77,
Shot Chart Detail,22300469,379,1630578,Alperen Sengun,1610612745,Houston Rockets,3,6,21,Made Shot,Driving Layup Shot,2PT Field Goal,In The Paint (Non-RA),Center(C),Less Than 8 ft.,4,-4,43,1,1,20240103,HOU,BKN,22300469379,17790,0,1627832|1630224|1630256|1630578|1631095,1,REG,2024,1630549,5.0,C,Anchor Big,0.59,Sengun 4' Driving Layup (24 PTS) (Tate 2 AST),C,Shot Creator,0.77,1630256.0
Shot Chart Detail,22300469,410,1630578,Alperen Sengun,1610612745,Houston Rockets,3,4,37,Missed Shot,Jump Shot,3PT Field Goal,Above the Break 3,Right Side Center(RC),24+ ft.,25,131,222,1,0,20240103,HOU,BKN,22300469410,18830,0,1627832|1630224|1630256|1630578|1641708,0,REG,2024,,,,,,,C,Shot Creator,0.77,
Shot Chart Detail,22300469,607,1630578,Alperen Sengun,1610612745,Houston Rockets,4,4,4,Missed Shot,Driving Hook Shot,2PT Field Goal,Restricted Area,Center(C),Less Than 8 ft.,2,10,25,1,0,20240103,HOU,BKN,22300469607,26360,0,1627832|1630224|1630256|1630578|1631095,0,REG,2024,1629651,15.0,C,Mobile Big,2.32,MISS Sengun 3' Driving Hook Shot,C,Shot Creator,0.77,
Shot Chart Detail,22300469,611,1630578,Alperen Sengun,1610612745,Houston Rockets,4,3,39,Missed Shot,Jump Shot,2PT Field Goal,Mid-Range,Center(C),16-24 ft.,22,47,225,1,0,20240103,HOU,BKN,22300469611,26610,0,1627832|1630224|1630256|1630578|1631095,0,REG,2024,1629651,15.0,C,Mobile Big,2.32,MISS Sengun 23' Jump Shot,C,Shot Creator,0.77,
Shot Chart Detail,22300469,638,1630578,Alperen Sengun,1610612745,Houston Rockets,4,2,18,Made Shot,Driving Layup Shot,2PT Field Goal,Restricted Area,Center(C),Less Than 8 ft.,3,21,22,1,1,20240103,HOU,BKN,22300469638,27420,0,1627832|1630224|1630256|1630578|1631095,1,REG,2024,,,,,,,C,Shot Creator,0.77,1627832.0
Shot Chart Detail,22300485,11,1630578,Alperen Sengun,1610612745,Houston Rockets,1,11,14,Made Shot,Floating Jump shot,2PT Field Goal,In The Paint (Non-RA),Center(C),8-16 ft.,9,-9,91,1,1,20240105,HOU,MIN,2230048511,460,0,1627832|1630224|1630256|1630578|1631095,1,REG,2024,203497,3.0,C,Anchor Big,2.9,Sengun 9' Floating Jump Shot (2 PTS) (Ja. Green 1 AST),C,Shot Creator,0.77,1630224.0
Shot Chart Detail,22300485,28,1630578,Alperen Sengun,1610612745,Houston Rockets,1,9,38,Made Shot,Turnaround Hook Shot,2PT Field Goal,In The Paint (Non-RA),Center(C),Less Than 8 ft.,4,18,37,1,1,20240105,HOU,MIN,2230048528,1420,0,1627832|1630224|1630256|1630578|1631095,1,REG,2024,203497,4.0,C,Anchor Big,2.9,Sengun 4' Turnaround Hook Shot (4 PTS) (VanVleet 2 AST),C,Shot Creator,0.77,1627832.0
Shot Chart Detail,22300485,40,1630578,Alperen Sengun,1610612745,Houston Rockets,1,8,4,Missed Shot,Floating Jump shot,2PT Field Goal,Mid-Range,Center(C),16-24 ft.,17,29,176,1,0,20240105,HOU,MIN,2230048540,2360,0,1627832|1630224|1630256|1630578|1631095,0,REG,2024,203497,3.0,C,Anchor Big,2.9,MISS Sengun 18' Floating Jump Shot,C,Shot Creator,0.77,
Shot Chart Detail,22300485,51,1630578,Alperen Sengun,1610612745,Houston Rockets,1,6,44,Made Shot,Jump Shot,2PT Field Goal,In The Paint (Non-RA),Right Side(R),8-16 ft.,9,66,74,1,1,20240105,HOU,MIN,2230048551,3160,0,1627832|1630224|1630256|1630578|1631095,1,REG,2024,203497|1630183,4.0,,,,,C,Shot Creator,0.77,1627832.0
Shot Chart Detail,22300485,59,1630578,Alperen Sengun,1610612745,Houston Rockets,1,5,59,Made Shot,Turnaround Bank Hook Shot,2PT Field Goal,In The Paint (Non-RA),Center(C),Less Than 8 ft.,4,-7,46,1,1,20240105,HOU,MIN,2230048559,3610,0,1627832|1630224|1630256|1630578|1631095,0,REG,2024,203497,3.0,C,Anchor Big,2.9,Sengun 5' Turnaround Bank Hook Shot (9 PTS),C,Shot Creator,0.77,
Shot Chart Detail,22300485,91,1630578,Alperen Sengun,1610612745,Houston Rockets,1,3,54,Missed Shot,Driving Floating Jump Shot,2PT Field Goal,Restricted Area,Center(C),Less Than 8 ft.,3,25,25,1,0,20240105,HOU,MIN,2230048591,4860,0,1627832|1628988|1630578|1641708|1641715,0,REG,2024,203497|1630183,-2.0,,,,,C,Shot Creator,0.77,
Shot Chart Detail,22300485,96,1630578,Alperen Sengun,1610612745,Houston Rockets,1,3,30,Made Shot,Jump Shot,2PT Field Goal,In The Paint (Non-RA),Center(C),8-16 ft.,12,-27,118,1,1,20240105,HOU,MIN,2230048596,5100,0,1627832|1628988|1630578|1641708|1641715,1,REG,2024,203497|1630183,-2.0,,,,,C,Shot Creator,0.77,1627832.0
Shot Chart Detail,22300485,168,1630578,Alperen Sengun,1610612745,Houston Rockets,2,11,4,Missed Shot,Driving Hook Shot,2PT Field Goal,In The Paint (Non-RA),Center(C),Less Than 8 ft.,5,-53,22,1,0,20240105,HOU,MIN,22300485168,7760,0,201145|1628988|1630578|1641708|1641715,0,REG,2024,1626157,-13.0,PF,Mobile Big,0.05,MISS Sengun 6' Driving Hook Shot,C,Shot Creator,0.77,
Shot Chart Detail,22300485,199,1630578,Alperen Sengun,1610612745,Houston Rockets,2,8,57,Missed Shot,Running Alley Oop Dunk Shot,2PT Field Goal,Restricted Area,Center(C),Less Than 8 ft.,2,-20,17,1,0,20240105,HOU,MIN,22300485199,9030,0,201145|1627832|1628988|1630224|1630578,0,REG,2024,1629638,-8.0,SG,Point of Attack,0.29,MISS Sengun 3' Running Alley Oop Dunk Shot,C,Shot Creator,0.77,
Shot Chart Detail,22300485,225,1630578,Alperen Sengun,1610612745,Houston Rockets,2,7,28,Missed Shot,Turnaround Hook Shot,2PT Field Goal,In The Paint (Non-RA),Center(C),Less Than 8 ft.,5,-40,43,1,0,20240105,HOU,MIN,22300485225,9920,0,201145|1627832|1630224|1630256|1630578,0,REG,2024,203497,-8.0,C,Anchor Big,2.9,MISS Sengun 6' Turnaround Hook Shot,C,Shot Creator,0.77,
Shot Chart Detail,22300485,246,1630578,Alperen Sengun,1610612745,Houston Rockets,2,5,45,Missed Shot,Driving Hook Shot,2PT Field Goal,In The Paint (Non-RA),Center(C),Less Than 8 ft.,5,-38,34,1,0,20240105,HOU,MIN,22300485246,10950,0,1627832|1630224|1630256|1630578|1631095,0,REG,2024,203497,-14.0,C,Anchor Big,2.9,MISS Sengun 5' Driving Hook Shot,C,Shot Creator,0.77,
Shot Chart Detail,22300485,273,1630578,Alperen Sengun,1610612745,Houston Rockets,2,3,13,Missed Shot,Jump Shot,3PT Field Goal,Above the Break 3,Center(C),24+ ft.,26,-28,265,1,0,20240105,HOU,MIN,22300485273,12470,0,1627832|1630224|1630256|1630578|1631095,0,REG,2024,1630162,-12.0,SG,Wing Stopper,0.01,MISS Sengun 27' 3PT Jump Shot,C,Shot Creator,0.77,
Shot Chart Detail,22300485,292,1630578,Alperen Sengun,1610612745,Houston Rockets,2,1,20,Made Shot,Driving Dunk Shot,2PT Field Goal,Restricted Area,Center(C),Less Than 8 ft.,1,-6,8,1,1,20240105,HOU,MIN,22300485292,13600,0,201145|1627832|1630224|1630578|1631095,1,REG,2024,203497|1630183,-11.0,,,,,C,Shot Creator,0.77,1627832.0
Shot Chart Detail,22300485,347,1630578,Alperen Sengun,1610612745,Houston Rockets,3,8,21,Made Shot,Driving Layup Shot,2PT Field Goal,Restricted Area,Center(C),Less Than 8 ft.,2,22,8,1,1,20240105,HOU,MIN,22300485347,16590,0,1627832|1630224|1630256|1630578|1631095,1,REG,2024,203497|1630162,-11.0,,,,,C,Shot Creator,0.77,1627832.0
Shot Chart Detail,22300485,383,1630578,Alperen Sengun,1610612745,Houston Rockets,3,4,53,Missed Shot,Fadeaway Jump Shot,2PT Field Goal,Mid-Range,Left Side(L),8-16 ft.,11,-105,57,1,0,20240105,HOU,MIN,22300485383,18670,0,201145|1627832|1630224|1630256|1630578,0,REG,2024,203497,-11.0,C,Anchor Big,2.9,MISS Sengun 12' Fadeaway Jumper,C,Shot Creator,0.77,
Shot Chart Detail,22300485,392,1630578,Alperen Sengun,1610612745,Houston Rockets,3,4,20,Missed Shot,Cutting Layup Shot,2PT Field Goal,Restricted Area,Center(C),Less Than 8 ft.,2,-3,28,1,0,20240105,HOU,MIN,22300485392,19000,0,201145|1627832|1630224|1630256|1630578,0,REG,2024,203497,-14.0,C,Anchor Big,2.9,MISS Sengun 3' Cutting Layup Shot,C,Shot Creator,0.77,
Shot Chart Detail,22300485,531,1630578,Alperen Sengun,1610612745,Houston Rockets,4,6,59,Made Shot,Driving Layup Shot,2PT Field Goal,Restricted Area,Center(C),Less Than 8 ft.,2,-4,24,1,1,20240105,HOU,MIN,22300485531,24610,0,203493|1628988|1630224|1630578|1631095,0,REG,2024,203497,-22.0,C,Anchor Big,2.9,Sengun 2' Driving Layup (19 PTS),C,Shot Creator,0.77,
Shot Chart Detail,22300496,9,1630578,Alperen Sengun,1610612745,Houston Rockets,1,11,35,Missed Shot,Running Layup Shot,2PT Field Goal,Restricted Area,Center(C),Less Than 8 ft.,3,34,13,1,0,20240106,HOU,MIL,223004969,250,0,1627832|1630224|1630256|1630578|1631095,0,REG,2024,201572,0.0,C,Anchor Big,1.23,MISS Sengun 4' Running Layup,C,Shot Creator,0.77,
Shot Chart Detail,22300496,14,1630578,Alperen Sengun,1610612745,Houston Rockets,1,11,4,Missed Shot,Jump Shot,2PT Field Goal,Mid-Range,Center(C),8-16 ft.,15,-4,156,1,0,20240106,HOU,MIL,2230049614,560,0,1627832|1630224|1630256|1630578|1631095,0,REG,2024,201572,-2.0,C,Anchor Big,1.23,MISS Sengun 16' Jump Shot,C,Shot Creator,0.77,
Shot Chart Detail,22300496,17,1630578,Alperen Sengun,1610612745,Houston Rockets,1,10,25,Missed Shot,Turnaround Fadeaway shot,2PT Field Goal,In The Paint (Non-RA),Center(C),Less Than 8 ft.,5,-21,53,1,0,20240106,HOU,MIL,2230049617,950,0,1627832|1630224|1630256|1630578|1631095,0,REG,2024,201572,-4.0,C,Anchor Big,1.23,MISS Sengun 6' Turnaround Fadeaway Shot,C,Shot Creator,0.77,
Shot Chart Detail,22300496,27,1630578,Alperen Sengun,1610612745,Houston Rockets,1,9,26,Missed Shot,Cutting Layup Shot,2PT Field Goal,Restricted Area,Center(C),Less Than 8 ft.,2,16,16,1,0,20240106,HOU,MIL,2230049627,1540,0,1627832|1630224|1630256|1630578|1631095,0,REG,2024,201572,-2.0,C,Anchor Big,1.23,MISS Sengun 2' Cutting Layup Shot,C,Shot Creator,0.77,
Shot Chart Detail,22300496,40,1630578,Alperen Sengun,1610612745,Houston Rockets,1,8,7,Made Shot,Floating Jump shot,2PT Field Goal,In The Paint (Non-RA),Center(C),Less Than 8 ft.,6,50,46,1,1,20240106,HOU,MIL,2230049640,2330,0,1627832|1630224|1630256|1630578|1631095,1,REG,2024,201572,-2.0,C,Anchor Big,1.23,Sengun 7' Floating Jump Shot (4 PTS) (Ja. Green 1 AST),C,Shot Creator,0.77,1630224.0
Shot Chart Detail,22300496,77,1630578,Alperen Sengun,1610612745,Houston Rockets,1,5,21,Missed Shot,Turnaround Hook Shot,2PT Field Goal,Restricted Area,Center(C),Less Than 8 ft.,3,31,9,1,0,20240106,HOU,MIL,2230049677,3990,0,1627832|1630224|1630256|1630578|1631095,0,REG,2024,201572,2.0,C,Anchor Big,1.23,MISS Sengun 3' Turnaround Hook Shot,C,Shot Creator,0.77,
Shot Chart Detail,22300496,99,1630578,Alperen Sengun,1610612745,Houston Rockets,1,3,46,Missed Shot,Cutting Finger Roll Layup Shot,2PT Field Goal,Restricted Area,Center(C),Less Than 8 ft.,2,28,3,1,0,20240106,HOU,MIL,2230049699,4940,0,201145|1627832|1628988|1630578|1641708,0,REG,2024,203081|1630699,1.0,,,,,C,Shot Creator,0.77,
Shot Chart Detail,22300496,108,1630578,Alperen Sengun,1610612745,Houston Rockets,1,3,14,Made Shot,Turnaround Hook Shot,2PT Field Goal,In The Paint (Non-RA),Center(C),Less Than 8 ft.,5,43,34,1,1,20240106,HOU,MIL,22300496108,5260,0,201145|1627832|1628988|1630578|1641708,0,REG,2024,203507,2.0,PF,Helper,0.98,Sengun 5' Turnaround Hook Shot (8 PTS),C,Shot Creator,0.77,
Shot Chart Detail,22300496,237,1630578,Alperen Sengun,1610612745,Houston Rockets,2,5,42,Made Shot,Floating Jump shot,2PT Field Goal,In The Paint (Non-RA),Center(C),Less Than 8 ft.,7,-25,67,1,1,20240106,HOU,MIL,22300496237,10980,0,201145|1627832|1628988|1630256|1630578,1,REG,2024,201572,10.0,C,Anchor Big,1.23,Sengun 7' Floating Jump Shot (10 PTS) (VanVleet 2 AST),C,Shot Creator,0.77,1627832.0
Shot Chart Detail,22300496,241,1630578,Alperen Sengun,1610612745,Houston Rockets,2,5,7,Missed Shot,Jump Shot,3PT Field Goal,Above the Break 3,Center(C),24+ ft.,24,0,245,1,0,20240106,HOU,MIL,22300496241,11330,0,201145|1627832|1628988|1630256|1630578,0,REG,2024,201572,10.0,C,Anchor Big,1.23,MISS Sengun 25' 3PT Jump Shot,C,Shot Creator,0.77,
Shot Chart Detail,22300496,266,1630578,Alperen Sengun,1610612745,Houston Rockets,2,3,6,Missed Shot,Turnaround Bank Hook Shot,2PT Field Goal,Restricted Area,Center(C),Less Than 8 ft.,3,7,35,1,0,20240106,HOU,MIL,22300496266,12540,0,1627832|1630224|1630256|1630578|1631095,0,REG,2024,201572,15.0,C,Anchor Big,1.23,MISS Sengun 4' Turnaround Bank Hook Shot,C,Shot Creator,0.77,
Shot Chart Detail,22300496,275,1630578,Alperen Sengun,1610612745,Houston Rockets,2,2,6,Made Shot,Jump Bank Shot,2PT Field Goal,Mid-Range,Right Side(R),8-16 ft.,10,94,47,1,1,20240106,HOU,MIL,22300496275,13140,0,1627832|1630224|1630256|1630578|1631095,1,REG,2024,201572,18.0,C,Anchor Big,1.23,Sengun 11' Jump Bank Shot (12 PTS) (VanVleet 3 AST),C,Shot Creator,0.77,1627832.0
Shot Chart Detail,22300496,296,1630578,Alperen Sengun,1610612745,Houston Rockets,2,0,57,Made Shot,Driving Floating Jump Shot,2PT Field Goal,In The Paint (Non-RA),Center(C),Less Than 8 ft.,4,28,38,1,1,20240106,HOU,MIL,22300496296,13830,0,201145|1627832|1630224|1630578|1631095,1,REG,2024,1641748|203507,21.0,,,,,C,Shot Creator,0.77,1627832.0
Shot Chart Detail,22300496,328,1630578,Alperen Sengun,1610612745,Houston Rockets,3,10,49,Missed Shot,Driving Reverse Layup Shot,2PT Field Goal,Restricted Area,Center(C),Less Than 8 ft.,3,25,17,1,0,20240106,HOU,MIL,22300496328,15110,0,1627832|1630224|1630256|1630578|1631095,0,REG,2024,1641748|201572,20.0,,,,,C,Shot Creator,0.77,
Shot Chart Detail,22300496,345,1630578,Alperen Sengun,1610612745,Houston Rockets,3,9,53,Missed Shot,Driving Layup Shot,2PT Field Goal,Restricted Area,Center(C),Less Than 8 ft.,3,-31,22,1,0,20240106,HOU,MIL,22300496345,15670,0,201145|1627832|1630224|1630578|1631095,0,REG,2024,201572|203081,16.0,,,,,C,Shot Creator,0.77,
Shot Chart Detail,22300496,446,1630578,Alperen Sengun,1610612745,Houston Rockets,3,3,16,Made Shot,Driving Hook Shot,2PT Field Goal,Restricted Area,Center(C),Less Than 8 ft.,3,15,31,1,1,20240106,HOU,MIL,22300496446,19640,0,201145|1627832|1628988|1630578|1641708,0,REG,2024,203507,12.0,PF,Helper,0.98,Sengun 3' Driving Hook Shot (18 PTS),C,Shot Creator,0.77,
Shot Chart Detail,22300496,478,1630578,Alperen Sengun,1610612745,Houston Rockets,3,1,36,Missed Shot,Turnaround Hook Shot,2PT Field Goal,In The Paint (Non-RA),Center(C),Less Than 8 ft.,7,-29,67,1,0,20240106,HOU,MIL,22300496478,20640,0,1628988|1630578|1631095|1641708|1641715,0,REG,2024,1626171,14.0,PF,Mobile Big,-0.14,MISS Sengun 7' Turnaround Hook Shot,C,Shot Creator,0.77,
Shot Chart Detail,22300496,488,1630578,Alperen Sengun,1610612745,Houston Rockets,3,1,0,Missed Shot,Turnaround Fadeaway shot,2PT Field Goal,In The Paint (Non-RA),Center(C),8-16 ft.,12,44,122,1,0,20240106,HOU,MIL,22300496488,21000,0,1628988|1630578|1631095|1641708|1641715,0,REG,2024,1626171,15.0,PF,Mobile Big,-0.14,MISS Sengun 13' Turnaround Fadeaway Shot,C,Shot Creator,0.77,
Shot Chart Detail,22300496,621,1630578,Alperen Sengun,1610612745,Houston Rockets,4,3,39,Made Shot,Driving Finger Roll Layup Shot,2PT Field Goal,Restricted Area,Center(C),Less Than 8 ft.,3,26,22,1,1,20240106,HOU,MIL,22300496621,26610,0,201145|1627832|1630224|1630578|1631095,0,REG,2024,201572,11.0,C,Anchor Big,1.23,Sengun 3' Driving Finger Roll Layup (21 PTS),C,Shot Creator,0.77,
Shot Chart Detail,22300496,624,1630578,Alperen Sengun,1610612745,Houston Rockets,4,3,11,Missed Shot,Cutting Layup Shot,2PT Field Goal,Restricted Area,Center(C),Less Than 8 ft.,3,29,13,1,0,20240106,HOU,MIL,22300496624,26890,0,201145|1627832|1630224|1630578|1631095,0,REG,2024,201572,11.0,C,Anchor Big,1.23,MISS Sengun 3' Cutting Layup Shot,C,Shot Creator,0.77,
Shot Chart Detail,22300496,704,1630578,Alperen Sengun,1610612745,Houston Rockets,4,0,39,Missed Shot,Driving Reverse Layup Shot,2PT Field Goal,Restricted Area,Center(C),Less Than 8 ft.,1,-13,10,1,0,20240106,HOU,MIL,22300496704,28410,0,201145|1627832|1630224|1630578|1631095,0,REG,2024,201572|203081,7.0,,,,,C,Shot Creator,0.77,
Shot Chart Detail,22300509,213,1630578,Alperen Sengun,1610612745,Houston Rockets,2,9,15,Missed Shot,Driving Floating Jump Shot,2PT Field Goal,In The Paint (Non-RA),Center(C),8-16 ft.,9,1,95,1,0,20240108,MIA,HOU,22300509213,8850,0,201145|1627832|1630224|1630578|1641715,0,REG,2024,1628389|1626196,-7.0,,,,,C,Shot Creator,0.77,
Shot Chart Detail,22300509,228,1630578,Alperen Sengun,1610612745,Houston Rockets,2,7,31,Missed Shot,Jump Shot,2PT Field Goal,Mid-Range,Left Side(L),8-16 ft.,15,-97,126,1,0,20240108,MIA,HOU,22300509228,9890,0,201145|1627832|1630224|1630256|1630578,0,REG,2024,1628389,-6.0,C,Mobile Big,2.61,MISS Sengun 16' Jump Shot,C,Shot Creator,0.77,
Shot Chart Detail,22300509,255,1630578,Alperen Sengun,1610612745,Houston Rockets,2,5,59,Made Shot,Cutting Finger Roll Layup Shot,2PT Field Goal,In The Paint (Non-RA),Center(C),Less Than 8 ft.,5,-25,52,1,1,20240108,MIA,HOU,22300509255,10810,0,1627832|1630224|1630256|1630578|1631095,1,REG,2024,1629130|201567,-7.0,,,,,C,Shot Creator,0.77,1630224.0
Shot Chart Detail,22300509,260,1630578,Alperen Sengun,1610612745,Houston Rockets,2,5,26,Made Shot,Jump Shot,3PT Field Goal,Above the Break 3,Left Side Center(LC),24+ ft.,26,-97,250,1,1,20240108,MIA,HOU,22300509260,11140,0,1627832|1630224|1630256|1630578|1631095,1,REG,2024,201567,-4.0,PF,Mobile Big,0.81,Sengun 27' 3PT Jump Shot (7 PTS) (Tate 1 AST),C,Shot Creator,0.77,1630256.0
Shot Chart Detail,22300509,278,1630578,Alperen Sengun,1610612745,Houston Rockets,2,4,16,Made Shot,Driving Layup Shot,2PT Field Goal,In The Paint (Non-RA),Center(C),Less Than 8 ft.,6,33,56,1,1,20240108,MIA,HOU,22300509278,11840,0,1627832|1630224|1630256|1630578|1631095,1,REG,2024,1626196|201567,-5.0,,,,,C,Shot Creator,0.77,1630224.0
Shot Chart Detail,22300509,359,1630578,Alperen Sengun,1610612745,Houston Rockets,3,11,11,Missed Shot,Jump Shot,2PT Field Goal,Mid-Range,Center(C),16-24 ft.,16,45,163,1,0,20240108,MIA,HOU,22300509359,14890,0,1627832|1630224|1630256|1630578|1631095,0,REG,2024,1628389,0.0,C,Mobile Big,2.61,MISS Sengun 17' Jump Shot,C,Shot Creator,0.77,
Shot Chart Detail,22300509,368,1630578,Alperen Sengun,1610612745,Houston Rockets,3,10,25,Made Shot,Layup Shot,2PT Field Goal,Restricted Area,Center(C),Less Than 8 ft.,3,23,26,1,1,20240108,MIA,HOU,22300509368,15350,0,1627832|1630224|1630256|1630578|1631095,0,REG,2024,,,,,,,C,Shot Creator,0.77,
Shot Chart Detail,22300509,463,1630578,Alperen Sengun,1610612745,Houston Rockets,3,2,55,Made Shot,Layup Shot,2PT Field Goal,Restricted Area,Center(C),Less Than 8 ft.,3,9,37,1,1,20240108,MIA,HOU,22300509463,19850,0,201145|1627832|1628988|1630578|1641715,0,REG,2024,201567,-9.0,PF,Mobile Big,0.81,Sengun 4' Layup (13 PTS),C,Shot Creator,0.77,
Shot Chart Detail,22300509,587,1630578,Alperen Sengun,1610612745,Houston Rockets,4,6,12,Made Shot,Putback Layup Shot,2PT Field Goal,Restricted Area,Center(C),Less Than 8 ft.,0,0,0,1,1,20240108,MIA,HOU,22300509587,25080,0,1627832|1628988|1630256|1630578|1631095,0,REG,2024,1629130|1631170,-11.0,,,,,C,Shot Creator,0.77,
Shot Chart Detail,22300509,602,1630578,Alperen Sengun,1610612745,Houston Rockets,4,5,5,Made Shot,Hook Shot,2PT Field Goal,In The Paint (Non-RA),Center(C),Less Than 8 ft.,6,-65,21,1,1,20240108,MIA,HOU,22300509602,25750,0,1627832|1628988|1630224|1630256|1630578,1,REG,2024,1628389,-11.0,C,Mobile Big,2.61,Sengun 7' Hook Shot (17 PTS) (VanVleet 7 AST),C,Shot Creator,0.77,1627832.0
Shot Chart Detail,22300509,614,1630578,Alperen Sengun,1610612745,Houston Rockets,4,3,57,Missed Shot,Tip Layup Shot,2PT Field Goal,Restricted Area,Center(C),Less Than 8 ft.,0,0,0,1,0,20240108,MIA,HOU,22300509614,26430,0,1627832|1628988|1630224|1630256|1630578,0,REG,2024,1628389,-9.0,C,Mobile Big,2.61,MISS Sengun Tip Layup Shot,C,Shot Creator,0.77,
Shot Chart Detail,22300509,634,1630578,Alperen Sengun,1610612745,Houston Rockets,4,3,8,Made Shot,Driving Dunk Shot,2PT Field Goal,Restricted Area,Center(C),Less Than 8 ft.,2,13,22,1,1,20240108,MIA,HOU,22300509634,26920,0,1627832|1628988|1630224|1630256|1630578,0,REG,2024,1629130,-6.0,SF,Low Activity,-0.24,Sengun 3' Driving Dunk (20 PTS),C,Shot Creator,0.77,
Shot Chart Detail,22300509,640,1630578,Alperen Sengun,1610612745,Houston Rockets,4,2,37,Missed Shot,Fadeaway Jump Shot,2PT Field Goal,Mid-Range,Left Side Center(LC),16-24 ft.,18,-127,132,1,0,20240108,MIA,HOU,22300509640,27230,0,1627832|1628988|1630224|1630256|1630578,0,REG,2024,1628389,-9.0,C,Mobile Big,2.61,MISS Sengun 18' Fadeaway Jumper,C,Shot Creator,0.77,
Shot Chart Detail,22300509,645,1630578,Alperen Sengun,1610612745,Houston Rockets,4,2,27,Missed Shot,Jump Shot,3PT Field Goal,Above the Break 3,Center(C),24+ ft.,26,12,264,1,0,20240108,MIA,HOU,22300509645,27330,0,1627832|1628988|1630224|1630256|1630578,0,REG,2024,1628389,-9.0,C,Mobile Big,2.61,MISS Sengun 26' 3PT Jump Shot,C,Shot Creator,0.77,
Shot Chart Detail,22300509,668,1630578,Alperen Sengun,1610612745,Houston Rockets,4,0,47,Made Shot,Floating Jump shot,2PT Field Goal,In The Paint (Non-RA),Center(C),8-16 ft.,8,2,81,1,1,20240108,MIA,HOU,22300509668,28330,0,1627832|1628988|1630224|1630256|1630578,1,REG,2024,1628389,-9.0,C,Mobile Big,2.61,Sengun 8' Floating Jump Shot (22 PTS) (Ja. Green 6 AST),C,Shot Creator,0.77,1630224.0
Shot Chart Detail,22300523,50,1630578,Alperen Sengun,1610612745,Houston Rockets,1,7,52,Missed Shot,Jump Shot,2PT Field Goal,Mid-Range,Right Side Center(RC),16-24 ft.,21,94,189,1,0,20240110,CHI,HOU,2230052350,2480,0,1627832|1630224|1630256|1630578|1631095,0,REG,2024,202696,4.0,C,Mobile Big,0.01,MISS Sengun 21' Jump Shot,C,Shot Creator,0.77,
Shot Chart Detail,22300523,63,1630578,Alperen Sengun,1610612745,Houston Rockets,1,6,48,Missed Shot,Putback Layup Shot,2PT Field Goal,In The Paint (Non-RA),Center(C),Less Than 8 ft.,4,-40,24,1,0,20240110,CHI,HOU,2230052363,3120,0,1627832|1630224|1630256|1630578|1631095,0,REG,2024,202696,2.0,C,Mobile Big,0.01,MISS Sengun 5' Putback Layup,C,Shot Creator,0.77,
Shot Chart Detail,22300523,90,1630578,Alperen Sengun,1610612745,Houston Rockets,1,4,16,Missed Shot,Jump Shot,3PT Field Goal,Above the Break 3,Right Side Center(RC),24+ ft.,25,91,235,1,0,20240110,CHI,HOU,2230052390,4640,0,1627832|1630224|1630256|1630578|1641715,0,REG,2024,202696,-3.0,C,Mobile Big,0.01,MISS Sengun 25' 3PT Jump Shot,C,Shot Creator,0.77,
Shot Chart Detail,22300523,224,1630578,Alperen Sengun,1610612745,Houston Rockets,2,7,5,Missed Shot,Driving Hook Shot,2PT Field Goal,In The Paint (Non-RA),Center(C),Less Than 8 ft.,7,23,67,1,0,20240110,CHI,HOU,22300523224,10150,0,1627832|1628988|1630224|1630578|1631095,0,REG,2024,202696,0.0,C,Mobile Big,0.01,MISS Sengun 7' Driving Hook Shot,C,Shot Creator,0.77,
Shot Chart Detail,22300523,262,1630578,Alperen Sengun,1610612745,Houston Rockets,2,4,42,Missed Shot,Driving Layup Shot,2PT Field Goal,In The Paint (Non-RA),Center(C),Less Than 8 ft.,5,-4,50,1,0,20240110,CHI,HOU,22300523262,11580,0,1627832|1630224|1630256|1630578|1641715,0,REG,2024,201942|202696,-5.0,,,,,C,Shot Creator,0.77,
Shot Chart Detail,22300523,348,1630578,Alperen Sengun,1610612745,Houston Rockets,3,9,27,Made Shot,Cutting Layup Shot,2PT Field Goal,Restricted Area,Center(C),Less Than 8 ft.,0,5,6,1,1,20240110,CHI,HOU,22300523348,15930,0,201145|1627832|1630224|1630578|1631095,1,REG,2024,202696,-8.0,C,Mobile Big,0.01,Sengun 1' Cutting Layup Shot (2 PTS) (VanVleet 5 AST),C,Shot Creator,0.77,1627832.0
Shot Chart Detail,22300523,370,1630578,Alperen Sengun,1610612745,Houston Rockets,3,7,35,Made Shot,Cutting Dunk Shot,2PT Field Goal,Restricted Area,Center(C),Less Than 8 ft.,0,5,6,1,1,20240110,CHI,HOU,22300523370,17050,0,201145|1627832|1630224|1630578|1631095,1,REG,2024,202696,-7.0,C,Mobile Big,0.01,Sengun 1' Cutting Dunk Shot (4 PTS) (Ja. Green 3 AST),C,Shot Creator,0.77,1630224.0
Shot Chart Detail,22300523,385,1630578,Alperen Sengun,1610612745,Houston Rockets,3,6,17,Made Shot,Finger Roll Layup Shot,2PT Field Goal,Restricted Area,Center(C),Less Than 8 ft.,0,-4,2,1,1,20240110,CHI,HOU,22300523385,17830,0,201145|1627832|1630224|1630578|1631095,0,REG,2024,1629632|202696,-5.0,,,,,C,Shot Creator,0.77,
Shot Chart Detail,22300523,526,1630578,Alperen Sengun,1610612745,Houston Rockets,4,8,51,Made Shot,Cutting Layup Shot,2PT Field Goal,Restricted Area,Center(C),Less Than 8 ft.,1,-9,11,1,1,20240110,CHI,HOU,22300523526,23490,0,1627832|1630224|1630578|1631095|1641715,1,REG,2024,203083|1630172,-14.0,,,,,C,Shot Creator,0.77,1630224.0
Shot Chart Detail,22300523,539,1630578,Alperen Sengun,1610612745,Houston Rockets,4,8,5,Made Shot,Driving Layup Shot,2PT Field Goal,Restricted Area,Center(C),Less Than 8 ft.,1,9,5,1,1,20240110,CHI,HOU,22300523539,23950,0,1627832|1630224|1630578|1631095|1641715,1,REG,2024,1627936|203083,-10.0,,,,,C,Shot Creator,0.77,1627832.0
Shot Chart Detail,22300523,552,1630578,Alperen Sengun,1610612745,Houston Rockets,4,7,22,Made Shot,Driving Finger Roll Layup Shot,2PT Field Goal,Restricted Area,Center(C),Less Than 8 ft.,1,11,15,1,1,20240110,CHI,HOU,22300523552,24380,0,1627832|1630224|1630578|1631095|1641715,0,REG,2024,202696,-11.0,C,Mobile Big,0.01,Sengun 2' Driving Finger Roll Layup (12 PTS),C,Shot Creator,0.77,
Shot Chart Detail,22300523,573,1630578,Alperen Sengun,1610612745,Houston Rockets,4,5,30,Made Shot,Driving Finger Roll Layup Shot,2PT Field Goal,Restricted Area,Center(C),Less Than 8 ft.,1,9,11,1,1,20240110,CHI,HOU,22300523573,25500,0,1627832|1630224|1630578|1631095|1641715,1,REG,2024,202696,-9.0,C,Mobile Big,0.01,Sengun 1' Driving Finger Roll Layup (15 PTS) (Ja. Green 6 AST),C,Shot Creator,0.77,1630224.0
Shot Chart Detail,22300523,591,1630578,Alperen Sengun,1610612745,Houston Rockets,4,3,56,Missed Shot,Jump Shot,3PT Field Goal,Above the Break 3,Right Side Center(RC),24+ ft.,26,115,235,1,0,20240110,CHI,HOU,22300523591,26440,0,1627832|1630224|1630578|1631095|1641715,0,REG,2024,202696,-8.0,C,Mobile Big,0.01,MISS Sengun 26' 3PT Jump Shot,C,Shot Creator,0.77,
Shot Chart Detail,22300523,610,1630578,Alperen Sengun,1610612745,Houston Rockets,4,2,9,Made Shot,Hook Shot,2PT Field Goal,In The Paint (Non-RA),Center(C),Less Than 8 ft.,6,-9,65,1,1,20240110,CHI,HOU,22300523610,27510,0,1627832|1630224|1630578|1631095|1641715,1,REG,2024,202696,-5.0,C,Mobile Big,0.01,Sengun 7' Hook Shot (18 PTS) (Ja. Green 8 AST),C,Shot Creator,0.77,1630224.0
Shot Chart Detail,22300523,638,1630578,Alperen Sengun,1610612745,Houston Rockets,4,0,23,Made Shot,Cutting Layup Shot,2PT Field Goal,Restricted Area,Center(C),Less Than 8 ft.,1,2,11,1,1,20240110,CHI,HOU,22300523638,28570,0,1627832|1630224|1630578|1631095|1641715,1,REG,2024,201942|202696,0.0,,,,,C,Shot Creator,0.77,1627832.0
Shot Chart Detail,22300523,661,1630578,Alperen Sengun,1610612745,Houston Rockets,5,3,57,Made Shot,Fadeaway Jump Shot,2PT Field Goal,Mid-Range,Center(C),8-16 ft.,15,-9,159,1,1,20240110,CHI,HOU,22300523661,29430,1,1627832|1630224|1630578|1631095|1641715,1,REG,2024,202696,4.0,C,Mobile Big,0.01,Sengun 16' Fadeaway Jumper (22 PTS) (VanVleet 10 AST),C,Shot Creator,0.77,1627832.0
Shot Chart Detail,22300523,672,1630578,Alperen Sengun,1610612745,Houston Rockets,5,2,50,Made Shot,Turnaround Fadeaway shot,2PT Field Goal,In The Paint (Non-RA),Center(C),Less Than 8 ft.,6,49,48,1,1,20240110,CHI,HOU,22300523672,30100,1,1627832|1630224|1630578|1631095|1641715,0,REG,2024,202696,5.0,C,Mobile Big,0.01,Sengun 7' Turnaround Fadeaway (25 PTS),C,Shot Creator,0.77,
Shot Chart Detail,22300523,687,1630578,Alperen Sengun,1610612745,Houston Rockets,5,1,22,Missed Shot,Driving Layup Shot,2PT Field Goal,Restricted Area,Center(C),Less Than 8 ft.,1,9,11,1,0,20240110,CHI,HOU,22300523687,30980,1,1627832|1630224|1630578|1631095|1641715,0,REG,2024,1629632|202696,-1.0,,,,,C,Shot Creator,0.77,
Shot Chart Detail,22300523,694,1630578,Alperen Sengun,1610612745,Houston Rockets,5,0,52,Missed Shot,Jump Shot,3PT Field Goal,Above the Break 3,Center(C),24+ ft.,28,-21,283,1,0,20240110,CHI,HOU,22300523694,31280,1,1627832|1630224|1630578|1631095|1641715,0,REG,2024,202696,-4.0,C,Mobile Big,0.01,MISS Sengun 28' 3PT Jump Shot,C,Shot Creator,0.77,
Shot Chart Detail,22300534,18,1630578,Alperen Sengun,1610612745,Houston Rockets,1,10,34,Missed Shot,Jump Shot,3PT Field Goal,Above the Break 3,Center(C),24+ ft.,25,31,253,1,0,20240112,DET,HOU,2230053418,860,0,1627832|1630224|1630256|1630578|1631095,0,REG,2024,1631105,-2.0,C,Anchor Big,0.64,MISS Sengun 25' 3PT Jump Shot,C,Shot Creator,0.77,
Shot Chart Detail,22300534,32,1630578,Alperen Sengun,1610612745,Houston Rockets,1,8,33,Missed Shot,Fadeaway Jump Shot,2PT Field Goal,In The Paint (Non-RA),Left Side(L),8-16 ft.,15,-77,131,1,0,20240112,DET,HOU,2230053432,2070,0,1627832|1630224|1630256|1630578|1631095,0,REG,2024,1631105,-3.0,C,Anchor Big,0.64,MISS Sengun 15' Fadeaway Jumper,C,Shot Creator,0.77,
Shot Chart Detail,22300534,37,1630578,Alperen Sengun,1610612745,Houston Rockets,1,7,54,Made Shot,Driving Reverse Layup Shot,2PT Field Goal,Restricted Area,Center(C),Less Than 8 ft.,1,-15,-3,1,1,20240112,DET,HOU,2230053437,2460,0,1627832|1630224|1630256|1630578|1631095,0,REG,2024,1631105,1.0,C,Anchor Big,0.64,Sengun 2' Driving Reverse Layup (2 PTS),C,Shot Creator,0.77,
Shot Chart Detail,22300534,42,1630578,Alperen Sengun,1610612745,Houston Rockets,1,7,22,Made Shot,Floating Jump shot,2PT Field Goal,In The Paint (Non-RA),Left Side(L),8-16 ft.,8,-50,64,1,1,20240112,DET,HOU,2230053442,2780,0,1627832|1630224|1630256|1630578|1631095,1,REG,2024,1631105,3.0,C,Anchor Big,0.64,Sengun 8' Floating Jump Shot (4 PTS) (Ja. Green 1 AST),C,Shot Creator,0.77,1630224.0
Shot Chart Detail,22300534,49,1630578,Alperen Sengun,1610612745,Houston Rockets,1,7,17,Made Shot,Reverse Layup Shot,2PT Field Goal,Restricted Area,Center(C),Less Than 8 ft.,0,-1,2,1,1,20240112,DET,HOU,2230053449,2830,0,1627832|1630224|1630256|1630578|1631095,1,REG,2024,1628995,6.0,SF,Wing Stopper,-0.34,Sengun Reverse Layup (7 PTS) (Ja. Green 2 AST),C,Shot Creator,0.77,1630224.0
Shot Chart Detail,22300534,131,1630578,Alperen Sengun,1610612745,Houston Rockets,1,2,41,Made Shot,Driving Dunk Shot,2PT Field Goal,Restricted Area,Center(C),Less Than 8 ft.,3,-2,38,1,1,20240112,DET,HOU,22300534131,5590,0,1628988|1630578|1631095|1641708|1641715,0,REG,2024,1628963,4.0,C,Anchor Big,0.07,Sengun 4' Driving Dunk (9 PTS),C,Shot Creator,0.77,
Shot Chart Detail,22300534,220,1630578,Alperen Sengun,1610612745,Houston Rockets,2,7,54,Missed Shot,Fadeaway Jump Shot,2PT Field Goal,Mid-Range,Center(C),16-24 ft.,16,15,164,1,0,20240112,DET,HOU,22300534220,9660,0,201145|203493|1627832|1630224|1630578,0,REG,2024,1631105,-8.0,C,Anchor Big,0.64,MISS Sengun 16' Fadeaway Jumper,C,Shot Creator,0.77,
Shot Chart Detail,22300534,269,1630578,Alperen Sengun,1610612745,Houston Rockets,2,3,49,Missed Shot,Fadeaway Jump Shot,2PT Field Goal,In The Paint (Non-RA),Right Side(R),8-16 ft.,10,58,84,1,0,20240112,DET,HOU,22300534269,12110,0,1627832|1630224|1630256|1630578|1631095,0,REG,2024,1631105,-8.0,C,Anchor Big,0.64,MISS Sengun 10' Fadeaway Jumper,C,Shot Creator,0.77,
Shot Chart Detail,22300534,277,1630578,Alperen Sengun,1610612745,Houston Rockets,2,3,18,Made Shot,Hook Shot,2PT Field Goal,In The Paint (Non-RA),Center(C),Less Than 8 ft.,6,11,65,1,1,20240112,DET,HOU,22300534277,12420,0,1627832|1630224|1630256|1630578|1631095,1,REG,2024,1630191,-6.0,PF,Helper,0.45,Sengun 7' Hook Shot (13 PTS) (VanVleet 4 AST),C,Shot Creator,0.77,1627832.0
Shot Chart Detail,22300534,354,1630578,Alperen Sengun,1610612745,Houston Rockets,3,10,31,Missed Shot,Driving Layup Shot,2PT Field Goal,Restricted Area,Center(C),Less Than 8 ft.,1,-13,8,1,0,20240112,DET,HOU,22300534354,15290,0,1627832|1630224|1630256|1630578|1631095,0,REG,2024,1631105,-6.0,C,Anchor Big,0.64,MISS Sengun 2' Driving Layup,C,Shot Creator,0.77,
Shot Chart Detail,22300534,391,1630578,Alperen Sengun,1610612745,Houston Rockets,3,7,45,Made Shot,Driving Hook Shot,2PT Field Goal,In The Paint (Non-RA),Center(C),Less Than 8 ft.,6,-2,66,1,1,20240112,DET,HOU,22300534391,16950,0,203493|1627832|1630578|1631095|1641715,0,REG,2024,1631105,-9.0,C,Anchor Big,0.64,Sengun 7' Driving Hook Shot (15 PTS),C,Shot Creator,0.77,
Shot Chart Detail,22300534,459,1630578,Alperen Sengun,1610612745,Houston Rockets,3,2,48,Made Shot,Driving Layup Shot,2PT Field Goal,In The Paint (Non-RA),Center(C),Less Than 8 ft.,4,18,41,1,1,20240112,DET,HOU,22300534459,19920,0,201145|1627832|1630224|1630578|1641715,1,REG,2024,1628963,-9.0,C,Anchor Big,0.07,Sengun 4' Driving Layup (17 PTS) (VanVleet 8 AST),C,Shot Creator,0.77,1627832.0
Shot Chart Detail,22300534,463,1630578,Alperen Sengun,1610612745,Houston Rockets,3,2,22,Made Shot,Hook Shot,2PT Field Goal,Restricted Area,Center(C),Less Than 8 ft.,3,12,34,1,1,20240112,DET,HOU,22300534463,20180,0,201145|1627832|1630224|1630578|1641715,1,REG,2024,1630165|1628963,-7.0,,,,,C,Shot Creator,0.77,1627832.0
Shot Chart Detail,22300534,560,1630578,Alperen Sengun,1610612745,Houston Rockets,4,8,13,Made Shot,Hook Shot,2PT Field Goal,In The Paint (Non-RA),Center(C),Less Than 8 ft.,4,-6,40,1,1,20240112,DET,HOU,22300534560,23870,0,203493|1627832|1630224|1630578|1631095,0,REG,2024,1631105,2.0,C,Anchor Big,0.64,Sengun 4' Hook Shot (21 PTS),C,Shot Creator,0.77,
Shot Chart Detail,22300534,568,1630578,Alperen Sengun,1610612745,Houston Rockets,4,7,8,Missed Shot,Fadeaway Jump Shot,2PT Field Goal,In The Paint (Non-RA),Center(C),8-16 ft.,12,34,125,1,0,20240112,DET,HOU,22300534568,24520,0,203493|1627832|1630224|1630578|1631095,0,REG,2024,1631105,-2.0,C,Anchor Big,0.64,MISS Sengun 13' Fadeaway Jumper,C,Shot Creator,0.77,
Shot Chart Detail,22300534,573,1630578,Alperen Sengun,1610612745,Houston Rockets,4,6,52,Made Shot,Cutting Layup Shot,2PT Field Goal,In The Paint (Non-RA),Center(C),Less Than 8 ft.,4,22,37,1,1,20240112,DET,HOU,22300534573,24680,0,203493|1627832|1630224|1630578|1631095,1,REG,2024,1641709,0.0,SF,Point of Attack,1.28,Sengun 4' Cutting Layup Shot (23 PTS) (VanVleet 10 AST),C,Shot Creator,0.77,1627832.0
Shot Chart Detail,22300534,601,1630578,Alperen Sengun,1610612745,Houston Rockets,4,4,15,Made Shot,Layup Shot,2PT Field Goal,Restricted Area,Center(C),Less Than 8 ft.,3,17,29,1,1,20240112,DET,HOU,22300534601,26250,0,203493|1627832|1630224|1630578|1631095,1,REG,2024,1631105,-3.0,C,Anchor Big,0.64,Sengun 3' Layup (27 PTS) (VanVleet 11 AST),C,Shot Creator,0.77,1627832.0
Shot Chart Detail,22300534,616,1630578,Alperen Sengun,1610612745,Houston Rockets,4,2,27,Missed Shot,Hook Shot,2PT Field Goal,In The Paint (Non-RA),Center(C),Less Than 8 ft.,6,-60,0,1,0,20240112,DET,HOU,22300534616,27330,0,203493|1627832|1630224|1630578|1631095,0,REG,2024,1631105,-2.0,C,Anchor Big,0.64,MISS Sengun 6' Hook Shot,C,Shot Creator,0.77,
Shot Chart Detail,22300534,644,1630578,Alperen Sengun,1610612745,Houston Rockets,4,0,49,Made Shot,Driving Dunk Shot,2PT Field Goal,Restricted Area,Center(C),Less Than 8 ft.,3,21,31,1,1,20240112,DET,HOU,22300534644,28310,0,203493|1627832|1630224|1630578|1631095,1,REG,2024,1631105,5.0,C,Anchor Big,0.64,Sengun 4' Driving Dunk (29 PTS) (VanVleet 12 AST),C,Shot Creator,0.77,1627832.0
Shot Chart Detail,22300542,9,1630578,Alperen Sengun,1610612745,Houston Rockets,1,11,21,Made Shot,Floating Jump shot,2PT Field Goal,Mid-Range,Center(C),8-16 ft.,14,17,149,1,1,20240113,BOS,HOU,223005429,390,0,1627832|1628415|1630224|1630578|1631095,1,REG,2024,201950,2.0,PG,Point of Attack,0.52,Sengun 15' Floating Jump Shot (2 PTS) (VanVleet 1 AST),C,Shot Creator,0.77,1627832.0
Shot Chart Detail,22300542,42,1630578,Alperen Sengun,1610612745,Houston Rockets,1,8,51,Made Shot,Driving Finger Roll Layup Shot,2PT Field Goal,In The Paint (Non-RA),Center(C),Less Than 8 ft.,5,54,17,1,1,20240113,BOS,HOU,2230054242,1890,0,1627832|1628415|1630224|1630578|1631095,1,REG,2024,204001,1.0,C,Anchor Big,1.01,Sengun 6' Driving Finger Roll Layup (4 PTS) (VanVleet 2 AST),C,Shot Creator,0.77,1627832.0
Shot Chart Detail,22300542,60,1630578,Alperen Sengun,1610612745,Houston Rockets,1,7,16,Made Shot,Cutting Layup Shot,2PT Field Goal,In The Paint (Non-RA),Center(C),Less Than 8 ft.,5,-7,55,1,1,20240113,BOS,HOU,2230054260,2840,0,1627832|1628415|1630224|1630578|1631095,1,REG,2024,1628369,5.0,PF,Helper,0.31,Sengun 6' Cutting Layup Shot (6 PTS) (Smith Jr. 1 AST),C,Shot Creator,0.77,1631095.0
Shot Chart Detail,22300542,86,1630578,Alperen Sengun,1610612745,Houston Rockets,1,5,17,Missed Shot,Driving Layup Shot,2PT Field Goal,Restricted Area,Center(C),Less Than 8 ft.,3,33,20,1,0,20240113,BOS,HOU,2230054286,4030,0,1627832|1628415|1630224|1630256|1630578,0,REG,2024,204001,2.0,C,Anchor Big,1.01,Porzingis BLOCK (1 BLK),C,Shot Creator,0.77,
Shot Chart Detail,22300542,96,1630578,Alperen Sengun,1610612745,Houston Rockets,1,4,28,Missed Shot,Jump Shot,3PT Field Goal,Above the Break 3,Center(C),24+ ft.,26,-64,253,1,0,20240113,BOS,HOU,2230054296,4520,0,1627832|1628415|1630224|1630256|1630578,0,REG,2024,204001,-1.0,C,Anchor Big,1.01,MISS Sengun 26' 3PT Jump Shot,C,Shot Creator,0.77,
Shot Chart Detail,22300542,221,1630578,Alperen Sengun,1610612745,Houston Rockets,2,7,20,Missed Shot,Turnaround Fadeaway shot,2PT Field Goal,In The Paint (Non-RA),Center(C),8-16 ft.,11,37,105,1,0,20240113,BOS,HOU,22300542221,10000,0,201145|203493|1627832|1630578|1641715,0,REG,2024,1628436,-5.0,C,Anchor Big,0.94,MISS Sengun 11' Turnaround Fadeaway Shot,C,Shot Creator,0.77,
Shot Chart Detail,22300542,224,1630578,Alperen Sengun,1610612745,Houston Rockets,2,6,54,Made Shot,Turnaround Hook Shot,2PT Field Goal,Mid-Range,Center(C),8-16 ft.,15,-47,152,1,1,20240113,BOS,HOU,22300542224,10260,0,201145|203493|1627832|1630578|1641715,1,REG,2024,1628436,-5.0,C,Anchor Big,0.94,Sengun 16' Turnaround Hook Shot (8 PTS) (VanVleet 4 AST),C,Shot Creator,0.77,1627832.0
Shot Chart Detail,22300542,242,1630578,Alperen Sengun,1610612745,Houston Rockets,2,6,22,Made Shot,Turnaround Hook Shot,2PT Field Goal,Restricted Area,Center(C),Less Than 8 ft.,1,-10,12,1,1,20240113,BOS,HOU,22300542242,10580,0,201145|1627832|1628415|1630224|1630578,1,REG,2024,204001,-5.0,C,Anchor Big,1.01,Sengun 2' Turnaround Hook Shot (10 PTS) (VanVleet 5 AST),C,Shot Creator,0.77,1627832.0
Shot Chart Detail,22300542,280,1630578,Alperen Sengun,1610612745,Houston Rockets,2,3,59,Missed Shot,Floating Jump shot,2PT Field Goal,In The Paint (Non-RA),Center(C),8-16 ft.,11,-43,110,1,0,20240113,BOS,HOU,22300542280,12010,0,1627832|1628415|1630224|1630578|1631095,0,REG,2024,201950,-9.0,PG,Point of Attack,0.52,MISS Sengun 12' Floating Jump Shot,C,Shot Creator,0.77,
Shot Chart Detail,22300542,288,1630578,Alperen Sengun,1610612745,Houston Rockets,2,2,52,Missed Shot,Layup Shot,2PT Field Goal,Restricted Area,Center(C),Less Than 8 ft.,3,-22,21,1,0,20240113,BOS,HOU,22300542288,12680,0,1627832|1628415|1630224|1630578|1631095,0,REG,2024,204001,-10.0,C,Anchor Big,1.01,MISS Sengun 3' Layup,C,Shot Creator,0.77,
Shot Chart Detail,22300542,290,1630578,Alperen Sengun,1610612745,Houston Rockets,2,2,49,Made Shot,Putback Dunk Shot,2PT Field Goal,Restricted Area,Center(C),Less Than 8 ft.,1,-9,5,1,1,20240113,BOS,HOU,22300542290,12710,0,1627832|1628415|1630224|1630578|1631095,0,REG,2024,1628401,-8.0,SG,Chaser,1.11,Sengun 1' Putback Dunk (12 PTS),C,Shot Creator,0.77,
Shot Chart Detail,22300542,324,1630578,Alperen Sengun,1610612745,Houston Rockets,2,0,27,Made Shot,Driving Layup Shot,2PT Field Goal,Restricted Area,Center(C),Less Than 8 ft.,2,25,-6,1,1,20240113,BOS,HOU,22300542324,14130,0,1627832|1628415|1630224|1630578|1631095,0,REG,2024,1628401|201950,-11.0,,,,,C,Shot Creator,0.77,
Shot Chart Detail,22300542,335,1630578,Alperen Sengun,1610612745,Houston Rockets,3,11,44,Missed Shot,Driving Layup Shot,2PT Field Goal,In The Paint (Non-RA),Center(C),Less Than 8 ft.,7,-59,38,1,0,20240113,BOS,HOU,22300542335,14560,0,1627832|1628415|1630224|1630578|1631095,0,REG,2024,204001,-11.0,C,Anchor Big,1.01,Porzingis BLOCK (2 BLK),C,Shot Creator,0.77,
Shot Chart Detail,22300542,379,1630578,Alperen Sengun,1610612745,Houston Rockets,3,8,41,Missed Shot,Hook Shot,2PT Field Goal,Restricted Area,Center(C),Less Than 8 ft.,3,13,32,1,0,20240113,BOS,HOU,22300542379,16390,0,1627832|1628415|1630224|1630578|1631095,0,REG,2024,1628401|204001,-16.0,,,,,C,Shot Creator,0.77,
Shot Chart Detail,22300542,385,1630578,Alperen Sengun,1610612745,Houston Rockets,3,8,15,Missed Shot,Turnaround Hook Shot,2PT Field Goal,In The Paint (Non-RA),Center(C),Less Than 8 ft.,7,60,43,1,0,20240113,BOS,HOU,22300542385,16650,0,1627832|1628415|1630224|1630578|1631095,0,REG,2024,1628401|204001,-19.0,,,,,C,Shot Creator,0.77,
Shot Chart Detail,22300542,393,1630578,Alperen Sengun,1610612745,Houston Rockets,3,7,45,Missed Shot,Jump Shot,3PT Field Goal,Above the Break 3,Left Side Center(LC),24+ ft.,26,-112,239,1,0,20240113,BOS,HOU,22300542393,16950,0,1627832|1628415|1630224|1630578|1631095,0,REG,2024,204001,-17.0,C,Anchor Big,1.01,MISS Sengun 26' 3PT Jump Shot,C,Shot Creator,0.77,
Shot Chart Detail,22300542,413,1630578,Alperen Sengun,1610612745,Houston Rockets,3,6,7,Made Shot,Driving Finger Roll Layup Shot,2PT Field Goal,Restricted Area,Center(C),Less Than 8 ft.,3,20,26,1,1,20240113,BOS,HOU,22300542413,17930,0,1628415|1630578|1631095|1641708|1641715,0,REG,2024,204001,-20.0,C,Anchor Big,1.01,Sengun 3' Driving Finger Roll Layup (18 PTS),C,Shot Creator,0.77,
Shot Chart Detail,22300555,25,1630578,Alperen Sengun,1610612745,Houston Rockets,1,10,25,Missed Shot,Jump Shot,2PT Field Goal,Mid-Range,Center(C),8-16 ft.,15,-10,152,1,0,20240115,PHI,HOU,2230055525,950,0,1627832|1628415|1630224|1630578|1631095,0,REG,2024,203954,-5.0,C,Anchor Big,0.87,MISS Sengun 15' Jump Shot,C,Shot Creator,0.77,
Shot Chart Detail,22300555,46,1630578,Alperen Sengun,1610612745,Houston Rockets,1,7,42,Made Shot,Cutting Layup Shot,2PT Field Goal,Restricted Area,Center(C),Less Than 8 ft.,1,6,13,1,1,20240115,PHI,HOU,2230055546,2580,0,1627832|1628415|1630224|1630578|1631095,1,REG,2024,203954,-4.0,C,Anchor Big,0.87,Sengun 1' Cutting Layup Shot (2 PTS) (VanVleet 1 AST),C,Shot Creator,0.77,1627832.0
Shot Chart Detail,22300555,75,1630578,Alperen Sengun,1610612745,Houston Rockets,1,4,53,Made Shot,Floating Jump shot,2PT Field Goal,In The Paint (Non-RA),Center(C),8-16 ft.,12,-2,124,1,1,20240115,PHI,HOU,2230055575,4270,0,201145|1627832|1628415|1630224|1630256,1,REG,2024,203954,1.0,C,Anchor Big,0.87,Sengun 12' Floating Jump Shot (4 PTS) (VanVleet 2 AST),C,Shot Creator,0.77,1627832.0
Shot Chart Detail,22300555,222,1630578,Alperen Sengun,1610612745,Houston Rockets,2,7,56,Missed Shot,Fadeaway Jump Shot,2PT Field Goal,Mid-Range,Right Side(R),8-16 ft.,12,125,25,1,0,20240115,PHI,HOU,22300555222,9640,0,1627832|1628415|1628988|1630578|1631095,0,REG,2024,201976,-22.0,PG,Chaser,-0.27,MISS Sengun 13' Fadeaway Jumper,C,Shot Creator,0.77,
Shot Chart Detail,22300555,231,1630578,Alperen Sengun,1610612745,Houston Rockets,2,6,50,Made Shot,Driving Layup Shot,2PT Field Goal,Restricted Area,Center(C),Less Than 8 ft.,3,-15,26,1,1,20240115,PHI,HOU,22300555231,10300,0,1627832|1628415|1628988|1630578|1631095,0,REG,2024,1627863|1630194|201976,-20.0,,,,,C,Shot Creator,0.77,
Shot Chart Detail,22300555,288,1630578,Alperen Sengun,1610612745,Houston Rockets,2,4,6,Missed Shot,Floating Jump shot,2PT Field Goal,In The Paint (Non-RA),Right Side(R),8-16 ft.,9,59,68,1,0,20240115,PHI,HOU,22300555288,11940,0,201145|1627832|1628415|1630224|1630578,0,REG,2024,1626162,-25.0,SF,Helper,-0.22,MISS Sengun 9' Floating Jump Shot,C,Shot Creator,0.77,
Shot Chart Detail,22300555,292,1630578,Alperen Sengun,1610612745,Houston Rockets,2,3,49,Missed Shot,Cutting Layup Shot,2PT Field Goal,Restricted Area,Center(C),Less Than 8 ft.,0,-1,1,1,0,20240115,PHI,HOU,22300555292,12110,0,201145|1627832|1628415|1630224|1630578,0,REG,2024,203954,-25.0,C,Anchor Big,0.87,MISS Sengun Cutting Layup Shot,C,Shot Creator,0.77,
Shot Chart Detail,22300555,302,1630578,Alperen Sengun,1610612745,Houston Rockets,2,3,16,Made Shot,Driving Floating Bank Jump Shot,2PT Field Goal,In The Paint (Non-RA),Center(C),8-16 ft.,11,36,108,1,1,20240115,PHI,HOU,22300555302,12440,0,1627832|1628415|1630578|1631095|1641715,0,REG,2024,203954,-25.0,C,Anchor Big,0.87,Sengun 11' Driving Floating Bank Jump Shot (10 PTS),C,Shot Creator,0.77,
Shot Chart Detail,22300555,317,1630578,Alperen Sengun,1610612745,Houston Rockets,2,2,13,Missed Shot,Jump Shot,2PT Field Goal,Mid-Range,Center(C),16-24 ft.,18,12,188,1,0,20240115,PHI,HOU,22300555317,13070,0,1627832|1628415|1630578|1631095|1641715,0,REG,2024,203954,-26.0,C,Anchor Big,0.87,MISS Sengun 19' Jump Shot,C,Shot Creator,0.77,
Shot Chart Detail,22300555,334,1630578,Alperen Sengun,1610612745,Houston Rockets,2,0,41,Made Shot,Jump Shot,3PT Field Goal,Above the Break 3,Right Side Center(RC),24+ ft.,26,118,241,1,1,20240115,PHI,HOU,22300555334,13990,0,1627832|1628415|1630578|1631095|1641715,1,REG,2024,203954,-21.0,C,Anchor Big,0.87,Sengun 27' 3PT Jump Shot (13 PTS) (Smith Jr. 2 AST),C,Shot Creator,0.77,1631095.0
Shot Chart Detail,22300555,362,1630578,Alperen Sengun,1610612745,Houston Rockets,3,11,48,Made Shot,Reverse Layup Shot,2PT Field Goal,Restricted Area,Center(C),Less Than 8 ft.,0,5,7,1,1,20240115,PHI,HOU,22300555362,14520,0,1627832|1628415|1630224|1630578|1631095,1,REG,2024,203954|1626162,-17.0,,,,,C,Shot Creator,0.77,1630224.0
Shot Chart Detail,22300555,410,1630578,Alperen Sengun,1610612745,Houston Rockets,3,7,18,Made Shot,Driving Dunk Shot,2PT Field Goal,Restricted Area,Center(C),Less Than 8 ft.,0,-1,8,1,1,20240115,PHI,HOU,22300555410,17220,0,1627832|1628415|1630224|1630578|1631095,1,REG,2024,203954,-15.0,C,Anchor Big,0.87,Sengun 1' Driving Dunk (17 PTS) (Ja. Green 2 AST),C,Shot Creator,0.77,1630224.0
Shot Chart Detail,22300555,463,1630578,Alperen Sengun,1610612745,Houston Rockets,3,3,59,Missed Shot,Turnaround Jump Shot,2PT Field Goal,Mid-Range,Center(C),8-16 ft.,15,2,151,1,0,20240115,PHI,HOU,22300555463,19210,0,1627832|1628415|1630224|1630578|1631095,0,REG,2024,,,,,,,C,Shot Creator,0.77,
Shot Chart Detail,22300555,513,1630578,Alperen Sengun,1610612745,Houston Rockets,3,0,26,Missed Shot,Driving Floating Bank Jump Shot,2PT Field Goal,In The Paint (Non-RA),Center(C),Less Than 8 ft.,5,27,52,1,0,20240115,PHI,HOU,22300555513,21340,0,201145|1627832|1630578|1641708|1641715,0,REG,2024,1627863,-22.0,SF,Chaser,-0.51,MISS Sengun 6' Driving Floating Bank Jump Shot,C,Shot Creator,0.77,
Shot Chart Detail,22300555,517,1630578,Alperen Sengun,1610612745,Houston Rockets,3,0,14,Missed Shot,Tip Layup Shot,2PT Field Goal,Restricted Area,Center(C),Less Than 8 ft.,0,0,0,1,0,20240115,PHI,HOU,22300555517,21460,0,201145|1627832|1630578|1641708|1641715,0,REG,2024,201976,-22.0,PG,Chaser,-0.27,MISS Sengun Tip Layup Shot,C,Shot Creator,0.77,
Shot Chart Detail,22300573,25,1630578,Alperen Sengun,1610612745,Houston Rockets,1,9,20,Made Shot,Turnaround Jump Shot,2PT Field Goal,In The Paint (Non-RA),Center(C),Less Than 8 ft.,5,-39,42,1,1,20240117,NYK,HOU,2230057325,1600,0,1627832|1628415|1630224|1630578|1631095,1,REG,2024,1628978,1.0,SG,Chaser,0.17,Sengun 6' Turnaround Jump Shot (2 PTS) (VanVleet 2 AST),C,Shot Creator,0.77,1627832.0
Shot Chart Detail,22300573,29,1630578,Alperen Sengun,1610612745,Houston Rockets,1,8,47,Missed Shot,Turnaround Fadeaway shot,2PT Field Goal,Mid-Range,Right Side(R),8-16 ft.,8,82,2,1,0,20240117,NYK,HOU,2230057329,1930,0,1627832|1628415|1630224|1630578|1631095,0,REG,2024,1628392,1.0,C,Mobile Big,2.29,MISS Sengun 8' Turnaround Fadeaway Shot,C,Shot Creator,0.77,
Shot Chart Detail,22300573,64,1630578,Alperen Sengun,1610612745,Houston Rockets,1,6,1,Missed Shot,Jump Shot,2PT Field Goal,Mid-Range,Right Side Center(RC),16-24 ft.,18,70,170,1,0,20240117,NYK,HOU,2230057364,3590,0,1627832|1628415|1630224|1630578|1631095,0,REG,2024,1628392,0.0,C,Mobile Big,2.29,MISS Sengun 18' Jump Shot,C,Shot Creator,0.77,
Shot Chart Detail,22300573,107,1630578,Alperen Sengun,1610612745,Houston Rockets,1,3,31,Missed Shot,Tip Layup Shot,2PT Field Goal,Restricted Area,Center(C),Less Than 8 ft.,0,0,0,1,0,20240117,NYK,HOU,22300573107,5090,0,1627832|1628415|1630256|1630578|1641715,0,REG,2024,203944|1628392,0.0,,,,,C,Shot Creator,0.77,
Shot Chart Detail,22300573,220,1630578,Alperen Sengun,1610612745,Houston Rockets,2,8,25,Made Shot,Driving Dunk Shot,2PT Field Goal,Restricted Area,Center(C),Less Than 8 ft.,0,-1,2,1,1,20240117,NYK,HOU,22300573220,9350,0,201145|1627832|1628415|1630224|1630578,1,REG,2024,1628392,-3.0,C,Mobile Big,2.29,Sengun Driving Dunk (4 PTS) (VanVleet 4 AST),C,Shot Creator,0.77,1627832.0
Shot Chart Detail,22300573,273,1630578,Alperen Sengun,1610612745,Houston Rockets,2,4,52,Made Shot,Driving Layup Shot,2PT Field Goal,Restricted Area,Center(C),Less Than 8 ft.,0,6,6,1,1,20240117,NYK,HOU,22300573273,11480,0,1627832|1630224|1630578|1631095|1641715,1,REG,2024,1628392,-1.0,C,Mobile Big,2.29,Sengun 1' Driving Layup (6 PTS) (VanVleet 5 AST),C,Shot Creator,0.77,1627832.0
Shot Chart Detail,22300573,321,1630578,Alperen Sengun,1610612745,Houston Rockets,2,1,24,Made Shot,Layup Shot,2PT Field Goal,Restricted Area,Center(C),Less Than 8 ft.,0,-1,-3,1,1,20240117,NYK,HOU,22300573321,13560,0,1627832|1630224|1630256|1630578|1631095,1,REG,2024,1628392,-3.0,C,Mobile Big,2.29,Sengun Layup (8 PTS) (Smith Jr. 1 AST),C,Shot Creator,0.77,1631095.0
Shot Chart Detail,22300573,342,1630578,Alperen Sengun,1610612745,Houston Rockets,2,0,1,Missed Shot,Jump Shot,3PT Field Goal,Above the Break 3,Left Side Center(LC),24+ ft.,25,-222,121,1,0,20240117,NYK,HOU,22300573342,14390,0,201145|1627832|1630224|1630256|1630578,0,REG,2024,1628384|1628978,-2.0,,,,,C,Shot Creator,0.77,
Shot Chart Detail,22300573,364,1630578,Alperen Sengun,1610612745,Houston Rockets,3,11,2,Missed Shot,Driving Layup Shot,2PT Field Goal,Restricted Area,Center(C),Less Than 8 ft.,1,-10,6,1,0,20240117,NYK,HOU,22300573364,14980,0,1627832|1628415|1630224|1630578|1631095,0,REG,2024,1628392,-6.0,C,Mobile Big,2.29,MISS Sengun 1' Driving Layup,C,Shot Creator,0.77,
Shot Chart Detail,22300573,389,1630578,Alperen Sengun,1610612745,Houston Rockets,1,3,38,Missed Shot,Layup Shot,2PT Field Goal,Restricted Area,Center(C),Less Than 8 ft.,3,23,28,1,0,20240117,NYK,HOU,22300573389,5020,0,1627832|1628415|1630256|1630578|1641715,0,REG,2024,1628392,0.0,C,Mobile Big,2.29,Hartenstein BLOCK (1 BLK),C,Shot Creator,0.77,
Shot Chart Detail,22300573,454,1630578,Alperen Sengun,1610612745,Houston Rockets,3,3,21,Missed Shot,Driving Layup Shot,2PT Field Goal,Restricted Area,Center(C),Less Than 8 ft.,3,13,31,1,0,20240117,NYK,HOU,22300573454,19590,0,1627832|1628415|1628988|1630256|1630578,0,REG,2024,1628384,-12.0,SF,Wing Stopper,0.34,Anunoby BLOCK (1 BLK),C,Shot Creator,0.77,
Shot Chart Detail,22300573,504,1630578,Alperen Sengun,1610612745,Houston Rockets,4,11,45,Missed Shot,Hook Shot,2PT Field Goal,In The Paint (Non-RA),Center(C),Less Than 8 ft.,6,54,32,1,0,20240117,NYK,HOU,22300573504,21750,0,201145|1630256|1630578|1631095|1641708,0,REG,2024,1628392,-8.0,C,Mobile Big,2.29,MISS Sengun 6' Hook Shot,C,Shot Creator,0.77,
Shot Chart Detail,22300573,568,1630578,Alperen Sengun,1610612745,Houston Rockets,4,6,3,Made Shot,Reverse Layup Shot,2PT Field Goal,Restricted Area,Center(C),Less Than 8 ft.,1,12,8,1,1,20240117,NYK,HOU,22300573568,25170,0,201145|1627832|1628415|1630224|1630578,0,REG,2024,203944,-10.0,PF,Wing Stopper,-0.52,Sengun 1' Reverse Layup (12 PTS),C,Shot Creator,0.77,
Shot Chart Detail,22300573,624,1630578,Alperen Sengun,1610612745,Houston Rockets,4,1,33,Missed Shot,Hook Shot,2PT Field Goal,Restricted Area,Center(C),Less Than 8 ft.,2,18,19,1,0,20240117,NYK,HOU,22300573624,27870,0,201145|1627832|1628415|1630578|1631095,0,REG,2024,1628392,-16.0,C,Mobile Big,2.29,MISS Sengun 3' Hook Shot,C,Shot Creator,0.77,
Shot Chart Detail,22300573,645,1630578,Alperen Sengun,1610612745,Houston Rockets,4,0,49,Made Shot,Reverse Layup Shot,2PT Field Goal,Restricted Area,Center(C),Less Than 8 ft.,1,-6,17,1,1,20240117,NYK,HOU,22300573645,28310,0,201145|1627832|1628415|1630578|1631095,1,REG,2024,,,,,,,C,Shot Creator,0.77,1627832.0
Shot Chart Detail,22300573,654,1630578,Alperen Sengun,1610612745,Houston Rockets,4,0,21,Made Shot,Driving Dunk Shot,2PT Field Goal,Restricted Area,Center(C),Less Than 8 ft.,1,2,16,1,1,20240117,NYK,HOU,22300573654,28590,0,201145|1627832|1628415|1630578|1631095,1,REG,2024,1630173,-15.0,PF-C,Mobile Big,0.34,Sengun 2' Driving Dunk (18 PTS) (VanVleet 12 AST),C,Shot Creator,0.77,1627832.0
Shot Chart Detail,22300598,9,1630578,Alperen Sengun,1610612745,Houston Rockets,1,11,35,Missed Shot,Hook Shot,2PT Field Goal,Restricted Area,Center(C),Less Than 8 ft.,2,-17,22,1,0,20240120,HOU,UTA,223005989,250,0,1627832|1628415|1630224|1630578|1631095,0,REG,2024,1628374,0.0,PF,Helper,-0.18,MISS Sengun 3' Hook Shot,C,Shot Creator,0.77,
Shot Chart Detail,22300598,30,1630578,Alperen Sengun,1610612745,Houston Rockets,1,9,55,Made Shot,Driving Layup Shot,2PT Field Goal,In The Paint (Non-RA),Center(C),Less Than 8 ft.,4,17,45,1,1,20240120,HOU,UTA,2230059830,1250,0,1627832|1628415|1630224|1630578|1631095,1,REG,2024,1628374,2.0,PF,Helper,-0.18,Sengun 5' Driving Layup (2 PTS) (Ja. Green 1 AST),C,Shot Creator,0.77,1630224.0
Shot Chart Detail,22300598,48,1630578,Alperen Sengun,1610612745,Houston Rockets,1,8,35,Made Shot,Driving Hook Shot,2PT Field Goal,In The Paint (Non-RA),Center(C),Less Than 8 ft.,4,-12,43,1,1,20240120,HOU,UTA,2230059848,2050,0,1627832|1628415|1630224|1630578|1631095,0,REG,2024,1628374,0.0,PF,Helper,-0.18,Sengun 4' Driving Hook Shot (4 PTS),C,Shot Creator,0.77,
Shot Chart Detail,22300598,91,1630578,Alperen Sengun,1610612745,Houston Rockets,1,4,55,Made Shot,Hook Shot,2PT Field Goal,Restricted Area,Center(C),Less Than 8 ft.,1,-16,5,1,1,20240120,HOU,UTA,2230059891,4250,0,1627832|1628415|1630224|1630578|1631095,0,REG,2024,1628374|1631117,1.0,,,,,C,Shot Creator,0.77,
Shot Chart Detail,22300598,107,1630578,Alperen Sengun,1610612745,Houston Rockets,1,4,1,Made Shot,Jump Shot,3PT Field Goal,Above the Break 3,Center(C),24+ ft.,26,39,258,1,1,20240120,HOU,UTA,22300598107,4790,0,1627832|1630224|1630256|1630578|1631095,1,REG,2024,1631117,2.0,C,Anchor Big,1.79,Sengun 26' 3PT Jump Shot (9 PTS) (Tate 1 AST),C,Shot Creator,0.77,1630256.0
Shot Chart Detail,22300598,140,1630578,Alperen Sengun,1610612745,Houston Rockets,1,1,28,Missed Shot,Putback Layup Shot,2PT Field Goal,Restricted Area,Center(C),Less Than 8 ft.,2,-4,26,1,0,20240120,HOU,UTA,22300598140,6320,0,1627832|1628415|1630256|1630578|1641708,0,REG,2024,,,,,,,C,Shot Creator,0.77,
Shot Chart Detail,22300598,142,1630578,Alperen Sengun,1610612745,Houston Rockets,1,1,25,Missed Shot,Tip Layup Shot,2PT Field Goal,Restricted Area,Center(C),Less Than 8 ft.,2,1,22,1,0,20240120,HOU,UTA,22300598142,6350,0,1627832|1628415|1630256|1630578|1641708,0,REG,2024,,,,,,,C,Shot Creator,0.77,
Shot Chart Detail,22300598,259,1630578,Alperen Sengun,1610612745,Houston Rockets,2,5,29,Made Shot,Turnaround Hook Shot,2PT Field Goal,In The Paint (Non-RA),Center(C),Less Than 8 ft.,6,1,61,1,1,20240120,HOU,UTA,22300598259,11110,0,201145|1628988|1630224|1630578|1641708,1,REG,2024,1629012|1628374,14.0,,,,,C,Shot Creator,0.77,1630224.0
Shot Chart Detail,22300598,284,1630578,Alperen Sengun,1610612745,Houston Rockets,2,4,21,Made Shot,Putback Layup Shot,2PT Field Goal,Restricted Area,Center(C),Less Than 8 ft.,0,-1,9,1,1,20240120,HOU,UTA,22300598284,11790,0,1627832|1628415|1630224|1630578|1631095,0,REG,2024,1628381,17.0,PF,Helper,0.15,Sengun 1' Putback Layup (15 PTS),C,Shot Creator,0.77,
Shot Chart Detail,22300598,296,1630578,Alperen Sengun,1610612745,Houston Rockets,2,2,56,Missed Shot,Turnaround Fadeaway shot,2PT Field Goal,In The Paint (Non-RA),Center(C),8-16 ft.,10,-1,104,1,0,20240120,HOU,UTA,22300598296,12640,0,1627832|1628415|1630224|1630578|1631095,0,REG,2024,1628374,12.0,PF,Helper,-0.18,MISS Sengun 10' Turnaround Fadeaway Shot,C,Shot Creator,0.77,
Shot Chart Detail,22300598,315,1630578,Alperen Sengun,1610612745,Houston Rockets,2,1,18,Made Shot,Layup Shot,2PT Field Goal,In The Paint (Non-RA),Center(C),Less Than 8 ft.,4,37,25,1,1,20240120,HOU,UTA,22300598315,13620,0,1627832|1628415|1630224|1630578|1631095,0,REG,2024,,,,,,,C,Shot Creator,0.77,
Shot Chart Detail,22300598,323,1630578,Alperen Sengun,1610612745,Houston Rockets,2,0,31,Missed Shot,Floating Jump shot,2PT Field Goal,Restricted Area,Center(C),Less Than 8 ft.,3,-23,22,1,0,20240120,HOU,UTA,22300598323,14090,0,1627832|1628415|1630224|1630578|1631095,0,REG,2024,1628374,15.0,PF,Helper,-0.18,MISS Sengun 3' Floating Jump Shot,C,Shot Creator,0.77,
Shot Chart Detail,22300598,350,1630578,Alperen Sengun,1610612745,Houston Rockets,3,10,28,Missed Shot,Floating Jump shot,2PT Field Goal,In The Paint (Non-RA),Center(C),Less Than 8 ft.,6,4,60,1,0,20240120,HOU,UTA,22300598350,15320,0,1627832|1628415|1630224|1630578|1631095,0,REG,2024,1631117,9.0,C,Anchor Big,1.79,MISS Sengun 6' Floating Jump Shot,C,Shot Creator,0.77,
Shot Chart Detail,22300598,354,1630578,Alperen Sengun,1610612745,Houston Rockets,3,10,10,Made Shot,Floating Jump shot,2PT Field Goal,In The Paint (Non-RA),Left Side(L),8-16 ft.,10,-55,85,1,1,20240120,HOU,UTA,22300598354,15500,0,1627832|1628415|1630224|1630578|1631095,1,REG,2024,1631117,9.0,C,Anchor Big,1.79,Sengun 10' Floating Jump Shot (19 PTS) (VanVleet 4 AST),C,Shot Creator,0.77,1627832.0
Shot Chart Detail,22300598,361,1630578,Alperen Sengun,1610612745,Houston Rockets,3,9,36,Made Shot,Driving Floating Bank Jump Shot,2PT Field Goal,Restricted Area,Center(C),Less Than 8 ft.,2,11,18,1,1,20240120,HOU,UTA,22300598361,15840,0,1627832|1628415|1630224|1630578|1631095,1,REG,2024,1631117,8.0,C,Anchor Big,1.79,Sengun 2' Driving Floating Bank Jump Shot (21 PTS) (VanVleet 5 AST),C,Shot Creator,0.77,1627832.0
Shot Chart Detail,22300598,398,1630578,Alperen Sengun,1610612745,Houston Rockets,3,7,9,Missed Shot,Driving Layup Shot,2PT Field Goal,In The Paint (Non-RA),Center(C),Less Than 8 ft.,4,40,5,1,0,20240120,HOU,UTA,22300598398,17310,0,1627832|1628415|1630224|1630578|1631095,0,REG,2024,1631117,9.0,C,Anchor Big,1.79,MISS Sengun 4' Driving Layup,C,Shot Creator,0.77,
Shot Chart Detail,22300598,411,1630578,Alperen Sengun,1610612745,Houston Rockets,3,6,17,Made Shot,Driving Layup Shot,2PT Field Goal,Restricted Area,Center(C),Less Than 8 ft.,3,-15,26,1,1,20240120,HOU,UTA,22300598411,17830,0,1627832|1628415|1630224|1630578|1631095,0,REG,2024,1627739|1631117,9.0,,,,,C,Shot Creator,0.77,
Shot Chart Detail,22300598,583,1630578,Alperen Sengun,1610612745,Houston Rockets,4,8,49,Made Shot,Driving Hook Shot,2PT Field Goal,In The Paint (Non-RA),Center(C),Less Than 8 ft.,5,11,54,1,1,20240120,HOU,UTA,22300598583,23510,0,201145|1627832|1628988|1630578|1641715,0,REG,2024,1631117,2.0,C,Anchor Big,1.79,Sengun 6' Driving Hook Shot (26 PTS),C,Shot Creator,0.77,
Shot Chart Detail,22300598,594,1630578,Alperen Sengun,1610612745,Houston Rockets,4,7,26,Missed Shot,Driving Dunk Shot,2PT Field Goal,In The Paint (Non-RA),Center(C),Less Than 8 ft.,5,36,39,1,0,20240120,HOU,UTA,22300598594,24340,0,201145|1627832|1628988|1630578|1641715,0,REG,2024,203903|1631117,2.0,,,,,C,Shot Creator,0.77,
Shot Chart Detail,22300598,639,1630578,Alperen Sengun,1610612745,Houston Rockets,4,3,38,Made Shot,Jump Shot,2PT Field Goal,In The Paint (Non-RA),Center(C),8-16 ft.,11,-32,113,1,1,20240120,HOU,UTA,22300598639,26620,0,1627832|1628415|1630578|1631095|1641715,1,REG,2024,1631117,4.0,C,Anchor Big,1.79,Sengun 12' Jump Shot (28 PTS) (VanVleet 7 AST),C,Shot Creator,0.77,1627832.0
Shot Chart Detail,22300598,644,1630578,Alperen Sengun,1610612745,Houston Rockets,4,2,51,Missed Shot,Jump Shot,2PT Field Goal,In The Paint (Non-RA),Center(C),Less Than 8 ft.,7,-50,54,1,0,20240120,HOU,UTA,22300598644,27090,0,1627832|1628415|1630578|1631095|1641715,0,REG,2024,1631117,1.0,C,Anchor Big,1.79,MISS Sengun 7' Jump Shot,C,Shot Creator,0.77,
Shot Chart Detail,22300598,666,1630578,Alperen Sengun,1610612745,Houston Rockets,4,1,16,Missed Shot,Jump Shot,2PT Field Goal,In The Paint (Non-RA),Center(C),Less Than 8 ft.,6,44,41,1,0,20240120,HOU,UTA,22300598666,28040,0,1628415|1630224|1630578|1631095|1641715,0,REG,2024,1631117,-2.0,C,Anchor Big,1.79,MISS Sengun 6' Jump Shot,C,Shot Creator,0.77,
Shot Chart Detail,22300598,692,1630578,Alperen Sengun,1610612745,Houston Rockets,4,0,22,Missed Shot,Layup Shot,2PT Field Goal,Restricted Area,Center(C),Less Than 8 ft.,3,13,32,1,0,20240120,HOU,UTA,22300598692,28580,0,1628415|1630224|1630578|1631095|1641715,0,REG,2024,1631117,-2.0,C,Anchor Big,1.79,MISS Sengun 3' Layup,C,Shot Creator,0.77,
Shot Chart Detail,22300598,729,1630578,Alperen Sengun,1610612745,Houston Rockets,5,3,44,Made Shot,Cutting Layup Shot,2PT Field Goal,In The Paint (Non-RA),Center(C),Less Than 8 ft.,4,-42,20,1,1,20240120,HOU,UTA,22300598729,29560,1,1628415|1630224|1630578|1631095|1641715,1,REG,2024,1631117,-1.0,C,Anchor Big,1.79,Sengun 5' Cutting Layup Shot (32 PTS) (Smith Jr. 1 AST),C,Shot Creator,0.77,1631095.0
Shot Chart Detail,22300598,746,1630578,Alperen Sengun,1610612745,Houston Rockets,5,2,24,Made Shot,Driving Dunk Shot,2PT Field Goal,Restricted Area,Center(C),Less Than 8 ft.,3,-27,17,1,1,20240120,HOU,UTA,22300598746,30360,1,1628415|1630224|1630578|1631095|1641715,0,REG,2024,1631117,-2.0,C,Anchor Big,1.79,Sengun 3' Driving Dunk (34 PTS),C,Shot Creator,0.77,
Shot Chart Detail,22300598,774,1630578,Alperen Sengun,1610612745,Houston Rockets,5,0,52,Made Shot,Layup Shot,2PT Field Goal,In The Paint (Non-RA),Center(C),Less Than 8 ft.,4,39,13,1,1,20240120,HOU,UTA,22300598774,31280,1,1628415|1630578|1631095|1641708|1641715,1,REG,2024,1631117,-1.0,C,Anchor Big,1.79,Sengun 4' Layup (36 PTS) (Ja. Green 4 AST),C,Shot Creator,0.77,1630224.0
Shot Chart Detail,22300603,19,1630578,Alperen Sengun,1610612745,Houston Rockets,1,10,57,Missed Shot,Floating Jump shot,2PT Field Goal,Mid-Range,Left Side(L),8-16 ft.,11,-100,55,1,0,20240121,HOU,BOS,2230060319,630,0,1628415|1630224|1630578|1641708|1641715,0,REG,2024,204001,-2.0,C,Anchor Big,1.01,MISS Sengun 11' Floating Jump Shot,C,Shot Creator,0.77,
Shot Chart Detail,22300603,40,1630578,Alperen Sengun,1610612745,Houston Rockets,1,9,54,Missed Shot,Floating Jump shot,2PT Field Goal,In The Paint (Non-RA),Center(C),8-16 ft.,8,11,83,1,0,20240121,HOU,BOS,2230060340,1260,0,1628415|1630224|1630578|1641708|1641715,0,REG,2024,1628401|204001,-1.0,,,,,C,Shot Creator,0.77,
Shot Chart Detail,22300603,45,1630578,Alperen Sengun,1610612745,Houston Rockets,1,9,25,Missed Shot,Driving Hook Shot,2PT Field Goal,In The Paint (Non-RA),Center(C),Less Than 8 ft.,4,-9,48,1,0,20240121,HOU,BOS,2230060345,1550,0,1628415|1630224|1630578|1641708|1641715,0,REG,2024,1628401|204001,-1.0,,,,,C,Shot Creator,0.77,
Shot Chart Detail,22300603,102,1630578,Alperen Sengun,1610612745,Houston Rockets,1,5,33,Made Shot,Turnaround Hook Shot,2PT Field Goal,In The Paint (Non-RA),Center(C),Less Than 8 ft.,6,-61,21,1,1,20240121,HOU,BOS,22300603102,3870,0,1628988|1630224|1630578|1641708|1641715,0,REG,2024,204001,-8.0,C,Anchor Big,1.01,Sengun 6' Turnaround Hook Shot (2 PTS),C,Shot Creator,0.77,
Shot Chart Detail,22300603,120,1630578,Alperen Sengun,1610612745,Houston Rockets,1,4,7,Made Shot,Driving Layup Shot,2PT Field Goal,In The Paint (Non-RA),Center(C),Less Than 8 ft.,4,-31,39,1,1,20240121,HOU,BOS,22300603120,4730,0,1628988|1630224|1630256|1630578|1641708,1,REG,2024,1628436,-8.0,C,Anchor Big,0.94,Sengun 5' Driving Layup (4 PTS) (Thompson 1 AST),C,Shot Creator,0.77,1641708.0
Shot Chart Detail,22300603,130,1630578,Alperen Sengun,1610612745,Houston Rockets,1,2,53,Made Shot,Turnaround Hook Shot,2PT Field Goal,Restricted Area,Center(C),Less Than 8 ft.,2,7,26,1,1,20240121,HOU,BOS,22300603130,5470,0,1628988|1630224|1630256|1630578|1641708,1,REG,2024,204001|1630573,-9.0,,,,,C,Shot Creator,0.77,1641708.0
Shot Chart Detail,22300603,242,1630578,Alperen Sengun,1610612745,Houston Rockets,2,7,6,Missed Shot,Jump Shot,3PT Field Goal,Above the Break 3,Center(C),24+ ft.,24,-23,248,1,0,20240121,HOU,BOS,22300603242,10140,0,1630224|1630578|1631466|1641708|1641715,0,REG,2024,1628436,-7.0,C,Anchor Big,0.94,MISS Sengun 25' 3PT Jump Shot,C,Shot Creator,0.77,
Shot Chart Detail,22300603,263,1630578,Alperen Sengun,1610612745,Houston Rockets,2,5,44,Made Shot,Floating Jump shot,2PT Field Goal,In The Paint (Non-RA),Center(C),8-16 ft.,11,-9,113,1,1,20240121,HOU,BOS,22300603263,10960,0,1628415|1630224|1630578|1641708|1641715,1,REG,2024,204001,-8.0,C,Anchor Big,1.01,Sengun 11' Floating Jump Shot (10 PTS) (Thompson 3 AST),C,Shot Creator,0.77,1641708.0
Shot Chart Detail,22300603,306,1630578,Alperen Sengun,1610612745,Houston Rockets,2,2,24,Made Shot,Driving Floating Jump Shot,2PT Field Goal,In The Paint (Non-RA),Center(C),8-16 ft.,13,58,121,1,1,20240121,HOU,BOS,22300603306,12960,0,1628415|1630224|1630578|1631466|1641715,0,REG,2024,1629052,-15.0,SF,Helper,-0.38,Sengun 13' Driving Floating Jump Shot (12 PTS),C,Shot Creator,0.77,
Shot Chart Detail,22300603,333,1630578,Alperen Sengun,1610612745,Houston Rockets,2,0,0,Missed Shot,Jump Shot,3PT Field Goal,Backcourt,Back Court(BC),Back Court Shot,66,-97,662,1,0,20240121,HOU,BOS,22300603333,14400,0,1628415|1630224|1630578|1641708|1641715,0,REG,2024,,,,,,,C,Shot Creator,0.77,
Shot Chart Detail,22300603,367,1630578,Alperen Sengun,1610612745,Houston Rockets,3,9,43,Made Shot,Driving Hook Shot,2PT Field Goal,Restricted Area,Center(C),Less Than 8 ft.,1,4,17,1,1,20240121,HOU,BOS,22300603367,15770,0,1628415|1630224|1630578|1641708|1641715,1,REG,2024,204001,-12.0,C,Anchor Big,1.01,Sengun 2' Driving Hook Shot (14 PTS) (Green 2 AST),C,Shot Creator,0.77,1630224.0
Shot Chart Detail,22300603,387,1630578,Alperen Sengun,1610612745,Houston Rockets,3,8,2,Made Shot,Running Layup Shot,2PT Field Goal,Restricted Area,Center(C),Less Than 8 ft.,3,7,30,1,1,20240121,HOU,BOS,22300603387,16780,0,1628415|1630224|1630578|1641708|1641715,1,REG,2024,204001|1630573,-9.0,,,,,C,Shot Creator,0.77,1630224.0
Shot Chart Detail,22300603,413,1630578,Alperen Sengun,1610612745,Houston Rockets,3,6,9,Made Shot,Floating Jump shot,2PT Field Goal,In The Paint (Non-RA),Left Side(L),8-16 ft.,11,-64,92,1,1,20240121,HOU,BOS,22300603413,17910,0,1628415|1628988|1630224|1630578|1641708,1,REG,2024,1628436,-13.0,C,Anchor Big,0.94,Sengun 11' Floating Jump Shot (18 PTS) (Green 4 AST),C,Shot Creator,0.77,1630224.0
Shot Chart Detail,22300603,478,1630578,Alperen Sengun,1610612745,Houston Rockets,3,0,56,Missed Shot,Floating Jump shot,2PT Field Goal,In The Paint (Non-RA),Center(C),8-16 ft.,12,50,119,1,0,20240121,HOU,BOS,22300603478,21040,0,1628415|1628988|1630256|1630578|1631466,0,REG,2024,1627759|1628436,-7.0,,,,,C,Shot Creator,0.77,
Shot Chart Detail,22300603,600,1630578,Alperen Sengun,1610612745,Houston Rockets,4,5,7,Missed Shot,Turnaround Hook Shot,2PT Field Goal,In The Paint (Non-RA),Center(C),8-16 ft.,8,1,83,1,0,20240121,HOU,BOS,22300603600,25730,0,1628415|1628988|1630224|1630578|1641708,0,REG,2024,204001,-8.0,C,Anchor Big,1.01,MISS Sengun 8' Turnaround Hook Shot,C,Shot Creator,0.77,
Shot Chart Detail,22300603,637,1630578,Alperen Sengun,1610612745,Houston Rockets,4,2,1,Missed Shot,Driving Layup Shot,2PT Field Goal,Restricted Area,Center(C),Less Than 8 ft.,3,21,22,1,0,20240121,HOU,BOS,22300603637,27590,0,1628415|1628988|1630224|1630578|1641708,0,REG,2024,204001,-10.0,C,Anchor Big,1.01,MISS Sengun 3' Driving Layup,C,Shot Creator,0.77,
Shot Chart Detail,22300603,665,1630578,Alperen Sengun,1610612745,Houston Rockets,4,0,37,Made Shot,Running Layup Shot,2PT Field Goal,Restricted Area,Center(C),Less Than 8 ft.,2,7,24,1,1,20240121,HOU,BOS,22300603665,28430,0,1628415|1628988|1630256|1630578|1641708,0,REG,2024,1627759,-8.0,SF,Wing Stopper,-0.13,Sengun 3' Running Layup (22 PTS),C,Shot Creator,0.77,
Shot Chart Detail,22300603,682,1630578,Alperen Sengun,1610612745,Houston Rockets,4,0,18,Made Shot,Tip Layup Shot,2PT Field Goal,Restricted Area,Center(C),Less Than 8 ft.,0,0,0,1,1,20240121,HOU,BOS,22300603682,28620,0,1628415|1628988|1630224|1630578|1641708,0,REG,2024,1627759,-8.0,SF,Wing Stopper,-0.13,Sengun Tip Layup Shot (24 PTS),C,Shot Creator,0.77,
Shot Chart Detail,22300623,7,1630578,Alperen Sengun,1610612745,Houston Rockets,1,11,37,Missed Shot,Turnaround Fadeaway shot,2PT Field Goal,Mid-Range,Right Side(R),8-16 ft.,13,82,107,1,0,20240124,HOU,POR,223006237,230,0,201145|1627832|1628415|1630224|1630578,0,REG,2024,1629028,0.0,C,Anchor Big,0.24,MISS Sengun 13' Turnaround Fadeaway Shot,C,Shot Creator,0.77,
Shot Chart Detail,22300623,15,1630578,Alperen Sengun,1610612745,Houston Rockets,1,10,34,Made Shot,Cutting Dunk Shot,2PT Field Goal,In The Paint (Non-RA),Center(C),Less Than 8 ft.,4,-16,37,1,1,20240124,HOU,POR,2230062315,860,0,201145|1627832|1628415|1630224|1630578,1,REG,2024,1627763,2.0,PG,Helper,-1.09,Sengun 4' Cutting Dunk Shot (2 PTS) (VanVleet 1 AST),C,Shot Creator,0.77,1627832.0
Shot Chart Detail,22300623,44,1630578,Alperen Sengun,1610612745,Houston Rockets,1,7,13,Missed Shot,Finger Roll Layup Shot,2PT Field Goal,Restricted Area,Center(C),Less Than 8 ft.,3,-25,29,1,0,20240124,HOU,POR,2230062344,2870,0,201145|1627832|1628415|1630224|1630578,0,REG,2024,1629014|1631133,2.0,,,,,C,Shot Creator,0.77,
Shot Chart Detail,22300623,46,1630578,Alperen Sengun,1610612745,Houston Rockets,1,7,11,Made Shot,Tip Layup Shot,2PT Field Goal,Restricted Area,Center(C),Less Than 8 ft.,0,0,0,1,1,20240124,HOU,POR,2230062346,2890,0,201145|1627832|1628415|1630224|1630578,0,REG,2024,1629014|1631133,4.0,,,,,C,Shot Creator,0.77,
Shot Chart Detail,22300623,305,1630578,Alperen Sengun,1610612745,Houston Rockets,2,0,42,Made Shot,Putback Layup Shot,2PT Field Goal,Restricted Area,Center(C),Less Than 8 ft.,1,10,6,1,1,20240124,HOU,POR,22300623305,13980,0,201145|1627832|1628415|1630224|1630578,0,REG,2024,1627763|1641739,8.0,,,,,C,Shot Creator,0.77,
Shot Chart Detail,22300623,331,1630578,Alperen Sengun,1610612745,Houston Rockets,3,10,1,Missed Shot,Cutting Dunk Shot,2PT Field Goal,Restricted Area,Center(C),Less Than 8 ft.,2,-4,20,1,0,20240124,HOU,POR,22300623331,15590,0,201145|1627832|1628415|1630224|1630578,0,REG,2024,203924,1.0,PF,Wing Stopper,-1.62,MISS Sengun 2' Cutting Dunk Shot,C,Shot Creator,0.77,
Shot Chart Detail,22300623,343,1630578,Alperen Sengun,1610612745,Houston Rockets,3,9,20,Made Shot,Jump Shot,3PT Field Goal,Above the Break 3,Right Side Center(RC),24+ ft.,25,168,197,1,1,20240124,HOU,POR,22300623343,16000,0,201145|1627832|1628415|1630224|1630578,1,REG,2024,1629028,4.0,C,Anchor Big,0.24,Sengun 26' 3PT Jump Shot (13 PTS) (VanVleet 3 AST),C,Shot Creator,0.77,1627832.0
Shot Chart Detail,22300623,347,1630578,Alperen Sengun,1610612745,Houston Rockets,3,8,55,Made Shot,Cutting Dunk Shot,2PT Field Goal,Restricted Area,Center(C),Less Than 8 ft.,1,7,17,1,1,20240124,HOU,POR,22300623347,16250,0,201145|1627832|1628415|1630224|1630578,1,REG,2024,1629014,6.0,SG,Chaser,-1.82,Sengun 2' Cutting Dunk Shot (15 PTS) (Brooks 1 AST),C,Shot Creator,0.77,1628415.0
Shot Chart Detail,22300623,362,1630578,Alperen Sengun,1610612745,Houston Rockets,3,7,37,Made Shot,Turnaround Jump Shot,2PT Field Goal,In The Paint (Non-RA),Center(C),8-16 ft.,9,4,92,1,1,20240124,HOU,POR,22300623362,17030,0,201145|1627832|1628415|1630224|1630578,0,REG,2024,1629028,0.0,C,Anchor Big,0.24,Sengun 9' Turnaround Jump Shot (17 PTS),C,Shot Creator,0.77,
Shot Chart Detail,22300623,526,1630578,Alperen Sengun,1610612745,Houston Rockets,4,7,9,Missed Shot,Jump Shot,3PT Field Goal,Above the Break 3,Right Side Center(RC),24+ ft.,28,113,261,1,0,20240124,HOU,POR,22300623526,24510,0,201145|1627832|1628988|1630224|1630578,0,REG,2024,,,,,,,C,Shot Creator,0.77,
Shot Chart Detail,22300623,534,1630578,Alperen Sengun,1610612745,Houston Rockets,4,5,44,Made Shot,Driving Reverse Layup Shot,2PT Field Goal,Restricted Area,Center(C),Less Than 8 ft.,1,-6,8,1,1,20240124,HOU,POR,22300623534,25360,0,201145|1627832|1628988|1630224|1630578,1,REG,2024,1629014|1627763,0.0,,,,,C,Shot Creator,0.77,1627832.0
Shot Chart Detail,22300623,571,1630578,Alperen Sengun,1610612745,Houston Rockets,4,2,15,Made Shot,Driving Floating Bank Jump Shot,2PT Field Goal,Restricted Area,Center(C),Less Than 8 ft.,2,22,6,1,1,20240124,HOU,POR,22300623571,27450,0,201145|1627832|1628988|1630224|1630578,0,REG,2024,1629028,0.0,C,Anchor Big,0.24,Sengun 2' Driving Floating Bank Jump Shot (23 PTS),C,Shot Creator,0.77,
Shot Chart Detail,22300623,578,1630578,Alperen Sengun,1610612745,Houston Rockets,4,1,20,Made Shot,Running Dunk Shot,2PT Field Goal,Restricted Area,Center(C),Less Than 8 ft.,2,22,13,1,1,20240124,HOU,POR,22300623578,28000,0,201145|1627832|1628415|1628988|1630578,1,REG,2024,1631133,4.0,SF,Helper,-0.18,Sengun 3' Running Dunk (25 PTS) (Ja. Green 3 AST),C,Shot Creator,0.77,1630224.0
Shot Chart Detail,22300623,585,1630578,Alperen Sengun,1610612745,Houston Rockets,4,0,53,Made Shot,Finger Roll Layup Shot,2PT Field Goal,Restricted Area,Center(C),Less Than 8 ft.,2,26,11,1,1,20240124,HOU,POR,22300623585,28270,0,201145|1627832|1628415|1628988|1630578,0,REG,2024,1629028,4.0,C,Anchor Big,0.24,Sengun 3' Finger Roll Layup (27 PTS),C,Shot Creator,0.77,
Shot Chart Detail,22300623,603,1630578,Alperen Sengun,1610612745,Houston Rockets,4,3,0,Missed Shot,Tip Layup Shot,2PT Field Goal,Restricted Area,Center(C),Less Than 8 ft.,1,9,9,1,0,20240124,HOU,POR,22300623603,27000,0,201145|1627832|1628988|1630224|1630578,0,REG,2024,1631133|203924,0.0,,,,,C,Shot Creator,0.77,
Shot Chart Detail,22300623,638,1630578,Alperen Sengun,1610612745,Houston Rockets,5,3,31,Missed Shot,Turnaround Fadeaway shot,2PT Field Goal,In The Paint (Non-RA),Center(C),Less Than 8 ft.,7,-22,69,1,0,20240124,HOU,POR,22300623638,29690,1,201145|1627832|1628988|1630224|1630578,0,REG,2024,1629028,-3.0,C,Anchor Big,0.24,MISS Sengun 7' Turnaround Fadeaway Shot,C,Shot Creator,0.77,
Shot Chart Detail,22300623,678,1630578,Alperen Sengun,1610612745,Houston Rockets,5,0,7,Made Shot,Driving Dunk Shot,2PT Field Goal,Restricted Area,Center(C),Less Than 8 ft.,2,6,24,1,1,20240124,HOU,POR,22300623678,31730,1,201145|1627832|1628988|1630224|1641708,1,REG,2024,1629014,-4.0,SG,Chaser,-1.82,Sengun 2' Driving Dunk (30 PTS) (Je. Green 1 AST),C,Shot Creator,0.77,201145.0
Shot Chart Detail,22300635,51,1630578,Alperen Sengun,1610612745,Houston Rockets,1,7,38,Made Shot,Driving Layup Shot,2PT Field Goal,Restricted Area,Center(C),Less Than 8 ft.,3,6,31,1,1,20240126,CHA,HOU,2230063551,2620,0,201145|1627832|1628415|1630224|1630578,0,REG,2024,1630163|1628970,3.0,,,,,C,Shot Creator,0.77,
Shot Chart Detail,22300635,84,1630578,Alperen Sengun,1610612745,Houston Rockets,1,5,23,Missed Shot,Fadeaway Jump Shot,2PT Field Goal,In The Paint (Non-RA),Center(C),8-16 ft.,8,11,89,1,0,20240126,CHA,HOU,2230063584,3970,0,201145|1628415|1630224|1630578|1641708,0,REG,2024,1630208|1641706,1.0,,,,,C,Shot Creator,0.77,
Shot Chart Detail,22300635,89,1630578,Alperen Sengun,1610612745,Houston Rockets,1,5,0,Missed Shot,Turnaround Hook Shot,2PT Field Goal,In The Paint (Non-RA),Center(C),Less Than 8 ft.,5,9,53,1,0,20240126,CHA,HOU,2230063589,4200,0,201145|1628415|1630224|1630578|1641708,0,REG,2024,1630208,1.0,C,Mobile Big,0.1,Richards BLOCK (2 BLK),C,Shot Creator,0.77,
Shot Chart Detail,22300635,92,1630578,Alperen Sengun,1610612745,Houston Rockets,1,4,59,Made Shot,Putback Dunk Shot,2PT Field Goal,Restricted Area,Center(C),Less Than 8 ft.,2,9,25,1,1,20240126,CHA,HOU,2230063592,4210,0,201145|1628415|1630224|1630578|1641708,0,REG,2024,1628970,3.0,SF,Wing Stopper,-1.48,Sengun 3' Putback Dunk (4 PTS),C,Shot Creator,0.77,
Shot Chart Detail,22300635,287,1630578,Alperen Sengun,1610612745,Houston Rockets,2,4,10,Made Shot,Driving Layup Shot,2PT Field Goal,Restricted Area,Center(C),Less Than 8 ft.,2,11,22,1,1,20240126,CHA,HOU,22300635287,11900,0,201145|1627832|1628415|1630224|1630578,1,REG,2024,1628970|1630208,-1.0,,,,,C,Shot Creator,0.77,1630224.0
Shot Chart Detail,22300635,325,1630578,Alperen Sengun,1610612745,Houston Rockets,2,1,40,Made Shot,Hook Shot,2PT Field Goal,In The Paint (Non-RA),Center(C),Less Than 8 ft.,6,9,63,1,1,20240126,CHA,HOU,22300635325,13400,0,1627832|1628415|1630224|1630578|1641715,1,REG,2024,1630208,-1.0,C,Mobile Big,0.1,Sengun 6' Hook Shot (9 PTS) (Ja. Green 2 AST),C,Shot Creator,0.77,1630224.0
Shot Chart Detail,22300635,377,1630578,Alperen Sengun,1610612745,Houston Rockets,3,10,11,Made Shot,Finger Roll Layup Shot,2PT Field Goal,Restricted Area,Center(C),Less Than 8 ft.,0,-6,-7,1,1,20240126,CHA,HOU,22300635377,15490,0,201145|1627832|1628415|1630224|1630578,1,REG,2024,1630163|1630208,5.0,,,,,C,Shot Creator,0.77,1630224.0
Shot Chart Detail,22300645,77,1630578,Alperen Sengun,1610612745,Houston Rockets,1,5,44,Made Shot,Driving Floating Jump Shot,2PT Field Goal,Restricted Area,Center(C),Less Than 8 ft.,2,17,16,1,1,20240127,BKN,HOU,2230064577,3760,0,201145|1628415|1630578|1641708|1641715,1,REG,2024,1630560|1629651,-7.0,,,,,C,Shot Creator,0.77,1641708.0
Shot Chart Detail,22300645,95,1630578,Alperen Sengun,1610612745,Houston Rockets,1,3,33,Missed Shot,Fadeaway Jump Shot,2PT Field Goal,In The Paint (Non-RA),Right Side(R),8-16 ft.,9,55,74,1,0,20240127,BKN,HOU,2230064595,5070,0,1628415|1630256|1630578|1641708|1641715,0,REG,2024,1629651,-14.0,C,Mobile Big,2.32,MISS Sengun 9' Fadeaway Jumper,C,Shot Creator,0.77,
Shot Chart Detail,22300645,230,1630578,Alperen Sengun,1610612745,Houston Rockets,2,6,57,Missed Shot,Putback Layup Shot,2PT Field Goal,In The Paint (Non-RA),Center(C),8-16 ft.,8,-5,84,1,0,20240127,BKN,HOU,22300645230,10230,0,1628415|1630224|1630578|1641708|1641715,0,REG,2024,1627827,-27.0,PF,Wing Stopper,0.22,MISS Sengun 8' Putback Layup,C,Shot Creator,0.77,
Shot Chart Detail,22300645,233,1630578,Alperen Sengun,1610612745,Houston Rockets,2,6,52,Made Shot,Turnaround Hook Shot,2PT Field Goal,In The Paint (Non-RA),Center(C),8-16 ft.,9,26,88,1,1,20240127,BKN,HOU,22300645233,10280,0,1628415|1630224|1630578|1641708|1641715,1,REG,2024,1627827,-25.0,PF,Wing Stopper,0.22,Sengun 9' Turnaround Hook Shot (4 PTS) (Thompson 2 AST),C,Shot Creator,0.77,1641708.0
Shot Chart Detail,22300645,274,1630578,Alperen Sengun,1610612745,Houston Rockets,2,3,51,Missed Shot,Driving Layup Shot,2PT Field Goal,Restricted Area,Center(C),Less Than 8 ft.,2,26,10,1,0,20240127,BKN,HOU,22300645274,12090,0,1627832|1628415|1630224|1630578|1641708,0,REG,2024,1629651,-22.0,C,Mobile Big,2.32,Claxton BLOCK (1 BLK),C,Shot Creator,0.77,
Shot Chart Detail,22300645,286,1630578,Alperen Sengun,1610612745,Houston Rockets,2,2,45,Missed Shot,Jump Shot,3PT Field Goal,Above the Break 3,Center(C),24+ ft.,27,62,269,1,0,20240127,BKN,HOU,22300645286,12750,0,1627832|1628415|1630224|1630578|1641708,0,REG,2024,1629651,-24.0,C,Mobile Big,2.32,MISS Sengun 28' 3PT Jump Shot,C,Shot Creator,0.77,
Shot Chart Detail,22300645,343,1630578,Alperen Sengun,1610612745,Houston Rockets,3,11,39,Made Shot,Dunk Shot,2PT Field Goal,Restricted Area,Center(C),Less Than 8 ft.,0,5,-5,1,1,20240127,BKN,HOU,22300645343,14610,0,1627832|1628415|1628988|1630224|1630578,1,REG,2024,1627827,-18.0,PF,Wing Stopper,0.22,Sengun 1' Dunk (6 PTS) (VanVleet 4 AST),C,Shot Creator,0.77,1627832.0
Shot Chart Detail,22300645,352,1630578,Alperen Sengun,1610612745,Houston Rockets,3,10,49,Missed Shot,Driving Layup Shot,2PT Field Goal,Restricted Area,Center(C),Less Than 8 ft.,2,-15,17,1,0,20240127,BKN,HOU,22300645352,15110,0,1627832|1628415|1628988|1630224|1630578,0,REG,2024,1627827,-16.0,PF,Wing Stopper,0.22,Dinwiddie BLOCK (1 BLK),C,Shot Creator,0.77,
Shot Chart Detail,22300645,361,1630578,Alperen Sengun,1610612745,Houston Rockets,3,9,58,Made Shot,Floating Jump shot,2PT Field Goal,In The Paint (Non-RA),Center(C),Less Than 8 ft.,4,-9,41,1,1,20240127,BKN,HOU,22300645361,15620,0,1627832|1628415|1628988|1630224|1630578,1,REG,2024,1629651,-19.0,C,Mobile Big,2.32,Sengun 4' Floating Jump Shot (8 PTS) (Holiday 1 AST),C,Shot Creator,0.77,1628988.0
Shot Chart Detail,22300645,364,1630578,Alperen Sengun,1610612745,Houston Rockets,3,9,36,Made Shot,Driving Hook Shot,2PT Field Goal,Restricted Area,Center(C),Less Than 8 ft.,0,-5,-6,1,1,20240127,BKN,HOU,22300645364,15840,0,1627832|1628415|1628988|1630224|1630578,0,REG,2024,1627827|1629651,-19.0,,,,,C,Shot Creator,0.77,
Shot Chart Detail,22300645,421,1630578,Alperen Sengun,1610612745,Houston Rockets,3,5,8,Made Shot,Turnaround Hook Shot,2PT Field Goal,In The Paint (Non-RA),Center(C),Less Than 8 ft.,6,44,41,1,1,20240127,BKN,HOU,22300645421,18520,0,1628415|1628988|1630224|1630578|1641715,1,REG,2024,1629651,-18.0,C,Mobile Big,2.32,Sengun 6' Turnaround Hook Shot (12 PTS) (Brooks 2 AST),C,Shot Creator,0.77,1628415.0
Shot Chart Detail,22300645,468,1630578,Alperen Sengun,1610612745,Houston Rockets,3,10,47,Missed Shot,Layup Shot,2PT Field Goal,Restricted Area,Center(C),Less Than 8 ft.,2,-18,16,1,0,20240127,BKN,HOU,22300645468,15130,0,1627832|1628415|1628988|1630224|1630578,0,REG,2024,1627827,-16.0,PF,Wing Stopper,0.22,MISS Sengun 2' Layup,C,Shot Creator,0.77,
Shot Chart Detail,22300645,674,1630578,Alperen Sengun,1610612745,Houston Rockets,4,0,10,Missed Shot,Putback Layup Shot,2PT Field Goal,Restricted Area,Center(C),Less Than 8 ft.,2,26,4,1,0,20240127,BKN,HOU,22300645674,28700,0,1627832|1630224|1630578|1641708|1641715,0,REG,2024,1628372|1628969,-6.0,,,,,C,Shot Creator,0.77,
Shot Chart Detail,22300662,24,1630578,Alperen Sengun,1610612745,Houston Rockets,1,10,30,Made Shot,Driving Layup Shot,2PT Field Goal,Restricted Area,Center(C),Less Than 8 ft.,1,11,13,1,1,20240129,HOU,LAL,2230066224,900,0,1627832|1628415|1630224|1630578|1631095,0,REG,2024,203076,5.0,C,Anchor Big,2.72,Sengun 2' Driving Layup (2 PTS),C,Shot Creator,0.77,
Shot Chart Detail,22300662,41,1630578,Alperen Sengun,1610612745,Houston Rockets,1,8,56,Made Shot,Layup Shot,2PT Field Goal,Restricted Area,Center(C),Less Than 8 ft.,1,-17,7,1,1,20240129,HOU,LAL,2230066241,1840,0,1627832|1628415|1630224|1630578|1631095,0,REG,2024,2544,7.0,PF,Helper,-0.24,Sengun 2' Layup (4 PTS),C,Shot Creator,0.77,
Shot Chart Detail,22300662,50,1630578,Alperen Sengun,1610612745,Houston Rockets,1,8,7,Missed Shot,Jump Shot,3PT Field Goal,Above the Break 3,Left Side Center(LC),24+ ft.,25,-181,181,1,0,20240129,HOU,LAL,2230066250,2330,0,1627832|1628415|1630224|1630578|1631095,0,REG,2024,203076,5.0,C,Anchor Big,2.72,MISS Sengun 26' 3PT Jump Shot,C,Shot Creator,0.77,
Shot Chart Detail,22300662,65,1630578,Alperen Sengun,1610612745,Houston Rockets,1,6,16,Missed Shot,Turnaround Hook Shot,2PT Field Goal,In The Paint (Non-RA),Center(C),8-16 ft.,8,-22,78,1,0,20240129,HOU,LAL,2230066265,3440,0,1627832|1628415|1630224|1630578|1631095,0,REG,2024,203076,5.0,C,Anchor Big,2.72,MISS Sengun 8' Turnaround Hook Shot,C,Shot Creator,0.77,
Shot Chart Detail,22300662,69,1630578,Alperen Sengun,1610612745,Houston Rockets,1,5,49,Made Shot,Cutting Layup Shot,2PT Field Goal,Restricted Area,Center(C),Less Than 8 ft.,2,17,13,1,1,20240129,HOU,LAL,2230066269,3710,0,1627832|1628415|1630224|1630578|1631095,1,REG,2024,1630559,5.0,SG,Point of Attack,-0.7,Sengun 2' Cutting Layup Shot (6 PTS) (VanVleet 2 AST),C,Shot Creator,0.77,1627832.0
Shot Chart Detail,22300662,78,1630578,Alperen Sengun,1610612745,Houston Rockets,1,5,14,Missed Shot,Turnaround Hook Shot,2PT Field Goal,Restricted Area,Center(C),Less Than 8 ft.,3,-34,14,1,0,20240129,HOU,LAL,2230066278,4060,0,1628415|1630224|1630578|1631095|1641708,0,REG,2024,203076,2.0,C,Anchor Big,2.72,MISS Sengun 4' Turnaround Hook Shot,C,Shot Creator,0.77,
Shot Chart Detail,22300662,105,1630578,Alperen Sengun,1610612745,Houston Rockets,1,3,34,Made Shot,Jump Shot,2PT Field Goal,In The Paint (Non-RA),Center(C),8-16 ft.,12,-10,121,1,1,20240129,HOU,LAL,22300662105,5060,0,1630224|1630256|1630578|1641708|1641715,1,REG,2024,203076,3.0,C,Anchor Big,2.72,Sengun 12' Jump Shot (8 PTS) (Ja. Green 1 AST),C,Shot Creator,0.77,1630224.0
Shot Chart Detail,22300662,285,1630578,Alperen Sengun,1610612745,Houston Rockets,2,5,12,Made Shot,Cutting Layup Shot,2PT Field Goal,Restricted Area,Center(C),Less Than 8 ft.,1,11,11,1,1,20240129,HOU,LAL,22300662285,11280,0,1627832|1630224|1630256|1630578|1631095,1,REG,2024,203076,19.0,C,Anchor Big,2.72,Sengun 2' Cutting Layup Shot (10 PTS) (Ja. Green 3 AST),C,Shot Creator,0.77,1630224.0
Shot Chart Detail,22300662,299,1630578,Alperen Sengun,1610612745,Houston Rockets,2,4,0,Missed Shot,Floating Jump shot,2PT Field Goal,In The Paint (Non-RA),Center(C),8-16 ft.,11,38,105,1,0,20240129,HOU,LAL,22300662299,12000,0,1627832|1628415|1630224|1630578|1631095,0,REG,2024,1626156,16.0,PG,Chaser,-1.02,MISS Sengun 11' Floating Jump Shot,C,Shot Creator,0.77,
Shot Chart Detail,22300662,306,1630578,Alperen Sengun,1610612745,Houston Rockets,2,3,20,Made Shot,Jump Shot,3PT Field Goal,Above the Break 3,Left Side Center(LC),24+ ft.,25,-121,221,1,1,20240129,HOU,LAL,22300662306,12400,0,1627832|1628415|1630224|1630578|1631095,1,REG,2024,,,,,,,C,Shot Creator,0.77,1627832.0
Shot Chart Detail,22300662,356,1630578,Alperen Sengun,1610612745,Houston Rockets,3,11,39,Made Shot,Cutting Dunk Shot,2PT Field Goal,Restricted Area,Center(C),Less Than 8 ft.,3,10,30,1,1,20240129,HOU,LAL,22300662356,14610,0,1627832|1628415|1630224|1630578|1631095,1,REG,2024,1626156|2544,20.0,,,,,C,Shot Creator,0.77,1627832.0
Shot Chart Detail,22300662,382,1630578,Alperen Sengun,1610612745,Houston Rockets,3,9,31,Missed Shot,Turnaround Hook Shot,2PT Field Goal,In The Paint (Non-RA),Center(C),Less Than 8 ft.,7,-10,77,1,0,20240129,HOU,LAL,22300662382,15890,0,1627832|1630224|1630256|1630578|1631095,0,REG,2024,2544|1627752,24.0,,,,,C,Shot Creator,0.77,
Shot Chart Detail,22300662,393,1630578,Alperen Sengun,1610612745,Houston Rockets,3,8,16,Made Shot,Cutting Layup Shot,2PT Field Goal,Restricted Area,Center(C),Less Than 8 ft.,2,15,15,1,1,20240129,HOU,LAL,22300662393,16640,0,1627832|1630224|1630256|1630578|1631095,1,REG,2024,1630559|2544,28.0,,,,,C,Shot Creator,0.77,1631095.0
Shot Chart Detail,22300662,409,1630578,Alperen Sengun,1610612745,Houston Rockets,3,6,33,Made Shot,Cutting Layup Shot,2PT Field Goal,Restricted Area,Center(C),Less Than 8 ft.,2,-18,15,1,1,20240129,HOU,LAL,22300662409,17670,0,1627832|1630224|1630256|1630578|1631095,1,REG,2024,203076,30.0,C,Anchor Big,2.72,Sengun 2' Cutting Layup Shot (20 PTS) (Ja. Green 5 AST),C,Shot Creator,0.77,1630224.0
Shot Chart Detail,22300662,449,1630578,Alperen Sengun,1610612745,Houston Rockets,3,3,41,Missed Shot,Jump Shot,3PT Field Goal,Above the Break 3,Center(C),24+ ft.,25,-6,258,1,0,20240129,HOU,LAL,22300662449,19390,0,1630224|1630578|1631095|1641708|1641715,0,REG,2024,203076,27.0,C,Anchor Big,2.72,MISS Sengun 26' 3PT Jump Shot,C,Shot Creator,0.77,
Shot Chart Detail,22300662,498,1630578,Alperen Sengun,1610612745,Houston Rockets,3,0,45,Made Shot,Driving Hook Shot,2PT Field Goal,In The Paint (Non-RA),Center(C),Less Than 8 ft.,4,-6,46,1,1,20240129,HOU,LAL,22300662498,21150,0,1627832|1630224|1630578|1631095|1641715,1,REG,2024,1629637,22.0,C,Anchor Big,0.47,Sengun 5' Driving Hook Shot (23 PTS) (Ja. Green 6 AST),C,Shot Creator,0.77,1630224.0
Shot Chart Detail,22300662,535,1630578,Alperen Sengun,1610612745,Houston Rockets,4,9,45,Made Shot,Tip Layup Shot,2PT Field Goal,Restricted Area,Center(C),Less Than 8 ft.,0,0,0,1,1,20240129,HOU,LAL,22300662535,22950,0,1627832|1628415|1630224|1630578|1631095,0,REG,2024,2544,23.0,PF,Helper,-0.24,Sengun Tip Layup Shot (25 PTS),C,Shot Creator,0.77,
Shot Chart Detail,22300662,544,1630578,Alperen Sengun,1610612745,Houston Rockets,4,8,55,Missed Shot,Driving Layup Shot,2PT Field Goal,Restricted Area,Center(C),Less Than 8 ft.,3,20,27,1,0,20240129,HOU,LAL,22300662544,23450,0,1627832|1628415|1630224|1630578|1631095,0,REG,2024,1629637|2544,23.0,,,,,C,Shot Creator,0.77,
Shot Chart Detail,22300662,547,1630578,Alperen Sengun,1610612745,Houston Rockets,4,8,50,Made Shot,Putback Layup Shot,2PT Field Goal,Restricted Area,Center(C),Less Than 8 ft.,3,17,26,1,1,20240129,HOU,LAL,22300662547,23500,0,1627832|1628415|1630224|1630578|1631095,0,REG,2024,1629637|2544,25.0,,,,,C,Shot Creator,0.77,
Shot Chart Detail,22300662,608,1630578,Alperen Sengun,1610612745,Houston Rockets,4,5,1,Made Shot,Cutting Finger Roll Layup Shot,2PT Field Goal,Restricted Area,Center(C),Less Than 8 ft.,1,17,9,1,1,20240129,HOU,LAL,22300662608,25790,0,1627832|1628415|1630224|1630578|1641715,1,REG,2024,1629637,16.0,C,Anchor Big,0.47,Sengun 2' Cutting Finger Roll Layup Shot (29 PTS) (VanVleet 12 AST),C,Shot Creator,0.77,1627832.0
Shot Chart Detail,22300662,623,1630578,Alperen Sengun,1610612745,Houston Rockets,4,3,33,Missed Shot,Floating Jump shot,2PT Field Goal,In The Paint (Non-RA),Center(C),8-16 ft.,13,65,121,1,0,20240129,HOU,LAL,22300662623,26670,0,1627832|1628415|1630224|1630578|1631095,0,REG,2024,1629637,10.0,C,Anchor Big,0.47,MISS Sengun 14' Floating Jump Shot,C,Shot Creator,0.77,
Shot Chart Detail,22300662,673,1630578,Alperen Sengun,1610612745,Houston Rockets,4,1,19,Made Shot,Cutting Dunk Shot,2PT Field Goal,Restricted Area,Center(C),Less Than 8 ft.,0,6,5,1,1,20240129,HOU,LAL,22300662673,28010,0,1630224|1630578|1631095|1641708|1641715,1,REG,2024,1641721,15.0,SF,Helper,-0.33,Sengun 1' Cutting Dunk Shot (31 PTS) (Thompson 2 AST),C,Shot Creator,0.77,1641708.0
Shot Chart Detail,22300662,681,1630578,Alperen Sengun,1610612745,Houston Rockets,4,0,37,Missed Shot,Jump Shot,3PT Field Goal,Above the Break 3,Center(C),24+ ft.,25,1,253,1,0,20240129,HOU,LAL,22300662681,28430,0,1630224|1630578|1631095|1641708|1641715,0,REG,2024,1626174,17.0,PF,Anchor Big,0.68,MISS Sengun 25' 3PT Jump Shot,C,Shot Creator,0.77,
Shot Chart Detail,22300679,66,1630578,Alperen Sengun,1610612745,Houston Rockets,1,6,20,Missed Shot,Jump Shot,2PT Field Goal,Mid-Range,Right Side Center(RC),16-24 ft.,16,98,132,1,0,20240131,HOU,NOP,2230067966,3400,0,1627832|1628415|1630224|1630578|1631095,0,REG,2024,202685,-5.0,C,Mobile Big,0.63,MISS Sengun 16' Jump Shot,C,Shot Creator,0.77,
Shot Chart Detail,22300679,80,1630578,Alperen Sengun,1610612745,Houston Rockets,1,4,50,Made Shot,Turnaround Hook Shot,2PT Field Goal,In The Paint (Non-RA),Center(C),8-16 ft.,8,7,83,1,1,20240131,HOU,NOP,2230067980,4300,0,1627832|1628415|1630224|1630578|1631095,1,REG,2024,202685,-2.0,C,Mobile Big,0.63,Sengun 8' Turnaround Hook Shot (2 PTS) (Brooks 1 AST),C,Shot Creator,0.77,1628415.0
Shot Chart Detail,22300679,229,1630578,Alperen Sengun,1610612745,Houston Rockets,2,6,32,Made Shot,Tip Layup Shot,2PT Field Goal,Restricted Area,Center(C),Less Than 8 ft.,0,0,0,1,1,20240131,HOU,NOP,22300679229,10480,0,1628988|1630224|1630578|1631095|1641715,0,REG,2024,203468|1630530,-7.0,,,,,C,Shot Creator,0.77,
Shot Chart Detail,22300679,320,1630578,Alperen Sengun,1610612745,Houston Rockets,3,11,15,Missed Shot,Driving Layup Shot,2PT Field Goal,Restricted Area,Center(C),Less Than 8 ft.,1,9,13,1,0,20240131,HOU,NOP,22300679320,14850,0,1627832|1628415|1630224|1630578|1631095,0,REG,2024,202685,-9.0,C,Mobile Big,0.63,MISS Sengun 2' Driving Layup,C,Shot Creator,0.77,
Shot Chart Detail,22300679,325,1630578,Alperen Sengun,1610612745,Houston Rockets,3,10,54,Missed Shot,Driving Layup Shot,2PT Field Goal,Restricted Area,Center(C),Less Than 8 ft.,1,-13,13,1,0,20240131,HOU,NOP,22300679325,15060,0,1627832|1628415|1630224|1630578|1631095,0,REG,2024,202685,-11.0,C,Mobile Big,0.63,MISS Sengun 2' Driving Layup,C,Shot Creator,0.77,
Shot Chart Detail,22300679,365,1630578,Alperen Sengun,1610612745,Houston Rockets,3,7,39,Missed Shot,Driving Layup Shot,2PT Field Goal,Restricted Area,Center(C),Less Than 8 ft.,3,28,26,1,0,20240131,HOU,NOP,22300679365,17010,0,1627832|1628415|1628988|1630224|1630578,0,REG,2024,202685,-14.0,C,Mobile Big,0.63,MISS Sengun 4' Driving Layup,C,Shot Creator,0.77,
Shot Chart Detail,22300679,371,1630578,Alperen Sengun,1610612745,Houston Rockets,3,7,15,Made Shot,Cutting Dunk Shot,2PT Field Goal,Restricted Area,Center(C),Less Than 8 ft.,1,1,18,1,1,20240131,HOU,NOP,22300679371,17250,0,1627832|1628415|1628988|1630224|1630578,1,REG,2024,1630700|202685,-12.0,,,,,C,Shot Creator,0.77,1630224.0
Shot Chart Detail,22300679,426,1630578,Alperen Sengun,1610612745,Houston Rockets,3,3,29,Made Shot,Driving Dunk Shot,2PT Field Goal,Restricted Area,Center(C),Less Than 8 ft.,2,-17,16,1,1,20240131,HOU,NOP,22300679426,19510,0,1628988|1630224|1630578|1641708|1641715,1,REG,2024,1627742|1626204,-6.0,,,,,C,Shot Creator,0.77,1630224.0
Shot Chart Detail,22300679,508,1630578,Alperen Sengun,1610612745,Houston Rockets,4,10,8,Missed Shot,Driving Floating Jump Shot,2PT Field Goal,In The Paint (Non-RA),Center(C),8-16 ft.,8,1,81,1,0,20240131,HOU,NOP,22300679508,22720,0,1627832|1630578|1631095|1641708|1641715,0,REG,2024,202685|1630631,-10.0,,,,,C,Shot Creator,0.77,
Shot Chart Detail,22300679,616,1630578,Alperen Sengun,1610612745,Houston Rockets,4,3,4,Missed Shot,Turnaround Hook Shot,2PT Field Goal,In The Paint (Non-RA),Center(C),Less Than 8 ft.,5,1,52,1,0,20240131,HOU,NOP,22300679616,26960,0,1627832|1628415|1628988|1630224|1630578,0,REG,2024,202685|1630230,-13.0,,,,,C,Shot Creator,0.77,
Shot Chart Detail,22300679,647,1630578,Alperen Sengun,1610612745,Houston Rockets,4,1,10,Missed Shot,Jump Shot,3PT Field Goal,Above the Break 3,Center(C),24+ ft.,25,-62,247,1,0,20240131,HOU,NOP,22300679647,28100,0,1627832|1628415|1628988|1630224|1630578,0,REG,2024,202685|1630230,-11.0,,,,,C,Shot Creator,0.77,
Shot Chart Detail,22300692,15,1630578,Alperen Sengun,1610612745,Houston Rockets,1,10,39,Made Shot,Turnaround Hook Shot,2PT Field Goal,Restricted Area,Center(C),Less Than 8 ft.,3,15,34,1,1,20240202,HOU,TOR,2230069215,810,0,1627832|1628415|1630224|1630578|1631095,0,REG,2024,1627751,0.0,C,Mobile Big,2.18,Sengun 4' Turnaround Hook Shot (2 PTS),C,Shot Creator,0.77,
Shot Chart Detail,22300692,18,1630578,Alperen Sengun,1610612745,Houston Rockets,1,10,4,Made Shot,Jump Shot,2PT Field Goal,In The Paint (Non-RA),Center(C),Less Than 8 ft.,4,-4,40,1,1,20240202,HOU,TOR,2230069218,1160,0,1627832|1628415|1630224|1630578|1631095,0,REG,2024,1628971|1627751,0.0,,,,,C,Shot Creator,0.77,
Shot Chart Detail,22300692,31,1630578,Alperen Sengun,1610612745,Houston Rockets,1,9,2,Missed Shot,Floating Jump shot,2PT Field Goal,In The Paint (Non-RA),Center(C),8-16 ft.,10,26,104,1,0,20240202,HOU,TOR,2230069231,1780,0,1627832|1628415|1630224|1630578|1631095,0,REG,2024,1630567,0.0,SG,Wing Stopper,0.38,MISS Sengun 11' Floating Jump Shot,C,Shot Creator,0.77,
Shot Chart Detail,22300692,89,1630578,Alperen Sengun,1610612745,Houston Rockets,1,4,17,Made Shot,Driving Reverse Layup Shot,2PT Field Goal,Restricted Area,Center(C),Less Than 8 ft.,3,-38,11,1,1,20240202,HOU,TOR,2230069289,4630,0,1630224|1630256|1630578|1641708|1641715,0,REG,2024,,,,,,,C,Shot Creator,0.77,
Shot Chart Detail,22300692,238,1630578,Alperen Sengun,1610612745,Houston Rockets,2,4,54,Made Shot,Running Layup Shot,2PT Field Goal,Restricted Area,Center(C),Less Than 8 ft.,3,-4,38,1,1,20240202,HOU,TOR,22300692238,11460,0,1628415|1630224|1630578|1631095|1641708,0,REG,2024,1628971|1627751,22.0,,,,,C,Shot Creator,0.77,
Shot Chart Detail,22300692,253,1630578,Alperen Sengun,1610612745,Houston Rockets,2,3,53,Missed Shot,Layup Shot,2PT Field Goal,In The Paint (Non-RA),Center(C),Less Than 8 ft.,4,-25,41,1,0,20240202,HOU,TOR,22300692253,12070,0,1628415|1630224|1630578|1631095|1641708,0,REG,2024,1628971|1630567,20.0,,,,,C,Shot Creator,0.77,
Shot Chart Detail,22300692,285,1630578,Alperen Sengun,1610612745,Houston Rockets,2,1,14,Made Shot,Hook Shot,2PT Field Goal,In The Paint (Non-RA),Center(C),Less Than 8 ft.,4,1,45,1,1,20240202,HOU,TOR,22300692285,13660,0,1627832|1628415|1630224|1630578|1631095,0,REG,2024,1630567,22.0,SG,Wing Stopper,0.38,Sengun 5' Hook Shot (11 PTS),C,Shot Creator,0.77,
Shot Chart Detail,22300692,310,1630578,Alperen Sengun,1610612745,Houston Rockets,3,11,19,Made Shot,Hook Shot,2PT Field Goal,In The Paint (Non-RA),Center(C),Less Than 8 ft.,5,-38,42,1,1,20240202,HOU,TOR,22300692310,14810,0,1627832|1628415|1630224|1630578|1631095,1,REG,2024,1630193|1627751,20.0,,,,,C,Shot Creator,0.77,1627832.0
Shot Chart Detail,22300692,320,1630578,Alperen Sengun,1610612745,Houston Rockets,3,10,13,Missed Shot,Jump Shot,3PT Field Goal,Above the Break 3,Left Side Center(LC),24+ ft.,26,-85,248,1,0,20240202,HOU,TOR,22300692320,15470,0,1627832|1628415|1630224|1630578|1631095,0,REG,2024,1627751,20.0,C,Mobile Big,2.18,MISS Sengun 26' 3PT Jump Shot,C,Shot Creator,0.77,
Shot Chart Detail,22300692,349,1630578,Alperen Sengun,1610612745,Houston Rockets,3,8,45,Made Shot,Layup Shot,2PT Field Goal,Restricted Area,Center(C),Less Than 8 ft.,3,-2,36,1,1,20240202,HOU,TOR,22300692349,16350,0,1627832|1628415|1630224|1630578|1631095,1,REG,2024,1630193|203471,24.0,,,,,C,Shot Creator,0.77,1631095.0
Shot Chart Detail,22300692,377,1630578,Alperen Sengun,1610612745,Houston Rockets,3,6,41,Made Shot,Layup Shot,2PT Field Goal,Restricted Area,Center(C),Less Than 8 ft.,3,-9,32,1,1,20240202,HOU,TOR,22300692377,17590,0,1627832|1628415|1630224|1630578|1631095,1,REG,2024,1630567,21.0,SG,Wing Stopper,0.38,Sengun 3' Layup (17 PTS) (Ja. Green 2 AST),C,Shot Creator,0.77,1630224.0
Shot Chart Detail,22300692,393,1630578,Alperen Sengun,1610612745,Houston Rockets,3,5,46,Made Shot,Reverse Layup Shot,2PT Field Goal,Restricted Area,Center(C),Less Than 8 ft.,3,34,13,1,1,20240202,HOU,TOR,22300692393,18140,0,1627832|1628415|1630224|1630578|1631095,0,REG,2024,1627751|1630567,18.0,,,,,C,Shot Creator,0.77,
Shot Chart Detail,22300692,400,1630578,Alperen Sengun,1610612745,Houston Rockets,3,5,17,Missed Shot,Running Layup Shot,2PT Field Goal,Restricted Area,Center(C),Less Than 8 ft.,3,-22,33,1,0,20240202,HOU,TOR,22300692400,18430,0,1628415|1630224|1630578|1631095|1641708,0,REG,2024,1630193|1627751,18.0,,,,,C,Shot Creator,0.77,
Shot Chart Detail,22300692,444,1630578,Alperen Sengun,1610612745,Houston Rockets,3,3,7,Made Shot,Jump Shot,3PT Field Goal,Above the Break 3,Center(C),24+ ft.,25,59,252,1,1,20240202,HOU,TOR,22300692444,19730,0,1627832|1630256|1630578|1641708|1641715,1,REG,2024,,,,,,,C,Shot Creator,0.77,1641708.0
Shot Chart Detail,22300709,21,1630578,Alperen Sengun,1610612745,Houston Rockets,1,10,28,Missed Shot,Floating Jump shot,2PT Field Goal,In The Paint (Non-RA),Center(C),8-16 ft.,12,39,119,1,0,20240204,MIN,HOU,2230070921,920,0,1627832|1628415|1630224|1630578|1631095,0,REG,2024,203497,3.0,C,Anchor Big,2.9,MISS Sengun 13' Floating Jump Shot,C,Shot Creator,0.77,
Shot Chart Detail,22300709,65,1630578,Alperen Sengun,1610612745,Houston Rockets,1,5,28,Missed Shot,Driving Hook Shot,2PT Field Goal,In The Paint (Non-RA),Center(C),Less Than 8 ft.,6,40,52,1,0,20240204,MIN,HOU,2230070965,3920,0,1627832|1628415|1630224|1630256|1630578,0,REG,2024,203497,-5.0,C,Anchor Big,2.9,MISS Sengun 7' Driving Hook Shot,C,Shot Creator,0.77,
Shot Chart Detail,22300709,79,1630578,Alperen Sengun,1610612745,Houston Rockets,1,4,56,Made Shot,Putback Layup Shot,2PT Field Goal,Restricted Area,Center(C),Less Than 8 ft.,1,-15,10,1,1,20240204,MIN,HOU,2230070979,4240,0,1628415|1630224|1630256|1630578|1641708,0,REG,2024,1630162,-5.0,SG,Wing Stopper,0.01,Sengun 2' Putback Layup (2 PTS),C,Shot Creator,0.77,
Shot Chart Detail,22300709,105,1630578,Alperen Sengun,1610612745,Houston Rockets,1,3,41,Made Shot,Driving Layup Shot,2PT Field Goal,Restricted Area,Center(C),Less Than 8 ft.,2,2,22,1,1,20240204,MIN,HOU,22300709105,4990,0,1630224|1630256|1630578|1641708|1641715,0,REG,2024,1626157,-7.0,PF,Mobile Big,0.05,Sengun 2' Driving Layup (4 PTS),C,Shot Creator,0.77,
Shot Chart Detail,22300709,249,1630578,Alperen Sengun,1610612745,Houston Rockets,2,6,0,Made Shot,Cutting Layup Shot,2PT Field Goal,Restricted Area,Center(C),Less Than 8 ft.,2,-4,21,1,1,20240204,MIN,HOU,22300709249,10800,0,201145|1627832|1628415|1630224|1630578,1,REG,2024,1630183,-6.0,SF,Point of Attack,0.07,Sengun 2' Cutting Layup Shot (6 PTS) (Ja. Green 4 AST),C,Shot Creator,0.77,1630224.0
Shot Chart Detail,22300709,261,1630578,Alperen Sengun,1610612745,Houston Rockets,2,4,46,Missed Shot,Turnaround Hook Shot,2PT Field Goal,In The Paint (Non-RA),Center(C),Less Than 8 ft.,4,-4,47,1,0,20240204,MIN,HOU,22300709261,11540,0,201145|1627832|1628415|1630224|1630578,0,REG,2024,1626157|201144,-6.0,,,,,C,Shot Creator,0.77,
Shot Chart Detail,22300709,291,1630578,Alperen Sengun,1610612745,Houston Rockets,2,2,57,Made Shot,Jump Shot,3PT Field Goal,Above the Break 3,Left Side Center(LC),24+ ft.,25,-176,178,1,1,20240204,MIN,HOU,22300709291,12630,0,1627832|1628415|1630224|1630578|1631095,1,REG,2024,203497,-3.0,C,Anchor Big,2.9,Sengun 25' 3PT Jump Shot (9 PTS) (Brooks 1 AST),C,Shot Creator,0.77,1628415.0
Shot Chart Detail,22300709,312,1630578,Alperen Sengun,1610612745,Houston Rockets,2,1,25,Made Shot,Driving Layup Shot,2PT Field Goal,Restricted Area,Center(C),Less Than 8 ft.,3,21,31,1,1,20240204,MIN,HOU,22300709312,13550,0,1627832|1628415|1630224|1630578|1631095,1,REG,2024,203497,0.0,C,Anchor Big,2.9,Sengun 4' Driving Layup (11 PTS) (Ja. Green 5 AST),C,Shot Creator,0.77,1630224.0
Shot Chart Detail,22300709,360,1630578,Alperen Sengun,1610612745,Houston Rockets,3,11,7,Made Shot,Cutting Layup Shot,2PT Field Goal,Restricted Area,Center(C),Less Than 8 ft.,3,-1,38,1,1,20240204,MIN,HOU,22300709360,14930,0,1627832|1628415|1630224|1630578|1631095,1,REG,2024,203497,-4.0,C,Anchor Big,2.9,Sengun 4' Cutting Layup Shot (13 PTS) (Ja. Green 6 AST),C,Shot Creator,0.77,1630224.0
Shot Chart Detail,22300709,371,1630578,Alperen Sengun,1610612745,Houston Rockets,3,10,41,Missed Shot,Floating Jump shot,2PT Field Goal,In The Paint (Non-RA),Center(C),Less Than 8 ft.,7,21,73,1,0,20240204,MIN,HOU,22300709371,15190,0,1627832|1628415|1630224|1630578|1631095,0,REG,2024,203497,-6.0,C,Anchor Big,2.9,MISS Sengun 8' Floating Jump Shot,C,Shot Creator,0.77,
Shot Chart Detail,22300709,376,1630578,Alperen Sengun,1610612745,Houston Rockets,3,10,22,Missed Shot,Layup Shot,2PT Field Goal,Restricted Area,Center(C),Less Than 8 ft.,2,16,17,1,0,20240204,MIN,HOU,22300709376,15380,0,1627832|1628415|1630224|1630578|1631095,0,REG,2024,1630162|1630183,-6.0,,,,,C,Shot Creator,0.77,
Shot Chart Detail,22300709,378,1630578,Alperen Sengun,1610612745,Houston Rockets,3,10,20,Missed Shot,Tip Layup Shot,2PT Field Goal,Restricted Area,Center(C),Less Than 8 ft.,0,0,0,1,0,20240204,MIN,HOU,22300709378,15400,0,1627832|1628415|1630224|1630578|1631095,0,REG,2024,1630162|1630183,-6.0,,,,,C,Shot Creator,0.77,
Shot Chart Detail,22300709,612,1630578,Alperen Sengun,1610612745,Houston Rockets,4,8,8,Made Shot,Running Dunk Shot,2PT Field Goal,Restricted Area,Center(C),Less Than 8 ft.,1,2,17,1,1,20240204,MIN,HOU,22300709612,23920,0,1628415|1628988|1630224|1630578|1641715,1,REG,2024,1629675,-15.0,C,Helper,0.36,Sengun 2' Running Dunk (15 PTS) (Ja. Green 7 AST),C,Shot Creator,0.77,1630224.0
Shot Chart Detail,22300709,635,1630578,Alperen Sengun,1610612745,Houston Rockets,4,6,47,Missed Shot,Fadeaway Bank shot,2PT Field Goal,In The Paint (Non-RA),Left Side(L),8-16 ft.,9,-75,52,1,0,20240204,MIN,HOU,22300709635,24730,0,1627832|1628415|1630224|1630578|1641715,0,REG,2024,1630183|203497,-18.0,,,,,C,Shot Creator,0.77,
Shot Chart Detail,22300719,28,1630578,Alperen Sengun,1610612745,Houston Rockets,1,9,43,Made Shot,Driving Dunk Shot,2PT Field Goal,Restricted Area,Center(C),Less Than 8 ft.,0,6,7,1,1,20240206,IND,HOU,2230071928,1370,0,1628415|1630224|1630578|1631095|1641708,0,REG,2024,1626167,6.0,C,Mobile Big,1.32,Sengun 1' Driving Dunk (2 PTS),C,Shot Creator,0.77,
Shot Chart Detail,22300719,214,1630578,Alperen Sengun,1610612745,Houston Rockets,2,6,31,Made Shot,Layup Shot,2PT Field Goal,Restricted Area,Center(C),Less Than 8 ft.,1,18,6,1,1,20240206,IND,HOU,22300719214,10490,0,1628415|1630224|1630578|1631095|1641708,0,REG,2024,1626167,8.0,C,Mobile Big,1.32,Sengun 2' Layup (5 PTS),C,Shot Creator,0.77,
Shot Chart Detail,22300719,225,1630578,Alperen Sengun,1610612745,Houston Rockets,2,5,15,Missed Shot,Turnaround Hook Shot,2PT Field Goal,In The Paint (Non-RA),Center(C),Less Than 8 ft.,7,-32,63,1,0,20240206,IND,HOU,22300719225,11250,0,1628415|1630224|1630578|1631095|1641708,0,REG,2024,1626167,8.0,C,Mobile Big,1.32,MISS Sengun 7' Turnaround Hook Shot,C,Shot Creator,0.77,
Shot Chart Detail,22300719,272,1630578,Alperen Sengun,1610612745,Houston Rockets,2,1,0,Made Shot,Driving Reverse Layup Shot,2PT Field Goal,Restricted Area,Center(C),Less Than 8 ft.,2,-20,15,1,1,20240206,IND,HOU,22300719272,13800,0,1628415|1630224|1630578|1641708|1641715,0,REG,2024,1627783|1626167,7.0,,,,,C,Shot Creator,0.77,
Shot Chart Detail,22300719,313,1630578,Alperen Sengun,1610612745,Houston Rockets,3,10,6,Made Shot,Turnaround Hook Shot,2PT Field Goal,In The Paint (Non-RA),Center(C),Less Than 8 ft.,5,9,56,1,1,20240206,IND,HOU,22300719313,15540,0,1628415|1630224|1630578|1631095|1641708,0,REG,2024,1626167,8.0,C,Mobile Big,1.32,Sengun 6' Turnaround Hook Shot (11 PTS),C,Shot Creator,0.77,
Shot Chart Detail,22300719,319,1630578,Alperen Sengun,1610612745,Houston Rockets,3,9,34,Missed Shot,Driving Layup Shot,2PT Field Goal,Restricted Area,Center(C),Less Than 8 ft.,2,20,1,1,0,20240206,IND,HOU,22300719319,15860,0,1628415|1630224|1630578|1631095|1641708,0,REG,2024,1629614|1626167,8.0,,,,,C,Shot Creator,0.77,
Shot Chart Detail,22300719,352,1630578,Alperen Sengun,1610612745,Houston Rockets,3,7,10,Made Shot,Reverse Layup Shot,2PT Field Goal,Restricted Area,Center(C),Less Than 8 ft.,2,-18,11,1,1,20240206,IND,HOU,22300719352,17300,0,1628415|1630224|1630578|1631095|1641708,1,REG,2024,1627741,5.0,SF-SG,Chaser,-0.64,Sengun 2' Reverse Layup (13 PTS) (Brooks 4 AST),C,Shot Creator,0.77,1628415.0
Shot Chart Detail,22300719,378,1630578,Alperen Sengun,1610612745,Houston Rockets,3,4,22,Missed Shot,Layup Shot,2PT Field Goal,Restricted Area,Center(C),Less Than 8 ft.,3,-7,32,1,0,20240206,IND,HOU,22300719378,18980,0,1628415|1628988|1630224|1630578|1631095,0,REG,2024,1627783|1626167,4.0,,,,,C,Shot Creator,0.77,
Shot Chart Detail,22300719,380,1630578,Alperen Sengun,1610612745,Houston Rockets,3,4,20,Missed Shot,Tip Layup Shot,2PT Field Goal,Restricted Area,Center(C),Less Than 8 ft.,0,0,0,1,0,20240206,IND,HOU,22300719380,19000,0,1628415|1628988|1630224|1630578|1631095,0,REG,2024,1627783|1626167,4.0,,,,,C,Shot Creator,0.77,
Shot Chart Detail,22300719,472,1630578,Alperen Sengun,1610612745,Houston Rockets,3,0,0,Missed Shot,Pullup Jump shot,3PT Field Goal,Above the Break 3,Left Side Center(LC),24+ ft.,28,-143,252,1,0,20240206,IND,HOU,22300719472,21600,0,201145|1628988|1630256|1631095|1641715,0,REG,2024,1630188,-7.0,C,Mobile Big,-0.27,MISS Sengun 29' 3PT Pullup Jump Shot,C,Shot Creator,0.77,
Shot Chart Detail,22300719,506,1630578,Alperen Sengun,1610612745,Houston Rockets,4,9,57,Missed Shot,Driving Layup Shot,2PT Field Goal,Restricted Area,Center(C),Less Than 8 ft.,2,-21,0,1,0,20240206,IND,HOU,22300719506,22830,0,1630256|1630578|1631095|1641708|1641715,0,REG,2024,1630188,-8.0,C,Mobile Big,-0.27,MISS Sengun 2' Driving Layup,C,Shot Creator,0.77,
Shot Chart Detail,22300719,562,1630578,Alperen Sengun,1610612745,Houston Rockets,4,5,51,Missed Shot,Driving Finger Roll Layup Shot,2PT Field Goal,Restricted Area,Center(C),Less Than 8 ft.,2,-25,-7,1,0,20240206,IND,HOU,22300719562,25290,0,1628415|1630224|1630578|1631095|1641708,0,REG,2024,1626167,-9.0,C,Mobile Big,1.32,Nesmith BLOCK (1 BLK),C,Shot Creator,0.77,
Shot Chart Detail,22300719,565,1630578,Alperen Sengun,1610612745,Houston Rockets,4,6,17,Missed Shot,Running Layup Shot,2PT Field Goal,Restricted Area,Center(C),Less Than 8 ft.,1,16,-1,1,0,20240206,IND,HOU,22300719565,25030,0,1628415|1630224|1630578|1631095|1641708,0,REG,2024,1626167,-9.0,C,Mobile Big,1.32,MISS Sengun 2' Running Layup,C,Shot Creator,0.77,
Shot Chart Detail,22300719,629,1630578,Alperen Sengun,1610612745,Houston Rockets,4,1,12,Made Shot,Tip Layup Shot,2PT Field Goal,Restricted Area,Center(C),Less Than 8 ft.,1,4,13,1,1,20240206,IND,HOU,22300719629,28080,0,1628415|1630224|1630578|1631095|1641708,0,REG,2024,1629614,-5.0,PG,Point of Attack,-0.38,Sengun 1' Tip Layup Shot (18 PTS),C,Shot Creator,0.77,
Shot Chart Detail,22300719,662,1630578,Alperen Sengun,1610612745,Houston Rockets,4,0,6,Made Shot,Tip Layup Shot,2PT Field Goal,Restricted Area,Center(C),Less Than 8 ft.,1,-5,19,1,1,20240206,IND,HOU,22300719662,28740,0,1628415|1628988|1630224|1630578|1631095,0,REG,2024,204456,-3.0,PG,Point of Attack,-0.61,Sengun 2' Tip Layup Shot (20 PTS),C,Shot Creator,0.77,
Shot Chart Detail,22300744,25,1630578,Alperen Sengun,1610612745,Houston Rockets,1,9,37,Missed Shot,Hook Bank Shot,2PT Field Goal,Restricted Area,Center(C),Less Than 8 ft.,3,-34,16,1,0,20240209,TOR,HOU,2230074425,1430,0,1628415|1630224|1630578|1631095|1641708,0,REG,2024,1627751,-2.0,C,Mobile Big,2.18,MISS Sengun 4' Hook Bank Shot,C,Shot Creator,0.77,
Shot Chart Detail,22300744,27,1630578,Alperen Sengun,1610612745,Houston Rockets,1,9,34,Missed Shot,Tip Layup Shot,2PT Field Goal,Restricted Area,Center(C),Less Than 8 ft.,0,0,0,1,0,20240209,TOR,HOU,2230074427,1460,0,1628415|1630224|1630578|1631095|1641708,0,REG,2024,1627751|1630567,-2.0,,,,,C,Shot Creator,0.77,
Shot Chart Detail,22300744,55,1630578,Alperen Sengun,1610612745,Houston Rockets,1,7,16,Missed Shot,Cutting Dunk Shot,2PT Field Goal,Restricted Area,Center(C),Less Than 8 ft.,1,-7,13,1,0,20240209,TOR,HOU,2230074455,2840,0,1628415|1630224|1630578|1631095|1641708,0,REG,2024,,,,,,,C,Shot Creator,0.77,
Shot Chart Detail,22300744,70,1630578,Alperen Sengun,1610612745,Houston Rockets,1,6,28,Made Shot,Putback Layup Shot,2PT Field Goal,Restricted Area,Center(C),Less Than 8 ft.,0,0,0,1,1,20240209,TOR,HOU,2230074470,3320,0,1628415|1630224|1630578|1631095|1641708,0,REG,2024,1627751,-5.0,C,Mobile Big,2.18,Sengun Putback Layup (2 PTS),C,Shot Creator,0.77,
Shot Chart Detail,22300744,109,1630578,Alperen Sengun,1610612745,Houston Rockets,1,4,1,Made Shot,Driving Dunk Shot,2PT Field Goal,Restricted Area,Center(C),Less Than 8 ft.,0,0,0,1,1,20240209,TOR,HOU,22300744109,4790,0,1628988|1630224|1630578|1631095|1641715,1,REG,2024,1627751,-11.0,C,Mobile Big,2.18,Sengun Driving Dunk (4 PTS) (Smith Jr. 1 AST),C,Shot Creator,0.77,1631095.0
Shot Chart Detail,22300744,367,1630578,Alperen Sengun,1610612745,Houston Rockets,3,11,23,Missed Shot,Cutting Layup Shot,2PT Field Goal,In The Paint (Non-RA),Center(C),Less Than 8 ft.,6,49,37,1,0,20240209,TOR,HOU,22300744367,14770,0,1628415|1630224|1630578|1631095|1641708,0,REG,2024,1627751,-16.0,C,Mobile Big,2.18,MISS Sengun 6' Cutting Layup Shot,C,Shot Creator,0.77,
Shot Chart Detail,22300744,418,1630578,Alperen Sengun,1610612745,Houston Rockets,3,6,43,Made Shot,Driving Finger Roll Layup Shot,2PT Field Goal,Restricted Area,Center(C),Less Than 8 ft.,0,1,4,1,1,20240209,TOR,HOU,22300744418,17570,0,1628415|1628988|1630224|1630578|1641708,1,REG,2024,1627751|1630567,-18.0,,,,,C,Shot Creator,0.77,1641708.0
Shot Chart Detail,22300765,87,1630578,Alperen Sengun,1610612745,Houston Rockets,1,4,2,Made Shot,Driving Floating Jump Shot,2PT Field Goal,Restricted Area,Center(C),Less Than 8 ft.,3,13,37,1,1,20240212,HOU,NYK,2230076587,4780,0,1628415|1628988|1630224|1630256|1630578,0,REG,2024,1630579,1.0,C,Mobile Big,0.62,Sengun 4' Driving Floating Jump Shot (2 PTS),C,Shot Creator,0.77,
Shot Chart Detail,22300765,94,1630578,Alperen Sengun,1610612745,Houston Rockets,1,2,42,Made Shot,Driving Floating Jump Shot,2PT Field Goal,Restricted Area,Center(C),Less Than 8 ft.,2,-25,13,1,1,20240212,HOU,NYK,2230076594,5580,0,1628988|1630256|1630578|1631095|1641708,1,REG,2024,1630579,3.0,C,Mobile Big,0.62,Sengun 3' Driving Floating Jump Shot (4 PTS) (Brooks 1 AST),C,Shot Creator,0.77,1628415.0
Shot Chart Detail,22300765,196,1630578,Alperen Sengun,1610612745,Houston Rockets,2,8,17,Made Shot,Driving Layup Shot,2PT Field Goal,Restricted Area,Center(C),Less Than 8 ft.,3,29,18,1,1,20240212,HOU,NYK,22300765196,9430,0,1628415|1630224|1630578|1631095|1631466,0,REG,2024,1630173,11.0,PF-C,Mobile Big,0.34,Sengun 3' Driving Layup (6 PTS),C,Shot Creator,0.77,
Shot Chart Detail,22300765,225,1630578,Alperen Sengun,1610612745,Houston Rockets,2,6,32,Made Shot,Dunk Shot,2PT Field Goal,Restricted Area,Center(C),Less Than 8 ft.,1,0,18,1,1,20240212,HOU,NYK,22300765225,10480,0,1628415|1630224|1630578|1631466|1641708,1,REG,2024,1628404,15.0,SF,Helper,1.09,Sengun 2' Dunk (10 PTS) (Thompson 2 AST),C,Shot Creator,0.77,1641708.0
Shot Chart Detail,22300765,383,1630578,Alperen Sengun,1610612745,Houston Rockets,3,9,34,Made Shot,Cutting Layup Shot,2PT Field Goal,Restricted Area,Center(C),Less Than 8 ft.,3,28,22,1,1,20240212,HOU,NYK,22300765383,15860,0,1628415|1630224|1630578|1631095|1641708,1,REG,2024,1630173,9.0,PF-C,Mobile Big,0.34,Sengun 4' Cutting Layup Shot (12 PTS) (Ja. Green 4 AST),C,Shot Creator,0.77,1630224.0
Shot Chart Detail,22300765,596,1630578,Alperen Sengun,1610612745,Houston Rockets,4,5,43,Missed Shot,Driving Layup Shot,2PT Field Goal,Restricted Area,Center(C),Less Than 8 ft.,2,-2,29,1,0,20240212,HOU,NYK,22300765596,25370,0,1628415|1628988|1630578|1631095|1641708,0,REG,2024,1630173,5.0,PF-C,Mobile Big,0.34,MISS Sengun 3' Driving Layup,C,Shot Creator,0.77,
Shot Chart Detail,22300765,613,1630578,Alperen Sengun,1610612745,Houston Rockets,4,4,18,Missed Shot,Turnaround Hook Shot,2PT Field Goal,Restricted Area,Center(C),Less Than 8 ft.,3,27,20,1,0,20240212,HOU,NYK,22300765613,26220,0,1628415|1628988|1630578|1631095|1641708,0,REG,2024,1630173,2.0,PF-C,Mobile Big,0.34,MISS Sengun 3' Turnaround Hook Shot,C,Shot Creator,0.77,
Shot Chart Detail,22300765,626,1630578,Alperen Sengun,1610612745,Houston Rockets,4,2,50,Missed Shot,Cutting Layup Shot,2PT Field Goal,In The Paint (Non-RA),Center(C),Less Than 8 ft.,4,18,36,1,0,20240212,HOU,NYK,22300765626,27100,0,1628415|1630224|1630578|1631095|1641708,0,REG,2024,202692|202711,2.0,,,,,C,Shot Creator,0.77,
Shot Chart Detail,22300765,646,1630578,Alperen Sengun,1610612745,Houston Rockets,4,0,48,Made Shot,Turnaround Hook Shot,2PT Field Goal,Restricted Area,Center(C),Less Than 8 ft.,1,-1,14,1,1,20240212,HOU,NYK,22300765646,28320,0,1628415|1628988|1630224|1630578|1641708,0,REG,2024,1630173,4.0,PF-C,Mobile Big,0.34,Sengun 1' Turnaround Hook Shot (18 PTS),C,Shot Creator,0.77,
Shot Chart Detail,22300765,652,1630578,Alperen Sengun,1610612745,Houston Rockets,4,0,21,Missed Shot,Driving Layup Shot,2PT Field Goal,In The Paint (Non-RA),Center(C),Less Than 8 ft.,4,38,27,1,0,20240212,HOU,NYK,22300765652,28590,0,1628415|1628988|1630224|1630578|1631095,0,REG,2024,1630173,2.0,PF-C,Mobile Big,0.34,MISS Sengun 5' Driving Layup,C,Shot Creator,0.77,
Shot Chart Detail,22300783,9,1630578,Alperen Sengun,1610612745,Houston Rockets,1,11,14,Missed Shot,Turnaround Hook Shot,2PT Field Goal,In The Paint (Non-RA),Center(C),Less Than 8 ft.,4,-21,45,1,0,20240214,MEM,HOU,223007839,460,0,1628415|1630224|1630578|1631095|1641708,0,REG,2024,1628991,-3.0,C,Mobile Big,0.93,MISS Sengun 5' Turnaround Hook Shot,C,Shot Creator,0.77,
Shot Chart Detail,22300783,13,1630578,Alperen Sengun,1610612745,Houston Rockets,1,10,43,Made Shot,Jump Shot,3PT Field Goal,Above the Break 3,Center(C),24+ ft.,25,9,250,1,1,20240214,MEM,HOU,2230078313,770,0,1628415|1630224|1630578|1631095|1641708,1,REG,2024,1628991,-3.0,C,Mobile Big,0.93,Sengun 25' 3PT Jump Shot (3 PTS) (Ja. Green 1 AST),C,Shot Creator,0.77,1630224.0
Shot Chart Detail,22300783,50,1630578,Alperen Sengun,1610612745,Houston Rockets,1,7,30,Missed Shot,Hook Shot,2PT Field Goal,In The Paint (Non-RA),Center(C),8-16 ft.,8,22,77,1,0,20240214,MEM,HOU,2230078350,2700,0,1628415|1630224|1630578|1631095|1641708,0,REG,2024,1628991|1629723|1631246,-6.0,,,,,C,Shot Creator,0.77,
Shot Chart Detail,22300783,81,1630578,Alperen Sengun,1610612745,Houston Rockets,1,5,7,Missed Shot,Turnaround Hook Shot,2PT Field Goal,In The Paint (Non-RA),Center(C),Less Than 8 ft.,5,31,46,1,0,20240214,MEM,HOU,2230078381,4130,0,1628415|1628988|1630224|1630256|1630578,0,REG,2024,1628991,-6.0,C,Mobile Big,0.93,MISS Sengun 6' Turnaround Hook Shot,C,Shot Creator,0.77,
Shot Chart Detail,22300783,96,1630578,Alperen Sengun,1610612745,Houston Rockets,1,4,5,Missed Shot,Jump Shot,3PT Field Goal,Above the Break 3,Center(C),24+ ft.,25,-78,243,1,0,20240214,MEM,HOU,2230078396,4750,0,1628415|1628988|1630224|1630256|1630578,0,REG,2024,1628991,-10.0,C,Mobile Big,0.93,MISS Sengun 26' 3PT Jump Shot,C,Shot Creator,0.77,
Shot Chart Detail,22300783,316,1630578,Alperen Sengun,1610612745,Houston Rockets,2,2,38,Made Shot,Running Dunk Shot,2PT Field Goal,Restricted Area,Center(C),Less Than 8 ft.,2,6,22,1,1,20240214,MEM,HOU,22300783316,12820,0,1628415|1628988|1630578|1631095|1641708,0,REG,2024,1629723,-9.0,,,,Sengun 2' Running Dunk (7 PTS),C,Shot Creator,0.77,
Shot Chart Detail,22300783,329,1630578,Alperen Sengun,1610612745,Houston Rockets,2,1,40,Made Shot,Tip Dunk Shot,2PT Field Goal,Restricted Area,Center(C),Less Than 8 ft.,0,0,0,1,1,20240214,MEM,HOU,22300783329,13400,0,1628415|1628988|1630578|1631095|1641708,0,REG,2024,1630583,-5.0,PF,Helper,-0.3,Sengun Tip Dunk Shot (9 PTS),C,Shot Creator,0.77,
Shot Chart Detail,22300783,332,1630578,Alperen Sengun,1610612745,Houston Rockets,2,1,15,Missed Shot,Driving Floating Jump Shot,2PT Field Goal,In The Paint (Non-RA),Center(C),Less Than 8 ft.,7,22,72,1,0,20240214,MEM,HOU,22300783332,13650,0,1628415|1628988|1630578|1631095|1641708,0,REG,2024,1641713,-5.0,PF,Helper,-1.02,MISS Sengun 8' Driving Floating Jump Shot,C,Shot Creator,0.77,
Shot Chart Detail,22300783,336,1630578,Alperen Sengun,1610612745,Houston Rockets,2,1,8,Missed Shot,Tip Layup Shot,2PT Field Goal,Restricted Area,Center(C),Less Than 8 ft.,0,0,0,1,0,20240214,MEM,HOU,22300783336,13720,0,1628415|1628988|1630578|1631095|1641708,0,REG,2024,1641713|1630583,-5.0,,,,,C,Shot Creator,0.77,
Shot Chart Detail,22300783,398,1630578,Alperen Sengun,1610612745,Houston Rockets,3,9,35,Made Shot,Driving Layup Shot,2PT Field Goal,Restricted Area,Center(C),Less Than 8 ft.,2,16,13,1,1,20240214,MEM,HOU,22300783398,15850,0,1628415|1630224|1630578|1631095|1641708,1,REG,2024,1628991,-10.0,C,Mobile Big,0.93,Sengun 2' Driving Layup (11 PTS) (Ja. Green 3 AST),C,Shot Creator,0.77,1630224.0
Shot Chart Detail,22300783,410,1630578,Alperen Sengun,1610612745,Houston Rockets,3,8,46,Made Shot,Hook Shot,2PT Field Goal,Restricted Area,Center(C),Less Than 8 ft.,2,20,13,1,1,20240214,MEM,HOU,22300783410,16340,0,1628415|1630224|1630578|1631095|1641708,0,REG,2024,1630583,-6.0,PF,Helper,-0.3,Sengun 2' Hook Shot (13 PTS),C,Shot Creator,0.77,
Shot Chart Detail,22300783,413,1630578,Alperen Sengun,1610612745,Houston Rockets,3,8,12,Missed Shot,Jump Shot,2PT Field Goal,Mid-Range,Center(C),16-24 ft.,19,-44,193,1,0,20240214,MEM,HOU,22300783413,16680,0,1628415|1630224|1630578|1631095|1641708,0,REG,2024,1630583,-9.0,PF,Helper,-0.3,MISS Sengun 20' Jump Shot,C,Shot Creator,0.77,
Shot Chart Detail,22300783,564,1630578,Alperen Sengun,1610612745,Houston Rockets,4,11,34,Made Shot,Driving Hook Shot,2PT Field Goal,In The Paint (Non-RA),Center(C),Less Than 8 ft.,5,-26,50,1,1,20240214,MEM,HOU,22300783564,21860,0,201145|1628988|1630207|1630578|1641708,0,REG,2024,1628991,-2.0,C,Mobile Big,0.93,Sengun 6' Driving Hook Shot (15 PTS),C,Shot Creator,0.77,
Shot Chart Detail,22300783,567,1630578,Alperen Sengun,1610612745,Houston Rockets,4,11,0,Made Shot,Turnaround Hook Shot,2PT Field Goal,In The Paint (Non-RA),Center(C),Less Than 8 ft.,4,-2,47,1,1,20240214,MEM,HOU,22300783567,22200,0,201145|1628988|1630207|1630578|1641708,0,REG,2024,1628991,0.0,C,Mobile Big,0.93,Sengun 5' Turnaround Hook Shot (17 PTS),C,Shot Creator,0.77,
Shot Chart Detail,22300783,604,1630578,Alperen Sengun,1610612745,Houston Rockets,4,7,48,Missed Shot,Turnaround Hook Shot,2PT Field Goal,In The Paint (Non-RA),Center(C),Less Than 8 ft.,6,9,64,1,0,20240214,MEM,HOU,22300783604,24120,0,1628988|1630207|1630578|1631095|1641708,0,REG,2024,1628991,0.0,C,Mobile Big,0.93,MISS Sengun 6' Turnaround Hook Shot,C,Shot Creator,0.77,
Shot Chart Detail,22300783,657,1630578,Alperen Sengun,1610612745,Houston Rockets,4,3,5,Made Shot,Running Finger Roll Layup Shot,2PT Field Goal,Restricted Area,Center(C),Less Than 8 ft.,2,-23,13,1,1,20240214,MEM,HOU,22300783657,26950,0,1628415|1628988|1630578|1631095|1641708,1,REG,2024,1628379|1631246,-8.0,,,,,C,Shot Creator,0.77,1631095.0
Shot Chart Detail,22300798,36,1630578,Alperen Sengun,1610612745,Houston Rockets,1,9,52,Missed Shot,Driving Hook Shot,2PT Field Goal,Restricted Area,Center(C),Less Than 8 ft.,2,-5,26,1,0,20240222,NOP,HOU,2230079836,1280,0,1627832|1628415|1630224|1630578|1631095,0,REG,2024,202685,-1.0,C,Mobile Big,0.63,MISS Sengun 3' Driving Hook Shot,C,Shot Creator,0.77,
Shot Chart Detail,22300798,44,1630578,Alperen Sengun,1610612745,Houston Rockets,1,9,2,Made Shot,Jump Shot,3PT Field Goal,Above the Break 3,Center(C),24+ ft.,25,11,253,1,1,20240222,NOP,HOU,2230079844,1780,0,1627832|1628415|1630224|1630578|1631095,1,REG,2024,202685,3.0,C,Mobile Big,0.63,Sengun 25' 3PT Jump Shot (3 PTS) (Brooks 1 AST),C,Shot Creator,0.77,1628415.0
Shot Chart Detail,22300798,76,1630578,Alperen Sengun,1610612745,Houston Rockets,1,6,37,Made Shot,Cutting Layup Shot,2PT Field Goal,Restricted Area,Center(C),Less Than 8 ft.,2,-22,1,1,1,20240222,NOP,HOU,2230079876,3230,0,1627832|1628415|1630224|1630578|1631095,1,REG,2024,203468|202685,1.0,,,,,C,Shot Creator,0.77,1627832.0
Shot Chart Detail,22300798,89,1630578,Alperen Sengun,1610612745,Houston Rockets,1,5,27,Missed Shot,Driving Layup Shot,2PT Field Goal,Restricted Area,Center(C),Less Than 8 ft.,2,-26,2,1,0,20240222,NOP,HOU,2230079889,3930,0,1628415|1630224|1630578|1631095|1641708,0,REG,2024,202685,-1.0,C,Mobile Big,0.63,MISS Sengun 3' Driving Layup,C,Shot Creator,0.77,
Shot Chart Detail,22300798,253,1630578,Alperen Sengun,1610612745,Houston Rockets,2,7,0,Made Shot,Driving Layup Shot,2PT Field Goal,Restricted Area,Center(C),Less Than 8 ft.,1,9,6,1,1,20240222,NOP,HOU,22300798253,10200,0,1630224|1630578|1631095|1641708|1641715,0,REG,2024,202685,-1.0,C,Mobile Big,0.63,Sengun 1' Driving Layup (7 PTS),C,Shot Creator,0.77,
Shot Chart Detail,22300798,299,1630578,Alperen Sengun,1610612745,Houston Rockets,2,3,24,Made Shot,Jump Shot,2PT Field Goal,In The Paint (Non-RA),Center(C),8-16 ft.,12,-5,120,1,1,20240222,NOP,HOU,22300798299,12360,0,1627832|1628415|1630224|1630578|1631095,1,REG,2024,1630530,-8.0,SF,Helper,0.02,Sengun 12' Jump Shot (9 PTS) (Brooks 2 AST),C,Shot Creator,0.77,1628415.0
Shot Chart Detail,22300798,372,1630578,Alperen Sengun,1610612745,Houston Rockets,3,9,50,Missed Shot,Layup Shot,2PT Field Goal,In The Paint (Non-RA),Center(C),Less Than 8 ft.,4,47,-10,1,0,20240222,NOP,HOU,22300798372,15700,0,1627832|1628415|1630224|1630578|1631095,0,REG,2024,202685,-20.0,C,Mobile Big,0.63,MISS Sengun 5' Layup,C,Shot Creator,0.77,
Shot Chart Detail,22300798,387,1630578,Alperen Sengun,1610612745,Houston Rockets,3,9,3,Made Shot,Running Layup Shot,2PT Field Goal,Restricted Area,Center(C),Less Than 8 ft.,2,-4,20,1,1,20240222,NOP,HOU,22300798387,16170,0,1627832|1628415|1630224|1630578|1631095,1,REG,2024,203468|1630529,-17.0,,,,,C,Shot Creator,0.77,1627832.0
Shot Chart Detail,22300798,456,1630578,Alperen Sengun,1610612745,Houston Rockets,3,4,14,Made Shot,Driving Layup Shot,2PT Field Goal,Restricted Area,Center(C),Less Than 8 ft.,1,15,4,1,1,20240222,NOP,HOU,22300798456,19060,0,1627832|1630578|1631095|1641708|1641715,1,REG,2024,203468,-25.0,PG,Chaser,-0.32,Sengun 2' Driving Layup (16 PTS) (Smith Jr. 1 AST),C,Shot Creator,0.77,1631095.0
Shot Chart Detail,22300806,23,1630578,Alperen Sengun,1610612745,Houston Rockets,1,10,31,Missed Shot,Driving Layup Shot,2PT Field Goal,In The Paint (Non-RA),Center(C),Less Than 8 ft.,5,34,41,1,0,20240223,HOU,PHX,2230080623,890,0,1627832|1628415|1630224|1630578|1631095,0,REG,2024,1628960,-4.0,SG,Chaser,-0.22,MISS Sengun 5' Driving Layup,C,Shot Creator,0.77,
Shot Chart Detail,22300806,211,1630578,Alperen Sengun,1610612745,Houston Rockets,2,9,2,Made Shot,Driving Reverse Layup Shot,2PT Field Goal,Restricted Area,Center(C),Less Than 8 ft.,1,1,11,1,1,20240223,HOU,PHX,22300806211,8980,0,1628988|1630578|1631095|1641708|1641715,1,REG,2024,201152,-4.0,PF,Mobile Big,-0.26,Sengun 1' Driving Reverse Layup (2 PTS) (Whitmore 1 AST),C,Shot Creator,0.77,1641715.0
Shot Chart Detail,22300806,316,1630578,Alperen Sengun,1610612745,Houston Rockets,2,1,55,Made Shot,Cutting Layup Shot,2PT Field Goal,Restricted Area,Center(C),Less Than 8 ft.,2,-10,18,1,1,20240223,HOU,PHX,22300806316,13250,0,1627832|1630224|1630578|1631095|1641708,1,REG,2024,1629234|201569,3.0,,,,,C,Shot Creator,0.77,1630224.0
Shot Chart Detail,22300806,353,1630578,Alperen Sengun,1610612745,Houston Rockets,3,11,35,Missed Shot,Layup Shot,2PT Field Goal,Restricted Area,Center(C),Less Than 8 ft.,3,-20,29,1,0,20240223,HOU,PHX,22300806353,14650,0,1627832|1628415|1630224|1630578|1631095,0,REG,2024,1629234|1628960,5.0,,,,,C,Shot Creator,0.77,
Shot Chart Detail,22300806,362,1630578,Alperen Sengun,1610612745,Houston Rockets,3,11,4,Made Shot,Layup Shot,2PT Field Goal,Restricted Area,Center(C),Less Than 8 ft.,1,9,6,1,1,20240223,HOU,PHX,22300806362,14960,0,1627832|1628415|1630224|1630578|1631095,1,REG,2024,201142,5.0,PF,Wing Stopper,-0.13,Sengun 1' Layup (6 PTS) (Smith Jr. 1 AST),C,Shot Creator,0.77,1631095.0
Shot Chart Detail,22300806,371,1630578,Alperen Sengun,1610612745,Houston Rockets,3,10,32,Made Shot,Turnaround Jump Shot,2PT Field Goal,In The Paint (Non-RA),Center(C),8-16 ft.,9,2,93,1,1,20240223,HOU,PHX,22300806371,15280,0,1627832|1630224|1630578|1631095|1641708,0,REG,2024,1629234,6.0,C,Mobile Big,0.71,Sengun 9' Turnaround Jump Shot (8 PTS),C,Shot Creator,0.77,
Shot Chart Detail,22300806,416,1630578,Alperen Sengun,1610612745,Houston Rockets,3,6,28,Missed Shot,Driving Finger Roll Layup Shot,2PT Field Goal,In The Paint (Non-RA),Center(C),Less Than 8 ft.,4,9,46,1,0,20240223,HOU,PHX,22300806416,17720,0,1627832|1630224|1630578|1631095|1641708,0,REG,2024,1629234|1628960,8.0,,,,,C,Shot Creator,0.77,
Shot Chart Detail,22300806,431,1630578,Alperen Sengun,1610612745,Houston Rockets,3,5,18,Missed Shot,Jump Shot,3PT Field Goal,Above the Break 3,Center(C),24+ ft.,27,-20,273,1,0,20240223,HOU,PHX,22300806431,18420,0,1627832|1630224|1630578|1631095|1641708,0,REG,2024,1629234,10.0,C,Mobile Big,0.71,MISS Sengun 27' 3PT Jump Shot,C,Shot Creator,0.77,
Shot Chart Detail,22300806,592,1630578,Alperen Sengun,1610612745,Houston Rockets,4,7,3,Made Shot,Putback Layup Shot,2PT Field Goal,Restricted Area,Center(C),Less Than 8 ft.,2,12,19,1,1,20240223,HOU,PHX,22300806592,24570,0,1627832|1628415|1630578|1631095|1641715,0,REG,2024,1628960,3.0,SG,Chaser,-0.22,Sengun 2' Putback Layup (10 PTS),C,Shot Creator,0.77,
Shot Chart Detail,22300806,622,1630578,Alperen Sengun,1610612745,Houston Rockets,4,4,59,Missed Shot,Driving Layup Shot,2PT Field Goal,Restricted Area,Center(C),Less Than 8 ft.,2,-16,16,1,0,20240223,HOU,PHX,22300806622,25810,0,1627832|1628415|1630578|1631095|1641708,0,REG,2024,1629234,-2.0,C,Mobile Big,0.71,MISS Sengun 2' Driving Layup,C,Shot Creator,0.77,
Shot Chart Detail,22300806,641,1630578,Alperen Sengun,1610612745,Houston Rockets,4,3,15,Missed Shot,Driving Layup Shot,2PT Field Goal,Restricted Area,Center(C),Less Than 8 ft.,2,17,24,1,0,20240223,HOU,PHX,22300806641,26850,0,1627832|1628415|1630578|1631095|1641708,0,REG,2024,201142|1626220,3.0,,,,,C,Shot Creator,0.77,
Shot Chart Detail,22300806,644,1630578,Alperen Sengun,1610612745,Houston Rockets,4,3,14,Made Shot,Putback Layup Shot,2PT Field Goal,Restricted Area,Center(C),Less Than 8 ft.,3,25,27,1,1,20240223,HOU,PHX,22300806644,26860,0,1627832|1628415|1630578|1631095|1641708,0,REG,2024,201142|1626220,5.0,,,,,C,Shot Creator,0.77,
Shot Chart Detail,22300806,647,1630578,Alperen Sengun,1610612745,Houston Rockets,4,2,39,Missed Shot,Layup Shot,2PT Field Goal,Restricted Area,Center(C),Less Than 8 ft.,2,-15,22,1,0,20240223,HOU,PHX,22300806647,27210,0,1627832|1628415|1630578|1631095|1641708,0,REG,2024,1626220,5.0,SF,Helper,0.51,MISS Sengun 3' Layup,C,Shot Creator,0.77,
Shot Chart Detail,22300806,710,1630578,Alperen Sengun,1610612745,Houston Rockets,4,0,16,Missed Shot,Putback Layup Shot,2PT Field Goal,Restricted Area,Center(C),Less Than 8 ft.,0,0,0,1,0,20240223,HOU,PHX,22300806710,28640,0,201145|1627832|1630578|1631095|1641708,0,REG,2024,,,,,,,C,Shot Creator,0.77,
Shot Chart Detail,22300806,712,1630578,Alperen Sengun,1610612745,Houston Rockets,4,0,13,Missed Shot,Layup Shot,2PT Field Goal,Restricted Area,Center(C),Less Than 8 ft.,1,11,11,1,0,20240223,HOU,PHX,22300806712,28670,0,201145|1627832|1630578|1631095|1641708,0,REG,2024,201569|201142,2.0,,,,,C,Shot Creator,0.77,
Shot Chart Detail,22300822,15,1630578,Alperen Sengun,1610612745,Houston Rockets,1,10,57,Missed Shot,Floating Jump shot,2PT Field Goal,Mid-Range,Left Side(L),8-16 ft.,9,-91,7,1,0,20240225,HOU,OKC,2230082215,630,0,1627832|1628415|1630224|1630578|1631095,0,REG,2024,1631096,0.0,C,Anchor Big,2.06,MISS Sengun 9' Floating Jump Shot,C,Shot Creator,0.77,
Shot Chart Detail,22300822,31,1630578,Alperen Sengun,1610612745,Houston Rockets,1,9,38,Made Shot,Jump Shot,3PT Field Goal,Above the Break 3,Left Side Center(LC),24+ ft.,26,-88,248,1,1,20240225,HOU,OKC,2230082231,1420,0,1627832|1628415|1630224|1630578|1631095,1,REG,2024,1631096,0.0,C,Anchor Big,2.06,Sengun 26' 3PT Jump Shot (3 PTS) (Ja. Green 1 AST),C,Shot Creator,0.77,1630224.0
Shot Chart Detail,22300822,45,1630578,Alperen Sengun,1610612745,Houston Rockets,1,8,28,Missed Shot,Jump Shot,3PT Field Goal,Above the Break 3,Left Side Center(LC),24+ ft.,25,-97,239,1,0,20240225,HOU,OKC,2230082245,2120,0,1627832|1628415|1630224|1630578|1631095,0,REG,2024,1631096,-1.0,C,Anchor Big,2.06,MISS Sengun 26' 3PT Jump Shot,C,Shot Creator,0.77,
Shot Chart Detail,22300822,52,1630578,Alperen Sengun,1610612745,Houston Rockets,1,7,51,Made Shot,Turnaround Fadeaway shot,2PT Field Goal,In The Paint (Non-RA),Center(C),8-16 ft.,11,-50,106,1,1,20240225,HOU,OKC,2230082252,2490,0,1627832|1628415|1630224|1630578|1631095,0,REG,2024,1631096,1.0,C,Anchor Big,2.06,Sengun 12' Turnaround Fadeaway (5 PTS),C,Shot Creator,0.77,
Shot Chart Detail,22300822,55,1630578,Alperen Sengun,1610612745,Houston Rockets,1,7,16,Missed Shot,Turnaround Fadeaway shot,2PT Field Goal,Mid-Range,Right Side(R),8-16 ft.,8,83,29,1,0,20240225,HOU,OKC,2230082255,2840,0,1627832|1628415|1630224|1630578|1631095,0,REG,2024,1631096,-2.0,C,Anchor Big,2.06,MISS Sengun 9' Turnaround Fadeaway Shot,C,Shot Creator,0.77,
Shot Chart Detail,22300822,87,1630578,Alperen Sengun,1610612745,Houston Rockets,1,4,47,Missed Shot,Turnaround Hook Shot,2PT Field Goal,In The Paint (Non-RA),Left Side(L),8-16 ft.,8,-56,69,1,0,20240225,HOU,OKC,2230082287,4330,0,1627832|1628415|1630224|1630578|1631095,0,REG,2024,1631119,1.0,C,Anchor Big,0.93,MISS Sengun 9' Turnaround Hook Shot,C,Shot Creator,0.77,
Shot Chart Detail,22300822,308,1630578,Alperen Sengun,1610612745,Houston Rockets,2,2,23,Missed Shot,Hook Shot,2PT Field Goal,In The Paint (Non-RA),Center(C),Less Than 8 ft.,5,-18,52,1,0,20240225,HOU,OKC,22300822308,12970,0,1627832|1628415|1630224|1630578|1631095,0,REG,2024,1631096,8.0,C,Anchor Big,2.06,MISS Sengun 6' Hook Shot,C,Shot Creator,0.77,
Shot Chart Detail,22300822,423,1630578,Alperen Sengun,1610612745,Houston Rockets,3,6,39,Missed Shot,Jump Shot,3PT Field Goal,Above the Break 3,Left Side Center(LC),24+ ft.,24,-135,209,1,0,20240225,HOU,OKC,22300822423,17610,0,1627832|1628415|1630224|1630578|1631095,0,REG,2024,1631119,6.0,C,Anchor Big,0.93,MISS Sengun 25' 3PT Jump Shot,C,Shot Creator,0.77,
Shot Chart Detail,22300822,584,1630578,Alperen Sengun,1610612745,Houston Rockets,4,8,34,Made Shot,Turnaround Hook Shot,2PT Field Goal,In The Paint (Non-RA),Center(C),Less Than 8 ft.,6,7,62,1,1,20240225,HOU,OKC,22300822584,23660,0,1627832|1628415|1630224|1630578|1631095,1,REG,2024,1631096,-12.0,C,Anchor Big,2.06,Sengun 6' Turnaround Hook Shot (8 PTS) (Ja. Green 3 AST),C,Shot Creator,0.77,1630224.0
Shot Chart Detail,22300822,676,1630578,Alperen Sengun,1610612745,Houston Rockets,4,2,34,Made Shot,Cutting Dunk Shot,2PT Field Goal,Restricted Area,Center(C),Less Than 8 ft.,2,13,21,1,1,20240225,HOU,OKC,22300822676,27260,0,1627832|1628415|1630224|1630578|1631095,1,REG,2024,1631096,-11.0,C,Anchor Big,2.06,Sengun 2' Cutting Dunk Shot (14 PTS) (Ja. Green 4 AST),C,Shot Creator,0.77,1630224.0
Shot Chart Detail,22300822,682,1630578,Alperen Sengun,1610612745,Houston Rockets,4,1,58,Made Shot,Tip Layup Shot,2PT Field Goal,Restricted Area,Center(C),Less Than 8 ft.,0,0,0,1,1,20240225,HOU,OKC,22300822682,27620,0,1627832|1628415|1630224|1630578|1631095,0,REG,2024,1630581,-12.0,SG,Low Activity,-0.17,Sengun Tip Layup Shot (16 PTS),C,Shot Creator,0.77,
Shot Chart Detail,22300822,685,1630578,Alperen Sengun,1610612745,Houston Rockets,4,1,28,Made Shot,Driving Finger Roll Layup Shot,2PT Field Goal,Restricted Area,Center(C),Less Than 8 ft.,2,25,6,1,1,20240225,HOU,OKC,22300822685,27920,0,1628988|1629111|1630578|1641708|1641715,0,REG,2024,1631096,-13.0,C,Anchor Big,2.06,Sengun 3' Driving Finger Roll Layup (18 PTS),C,Shot Creator,0.77,
Shot Chart Detail,22300841,41,1630578,Alperen Sengun,1610612745,Houston Rockets,1,9,20,Made Shot,Putback Layup Shot,2PT Field Goal,Restricted Area,Center(C),Less Than 8 ft.,0,6,-7,1,1,20240227,OKC,HOU,2230084141,1600,0,1627832|1628415|1630224|1630578|1631095,0,REG,2024,1631114,-2.0,PF,Wing Stopper,0.06,Sengun 1' Putback Layup (3 PTS),C,Shot Creator,0.77,
Shot Chart Detail,22300841,47,1630578,Alperen Sengun,1610612745,Houston Rockets,1,9,0,Made Shot,Floating Jump shot,2PT Field Goal,In The Paint (Non-RA),Center(C),Less Than 8 ft.,5,-55,-1,1,1,20240227,OKC,HOU,2230084147,1800,0,1627832|1628415|1630224|1630578|1631095,1,REG,2024,1631096,-1.0,C,Anchor Big,2.06,Sengun 6' Floating Jump Shot (5 PTS) (Ja. Green 1 AST),C,Shot Creator,0.77,1630224.0
Shot Chart Detail,22300841,62,1630578,Alperen Sengun,1610612745,Houston Rockets,1,7,56,Missed Shot,Turnaround Hook Shot,2PT Field Goal,In The Paint (Non-RA),Center(C),Less Than 8 ft.,4,0,43,1,0,20240227,OKC,HOU,2230084162,2440,0,1627832|1628415|1630224|1630578|1631095,0,REG,2024,1631096,-3.0,C,Anchor Big,2.06,MISS Sengun 4' Turnaround Hook Shot,C,Shot Creator,0.77,
Shot Chart Detail,22300841,65,1630578,Alperen Sengun,1610612745,Houston Rockets,1,7,51,Made Shot,Jump Shot,2PT Field Goal,Mid-Range,Left Side(L),16-24 ft.,16,-162,-13,1,1,20240227,OKC,HOU,2230084165,2490,0,1627832|1628415|1630224|1630578|1631095,0,REG,2024,1631096,-1.0,C,Anchor Big,2.06,Sengun 16' Jump Shot (7 PTS),C,Shot Creator,0.77,
Shot Chart Detail,22300841,258,1630578,Alperen Sengun,1610612745,Houston Rockets,2,6,10,Missed Shot,Cutting Layup Shot,2PT Field Goal,Restricted Area,Center(C),Less Than 8 ft.,2,-29,5,1,0,20240227,OKC,HOU,22300841258,10700,0,201145|1627832|1628415|1628988|1630578,0,REG,2024,1631096,3.0,C,Anchor Big,2.06,MISS Sengun 3' Cutting Layup Shot,C,Shot Creator,0.77,
Shot Chart Detail,22300841,268,1630578,Alperen Sengun,1610612745,Houston Rockets,2,5,9,Made Shot,Floating Jump shot,2PT Field Goal,In The Paint (Non-RA),Center(C),Less Than 8 ft.,6,-62,19,1,1,20240227,OKC,HOU,22300841268,11310,0,201145|1627832|1628415|1628988|1630578,1,REG,2024,1630198,3.0,SG,Low Activity,-0.56,Sengun 6' Floating Jump Shot (10 PTS) (VanVleet 3 AST),C,Shot Creator,0.77,1627832.0
Shot Chart Detail,22300841,304,1630578,Alperen Sengun,1610612745,Houston Rockets,2,2,48,Missed Shot,Jump Shot,3PT Field Goal,Above the Break 3,Center(C),24+ ft.,25,4,255,1,0,20240227,OKC,HOU,22300841304,12720,0,1627832|1628415|1630224|1630578|1631095,0,REG,2024,1631119,0.0,C,Anchor Big,0.93,MISS Sengun 26' 3PT Jump Shot,C,Shot Creator,0.77,
Shot Chart Detail,22300841,398,1630578,Alperen Sengun,1610612745,Houston Rockets,3,10,11,Missed Shot,Turnaround Fadeaway shot,2PT Field Goal,In The Paint (Non-RA),Center(C),8-16 ft.,10,-29,104,1,0,20240227,OKC,HOU,22300841398,15490,0,1627832|1628415|1630224|1630578|1631095,0,REG,2024,1631096,-12.0,C,Anchor Big,2.06,MISS Sengun 11' Turnaround Fadeaway Shot,C,Shot Creator,0.77,
Shot Chart Detail,22300841,424,1630578,Alperen Sengun,1610612745,Houston Rockets,3,7,46,Made Shot,Layup Shot,2PT Field Goal,Restricted Area,Center(C),Less Than 8 ft.,1,13,5,1,1,20240227,OKC,HOU,22300841424,16940,0,1627832|1628415|1630224|1630578|1631095,1,REG,2024,1631096,-7.0,C,Anchor Big,2.06,Sengun 1' Layup (14 PTS) (Brooks 1 AST),C,Shot Creator,0.77,1628415.0
Shot Chart Detail,22300841,429,1630578,Alperen Sengun,1610612745,Houston Rockets,3,7,8,Made Shot,Cutting Dunk Shot,2PT Field Goal,Restricted Area,Center(C),Less Than 8 ft.,0,2,8,1,1,20240227,OKC,HOU,22300841429,17320,0,1627832|1628415|1630224|1630578|1631095,1,REG,2024,1629652|1628983|1631096,-5.0,,,,,C,Shot Creator,0.77,1627832.0
Shot Chart Detail,22300841,604,1630578,Alperen Sengun,1610612745,Houston Rockets,4,7,14,Made Shot,Floating Jump shot,2PT Field Goal,In The Paint (Non-RA),Center(C),8-16 ft.,12,-59,109,1,1,20240227,OKC,HOU,22300841604,24460,0,1627832|1628415|1630224|1630578|1631095,1,REG,2024,1631096,-15.0,C,Anchor Big,2.06,Sengun 12' Floating Jump Shot (19 PTS) (VanVleet 5 AST),C,Shot Creator,0.77,1627832.0
Shot Chart Detail,22300841,612,1630578,Alperen Sengun,1610612745,Houston Rockets,4,6,18,Missed Shot,Floating Jump shot,2PT Field Goal,In The Paint (Non-RA),Right Side(R),8-16 ft.,9,67,62,1,0,20240227,OKC,HOU,22300841612,25020,0,1627832|1628415|1630224|1630578|1631095,0,REG,2024,1631096,-17.0,C,Anchor Big,2.06,MISS Sengun 9' Floating Jump Shot,C,Shot Creator,0.77,
Shot Chart Detail,22300841,627,1630578,Alperen Sengun,1610612745,Houston Rockets,4,5,24,Made Shot,Turnaround Jump Shot,2PT Field Goal,Restricted Area,Center(C),Less Than 8 ft.,2,22,15,1,1,20240227,OKC,HOU,22300841627,25560,0,1627832|1628415|1630224|1630578|1631095,0,REG,2024,1631114,-15.0,PF,Wing Stopper,0.06,Sengun 3' Turnaround Jump Shot (23 PTS),C,Shot Creator,0.77,
Shot Chart Detail,22300854,50,1630578,Alperen Sengun,1610612745,Houston Rockets,1,7,8,Missed Shot,Jump Shot,2PT Field Goal,Mid-Range,Left Side(L),16-24 ft.,18,-189,15,1,0,20240229,PHX,HOU,2230085450,2920,0,1627832|1628415|1630224|1630578|1631095,0,REG,2024,203994,-2.0,C,Mobile Big,2.29,MISS Sengun 19' Jump Shot,C,Shot Creator,0.77,
Shot Chart Detail,22300854,74,1630578,Alperen Sengun,1610612745,Houston Rockets,1,5,40,Missed Shot,Driving Layup Shot,2PT Field Goal,Restricted Area,Center(C),Less Than 8 ft.,0,-4,2,1,0,20240229,PHX,HOU,2230085474,3800,0,1627832|1628415|1630224|1630578|1631095,0,REG,2024,203994,-4.0,C,Mobile Big,2.29,MISS Sengun Driving Layup,C,Shot Creator,0.77,
Shot Chart Detail,22300854,95,1630578,Alperen Sengun,1610612745,Houston Rockets,1,3,35,Missed Shot,Jump Shot,3PT Field Goal,Above the Break 3,Center(C),24+ ft.,28,-66,273,1,0,20240229,PHX,HOU,2230085495,5050,0,1627832|1628415|1630224|1630578|1641708,0,REG,2024,203994,-12.0,C,Mobile Big,2.29,MISS Sengun 28' 3PT Jump Shot,C,Shot Creator,0.77,
Shot Chart Detail,22300854,234,1630578,Alperen Sengun,1610612745,Houston Rockets,2,5,43,Made Shot,Turnaround Hook Shot,2PT Field Goal,In The Paint (Non-RA),Center(C),Less Than 8 ft.,5,2,54,1,1,20240229,PHX,HOU,22300854234,10970,0,1627832|1628415|1630224|1630578|1641715,1,REG,2024,203994,-11.0,C,Mobile Big,2.29,Sengun 5' Turnaround Hook Shot (4 PTS) (VanVleet 3 AST),C,Shot Creator,0.77,1627832.0
Shot Chart Detail,22300854,255,1630578,Alperen Sengun,1610612745,Houston Rockets,2,4,47,Missed Shot,Floating Jump shot,2PT Field Goal,In The Paint (Non-RA),Center(C),8-16 ft.,13,-6,136,1,0,20240229,PHX,HOU,22300854255,11530,0,1627832|1628415|1630224|1630578|1631095,0,REG,2024,203994|1630240,-14.0,,,,,C,Shot Creator,0.77,
Shot Chart Detail,22300854,349,1630578,Alperen Sengun,1610612745,Houston Rockets,3,11,38,Made Shot,Turnaround Fadeaway shot,2PT Field Goal,In The Paint (Non-RA),Center(C),8-16 ft.,10,44,94,1,1,20240229,PHX,HOU,22300854349,14620,0,1627832|1628415|1630224|1630578|1631095,0,REG,2024,203994,-9.0,C,Mobile Big,2.29,Sengun 10' Turnaround Fadeaway (6 PTS),C,Shot Creator,0.77,
Shot Chart Detail,22300854,360,1630578,Alperen Sengun,1610612745,Houston Rockets,3,10,33,Made Shot,Jump Shot,2PT Field Goal,Mid-Range,Left Side(L),8-16 ft.,13,-131,-26,1,1,20240229,PHX,HOU,22300854360,15270,0,1627832|1628415|1630224|1630578|1631095,0,REG,2024,203994,-11.0,C,Mobile Big,2.29,Sengun 13' Jump Shot (8 PTS),C,Shot Creator,0.77,
Shot Chart Detail,22300870,16,1630578,Alperen Sengun,1610612745,Houston Rockets,1,10,47,Missed Shot,Pullup Jump shot,2PT Field Goal,Mid-Range,Center(C),8-16 ft.,15,-5,157,1,0,20240302,PHX,HOU,2230087016,730,0,1627832|1628415|1630224|1630578|1631095,0,REG,2024,203994,0.0,C,Mobile Big,2.29,MISS Sengun 16' Pullup Jump Shot,C,Shot Creator,0.77,
Shot Chart Detail,22300870,28,1630578,Alperen Sengun,1610612745,Houston Rockets,1,9,36,Made Shot,Floating Jump shot,2PT Field Goal,In The Paint (Non-RA),Left Side(L),8-16 ft.,8,-59,58,1,1,20240302,PHX,HOU,2230087028,1440,0,1627832|1628415|1630224|1630578|1631095,1,REG,2024,203078,2.0,SG,Chaser,-0.45,Sengun 8' Floating Jump Shot (4 PTS) (Brooks 1 AST),C,Shot Creator,0.77,1628415.0
Shot Chart Detail,22300870,46,1630578,Alperen Sengun,1610612745,Houston Rockets,1,8,4,Missed Shot,Jump Shot,3PT Field Goal,Above the Break 3,Center(C),24+ ft.,27,-4,275,1,0,20240302,PHX,HOU,2230087046,2360,0,1627832|1628415|1630224|1630578|1631095,0,REG,2024,203994,4.0,C,Mobile Big,2.29,MISS Sengun 28' 3PT Jump Shot,C,Shot Creator,0.77,
Shot Chart Detail,22300870,70,1630578,Alperen Sengun,1610612745,Houston Rockets,1,5,50,Made Shot,Jump Shot,2PT Field Goal,Mid-Range,Center(C),8-16 ft.,15,36,155,1,1,20240302,PHX,HOU,2230087070,3700,0,1627832|1628415|1630224|1630578|1631095,1,REG,2024,203994,6.0,C,Mobile Big,2.29,Sengun 16' Jump Shot (6 PTS) (VanVleet 1 AST),C,Shot Creator,0.77,1627832.0
Shot Chart Detail,22300870,95,1630578,Alperen Sengun,1610612745,Houston Rockets,1,3,51,Made Shot,Floating Jump shot,2PT Field Goal,In The Paint (Non-RA),Center(C),8-16 ft.,12,21,123,1,1,20240302,PHX,HOU,2230087095,4890,0,1627832|1628415|1630224|1630578|1641708,1,REG,2024,203994,14.0,C,Mobile Big,2.29,Sengun 12' Floating Jump Shot (8 PTS) (Thompson 1 AST),C,Shot Creator,0.77,1641708.0
Shot Chart Detail,22300870,259,1630578,Alperen Sengun,1610612745,Houston Rockets,2,5,55,Missed Shot,Step Back Jump shot,2PT Field Goal,In The Paint (Non-RA),Center(C),8-16 ft.,12,-50,115,1,0,20240302,PHX,HOU,22300870259,10850,0,1627832|1628415|1630224|1630578|1631095,0,REG,2024,201142,13.0,PF,Wing Stopper,-0.13,MISS Sengun 13' Step Back Jump Shot,C,Shot Creator,0.77,
Shot Chart Detail,22300870,263,1630578,Alperen Sengun,1610612745,Houston Rockets,2,5,18,Missed Shot,Jump Shot,3PT Field Goal,Above the Break 3,Center(C),24+ ft.,30,-56,295,1,0,20240302,PHX,HOU,22300870263,11220,0,1627832|1628415|1630224|1630578|1631095,0,REG,2024,1626220,11.0,SF,Helper,0.51,MISS Sengun 30' 3PT Jump Shot,C,Shot Creator,0.77,
Shot Chart Detail,22300870,287,1630578,Alperen Sengun,1610612745,Houston Rockets,2,3,54,Missed Shot,Floating Jump shot,2PT Field Goal,In The Paint (Non-RA),Center(C),Less Than 8 ft.,5,5,53,1,0,20240302,PHX,HOU,22300870287,12060,0,1627832|1628415|1630224|1630578|1631095,0,REG,2024,1629626|203994,4.0,,,,,C,Shot Creator,0.77,
Shot Chart Detail,22300870,304,1630578,Alperen Sengun,1610612745,Houston Rockets,2,2,52,Made Shot,Dunk Shot,2PT Field Goal,Restricted Area,Center(C),Less Than 8 ft.,1,-5,17,1,1,20240302,PHX,HOU,22300870304,12680,0,1627832|1628415|1630224|1630578|1631095,1,REG,2024,201142,6.0,PF,Wing Stopper,-0.13,Sengun 2' Dunk (10 PTS) (Smith Jr. 1 AST),C,Shot Creator,0.77,1631095.0
Shot Chart Detail,22300870,319,1630578,Alperen Sengun,1610612745,Houston Rockets,2,1,46,Made Shot,Putback Layup Shot,2PT Field Goal,Restricted Area,Center(C),Less Than 8 ft.,0,0,-4,1,1,20240302,PHX,HOU,22300870319,13340,0,1627832|1628415|1630224|1630578|1631095,0,REG,2024,1628960|1626220,8.0,,,,,C,Shot Creator,0.77,
Shot Chart Detail,22300870,365,1630578,Alperen Sengun,1610612745,Houston Rockets,3,11,40,Missed Shot,Hook Shot,2PT Field Goal,Restricted Area,Center(C),Less Than 8 ft.,0,-1,3,1,0,20240302,PHX,HOU,22300870365,14600,0,1627832|1628415|1630224|1630578|1631095,0,REG,2024,1629234,10.0,C,Mobile Big,0.71,MISS Sengun Hook Shot,C,Shot Creator,0.77,
Shot Chart Detail,22300870,375,1630578,Alperen Sengun,1610612745,Houston Rockets,3,10,16,Made Shot,Driving Layup Shot,2PT Field Goal,Restricted Area,Center(C),Less Than 8 ft.,0,1,-1,1,1,20240302,PHX,HOU,22300870375,15440,0,1627832|1628415|1630224|1630578|1631095,1,REG,2024,1629234,8.0,C,Mobile Big,0.71,Sengun Driving Layup (15 PTS) (VanVleet 3 AST),C,Shot Creator,0.77,1627832.0
Shot Chart Detail,22300870,386,1630578,Alperen Sengun,1610612745,Houston Rockets,3,8,55,Missed Shot,Hook Shot,2PT Field Goal,Restricted Area,Center(C),Less Than 8 ft.,0,1,-6,1,0,20240302,PHX,HOU,22300870386,16250,0,1627832|1628415|1630224|1630578|1631095,0,REG,2024,1629234,7.0,C,Mobile Big,0.71,MISS Sengun 1' Hook Shot,C,Shot Creator,0.77,
Shot Chart Detail,22300870,388,1630578,Alperen Sengun,1610612745,Houston Rockets,3,8,53,Made Shot,Putback Layup Shot,2PT Field Goal,Restricted Area,Center(C),Less Than 8 ft.,1,-6,13,1,1,20240302,PHX,HOU,22300870388,16270,0,1627832|1628415|1630224|1630578|1631095,0,REG,2024,203078|1629234,9.0,,,,,C,Shot Creator,0.77,
Shot Chart Detail,22300870,530,1630578,Alperen Sengun,1610612745,Houston Rockets,3,0,7,Missed Shot,Pullup Jump shot,2PT Field Goal,In The Paint (Non-RA),Center(C),8-16 ft.,9,-16,95,1,0,20240302,PHX,HOU,22300870530,21530,0,1627832|1630224|1630578|1631095|1641715,0,REG,2024,201152,11.0,PF,Mobile Big,-0.26,MISS Sengun 10' Pullup Jump Shot,C,Shot Creator,0.77,
Shot Chart Detail,22300870,643,1630578,Alperen Sengun,1610612745,Houston Rockets,4,6,55,Missed Shot,Turnaround Jump Shot,2PT Field Goal,In The Paint (Non-RA),Center(C),8-16 ft.,10,39,93,1,0,20240302,PHX,HOU,22300870643,24650,0,1627832|1628415|1630224|1630578|1631095,0,REG,2024,201142,3.0,PF,Wing Stopper,-0.13,Durant BLOCK (2 BLK),C,Shot Creator,0.77,
Shot Chart Detail,22300870,660,1630578,Alperen Sengun,1610612745,Houston Rockets,4,5,45,Missed Shot,Hook Shot,2PT Field Goal,Restricted Area,Center(C),Less Than 8 ft.,1,-16,11,1,0,20240302,PHX,HOU,22300870660,25350,0,1627832|1628415|1630224|1630578|1631095,0,REG,2024,201142|201152,4.0,,,,,C,Shot Creator,0.77,
Shot Chart Detail,22300870,664,1630578,Alperen Sengun,1610612745,Houston Rockets,4,5,16,Made Shot,Driving Layup Shot,2PT Field Goal,Restricted Area,Center(C),Less Than 8 ft.,0,5,-7,1,1,20240302,PHX,HOU,22300870664,25640,0,1627832|1628415|1630224|1630578|1631095,1,REG,2024,201142,6.0,PF,Wing Stopper,-0.13,Sengun 1' Driving Layup (19 PTS) (VanVleet 10 AST),C,Shot Creator,0.77,1627832.0
Shot Chart Detail,22300870,687,1630578,Alperen Sengun,1610612745,Houston Rockets,4,4,2,Missed Shot,Floating Jump shot,2PT Field Goal,In The Paint (Non-RA),Center(C),Less Than 8 ft.,7,-1,78,1,0,20240302,PHX,HOU,22300870687,26380,0,1627832|1628415|1630224|1630578|1631095,0,REG,2024,1629234|1628960,9.0,,,,,C,Shot Creator,0.77,
Shot Chart Detail,22300870,689,1630578,Alperen Sengun,1610612745,Houston Rockets,4,4,0,Made Shot,Tip Layup Shot,2PT Field Goal,Restricted Area,Center(C),Less Than 8 ft.,0,0,0,1,1,20240302,PHX,HOU,22300870689,26400,0,1627832|1628415|1630224|1630578|1631095,0,REG,2024,1628960|1626220,11.0,,,,,C,Shot Creator,0.77,
Shot Chart Detail,22300870,720,1630578,Alperen Sengun,1610612745,Houston Rockets,4,1,19,Missed Shot,Layup Shot,2PT Field Goal,Restricted Area,Center(C),Less Than 8 ft.,0,-2,6,1,0,20240302,PHX,HOU,22300870720,28010,0,1627832|1628415|1630224|1630578|1631095,0,REG,2024,201142,6.0,PF,Wing Stopper,-0.13,Durant BLOCK (3 BLK),C,Shot Creator,0.77,
Shot Chart Detail,22300891,9,1630578,Alperen Sengun,1610612745,Houston Rockets,1,11,15,Missed Shot,Hook Shot,2PT Field Goal,Restricted Area,Center(C),Less Than 8 ft.,2,-9,26,1,0,20240305,HOU,SAS,223008919,450,0,1627832|1628415|1630224|1630578|1631095,0,REG,2024,1641705,-2.0,C,Anchor Big,2.82,MISS Sengun 3' Hook Shot,C,Shot Creator,0.77,
Shot Chart Detail,22300891,19,1630578,Alperen Sengun,1610612745,Houston Rockets,1,9,58,Missed Shot,Jump Shot,3PT Field Goal,Above the Break 3,Right Side Center(RC),24+ ft.,26,89,253,1,0,20240305,HOU,SAS,2230089119,1220,0,1627832|1628415|1630224|1630578|1631095,0,REG,2024,1641705,-4.0,C,Anchor Big,2.82,MISS Sengun 27' 3PT Jump Shot,C,Shot Creator,0.77,
Shot Chart Detail,22300891,35,1630578,Alperen Sengun,1610612745,Houston Rockets,1,8,4,Made Shot,Driving Layup Shot,2PT Field Goal,Restricted Area,Center(C),Less Than 8 ft.,2,-21,8,1,1,20240305,HOU,SAS,2230089135,2360,0,1627832|1628415|1630224|1630578|1631095,0,REG,2024,1630577|1641705,-1.0,,,,,C,Shot Creator,0.77,
Shot Chart Detail,22300891,67,1630578,Alperen Sengun,1610612745,Houston Rockets,1,5,19,Made Shot,Cutting Layup Shot,2PT Field Goal,Restricted Area,Center(C),Less Than 8 ft.,2,20,21,1,1,20240305,HOU,SAS,2230089167,4010,0,1627832|1628415|1630224|1630578|1641708,1,REG,2024,1628380,2.0,C,Anchor Big,-0.04,Sengun 3' Cutting Layup Shot (5 PTS) (Ja. Green 1 AST),C,Shot Creator,0.77,1630224.0
Shot Chart Detail,22300891,71,1630578,Alperen Sengun,1610612745,Houston Rockets,1,4,55,Made Shot,Hook Bank Shot,2PT Field Goal,In The Paint (Non-RA),Center(C),Less Than 8 ft.,7,9,78,1,1,20240305,HOU,SAS,2230089171,4250,0,1627832|1628415|1630224|1630578|1641708,1,REG,2024,1629640|1628380,2.0,,,,,C,Shot Creator,0.77,1630224.0
Shot Chart Detail,22300891,202,1630578,Alperen Sengun,1610612745,Houston Rockets,2,9,1,Made Shot,Floating Jump shot,2PT Field Goal,In The Paint (Non-RA),Center(C),8-16 ft.,11,50,108,1,1,20240305,HOU,SAS,22300891202,8990,0,201145|1627832|1628415|1630224|1630578,1,REG,2024,1641705,-1.0,C,Anchor Big,2.82,Sengun 12' Floating Jump Shot (9 PTS) (Je. Green 1 AST),C,Shot Creator,0.77,201145.0
Shot Chart Detail,22300891,217,1630578,Alperen Sengun,1610612745,Houston Rockets,2,8,4,Missed Shot,Driving Layup Shot,2PT Field Goal,Restricted Area,Center(C),Less Than 8 ft.,1,7,8,1,0,20240305,HOU,SAS,22300891217,9560,0,201145|1627832|1628415|1630224|1630578,0,REG,2024,1641705,-1.0,C,Anchor Big,2.82,MISS Sengun 1' Driving Layup,C,Shot Creator,0.77,
Shot Chart Detail,22300891,230,1630578,Alperen Sengun,1610612745,Houston Rockets,2,7,24,Missed Shot,Driving Layup Shot,2PT Field Goal,Restricted Area,Center(C),Less Than 8 ft.,0,-4,8,1,0,20240305,HOU,SAS,22300891230,9960,0,201145|1627832|1628415|1630224|1630578,0,REG,2024,1641705,-2.0,C,Anchor Big,2.82,MISS Sengun 1' Driving Layup,C,Shot Creator,0.77,
Shot Chart Detail,22300891,232,1630578,Alperen Sengun,1610612745,Houston Rockets,2,7,17,Made Shot,Tip Layup Shot,2PT Field Goal,Restricted Area,Center(C),Less Than 8 ft.,0,0,0,1,1,20240305,HOU,SAS,22300891232,10030,0,201145|1627832|1628415|1630224|1630578,0,REG,2024,1641705,0.0,C,Anchor Big,2.82,Sengun Tip Layup Shot (11 PTS),C,Shot Creator,0.77,
Shot Chart Detail,22300891,294,1630578,Alperen Sengun,1610612745,Houston Rockets,2,2,35,Missed Shot,Turnaround Hook Shot,2PT Field Goal,In The Paint (Non-RA),Center(C),Less Than 8 ft.,6,-7,62,1,0,20240305,HOU,SAS,22300891294,12850,0,1627832|1628415|1630224|1630578|1631095,0,REG,2024,1628380,-1.0,C,Anchor Big,-0.04,MISS Sengun 6' Turnaround Hook Shot,C,Shot Creator,0.77,
Shot Chart Detail,22300891,297,1630578,Alperen Sengun,1610612745,Houston Rockets,2,2,24,Made Shot,Turnaround Fadeaway shot,2PT Field Goal,In The Paint (Non-RA),Center(C),8-16 ft.,8,10,88,1,1,20240305,HOU,SAS,22300891297,12960,0,1627832|1628415|1630224|1630578|1631095,0,REG,2024,1628380,1.0,C,Anchor Big,-0.04,Sengun 9' Turnaround Fadeaway (13 PTS),C,Shot Creator,0.77,
Shot Chart Detail,22300891,303,1630578,Alperen Sengun,1610612745,Houston Rockets,2,1,40,Made Shot,Layup Shot,2PT Field Goal,Restricted Area,Center(C),Less Than 8 ft.,1,-10,-8,1,1,20240305,HOU,SAS,22300891303,13400,0,1627832|1628415|1630224|1630578|1631095,1,REG,2024,1628380,3.0,C,Anchor Big,-0.04,Sengun 1' Layup (15 PTS) (VanVleet 2 AST),C,Shot Creator,0.77,1627832.0
Shot Chart Detail,22300891,326,1630578,Alperen Sengun,1610612745,Houston Rockets,2,4,5,Missed Shot,Driving Layup Shot,2PT Field Goal,In The Paint (Non-RA),Center(C),Less Than 8 ft.,7,71,10,1,0,20240305,HOU,SAS,22300891326,11950,0,1627832|1628415|1630224|1630578|1631095,0,REG,2024,1628380,1.0,C,Anchor Big,-0.04,MISS Sengun 7' Driving Layup,C,Shot Creator,0.77,
Shot Chart Detail,22300891,333,1630578,Alperen Sengun,1610612745,Houston Rockets,3,11,45,Made Shot,Cutting Dunk Shot,2PT Field Goal,Restricted Area,Center(C),Less Than 8 ft.,1,-4,16,1,1,20240305,HOU,SAS,22300891333,14550,0,1627832|1628415|1630224|1630578|1631095,1,REG,2024,1641705,-4.0,C,Anchor Big,2.82,Sengun 2' Cutting Dunk Shot (17 PTS) (VanVleet 3 AST),C,Shot Creator,0.77,1627832.0
Shot Chart Detail,22300891,338,1630578,Alperen Sengun,1610612745,Houston Rockets,3,11,5,Made Shot,Floating Jump shot,2PT Field Goal,In The Paint (Non-RA),Center(C),8-16 ft.,8,-26,81,1,1,20240305,HOU,SAS,22300891338,14950,0,1627832|1628415|1630224|1630578|1631095,1,REG,2024,1641705,-4.0,C,Anchor Big,2.82,Sengun 9' Floating Jump Shot (19 PTS) (VanVleet 4 AST),C,Shot Creator,0.77,1627832.0
Shot Chart Detail,22300891,343,1630578,Alperen Sengun,1610612745,Houston Rockets,3,10,12,Missed Shot,Driving Layup Shot,2PT Field Goal,Restricted Area,Center(C),Less Than 8 ft.,3,-27,17,1,0,20240305,HOU,SAS,22300891343,15480,0,1627832|1628415|1630224|1630578|1631095,0,REG,2024,1641705,-4.0,C,Anchor Big,2.82,MISS Sengun 3' Driving Layup,C,Shot Creator,0.77,
Shot Chart Detail,22300891,365,1630578,Alperen Sengun,1610612745,Houston Rockets,3,8,29,Made Shot,Layup Shot,2PT Field Goal,Restricted Area,Center(C),Less Than 8 ft.,1,10,2,1,1,20240305,HOU,SAS,22300891365,16510,0,1627832|1628415|1630224|1630578|1631095,1,REG,2024,1641705,0.0,C,Anchor Big,2.82,Sengun 1' Layup (22 PTS) (VanVleet 6 AST),C,Shot Creator,0.77,1627832.0
Shot Chart Detail,22300891,375,1630578,Alperen Sengun,1610612745,Houston Rockets,3,7,59,Missed Shot,Tip Layup Shot,2PT Field Goal,Restricted Area,Center(C),Less Than 8 ft.,0,0,0,1,0,20240305,HOU,SAS,22300891375,16810,0,1627832|1628415|1630224|1630578|1631095,0,REG,2024,1641705,-1.0,C,Anchor Big,2.82,MISS Sengun Tip Layup Shot,C,Shot Creator,0.77,
Shot Chart Detail,22300891,398,1630578,Alperen Sengun,1610612745,Houston Rockets,3,7,4,Made Shot,Driving Hook Shot,2PT Field Goal,In The Paint (Non-RA),Center(C),Less Than 8 ft.,7,-54,46,1,1,20240305,HOU,SAS,22300891398,17360,0,1627832|1628415|1630224|1630578|1631095,1,REG,2024,1629640,3.0,SF,Wing Stopper,-1.43,Sengun 7' Driving Hook Shot (26 PTS) (Brooks 2 AST),C,Shot Creator,0.77,1628415.0
Shot Chart Detail,22300891,415,1630578,Alperen Sengun,1610612745,Houston Rockets,3,5,45,Made Shot,Tip Layup Shot,2PT Field Goal,Restricted Area,Center(C),Less Than 8 ft.,0,0,0,1,1,20240305,HOU,SAS,22300891415,18150,0,1627832|1630224|1630578|1631095|1641708,0,REG,2024,1628380,1.0,C,Anchor Big,-0.04,Sengun Tip Layup Shot (28 PTS),C,Shot Creator,0.77,
Shot Chart Detail,22300891,434,1630578,Alperen Sengun,1610612745,Houston Rockets,3,4,50,Made Shot,Turnaround Hook Shot,2PT Field Goal,In The Paint (Non-RA),Center(C),Less Than 8 ft.,4,5,42,1,1,20240305,HOU,SAS,22300891434,18700,0,1627832|1630224|1630578|1631095|1641708,0,REG,2024,1628380,5.0,C,Anchor Big,-0.04,Sengun 4' Turnaround Hook Shot (30 PTS),C,Shot Creator,0.77,
Shot Chart Detail,22300891,437,1630578,Alperen Sengun,1610612745,Houston Rockets,3,4,15,Missed Shot,Turnaround Jump Shot,2PT Field Goal,In The Paint (Non-RA),Center(C),8-16 ft.,8,-1,80,1,0,20240305,HOU,SAS,22300891437,19050,0,1627832|1630224|1630578|1631095|1641708,0,REG,2024,1628380,3.0,C,Anchor Big,-0.04,MISS Sengun 8' Turnaround Jump Shot,C,Shot Creator,0.77,
Shot Chart Detail,22300891,473,1630578,Alperen Sengun,1610612745,Houston Rockets,3,1,16,Made Shot,Layup Shot,2PT Field Goal,Restricted Area,Center(C),Less Than 8 ft.,2,-22,17,1,1,20240305,HOU,SAS,22300891473,20840,0,1628988|1630224|1630578|1641708|1641715,1,REG,2024,1631103,9.0,PG,Chaser,-1.97,Sengun 3' Layup (32 PTS) (Ja. Green 3 AST),C,Shot Creator,0.77,1630224.0
Shot Chart Detail,22300891,482,1630578,Alperen Sengun,1610612745,Houston Rockets,3,0,49,Missed Shot,Driving Layup Shot,2PT Field Goal,Restricted Area,Center(C),Less Than 8 ft.,3,-25,26,1,0,20240305,HOU,SAS,22300891482,21110,0,1628988|1630224|1630578|1641708|1641715,0,REG,2024,1628380,8.0,C,Anchor Big,-0.04,MISS Sengun 4' Driving Layup,C,Shot Creator,0.77,
Shot Chart Detail,22300891,577,1630578,Alperen Sengun,1610612745,Houston Rockets,4,6,35,Missed Shot,Driving Layup Shot,2PT Field Goal,Restricted Area,Center(C),Less Than 8 ft.,1,16,2,1,0,20240305,HOU,SAS,22300891577,24850,0,1627832|1628415|1630224|1630578|1641715,0,REG,2024,1641705,6.0,C,Anchor Big,2.82,MISS Sengun 2' Driving Layup,C,Shot Creator,0.77,
Shot Chart Detail,22300891,582,1630578,Alperen Sengun,1610612745,Houston Rockets,4,6,2,Made Shot,Jump Shot,3PT Field Goal,Above the Break 3,Center(C),24+ ft.,28,-75,273,1,1,20240305,HOU,SAS,22300891582,25180,0,1627832|1628415|1630224|1630578|1641715,1,REG,2024,1641705,7.0,C,Anchor Big,2.82,Sengun 28' 3PT Jump Shot (36 PTS) (VanVleet 8 AST),C,Shot Creator,0.77,1627832.0
Shot Chart Detail,22300891,593,1630578,Alperen Sengun,1610612745,Houston Rockets,4,4,56,Made Shot,Dunk Shot,2PT Field Goal,Restricted Area,Center(C),Less Than 8 ft.,2,-9,23,1,1,20240305,HOU,SAS,22300891593,25840,0,1627832|1628415|1630224|1630578|1641715,0,REG,2024,1641705,9.0,C,Anchor Big,2.82,Sengun 2' Dunk (38 PTS),C,Shot Creator,0.77,
Shot Chart Detail,22300891,600,1630578,Alperen Sengun,1610612745,Houston Rockets,4,3,59,Missed Shot,Cutting Layup Shot,2PT Field Goal,Restricted Area,Center(C),Less Than 8 ft.,3,-26,26,1,0,20240305,HOU,SAS,22300891600,26410,0,1627832|1628415|1630224|1630578|1641715,0,REG,2024,1641705,8.0,C,Anchor Big,2.82,MISS Sengun 4' Cutting Layup Shot,C,Shot Creator,0.77,
Shot Chart Detail,22300891,610,1630578,Alperen Sengun,1610612745,Houston Rockets,4,3,28,Made Shot,Turnaround Hook Shot,2PT Field Goal,Restricted Area,Center(C),Less Than 8 ft.,1,-17,8,1,1,20240305,HOU,SAS,22300891610,26720,0,1627832|1628415|1630224|1630578|1641715,1,REG,2024,1641705,10.0,C,Anchor Big,2.82,Sengun 2' Turnaround Hook Shot (40 PTS) (VanVleet 9 AST),C,Shot Creator,0.77,1627832.0
Shot Chart Detail,22300891,625,1630578,Alperen Sengun,1610612745,Houston Rockets,4,1,33,Made Shot,Turnaround Hook Shot,2PT Field Goal,Restricted Area,Center(C),Less Than 8 ft.,2,5,28,1,1,20240305,HOU,SAS,22300891625,27870,0,1627832|1628415|1630224|1630578|1641715,0,REG,2024,1631110|1641705,12.0,,,,,C,Shot Creator,0.77,
Shot Chart Detail,22300891,632,1630578,Alperen Sengun,1610612745,Houston Rockets,4,1,8,Missed Shot,Driving Layup Shot,2PT Field Goal,Restricted Area,Center(C),Less Than 8 ft.,1,-5,16,1,0,20240305,HOU,SAS,22300891632,28120,0,1627832|1628415|1630224|1630578|1641715,0,REG,2024,1641705,10.0,C,Anchor Big,2.82,MISS Sengun 2' Driving Layup,C,Shot Creator,0.77,
Shot Chart Detail,22300891,637,1630578,Alperen Sengun,1610612745,Houston Rockets,4,0,43,Made Shot,Jump Shot,3PT Field Goal,Above the Break 3,Right Side Center(RC),24+ ft.,27,120,246,1,1,20240305,HOU,SAS,22300891637,28370,0,1627832|1628415|1630224|1630578|1641715,1,REG,2024,1641705,13.0,C,Anchor Big,2.82,Sengun 27' 3PT Jump Shot (45 PTS) (VanVleet 10 AST),C,Shot Creator,0.77,1627832.0
Shot Chart Detail,22300897,20,1630578,Alperen Sengun,1610612745,Houston Rockets,1,10,18,Made Shot,Jump Shot,2PT Field Goal,Mid-Range,Left Side(L),8-16 ft.,13,-126,61,1,1,20240306,HOU,LAC,2230089720,1020,0,1627832|1628415|1630224|1630578|1631095,1,REG,2024,1627826,4.0,C,Anchor Big,1.4,Sengun 14' Jump Shot (2 PTS) (Brooks 1 AST),C,Shot Creator,0.77,1628415.0
Shot Chart Detail,22300897,23,1630578,Alperen Sengun,1610612745,Houston Rockets,1,9,40,Missed Shot,Jump Shot,2PT Field Goal,Mid-Range,Right Side Center(RC),16-24 ft.,19,83,177,1,0,20240306,HOU,LAC,2230089723,1400,0,1627832|1628415|1630224|1630578|1631095,0,REG,2024,1627826,2.0,C,Anchor Big,1.4,MISS Sengun 20' Jump Shot,C,Shot Creator,0.77,
Shot Chart Detail,22300897,46,1630578,Alperen Sengun,1610612745,Houston Rockets,1,7,32,Missed Shot,Turnaround Fadeaway shot,2PT Field Goal,In The Paint (Non-RA),Center(C),8-16 ft.,12,-43,117,1,0,20240306,HOU,LAC,2230089746,2680,0,1627832|1628415|1630224|1630578|1631095,0,REG,2024,1627826,1.0,C,Anchor Big,1.4,MISS Sengun 12' Turnaround Fadeaway Shot,C,Shot Creator,0.77,
Shot Chart Detail,22300897,68,1630578,Alperen Sengun,1610612745,Houston Rockets,1,5,10,Missed Shot,Jump Shot,2PT Field Goal,Mid-Range,Left Side Center(LC),16-24 ft.,19,-74,177,1,0,20240306,HOU,LAC,2230089768,4100,0,1627832|1628415|1630224|1630578|1631095,0,REG,2024,1628464,4.0,C,Mobile Big,0.09,MISS Sengun 19' Jump Shot,C,Shot Creator,0.77,
Shot Chart Detail,22300897,99,1630578,Alperen Sengun,1610612745,Houston Rockets,1,2,32,Made Shot,Driving Reverse Layup Shot,2PT Field Goal,Restricted Area,Center(C),Less Than 8 ft.,2,18,10,1,1,20240306,HOU,LAC,2230089799,5680,0,1627832|1628415|1630224|1630578|1641708,0,REG,2024,1628464,8.0,C,Mobile Big,0.09,Sengun 2' Driving Reverse Layup (4 PTS),C,Shot Creator,0.77,
Shot Chart Detail,22300897,108,1630578,Alperen Sengun,1610612745,Houston Rockets,1,1,57,Made Shot,Tip Layup Shot,2PT Field Goal,Restricted Area,Center(C),Less Than 8 ft.,0,0,0,1,1,20240306,HOU,LAC,22300897108,6030,0,1628415|1630224|1630578|1641708|1641715,0,REG,2024,1629599|1630538,10.0,,,,,C,Shot Creator,0.77,
Shot Chart Detail,22300897,192,1630578,Alperen Sengun,1610612745,Houston Rockets,2,8,45,Missed Shot,Turnaround Hook Shot,2PT Field Goal,In The Paint (Non-RA),Center(C),Less Than 8 ft.,6,-27,63,1,0,20240306,HOU,LAC,22300897192,9150,0,1627832|1628988|1630578|1641708|1641715,0,REG,2024,1627826,11.0,C,Anchor Big,1.4,MISS Sengun 7' Turnaround Hook Shot,C,Shot Creator,0.77,
Shot Chart Detail,22300897,215,1630578,Alperen Sengun,1610612745,Houston Rockets,2,7,19,Missed Shot,Driving Layup Shot,2PT Field Goal,Restricted Area,Center(C),Less Than 8 ft.,2,-18,9,1,0,20240306,HOU,LAC,22300897215,10010,0,1627832|1628988|1630224|1630578|1641715,0,REG,2024,1627826,12.0,C,Anchor Big,1.4,MISS Sengun 2' Driving Layup,C,Shot Creator,0.77,
Shot Chart Detail,22300897,262,1630578,Alperen Sengun,1610612745,Houston Rockets,2,2,53,Made Shot,Floating Jump shot,2PT Field Goal,Mid-Range,Center(C),8-16 ft.,14,20,148,1,1,20240306,HOU,LAC,22300897262,12670,0,1627832|1628415|1630224|1630256|1630578,1,REG,2024,1627826,17.0,C,Anchor Big,1.4,Sengun 15' Floating Jump Shot (9 PTS) (VanVleet 3 AST),C,Shot Creator,0.77,1627832.0
Shot Chart Detail,22300897,430,1630578,Alperen Sengun,1610612745,Houston Rockets,3,1,51,Missed Shot,Driving Layup Shot,2PT Field Goal,Restricted Area,Center(C),Less Than 8 ft.,2,-17,16,1,0,20240306,HOU,LAC,22300897430,20490,0,1627832|1628415|1630578|1641708|1641715,0,REG,2024,202695|203486,6.0,,,,,C,Shot Creator,0.77,
Shot Chart Detail,22300897,435,1630578,Alperen Sengun,1610612745,Houston Rockets,3,1,14,Made Shot,Hook Shot,2PT Field Goal,In The Paint (Non-RA),Center(C),Less Than 8 ft.,7,-28,68,1,1,20240306,HOU,LAC,22300897435,20860,0,1627832|1628415|1630578|1641708|1641715,1,REG,2024,1626181,6.0,SG,Low Activity,-1.44,Sengun 7' Hook Shot (12 PTS) (Thompson 2 AST),C,Shot Creator,0.77,1641708.0
Shot Chart Detail,22300897,458,1630578,Alperen Sengun,1610612745,Houston Rockets,4,11,43,Made Shot,Floating Jump shot,2PT Field Goal,In The Paint (Non-RA),Center(C),8-16 ft.,10,-16,107,1,1,20240306,HOU,LAC,22300897458,21770,0,1628415|1630578|1631095|1641708|1641715,1,REG,2024,203486|1630538,8.0,,,,,C,Shot Creator,0.77,1631095.0
Shot Chart Detail,22300897,462,1630578,Alperen Sengun,1610612745,Houston Rockets,4,11,17,Made Shot,Driving Finger Roll Layup Shot,2PT Field Goal,Restricted Area,Center(C),Less Than 8 ft.,2,6,23,1,1,20240306,HOU,LAC,22300897462,22030,0,1628415|1630578|1631095|1641708|1641715,1,REG,2024,203486|1630538,10.0,,,,,C,Shot Creator,0.77,1641715.0
Shot Chart Detail,22300897,500,1630578,Alperen Sengun,1610612745,Houston Rockets,4,7,15,Missed Shot,Driving Finger Roll Layup Shot,2PT Field Goal,In The Paint (Non-RA),Center(C),Less Than 8 ft.,5,56,20,1,0,20240306,HOU,LAC,22300897500,24450,0,1628415|1630578|1631095|1641708|1641715,0,REG,2024,203486,5.0,C,Anchor Big,0.39,MISS Sengun 6' Driving Finger Roll Layup,C,Shot Creator,0.77,
Shot Chart Detail,22300897,518,1630578,Alperen Sengun,1610612745,Houston Rockets,3,1,50,Missed Shot,Tip Layup Shot,2PT Field Goal,Restricted Area,Center(C),Less Than 8 ft.,2,-9,19,1,0,20240306,HOU,LAC,22300897518,20500,0,1627832|1628415|1630578|1641708|1641715,0,REG,2024,202695|203486,6.0,,,,,C,Shot Creator,0.77,
Shot Chart Detail,22300897,523,1630578,Alperen Sengun,1610612745,Houston Rockets,4,5,53,Made Shot,Turnaround Hook Shot,2PT Field Goal,In The Paint (Non-RA),Center(C),8-16 ft.,8,25,79,1,1,20240306,HOU,LAC,22300897523,25270,0,1627832|1630224|1630578|1631095|1641715,0,REG,2024,203486,4.0,C,Anchor Big,0.39,Sengun 8' Turnaround Hook Shot (18 PTS),C,Shot Creator,0.77,
Shot Chart Detail,22300897,567,1630578,Alperen Sengun,1610612745,Houston Rockets,4,2,57,Missed Shot,Driving Layup Shot,2PT Field Goal,Restricted Area,Center(C),Less Than 8 ft.,3,-23,25,1,0,20240306,HOU,LAC,22300897567,27030,0,1627832|1628415|1630224|1630578|1631095,0,REG,2024,203486|1626181,1.0,,,,,C,Shot Creator,0.77,
Shot Chart Detail,22300897,622,1630578,Alperen Sengun,1610612745,Houston Rockets,4,0,28,Made Shot,Dunk Shot,2PT Field Goal,Restricted Area,Center(C),Less Than 8 ft.,2,1,26,1,1,20240306,HOU,LAC,22300897622,28520,0,1627832|1628415|1630224|1630578|1631095,1,REG,2024,201935,-6.0,PG,Helper,0.35,Sengun 3' Dunk (21 PTS) (Green 2 AST),C,Shot Creator,0.77,1630224.0
Shot Chart Detail,22300897,628,1630578,Alperen Sengun,1610612745,Houston Rockets,4,0,16,Made Shot,Driving Layup Shot,2PT Field Goal,Restricted Area,Center(C),Less Than 8 ft.,1,1,16,1,1,20240306,HOU,LAC,22300897628,28640,0,1627832|1628415|1630224|1630578|1631095,0,REG,2024,202695,-6.0,SF,Wing Stopper,0.78,Sengun 2' Driving Layup (23 PTS),C,Shot Creator,0.77,
Shot Chart Detail,22300916,27,1630578,Alperen Sengun,1610612745,Houston Rockets,1,9,21,Missed Shot,Hook Shot,2PT Field Goal,In The Paint (Non-RA),Center(C),Less Than 8 ft.,6,61,21,1,0,20240308,POR,HOU,2230091627,1590,0,1627832|1628415|1630224|1630578|1631095,0,REG,2024,1641871,-2.0,C,Anchor Big,-0.41,MISS Sengun 6' Hook Shot,C,Shot Creator,0.77,
Shot Chart Detail,22300916,92,1630578,Alperen Sengun,1610612745,Houston Rockets,1,3,36,Made Shot,Driving Hook Shot,2PT Field Goal,Restricted Area,Center(C),Less Than 8 ft.,3,7,39,1,1,20240308,POR,HOU,2230091692,5040,0,1627832|1628415|1630224|1630578|1641708,1,REG,2024,1641871|1629680,-4.0,,,,,C,Shot Creator,0.77,1627832.0
Shot Chart Detail,22300916,122,1630578,Alperen Sengun,1610612745,Houston Rockets,1,0,46,Missed Shot,Jump Shot,2PT Field Goal,Mid-Range,Center(C),16-24 ft.,17,28,169,1,0,20240308,POR,HOU,22300916122,6740,0,1628988|1630224|1630578|1641708|1641715,0,REG,2024,1629650,-4.0,C,Anchor Big,0.57,Thybulle BLOCK (1 BLK),C,Shot Creator,0.77,
Shot Chart Detail,22300916,241,1630578,Alperen Sengun,1610612745,Houston Rockets,2,4,57,Made Shot,Cutting Layup Shot,2PT Field Goal,Restricted Area,Center(C),Less Than 8 ft.,2,17,20,1,1,20240308,POR,HOU,22300916241,11430,0,1627832|1628415|1630224|1630578|1631095,1,REG,2024,1641871|1641739,1.0,,,,,C,Shot Creator,0.77,1630224.0
Shot Chart Detail,22300916,246,1630578,Alperen Sengun,1610612745,Houston Rockets,2,4,23,Missed Shot,Floating Jump shot,2PT Field Goal,In The Paint (Non-RA),Center(C),8-16 ft.,13,18,132,1,0,20240308,POR,HOU,22300916246,11770,0,1627832|1628415|1630224|1630578|1631095,0,REG,2024,1641871,-1.0,C,Anchor Big,-0.41,MISS Sengun 13' Floating Jump Shot,C,Shot Creator,0.77,
Shot Chart Detail,22300916,261,1630578,Alperen Sengun,1610612745,Houston Rockets,2,2,59,Missed Shot,Driving Hook Shot,2PT Field Goal,In The Paint (Non-RA),Center(C),8-16 ft.,11,34,109,1,0,20240308,POR,HOU,22300916261,12610,0,1627832|1628415|1630224|1630578|1631095,0,REG,2024,1641871,-2.0,C,Anchor Big,-0.41,Reath BLOCK (1 BLK),C,Shot Creator,0.77,
Shot Chart Detail,22300916,269,1630578,Alperen Sengun,1610612745,Houston Rockets,2,2,30,Made Shot,Putback Layup Shot,2PT Field Goal,Restricted Area,Center(C),Less Than 8 ft.,2,23,2,1,1,20240308,POR,HOU,22300916269,12900,0,1627832|1628415|1630224|1630578|1631095,0,REG,2024,1641871|1631200,-3.0,,,,,C,Shot Creator,0.77,
Shot Chart Detail,22300916,296,1630578,Alperen Sengun,1610612745,Houston Rockets,3,11,27,Made Shot,Cutting Layup Shot,2PT Field Goal,Restricted Area,Center(C),Less Than 8 ft.,2,2,26,1,1,20240308,POR,HOU,22300916296,14730,0,1627832|1628415|1630224|1630578|1631095,1,REG,2024,1631200,-9.0,SF,Helper,0.41,Sengun 3' Cutting Layup Shot (9 PTS) (VanVleet 6 AST),C,Shot Creator,0.77,1627832.0
Shot Chart Detail,22300916,303,1630578,Alperen Sengun,1610612745,Houston Rockets,3,10,56,Missed Shot,Turnaround Hook Shot,2PT Field Goal,In The Paint (Non-RA),Center(C),Less Than 8 ft.,6,6,68,1,0,20240308,POR,HOU,22300916303,15040,0,1627832|1628415|1630224|1630578|1631095,0,REG,2024,1641871,-10.0,C,Anchor Big,-0.41,MISS Sengun 7' Turnaround Hook Shot,C,Shot Creator,0.77,
Shot Chart Detail,22300916,354,1630578,Alperen Sengun,1610612745,Houston Rockets,3,6,34,Made Shot,Cutting Layup Shot,2PT Field Goal,In The Paint (Non-RA),Center(C),Less Than 8 ft.,4,13,43,1,1,20240308,POR,HOU,22300916354,17660,0,1627832|1630224|1630578|1631095|1641715,1,REG,2024,1641871,-5.0,C,Anchor Big,-0.41,Sengun 4' Cutting Layup Shot (13 PTS) (VanVleet 7 AST),C,Shot Creator,0.77,1627832.0
Shot Chart Detail,22300916,363,1630578,Alperen Sengun,1610612745,Houston Rockets,3,6,21,Made Shot,Driving Layup Shot,2PT Field Goal,Restricted Area,Center(C),Less Than 8 ft.,3,5,35,1,1,20240308,POR,HOU,22300916363,17790,0,1627832|1630224|1630578|1631095|1641715,1,REG,2024,1629650,-3.0,C,Anchor Big,0.57,Sengun 4' Driving Layup (15 PTS) (VanVleet 8 AST),C,Shot Creator,0.77,1627832.0
Shot Chart Detail,22300916,614,1630578,Alperen Sengun,1610612745,Houston Rockets,4,4,20,Missed Shot,Turnaround Hook Shot,2PT Field Goal,In The Paint (Non-RA),Center(C),Less Than 8 ft.,6,12,61,1,0,20240308,POR,HOU,22300916614,26200,0,1627832|1630224|1630578|1631095|1641708,0,REG,2024,1630204|1641871,14.0,,,,,C,Shot Creator,0.77,
Shot Chart Detail,22300916,636,1630578,Alperen Sengun,1610612745,Houston Rockets,4,2,45,Missed Shot,Driving Floating Jump Shot,2PT Field Goal,In The Paint (Non-RA),Center(C),Less Than 8 ft.,4,13,43,1,0,20240308,POR,HOU,22300916636,27150,0,1627832|1630224|1630578|1631095|1641708,0,REG,2024,1641871,12.0,C,Anchor Big,-0.41,MISS Sengun 4' Driving Floating Jump Shot,C,Shot Creator,0.77,
Shot Chart Detail,22300916,638,1630578,Alperen Sengun,1610612745,Houston Rockets,4,2,42,Missed Shot,Tip Layup Shot,2PT Field Goal,Restricted Area,Center(C),Less Than 8 ft.,0,0,0,1,0,20240308,POR,HOU,22300916638,27180,0,1627832|1630224|1630578|1631095|1641708,0,REG,2024,1630204|1641871,12.0,,,,,C,Shot Creator,0.77,
Shot Chart Detail,22300916,640,1630578,Alperen Sengun,1610612745,Houston Rockets,4,2,38,Made Shot,Tip Layup Shot,2PT Field Goal,Restricted Area,Center(C),Less Than 8 ft.,0,0,0,1,1,20240308,POR,HOU,22300916640,27220,0,1627832|1630224|1630578|1631095|1641708,0,REG,2024,1630204|1641871|1641712,14.0,,,,,C,Shot Creator,0.77,
Shot Chart Detail,22300929,7,1630578,Alperen Sengun,1610612745,Houston Rockets,1,11,33,Missed Shot,Jump Shot,2PT Field Goal,Mid-Range,Left Side(L),8-16 ft.,15,-158,17,1,0,20240310,SAC,HOU,223009297,270,0,1627832|1628415|1630224|1630578|1631095,0,REG,2024,1627734,0.0,C,Mobile Big,1.66,MISS Sengun 16' Jump Shot,C,Shot Creator,0.77,
Shot Chart Detail,22300929,20,1630578,Alperen Sengun,1610612745,Houston Rockets,1,10,7,Made Shot,Floating Jump shot,2PT Field Goal,In The Paint (Non-RA),Center(C),8-16 ft.,12,1,125,1,1,20240310,SAC,HOU,2230092920,1130,0,1627832|1628415|1630224|1630578|1631095,1,REG,2024,1627734,-2.0,C,Mobile Big,1.66,Sengun 13' Floating Jump Shot (2 PTS) (Ja. Green 1 AST),C,Shot Creator,0.77,1630224.0
Shot Chart Detail,22300929,26,1630578,Alperen Sengun,1610612745,Houston Rockets,1,9,30,Made Shot,Cutting Layup Shot,2PT Field Goal,Restricted Area,Center(C),Less Than 8 ft.,2,26,4,1,1,20240310,SAC,HOU,2230092926,1500,0,1627832|1628415|1630224|1630578|1631095,1,REG,2024,1627734,0.0,C,Mobile Big,1.66,Sengun 3' Cutting Layup Shot (4 PTS) (Smith Jr. 1 AST),C,Shot Creator,0.77,1631095.0
Shot Chart Detail,22300929,49,1630578,Alperen Sengun,1610612745,Houston Rockets,1,7,19,Missed Shot,Hook Shot,2PT Field Goal,In The Paint (Non-RA),Center(C),Less Than 8 ft.,7,2,73,1,0,20240310,SAC,HOU,2230092949,2810,0,1627832|1628415|1630224|1630578|1631095,0,REG,2024,1627734,-7.0,C,Mobile Big,1.66,MISS Sengun 7' Hook Shot,C,Shot Creator,0.77,
Shot Chart Detail,22300929,230,1630578,Alperen Sengun,1610612745,Houston Rockets,2,4,49,Missed Shot,Hook Shot,2PT Field Goal,In The Paint (Non-RA),Center(C),Less Than 8 ft.,7,74,29,1,0,20240310,SAC,HOU,22300929230,11510,0,1627832|1628415|1630224|1630578|1631095,0,REG,2024,1627734|1628989,-9.0,,,,,C,Shot Creator,0.77,
Shot Chart Detail,22300929,301,1630578,Alperen Sengun,1610612745,Houston Rockets,3,10,38,Missed Shot,Driving Layup Shot,2PT Field Goal,Restricted Area,Center(C),Less Than 8 ft.,3,25,27,1,0,20240310,SAC,HOU,22300929301,15220,0,1627832|1628415|1630224|1630578|1631095,0,REG,2024,1627734,-7.0,C,Mobile Big,1.66,MISS Sengun 4' Driving Layup,C,Shot Creator,0.77,
Shot Chart Detail,22300929,326,1630578,Alperen Sengun,1610612745,Houston Rockets,3,8,49,Missed Shot,Driving Layup Shot,2PT Field Goal,In The Paint (Non-RA),Center(C),Less Than 8 ft.,6,56,31,1,0,20240310,SAC,HOU,22300929326,16310,0,1627832|1628415|1630224|1630578|1631095,0,REG,2024,1627734,-1.0,C,Mobile Big,1.66,MISS Sengun 6' Driving Layup,C,Shot Creator,0.77,
Shot Chart Detail,22300929,349,1630578,Alperen Sengun,1610612745,Houston Rockets,3,7,7,Made Shot,Layup Shot,2PT Field Goal,Restricted Area,Center(C),Less Than 8 ft.,3,-26,18,1,1,20240310,SAC,HOU,22300929349,17330,0,1627832|1628415|1630224|1630578|1631095,1,REG,2024,1627734,0.0,C,Mobile Big,1.66,Sengun 3' Layup (6 PTS) (VanVleet 4 AST),C,Shot Creator,0.77,1627832.0
Shot Chart Detail,22300929,362,1630578,Alperen Sengun,1610612745,Houston Rockets,3,6,1,Made Shot,Floating Jump shot,2PT Field Goal,In The Paint (Non-RA),Center(C),8-16 ft.,8,7,83,1,1,20240310,SAC,HOU,22300929362,17990,0,1627832|1628415|1630224|1630578|1631095,1,REG,2024,1627734|1631165,4.0,,,,,C,Shot Creator,0.77,1627832.0
Shot Chart Detail,22300929,366,1630578,Alperen Sengun,1610612745,Houston Rockets,3,5,35,Made Shot,Fadeaway Jump Shot,2PT Field Goal,In The Paint (Non-RA),Left Side(L),8-16 ft.,10,-69,79,1,1,20240310,SAC,HOU,22300929366,18250,0,1627832|1628415|1630224|1630578|1631095,0,REG,2024,1627734,6.0,C,Mobile Big,1.66,Sengun 10' Fadeaway Jumper (10 PTS),C,Shot Creator,0.77,
Shot Chart Detail,22300929,398,1630578,Alperen Sengun,1610612745,Houston Rockets,3,3,16,Made Shot,Cutting Layup Shot,2PT Field Goal,Restricted Area,Center(C),Less Than 8 ft.,3,-31,13,1,1,20240310,SAC,HOU,22300929398,19640,0,1627832|1628415|1630224|1630578|1641708,1,REG,2024,1627734,11.0,C,Mobile Big,1.66,Sengun 3' Cutting Layup Shot (12 PTS) (Ja. Green 3 AST),C,Shot Creator,0.77,1630224.0
Shot Chart Detail,22300929,556,1630578,Alperen Sengun,1610612745,Houston Rockets,4,6,9,Missed Shot,Cutting Layup Shot,2PT Field Goal,Restricted Area,Center(C),Less Than 8 ft.,3,28,17,1,0,20240310,SAC,HOU,22300929556,25110,0,1627832|1630224|1630578|1631095|1641715,0,REG,2024,1627734|1631099|1628989,11.0,,,,,C,Shot Creator,0.77,
Shot Chart Detail,22300929,571,1630578,Alperen Sengun,1610612745,Houston Rockets,4,4,52,Missed Shot,Hook Shot,2PT Field Goal,In The Paint (Non-RA),Center(C),Less Than 8 ft.,4,-6,46,1,0,20240310,SAC,HOU,22300929571,25880,0,1627832|1628415|1630578|1631095|1641715,0,REG,2024,1630558|1627734|1631099,9.0,,,,,C,Shot Creator,0.77,
Shot Chart Detail,22300929,611,1630578,Alperen Sengun,1610612745,Houston Rockets,4,2,5,Made Shot,Hook Shot,2PT Field Goal,In The Paint (Non-RA),Center(C),8-16 ft.,8,16,80,1,1,20240310,SAC,HOU,22300929611,27550,0,1627832|1628415|1630224|1630578|1631095,1,REG,2024,1631099,7.0,SF,Wing Stopper,0.95,Sengun 8' Hook Shot (14 PTS) (VanVleet 8 AST),C,Shot Creator,0.77,1627832.0
Shot Chart Detail,22301212,11,1630578,Alperen Sengun,1610612745,Houston Rockets,1,11,41,Made Shot,Turnaround Hook Shot,2PT Field Goal,Restricted Area,Center(C),Less Than 8 ft.,3,23,25,1,1,20231206,HOU,OKC,2230121211,190,0,1627832|1628415|1630224|1630578|1631095,0,REG,2024,1631114|1631096,0.0,,,,,C,Shot Creator,0.77,
Shot Chart Detail,22301212,14,1630578,Alperen Sengun,1610612745,Houston Rockets,1,11,11,Missed Shot,Turnaround Hook Shot,2PT Field Goal,In The Paint (Non-RA),Center(C),Less Than 8 ft.,7,-23,74,1,0,20231206,HOU,OKC,2230121214,490,0,1627832|1628415|1630224|1630578|1631095,0,REG,2024,1631096,-2.0,C,Anchor Big,2.06,MISS Sengun 8' Turnaround Hook Shot,C,Shot Creator,0.77,
Shot Chart Detail,22301212,25,1630578,Alperen Sengun,1610612745,Houston Rockets,1,10,21,Missed Shot,Driving Reverse Layup Shot,2PT Field Goal,Restricted Area,Center(C),Less Than 8 ft.,2,27,12,1,0,20231206,HOU,OKC,2230121225,990,0,1627832|1628415|1630224|1630578|1631095,0,REG,2024,1629652|1631096,-2.0,,,,,C,Shot Creator,0.77,
Shot Chart Detail,22301212,36,1630578,Alperen Sengun,1610612745,Houston Rockets,1,9,24,Made Shot,Running Layup Shot,2PT Field Goal,Restricted Area,Center(C),Less Than 8 ft.,3,31,10,1,1,20231206,HOU,OKC,2230121236,1560,0,1627832|1628415|1630224|1630578|1631095,1,REG,2024,1630581|1631096,2.0,,,,,C,Shot Creator,0.77,1627832.0
Shot Chart Detail,22301212,85,1630578,Alperen Sengun,1610612745,Houston Rockets,1,3,46,Made Shot,Turnaround Hook Shot,2PT Field Goal,Restricted Area,Center(C),Less Than 8 ft.,3,13,34,1,1,20231206,HOU,OKC,2230121285,4940,0,1627832|1628415|1630224|1630578|1631095,1,REG,2024,1631096,9.0,C,Anchor Big,2.06,Sengun 4' Turnaround Hook Shot (6 PTS) (Green 1 AST),C,Shot Creator,0.77,1630224.0
Shot Chart Detail,22301212,104,1630578,Alperen Sengun,1610612745,Houston Rockets,1,3,6,Made Shot,Cutting Layup Shot,2PT Field Goal,Restricted Area,Center(C),Less Than 8 ft.,3,-7,34,1,1,20231206,HOU,OKC,22301212104,5340,0,1627832|1628988|1630256|1630578|1631106,1,REG,2024,1631119,11.0,C,Anchor Big,0.93,Sengun 3' Cutting Layup Shot (8 PTS) (VanVleet 5 AST),C,Shot Creator,0.77,1627832.0
Shot Chart Detail,22301212,108,1630578,Alperen Sengun,1610612745,Houston Rockets,1,2,35,Missed Shot,Jump Shot,3PT Field Goal,Above the Break 3,Left Side Center(LC),24+ ft.,25,-185,179,1,0,20231206,HOU,OKC,22301212108,5650,0,1627832|1628988|1630256|1630578|1631106,0,REG,2024,1631119,11.0,C,Anchor Big,0.93,MISS Sengun 26' 3PT Jump Shot,C,Shot Creator,0.77,
Shot Chart Detail,22301212,266,1630578,Alperen Sengun,1610612745,Houston Rockets,2,5,44,Made Shot,Turnaround Hook Shot,2PT Field Goal,Restricted Area,Center(C),Less Than 8 ft.,1,9,15,1,1,20231206,HOU,OKC,22301212266,10960,0,1627832|1628415|1628988|1630224|1630578,1,REG,2024,1630598,10.0,SG,Chaser,-0.42,Sengun 2' Turnaround Hook Shot (10 PTS) (VanVleet 7 AST),C,Shot Creator,0.77,1627832.0
Shot Chart Detail,22301212,334,1630578,Alperen Sengun,1610612745,Houston Rockets,2,1,39,Made Shot,Finger Roll Layup Shot,2PT Field Goal,Restricted Area,Center(C),Less Than 8 ft.,2,-20,10,1,1,20231206,HOU,OKC,22301212334,13410,0,1627832|1628415|1630578|1631095|1631106,0,REG,2024,1631096,10.0,C,Anchor Big,2.06,Sengun 2' Finger Roll Layup (13 PTS),C,Shot Creator,0.77,
Shot Chart Detail,22301212,341,1630578,Alperen Sengun,1610612745,Houston Rockets,2,0,45,Missed Shot,Driving Dunk Shot,2PT Field Goal,Restricted Area,Center(C),Less Than 8 ft.,1,10,1,1,0,20231206,HOU,OKC,22301212341,13950,0,1627832|1628415|1630578|1631095|1631106,0,REG,2024,1631114|1631096,8.0,,,,,C,Shot Creator,0.77,
Shot Chart Detail,22301212,415,1630578,Alperen Sengun,1610612745,Houston Rockets,3,7,25,Missed Shot,Jump Bank Shot,3PT Field Goal,Above the Break 3,Left Side Center(LC),24+ ft.,33,-154,300,1,0,20231206,HOU,OKC,22301212415,17150,0,1627832|1628415|1630224|1630578|1631095,0,REG,2024,1631096,9.0,C,Anchor Big,2.06,MISS Sengun 34' 3PT Jump Bank Shot,C,Shot Creator,0.77,
Shot Chart Detail,22301212,653,1630578,Alperen Sengun,1610612745,Houston Rockets,4,4,10,Made Shot,Layup Shot,2PT Field Goal,Restricted Area,Center(C),Less Than 8 ft.,3,26,17,1,1,20231206,HOU,OKC,22301212653,26300,0,1627832|1628415|1628988|1630224|1630578,1,REG,2024,1629026|1641717,14.0,,,,,C,Shot Creator,0.77,1628415.0
Shot Chart Detail,22301212,660,1630578,Alperen Sengun,1610612745,Houston Rockets,4,3,44,Made Shot,Layup Shot,2PT Field Goal,Restricted Area,Center(C),Less Than 8 ft.,1,-16,4,1,1,20231206,HOU,OKC,22301212660,26560,0,1627832|1628415|1628988|1630224|1630578,1,REG,2024,1631114|1629026,14.0,,,,,C,Shot Creator,0.77,1627832.0
Shot Chart Detail,22301224,15,1630578,Alperen Sengun,1610612745,Houston Rockets,1,11,16,Made Shot,Driving Layup Shot,2PT Field Goal,Restricted Area,Center(C),Less Than 8 ft.,1,1,12,1,1,20231208,DEN,HOU,2230122415,440,0,1627832|1628415|1630224|1630578|1631095,1,REG,2024,203484,2.0,SG,Wing Stopper,0.8,Sengun 1' Driving Layup (2 PTS) (Smith Jr. 1 AST),C,Shot Creator,0.77,1631095.0
Shot Chart Detail,22301224,57,1630578,Alperen Sengun,1610612745,Houston Rockets,1,7,55,Made Shot,Floating Jump shot,2PT Field Goal,In The Paint (Non-RA),Center(C),8-16 ft.,10,-20,106,1,1,20231208,DEN,HOU,2230122457,2450,0,1627832|1628415|1630224|1630578|1631095,1,REG,2024,203999,-1.0,C,Mobile Big,1.66,Sengun 11' Floating Jump Shot (5 PTS) (Smith Jr. 2 AST),C,Shot Creator,0.77,1631095.0
Shot Chart Detail,22301224,71,1630578,Alperen Sengun,1610612745,Houston Rockets,1,6,34,Made Shot,Jump Shot,2PT Field Goal,Mid-Range,Right Side(R),8-16 ft.,14,148,-5,1,1,20231208,DEN,HOU,2230122471,3260,0,1627832|1628415|1630224|1630578|1631095,0,REG,2024,203999,-5.0,C,Mobile Big,1.66,Sengun 15' Jump Shot (7 PTS),C,Shot Creator,0.77,
Shot Chart Detail,22301224,101,1630578,Alperen Sengun,1610612745,Houston Rockets,1,4,0,Made Shot,Driving Layup Shot,2PT Field Goal,Restricted Area,Center(C),Less Than 8 ft.,1,11,12,1,1,20231208,DEN,HOU,22301224101,4800,0,201145|1627832|1628415|1628988|1630578,0,REG,2024,203999,5.0,C,Mobile Big,1.66,Sengun 2' Driving Layup (9 PTS),C,Shot Creator,0.77,
Shot Chart Detail,22301224,229,1630578,Alperen Sengun,1610612745,Houston Rockets,2,7,3,Missed Shot,Fadeaway Jump Shot,2PT Field Goal,Mid-Range,Left Side(L),8-16 ft.,12,-103,78,1,0,20231208,DEN,HOU,22301224229,10170,0,1627832|1628415|1630224|1630578|1631095,0,REG,2024,201599,2.0,C,Anchor Big,0.13,MISS Sengun 13' Fadeaway Jumper,C,Shot Creator,0.77,
Shot Chart Detail,22301224,233,1630578,Alperen Sengun,1610612745,Houston Rockets,2,6,21,Missed Shot,Floating Jump shot,2PT Field Goal,In The Paint (Non-RA),Center(C),8-16 ft.,9,-11,95,1,0,20231208,DEN,HOU,22301224233,10590,0,1627832|1628415|1630224|1630578|1631095,0,REG,2024,1631212,0.0,SF,Helper,0.46,MISS Sengun 10' Floating Jump Shot,C,Shot Creator,0.77,
Shot Chart Detail,22301224,249,1630578,Alperen Sengun,1610612745,Houston Rockets,2,5,29,Made Shot,Driving Reverse Layup Shot,2PT Field Goal,Restricted Area,Center(C),Less Than 8 ft.,0,4,7,1,1,20231208,DEN,HOU,22301224249,11110,0,1627832|1628415|1630224|1630578|1631095,0,REG,2024,203999,5.0,C,Mobile Big,1.66,Sengun 1' Driving Reverse Layup (12 PTS),C,Shot Creator,0.77,
Shot Chart Detail,22301224,295,1630578,Alperen Sengun,1610612745,Houston Rockets,2,0,51,Missed Shot,Jump Shot,3PT Field Goal,Above the Break 3,Right Side Center(RC),24+ ft.,25,86,239,1,0,20231208,DEN,HOU,22301224295,13890,0,1627832|1628415|1630224|1630578|1631095,0,REG,2024,203999,7.0,C,Mobile Big,1.66,MISS Sengun 25' 3PT Jump Shot,C,Shot Creator,0.77,
Shot Chart Detail,22301224,413,1630578,Alperen Sengun,1610612745,Houston Rockets,3,3,54,Made Shot,Turnaround Hook Shot,2PT Field Goal,Restricted Area,Center(C),Less Than 8 ft.,2,-7,26,1,1,20231208,DEN,HOU,22301224413,19260,0,201145|1628988|1630224|1630578|1631106,1,REG,2024,203999,10.0,C,Mobile Big,1.66,Sengun 3' Turnaround Hook Shot (15 PTS) (Ja. Green 1 AST),C,Shot Creator,0.77,1630224.0
Shot Chart Detail,22301224,447,1630578,Alperen Sengun,1610612745,Houston Rockets,3,1,53,Made Shot,Jump Shot,2PT Field Goal,In The Paint (Non-RA),Center(C),8-16 ft.,10,-48,98,1,1,20231208,DEN,HOU,22301224447,20470,0,201145|1628988|1630224|1630578|1631106,1,REG,2024,203999,16.0,C,Mobile Big,1.66,Sengun 11' Jump Shot (17 PTS) (Eason 2 AST),C,Shot Creator,0.77,1631106.0
Shot Chart Detail,22301224,544,1630578,Alperen Sengun,1610612745,Houston Rockets,4,6,30,Missed Shot,Fadeaway Jump Shot,2PT Field Goal,Mid-Range,Left Side Center(LC),16-24 ft.,17,-83,151,1,0,20231208,DEN,HOU,22301224544,24900,0,201145|1627832|1628415|1630224|1630578,0,REG,2024,203999,18.0,C,Mobile Big,1.66,MISS Sengun 17' Fadeaway Jumper,C,Shot Creator,0.77,
Shot Chart Detail,22301224,553,1630578,Alperen Sengun,1610612745,Houston Rockets,4,5,18,Missed Shot,Floating Jump shot,2PT Field Goal,In The Paint (Non-RA),Center(C),Less Than 8 ft.,5,7,57,1,0,20231208,DEN,HOU,22301224553,25620,0,201145|1627832|1628415|1630224|1630578,0,REG,2024,203999,14.0,C,Mobile Big,1.66,MISS Sengun 6' Floating Jump Shot,C,Shot Creator,0.77,
Shot Chart Detail,22301224,561,1630578,Alperen Sengun,1610612745,Houston Rockets,4,4,35,Missed Shot,Driving Floating Jump Shot,2PT Field Goal,In The Paint (Non-RA),Center(C),8-16 ft.,8,32,74,1,0,20231208,DEN,HOU,22301224561,26050,0,201145|1627832|1628415|1630224|1630578,0,REG,2024,203999,14.0,C,Mobile Big,1.66,Jokic BLOCK (2 BLK),C,Shot Creator,0.77,
Shot Chart Detail,22301224,611,1630578,Alperen Sengun,1610612745,Houston Rockets,4,1,27,Missed Shot,Layup Shot,2PT Field Goal,Restricted Area,Center(C),Less Than 8 ft.,3,29,20,1,0,20231208,DEN,HOU,22301224611,27930,0,201145|1627832|1628415|1630224|1630578,0,REG,2024,203999,8.0,C,Mobile Big,1.66,MISS Sengun 4' Layup,C,Shot Creator,0.77,
