GRID_TYPE,GAME_ID,GAME_EVENT_ID,PLAYER_ID,PLAYER_NAME,TEAM_ID,TEAM_NAME,PERIOD,MINUTES_REMAINING,SECONDS_REMAINING,EVENT_TYPE,ACTION_TYPE,SHOT_TYPE,SHOT_ZONE_BASIC,SHOT_ZONE_AREA,SHOT_ZONE_RANGE,SHOT_DISTANCE,LOC_X,LOC_Y,SHOT_ATTEMPTED_FLAG,SHOT_MADE_FLAG,GAME_DATE,HTM,VTM,SHOT_ID,time,extra,PLAYERS_ON,assisted,season_type,year,DEF_ID,DEF_POSITION,DEF_ROLE,D_LEBRON
Shot Chart Detail,22300011,18,202685,Jonas Valanciunas,1610612740,New Orleans Pelicans,1,11,13,Made Shot,Cutting Dunk Shot,2PT Field Goal,Restricted Area,Center(C),Less Than 8 ft.,1,-13,7,1,1,20231110,HOU,NOP,2230001118,470,0,202685|1627742|1629627|1630700|1641722,1,REG,2024,1631095,PF,Wing Stopper,-0.9
Shot Chart Detail,22300011,22,202685,Jonas Valanciunas,1610612740,New Orleans Pelicans,1,10,43,Made Shot,Jump Shot,3PT Field Goal,Above the Break 3,Center(C),24+ ft.,24,76,235,1,1,20231110,HOU,NOP,2230001122,770,0,202685|1627742|1629627|1630700|1641722,1,REG,2024,1630578,C,Mobile Big,-0.14
Shot Chart Detail,22300011,103,202685,Jonas Valanciunas,1610612740,New Orleans Pelicans,1,3,54,Made Shot,Turnaround Fadeaway shot,2PT Field Goal,Mid-Range,Left Side(L),8-16 ft.,9,-93,20,1,1,20231110,HOU,NOP,22300011103,4860,0,202685|1627742|1630346|1630700|1631220,0,REG,2024,1630578,C,Mobile Big,-0.14
Shot Chart Detail,22300011,233,202685,Jonas Valanciunas,1610612740,New Orleans Pelicans,2,7,52,Missed Shot,Putback Layup Shot,2PT Field Goal,In The Paint (Non-RA),Center(C),8-16 ft.,9,-20,95,1,0,20231110,HOU,NOP,22300011233,9680,0,202685|1627742|1630700|1631220|1641722,0,REG,2024,1630578|1627832|201145,,,
Shot Chart Detail,22300011,235,202685,Jonas Valanciunas,1610612740,New Orleans Pelicans,2,7,47,Made Shot,Tip Layup Shot,2PT Field Goal,Restricted Area,Center(C),Less Than 8 ft.,3,-12,33,1,1,20231110,HOU,NOP,22300011235,9730,0,202685|1627742|1630700|1631220|1641722,0,REG,2024,1630578|1627832|201145,,,
Shot Chart Detail,22300011,243,202685,Jonas Valanciunas,1610612740,New Orleans Pelicans,2,6,45,Made Shot,Jump Shot,2PT Field Goal,Mid-Range,Right Side(R),16-24 ft.,17,148,89,1,1,20231110,HOU,NOP,22300011243,10350,0,202685|1627742|1630700|1631220|1641722,1,REG,2024,1630578,C,Mobile Big,-0.14
Shot Chart Detail,22300011,510,202685,Jonas Valanciunas,1610612740,New Orleans Pelicans,4,11,46,Missed Shot,Jump Shot,2PT Field Goal,Mid-Range,Left Side(L),8-16 ft.,15,-153,6,1,0,20231110,HOU,NOP,22300011510,21740,0,202685|1627742|1630526|1630700|1641722,0,REG,2024,201145,PF,,-0.04
Shot Chart Detail,22300011,523,202685,Jonas Valanciunas,1610612740,New Orleans Pelicans,4,9,57,Missed Shot,Turnaround Hook Shot,2PT Field Goal,In The Paint (Non-RA),Center(C),8-16 ft.,8,12,88,1,0,20231110,HOU,NOP,22300011523,22830,0,202685|1627742|1630526|1630700|1641722,0,REG,2024,201145,PF,,-0.04
Shot Chart Detail,22300011,572,202685,Jonas Valanciunas,1610612740,New Orleans Pelicans,4,7,24,Missed Shot,Turnaround Hook Shot,2PT Field Goal,In The Paint (Non-RA),Center(C),Less Than 8 ft.,7,2,78,1,0,20231110,HOU,NOP,22300011572,24360,0,202685|1629627|1630526|1630700|1641722,0,REG,2024,1630578|1627832,,,
Shot Chart Detail,22300011,579,202685,Jonas Valanciunas,1610612740,New Orleans Pelicans,4,6,46,Made Shot,Reverse Layup Shot,2PT Field Goal,Restricted Area,Center(C),Less Than 8 ft.,2,23,17,1,1,20231110,HOU,NOP,22300011579,24740,0,202685|1629627|1630526|1630700|1641722,0,REG,2024,1630578,C,Mobile Big,-0.14
Shot Chart Detail,22300011,595,202685,Jonas Valanciunas,1610612740,New Orleans Pelicans,4,5,32,Missed Shot,Layup Shot,2PT Field Goal,Restricted Area,Center(C),Less Than 8 ft.,1,-5,9,1,0,20231110,HOU,NOP,22300011595,25480,0,202685|1627742|1629627|1630700|1641722,0,REG,2024,1630578,C,Mobile Big,-0.14
Shot Chart Detail,22300011,620,202685,Jonas Valanciunas,1610612740,New Orleans Pelicans,4,4,16,Made Shot,Driving Layup Shot,2PT Field Goal,In The Paint (Non-RA),Center(C),Less Than 8 ft.,6,16,58,1,1,20231110,HOU,NOP,22300011620,26240,0,202685|1627742|1629627|1630700|1641722,0,REG,2024,1630578,C,Mobile Big,-0.14
Shot Chart Detail,22300022,7,202685,Jonas Valanciunas,1610612740,New Orleans Pelicans,1,11,36,Missed Shot,Jump Shot,3PT Field Goal,Above the Break 3,Left Side Center(LC),24+ ft.,25,-145,212,1,0,20231114,NOP,DAL,223000227,240,0,202685|1627742|1629627|1630529|1630700,0,REG,2024,1641726,C,Anchor Big,1.45
Shot Chart Detail,22300022,102,202685,Jonas Valanciunas,1610612740,New Orleans Pelicans,1,3,56,Missed Shot,Jump Shot,3PT Field Goal,Above the Break 3,Center(C),24+ ft.,25,-29,257,1,0,20231114,NOP,DAL,22300022102,4840,0,202685|1627742|1630230|1630529|1641722,0,REG,2024,203939,PF,Helper,0.02
Shot Chart Detail,22300022,120,202685,Jonas Valanciunas,1610612740,New Orleans Pelicans,1,2,32,Made Shot,Running Dunk Shot,2PT Field Goal,Restricted Area,Center(C),Less Than 8 ft.,0,-4,5,1,1,20231114,NOP,DAL,22300022120,5680,0,202685|1627742|1630230|1630529|1641722,1,REG,2024,203939,PF,Helper,0.02
Shot Chart Detail,22300022,369,202685,Jonas Valanciunas,1610612740,New Orleans Pelicans,3,11,29,Made Shot,Turnaround Fadeaway shot,2PT Field Goal,In The Paint (Non-RA),Center(C),Less Than 8 ft.,5,-53,26,1,1,20231114,NOP,DAL,22300022369,14710,0,202685|1627742|1629627|1630529|1630700,1,REG,2024,1641726,C,Anchor Big,1.45
Shot Chart Detail,22300022,421,202685,Jonas Valanciunas,1610612740,New Orleans Pelicans,3,7,13,Made Shot,Driving Dunk Shot,2PT Field Goal,Restricted Area,Center(C),Less Than 8 ft.,0,1,9,1,1,20231114,NOP,DAL,22300022421,17270,0,202685|1627742|1629627|1630529|1630700,1,REG,2024,1629029,SG,Low Activity,-0.28
Shot Chart Detail,22300034,26,202685,Jonas Valanciunas,1610612740,New Orleans Pelicans,1,9,31,Made Shot,Hook Shot,2PT Field Goal,In The Paint (Non-RA),Center(C),Less Than 8 ft.,4,-38,21,1,1,20231117,NOP,DEN,2230003426,1490,0,202685|1627742|1629627|1630529|1630700,1,REG,2024,203999,C,Anchor Big,1.96
Shot Chart Detail,22300034,30,202685,Jonas Valanciunas,1610612740,New Orleans Pelicans,1,9,3,Missed Shot,Jump Shot,3PT Field Goal,Above the Break 3,Center(C),24+ ft.,26,-6,260,1,0,20231117,NOP,DEN,2230003430,1770,0,202685|1627742|1629627|1630529|1630700,0,REG,2024,203999,C,Anchor Big,1.96
Shot Chart Detail,22300034,48,202685,Jonas Valanciunas,1610612740,New Orleans Pelicans,1,7,10,Made Shot,Cutting Layup Shot,2PT Field Goal,Restricted Area,Center(C),Less Than 8 ft.,1,1,11,1,1,20231117,NOP,DEN,2230003448,2900,0,202685|1627742|1629627|1630529|1630700,1,REG,2024,203932,PF,Helper,0.06
Shot Chart Detail,22300034,60,202685,Jonas Valanciunas,1610612740,New Orleans Pelicans,1,5,38,Made Shot,Jump Shot,2PT Field Goal,Mid-Range,Right Side(R),8-16 ft.,13,134,5,1,1,20231117,NOP,DEN,2230003460,3820,0,202685|1627742|1629627|1630529|1630700,1,REG,2024,203932,PF,Helper,0.06
Shot Chart Detail,22300034,64,202685,Jonas Valanciunas,1610612740,New Orleans Pelicans,1,5,2,Made Shot,Driving Dunk Shot,2PT Field Goal,Restricted Area,Center(C),Less Than 8 ft.,2,5,21,1,1,20231117,NOP,DEN,2230003464,4180,0,202685|1627742|1629627|1630529|1630700,1,REG,2024,203999,C,Anchor Big,1.96
Shot Chart Detail,22300034,69,202685,Jonas Valanciunas,1610612740,New Orleans Pelicans,1,4,26,Missed Shot,Jump Shot,3PT Field Goal,Above the Break 3,Center(C),24+ ft.,25,-22,256,1,0,20231117,NOP,DEN,2230003469,4540,0,202685|1627742|1629627|1630529|1630700,0,REG,2024,203999,C,Anchor Big,1.96
Shot Chart Detail,22300034,220,202685,Jonas Valanciunas,1610612740,New Orleans Pelicans,2,7,29,Made Shot,Jump Shot,2PT Field Goal,In The Paint (Non-RA),Center(C),8-16 ft.,15,-76,137,1,1,20231117,NOP,DEN,22300034220,9910,0,202685|1627742|1630346|1630529|1641722,1,REG,2024,203999,C,Anchor Big,1.96
Shot Chart Detail,22300034,224,202685,Jonas Valanciunas,1610612740,New Orleans Pelicans,2,6,56,Missed Shot,Jump Shot,2PT Field Goal,Mid-Range,Left Side(L),8-16 ft.,15,-156,28,1,0,20231117,NOP,DEN,22300034224,10240,0,202685|1627742|1630346|1630529|1641722,0,REG,2024,203999,C,Anchor Big,1.96
Shot Chart Detail,22300034,230,202685,Jonas Valanciunas,1610612740,New Orleans Pelicans,2,6,30,Missed Shot,Jump Shot,2PT Field Goal,In The Paint (Non-RA),Center(C),Less Than 8 ft.,6,-62,12,1,0,20231117,NOP,DEN,22300034230,10500,0,202685|1627742|1630346|1630529|1641722,0,REG,2024,203999,C,Anchor Big,1.96
Shot Chart Detail,22300034,260,202685,Jonas Valanciunas,1610612740,New Orleans Pelicans,2,4,36,Made Shot,Cutting Layup Shot,2PT Field Goal,Restricted Area,Center(C),Less Than 8 ft.,2,17,11,1,1,20231117,NOP,DEN,22300034260,11640,0,202685|1627742|1630230|1630529|1641722,1,REG,2024,203932|1631128,,,
Shot Chart Detail,22300034,294,202685,Jonas Valanciunas,1610612740,New Orleans Pelicans,2,2,52,Made Shot,Jump Shot,3PT Field Goal,Left Corner 3,Left Side(L),24+ ft.,23,-233,-20,1,1,20231117,NOP,DEN,22300034294,12680,0,202685|1627742|1629627|1630230|1641722,1,REG,2024,202704,PG,,-0.94
Shot Chart Detail,22300034,298,202685,Jonas Valanciunas,1610612740,New Orleans Pelicans,2,2,21,Made Shot,Layup Shot,2PT Field Goal,Restricted Area,Center(C),Less Than 8 ft.,1,16,-3,1,1,20231117,NOP,DEN,22300034298,12990,0,202685|1627742|1629627|1630230|1641722,1,REG,2024,203999,C,Anchor Big,1.96
Shot Chart Detail,22300034,383,202685,Jonas Valanciunas,1610612740,New Orleans Pelicans,3,9,35,Missed Shot,Layup Shot,2PT Field Goal,In The Paint (Non-RA),Center(C),Less Than 8 ft.,4,44,13,1,0,20231117,NOP,DEN,22300034383,15850,0,202685|1627742|1629627|1630529|1630700,0,REG,2024,203999,C,Anchor Big,1.96
Shot Chart Detail,22300034,385,202685,Jonas Valanciunas,1610612740,New Orleans Pelicans,3,9,30,Made Shot,Tip Layup Shot,2PT Field Goal,Restricted Area,Center(C),Less Than 8 ft.,0,0,0,1,1,20231117,NOP,DEN,22300034385,15900,0,202685|1627742|1629627|1630529|1630700,0,REG,2024,1629008|203999,,,
Shot Chart Detail,22300034,427,202685,Jonas Valanciunas,1610612740,New Orleans Pelicans,3,6,11,Missed Shot,Layup Shot,2PT Field Goal,In The Paint (Non-RA),Center(C),Less Than 8 ft.,5,-42,32,1,0,20231117,NOP,DEN,22300034427,17890,0,202685|1627742|1630529|1630700|1641722,0,REG,2024,,,,
Shot Chart Detail,22300034,443,202685,Jonas Valanciunas,1610612740,New Orleans Pelicans,3,4,35,Made Shot,Putback Layup Shot,2PT Field Goal,Restricted Area,Center(C),Less Than 8 ft.,0,0,0,1,1,20231117,NOP,DEN,22300034443,18850,0,202685|1627742|1630529|1630700|1641722,0,REG,2024,203999,C,Anchor Big,1.96
Shot Chart Detail,22300034,456,202685,Jonas Valanciunas,1610612740,New Orleans Pelicans,3,3,41,Missed Shot,Layup Shot,2PT Field Goal,Restricted Area,Center(C),Less Than 8 ft.,2,18,9,1,0,20231117,NOP,DEN,22300034456,19390,0,202685|1627742|1630230|1630529|1641722,0,REG,2024,203999|1631212,,,
Shot Chart Detail,22300034,593,202685,Jonas Valanciunas,1610612740,New Orleans Pelicans,4,5,13,Missed Shot,Jump Shot,2PT Field Goal,Mid-Range,Left Side(L),16-24 ft.,18,-185,8,1,0,20231117,NOP,DEN,22300034593,25670,0,202685|1627742|1629627|1630346|1630529,0,REG,2024,203999,C,Anchor Big,1.96
Shot Chart Detail,22300052,35,202685,Jonas Valanciunas,1610612740,New Orleans Pelicans,1,8,10,Made Shot,Jump Shot,3PT Field Goal,Left Corner 3,Left Side(L),24+ ft.,23,-232,27,1,1,20231124,LAC,NOP,2230005235,2300,0,202685|1627742|1629627|1630529|1630700,1,REG,2024,1627826,C,Anchor Big,0.44
Shot Chart Detail,22300052,55,202685,Jonas Valanciunas,1610612740,New Orleans Pelicans,1,6,31,Made Shot,Jump Shot,2PT Field Goal,Mid-Range,Center(C),16-24 ft.,16,12,161,1,1,20231124,LAC,NOP,2230005255,3290,0,202685|1627742|1629627|1630529|1630700,1,REG,2024,1627826,C,Anchor Big,0.44
Shot Chart Detail,22300052,351,202685,Jonas Valanciunas,1610612740,New Orleans Pelicans,3,10,31,Made Shot,Jump Shot,3PT Field Goal,Above the Break 3,Right Side Center(RC),24+ ft.,26,132,225,1,1,20231124,LAC,NOP,22300052351,15290,0,202685|1627742|1629627|1630529|1630700,1,REG,2024,202695,SF,,-0.57
Shot Chart Detail,22300052,358,202685,Jonas Valanciunas,1610612740,New Orleans Pelicans,3,9,59,Missed Shot,Jump Shot,2PT Field Goal,Mid-Range,Right Side Center(RC),16-24 ft.,19,113,164,1,0,20231124,LAC,NOP,22300052358,15610,0,202685|1627742|1629627|1630529|1630700,0,REG,2024,1627826,C,Anchor Big,0.44
Shot Chart Detail,22300052,404,202685,Jonas Valanciunas,1610612740,New Orleans Pelicans,3,6,6,Made Shot,Cutting Layup Shot,2PT Field Goal,Restricted Area,Center(C),Less Than 8 ft.,2,-18,16,1,1,20231124,LAC,NOP,22300052404,17940,0,202685|1627742|1629627|1630230|1630700,1,REG,2024,1627826|201935,,,
Shot Chart Detail,22300052,605,202685,Jonas Valanciunas,1610612740,New Orleans Pelicans,4,6,18,Missed Shot,Tip Layup Shot,2PT Field Goal,Restricted Area,Center(C),Less Than 8 ft.,0,0,0,1,0,20231124,LAC,NOP,22300052605,25020,0,202685|1627742|1630230|1630700|1641722,0,REG,2024,1627826|1626181,,,
Shot Chart Detail,22300071,48,202685,Jonas Valanciunas,1610612740,New Orleans Pelicans,1,8,29,Made Shot,Jump Shot,3PT Field Goal,Above the Break 3,Center(C),24+ ft.,24,-58,235,1,1,20231025,MEM,NOP,2230007148,2110,0,202685|203468|1627742|1629627|1630529,1,REG,2024,,,,
Shot Chart Detail,22300071,59,202685,Jonas Valanciunas,1610612740,New Orleans Pelicans,1,7,46,Missed Shot,Turnaround Hook Shot,2PT Field Goal,Restricted Area,Center(C),Less Than 8 ft.,3,-10,30,1,0,20231025,MEM,NOP,2230007159,2540,0,202685|203468|1627742|1629627|1630529,0,REG,2024,1630217|1628991,,,
Shot Chart Detail,22300071,203,202685,Jonas Valanciunas,1610612740,New Orleans Pelicans,2,10,25,Missed Shot,Jump Shot,3PT Field Goal,Above the Break 3,Center(C),24+ ft.,26,13,260,1,0,20231025,MEM,NOP,22300071203,8150,0,202685|203468|1630346|1630700|1641722,0,REG,2024,,,,
Shot Chart Detail,22300071,253,202685,Jonas Valanciunas,1610612740,New Orleans Pelicans,2,7,9,Made Shot,Jump Shot,3PT Field Goal,Above the Break 3,Right Side Center(RC),24+ ft.,25,96,235,1,1,20231025,MEM,NOP,22300071253,10110,0,202685|203468|1627742|1630346|1630529,1,REG,2024,1628991,PF,Helper,1.03
Shot Chart Detail,22300071,290,202685,Jonas Valanciunas,1610612740,New Orleans Pelicans,2,4,37,Made Shot,Floating Jump shot,2PT Field Goal,In The Paint (Non-RA),Center(C),Less Than 8 ft.,5,44,36,1,1,20231025,MEM,NOP,22300071290,11630,0,202685|1627742|1629627|1630346|1630529,1,REG,2024,,,,
Shot Chart Detail,22300071,367,202685,Jonas Valanciunas,1610612740,New Orleans Pelicans,3,11,42,Missed Shot,Jump Shot,3PT Field Goal,Right Corner 3,Right Side(R),24+ ft.,22,229,11,1,0,20231025,MEM,NOP,22300071367,14580,0,202685|203468|1627742|1629627|1630529,0,REG,2024,,,,
Shot Chart Detail,22300071,563,202685,Jonas Valanciunas,1610612740,New Orleans Pelicans,4,8,22,Made Shot,Turnaround Bank Hook Shot,2PT Field Goal,In The Paint (Non-RA),Center(C),Less Than 8 ft.,5,34,42,1,1,20231025,MEM,NOP,22300071563,23780,0,202685|203468|1630346|1630529|1641722,1,REG,2024,1628991,PF,Helper,1.03
Shot Chart Detail,22300090,37,202685,Jonas Valanciunas,1610612740,New Orleans Pelicans,1,8,40,Missed Shot,Turnaround Jump Shot,2PT Field Goal,In The Paint (Non-RA),Center(C),Less Than 8 ft.,4,38,23,1,0,20231028,NOP,NYK,2230009037,2000,0,202685|203468|1627742|1629627|1630529,0,REG,2024,1629011,C,Anchor Big,2.06
Shot Chart Detail,22300090,196,202685,Jonas Valanciunas,1610612740,New Orleans Pelicans,2,8,34,Missed Shot,Layup Shot,2PT Field Goal,Restricted Area,Center(C),Less Than 8 ft.,3,-21,23,1,0,20231028,NOP,NYK,22300090196,9260,0,203468|1626204|1630346|1630700|1641722,0,REG,2024,,,,
Shot Chart Detail,22300090,356,202685,Jonas Valanciunas,1610612740,New Orleans Pelicans,3,9,2,Missed Shot,Jump Shot,3PT Field Goal,Above the Break 3,Center(C),24+ ft.,26,-4,261,1,0,20231028,NOP,NYK,22300090356,16180,0,202685|203468|1627742|1629627|1630529,0,REG,2024,1629011,C,Anchor Big,2.06
Shot Chart Detail,22300090,509,202685,Jonas Valanciunas,1610612740,New Orleans Pelicans,4,11,17,Made Shot,Jump Shot,2PT Field Goal,In The Paint (Non-RA),Left Side(L),8-16 ft.,12,-69,104,1,1,20231028,NOP,NYK,22300090509,22030,0,202685|203468|1630346|1630529|1641722,1,REG,2024,1628392,PF,Mobile Big,0.26
Shot Chart Detail,22300090,526,202685,Jonas Valanciunas,1610612740,New Orleans Pelicans,4,10,1,Made Shot,Jump Shot,2PT Field Goal,In The Paint (Non-RA),Center(C),8-16 ft.,11,-15,114,1,1,20231028,NOP,NYK,22300090526,22790,0,202685|203468|1630346|1630529|1641722,1,REG,2024,,,,
Shot Chart Detail,22300090,537,202685,Jonas Valanciunas,1610612740,New Orleans Pelicans,4,9,13,Made Shot,Turnaround Fadeaway shot,2PT Field Goal,In The Paint (Non-RA),Center(C),8-16 ft.,11,-9,113,1,1,20231028,NOP,NYK,22300090537,23270,0,202685|203468|1630346|1630529|1641722,0,REG,2024,1629011,C,Anchor Big,2.06
Shot Chart Detail,22300090,543,202685,Jonas Valanciunas,1610612740,New Orleans Pelicans,4,8,48,Missed Shot,Jump Shot,2PT Field Goal,Mid-Range,Left Side(L),8-16 ft.,14,-87,114,1,0,20231028,NOP,NYK,22300090543,23520,0,202685|203468|1630346|1630529|1641722,0,REG,2024,1629011,C,Anchor Big,2.06
Shot Chart Detail,22300108,9,202685,Jonas Valanciunas,1610612740,New Orleans Pelicans,1,11,26,Missed Shot,Jump Shot,2PT Field Goal,Mid-Range,Right Side(R),16-24 ft.,16,147,83,1,0,20231030,NOP,GSW,223001089,340,0,202685|203468|1629627|1630529|1641722,0,REG,2024,1626172,PF,Helper,-0.97
Shot Chart Detail,22300108,12,202685,Jonas Valanciunas,1610612740,New Orleans Pelicans,1,10,48,Missed Shot,Jump Shot,3PT Field Goal,Above the Break 3,Right Side Center(RC),24+ ft.,24,217,119,1,0,20231030,NOP,GSW,2230010812,720,0,202685|203468|1629627|1630529|1641722,0,REG,2024,1626172,PF,Helper,-0.97
Shot Chart Detail,22300108,32,202685,Jonas Valanciunas,1610612740,New Orleans Pelicans,1,9,29,Made Shot,Jump Shot,3PT Field Goal,Above the Break 3,Left Side Center(LC),24+ ft.,25,-154,201,1,1,20231030,NOP,GSW,2230010832,1510,0,202685|203468|1629627|1630529|1641722,1,REG,2024,1626172,PF,Helper,-0.97
Shot Chart Detail,22300108,50,202685,Jonas Valanciunas,1610612740,New Orleans Pelicans,1,7,32,Missed Shot,Hook Shot,2PT Field Goal,In The Paint (Non-RA),Center(C),Less Than 8 ft.,7,37,66,1,0,20231030,NOP,GSW,2230010850,2680,0,202685|203468|1629627|1630529|1641722,0,REG,2024,1626172|1630541|201939,,,
Shot Chart Detail,22300108,171,202685,Jonas Valanciunas,1610612740,New Orleans Pelicans,2,10,45,Made Shot,Driving Hook Shot,2PT Field Goal,In The Paint (Non-RA),Center(C),Less Than 8 ft.,6,2,64,1,1,20231030,NOP,GSW,22300108171,7950,0,202685|203468|1630346|1630529|1641722,0,REG,2024,1631218,PF,Mobile Big,1.2
Shot Chart Detail,22300108,204,202685,Jonas Valanciunas,1610612740,New Orleans Pelicans,2,8,29,Missed Shot,Jump Shot,3PT Field Goal,Above the Break 3,Left Side Center(LC),24+ ft.,26,-151,214,1,0,20231030,NOP,GSW,22300108204,9310,0,202685|203468|1630346|1630529|1641722,0,REG,2024,1626172,PF,Helper,-0.97
Shot Chart Detail,22300108,411,202685,Jonas Valanciunas,1610612740,New Orleans Pelicans,3,7,16,Made Shot,Tip Layup Shot,2PT Field Goal,Restricted Area,Center(C),Less Than 8 ft.,0,0,0,1,1,20231030,NOP,GSW,22300108411,17240,0,202685|203468|1629627|1630700|1641722,0,REG,2024,203952|203110,,,
Shot Chart Detail,22300108,578,202685,Jonas Valanciunas,1610612740,New Orleans Pelicans,4,8,23,Missed Shot,Jump Shot,3PT Field Goal,Left Corner 3,Left Side(L),24+ ft.,22,-227,20,1,0,20231030,NOP,GSW,22300108578,23770,0,202685|203468|1629627|1630184|1630529,0,REG,2024,1626172,PF,Helper,-0.97
Shot Chart Detail,22300108,586,202685,Jonas Valanciunas,1610612740,New Orleans Pelicans,4,7,50,Missed Shot,Jump Shot,3PT Field Goal,Above the Break 3,Center(C),24+ ft.,24,-33,247,1,0,20231030,NOP,GSW,22300108586,24100,0,202685|203468|1629627|1630184|1630529,0,REG,2024,1626172,PF,Helper,-0.97
Shot Chart Detail,22300108,608,202685,Jonas Valanciunas,1610612740,New Orleans Pelicans,4,6,50,Made Shot,Cutting Dunk Shot,2PT Field Goal,Restricted Area,Center(C),Less Than 8 ft.,0,1,4,1,1,20231030,NOP,GSW,22300108608,24700,0,202685|203468|1629627|1630529|1630700,1,REG,2024,203110,SF,,1.0
Shot Chart Detail,22300108,621,202685,Jonas Valanciunas,1610612740,New Orleans Pelicans,4,6,6,Missed Shot,Hook Shot,2PT Field Goal,In The Paint (Non-RA),Center(C),Less Than 8 ft.,5,-45,37,1,0,20231030,NOP,GSW,22300108621,25140,0,202685|203468|1629627|1630529|1630700,0,REG,2024,1626172,PF,Helper,-0.97
Shot Chart Detail,22300121,16,202685,Jonas Valanciunas,1610612740,New Orleans Pelicans,1,10,38,Missed Shot,Jump Shot,2PT Field Goal,Mid-Range,Left Side Center(LC),16-24 ft.,19,-94,169,1,0,20231101,OKC,NOP,2230012116,820,0,202685|203468|1629627|1630529|1641722,0,REG,2024,1631096,C,Anchor Big,2.06
Shot Chart Detail,22300121,26,202685,Jonas Valanciunas,1610612740,New Orleans Pelicans,1,9,37,Missed Shot,Turnaround Jump Shot,2PT Field Goal,In The Paint (Non-RA),Center(C),Less Than 8 ft.,7,-72,6,1,0,20231101,OKC,NOP,2230012126,1430,0,202685|203468|1629627|1630529|1641722,0,REG,2024,1631096,C,Anchor Big,2.06
Shot Chart Detail,22300121,195,202685,Jonas Valanciunas,1610612740,New Orleans Pelicans,2,11,47,Made Shot,Hook Shot,2PT Field Goal,Restricted Area,Center(C),Less Than 8 ft.,1,11,14,1,1,20231101,OKC,NOP,22300121195,7330,0,202685|203468|1630346|1630700|1641722,1,REG,2024,1631096,C,Anchor Big,2.06
Shot Chart Detail,22300121,203,202685,Jonas Valanciunas,1610612740,New Orleans Pelicans,2,10,58,Missed Shot,Jump Shot,2PT Field Goal,Mid-Range,Left Side(L),8-16 ft.,12,-124,22,1,0,20231101,OKC,NOP,22300121203,7820,0,202685|203468|1630346|1630700|1641722,0,REG,2024,1631096|1631114,,,
Shot Chart Detail,22300121,247,202685,Jonas Valanciunas,1610612740,New Orleans Pelicans,2,7,59,Made Shot,Layup Shot,2PT Field Goal,Restricted Area,Center(C),Less Than 8 ft.,1,15,3,1,1,20231101,OKC,NOP,22300121247,9610,0,202685|203468|1629627|1630529|1641722,1,REG,2024,1641717|1631096,,,
Shot Chart Detail,22300121,460,202685,Jonas Valanciunas,1610612740,New Orleans Pelicans,3,8,52,Made Shot,Putback Layup Shot,2PT Field Goal,Restricted Area,Center(C),Less Than 8 ft.,1,11,13,1,1,20231101,OKC,NOP,22300121460,16280,0,202685|203468|1629627|1630700|1641722,0,REG,2024,1631096,C,Anchor Big,2.06
Shot Chart Detail,22300121,468,202685,Jonas Valanciunas,1610612740,New Orleans Pelicans,3,8,22,Made Shot,Jump Shot,3PT Field Goal,Above the Break 3,Left Side Center(LC),24+ ft.,25,-135,214,1,1,20231101,OKC,NOP,22300121468,16580,0,202685|203468|1629627|1630700|1641722,1,REG,2024,1631096,C,Anchor Big,2.06
Shot Chart Detail,22300121,487,202685,Jonas Valanciunas,1610612740,New Orleans Pelicans,3,6,49,Made Shot,Dunk Shot,2PT Field Goal,Restricted Area,Center(C),Less Than 8 ft.,2,-26,10,1,1,20231101,OKC,NOP,22300121487,17510,0,202685|203468|1629627|1630700|1641722,1,REG,2024,1631096,C,Anchor Big,2.06
Shot Chart Detail,22300121,499,202685,Jonas Valanciunas,1610612740,New Orleans Pelicans,3,5,24,Missed Shot,Turnaround Jump Shot,2PT Field Goal,Mid-Range,Left Side(L),8-16 ft.,13,-118,63,1,0,20231101,OKC,NOP,22300121499,18360,0,202685|203468|1629627|1630700|1641722,0,REG,2024,1631096,C,Anchor Big,2.06
Shot Chart Detail,22300121,668,202685,Jonas Valanciunas,1610612740,New Orleans Pelicans,4,7,1,Made Shot,Driving Hook Shot,2PT Field Goal,Restricted Area,Center(C),Less Than 8 ft.,2,6,22,1,1,20231101,OKC,NOP,22300121668,24590,0,202685|203468|1630346|1630529|1641722,1,REG,2024,1631096|1630198,,,
Shot Chart Detail,22300129,7,202685,Jonas Valanciunas,1610612740,New Orleans Pelicans,1,11,33,Missed Shot,Turnaround Fadeaway shot,2PT Field Goal,Mid-Range,Right Side(R),8-16 ft.,11,89,67,1,0,20231102,NOP,DET,223001297,270,0,202685|203468|1630346|1630529|1641722,0,REG,2024,1631105,C,Mobile Big,0.06
Shot Chart Detail,22300129,22,202685,Jonas Valanciunas,1610612740,New Orleans Pelicans,1,9,37,Made Shot,Driving Layup Shot,2PT Field Goal,In The Paint (Non-RA),Center(C),Less Than 8 ft.,4,-9,42,1,1,20231102,NOP,DET,2230012922,1430,0,202685|203468|1630346|1630529|1641722,1,REG,2024,1631105,C,Mobile Big,0.06
Shot Chart Detail,22300129,28,202685,Jonas Valanciunas,1610612740,New Orleans Pelicans,1,8,39,Missed Shot,Jump Shot,3PT Field Goal,Above the Break 3,Center(C),24+ ft.,25,59,252,1,0,20231102,NOP,DET,2230012928,2010,0,202685|203468|1630346|1630529|1641722,0,REG,2024,1641709,SF,Point of Attack,1.28
Shot Chart Detail,22300129,220,202685,Jonas Valanciunas,1610612740,New Orleans Pelicans,2,8,59,Made Shot,Turnaround Hook Shot,2PT Field Goal,In The Paint (Non-RA),Center(C),Less Than 8 ft.,6,1,68,1,1,20231102,NOP,DET,22300129220,9010,0,202685|203468|1630346|1630529|1631220,1,REG,2024,1631105,C,Mobile Big,0.06
Shot Chart Detail,22300129,246,202685,Jonas Valanciunas,1610612740,New Orleans Pelicans,2,7,21,Made Shot,Tip Layup Shot,2PT Field Goal,Restricted Area,Center(C),Less Than 8 ft.,0,0,0,1,1,20231102,NOP,DET,22300129246,9990,0,202685|1630184|1630346|1630700|1631220,0,REG,2024,1641709,SF,Point of Attack,1.28
Shot Chart Detail,22300129,263,202685,Jonas Valanciunas,1610612740,New Orleans Pelicans,2,6,10,Made Shot,Driving Layup Shot,2PT Field Goal,In The Paint (Non-RA),Center(C),Less Than 8 ft.,4,27,36,1,1,20231102,NOP,DET,22300129263,10700,0,202685|1630184|1630346|1630700|1631220,0,REG,2024,1631105,C,Mobile Big,0.06
Shot Chart Detail,22300129,272,202685,Jonas Valanciunas,1610612740,New Orleans Pelicans,2,5,15,Made Shot,Jump Shot,3PT Field Goal,Above the Break 3,Right Side Center(RC),24+ ft.,26,147,216,1,1,20231102,NOP,DET,22300129272,11250,0,202685|1630184|1630700|1631220|1641722,1,REG,2024,1631105,C,Mobile Big,0.06
Shot Chart Detail,22300129,386,202685,Jonas Valanciunas,1610612740,New Orleans Pelicans,3,10,53,Missed Shot,Cutting Dunk Shot,2PT Field Goal,In The Paint (Non-RA),Center(C),Less Than 8 ft.,5,-4,50,1,0,20231102,NOP,DET,22300129386,15070,0,202685|203468|1630346|1630529|1641722,0,REG,2024,1641709,SF,Point of Attack,1.28
Shot Chart Detail,22300129,429,202685,Jonas Valanciunas,1610612740,New Orleans Pelicans,3,7,55,Made Shot,Floating Jump shot,2PT Field Goal,In The Paint (Non-RA),Center(C),Less Than 8 ft.,6,-9,65,1,1,20231102,NOP,DET,22300129429,16850,0,202685|203468|1630346|1630529|1641722,1,REG,2024,1641709|1630191,,,
Shot Chart Detail,22300129,570,202685,Jonas Valanciunas,1610612740,New Orleans Pelicans,4,11,43,Missed Shot,Jump Shot,2PT Field Goal,In The Paint (Non-RA),Center(C),8-16 ft.,11,-59,104,1,0,20231102,NOP,DET,22300129570,21770,0,202685|203468|1630346|1630529|1631220,0,REG,2024,1630191,C,Mobile Big,1.53
Shot Chart Detail,22300129,572,202685,Jonas Valanciunas,1610612740,New Orleans Pelicans,4,11,39,Made Shot,Putback Layup Shot,2PT Field Goal,Restricted Area,Center(C),Less Than 8 ft.,0,0,0,1,1,20231102,NOP,DET,22300129572,21810,0,202685|203468|1630346|1630529|1631220,0,REG,2024,1630191|203925,,,
Shot Chart Detail,22300129,593,202685,Jonas Valanciunas,1610612740,New Orleans Pelicans,4,9,30,Missed Shot,Hook Shot,2PT Field Goal,In The Paint (Non-RA),Center(C),Less Than 8 ft.,4,-21,38,1,0,20231102,NOP,DET,22300129593,23100,0,202685|203468|1630346|1630529|1631220,0,REG,2024,1630595|1630191,,,
Shot Chart Detail,22300129,641,202685,Jonas Valanciunas,1610612740,New Orleans Pelicans,4,6,54,Made Shot,Jump Shot,2PT Field Goal,Mid-Range,Center(C),16-24 ft.,17,-2,174,1,1,20231102,NOP,DET,22300129641,24660,0,202685|1630184|1630346|1630700|1641722,1,REG,2024,1630191,C,Mobile Big,1.53
Shot Chart Detail,22300129,645,202685,Jonas Valanciunas,1610612740,New Orleans Pelicans,4,6,27,Made Shot,Jump Shot,3PT Field Goal,Above the Break 3,Center(C),24+ ft.,25,33,257,1,1,20231102,NOP,DET,22300129645,24930,0,202685|1630184|1630346|1630700|1641722,1,REG,2024,1630191,C,Mobile Big,1.53
Shot Chart Detail,22300129,668,202685,Jonas Valanciunas,1610612740,New Orleans Pelicans,4,4,49,Missed Shot,Jump Shot,2PT Field Goal,In The Paint (Non-RA),Center(C),8-16 ft.,11,12,113,1,0,20231102,NOP,DET,22300129668,25910,0,202685|203468|1630346|1630529|1641722,0,REG,2024,1630191,C,Mobile Big,1.53
Shot Chart Detail,22300129,674,202685,Jonas Valanciunas,1610612740,New Orleans Pelicans,4,4,10,Missed Shot,Tip Layup Shot,2PT Field Goal,Restricted Area,Center(C),Less Than 8 ft.,0,0,0,1,0,20231102,NOP,DET,22300129674,26300,0,202685|203468|1630346|1630529|1641722,0,REG,2024,203925|1630165,,,
Shot Chart Detail,22300135,55,202685,Jonas Valanciunas,1610612740,New Orleans Pelicans,1,7,32,Made Shot,Fadeaway Bank shot,2PT Field Goal,In The Paint (Non-RA),Center(C),Less Than 8 ft.,4,47,15,1,1,20231104,NOP,ATL,2230013555,2680,0,202685|203468|1627742|1629627|1630529,1,REG,2024,1630552,PF,Helper,-0.17
Shot Chart Detail,22300135,202,202685,Jonas Valanciunas,1610612740,New Orleans Pelicans,2,9,42,Missed Shot,Driving Hook Shot,2PT Field Goal,In The Paint (Non-RA),Center(C),Less Than 8 ft.,4,28,37,1,0,20231104,NOP,ATL,22300135202,8580,0,202685|203468|1630346|1630529|1641722,0,REG,2024,203992|1630168,,,
Shot Chart Detail,22300135,208,202685,Jonas Valanciunas,1610612740,New Orleans Pelicans,2,9,23,Missed Shot,Layup Shot,2PT Field Goal,Restricted Area,Center(C),Less Than 8 ft.,2,12,16,1,0,20231104,NOP,ATL,22300135208,8770,0,202685|203468|1630346|1630529|1641722,0,REG,2024,203992,SG,Chaser,-0.55
Shot Chart Detail,22300135,210,202685,Jonas Valanciunas,1610612740,New Orleans Pelicans,2,9,18,Made Shot,Tip Layup Shot,2PT Field Goal,Restricted Area,Center(C),Less Than 8 ft.,0,0,0,1,1,20231104,NOP,ATL,22300135210,8820,0,202685|203468|1630346|1630529|1641722,0,REG,2024,203992|1630168,,,
Shot Chart Detail,22300135,249,202685,Jonas Valanciunas,1610612740,New Orleans Pelicans,2,6,46,Made Shot,Hook Shot,2PT Field Goal,In The Paint (Non-RA),Center(C),Less Than 8 ft.,6,-49,49,1,1,20231104,NOP,ATL,22300135249,10340,0,202685|203468|1630346|1630700|1641722,1,REG,2024,1630168,C,Anchor Big,1.19
Shot Chart Detail,22300135,382,202685,Jonas Valanciunas,1610612740,New Orleans Pelicans,3,9,53,Missed Shot,Jump Shot,2PT Field Goal,Mid-Range,Right Side Center(RC),16-24 ft.,18,125,132,1,0,20231104,NOP,ATL,22300135382,15670,0,202685|203468|1627742|1629627|1630529,0,REG,2024,1629631,SF,Wing Stopper,-0.98
Shot Chart Detail,22300156,7,202685,Jonas Valanciunas,1610612740,New Orleans Pelicans,1,11,46,Made Shot,Layup Shot,2PT Field Goal,Restricted Area,Center(C),Less Than 8 ft.,2,-17,23,1,1,20231106,DEN,NOP,223001567,140,0,202685|1627742|1629627|1630529|1641722,0,REG,2024,203999,C,Anchor Big,1.96
Shot Chart Detail,22300156,14,202685,Jonas Valanciunas,1610612740,New Orleans Pelicans,1,10,35,Missed Shot,Jump Shot,3PT Field Goal,Above the Break 3,Right Side Center(RC),24+ ft.,25,121,220,1,0,20231106,DEN,NOP,2230015614,850,0,202685|1627742|1629627|1630529|1641722,0,REG,2024,203999,C,Anchor Big,1.96
Shot Chart Detail,22300156,34,202685,Jonas Valanciunas,1610612740,New Orleans Pelicans,1,9,10,Made Shot,Turnaround Hook Shot,2PT Field Goal,Mid-Range,Left Side(L),8-16 ft.,9,-92,38,1,1,20231106,DEN,NOP,2230015634,1700,0,202685|1627742|1629627|1630529|1641722,1,REG,2024,203999,C,Anchor Big,1.96
Shot Chart Detail,22300156,51,202685,Jonas Valanciunas,1610612740,New Orleans Pelicans,1,7,22,Missed Shot,Floating Jump shot,2PT Field Goal,In The Paint (Non-RA),Center(C),Less Than 8 ft.,7,-64,29,1,0,20231106,DEN,NOP,2230015651,2780,0,202685|1627742|1629627|1630529|1641722,0,REG,2024,203999,C,Anchor Big,1.96
Shot Chart Detail,22300156,53,202685,Jonas Valanciunas,1610612740,New Orleans Pelicans,1,7,19,Missed Shot,Turnaround Fadeaway shot,2PT Field Goal,Mid-Range,Right Side(R),8-16 ft.,10,103,37,1,0,20231106,DEN,NOP,2230015653,2810,0,202685|1627742|1629627|1630529|1641722,0,REG,2024,203932|203999,,,
Shot Chart Detail,22300156,345,202685,Jonas Valanciunas,1610612740,New Orleans Pelicans,3,9,36,Missed Shot,Dunk Shot,2PT Field Goal,Restricted Area,Center(C),Less Than 8 ft.,2,-25,1,1,0,20231106,DEN,NOP,22300156345,15840,0,202685|1627742|1629627|1630529|1641722,0,REG,2024,203932,PF,Helper,0.06
Shot Chart Detail,22300166,18,202685,Jonas Valanciunas,1610612740,New Orleans Pelicans,1,10,22,Made Shot,Jump Shot,2PT Field Goal,In The Paint (Non-RA),Center(C),8-16 ft.,12,-1,122,1,1,20231108,MIN,NOP,2230016618,980,0,202685|1627742|1630526|1630700|1641722,1,REG,2024,203497,C,Anchor Big,2.3
Shot Chart Detail,22300166,60,202685,Jonas Valanciunas,1610612740,New Orleans Pelicans,1,5,47,Made Shot,Putback Layup Shot,2PT Field Goal,Restricted Area,Center(C),Less Than 8 ft.,1,13,11,1,1,20231108,MIN,NOP,2230016660,3730,0,202685|1627742|1630526|1630700|1641722,0,REG,2024,203497,C,Anchor Big,2.3
Shot Chart Detail,22300166,199,202685,Jonas Valanciunas,1610612740,New Orleans Pelicans,2,8,27,Missed Shot,Jump Shot,3PT Field Goal,Above the Break 3,Right Side Center(RC),24+ ft.,25,88,235,1,0,20231108,MIN,NOP,22300166199,9330,0,202685|1627742|1630346|1630526|1630700,0,REG,2024,203497,C,Anchor Big,2.3
Shot Chart Detail,22300166,213,202685,Jonas Valanciunas,1610612740,New Orleans Pelicans,2,7,25,Missed Shot,Jump Shot,3PT Field Goal,Above the Break 3,Center(C),24+ ft.,24,23,243,1,0,20231108,MIN,NOP,22300166213,9950,0,202685|1627742|1630346|1630526|1630700,0,REG,2024,,,,
Shot Chart Detail,22300166,217,202685,Jonas Valanciunas,1610612740,New Orleans Pelicans,2,7,3,Missed Shot,Layup Shot,2PT Field Goal,Restricted Area,Center(C),Less Than 8 ft.,1,-2,11,1,0,20231108,MIN,NOP,22300166217,10170,0,202685|1627742|1630346|1630526|1630700,0,REG,2024,,,,
Shot Chart Detail,22300166,221,202685,Jonas Valanciunas,1610612740,New Orleans Pelicans,2,6,42,Missed Shot,Layup Shot,2PT Field Goal,In The Paint (Non-RA),Center(C),Less Than 8 ft.,5,21,56,1,0,20231108,MIN,NOP,22300166221,10380,0,202685|1627742|1630346|1630526|1630700,0,REG,2024,203497,C,Anchor Big,2.3
Shot Chart Detail,22300166,249,202685,Jonas Valanciunas,1610612740,New Orleans Pelicans,2,4,23,Made Shot,Cutting Dunk Shot,2PT Field Goal,Restricted Area,Center(C),Less Than 8 ft.,0,0,6,1,1,20231108,MIN,NOP,22300166249,11770,0,202685|1627742|1630526|1630700|1641722,1,REG,2024,1630162,SG,Chaser,-1.51
Shot Chart Detail,22300166,326,202685,Jonas Valanciunas,1610612740,New Orleans Pelicans,3,10,13,Missed Shot,Hook Shot,2PT Field Goal,In The Paint (Non-RA),Center(C),Less Than 8 ft.,5,-37,47,1,0,20231108,MIN,NOP,22300166326,15470,0,202685|1627742|1630526|1630700|1641722,0,REG,2024,1630183,PF,Wing Stopper,0.37
Shot Chart Detail,22300166,371,202685,Jonas Valanciunas,1610612740,New Orleans Pelicans,3,6,59,Made Shot,Driving Floating Bank Jump Shot,2PT Field Goal,Mid-Range,Right Side(R),8-16 ft.,8,85,29,1,1,20231108,MIN,NOP,22300166371,17410,0,202685|1627742|1630526|1630700|1641722,1,REG,2024,1630183|1629675,,,
Shot Chart Detail,22300183,50,202685,Jonas Valanciunas,1610612740,New Orleans Pelicans,1,7,5,Missed Shot,Jump Shot,3PT Field Goal,Above the Break 3,Left Side Center(LC),24+ ft.,26,-134,223,1,0,20231112,NOP,DAL,2230018350,2950,0,202685|1627742|1629627|1630700|1641722,0,REG,2024,1641726,C,Anchor Big,1.45
Shot Chart Detail,22300183,57,202685,Jonas Valanciunas,1610612740,New Orleans Pelicans,1,6,35,Made Shot,Jump Shot,3PT Field Goal,Above the Break 3,Center(C),24+ ft.,24,-69,235,1,1,20231112,NOP,DAL,2230018357,3250,0,202685|1627742|1629627|1630700|1641722,1,REG,2024,1641726,C,Anchor Big,1.45
Shot Chart Detail,22300183,87,202685,Jonas Valanciunas,1610612740,New Orleans Pelicans,1,4,15,Missed Shot,Tip Layup Shot,2PT Field Goal,Restricted Area,Center(C),Less Than 8 ft.,0,0,0,1,0,20231112,NOP,DAL,2230018387,4650,0,202685|1627742|1630230|1630346|1630700,0,REG,2024,1629029,SG,Low Activity,-0.28
Shot Chart Detail,22300183,226,202685,Jonas Valanciunas,1610612740,New Orleans Pelicans,2,7,53,Missed Shot,Jump Shot,3PT Field Goal,Above the Break 3,Center(C),24+ ft.,26,-66,253,1,0,20231112,NOP,DAL,22300183226,9670,0,202685|1627742|1629627|1630700|1641722,0,REG,2024,1641726,C,Anchor Big,1.45
Shot Chart Detail,22300183,277,202685,Jonas Valanciunas,1610612740,New Orleans Pelicans,2,4,40,Missed Shot,Hook Shot,2PT Field Goal,In The Paint (Non-RA),Center(C),Less Than 8 ft.,4,-12,47,1,0,20231112,NOP,DAL,22300183277,11600,0,202685|1627742|1630230|1630346|1630526,0,REG,2024,203939,PF,Helper,0.02
Shot Chart Detail,22300183,359,202685,Jonas Valanciunas,1610612740,New Orleans Pelicans,2,3,54,Missed Shot,Putback Layup Shot,2PT Field Goal,Restricted Area,Center(C),Less Than 8 ft.,1,2,12,1,0,20231112,NOP,DAL,22300183359,12060,0,202685|1627742|1630230|1630526|1630700,0,REG,2024,203939|1630182,,,
Shot Chart Detail,22300183,384,202685,Jonas Valanciunas,1610612740,New Orleans Pelicans,3,10,26,Made Shot,Cutting Dunk Shot,2PT Field Goal,Restricted Area,Center(C),Less Than 8 ft.,0,2,1,1,1,20231112,NOP,DAL,22300183384,15340,0,202685|1627742|1629627|1630700|1641722,1,REG,2024,,,,
Shot Chart Detail,22300183,394,202685,Jonas Valanciunas,1610612740,New Orleans Pelicans,3,9,33,Made Shot,Cutting Dunk Shot,2PT Field Goal,Restricted Area,Center(C),Less Than 8 ft.,0,0,6,1,1,20231112,NOP,DAL,22300183394,15870,0,202685|1627742|1629627|1630700|1641722,1,REG,2024,1641726,C,Anchor Big,1.45
Shot Chart Detail,22300183,410,202685,Jonas Valanciunas,1610612740,New Orleans Pelicans,3,8,11,Made Shot,Jump Shot,3PT Field Goal,Right Corner 3,Right Side(R),24+ ft.,22,229,19,1,1,20231112,NOP,DAL,22300183410,16690,0,202685|1627742|1629627|1630700|1641722,1,REG,2024,1641726,C,Anchor Big,1.45
Shot Chart Detail,22300183,413,202685,Jonas Valanciunas,1610612740,New Orleans Pelicans,3,7,38,Made Shot,Jump Shot,3PT Field Goal,Above the Break 3,Left Side Center(LC),24+ ft.,25,-222,125,1,1,20231112,NOP,DAL,22300183413,17020,0,202685|1627742|1629627|1630700|1641722,1,REG,2024,1641726,C,Anchor Big,1.45
Shot Chart Detail,22300183,417,202685,Jonas Valanciunas,1610612740,New Orleans Pelicans,3,7,12,Made Shot,Cutting Layup Shot,2PT Field Goal,Restricted Area,Center(C),Less Than 8 ft.,1,17,8,1,1,20231112,NOP,DAL,22300183417,17280,0,202685|1627742|1629627|1630700|1641722,1,REG,2024,1641726|202681,,,
Shot Chart Detail,22300203,49,202685,Jonas Valanciunas,1610612740,New Orleans Pelicans,1,7,37,Made Shot,Tip Layup Shot,2PT Field Goal,Restricted Area,Center(C),Less Than 8 ft.,0,0,0,1,1,20231118,NOP,MIN,2230020349,2630,0,202685|1627742|1630529|1630700|1641722,0,REG,2024,1630162|1626157,,,
Shot Chart Detail,22300203,100,202685,Jonas Valanciunas,1610612740,New Orleans Pelicans,1,4,16,Made Shot,Alley Oop Dunk Shot,2PT Field Goal,Restricted Area,Center(C),Less Than 8 ft.,3,-1,34,1,1,20231118,NOP,MIN,22300203100,4640,0,202685|1630230|1630346|1630700|1641722,1,REG,2024,1626157,C,Anchor Big,0.32
Shot Chart Detail,22300203,108,202685,Jonas Valanciunas,1610612740,New Orleans Pelicans,1,2,51,Made Shot,Fadeaway Jump Shot,2PT Field Goal,Mid-Range,Left Side(L),8-16 ft.,10,-99,38,1,1,20231118,NOP,MIN,22300203108,5490,0,202685|1630230|1630346|1630700|1641722,0,REG,2024,1626157,C,Anchor Big,0.32
Shot Chart Detail,22300203,206,202685,Jonas Valanciunas,1610612740,New Orleans Pelicans,2,9,40,Missed Shot,Jump Shot,2PT Field Goal,Mid-Range,Center(C),8-16 ft.,15,-2,154,1,0,20231118,NOP,MIN,22300203206,8600,0,202685|1630346|1630529|1630700|1641722,0,REG,2024,203497,C,Anchor Big,2.3
Shot Chart Detail,22300203,221,202685,Jonas Valanciunas,1610612740,New Orleans Pelicans,2,8,57,Missed Shot,Jump Shot,2PT Field Goal,Mid-Range,Center(C),8-16 ft.,15,-9,151,1,0,20231118,NOP,MIN,22300203221,9030,0,202685|1630230|1630346|1630700|1641722,0,REG,2024,203497,C,Anchor Big,2.3
Shot Chart Detail,22300203,244,202685,Jonas Valanciunas,1610612740,New Orleans Pelicans,2,7,12,Missed Shot,Layup Shot,2PT Field Goal,Restricted Area,Center(C),Less Than 8 ft.,3,11,29,1,0,20231118,NOP,MIN,22300203244,10080,0,202685|1627742|1630230|1630346|1630700,0,REG,2024,1626157|203497,,,
Shot Chart Detail,22300203,246,202685,Jonas Valanciunas,1610612740,New Orleans Pelicans,2,7,7,Made Shot,Putback Layup Shot,2PT Field Goal,Restricted Area,Center(C),Less Than 8 ft.,2,1,27,1,1,20231118,NOP,MIN,22300203246,10130,0,202685|1627742|1630230|1630346|1630700,0,REG,2024,1626157,C,Anchor Big,0.32
Shot Chart Detail,22300203,373,202685,Jonas Valanciunas,1610612740,New Orleans Pelicans,3,11,12,Missed Shot,Hook Shot,2PT Field Goal,Restricted Area,Center(C),Less Than 8 ft.,3,-2,37,1,0,20231118,NOP,MIN,22300203373,14880,0,202685|1627742|1630529|1630700|1641722,0,REG,2024,1630162|1630183|203497,,,
Shot Chart Detail,22300203,403,202685,Jonas Valanciunas,1610612740,New Orleans Pelicans,3,8,12,Made Shot,Putback Layup Shot,2PT Field Goal,Restricted Area,Center(C),Less Than 8 ft.,0,0,0,1,1,20231118,NOP,MIN,22300203403,16680,0,202685|1627742|1630529|1630700|1641722,0,REG,2024,1630183,PF,Wing Stopper,0.37
Shot Chart Detail,22300203,406,202685,Jonas Valanciunas,1610612740,New Orleans Pelicans,3,7,25,Made Shot,Driving Layup Shot,2PT Field Goal,In The Paint (Non-RA),Center(C),Less Than 8 ft.,4,37,29,1,1,20231118,NOP,MIN,22300203406,17150,0,202685|1627742|1630529|1630700|1641722,0,REG,2024,203497,C,Anchor Big,2.3
Shot Chart Detail,22300203,547,202685,Jonas Valanciunas,1610612740,New Orleans Pelicans,4,10,51,Made Shot,Jump Shot,2PT Field Goal,In The Paint (Non-RA),Center(C),8-16 ft.,14,70,126,1,1,20231118,NOP,MIN,22300203547,22290,0,202685|1630346|1630529|1630700|1641722,1,REG,2024,203497,C,Anchor Big,2.3
Shot Chart Detail,22300203,553,202685,Jonas Valanciunas,1610612740,New Orleans Pelicans,4,10,1,Made Shot,Turnaround Fadeaway shot,2PT Field Goal,In The Paint (Non-RA),Center(C),8-16 ft.,10,13,104,1,1,20231118,NOP,MIN,22300203553,22790,0,202685|1630346|1630529|1630700|1641722,0,REG,2024,203497,C,Anchor Big,2.3
Shot Chart Detail,22300203,560,202685,Jonas Valanciunas,1610612740,New Orleans Pelicans,4,8,55,Made Shot,Jump Shot,2PT Field Goal,In The Paint (Non-RA),Center(C),8-16 ft.,12,55,109,1,1,20231118,NOP,MIN,22300203560,23450,0,202685|1630346|1630529|1630700|1641722,1,REG,2024,203497,C,Anchor Big,2.3
Shot Chart Detail,22300203,651,202685,Jonas Valanciunas,1610612740,New Orleans Pelicans,4,3,40,Made Shot,Putback Layup Shot,2PT Field Goal,In The Paint (Non-RA),Center(C),Less Than 8 ft.,5,47,22,1,1,20231118,NOP,MIN,22300203651,26600,0,202685|1627742|1630529|1630700|1641722,0,REG,2024,203497,C,Anchor Big,2.3
Shot Chart Detail,22300203,677,202685,Jonas Valanciunas,1610612740,New Orleans Pelicans,4,1,38,Missed Shot,Jump Shot,3PT Field Goal,Right Corner 3,Right Side(R),24+ ft.,24,232,74,1,0,20231118,NOP,MIN,22300203677,27820,0,202685|1627742|1630529|1630700|1641722,0,REG,2024,1626157,C,Anchor Big,0.32
Shot Chart Detail,22300222,12,202685,Jonas Valanciunas,1610612740,New Orleans Pelicans,1,10,58,Made Shot,Fadeaway Jump Shot,2PT Field Goal,Mid-Range,Left Side Center(LC),16-24 ft.,17,-58,170,1,1,20231120,NOP,SAC,2230022212,620,0,202685|1627742|1629627|1630529|1630700,0,REG,2024,1627734,PF,Mobile Big,0.93
Shot Chart Detail,22300222,80,202685,Jonas Valanciunas,1610612740,New Orleans Pelicans,1,5,33,Made Shot,Hook Shot,2PT Field Goal,Restricted Area,Center(C),Less Than 8 ft.,2,-7,21,1,1,20231120,NOP,SAC,2230022280,3870,0,202685|1627742|1630230|1630529|1641722,1,REG,2024,1630558|1628370,,,
Shot Chart Detail,22300222,240,202685,Jonas Valanciunas,1610612740,New Orleans Pelicans,2,6,28,Made Shot,Dunk Shot,2PT Field Goal,Restricted Area,Center(C),Less Than 8 ft.,1,0,10,1,1,20231120,NOP,SAC,22300222240,10520,0,202685|1627742|1630230|1630631|1641722,1,REG,2024,1628989,SG,Chaser,-0.34
Shot Chart Detail,22300222,292,202685,Jonas Valanciunas,1610612740,New Orleans Pelicans,2,3,11,Missed Shot,Jump Shot,2PT Field Goal,In The Paint (Non-RA),Center(C),8-16 ft.,14,-54,130,1,0,20231120,NOP,SAC,22300222292,12490,0,202685|1627742|1629627|1630230|1630529,0,REG,2024,1627734,PF,Mobile Big,0.93
Shot Chart Detail,22300233,9,202685,Jonas Valanciunas,1610612740,New Orleans Pelicans,1,11,36,Made Shot,Cutting Dunk Shot,2PT Field Goal,Restricted Area,Center(C),Less Than 8 ft.,0,1,4,1,1,20231122,NOP,SAC,223002339,240,0,202685|1627742|1629627|1630529|1630700,1,REG,2024,1627734,PF,Mobile Big,0.93
Shot Chart Detail,22300233,34,202685,Jonas Valanciunas,1610612740,New Orleans Pelicans,1,8,50,Missed Shot,Turnaround Jump Shot,2PT Field Goal,In The Paint (Non-RA),Center(C),Less Than 8 ft.,6,4,65,1,0,20231122,NOP,SAC,2230023334,1900,0,202685|1627742|1629627|1630529|1630700,0,REG,2024,1627734|1628989,,,
Shot Chart Detail,22300233,50,202685,Jonas Valanciunas,1610612740,New Orleans Pelicans,1,7,6,Made Shot,Reverse Layup Shot,2PT Field Goal,Restricted Area,Center(C),Less Than 8 ft.,1,-16,11,1,1,20231122,NOP,SAC,2230023350,2940,0,202685|1627742|1629627|1630529|1630700,0,REG,2024,1630537|1628368|203084,,,
Shot Chart Detail,22300233,69,202685,Jonas Valanciunas,1610612740,New Orleans Pelicans,1,5,51,Missed Shot,Jump Shot,2PT Field Goal,In The Paint (Non-RA),Right Side(R),8-16 ft.,9,49,76,1,0,20231122,NOP,SAC,2230023369,3690,0,202685|1629627|1630529|1630700|1641722,0,REG,2024,1627734,PF,Mobile Big,0.93
Shot Chart Detail,22300233,379,202685,Jonas Valanciunas,1610612740,New Orleans Pelicans,3,11,9,Made Shot,Driving Floating Bank Jump Shot,2PT Field Goal,In The Paint (Non-RA),Center(C),Less Than 8 ft.,5,-6,53,1,1,20231122,NOP,SAC,22300233379,14910,0,202685|1627742|1629627|1630529|1630700,1,REG,2024,1627734|1628989,,,
Shot Chart Detail,22300233,409,202685,Jonas Valanciunas,1610612740,New Orleans Pelicans,3,8,20,Made Shot,Tip Layup Shot,2PT Field Goal,Restricted Area,Center(C),Less Than 8 ft.,0,0,0,1,1,20231122,NOP,SAC,22300233409,16600,0,202685|1627742|1629627|1630529|1630700,0,REG,2024,1627734,PF,Mobile Big,0.93
Shot Chart Detail,22300233,424,202685,Jonas Valanciunas,1610612740,New Orleans Pelicans,3,6,34,Made Shot,Jump Shot,2PT Field Goal,Mid-Range,Right Side(R),8-16 ft.,14,134,67,1,1,20231122,NOP,SAC,22300233424,17660,0,202685|1627742|1629627|1630529|1630700,0,REG,2024,1627734,PF,Mobile Big,0.93
Shot Chart Detail,22300233,436,202685,Jonas Valanciunas,1610612740,New Orleans Pelicans,3,5,42,Made Shot,Turnaround Fadeaway shot,2PT Field Goal,In The Paint (Non-RA),Right Side(R),8-16 ft.,10,58,90,1,1,20231122,NOP,SAC,22300233436,18180,0,202685|1627742|1630230|1630529|1641722,0,REG,2024,1627734,PF,Mobile Big,0.93
Shot Chart Detail,22300233,675,202685,Jonas Valanciunas,1610612740,New Orleans Pelicans,4,3,19,Missed Shot,Driving Layup Shot,2PT Field Goal,Restricted Area,Center(C),Less Than 8 ft.,3,-2,37,1,0,20231122,NOP,SAC,22300233675,26810,0,202685|1630230|1630529|1630631|1630700,0,REG,2024,1627734,PF,Mobile Big,0.93
Shot Chart Detail,22300243,12,202685,Jonas Valanciunas,1610612740,New Orleans Pelicans,1,11,14,Missed Shot,Jump Shot,3PT Field Goal,Left Corner 3,Left Side(L),24+ ft.,23,-234,-5,1,0,20231125,UTA,NOP,2230024312,460,0,202685|1627742|1630529|1630700|1641722,0,REG,2024,1630209,C,Anchor Big,1.27
Shot Chart Detail,22300243,54,202685,Jonas Valanciunas,1610612740,New Orleans Pelicans,1,8,21,Missed Shot,Tip Layup Shot,2PT Field Goal,Restricted Area,Center(C),Less Than 8 ft.,0,0,0,1,0,20231125,UTA,NOP,2230024354,2190,0,202685|1627742|1630529|1630700|1641722,0,REG,2024,1627739|1630209,,,
Shot Chart Detail,22300243,89,202685,Jonas Valanciunas,1610612740,New Orleans Pelicans,1,5,29,Missed Shot,Putback Layup Shot,2PT Field Goal,Restricted Area,Center(C),Less Than 8 ft.,3,-25,22,1,0,20231125,UTA,NOP,2230024389,3910,0,202685|1627742|1630230|1630700|1641722,0,REG,2024,1628381|1641718|1627739,,,
Shot Chart Detail,22300243,91,202685,Jonas Valanciunas,1610612740,New Orleans Pelicans,1,5,27,Made Shot,Tip Layup Shot,2PT Field Goal,Restricted Area,Center(C),Less Than 8 ft.,0,0,0,1,1,20231125,UTA,NOP,2230024391,3930,0,202685|1627742|1630230|1630700|1641722,0,REG,2024,1628381|1641718|1627739,,,
Shot Chart Detail,22300243,200,202685,Jonas Valanciunas,1610612740,New Orleans Pelicans,2,11,3,Missed Shot,Jump Shot,2PT Field Goal,In The Paint (Non-RA),Center(C),8-16 ft.,10,18,106,1,0,20231125,UTA,NOP,22300243200,7770,0,202685|1626204|1630230|1630700|1641722,0,REG,2024,1629012,PG,Point of Attack,-2.3
Shot Chart Detail,22300243,302,202685,Jonas Valanciunas,1610612740,New Orleans Pelicans,2,3,51,Made Shot,Jump Shot,2PT Field Goal,Mid-Range,Left Side(L),8-16 ft.,9,-92,25,1,1,20231125,UTA,NOP,22300243302,12090,0,202685|1627742|1630230|1630631|1630700,1,REG,2024,1630209,C,Anchor Big,1.27
Shot Chart Detail,22300243,354,202685,Jonas Valanciunas,1610612740,New Orleans Pelicans,2,0,1,Missed Shot,Jump Shot,2PT Field Goal,Mid-Range,Right Side(R),16-24 ft.,17,175,29,1,0,20231125,UTA,NOP,22300243354,14390,0,202685|1630230|1630631|1630700|1641722,0,REG,2024,1630209,C,Anchor Big,1.27
Shot Chart Detail,22300243,373,202685,Jonas Valanciunas,1610612740,New Orleans Pelicans,3,10,18,Missed Shot,Turnaround Jump Shot,2PT Field Goal,In The Paint (Non-RA),Center(C),8-16 ft.,8,36,80,1,0,20231125,UTA,NOP,22300243373,15420,0,202685|1627742|1630529|1630700|1641722,0,REG,2024,1630209,C,Anchor Big,1.27
Shot Chart Detail,22300243,377,202685,Jonas Valanciunas,1610612740,New Orleans Pelicans,3,9,53,Made Shot,Hook Bank Shot,2PT Field Goal,In The Paint (Non-RA),Center(C),Less Than 8 ft.,5,51,21,1,1,20231125,UTA,NOP,22300243377,15670,0,202685|1627742|1630529|1630700|1641722,1,REG,2024,1630209,C,Anchor Big,1.27
Shot Chart Detail,22300243,521,202685,Jonas Valanciunas,1610612740,New Orleans Pelicans,4,11,45,Missed Shot,Jump Shot,3PT Field Goal,Right Corner 3,Right Side(R),24+ ft.,24,240,11,1,0,20231125,UTA,NOP,22300243521,21750,0,202685|1626204|1630230|1630529|1630700,0,REG,2024,203482,C,Helper,-1.15
Shot Chart Detail,22300256,13,202685,Jonas Valanciunas,1610612740,New Orleans Pelicans,1,11,17,Missed Shot,Jump Shot,3PT Field Goal,Above the Break 3,Right Side Center(RC),24+ ft.,25,152,207,1,0,20231127,UTA,NOP,2230025613,430,0,202685|1627742|1629627|1630529|1630700,0,REG,2024,,,,
Shot Chart Detail,22300256,27,202685,Jonas Valanciunas,1610612740,New Orleans Pelicans,1,9,55,Made Shot,Dunk Shot,2PT Field Goal,Restricted Area,Center(C),Less Than 8 ft.,1,10,10,1,1,20231127,UTA,NOP,2230025627,1250,0,202685|1627742|1629627|1630529|1630700,1,REG,2024,1628381,PF,Anchor Big,1.03
Shot Chart Detail,22300256,50,202685,Jonas Valanciunas,1610612740,New Orleans Pelicans,1,7,3,Missed Shot,Hook Shot,2PT Field Goal,Restricted Area,Center(C),Less Than 8 ft.,3,-2,34,1,0,20231127,UTA,NOP,2230025650,2970,0,202685|1627742|1629627|1630529|1630700,0,REG,2024,1628381,PF,Anchor Big,1.03
Shot Chart Detail,22300256,76,202685,Jonas Valanciunas,1610612740,New Orleans Pelicans,1,5,19,Missed Shot,Layup Shot,2PT Field Goal,In The Paint (Non-RA),Center(C),Less Than 8 ft.,4,-6,46,1,0,20231127,UTA,NOP,2230025676,4010,0,202685|1627742|1630230|1630529|1630700,0,REG,2024,1631117,C,Anchor Big,2.1
Shot Chart Detail,22300256,250,202685,Jonas Valanciunas,1610612740,New Orleans Pelicans,2,6,33,Made Shot,Hook Shot,2PT Field Goal,In The Paint (Non-RA),Center(C),Less Than 8 ft.,4,18,44,1,1,20231127,UTA,NOP,22300256250,10470,0,202685|1627742|1630230|1630700|1641722,0,REG,2024,1630209,C,Anchor Big,1.27
Shot Chart Detail,22300256,317,202685,Jonas Valanciunas,1610612740,New Orleans Pelicans,2,0,6,Made Shot,Layup Shot,2PT Field Goal,Restricted Area,Center(C),Less Than 8 ft.,2,21,17,1,1,20231127,UTA,NOP,22300256317,14340,0,202685|1627742|1629627|1630700|1641722,1,REG,2024,203903,PG,Point of Attack,-0.91
Shot Chart Detail,22300256,336,202685,Jonas Valanciunas,1610612740,New Orleans Pelicans,3,10,42,Made Shot,Putback Layup Shot,2PT Field Goal,Restricted Area,Center(C),Less Than 8 ft.,0,0,0,1,1,20231127,UTA,NOP,22300256336,15180,0,202685|1627742|1629627|1630529|1630700,0,REG,2024,1630209,C,Anchor Big,1.27
Shot Chart Detail,22300256,369,202685,Jonas Valanciunas,1610612740,New Orleans Pelicans,3,8,28,Made Shot,Jump Shot,2PT Field Goal,In The Paint (Non-RA),Right Side(R),8-16 ft.,8,77,45,1,1,20231127,UTA,NOP,22300256369,16520,0,202685|1627742|1629627|1630529|1630700,1,REG,2024,1628381,PF,Anchor Big,1.03
Shot Chart Detail,22300256,408,202685,Jonas Valanciunas,1610612740,New Orleans Pelicans,3,5,47,Missed Shot,Layup Shot,2PT Field Goal,Restricted Area,Center(C),Less Than 8 ft.,2,-17,11,1,0,20231127,UTA,NOP,22300256408,18130,0,202685|1627742|1630230|1630529|1630631,0,REG,2024,1631117,C,Anchor Big,2.1
Shot Chart Detail,22300256,425,202685,Jonas Valanciunas,1610612740,New Orleans Pelicans,3,5,6,Missed Shot,Dunk Shot,2PT Field Goal,Restricted Area,Center(C),Less Than 8 ft.,1,-16,-2,1,0,20231127,UTA,NOP,22300256425,18540,0,202685|1627742|1630230|1630631|1641722,0,REG,2024,1628381|1631117,,,
Shot Chart Detail,22300262,19,202685,Jonas Valanciunas,1610612740,New Orleans Pelicans,1,10,28,Made Shot,Putback Layup Shot,2PT Field Goal,Restricted Area,Center(C),Less Than 8 ft.,0,0,0,1,1,20231129,NOP,PHI,2230026219,920,0,202685|203468|1627742|1629627|1630529,0,REG,2024,1629001|202694,,,
Shot Chart Detail,22300262,32,202685,Jonas Valanciunas,1610612740,New Orleans Pelicans,1,9,21,Made Shot,Turnaround Hook Shot,2PT Field Goal,In The Paint (Non-RA),Center(C),Less Than 8 ft.,5,12,53,1,1,20231129,NOP,PHI,2230026232,1590,0,202685|203468|1627742|1629627|1630529,1,REG,2024,202699|202694,,,
Shot Chart Detail,22300262,59,202685,Jonas Valanciunas,1610612740,New Orleans Pelicans,1,6,45,Made Shot,Dunk Shot,2PT Field Goal,Restricted Area,Center(C),Less Than 8 ft.,0,1,5,1,1,20231129,NOP,PHI,2230026259,3150,0,202685|203468|1627742|1629627|1630529,1,REG,2024,1628964|202699,,,
Shot Chart Detail,22300262,96,202685,Jonas Valanciunas,1610612740,New Orleans Pelicans,1,4,9,Made Shot,Turnaround Hook Shot,2PT Field Goal,Restricted Area,Center(C),Less Than 8 ft.,2,15,25,1,1,20231129,NOP,PHI,2230026296,4710,0,202685|1627742|1630230|1630529|1641722,1,REG,2024,1628964,C,Anchor Big,1.84
Shot Chart Detail,22300262,294,202685,Jonas Valanciunas,1610612740,New Orleans Pelicans,2,4,42,Made Shot,Tip Layup Shot,2PT Field Goal,Restricted Area,Center(C),Less Than 8 ft.,0,0,0,1,1,20231129,NOP,PHI,22300262294,11580,0,202685|203468|1627742|1630230|1630700,0,REG,2024,1630231,SF,Low Activity,-0.55
Shot Chart Detail,22300262,378,202685,Jonas Valanciunas,1610612740,New Orleans Pelicans,3,11,20,Made Shot,Hook Shot,2PT Field Goal,Restricted Area,Center(C),Less Than 8 ft.,2,-22,0,1,1,20231129,NOP,PHI,22300262378,14800,0,202685|203468|1627742|1629627|1630529,1,REG,2024,202694,PF,,-0.4
Shot Chart Detail,22300262,592,202685,Jonas Valanciunas,1610612740,New Orleans Pelicans,4,9,45,Made Shot,Layup Shot,2PT Field Goal,In The Paint (Non-RA),Center(C),Less Than 8 ft.,4,27,35,1,1,20231129,NOP,PHI,22300262592,22950,0,202685|203468|1629627|1630700|1641722,1,REG,2024,203496,SF,Wing Stopper,-0.79
Shot Chart Detail,22300262,643,202685,Jonas Valanciunas,1610612740,New Orleans Pelicans,4,5,33,Missed Shot,Jump Shot,3PT Field Goal,Above the Break 3,Right Side Center(RC),24+ ft.,26,146,216,1,0,20231129,NOP,PHI,22300262643,25470,0,202685|1627742|1630529|1630631|1641722,0,REG,2024,1630178,SG,Point of Attack,-1.29
Shot Chart Detail,22300262,709,202685,Jonas Valanciunas,1610612740,New Orleans Pelicans,4,1,5,Made Shot,Dunk Shot,2PT Field Goal,Restricted Area,Center(C),Less Than 8 ft.,0,-6,-1,1,1,20231129,NOP,PHI,22300262709,28150,0,202685|203468|1627742|1629627|1630529,1,REG,2024,,,,
Shot Chart Detail,22300278,12,202685,Jonas Valanciunas,1610612740,New Orleans Pelicans,1,11,17,Made Shot,Floating Jump shot,2PT Field Goal,Restricted Area,Center(C),Less Than 8 ft.,2,-25,13,1,1,20231201,NOP,SAS,2230027812,430,0,202685|203468|1627742|1629627|1630529,1,REG,2024,1628380,C,Helper,0.19
Shot Chart Detail,22300278,15,202685,Jonas Valanciunas,1610612740,New Orleans Pelicans,1,10,43,Missed Shot,Jump Shot,2PT Field Goal,Mid-Range,Right Side(R),8-16 ft.,13,107,80,1,0,20231201,NOP,SAS,2230027815,770,0,202685|203468|1627742|1629627|1630529,0,REG,2024,1628380,C,Helper,0.19
Shot Chart Detail,22300278,23,202685,Jonas Valanciunas,1610612740,New Orleans Pelicans,1,9,50,Made Shot,Dunk Shot,2PT Field Goal,Restricted Area,Center(C),Less Than 8 ft.,0,-5,1,1,1,20231201,NOP,SAS,2230027823,1300,0,202685|203468|1627742|1629627|1630529,1,REG,2024,1631103,SG,Chaser,-1.43
Shot Chart Detail,22300278,27,202685,Jonas Valanciunas,1610612740,New Orleans Pelicans,1,9,25,Made Shot,Driving Hook Shot,2PT Field Goal,In The Paint (Non-RA),Center(C),Less Than 8 ft.,4,42,18,1,1,20231201,NOP,SAS,2230027827,1550,0,202685|203468|1627742|1629627|1630529,0,REG,2024,1628380,C,Helper,0.19
Shot Chart Detail,22300278,92,202685,Jonas Valanciunas,1610612740,New Orleans Pelicans,1,3,55,Made Shot,Putback Layup Shot,2PT Field Goal,Restricted Area,Center(C),Less Than 8 ft.,1,-16,1,1,1,20231201,NOP,SAS,2230027892,4850,0,202685|203468|1627742|1630529|1630530,0,REG,2024,1629646|1630170,,,
Shot Chart Detail,22300278,310,202685,Jonas Valanciunas,1610612740,New Orleans Pelicans,2,2,52,Made Shot,Cutting Layup Shot,2PT Field Goal,Restricted Area,Center(C),Less Than 8 ft.,1,18,-3,1,1,20231201,NOP,SAS,22300278310,12680,0,202685|203468|1627742|1630230|1630529,1,REG,2024,1628380,C,Helper,0.19
Shot Chart Detail,22300278,339,202685,Jonas Valanciunas,1610612740,New Orleans Pelicans,2,0,56,Made Shot,Tip Layup Shot,2PT Field Goal,Restricted Area,Center(C),Less Than 8 ft.,0,0,0,1,1,20231201,NOP,SAS,22300278339,13840,0,202685|203468|1627742|1629627|1630529,0,REG,2024,1628380,C,Helper,0.19
Shot Chart Detail,22300278,346,202685,Jonas Valanciunas,1610612740,New Orleans Pelicans,2,0,26,Made Shot,Fadeaway Jump Shot,2PT Field Goal,In The Paint (Non-RA),Center(C),Less Than 8 ft.,6,-47,48,1,1,20231201,NOP,SAS,22300278346,14140,0,202685|203468|1630230|1630529|1630700,1,REG,2024,1628380,C,Helper,0.19
Shot Chart Detail,22300278,372,202685,Jonas Valanciunas,1610612740,New Orleans Pelicans,3,11,24,Made Shot,Dunk Shot,2PT Field Goal,Restricted Area,Center(C),Less Than 8 ft.,0,-4,1,1,1,20231201,NOP,SAS,22300278372,14760,0,202685|203468|1627742|1629627|1630529,1,REG,2024,1628380,C,Helper,0.19
Shot Chart Detail,22300278,380,202685,Jonas Valanciunas,1610612740,New Orleans Pelicans,3,10,44,Missed Shot,Jump Shot,3PT Field Goal,Above the Break 3,Center(C),24+ ft.,24,6,245,1,0,20231201,NOP,SAS,22300278380,15160,0,202685|203468|1627742|1629627|1630529,0,REG,2024,1628380,C,Helper,0.19
Shot Chart Detail,22300278,386,202685,Jonas Valanciunas,1610612740,New Orleans Pelicans,3,10,5,Made Shot,Cutting Dunk Shot,2PT Field Goal,Restricted Area,Center(C),Less Than 8 ft.,0,5,8,1,1,20231201,NOP,SAS,22300278386,15550,0,202685|203468|1627742|1629627|1630529,1,REG,2024,1630577|1629640,,,
Shot Chart Detail,22300278,548,202685,Jonas Valanciunas,1610612740,New Orleans Pelicans,4,9,27,Missed Shot,Fadeaway Jump Shot,2PT Field Goal,Mid-Range,Left Side(L),8-16 ft.,11,-118,8,1,0,20231201,NOP,SAS,22300278548,23130,0,202685|203468|1629627|1630230|1630530,0,REG,2024,1629646,C,Anchor Big,0.48
Shot Chart Detail,22300285,17,202685,Jonas Valanciunas,1610612740,New Orleans Pelicans,1,10,53,Made Shot,Turnaround Fadeaway shot,2PT Field Goal,In The Paint (Non-RA),Center(C),Less Than 8 ft.,6,-66,-4,1,1,20231202,CHI,NOP,2230028517,670,0,202685|1627742|1629627|1630529|1630700,0,REG,2024,202696,C,,0.57
Shot Chart Detail,22300285,32,202685,Jonas Valanciunas,1610612740,New Orleans Pelicans,1,9,33,Missed Shot,Tip Layup Shot,2PT Field Goal,Restricted Area,Center(C),Less Than 8 ft.,0,0,0,1,0,20231202,CHI,NOP,2230028532,1470,0,202685|1627742|1629627|1630529|1630700,0,REG,2024,202696,C,,0.57
Shot Chart Detail,22300285,44,202685,Jonas Valanciunas,1610612740,New Orleans Pelicans,1,8,30,Missed Shot,Jump Shot,3PT Field Goal,Above the Break 3,Center(C),24+ ft.,25,37,252,1,0,20231202,CHI,NOP,2230028544,2100,0,202685|1627742|1629627|1630529|1630700,0,REG,2024,202696,C,,0.57
Shot Chart Detail,22300285,49,202685,Jonas Valanciunas,1610612740,New Orleans Pelicans,1,7,47,Made Shot,Hook Bank Shot,2PT Field Goal,Mid-Range,Right Side(R),8-16 ft.,11,82,75,1,1,20231202,CHI,NOP,2230028549,2530,0,202685|1627742|1629627|1630529|1630700,0,REG,2024,1629632|202696,,,
Shot Chart Detail,22300285,78,202685,Jonas Valanciunas,1610612740,New Orleans Pelicans,1,5,42,Missed Shot,Step Back Jump shot,2PT Field Goal,Mid-Range,Left Side(L),8-16 ft.,10,-101,7,1,0,20231202,CHI,NOP,2230028578,3780,0,202685|1627742|1630529|1630700|1641722,0,REG,2024,202696,C,,0.57
Shot Chart Detail,22300285,98,202685,Jonas Valanciunas,1610612740,New Orleans Pelicans,1,4,28,Missed Shot,Jump Shot,3PT Field Goal,Above the Break 3,Center(C),24+ ft.,24,-2,246,1,0,20231202,CHI,NOP,2230028598,4520,0,202685|1627742|1630529|1630631|1641722,0,REG,2024,1629632,PG,Low Activity,-0.85
Shot Chart Detail,22300285,180,202685,Jonas Valanciunas,1610612740,New Orleans Pelicans,2,9,43,Made Shot,Jump Shot,3PT Field Goal,Above the Break 3,Left Side Center(LC),24+ ft.,24,-114,221,1,1,20231202,CHI,NOP,22300285180,8570,0,202685|1629627|1630230|1630700|1641722,1,REG,2024,201942,SG,,-0.49
Shot Chart Detail,22300285,213,202685,Jonas Valanciunas,1610612740,New Orleans Pelicans,2,7,53,Made Shot,Alley Oop Dunk Shot,2PT Field Goal,Restricted Area,Center(C),Less Than 8 ft.,0,-5,0,1,1,20231202,CHI,NOP,22300285213,9670,0,202685|1627742|1630230|1630529|1630631,1,REG,2024,203083,C,,1.37
Shot Chart Detail,22300285,344,202685,Jonas Valanciunas,1610612740,New Orleans Pelicans,3,8,52,Made Shot,Cutting Layup Shot,2PT Field Goal,Restricted Area,Center(C),Less Than 8 ft.,0,4,7,1,1,20231202,CHI,NOP,22300285344,16280,0,202685|1627742|1629627|1630529|1630700,1,REG,2024,202696,C,,0.57
Shot Chart Detail,22300285,360,202685,Jonas Valanciunas,1610612740,New Orleans Pelicans,3,6,58,Missed Shot,Tip Layup Shot,2PT Field Goal,Restricted Area,Center(C),Less Than 8 ft.,0,0,0,1,0,20231202,CHI,NOP,22300285360,17420,0,202685|1627742|1629627|1630529|1630700,0,REG,2024,201942|202696,,,
Shot Chart Detail,22300285,533,202685,Jonas Valanciunas,1610612740,New Orleans Pelicans,4,8,28,Made Shot,Jump Shot,3PT Field Goal,Above the Break 3,Center(C),24+ ft.,27,-43,269,1,1,20231202,CHI,NOP,22300285533,23720,0,202685|1627742|1630230|1630529|1641722,1,REG,2024,203083,C,,1.37
Shot Chart Detail,22300301,7,202685,Jonas Valanciunas,1610612740,New Orleans Pelicans,1,11,35,Missed Shot,Turnaround Hook Shot,2PT Field Goal,In The Paint (Non-RA),Center(C),Less Than 8 ft.,4,-42,22,1,0,20231211,NOP,MIN,223003017,250,0,202685|203468|1627742|1629627|1630529,0,REG,2024,203497,C,Anchor Big,2.3
Shot Chart Detail,22300301,23,202685,Jonas Valanciunas,1610612740,New Orleans Pelicans,1,10,6,Missed Shot,Jump Shot,3PT Field Goal,Above the Break 3,Center(C),24+ ft.,25,-17,253,1,0,20231211,NOP,MIN,2230030123,1140,0,202685|203468|1627742|1629627|1630529,0,REG,2024,203497,C,Anchor Big,2.3
Shot Chart Detail,22300301,83,202685,Jonas Valanciunas,1610612740,New Orleans Pelicans,1,5,22,Made Shot,Turnaround Hook Shot,2PT Field Goal,In The Paint (Non-RA),Center(C),Less Than 8 ft.,5,-9,59,1,1,20231211,NOP,MIN,2230030183,3980,0,202685|203468|1627742|1630529|1630530,1,REG,2024,1626157,C,Anchor Big,0.32
Shot Chart Detail,22300301,184,202685,Jonas Valanciunas,1610612740,New Orleans Pelicans,2,11,26,Made Shot,Driving Layup Shot,2PT Field Goal,Restricted Area,Center(C),Less Than 8 ft.,2,-2,20,1,1,20231211,NOP,MIN,22300301184,7540,0,202685|203468|1630529|1630530|1630700,1,REG,2024,203497,C,Anchor Big,2.3
Shot Chart Detail,22300301,199,202685,Jonas Valanciunas,1610612740,New Orleans Pelicans,2,10,12,Made Shot,Jump Shot,2PT Field Goal,In The Paint (Non-RA),Center(C),8-16 ft.,13,-64,115,1,1,20231211,NOP,MIN,22300301199,8280,0,202685|203468|1630529|1630530|1630700,1,REG,2024,203497,C,Anchor Big,2.3
Shot Chart Detail,22300301,266,202685,Jonas Valanciunas,1610612740,New Orleans Pelicans,2,5,5,Made Shot,Putback Layup Shot,2PT Field Goal,In The Paint (Non-RA),Center(C),Less Than 8 ft.,4,22,36,1,1,20231211,NOP,MIN,22300301266,11350,0,202685|1627742|1629627|1630631|1630700,0,REG,2024,1630183,PF,Wing Stopper,0.37
Shot Chart Detail,22300301,366,202685,Jonas Valanciunas,1610612740,New Orleans Pelicans,3,10,42,Missed Shot,Putback Layup Shot,2PT Field Goal,Restricted Area,Center(C),Less Than 8 ft.,2,-1,29,1,0,20231211,NOP,MIN,22300301366,15180,0,202685|203468|1627742|1629627|1630529,0,REG,2024,1629638|203497,,,
Shot Chart Detail,22300301,394,202685,Jonas Valanciunas,1610612740,New Orleans Pelicans,3,8,49,Missed Shot,Jump Shot,2PT Field Goal,Mid-Range,Center(C),8-16 ft.,15,2,153,1,0,20231211,NOP,MIN,22300301394,16310,0,202685|203468|1627742|1629627|1630529,0,REG,2024,203497,C,Anchor Big,2.3
Shot Chart Detail,22300301,664,202685,Jonas Valanciunas,1610612740,New Orleans Pelicans,4,3,4,Made Shot,Cutting Layup Shot,2PT Field Goal,Restricted Area,Center(C),Less Than 8 ft.,2,-20,3,1,1,20231211,NOP,MIN,22300301664,26960,0,202685|1627742|1629627|1630529|1630700,1,REG,2024,1626157|201144,,,
Shot Chart Detail,22300311,69,202685,Jonas Valanciunas,1610612740,New Orleans Pelicans,1,6,47,Made Shot,Tip Layup Shot,2PT Field Goal,Restricted Area,Center(C),Less Than 8 ft.,0,0,0,1,1,20231213,WAS,NOP,2230031169,3130,0,202685|203468|1627742|1630529|1630530,0,REG,2024,1630166|1629673,,,
Shot Chart Detail,22300311,98,202685,Jonas Valanciunas,1610612740,New Orleans Pelicans,1,4,50,Made Shot,Jump Shot,2PT Field Goal,Mid-Range,Left Side(L),8-16 ft.,12,-109,59,1,1,20231213,WAS,NOP,2230031198,4300,0,202685|1627742|1630230|1630530|1630631,0,REG,2024,1629655,C,Mobile Big,1.34
Shot Chart Detail,22300311,245,202685,Jonas Valanciunas,1610612740,New Orleans Pelicans,2,6,6,Made Shot,Layup Shot,2PT Field Goal,Restricted Area,Center(C),Less Than 8 ft.,3,26,17,1,1,20231213,WAS,NOP,22300311245,10740,0,202685|203468|1630230|1630530|1641722,1,REG,2024,1629655,C,Mobile Big,1.34
Shot Chart Detail,22300311,249,202685,Jonas Valanciunas,1610612740,New Orleans Pelicans,2,5,47,Made Shot,Jump Shot,3PT Field Goal,Above the Break 3,Left Side Center(LC),24+ ft.,28,-102,263,1,1,20231213,WAS,NOP,22300311249,10930,0,202685|203468|1630230|1630530|1641722,1,REG,2024,1629655,C,Mobile Big,1.34
Shot Chart Detail,22300311,523,202685,Jonas Valanciunas,1610612740,New Orleans Pelicans,4,10,15,Missed Shot,Jump Shot,2PT Field Goal,In The Paint (Non-RA),Center(C),Less Than 8 ft.,4,20,37,1,0,20231213,WAS,NOP,22300311523,22650,0,202685|203468|1630230|1630530|1641722,0,REG,2024,,,,
Shot Chart Detail,22300311,535,202685,Jonas Valanciunas,1610612740,New Orleans Pelicans,4,8,37,Made Shot,Reverse Layup Shot,2PT Field Goal,Restricted Area,Center(C),Less Than 8 ft.,2,4,24,1,1,20231213,WAS,NOP,22300311535,23630,0,202685|203468|1630230|1630530|1641722,0,REG,2024,,,,
Shot Chart Detail,22300311,569,202685,Jonas Valanciunas,1610612740,New Orleans Pelicans,4,6,17,Missed Shot,Turnaround Jump Shot,2PT Field Goal,Mid-Range,Right Side(R),8-16 ft.,12,124,37,1,0,20231213,WAS,NOP,22300311569,25030,0,202685|203468|1630230|1630530|1641722,0,REG,2024,1629655,C,Mobile Big,1.34
Shot Chart Detail,22300311,574,202685,Jonas Valanciunas,1610612740,New Orleans Pelicans,4,5,42,Missed Shot,Layup Shot,2PT Field Goal,Restricted Area,Center(C),Less Than 8 ft.,2,-22,19,1,0,20231213,WAS,NOP,22300311574,25380,0,202685|203468|1627742|1630530|1641722,0,REG,2024,1629655,C,Mobile Big,1.34
Shot Chart Detail,22300311,584,202685,Jonas Valanciunas,1610612740,New Orleans Pelicans,4,5,33,Made Shot,Tip Layup Shot,2PT Field Goal,Restricted Area,Center(C),Less Than 8 ft.,0,0,0,1,1,20231213,WAS,NOP,22300311584,25470,0,202685|203468|1627742|1630530|1641722,0,REG,2024,1629655,C,Mobile Big,1.34
Shot Chart Detail,22300326,10,202685,Jonas Valanciunas,1610612740,New Orleans Pelicans,1,11,3,Missed Shot,Driving Layup Shot,2PT Field Goal,Restricted Area,Center(C),Less Than 8 ft.,3,-27,29,1,0,20231215,CHA,NOP,2230032610,570,0,202685|203468|1627742|1629627|1630529,0,REG,2024,1630208,PF,Helper,-0.56
Shot Chart Detail,22300326,27,202685,Jonas Valanciunas,1610612740,New Orleans Pelicans,1,9,15,Made Shot,Hook Shot,2PT Field Goal,In The Paint (Non-RA),Center(C),Less Than 8 ft.,7,-49,63,1,1,20231215,CHA,NOP,2230032627,1650,0,202685|203468|1627742|1629627|1630529,1,REG,2024,202330,SF,,-2.12
Shot Chart Detail,22300326,165,202685,Jonas Valanciunas,1610612740,New Orleans Pelicans,2,10,51,Made Shot,Driving Hook Shot,2PT Field Goal,Restricted Area,Center(C),Less Than 8 ft.,3,-16,33,1,1,20231215,CHA,NOP,22300326165,7890,0,202685|203468|1630530|1630631|1630700,0,REG,2024,1641877,C,Anchor Big,1.06
Shot Chart Detail,22300326,168,202685,Jonas Valanciunas,1610612740,New Orleans Pelicans,2,10,14,Missed Shot,Driving Layup Shot,2PT Field Goal,Restricted Area,Center(C),Less Than 8 ft.,3,12,31,1,0,20231215,CHA,NOP,22300326168,8260,0,202685|203468|1630530|1630631|1630700,0,REG,2024,1631121|1641877,,,
Shot Chart Detail,22300326,197,202685,Jonas Valanciunas,1610612740,New Orleans Pelicans,2,8,21,Made Shot,Putback Layup Shot,2PT Field Goal,Restricted Area,Center(C),Less Than 8 ft.,0,0,0,1,1,20231215,CHA,NOP,22300326197,9390,0,202685|203468|1630530|1630700|1641722,0,REG,2024,1628970|1630208,,,
Shot Chart Detail,22300326,200,202685,Jonas Valanciunas,1610612740,New Orleans Pelicans,2,8,5,Made Shot,Driving Finger Roll Layup Shot,2PT Field Goal,Restricted Area,Center(C),Less Than 8 ft.,2,11,23,1,1,20231215,CHA,NOP,22300326200,9550,0,202685|203468|1630530|1630700|1641722,1,REG,2024,1630208,PF,Helper,-0.56
Shot Chart Detail,22300326,219,202685,Jonas Valanciunas,1610612740,New Orleans Pelicans,2,6,47,Made Shot,Jump Shot,3PT Field Goal,Above the Break 3,Right Side Center(RC),24+ ft.,25,96,237,1,1,20231215,CHA,NOP,22300326219,10330,0,202685|203468|1630530|1630700|1641722,1,REG,2024,1641706,SF,Chaser,-1.91
Shot Chart Detail,22300326,263,202685,Jonas Valanciunas,1610612740,New Orleans Pelicans,2,4,11,Made Shot,Layup Shot,2PT Field Goal,Restricted Area,Center(C),Less Than 8 ft.,3,18,25,1,1,20231215,CHA,NOP,22300326263,11890,0,202685|1627742|1629627|1630529|1630631,1,REG,2024,1630208,PF,Helper,-0.56
Shot Chart Detail,22300326,356,202685,Jonas Valanciunas,1610612740,New Orleans Pelicans,3,9,14,Missed Shot,Jump Shot,3PT Field Goal,Above the Break 3,Center(C),24+ ft.,25,-5,250,1,0,20231215,CHA,NOP,22300326356,16060,0,202685|203468|1627742|1629627|1630529,0,REG,2024,1630208,PF,Helper,-0.56
Shot Chart Detail,22300326,397,202685,Jonas Valanciunas,1610612740,New Orleans Pelicans,3,5,47,Missed Shot,Putback Layup Shot,2PT Field Goal,Restricted Area,Center(C),Less Than 8 ft.,0,0,0,1,0,20231215,CHA,NOP,22300326397,18130,0,202685|203468|1627742|1630230|1630530,0,REG,2024,1626179|1641706,,,
Shot Chart Detail,22300326,403,202685,Jonas Valanciunas,1610612740,New Orleans Pelicans,3,5,3,Made Shot,Jump Shot,3PT Field Goal,Above the Break 3,Center(C),24+ ft.,25,-27,252,1,1,20231215,CHA,NOP,22300326403,18570,0,202685|203468|1627742|1630230|1630530,1,REG,2024,1630208,PF,Helper,-0.56
Shot Chart Detail,22300326,410,202685,Jonas Valanciunas,1610612740,New Orleans Pelicans,3,4,40,Made Shot,Dunk Shot,2PT Field Goal,Restricted Area,Center(C),Less Than 8 ft.,1,-7,13,1,1,20231215,CHA,NOP,22300326410,18800,0,202685|1627742|1630230|1630530|1630631,1,REG,2024,1641706,SF,Chaser,-1.91
Shot Chart Detail,22300326,493,202685,Jonas Valanciunas,1610612740,New Orleans Pelicans,4,11,42,Made Shot,Driving Hook Shot,2PT Field Goal,In The Paint (Non-RA),Center(C),Less Than 8 ft.,5,-25,46,1,1,20231215,CHA,NOP,22300326493,21780,0,202685|203468|1630530|1630631|1630700,0,REG,2024,1641877,C,Anchor Big,1.06
Shot Chart Detail,22300326,581,202685,Jonas Valanciunas,1610612740,New Orleans Pelicans,4,6,6,Made Shot,Tip Layup Shot,2PT Field Goal,Restricted Area,Center(C),Less Than 8 ft.,0,0,0,1,1,20231215,CHA,NOP,22300326581,25140,0,202685|203468|1627742|1629627|1630700,0,REG,2024,1628970|1630208,,,
Shot Chart Detail,22300326,588,202685,Jonas Valanciunas,1610612740,New Orleans Pelicans,4,5,3,Made Shot,Jump Shot,2PT Field Goal,Mid-Range,Center(C),16-24 ft.,18,-27,182,1,1,20231215,CHA,NOP,22300326588,25770,0,202685|203468|1627742|1629627|1630700,1,REG,2024,1630208,PF,Helper,-0.56
Shot Chart Detail,22300326,601,202685,Jonas Valanciunas,1610612740,New Orleans Pelicans,4,3,56,Missed Shot,Jump Shot,3PT Field Goal,Above the Break 3,Left Side Center(LC),24+ ft.,25,-86,241,1,0,20231215,CHA,NOP,22300326601,26440,0,202685|203468|1627742|1629627|1630529,0,REG,2024,1626179,PG,Point of Attack,-1.26
Shot Chart Detail,22300345,60,202685,Jonas Valanciunas,1610612740,New Orleans Pelicans,1,6,54,Missed Shot,Jump Shot,3PT Field Goal,Above the Break 3,Left Side Center(LC),24+ ft.,26,-92,246,1,0,20231217,SAS,NOP,2230034560,3060,0,202685|203468|1627742|1629627|1630529,0,REG,2024,1641705,C,Anchor Big,2.82
Shot Chart Detail,22300345,70,202685,Jonas Valanciunas,1610612740,New Orleans Pelicans,1,5,49,Missed Shot,Jump Shot,3PT Field Goal,Right Corner 3,Right Side(R),24+ ft.,22,229,16,1,0,20231217,SAS,NOP,2230034570,3710,0,202685|203468|1627742|1629627|1630529,0,REG,2024,1631103,SG,Chaser,-1.43
Shot Chart Detail,22300345,82,202685,Jonas Valanciunas,1610612740,New Orleans Pelicans,1,5,6,Made Shot,Turnaround Hook Shot,2PT Field Goal,In The Paint (Non-RA),Center(C),Less Than 8 ft.,4,0,48,1,1,20231217,SAS,NOP,2230034582,4140,0,202685|1627742|1630230|1630530|1630631,1,REG,2024,1631110|1641705,,,
Shot Chart Detail,22300345,280,202685,Jonas Valanciunas,1610612740,New Orleans Pelicans,2,4,38,Missed Shot,Jump Shot,3PT Field Goal,Above the Break 3,Center(C),24+ ft.,25,2,259,1,0,20231217,SAS,NOP,22300345280,11620,0,202685|1627742|1629627|1630529|1630631,0,REG,2024,1628380,C,Helper,0.19
Shot Chart Detail,22300345,294,202685,Jonas Valanciunas,1610612740,New Orleans Pelicans,2,3,54,Missed Shot,Tip Layup Shot,2PT Field Goal,Restricted Area,Center(C),Less Than 8 ft.,0,0,0,1,0,20231217,SAS,NOP,22300345294,12060,0,202685|1627742|1629627|1630529|1630631,0,REG,2024,1631110,PF,Wing Stopper,-0.1
Shot Chart Detail,22300345,387,202685,Jonas Valanciunas,1610612740,New Orleans Pelicans,3,10,50,Made Shot,Jump Shot,2PT Field Goal,Mid-Range,Left Side(L),8-16 ft.,15,-143,68,1,1,20231217,SAS,NOP,22300345387,15100,0,202685|203468|1627742|1629627|1630529,1,REG,2024,1641705,C,Anchor Big,2.82
Shot Chart Detail,22300345,428,202685,Jonas Valanciunas,1610612740,New Orleans Pelicans,3,8,7,Made Shot,Layup Shot,2PT Field Goal,Restricted Area,Center(C),Less Than 8 ft.,2,6,25,1,1,20231217,SAS,NOP,22300345428,16730,0,202685|203468|1627742|1629627|1630529,1,REG,2024,,,,
Shot Chart Detail,22300345,434,202685,Jonas Valanciunas,1610612740,New Orleans Pelicans,3,7,42,Made Shot,Layup Shot,2PT Field Goal,Restricted Area,Center(C),Less Than 8 ft.,1,13,13,1,1,20231217,SAS,NOP,22300345434,16980,0,202685|203468|1627742|1629627|1630529,1,REG,2024,1641705,C,Anchor Big,2.82
Shot Chart Detail,22300345,560,202685,Jonas Valanciunas,1610612740,New Orleans Pelicans,4,11,23,Made Shot,Driving Hook Shot,2PT Field Goal,Restricted Area,Center(C),Less Than 8 ft.,3,-1,31,1,1,20231217,SAS,NOP,22300345560,21970,0,202685|203468|1630230|1630530|1630700,0,REG,2024,1630577|1641705,,,
Shot Chart Detail,22300345,570,202685,Jonas Valanciunas,1610612740,New Orleans Pelicans,4,10,26,Missed Shot,Turnaround Hook Shot,2PT Field Goal,In The Paint (Non-RA),Center(C),Less Than 8 ft.,5,-4,50,1,0,20231217,SAS,NOP,22300345570,22540,0,202685|203468|1630230|1630530|1630700,0,REG,2024,1641705,C,Anchor Big,2.82
Shot Chart Detail,22300345,576,202685,Jonas Valanciunas,1610612740,New Orleans Pelicans,4,9,45,Missed Shot,Cutting Dunk Shot,2PT Field Goal,Restricted Area,Center(C),Less Than 8 ft.,2,-18,22,1,0,20231217,SAS,NOP,22300345576,22950,0,202685|203468|1630230|1630530|1630700,0,REG,2024,1630577,SF,Helper,-1.04
Shot Chart Detail,22300345,586,202685,Jonas Valanciunas,1610612740,New Orleans Pelicans,4,8,58,Made Shot,Jump Shot,3PT Field Goal,Above the Break 3,Left Side Center(LC),24+ ft.,25,-92,240,1,1,20231217,SAS,NOP,22300345586,23420,0,202685|203468|1630230|1630530|1630700,1,REG,2024,203926,SF,Low Activity,-1.37
Shot Chart Detail,22300360,19,202685,Jonas Valanciunas,1610612740,New Orleans Pelicans,1,10,52,Made Shot,Jump Shot,2PT Field Goal,In The Paint (Non-RA),Center(C),8-16 ft.,13,9,132,1,1,20231219,NOP,MEM,2230036019,680,0,202685|203468|1627742|1629627|1630529,1,REG,2024,202687,C,,0.82
Shot Chart Detail,22300360,25,202685,Jonas Valanciunas,1610612740,New Orleans Pelicans,1,10,21,Made Shot,Jump Shot,3PT Field Goal,Above the Break 3,Center(C),24+ ft.,25,-15,257,1,1,20231219,NOP,MEM,2230036025,990,0,202685|203468|1627742|1629627|1630529,1,REG,2024,202687,C,,0.82
Shot Chart Detail,22300360,33,202685,Jonas Valanciunas,1610612740,New Orleans Pelicans,1,9,45,Made Shot,Hook Shot,2PT Field Goal,In The Paint (Non-RA),Center(C),Less Than 8 ft.,7,42,58,1,1,20231219,NOP,MEM,2230036033,1350,0,202685|203468|1627742|1630529|1630530,0,REG,2024,202687,C,,0.82
Shot Chart Detail,22300360,82,202685,Jonas Valanciunas,1610612740,New Orleans Pelicans,1,6,15,Missed Shot,Putback Layup Shot,2PT Field Goal,Restricted Area,Center(C),Less Than 8 ft.,0,5,8,1,0,20231219,NOP,MEM,2230036082,3450,0,202685|203468|1627742|1630529|1630530,0,REG,2024,1629630|202687,,,
Shot Chart Detail,22300360,207,202685,Jonas Valanciunas,1610612740,New Orleans Pelicans,2,9,17,Made Shot,Putback Layup Shot,2PT Field Goal,Restricted Area,Center(C),Less Than 8 ft.,3,27,16,1,1,20231219,NOP,MEM,22300360207,8830,0,202685|203468|1629627|1630530|1630700,0,REG,2024,1631246,SG,Helper,-0.48
Shot Chart Detail,22300360,232,202685,Jonas Valanciunas,1610612740,New Orleans Pelicans,2,7,6,Made Shot,Jump Shot,2PT Field Goal,In The Paint (Non-RA),Right Side(R),8-16 ft.,15,77,132,1,1,20231219,NOP,MEM,22300360232,10140,0,202685|203468|1627742|1630529|1630700,1,REG,2024,1629630,PG,Point of Attack,-0.87
Shot Chart Detail,22300360,384,202685,Jonas Valanciunas,1610612740,New Orleans Pelicans,3,8,34,Missed Shot,Jump Shot,2PT Field Goal,Restricted Area,Center(C),Less Than 8 ft.,2,25,6,1,0,20231219,NOP,MEM,22300360384,16460,0,202685|203468|1627742|1629627|1630529,0,REG,2024,202687,C,,0.82
Shot Chart Detail,22300360,402,202685,Jonas Valanciunas,1610612740,New Orleans Pelicans,3,7,13,Made Shot,Cutting Dunk Shot,2PT Field Goal,Restricted Area,Center(C),Less Than 8 ft.,0,-2,-3,1,1,20231219,NOP,MEM,22300360402,17270,0,202685|203468|1627742|1629627|1630529,1,REG,2024,1629630,PG,Point of Attack,-0.87
Shot Chart Detail,22300360,435,202685,Jonas Valanciunas,1610612740,New Orleans Pelicans,3,4,33,Made Shot,Hook Shot,2PT Field Goal,In The Paint (Non-RA),Center(C),Less Than 8 ft.,7,-39,62,1,1,20231219,NOP,MEM,22300360435,18870,0,202685|203468|1627742|1629627|1630230,0,REG,2024,202687,C,,0.82
Shot Chart Detail,22300360,551,202685,Jonas Valanciunas,1610612740,New Orleans Pelicans,4,8,51,Missed Shot,Layup Shot,2PT Field Goal,Restricted Area,Center(C),Less Than 8 ft.,2,22,-4,1,0,20231219,NOP,MEM,22300360551,23490,0,202685|203468|1629627|1630529|1630700,0,REG,2024,1628991,PF,Helper,1.03
Shot Chart Detail,22300360,569,202685,Jonas Valanciunas,1610612740,New Orleans Pelicans,4,7,29,Made Shot,Cutting Dunk Shot,2PT Field Goal,Restricted Area,Center(C),Less Than 8 ft.,0,-1,-4,1,1,20231219,NOP,MEM,22300360569,24310,0,202685|203468|1627742|1629627|1630529,1,REG,2024,1628991,PF,Helper,1.03
Shot Chart Detail,22300360,650,202685,Jonas Valanciunas,1610612740,New Orleans Pelicans,4,1,7,Made Shot,Putback Layup Shot,2PT Field Goal,Restricted Area,Center(C),Less Than 8 ft.,0,0,0,1,1,20231219,NOP,MEM,22300360650,28130,0,202685|203468|1627742|1629627|1630529,0,REG,2024,1630217,SG,Chaser,-0.26
Shot Chart Detail,22300375,49,202685,Jonas Valanciunas,1610612740,New Orleans Pelicans,1,7,56,Made Shot,Jump Shot,2PT Field Goal,Mid-Range,Center(C),8-16 ft.,15,33,153,1,1,20231221,CLE,NOP,2230037549,2440,0,202685|203468|1627742|1630529|1630530,1,REG,2024,1628386,C,Anchor Big,0.01
Shot Chart Detail,22300375,69,202685,Jonas Valanciunas,1610612740,New Orleans Pelicans,1,6,27,Missed Shot,Jump Shot,3PT Field Goal,Right Corner 3,Right Side(R),24+ ft.,23,234,8,1,0,20231221,CLE,NOP,2230037569,3330,0,202685|203468|1627742|1630529|1630530,0,REG,2024,1630241,SG,Chaser,-0.81
Shot Chart Detail,22300375,178,202685,Jonas Valanciunas,1610612740,New Orleans Pelicans,2,10,39,Made Shot,Running Jump Shot,3PT Field Goal,Above the Break 3,Center(C),24+ ft.,25,56,247,1,1,20231221,CLE,NOP,22300375178,8010,0,202685|203468|1630230|1630700|1641722,1,REG,2024,202684,PF,,-1.78
Shot Chart Detail,22300375,206,202685,Jonas Valanciunas,1610612740,New Orleans Pelicans,2,8,12,Missed Shot,Jump Shot,3PT Field Goal,Above the Break 3,Right Side Center(RC),24+ ft.,25,170,186,1,0,20231221,CLE,NOP,22300375206,9480,0,202685|203468|1630230|1630700|1641722,0,REG,2024,202684,PF,,-1.78
Shot Chart Detail,22300375,339,202685,Jonas Valanciunas,1610612740,New Orleans Pelicans,3,9,33,Made Shot,Turnaround Hook Shot,2PT Field Goal,Restricted Area,Center(C),Less Than 8 ft.,3,4,34,1,1,20231221,CLE,NOP,22300375339,15870,0,202685|203468|1627742|1630529|1630530,1,REG,2024,1629731,PF,Helper,0.74
Shot Chart Detail,22300375,393,202685,Jonas Valanciunas,1610612740,New Orleans Pelicans,3,4,20,Made Shot,Driving Layup Shot,2PT Field Goal,Restricted Area,Center(C),Less Than 8 ft.,1,4,10,1,1,20231221,CLE,NOP,22300375393,19000,0,202685|203468|1627742|1630529|1630530,1,REG,2024,1628386,C,Anchor Big,0.01
Shot Chart Detail,22300375,497,202685,Jonas Valanciunas,1610612740,New Orleans Pelicans,4,11,25,Missed Shot,Layup Shot,2PT Field Goal,Restricted Area,Center(C),Less Than 8 ft.,1,-13,-2,1,0,20231221,CLE,NOP,22300375497,21950,0,202685|203468|1630230|1630631|1630700,0,REG,2024,202684|1630171,,,
Shot Chart Detail,22300375,515,202685,Jonas Valanciunas,1610612740,New Orleans Pelicans,4,9,44,Made Shot,Putback Dunk Shot,2PT Field Goal,Restricted Area,Center(C),Less Than 8 ft.,1,6,14,1,1,20231221,CLE,NOP,22300375515,22960,0,202685|203468|1630230|1630631|1630700,0,REG,2024,1628386,C,Anchor Big,0.01
Shot Chart Detail,22300375,526,202685,Jonas Valanciunas,1610612740,New Orleans Pelicans,4,8,35,Made Shot,Jump Shot,2PT Field Goal,Mid-Range,Left Side Center(LC),16-24 ft.,17,-115,130,1,1,20231221,CLE,NOP,22300375526,23650,0,202685|203468|1630230|1630631|1630700,1,REG,2024,1628386,C,Anchor Big,0.01
Shot Chart Detail,22300392,11,202685,Jonas Valanciunas,1610612740,New Orleans Pelicans,1,11,17,Missed Shot,Jump Shot,2PT Field Goal,Mid-Range,Left Side(L),8-16 ft.,14,-127,79,1,0,20231223,NOP,HOU,2230039211,430,0,202685|203468|1627742|1629627|1630529,0,REG,2024,1630578,C,Mobile Big,-0.14
Shot Chart Detail,22300392,29,202685,Jonas Valanciunas,1610612740,New Orleans Pelicans,1,9,28,Missed Shot,Jump Shot,3PT Field Goal,Above the Break 3,Center(C),24+ ft.,25,27,255,1,0,20231223,NOP,HOU,2230039229,1520,0,202685|203468|1627742|1629627|1630529,0,REG,2024,1630578,C,Mobile Big,-0.14
Shot Chart Detail,22300392,39,202685,Jonas Valanciunas,1610612740,New Orleans Pelicans,1,8,41,Made Shot,Hook Shot,2PT Field Goal,In The Paint (Non-RA),Center(C),Less Than 8 ft.,5,36,46,1,1,20231223,NOP,HOU,2230039239,1990,0,202685|203468|1627742|1629627|1630529,1,REG,2024,1630578,C,Mobile Big,-0.14
Shot Chart Detail,22300392,47,202685,Jonas Valanciunas,1610612740,New Orleans Pelicans,1,7,40,Missed Shot,Hook Shot,2PT Field Goal,In The Paint (Non-RA),Center(C),Less Than 8 ft.,6,11,64,1,0,20231223,NOP,HOU,2230039247,2600,0,202685|203468|1627742|1629627|1630529,0,REG,2024,1630578,C,Mobile Big,-0.14
Shot Chart Detail,22300392,93,202685,Jonas Valanciunas,1610612740,New Orleans Pelicans,1,3,24,Missed Shot,Putback Layup Shot,2PT Field Goal,In The Paint (Non-RA),Center(C),Less Than 8 ft.,6,16,64,1,0,20231223,NOP,HOU,2230039293,5160,0,202685|1627742|1630230|1630530|1630631,0,REG,2024,1630578|1631106,,,
Shot Chart Detail,22300392,244,202685,Jonas Valanciunas,1610612740,New Orleans Pelicans,2,5,59,Made Shot,Layup Shot,2PT Field Goal,Restricted Area,Center(C),Less Than 8 ft.,3,-15,37,1,1,20231223,NOP,HOU,22300392244,10810,0,202685|1627742|1630529|1630530|1630700,1,REG,2024,1630256|1631106,,,
Shot Chart Detail,22300392,265,202685,Jonas Valanciunas,1610612740,New Orleans Pelicans,2,5,19,Made Shot,Driving Hook Shot,2PT Field Goal,In The Paint (Non-RA),Center(C),Less Than 8 ft.,7,15,69,1,1,20231223,NOP,HOU,22300392265,11210,0,202685|1627742|1630529|1630530|1630700,0,REG,2024,1630578,C,Mobile Big,-0.14
Shot Chart Detail,22300392,272,202685,Jonas Valanciunas,1610612740,New Orleans Pelicans,2,4,24,Missed Shot,Jump Shot,3PT Field Goal,Above the Break 3,Right Side Center(RC),24+ ft.,25,150,209,1,0,20231223,NOP,HOU,22300392272,11760,0,202685|1627742|1630529|1630530|1630700,0,REG,2024,1630578,C,Mobile Big,-0.14
Shot Chart Detail,22300392,282,202685,Jonas Valanciunas,1610612740,New Orleans Pelicans,2,3,12,Missed Shot,Jump Shot,2PT Field Goal,Mid-Range,Center(C),8-16 ft.,15,-32,148,1,0,20231223,NOP,HOU,22300392282,12480,0,202685|1627742|1630529|1630530|1630700,0,REG,2024,1630578,C,Mobile Big,-0.14
Shot Chart Detail,22300392,312,202685,Jonas Valanciunas,1610612740,New Orleans Pelicans,2,0,46,Made Shot,Hook Shot,2PT Field Goal,In The Paint (Non-RA),Center(C),Less Than 8 ft.,6,-12,63,1,1,20231223,NOP,HOU,22300392312,13940,0,202685|203468|1627742|1629627|1630530,1,REG,2024,1630578,C,Mobile Big,-0.14
Shot Chart Detail,22300392,372,202685,Jonas Valanciunas,1610612740,New Orleans Pelicans,3,9,29,Made Shot,Tip Dunk Shot,2PT Field Goal,Restricted Area,Center(C),Less Than 8 ft.,0,0,0,1,1,20231223,NOP,HOU,22300392372,15910,0,202685|203468|1627742|1629627|1630529,0,REG,2024,1628415,SF,Wing Stopper,-1.08
Shot Chart Detail,22300410,37,202685,Jonas Valanciunas,1610612740,New Orleans Pelicans,1,8,54,Made Shot,Cutting Dunk Shot,2PT Field Goal,Restricted Area,Center(C),Less Than 8 ft.,0,4,5,1,1,20231226,NOP,MEM,2230041037,1860,0,202685|203468|1627742|1629627|1630529,1,REG,2024,,,,
Shot Chart Detail,22300410,76,202685,Jonas Valanciunas,1610612740,New Orleans Pelicans,1,5,51,Made Shot,Running Layup Shot,2PT Field Goal,Restricted Area,Center(C),Less Than 8 ft.,3,7,32,1,1,20231226,NOP,MEM,2230041076,3690,0,202685|203468|1627742|1630230|1630530,1,REG,2024,1630217,SG,Chaser,-0.26
Shot Chart Detail,22300410,97,202685,Jonas Valanciunas,1610612740,New Orleans Pelicans,1,4,52,Made Shot,Jump Shot,2PT Field Goal,In The Paint (Non-RA),Center(C),Less Than 8 ft.,7,-70,30,1,1,20231226,NOP,MEM,2230041097,4280,0,202685|203468|1627742|1630230|1630530,0,REG,2024,1628991,PF,Helper,1.03
Shot Chart Detail,22300410,269,202685,Jonas Valanciunas,1610612740,New Orleans Pelicans,2,5,25,Missed Shot,Turnaround Jump Shot,2PT Field Goal,In The Paint (Non-RA),Center(C),8-16 ft.,10,-4,109,1,0,20231226,NOP,MEM,22300410269,11150,0,202685|1627742|1630230|1630631|1630700,0,REG,2024,1628991,PF,Helper,1.03
Shot Chart Detail,22300410,275,202685,Jonas Valanciunas,1610612740,New Orleans Pelicans,2,5,8,Missed Shot,Alley Oop Layup shot,2PT Field Goal,Restricted Area,Center(C),Less Than 8 ft.,3,-36,6,1,0,20231226,NOP,MEM,22300410275,11320,0,202685|1627742|1630230|1630631|1630700,0,REG,2024,1631246,SG,Helper,-0.48
Shot Chart Detail,22300410,285,202685,Jonas Valanciunas,1610612740,New Orleans Pelicans,2,3,48,Made Shot,Turnaround Fadeaway shot,2PT Field Goal,In The Paint (Non-RA),Center(C),Less Than 8 ft.,7,7,72,1,1,20231226,NOP,MEM,22300410285,12120,0,202685|1627742|1630230|1630530|1630631,0,REG,2024,1628991,PF,Helper,1.03
Shot Chart Detail,22300410,328,202685,Jonas Valanciunas,1610612740,New Orleans Pelicans,2,0,34,Missed Shot,Jump Shot,3PT Field Goal,Left Corner 3,Left Side(L),24+ ft.,23,-230,-5,1,0,20231226,NOP,MEM,22300410328,14060,0,202685|203468|1627742|1629627|1630530,0,REG,2024,1630217,SG,Chaser,-0.26
Shot Chart Detail,22300410,375,202685,Jonas Valanciunas,1610612740,New Orleans Pelicans,3,8,30,Made Shot,Layup Shot,2PT Field Goal,Restricted Area,Center(C),Less Than 8 ft.,1,11,0,1,1,20231226,NOP,MEM,22300410375,16500,0,202685|203468|1627742|1629627|1630529,1,REG,2024,1628991,PF,Helper,1.03
Shot Chart Detail,22300410,456,202685,Jonas Valanciunas,1610612740,New Orleans Pelicans,3,3,18,Missed Shot,Layup Shot,2PT Field Goal,Restricted Area,Center(C),Less Than 8 ft.,2,-23,6,1,0,20231226,NOP,MEM,22300410456,19620,0,202685|1627742|1630530|1630631|1630700,0,REG,2024,1628991,PF,Helper,1.03
Shot Chart Detail,22300410,627,202685,Jonas Valanciunas,1610612740,New Orleans Pelicans,4,4,55,Missed Shot,Tip Layup Shot,2PT Field Goal,Restricted Area,Center(C),Less Than 8 ft.,0,0,0,1,0,20231226,NOP,MEM,22300410627,25850,0,202685|1627742|1629627|1630529|1630530,0,REG,2024,1629630|1628991|1631246,,,
Shot Chart Detail,22300410,640,202685,Jonas Valanciunas,1610612740,New Orleans Pelicans,4,4,9,Made Shot,Driving Hook Shot,2PT Field Goal,In The Paint (Non-RA),Center(C),Less Than 8 ft.,6,-33,59,1,1,20231226,NOP,MEM,22300410640,26310,0,202685|1627742|1629627|1630529|1630530,1,REG,2024,1628991,PF,Helper,1.03
Shot Chart Detail,22300410,652,202685,Jonas Valanciunas,1610612740,New Orleans Pelicans,4,3,13,Missed Shot,Driving Hook Shot,2PT Field Goal,Restricted Area,Center(C),Less Than 8 ft.,3,23,29,1,0,20231226,NOP,MEM,22300410652,26870,0,202685|1627742|1629627|1630529|1630530,0,REG,2024,1630214,PF,Mobile Big,1.38
Shot Chart Detail,22300410,655,202685,Jonas Valanciunas,1610612740,New Orleans Pelicans,4,3,9,Made Shot,Putback Layup Shot,2PT Field Goal,Restricted Area,Center(C),Less Than 8 ft.,1,18,7,1,1,20231226,NOP,MEM,22300410655,26910,0,202685|203468|1627742|1629627|1630530,0,REG,2024,1628991|1631246|1630214,,,
Shot Chart Detail,22300410,693,202685,Jonas Valanciunas,1610612740,New Orleans Pelicans,4,0,48,Made Shot,Putback Layup Shot,2PT Field Goal,Restricted Area,Center(C),Less Than 8 ft.,1,16,2,1,1,20231226,NOP,MEM,22300410693,28320,0,202685|203468|1627742|1629627|1630530,0,REG,2024,1628991,PF,Helper,1.03
Shot Chart Detail,22300424,27,202685,Jonas Valanciunas,1610612740,New Orleans Pelicans,1,9,51,Missed Shot,Jump Shot,3PT Field Goal,Above the Break 3,Center(C),24+ ft.,26,39,260,1,0,20231228,NOP,UTA,2230042427,1290,0,202685|203468|1627742|1629627|1630529,0,REG,2024,1631117,C,Anchor Big,2.1
Shot Chart Detail,22300424,53,202685,Jonas Valanciunas,1610612740,New Orleans Pelicans,1,7,33,Made Shot,Cutting Dunk Shot,2PT Field Goal,Restricted Area,Center(C),Less Than 8 ft.,0,4,6,1,1,20231228,NOP,UTA,2230042453,2670,0,202685|203468|1627742|1629627|1630529,1,REG,2024,1631117,C,Anchor Big,2.1
Shot Chart Detail,22300424,341,202685,Jonas Valanciunas,1610612740,New Orleans Pelicans,3,10,4,Missed Shot,Tip Layup Shot,2PT Field Goal,Restricted Area,Center(C),Less Than 8 ft.,0,0,0,1,0,20231228,NOP,UTA,22300424341,15560,0,202685|203468|1627742|1629627|1630529,0,REG,2024,1628374,PF,Helper,-0.24
Shot Chart Detail,22300424,343,202685,Jonas Valanciunas,1610612740,New Orleans Pelicans,3,10,4,Missed Shot,Tip Layup Shot,2PT Field Goal,Restricted Area,Center(C),Less Than 8 ft.,0,0,0,1,0,20231228,NOP,UTA,22300424343,15560,0,202685|203468|1627742|1629627|1630529,0,REG,2024,1627739|1628374|1631117,,,
Shot Chart Detail,22300424,346,202685,Jonas Valanciunas,1610612740,New Orleans Pelicans,3,9,54,Missed Shot,Reverse Layup Shot,2PT Field Goal,Restricted Area,Center(C),Less Than 8 ft.,1,-12,6,1,0,20231228,NOP,UTA,22300424346,15660,0,202685|203468|1627742|1629627|1630529,0,REG,2024,1631117,C,Anchor Big,2.1
Shot Chart Detail,22300424,381,202685,Jonas Valanciunas,1610612740,New Orleans Pelicans,3,7,4,Made Shot,Hook Shot,2PT Field Goal,In The Paint (Non-RA),Center(C),Less Than 8 ft.,4,6,43,1,1,20231228,NOP,UTA,22300424381,17360,0,202685|203468|1627742|1629627|1630529,1,REG,2024,1631117,C,Anchor Big,2.1
Shot Chart Detail,22300446,14,202685,Jonas Valanciunas,1610612740,New Orleans Pelicans,1,10,57,Made Shot,Jump Shot,2PT Field Goal,Mid-Range,Left Side Center(LC),16-24 ft.,18,-97,154,1,1,20231231,NOP,LAL,2230044614,630,0,202685|203468|1627742|1629627|1630529,1,REG,2024,1629020,PF,Helper,-0.11
Shot Chart Detail,22300446,56,202685,Jonas Valanciunas,1610612740,New Orleans Pelicans,1,7,46,Made Shot,Reverse Layup Shot,2PT Field Goal,Restricted Area,Center(C),Less Than 8 ft.,1,18,-3,1,1,20231231,NOP,LAL,2230044656,2540,0,202685|203468|1627742|1629627|1630529,0,REG,2024,203076|1629060,,,
Shot Chart Detail,22300446,236,202685,Jonas Valanciunas,1610612740,New Orleans Pelicans,2,7,43,Missed Shot,Driving Hook Shot,2PT Field Goal,In The Paint (Non-RA),Center(C),Less Than 8 ft.,6,4,68,1,0,20231231,NOP,LAL,22300446236,9770,0,202685|1627742|1630230|1630631|1641722,0,REG,2024,203076,PF,,0.47
Shot Chart Detail,22300446,242,202685,Jonas Valanciunas,1610612740,New Orleans Pelicans,2,7,20,Missed Shot,Layup Shot,2PT Field Goal,Restricted Area,Center(C),Less Than 8 ft.,3,-9,34,1,0,20231231,NOP,LAL,22300446242,10000,0,202685|1627742|1630230|1630631|1641722,0,REG,2024,203076|2544,,,
Shot Chart Detail,22300446,293,202685,Jonas Valanciunas,1610612740,New Orleans Pelicans,2,3,19,Made Shot,Hook Bank Shot,2PT Field Goal,In The Paint (Non-RA),Center(C),Less Than 8 ft.,4,-18,43,1,1,20231231,NOP,LAL,22300446293,12410,0,202685|203468|1627742|1629627|1630529,0,REG,2024,203076,PF,,0.47
Shot Chart Detail,22300446,355,202685,Jonas Valanciunas,1610612740,New Orleans Pelicans,3,11,37,Missed Shot,Hook Shot,2PT Field Goal,In The Paint (Non-RA),Center(C),Less Than 8 ft.,5,13,53,1,0,20231231,NOP,LAL,22300446355,14630,0,202685|203468|1627742|1629627|1630529,0,REG,2024,2544,SF,,1.53
Shot Chart Detail,22300446,384,202685,Jonas Valanciunas,1610612740,New Orleans Pelicans,3,8,19,Made Shot,Jump Shot,2PT Field Goal,Mid-Range,Right Side(R),8-16 ft.,10,102,32,1,1,20231231,NOP,LAL,22300446384,16610,0,202685|203468|1627742|1629627|1630529,1,REG,2024,203076,PF,,0.47
Shot Chart Detail,22300461,13,202685,Jonas Valanciunas,1610612740,New Orleans Pelicans,1,10,46,Made Shot,Jump Shot,3PT Field Goal,Above the Break 3,Left Side Center(LC),24+ ft.,25,-132,218,1,1,20240102,NOP,BKN,2230046113,740,0,202685|203468|1627742|1629627|1630529,1,REG,2024,1629651,C,Helper,-0.21
Shot Chart Detail,22300461,45,202685,Jonas Valanciunas,1610612740,New Orleans Pelicans,1,7,42,Made Shot,Layup Shot,2PT Field Goal,Restricted Area,Center(C),Less Than 8 ft.,2,21,13,1,1,20240102,NOP,BKN,2230046145,2580,0,202685|203468|1627742|1629627|1630529,0,REG,2024,1627827|1629651,,,
Shot Chart Detail,22300461,315,202685,Jonas Valanciunas,1610612740,New Orleans Pelicans,3,11,0,Made Shot,Cutting Dunk Shot,2PT Field Goal,Restricted Area,Center(C),Less Than 8 ft.,1,-7,17,1,1,20240102,NOP,BKN,22300461315,15000,0,202685|203468|1627742|1629627|1630529,1,REG,2024,1629651,C,Helper,-0.21
Shot Chart Detail,22300461,362,202685,Jonas Valanciunas,1610612740,New Orleans Pelicans,3,6,59,Made Shot,Fadeaway Jump Shot,2PT Field Goal,In The Paint (Non-RA),Center(C),Less Than 8 ft.,6,-4,62,1,1,20240102,NOP,BKN,22300461362,17410,0,202685|203468|1627742|1629627|1630529,0,REG,2024,1630549,PF,Mobile Big,-0.5
Shot Chart Detail,22300461,369,202685,Jonas Valanciunas,1610612740,New Orleans Pelicans,3,6,5,Made Shot,Running Layup Shot,2PT Field Goal,Restricted Area,Center(C),Less Than 8 ft.,2,18,21,1,1,20240102,NOP,BKN,22300461369,17950,0,202685|203468|1627742|1629627|1630529,1,REG,2024,1628372,PG,Point of Attack,-0.49
Shot Chart Detail,22300471,73,202685,Jonas Valanciunas,1610612740,New Orleans Pelicans,1,5,23,Missed Shot,Jump Shot,3PT Field Goal,Right Corner 3,Right Side(R),24+ ft.,23,234,8,1,0,20240103,MIN,NOP,2230047173,3970,0,202685|203468|1627742|1630230|1630529,0,REG,2024,1630162,SG,Chaser,-1.51
Shot Chart Detail,22300471,241,202685,Jonas Valanciunas,1610612740,New Orleans Pelicans,2,5,35,Made Shot,Jump Shot,2PT Field Goal,Mid-Range,Center(C),8-16 ft.,15,-10,158,1,1,20240103,MIN,NOP,22300471241,11050,0,202685|1627742|1630529|1630631|1630700,1,REG,2024,203497,C,Anchor Big,2.3
Shot Chart Detail,22300471,327,202685,Jonas Valanciunas,1610612740,New Orleans Pelicans,3,11,10,Missed Shot,Jump Shot,3PT Field Goal,Right Corner 3,Right Side(R),24+ ft.,23,232,22,1,0,20240103,MIN,NOP,22300471327,14900,0,202685|203468|1627742|1629627|1630529,0,REG,2024,203497,C,Anchor Big,2.3
Shot Chart Detail,22300471,526,202685,Jonas Valanciunas,1610612740,New Orleans Pelicans,4,9,37,Made Shot,Layup Shot,2PT Field Goal,Restricted Area,Center(C),Less Than 8 ft.,1,9,11,1,1,20240103,MIN,NOP,22300471526,23030,0,202685|203468|1629627|1630631|1630700,1,REG,2024,203497,C,Anchor Big,2.3
Shot Chart Detail,22300471,536,202685,Jonas Valanciunas,1610612740,New Orleans Pelicans,4,9,8,Missed Shot,Jump Shot,2PT Field Goal,Mid-Range,Left Side(L),16-24 ft.,16,-165,1,1,0,20240103,MIN,NOP,22300471536,23320,0,202685|203468|1629627|1630631|1630700,0,REG,2024,203497,C,Anchor Big,2.3
Shot Chart Detail,22300486,10,202685,Jonas Valanciunas,1610612740,New Orleans Pelicans,1,11,1,Made Shot,Jump Shot,3PT Field Goal,Above the Break 3,Left Side Center(LC),24+ ft.,24,-141,206,1,1,20240105,NOP,LAC,2230048610,590,0,202685|203468|1627742|1629627|1630529,1,REG,2024,201935,SG,,0.35
Shot Chart Detail,22300486,33,202685,Jonas Valanciunas,1610612740,New Orleans Pelicans,1,9,6,Made Shot,Cutting Dunk Shot,2PT Field Goal,Restricted Area,Center(C),Less Than 8 ft.,0,5,-4,1,1,20240105,NOP,LAC,2230048633,1740,0,202685|203468|1627742|1629627|1630529,1,REG,2024,1627826,C,Anchor Big,0.44
Shot Chart Detail,22300486,37,202685,Jonas Valanciunas,1610612740,New Orleans Pelicans,1,8,34,Made Shot,Cutting Dunk Shot,2PT Field Goal,Restricted Area,Center(C),Less Than 8 ft.,1,-2,-11,1,1,20240105,NOP,LAC,2230048637,2060,0,202685|203468|1627742|1629627|1630529,1,REG,2024,1627826|1629611,,,
Shot Chart Detail,22300486,82,202685,Jonas Valanciunas,1610612740,New Orleans Pelicans,1,4,32,Made Shot,Floating Jump shot,2PT Field Goal,In The Paint (Non-RA),Center(C),Less Than 8 ft.,6,64,19,1,1,20240105,NOP,LAC,2230048682,4480,0,202685|203468|1627742|1630230|1630529,1,REG,2024,1628464,C,Anchor Big,1.31
Shot Chart Detail,22300486,221,202685,Jonas Valanciunas,1610612740,New Orleans Pelicans,2,6,43,Missed Shot,Turnaround Hook Shot,2PT Field Goal,In The Paint (Non-RA),Center(C),Less Than 8 ft.,7,-54,53,1,0,20240105,NOP,LAC,22300486221,10370,0,202685|203468|1627742|1630529|1630700,0,REG,2024,1627826|201935,,,
Shot Chart Detail,22300486,340,202685,Jonas Valanciunas,1610612740,New Orleans Pelicans,3,10,31,Missed Shot,Tip Layup Shot,2PT Field Goal,Restricted Area,Center(C),Less Than 8 ft.,0,0,0,1,0,20240105,NOP,LAC,22300486340,15290,0,202685|203468|1627742|1629627|1630529,0,REG,2024,1627826|202331,,,
Shot Chart Detail,22300486,342,202685,Jonas Valanciunas,1610612740,New Orleans Pelicans,3,10,31,Missed Shot,Tip Layup Shot,2PT Field Goal,Restricted Area,Center(C),Less Than 8 ft.,0,0,0,1,0,20240105,NOP,LAC,22300486342,15290,0,202685|203468|1627742|1629627|1630529,0,REG,2024,202695|202331,,,
Shot Chart Detail,22300486,368,202685,Jonas Valanciunas,1610612740,New Orleans Pelicans,3,9,11,Missed Shot,Floating Jump shot,2PT Field Goal,In The Paint (Non-RA),Center(C),Less Than 8 ft.,4,-44,7,1,0,20240105,NOP,LAC,22300486368,16090,0,202685|203468|1627742|1629627|1630529,0,REG,2024,1627826,C,Anchor Big,0.44
Shot Chart Detail,22300486,371,202685,Jonas Valanciunas,1610612740,New Orleans Pelicans,3,9,6,Made Shot,Reverse Layup Shot,2PT Field Goal,Restricted Area,Center(C),Less Than 8 ft.,1,13,2,1,1,20240105,NOP,LAC,22300486371,16140,0,202685|203468|1627742|1629627|1630529,0,REG,2024,1627826|202695,,,
Shot Chart Detail,22300486,399,202685,Jonas Valanciunas,1610612740,New Orleans Pelicans,3,6,11,Missed Shot,Jump Shot,2PT Field Goal,Mid-Range,Center(C),16-24 ft.,17,-11,178,1,0,20240105,NOP,LAC,22300486399,17890,0,202685|203468|1627742|1630529|1630700,0,REG,2024,1627826,C,Anchor Big,0.44
Shot Chart Detail,22300486,497,202685,Jonas Valanciunas,1610612740,New Orleans Pelicans,4,9,24,Made Shot,Tip Layup Shot,2PT Field Goal,Restricted Area,Center(C),Less Than 8 ft.,0,0,0,1,1,20240105,NOP,LAC,22300486497,23160,0,202685|1630230|1630530|1630631|1630700,0,REG,2024,1629599|1628464|201566,,,
Shot Chart Detail,22300486,522,202685,Jonas Valanciunas,1610612740,New Orleans Pelicans,4,7,41,Missed Shot,Cutting Layup Shot,2PT Field Goal,Restricted Area,Center(C),Less Than 8 ft.,1,12,2,1,0,20240105,NOP,LAC,22300486522,24190,0,202685|203468|1630230|1630530|1630631,0,REG,2024,1628464,C,Anchor Big,1.31
Shot Chart Detail,22300500,15,202685,Jonas Valanciunas,1610612740,New Orleans Pelicans,1,10,35,Made Shot,Driving Layup Shot,2PT Field Goal,Restricted Area,Center(C),Less Than 8 ft.,2,-2,26,1,1,20240107,SAC,NOP,2230050015,850,0,202685|203468|1627742|1630529|1630530,0,REG,2024,1627734|1631099,,,
Shot Chart Detail,22300500,23,202685,Jonas Valanciunas,1610612740,New Orleans Pelicans,1,9,23,Missed Shot,Fadeaway Jump Shot,2PT Field Goal,Mid-Range,Left Side(L),8-16 ft.,9,-87,29,1,0,20240107,SAC,NOP,2230050023,1570,0,202685|203468|1627742|1630529|1630530,0,REG,2024,1627734,PF,Mobile Big,0.93
Shot Chart Detail,22300500,36,202685,Jonas Valanciunas,1610612740,New Orleans Pelicans,1,7,57,Made Shot,Jump Shot,2PT Field Goal,Mid-Range,Right Side(R),16-24 ft.,17,169,55,1,1,20240107,SAC,NOP,2230050036,2430,0,202685|203468|1627742|1630529|1630530,1,REG,2024,203084,SF,,0.86
Shot Chart Detail,22300500,40,202685,Jonas Valanciunas,1610612740,New Orleans Pelicans,1,7,34,Made Shot,Cutting Dunk Shot,2PT Field Goal,Restricted Area,Center(C),Less Than 8 ft.,1,13,3,1,1,20240107,SAC,NOP,2230050040,2660,0,202685|203468|1627742|1630529|1630530,1,REG,2024,1627734,PF,Mobile Big,0.93
Shot Chart Detail,22300500,50,202685,Jonas Valanciunas,1610612740,New Orleans Pelicans,1,6,32,Missed Shot,Jump Shot,3PT Field Goal,Above the Break 3,Center(C),24+ ft.,24,-60,241,1,0,20240107,SAC,NOP,2230050050,3280,0,202685|203468|1627742|1630529|1630530,0,REG,2024,203084,SF,,0.86
Shot Chart Detail,22300500,79,202685,Jonas Valanciunas,1610612740,New Orleans Pelicans,1,4,6,Made Shot,Jump Shot,3PT Field Goal,Above the Break 3,Center(C),24+ ft.,25,-66,247,1,1,20240107,SAC,NOP,2230050079,4740,0,202685|1627742|1630529|1630700|1641722,1,REG,2024,1630558,PG,Point of Attack,-1.11
Shot Chart Detail,22300500,277,202685,Jonas Valanciunas,1610612740,New Orleans Pelicans,2,3,41,Missed Shot,Fadeaway Jump Shot,2PT Field Goal,In The Paint (Non-RA),Center(C),Less Than 8 ft.,6,-39,51,1,0,20240107,SAC,NOP,22300500277,12190,0,202685|203468|1627742|1630529|1630700,0,REG,2024,1627734|203084,,,
Shot Chart Detail,22300500,366,202685,Jonas Valanciunas,1610612740,New Orleans Pelicans,3,8,17,Missed Shot,Driving Hook Shot,2PT Field Goal,In The Paint (Non-RA),Center(C),Less Than 8 ft.,5,-1,53,1,0,20240107,SAC,NOP,22300500366,16630,0,202685|203468|1627742|1630529|1630530,0,REG,2024,1630537|1627734,,,
Shot Chart Detail,22300500,387,202685,Jonas Valanciunas,1610612740,New Orleans Pelicans,3,6,30,Made Shot,Driving Layup Shot,2PT Field Goal,Restricted Area,Center(C),Less Than 8 ft.,2,-2,28,1,1,20240107,SAC,NOP,22300500387,17700,0,202685|203468|1627742|1630529|1630530,1,REG,2024,1627734,PF,Mobile Big,0.93
Shot Chart Detail,22300500,415,202685,Jonas Valanciunas,1610612740,New Orleans Pelicans,3,4,34,Made Shot,Cutting Dunk Shot,2PT Field Goal,Restricted Area,Center(C),Less Than 8 ft.,2,-6,23,1,1,20240107,SAC,NOP,22300500415,18860,0,202685|203468|1627742|1630700|1641722,1,REG,2024,1628370,SG,Point of Attack,-1.94
Shot Chart Detail,22300525,16,202685,Jonas Valanciunas,1610612740,New Orleans Pelicans,1,10,15,Made Shot,Jump Shot,3PT Field Goal,Above the Break 3,Center(C),24+ ft.,27,-15,272,1,1,20240110,GSW,NOP,2230052516,1050,0,202685|203468|1627742|1629627|1630529,1,REG,2024,1626172,PF,Helper,-0.97
Shot Chart Detail,22300525,24,202685,Jonas Valanciunas,1610612740,New Orleans Pelicans,1,9,35,Made Shot,Jump Shot,3PT Field Goal,Above the Break 3,Right Side Center(RC),24+ ft.,26,150,220,1,1,20240110,GSW,NOP,2230052524,1450,0,202685|203468|1627742|1629627|1630529,1,REG,2024,1626172,PF,Helper,-0.97
Shot Chart Detail,22300525,46,202685,Jonas Valanciunas,1610612740,New Orleans Pelicans,1,8,8,Missed Shot,Jump Shot,3PT Field Goal,Above the Break 3,Left Side Center(LC),24+ ft.,25,-105,236,1,0,20240110,GSW,NOP,2230052546,2320,0,202685|203468|1627742|1629627|1630529,0,REG,2024,1626172,PF,Helper,-0.97
Shot Chart Detail,22300525,50,202685,Jonas Valanciunas,1610612740,New Orleans Pelicans,1,7,44,Missed Shot,Fadeaway Jump Shot,2PT Field Goal,In The Paint (Non-RA),Center(C),Less Than 8 ft.,7,72,32,1,0,20240110,GSW,NOP,2230052550,2560,0,202685|203468|1627742|1629627|1630529,0,REG,2024,1626172,PF,Helper,-0.97
Shot Chart Detail,22300525,278,202685,Jonas Valanciunas,1610612740,New Orleans Pelicans,2,4,38,Missed Shot,Turnaround Hook Shot,2PT Field Goal,In The Paint (Non-RA),Center(C),Less Than 8 ft.,4,-17,39,1,0,20240110,GSW,NOP,22300525278,11620,0,202685|1627742|1630529|1630700|1641722,0,REG,2024,1626172,PF,Helper,-0.97
Shot Chart Detail,22300525,394,202685,Jonas Valanciunas,1610612740,New Orleans Pelicans,3,7,37,Made Shot,Hook Shot,2PT Field Goal,Restricted Area,Center(C),Less Than 8 ft.,1,13,8,1,1,20240110,GSW,NOP,22300525394,17030,0,202685|203468|1627742|1629627|1630529,1,REG,2024,1626172|1630541,,,
Shot Chart Detail,22300525,441,202685,Jonas Valanciunas,1610612740,New Orleans Pelicans,3,5,8,Made Shot,Putback Layup Shot,2PT Field Goal,Restricted Area,Center(C),Less Than 8 ft.,2,26,5,1,1,20240110,GSW,NOP,22300525441,18520,0,202685|203468|1629627|1630529|1630530,0,REG,2024,202691,SG,,-1.91
Shot Chart Detail,22300525,452,202685,Jonas Valanciunas,1610612740,New Orleans Pelicans,3,4,8,Made Shot,Driving Layup Shot,2PT Field Goal,Restricted Area,Center(C),Less Than 8 ft.,2,-26,-5,1,1,20240110,GSW,NOP,22300525452,19120,0,202685|203468|1630529|1630530|1630700,0,REG,2024,1631218,PF,Mobile Big,1.2
Shot Chart Detail,22300525,455,202685,Jonas Valanciunas,1610612740,New Orleans Pelicans,3,3,43,Made Shot,Layup Shot,2PT Field Goal,In The Paint (Non-RA),Center(C),Less Than 8 ft.,4,40,9,1,1,20240110,GSW,NOP,22300525455,19370,0,202685|203468|1630529|1630530|1630700,1,REG,2024,1641764|202691,,,
Shot Chart Detail,22300525,461,202685,Jonas Valanciunas,1610612740,New Orleans Pelicans,3,3,12,Made Shot,Tip Layup Shot,2PT Field Goal,Restricted Area,Center(C),Less Than 8 ft.,0,0,0,1,1,20240110,GSW,NOP,22300525461,19680,0,202685|203468|1630529|1630530|1630700,0,REG,2024,1641764|1631218,,,
Shot Chart Detail,22300525,476,202685,Jonas Valanciunas,1610612740,New Orleans Pelicans,3,2,28,Made Shot,Hook Shot,2PT Field Goal,In The Paint (Non-RA),Center(C),Less Than 8 ft.,4,20,43,1,1,20240110,GSW,NOP,22300525476,20120,0,202685|203468|1630530|1630700|1641722,0,REG,2024,1631218,PF,Mobile Big,1.2
Shot Chart Detail,22300525,480,202685,Jonas Valanciunas,1610612740,New Orleans Pelicans,3,1,50,Made Shot,Cutting Dunk Shot,2PT Field Goal,Restricted Area,Center(C),Less Than 8 ft.,1,-8,-6,1,1,20240110,GSW,NOP,22300525480,20500,0,202685|203468|1630530|1630700|1641722,1,REG,2024,203952,SF,Wing Stopper,-1.61
Shot Chart Detail,22300525,540,202685,Jonas Valanciunas,1610612740,New Orleans Pelicans,3,3,16,Missed Shot,Tip Layup Shot,2PT Field Goal,Restricted Area,Center(C),Less Than 8 ft.,2,28,5,1,0,20240110,GSW,NOP,22300525540,19640,0,202685|203468|1630529|1630530|1630700,0,REG,2024,1631218,PF,Mobile Big,1.2
Shot Chart Detail,22300539,13,202685,Jonas Valanciunas,1610612740,New Orleans Pelicans,1,10,48,Missed Shot,Jump Shot,3PT Field Goal,Above the Break 3,Left Side Center(LC),24+ ft.,26,-158,211,1,0,20240112,DEN,NOP,2230053913,720,0,202685|203468|1627742|1629627|1630529,0,REG,2024,203999,C,Anchor Big,1.96
Shot Chart Detail,22300539,24,202685,Jonas Valanciunas,1610612740,New Orleans Pelicans,1,9,27,Missed Shot,Driving Floating Jump Shot,2PT Field Goal,In The Paint (Non-RA),Center(C),Less Than 8 ft.,6,-28,63,1,0,20240112,DEN,NOP,2230053924,1530,0,202685|203468|1627742|1629627|1630529,0,REG,2024,203999,C,Anchor Big,1.96
Shot Chart Detail,22300539,61,202685,Jonas Valanciunas,1610612740,New Orleans Pelicans,1,5,24,Missed Shot,Jump Shot,2PT Field Goal,In The Paint (Non-RA),Center(C),8-16 ft.,13,-23,133,1,0,20240112,DEN,NOP,2230053961,3960,0,202685|203468|1627742|1629627|1630529,0,REG,2024,203999|203484,,,
Shot Chart Detail,22300539,209,202685,Jonas Valanciunas,1610612740,New Orleans Pelicans,2,6,1,Missed Shot,Jump Shot,2PT Field Goal,Mid-Range,Center(C),16-24 ft.,17,-40,172,1,0,20240112,DEN,NOP,22300539209,10790,0,202685|203468|1627742|1630530|1630700,0,REG,2024,201599,C,,0.26
Shot Chart Detail,22300539,230,202685,Jonas Valanciunas,1610612740,New Orleans Pelicans,2,4,56,Made Shot,Turnaround Fadeaway shot,2PT Field Goal,Mid-Range,Left Side(L),8-16 ft.,10,-107,-11,1,1,20240112,DEN,NOP,22300539230,11440,0,202685|1627742|1630529|1630631|1630700,1,REG,2024,203999,C,Anchor Big,1.96
Shot Chart Detail,22300539,247,202685,Jonas Valanciunas,1610612740,New Orleans Pelicans,2,4,18,Made Shot,Jump Shot,2PT Field Goal,Mid-Range,Center(C),16-24 ft.,21,53,204,1,1,20240112,DEN,NOP,22300539247,11820,0,202685|1627742|1629627|1630529|1630631,1,REG,2024,203999,C,Anchor Big,1.96
Shot Chart Detail,22300539,251,202685,Jonas Valanciunas,1610612740,New Orleans Pelicans,2,3,41,Made Shot,Reverse Layup Shot,2PT Field Goal,Restricted Area,Center(C),Less Than 8 ft.,0,5,1,1,1,20240112,DEN,NOP,22300539251,12190,0,202685|1627742|1629627|1630529|1630631,1,REG,2024,203932,PF,Helper,0.06
Shot Chart Detail,22300539,255,202685,Jonas Valanciunas,1610612740,New Orleans Pelicans,2,3,9,Missed Shot,Jump Shot,3PT Field Goal,Above the Break 3,Left Side Center(LC),24+ ft.,25,-112,233,1,0,20240112,DEN,NOP,22300539255,12510,0,202685|1627742|1629627|1630529|1630631,0,REG,2024,203999,C,Anchor Big,1.96
Shot Chart Detail,22300539,309,202685,Jonas Valanciunas,1610612740,New Orleans Pelicans,3,10,51,Missed Shot,Turnaround Jump Shot,2PT Field Goal,In The Paint (Non-RA),Center(C),Less Than 8 ft.,6,-49,48,1,0,20240112,DEN,NOP,22300539309,15090,0,202685|203468|1627742|1629627|1630529,0,REG,2024,203999,C,Anchor Big,1.96
Shot Chart Detail,22300539,330,202685,Jonas Valanciunas,1610612740,New Orleans Pelicans,3,8,53,Made Shot,Reverse Layup Shot,2PT Field Goal,Restricted Area,Center(C),Less Than 8 ft.,2,21,-1,1,1,20240112,DEN,NOP,22300539330,16270,0,202685|203468|1627742|1629627|1630529,1,REG,2024,203999,C,Anchor Big,1.96
Shot Chart Detail,22300539,334,202685,Jonas Valanciunas,1610612740,New Orleans Pelicans,3,8,13,Made Shot,Jump Shot,3PT Field Goal,Above the Break 3,Center(C),24+ ft.,24,-75,237,1,1,20240112,DEN,NOP,22300539334,16670,0,202685|203468|1627742|1629627|1630529,1,REG,2024,203484,SG,Chaser,0.62
Shot Chart Detail,22300547,73,202685,Jonas Valanciunas,1610612740,New Orleans Pelicans,1,6,9,Made Shot,Hook Shot,2PT Field Goal,In The Paint (Non-RA),Center(C),Less Than 8 ft.,5,7,59,1,1,20240113,DAL,NOP,2230054773,3510,0,202685|1630230|1630526|1630700|1641722,1,REG,2024,1627884|1629684,,,
Shot Chart Detail,22300547,320,202685,Jonas Valanciunas,1610612740,New Orleans Pelicans,2,0,38,Made Shot,Putback Dunk Shot,2PT Field Goal,Restricted Area,Center(C),Less Than 8 ft.,0,0,0,1,1,20240113,DAL,NOP,22300547320,14020,0,202685|1630230|1630529|1630700|1641722,0,REG,2024,203501,SG,Chaser,-2.75
Shot Chart Detail,22300547,389,202685,Jonas Valanciunas,1610612740,New Orleans Pelicans,3,6,59,Missed Shot,Jump Shot,2PT Field Goal,In The Paint (Non-RA),Center(C),Less Than 8 ft.,7,-22,67,1,0,20240113,DAL,NOP,22300547389,17410,0,202685|1630230|1630529|1630700|1641722,0,REG,2024,203939|202681,,,
Shot Chart Detail,22300547,581,202685,Jonas Valanciunas,1610612740,New Orleans Pelicans,4,4,55,Missed Shot,Jump Shot,2PT Field Goal,Mid-Range,Right Side(R),8-16 ft.,14,142,19,1,0,20240113,DAL,NOP,22300547581,25850,0,202685|1630529|1630631|1630700|1641722,0,REG,2024,203939,PF,Helper,0.02
Shot Chart Detail,22300547,587,202685,Jonas Valanciunas,1610612740,New Orleans Pelicans,4,4,18,Made Shot,Putback Layup Shot,2PT Field Goal,Restricted Area,Center(C),Less Than 8 ft.,0,0,0,1,1,20240113,DAL,NOP,22300547587,26220,0,202685|1630529|1630631|1630700|1641722,0,REG,2024,203939,PF,Helper,0.02
Shot Chart Detail,22300547,629,202685,Jonas Valanciunas,1610612740,New Orleans Pelicans,4,1,22,Made Shot,Putback Layup Shot,2PT Field Goal,Restricted Area,Center(C),Less Than 8 ft.,0,0,0,1,1,20240113,DAL,NOP,22300547629,27980,0,202685|1630529|1630631|1630700|1641722,0,REG,2024,202681,PG,,-1.17
Shot Chart Detail,22300556,62,202685,Jonas Valanciunas,1610612740,New Orleans Pelicans,1,7,49,Missed Shot,Turnaround Hook Shot,2PT Field Goal,In The Paint (Non-RA),Center(C),Less Than 8 ft.,6,-24,59,1,0,20240115,DAL,NOP,2230055662,2510,0,202685|203468|1627742|1629627|1630529,0,REG,2024,1641726,C,Anchor Big,1.45
Shot Chart Detail,22300556,89,202685,Jonas Valanciunas,1610612740,New Orleans Pelicans,1,6,6,Missed Shot,Jump Shot,2PT Field Goal,Mid-Range,Center(C),16-24 ft.,16,4,162,1,0,20240115,DAL,NOP,2230055689,3540,0,202685|1627742|1630529|1630530|1630700,0,REG,2024,1641726,C,Anchor Big,1.45
Shot Chart Detail,22300556,300,202685,Jonas Valanciunas,1610612740,New Orleans Pelicans,2,4,56,Made Shot,Cutting Dunk Shot,2PT Field Goal,Restricted Area,Center(C),Less Than 8 ft.,0,0,0,1,1,20240115,DAL,NOP,22300556300,11440,0,202685|1627742|1630529|1630530|1630700,1,REG,2024,1629684,PF,Helper,0.62
Shot Chart Detail,22300556,392,202685,Jonas Valanciunas,1610612740,New Orleans Pelicans,3,10,15,Made Shot,Layup Shot,2PT Field Goal,Restricted Area,Center(C),Less Than 8 ft.,0,2,8,1,1,20240115,DAL,NOP,22300556392,15450,0,202685|203468|1627742|1629627|1630529,0,REG,2024,1641726,C,Anchor Big,1.45
Shot Chart Detail,22300556,669,202685,Jonas Valanciunas,1610612740,New Orleans Pelicans,4,4,38,Missed Shot,Turnaround Hook Shot,2PT Field Goal,In The Paint (Non-RA),Center(C),Less Than 8 ft.,4,26,38,1,0,20240115,DAL,NOP,22300556669,26020,0,202685|1627742|1630529|1630530|1630700,0,REG,2024,1641726,C,Anchor Big,1.45
Shot Chart Detail,22300575,296,202685,Jonas Valanciunas,1610612740,New Orleans Pelicans,2,2,38,Missed Shot,Layup Shot,2PT Field Goal,Restricted Area,Center(C),Less Than 8 ft.,3,27,24,1,0,20240117,NOP,CHA,22300575296,12820,0,202685|203468|1627742|1630529|1630530,0,REG,2024,1630208,PF,Helper,-0.56
Shot Chart Detail,22300575,362,202685,Jonas Valanciunas,1610612740,New Orleans Pelicans,3,11,45,Missed Shot,Hook Shot,2PT Field Goal,In The Paint (Non-RA),Center(C),Less Than 8 ft.,4,-5,42,1,0,20240117,NOP,CHA,22300575362,14550,0,202685|203468|1627742|1629627|1630529,0,REG,2024,1630163|1630208,,,
Shot Chart Detail,22300575,615,202685,Jonas Valanciunas,1610612740,New Orleans Pelicans,4,3,30,Made Shot,Putback Layup Shot,2PT Field Goal,Restricted Area,Center(C),Less Than 8 ft.,0,0,0,1,1,20240117,NOP,CHA,22300575615,26700,0,202685|203468|1627742|1630529|1630530,0,REG,2024,1628970,SF,Helper,0.15
Shot Chart Detail,22300588,17,202685,Jonas Valanciunas,1610612740,New Orleans Pelicans,1,10,51,Made Shot,Layup Shot,2PT Field Goal,Restricted Area,Center(C),Less Than 8 ft.,0,6,7,1,1,20240119,NOP,PHX,2230058817,690,0,202685|203468|1627742|1629627|1630529,1,REG,2024,1626164,SG,Chaser,-2.36
Shot Chart Detail,22300588,31,202685,Jonas Valanciunas,1610612740,New Orleans Pelicans,1,9,37,Made Shot,Jump Shot,2PT Field Goal,Mid-Range,Left Side(L),8-16 ft.,10,-98,33,1,1,20240119,NOP,PHX,2230058831,1430,0,202685|203468|1627742|1629627|1630529,1,REG,2024,203994,C,Helper,1.74
Shot Chart Detail,22300588,92,202685,Jonas Valanciunas,1610612740,New Orleans Pelicans,1,4,35,Missed Shot,Jump Shot,3PT Field Goal,Above the Break 3,Left Side Center(LC),24+ ft.,25,-131,220,1,0,20240119,NOP,PHX,2230058892,4450,0,202685|1627742|1630529|1630530|1630700,0,REG,2024,203994,C,Helper,1.74
Shot Chart Detail,22300588,111,202685,Jonas Valanciunas,1610612740,New Orleans Pelicans,1,3,4,Made Shot,Turnaround Fadeaway shot,2PT Field Goal,Mid-Range,Left Side(L),8-16 ft.,11,-118,13,1,1,20240119,NOP,PHX,22300588111,5360,0,202685|1627742|1630530|1630700|1641722,0,REG,2024,203994,C,Helper,1.74
Shot Chart Detail,22300588,265,202685,Jonas Valanciunas,1610612740,New Orleans Pelicans,2,5,26,Missed Shot,Floating Jump shot,2PT Field Goal,In The Paint (Non-RA),Center(C),Less Than 8 ft.,7,-7,74,1,0,20240119,NOP,PHX,22300588265,11140,0,202685|203468|1627742|1630529|1630631,0,REG,2024,1628962,C,Anchor Big,-0.78
Shot Chart Detail,22300588,267,202685,Jonas Valanciunas,1610612740,New Orleans Pelicans,2,5,24,Made Shot,Tip Layup Shot,2PT Field Goal,Restricted Area,Center(C),Less Than 8 ft.,0,0,0,1,1,20240119,NOP,PHX,22300588267,11160,0,202685|203468|1627742|1630529|1630631,0,REG,2024,201569|1628962,,,
Shot Chart Detail,22300588,355,202685,Jonas Valanciunas,1610612740,New Orleans Pelicans,2,0,25,Made Shot,Putback Dunk Shot,2PT Field Goal,Restricted Area,Center(C),Less Than 8 ft.,0,0,0,1,1,20240119,NOP,PHX,22300588355,14150,0,202685|203468|1627742|1629627|1630530,0,REG,2024,1626164,SG,Chaser,-2.36
Shot Chart Detail,22300588,559,202685,Jonas Valanciunas,1610612740,New Orleans Pelicans,4,9,1,Missed Shot,Putback Layup Shot,2PT Field Goal,Restricted Area,Center(C),Less Than 8 ft.,0,1,-7,1,0,20240119,NOP,PHX,22300588559,23390,0,202685|1629627|1630230|1630530|1641722,0,REG,2024,1628960|203994|201142,,,
Shot Chart Detail,22300588,569,202685,Jonas Valanciunas,1610612740,New Orleans Pelicans,4,8,32,Missed Shot,Turnaround Fadeaway shot,2PT Field Goal,Mid-Range,Left Side(L),8-16 ft.,10,-83,61,1,0,20240119,NOP,PHX,22300588569,23680,0,202685|203468|1629627|1630230|1641722,0,REG,2024,203994,C,Helper,1.74
Shot Chart Detail,22300588,582,202685,Jonas Valanciunas,1610612740,New Orleans Pelicans,4,7,4,Missed Shot,Jump Shot,3PT Field Goal,Above the Break 3,Center(C),24+ ft.,25,4,250,1,0,20240119,NOP,PHX,22300588582,24560,0,202685|203468|1629627|1630230|1641722,0,REG,2024,,,,
Shot Chart Detail,22300616,15,202685,Jonas Valanciunas,1610612740,New Orleans Pelicans,1,10,55,Missed Shot,Jump Shot,3PT Field Goal,Above the Break 3,Center(C),24+ ft.,25,49,251,1,0,20240123,NOP,UTA,2230061615,650,0,202685|203468|1627742|1629627|1630529,0,REG,2024,1631323,SF,Helper,-1.78
Shot Chart Detail,22300616,34,202685,Jonas Valanciunas,1610612740,New Orleans Pelicans,1,9,1,Made Shot,Running Layup Shot,2PT Field Goal,Restricted Area,Center(C),Less Than 8 ft.,2,25,6,1,1,20240123,NOP,UTA,2230061634,1790,0,202685|203468|1627742|1629627|1630529,1,REG,2024,1628381,PF,Anchor Big,1.03
Shot Chart Detail,22300616,51,202685,Jonas Valanciunas,1610612740,New Orleans Pelicans,1,7,38,Missed Shot,Jump Shot,3PT Field Goal,Above the Break 3,Left Side Center(LC),24+ ft.,25,-127,220,1,0,20240123,NOP,UTA,2230061651,2620,0,202685|203468|1627742|1629627|1630529,0,REG,2024,1628374,PF,Helper,-0.24
Shot Chart Detail,22300616,196,202685,Jonas Valanciunas,1610612740,New Orleans Pelicans,2,9,9,Made Shot,Jump Shot,3PT Field Goal,Above the Break 3,Center(C),24+ ft.,26,-71,253,1,1,20240123,NOP,UTA,22300616196,8910,0,202685|203468|1629627|1630700|1641722,1,REG,2024,1631117,C,Anchor Big,2.1
Shot Chart Detail,22300616,204,202685,Jonas Valanciunas,1610612740,New Orleans Pelicans,2,8,32,Made Shot,Driving Layup Shot,2PT Field Goal,Restricted Area,Center(C),Less Than 8 ft.,3,5,34,1,1,20240123,NOP,UTA,22300616204,9280,0,202685|203468|1629627|1630700|1641722,0,REG,2024,203482,C,Helper,-1.15
Shot Chart Detail,22300616,444,202685,Jonas Valanciunas,1610612740,New Orleans Pelicans,3,4,5,Made Shot,Putback Layup Shot,2PT Field Goal,Restricted Area,Center(C),Less Than 8 ft.,0,0,0,1,1,20240123,NOP,UTA,22300616444,19150,0,202685|203468|1627742|1630230|1630530,0,REG,2024,1628381,PF,Anchor Big,1.03
Shot Chart Detail,22300616,465,202685,Jonas Valanciunas,1610612740,New Orleans Pelicans,3,3,3,Made Shot,Putback Dunk Shot,2PT Field Goal,Restricted Area,Center(C),Less Than 8 ft.,0,-2,-1,1,1,20240123,NOP,UTA,22300616465,19770,0,202685|1627742|1630230|1630530|1641722,0,REG,2024,1631117,C,Anchor Big,2.1
Shot Chart Detail,22300616,499,202685,Jonas Valanciunas,1610612740,New Orleans Pelicans,3,0,54,Missed Shot,Running Layup Shot,2PT Field Goal,Restricted Area,Center(C),Less Than 8 ft.,1,16,4,1,0,20240123,NOP,UTA,22300616499,21060,0,202685|1629627|1630230|1630530|1641722,0,REG,2024,1641718,PG,Point of Attack,-1.97
Shot Chart Detail,22300616,508,202685,Jonas Valanciunas,1610612740,New Orleans Pelicans,3,0,6,Made Shot,Jump Shot,2PT Field Goal,Mid-Range,Left Side Center(LC),16-24 ft.,20,-120,167,1,1,20240123,NOP,UTA,22300616508,21540,0,202685|1629627|1630230|1630530|1641722,1,REG,2024,1630534,SG,Chaser,-1.42
Shot Chart Detail,22300616,557,202685,Jonas Valanciunas,1610612740,New Orleans Pelicans,4,8,26,Missed Shot,Jump Shot,3PT Field Goal,Above the Break 3,Right Side Center(RC),24+ ft.,24,110,222,1,0,20240123,NOP,UTA,22300616557,23740,0,202685|203468|1629627|1630700|1641722,0,REG,2024,1631117,C,Anchor Big,2.1
Shot Chart Detail,22300616,580,202685,Jonas Valanciunas,1610612740,New Orleans Pelicans,4,7,30,Missed Shot,Layup Shot,2PT Field Goal,In The Paint (Non-RA),Center(C),Less Than 8 ft.,4,-21,39,1,0,20240123,NOP,UTA,22300616580,24300,0,202685|1627742|1630529|1630530|1630700,0,REG,2024,1631117,C,Anchor Big,2.1
Shot Chart Detail,22300616,587,202685,Jonas Valanciunas,1610612740,New Orleans Pelicans,4,7,19,Missed Shot,Jump Shot,3PT Field Goal,Above the Break 3,Center(C),24+ ft.,25,29,249,1,0,20240123,NOP,UTA,22300616587,24410,0,202685|1627742|1630529|1630530|1630700,0,REG,2024,1631117,C,Anchor Big,2.1
Shot Chart Detail,22300616,595,202685,Jonas Valanciunas,1610612740,New Orleans Pelicans,4,6,21,Made Shot,Alley Oop Layup shot,2PT Field Goal,Restricted Area,Center(C),Less Than 8 ft.,1,18,6,1,1,20240123,NOP,UTA,22300616595,24990,0,202685|1627742|1630529|1630530|1630700,1,REG,2024,1630534,SG,Chaser,-1.42
Shot Chart Detail,22300640,7,202685,Jonas Valanciunas,1610612740,New Orleans Pelicans,1,11,38,Missed Shot,Layup Shot,2PT Field Goal,Restricted Area,Center(C),Less Than 8 ft.,2,26,10,1,0,20240126,NOP,OKC,223006407,220,0,202685|203468|1627742|1630529|1630530,0,REG,2024,1628983,PG,Point of Attack,0.72
Shot Chart Detail,22300640,12,202685,Jonas Valanciunas,1610612740,New Orleans Pelicans,1,11,20,Missed Shot,Turnaround Hook Shot,2PT Field Goal,Restricted Area,Center(C),Less Than 8 ft.,3,-4,32,1,0,20240126,NOP,OKC,2230064012,400,0,202685|203468|1627742|1630529|1630530,0,REG,2024,1631096,C,Anchor Big,2.06
Shot Chart Detail,22300640,53,202685,Jonas Valanciunas,1610612740,New Orleans Pelicans,1,7,9,Missed Shot,Tip Layup Shot,2PT Field Goal,Restricted Area,Center(C),Less Than 8 ft.,2,-16,21,1,0,20240126,NOP,OKC,2230064053,2910,0,202685|203468|1627742|1630529|1630530,0,REG,2024,1629652,SF,Point of Attack,-0.15
Shot Chart Detail,22300640,56,202685,Jonas Valanciunas,1610612740,New Orleans Pelicans,1,7,0,Missed Shot,Layup Shot,2PT Field Goal,Restricted Area,Center(C),Less Than 8 ft.,3,-17,31,1,0,20240126,NOP,OKC,2230064056,3000,0,202685|203468|1627742|1630529|1630530,0,REG,2024,1630581|1628983,,,
Shot Chart Detail,22300640,184,202685,Jonas Valanciunas,1610612740,New Orleans Pelicans,2,11,30,Missed Shot,Putback Layup Shot,2PT Field Goal,Restricted Area,Center(C),Less Than 8 ft.,2,-23,7,1,0,20240126,NOP,OKC,22300640184,7500,0,202685|203468|1630230|1630700|1641722,0,REG,2024,1631096,C,Anchor Big,2.06
Shot Chart Detail,22300640,204,202685,Jonas Valanciunas,1610612740,New Orleans Pelicans,2,9,56,Made Shot,Driving Layup Shot,2PT Field Goal,Restricted Area,Center(C),Less Than 8 ft.,1,12,1,1,1,20240126,NOP,OKC,22300640204,8440,0,202685|203468|1630230|1630700|1641722,1,REG,2024,1630598|1631096,,,
Shot Chart Detail,22300640,239,202685,Jonas Valanciunas,1610612740,New Orleans Pelicans,2,7,6,Missed Shot,Tip Layup Shot,2PT Field Goal,Restricted Area,Center(C),Less Than 8 ft.,0,0,0,1,0,20240126,NOP,OKC,22300640239,10140,0,202685|1627742|1630529|1630530|1630700,0,REG,2024,1631096,C,Anchor Big,2.06
Shot Chart Detail,22300640,243,202685,Jonas Valanciunas,1610612740,New Orleans Pelicans,2,6,46,Made Shot,Cutting Layup Shot,2PT Field Goal,Restricted Area,Center(C),Less Than 8 ft.,3,-1,39,1,1,20240126,NOP,OKC,22300640243,10340,0,202685|1627742|1630529|1630530|1630700,1,REG,2024,1631096,C,Anchor Big,2.06
Shot Chart Detail,22300640,248,202685,Jonas Valanciunas,1610612740,New Orleans Pelicans,2,6,8,Made Shot,Cutting Layup Shot,2PT Field Goal,Restricted Area,Center(C),Less Than 8 ft.,1,13,-9,1,1,20240126,NOP,OKC,22300640248,10720,0,202685|1627742|1630529|1630530|1630700,1,REG,2024,1631096,C,Anchor Big,2.06
Shot Chart Detail,22300640,258,202685,Jonas Valanciunas,1610612740,New Orleans Pelicans,2,5,4,Made Shot,Tip Layup Shot,2PT Field Goal,Restricted Area,Center(C),Less Than 8 ft.,0,0,0,1,1,20240126,NOP,OKC,22300640258,11360,0,202685|1627742|1630529|1630530|1630700,0,REG,2024,1641717|1631096,,,
Shot Chart Detail,22300640,434,202685,Jonas Valanciunas,1610612740,New Orleans Pelicans,3,4,12,Made Shot,Cutting Layup Shot,2PT Field Goal,Restricted Area,Center(C),Less Than 8 ft.,1,18,6,1,1,20240126,NOP,OKC,22300640434,19080,0,202685|1627742|1630529|1630631|1641722,1,REG,2024,1631119,C,Anchor Big,1.45
Shot Chart Detail,22300640,510,202685,Jonas Valanciunas,1610612740,New Orleans Pelicans,4,11,8,Made Shot,Hook Shot,2PT Field Goal,Restricted Area,Center(C),Less Than 8 ft.,3,-9,30,1,1,20240126,NOP,OKC,22300640510,22120,0,202685|203468|1630230|1630700|1641722,1,REG,2024,1641717|1631096,,,
Shot Chart Detail,22300648,14,202685,Jonas Valanciunas,1610612740,New Orleans Pelicans,1,10,51,Made Shot,Driving Dunk Shot,2PT Field Goal,Restricted Area,Center(C),Less Than 8 ft.,1,-7,14,1,1,20240127,MIL,NOP,2230064814,690,0,202685|203468|1627742|1629627|1630529,0,REG,2024,203109,SF,,0.05
Shot Chart Detail,22300648,35,202685,Jonas Valanciunas,1610612740,New Orleans Pelicans,1,8,46,Made Shot,Jump Shot,3PT Field Goal,Above the Break 3,Center(C),24+ ft.,26,2,267,1,1,20240127,MIL,NOP,2230064835,1940,0,202685|203468|1627742|1629627|1630529,1,REG,2024,203081,PG,,-2.16
Shot Chart Detail,22300648,43,202685,Jonas Valanciunas,1610612740,New Orleans Pelicans,1,7,48,Missed Shot,Jump Shot,3PT Field Goal,Above the Break 3,Center(C),24+ ft.,28,28,279,1,0,20240127,MIL,NOP,2230064843,2520,0,202685|203468|1627742|1629627|1630529,0,REG,2024,201572,C,,-0.27
Shot Chart Detail,22300648,200,202685,Jonas Valanciunas,1610612740,New Orleans Pelicans,2,7,18,Made Shot,Reverse Layup Shot,2PT Field Goal,Restricted Area,Center(C),Less Than 8 ft.,2,4,29,1,1,20240127,MIL,NOP,22300648200,10020,0,202685|203468|1629627|1630230|1641722,1,REG,2024,1641748,SG,Point of Attack,-0.01
Shot Chart Detail,22300648,204,202685,Jonas Valanciunas,1610612740,New Orleans Pelicans,2,6,53,Missed Shot,Jump Shot,3PT Field Goal,Above the Break 3,Center(C),24+ ft.,27,-27,278,1,0,20240127,MIL,NOP,22300648204,10270,0,202685|203468|1629627|1630230|1641722,0,REG,2024,201572,C,,-0.27
Shot Chart Detail,22300648,406,202685,Jonas Valanciunas,1610612740,New Orleans Pelicans,3,5,16,Made Shot,Putback Layup Shot,2PT Field Goal,In The Paint (Non-RA),Right Side(R),8-16 ft.,8,62,52,1,1,20240127,MIL,NOP,22300648406,18440,0,202685|1627742|1630529|1630700|1641722,0,REG,2024,1626171|1626192,,,
Shot Chart Detail,22300648,443,202685,Jonas Valanciunas,1610612740,New Orleans Pelicans,3,2,51,Made Shot,Cutting Layup Shot,2PT Field Goal,Restricted Area,Center(C),Less Than 8 ft.,1,0,10,1,1,20240127,MIL,NOP,22300648443,19890,0,202685|1627742|1630631|1630700|1641722,1,REG,2024,201572,C,,-0.27
Shot Chart Detail,22300648,455,202685,Jonas Valanciunas,1610612740,New Orleans Pelicans,3,1,52,Made Shot,Turnaround Fadeaway shot,2PT Field Goal,Mid-Range,Left Side(L),8-16 ft.,12,-127,20,1,1,20240127,MIL,NOP,22300648455,20480,0,202685|1629627|1630631|1630700|1641722,0,REG,2024,201572,C,,-0.27
Shot Chart Detail,22300659,30,202685,Jonas Valanciunas,1610612740,New Orleans Pelicans,1,9,57,Missed Shot,Jump Shot,2PT Field Goal,Mid-Range,Center(C),16-24 ft.,17,22,170,1,0,20240129,BOS,NOP,2230065930,1230,0,202685|203468|1627742|1629627|1630529,0,REG,2024,201143,C,,1.56
Shot Chart Detail,22300659,45,202685,Jonas Valanciunas,1610612740,New Orleans Pelicans,1,8,19,Made Shot,Turnaround Bank shot,2PT Field Goal,Mid-Range,Right Side(R),8-16 ft.,13,120,64,1,1,20240129,BOS,NOP,2230065945,2210,0,202685|203468|1627742|1629627|1630529,1,REG,2024,201950,PG,,-0.48
Shot Chart Detail,22300659,49,202685,Jonas Valanciunas,1610612740,New Orleans Pelicans,1,7,53,Made Shot,Hook Shot,2PT Field Goal,In The Paint (Non-RA),Center(C),Less Than 8 ft.,6,-39,49,1,1,20240129,BOS,NOP,2230065949,2470,0,202685|203468|1627742|1629627|1630529,1,REG,2024,201143,C,,1.56
Shot Chart Detail,22300659,157,202685,Jonas Valanciunas,1610612740,New Orleans Pelicans,2,11,21,Missed Shot,Jump Shot,3PT Field Goal,Left Corner 3,Left Side(L),24+ ft.,23,-233,55,1,0,20240129,BOS,NOP,22300659157,7590,0,202685|203468|1629627|1630230|1641722,0,REG,2024,1628369,SF,Low Activity,1.57
Shot Chart Detail,22300659,178,202685,Jonas Valanciunas,1610612740,New Orleans Pelicans,2,9,44,Made Shot,Driving Hook Shot,2PT Field Goal,In The Paint (Non-RA),Center(C),Less Than 8 ft.,6,23,62,1,1,20240129,BOS,NOP,22300659178,8560,0,202685|203468|1629627|1630230|1641722,0,REG,2024,1628369,SF,Low Activity,1.57
Shot Chart Detail,22300659,315,202685,Jonas Valanciunas,1610612740,New Orleans Pelicans,3,11,8,Missed Shot,Jump Shot,3PT Field Goal,Left Corner 3,Left Side(L),24+ ft.,24,-233,72,1,0,20240129,BOS,NOP,22300659315,14920,0,202685|203468|1627742|1629627|1630529,0,REG,2024,1628369,SF,Low Activity,1.57
Shot Chart Detail,22300659,319,202685,Jonas Valanciunas,1610612740,New Orleans Pelicans,3,10,40,Made Shot,Turnaround Fadeaway shot,2PT Field Goal,Mid-Range,Left Side(L),8-16 ft.,10,-100,41,1,1,20240129,BOS,NOP,22300659319,15200,0,202685|203468|1627742|1629627|1630529,0,REG,2024,201143,C,,1.56
Shot Chart Detail,22300659,423,202685,Jonas Valanciunas,1610612740,New Orleans Pelicans,3,3,25,Missed Shot,Driving Layup Shot,2PT Field Goal,Restricted Area,Center(C),Less Than 8 ft.,2,21,13,1,0,20240129,BOS,NOP,22300659423,19550,0,202685|203468|1627742|1630230|1630530,0,REG,2024,1629674|1630573,,,
Shot Chart Detail,22300659,429,202685,Jonas Valanciunas,1610612740,New Orleans Pelicans,3,2,41,Missed Shot,Pullup Jump shot,2PT Field Goal,Mid-Range,Center(C),16-24 ft.,17,-33,168,1,0,20240129,BOS,NOP,22300659429,19990,0,202685|1627742|1630230|1630530|1630700,0,REG,2024,201950|1630202,,,
Shot Chart Detail,22300679,68,202685,Jonas Valanciunas,1610612740,New Orleans Pelicans,1,6,11,Missed Shot,Jump Shot,3PT Field Goal,Above the Break 3,Center(C),24+ ft.,25,70,248,1,0,20240131,HOU,NOP,2230067968,3490,0,202685|203468|1627742|1630530|1630700,0,REG,2024,1630578,C,Mobile Big,-0.14
Shot Chart Detail,22300679,75,202685,Jonas Valanciunas,1610612740,New Orleans Pelicans,1,5,35,Made Shot,Hook Shot,2PT Field Goal,In The Paint (Non-RA),Center(C),Less Than 8 ft.,5,55,17,1,1,20240131,HOU,NOP,2230067975,3850,0,202685|203468|1627742|1630530|1630700,1,REG,2024,1630578,C,Mobile Big,-0.14
Shot Chart Detail,22300679,160,202685,Jonas Valanciunas,1610612740,New Orleans Pelicans,2,11,40,Made Shot,Driving Hook Shot,2PT Field Goal,In The Paint (Non-RA),Center(C),Less Than 8 ft.,4,20,42,1,1,20240131,HOU,NOP,22300679160,7400,0,202685|1630230|1630631|1630700|1641722,0,REG,2024,201145,PF,,-0.04
Shot Chart Detail,22300679,184,202685,Jonas Valanciunas,1610612740,New Orleans Pelicans,2,9,26,Made Shot,Jump Shot,2PT Field Goal,Mid-Range,Right Side(R),8-16 ft.,14,129,69,1,1,20240131,HOU,NOP,22300679184,8740,0,202685|1630230|1630631|1630700|1641722,1,REG,2024,1630578,C,Mobile Big,-0.14
Shot Chart Detail,22300679,188,202685,Jonas Valanciunas,1610612740,New Orleans Pelicans,2,8,54,Missed Shot,Jump Shot,2PT Field Goal,Mid-Range,Right Side(R),8-16 ft.,15,112,101,1,0,20240131,HOU,NOP,22300679188,9060,0,202685|1630230|1630631|1630700|1641722,0,REG,2024,1630578,C,Mobile Big,-0.14
Shot Chart Detail,22300679,192,202685,Jonas Valanciunas,1610612740,New Orleans Pelicans,2,8,22,Made Shot,Turnaround Hook Shot,2PT Field Goal,Restricted Area,Center(C),Less Than 8 ft.,2,-2,26,1,1,20240131,HOU,NOP,22300679192,9380,0,202685|1630230|1630631|1630700|1641722,0,REG,2024,1630578,C,Mobile Big,-0.14
Shot Chart Detail,22300679,212,202685,Jonas Valanciunas,1610612740,New Orleans Pelicans,2,7,26,Made Shot,Turnaround Fadeaway shot,2PT Field Goal,In The Paint (Non-RA),Center(C),Less Than 8 ft.,7,-61,39,1,1,20240131,HOU,NOP,22300679212,9940,0,202685|203468|1630230|1630530|1641722,0,REG,2024,1630578,C,Mobile Big,-0.14
Shot Chart Detail,22300679,286,202685,Jonas Valanciunas,1610612740,New Orleans Pelicans,2,1,47,Made Shot,Putback Layup Shot,2PT Field Goal,Restricted Area,Center(C),Less Than 8 ft.,2,-15,18,1,1,20240131,HOU,NOP,22300679286,13330,0,202685|203468|1627742|1630230|1630530,0,REG,2024,201145,PF,,-0.04
Shot Chart Detail,22300679,289,202685,Jonas Valanciunas,1610612740,New Orleans Pelicans,2,1,10,Missed Shot,Hook Shot,2PT Field Goal,In The Paint (Non-RA),Center(C),8-16 ft.,8,0,81,1,0,20240131,HOU,NOP,22300679289,13700,0,202685|203468|1627742|1630230|1630530,0,REG,2024,201145,PF,,-0.04
Shot Chart Detail,22300679,319,202685,Jonas Valanciunas,1610612740,New Orleans Pelicans,3,11,32,Made Shot,Putback Layup Shot,2PT Field Goal,Restricted Area,Center(C),Less Than 8 ft.,2,23,1,1,1,20240131,HOU,NOP,22300679319,14680,0,202685|203468|1627742|1630530|1630700,0,REG,2024,1630578,C,Mobile Big,-0.14
Shot Chart Detail,22300679,327,202685,Jonas Valanciunas,1610612740,New Orleans Pelicans,3,10,45,Missed Shot,Jump Shot,2PT Field Goal,Mid-Range,Center(C),16-24 ft.,18,34,180,1,0,20240131,HOU,NOP,22300679327,15150,0,202685|203468|1627742|1630530|1630700,0,REG,2024,1630578,C,Mobile Big,-0.14
Shot Chart Detail,22300679,510,202685,Jonas Valanciunas,1610612740,New Orleans Pelicans,4,9,52,Made Shot,Turnaround Fadeaway shot,2PT Field Goal,Mid-Range,Left Side(L),8-16 ft.,9,-87,37,1,1,20240131,HOU,NOP,22300679510,22880,0,202685|1630230|1630631|1630700|1641722,0,REG,2024,1630578|1627832,,,
Shot Chart Detail,22300679,526,202685,Jonas Valanciunas,1610612740,New Orleans Pelicans,4,9,8,Made Shot,Driving Finger Roll Layup Shot,2PT Field Goal,Restricted Area,Center(C),Less Than 8 ft.,3,16,31,1,1,20240131,HOU,NOP,22300679526,23320,0,202685|1630230|1630631|1630700|1641722,0,REG,2024,1631095,PF,Wing Stopper,-0.9
Shot Chart Detail,22300679,608,202685,Jonas Valanciunas,1610612740,New Orleans Pelicans,4,6,25,Missed Shot,Tip Layup Shot,2PT Field Goal,Restricted Area,Center(C),Less Than 8 ft.,2,-7,24,1,0,20240131,HOU,NOP,22300679608,24950,0,202685|1627742|1630230|1630631|1641722,0,REG,2024,1628415,SF,Wing Stopper,-1.08
Shot Chart Detail,22300679,649,202685,Jonas Valanciunas,1610612740,New Orleans Pelicans,4,0,55,Made Shot,Dunk Shot,2PT Field Goal,Restricted Area,Center(C),Less Than 8 ft.,2,-25,13,1,1,20240131,HOU,NOP,22300679649,28250,0,202685|203468|1627742|1630230|1630530,1,REG,2024,1630578,C,Mobile Big,-0.14
Shot Chart Detail,22300696,10,202685,Jonas Valanciunas,1610612740,New Orleans Pelicans,1,11,17,Made Shot,Layup Shot,2PT Field Goal,Restricted Area,Center(C),Less Than 8 ft.,1,-7,16,1,1,20240202,SAS,NOP,2230069610,430,0,202685|203468|1627742|1629627|1630530,1,REG,2024,1641705,C,Anchor Big,2.82
Shot Chart Detail,22300696,55,202685,Jonas Valanciunas,1610612740,New Orleans Pelicans,1,6,55,Missed Shot,Putback Layup Shot,2PT Field Goal,Restricted Area,Center(C),Less Than 8 ft.,0,0,0,1,0,20240202,SAS,NOP,2230069655,3050,0,202685|203468|1627742|1629627|1630530,0,REG,2024,1630577,SF,Helper,-1.04
Shot Chart Detail,22300696,65,202685,Jonas Valanciunas,1610612740,New Orleans Pelicans,1,6,30,Made Shot,Putback Layup Shot,2PT Field Goal,Restricted Area,Center(C),Less Than 8 ft.,0,0,0,1,1,20240202,SAS,NOP,2230069665,3300,0,202685|203468|1627742|1629627|1630530,0,REG,2024,1631110,PF,Wing Stopper,-0.1
Shot Chart Detail,22300696,102,202685,Jonas Valanciunas,1610612740,New Orleans Pelicans,1,3,35,Made Shot,Layup Shot,2PT Field Goal,Restricted Area,Center(C),Less Than 8 ft.,2,0,20,1,1,20240202,SAS,NOP,22300696102,5050,0,202685|203468|1627742|1630230|1641722,1,REG,2024,1626224|1630170,,,
Shot Chart Detail,22300696,261,202685,Jonas Valanciunas,1610612740,New Orleans Pelicans,2,5,32,Made Shot,Turnaround Jump Shot,2PT Field Goal,In The Paint (Non-RA),Center(C),Less Than 8 ft.,6,-56,36,1,1,20240202,SAS,NOP,22300696261,11080,0,202685|1627742|1630230|1630530|1630700,1,REG,2024,1628380,C,Helper,0.19
Shot Chart Detail,22300696,267,202685,Jonas Valanciunas,1610612740,New Orleans Pelicans,2,4,52,Made Shot,Jump Shot,2PT Field Goal,Mid-Range,Left Side Center(LC),16-24 ft.,17,-83,154,1,1,20240202,SAS,NOP,22300696267,11480,0,202685|1627742|1630230|1630530|1630700,1,REG,2024,1630200|1628380,,,
Shot Chart Detail,22300696,296,202685,Jonas Valanciunas,1610612740,New Orleans Pelicans,2,3,6,Made Shot,Putback Layup Shot,2PT Field Goal,Restricted Area,Center(C),Less Than 8 ft.,2,-5,21,1,1,20240202,SAS,NOP,22300696296,12540,0,202685|203468|1627742|1629627|1630530,0,REG,2024,1631110|1628380,,,
Shot Chart Detail,22300696,299,202685,Jonas Valanciunas,1610612740,New Orleans Pelicans,2,2,32,Made Shot,Floating Jump shot,2PT Field Goal,Mid-Range,Left Side(L),8-16 ft.,8,-85,29,1,1,20240202,SAS,NOP,22300696299,12880,0,202685|203468|1627742|1629627|1630530,0,REG,2024,1628380,C,Helper,0.19
Shot Chart Detail,22300696,363,202685,Jonas Valanciunas,1610612740,New Orleans Pelicans,3,11,38,Made Shot,Turnaround Jump Shot,2PT Field Goal,In The Paint (Non-RA),Center(C),Less Than 8 ft.,7,-55,46,1,1,20240202,SAS,NOP,22300696363,14620,0,202685|203468|1627742|1629627|1630530,1,REG,2024,1641705,C,Anchor Big,2.82
Shot Chart Detail,22300696,370,202685,Jonas Valanciunas,1610612740,New Orleans Pelicans,3,10,52,Missed Shot,Turnaround Fadeaway shot,2PT Field Goal,Restricted Area,Center(C),Less Than 8 ft.,3,-29,9,1,0,20240202,SAS,NOP,22300696370,15080,0,202685|203468|1627742|1629627|1630530,0,REG,2024,1641705,C,Anchor Big,2.82
Shot Chart Detail,22300696,397,202685,Jonas Valanciunas,1610612740,New Orleans Pelicans,3,8,19,Missed Shot,Layup Shot,2PT Field Goal,Restricted Area,Center(C),Less Than 8 ft.,1,17,6,1,0,20240202,SAS,NOP,22300696397,16610,0,202685|203468|1627742|1629627|1630530,0,REG,2024,1630170,SF,Chaser,0.53
Shot Chart Detail,22300696,443,202685,Jonas Valanciunas,1610612740,New Orleans Pelicans,3,5,1,Made Shot,Cutting Layup Shot,2PT Field Goal,Restricted Area,Center(C),Less Than 8 ft.,1,1,15,1,1,20240202,SAS,NOP,22300696443,18590,0,202685|203468|1627742|1630631|1630700,1,REG,2024,1630170,SF,Chaser,0.53
Shot Chart Detail,22300718,31,202685,Jonas Valanciunas,1610612740,New Orleans Pelicans,1,8,52,Missed Shot,Driving Hook Shot,2PT Field Goal,In The Paint (Non-RA),Center(C),Less Than 8 ft.,5,-43,36,1,0,20240205,NOP,TOR,2230071831,1880,0,202685|203468|1627742|1629627|1630529,0,REG,2024,1627751|1630567,,,
Shot Chart Detail,22300718,41,202685,Jonas Valanciunas,1610612740,New Orleans Pelicans,1,7,52,Made Shot,Driving Hook Shot,2PT Field Goal,In The Paint (Non-RA),Center(C),Less Than 8 ft.,7,4,73,1,1,20240205,NOP,TOR,2230071841,2480,0,202685|203468|1627742|1629627|1630529,0,REG,2024,1627751|1630567,,,
Shot Chart Detail,22300718,217,202685,Jonas Valanciunas,1610612740,New Orleans Pelicans,2,6,30,Made Shot,Driving Hook Shot,2PT Field Goal,In The Paint (Non-RA),Center(C),Less Than 8 ft.,5,6,51,1,1,20240205,NOP,TOR,22300718217,10500,0,202685|203468|1627742|1630230|1630529,0,REG,2024,1630567,PF,Helper,0.63
Shot Chart Detail,22300718,220,202685,Jonas Valanciunas,1610612740,New Orleans Pelicans,2,5,51,Missed Shot,Driving Layup Shot,2PT Field Goal,In The Paint (Non-RA),Center(C),Less Than 8 ft.,5,36,40,1,0,20240205,NOP,TOR,22300718220,10890,0,202685|203468|1627742|1630230|1630529,0,REG,2024,1627751|1630567,,,
Shot Chart Detail,22300718,228,202685,Jonas Valanciunas,1610612740,New Orleans Pelicans,2,5,27,Missed Shot,Turnaround Hook Shot,2PT Field Goal,In The Paint (Non-RA),Center(C),Less Than 8 ft.,4,-34,25,1,0,20240205,NOP,TOR,22300718228,11130,0,202685|203468|1627742|1630230|1630529,0,REG,2024,1627751|1630567,,,
Shot Chart Detail,22300718,297,202685,Jonas Valanciunas,1610612740,New Orleans Pelicans,3,10,24,Missed Shot,Layup Shot,2PT Field Goal,Restricted Area,Center(C),Less Than 8 ft.,1,12,-3,1,0,20240205,NOP,TOR,22300718297,15360,0,202685|203468|1627742|1629627|1630529,0,REG,2024,1630567,PF,Helper,0.63
Shot Chart Detail,22300718,299,202685,Jonas Valanciunas,1610612740,New Orleans Pelicans,3,10,21,Missed Shot,Tip Layup Shot,2PT Field Goal,Restricted Area,Center(C),Less Than 8 ft.,0,0,0,1,0,20240205,NOP,TOR,22300718299,15390,0,202685|203468|1627742|1629627|1630529,0,REG,2024,1627751|1630567,,,
Shot Chart Detail,22300718,309,202685,Jonas Valanciunas,1610612740,New Orleans Pelicans,3,10,23,Missed Shot,Tip Layup Shot,2PT Field Goal,Restricted Area,Center(C),Less Than 8 ft.,1,18,0,1,0,20240205,NOP,TOR,22300718309,15370,0,202685|203468|1627742|1629627|1630529,0,REG,2024,1627751|1630567,,,
Shot Chart Detail,22300718,333,202685,Jonas Valanciunas,1610612740,New Orleans Pelicans,3,8,31,Missed Shot,Layup Shot,2PT Field Goal,Restricted Area,Center(C),Less Than 8 ft.,2,5,23,1,0,20240205,NOP,TOR,22300718333,16490,0,202685|203468|1627742|1629627|1630529,0,REG,2024,1630567,PF,Helper,0.63
Shot Chart Detail,22300718,463,202685,Jonas Valanciunas,1610612740,New Orleans Pelicans,4,10,43,Made Shot,Tip Layup Shot,2PT Field Goal,Restricted Area,Center(C),Less Than 8 ft.,0,0,0,1,1,20240205,NOP,TOR,22300718463,22370,0,202685|1630230|1630530|1630631|1630700,0,REG,2024,1629670,SF,Low Activity,-0.5
Shot Chart Detail,22300718,484,202685,Jonas Valanciunas,1610612740,New Orleans Pelicans,4,8,56,Missed Shot,Tip Layup Shot,2PT Field Goal,Restricted Area,Center(C),Less Than 8 ft.,0,0,0,1,0,20240205,NOP,TOR,22300718484,23440,0,202685|1630230|1630530|1630631|1630700,0,REG,2024,1628449,PF,Helper,-0.95
Shot Chart Detail,22300718,486,202685,Jonas Valanciunas,1610612740,New Orleans Pelicans,4,8,55,Missed Shot,Tip Layup Shot,2PT Field Goal,Restricted Area,Center(C),Less Than 8 ft.,0,0,0,1,0,20240205,NOP,TOR,22300718486,23450,0,202685|1630230|1630530|1630631|1630700,0,REG,2024,1628449,PF,Helper,-0.95
Shot Chart Detail,22300718,496,202685,Jonas Valanciunas,1610612740,New Orleans Pelicans,4,8,58,Missed Shot,Tip Layup Shot,2PT Field Goal,Restricted Area,Center(C),Less Than 8 ft.,1,-6,12,1,0,20240205,NOP,TOR,22300718496,23420,0,202685|1630230|1630530|1630631|1630700,0,REG,2024,1628449,PF,Helper,-0.95
Shot Chart Detail,22300718,508,202685,Jonas Valanciunas,1610612740,New Orleans Pelicans,4,7,30,Made Shot,Putback Layup Shot,2PT Field Goal,Restricted Area,Center(C),Less Than 8 ft.,0,-8,3,1,1,20240205,NOP,TOR,22300718508,24300,0,202685|1630230|1630530|1630631|1630700,0,REG,2024,1628449,PF,Helper,-0.95
Shot Chart Detail,22300731,7,202685,Jonas Valanciunas,1610612740,New Orleans Pelicans,1,11,36,Made Shot,Turnaround Fadeaway shot,2PT Field Goal,Mid-Range,Left Side(L),8-16 ft.,12,-110,53,1,1,20240207,LAC,NOP,223007317,240,0,202685|203468|1627742|1629627|1630529,1,REG,2024,1627826,C,Anchor Big,0.44
Shot Chart Detail,22300731,222,202685,Jonas Valanciunas,1610612740,New Orleans Pelicans,2,6,50,Made Shot,Reverse Layup Shot,2PT Field Goal,Restricted Area,Center(C),Less Than 8 ft.,2,5,26,1,1,20240207,LAC,NOP,22300731222,10300,0,202685|203468|1629627|1630529|1630530,1,REG,2024,1628464,C,Anchor Big,1.31
Shot Chart Detail,22300731,245,202685,Jonas Valanciunas,1610612740,New Orleans Pelicans,2,5,12,Made Shot,Turnaround Fadeaway shot,2PT Field Goal,Mid-Range,Left Side(L),8-16 ft.,10,-105,31,1,1,20240207,LAC,NOP,22300731245,11280,0,202685|203468|1627742|1630529|1630700,0,REG,2024,1627826,C,Anchor Big,0.44
Shot Chart Detail,22300747,272,202685,Jonas Valanciunas,1610612740,New Orleans Pelicans,2,3,59,Made Shot,Turnaround Jump Shot,2PT Field Goal,Mid-Range,Left Side(L),8-16 ft.,8,-88,17,1,1,20240209,LAL,NOP,22300747272,12010,0,202685|1627742|1630529|1630631|1630700,0,REG,2024,203076,PF,,0.47
Shot Chart Detail,22300747,277,202685,Jonas Valanciunas,1610612740,New Orleans Pelicans,2,3,30,Missed Shot,Tip Layup Shot,2PT Field Goal,Restricted Area,Center(C),Less Than 8 ft.,0,0,0,1,0,20240209,LAL,NOP,22300747277,12300,0,202685|1627742|1630529|1630631|1630700,0,REG,2024,203076|1630559|1626156,,,
Shot Chart Detail,22300747,299,202685,Jonas Valanciunas,1610612740,New Orleans Pelicans,2,2,22,Missed Shot,Tip Layup Shot,2PT Field Goal,Restricted Area,Center(C),Less Than 8 ft.,0,0,0,1,0,20240209,LAL,NOP,22300747299,12980,0,202685|203468|1627742|1629627|1630529,0,REG,2024,2544|1629060,,,
Shot Chart Detail,22300747,396,202685,Jonas Valanciunas,1610612740,New Orleans Pelicans,3,7,33,Made Shot,Cutting Layup Shot,2PT Field Goal,Restricted Area,Center(C),Less Than 8 ft.,1,16,11,1,1,20240209,LAL,NOP,22300747396,17070,0,202685|203468|1627742|1629627|1630529,1,REG,2024,203076,PF,,0.47
Shot Chart Detail,22300747,415,202685,Jonas Valanciunas,1610612740,New Orleans Pelicans,3,6,13,Made Shot,Turnaround Hook Shot,2PT Field Goal,In The Paint (Non-RA),Center(C),Less Than 8 ft.,6,-21,65,1,1,20240209,LAL,NOP,22300747415,17870,0,202685|203468|1627742|1629627|1630529,1,REG,2024,1629060,PF,Helper,-0.35
Shot Chart Detail,22300747,525,202685,Jonas Valanciunas,1610612740,New Orleans Pelicans,4,11,10,Made Shot,Hook Shot,2PT Field Goal,Restricted Area,Center(C),Less Than 8 ft.,3,-18,32,1,1,20240209,LAL,NOP,22300747525,22100,0,202685|1629627|1630530|1630631|1630700,1,REG,2024,1629637|1627752,,,
Shot Chart Detail,22300758,43,202685,Jonas Valanciunas,1610612740,New Orleans Pelicans,1,8,28,Made Shot,Fadeaway Jump Shot,2PT Field Goal,In The Paint (Non-RA),Center(C),Less Than 8 ft.,5,-56,4,1,1,20240210,POR,NOP,2230075843,2120,0,202685|203468|1627742|1630529|1630530,1,REG,2024,1629028|1631133,,,
Shot Chart Detail,22300758,56,202685,Jonas Valanciunas,1610612740,New Orleans Pelicans,1,7,5,Missed Shot,Jump Shot,2PT Field Goal,Mid-Range,Left Side(L),8-16 ft.,13,-96,100,1,0,20240210,POR,NOP,2230075856,2950,0,202685|203468|1627742|1630529|1630530,0,REG,2024,203924,SF,Helper,-0.1
Shot Chart Detail,22300758,184,202685,Jonas Valanciunas,1610612740,New Orleans Pelicans,2,9,15,Made Shot,Jump Shot,2PT Field Goal,Mid-Range,Center(C),16-24 ft.,17,-4,178,1,1,20240210,POR,NOP,22300758184,8850,0,202685|203468|1630346|1630529|1641722,1,REG,2024,1629028,C,Anchor Big,0.2
Shot Chart Detail,22300758,344,202685,Jonas Valanciunas,1610612740,New Orleans Pelicans,3,10,12,Made Shot,Cutting Dunk Shot,2PT Field Goal,Restricted Area,Center(C),Less Than 8 ft.,1,9,6,1,1,20240210,POR,NOP,22300758344,15480,0,202685|203468|1627742|1630529|1630530,1,REG,2024,203924,SF,Helper,-0.1
Shot Chart Detail,22300758,383,202685,Jonas Valanciunas,1610612740,New Orleans Pelicans,3,6,30,Missed Shot,Jump Shot,2PT Field Goal,Mid-Range,Right Side(R),8-16 ft.,9,91,31,1,0,20240210,POR,NOP,22300758383,17700,0,202685|203468|1627742|1630529|1630530,0,REG,2024,1629028,C,Anchor Big,0.2
Shot Chart Detail,22300758,399,202685,Jonas Valanciunas,1610612740,New Orleans Pelicans,3,5,23,Made Shot,Cutting Dunk Shot,2PT Field Goal,Restricted Area,Center(C),Less Than 8 ft.,1,-1,-12,1,1,20240210,POR,NOP,22300758399,18370,0,202685|1627742|1630230|1630530|1630631,1,REG,2024,1629028,C,Anchor Big,0.2
Shot Chart Detail,22300758,510,202685,Jonas Valanciunas,1610612740,New Orleans Pelicans,4,9,8,Made Shot,Turnaround Hook Shot,2PT Field Goal,In The Paint (Non-RA),Center(C),Less Than 8 ft.,4,18,37,1,1,20240210,POR,NOP,22300758510,23320,0,202685|203468|1630230|1630529|1641722,1,REG,2024,1631200,SF,Helper,0.41
Shot Chart Detail,22300758,531,202685,Jonas Valanciunas,1610612740,New Orleans Pelicans,4,6,35,Made Shot,Cutting Dunk Shot,2PT Field Goal,Restricted Area,Center(C),Less Than 8 ft.,0,7,3,1,1,20240210,POR,NOP,22300758531,24850,0,202685|1627742|1630529|1630631|1641722,1,REG,2024,1629028,C,Anchor Big,0.2
Shot Chart Detail,22300758,546,202685,Jonas Valanciunas,1610612740,New Orleans Pelicans,4,5,36,Made Shot,Hook Shot,2PT Field Goal,Restricted Area,Center(C),Less Than 8 ft.,0,-6,1,1,1,20240210,POR,NOP,22300758546,25440,0,202685|1627742|1630529|1630631|1641722,1,REG,2024,1629028,C,Anchor Big,0.2
Shot Chart Detail,22300766,11,202685,Jonas Valanciunas,1610612740,New Orleans Pelicans,1,10,52,Made Shot,Turnaround Fadeaway shot,2PT Field Goal,Mid-Range,Left Side(L),8-16 ft.,10,-96,37,1,1,20240212,MEM,NOP,2230076611,680,0,202685|203468|1627742|1629627|1630529,1,REG,2024,1630583,PF,Helper,-0.6
Shot Chart Detail,22300766,49,202685,Jonas Valanciunas,1610612740,New Orleans Pelicans,1,7,56,Missed Shot,Jump Shot,3PT Field Goal,Above the Break 3,Center(C),24+ ft.,25,15,251,1,0,20240212,MEM,NOP,2230076649,2440,0,202685|203468|1627742|1629627|1630529,0,REG,2024,1628991,PF,Helper,1.03
Shot Chart Detail,22300766,195,202685,Jonas Valanciunas,1610612740,New Orleans Pelicans,2,9,13,Missed Shot,Jump Shot,2PT Field Goal,Mid-Range,Right Side Center(RC),16-24 ft.,18,92,164,1,0,20240212,MEM,NOP,22300766195,8870,0,202685|1629627|1630230|1630530|1630631,0,REG,2024,1641998,C,Anchor Big,0.58
Shot Chart Detail,22300766,472,202685,Jonas Valanciunas,1610612740,New Orleans Pelicans,3,1,4,Missed Shot,Dunk Shot,2PT Field Goal,In The Paint (Non-RA),Center(C),Less Than 8 ft.,4,-23,41,1,0,20240212,MEM,NOP,22300766472,20960,0,202685|1629627|1630230|1630530|1630631,0,REG,2024,1641998,C,Anchor Big,0.58
Shot Chart Detail,22300784,21,202685,Jonas Valanciunas,1610612740,New Orleans Pelicans,1,10,16,Missed Shot,Floating Jump shot,2PT Field Goal,In The Paint (Non-RA),Center(C),Less Than 8 ft.,5,0,58,1,0,20240214,NOP,WAS,2230078421,1040,0,202685|203468|1627742|1629627|1630529,0,REG,2024,1641731,SF,Wing Stopper,-0.57
Shot Chart Detail,22300784,52,202685,Jonas Valanciunas,1610612740,New Orleans Pelicans,1,8,17,Made Shot,Cutting Dunk Shot,2PT Field Goal,Restricted Area,Center(C),Less Than 8 ft.,0,4,6,1,1,20240214,NOP,WAS,2230078452,2230,0,202685|203468|1627742|1629627|1630529,1,REG,2024,1630166,SF,Wing Stopper,1.57
Shot Chart Detail,22300784,264,202685,Jonas Valanciunas,1610612740,New Orleans Pelicans,2,7,1,Made Shot,Cutting Dunk Shot,2PT Field Goal,Restricted Area,Center(C),Less Than 8 ft.,0,-4,-6,1,1,20240214,NOP,WAS,22300784264,10190,0,202685|203468|1627742|1630529|1630631,1,REG,2024,1630166,SF,Wing Stopper,1.57
Shot Chart Detail,22300784,304,202685,Jonas Valanciunas,1610612740,New Orleans Pelicans,2,3,42,Made Shot,Putback Layup Shot,2PT Field Goal,Restricted Area,Center(C),Less Than 8 ft.,0,0,0,1,1,20240214,NOP,WAS,22300784304,12180,0,202685|203468|1627742|1629627|1630530,0,REG,2024,1630166,SF,Wing Stopper,1.57
Shot Chart Detail,22300784,328,202685,Jonas Valanciunas,1610612740,New Orleans Pelicans,2,2,16,Made Shot,Reverse Layup Shot,2PT Field Goal,Restricted Area,Center(C),Less Than 8 ft.,1,10,5,1,1,20240214,NOP,WAS,22300784328,13040,0,202685|203468|1627742|1629627|1630530,1,REG,2024,1628963,PF,Helper,-1.67
Shot Chart Detail,22300784,380,202685,Jonas Valanciunas,1610612740,New Orleans Pelicans,3,10,46,Made Shot,Driving Layup Shot,2PT Field Goal,Restricted Area,Center(C),Less Than 8 ft.,1,2,15,1,1,20240214,NOP,WAS,22300784380,15140,0,202685|203468|1627742|1629627|1630529,1,REG,2024,1628963,PF,Helper,-1.67
Shot Chart Detail,22300798,53,202685,Jonas Valanciunas,1610612740,New Orleans Pelicans,1,8,37,Missed Shot,Tip Layup Shot,2PT Field Goal,Restricted Area,Center(C),Less Than 8 ft.,0,0,0,1,0,20240222,NOP,HOU,2230079853,2030,0,202685|203468|1629627|1630529|1630530,0,REG,2024,1630578|1627832|1631095,,,
Shot Chart Detail,22300798,55,202685,Jonas Valanciunas,1610612740,New Orleans Pelicans,1,8,36,Made Shot,Putback Layup Shot,2PT Field Goal,Restricted Area,Center(C),Less Than 8 ft.,0,0,0,1,1,20240222,NOP,HOU,2230079855,2040,0,202685|203468|1629627|1630529|1630530,0,REG,2024,1630578|1627832|1631095,,,
Shot Chart Detail,22300798,74,202685,Jonas Valanciunas,1610612740,New Orleans Pelicans,1,6,50,Made Shot,Jump Shot,3PT Field Goal,Above the Break 3,Left Side Center(LC),24+ ft.,25,-156,206,1,1,20240222,NOP,HOU,2230079874,3100,0,202685|203468|1629627|1630529|1630530,1,REG,2024,1630578,C,Mobile Big,-0.14
Shot Chart Detail,22300798,80,202685,Jonas Valanciunas,1610612740,New Orleans Pelicans,1,6,4,Made Shot,Putback Layup Shot,2PT Field Goal,Restricted Area,Center(C),Less Than 8 ft.,0,0,0,1,1,20240222,NOP,HOU,2230079880,3560,0,202685|203468|1629627|1630529|1630530,0,REG,2024,1630578|1627832,,,
Shot Chart Detail,22300798,91,202685,Jonas Valanciunas,1610612740,New Orleans Pelicans,1,5,11,Made Shot,Layup Shot,2PT Field Goal,Restricted Area,Center(C),Less Than 8 ft.,1,18,6,1,1,20240222,NOP,HOU,2230079891,4090,0,202685|203468|1630529|1630530|1641722,1,REG,2024,1630578|1628415|1631095,,,
Shot Chart Detail,22300798,95,202685,Jonas Valanciunas,1610612740,New Orleans Pelicans,1,4,29,Missed Shot,Turnaround Fadeaway shot,2PT Field Goal,Mid-Range,Left Side(L),8-16 ft.,11,-118,-7,1,0,20240222,NOP,HOU,2230079895,4510,0,202685|203468|1630529|1630530|1641722,0,REG,2024,1630578,C,Mobile Big,-0.14
Shot Chart Detail,22300798,254,202685,Jonas Valanciunas,1610612740,New Orleans Pelicans,2,6,44,Made Shot,Dunk Shot,2PT Field Goal,Restricted Area,Center(C),Less Than 8 ft.,0,-5,3,1,1,20240222,NOP,HOU,22300798254,10360,0,202685|203468|1630529|1630530|1630631,1,REG,2024,1630578,C,Mobile Big,-0.14
Shot Chart Detail,22300798,267,202685,Jonas Valanciunas,1610612740,New Orleans Pelicans,2,5,56,Made Shot,Jump Shot,2PT Field Goal,Mid-Range,Right Side(R),8-16 ft.,14,143,6,1,1,20240222,NOP,HOU,22300798267,10840,0,202685|203468|1630529|1630530|1630631,1,REG,2024,1630578,C,Mobile Big,-0.14
Shot Chart Detail,22300798,272,202685,Jonas Valanciunas,1610612740,New Orleans Pelicans,2,5,15,Made Shot,Turnaround Bank shot,2PT Field Goal,Mid-Range,Right Side(R),8-16 ft.,10,94,42,1,1,20240222,NOP,HOU,22300798272,11250,0,202685|203468|1630529|1630530|1630631,1,REG,2024,1630578,C,Mobile Big,-0.14
Shot Chart Detail,22300798,289,202685,Jonas Valanciunas,1610612740,New Orleans Pelicans,2,4,15,Made Shot,Driving Dunk Shot,2PT Field Goal,Restricted Area,Center(C),Less Than 8 ft.,1,-2,-10,1,1,20240222,NOP,HOU,22300798289,11850,0,202685|203468|1629627|1630529|1630530,0,REG,2024,1630578,C,Mobile Big,-0.14
Shot Chart Detail,22300798,346,202685,Jonas Valanciunas,1610612740,New Orleans Pelicans,3,11,37,Missed Shot,Turnaround Jump Shot,2PT Field Goal,Mid-Range,Left Side(L),8-16 ft.,9,-91,-3,1,0,20240222,NOP,HOU,22300798346,14630,0,202685|203468|1629627|1630529|1630530,0,REG,2024,1630578,C,Mobile Big,-0.14
Shot Chart Detail,22300798,365,202685,Jonas Valanciunas,1610612740,New Orleans Pelicans,3,10,36,Made Shot,Jump Shot,3PT Field Goal,Above the Break 3,Center(C),24+ ft.,25,2,252,1,1,20240222,NOP,HOU,22300798365,15240,0,202685|203468|1629627|1630529|1630530,1,REG,2024,1630578,C,Mobile Big,-0.14
Shot Chart Detail,22300810,8,202685,Jonas Valanciunas,1610612740,New Orleans Pelicans,1,11,38,Missed Shot,Layup Shot,2PT Field Goal,Restricted Area,Center(C),Less Than 8 ft.,2,25,8,1,0,20240223,NOP,MIA,223008108,220,0,202685|203468|1629627|1630529|1630530,0,REG,2024,1628997|1631107,,,
Shot Chart Detail,22300810,17,202685,Jonas Valanciunas,1610612740,New Orleans Pelicans,1,10,2,Missed Shot,Jump Shot,2PT Field Goal,Mid-Range,Right Side(R),8-16 ft.,12,96,81,1,0,20240223,NOP,MIA,2230081017,1180,0,202685|203468|1629627|1630529|1630530,0,REG,2024,1628997|1631107,,,
Shot Chart Detail,22300810,35,202685,Jonas Valanciunas,1610612740,New Orleans Pelicans,1,8,34,Missed Shot,Turnaround Fadeaway shot,2PT Field Goal,In The Paint (Non-RA),Center(C),Less Than 8 ft.,5,-54,23,1,0,20240223,NOP,MIA,2230081035,2060,0,202685|203468|1629627|1630529|1630530,0,REG,2024,1631107|1629639,,,
Shot Chart Detail,22300810,56,202685,Jonas Valanciunas,1610612740,New Orleans Pelicans,1,7,0,Made Shot,Layup Shot,2PT Field Goal,Restricted Area,Center(C),Less Than 8 ft.,3,27,18,1,1,20240223,NOP,MIA,2230081056,3000,0,202685|203468|1629627|1630529|1630530,1,REG,2024,1631107,PF,Helper,0.39
Shot Chart Detail,22300810,61,202685,Jonas Valanciunas,1610612740,New Orleans Pelicans,1,6,34,Missed Shot,Tip Layup Shot,2PT Field Goal,Restricted Area,Center(C),Less Than 8 ft.,0,0,0,1,0,20240223,NOP,MIA,2230081061,3260,0,202685|203468|1629627|1630529|1630530,0,REG,2024,1628389,C,Anchor Big,0.91
Shot Chart Detail,22300810,63,202685,Jonas Valanciunas,1610612740,New Orleans Pelicans,1,6,32,Missed Shot,Tip Layup Shot,2PT Field Goal,Restricted Area,Center(C),Less Than 8 ft.,0,0,0,1,0,20240223,NOP,MIA,2230081063,3280,0,202685|203468|1629627|1630529|1630530,0,REG,2024,1628389|1631107,,,
Shot Chart Detail,22300810,67,202685,Jonas Valanciunas,1610612740,New Orleans Pelicans,1,6,14,Made Shot,Driving Floating Jump Shot,2PT Field Goal,In The Paint (Non-RA),Left Side(L),8-16 ft.,9,-80,55,1,1,20240223,NOP,MIA,2230081067,3460,0,202685|203468|1629627|1630529|1630530,1,REG,2024,1631107,PF,Helper,0.39
Shot Chart Detail,22300810,323,202685,Jonas Valanciunas,1610612740,New Orleans Pelicans,2,0,35,Made Shot,Turnaround Hook Shot,2PT Field Goal,In The Paint (Non-RA),Center(C),Less Than 8 ft.,4,-9,44,1,1,20240223,NOP,MIA,22300810323,14050,0,202685|1629627|1630529|1630631|1641722,0,REG,2024,1631107,PF,Helper,0.39
Shot Chart Detail,22300810,327,202685,Jonas Valanciunas,1610612740,New Orleans Pelicans,2,0,3,Made Shot,Cutting Layup Shot,2PT Field Goal,Restricted Area,Center(C),Less Than 8 ft.,3,-10,34,1,1,20240223,NOP,MIA,22300810327,14370,0,202685|1629627|1630529|1630631|1641722,1,REG,2024,1628997,SF,Chaser,0.31
Shot Chart Detail,22300810,342,202685,Jonas Valanciunas,1610612740,New Orleans Pelicans,3,10,38,Made Shot,Reverse Layup Shot,2PT Field Goal,Restricted Area,Center(C),Less Than 8 ft.,2,-29,-6,1,1,20240223,NOP,MIA,22300810342,15220,0,202685|1629627|1630529|1630530|1630631,1,REG,2024,1631107,PF,Helper,0.39
Shot Chart Detail,22300810,363,202685,Jonas Valanciunas,1610612740,New Orleans Pelicans,3,8,45,Missed Shot,Cutting Dunk Shot,2PT Field Goal,In The Paint (Non-RA),Center(C),Less Than 8 ft.,4,-21,38,1,0,20240223,NOP,MIA,22300810363,16350,0,202685|1629627|1630529|1630530|1630631,0,REG,2024,202710,SG,,-0.37
Shot Chart Detail,22300810,403,202685,Jonas Valanciunas,1610612740,New Orleans Pelicans,3,5,14,Made Shot,Layup Shot,2PT Field Goal,Restricted Area,Center(C),Less Than 8 ft.,1,-18,7,1,1,20240223,NOP,MIA,22300810403,18460,0,202685|1629627|1630529|1630530|1630631,0,REG,2024,1631107,PF,Helper,0.39
Shot Chart Detail,22300810,577,202685,Jonas Valanciunas,1610612740,New Orleans Pelicans,4,7,2,Missed Shot,Jump Shot,2PT Field Goal,In The Paint (Non-RA),Center(C),8-16 ft.,13,44,131,1,0,20240223,NOP,MIA,22300810577,24580,0,202685|1630526|1630529|1630530|1641722,0,REG,2024,1628389,C,Anchor Big,0.91
Shot Chart Detail,22300823,22,202685,Jonas Valanciunas,1610612740,New Orleans Pelicans,1,10,19,Missed Shot,Jump Shot,2PT Field Goal,Mid-Range,Right Side Center(RC),16-24 ft.,19,118,152,1,0,20240225,NOP,CHI,2230082322,1010,0,202685|1627742|1629627|1630529|1630530,0,REG,2024,202696,C,,0.57
Shot Chart Detail,22300823,38,202685,Jonas Valanciunas,1610612740,New Orleans Pelicans,1,8,47,Missed Shot,Floating Jump shot,2PT Field Goal,In The Paint (Non-RA),Center(C),Less Than 8 ft.,7,-34,67,1,0,20240225,NOP,CHI,2230082338,1930,0,202685|1627742|1629627|1630529|1630530,0,REG,2024,1627936|202696,,,
Shot Chart Detail,22300823,41,202685,Jonas Valanciunas,1610612740,New Orleans Pelicans,1,8,23,Made Shot,Turnaround Hook Shot,2PT Field Goal,In The Paint (Non-RA),Center(C),Less Than 8 ft.,4,26,41,1,1,20240225,NOP,CHI,2230082341,2170,0,202685|1627742|1629627|1630529|1630530,1,REG,2024,1627936|201942,,,
Shot Chart Detail,22300823,50,202685,Jonas Valanciunas,1610612740,New Orleans Pelicans,1,7,12,Missed Shot,Jump Shot,3PT Field Goal,Above the Break 3,Left Side Center(LC),24+ ft.,26,-137,221,1,0,20240225,NOP,CHI,2230082350,2880,0,202685|1627742|1629627|1630529|1630530,0,REG,2024,202696,C,,0.57
Shot Chart Detail,22300823,188,202685,Jonas Valanciunas,1610612740,New Orleans Pelicans,2,9,32,Missed Shot,Putback Layup Shot,2PT Field Goal,Restricted Area,Center(C),Less Than 8 ft.,2,9,22,1,0,20240225,NOP,CHI,22300823188,8680,0,202685|1629627|1630346|1630529|1630530,0,REG,2024,201942|1630678,,,
Shot Chart Detail,22300823,190,202685,Jonas Valanciunas,1610612740,New Orleans Pelicans,2,9,24,Made Shot,Tip Layup Shot,2PT Field Goal,Restricted Area,Center(C),Less Than 8 ft.,0,0,0,1,1,20240225,NOP,CHI,22300823190,8760,0,202685|1629627|1630346|1630529|1630530,0,REG,2024,201942|1630678,,,
Shot Chart Detail,22300823,194,202685,Jonas Valanciunas,1610612740,New Orleans Pelicans,2,9,32,Missed Shot,Tip Layup Shot,2PT Field Goal,Restricted Area,Center(C),Less Than 8 ft.,2,7,25,1,0,20240225,NOP,CHI,22300823194,8680,0,202685|1629627|1630346|1630529|1630530,0,REG,2024,201942|1630678,,,
Shot Chart Detail,22300823,331,202685,Jonas Valanciunas,1610612740,New Orleans Pelicans,3,11,17,Missed Shot,Jump Shot,3PT Field Goal,Above the Break 3,Left Side Center(LC),24+ ft.,25,-97,238,1,0,20240225,NOP,CHI,22300823331,14830,0,202685|1627742|1629627|1630529|1630530,0,REG,2024,,,,
Shot Chart Detail,22300823,337,202685,Jonas Valanciunas,1610612740,New Orleans Pelicans,3,10,54,Made Shot,Tip Layup Shot,2PT Field Goal,Restricted Area,Center(C),Less Than 8 ft.,0,0,0,1,1,20240225,NOP,CHI,22300823337,15060,0,202685|1627742|1629627|1630529|1630530,0,REG,2024,201942,SG,,-0.49
Shot Chart Detail,22300823,378,202685,Jonas Valanciunas,1610612740,New Orleans Pelicans,3,7,13,Missed Shot,Tip Layup Shot,2PT Field Goal,Restricted Area,Center(C),Less Than 8 ft.,0,0,0,1,0,20240225,NOP,CHI,22300823378,17270,0,202685|1627742|1629627|1630529|1630530,0,REG,2024,202696,C,,0.57
Shot Chart Detail,22300823,407,202685,Jonas Valanciunas,1610612740,New Orleans Pelicans,3,5,6,Made Shot,Hook Shot,2PT Field Goal,In The Paint (Non-RA),Center(C),Less Than 8 ft.,5,-9,58,1,1,20240225,NOP,CHI,22300823407,18540,0,202685|1627742|1630529|1630530|1641722,0,REG,2024,202696,C,,0.57
Shot Chart Detail,22300823,410,202685,Jonas Valanciunas,1610612740,New Orleans Pelicans,3,4,35,Missed Shot,Jump Shot,3PT Field Goal,Above the Break 3,Center(C),24+ ft.,25,-4,253,1,0,20240225,NOP,CHI,22300823410,18850,0,202685|1627742|1630529|1630530|1641722,0,REG,2024,202696,C,,0.57
Shot Chart Detail,22300823,529,202685,Jonas Valanciunas,1610612740,New Orleans Pelicans,4,7,24,Made Shot,Putback Layup Shot,2PT Field Goal,Restricted Area,Center(C),Less Than 8 ft.,2,-1,25,1,1,20240225,NOP,CHI,22300823529,24360,0,202685|1627742|1629627|1630529|1630530,0,REG,2024,1631207,SG,Chaser,-0.02
Shot Chart Detail,22300823,589,202685,Jonas Valanciunas,1610612740,New Orleans Pelicans,4,3,51,Made Shot,Fadeaway Jump Shot,2PT Field Goal,In The Paint (Non-RA),Center(C),8-16 ft.,10,-18,102,1,1,20240225,NOP,CHI,22300823589,26490,0,202685|1627742|1629627|1630529|1630530,1,REG,2024,202696,C,,0.57
Shot Chart Detail,22300823,633,202685,Jonas Valanciunas,1610612740,New Orleans Pelicans,4,0,53,Made Shot,Putback Layup Shot,2PT Field Goal,Restricted Area,Center(C),Less Than 8 ft.,0,0,0,1,1,20240225,NOP,CHI,22300823633,28270,0,202685|1627742|1629627|1630529|1630530,0,REG,2024,1629632|202696,,,
Shot Chart Detail,22300837,36,202685,Jonas Valanciunas,1610612740,New Orleans Pelicans,1,8,22,Made Shot,Turnaround Jump Shot,2PT Field Goal,Mid-Range,Left Side(L),8-16 ft.,9,-89,44,1,1,20240227,NYK,NOP,2230083736,2180,0,202685|1627742|1629627|1630529|1630530,0,REG,2024,1630579,PF,Mobile Big,1.55
Shot Chart Detail,22300837,313,202685,Jonas Valanciunas,1610612740,New Orleans Pelicans,3,11,36,Missed Shot,Hook Shot,2PT Field Goal,In The Paint (Non-RA),Center(C),Less Than 8 ft.,5,-4,53,1,0,20240227,NYK,NOP,22300837313,14640,0,202685|1627742|1629627|1630529|1630530,0,REG,2024,1630579|1628404,,,
Shot Chart Detail,22300837,317,202685,Jonas Valanciunas,1610612740,New Orleans Pelicans,3,11,11,Missed Shot,Jump Shot,2PT Field Goal,Mid-Range,Center(C),8-16 ft.,15,-17,156,1,0,20240227,NYK,NOP,22300837317,14890,0,202685|1627742|1629627|1630529|1630530,0,REG,2024,1630540,PG,Point of Attack,-0.13
Shot Chart Detail,22300837,373,202685,Jonas Valanciunas,1610612740,New Orleans Pelicans,3,6,19,Missed Shot,Tip Layup Shot,2PT Field Goal,Restricted Area,Center(C),Less Than 8 ft.,0,0,0,1,0,20240227,NYK,NOP,22300837373,17810,0,202685|1627742|1630230|1630529|1630530,0,REG,2024,1630579|1630173,,,
Shot Chart Detail,22300837,375,202685,Jonas Valanciunas,1610612740,New Orleans Pelicans,3,6,17,Missed Shot,Putback Layup Shot,2PT Field Goal,Restricted Area,Center(C),Less Than 8 ft.,2,-5,21,1,0,20240227,NYK,NOP,22300837375,17830,0,202685|1627742|1630230|1630529|1630530,0,REG,2024,1630579|1630173,,,
Shot Chart Detail,22300837,388,202685,Jonas Valanciunas,1610612740,New Orleans Pelicans,3,4,54,Made Shot,Dunk Shot,2PT Field Goal,Restricted Area,Center(C),Less Than 8 ft.,0,-5,0,1,1,20240227,NYK,NOP,22300837388,18660,0,202685|1627742|1630230|1630529|1630530,1,REG,2024,1628978|1630579,,,
Shot Chart Detail,22300843,7,202685,Jonas Valanciunas,1610612740,New Orleans Pelicans,1,11,38,Missed Shot,Layup Shot,2PT Field Goal,In The Paint (Non-RA),Center(C),Less Than 8 ft.,6,50,48,1,0,20240228,IND,NOP,223008437,220,0,202685|203468|1627742|1629627|1630529,0,REG,2024,1630169,PG,Chaser,-1.88
Shot Chart Detail,22300863,18,202685,Jonas Valanciunas,1610612740,New Orleans Pelicans,1,10,30,Made Shot,Jump Shot,3PT Field Goal,Above the Break 3,Center(C),24+ ft.,24,71,236,1,1,20240301,NOP,IND,2230086318,900,0,202685|203468|1627742|1629627|1630529,1,REG,2024,1626167,C,Anchor Big,0.68
Shot Chart Detail,22300863,25,202685,Jonas Valanciunas,1610612740,New Orleans Pelicans,1,10,2,Made Shot,Jump Shot,2PT Field Goal,In The Paint (Non-RA),Center(C),Less Than 8 ft.,5,-6,57,1,1,20240301,NOP,IND,2230086325,1180,0,202685|203468|1627742|1629627|1630529,0,REG,2024,1626167,C,Anchor Big,0.68
Shot Chart Detail,22300863,43,202685,Jonas Valanciunas,1610612740,New Orleans Pelicans,1,7,46,Made Shot,Jump Shot,2PT Field Goal,Mid-Range,Center(C),16-24 ft.,16,12,162,1,1,20240301,NOP,IND,2230086343,2540,0,202685|203468|1627742|1629627|1630529,1,REG,2024,1630169,PG,Chaser,-1.88
Shot Chart Detail,22300863,72,202685,Jonas Valanciunas,1610612740,New Orleans Pelicans,1,4,38,Made Shot,Putback Layup Shot,2PT Field Goal,Restricted Area,Center(C),Less Than 8 ft.,2,-12,20,1,1,20240301,NOP,IND,2230086372,4420,0,202685|203468|1627742|1630529|1630530,0,REG,2024,1630188,PF,Helper,-0.65
Shot Chart Detail,22300863,174,202685,Jonas Valanciunas,1610612740,New Orleans Pelicans,2,9,24,Missed Shot,Jump Shot,2PT Field Goal,Mid-Range,Right Side(R),8-16 ft.,12,127,6,1,0,20240301,NOP,IND,22300863174,8760,0,202685|1627742|1630230|1630530|1630631,0,REG,2024,1630167,PF,Low Activity,-0.6
Shot Chart Detail,22300863,325,202685,Jonas Valanciunas,1610612740,New Orleans Pelicans,3,11,37,Missed Shot,Reverse Layup Shot,2PT Field Goal,Restricted Area,Center(C),Less Than 8 ft.,2,-12,21,1,0,20240301,NOP,IND,22300863325,14630,0,202685|203468|1627742|1629627|1630529,0,REG,2024,1630174,SF,Low Activity,-0.2
Shot Chart Detail,22300863,377,202685,Jonas Valanciunas,1610612740,New Orleans Pelicans,3,7,32,Missed Shot,Cutting Layup Shot,2PT Field Goal,In The Paint (Non-RA),Center(C),Less Than 8 ft.,6,-21,63,1,0,20240301,NOP,IND,22300863377,17080,0,202685|203468|1627742|1629627|1630529,0,REG,2024,1629614,SG,Point of Attack,-1.12
Shot Chart Detail,22300863,424,202685,Jonas Valanciunas,1610612740,New Orleans Pelicans,3,4,57,Made Shot,Tip Layup Shot,2PT Field Goal,Restricted Area,Center(C),Less Than 8 ft.,0,0,0,1,1,20240301,NOP,IND,22300863424,18630,0,202685|203468|1629627|1630529|1630530,0,REG,2024,1627783|1630543,,,
Shot Chart Detail,22300863,523,202685,Jonas Valanciunas,1610612740,New Orleans Pelicans,4,11,22,Missed Shot,Hook Shot,2PT Field Goal,In The Paint (Non-RA),Center(C),Less Than 8 ft.,6,-1,63,1,0,20240301,NOP,IND,22300863523,21980,0,202685|1627742|1630230|1630530|1630631,0,REG,2024,1630543,C,Mobile Big,1.2
Shot Chart Detail,22300863,554,202685,Jonas Valanciunas,1610612740,New Orleans Pelicans,4,9,37,Made Shot,Putback Layup Shot,2PT Field Goal,Restricted Area,Center(C),Less Than 8 ft.,0,0,0,1,1,20240301,NOP,IND,22300863554,23030,0,202685|1627742|1630230|1630530|1630631,0,REG,2024,1630543,C,Mobile Big,1.2
Shot Chart Detail,22300863,557,202685,Jonas Valanciunas,1610612740,New Orleans Pelicans,4,9,12,Made Shot,Fadeaway Jump Shot,2PT Field Goal,In The Paint (Non-RA),Left Side(L),8-16 ft.,8,-75,46,1,1,20240301,NOP,IND,22300863557,23280,0,202685|1627742|1630230|1630530|1630631,0,REG,2024,1630543,C,Mobile Big,1.2
Shot Chart Detail,22300890,36,202685,Jonas Valanciunas,1610612740,New Orleans Pelicans,1,8,21,Missed Shot,Hook Shot,2PT Field Goal,In The Paint (Non-RA),Center(C),Less Than 8 ft.,4,-10,48,1,0,20240305,TOR,NOP,2230089036,2190,0,202685|203468|1627742|1629627|1630529,0,REG,2024,1629018|1630534,,,
Shot Chart Detail,22300890,39,202685,Jonas Valanciunas,1610612740,New Orleans Pelicans,1,8,16,Missed Shot,Putback Layup Shot,2PT Field Goal,Restricted Area,Center(C),Less Than 8 ft.,2,-4,27,1,0,20240305,TOR,NOP,2230089039,2240,0,202685|203468|1627742|1629627|1630529,0,REG,2024,203482|1630534,,,
Shot Chart Detail,22300890,83,202685,Jonas Valanciunas,1610612740,New Orleans Pelicans,1,10,26,Missed Shot,Layup Shot,2PT Field Goal,Restricted Area,Center(C),Less Than 8 ft.,2,22,19,1,0,20240305,TOR,NOP,2230089083,940,0,202685|203468|1627742|1629627|1630529,0,REG,2024,1629628,SG,Chaser,-1.07
Shot Chart Detail,22300890,186,202685,Jonas Valanciunas,1610612740,New Orleans Pelicans,2,9,1,Made Shot,Running Layup Shot,2PT Field Goal,Restricted Area,Center(C),Less Than 8 ft.,1,-1,13,1,1,20240305,TOR,NOP,22300890186,8990,0,202685|1629627|1630230|1630530|1630631,1,REG,2024,1630193,PG,Low Activity,-1.48
Shot Chart Detail,22300890,440,202685,Jonas Valanciunas,1610612740,New Orleans Pelicans,3,3,36,Made Shot,Jump Shot,3PT Field Goal,Above the Break 3,Center(C),24+ ft.,25,26,253,1,1,20240305,TOR,NOP,22300890440,19440,0,202685|1627742|1630230|1630530|1630631,1,REG,2024,1641711,SG,Low Activity,-1.91
Shot Chart Detail,22300890,467,202685,Jonas Valanciunas,1610612740,New Orleans Pelicans,3,1,4,Made Shot,Jump Shot,3PT Field Goal,Right Corner 3,Right Side(R),24+ ft.,23,230,5,1,1,20240305,TOR,NOP,22300890467,20960,0,202685|1629627|1630230|1630530|1630631,1,REG,2024,1629007,PF,Anchor Big,-0.36
Shot Chart Detail,22300909,9,202685,Jonas Valanciunas,1610612740,New Orleans Pelicans,1,11,33,Missed Shot,Jump Shot,3PT Field Goal,Above the Break 3,Center(C),24+ ft.,28,53,285,1,0,20240308,PHI,NOP,223009099,270,0,202685|203468|1627742|1629627|1630529,0,REG,2024,1627741,SG,Chaser,-1.39
Shot Chart Detail,22300909,28,202685,Jonas Valanciunas,1610612740,New Orleans Pelicans,1,9,51,Made Shot,Turnaround Hook Shot,2PT Field Goal,Restricted Area,Center(C),Less Than 8 ft.,3,17,27,1,1,20240308,PHI,NOP,2230090928,1290,0,202685|203468|1627742|1629627|1630529,1,REG,2024,1628964,C,Anchor Big,1.84
Shot Chart Detail,22300909,195,202685,Jonas Valanciunas,1610612740,New Orleans Pelicans,2,9,41,Missed Shot,Turnaround Jump Shot,2PT Field Goal,Mid-Range,Right Side(R),16-24 ft.,18,186,5,1,0,20240308,PHI,NOP,22300909195,8590,0,202685|1629627|1630230|1630530|1630631,0,REG,2024,200768|1628964,,,
Shot Chart Detail,22300909,280,202685,Jonas Valanciunas,1610612740,New Orleans Pelicans,2,4,9,Missed Shot,Jump Shot,2PT Field Goal,In The Paint (Non-RA),Center(C),Less Than 8 ft.,7,-9,75,1,0,20240308,PHI,NOP,22300909280,11910,0,202685|203468|1627742|1630529|1630530,0,REG,2024,1630194,PF,Mobile Big,0.05
Shot Chart Detail,22300909,346,202685,Jonas Valanciunas,1610612740,New Orleans Pelicans,3,10,41,Missed Shot,Jump Shot,3PT Field Goal,Above the Break 3,Center(C),24+ ft.,27,-39,273,1,0,20240308,PHI,NOP,22300909346,15190,0,202685|203468|1627742|1629627|1630529,0,REG,2024,1628964,C,Anchor Big,1.84
Shot Chart Detail,22300909,366,202685,Jonas Valanciunas,1610612740,New Orleans Pelicans,3,9,25,Missed Shot,Jump Shot,3PT Field Goal,Above the Break 3,Center(C),24+ ft.,26,-67,253,1,0,20240308,PHI,NOP,22300909366,15950,0,202685|203468|1627742|1629627|1630529,0,REG,2024,,,,
Shot Chart Detail,22300909,547,202685,Jonas Valanciunas,1610612740,New Orleans Pelicans,4,9,6,Made Shot,Driving Hook Shot,2PT Field Goal,Restricted Area,Center(C),Less Than 8 ft.,2,2,28,1,1,20240308,PHI,NOP,22300909547,23340,0,202685|1627742|1630230|1630530|1630631,1,REG,2024,1630194,PF,Mobile Big,0.05
Shot Chart Detail,22300925,23,202685,Jonas Valanciunas,1610612740,New Orleans Pelicans,1,9,52,Made Shot,Layup Shot,2PT Field Goal,Restricted Area,Center(C),Less Than 8 ft.,3,11,29,1,1,20240310,ATL,NOP,2230092523,1280,0,202685|203468|1627742|1629627|1630529,1,REG,2024,1627749,PG,Point of Attack,-0.96
Shot Chart Detail,22300925,51,202685,Jonas Valanciunas,1610612740,New Orleans Pelicans,1,7,26,Missed Shot,Turnaround Jump Shot,2PT Field Goal,In The Paint (Non-RA),Center(C),Less Than 8 ft.,7,-42,64,1,0,20240310,ATL,NOP,2230092551,2740,0,202685|203468|1627742|1629627|1630529,0,REG,2024,203991,C,Helper,-0.12
Shot Chart Detail,22300951,14,202685,Jonas Valanciunas,1610612740,New Orleans Pelicans,1,11,19,Made Shot,Jump Shot,3PT Field Goal,Above the Break 3,Center(C),24+ ft.,25,48,247,1,1,20240313,NOP,CLE,2230095114,410,0,202685|203468|1627742|1629627|1630529,1,REG,2024,1628386,C,Anchor Big,0.01
Shot Chart Detail,22300951,40,202685,Jonas Valanciunas,1610612740,New Orleans Pelicans,1,8,56,Missed Shot,Jump Shot,3PT Field Goal,Above the Break 3,Center(C),24+ ft.,26,-61,258,1,0,20240313,NOP,CLE,2230095140,1840,0,202685|203468|1627742|1629627|1630529,0,REG,2024,1628386,C,Anchor Big,0.01
Shot Chart Detail,22300951,56,202685,Jonas Valanciunas,1610612740,New Orleans Pelicans,1,8,11,Missed Shot,Tip Layup Shot,2PT Field Goal,Restricted Area,Center(C),Less Than 8 ft.,0,0,0,1,0,20240313,NOP,CLE,2230095156,2290,0,202685|203468|1627742|1629627|1630529,0,REG,2024,1628378,SG,Chaser,0.39
Shot Chart Detail,22300951,238,202685,Jonas Valanciunas,1610612740,New Orleans Pelicans,2,7,3,Made Shot,Cutting Layup Shot,2PT Field Goal,Restricted Area,Center(C),Less Than 8 ft.,2,-11,20,1,1,20240313,NOP,CLE,22300951238,10170,0,202685|203468|1627742|1630230|1630529,1,REG,2024,1627777,PF,Helper,-0.63
Shot Chart Detail,22300951,252,202685,Jonas Valanciunas,1610612740,New Orleans Pelicans,2,5,38,Missed Shot,Hook Shot,2PT Field Goal,In The Paint (Non-RA),Center(C),Less Than 8 ft.,6,-60,34,1,0,20240313,NOP,CLE,22300951252,11020,0,202685|203468|1627742|1630529|1630530,0,REG,2024,1627745,C,Helper,-0.86
Shot Chart Detail,22300951,260,202685,Jonas Valanciunas,1610612740,New Orleans Pelicans,2,4,54,Missed Shot,Jump Shot,2PT Field Goal,In The Paint (Non-RA),Center(C),8-16 ft.,10,-37,96,1,0,20240313,NOP,CLE,22300951260,11460,0,202685|203468|1627742|1630529|1630530,0,REG,2024,1627745|1630171,,,
Shot Chart Detail,22300951,288,202685,Jonas Valanciunas,1610612740,New Orleans Pelicans,2,8,34,Missed Shot,Tip Layup Shot,2PT Field Goal,In The Paint (Non-RA),Center(C),Less Than 8 ft.,4,6,41,1,0,20240313,NOP,CLE,22300951288,9260,0,202685|203468|1627742|1629627|1630230,0,REG,2024,1628386,C,Anchor Big,0.01
Shot Chart Detail,22300964,11,202685,Jonas Valanciunas,1610612740,New Orleans Pelicans,1,11,6,Missed Shot,Jump Shot,3PT Field Goal,Above the Break 3,Left Side Center(LC),24+ ft.,25,-164,194,1,0,20240315,NOP,LAC,2230096411,540,0,202685|203468|1627742|1629627|1630529,0,REG,2024,,,,
Shot Chart Detail,22300964,60,202685,Jonas Valanciunas,1610612740,New Orleans Pelicans,1,5,57,Missed Shot,Driving Hook Shot,2PT Field Goal,In The Paint (Non-RA),Center(C),Less Than 8 ft.,5,13,58,1,0,20240315,NOP,LAC,2230096460,3630,0,202685|203468|1627742|1629627|1630529,0,REG,2024,1627826,C,Anchor Big,0.44
Shot Chart Detail,22300964,208,202685,Jonas Valanciunas,1610612740,New Orleans Pelicans,2,7,20,Missed Shot,Jump Shot,2PT Field Goal,Mid-Range,Left Side Center(LC),16-24 ft.,19,-88,171,1,0,20240315,NOP,LAC,22300964208,10000,0,202685|1627742|1630230|1630530|1630631,0,REG,2024,1627826,C,Anchor Big,0.44
Shot Chart Detail,22300964,221,202685,Jonas Valanciunas,1610612740,New Orleans Pelicans,2,6,41,Missed Shot,Layup Shot,2PT Field Goal,Restricted Area,Center(C),Less Than 8 ft.,2,-28,6,1,0,20240315,NOP,LAC,22300964221,10390,0,202685|203468|1627742|1630529|1630530,0,REG,2024,1627826|202331,,,
Shot Chart Detail,22300964,254,202685,Jonas Valanciunas,1610612740,New Orleans Pelicans,2,4,5,Missed Shot,Putback Layup Shot,2PT Field Goal,Restricted Area,Center(C),Less Than 8 ft.,0,0,0,1,0,20240315,NOP,LAC,22300964254,11950,0,202685|203468|1627742|1629627|1630529,0,REG,2024,1627826,C,Anchor Big,0.44
Shot Chart Detail,22300964,256,202685,Jonas Valanciunas,1610612740,New Orleans Pelicans,2,4,4,Made Shot,Tip Layup Shot,2PT Field Goal,Restricted Area,Center(C),Less Than 8 ft.,0,0,0,1,1,20240315,NOP,LAC,22300964256,11960,0,202685|203468|1627742|1629627|1630529,0,REG,2024,1629599|202695,,,
Shot Chart Detail,22300970,21,202685,Jonas Valanciunas,1610612740,New Orleans Pelicans,1,9,54,Missed Shot,Jump Shot,3PT Field Goal,Above the Break 3,Center(C),24+ ft.,28,0,288,1,0,20240316,NOP,POR,2230097021,1260,0,202685|203468|1627742|1629627|1630530,0,REG,2024,1629028,C,Anchor Big,0.2
Shot Chart Detail,22300970,88,202685,Jonas Valanciunas,1610612740,New Orleans Pelicans,1,4,14,Made Shot,Driving Hook Shot,2PT Field Goal,In The Paint (Non-RA),Center(C),Less Than 8 ft.,5,-29,49,1,1,20240316,NOP,POR,2230097088,4660,0,202685|203468|1627742|1630230|1630530,1,REG,2024,1629028,C,Anchor Big,0.2
Shot Chart Detail,22300970,247,202685,Jonas Valanciunas,1610612740,New Orleans Pelicans,2,5,22,Made Shot,Jump Shot,2PT Field Goal,In The Paint (Non-RA),Center(C),8-16 ft.,14,-26,138,1,1,20240316,NOP,POR,22300970247,11180,0,202685|203468|1627742|1630530|1630631,1,REG,2024,1629028|1631200,,,
Shot Chart Detail,22300993,13,202685,Jonas Valanciunas,1610612740,New Orleans Pelicans,1,11,3,Made Shot,Cutting Dunk Shot,2PT Field Goal,Restricted Area,Center(C),Less Than 8 ft.,1,-4,16,1,1,20240319,BKN,NOP,2230099313,570,0,202685|203468|1627742|1629627|1630529,1,REG,2024,203471|1629651,,,
Shot Chart Detail,22300993,55,202685,Jonas Valanciunas,1610612740,New Orleans Pelicans,1,6,44,Missed Shot,Turnaround Jump Shot,2PT Field Goal,In The Paint (Non-RA),Left Side(L),8-16 ft.,9,-64,73,1,0,20240319,BKN,NOP,2230099355,3160,0,202685|203468|1627742|1630529|1630530,0,REG,2024,1629651,C,Helper,-0.21
Shot Chart Detail,22300993,59,202685,Jonas Valanciunas,1610612740,New Orleans Pelicans,1,6,18,Missed Shot,Jump Shot,3PT Field Goal,Above the Break 3,Left Side Center(LC),24+ ft.,25,-93,242,1,0,20240319,BKN,NOP,2230099359,3420,0,202685|203468|1627742|1630529|1630530,0,REG,2024,1629651,C,Helper,-0.21
Shot Chart Detail,22300993,247,202685,Jonas Valanciunas,1610612740,New Orleans Pelicans,2,5,10,Made Shot,Driving Bank Hook Shot,2PT Field Goal,Restricted Area,Center(C),Less Than 8 ft.,3,29,20,1,1,20240319,BKN,NOP,22300993247,11300,0,202685|1627742|1629627|1630529|1630530,1,REG,2024,1630549,PF,Mobile Big,-0.5
Shot Chart Detail,22300993,413,202685,Jonas Valanciunas,1610612740,New Orleans Pelicans,3,5,4,Made Shot,Jump Shot,2PT Field Goal,In The Paint (Non-RA),Center(C),8-16 ft.,8,-32,75,1,1,20240319,BKN,NOP,22300993413,18560,0,202685|203468|1627742|1630529|1630530,1,REG,2024,1630549,PF,Mobile Big,-0.5
Shot Chart Detail,22300993,431,202685,Jonas Valanciunas,1610612740,New Orleans Pelicans,3,3,34,Missed Shot,Hook Shot,2PT Field Goal,In The Paint (Non-RA),Center(C),Less Than 8 ft.,4,7,40,1,0,20240319,BKN,NOP,22300993431,19460,0,202685|1627742|1630529|1630530|1630631,0,REG,2024,203471|1630592,,,
Shot Chart Detail,22300993,464,202685,Jonas Valanciunas,1610612740,New Orleans Pelicans,3,1,25,Made Shot,Putback Dunk Shot,2PT Field Goal,Restricted Area,Center(C),Less Than 8 ft.,0,0,0,1,1,20240319,BKN,NOP,22300993464,20750,0,202685|1629627|1630230|1630530|1630631,0,REG,2024,1630549|1627827,,,
Shot Chart Detail,22301004,89,202685,Jonas Valanciunas,1610612740,New Orleans Pelicans,1,4,39,Made Shot,Hook Shot,2PT Field Goal,Mid-Range,Left Side Center(LC),16-24 ft.,16,-83,138,1,1,20240321,ORL,NOP,2230100489,4410,0,202685|203468|1627742|1630529|1630530,1,REG,2024,1628976,C,Mobile Big,2.06
Shot Chart Detail,22301004,222,202685,Jonas Valanciunas,1610612740,New Orleans Pelicans,2,6,40,Made Shot,Hook Shot,2PT Field Goal,Restricted Area,Center(C),Less Than 8 ft.,2,-22,13,1,1,20240321,ORL,NOP,22301004222,10400,0,202685|203468|1627742|1630529|1630530,1,REG,2024,1628976,C,Mobile Big,2.06
Shot Chart Detail,22301004,347,202685,Jonas Valanciunas,1610612740,New Orleans Pelicans,3,9,58,Missed Shot,Jump Shot,3PT Field Goal,Left Corner 3,Left Side(L),24+ ft.,23,-232,41,1,0,20240321,ORL,NOP,22301004347,15620,0,202685|203468|1627742|1629627|1630529,0,REG,2024,1628976,C,Mobile Big,2.06
Shot Chart Detail,22301004,361,202685,Jonas Valanciunas,1610612740,New Orleans Pelicans,3,9,3,Made Shot,Turnaround Fadeaway shot,2PT Field Goal,In The Paint (Non-RA),Center(C),Less Than 8 ft.,5,9,53,1,1,20240321,ORL,NOP,22301004361,16170,0,202685|203468|1629627|1630529|1630530,1,REG,2024,1628976,C,Mobile Big,2.06
Shot Chart Detail,22301013,137,202685,Jonas Valanciunas,1610612740,New Orleans Pelicans,2,11,21,Made Shot,Driving Hook Shot,2PT Field Goal,In The Paint (Non-RA),Center(C),Less Than 8 ft.,7,7,77,1,1,20240322,MIA,NOP,22301013137,7590,0,202685|203468|1630230|1630529|1630631,1,REG,2024,1629312,SF,Chaser,-0.67
Shot Chart Detail,22301013,141,202685,Jonas Valanciunas,1610612740,New Orleans Pelicans,2,10,45,Made Shot,Jump Shot,2PT Field Goal,Mid-Range,Left Side(L),8-16 ft.,14,-120,89,1,1,20240322,MIA,NOP,22301013141,7950,0,202685|203468|1630230|1630529|1630631,1,REG,2024,1628997,SF,Chaser,0.31
Shot Chart Detail,22301013,414,202685,Jonas Valanciunas,1610612740,New Orleans Pelicans,4,11,26,Made Shot,Turnaround Jump Shot,2PT Field Goal,Mid-Range,Right Side Center(RC),16-24 ft.,16,126,106,1,1,20240322,MIA,NOP,22301013414,21940,0,202685|203468|1630230|1630529|1630631,1,REG,2024,1628418,C,Anchor Big,0.02
Shot Chart Detail,22301013,454,202685,Jonas Valanciunas,1610612740,New Orleans Pelicans,4,7,35,Made Shot,Layup Shot,2PT Field Goal,In The Paint (Non-RA),Center(C),Less Than 8 ft.,4,-31,34,1,1,20240322,MIA,NOP,22301013454,24250,0,202685|203468|1630230|1630529|1630631,1,REG,2024,1629312,SF,Chaser,-0.67
Shot Chart Detail,22301027,20,202685,Jonas Valanciunas,1610612740,New Orleans Pelicans,1,10,31,Made Shot,Turnaround Fadeaway shot,2PT Field Goal,Restricted Area,Center(C),Less Than 8 ft.,3,-37,6,1,1,20240324,DET,NOP,2230102720,890,0,202685|203468|1629627|1630529|1630530,1,REG,2024,1630164,C,Anchor Big,0.03
Shot Chart Detail,22301027,33,202685,Jonas Valanciunas,1610612740,New Orleans Pelicans,1,8,42,Missed Shot,Jump Shot,2PT Field Goal,Mid-Range,Center(C),16-24 ft.,16,-7,162,1,0,20240324,DET,NOP,2230102733,1980,0,202685|203468|1629627|1630529|1630530,0,REG,2024,1630164,C,Anchor Big,0.03
Shot Chart Detail,22301027,44,202685,Jonas Valanciunas,1610612740,New Orleans Pelicans,1,7,30,Missed Shot,Jump Shot,3PT Field Goal,Above the Break 3,Left Side Center(LC),24+ ft.,27,-109,253,1,0,20240324,DET,NOP,2230102744,2700,0,202685|203468|1629627|1630529|1630530,0,REG,2024,1630164,C,Anchor Big,0.03
Shot Chart Detail,22301027,48,202685,Jonas Valanciunas,1610612740,New Orleans Pelicans,1,6,56,Made Shot,Hook Shot,2PT Field Goal,In The Paint (Non-RA),Center(C),Less Than 8 ft.,4,-1,44,1,1,20240324,DET,NOP,2230102748,3040,0,202685|203468|1629627|1630529|1630530,1,REG,2024,1628972,SF,Chaser,-0.41
Shot Chart Detail,22301027,163,202685,Jonas Valanciunas,1610612740,New Orleans Pelicans,2,11,39,Missed Shot,Hook Shot,2PT Field Goal,In The Paint (Non-RA),Center(C),Less Than 8 ft.,5,22,50,1,0,20240324,DET,NOP,22301027163,7410,0,202685|203468|1630230|1630529|1630631,0,REG,2024,1630164,C,Anchor Big,0.03
Shot Chart Detail,22301027,170,202685,Jonas Valanciunas,1610612740,New Orleans Pelicans,2,10,40,Made Shot,Hook Shot,2PT Field Goal,In The Paint (Non-RA),Center(C),Less Than 8 ft.,5,15,50,1,1,20240324,DET,NOP,22301027170,8000,0,202685|203468|1630230|1630529|1630631,1,REG,2024,1629002|1630164,,,
Shot Chart Detail,22301027,212,202685,Jonas Valanciunas,1610612740,New Orleans Pelicans,2,8,34,Made Shot,Putback Layup Shot,2PT Field Goal,Restricted Area,Center(C),Less Than 8 ft.,3,31,4,1,1,20240324,DET,NOP,22301027212,9260,0,202685|203468|1630230|1630529|1641722,0,REG,2024,1631205,SF,Chaser,-0.28
Shot Chart Detail,22301027,219,202685,Jonas Valanciunas,1610612740,New Orleans Pelicans,2,8,9,Missed Shot,Hook Bank Shot,2PT Field Goal,In The Paint (Non-RA),Center(C),Less Than 8 ft.,5,53,-1,1,0,20240324,DET,NOP,22301027219,9510,0,202685|203468|1630230|1630529|1641722,0,REG,2024,1630164,C,Anchor Big,0.03
Shot Chart Detail,22301027,528,202685,Jonas Valanciunas,1610612740,New Orleans Pelicans,4,11,25,Made Shot,Turnaround Hook Shot,2PT Field Goal,Restricted Area,Center(C),Less Than 8 ft.,3,0,35,1,1,20240324,DET,NOP,22301027528,21950,0,202685|203468|1630230|1630529|1630631,0,REG,2024,1630164,C,Anchor Big,0.03
Shot Chart Detail,22301027,543,202685,Jonas Valanciunas,1610612740,New Orleans Pelicans,4,9,52,Made Shot,Driving Hook Shot,2PT Field Goal,In The Paint (Non-RA),Center(C),Less Than 8 ft.,4,27,35,1,1,20240324,DET,NOP,22301027543,22880,0,202685|203468|1630230|1630529|1630631,1,REG,2024,1630164,C,Anchor Big,0.03
Shot Chart Detail,22301046,24,202685,Jonas Valanciunas,1610612740,New Orleans Pelicans,1,10,5,Made Shot,Hook Shot,2PT Field Goal,In The Paint (Non-RA),Center(C),Less Than 8 ft.,4,45,7,1,1,20240326,NOP,OKC,2230104624,1150,0,202685|203468|1629627|1630529|1630530,0,REG,2024,1631096,C,Anchor Big,2.06
Shot Chart Detail,22301046,182,202685,Jonas Valanciunas,1610612740,New Orleans Pelicans,2,10,39,Missed Shot,Turnaround Jump Shot,2PT Field Goal,In The Paint (Non-RA),Center(C),Less Than 8 ft.,7,-72,13,1,0,20240326,NOP,OKC,22301046182,8010,0,202685|203468|1630230|1630529|1630631,0,REG,2024,1631096,C,Anchor Big,2.06
Shot Chart Detail,22301046,185,202685,Jonas Valanciunas,1610612740,New Orleans Pelicans,2,10,9,Made Shot,Layup Shot,2PT Field Goal,Restricted Area,Center(C),Less Than 8 ft.,3,-36,10,1,1,20240326,NOP,OKC,22301046185,8310,0,202685|203468|1630230|1630529|1630631,1,REG,2024,1631096|1629026,,,
Shot Chart Detail,22301046,217,202685,Jonas Valanciunas,1610612740,New Orleans Pelicans,2,7,30,Missed Shot,Jump Shot,3PT Field Goal,Above the Break 3,Right Side Center(RC),24+ ft.,25,109,236,1,0,20240326,NOP,OKC,22301046217,9900,0,202685|203468|1630529|1630530|1630631,0,REG,2024,1631096,C,Anchor Big,2.06
Shot Chart Detail,22301061,32,202685,Jonas Valanciunas,1610612740,New Orleans Pelicans,1,9,13,Made Shot,Driving Layup Shot,2PT Field Goal,Restricted Area,Center(C),Less Than 8 ft.,2,-18,23,1,1,20240328,NOP,MIL,2230106132,1670,0,202685|203468|1629627|1630529|1630530,0,REG,2024,201572|203507,,,
Shot Chart Detail,22301061,41,202685,Jonas Valanciunas,1610612740,New Orleans Pelicans,1,8,18,Missed Shot,Jump Shot,3PT Field Goal,Left Corner 3,Left Side(L),24+ ft.,22,-228,17,1,0,20240328,NOP,MIL,2230106141,2220,0,202685|203468|1629627|1630529|1630530,0,REG,2024,203507,SF,Low Activity,-0.39
Shot Chart Detail,22301061,180,202685,Jonas Valanciunas,1610612740,New Orleans Pelicans,2,10,55,Made Shot,Jump Shot,2PT Field Goal,In The Paint (Non-RA),Center(C),8-16 ft.,13,-17,130,1,1,20240328,NOP,MIL,22301061180,7850,0,202685|203468|1630230|1630529|1641722,1,REG,2024,203507,SF,Low Activity,-0.39
Shot Chart Detail,22301061,208,202685,Jonas Valanciunas,1610612740,New Orleans Pelicans,2,8,21,Made Shot,Cutting Finger Roll Layup Shot,2PT Field Goal,Restricted Area,Center(C),Less Than 8 ft.,1,13,10,1,1,20240328,NOP,MIL,22301061208,9390,0,202685|203468|1630230|1630529|1641722,1,REG,2024,203109,SF,,0.05
Shot Chart Detail,22301061,217,202685,Jonas Valanciunas,1610612740,New Orleans Pelicans,2,7,46,Made Shot,Jump Shot,2PT Field Goal,Mid-Range,Left Side(L),8-16 ft.,14,-120,76,1,1,20240328,NOP,MIL,22301061217,9740,0,202685|203468|1630230|1630529|1641722,1,REG,2024,1626171,PF,Helper,-0.62
Shot Chart Detail,22301061,236,202685,Jonas Valanciunas,1610612740,New Orleans Pelicans,2,6,52,Missed Shot,Jump Shot,3PT Field Goal,Above the Break 3,Right Side Center(RC),24+ ft.,25,180,174,1,0,20240328,NOP,MIL,22301061236,10280,0,202685|203468|1629627|1630529|1630530,0,REG,2024,,,,
Shot Chart Detail,22301061,270,202685,Jonas Valanciunas,1610612740,New Orleans Pelicans,2,4,35,Missed Shot,Turnaround Fadeaway shot,2PT Field Goal,In The Paint (Non-RA),Center(C),Less Than 8 ft.,7,-74,11,1,0,20240328,NOP,MIL,22301061270,11650,0,202685|1629627|1630230|1630529|1630530,0,REG,2024,201572,C,,-0.27
Shot Chart Detail,22301061,274,202685,Jonas Valanciunas,1610612740,New Orleans Pelicans,2,4,6,Made Shot,Jump Shot,3PT Field Goal,Above the Break 3,Center(C),24+ ft.,24,71,238,1,1,20240328,NOP,MIL,22301061274,11940,0,202685|1629627|1630230|1630529|1630530,1,REG,2024,201572,C,,-0.27
Shot Chart Detail,22301061,345,202685,Jonas Valanciunas,1610612740,New Orleans Pelicans,3,11,19,Missed Shot,Jump Shot,2PT Field Goal,Mid-Range,Left Side(L),8-16 ft.,9,-92,1,1,0,20240328,NOP,MIL,22301061345,14810,0,202685|203468|1629627|1630529|1630530,0,REG,2024,201572,C,,-0.27
Shot Chart Detail,22301061,353,202685,Jonas Valanciunas,1610612740,New Orleans Pelicans,3,10,54,Missed Shot,Driving Layup Shot,2PT Field Goal,Restricted Area,Center(C),Less Than 8 ft.,3,18,25,1,0,20240328,NOP,MIL,22301061353,15060,0,202685|203468|1629627|1630529|1630530,0,REG,2024,201572,C,,-0.27
Shot Chart Detail,22301061,516,202685,Jonas Valanciunas,1610612740,New Orleans Pelicans,4,10,57,Made Shot,Turnaround Jump Shot,2PT Field Goal,In The Paint (Non-RA),Center(C),Less Than 8 ft.,6,-66,9,1,1,20240328,NOP,MIL,22301061516,22230,0,202685|203468|1630230|1630346|1630529,0,REG,2024,1626171,PF,Helper,-0.62
Shot Chart Detail,22301061,543,202685,Jonas Valanciunas,1610612740,New Orleans Pelicans,4,8,47,Missed Shot,Driving Hook Shot,2PT Field Goal,In The Paint (Non-RA),Center(C),8-16 ft.,8,5,84,1,0,20240328,NOP,MIL,22301061543,23530,0,202685|203468|1630230|1630346|1630529,0,REG,2024,201572,C,,-0.27
Shot Chart Detail,22301061,565,202685,Jonas Valanciunas,1610612740,New Orleans Pelicans,4,7,19,Made Shot,Tip Layup Shot,2PT Field Goal,Restricted Area,Center(C),Less Than 8 ft.,0,0,0,1,1,20240328,NOP,MIL,22301061565,24410,0,202685|203468|1629627|1630230|1630530,0,REG,2024,1626192,SG,Low Activity,-0.55
Shot Chart Detail,22301074,12,202685,Jonas Valanciunas,1610612740,New Orleans Pelicans,1,11,7,Missed Shot,Turnaround Hook Shot,2PT Field Goal,Restricted Area,Center(C),Less Than 8 ft.,3,9,29,1,0,20240330,NOP,BOS,2230107412,530,0,202685|203468|1629627|1630529|1630530,0,REG,2024,204001,PF,Helper,1.12
Shot Chart Detail,22301074,29,202685,Jonas Valanciunas,1610612740,New Orleans Pelicans,1,9,30,Made Shot,Hook Shot,2PT Field Goal,In The Paint (Non-RA),Center(C),Less Than 8 ft.,4,-17,37,1,1,20240330,NOP,BOS,2230107429,1500,0,202685|203468|1629627|1630529|1630530,1,REG,2024,201950|204001,,,
Shot Chart Detail,22301074,55,202685,Jonas Valanciunas,1610612740,New Orleans Pelicans,1,7,8,Missed Shot,Jump Shot,3PT Field Goal,Above the Break 3,Left Side Center(LC),24+ ft.,24,-131,210,1,0,20240330,NOP,BOS,2230107455,2920,0,202685|203468|1629627|1630529|1630530,0,REG,2024,204001,PF,Helper,1.12
Shot Chart Detail,22301074,180,202685,Jonas Valanciunas,1610612740,New Orleans Pelicans,2,9,18,Missed Shot,Turnaround Bank Hook Shot,2PT Field Goal,In The Paint (Non-RA),Center(C),8-16 ft.,8,27,85,1,0,20240330,NOP,BOS,22301074180,8820,0,202685|203468|1630230|1630700|1641722,0,REG,2024,201143,C,,1.56
Shot Chart Detail,22301074,436,202685,Jonas Valanciunas,1610612740,New Orleans Pelicans,3,2,28,Missed Shot,Turnaround Fadeaway shot,2PT Field Goal,In The Paint (Non-RA),Center(C),Less Than 8 ft.,6,-59,30,1,0,20240330,NOP,BOS,22301074436,20120,0,202685|203468|1630230|1630530|1630700,0,REG,2024,1630214,PF,Mobile Big,1.38
Shot Chart Detail,22301092,7,202685,Jonas Valanciunas,1610612740,New Orleans Pelicans,1,11,41,Made Shot,Jump Shot,2PT Field Goal,Mid-Range,Right Side(R),8-16 ft.,11,114,8,1,1,20240401,NOP,PHX,223010927,190,0,202685|203468|1629627|1630529|1630530,1,REG,2024,203994,C,Helper,1.74
Shot Chart Detail,22301092,14,202685,Jonas Valanciunas,1610612740,New Orleans Pelicans,1,11,2,Missed Shot,Turnaround Jump Shot,2PT Field Goal,Mid-Range,Left Side(L),8-16 ft.,9,-94,7,1,0,20240401,NOP,PHX,2230109214,580,0,202685|203468|1629627|1630529|1630530,0,REG,2024,203994,C,Helper,1.74
Shot Chart Detail,22301092,27,202685,Jonas Valanciunas,1610612740,New Orleans Pelicans,1,9,37,Missed Shot,Jump Shot,3PT Field Goal,Left Corner 3,Left Side(L),24+ ft.,23,-234,7,1,0,20240401,NOP,PHX,2230109227,1430,0,202685|203468|1629627|1630529|1630530,0,REG,2024,1628960,SG,Low Activity,-2.1
Shot Chart Detail,22301092,54,202685,Jonas Valanciunas,1610612740,New Orleans Pelicans,1,6,57,Made Shot,Floating Jump shot,2PT Field Goal,In The Paint (Non-RA),Center(C),Less Than 8 ft.,7,42,65,1,1,20240401,NOP,PHX,2230109254,3030,0,202685|203468|1629627|1630529|1630530,1,REG,2024,203994,C,Helper,1.74
Shot Chart Detail,22301092,61,202685,Jonas Valanciunas,1610612740,New Orleans Pelicans,1,6,23,Missed Shot,Jump Shot,2PT Field Goal,Mid-Range,Right Side(R),8-16 ft.,13,131,6,1,0,20240401,NOP,PHX,2230109261,3370,0,202685|203468|1629627|1630529|1630530,0,REG,2024,203994,C,Helper,1.74
Shot Chart Detail,22301092,192,202685,Jonas Valanciunas,1610612740,New Orleans Pelicans,2,7,59,Missed Shot,Driving Hook Shot,2PT Field Goal,Restricted Area,Center(C),Less Than 8 ft.,3,17,26,1,0,20240401,NOP,PHX,22301092192,9610,0,202685|203468|1630230|1630700|1641722,0,REG,2024,203994,C,Helper,1.74
Shot Chart Detail,22301092,198,202685,Jonas Valanciunas,1610612740,New Orleans Pelicans,2,7,29,Made Shot,Jump Shot,2PT Field Goal,In The Paint (Non-RA),Center(C),8-16 ft.,13,-29,127,1,1,20240401,NOP,PHX,22301092198,9910,0,202685|203468|1630230|1630700|1641722,1,REG,2024,201569|203994,,,
Shot Chart Detail,22301092,308,202685,Jonas Valanciunas,1610612740,New Orleans Pelicans,2,0,37,Made Shot,Putback Layup Shot,2PT Field Goal,Restricted Area,Center(C),Less Than 8 ft.,0,0,0,1,1,20240401,NOP,PHX,22301092308,14030,0,202685|203468|1629627|1630529|1630530,0,REG,2024,203078|1626164,,,
Shot Chart Detail,22301092,554,202685,Jonas Valanciunas,1610612740,New Orleans Pelicans,4,6,53,Made Shot,Driving Hook Shot,2PT Field Goal,In The Paint (Non-RA),Center(C),Less Than 8 ft.,4,17,37,1,1,20240401,NOP,PHX,22301092554,24670,0,202685|203468|1629627|1630529|1630700,1,REG,2024,203994,C,Helper,1.74
Shot Chart Detail,22301092,562,202685,Jonas Valanciunas,1610612740,New Orleans Pelicans,4,6,15,Missed Shot,Jump Shot,3PT Field Goal,Right Corner 3,Right Side(R),24+ ft.,22,229,13,1,0,20240401,NOP,PHX,22301092562,25050,0,202685|203468|1629627|1630529|1630700,0,REG,2024,203994,C,Helper,1.74
Shot Chart Detail,22301109,13,202685,Jonas Valanciunas,1610612740,New Orleans Pelicans,1,11,19,Made Shot,Layup Shot,2PT Field Goal,Restricted Area,Center(C),Less Than 8 ft.,0,7,-4,1,1,20240403,NOP,ORL,2230110913,410,0,202685|203468|1629627|1630529|1630530,1,REG,2024,1628976,C,Mobile Big,2.06
Shot Chart Detail,22301109,21,202685,Jonas Valanciunas,1610612740,New Orleans Pelicans,1,10,23,Missed Shot,Jump Shot,2PT Field Goal,Mid-Range,Left Side(L),8-16 ft.,14,-129,67,1,0,20240403,NOP,ORL,2230110921,970,0,202685|203468|1629627|1630529|1630530,0,REG,2024,1630591,PG,Point of Attack,0.29
Shot Chart Detail,22301109,220,202685,Jonas Valanciunas,1610612740,New Orleans Pelicans,2,7,20,Made Shot,Turnaround Jump Shot,2PT Field Goal,Mid-Range,Left Side(L),8-16 ft.,11,-119,15,1,1,20240403,NOP,ORL,22301109220,10000,0,202685|203468|1629627|1630529|1630530,0,REG,2024,1629021,C,Helper,0.23
Shot Chart Detail,22301109,352,202685,Jonas Valanciunas,1610612740,New Orleans Pelicans,3,8,49,Made Shot,Putback Layup Shot,2PT Field Goal,Restricted Area,Center(C),Less Than 8 ft.,0,0,0,1,1,20240403,NOP,ORL,22301109352,16310,0,202685|203468|1629627|1630529|1630530,0,REG,2024,1630591|1631094,,,
Shot Chart Detail,22301109,374,202685,Jonas Valanciunas,1610612740,New Orleans Pelicans,3,6,49,Missed Shot,Jump Shot,2PT Field Goal,Mid-Range,Left Side(L),8-16 ft.,9,-94,-15,1,0,20240403,NOP,ORL,22301109374,17510,0,202685|203468|1630230|1630529|1630530,0,REG,2024,1628976,C,Mobile Big,2.06
Shot Chart Detail,22301109,382,202685,Jonas Valanciunas,1610612740,New Orleans Pelicans,3,6,21,Made Shot,Turnaround Hook Shot,2PT Field Goal,In The Paint (Non-RA),Center(C),Less Than 8 ft.,7,-1,72,1,1,20240403,NOP,ORL,22301109382,17790,0,202685|203468|1630230|1630529|1630530,1,REG,2024,1628976,C,Mobile Big,2.06
Shot Chart Detail,22301123,23,202685,Jonas Valanciunas,1610612740,New Orleans Pelicans,1,9,24,Missed Shot,Pullup Jump shot,3PT Field Goal,Above the Break 3,Right Side Center(RC),24+ ft.,26,151,213,1,0,20240405,NOP,SAS,2230112323,1560,0,202685|203468|1630529|1630530|1630700,0,REG,2024,1641705,C,Anchor Big,2.82
Shot Chart Detail,22301123,27,202685,Jonas Valanciunas,1610612740,New Orleans Pelicans,1,8,52,Missed Shot,Turnaround Hook Shot,2PT Field Goal,Mid-Range,Right Side(R),8-16 ft.,11,114,-2,1,0,20240405,NOP,SAS,2230112327,1880,0,202685|203468|1630529|1630530|1630700,0,REG,2024,1630572|1641705,,,
Shot Chart Detail,22301123,39,202685,Jonas Valanciunas,1610612740,New Orleans Pelicans,1,7,52,Made Shot,Driving Bank Hook Shot,2PT Field Goal,Restricted Area,Center(C),Less Than 8 ft.,3,26,15,1,1,20240405,NOP,SAS,2230112339,2480,0,202685|203468|1630529|1630530|1630700,0,REG,2024,1641705,C,Anchor Big,2.82
Shot Chart Detail,22301123,71,202685,Jonas Valanciunas,1610612740,New Orleans Pelicans,1,5,11,Made Shot,Driving Reverse Layup Shot,2PT Field Goal,Restricted Area,Center(C),Less Than 8 ft.,1,-5,16,1,1,20240405,NOP,SAS,2230112371,4090,0,202685|1630529|1630530|1630700|1641722,0,REG,2024,1628380,C,Helper,0.19
Shot Chart Detail,22301123,98,202685,Jonas Valanciunas,1610612740,New Orleans Pelicans,1,3,37,Made Shot,Hook Shot,2PT Field Goal,In The Paint (Non-RA),Center(C),Less Than 8 ft.,6,1,67,1,1,20240405,NOP,SAS,2230112398,5030,0,203468|1626204|1630230|1630346|1641722,1,REG,2024,1631321,SF,Helper,0.2
Shot Chart Detail,22301123,163,202685,Jonas Valanciunas,1610612740,New Orleans Pelicans,2,11,10,Made Shot,Jump Bank Shot,2PT Field Goal,In The Paint (Non-RA),Center(C),8-16 ft.,13,12,134,1,1,20240405,NOP,SAS,22301123163,7700,0,202685|203468|1630230|1630346|1630529,1,REG,2024,1641705,C,Anchor Big,2.82
Shot Chart Detail,22301123,253,202685,Jonas Valanciunas,1610612740,New Orleans Pelicans,2,3,51,Made Shot,Jump Shot,2PT Field Goal,Mid-Range,Right Side(R),16-24 ft.,19,157,110,1,1,20240405,NOP,SAS,22301123253,12090,0,202685|1630529|1630530|1630700|1641722,1,REG,2024,1628380,C,Helper,0.19
Shot Chart Detail,22301123,272,202685,Jonas Valanciunas,1610612740,New Orleans Pelicans,2,2,32,Made Shot,Driving Floating Jump Shot,2PT Field Goal,In The Paint (Non-RA),Right Side(R),8-16 ft.,9,53,73,1,1,20240405,NOP,SAS,22301123272,12880,0,202685|1630529|1630530|1630700|1641722,0,REG,2024,1628380,C,Helper,0.19
Shot Chart Detail,22301123,286,202685,Jonas Valanciunas,1610612740,New Orleans Pelicans,2,1,5,Made Shot,Turnaround Jump Shot,2PT Field Goal,In The Paint (Non-RA),Center(C),8-16 ft.,8,-21,82,1,1,20240405,NOP,SAS,22301123286,13750,0,202685|1630529|1630530|1630700|1641722,1,REG,2024,1641705|1628380,,,
Shot Chart Detail,22301123,355,202685,Jonas Valanciunas,1610612740,New Orleans Pelicans,3,9,19,Made Shot,Turnaround Hook Shot,2PT Field Goal,In The Paint (Non-RA),Center(C),Less Than 8 ft.,5,-1,53,1,1,20240405,NOP,SAS,22301123355,16010,0,202685|203468|1630529|1630530|1630700,1,REG,2024,1630577|1630572|1641705,,,
Shot Chart Detail,22301123,405,202685,Jonas Valanciunas,1610612740,New Orleans Pelicans,3,4,41,Made Shot,Layup Shot,2PT Field Goal,Restricted Area,Center(C),Less Than 8 ft.,2,-18,11,1,1,20240405,NOP,SAS,22301123405,18790,0,202685|1630230|1630530|1630700|1641722,1,REG,2024,1628380,C,Helper,0.19
Shot Chart Detail,22301123,579,202685,Jonas Valanciunas,1610612740,New Orleans Pelicans,4,4,35,Made Shot,Fadeaway Jump Shot,2PT Field Goal,Restricted Area,Center(C),Less Than 8 ft.,3,2,33,1,1,20240405,NOP,SAS,22301123579,26050,0,202685|203468|1630529|1630530|1630700,1,REG,2024,1641705|1628380,,,
Shot Chart Detail,22301138,11,202685,Jonas Valanciunas,1610612740,New Orleans Pelicans,1,11,36,Missed Shot,Jump Shot,3PT Field Goal,Above the Break 3,Left Side Center(LC),24+ ft.,25,-147,210,1,0,20240407,PHX,NOP,2230113811,240,0,202685|203468|1629627|1630529|1630530,0,REG,2024,203994,C,Helper,1.74
Shot Chart Detail,22301138,13,202685,Jonas Valanciunas,1610612740,New Orleans Pelicans,1,11,21,Made Shot,Fadeaway Jump Shot,2PT Field Goal,In The Paint (Non-RA),Right Side(R),8-16 ft.,8,70,43,1,1,20240407,PHX,NOP,2230113813,390,0,202685|203468|1629627|1630529|1630530,1,REG,2024,1628960|203994,,,
Shot Chart Detail,22301138,20,202685,Jonas Valanciunas,1610612740,New Orleans Pelicans,1,10,26,Missed Shot,Jump Shot,3PT Field Goal,Left Corner 3,Left Side(L),24+ ft.,24,-239,22,1,0,20240407,PHX,NOP,2230113820,940,0,202685|203468|1629627|1630529|1630530,0,REG,2024,,,,
Shot Chart Detail,22301157,8,202685,Jonas Valanciunas,1610612740,New Orleans Pelicans,1,11,24,Made Shot,Jump Bank Shot,2PT Field Goal,Mid-Range,Right Side(R),8-16 ft.,14,123,84,1,1,20240409,POR,NOP,223011578,360,0,202685|203468|1629627|1630529|1630530,1,REG,2024,1629028,C,Anchor Big,0.2
Shot Chart Detail,22301157,36,202685,Jonas Valanciunas,1610612740,New Orleans Pelicans,1,8,54,Missed Shot,Jump Shot,3PT Field Goal,Above the Break 3,Center(C),24+ ft.,26,-55,256,1,0,20240409,POR,NOP,2230115736,1860,0,202685|203468|1629627|1630529|1630530,0,REG,2024,1629028,C,Anchor Big,0.2
Shot Chart Detail,22301157,47,202685,Jonas Valanciunas,1610612740,New Orleans Pelicans,1,7,32,Missed Shot,Jump Shot,3PT Field Goal,Above the Break 3,Center(C),24+ ft.,26,-80,254,1,0,20240409,POR,NOP,2230115747,2680,0,202685|203468|1629627|1630529|1630530,0,REG,2024,1629028,C,Anchor Big,0.2
Shot Chart Detail,22301157,246,202685,Jonas Valanciunas,1610612740,New Orleans Pelicans,2,2,42,Made Shot,Cutting Dunk Shot,2PT Field Goal,Restricted Area,Center(C),Less Than 8 ft.,2,0,22,1,1,20240409,POR,NOP,22301157246,12780,0,202685|203468|1630529|1630530|1630700,1,REG,2024,1641712,SG,Low Activity,-0.22
Shot Chart Detail,22301157,256,202685,Jonas Valanciunas,1610612740,New Orleans Pelicans,2,1,28,Missed Shot,Driving Hook Shot,2PT Field Goal,In The Paint (Non-RA),Center(C),Less Than 8 ft.,7,6,70,1,0,20240409,POR,NOP,22301157256,13520,0,202685|203468|1630529|1630530|1630700,0,REG,2024,1629028,C,Anchor Big,0.2
Shot Chart Detail,22301157,260,202685,Jonas Valanciunas,1610612740,New Orleans Pelicans,2,0,55,Missed Shot,Layup Shot,2PT Field Goal,In The Paint (Non-RA),Center(C),Less Than 8 ft.,4,-17,42,1,0,20240409,POR,NOP,22301157260,13850,0,202685|203468|1630529|1630530|1630700,0,REG,2024,1631133|1630703,,,
Shot Chart Detail,22301157,265,202685,Jonas Valanciunas,1610612740,New Orleans Pelicans,2,0,30,Missed Shot,Turnaround Fadeaway shot,2PT Field Goal,Mid-Range,Left Side(L),8-16 ft.,12,-109,60,1,0,20240409,POR,NOP,22301157265,14100,0,202685|203468|1630529|1630530|1630700,0,REG,2024,1629028,C,Anchor Big,0.2
Shot Chart Detail,22301157,299,202685,Jonas Valanciunas,1610612740,New Orleans Pelicans,3,10,10,Made Shot,Running Dunk Shot,2PT Field Goal,Restricted Area,Center(C),Less Than 8 ft.,1,-7,10,1,1,20240409,POR,NOP,22301157299,15500,0,202685|203468|1629627|1630529|1630530,1,REG,2024,1629028,C,Anchor Big,0.2
Shot Chart Detail,22301157,347,202685,Jonas Valanciunas,1610612740,New Orleans Pelicans,3,6,18,Made Shot,Tip Layup Shot,2PT Field Goal,Restricted Area,Center(C),Less Than 8 ft.,0,0,0,1,1,20240409,POR,NOP,22301157347,17820,0,202685|203468|1629627|1630529|1630530,0,REG,2024,1631133,SF,Helper,-0.52
Shot Chart Detail,22301157,372,202685,Jonas Valanciunas,1610612740,New Orleans Pelicans,3,7,48,Missed Shot,Tip Layup Shot,2PT Field Goal,Restricted Area,Center(C),Less Than 8 ft.,1,7,8,1,0,20240409,POR,NOP,22301157372,16920,0,202685|203468|1629627|1630529|1630530,0,REG,2024,1629028|1631133|1631200,,,
Shot Chart Detail,22301157,381,202685,Jonas Valanciunas,1610612740,New Orleans Pelicans,3,2,45,Missed Shot,Turnaround Hook Shot,2PT Field Goal,In The Paint (Non-RA),Center(C),8-16 ft.,9,37,87,1,0,20240409,POR,NOP,22301157381,19950,0,202685|203468|1630529|1630530|1630631,0,REG,2024,1629028,C,Anchor Big,0.2
Shot Chart Detail,22301157,552,202685,Jonas Valanciunas,1610612740,New Orleans Pelicans,4,3,31,Made Shot,Reverse Layup Shot,2PT Field Goal,Restricted Area,Center(C),Less Than 8 ft.,2,11,20,1,1,20240409,POR,NOP,22301157552,26690,0,202685|203468|1630530|1630631|1630700,1,REG,2024,1629028,C,Anchor Big,0.2
Shot Chart Detail,22301170,7,202685,Jonas Valanciunas,1610612740,New Orleans Pelicans,1,11,36,Made Shot,Turnaround Bank Hook Shot,2PT Field Goal,In The Paint (Non-RA),Center(C),Less Than 8 ft.,6,-16,67,1,1,20240411,SAC,NOP,223011707,240,0,202685|203468|1629627|1630529|1630530,0,REG,2024,203084|1631165,,,
Shot Chart Detail,22301170,26,202685,Jonas Valanciunas,1610612740,New Orleans Pelicans,1,9,33,Made Shot,Layup Shot,2PT Field Goal,Restricted Area,Center(C),Less Than 8 ft.,2,22,19,1,1,20240411,SAC,NOP,2230117026,1470,0,202685|203468|1629627|1630529|1630530,0,REG,2024,1627734,PF,Mobile Big,0.93
Shot Chart Detail,22301170,120,202685,Jonas Valanciunas,1610612740,New Orleans Pelicans,1,1,55,Missed Shot,Driving Hook Shot,2PT Field Goal,In The Paint (Non-RA),Center(C),Less Than 8 ft.,7,6,73,1,0,20240411,SAC,NOP,22301170120,6050,0,202685|203468|1630530|1630631|1630700,0,REG,2024,203458,C,Anchor Big,0.22
Shot Chart Detail,22301170,240,202685,Jonas Valanciunas,1610612740,New Orleans Pelicans,2,5,12,Made Shot,Jump Shot,2PT Field Goal,Mid-Range,Center(C),16-24 ft.,17,25,169,1,1,20240411,SAC,NOP,22301170240,11280,0,202685|203468|1630529|1630530|1630700,1,REG,2024,1627734,PF,Mobile Big,0.93
Shot Chart Detail,22301170,304,202685,Jonas Valanciunas,1610612740,New Orleans Pelicans,2,0,0,Missed Shot,Driving Finger Roll Layup Shot,2PT Field Goal,In The Paint (Non-RA),Center(C),Less Than 8 ft.,4,1,40,1,0,20240411,SAC,NOP,22301170304,14400,0,202685|203468|1629627|1630529|1630530,0,REG,2024,1628368|1631099,,,
Shot Chart Detail,22301170,330,202685,Jonas Valanciunas,1610612740,New Orleans Pelicans,3,10,10,Made Shot,Jump Shot,2PT Field Goal,Mid-Range,Left Side(L),8-16 ft.,15,-153,-4,1,1,20240411,SAC,NOP,22301170330,15500,0,202685|203468|1629627|1630529|1630530,1,REG,2024,1627734,PF,Mobile Big,0.93
Shot Chart Detail,22301170,372,202685,Jonas Valanciunas,1610612740,New Orleans Pelicans,3,6,35,Missed Shot,Turnaround Hook Shot,2PT Field Goal,In The Paint (Non-RA),Center(C),Less Than 8 ft.,6,-42,50,1,0,20240411,SAC,NOP,22301170372,17650,0,202685|203468|1629627|1630529|1630530,0,REG,2024,1627734,PF,Mobile Big,0.93
Shot Chart Detail,22301170,489,202685,Jonas Valanciunas,1610612740,New Orleans Pelicans,4,11,42,Made Shot,Jump Shot,2PT Field Goal,Mid-Range,Center(C),16-24 ft.,16,21,167,1,1,20240411,SAC,NOP,22301170489,21780,0,202685|203468|1630530|1630631|1630700,1,REG,2024,203458,C,Anchor Big,0.22
Shot Chart Detail,22301182,15,202685,Jonas Valanciunas,1610612740,New Orleans Pelicans,1,11,8,Made Shot,Putback Layup Shot,2PT Field Goal,Restricted Area,Center(C),Less Than 8 ft.,0,0,0,1,1,20240412,GSW,NOP,2230118215,520,0,202685|203468|1629627|1630529|1630530,0,REG,2024,201939|1631218,,,
Shot Chart Detail,22301182,78,202685,Jonas Valanciunas,1610612740,New Orleans Pelicans,1,5,28,Made Shot,Layup Shot,2PT Field Goal,Restricted Area,Center(C),Less Than 8 ft.,3,-1,38,1,1,20240412,GSW,NOP,2230118278,3920,0,202685|1629627|1630529|1630530|1630631,1,REG,2024,203110,SF,,1.0
Shot Chart Detail,22301182,170,202685,Jonas Valanciunas,1610612740,New Orleans Pelicans,2,11,30,Made Shot,Jump Shot,2PT Field Goal,Mid-Range,Left Side(L),8-16 ft.,14,-142,39,1,1,20240412,GSW,NOP,22301182170,7500,0,202685|203468|1630530|1630631|1630700,1,REG,2024,1626172,PF,Helper,-0.97
Shot Chart Detail,22301182,173,202685,Jonas Valanciunas,1610612740,New Orleans Pelicans,2,10,48,Missed Shot,Layup Shot,2PT Field Goal,In The Paint (Non-RA),Center(C),Less Than 8 ft.,4,-37,32,1,0,20240412,GSW,NOP,22301182173,7920,0,202685|203468|1630530|1630631|1630700,0,REG,2024,1626172,PF,Helper,-0.97
Shot Chart Detail,22301182,180,202685,Jonas Valanciunas,1610612740,New Orleans Pelicans,2,10,19,Made Shot,Turnaround Hook Shot,2PT Field Goal,In The Paint (Non-RA),Center(C),Less Than 8 ft.,6,-6,60,1,1,20240412,GSW,NOP,22301182180,8210,0,202685|203468|1630530|1630631|1630700,1,REG,2024,1626172|202691,,,
Shot Chart Detail,22301182,190,202685,Jonas Valanciunas,1610612740,New Orleans Pelicans,2,9,16,Missed Shot,Jump Shot,3PT Field Goal,Above the Break 3,Left Side Center(LC),24+ ft.,27,-191,200,1,0,20240412,GSW,NOP,22301182190,8840,0,202685|203468|1630530|1630631|1630700,0,REG,2024,1626172,PF,Helper,-0.97
Shot Chart Detail,22301182,335,202685,Jonas Valanciunas,1610612740,New Orleans Pelicans,3,11,21,Missed Shot,Driving Hook Shot,2PT Field Goal,In The Paint (Non-RA),Center(C),Less Than 8 ft.,4,31,36,1,0,20240412,GSW,NOP,22301182335,14790,0,202685|203468|1629627|1630529|1630530,0,REG,2024,1631218,PF,Mobile Big,1.2
Shot Chart Detail,22301182,364,202685,Jonas Valanciunas,1610612740,New Orleans Pelicans,3,8,45,Missed Shot,Cutting Finger Roll Layup Shot,2PT Field Goal,In The Paint (Non-RA),Center(C),Less Than 8 ft.,6,5,63,1,0,20240412,GSW,NOP,22301182364,16350,0,202685|203468|1629627|1630529|1630530,0,REG,2024,203952|202691,,,
Shot Chart Detail,22301182,392,202685,Jonas Valanciunas,1610612740,New Orleans Pelicans,3,8,44,Missed Shot,Tip Layup Shot,2PT Field Goal,In The Paint (Non-RA),Center(C),Less Than 8 ft.,4,16,41,1,0,20240412,GSW,NOP,22301182392,16360,0,202685|203468|1629627|1630529|1630530,0,REG,2024,203952|202691|1631218,,,
Shot Chart Detail,22301195,7,202685,Jonas Valanciunas,1610612740,New Orleans Pelicans,1,11,44,Missed Shot,Jump Shot,3PT Field Goal,Above the Break 3,Center(C),24+ ft.,26,6,265,1,0,20240414,NOP,LAL,223011957,160,0,202685|203468|1627742|1629627|1630529,0,REG,2024,203076,PF,,0.47
Shot Chart Detail,22301195,475,202685,Jonas Valanciunas,1610612740,New Orleans Pelicans,4,11,44,Missed Shot,Turnaround Hook Shot,2PT Field Goal,Restricted Area,Center(C),Less Than 8 ft.,3,4,34,1,0,20240414,NOP,LAL,22301195475,21760,0,202685|1627742|1630530|1630631|1630700,0,REG,2024,203076,PF,,0.47
Shot Chart Detail,22301195,479,202685,Jonas Valanciunas,1610612740,New Orleans Pelicans,4,11,14,Made Shot,Turnaround Hook Shot,2PT Field Goal,In The Paint (Non-RA),Center(C),Less Than 8 ft.,6,16,61,1,1,20240414,NOP,LAL,22301195479,22060,0,202685|1627742|1630530|1630631|1630700,1,REG,2024,1629060,PF,Helper,-0.35
Shot Chart Detail,22301204,244,202685,Jonas Valanciunas,1610612740,New Orleans Pelicans,2,9,8,Missed Shot,Hook Shot,2PT Field Goal,In The Paint (Non-RA),Center(C),Less Than 8 ft.,6,60,1,1,0,20231204,SAC,NOP,22301204244,8920,0,202685|203468|1629627|1630529|1630530,0,REG,2024,1627734,PF,Mobile Big,0.93
Shot Chart Detail,22301204,339,202685,Jonas Valanciunas,1610612740,New Orleans Pelicans,2,2,46,Made Shot,Hook Shot,2PT Field Goal,In The Paint (Non-RA),Center(C),Less Than 8 ft.,5,18,53,1,1,20231204,SAC,NOP,22301204339,12740,0,202685|203468|1627742|1630529|1630530,1,REG,2024,1627734,PF,Mobile Big,0.93
Shot Chart Detail,22301204,342,202685,Jonas Valanciunas,1610612740,New Orleans Pelicans,2,2,9,Made Shot,Driving Hook Shot,2PT Field Goal,In The Paint (Non-RA),Center(C),Less Than 8 ft.,5,7,55,1,1,20231204,SAC,NOP,22301204342,13110,0,202685|203468|1627742|1630529|1630530,1,REG,2024,1627734,PF,Mobile Big,0.93
Shot Chart Detail,22301204,373,202685,Jonas Valanciunas,1610612740,New Orleans Pelicans,2,0,6,Made Shot,Dunk Shot,2PT Field Goal,Restricted Area,Center(C),Less Than 8 ft.,0,-1,0,1,1,20231204,SAC,NOP,22301204373,14340,0,202685|203468|1627742|1629627|1630529,1,REG,2024,1627734,PF,Mobile Big,0.93
Shot Chart Detail,22301204,391,202685,Jonas Valanciunas,1610612740,New Orleans Pelicans,3,11,24,Made Shot,Tip Layup Shot,2PT Field Goal,Restricted Area,Center(C),Less Than 8 ft.,0,0,0,1,1,20231204,SAC,NOP,22301204391,14760,0,202685|203468|1627742|1629627|1630529,0,REG,2024,1631099,SF,Helper,0.16
Shot Chart Detail,22301204,449,202685,Jonas Valanciunas,1610612740,New Orleans Pelicans,3,6,6,Missed Shot,Hook Shot,2PT Field Goal,In The Paint (Non-RA),Center(C),8-16 ft.,9,40,88,1,0,20231204,SAC,NOP,22301204449,17940,0,202685|203468|1627742|1629627|1630529,0,REG,2024,1627734,PF,Mobile Big,0.93
Shot Chart Detail,22301204,621,202685,Jonas Valanciunas,1610612740,New Orleans Pelicans,4,5,21,Made Shot,Hook Shot,2PT Field Goal,Restricted Area,Center(C),Less Than 8 ft.,3,25,26,1,1,20231204,SAC,NOP,22301204621,25590,0,202685|1627742|1630529|1630530|1630631,1,REG,2024,203084|1628370,,,
Shot Chart Detail,22301204,638,202685,Jonas Valanciunas,1610612740,New Orleans Pelicans,4,3,52,Missed Shot,Hook Shot,2PT Field Goal,Restricted Area,Center(C),Less Than 8 ft.,3,-9,33,1,0,20231204,SAC,NOP,22301204638,26480,0,202685|1627742|1630529|1630530|1630631,0,REG,2024,1628989,SG,Chaser,-0.34
Shot Chart Detail,22301204,655,202685,Jonas Valanciunas,1610612740,New Orleans Pelicans,4,3,3,Missed Shot,Layup Shot,2PT Field Goal,Restricted Area,Center(C),Less Than 8 ft.,3,11,38,1,0,20231204,SAC,NOP,22301204655,26970,0,202685|203468|1627742|1630529|1630530,0,REG,2024,1631099,SF,Helper,0.16
Shot Chart Detail,22301204,660,202685,Jonas Valanciunas,1610612740,New Orleans Pelicans,4,2,29,Made Shot,Dunk Shot,2PT Field Goal,Restricted Area,Center(C),Less Than 8 ft.,1,-12,10,1,1,20231204,SAC,NOP,22301204660,27310,0,202685|203468|1627742|1630529|1630530,1,REG,2024,1628989,SG,Chaser,-0.34
Shot Chart Detail,22301204,681,202685,Jonas Valanciunas,1610612740,New Orleans Pelicans,4,1,11,Made Shot,Dunk Shot,2PT Field Goal,Restricted Area,Center(C),Less Than 8 ft.,2,-13,18,1,1,20231204,SAC,NOP,22301204681,28090,0,202685|203468|1627742|1629627|1630529,1,REG,2024,,,,
Shot Chart Detail,22301230,29,202685,Jonas Valanciunas,1610612740,New Orleans Pelicans,1,9,50,Missed Shot,Jump Shot,2PT Field Goal,Mid-Range,Center(C),16-24 ft.,18,-36,177,1,0,20231207,LAL,NOP,2230123029,1300,0,202685|203468|1627742|1629627|1630529,0,REG,2024,,,,
Shot Chart Detail,22301230,46,202685,Jonas Valanciunas,1610612740,New Orleans Pelicans,1,7,58,Missed Shot,Jump Shot,3PT Field Goal,Left Corner 3,Left Side(L),24+ ft.,23,-233,-13,1,0,20231207,LAL,NOP,2230123046,2420,0,202685|203468|1627742|1629627|1630529,0,REG,2024,,,,
Shot Chart Detail,22301230,100,202685,Jonas Valanciunas,1610612740,New Orleans Pelicans,1,4,11,Made Shot,Cutting Dunk Shot,2PT Field Goal,Restricted Area,Center(C),Less Than 8 ft.,2,20,13,1,1,20231207,LAL,NOP,22301230100,4690,0,202685|1627742|1630230|1630530|1630631,1,REG,2024,,,,
Shot Chart Detail,22301230,113,202685,Jonas Valanciunas,1610612740,New Orleans Pelicans,1,2,40,Missed Shot,Jump Shot,2PT Field Goal,Mid-Range,Left Side(L),8-16 ft.,15,-154,8,1,0,20231207,LAL,NOP,22301230113,5600,0,202685|1627742|1630230|1630530|1630631,0,REG,2024,,,,
Shot Chart Detail,22301230,262,202685,Jonas Valanciunas,1610612740,New Orleans Pelicans,2,5,28,Made Shot,Cutting Layup Shot,2PT Field Goal,Restricted Area,Center(C),Less Than 8 ft.,2,4,21,1,1,20231207,LAL,NOP,22301230262,11120,0,202685|1627742|1630529|1630631|1630700,1,REG,2024,,,,
Shot Chart Detail,22301230,280,202685,Jonas Valanciunas,1610612740,New Orleans Pelicans,2,3,44,Made Shot,Jump Shot,3PT Field Goal,Above the Break 3,Left Side Center(LC),24+ ft.,24,-105,225,1,1,20231207,LAL,NOP,22301230280,12160,0,202685|1627742|1630529|1630631|1630700,1,REG,2024,,,,
Shot Chart Detail,22301230,338,202685,Jonas Valanciunas,1610612740,New Orleans Pelicans,3,11,41,Missed Shot,Jump Shot,3PT Field Goal,Right Corner 3,Right Side(R),24+ ft.,23,225,57,1,0,20231207,LAL,NOP,22301230338,14590,0,202685|203468|1627742|1629627|1630529,0,REG,2024,203076,PF,,0.47
Shot Chart Detail,22301230,345,202685,Jonas Valanciunas,1610612740,New Orleans Pelicans,3,10,52,Missed Shot,Jump Shot,2PT Field Goal,In The Paint (Non-RA),Center(C),8-16 ft.,12,45,112,1,0,20231207,LAL,NOP,22301230345,15080,0,202685|203468|1627742|1629627|1630529,0,REG,2024,1629629,SF,Chaser,-1.25
Shot Chart Detail,22301230,360,202685,Jonas Valanciunas,1610612740,New Orleans Pelicans,3,9,34,Missed Shot,Jump Shot,3PT Field Goal,Right Corner 3,Right Side(R),24+ ft.,22,223,6,1,0,20231207,LAL,NOP,22301230360,15860,0,202685|203468|1627742|1629627|1630529,0,REG,2024,203076,PF,,0.47
