PLAYER_ID,PLAYER_NAME,SHOT_ID,GRID_TYPE,GAME_ID,GAME_EVENT_ID,TEAM_ID,TEAM_NAME,PERIOD,MINUTES_REMAINING,SECONDS_REMAINING,EVENT_TYPE,ACTION_TYPE,SHOT_TYPE,SHOT_ZONE_BASIC,SHOT_ZONE_AREA,SHOT_ZONE_RANGE,SHOT_DISTANCE,LOC_X,LOC_Y,SHOT_ATTEMPTED_FLAG,SHOT_MADE_FLAG,GAME_DATE,HTM,VTM,PLAYERS_ON,assisted,season_type,year,DEF_ID,DEF_POSITION,DEF_ROLE,D_LEBRON,OFF_POSITION,OFF_ROLE,O_LEBRON
203076,Anthony Davis,22200002104,Shot Chart Detail,22200002,104,1610612747,Los Angeles Lakers,1,5,1,Missed Shot,Fadeaway Jump Shot,,In The Paint (Non-RA),Center(C),8-16 ft.,11,43,104,1,0,20221018,GSW,LAL,|1629022|1629134|1630559|203076|2544,0,REG,2023,1630164,C,Anchor Big,0.01,C,Shot Creator,3.1
203076,Anthony Davis,22200002135,Shot Chart Detail,22200002,135,1610612747,Los Angeles Lakers,1,3,36,Made Shot,Hook Shot,,Restricted Area,Center(C),Less Than 8 ft.,2,12,17,1,1,20221018,GSW,LAL,|1629134|1629308|1630559|201566|203076,1,REG,2023,1630228|1630164,,,,C,Shot Creator,3.1
1629117,Wenyen Gabriel,22200002184,Shot Chart Detail,22200002,184,1610612747,Los Angeles Lakers,1,1,7,Missed Shot,Layup Shot,2PT Field Goal,Restricted Area,Center(C),Less Than 8 ft.,3,-5,34,1,0,20221018,GSW,LAL,|1629117|1629134|1629308|201566|2544,0,REG,2023,1630164,C,Anchor Big,0.01,C,Roll + Cut Big,-1.12
2544,LeBron James,22200002233,Shot Chart Detail,22200002,233,1610612747,Los Angeles Lakers,2,11,30,Made Shot,Driving Layup Shot,,Restricted Area,Center(C),Less Than 8 ft.,1,-1,11,1,1,20221018,GSW,LAL,|1629022|1629117|1630346|201976|2544,0,REG,2023,203210|1629673|1630164,,,,PF,Shot Creator,3.66
2544,LeBron James,22200002252,Shot Chart Detail,22200002,252,1610612747,Los Angeles Lakers,2,10,5,Made Shot,Running Layup Shot,,Restricted Area,Center(C),Less Than 8 ft.,1,-16,1,1,1,20221018,GSW,LAL,|1629022|1629117|1630346|201976|2544,0,REG,2023,1628978|1630228|1630164,,,,PF,Shot Creator,3.66
2544,LeBron James,22200002255,Shot Chart Detail,22200002,255,1610612747,Los Angeles Lakers,2,9,30,Missed Shot,Jump Shot,,Above the Break 3,Left Side Center(LC),24+ ft.,25,-173,189,1,0,20221018,GSW,LAL,|1629022|1629117|1630346|201976|2544,0,REG,2023,1630164,C,Anchor Big,0.01,PF,Shot Creator,3.66
203076,Anthony Davis,22200002287,Shot Chart Detail,22200002,287,1610612747,Los Angeles Lakers,2,6,45,Made Shot,Running Layup Shot,,Restricted Area,Center(C),Less Than 8 ft.,0,2,2,1,1,20221018,GSW,LAL,|1629022|1630346|201976|203076|2544,1,REG,2023,1628978|1630164,,,,C,Shot Creator,3.1
2544,LeBron James,22200002595,Shot Chart Detail,22200002,595,1610612747,Los Angeles Lakers,3,1,11,Made Shot,Running Layup Shot,,Restricted Area,Center(C),Less Than 8 ft.,0,-5,6,1,1,20221018,GSW,LAL,|1629308|1630346|201566|201976|2544,0,REG,2023,1630164,C,Anchor Big,0.01,PF,Shot Creator,3.66
2544,LeBron James,22200002604,Shot Chart Detail,22200002,604,1610612747,Los Angeles Lakers,3,0,6,Made Shot,Step Back Jump shot,,Above the Break 3,Center(C),24+ ft.,25,-51,246,1,1,20221018,GSW,LAL,|1629308|1630346|201566|201976|2544,0,REG,2023,1630164,C,Anchor Big,0.01,PF,Shot Creator,3.66
2544,LeBron James,22200002791,Shot Chart Detail,22200002,791,1610612747,Los Angeles Lakers,1,0,8,Missed Shot,Driving Layup Shot,,In The Paint (Non-RA),Center(C),Less Than 8 ft.,4,-37,22,1,0,20221018,GSW,LAL,|1629134|1629308|201566|203076|2544,0,REG,2023,1630228|1630164,,,,PF,Shot Creator,3.66
1628989,Kevin Huerter,2220004296,Shot Chart Detail,22200042,96,1610612758,Sacramento Kings,1,3,49,Missed Shot,Driving Layup Shot,,In The Paint (Non-RA),Center(C),Less Than 8 ft.,7,62,36,1,0,20221023,GSW,SAC,|1626158|1628368|1628370|1628989|1631099,0,REG,2023,1630164,C,Anchor Big,0.01,SG,Movement Shooter,0.51
1626158,Richaun Holmes,2220004298,Shot Chart Detail,22200042,98,1610612758,Sacramento Kings,1,3,45,Made Shot,Putback Layup Shot,2PT Field Goal,Restricted Area,Center(C),Less Than 8 ft.,0,0,0,1,1,20221023,GSW,SAC,|1626158|1628368|1628370|1628989|1631099,0,REG,2023,1630164,C,Anchor Big,0.01,C,Roll + Cut Big,-2.77
1626158,Richaun Holmes,22200042131,Shot Chart Detail,22200042,131,1610612758,Sacramento Kings,1,2,30,Made Shot,Floating Jump shot,2PT Field Goal,In The Paint (Non-RA),Center(C),Less Than 8 ft.,7,7,78,1,1,20221023,GSW,SAC,|1626158|1628370|1630558|1631099|203084,1,REG,2023,1630164,C,Anchor Big,0.01,C,Roll + Cut Big,-2.77
1626158,Richaun Holmes,22200042494,Shot Chart Detail,22200042,494,1610612758,Sacramento Kings,3,2,42,Made Shot,Dunk Shot,2PT Field Goal,Restricted Area,Center(C),Less Than 8 ft.,3,11,34,1,1,20221023,GSW,SAC,|1626158|1628368|1628370|1629056|1631099,1,REG,2023,1630164,C,Anchor Big,0.01,C,Roll + Cut Big,-2.77
1628370,Malik Monk,22200042523,Shot Chart Detail,22200042,523,1610612758,Sacramento Kings,3,1,8,Missed Shot,Floating Jump shot,,In The Paint (Non-RA),Center(C),8-16 ft.,11,9,117,1,0,20221023,GSW,SAC,|1626158|1626168|1628370|1629056|1630558,0,REG,2023,1630164,C,Anchor Big,0.01,SG,Secondary Ball Handler,0.29
1628370,Malik Monk,22200042525,Shot Chart Detail,22200042,525,1610612758,Sacramento Kings,3,1,5,Missed Shot,Layup Shot,,In The Paint (Non-RA),Center(C),Less Than 8 ft.,4,-45,-1,1,0,20221023,GSW,SAC,|1626158|1626168|1628370|1629056|1630558,0,REG,2023,1630164,C,Anchor Big,0.01,SG,Secondary Ball Handler,0.29
1628370,Malik Monk,22200042531,Shot Chart Detail,22200042,531,1610612758,Sacramento Kings,3,0,56,Missed Shot,Jump Shot,,Left Corner 3,Left Side(L),24+ ft.,23,-230,27,1,0,20221023,GSW,SAC,|1626158|1626168|1628370|1629056|1630558,0,REG,2023,1630164,C,Anchor Big,0.01,SG,Secondary Ball Handler,0.29
1630558,Davion Mitchell,22200042553,Shot Chart Detail,22200042,553,1610612758,Sacramento Kings,3,0,1,Made Shot,Driving Reverse Layup Shot,,In The Paint (Non-RA),Center(C),Less Than 8 ft.,5,51,23,1,1,20221023,GSW,SAC,|1626158|1626168|1628370|1629056|1630558,0,REG,2023,1630164,C,Anchor Big,0.01,PG,Primary Ball Handler,-0.9
1626168,Trey Lyles,22200042564,Shot Chart Detail,22200042,564,1610612758,Sacramento Kings,4,11,34,Made Shot,Running Layup Shot,,In The Paint (Non-RA),Center(C),Less Than 8 ft.,5,48,26,1,1,20221023,GSW,SAC,|1626158|1626168|1628370|1629056|1630558,1,REG,2023,1630164,C,Anchor Big,0.01,PF,Athletic Finisher,-0.18
1626158,Richaun Holmes,22200042587,Shot Chart Detail,22200042,587,1610612758,Sacramento Kings,4,10,21,Missed Shot,Floating Jump shot,2PT Field Goal,In The Paint (Non-RA),Right Side(R),8-16 ft.,10,75,78,1,0,20221023,GSW,SAC,|1626158|1628989|1629002|1629056|1630558,0,REG,2023,1630164,C,Anchor Big,0.01,C,Roll + Cut Big,-2.77
1626158,Richaun Holmes,22200042589,Shot Chart Detail,22200042,589,1610612758,Sacramento Kings,4,10,13,Made Shot,Layup Shot,2PT Field Goal,In The Paint (Non-RA),Center(C),Less Than 8 ft.,4,13,41,1,1,20221023,GSW,SAC,|1626158|1628989|1629002|1629056|1630558,1,REG,2023,1630164,C,Anchor Big,0.01,C,Roll + Cut Big,-2.77
1629056,Terence Davis,22200042607,Shot Chart Detail,22200042,607,1610612758,Sacramento Kings,4,9,1,Made Shot,Driving Finger Roll Layup Shot,,In The Paint (Non-RA),Center(C),Less Than 8 ft.,6,-22,65,1,1,20221023,GSW,SAC,|1628989|1629002|1629056|1630558|1631099,1,REG,2023,1630541|1630164,,,,SG,Movement Shooter,-0.18
1630558,Davion Mitchell,22200042614,Shot Chart Detail,22200042,614,1610612758,Sacramento Kings,4,8,30,Made Shot,Driving Layup Shot,,In The Paint (Non-RA),Center(C),Less Than 8 ft.,5,-16,53,1,1,20221023,GSW,SAC,|1628989|1629002|1629056|1630558|1631099,1,REG,2023,1630228|1630164,,,,PG,Primary Ball Handler,-0.9
1629002,Chimezie Metu,22200042636,Shot Chart Detail,22200042,636,1610612758,Sacramento Kings,4,6,38,Missed Shot,Hook Shot,,In The Paint (Non-RA),Center(C),Less Than 8 ft.,5,-29,49,1,0,20221023,GSW,SAC,|1628368|1628370|1628989|1629002|1631099,0,REG,2023,1630164,C,Anchor Big,0.01,PF,Roll + Cut Big,-0.46
1631099,Keegan Murray,22200042642,Shot Chart Detail,22200042,642,1610612758,Sacramento Kings,4,6,17,Missed Shot,Turnaround Jump Shot,,Mid-Range,Left Side(L),16-24 ft.,17,-170,4,1,0,20221023,GSW,SAC,|1628368|1628370|1628989|1629002|1631099,0,REG,2023,202691|1630164,,,,SF,Athletic Finisher,-0.16
1628368,De'Aaron Fox,22200042651,Shot Chart Detail,22200042,651,1610612758,Sacramento Kings,4,5,51,Made Shot,Driving Floating Jump Shot,2PT Field Goal,In The Paint (Non-RA),Left Side(L),8-16 ft.,9,-50,75,1,1,20221023,GSW,SAC,|1628368|1628370|1628989|1629002|1631099,0,REG,2023,1631157|1630164,,,,PG,Shot Creator,2.74
1629639,Tyler Herro,2220006880,Shot Chart Detail,22200068,80,1610612748,Miami Heat,1,5,5,Made Shot,Driving Floating Jump Shot,,Mid-Range,Center(C),8-16 ft.,15,12,155,1,1,20221027,GSW,MIA,|1629622|1629639|1631107|200768|202710,1,REG,2023,202691|1630164,,,,SG,Primary Ball Handler,0.5
1631107,Nikola Jovic,2220006897,Shot Chart Detail,22200068,97,1610612748,Miami Heat,1,3,45,Missed Shot,Jump Shot,,Above the Break 3,Left Side Center(LC),24+ ft.,26,-151,219,1,0,20221027,GSW,MIA,|1629622|1629639|1631107|200768|202710,0,REG,2023,1630164,C,Anchor Big,0.01,PF,Athletic Finisher,-1.15
1629622,Max Strus,22200068113,Shot Chart Detail,22200068,113,1610612748,Miami Heat,1,3,1,Missed Shot,Pullup Jump shot,,Mid-Range,Right Side Center(RC),16-24 ft.,21,162,136,1,0,20221027,GSW,MIA,|1629130|1629216|1629622|1631107|202710,0,REG,2023,1630164,C,Anchor Big,0.01,SF,Movement Shooter,-1.09
1628389,Bam Adebayo,22200068142,Shot Chart Detail,22200068,142,1610612748,Miami Heat,1,1,8,Made Shot,Floating Jump shot,2PT Field Goal,In The Paint (Non-RA),Center(C),Less Than 8 ft.,7,-4,74,1,1,20221027,GSW,MIA,|1628389|1629130|1629216|1629622|202710,1,REG,2023,1630164,C,Anchor Big,0.01,C,Shot Creator,-0.08
1629216,Gabe Vincent,22200068146,Shot Chart Detail,22200068,146,1610612748,Miami Heat,1,0,48,Missed Shot,Pullup Jump shot,,Mid-Range,Left Side(L),8-16 ft.,15,-147,42,1,0,20221027,GSW,MIA,|1628389|1629130|1629216|1629622|202710,0,REG,2023,1629673|1630164,,,,PG,Primary Ball Handler,-1.58
1629216,Gabe Vincent,22200068159,Shot Chart Detail,22200068,159,1610612748,Miami Heat,1,0,1,Missed Shot,Pullup Jump shot,,Above the Break 3,Right Side Center(RC),24+ ft.,32,146,294,1,0,20221027,GSW,MIA,|1628389|1628997|1629130|1629216|1629622,0,REG,2023,1630164,C,Anchor Big,0.01,PG,Primary Ball Handler,-1.58
1631107,Nikola Jovic,22200068405,Shot Chart Detail,22200068,405,1610612748,Miami Heat,3,6,2,Made Shot,Floating Jump shot,,In The Paint (Non-RA),Center(C),Less Than 8 ft.,7,2,78,1,1,20221027,GSW,MIA,|1629622|1629639|1631107|200768|202710,1,REG,2023,1630164,C,Anchor Big,0.01,PF,Athletic Finisher,-1.15
1631107,Nikola Jovic,22200068418,Shot Chart Detail,22200068,418,1610612748,Miami Heat,3,4,26,Missed Shot,Jump Shot,,Left Corner 3,Left Side(L),24+ ft.,24,-238,75,1,0,20221027,GSW,MIA,|1629622|1629639|1631107|200768|202710,0,REG,2023,1630164,C,Anchor Big,0.01,PF,Athletic Finisher,-1.15
1629216,Gabe Vincent,22200068459,Shot Chart Detail,22200068,459,1610612748,Miami Heat,3,1,48,Made Shot,Driving Layup Shot,,In The Paint (Non-RA),Center(C),Less Than 8 ft.,8,64,48,1,1,20221027,GSW,MIA,|1628389|1629216|1629622|1629639|202710,0,REG,2023,1630164,C,Anchor Big,0.01,PG,Primary Ball Handler,-1.58
1628389,Bam Adebayo,22200068465,Shot Chart Detail,22200068,465,1610612748,Miami Heat,3,1,1,Made Shot,Pullup Jump shot,2PT Field Goal,In The Paint (Non-RA),Center(C),8-16 ft.,13,53,121,1,1,20221027,GSW,MIA,|1628389|1629216|1629622|1629639|202710,0,REG,2023,1630164,C,Anchor Big,0.01,C,Shot Creator,-0.08
1629216,Gabe Vincent,22200068489,Shot Chart Detail,22200068,489,1610612748,Miami Heat,3,0,1,Missed Shot,Driving Layup Shot,,In The Paint (Non-RA),Center(C),Less Than 8 ft.,6,62,28,1,0,20221027,GSW,MIA,|1628389|1628997|1629130|1629216|1629622,0,REG,2023,1630164,C,Anchor Big,0.01,PG,Primary Ball Handler,-1.58
1628389,Bam Adebayo,22200068502,Shot Chart Detail,22200068,502,1610612748,Miami Heat,4,11,14,Made Shot,Floating Jump shot,2PT Field Goal,In The Paint (Non-RA),Center(C),8-16 ft.,9,-43,84,1,1,20221027,GSW,MIA,|1628389|1628997|1629130|1629216|1629622,1,REG,2023,1629660|1630164,,,,C,Shot Creator,-0.08
202330,Gordon Hayward,2220008278,Shot Chart Detail,22200082,78,1610612766,Charlotte Hornets,1,5,31,Made Shot,Jump Shot,,In The Paint (Non-RA),Center(C),8-16 ft.,10,34,97,1,1,20221029,CHA,GSW,|1628372|1629667|1630547|202330|203486,1,REG,2023,201939|1630164,,,,SF,Secondary Ball Handler,-1.26
1630208,Nick Richards,22200082108,Shot Chart Detail,22200082,108,1610612766,Charlotte Hornets,1,3,12,Missed Shot,Cutting Layup Shot,,In The Paint (Non-RA),Center(C),Less Than 8 ft.,4,-20,44,1,0,20221029,CHA,GSW,|1629023|1629667|1630177|1630208|1630547,0,REG,2023,1630164,C,Anchor Big,0.01,C,Roll + Cut Big,-1.11
1630208,Nick Richards,22200082110,Shot Chart Detail,22200082,110,1610612766,Charlotte Hornets,1,3,11,Missed Shot,Tip Layup Shot,,Restricted Area,Center(C),Less Than 8 ft.,0,0,0,1,0,20221029,CHA,GSW,|1629023|1629667|1630177|1630208|1630547,0,REG,2023,1630164,C,Anchor Big,0.01,C,Roll + Cut Big,-1.11
1630208,Nick Richards,22200082123,Shot Chart Detail,22200082,123,1610612766,Charlotte Hornets,1,2,7,Made Shot,Putback Layup Shot,,Restricted Area,Center(C),Less Than 8 ft.,0,0,0,1,1,20221029,CHA,GSW,|1629023|1629667|1630177|1630208|1630547,0,REG,2023,1630164,C,Anchor Big,0.01,C,Roll + Cut Big,-1.11
202710,Jimmy Butler,22200104133,Shot Chart Detail,22200104,133,1610612748,Miami Heat,1,1,44,Made Shot,Putback Layup Shot,,Restricted Area,Center(C),Less Than 8 ft.,1,16,3,1,1,20221101,MIA,GSW,|1629130|1629216|1629622|202710|203473,0,REG,2023,1629673|1630164,,,,PF,Shot Creator,4.08
1628389,Bam Adebayo,22200104155,Shot Chart Detail,22200104,155,1610612748,Miami Heat,1,0,34,Made Shot,Alley Oop Dunk Shot,2PT Field Goal,Restricted Area,Center(C),Less Than 8 ft.,2,-28,10,1,1,20221101,MIA,GSW,|1628389|1628997|1629130|1629216|1629622,1,REG,2023,1630164,C,Anchor Big,0.01,C,Shot Creator,-0.08
200768,Kyle Lowry,22200104420,Shot Chart Detail,22200104,420,1610612748,Miami Heat,3,6,34,Made Shot,Turnaround Fadeaway shot,,In The Paint (Non-RA),Center(C),8-16 ft.,14,65,128,1,1,20221101,MIA,GSW,|1628389|1628997|1629622|200768|202710,0,REG,2023,1630164,C,Anchor Big,0.01,PG,Primary Ball Handler,0.23
1629643,Chuma Okeke,22200118104,Shot Chart Detail,22200118,104,1610612753,Orlando Magic,1,4,9,Made Shot,Jump Shot,,Above the Break 3,Right Side Center(RC),24+ ft.,24,211,131,1,1,20221103,ORL,GSW,|1628976|1629643|1630284|1630532|1630591,1,REG,2023,1630164,C,Anchor Big,0.01,SF,Movement Shooter,-1.26
1630532,Franz Wagner,22200118293,Shot Chart Detail,22200118,293,1610612753,Orlando Magic,2,4,30,Made Shot,Driving Layup Shot,,Restricted Area,Center(C),Less Than 8 ft.,2,-21,-6,1,1,20221103,ORL,GSW,|1628964|1628976|1629643|1630532|1630591,0,REG,2023,1630164,C,Anchor Big,0.01,SF,Secondary Ball Handler,0.56
1630532,Franz Wagner,22200118511,Shot Chart Detail,22200118,511,1610612753,Orlando Magic,3,1,31,Missed Shot,Running Layup Shot,,In The Paint (Non-RA),Center(C),Less Than 8 ft.,5,48,31,1,0,20221103,ORL,GSW,|1628976|1629643|1630181|1630284|1630532,0,REG,2023,1630164,C,Anchor Big,0.01,SF,Secondary Ball Handler,0.56
1630284,Kevon Harris,22200118521,Shot Chart Detail,22200118,521,1610612753,Orlando Magic,3,0,45,Made Shot,Putback Layup Shot,,Restricted Area,Center(C),Less Than 8 ft.,2,-2,29,1,1,20221103,ORL,GSW,|1628976|1629643|1630181|1630284|1630532,0,REG,2023,1630541|1630164,,,,SG,Athletic Finisher,-1.79
1628415,Dillon Brooks,22200496128,Shot Chart Detail,22200496,128,1610612763,Memphis Grizzlies,1,3,38,Made Shot,Pullup Jump shot,2PT Field Goal,Mid-Range,Left Side Center(LC),16-24 ft.,17,-123,131,1,1,20221225,GSW,MEM,|1628415|1629630|1629634|1629723|1630583,0,REG,2023,1630164,C,Anchor Big,0.01,SF,Secondary Ball Handler,-0.79
1629630,Ja Morant,22200496136,Shot Chart Detail,22200496,136,1610612763,Memphis Grizzlies,1,3,10,Made Shot,Running Layup Shot,,In The Paint (Non-RA),Center(C),Less Than 8 ft.,5,-39,37,1,1,20221225,GSW,MEM,|1628415|1629630|1629634|1629723|1630583,0,REG,2023,1630228|1630164,,,,PG,Slasher,4.14
1629634,Brandon Clarke,22200496530,Shot Chart Detail,22200496,530,1610612763,Memphis Grizzlies,3,2,41,Made Shot,Tip Layup Shot,,Restricted Area,Center(C),Less Than 8 ft.,0,0,0,1,1,20221225,GSW,MEM,|1628991|1629630|1629634|1629723|1630533,0,REG,2023,202691|1630164,,,,PF,Roll + Cut Big,-0.96
203486,Mason Plumlee,22200513104,Shot Chart Detail,22200513,104,1610612766,Charlotte Hornets,1,4,8,Made Shot,Putback Dunk Shot,,Restricted Area,Center(C),Less Than 8 ft.,0,0,0,1,1,20221227,GSW,CHA,|1626179|1629023|1629667|1630163|203486,0,REG,2023,1630164,C,Anchor Big,0.01,C,Roll + Cut Big,0.22
1631109,Mark Williams,22200513131,Shot Chart Detail,22200513,131,1610612766,Charlotte Hornets,1,2,39,Made Shot,Cutting Dunk Shot,,Restricted Area,Center(C),Less Than 8 ft.,3,9,34,1,1,20221227,GSW,CHA,|1626179|1629667|1630177|1630550|1631109,1,REG,2023,1630164,C,Anchor Big,0.01,C,Roll + Cut Big,-1.37
202330,Gordon Hayward,22200513149,Shot Chart Detail,22200513,149,1610612766,Charlotte Hornets,1,1,4,Made Shot,Pullup Jump shot,,Mid-Range,Right Side(R),16-24 ft.,16,161,-5,1,1,20221227,GSW,CHA,|1629667|1630177|1630550|1631109|202330,0,REG,2023,1630164,C,Anchor Big,0.01,SF,Secondary Ball Handler,-1.26
1631109,Mark Williams,22200513519,Shot Chart Detail,22200513,519,1610612766,Charlotte Hornets,3,0,59,Missed Shot,Turnaround Hook Shot,,In The Paint (Non-RA),Center(C),Less Than 8 ft.,7,1,75,1,0,20221227,GSW,CHA,|1629667|1630177|1630550|1631109|202330,0,REG,2023,1630164,C,Anchor Big,0.01,C,Roll + Cut Big,-1.37
1631109,Mark Williams,22200513523,Shot Chart Detail,22200513,523,1610612766,Charlotte Hornets,3,0,48,Made Shot,Floating Jump shot,,In The Paint (Non-RA),Center(C),8-16 ft.,8,0,81,1,1,20221227,GSW,CHA,|1629667|1630177|1630550|1631109|202330,0,REG,2023,1630164,C,Anchor Big,0.01,C,Roll + Cut Big,-1.37
1631109,Mark Williams,22200513559,Shot Chart Detail,22200513,559,1610612766,Charlotte Hornets,4,9,54,Made Shot,Layup Shot,,In The Paint (Non-RA),Center(C),Less Than 8 ft.,5,43,33,1,1,20221227,GSW,CHA,|1629667|1630163|1630550|1631109|202330,1,REG,2023,1629660|1630164,,,,C,Roll + Cut Big,-1.37
1630163,LaMelo Ball,22200513563,Shot Chart Detail,22200513,563,1610612766,Charlotte Hornets,4,9,31,Made Shot,Driving Floating Jump Shot,,In The Paint (Non-RA),Center(C),Less Than 8 ft.,7,20,69,1,1,20221227,GSW,CHA,|1629667|1630163|1630550|1631109|202330,0,REG,2023,1630164,C,Anchor Big,0.01,PG,Primary Ball Handler,2.29
204001,Kristaps Porzingis,2220076932,Shot Chart Detail,22200769,32,1610612764,Washington Wizards,1,8,45,Missed Shot,Jump Shot,,Above the Break 3,Left Side Center(LC),24+ ft.,27,-112,254,1,0,20230307,DET,WAS,|1626153|1628398|1629655|203078|204001,0,REG,2023,1630164,C,Anchor Big,0.01,C,Versatile Big,1.55
203078,Bradley Beal,2220076984,Shot Chart Detail,22200769,84,1610612764,Washington Wizards,1,4,16,Missed Shot,Pullup Jump shot,,Above the Break 3,Center(C),24+ ft.,26,67,257,1,0,20230307,DET,WAS,|1626153|1630166|1630557|203078|204001,0,REG,2023,1630164|1628963,,,,SG,Shot Creator,1.96
1630557,Corey Kispert,22200769129,Shot Chart Detail,22200769,129,1610612764,Washington Wizards,1,1,33,Made Shot,Jump Shot,,Above the Break 3,Right Side Center(RC),24+ ft.,25,228,123,1,1,20230307,DET,WAS,|1628398|1629655|1630166|1630557|1630692,1,REG,2023,1630164,C,Anchor Big,0.01,SF,Movement Shooter,-1.34
204001,Kristaps Porzingis,22200769264,Shot Chart Detail,22200769,264,1610612764,Washington Wizards,2,2,28,Made Shot,Driving Dunk Shot,,Restricted Area,Center(C),Less Than 8 ft.,2,15,23,1,1,20230307,DET,WAS,|1626153|1628398|1630166|203078|204001,1,REG,2023,1630164,C,Anchor Big,0.01,C,Versatile Big,1.55
1629655,Daniel Gafford,22200769320,Shot Chart Detail,22200769,320,1610612764,Washington Wizards,3,9,47,Missed Shot,Dunk Shot,,Restricted Area,Center(C),Less Than 8 ft.,2,12,27,1,0,20230307,DET,WAS,|1626153|1628398|1629655|203078|204001,0,REG,2023,1630164|1628963,,,,C,Roll + Cut Big,-0.86
203078,Bradley Beal,22200769325,Shot Chart Detail,22200769,325,1610612764,Washington Wizards,3,9,24,Made Shot,Driving Layup Shot,,Restricted Area,Center(C),Less Than 8 ft.,2,-27,3,1,1,20230307,DET,WAS,|1626153|1628398|1629655|203078|204001,0,REG,2023,1630164,C,Anchor Big,0.01,SG,Shot Creator,1.96
1628398,Kyle Kuzma,22200769351,Shot Chart Detail,22200769,351,1610612764,Washington Wizards,3,6,24,Made Shot,Driving Floating Jump Shot,,In The Paint (Non-RA),Center(C),Less Than 8 ft.,7,16,74,1,1,20230307,DET,WAS,|1626153|1628398|1629655|203078|204001,1,REG,2023,1631093|1630164,,,,PF,Shot Creator,-0.59
1628398,Kyle Kuzma,22200769360,Shot Chart Detail,22200769,360,1610612764,Washington Wizards,3,5,15,Made Shot,Jump Shot,,Above the Break 3,Center(C),24+ ft.,30,-45,306,1,1,20230307,DET,WAS,|1626153|1628398|1630557|203078|204001,1,REG,2023,1630164,C,Anchor Big,0.01,PF,Shot Creator,-0.59
1629655,Daniel Gafford,22200769456,Shot Chart Detail,22200769,456,1610612764,Washington Wizards,4,11,24,Made Shot,Turnaround Hook Shot,,Restricted Area,Center(C),Less Than 8 ft.,3,-5,30,1,1,20230307,DET,WAS,|1628398|1629655|1630166|1630557|1630692,1,REG,2023,1630164,C,Anchor Big,0.01,C,Roll + Cut Big,-0.86
1630557,Corey Kispert,22200769460,Shot Chart Detail,22200769,460,1610612764,Washington Wizards,4,10,46,Made Shot,Putback Layup Shot,,Restricted Area,Center(C),Less Than 8 ft.,1,-18,0,1,1,20230307,DET,WAS,|1628398|1629655|1630166|1630557|1630692,0,REG,2023,202709|1630164,,,,SF,Movement Shooter,-1.34
1630692,Jordan Goodwin,22200769467,Shot Chart Detail,22200769,467,1610612764,Washington Wizards,4,10,19,Made Shot,Driving Floating Jump Shot,,In The Paint (Non-RA),Center(C),Less Than 8 ft.,7,2,77,1,1,20230307,DET,WAS,|1628398|1629655|1630166|1630557|1630692,0,REG,2023,1630164,C,Anchor Big,0.01,PG,Athletic Finisher,-0.73
203078,Bradley Beal,22200769536,Shot Chart Detail,22200769,536,1610612764,Washington Wizards,4,5,44,Made Shot,Pullup Jump shot,,Mid-Range,Right Side(R),8-16 ft.,13,132,-10,1,1,20230307,DET,WAS,|1626153|1628398|1630557|203078|204001,0,REG,2023,1630164,C,Anchor Big,0.01,SG,Shot Creator,1.96
204001,Kristaps Porzingis,22200769538,Shot Chart Detail,22200769,538,1610612764,Washington Wizards,4,5,10,Made Shot,Jump Shot,,Mid-Range,Right Side(R),8-16 ft.,12,82,100,1,1,20230307,DET,WAS,|1626153|1628398|1630557|203078|204001,1,REG,2023,1631093|1630164,,,,C,Versatile Big,1.55
204001,Kristaps Porzingis,22200769542,Shot Chart Detail,22200769,542,1610612764,Washington Wizards,4,4,25,Missed Shot,Jump Shot,,Above the Break 3,Left Side Center(LC),24+ ft.,26,-120,236,1,0,20230307,DET,WAS,|1626153|1628398|1630557|203078|204001,0,REG,2023,1630164,C,Anchor Big,0.01,C,Versatile Big,1.55
203078,Bradley Beal,22200769572,Shot Chart Detail,22200769,572,1610612764,Washington Wizards,4,2,0,Made Shot,Driving Floating Jump Shot,,In The Paint (Non-RA),Center(C),8-16 ft.,8,2,80,1,1,20230307,DET,WAS,|1626153|1628398|1630557|203078|204001,1,REG,2023,1630164,C,Anchor Big,0.01,SG,Shot Creator,1.96
204001,Kristaps Porzingis,22200769581,Shot Chart Detail,22200769,581,1610612764,Washington Wizards,4,1,10,Missed Shot,Jump Shot,,Above the Break 3,Center(C),24+ ft.,26,1,267,1,0,20230307,DET,WAS,|1626153|1628398|1630557|203078|204001,0,REG,2023,1630164,C,Anchor Big,0.01,C,Versatile Big,1.55
1628971,Bruce Brown,22200783174,Shot Chart Detail,22200783,174,1610612743,Denver Nuggets,2,11,28,Missed Shot,Driving Finger Roll Layup Shot,,Restricted Area,Center(C),Less Than 8 ft.,3,26,17,1,0,20230202,DEN,GSW,|1627750|1628971|1630192|1631128|201145,0,REG,2023,1629673|1630164,,,,SF,Primary Ball Handler,-0.43
201145,Jeff Green,22200783192,Shot Chart Detail,22200783,192,1610612743,Denver Nuggets,2,9,54,Missed Shot,Jump Shot,,Mid-Range,Right Side(R),8-16 ft.,9,92,26,1,0,20230202,DEN,GSW,|1627750|1628971|1630192|1631128|201145,0,REG,2023,1630164,C,Anchor Big,0.01,PF,Versatile Big,-1.17
1627750,Jamal Murray,22200783218,Shot Chart Detail,22200783,218,1610612743,Denver Nuggets,2,7,41,Missed Shot,Jump Shot,3PT Field Goal,Above the Break 3,Center(C),24+ ft.,26,18,260,1,0,20230202,DEN,GSW,|1627750|1628971|1630192|1631128|201145,0,REG,2023,1630164,C,Anchor Big,0.01,PG,Shot Creator,1.93
203484,Kentavious Caldwell-Pope,22200783233,Shot Chart Detail,22200783,233,1610612743,Denver Nuggets,2,7,19,Missed Shot,Pullup Jump shot,,Mid-Range,Center(C),8-16 ft.,14,-42,142,1,0,20230202,DEN,GSW,|1628427|1628971|1631128|203484|203999,0,REG,2023,1630164,C,Anchor Big,0.01,SG,Movement Shooter,-0.04
203999,Nikola Jokic,22200783237,Shot Chart Detail,22200783,237,1610612743,Denver Nuggets,2,6,55,Missed Shot,Turnaround Hook Shot,,In The Paint (Non-RA),Center(C),Less Than 8 ft.,4,36,24,1,0,20230202,DEN,GSW,|1628427|1628971|1631128|203484|203999,0,REG,2023,1630164,C,Anchor Big,0.01,C,Post Scorer,4.95
203999,Nikola Jokic,22200783248,Shot Chart Detail,22200783,248,1610612743,Denver Nuggets,2,6,41,Made Shot,Turnaround Hook Shot,,In The Paint (Non-RA),Center(C),Less Than 8 ft.,4,29,30,1,1,20230202,DEN,GSW,|1628427|1628971|1629008|203484|203999,1,REG,2023,203210|1630164,,,,C,Post Scorer,4.95
203999,Nikola Jokic,22200783256,Shot Chart Detail,22200783,256,1610612743,Denver Nuggets,2,5,56,Made Shot,Hook Shot,,In The Paint (Non-RA),Center(C),Less Than 8 ft.,5,16,50,1,1,20230202,DEN,GSW,|1628427|1628971|1629008|203484|203999,1,REG,2023,1630164,C,Anchor Big,0.01,C,Post Scorer,4.95
1628971,Bruce Brown,22200783530,Shot Chart Detail,22200783,530,1610612743,Denver Nuggets,4,11,46,Missed Shot,Pullup Jump shot,2PT Field Goal,In The Paint (Non-RA),Center(C),8-16 ft.,11,36,107,1,0,20230202,DEN,GSW,|1628971|1630192|1631128|201145|203484,0,REG,2023,1630164,C,Anchor Big,0.01,SF,Primary Ball Handler,-0.43
203484,Kentavious Caldwell-Pope,22200783547,Shot Chart Detail,22200783,547,1610612743,Denver Nuggets,4,9,39,Made Shot,Pullup Jump shot,,Mid-Range,Center(C),16-24 ft.,18,-18,180,1,1,20230202,DEN,GSW,|1628971|1630192|1631128|201145|203484,1,REG,2023,1630164,C,Anchor Big,0.01,SG,Movement Shooter,-0.04
1628971,Bruce Brown,22200783552,Shot Chart Detail,22200783,552,1610612743,Denver Nuggets,4,9,13,Made Shot,Driving Finger Roll Layup Shot,2PT Field Goal,Restricted Area,Center(C),Less Than 8 ft.,3,32,12,1,1,20230202,DEN,GSW,|1628971|1630192|1631128|201145|203484,1,REG,2023,1630164,C,Anchor Big,0.01,SF,Primary Ball Handler,-0.43
203484,Kentavious Caldwell-Pope,22200783573,Shot Chart Detail,22200783,573,1610612743,Denver Nuggets,4,7,42,Missed Shot,Running Pull-Up Jump Shot,,Above the Break 3,Center(C),24+ ft.,26,54,262,1,0,20230202,DEN,GSW,|1628971|1630192|1631128|201145|203484,0,REG,2023,1630164,C,Anchor Big,0.01,SG,Movement Shooter,-0.04
1627750,Jamal Murray,22200783632,Shot Chart Detail,22200783,632,1610612743,Denver Nuggets,4,3,9,Missed Shot,Step Back Jump shot,3PT Field Goal,Above the Break 3,Left Side Center(LC),24+ ft.,27,-116,247,1,0,20230202,DEN,GSW,|1627750|1628427|1629008|203484|203999,0,REG,2023,1630164,C,Anchor Big,0.01,PG,Shot Creator,1.93
1629008,Michael Porter Jr.,22200783651,Shot Chart Detail,22200783,651,1610612743,Denver Nuggets,4,1,27,Made Shot,Driving Layup Shot,,Restricted Area,Center(C),Less Than 8 ft.,3,-26,27,1,1,20230202,DEN,GSW,|1627750|1628427|1629008|1630192|203484,1,REG,2023,1630541|1630164,,,,SF,Off Screen Shooter,1.01
1628369,Jayson Tatum,22200877124,Shot Chart Detail,22200877,124,1610612738,Boston Celtics,1,1,53,Missed Shot,Running Pull-Up Jump Shot,,Above the Break 3,Center(C),24+ ft.,25,58,248,1,0,20230215,BOS,DET,|1627763|1628369|1628436|1629684|1630573,0,REG,2023,1630164,C,Anchor Big,0.01,SF,Shot Creator,3.54
1627763,Malcolm Brogdon,22200877167,Shot Chart Detail,22200877,167,1610612738,Boston Celtics,2,9,39,Made Shot,Pullup Jump shot,3PT Field Goal,Above the Break 3,Left Side Center(LC),24+ ft.,26,-120,235,1,1,20230215,BOS,DET,|1627763|1628401|1628436|1629684|1630573,0,REG,2023,1630164,C,Anchor Big,0.01,PG,Primary Ball Handler,1.13
1627763,Malcolm Brogdon,22200877283,Shot Chart Detail,22200877,283,1610612738,Boston Celtics,2,1,41,Made Shot,Jump Shot,3PT Field Goal,Left Corner 3,Left Side(L),24+ ft.,22,-225,34,1,1,20230215,BOS,DET,|1627763|1628369|1628436|201143|203935,1,REG,2023,1630164,C,Anchor Big,0.01,PG,Primary Ball Handler,1.13
1628369,Jayson Tatum,22200877384,Shot Chart Detail,22200877,384,1610612738,Boston Celtics,3,5,11,Made Shot,Driving Layup Shot,,Restricted Area,Center(C),Less Than 8 ft.,3,-36,6,1,1,20230215,BOS,DET,|1627763|1628369|1628436|201143|203935,1,REG,2023,1630164|1630165,,,,SF,Shot Creator,3.54
1630573,Sam Hauser,22200877410,Shot Chart Detail,22200877,410,1610612738,Boston Celtics,3,4,0,Missed Shot,Jump Shot,,Left Corner 3,Left Side(L),24+ ft.,22,-227,26,1,0,20230215,BOS,DET,|1627763|1628369|1628436|1629684|1630573,0,REG,2023,1630164,C,Anchor Big,0.01,SF,Off Screen Shooter,-0.07
1628369,Jayson Tatum,22200877426,Shot Chart Detail,22200877,426,1610612738,Boston Celtics,3,2,47,Made Shot,Step Back Jump shot,,Above the Break 3,Right Side Center(RC),24+ ft.,25,121,220,1,1,20230215,BOS,DET,|1627763|1628369|1628436|1629684|1630573,0,REG,2023,1630164,C,Anchor Big,0.01,SF,Shot Creator,3.54
1628369,Jayson Tatum,22200877429,Shot Chart Detail,22200877,429,1610612738,Boston Celtics,3,2,14,Made Shot,Pullup Jump shot,,Above the Break 3,Left Side Center(LC),24+ ft.,25,-179,184,1,1,20230215,BOS,DET,|1627763|1628369|1628436|1629684|1630573,0,REG,2023,1630164,C,Anchor Big,0.01,SF,Shot Creator,3.54
1630573,Sam Hauser,22200877436,Shot Chart Detail,22200877,436,1610612738,Boston Celtics,3,1,35,Made Shot,Jump Shot,,Above the Break 3,Left Side Center(LC),24+ ft.,27,-104,252,1,1,20230215,BOS,DET,|1627763|1628369|1628436|1629684|1630573,1,REG,2023,1630164,C,Anchor Big,0.01,SF,Off Screen Shooter,-0.07
1628369,Jayson Tatum,22200877453,Shot Chart Detail,22200877,453,1610612738,Boston Celtics,3,0,31,Made Shot,Pullup Jump shot,,Above the Break 3,Right Side Center(RC),24+ ft.,25,104,231,1,1,20230215,BOS,DET,|1627763|1628369|1628436|1629684|1630573,0,REG,2023,1630587|1630164,,,,SF,Shot Creator,3.54
1629684,Grant Williams,22200877467,Shot Chart Detail,22200877,467,1610612738,Boston Celtics,4,10,59,Missed Shot,Jump Shot,,Above the Break 3,Right Side Center(RC),24+ ft.,25,165,194,1,0,20230215,BOS,DET,|1627763|1628401|1629684|1630573|201933,0,REG,2023,1630164,C,Anchor Big,0.01,PF,Movement Shooter,-1.19
201933,Blake Griffin,22200877484,Shot Chart Detail,22200877,484,1610612738,Boston Celtics,4,9,41,Made Shot,Cutting Layup Shot,,Restricted Area,Center(C),Less Than 8 ft.,1,2,17,1,1,20230215,BOS,DET,|1627763|1628401|1629684|1630573|201933,1,REG,2023,202709|1630164,,,,C,Stretch Big,-0.91
1630175,Cole Anthony,22200888149,Shot Chart Detail,22200888,149,1610612753,Orlando Magic,1,0,55,Missed Shot,Driving Floating Bank Jump Shot,,In The Paint (Non-RA),Center(C),Less Than 8 ft.,7,55,54,1,0,20230223,ORL,DET,|1628371|1629021|1629626|1630175|1630591,0,REG,2023,1630164,C,Anchor Big,0.01,PG,Primary Ball Handler,0.9
1629626,Bol Bol,22200888200,Shot Chart Detail,22200888,200,1610612753,Orlando Magic,2,8,56,Missed Shot,Tip Layup Shot,,Restricted Area,Center(C),Less Than 8 ft.,0,0,0,1,0,20230223,ORL,DET,|1629021|1629626|1630175|1630532|1630591,0,REG,2023,1630164,C,Anchor Big,0.01,PF,Athletic Finisher,-2.06
1629021,Moritz Wagner,22200888202,Shot Chart Detail,22200888,202,1610612753,Orlando Magic,2,8,52,Made Shot,Cutting Dunk Shot,2PT Field Goal,Restricted Area,Center(C),Less Than 8 ft.,1,1,16,1,1,20230223,ORL,DET,|1629021|1629626|1630175|1630532|1630591,1,REG,2023,1630164,C,Anchor Big,0.01,C,Stretch Big,0.63
1629626,Bol Bol,22200888212,Shot Chart Detail,22200888,212,1610612753,Orlando Magic,2,7,49,Missed Shot,Step Back Jump shot,,Above the Break 3,Right Side Center(RC),24+ ft.,27,119,248,1,0,20230223,ORL,DET,|1629021|1629626|1630175|1630532|1630591,0,REG,2023,1630164,C,Anchor Big,0.01,PF,Athletic Finisher,-2.06
1630175,Cole Anthony,22200888219,Shot Chart Detail,22200888,219,1610612753,Orlando Magic,2,7,18,Missed Shot,Pullup Jump shot,,In The Paint (Non-RA),Center(C),8-16 ft.,12,6,123,1,0,20230223,ORL,DET,|1628976|1629626|1630175|1630532|203914,0,REG,2023,1630587|1630164,,,,PG,Primary Ball Handler,0.9
1628976,Wendell Carter Jr.,22200888226,Shot Chart Detail,22200888,226,1610612753,Orlando Magic,2,6,33,Missed Shot,Jump Shot,2PT Field Goal,Mid-Range,Center(C),8-16 ft.,15,-6,159,1,0,20230223,ORL,DET,|1628976|1629626|1630175|1630532|203914,0,REG,2023,1628977|1630164,,,,C,Stretch Big,-0.86
1628976,Wendell Carter Jr.,22200888271,Shot Chart Detail,22200888,271,1610612753,Orlando Magic,2,4,30,Made Shot,Cutting Finger Roll Layup Shot,,Restricted Area,Center(C),Less Than 8 ft.,2,1,21,1,1,20230223,ORL,DET,|1628365|1628976|1630532|1631094|203914,1,REG,2023,1630164,C,Anchor Big,0.01,C,Stretch Big,-0.86
1631094,Paolo Banchero,22200888276,Shot Chart Detail,22200888,276,1610612753,Orlando Magic,2,4,6,Missed Shot,Driving Layup Shot,,Restricted Area,Center(C),Less Than 8 ft.,1,5,13,1,0,20230223,ORL,DET,|1628365|1628976|1630532|1631094|203914,0,REG,2023,1630164,C,Anchor Big,0.01,PF,Shot Creator,-0.46
1628976,Wendell Carter Jr.,22200888287,Shot Chart Detail,22200888,287,1610612753,Orlando Magic,2,2,48,Missed Shot,Jump Shot,,Right Corner 3,Right Side(R),24+ ft.,23,233,1,1,0,20230223,ORL,DET,|1628365|1628976|1630591|1631094|203914,0,REG,2023,1630164,C,Anchor Big,0.01,C,Stretch Big,-0.86
1628976,Wendell Carter Jr.,22200888451,Shot Chart Detail,22200888,451,1610612753,Orlando Magic,3,3,16,Missed Shot,Jump Shot,,Above the Break 3,Right Side Center(RC),24+ ft.,24,179,173,1,0,20230223,ORL,DET,|1628371|1628976|1630175|1630591|1631094,0,REG,2023,1630164,C,Anchor Big,0.01,C,Stretch Big,-0.86
1630175,Cole Anthony,22200888466,Shot Chart Detail,22200888,466,1610612753,Orlando Magic,3,2,22,Missed Shot,Reverse Layup Shot,,Restricted Area,Center(C),Less Than 8 ft.,2,-23,16,1,0,20230223,ORL,DET,|1628371|1629021|1630175|1630591|1631094,0,REG,2023,1630587|1630164,,,,PG,Primary Ball Handler,0.9
1630175,Cole Anthony,22200888486,Shot Chart Detail,22200888,486,1610612753,Orlando Magic,3,1,17,Made Shot,Jump Shot,,Above the Break 3,Right Side Center(RC),24+ ft.,26,134,227,1,1,20230223,ORL,DET,|1628371|1629021|1629626|1630175|1630591,1,REG,2023,1630164,C,Anchor Big,0.01,PG,Primary Ball Handler,0.9
1630175,Cole Anthony,22200888502,Shot Chart Detail,22200888,502,1610612753,Orlando Magic,4,11,38,Made Shot,Jump Shot,,Left Corner 3,Left Side(L),24+ ft.,23,-230,22,1,1,20230223,ORL,DET,|1628371|1629021|1629626|1630175|1630591,0,REG,2023,1630164,C,Anchor Big,0.01,PG,Primary Ball Handler,0.9
1630591,Jalen Suggs,22200888518,Shot Chart Detail,22200888,518,1610612753,Orlando Magic,4,9,56,Missed Shot,Driving Reverse Layup Shot,,Restricted Area,Center(C),Less Than 8 ft.,2,-23,6,1,0,20230223,ORL,DET,|1628371|1629021|1629626|1630175|1630591,0,REG,2023,1630164,C,Anchor Big,0.01,SG,Primary Ball Handler,-1.39
1628371,Jonathan Isaac,22200888520,Shot Chart Detail,22200888,520,1610612753,Orlando Magic,4,9,52,Made Shot,Putback Dunk Shot,2PT Field Goal,Restricted Area,Center(C),Less Than 8 ft.,1,-15,4,1,1,20230223,ORL,DET,|1628371|1629021|1629626|1630175|1630591,0,REG,2023,1630587|1630164,,,,PF,Post Scorer,0.18
1629626,Bol Bol,22200888542,Shot Chart Detail,22200888,542,1610612753,Orlando Magic,4,8,39,Missed Shot,Jump Shot,,Left Corner 3,Left Side(L),24+ ft.,22,-227,21,1,0,20230223,ORL,DET,|1629021|1629626|1630175|1630532|1630591,0,REG,2023,1630164,C,Anchor Big,0.01,PF,Athletic Finisher,-2.06
1630567,Scottie Barnes,2220090313,Shot Chart Detail,22200903,13,1610612761,Toronto Raptors,1,10,50,Missed Shot,Driving Floating Jump Shot,,In The Paint (Non-RA),Center(C),Less Than 8 ft.,4,-47,17,1,0,20230225,DET,TOR,|1627751|1627783|1628384|1629018|1630567,0,REG,2023,1630164,C,Anchor Big,0.01,SF,Shot Creator,0.35
1627783,Pascal Siakam,2220090359,Shot Chart Detail,22200903,59,1610612761,Toronto Raptors,1,7,24,Made Shot,Layup Shot,,Restricted Area,Center(C),Less Than 8 ft.,2,12,25,1,1,20230225,DET,TOR,|1627751|1627783|1628384|1629018|1630567,1,REG,2023,1630164,C,Anchor Big,0.01,PF,Shot Creator,1.84
1629018,Gary Trent Jr.,2220090364,Shot Chart Detail,22200903,64,1610612761,Toronto Raptors,1,7,12,Missed Shot,Jump Shot,,Left Corner 3,Left Side(L),24+ ft.,22,-227,-2,1,0,20230225,DET,TOR,|1627751|1627783|1628384|1629018|1630567,0,REG,2023,1630164,C,Anchor Big,0.01,SG,Movement Shooter,0.06
1628384,O.G. Anunoby,22200903236,Shot Chart Detail,22200903,236,1610612761,Toronto Raptors,2,8,5,Made Shot,Driving Floating Jump Shot,,In The Paint (Non-RA),Center(C),Less Than 8 ft.,6,61,22,1,1,20230225,DET,TOR,|1627751|1628384|1629018|1630288|1630567,1,REG,2023,1630164,C,Anchor Big,0.01,SF,Shot Creator,0.02
1627751,Jakob Poeltl,22200903399,Shot Chart Detail,22200903,399,1610612761,Toronto Raptors,3,8,11,Made Shot,Tip Layup Shot,2PT Field Goal,Restricted Area,Center(C),Less Than 8 ft.,0,0,0,1,1,20230225,DET,TOR,|1627751|1627783|1628384|1629018|1630567,0,REG,2023,1630164,C,Anchor Big,0.01,C,Roll + Cut Big,0.04
1629018,Gary Trent Jr.,22200903408,Shot Chart Detail,22200903,408,1610612761,Toronto Raptors,3,7,9,Missed Shot,Jump Shot,,Above the Break 3,Center(C),24+ ft.,25,48,247,1,0,20230225,DET,TOR,|1627751|1627783|1628384|1629018|1630567,0,REG,2023,1630164,C,Anchor Big,0.01,SG,Movement Shooter,0.06
1627751,Jakob Poeltl,22200903423,Shot Chart Detail,22200903,423,1610612761,Toronto Raptors,3,6,6,Missed Shot,Tip Layup Shot,2PT Field Goal,Restricted Area,Center(C),Less Than 8 ft.,0,0,0,1,0,20230225,DET,TOR,|1627751|1627783|1628384|1629018|1630567,0,REG,2023,1630164,C,Anchor Big,0.01,C,Roll + Cut Big,0.04
1630567,Scottie Barnes,22200903435,Shot Chart Detail,22200903,435,1610612761,Toronto Raptors,3,5,14,Missed Shot,Finger Roll Layup Shot,,Restricted Area,Center(C),Less Than 8 ft.,3,-2,34,1,0,20230225,DET,TOR,|1627751|1627783|1628384|1629018|1630567,0,REG,2023,1630164,C,Anchor Big,0.01,SF,Shot Creator,0.35
1630567,Scottie Barnes,22200903575,Shot Chart Detail,22200903,575,1610612761,Toronto Raptors,4,8,42,Made Shot,Driving Layup Shot,,In The Paint (Non-RA),Center(C),Less Than 8 ft.,4,-15,38,1,1,20230225,DET,TOR,|1628384|1628449|1630173|1630288|1630567,0,REG,2023,1630164,C,Anchor Big,0.01,SF,Shot Creator,0.35
1631109,Mark Williams,2220091912,Shot Chart Detail,22200919,12,1610612766,Charlotte Hornets,1,11,10,Made Shot,Hook Shot,,Restricted Area,Center(C),Less Than 8 ft.,3,25,25,1,1,20230227,CHA,DET,|1626179|1630163|1630550|1631109|202330,1,REG,2023,1630164,C,Anchor Big,0.01,C,Roll + Cut Big,-1.37
202330,Gordon Hayward,2220091920,Shot Chart Detail,22200919,20,1610612766,Charlotte Hornets,1,9,58,Made Shot,Pullup Jump shot,,In The Paint (Non-RA),Center(C),8-16 ft.,11,50,98,1,1,20230227,CHA,DET,|1626179|1630163|1630550|1631109|202330,0,REG,2023,1630164,C,Anchor Big,0.01,SF,Secondary Ball Handler,-1.26
1630163,LaMelo Ball,2220091949,Shot Chart Detail,22200919,49,1610612766,Charlotte Hornets,1,7,22,Made Shot,Running Jump Shot,,Above the Break 3,Left Side Center(LC),24+ ft.,28,-159,237,1,1,20230227,CHA,DET,|1626179|1630163|1630550|1631109|202330,1,REG,2023,1630164,C,Anchor Big,0.01,PG,Primary Ball Handler,2.29
1631109,Mark Williams,2220091965,Shot Chart Detail,22200919,65,1610612766,Charlotte Hornets,1,6,2,Made Shot,Hook Shot,,In The Paint (Non-RA),Center(C),Less Than 8 ft.,7,-1,71,1,1,20230227,CHA,DET,|1626179|1630163|1630550|1631109|202330,1,REG,2023,1630164,C,Anchor Big,0.01,C,Roll + Cut Big,-1.37
202330,Gordon Hayward,2220091968,Shot Chart Detail,22200919,68,1610612766,Charlotte Hornets,1,5,22,Made Shot,Fadeaway Jump Shot,,Mid-Range,Right Side(R),8-16 ft.,15,104,120,1,1,20230227,CHA,DET,|1626179|1630163|1630550|1631109|202330,0,REG,2023,1630164|1630165,,,,SF,Secondary Ball Handler,-1.26
1631109,Mark Williams,22200919240,Shot Chart Detail,22200919,240,1610612766,Charlotte Hornets,2,5,35,Made Shot,Floating Jump shot,,In The Paint (Non-RA),Center(C),Less Than 8 ft.,6,11,67,1,1,20230227,CHA,DET,|1626179|1628372|1630550|1631109|202330,1,REG,2023,1630164,C,Anchor Big,0.01,C,Roll + Cut Big,-1.37
1631109,Mark Williams,22200919257,Shot Chart Detail,22200919,257,1610612766,Charlotte Hornets,2,4,17,Made Shot,Alley Oop Dunk Shot,,Restricted Area,Center(C),Less Than 8 ft.,1,-9,6,1,1,20230227,CHA,DET,|1626179|1630163|1630550|1631109|202330,1,REG,2023,202692|1630164,,,,C,Roll + Cut Big,-1.37
1626179,Terry Rozier,22200919274,Shot Chart Detail,22200919,274,1610612766,Charlotte Hornets,2,3,0,Made Shot,Pullup Jump shot,2PT Field Goal,In The Paint (Non-RA),Center(C),8-16 ft.,10,18,104,1,1,20230227,CHA,DET,|1626179|1630163|1630550|1631109|202330,0,REG,2023,1630164,C,Anchor Big,0.01,SG,Primary Ball Handler,1.13
1631109,Mark Williams,22200919298,Shot Chart Detail,22200919,298,1610612766,Charlotte Hornets,2,1,12,Made Shot,Tip Dunk Shot,,Restricted Area,Center(C),Less Than 8 ft.,0,0,0,1,1,20230227,CHA,DET,|1626162|1626179|1630163|1631109|202330,0,REG,2023,1630164|1630165,,,,C,Roll + Cut Big,-1.37
202330,Gordon Hayward,22200919595,Shot Chart Detail,22200919,595,1610612766,Charlotte Hornets,4,2,5,Missed Shot,Jump Shot,,Right Corner 3,Right Side(R),24+ ft.,24,239,32,1,0,20230227,CHA,DET,|1626162|1626179|1628372|1631109|202330,0,REG,2023,1630164,C,Anchor Big,0.01,SF,Secondary Ball Handler,-1.26
203897,Zach LaVine,2220093413,Shot Chart Detail,22200934,13,1610612741,Chicago Bulls,1,10,43,Made Shot,Driving Reverse Layup Shot,,Restricted Area,Center(C),Less Than 8 ft.,2,-18,11,1,1,20230301,DET,CHI,|1627936|201942|201976|202696|203897,1,REG,2023,1630164|1630165,,,,SG,Shot Creator,1.34
201942,DeMar DeRozan,2220093437,Shot Chart Detail,22200934,37,1610612741,Chicago Bulls,1,7,44,Made Shot,Driving Reverse Layup Shot,,Restricted Area,Center(C),Less Than 8 ft.,1,10,10,1,1,20230301,DET,CHI,|1627936|201942|201976|202696|203897,0,REG,2023,1631093|1630164|203585,,,,SF,Shot Creator,1.3
203897,Zach LaVine,2220093443,Shot Chart Detail,22200934,43,1610612741,Chicago Bulls,1,7,22,Made Shot,Reverse Layup Shot,,Restricted Area,Center(C),Less Than 8 ft.,2,22,6,1,1,20230301,DET,CHI,|1627936|201942|201976|202696|203897,1,REG,2023,1630164,C,Anchor Big,0.01,SG,Shot Creator,1.34
202696,Nikola Vucevic,2220093450,Shot Chart Detail,22200934,50,1610612741,Chicago Bulls,1,6,42,Missed Shot,Jump Shot,,Above the Break 3,Right Side Center(RC),24+ ft.,25,115,232,1,0,20230301,DET,CHI,|1627936|201942|201976|202696|203897,0,REG,2023,1630164,C,Anchor Big,0.01,C,Versatile Big,-0.16
1630245,Ayo Dosunmu,22200934206,Shot Chart Detail,22200934,206,1610612741,Chicago Bulls,2,7,33,Made Shot,Driving Reverse Layup Shot,,Restricted Area,Center(C),Less Than 8 ft.,1,16,1,1,1,20230301,DET,CHI,|1629632|1630172|1630245|201942|203083,1,REG,2023,1630164|1630181,,,,SG,Primary Ball Handler,-1.82
202696,Nikola Vucevic,22200934227,Shot Chart Detail,22200934,227,1610612741,Chicago Bulls,2,6,7,Made Shot,Cutting Dunk Shot,,Restricted Area,Center(C),Less Than 8 ft.,0,-5,7,1,1,20230301,DET,CHI,|1630172|201942|201976|202696|203897,1,REG,2023,1630164,C,Anchor Big,0.01,C,Versatile Big,-0.16
1630172,Patrick Williams,22200934231,Shot Chart Detail,22200934,231,1610612741,Chicago Bulls,2,5,42,Made Shot,Running Layup Shot,2PT Field Goal,Restricted Area,Center(C),Less Than 8 ft.,2,23,8,1,1,20230301,DET,CHI,|1630172|201942|201976|202696|203897,1,REG,2023,202709|1630164,,,,PF,Athletic Finisher,-2.43
202696,Nikola Vucevic,22200934234,Shot Chart Detail,22200934,234,1610612741,Chicago Bulls,2,5,12,Missed Shot,Jump Shot,,Above the Break 3,Left Side Center(LC),24+ ft.,25,-138,218,1,0,20230301,DET,CHI,|1630172|201942|201976|202696|203897,0,REG,2023,1630164,C,Anchor Big,0.01,C,Versatile Big,-0.16
202696,Nikola Vucevic,22200934358,Shot Chart Detail,22200934,358,1610612741,Chicago Bulls,3,7,51,Missed Shot,Jump Shot,,Above the Break 3,Right Side Center(RC),24+ ft.,28,131,256,1,0,20230301,DET,CHI,|1627936|201942|201976|202696|203897,0,REG,2023,1630164,C,Anchor Big,0.01,C,Versatile Big,-0.16
202696,Nikola Vucevic,22200934378,Shot Chart Detail,22200934,378,1610612741,Chicago Bulls,3,6,28,Missed Shot,Jump Shot,,Mid-Range,Left Side(L),8-16 ft.,15,-115,104,1,0,20230301,DET,CHI,|1630172|201942|201976|202696|203897,0,REG,2023,1630164,C,Anchor Big,0.01,C,Versatile Big,-0.16
202696,Nikola Vucevic,22200934549,Shot Chart Detail,22200934,549,1610612741,Chicago Bulls,4,7,8,Missed Shot,Driving Hook Shot,,In The Paint (Non-RA),Center(C),Less Than 8 ft.,4,22,41,1,0,20230301,DET,CHI,|1630172|201942|201976|202696|203897,0,REG,2023,1630164,C,Anchor Big,0.01,C,Versatile Big,-0.16
202696,Nikola Vucevic,22200934561,Shot Chart Detail,22200934,561,1610612741,Chicago Bulls,4,6,12,Missed Shot,Jump Shot,,Above the Break 3,Left Side Center(LC),24+ ft.,24,-83,234,1,0,20230301,DET,CHI,|1630172|201942|201976|202696|203897,0,REG,2023,1630164,C,Anchor Big,0.01,C,Versatile Big,-0.16
201942,DeMar DeRozan,22200934607,Shot Chart Detail,22200934,607,1610612741,Chicago Bulls,4,2,42,Missed Shot,Driving Floating Bank Jump Shot,,In The Paint (Non-RA),Center(C),Less Than 8 ft.,5,-48,17,1,0,20230301,DET,CHI,|1630172|201942|201976|202696|203897,0,REG,2023,1628977|1630164,,,,SF,Shot Creator,1.3
1628378,Donovan Mitchell,2220095710,Shot Chart Detail,22200957,10,1610612739,Cleveland Cavaliers,1,11,42,Made Shot,Driving Layup Shot,2PT Field Goal,Restricted Area,Center(C),Less Than 8 ft.,1,1,18,1,1,20230304,CLE,DET,|1628378|1628386|1629636|1630171|1630596,0,REG,2023,1630164,C,Anchor Big,0.01,SG,Primary Ball Handler,3.2
1628386,Jarrett Allen,2220095742,Shot Chart Detail,22200957,42,1610612739,Cleveland Cavaliers,1,8,37,Made Shot,Jump Shot,,In The Paint (Non-RA),Center(C),8-16 ft.,12,39,116,1,1,20230304,CLE,DET,|1628378|1628386|1629636|1630171|1630596,1,REG,2023,1630164,C,Anchor Big,0.01,C,Roll + Cut Big,-0.2
1628386,Jarrett Allen,2220095747,Shot Chart Detail,22200957,47,1610612739,Cleveland Cavaliers,1,8,5,Missed Shot,Floating Jump shot,,In The Paint (Non-RA),Center(C),8-16 ft.,10,11,100,1,0,20230304,CLE,DET,|1628378|1628386|1629636|1630171|1630596,0,REG,2023,1630164,C,Anchor Big,0.01,C,Roll + Cut Big,-0.2
1628378,Donovan Mitchell,2220095787,Shot Chart Detail,22200957,87,1610612739,Cleveland Cavaliers,1,5,37,Missed Shot,Jump Shot,,Above the Break 3,Center(C),24+ ft.,27,6,273,1,0,20230304,CLE,DET,|1627747|1628378|1628386|1630171|1630596,0,REG,2023,1630587|1630164,,,,SG,Primary Ball Handler,3.2
1630596,Evan Mobley,22200957104,Shot Chart Detail,22200957,104,1610612739,Cleveland Cavaliers,1,4,19,Missed Shot,Driving Hook Shot,,In The Paint (Non-RA),Center(C),Less Than 8 ft.,5,36,38,1,0,20230304,CLE,DET,|1627747|1628378|1629731|1630596|201937,0,REG,2023,1630164,C,Anchor Big,0.01,PF,Roll + Cut Big,-0.04
1630596,Evan Mobley,22200957123,Shot Chart Detail,22200957,123,1610612739,Cleveland Cavaliers,1,3,16,Missed Shot,Driving Hook Shot,,Restricted Area,Center(C),Less Than 8 ft.,2,25,15,1,0,20230304,CLE,DET,|1627747|1628378|1629731|1630596|201937,0,REG,2023,1630164|1630165,,,,PF,Roll + Cut Big,-0.04
1628378,Donovan Mitchell,22200957241,Shot Chart Detail,22200957,241,1610612739,Cleveland Cavaliers,2,5,35,Missed Shot,Pullup Jump shot,,Above the Break 3,Right Side Center(RC),24+ ft.,25,113,231,1,0,20230304,CLE,DET,|1626224|1628378|1629636|1630171|1630596,0,REG,2023,1630164,C,Anchor Big,0.01,SG,Primary Ball Handler,3.2
1629636,Darius Garland,22200957251,Shot Chart Detail,22200957,251,1610612739,Cleveland Cavaliers,2,5,13,Missed Shot,Driving Floating Jump Shot,,In The Paint (Non-RA),Center(C),8-16 ft.,8,5,88,1,0,20230304,CLE,DET,|1628378|1629636|1630171|1630205|1630596,0,REG,2023,1630164,C,Anchor Big,0.01,PG,Primary Ball Handler,2.35
1628386,Jarrett Allen,22200957300,Shot Chart Detail,22200957,300,1610612739,Cleveland Cavaliers,2,2,30,Made Shot,Hook Shot,,In The Paint (Non-RA),Center(C),Less Than 8 ft.,5,40,37,1,1,20230304,CLE,DET,|1628378|1628386|1630205|1630596|201937,1,REG,2023,1630587|1630164,,,,C,Roll + Cut Big,-0.2
1630596,Evan Mobley,22200957330,Shot Chart Detail,22200957,330,1610612739,Cleveland Cavaliers,2,0,25,Made Shot,Putback Layup Shot,,Restricted Area,Center(C),Less Than 8 ft.,0,4,6,1,1,20230304,CLE,DET,|1628378|1628386|1630205|1630596|201937,0,REG,2023,1630164,C,Anchor Big,0.01,PF,Roll + Cut Big,-0.04
1630596,Evan Mobley,22200957345,Shot Chart Detail,22200957,345,1610612739,Cleveland Cavaliers,3,11,46,Made Shot,Pullup Jump shot,,Mid-Range,Left Side Center(LC),16-24 ft.,16,-76,152,1,1,20230304,CLE,DET,|1628378|1628386|1629636|1630171|1630596,0,REG,2023,1630164,C,Anchor Big,0.01,PF,Roll + Cut Big,-0.04
1628378,Donovan Mitchell,22200957352,Shot Chart Detail,22200957,352,1610612739,Cleveland Cavaliers,3,10,23,Missed Shot,Driving Layup Shot,2PT Field Goal,Restricted Area,Center(C),Less Than 8 ft.,1,0,15,1,0,20230304,CLE,DET,|1628378|1628386|1629636|1630171|1630596,0,REG,2023,1630164,C,Anchor Big,0.01,SG,Primary Ball Handler,3.2
1629636,Darius Garland,22200957381,Shot Chart Detail,22200957,381,1610612739,Cleveland Cavaliers,3,8,21,Made Shot,Pullup Jump shot,,Above the Break 3,Left Side Center(LC),24+ ft.,26,-148,214,1,1,20230304,CLE,DET,|1628378|1628386|1629636|1630171|1630596,1,REG,2023,202709|1630164,,,,PG,Primary Ball Handler,2.35
203081,Damian Lillard,2220097736,Shot Chart Detail,22200977,36,1610612757,Portland Trail Blazers,1,7,42,Missed Shot,Driving Floating Jump Shot,,In The Paint (Non-RA),Center(C),Less Than 8 ft.,5,-18,57,1,0,20230306,DET,POR,|1629234|1629629|1629680|203081|203924,0,REG,2023,1631093|1630164,,,,PG,Shot Creator,6.27
203924,Jerami Grant,22200977190,Shot Chart Detail,22200977,190,1610612757,Portland Trail Blazers,2,8,27,Missed Shot,Driving Layup Shot,,Restricted Area,Center(C),Less Than 8 ft.,2,-21,-7,1,0,20230306,DET,POR,|1629234|1629642|1631101|203081|203924,0,REG,2023,202709|1630164|1631197,,,,PF,Shot Creator,-0.22
203081,Damian Lillard,22200977211,Shot Chart Detail,22200977,211,1610612757,Portland Trail Blazers,2,6,54,Made Shot,Driving Layup Shot,,Restricted Area,Center(C),Less Than 8 ft.,2,-20,16,1,1,20230306,DET,POR,|1629234|1629642|1631101|203081|203924,0,REG,2023,202709|1630164,,,,PG,Shot Creator,6.27
1629234,Drew Eubanks,22200977231,Shot Chart Detail,22200977,231,1610612757,Portland Trail Blazers,2,6,5,Made Shot,Cutting Dunk Shot,2PT Field Goal,In The Paint (Non-RA),Center(C),Less Than 8 ft.,4,-5,46,1,1,20230306,DET,POR,|1629234|1629629|1629680|1631101|203081,1,REG,2023,1630164,C,Anchor Big,0.01,C,Roll + Cut Big,-0.66
203081,Damian Lillard,22200977331,Shot Chart Detail,22200977,331,1610612757,Portland Trail Blazers,3,9,49,Missed Shot,Jump Shot,,Above the Break 3,Right Side Center(RC),24+ ft.,26,115,236,1,0,20230306,DET,POR,|1629234|1629629|1629680|203081|203924,0,REG,2023,1630164,C,Anchor Big,0.01,PG,Shot Creator,6.27
1629234,Drew Eubanks,22200977338,Shot Chart Detail,22200977,338,1610612757,Portland Trail Blazers,3,9,6,Made Shot,Dunk Shot,2PT Field Goal,Restricted Area,Center(C),Less Than 8 ft.,2,18,18,1,1,20230306,DET,POR,|1629234|1629629|1629680|203081|203924,0,REG,2023,1630164,C,Anchor Big,0.01,C,Roll + Cut Big,-0.66
1629234,Drew Eubanks,22200977355,Shot Chart Detail,22200977,355,1610612757,Portland Trail Blazers,3,8,7,Made Shot,Driving Layup Shot,2PT Field Goal,Restricted Area,Center(C),Less Than 8 ft.,1,13,11,1,1,20230306,DET,POR,|1629234|1629629|1629680|203081|203924,1,REG,2023,1630164,C,Anchor Big,0.01,C,Roll + Cut Big,-0.66
203924,Jerami Grant,22200977375,Shot Chart Detail,22200977,375,1610612757,Portland Trail Blazers,3,7,4,Made Shot,Jump Shot,,Right Corner 3,Right Side(R),24+ ft.,23,237,21,1,1,20230306,DET,POR,|1629234|1629629|1629680|203081|203924,1,REG,2023,1630164,C,Anchor Big,0.01,PF,Shot Creator,-0.22
203081,Damian Lillard,22200977379,Shot Chart Detail,22200977,379,1610612757,Portland Trail Blazers,3,6,42,Made Shot,Driving Layup Shot,,Restricted Area,Center(C),Less Than 8 ft.,2,23,-1,1,1,20230306,DET,POR,|1629234|1629629|1629680|203081|203924,0,REG,2023,1631093|1630164,,,,PG,Shot Creator,6.27
1629642,Nassir Little,22200977475,Shot Chart Detail,22200977,475,1610612757,Portland Trail Blazers,4,11,33,Made Shot,Driving Dunk Shot,,In The Paint (Non-RA),Center(C),Less Than 8 ft.,4,-26,32,1,1,20230306,DET,POR,|1629629|1629642|1629680|1630570|1631101,1,REG,2023,202709|1630164,,,,SF,Movement Shooter,-1.11
203081,Damian Lillard,22200977495,Shot Chart Detail,22200977,495,1610612757,Portland Trail Blazers,4,9,58,Made Shot,Jump Shot,,Above the Break 3,Left Side Center(LC),24+ ft.,29,-138,260,1,1,20230306,DET,POR,|1629629|1629680|1630570|203081|203924,1,REG,2023,1630164,C,Anchor Big,0.01,PG,Shot Creator,6.27
203081,Damian Lillard,22200977499,Shot Chart Detail,22200977,499,1610612757,Portland Trail Blazers,4,9,19,Missed Shot,Pullup Jump shot,,Above the Break 3,Left Side Center(LC),24+ ft.,29,-140,264,1,0,20230306,DET,POR,|1629629|1629680|1630570|203081|203924,0,REG,2023,1628977|1630164,,,,PG,Shot Creator,6.27
1630570,Trendon Watford,22200977502,Shot Chart Detail,22200977,502,1610612757,Portland Trail Blazers,4,9,16,Missed Shot,Jump Shot,,Above the Break 3,Center(C),24+ ft.,25,-21,256,1,0,20230306,DET,POR,|1629629|1629680|1630570|203081|203924,0,REG,2023,1630164,C,Anchor Big,0.01,PF,Athletic Finisher,-1.44
1629023,P.J. Washington,2220099215,Shot Chart Detail,22200992,15,1610612766,Charlotte Hornets,1,11,14,Made Shot,Pullup Jump shot,,Mid-Range,Center(C),8-16 ft.,15,36,150,1,1,20230309,DET,CHA,|1626162|1626179|1629023|1631109|202330,1,REG,2023,1630164,C,Anchor Big,0.01,PF,Movement Shooter,-1.08
1630208,Nick Richards,2220099270,Shot Chart Detail,22200992,70,1610612766,Charlotte Hornets,1,7,34,Made Shot,Cutting Dunk Shot,,Restricted Area,Center(C),Less Than 8 ft.,1,13,3,1,1,20230309,DET,CHA,|1626162|1626179|1629023|1630208|202330,1,REG,2023,1631093|1630164,,,,C,Roll + Cut Big,-1.11
1626162,Kelly Oubre Jr.,22200992202,Shot Chart Detail,22200992,202,1610612766,Charlotte Hornets,2,10,8,Made Shot,Driving Layup Shot,2PT Field Goal,Restricted Area,Center(C),Less Than 8 ft.,2,-10,27,1,1,20230309,DET,CHA,|1626162|1628372|1629023|1630208|1631121,0,REG,2023,202709|1630164|1630181,,,,SF,Movement Shooter,0.37
1629023,P.J. Washington,22200992212,Shot Chart Detail,22200992,212,1610612766,Charlotte Hornets,2,9,10,Missed Shot,Jump Shot,,Above the Break 3,Right Side Center(RC),24+ ft.,25,174,180,1,0,20230309,DET,CHA,|1626162|1628372|1629023|1630208|1631121,0,REG,2023,1630164,C,Anchor Big,0.01,PF,Movement Shooter,-1.08
1626162,Kelly Oubre Jr.,22200992248,Shot Chart Detail,22200992,248,1610612766,Charlotte Hornets,2,6,56,Missed Shot,Floating Jump shot,2PT Field Goal,In The Paint (Non-RA),Center(C),Less Than 8 ft.,6,-33,58,1,0,20230309,DET,CHA,|1626162|1628372|1631109|1631121|202330,0,REG,2023,1630647|1630164,,,,SF,Movement Shooter,0.37
1626162,Kelly Oubre Jr.,22200992250,Shot Chart Detail,22200992,250,1610612766,Charlotte Hornets,2,6,54,Made Shot,Floating Jump shot,2PT Field Goal,In The Paint (Non-RA),Center(C),Less Than 8 ft.,7,37,62,1,1,20230309,DET,CHA,|1626162|1628372|1631109|1631121|202330,0,REG,2023,1630164,C,Anchor Big,0.01,SF,Movement Shooter,0.37
1631109,Mark Williams,22200992305,Shot Chart Detail,22200992,305,1610612766,Charlotte Hornets,2,3,33,Made Shot,Alley Oop Layup shot,,Restricted Area,Center(C),Less Than 8 ft.,2,27,10,1,1,20230309,DET,CHA,|1626162|1626179|1629004|1631109|202330,1,REG,2023,1630164,C,Anchor Big,0.01,C,Roll + Cut Big,-1.37
1626179,Terry Rozier,22200992309,Shot Chart Detail,22200992,309,1610612766,Charlotte Hornets,2,3,11,Missed Shot,Jump Shot,,Above the Break 3,Right Side Center(RC),24+ ft.,24,140,199,1,0,20230309,DET,CHA,|1626162|1626179|1629004|1631109|202330,0,REG,2023,1630164,C,Anchor Big,0.01,SG,Primary Ball Handler,1.13
1626179,Terry Rozier,22200992368,Shot Chart Detail,22200992,368,1610612766,Charlotte Hornets,3,9,59,Made Shot,Driving Floating Jump Shot,,In The Paint (Non-RA),Center(C),8-16 ft.,11,-17,109,1,1,20230309,DET,CHA,|1626162|1626179|1629023|1630208|202330,0,REG,2023,1630164,C,Anchor Big,0.01,SG,Primary Ball Handler,1.13
1630208,Nick Richards,22200992373,Shot Chart Detail,22200992,373,1610612766,Charlotte Hornets,3,9,26,Made Shot,Layup Shot,,Restricted Area,Center(C),Less Than 8 ft.,0,7,7,1,1,20230309,DET,CHA,|1626162|1626179|1629023|1630208|202330,1,REG,2023,1630164,C,Anchor Big,0.01,C,Roll + Cut Big,-1.11
1626179,Terry Rozier,22200992387,Shot Chart Detail,22200992,387,1610612766,Charlotte Hornets,3,8,10,Made Shot,Driving Floating Bank Jump Shot,,In The Paint (Non-RA),Center(C),Less Than 8 ft.,6,48,37,1,1,20230309,DET,CHA,|1626162|1626179|1629023|1630208|202330,0,REG,2023,202709|1630164,,,,SG,Primary Ball Handler,1.13
1629023,P.J. Washington,22200992399,Shot Chart Detail,22200992,399,1610612766,Charlotte Hornets,3,7,10,Missed Shot,Pullup Jump shot,,Mid-Range,Right Side(R),16-24 ft.,16,136,97,1,0,20230309,DET,CHA,|1626162|1626179|1629023|1630208|202330,0,REG,2023,1630164,C,Anchor Big,0.01,PF,Movement Shooter,-1.08
1626179,Terry Rozier,22200992422,Shot Chart Detail,22200992,422,1610612766,Charlotte Hornets,3,5,21,Missed Shot,Layup Shot,,Restricted Area,Center(C),Less Than 8 ft.,3,1,31,1,0,20230309,DET,CHA,|1626162|1626179|1630208|1630550|202330,0,REG,2023,202709|1630164,,,,SG,Primary Ball Handler,1.13
1630208,Nick Richards,22200992433,Shot Chart Detail,22200992,433,1610612766,Charlotte Hornets,3,4,24,Made Shot,Putback Layup Shot,,Restricted Area,Center(C),Less Than 8 ft.,1,-10,4,1,1,20230309,DET,CHA,|1626162|1626179|1630208|1630550|202330,0,REG,2023,1630164,C,Anchor Big,0.01,C,Roll + Cut Big,-1.11
1630208,Nick Richards,22200992667,Shot Chart Detail,22200992,667,1610612766,Charlotte Hornets,4,2,37,Missed Shot,Tip Layup Shot,,Restricted Area,Center(C),Less Than 8 ft.,1,9,8,1,0,20230309,DET,CHA,|1626162|1626179|1629023|1630208|202330,0,REG,2023,202709|1630164,,,,C,Roll + Cut Big,-1.11
1630543,Isaiah Jackson,2220100615,Shot Chart Detail,22201006,15,1610612754,Indiana Pacers,1,10,38,Missed Shot,Cutting Layup Shot,,Restricted Area,Center(C),Less Than 8 ft.,2,-12,20,1,0,20230311,DET,IND,|1627741|1629614|1630174|1630537|1630543,0,REG,2023,1630164|1628963,,,,C,Roll + Cut Big,-1.04
1630543,Isaiah Jackson,2220100617,Shot Chart Detail,22201006,17,1610612754,Indiana Pacers,1,10,35,Made Shot,Tip Layup Shot,,Restricted Area,Center(C),Less Than 8 ft.,0,0,0,1,1,20230311,DET,IND,|1627741|1629614|1630174|1630537|1630543,0,REG,2023,1630164|1628963,,,,C,Roll + Cut Big,-1.04
1630537,Chris Duarte,2220100620,Shot Chart Detail,22201006,20,1610612754,Indiana Pacers,1,10,14,Missed Shot,Running Pull-Up Jump Shot,,Mid-Range,Left Side(L),8-16 ft.,12,-124,16,1,0,20230311,DET,IND,|1627741|1629614|1630174|1630537|1630543,0,REG,2023,1630164,C,Anchor Big,0.01,SF,Movement Shooter,-0.84
1629614,Andrew Nembhard,2220100624,Shot Chart Detail,22201006,24,1610612754,Indiana Pacers,1,9,51,Made Shot,Floating Jump shot,,Mid-Range,Left Side(L),8-16 ft.,8,-85,27,1,1,20230311,DET,IND,|1627741|1629614|1630174|1630537|1630543,1,REG,2023,1630164,C,Anchor Big,0.01,SG,Primary Ball Handler,-1.11
1630543,Isaiah Jackson,2220100676,Shot Chart Detail,22201006,76,1610612754,Indiana Pacers,1,6,38,Made Shot,Alley Oop Dunk Shot,,Restricted Area,Center(C),Less Than 8 ft.,1,2,13,1,1,20230311,DET,IND,|1627741|1629614|1630543|201588|201949,1,REG,2023,1630164|203585,,,,C,Roll + Cut Big,-1.04
1630543,Isaiah Jackson,22201006411,Shot Chart Detail,22201006,411,1610612754,Indiana Pacers,3,9,59,Made Shot,Tip Dunk Shot,,Restricted Area,Center(C),Less Than 8 ft.,2,-20,7,1,1,20230311,DET,IND,|1627741|1629614|1630174|1630537|1630543,0,REG,2023,1630164,C,Anchor Big,0.01,C,Roll + Cut Big,-1.04
1630537,Chris Duarte,22201006421,Shot Chart Detail,22201006,421,1610612754,Indiana Pacers,3,7,13,Missed Shot,Fadeaway Bank shot,,In The Paint (Non-RA),Center(C),Less Than 8 ft.,6,47,44,1,0,20230311,DET,IND,|1627741|1629614|1630174|1630537|1630543,0,REG,2023,1630164,C,Anchor Big,0.01,SF,Movement Shooter,-0.84
1629052,Oshae Brissett,22201006604,Shot Chart Detail,22201006,604,1610612754,Indiana Pacers,4,5,34,Made Shot,Driving Layup Shot,2PT Field Goal,Restricted Area,Center(C),Less Than 8 ft.,1,15,13,1,1,20230311,DET,IND,|1629052|1629670|1630543|201588|201949,1,REG,2023,1630164,C,Anchor Big,0.01,PF,Athletic Finisher,-0.53
201949,James Johnson,22201006608,Shot Chart Detail,22201006,608,1610612754,Indiana Pacers,4,5,8,Missed Shot,Driving Layup Shot,,Restricted Area,Center(C),Less Than 8 ft.,1,11,10,1,0,20230311,DET,IND,|1629052|1629670|1630543|201588|201949,0,REG,2023,1630164,C,Anchor Big,0.01,PF,Shot Creator,-1.45
1630543,Isaiah Jackson,22201006640,Shot Chart Detail,22201006,640,1610612754,Indiana Pacers,4,3,21,Made Shot,Turnaround Hook Shot,,In The Paint (Non-RA),Center(C),Less Than 8 ft.,5,-43,27,1,1,20230311,DET,IND,|1627741|1629614|1630174|1630537|1630543,0,REG,2023,1630164,C,Anchor Big,0.01,C,Roll + Cut Big,-1.04
1629614,Andrew Nembhard,22201006650,Shot Chart Detail,22201006,650,1610612754,Indiana Pacers,4,2,43,Missed Shot,Pullup Jump shot,,In The Paint (Non-RA),Left Side(L),8-16 ft.,13,-71,115,1,0,20230311,DET,IND,|1627741|1629614|1630174|1630537|1630543,0,REG,2023,1630164,C,Anchor Big,0.01,SG,Primary Ball Handler,-1.11
1630543,Isaiah Jackson,22201006660,Shot Chart Detail,22201006,660,1610612754,Indiana Pacers,4,1,29,Made Shot,Alley Oop Dunk Shot,,Restricted Area,Center(C),Less Than 8 ft.,1,-2,13,1,1,20230311,DET,IND,|1627741|1629614|1630174|1630537|1630543,1,REG,2023,1630164,C,Anchor Big,0.01,C,Roll + Cut Big,-1.04
1630174,Aaron Nesmith,2220102035,Shot Chart Detail,22201020,35,1610612754,Indiana Pacers,1,8,42,Missed Shot,Layup Shot,,Restricted Area,Center(C),Less Than 8 ft.,1,2,15,1,0,20230313,DET,IND,|1627741|1629614|1630174|1630537|1630543,0,REG,2023,1630647|1630164,,,,SF,Movement Shooter,-1.12
1630543,Isaiah Jackson,2220102067,Shot Chart Detail,22201020,67,1610612754,Indiana Pacers,1,5,58,Made Shot,Driving Hook Shot,,Restricted Area,Center(C),Less Than 8 ft.,2,28,3,1,1,20230313,DET,IND,|1627741|1629614|1630174|1630537|1630543,0,REG,2023,1630164,C,Anchor Big,0.01,C,Roll + Cut Big,-1.04
1630543,Isaiah Jackson,22201020241,Shot Chart Detail,22201020,241,1610612754,Indiana Pacers,2,6,13,Missed Shot,Layup Shot,,In The Paint (Non-RA),Right Side(R),8-16 ft.,9,54,74,1,0,20230313,DET,IND,|1627741|1629052|1629614|1629670|1630543,0,REG,2023,1631205|202709|1630164,,,,C,Roll + Cut Big,-1.04
1629614,Andrew Nembhard,22201020256,Shot Chart Detail,22201020,256,1610612754,Indiana Pacers,2,5,8,Made Shot,Driving Finger Roll Layup Shot,,Restricted Area,Center(C),Less Than 8 ft.,2,17,19,1,1,20230313,DET,IND,|1627741|1629614|1629670|1630537|1630543,1,REG,2023,202709|1630164,,,,SG,Primary Ball Handler,-1.11
1629614,Andrew Nembhard,22201020290,Shot Chart Detail,22201020,290,1610612754,Indiana Pacers,2,3,7,Missed Shot,Driving Reverse Layup Shot,2PT Field Goal,Restricted Area,Center(C),Less Than 8 ft.,1,-16,1,1,0,20230313,DET,IND,|1629614|1629670|1630174|1630537|1630543,0,REG,2023,1630164|203585,,,,SG,Primary Ball Handler,-1.11
1630543,Isaiah Jackson,22201020337,Shot Chart Detail,22201020,337,1610612754,Indiana Pacers,3,11,48,Made Shot,Driving Layup Shot,,Restricted Area,Center(C),Less Than 8 ft.,1,-10,11,1,1,20230313,DET,IND,|1627741|1629614|1630174|1630537|1630543,1,REG,2023,1630164,C,Anchor Big,0.01,C,Roll + Cut Big,-1.04
1627741,Buddy Hield,22201020341,Shot Chart Detail,22201020,341,1610612754,Indiana Pacers,3,11,26,Missed Shot,Jump Shot,3PT Field Goal,Above the Break 3,Center(C),24+ ft.,26,16,263,1,0,20230313,DET,IND,|1627741|1629614|1630174|1630537|1630543,0,REG,2023,1630164,C,Anchor Big,0.01,SF,Movement Shooter,0.53
1630537,Chris Duarte,22201020354,Shot Chart Detail,22201020,354,1610612754,Indiana Pacers,3,10,19,Made Shot,Driving Layup Shot,,Restricted Area,Center(C),Less Than 8 ft.,1,-16,11,1,1,20230313,DET,IND,|1627741|1629614|1630174|1630537|1630543,1,REG,2023,1630164,C,Anchor Big,0.01,SF,Movement Shooter,-0.84
1630543,Isaiah Jackson,22201020376,Shot Chart Detail,22201020,376,1610612754,Indiana Pacers,3,8,52,Missed Shot,Driving Layup Shot,,Restricted Area,Center(C),Less Than 8 ft.,3,-23,28,1,0,20230313,DET,IND,|1627741|1629614|1630174|1630537|1630543,0,REG,2023,1630164,C,Anchor Big,0.01,C,Roll + Cut Big,-1.04
1627741,Buddy Hield,22201020395,Shot Chart Detail,22201020,395,1610612754,Indiana Pacers,3,7,21,Missed Shot,Pullup Jump shot,2PT Field Goal,Mid-Range,Right Side Center(RC),16-24 ft.,20,124,158,1,0,20230313,DET,IND,|1627741|1629614|1630174|1630537|1630543,0,REG,2023,1630164,C,Anchor Big,0.01,SF,Movement Shooter,0.53
1629670,Jordan Nwora,22201020593,Shot Chart Detail,22201020,593,1610612754,Indiana Pacers,4,4,8,Missed Shot,Driving Floating Jump Shot,,In The Paint (Non-RA),Center(C),Less Than 8 ft.,4,-27,33,1,0,20230313,DET,IND,|1629052|1629614|1629670|1630174|1630543,0,REG,2023,1630164|1630165,,,,SF,Movement Shooter,-0.99
1629614,Andrew Nembhard,22201020622,Shot Chart Detail,22201020,622,1610612754,Indiana Pacers,4,1,11,Missed Shot,Fadeaway Jump Shot,,In The Paint (Non-RA),Center(C),Less Than 8 ft.,6,26,62,1,0,20230313,DET,IND,|1629052|1629614|1629670|1630174|1630543,0,REG,2023,1630164,C,Anchor Big,0.01,SG,Primary Ball Handler,-1.11
204001,Kristaps Porzingis,2220102843,Shot Chart Detail,22201028,43,1610612764,Washington Wizards,1,8,4,Made Shot,Floating Jump shot,,In The Paint (Non-RA),Center(C),Less Than 8 ft.,4,-12,42,1,1,20230314,WAS,DET,|1628420|1630166|1630557|203078|204001,1,REG,2023,1630647|1630164,,,,C,Versatile Big,1.55
1628420,Monte Morris,2220102860,Shot Chart Detail,22201028,60,1610612764,Washington Wizards,1,6,22,Made Shot,Pullup Jump shot,2PT Field Goal,In The Paint (Non-RA),Left Side(L),8-16 ft.,11,-60,95,1,1,20230314,WAS,DET,|1628420|1630166|1630557|203078|204001,0,REG,2023,1630164,C,Anchor Big,0.01,PG,Primary Ball Handler,0.98
1630166,Deni Avdija,2220102863,Shot Chart Detail,22201028,63,1610612764,Washington Wizards,1,6,0,Made Shot,Driving Dunk Shot,,Restricted Area,Center(C),Less Than 8 ft.,1,9,7,1,1,20230314,WAS,DET,|1628420|1630166|1630557|203078|204001,1,REG,2023,1630164,C,Anchor Big,0.01,SF,Athletic Finisher,-1.9
1630166,Deni Avdija,22201028127,Shot Chart Detail,22201028,127,1610612764,Washington Wizards,1,2,11,Made Shot,Driving Layup Shot,,Restricted Area,Center(C),Less Than 8 ft.,2,-27,13,1,1,20230314,WAS,DET,|1626153|1630166|1631098|201959|203078,0,REG,2023,1630164,C,Anchor Big,0.01,SF,Athletic Finisher,-1.9
1626153,Delon Wright,22201028152,Shot Chart Detail,22201028,152,1610612764,Washington Wizards,1,0,33,Missed Shot,Driving Layup Shot,2PT Field Goal,In The Paint (Non-RA),Center(C),Less Than 8 ft.,4,47,8,1,0,20230314,WAS,DET,|1626153|1630166|1630692|1631098|201959,0,REG,2023,1630164,C,Anchor Big,0.01,PG,Primary Ball Handler,-0.74
204001,Kristaps Porzingis,22201028181,Shot Chart Detail,22201028,181,1610612764,Washington Wizards,2,10,3,Missed Shot,Step Back Jump shot,,Mid-Range,Left Side Center(LC),16-24 ft.,19,-137,137,1,0,20230314,WAS,DET,|1626153|1630557|1630692|1631098|204001,0,REG,2023,1630164,C,Anchor Big,0.01,C,Versatile Big,1.55
1631098,Johnny Davis,22201028193,Shot Chart Detail,22201028,193,1610612764,Washington Wizards,2,9,8,Made Shot,Running Layup Shot,,Restricted Area,Center(C),Less Than 8 ft.,1,-11,16,1,1,20230314,WAS,DET,|1626153|1630557|1630692|1631098|204001,0,REG,2023,1631205|1630164,,,,SG,Movement Shooter,-1.53
204001,Kristaps Porzingis,22201028214,Shot Chart Detail,22201028,214,1610612764,Washington Wizards,2,7,44,Made Shot,Driving Hook Shot,,In The Paint (Non-RA),Center(C),Less Than 8 ft.,5,2,53,1,1,20230314,WAS,DET,|1626153|1630557|1630692|203078|204001,0,REG,2023,202709|1630164,,,,C,Versatile Big,1.55
1629655,Daniel Gafford,22201028300,Shot Chart Detail,22201028,300,1610612764,Washington Wizards,2,0,38,Missed Shot,Cutting Layup Shot,,In The Paint (Non-RA),Center(C),Less Than 8 ft.,5,1,52,1,0,20230314,WAS,DET,|1628420|1629655|1630166|1630557|203078,0,REG,2023,1630164|1630165,,,,C,Roll + Cut Big,-0.86
1630557,Corey Kispert,22201028341,Shot Chart Detail,22201028,341,1610612764,Washington Wizards,3,9,1,Made Shot,Cutting Layup Shot,,Restricted Area,Center(C),Less Than 8 ft.,3,-39,4,1,1,20230314,WAS,DET,|1628420|1629655|1630557|203078|204001,1,REG,2023,1630164,C,Anchor Big,0.01,SF,Movement Shooter,-1.34
1629655,Daniel Gafford,22201028344,Shot Chart Detail,22201028,344,1610612764,Washington Wizards,3,8,25,Missed Shot,Driving Hook Shot,,In The Paint (Non-RA),Center(C),Less Than 8 ft.,5,-18,56,1,0,20230314,WAS,DET,|1628420|1629655|1630557|203078|204001,0,REG,2023,1630164,C,Anchor Big,0.01,C,Roll + Cut Big,-0.86
1629655,Daniel Gafford,22201028346,Shot Chart Detail,22201028,346,1610612764,Washington Wizards,3,8,24,Made Shot,Putback Dunk Shot,,Restricted Area,Center(C),Less Than 8 ft.,2,-12,22,1,1,20230314,WAS,DET,|1628420|1629655|1630557|203078|204001,0,REG,2023,1630164|203585,,,,C,Roll + Cut Big,-0.86
203078,Bradley Beal,22201028561,Shot Chart Detail,22201028,561,1610612764,Washington Wizards,4,3,42,Made Shot,Step Back Jump shot,,Above the Break 3,Left Side Center(LC),24+ ft.,26,-115,242,1,1,20230314,WAS,DET,|1626153|1628420|1629655|1630557|203078,1,REG,2023,1630164,C,Anchor Big,0.01,SG,Shot Creator,1.96
203932,Aaron Gordon,2220104220,Shot Chart Detail,22201042,20,1610612743,Denver Nuggets,1,10,29,Made Shot,Running Dunk Shot,,Restricted Area,Center(C),Less Than 8 ft.,3,-1,35,1,1,20230316,DET,DEN,|1627750|1629008|203484|203932|203999,1,REG,2023,1630164,C,Anchor Big,0.01,PF,Shot Creator,1.76
1629008,Michael Porter Jr.,2220104250,Shot Chart Detail,22201042,50,1610612743,Denver Nuggets,1,8,20,Missed Shot,Step Back Jump shot,,Mid-Range,Left Side(L),16-24 ft.,19,-190,11,1,0,20230316,DET,DEN,|1627750|1629008|203484|203932|203999,0,REG,2023,1630164,C,Anchor Big,0.01,SF,Off Screen Shooter,1.01
203484,Kentavious Caldwell-Pope,2220104266,Shot Chart Detail,22201042,66,1610612743,Denver Nuggets,1,6,32,Missed Shot,Driving Finger Roll Layup Shot,,Restricted Area,Center(C),Less Than 8 ft.,3,22,24,1,0,20230316,DET,DEN,|1627750|1629008|203484|203932|203999,0,REG,2023,1630164,C,Anchor Big,0.01,SG,Movement Shooter,-0.04
203999,Nikola Jokic,2220104293,Shot Chart Detail,22201042,93,1610612743,Denver Nuggets,1,4,12,Made Shot,Driving Layup Shot,,Restricted Area,Center(C),Less Than 8 ft.,2,20,11,1,1,20230316,DET,DEN,|1627750|1628971|1629008|203932|203999,0,REG,2023,1630164,C,Anchor Big,0.01,C,Post Scorer,4.95
1627750,Jamal Murray,22201042105,Shot Chart Detail,22201042,105,1610612743,Denver Nuggets,1,3,6,Missed Shot,Step Back Jump shot,2PT Field Goal,Mid-Range,Right Side(R),16-24 ft.,17,163,56,1,0,20230316,DET,DEN,|1627750|1628971|1631128|201145|203999,0,REG,2023,1630647|1630164,,,,PG,Shot Creator,1.93
203999,Nikola Jokic,22201042113,Shot Chart Detail,22201042,113,1610612743,Denver Nuggets,1,2,37,Made Shot,Driving Finger Roll Layup Shot,,Restricted Area,Center(C),Less Than 8 ft.,3,-2,30,1,1,20230316,DET,DEN,|1627750|1628971|1631128|201145|203999,0,REG,2023,1630647|1630164,,,,C,Post Scorer,4.95
1629008,Michael Porter Jr.,22201042277,Shot Chart Detail,22201042,277,1610612743,Denver Nuggets,2,3,31,Made Shot,Cutting Dunk Shot,,Restricted Area,Center(C),Less Than 8 ft.,3,33,0,1,1,20230316,DET,DEN,|1627750|1629008|203484|203932|203999,1,REG,2023,1630164,C,Anchor Big,0.01,SF,Off Screen Shooter,1.01
203999,Nikola Jokic,22201042283,Shot Chart Detail,22201042,283,1610612743,Denver Nuggets,2,2,44,Made Shot,Turnaround Hook Shot,,In The Paint (Non-RA),Center(C),Less Than 8 ft.,6,29,56,1,1,20230316,DET,DEN,|1627750|1629008|203484|203932|203999,1,REG,2023,1630164,C,Anchor Big,0.01,C,Post Scorer,4.95
203999,Nikola Jokic,22201042303,Shot Chart Detail,22201042,303,1610612743,Denver Nuggets,2,0,57,Made Shot,Hook Shot,,In The Paint (Non-RA),Center(C),Less Than 8 ft.,4,25,34,1,1,20230316,DET,DEN,|1627750|1629008|203484|203932|203999,0,REG,2023,1630164,C,Anchor Big,0.01,C,Post Scorer,4.95
1627750,Jamal Murray,22201042324,Shot Chart Detail,22201042,324,1610612743,Denver Nuggets,3,11,3,Made Shot,Driving Reverse Layup Shot,2PT Field Goal,Restricted Area,Center(C),Less Than 8 ft.,3,31,4,1,1,20230316,DET,DEN,|1627750|1629008|203484|203932|203999,0,REG,2023,1630164,C,Anchor Big,0.01,PG,Shot Creator,1.93
1629008,Michael Porter Jr.,22201042326,Shot Chart Detail,22201042,326,1610612743,Denver Nuggets,3,10,31,Missed Shot,Jump Shot,,Left Corner 3,Left Side(L),24+ ft.,23,-238,6,1,0,20230316,DET,DEN,|1627750|1629008|203484|203932|203999,0,REG,2023,1630164,C,Anchor Big,0.01,SF,Off Screen Shooter,1.01
1629008,Michael Porter Jr.,22201042330,Shot Chart Detail,22201042,330,1610612743,Denver Nuggets,3,10,22,Missed Shot,Jump Shot,,Left Corner 3,Left Side(L),24+ ft.,23,-233,0,1,0,20230316,DET,DEN,|1627750|1629008|203484|203932|203999,0,REG,2023,1630164,C,Anchor Big,0.01,SF,Off Screen Shooter,1.01
1627750,Jamal Murray,22201042357,Shot Chart Detail,22201042,357,1610612743,Denver Nuggets,3,8,46,Missed Shot,Jump Shot,3PT Field Goal,Above the Break 3,Center(C),24+ ft.,30,38,300,1,0,20230316,DET,DEN,|1627750|1629008|203484|203932|203999,0,REG,2023,1630164,C,Anchor Big,0.01,PG,Shot Creator,1.93
203999,Nikola Jokic,22201042407,Shot Chart Detail,22201042,407,1610612743,Denver Nuggets,3,5,19,Made Shot,Cutting Layup Shot,,In The Paint (Non-RA),Center(C),Less Than 8 ft.,5,17,49,1,1,20230316,DET,DEN,|1628971|1629008|203484|203932|203999,1,REG,2023,1630164,C,Anchor Big,0.01,C,Post Scorer,4.95
1628971,Bruce Brown,22201042432,Shot Chart Detail,22201042,432,1610612743,Denver Nuggets,3,3,27,Missed Shot,Driving Finger Roll Layup Shot,2PT Field Goal,Restricted Area,Center(C),Less Than 8 ft.,3,-39,4,1,0,20230316,DET,DEN,|1628971|1631128|203484|203932|203999,0,REG,2023,1630165|1630164,,,,SF,Primary Ball Handler,-0.43
203999,Nikola Jokic,22201042566,Shot Chart Detail,22201042,566,1610612743,Denver Nuggets,4,5,19,Missed Shot,Turnaround Hook Shot,,In The Paint (Non-RA),Center(C),Less Than 8 ft.,4,12,41,1,0,20230316,DET,DEN,|1627750|1628971|203484|203932|203999,0,REG,2023,1630164,C,Anchor Big,0.01,C,Post Scorer,4.95
203999,Nikola Jokic,22201042568,Shot Chart Detail,22201042,568,1610612743,Denver Nuggets,4,5,18,Missed Shot,Tip Layup Shot,,Restricted Area,Center(C),Less Than 8 ft.,0,0,0,1,0,20230316,DET,DEN,|1627750|1628971|203484|203932|203999,0,REG,2023,1630164,C,Anchor Big,0.01,C,Post Scorer,4.95
203999,Nikola Jokic,22201042570,Shot Chart Detail,22201042,570,1610612743,Denver Nuggets,4,5,18,Made Shot,Putback Layup Shot,,Restricted Area,Center(C),Less Than 8 ft.,3,17,27,1,1,20230316,DET,DEN,|1627750|1628971|203484|203932|203999,0,REG,2023,203585|202709|1630164,,,,C,Post Scorer,4.95
203484,Kentavious Caldwell-Pope,22201042598,Shot Chart Detail,22201042,598,1610612743,Denver Nuggets,4,2,38,Made Shot,Pullup Jump shot,,In The Paint (Non-RA),Right Side(R),8-16 ft.,8,80,17,1,1,20230316,DET,DEN,|1627750|1629008|203484|203932|203999,1,REG,2023,1630164,C,Anchor Big,0.01,SG,Movement Shooter,-0.04
202710,Jimmy Butler,2220106659,Shot Chart Detail,22201066,59,1610612748,Miami Heat,1,6,38,Made Shot,Layup Shot,,Restricted Area,Center(C),Less Than 8 ft.,2,-21,3,1,1,20230319,DET,MIA,|1628389|1629216|1629639|201567|202710,1,REG,2023,1630164,C,Anchor Big,0.01,PF,Shot Creator,4.08
1629639,Tyler Herro,2220106667,Shot Chart Detail,22201066,67,1610612748,Miami Heat,1,5,6,Missed Shot,Pullup Jump shot,,Above the Break 3,Left Side Center(LC),24+ ft.,26,-154,216,1,0,20230319,DET,MIA,|1628389|1629216|1629639|201567|202710,0,REG,2023,1630164,C,Anchor Big,0.01,SG,Primary Ball Handler,0.5
1628389,Bam Adebayo,22201066208,Shot Chart Detail,22201066,208,1610612748,Miami Heat,2,6,58,Missed Shot,Turnaround Jump Shot,2PT Field Goal,In The Paint (Non-RA),Center(C),Less Than 8 ft.,4,0,47,1,0,20230319,DET,MIA,|1628389|1628997|1629622|1629639|200768,0,REG,2023,1630164,C,Anchor Big,0.01,C,Shot Creator,-0.08
1628997,Caleb Martin,22201066221,Shot Chart Detail,22201066,221,1610612748,Miami Heat,2,5,56,Made Shot,Cutting Dunk Shot,2PT Field Goal,Restricted Area,Center(C),Less Than 8 ft.,2,2,22,1,1,20230319,DET,MIA,|1628997|1629622|200768|201567|202710,1,REG,2023,1630164,C,Anchor Big,0.01,SF,Athletic Finisher,-1.73
200768,Kyle Lowry,22201066237,Shot Chart Detail,22201066,237,1610612748,Miami Heat,2,4,51,Made Shot,Pullup Jump shot,,Above the Break 3,Center(C),24+ ft.,26,-26,262,1,1,20230319,DET,MIA,|1628997|1629622|200768|201567|202710,0,REG,2023,1630164,C,Anchor Big,0.01,PG,Primary Ball Handler,0.23
1629639,Tyler Herro,22201066311,Shot Chart Detail,22201066,311,1610612748,Miami Heat,3,10,1,Missed Shot,Pullup Jump shot,,Above the Break 3,Right Side Center(RC),24+ ft.,26,211,152,1,0,20230319,DET,MIA,|1628389|1629216|1629639|201567|202710,0,REG,2023,1631093|1630164,,,,SG,Primary Ball Handler,0.5
1628389,Bam Adebayo,22201066327,Shot Chart Detail,22201066,327,1610612748,Miami Heat,3,8,25,Missed Shot,Driving Floating Jump Shot,2PT Field Goal,In The Paint (Non-RA),Center(C),Less Than 8 ft.,4,7,46,1,0,20230319,DET,MIA,|1628389|1629216|1629639|201567|202710,0,REG,2023,1630164,C,Anchor Big,0.01,C,Shot Creator,-0.08
1628389,Bam Adebayo,22201066351,Shot Chart Detail,22201066,351,1610612748,Miami Heat,3,5,51,Made Shot,Jump Shot,2PT Field Goal,In The Paint (Non-RA),Center(C),8-16 ft.,13,-59,121,1,1,20230319,DET,MIA,|1628389|1629216|1629639|201567|202710,1,REG,2023,1630164,C,Anchor Big,0.01,C,Shot Creator,-0.08
201567,Kevin Love,22201066380,Shot Chart Detail,22201066,380,1610612748,Miami Heat,3,4,0,Missed Shot,Jump Shot,,Above the Break 3,Left Side Center(LC),24+ ft.,29,-194,226,1,0,20230319,DET,MIA,|1629216|1629312|1629622|201567|202710,0,REG,2023,1630164,C,Anchor Big,0.01,PF,Movement Shooter,-0.1
1629639,Tyler Herro,22201066474,Shot Chart Detail,22201066,474,1610612748,Miami Heat,4,9,9,Made Shot,Pullup Jump shot,,Mid-Range,Right Side Center(RC),16-24 ft.,17,124,126,1,1,20230319,DET,MIA,|1628389|1628997|1629622|1629639|200768,1,REG,2023,1630164,C,Anchor Big,0.01,SG,Primary Ball Handler,0.5
200768,Kyle Lowry,22201066477,Shot Chart Detail,22201066,477,1610612748,Miami Heat,4,8,38,Made Shot,Jump Shot,,Above the Break 3,Center(C),24+ ft.,28,-59,277,1,1,20230319,DET,MIA,|1628389|1628997|1629622|1629639|200768,1,REG,2023,1630164,C,Anchor Big,0.01,PG,Primary Ball Handler,0.23
1628389,Bam Adebayo,22201066488,Shot Chart Detail,22201066,488,1610612748,Miami Heat,4,8,2,Made Shot,Fadeaway Jump Shot,2PT Field Goal,In The Paint (Non-RA),Center(C),8-16 ft.,8,-7,80,1,1,20230319,DET,MIA,|1628389|1628997|1629622|1629639|200768,0,REG,2023,1630164,C,Anchor Big,0.01,C,Shot Creator,-0.08
1629622,Max Strus,22201066491,Shot Chart Detail,22201066,491,1610612748,Miami Heat,4,7,34,Missed Shot,Driving Layup Shot,,Restricted Area,Center(C),Less Than 8 ft.,3,33,7,1,0,20230319,DET,MIA,|1628389|1628997|1629622|1629639|200768,0,REG,2023,1631093|1630164,,,,SF,Movement Shooter,-1.09
202710,Jimmy Butler,22201066540,Shot Chart Detail,22201066,540,1610612748,Miami Heat,4,4,0,Made Shot,Putback Layup Shot,,Restricted Area,Center(C),Less Than 8 ft.,2,22,13,1,1,20230319,DET,MIA,|1628389|1628997|1629639|200768|202710,0,REG,2023,202709|1630164|1630165,,,,PF,Shot Creator,4.08
202710,Jimmy Butler,22201066543,Shot Chart Detail,22201066,543,1610612748,Miami Heat,4,3,25,Missed Shot,Turnaround Fadeaway shot,,Mid-Range,Right Side(R),8-16 ft.,13,138,-16,1,0,20230319,DET,MIA,|1628389|1628997|1629639|200768|202710,0,REG,2023,1630164|203585,,,,PF,Shot Creator,4.08
202710,Jimmy Butler,22201066577,Shot Chart Detail,22201066,577,1610612748,Miami Heat,4,0,28,Made Shot,Driving Layup Shot,,In The Paint (Non-RA),Center(C),Less Than 8 ft.,4,43,5,1,1,20230319,DET,MIA,|1628389|1628997|1629639|200768|202710,0,REG,2023,1630164,C,Anchor Big,0.01,PF,Shot Creator,4.08
1629631,De'Andre Hunter,2220107825,Shot Chart Detail,22201078,25,1610612737,Atlanta Hawks,1,10,7,Made Shot,Driving Dunk Shot,,Restricted Area,Center(C),Less Than 8 ft.,1,-9,10,1,1,20230321,ATL,DET,|1628381|1629027|1629631|203991|203992,1,REG,2023,1630164,C,Anchor Big,0.01,SF,Movement Shooter,-0.97
1629631,De'Andre Hunter,22201078271,Shot Chart Detail,22201078,271,1610612737,Atlanta Hawks,2,4,58,Missed Shot,Pullup Jump shot,,In The Paint (Non-RA),Center(C),8-16 ft.,12,-54,112,1,0,20230321,ATL,DET,|1628381|1629027|1629631|1631100|203991,0,REG,2023,1630164,C,Anchor Big,0.01,SF,Movement Shooter,-0.97
203991,Clint Capela,22201078300,Shot Chart Detail,22201078,300,1610612737,Atlanta Hawks,2,3,18,Made Shot,Putback Layup Shot,,Restricted Area,Center(C),Less Than 8 ft.,2,1,26,1,1,20230321,ATL,DET,|1628381|1629027|1629631|203991|203992,0,REG,2023,1630164|1628963,,,,C,Roll + Cut Big,0.53
203991,Clint Capela,22201078308,Shot Chart Detail,22201078,308,1610612737,Atlanta Hawks,2,2,43,Missed Shot,Reverse Layup Shot,,Restricted Area,Center(C),Less Than 8 ft.,2,-1,22,1,0,20230321,ATL,DET,|1628381|1629027|1629631|203991|203992,0,REG,2023,1630647|1630164|203585,,,,C,Roll + Cut Big,0.53
1628381,John Collins,22201078361,Shot Chart Detail,22201078,361,1610612737,Atlanta Hawks,3,11,34,Made Shot,Driving Layup Shot,2PT Field Goal,Restricted Area,Center(C),Less Than 8 ft.,1,12,10,1,1,20230321,ATL,DET,|1628381|1629027|1629631|203991|203992,1,REG,2023,1630164,C,Anchor Big,0.01,PF,Versatile Big,-1.3
1629027,Trae Young,22201078374,Shot Chart Detail,22201078,374,1610612737,Atlanta Hawks,3,10,46,Made Shot,Pullup Jump shot,,Above the Break 3,Center(C),24+ ft.,24,-69,239,1,1,20230321,ATL,DET,|1628381|1629027|1629631|203991|203992,0,REG,2023,1630164,C,Anchor Big,0.01,PG,Shot Creator,3.5
203992,Bogdan Bogdanovic,22201078386,Shot Chart Detail,22201078,386,1610612737,Atlanta Hawks,3,9,55,Made Shot,Running Pull-Up Jump Shot,,Above the Break 3,Right Side Center(RC),24+ ft.,25,218,126,1,1,20230321,ATL,DET,|1628381|1629027|1629631|203991|203992,1,REG,2023,1630164,C,Anchor Big,0.01,SG,Off Screen Shooter,0.89
203992,Bogdan Bogdanovic,22201078394,Shot Chart Detail,22201078,394,1610612737,Atlanta Hawks,3,9,16,Made Shot,Jump Shot,,Above the Break 3,Left Side Center(LC),24+ ft.,25,-176,180,1,1,20230321,ATL,DET,|1628381|1629027|1629631|203991|203992,1,REG,2023,1630164,C,Anchor Big,0.01,SG,Off Screen Shooter,0.89
203991,Clint Capela,22201078399,Shot Chart Detail,22201078,399,1610612737,Atlanta Hawks,3,8,52,Made Shot,Reverse Layup Shot,,Restricted Area,Center(C),Less Than 8 ft.,0,-1,-1,1,1,20230321,ATL,DET,|1628381|1629027|1629631|203991|203992,1,REG,2023,1631093|1630164,,,,C,Roll + Cut Big,0.53
1627832,Fred VanVleet,2220109976,Shot Chart Detail,22201099,76,1610612761,Toronto Raptors,1,5,59,Missed Shot,Step Back Jump shot,,Above the Break 3,Left Side Center(LC),24+ ft.,25,-195,168,1,0,20230324,TOR,DET,|1627751|1627783|1627832|1628384|203115,0,REG,2023,1630164,C,Anchor Big,0.01,PG,Primary Ball Handler,2.19
1627783,Pascal Siakam,22201099250,Shot Chart Detail,22201099,250,1610612761,Toronto Raptors,2,8,20,Made Shot,Turnaround Fadeaway Bank Jump Shot,,In The Paint (Non-RA),Center(C),Less Than 8 ft.,7,-65,41,1,1,20230324,TOR,DET,|1627751|1627783|1628449|1630288|203115,0,REG,2023,1630587|1630164,,,,PF,Shot Creator,1.84
1627751,Jakob Poeltl,22201099293,Shot Chart Detail,22201099,293,1610612761,Toronto Raptors,2,4,47,Made Shot,Cutting Finger Roll Layup Shot,2PT Field Goal,Restricted Area,Center(C),Less Than 8 ft.,0,5,4,1,1,20230324,TOR,DET,|1627751|1627783|1627832|1628384|1630288,1,REG,2023,1630164,C,Anchor Big,0.01,C,Roll + Cut Big,0.04
1627783,Pascal Siakam,22201099297,Shot Chart Detail,22201099,297,1610612761,Toronto Raptors,2,4,20,Made Shot,Turnaround Fadeaway shot,,In The Paint (Non-RA),Left Side(L),8-16 ft.,8,-48,75,1,1,20230324,TOR,DET,|1627751|1627783|1627832|1628384|1630288,0,REG,2023,1630164|1628963,,,,PF,Shot Creator,1.84
203115,Will Barton,22201099631,Shot Chart Detail,22201099,631,1610612761,Toronto Raptors,4,2,32,Made Shot,Driving Bank Hook Shot,,In The Paint (Non-RA),Center(C),Less Than 8 ft.,4,40,26,1,1,20230324,TOR,DET,|1628449|1630201|1630288|1631132|203115,1,REG,2023,1630164,C,Anchor Big,0.01,SG,Secondary Ball Handler,-1.19
201572,Brook Lopez,222011229,Shot Chart Detail,22201122,9,1610612749,Milwaukee Bucks,1,11,33,Missed Shot,Jump Shot,,Above the Break 3,Right Side Center(RC),24+ ft.,27,108,248,1,0,20230327,DET,MIL,|1626171|1628960|1628975|201572|203114,0,REG,2023,1630164,C,Anchor Big,0.01,C,Versatile Big,0.26
1626171,Bobby Portis,2220112223,Shot Chart Detail,22201122,23,1610612749,Milwaukee Bucks,1,9,48,Made Shot,Jump Shot,3PT Field Goal,Above the Break 3,Center(C),24+ ft.,25,78,246,1,1,20230327,DET,MIL,|1626171|1628960|1628975|201572|203114,1,REG,2023,1630164,C,Anchor Big,0.01,PF,Versatile Big,0.5
1626171,Bobby Portis,2220112232,Shot Chart Detail,22201122,32,1610612749,Milwaukee Bucks,1,8,55,Missed Shot,Jump Shot,3PT Field Goal,Right Corner 3,Right Side(R),24+ ft.,23,227,58,1,0,20230327,DET,MIL,|1626171|1628960|1628975|201572|203114,0,REG,2023,1630164,C,Anchor Big,0.01,PF,Versatile Big,0.5
203114,Khris Middleton,2220112240,Shot Chart Detail,22201122,40,1610612749,Milwaukee Bucks,1,8,23,Made Shot,Step Back Jump shot,,Mid-Range,Right Side(R),16-24 ft.,17,157,70,1,1,20230327,DET,MIL,|1626171|1628960|1628975|201572|203114,0,REG,2023,1630164,C,Anchor Big,0.01,SF,Shot Creator,1.26
201572,Brook Lopez,2220112254,Shot Chart Detail,22201122,54,1610612749,Milwaukee Bucks,1,7,24,Made Shot,Hook Shot,,In The Paint (Non-RA),Center(C),Less Than 8 ft.,6,18,65,1,1,20230327,DET,MIL,|1626171|1628960|201572|203114|204060,0,REG,2023,1630164,C,Anchor Big,0.01,C,Versatile Big,0.26
203114,Khris Middleton,2220112270,Shot Chart Detail,22201122,70,1610612749,Milwaukee Bucks,1,6,12,Missed Shot,Pullup Jump shot,,Above the Break 3,Center(C),24+ ft.,26,29,265,1,0,20230327,DET,MIL,|1626171|1626192|1628960|203114|204060,0,REG,2023,1630164,C,Anchor Big,0.01,SF,Shot Creator,1.26
1626171,Bobby Portis,2220112274,Shot Chart Detail,22201122,74,1610612749,Milwaukee Bucks,1,5,47,Made Shot,Driving Reverse Layup Shot,2PT Field Goal,Restricted Area,Center(C),Less Than 8 ft.,2,-11,17,1,1,20230327,DET,MIL,|1626171|1626192|1628960|203114|204060,1,REG,2023,1630164,C,Anchor Big,0.01,PF,Versatile Big,0.5
204060,Joe Ingles,2220112278,Shot Chart Detail,22201122,78,1610612749,Milwaukee Bucks,1,5,13,Missed Shot,Jump Shot,,Above the Break 3,Center(C),24+ ft.,26,7,268,1,0,20230327,DET,MIL,|1626171|1626192|1628960|203114|204060,0,REG,2023,1630164,C,Anchor Big,0.01,SF,Secondary Ball Handler,-0.96
1628975,Jevon Carter,22201122256,Shot Chart Detail,22201122,256,1610612749,Milwaukee Bucks,2,7,9,Made Shot,Pullup Jump shot,,Mid-Range,Right Side(R),16-24 ft.,16,164,32,1,1,20230327,DET,MIL,|1628960|1628975|201572|203109|203114,0,REG,2023,1630164,C,Anchor Big,0.01,PG,Primary Ball Handler,-1.05
203114,Khris Middleton,22201122282,Shot Chart Detail,22201122,282,1610612749,Milwaukee Bucks,2,5,53,Made Shot,Cutting Layup Shot,,Restricted Area,Center(C),Less Than 8 ft.,3,1,31,1,1,20230327,DET,MIL,|1628975|201572|203109|203114|204060,1,REG,2023,1630164|1628963,,,,SF,Shot Creator,1.26
1626171,Bobby Portis,22201122349,Shot Chart Detail,22201122,349,1610612749,Milwaukee Bucks,2,2,37,Missed Shot,Cutting Layup Shot,2PT Field Goal,In The Paint (Non-RA),Center(C),Less Than 8 ft.,4,31,32,1,0,20230327,DET,MIL,|1626171|1626192|201609|202083|204060,0,REG,2023,1630164,C,Anchor Big,0.01,PF,Versatile Big,0.5
203114,Khris Middleton,22201122411,Shot Chart Detail,22201122,411,1610612749,Milwaukee Bucks,3,11,17,Made Shot,Pullup Jump shot,,Mid-Range,Right Side(R),16-24 ft.,19,164,108,1,1,20230327,DET,MIL,|1626171|1628960|1628975|201572|203114,1,REG,2023,1630164,C,Anchor Big,0.01,SF,Shot Creator,1.26
203114,Khris Middleton,22201122416,Shot Chart Detail,22201122,416,1610612749,Milwaukee Bucks,3,10,50,Missed Shot,Driving Floating Jump Shot,,In The Paint (Non-RA),Center(C),Less Than 8 ft.,6,-1,67,1,0,20230327,DET,MIL,|1626171|1628960|1628975|201572|203114,0,REG,2023,1630164,C,Anchor Big,0.01,SF,Shot Creator,1.26
201572,Brook Lopez,22201122418,Shot Chart Detail,22201122,418,1610612749,Milwaukee Bucks,3,10,42,Made Shot,Tip Layup Shot,,Restricted Area,Center(C),Less Than 8 ft.,0,0,0,1,1,20230327,DET,MIL,|1626171|1628960|1628975|201572|203114,0,REG,2023,1631093|1630164,,,,C,Versatile Big,0.26
1626171,Bobby Portis,22201122430,Shot Chart Detail,22201122,430,1610612749,Milwaukee Bucks,3,9,20,Made Shot,Turnaround Hook Shot,2PT Field Goal,In The Paint (Non-RA),Center(C),Less Than 8 ft.,6,-26,59,1,1,20230327,DET,MIL,|1626171|1628960|1628975|201572|203114,1,REG,2023,1630587|1630164,,,,PF,Versatile Big,0.5
203114,Khris Middleton,22201122451,Shot Chart Detail,22201122,451,1610612749,Milwaukee Bucks,3,7,40,Missed Shot,Running Jump Shot,,Above the Break 3,Center(C),24+ ft.,25,42,256,1,0,20230327,DET,MIL,|1626171|1628960|1628975|201572|203114,0,REG,2023,1630164,C,Anchor Big,0.01,SF,Shot Creator,1.26
1631114,Jalen Williams,2220114212,Shot Chart Detail,22201142,12,1610612760,Oklahoma City Thunder,1,10,57,Made Shot,Driving Floating Jump Shot,,In The Paint (Non-RA),Center(C),Less Than 8 ft.,4,5,43,1,1,20230329,OKC,DET,|1629652|1630198|1630581|1631114|1631119,0,REG,2023,1631093|1630164,,,,SG,Athletic Finisher,-0.58
1630581,Josh Giddey,2220114215,Shot Chart Detail,22201142,15,1610612760,Oklahoma City Thunder,1,10,37,Missed Shot,Driving Finger Roll Layup Shot,,In The Paint (Non-RA),Center(C),Less Than 8 ft.,4,32,36,1,0,20230329,OKC,DET,|1629652|1630198|1630581|1631114|1631119,0,REG,2023,1630164,C,Anchor Big,0.01,PF,Slasher,-0.04
1630581,Josh Giddey,2220114226,Shot Chart Detail,22201142,26,1610612760,Oklahoma City Thunder,1,9,3,Missed Shot,Running Finger Roll Layup Shot,,Restricted Area,Center(C),Less Than 8 ft.,2,6,29,1,0,20230329,OKC,DET,|1629652|1630198|1630581|1631114|1631119,0,REG,2023,1630587|1630164,,,,PF,Slasher,-0.04
1629652,Luguentz Dort,2220114232,Shot Chart Detail,22201142,32,1610612760,Oklahoma City Thunder,1,8,45,Missed Shot,Jump Shot,3PT Field Goal,Above the Break 3,Center(C),24+ ft.,26,-2,263,1,0,20230329,OKC,DET,|1629652|1630198|1630581|1631114|1631119,0,REG,2023,1630164|1628963,,,,SF,Athletic Finisher,0.32
1630526,Jeremiah Robinson-Earl,22201142188,Shot Chart Detail,22201142,188,1610612760,Oklahoma City Thunder,2,10,12,Missed Shot,Jump Shot,,Right Corner 3,Right Side(R),24+ ft.,24,234,78,1,0,20230329,OKC,DET,|1630198|1630526|1630598|1631114|1631172,0,REG,2023,1630164,C,Anchor Big,0.01,PF,Stretch Big,-0.6
1631114,Jalen Williams,22201142194,Shot Chart Detail,22201142,194,1610612760,Oklahoma City Thunder,2,9,32,Missed Shot,Tip Layup Shot,,Restricted Area,Center(C),Less Than 8 ft.,0,0,0,1,0,20230329,OKC,DET,|1630198|1630526|1630598|1631114|1631172,0,REG,2023,1630164,C,Anchor Big,0.01,SG,Athletic Finisher,-0.58
1631114,Jalen Williams,22201142203,Shot Chart Detail,22201142,203,1610612760,Oklahoma City Thunder,2,8,39,Missed Shot,Driving Layup Shot,,Restricted Area,Center(C),Less Than 8 ft.,2,18,20,1,0,20230329,OKC,DET,|1630198|1630526|1630598|1631114|1631172,0,REG,2023,1630181|1630164,,,,SG,Athletic Finisher,-0.58
1631114,Jalen Williams,22201142205,Shot Chart Detail,22201142,205,1610612760,Oklahoma City Thunder,2,8,35,Made Shot,Tip Layup Shot,,Restricted Area,Center(C),Less Than 8 ft.,0,0,0,1,1,20230329,OKC,DET,|1630198|1630526|1630598|1631114|1631172,0,REG,2023,1630181|1630164,,,,SG,Athletic Finisher,-0.58
1631114,Jalen Williams,22201142211,Shot Chart Detail,22201142,211,1610612760,Oklahoma City Thunder,2,7,54,Missed Shot,Driving Layup Shot,,Restricted Area,Center(C),Less Than 8 ft.,2,27,5,1,0,20230329,OKC,DET,|1630198|1630526|1630598|1631114|1631172,0,REG,2023,1630164,C,Anchor Big,0.01,SG,Athletic Finisher,-0.58
1631172,Ousmane Dieng,22201142223,Shot Chart Detail,22201142,223,1610612760,Oklahoma City Thunder,2,6,51,Missed Shot,Jump Shot,,Left Corner 3,Left Side(L),24+ ft.,23,-234,5,1,0,20230329,OKC,DET,|1630198|1630598|1631114|1631119|1631172,0,REG,2023,1630164,C,Anchor Big,0.01,PF,Stationary Shooter,-0.77
1630581,Josh Giddey,22201142252,Shot Chart Detail,22201142,252,1610612760,Oklahoma City Thunder,2,3,55,Made Shot,Driving Layup Shot,,Restricted Area,Center(C),Less Than 8 ft.,2,23,5,1,1,20230329,OKC,DET,|1629652|1630581|1630598|1631119|1631172,1,REG,2023,1630164,C,Anchor Big,0.01,PF,Slasher,-0.04
1631114,Jalen Williams,22201142338,Shot Chart Detail,22201142,338,1610612760,Oklahoma City Thunder,3,10,32,Missed Shot,Driving Bank Hook Shot,,In The Paint (Non-RA),Center(C),Less Than 8 ft.,4,40,24,1,0,20230329,OKC,DET,|1629652|1630198|1630581|1631114|1631119,0,REG,2023,1630164,C,Anchor Big,0.01,SG,Athletic Finisher,-0.58
1631119,Jaylin Williams,22201142348,Shot Chart Detail,22201142,348,1610612760,Oklahoma City Thunder,3,10,2,Made Shot,Jump Shot,,Above the Break 3,Left Side Center(LC),24+ ft.,27,-127,243,1,1,20230329,OKC,DET,|1629652|1630198|1630581|1631114|1631119,1,REG,2023,1630164,C,Anchor Big,0.01,C,Stretch Big,-1.29
1631119,Jaylin Williams,22201142355,Shot Chart Detail,22201142,355,1610612760,Oklahoma City Thunder,3,8,51,Missed Shot,Jump Shot,,Above the Break 3,Right Side Center(RC),24+ ft.,24,202,144,1,0,20230329,OKC,DET,|1629652|1630198|1630581|1631114|1631119,0,REG,2023,1630164,C,Anchor Big,0.01,C,Stretch Big,-1.29
1630581,Josh Giddey,22201142653,Shot Chart Detail,22201142,653,1610612760,Oklahoma City Thunder,4,0,1,Missed Shot,Turnaround Jump Shot,,In The Paint (Non-RA),Center(C),Less Than 8 ft.,7,75,-4,1,0,20230329,OKC,DET,|1629652|1630198|1630581|1630598|1631114,0,REG,2023,1630181|1630164,,,,PF,Slasher,-0.04
1630231,Kenyon Martin Jr.,222011559,Shot Chart Detail,22201155,9,1610612745,Houston Rockets,1,11,29,Made Shot,Alley Oop Dunk Shot,,In The Paint (Non-RA),Center(C),Less Than 8 ft.,4,-31,27,1,1,20230331,HOU,DET,|1629645|1630224|1630231|1630578|1631095,1,REG,2023,1630164,C,Anchor Big,0.01,SF,Low Minute,-0.21
1630578,Alperen Sengun,2220115553,Shot Chart Detail,22201155,53,1610612745,Houston Rockets,1,7,59,Made Shot,Turnaround Hook Shot,,Restricted Area,Center(C),Less Than 8 ft.,3,-6,31,1,1,20230331,HOU,DET,|1629645|1630224|1630231|1630578|1631095,0,REG,2023,1628963|1630164,,,,C,Post Scorer,-0.11
1630578,Alperen Sengun,22201155223,Shot Chart Detail,22201155,223,1610612745,Houston Rockets,2,8,30,Made Shot,Driving Dunk Shot,,Restricted Area,Center(C),Less Than 8 ft.,2,2,27,1,1,20230331,HOU,DET,|1630227|1630528|1630578|1631095|1631106,0,REG,2023,1630164,C,Anchor Big,0.01,C,Post Scorer,-0.11
1630224,Jalen Green,22201155291,Shot Chart Detail,22201155,291,1610612745,Houston Rockets,2,3,47,Missed Shot,Step Back Jump shot,,Mid-Range,Center(C),16-24 ft.,16,21,159,1,0,20230331,HOU,DET,|1629645|1630224|1630231|1630586|1631095,0,REG,2023,1630164,C,Anchor Big,0.01,SG,Primary Ball Handler,-0.06
1631095,Jabari Smith Jr.,22201155294,Shot Chart Detail,22201155,294,1610612745,Houston Rockets,2,3,33,Missed Shot,Driving Reverse Layup Shot,,In The Paint (Non-RA),Center(C),Less Than 8 ft.,5,32,39,1,0,20230331,HOU,DET,|1629645|1630224|1630231|1630586|1631095,0,REG,2023,1631093|1630164,,,,PF,Athletic Finisher,-1.87
1631095,Jabari Smith Jr.,22201155296,Shot Chart Detail,22201155,296,1610612745,Houston Rockets,2,3,31,Missed Shot,Putback Layup Shot,,In The Paint (Non-RA),Center(C),Less Than 8 ft.,4,12,39,1,0,20230331,HOU,DET,|1629645|1630224|1630231|1630586|1631095,0,REG,2023,1630164,C,Anchor Big,0.01,PF,Athletic Finisher,-1.87
1630578,Alperen Sengun,22201155320,Shot Chart Detail,22201155,320,1610612745,Houston Rockets,2,1,56,Missed Shot,Layup Shot,,In The Paint (Non-RA),Center(C),Less Than 8 ft.,6,-25,59,1,0,20230331,HOU,DET,|1629645|1630224|1630231|1630578|1631095,0,REG,2023,1630164,C,Anchor Big,0.01,C,Post Scorer,-0.11
1630578,Alperen Sengun,22201155329,Shot Chart Detail,22201155,329,1610612745,Houston Rockets,2,1,23,Made Shot,Floating Jump shot,,Mid-Range,Right Side(R),8-16 ft.,8,82,17,1,1,20230331,HOU,DET,|1629645|1630224|1630231|1630578|1631106,1,REG,2023,1630164,C,Anchor Big,0.01,C,Post Scorer,-0.11
1630224,Jalen Green,22201155349,Shot Chart Detail,22201155,349,1610612745,Houston Rockets,3,11,4,Made Shot,Step Back Bank Jump Shot,,Mid-Range,Right Side(R),8-16 ft.,14,146,-18,1,1,20230331,HOU,DET,|1629645|1630224|1630231|1630578|1631095,0,REG,2023,1630164,C,Anchor Big,0.01,SG,Primary Ball Handler,-0.06
1629645,Kevin Porter Jr.,22201155386,Shot Chart Detail,22201155,386,1610612745,Houston Rockets,3,7,56,Made Shot,Jump Shot,3PT Field Goal,Above the Break 3,Right Side Center(RC),24+ ft.,25,191,169,1,1,20230331,HOU,DET,|1629645|1630224|1630231|1630578|1631095,1,REG,2023,1630164,C,Anchor Big,0.01,PG,Shot Creator,0.21
1628976,Wendell Carter Jr.,2220116944,Shot Chart Detail,22201169,44,1610612753,Orlando Magic,1,8,48,Missed Shot,Driving Layup Shot,,Restricted Area,Center(C),Less Than 8 ft.,3,16,29,1,0,20230402,ORL,DET,|1628365|1628976|1630532|1631094|203914,0,REG,2023,1630164,C,Anchor Big,0.01,C,Stretch Big,-0.86
1630532,Franz Wagner,2220116948,Shot Chart Detail,22201169,48,1610612753,Orlando Magic,1,8,40,Made Shot,Running Dunk Shot,,Restricted Area,Center(C),Less Than 8 ft.,2,12,21,1,1,20230402,ORL,DET,|1628365|1628976|1630532|1631094|203914,0,REG,2023,1630164,C,Anchor Big,0.01,SF,Secondary Ball Handler,0.56
1631094,Paolo Banchero,2220116951,Shot Chart Detail,22201169,51,1610612753,Orlando Magic,1,8,19,Made Shot,Running Layup Shot,,Restricted Area,Center(C),Less Than 8 ft.,3,5,34,1,1,20230402,ORL,DET,|1628365|1628976|1630532|1631094|203914,0,REG,2023,1630587|1631093|1630164,,,,PF,Shot Creator,-0.46
1628976,Wendell Carter Jr.,22201169307,Shot Chart Detail,22201169,307,1610612753,Orlando Magic,2,5,27,Made Shot,Putback Dunk Shot,,Restricted Area,Center(C),Less Than 8 ft.,1,2,16,1,1,20230402,ORL,DET,|1628365|1628976|1630532|1630591|1631094,0,REG,2023,1630164,C,Anchor Big,0.01,C,Stretch Big,-0.86
1631094,Paolo Banchero,22201169352,Shot Chart Detail,22201169,352,1610612753,Orlando Magic,2,1,56,Made Shot,Driving Layup Shot,,Restricted Area,Center(C),Less Than 8 ft.,3,33,15,1,1,20230402,ORL,DET,|1628365|1628976|1629643|1631094|203914,0,REG,2023,1630164,C,Anchor Big,0.01,PF,Shot Creator,-0.46
1628976,Wendell Carter Jr.,22201169376,Shot Chart Detail,22201169,376,1610612753,Orlando Magic,2,0,0,Missed Shot,Jump Shot,,Above the Break 3,Right Side Center(RC),24+ ft.,25,110,226,1,0,20230402,ORL,DET,|1628365|1628976|1629643|1631094|203914,0,REG,2023,1630164,C,Anchor Big,0.01,C,Stretch Big,-0.86
1628976,Wendell Carter Jr.,22201169402,Shot Chart Detail,22201169,402,1610612753,Orlando Magic,3,9,17,Made Shot,Jump Shot,,Above the Break 3,Center(C),24+ ft.,25,4,257,1,1,20230402,ORL,DET,|1628365|1628976|1630532|1631094|203914,1,REG,2023,1630164,C,Anchor Big,0.01,C,Stretch Big,-0.86
1629021,Moritz Wagner,22201169625,Shot Chart Detail,22201169,625,1610612753,Orlando Magic,4,5,21,Made Shot,Jump Shot,3PT Field Goal,Left Corner 3,Left Side(L),24+ ft.,23,-230,-1,1,1,20230402,ORL,DET,|1629021|1629643|1630175|1630591|1631216,1,REG,2023,1630164|1631197,,,,C,Stretch Big,0.63
1629021,Moritz Wagner,22201169659,Shot Chart Detail,22201169,659,1610612753,Orlando Magic,4,3,32,Made Shot,Driving Reverse Layup Shot,2PT Field Goal,In The Paint (Non-RA),Center(C),Less Than 8 ft.,4,-33,26,1,1,20230402,ORL,DET,|1629021|1629643|1629678|1630175|1631216,0,REG,2023,1630164,C,Anchor Big,0.01,C,Stretch Big,0.63
1628389,Bam Adebayo,2220117759,Shot Chart Detail,22201177,59,1610612748,Miami Heat,1,5,52,Made Shot,Turnaround Fadeaway shot,2PT Field Goal,In The Paint (Non-RA),Center(C),Less Than 8 ft.,6,39,57,1,1,20230404,DET,MIA,|1628389|1629216|1629622|1629639|202710,0,REG,2023,1630164,C,Anchor Big,0.01,C,Shot Creator,-0.08
201567,Kevin Love,2220117776,Shot Chart Detail,22201177,76,1610612748,Miami Heat,1,4,54,Missed Shot,Jump Shot,,Above the Break 3,Left Side Center(LC),24+ ft.,24,-174,174,1,0,20230404,DET,MIA,|1629216|1629622|200768|201567|202710,0,REG,2023,1630164,C,Anchor Big,0.01,PF,Movement Shooter,-0.1
1629622,Max Strus,2220117792,Shot Chart Detail,22201177,92,1610612748,Miami Heat,1,3,15,Missed Shot,Jump Shot,,Left Corner 3,Left Side(L),24+ ft.,23,-232,24,1,0,20230404,DET,MIA,|1629216|1629622|200768|201567|202710,0,REG,2023,1630164,C,Anchor Big,0.01,SF,Movement Shooter,-1.09
201567,Kevin Love,22201177160,Shot Chart Detail,22201177,160,1610612748,Miami Heat,2,11,29,Made Shot,Cutting Layup Shot,,Restricted Area,Center(C),Less Than 8 ft.,0,-6,5,1,1,20230404,DET,MIA,|1628997|1629216|1629639|200768|201567,1,REG,2023,1630164,C,Anchor Big,0.01,PF,Movement Shooter,-0.1
201567,Kevin Love,22201177178,Shot Chart Detail,22201177,178,1610612748,Miami Heat,2,9,16,Made Shot,Jump Shot,,Above the Break 3,Left Side Center(LC),24+ ft.,25,-141,209,1,1,20230404,DET,MIA,|1628997|1629216|1629639|200768|201567,0,REG,2023,1630164,C,Anchor Big,0.01,PF,Movement Shooter,-0.1
1628389,Bam Adebayo,22201177339,Shot Chart Detail,22201177,339,1610612748,Miami Heat,3,9,4,Missed Shot,Driving Finger Roll Layup Shot,2PT Field Goal,In The Paint (Non-RA),Center(C),Less Than 8 ft.,4,-15,47,1,0,20230404,DET,MIA,|1628389|1629216|1629622|1629639|202710,0,REG,2023,1630164,C,Anchor Big,0.01,C,Shot Creator,-0.08
202710,Jimmy Butler,22201177343,Shot Chart Detail,22201177,343,1610612748,Miami Heat,3,8,35,Made Shot,Driving Finger Roll Layup Shot,,Restricted Area,Center(C),Less Than 8 ft.,2,28,0,1,1,20230404,DET,MIA,|1628389|1629216|1629622|1629639|202710,0,REG,2023,1630164,C,Anchor Big,0.01,PF,Shot Creator,4.08
1629216,Gabe Vincent,22201177384,Shot Chart Detail,22201177,384,1610612748,Miami Heat,3,4,31,Missed Shot,Pullup Jump shot,,Mid-Range,Left Side(L),8-16 ft.,12,-120,0,1,0,20230404,DET,MIA,|1628389|1629216|1629622|1629639|202710,0,REG,2023,1630164,C,Anchor Big,0.01,PG,Primary Ball Handler,-1.58
202710,Jimmy Butler,22201177404,Shot Chart Detail,22201177,404,1610612748,Miami Heat,3,3,38,Made Shot,Turnaround Fadeaway shot,,Mid-Range,Right Side(R),8-16 ft.,9,93,6,1,1,20230404,DET,MIA,|1628997|1629622|200768|201567|202710,0,REG,2023,1630164,C,Anchor Big,0.01,PF,Shot Creator,4.08
202710,Jimmy Butler,22201177542,Shot Chart Detail,22201177,542,1610612748,Miami Heat,4,4,35,Made Shot,Pullup Jump shot,,In The Paint (Non-RA),Center(C),8-16 ft.,10,-6,104,1,1,20230404,DET,MIA,|1628389|1628997|1629216|1629639|202710,0,REG,2023,202709|1630164,,,,PF,Shot Creator,4.08
202710,Jimmy Butler,22201177554,Shot Chart Detail,22201177,554,1610612748,Miami Heat,4,3,9,Made Shot,Driving Reverse Layup Shot,,Restricted Area,Center(C),Less Than 8 ft.,2,28,8,1,1,20230404,DET,MIA,|1628389|1628997|1629216|1629639|202710,0,REG,2023,1630164,C,Anchor Big,0.01,PF,Shot Creator,4.08
1628969,Mikal Bridges,2220118929,Shot Chart Detail,22201189,29,1610612751,Brooklyn Nets,1,9,5,Missed Shot,Pullup Jump shot,,Above the Break 3,Center(C),24+ ft.,26,38,261,1,0,20230405,DET,BKN,|1626220|1628969|1629651|1629661|203915,0,REG,2023,1630647|1630164,,,,SF-SG,Movement Shooter,1.01
1629651,Nic Claxton,2220118938,Shot Chart Detail,22201189,38,1610612751,Brooklyn Nets,1,8,22,Made Shot,Cutting Dunk Shot,,Restricted Area,Center(C),Less Than 8 ft.,3,1,34,1,1,20230405,DET,BKN,|1626220|1628969|1629651|1629661|203915,1,REG,2023,1630164,C,Anchor Big,0.01,C,Roll + Cut Big,0.71
1628969,Mikal Bridges,2220118964,Shot Chart Detail,22201189,64,1610612751,Brooklyn Nets,1,6,41,Missed Shot,Pullup Jump shot,,Mid-Range,Left Side Center(LC),16-24 ft.,17,-71,157,1,0,20230405,DET,BKN,|1626220|1628969|1629651|203915|203925,0,REG,2023,1630164,C,Anchor Big,0.01,SF-SG,Movement Shooter,1.01
1628410,Edmond Sumner,22201189176,Shot Chart Detail,22201189,176,1610612751,Brooklyn Nets,2,10,43,Made Shot,Driving Finger Roll Layup Shot,2PT Field Goal,Restricted Area,Center(C),Less Than 8 ft.,1,-15,13,1,1,20230405,DET,BKN,|1628410|1629139|1629651|1629661|203552,1,REG,2023,1630164,C,Anchor Big,0.01,SG,Stationary Shooter,-1.15
1628410,Edmond Sumner,22201189190,Shot Chart Detail,22201189,190,1610612751,Brooklyn Nets,2,9,40,Made Shot,Driving Layup Shot,2PT Field Goal,Restricted Area,Center(C),Less Than 8 ft.,3,-34,0,1,1,20230405,DET,BKN,|1628410|1629139|1629651|1629661|203552,0,REG,2023,1630164|1631197,,,,SG,Stationary Shooter,-1.15
1628969,Mikal Bridges,22201189326,Shot Chart Detail,22201189,326,1610612751,Brooklyn Nets,3,11,1,Made Shot,Driving Floating Bank Jump Shot,,In The Paint (Non-RA),Center(C),Less Than 8 ft.,4,-39,28,1,1,20230405,DET,BKN,|1626220|1628969|1629651|1629661|203915,0,REG,2023,1630164|1630165,,,,SF-SG,Movement Shooter,1.01
1629661,Cameron Johnson,22201189348,Shot Chart Detail,22201189,348,1610612751,Brooklyn Nets,3,8,56,Missed Shot,Jump Shot,,Left Corner 3,Left Side(L),24+ ft.,23,-238,25,1,0,20230405,DET,BKN,|1626220|1628969|1629651|1629661|203915,0,REG,2023,1630164,C,Anchor Big,0.01,PF,Movement Shooter,1.15
203915,Spencer Dinwiddie,22201189373,Shot Chart Detail,22201189,373,1610612751,Brooklyn Nets,3,6,20,Missed Shot,Driving Floating Jump Shot,,In The Paint (Non-RA),Center(C),Less Than 8 ft.,7,-29,72,1,0,20230405,DET,BKN,|1626220|1628969|1629651|1629661|203915,0,REG,2023,1630164,C,Anchor Big,0.01,SG-PG,Shot Creator,1.55
1628410,Edmond Sumner,22201189418,Shot Chart Detail,22201189,418,1610612751,Brooklyn Nets,3,2,42,Made Shot,Driving Finger Roll Layup Shot,,Restricted Area,Center(C),Less Than 8 ft.,2,4,23,1,1,20230405,DET,BKN,|1626220|1628410|1630549|203915|203925,1,REG,2023,1630181|1630164,,,,SG,Stationary Shooter,-1.15
1628969,Mikal Bridges,22201189580,Shot Chart Detail,22201189,580,1610612751,Brooklyn Nets,4,1,59,Missed Shot,Fadeaway Jump Shot,,In The Paint (Non-RA),Center(C),8-16 ft.,13,26,133,1,0,20230405,DET,BKN,|1626220|1628969|1629651|1629661|203915,0,REG,2023,1630164,C,Anchor Big,0.01,SF-SG,Movement Shooter,1.01
1629670,Jordan Nwora,222012037,Shot Chart Detail,22201203,7,1610612754,Indiana Pacers,1,11,43,Missed Shot,Pullup Jump shot,,Mid-Range,Center(C),16-24 ft.,17,39,175,1,0,20230407,IND,DET,|1629614|1629670|1630174|1630543|1631097,0,REG,2023,1630164,C,Anchor Big,0.01,SF,Movement Shooter,-0.99
1629614,Andrew Nembhard,2220120318,Shot Chart Detail,22201203,18,1610612754,Indiana Pacers,1,10,40,Made Shot,Driving Layup Shot,2PT Field Goal,Restricted Area,Center(C),Less Than 8 ft.,2,22,18,1,1,20230407,IND,DET,|1629614|1629670|1630174|1630543|1631097,1,REG,2023,1630164,C,Anchor Big,0.01,SG,Primary Ball Handler,-1.11
202696,Nikola Vucevic,2220122344,Shot Chart Detail,22201223,44,1610612741,Chicago Bulls,1,8,3,Made Shot,Jump Shot,,Mid-Range,Center(C),8-16 ft.,14,20,148,1,1,20230409,CHI,DET,|1627936|201942|201976|202696|203897,1,REG,2023,1630164,C,Anchor Big,0.01,C,Versatile Big,-0.16
202696,Nikola Vucevic,2220122351,Shot Chart Detail,22201223,51,1610612741,Chicago Bulls,1,7,24,Missed Shot,Driving Hook Shot,,Restricted Area,Center(C),Less Than 8 ft.,1,-4,11,1,0,20230409,CHI,DET,|1627936|201942|201976|202696|203897,0,REG,2023,1630164,C,Anchor Big,0.01,C,Versatile Big,-0.16
203083,Andre Drummond,22201223183,Shot Chart Detail,22201223,183,1610612741,Chicago Bulls,2,9,15,Missed Shot,Tip Layup Shot,,Restricted Area,Center(C),Less Than 8 ft.,0,0,0,1,0,20230409,CHI,DET,|1629632|1630172|1630245|201942|203083,0,REG,2023,1630164|1628963,,,,C,Roll + Cut Big,-0.37
203083,Andre Drummond,22201223185,Shot Chart Detail,22201223,185,1610612741,Chicago Bulls,2,9,12,Missed Shot,Putback Layup Shot,,Restricted Area,Center(C),Less Than 8 ft.,1,-7,17,1,0,20230409,CHI,DET,|1629632|1630172|1630245|201942|203083,0,REG,2023,1630164|1628963,,,,C,Roll + Cut Big,-0.37
201942,DeMar DeRozan,22201223192,Shot Chart Detail,22201223,192,1610612741,Chicago Bulls,2,8,39,Made Shot,Driving Layup Shot,,Restricted Area,Center(C),Less Than 8 ft.,2,-23,9,1,1,20230409,CHI,DET,|1629632|1630172|1630245|201942|203083,0,REG,2023,1630164,C,Anchor Big,0.01,SF,Shot Creator,1.3
202696,Nikola Vucevic,22201223208,Shot Chart Detail,22201223,208,1610612741,Chicago Bulls,2,7,24,Made Shot,Driving Hook Shot,,In The Paint (Non-RA),Center(C),Less Than 8 ft.,6,40,53,1,1,20230409,CHI,DET,|1627936|1630172|1630245|202696|203897,1,REG,2023,1630164,C,Anchor Big,0.01,C,Versatile Big,-0.16
203897,Zach LaVine,22201223219,Shot Chart Detail,22201223,219,1610612741,Chicago Bulls,2,6,19,Made Shot,Driving Layup Shot,,Restricted Area,Center(C),Less Than 8 ft.,2,-20,3,1,1,20230409,CHI,DET,|1627936|1630172|1630245|202696|203897,0,REG,2023,1630164,C,Anchor Big,0.01,SG,Shot Creator,1.34
1627936,Alex Caruso,22201223221,Shot Chart Detail,22201223,221,1610612741,Chicago Bulls,2,5,52,Missed Shot,Pullup Jump shot,3PT Field Goal,Left Corner 3,Left Side(L),24+ ft.,23,-230,-13,1,0,20230409,CHI,DET,|1627936|1630172|1630245|202696|203897,0,REG,2023,1631105|1630164,,,,PG,Athletic Finisher,-1.16
203897,Zach LaVine,22201223299,Shot Chart Detail,22201223,299,1610612741,Chicago Bulls,3,10,57,Made Shot,Pullup Jump shot,,In The Paint (Non-RA),Center(C),8-16 ft.,14,-53,132,1,1,20230409,CHI,DET,|1630172|201942|201976|203083|203897,1,REG,2023,1630164,C,Anchor Big,0.01,SG,Shot Creator,1.34
203083,Andre Drummond,22201223308,Shot Chart Detail,22201223,308,1610612741,Chicago Bulls,3,11,25,Missed Shot,Tip Layup Shot,,Restricted Area,Center(C),Less Than 8 ft.,0,1,5,1,0,20230409,CHI,DET,|1630172|201942|201976|203083|203897,0,REG,2023,1630164|1631197,,,,C,Roll + Cut Big,-0.37
203083,Andre Drummond,22201223312,Shot Chart Detail,22201223,312,1610612741,Chicago Bulls,3,9,48,Made Shot,Cutting Dunk Shot,,Restricted Area,Center(C),Less Than 8 ft.,0,1,4,1,1,20230409,CHI,DET,|1630172|201942|201976|203083|203897,1,REG,2023,1631105|1630164,,,,C,Roll + Cut Big,-0.37
203083,Andre Drummond,22201223320,Shot Chart Detail,22201223,320,1610612741,Chicago Bulls,3,9,11,Made Shot,Turnaround Hook Shot,,In The Paint (Non-RA),Center(C),Less Than 8 ft.,7,-27,65,1,1,20230409,CHI,DET,|1630172|201942|201976|203083|203897,1,REG,2023,1631105|1630164,,,,C,Roll + Cut Big,-0.37
201942,DeMar DeRozan,22201223324,Shot Chart Detail,22201223,324,1610612741,Chicago Bulls,3,8,46,Missed Shot,Jump Shot,,Left Corner 3,Left Side(L),24+ ft.,23,-229,33,1,0,20230409,CHI,DET,|1630172|201942|201976|203083|203897,0,REG,2023,1630164,C,Anchor Big,0.01,SF,Shot Creator,1.3
201942,DeMar DeRozan,22201223352,Shot Chart Detail,22201223,352,1610612741,Chicago Bulls,3,6,7,Missed Shot,Pullup Jump shot,,Mid-Range,Right Side(R),8-16 ft.,15,105,113,1,0,20230409,CHI,DET,|1630172|201942|201976|203083|203897,0,REG,2023,1631093|1630164,,,,SF,Shot Creator,1.3
203083,Andre Drummond,22201223354,Shot Chart Detail,22201223,354,1610612741,Chicago Bulls,3,6,5,Missed Shot,Layup Shot,,Restricted Area,Center(C),Less Than 8 ft.,2,-4,22,1,0,20230409,CHI,DET,|1630172|201942|201976|203083|203897,0,REG,2023,1630164,C,Anchor Big,0.01,C,Roll + Cut Big,-0.37
203897,Zach LaVine,22201223362,Shot Chart Detail,22201223,362,1610612741,Chicago Bulls,3,5,41,Missed Shot,Driving Layup Shot,,Restricted Area,Center(C),Less Than 8 ft.,3,26,17,1,0,20230409,CHI,DET,|1627884|1629632|1630172|201976|203897,0,REG,2023,1630164,C,Anchor Big,0.01,SG,Shot Creator,1.34
1630637,Carlik Jones,22201223497,Shot Chart Detail,22201223,497,1610612741,Chicago Bulls,4,7,19,Made Shot,Jump Shot,,Mid-Range,Right Side Center(RC),16-24 ft.,21,83,193,1,1,20230409,CHI,DET,|1630245|1630250|1630637|1630678|1631207,0,REG,2023,1630164,C,Anchor Big,0.01,PG,Low Minute,0.01
1630250,Marko Simonovic,22201223500,Shot Chart Detail,22201223,500,1610612741,Chicago Bulls,4,6,55,Made Shot,Jump Shot,,Above the Break 3,Right Side Center(RC),24+ ft.,24,107,222,1,1,20230409,CHI,DET,|1630245|1630250|1630637|1630678|1631207,1,REG,2023,1630164,C,Anchor Big,0.01,C,Low Minute,-0.11
1630637,Carlik Jones,22201223526,Shot Chart Detail,22201223,526,1610612741,Chicago Bulls,4,5,13,Made Shot,Jump Shot,,Above the Break 3,Left Side Center(LC),24+ ft.,25,-159,195,1,1,20230409,CHI,DET,|1630245|1630250|1630637|1630678|1631207,1,REG,2023,1630164,C,Anchor Big,0.01,PG,Low Minute,0.01
