GRID_TYPE,GAME_ID,GAME_EVENT_ID,PLAYER_ID,PLAYER_NAME,TEAM_ID,TEAM_NAME,PERIOD,MINUTES_REMAINING,SECONDS_REMAINING,EVENT_TYPE,ACTION_TYPE,SHOT_TYPE,SHOT_ZONE_BASIC,SHOT_ZONE_AREA,SHOT_ZONE_RANGE,SHOT_DISTANCE,LOC_X,LOC_Y,SHOT_ATTEMPTED_FLAG,SHOT_MADE_FLAG,GAME_DATE,HTM,VTM,SHOT_ID,time,extra,PLAYERS_ON,assisted,season_type,year,DEF_ID,score_margin,DEF_POSITION,DEF_ROLE,D_LEBRON,dsc,OFF_POSITION,OFF_ROLE,O_LEBRON,ASSIST_ID,EVENTNUM
Shot Chart Detail,22500023,11,1626157,Karl-Anthony Towns,1610612752,New York Knicks,1,11,12,Made Shot,Jump Shot,3PT Field Goal,Right Corner 3,Right Side(R),24+ ft.,23,239,-17,1,1,20251031,CHI,NYK,2250002311,480,0,1626157|1628384|1628969|1628973|1629011,1,REG,2026,1630581,3.0,PG,Helper,-0.7182221566927236,Towns 24' 3PT Jump Shot (3 PTS) (Anunoby 1 AST),C,Versatile Big,1.780121465254871,1628384.0,11
Shot Chart Detail,22500023,16,1626157,Karl-Anthony Towns,1610612752,New York Knicks,1,10,33,Missed Shot,Jump Shot,3PT Field Goal,Above the Break 3,Left Side Center(LC),24+ ft.,27,-110,248,1,0,20251031,CHI,NYK,2250002316,870,0,1626157|1628384|1628969|1628973|1629011,0,REG,2026,1630581,3.0,PG,Helper,-0.7182221566927236,MISS Towns 27' 3PT Jump Shot,C,Versatile Big,1.780121465254871,,16
Shot Chart Detail,22500023,25,1628973,Jalen Brunson,1610612752,New York Knicks,1,9,45,Made Shot,Jump Shot,3PT Field Goal,Above the Break 3,Left Side Center(LC),24+ ft.,25,-154,201,1,1,20251031,CHI,NYK,2250002325,1350,0,1626157|1628384|1628969|1628973|1629011,1,REG,2026,1630581,6.0,PG,Helper,-0.7182221566927236,Brunson 25' 3PT Jump Shot (3 PTS) (Robinson 1 AST),PG,Shot Creator,3.980175116335245,1629011.0,25
Shot Chart Detail,22500023,29,1628384,OG Anunoby,1610612752,New York Knicks,1,9,8,Made Shot,Jump Shot,3PT Field Goal,Right Corner 3,Right Side(R),24+ ft.,22,229,-17,1,1,20251031,CHI,NYK,2250002329,1720,0,1626157|1628384|1628969|1628973|1629011,1,REG,2026,1630581,7.0,PG,Helper,-0.7182221566927236,Anunoby 3PT Jump Shot (5 PTS) (Brunson 1 AST),PF,Stationary Shooter,-0.319556866734344,1628973.0,29
Shot Chart Detail,22500023,42,1628973,Jalen Brunson,1610612752,New York Knicks,1,8,30,Missed Shot,Fadeaway Jump Shot,2PT Field Goal,In The Paint (Non-RA),Center(C),8-16 ft.,10,-18,105,1,0,20251031,CHI,NYK,2250002342,2100,0,1626157|1628384|1628969|1628973|1629013,0,REG,2026,1630581,8.0,PG,Helper,-0.7182221566927236,MISS Brunson 11' Fadeaway Jumper,PG,Shot Creator,3.980175116335245,,42
Shot Chart Detail,22500023,67,1628973,Jalen Brunson,1610612752,New York Knicks,1,6,33,Missed Shot,Running Pull-Up Jump Shot,3PT Field Goal,Above the Break 3,Right Side Center(RC),24+ ft.,25,110,226,1,0,20251031,CHI,NYK,2250002367,3270,0,1626157|1628384|1628969|1628973|1629013,0,REG,2026,1630581,2.0,PG,Helper,-0.7182221566927236,MISS Brunson 25' 3PT Running Pull-Up Jump Shot,PG,Shot Creator,3.980175116335245,,67
Shot Chart Detail,22500023,333,1628384,OG Anunoby,1610612752,New York Knicks,2,1,4,Made Shot,Driving Finger Roll Layup Shot,2PT Field Goal,Restricted Area,Center(C),Less Than 8 ft.,2,-18,18,1,1,20251031,CHI,NYK,22500023333,13760,0,1626157|1628384|1628969|1628973|1629013,1,REG,2026,1630581,-16.0,PG,Helper,-0.7182221566927236,Anunoby 3' Driving Finger Roll Layup (12 PTS) (Towns 3 AST),PF,Stationary Shooter,-0.319556866734344,1626157.0,333
Shot Chart Detail,22500023,337,1628973,Jalen Brunson,1610612752,New York Knicks,2,0,42,Missed Shot,Step Back Jump shot,3PT Field Goal,Above the Break 3,Center(C),24+ ft.,25,-28,258,1,0,20251031,CHI,NYK,22500023337,13980,0,1626157|1628384|1628969|1628973|1629013,0,REG,2026,1630581,-16.0,PG,Helper,-0.7182221566927236,MISS Brunson 26' 3PT Step Back Jump Shot,PG,Shot Creator,3.980175116335245,,337
Shot Chart Detail,22500023,362,1628969,Mikal Bridges,1610612752,New York Knicks,3,11,22,Made Shot,Jump Shot,3PT Field Goal,Right Corner 3,Right Side(R),24+ ft.,23,227,73,1,1,20251031,CHI,NYK,22500023362,14780,0,1626157|1628384|1628969|1628973|1629011,1,REG,2026,1630581,-16.0,PG,Helper,-0.7182221566927236,Bridges 24' 3PT Jump Shot (13 PTS) (Brunson 4 AST),SF,Movement Shooter,1.0317614143086635,1628973.0,362
Shot Chart Detail,22500023,456,1628973,Jalen Brunson,1610612752,New York Knicks,3,4,35,Made Shot,Jump Shot,3PT Field Goal,Left Corner 3,Left Side(L),24+ ft.,22,-224,-23,1,1,20251031,CHI,NYK,22500023456,18850,0,203903|1628404|1628973|1629011|1630540,1,REG,2026,1630581,-5.0,PG,Helper,-0.7182221566927236,Brunson 3PT Jump Shot (23 PTS) (Clarkson 2 AST),PG,Shot Creator,3.980175116335245,203903.0,456
Shot Chart Detail,22500023,569,1629013,Landry Shamet,1610612752,New York Knicks,4,9,44,Made Shot,Pullup Jump shot,3PT Field Goal,Above the Break 3,Left Side Center(LC),24+ ft.,25,-169,195,1,1,20251031,CHI,NYK,22500023569,22960,0,1626157|1628384|1628969|1629013|1630540,1,REG,2026,1630581,-6.0,PG,Helper,-0.7182221566927236,Shamet 26' 3PT Pullup Jump Shot (4 PTS) (McBride 1 AST),SG,Movement Shooter,0.4547827437215816,1630540.0,569
Shot Chart Detail,22500023,579,1628969,Mikal Bridges,1610612752,New York Knicks,4,8,55,Made Shot,Pullup Jump shot,2PT Field Goal,Mid-Range,Right Side(R),8-16 ft.,14,148,-4,1,1,20251031,CHI,NYK,22500023579,23450,0,1626157|1628384|1628969|1629013|1630540,0,REG,2026,1630581|1630200,-5.0,,,,,SF,Movement Shooter,1.0317614143086635,,579
Shot Chart Detail,22500023,625,1628384,OG Anunoby,1610612752,New York Knicks,4,6,23,Made Shot,Jump Shot,3PT Field Goal,Right Corner 3,Right Side(R),24+ ft.,24,243,36,1,1,20251031,CHI,NYK,22500023625,24970,0,1628384|1628969|1628973|1629011|1630540,1,REG,2026,1630581,-3.0,PG,Helper,-0.7182221566927236,Anunoby 25' 3PT Jump Shot (21 PTS) (McBride 2 AST),PF,Stationary Shooter,-0.319556866734344,1630540.0,625
Shot Chart Detail,22500023,643,1630540,Miles McBride,1610612752,New York Knicks,4,3,50,Missed Shot,Pullup Jump shot,2PT Field Goal,Mid-Range,Left Side Center(LC),16-24 ft.,16,-62,148,1,0,20251031,CHI,NYK,22500023643,26500,0,1628384|1628969|1628973|1629011|1630540,0,REG,2026,1630581,-4.0,PG,Helper,-0.7182221566927236,MISS McBride 16' Pullup Jump Shot,SG,Secondary Ball Handler,1.805889569687728,,643
Shot Chart Detail,22500023,684,1630540,Miles McBride,1610612752,New York Knicks,4,1,28,Made Shot,Reverse Layup Shot,2PT Field Goal,Restricted Area,Center(C),Less Than 8 ft.,1,-13,11,1,1,20251031,CHI,NYK,22500023684,27920,0,1626157|1628384|1628969|1628973|1630540,1,REG,2026,1630581,-10.0,PG,Helper,-0.7182221566927236,McBride 2' Reverse Layup (8 PTS) (Towns 4 AST),SG,Secondary Ball Handler,1.805889569687728,1626157.0,684
Shot Chart Detail,22500023,701,1629013,Landry Shamet,1610612752,New York Knicks,4,0,40,Missed Shot,Jump Shot,3PT Field Goal,Right Corner 3,Right Side(R),24+ ft.,23,230,6,1,0,20251031,CHI,NYK,22500023701,28400,0,1628384|1628969|1629011|1629013|1630540,0,REG,2026,1630581,-8.0,PG,Helper,-0.7182221566927236,MISS Shamet 3PT Jump Shot,SG,Movement Shooter,0.4547827437215816,,701
Shot Chart Detail,22500023,724,1628973,Jalen Brunson,1610612752,New York Knicks,4,0,18,Made Shot,Driving Layup Shot,2PT Field Goal,Restricted Area,Center(C),Less Than 8 ft.,1,-12,-2,1,1,20251031,CHI,NYK,22500023724,28620,0,1626157|1628384|1628969|1628973|1630540,0,REG,2026,1630581,-9.0,PG,Helper,-0.7182221566927236,Brunson 1' Driving Layup (29 PTS),PG,Shot Creator,3.980175116335245,,724
Shot Chart Detail,22500035,34,1629018,Gary Trent Jr.,1610612749,Milwaukee Bucks,1,9,55,Missed Shot,Step Back Jump shot,3PT Field Goal,Above the Break 3,Center(C),24+ ft.,25,16,256,1,0,20251107,MIL,CHI,2250003534,1250,0,203507|1626167|1629018|1631157|1631260,0,REG,2026,1630581,-3.0,PG,Helper,-0.7182221566927236,MISS Trent Jr. 26' 3PT Step Back Jump Shot,SG,Movement Shooter,-2.154812484217921,,34
Shot Chart Detail,22500035,73,1629018,Gary Trent Jr.,1610612749,Milwaukee Bucks,1,6,7,Missed Shot,Jump Shot,3PT Field Goal,Above the Break 3,Center(C),24+ ft.,27,-53,273,1,0,20251107,MIL,CHI,2250003573,3530,0,203507|1626167|1629018|1631157|1631260,0,REG,2026,1630581,-7.0,PG,Helper,-0.7182221566927236,MISS Trent Jr. 28' 3PT Jump Shot,SG,Movement Shooter,-2.154812484217921,,73
Shot Chart Detail,22500035,88,203507,Giannis Antetokounmpo,1610612749,Milwaukee Bucks,1,5,4,Missed Shot,Running Layup Shot,2PT Field Goal,Restricted Area,Center(C),Less Than 8 ft.,2,17,21,1,0,20251107,MIL,CHI,2250003588,4160,0,203507|1626167|1630175|1631157|1631260,0,REG,2026,1630581,-4.0,PG,Helper,-0.7182221566927236,MISS G. Antetokounmpo 3' Running Layup,PF,Shot Creator,4.4972252688372265,,88
Shot Chart Detail,22500035,182,1629599,Amir Coffey,1610612749,Milwaukee Bucks,2,10,33,Missed Shot,Pullup Jump shot,2PT Field Goal,In The Paint (Non-RA),Center(C),8-16 ft.,9,-44,81,1,0,20251107,MIL,CHI,22500035182,8070,0,203507|1626171|1628398|1629599|1630175,0,REG,2026,1630581|1630172,0.0,,,,,SG,Stationary Shooter,-1.8887813022916191,,182
Shot Chart Detail,22500035,190,1628398,Kyle Kuzma,1610612749,Milwaukee Bucks,2,9,55,Made Shot,Running Layup Shot,2PT Field Goal,Restricted Area,Center(C),Less Than 8 ft.,1,-4,18,1,1,20251107,MIL,CHI,22500035190,8450,0,203507|1626171|1628398|1629599|1630175,1,REG,2026,1630581,2.0,PG,Helper,-0.7182221566927236,Kuzma 2' Running Layup (2 PTS) (G. Antetokounmpo 2 AST),PF,Movement Shooter,-1.247851264073281,203507.0,190
Shot Chart Detail,22500035,245,1626167,Myles Turner,1610612749,Milwaukee Bucks,2,5,37,Missed Shot,Jump Shot,3PT Field Goal,Above the Break 3,Right Side Center(RC),24+ ft.,24,224,93,1,0,20251107,MIL,CHI,22500035245,11030,0,1626167|1629018|1630579|1631157|1631260,0,REG,2026,1630581,2.0,PG,Helper,-0.7182221566927236,MISS Turner 24' 3PT Jump Shot,C,Stretch Big,-0.5823942756013403,,245
Shot Chart Detail,22500035,358,203507,Giannis Antetokounmpo,1610612749,Milwaukee Bucks,3,10,28,Made Shot,Driving Dunk Shot,2PT Field Goal,Restricted Area,Center(C),Less Than 8 ft.,0,-9,3,1,1,20251107,MIL,CHI,22500035358,15320,0,203507|1626167|1629018|1631157|1631260,0,REG,2026,1630171|1630581|202696,-2.0,,,,,PF,Shot Creator,4.4972252688372265,,358
Shot Chart Detail,22500035,401,1629018,Gary Trent Jr.,1610612749,Milwaukee Bucks,3,7,7,Made Shot,Driving Floating Jump Shot,2PT Field Goal,In The Paint (Non-RA),Center(C),Less Than 8 ft.,6,26,62,1,1,20251107,MIL,CHI,22500035401,17330,0,203507|1626167|1629018|1631157|1631260,0,REG,2026,1630581,4.0,PG,Helper,-0.7182221566927236,Trent Jr. 7' Driving Floating Jump Shot (5 PTS),SG,Movement Shooter,-2.154812484217921,,401
Shot Chart Detail,22500035,591,203507,Giannis Antetokounmpo,1610612749,Milwaukee Bucks,4,6,45,Made Shot,Dunk Shot,2PT Field Goal,Restricted Area,Center(C),Less Than 8 ft.,0,5,3,1,1,20251107,MIL,CHI,22500035591,24750,0,203507|1626167|1628398|1631157|1631260,1,REG,2026,1630581|1641824|202696,6.0,,,,,PF,Shot Creator,4.4972252688372265,1631157.0,591
Shot Chart Detail,22500035,600,1631157,Ryan Rollins,1610612749,Milwaukee Bucks,4,5,52,Made Shot,Jump Shot,3PT Field Goal,Left Corner 3,Left Side(L),24+ ft.,24,-240,16,1,1,20251107,MIL,CHI,22500035600,25280,0,203507|1626167|1628398|1631157|1631260,1,REG,2026,1630581,7.0,PG,Helper,-0.7182221566927236,Rollins 24' 3PT Jump Shot (15 PTS) (Green 4 AST),PG,Primary Ball Handler,-0.0092256578323134,1631260.0,600
Shot Chart Detail,22500035,614,203507,Giannis Antetokounmpo,1610612749,Milwaukee Bucks,4,4,40,Made Shot,Alley Oop Dunk Shot,2PT Field Goal,Restricted Area,Center(C),Less Than 8 ft.,1,18,-3,1,1,20251107,MIL,CHI,22500035614,26000,0,203507|1626167|1628398|1631157|1631260,1,REG,2026,1630581,10.0,PG,Helper,-0.7182221566927236,G. Antetokounmpo 2' Alley Oop Dunk (37 PTS) (Rollins 4 AST),PF,Shot Creator,4.4972252688372265,1631157.0,614
Shot Chart Detail,22500035,618,1631157,Ryan Rollins,1610612749,Milwaukee Bucks,4,4,3,Missed Shot,Driving Finger Roll Layup Shot,2PT Field Goal,Restricted Area,Center(C),Less Than 8 ft.,1,4,10,1,0,20251107,MIL,CHI,22500035618,26370,0,203507|1626167|1628398|1631157|1631260,0,REG,2026,1630581,10.0,PG,Helper,-0.7182221566927236,MISS Rollins 1' Driving Finger Roll Layup,PG,Primary Ball Handler,-0.0092256578323134,,618
Shot Chart Detail,22500035,649,203507,Giannis Antetokounmpo,1610612749,Milwaukee Bucks,4,1,39,Made Shot,Cutting Layup Shot,2PT Field Goal,Restricted Area,Center(C),Less Than 8 ft.,1,-1,19,1,1,20251107,MIL,CHI,22500035649,27810,0,203507|1626167|1628398|1631157|1631260,1,REG,2026,1630581|1641824|202696,14.0,,,,,PF,Shot Creator,4.4972252688372265,1631260.0,649
Shot Chart Detail,22500035,661,1631260,AJ Green,1610612749,Milwaukee Bucks,4,0,47,Missed Shot,Jump Shot,3PT Field Goal,Above the Break 3,Center(C),24+ ft.,26,53,264,1,0,20251107,MIL,CHI,22500035661,28330,0,203507|1626167|1628398|1631157|1631260,0,REG,2026,1630581,14.0,PG,Helper,-0.7182221566927236,MISS Green 27' 3PT Jump Shot,SG,Movement Shooter,-1.036635736750534,,661
Shot Chart Detail,22500051,7,1641796,Pelle Larsson,1610612748,Miami Heat,1,11,40,Missed Shot,Step Back Jump shot,3PT Field Goal,Above the Break 3,Center(C),24+ ft.,26,-74,254,1,0,20251121,CHI,MIA,225000517,200,0,1626181|1628389|1630558|1641796|1642276,0,REG,2026,1630581,0.0,PG,Helper,-0.7182221566927236,MISS Larsson 26' 3PT Step Back Jump Shot,SG,Shot Creator,-0.4154115521562324,,7
Shot Chart Detail,22500051,17,1642276,Kel'el Ware,1610612748,Miami Heat,1,10,20,Missed Shot,Layup Shot,2PT Field Goal,Restricted Area,Center(C),Less Than 8 ft.,1,9,8,1,0,20251121,CHI,MIA,2250005117,1000,0,1626181|1628389|1630558|1641796|1642276,0,REG,2026,1641824|1630171|1630581,-1.0,,,,,C,Stretch Big,-0.6023528927410609,,17
Shot Chart Detail,22500051,50,1628389,Bam Adebayo,1610612748,Miami Heat,1,8,32,Missed Shot,Hook Shot,2PT Field Goal,In The Paint (Non-RA),Center(C),Less Than 8 ft.,4,13,42,1,0,20251121,CHI,MIA,2250005150,2080,0,1626181|1628389|1630558|1631170|1642276,0,REG,2026,1641824|1630581,-2.0,,,,,C,Shot Creator,0.1071066443529337,,50
Shot Chart Detail,22500051,61,1630558,Davion Mitchell,1610612748,Miami Heat,1,7,54,Made Shot,Driving Finger Roll Layup Shot,2PT Field Goal,Restricted Area,Center(C),Less Than 8 ft.,2,0,21,1,1,20251121,CHI,MIA,2250005161,2460,0,1626181|1628389|1630558|1631170|1642276,1,REG,2026,1630245|1630581,-2.0,,,,,PG,Shot Creator,-1.2397675311814649,1631170.0,61
Shot Chart Detail,22500051,85,1631323,Simone Fontecchio,1610612748,Miami Heat,1,6,40,Missed Shot,Jump Shot,3PT Field Goal,Above the Break 3,Center(C),24+ ft.,27,2,277,1,0,20251121,CHI,MIA,2250005185,3200,0,1626181|1630558|1631170|1631323|1642276,0,REG,2026,1630581,-5.0,PG,Helper,-0.7182221566927236,MISS Fontecchio 28' 3PT Jump Shot,SF,Off Screen Shooter,-0.0595676493211924,,85
Shot Chart Detail,22500051,94,1642276,Kel'el Ware,1610612748,Miami Heat,1,5,54,Made Shot,Hook Shot,2PT Field Goal,Restricted Area,Center(C),Less Than 8 ft.,2,-7,28,1,1,20251121,CHI,MIA,2250005194,3660,0,1626181|1630558|1631170|1631323|1642276,0,REG,2026,1630581,-3.0,PG,Helper,-0.7182221566927236,Ware 3' Hook Shot (2 PTS),C,Stretch Big,-0.6023528927410609,,94
Shot Chart Detail,22500051,234,1642352,Keshad Johnson,1610612748,Miami Heat,2,9,52,Missed Shot,Tip Dunk Shot,2PT Field Goal,Restricted Area,Center(C),Less Than 8 ft.,0,0,0,1,0,20251121,CHI,MIA,22500051234,8480,0,1628389|1630696|1631323|1641796|1642352,0,REG,2026,1630581,6.0,PG,Helper,-0.7182221566927236,MISS Johnson Tip Dunk Shot,SF,Shot Creator,-0.9599685164038118,,234
Shot Chart Detail,22500051,317,1626181,Norman Powell,1610612748,Miami Heat,2,4,25,Missed Shot,Pullup Jump shot,3PT Field Goal,Above the Break 3,Left Side Center(LC),24+ ft.,24,-164,181,1,0,20251121,CHI,MIA,22500051317,11750,0,1626181|1630558|1631170|1641796|1642276,0,REG,2026,1630581,23.0,PG,Helper,-0.7182221566927236,MISS Powell 24' 3PT Pullup Jump Shot,SG,Shot Creator,0.8210296190693769,,317
Shot Chart Detail,22500051,332,1631170,Jaime Jaquez Jr.,1610612748,Miami Heat,2,3,47,Missed Shot,Driving Layup Shot,2PT Field Goal,Restricted Area,Center(C),Less Than 8 ft.,3,36,8,1,0,20251121,CHI,MIA,22500051332,12130,0,1626181|1630558|1631170|1642276|1642352,0,REG,2026,1630581,24.0,PG,Helper,-0.7182221566927236,MISS Jaquez Jr. 4' Driving Layup,SF,Shot Creator,-0.8903260225870022,,332
Shot Chart Detail,22500051,337,1642352,Keshad Johnson,1610612748,Miami Heat,2,3,37,Missed Shot,Running Layup Shot,2PT Field Goal,Restricted Area,Center(C),Less Than 8 ft.,2,13,27,1,0,20251121,CHI,MIA,22500051337,12230,0,1626181|1630558|1631170|1642276|1642352,0,REG,2026,1630581,24.0,PG,Helper,-0.7182221566927236,MISS Johnson 3' Running Layup,SF,Shot Creator,-0.9599685164038118,,337
Shot Chart Detail,22500051,378,1631170,Jaime Jaquez Jr.,1610612748,Miami Heat,2,0,50,Made Shot,Driving Layup Shot,2PT Field Goal,Restricted Area,Center(C),Less Than 8 ft.,0,-4,6,1,1,20251121,CHI,MIA,22500051378,13900,0,1626181|1628389|1630558|1631170|1642352,0,REG,2026,1630581,18.0,PG,Helper,-0.7182221566927236,Jaquez Jr. 1' Driving Layup (6 PTS),SF,Shot Creator,-0.8903260225870022,,378
Shot Chart Detail,22500051,440,1630558,Davion Mitchell,1610612748,Miami Heat,3,10,24,Missed Shot,Running Pull-Up Jump Shot,3PT Field Goal,Above the Break 3,Left Side Center(LC),24+ ft.,26,-132,230,1,0,20251121,CHI,MIA,22500051440,15360,0,1626181|1628389|1630558|1641796|1642276,0,REG,2026,1630581,20.0,PG,Helper,-0.7182221566927236,MISS Mitchell 27' 3PT Running Pull-Up Jump Shot,PG,Shot Creator,-1.2397675311814649,,440
Shot Chart Detail,22500051,445,1626181,Norman Powell,1610612748,Miami Heat,3,10,8,Missed Shot,Jump Shot,3PT Field Goal,Above the Break 3,Left Side Center(LC),24+ ft.,26,-145,224,1,0,20251121,CHI,MIA,22500051445,15520,0,1626181|1628389|1630558|1641796|1642276,0,REG,2026,1630581,20.0,PG,Helper,-0.7182221566927236,MISS Powell 27' 3PT Jump Shot,SG,Shot Creator,0.8210296190693769,,445
Shot Chart Detail,22500051,524,1642276,Kel'el Ware,1610612748,Miami Heat,3,5,41,Missed Shot,Tip Layup Shot,2PT Field Goal,Restricted Area,Center(C),Less Than 8 ft.,0,0,0,1,0,20251121,CHI,MIA,22500051524,18190,0,1626181|1630558|1631170|1631323|1642276,0,REG,2026,1630172|1630581,18.0,,,,,C,Stretch Big,-0.6023528927410609,,524
Shot Chart Detail,22500051,640,1631170,Jaime Jaquez Jr.,1610612748,Miami Heat,4,11,1,Made Shot,Driving Layup Shot,2PT Field Goal,Restricted Area,Center(C),Less Than 8 ft.,0,-5,0,1,1,20251121,CHI,MIA,22500051640,22190,0,1628389|1630696|1631170|1631323|1642352,0,REG,2026,1630581,29.0,PG,Helper,-0.7182221566927236,Jaquez Jr. 1' Driving Layup (8 PTS),SF,Shot Creator,-0.8903260225870022,,640
Shot Chart Detail,22500051,649,1631170,Jaime Jaquez Jr.,1610612748,Miami Heat,4,10,3,Made Shot,Jump Shot,2PT Field Goal,Mid-Range,Right Side Center(RC),16-24 ft.,22,165,153,1,1,20251121,CHI,MIA,22500051649,22770,0,1628389|1630696|1631170|1631323|1642352,1,REG,2026,1630581,28.0,PG,Helper,-0.7182221566927236,Jaquez Jr. 23' Jump Shot (10 PTS) (Adebayo 3 AST),SF,Shot Creator,-0.8903260225870022,1628389.0,649
Shot Chart Detail,22500051,742,1631323,Simone Fontecchio,1610612748,Miami Heat,4,4,42,Missed Shot,Jump Shot,3PT Field Goal,Above the Break 3,Right Side Center(RC),24+ ft.,26,222,146,1,0,20251121,CHI,MIA,22500051742,25980,0,1631323|1641796|1642066|1642352|1642443,0,REG,2026,1630581,37.0,PG,Helper,-0.7182221566927236,MISS Fontecchio 27' 3PT Jump Shot,SF,Off Screen Shooter,-0.0595676493211924,,742
Shot Chart Detail,22500051,752,1642276,Kel'el Ware,1610612748,Miami Heat,4,4,16,Made Shot,Dunk Shot,2PT Field Goal,Restricted Area,Center(C),Less Than 8 ft.,1,-9,8,1,1,20251121,CHI,MIA,22500051752,26240,0,1641796|1642066|1642276|1642352|1642443,1,REG,2026,1630581,37.0,PG,Helper,-0.7182221566927236,Ware 1' Dunk (18 PTS) (Young 1 AST),C,Stretch Big,-0.6023528927410609,1642443.0,752
Shot Chart Detail,22500051,781,1642066,Myron Gardner,1610612748,Miami Heat,4,1,57,Made Shot,Jump Shot,3PT Field Goal,Above the Break 3,Right Side Center(RC),24+ ft.,25,178,183,1,1,20251121,CHI,MIA,22500051781,27630,0,1641796|1642066|1642276|1642352|1642443,1,REG,2026,1630581,41.0,PG,Helper,-0.7182221566927236,Gardner 26' 3PT Jump Shot (3 PTS) (Johnson 1 AST),SF,Movement Shooter,-0.4147724373188536,1642352.0,781
Shot Chart Detail,22500051,798,1642352,Keshad Johnson,1610612748,Miami Heat,4,0,43,Missed Shot,Jump Shot,3PT Field Goal,Above the Break 3,Right Side Center(RC),24+ ft.,27,152,225,1,0,20251121,CHI,MIA,22500051798,28370,0,1641796|1642066|1642276|1642352|1642443,0,REG,2026,1630581,41.0,PG,Helper,-0.7182221566927236,MISS Johnson 27' 3PT Jump Shot,SF,Shot Creator,-0.9599685164038118,,798
Shot Chart Detail,22500071,42,1630163,LaMelo Ball,1610612766,Charlotte Hornets,1,8,58,Missed Shot,Floating Jump shot,2PT Field Goal,In The Paint (Non-RA),Center(C),Less Than 8 ft.,7,-10,77,1,0,20251128,CHA,CHI,2250007142,1820,0,1628970|1630163|1641706|1641750|1642851,0,REG,2026,1630581,2.0,PG,Helper,-0.7182221566927236,MISS Ball 8' Floating Jump Shot,PG,Primary Ball Handler,2.968869614904476,,42
Shot Chart Detail,22500071,55,1630163,LaMelo Ball,1610612766,Charlotte Hornets,1,7,21,Made Shot,Driving Reverse Layup Shot,2PT Field Goal,Restricted Area,Center(C),Less Than 8 ft.,0,-5,5,1,1,20251128,CHA,CHI,2250007155,2790,0,1628970|1630163|1641706|1641750|1642851,0,REG,2026,1630581,4.0,PG,Helper,-0.7182221566927236,Ball 1' Driving Reverse Layup (5 PTS),PG,Primary Ball Handler,2.968869614904476,,55
Shot Chart Detail,22500071,58,1641706,Brandon Miller,1610612766,Charlotte Hornets,1,6,59,Missed Shot,Jump Shot,3PT Field Goal,Above the Break 3,Center(C),24+ ft.,26,0,267,1,0,20251128,CHA,CHI,2250007158,3010,0,1628970|1630163|1641706|1641750|1642851,0,REG,2026,1630581,2.0,PG,Helper,-0.7182221566927236,MISS Miller 27' 3PT Jump Shot,SF,Shot Creator,0.467668046570714,,58
Shot Chart Detail,22500071,103,1630544,Tre Mann,1610612766,Charlotte Hornets,1,4,25,Missed Shot,Running Pull-Up Jump Shot,3PT Field Goal,Above the Break 3,Left Side Center(LC),24+ ft.,25,-180,178,1,0,20251128,CHA,CHI,22500071103,4550,0,1628970|1629012|1630544|1641750|1642851,0,REG,2026,1630581,-2.0,PG,Helper,-0.7182221566927236,MISS Mann 25' 3PT Running Pull-Up Jump Shot,PG,Secondary Ball Handler,0.0050292943696243,,103
Shot Chart Detail,22500071,268,1629012,Collin Sexton,1610612766,Charlotte Hornets,2,6,14,Made Shot,Driving Layup Shot,2PT Field Goal,In The Paint (Non-RA),Center(C),Less Than 8 ft.,4,11,41,1,1,20251128,CHA,CHI,22500071268,10660,0,1628970|1629012|1630544|1641750|1642883,0,REG,2026,1630581,10.0,PG,Helper,-0.7182221566927236,Sexton 4' Driving Layup (7 PTS),SG,Primary Ball Handler,0.6534901557779755,,268
Shot Chart Detail,22500071,276,1630544,Tre Mann,1610612766,Charlotte Hornets,2,5,54,Missed Shot,Jump Shot,3PT Field Goal,Left Corner 3,Left Side(L),24+ ft.,22,-227,26,1,0,20251128,CHA,CHI,22500071276,10860,0,1628970|1629012|1630544|1641750|1642883,0,REG,2026,1630581,10.0,PG,Helper,-0.7182221566927236,MISS Mann 3PT Jump Shot,PG,Secondary Ball Handler,0.0050292943696243,,276
Shot Chart Detail,22500071,287,1629012,Collin Sexton,1610612766,Charlotte Hornets,2,4,41,Missed Shot,Driving Layup Shot,2PT Field Goal,In The Paint (Non-RA),Center(C),Less Than 8 ft.,5,13,50,1,0,20251128,CHA,CHI,22500071287,11590,0,1628970|1629012|1630544|1641750|1642883,0,REG,2026,1630581,10.0,PG,Helper,-0.7182221566927236,MISS Sexton 5' Driving Layup,SG,Primary Ball Handler,0.6534901557779755,,287
Shot Chart Detail,22500071,309,1642851,Kon Knueppel,1610612766,Charlotte Hornets,2,3,9,Made Shot,Running Jump Shot,3PT Field Goal,Above the Break 3,Right Side Center(RC),24+ ft.,26,140,220,1,1,20251128,CHA,CHI,22500071309,12510,0,1628970|1629012|1641750|1642851|1642883,1,REG,2026,1630581,9.0,PG,Helper,-0.7182221566927236,Knueppel 26' 3PT Running Jump Shot (9 PTS) (James 2 AST),SF,Movement Shooter,0.3978948799989575,1642883.0,309
Shot Chart Detail,22500071,312,1629012,Collin Sexton,1610612766,Charlotte Hornets,2,2,40,Made Shot,Driving Layup Shot,2PT Field Goal,Restricted Area,Center(C),Less Than 8 ft.,0,-6,5,1,1,20251128,CHA,CHI,22500071312,12800,0,1628970|1629012|1641750|1642851|1642883,0,REG,2026,1630581|202696,9.0,,,,,SG,Primary Ball Handler,0.6534901557779755,,312
Shot Chart Detail,22500071,315,1628970,Miles Bridges,1610612766,Charlotte Hornets,2,2,13,Made Shot,Floating Jump shot,2PT Field Goal,In The Paint (Non-RA),Center(C),Less Than 8 ft.,6,38,52,1,1,20251128,CHA,CHI,22500071315,13070,0,1628970|1629012|1641750|1642851|1642883,0,REG,2026,1630581,11.0,PG,Helper,-0.7182221566927236,Bridges 6' Floating Jump Shot (4 PTS),PF,Shot Creator,0.8736467948282557,,315
Shot Chart Detail,22500071,390,1641706,Brandon Miller,1610612766,Charlotte Hornets,3,9,19,Missed Shot,Jump Shot,3PT Field Goal,Above the Break 3,Center(C),24+ ft.,27,-59,270,1,0,20251128,CHA,CHI,22500071390,16010,0,1628970|1630163|1641706|1641750|1642851,0,REG,2026,1630581,9.0,PG,Helper,-0.7182221566927236,MISS Miller 28' 3PT Jump Shot,SF,Shot Creator,0.467668046570714,,390
Shot Chart Detail,22500071,445,1630163,LaMelo Ball,1610612766,Charlotte Hornets,3,5,40,Missed Shot,Pullup Jump shot,3PT Field Goal,Above the Break 3,Right Side Center(RC),24+ ft.,27,112,246,1,0,20251128,CHA,CHI,22500071445,18200,0,1628970|1629012|1630163|1641750|1642883,0,REG,2026,1630581,4.0,PG,Helper,-0.7182221566927236,MISS Ball 27' 3PT Pullup Jump Shot,PG,Primary Ball Handler,2.968869614904476,,445
Shot Chart Detail,22500071,563,1628970,Miles Bridges,1610612766,Charlotte Hornets,4,9,29,Made Shot,Jump Shot,3PT Field Goal,Above the Break 3,Left Side Center(LC),24+ ft.,27,-136,238,1,1,20251128,CHA,CHI,22500071563,23110,0,1628970|1630163|1631217|1641706|1642851,1,REG,2026,1630581,7.0,PG,Helper,-0.7182221566927236,Bridges 27' 3PT Jump Shot (17 PTS) (Miller 1 AST),PF,Shot Creator,0.8736467948282557,1641706.0,563
Shot Chart Detail,22500071,580,1642851,Kon Knueppel,1610612766,Charlotte Hornets,4,8,20,Missed Shot,Jump Shot,3PT Field Goal,Above the Break 3,Right Side Center(RC),24+ ft.,26,188,184,1,0,20251128,CHA,CHI,22500071580,23800,0,1628970|1629012|1630163|1631217|1642851,0,REG,2026,1630581,7.0,PG,Helper,-0.7182221566927236,MISS Knueppel 26' 3PT Jump Shot,SF,Movement Shooter,0.3978948799989575,,580
Shot Chart Detail,22500071,599,1642851,Kon Knueppel,1610612766,Charlotte Hornets,4,7,11,Missed Shot,Pullup Jump shot,3PT Field Goal,Right Corner 3,Right Side(R),24+ ft.,23,228,71,1,0,20251128,CHA,CHI,22500071599,24490,0,1628970|1629012|1631217|1642851|1642883,0,REG,2026,1630581,8.0,PG,Helper,-0.7182221566927236,MISS Knueppel 24' 3PT Pullup Jump Shot,SF,Movement Shooter,0.3978948799989575,,599
Shot Chart Detail,22500071,608,1642851,Kon Knueppel,1610612766,Charlotte Hornets,4,6,15,Missed Shot,Floating Jump shot,2PT Field Goal,In The Paint (Non-RA),Center(C),Less Than 8 ft.,7,-34,62,1,0,20251128,CHA,CHI,22500071608,25050,0,1628970|1629012|1631217|1642851|1642883,0,REG,2026,1630581,10.0,PG,Helper,-0.7182221566927236,MISS Knueppel 7' Floating Jump Shot,SF,Movement Shooter,0.3978948799989575,,608
Shot Chart Detail,22500071,610,1631217,Moussa Diabaté,1610612766,Charlotte Hornets,4,6,12,Missed Shot,Putback Layup Shot,2PT Field Goal,Restricted Area,Center(C),Less Than 8 ft.,1,2,15,1,0,20251128,CHA,CHI,22500071610,25080,0,1628970|1629012|1631217|1642851|1642883,0,REG,2026,1630581|202696,10.0,,,,,C,Roll + Cut Big,-0.0385669002432308,,610
Shot Chart Detail,22500071,699,1630163,LaMelo Ball,1610612766,Charlotte Hornets,4,0,30,Missed Shot,Driving Layup Shot,2PT Field Goal,Restricted Area,Center(C),Less Than 8 ft.,2,6,29,1,0,20251128,CHA,CHI,22500071699,28500,0,1628970|1630163|1631217|1641706|1642851,0,REG,2026,1630581,7.0,PG,Helper,-0.7182221566927236,MISS Ball 3' Driving Layup,PG,Primary Ball Handler,2.968869614904476,,699
Shot Chart Detail,22500084,33,1630595,Cade Cunningham,1610612765,Detroit Pistons,1,9,39,Missed Shot,Turnaround Jump Shot,2PT Field Goal,In The Paint (Non-RA),Center(C),Less Than 8 ft.,4,-4,49,1,0,20251022,CHI,DET,2250008433,1410,0,202699|1629130|1630191|1630595|1641709,0,REG,2026,1630581,-2.0,PG,Helper,-0.7182221566927236,MISS Cunningham 5' Turnaround Jump Shot,PG,Shot Creator,4.067220380342185,,33
Shot Chart Detail,22500084,73,202699,Tobias Harris,1610612765,Detroit Pistons,1,5,58,Missed Shot,Driving Layup Shot,2PT Field Goal,Restricted Area,Center(C),Less Than 8 ft.,2,3,27,1,0,20251022,CHI,DET,2250008473,3620,0,202699|1629130|1630191|1630595|1641709,0,REG,2026,1630581,-3.0,PG,Helper,-0.7182221566927236,MISS Harris 3' Driving Layup,PF,Versatile Big,0.6757183815618106,,73
Shot Chart Detail,22500084,271,1627747,Caris LeVert,1610612765,Detroit Pistons,2,5,34,Missed Shot,Jump Shot,3PT Field Goal,Above the Break 3,Left Side Center(LC),24+ ft.,25,-153,199,1,0,20251022,CHI,DET,22500084271,11060,0,202699|1627747|1629130|1630595|1631105,0,REG,2026,1630581,-20.0,PG,Helper,-0.7182221566927236,MISS LeVert 25' 3PT Jump Shot,SG,Secondary Ball Handler,-0.7954210988373213,,271
Shot Chart Detail,22500084,309,1641842,Ronald Holland II,1610612765,Detroit Pistons,2,3,17,Made Shot,Driving Layup Shot,2PT Field Goal,Restricted Area,Center(C),Less Than 8 ft.,0,-7,4,1,1,20251022,CHI,DET,22500084309,12430,0,202699|1629130|1630191|1641709|1641842,0,REG,2026,1630581,-18.0,PG,Helper,-0.7182221566927236,Holland II 1' Driving Layup (4 PTS),SF,Stationary Shooter,-1.5100907271444597,,309
Shot Chart Detail,22500084,322,202699,Tobias Harris,1610612765,Detroit Pistons,2,2,13,Made Shot,Layup Shot,2PT Field Goal,Restricted Area,Center(C),Less Than 8 ft.,1,-10,6,1,1,20251022,CHI,DET,22500084322,13070,0,202699|1629130|1630191|1641709|1641842,1,REG,2026,1630581,-16.0,PG,Helper,-0.7182221566927236,Harris 1' Layup (7 PTS) (Stewart 2 AST),PF,Versatile Big,0.6757183815618106,1630191.0,322
Shot Chart Detail,22500084,397,1630595,Cade Cunningham,1610612765,Detroit Pistons,3,9,37,Missed Shot,Driving Layup Shot,2PT Field Goal,Restricted Area,Center(C),Less Than 8 ft.,1,4,10,1,0,20251022,CHI,DET,22500084397,15830,0,202699|1629130|1630595|1631105|1641709,0,REG,2026,1630581,-14.0,PG,Helper,-0.7182221566927236,MISS Cunningham 1' Driving Layup,PG,Shot Creator,4.067220380342185,,397
Shot Chart Detail,22500084,447,1631105,Jalen Duren,1610612765,Detroit Pistons,3,7,25,Made Shot,Putback Layup Shot,2PT Field Goal,Restricted Area,Center(C),Less Than 8 ft.,0,0,0,1,1,20251022,CHI,DET,22500084447,17150,0,202699|1629130|1630595|1631105|1641842,0,REG,2026,1630172|1641824|1630581,-20.0,,,,,C,Shot Creator,1.399147468112267,,447
Shot Chart Detail,22500084,500,1627747,Caris LeVert,1610612765,Detroit Pistons,3,4,21,Missed Shot,Pullup Jump shot,2PT Field Goal,In The Paint (Non-RA),Left Side(L),8-16 ft.,14,-78,117,1,0,20251022,CHI,DET,22500084500,18990,0,202699|1627747|1630191|1630595|1641842,0,REG,2026,1630581,-15.0,PG,Helper,-0.7182221566927236,MISS LeVert 14' Pullup Jump Shot,SG,Secondary Ball Handler,-0.7954210988373213,,500
Shot Chart Detail,22500084,735,1630595,Cade Cunningham,1610612765,Detroit Pistons,4,2,22,Made Shot,Fadeaway Jump Shot,2PT Field Goal,In The Paint (Non-RA),Right Side(R),8-16 ft.,10,54,87,1,1,20251022,CHI,DET,22500084735,27380,0,202699|1630191|1630595|1641709|1641842,0,REG,2026,1630581,0.0,PG,Helper,-0.7182221566927236,Cunningham 10' Fadeaway Jumper (19 PTS),PG,Shot Creator,4.067220380342185,,735
Shot Chart Detail,22500084,785,1641842,Ronald Holland II,1610612765,Detroit Pistons,4,0,0,Missed Shot,Running Jump Shot,3PT Field Goal,Above the Break 3,Left Side Center(LC),24+ ft.,33,-138,302,1,0,20251022,CHI,DET,22500084785,28800,0,202699|1627747|1629130|1630191|1641842,0,REG,2026,1630581,-4.0,PG,Helper,-0.7182221566927236,MISS Holland II 33' 3PT Running Jump Shot,SF,Stationary Shooter,-1.5100907271444597,,785
Shot Chart Detail,22500100,16,1626145,Tyus Jones,1610612753,Orlando Magic,1,10,43,Missed Shot,Jump Shot,3PT Field Goal,Above the Break 3,Left Side Center(LC),24+ ft.,25,-129,221,1,0,20251025,ORL,CHI,2250010016,770,0,1626145|1628976|1630217|1630532|1631094,0,REG,2026,1630581,-2.0,PG,Helper,-0.7182221566927236,MISS Jones 26' 3PT Jump Shot,PG,Primary Ball Handler,-0.6863053222360516,,16
Shot Chart Detail,22500100,21,1630217,Desmond Bane,1610612753,Orlando Magic,1,10,19,Missed Shot,Driving Finger Roll Layup Shot,2PT Field Goal,Restricted Area,Center(C),Less Than 8 ft.,1,2,16,1,0,20251025,ORL,CHI,2250010021,1010,0,1626145|1628976|1630217|1630532|1631094,0,REG,2026,1630581,0.0,PG,Helper,-0.7182221566927236,MISS Bane 2' Driving Finger Roll Layup,SG,Primary Ball Handler,0.7031571809019699,,21
Shot Chart Detail,22500100,36,1630532,Franz Wagner,1610612753,Orlando Magic,1,9,17,Made Shot,Running Finger Roll Layup Shot,2PT Field Goal,Restricted Area,Center(C),Less Than 8 ft.,1,4,15,1,1,20251025,ORL,CHI,2250010036,1630,0,1626145|1628976|1630217|1630532|1631094,1,REG,2026,1630581,5.0,PG,Helper,-0.7182221566927236,Wagner 2' Running Finger Roll Layup (2 PTS) (Bane 1 AST),SF,Shot Creator,1.99193317232869,1630217.0,36
Shot Chart Detail,22500100,42,1628976,Wendell Carter Jr.,1610612753,Orlando Magic,1,8,34,Missed Shot,Driving Floating Jump Shot,2PT Field Goal,In The Paint (Non-RA),Center(C),8-16 ft.,8,21,80,1,0,20251025,ORL,CHI,2250010042,2060,0,1626145|1628976|1630217|1630532|1631094,0,REG,2026,1630581|202696,2.0,,,,,C,Stretch Big,-0.5401777346329868,,42
Shot Chart Detail,22500100,52,1641710,Anthony Black,1610612753,Orlando Magic,1,8,19,Missed Shot,Pullup Jump shot,3PT Field Goal,Above the Break 3,Left Side Center(LC),24+ ft.,26,-152,223,1,0,20251025,ORL,CHI,2250010052,2210,0,1628976|1630217|1630532|1631094|1641710,0,REG,2026,1630581,0.0,PG,Helper,-0.7182221566927236,MISS Black 27' 3PT Pullup Jump Shot,PG,Primary Ball Handler,0.4754484077457941,,52
Shot Chart Detail,22500100,103,1641710,Anthony Black,1610612753,Orlando Magic,1,4,53,Made Shot,Running Finger Roll Layup Shot,2PT Field Goal,Restricted Area,Center(C),Less Than 8 ft.,1,9,15,1,1,20251025,ORL,CHI,22500100103,4270,0,1628976|1631094|1641710|1641724|1641783,0,REG,2026,1630581,7.0,PG,Helper,-0.7182221566927236,Black 2' Running Finger Roll Layup (2 PTS),PG,Primary Ball Handler,0.4754484077457941,,103
Shot Chart Detail,22500100,106,1631094,Paolo Banchero,1610612753,Orlando Magic,1,4,24,Made Shot,Pullup Jump shot,2PT Field Goal,Mid-Range,Center(C),16-24 ft.,22,31,218,1,1,20251025,ORL,CHI,22500100106,4560,0,1628976|1631094|1641710|1641724|1641783,0,REG,2026,1630581,7.0,PG,Helper,-0.7182221566927236,Banchero 22' Pullup Jump Shot (10 PTS),PF,Shot Creator,0.8514303355185546,,106
Shot Chart Detail,22500100,247,1630217,Desmond Bane,1610612753,Orlando Magic,2,7,18,Missed Shot,Pullup Jump shot,3PT Field Goal,Above the Break 3,Left Side Center(LC),24+ ft.,27,-120,242,1,0,20251025,ORL,CHI,22500100247,10020,0,1626145|1628371|1629048|1630217|1631094,0,REG,2026,1630581,-4.0,PG,Helper,-0.7182221566927236,MISS Bane 27' 3PT Pullup Jump Shot,SG,Primary Ball Handler,0.7031571809019699,,247
Shot Chart Detail,22500100,264,1628371,Jonathan Isaac,1610612753,Orlando Magic,2,6,34,Missed Shot,Jump Shot,3PT Field Goal,Right Corner 3,Right Side(R),24+ ft.,22,227,33,1,0,20251025,ORL,CHI,22500100264,10460,0,1626145|1628371|1628976|1631094|1641724,0,REG,2026,1630581,-4.0,PG,Helper,-0.7182221566927236,MISS Isaac 3PT Jump Shot,PF,Stretch Big,-1.224781216647162,,264
Shot Chart Detail,22500100,310,1641783,Tristan da Silva,1610612753,Orlando Magic,2,2,32,Missed Shot,Jump Shot,3PT Field Goal,Above the Break 3,Right Side Center(RC),24+ ft.,25,178,176,1,0,20251025,ORL,CHI,22500100310,12880,0,1628976|1630532|1631094|1641710|1641783,0,REG,2026,1630581,-8.0,PG,Helper,-0.7182221566927236,MISS da Silva 25' 3PT Jump Shot,SF,Movement Shooter,-1.125944365225661,,310
Shot Chart Detail,22500100,590,1630532,Franz Wagner,1610612753,Orlando Magic,4,9,50,Missed Shot,Running Layup Shot,2PT Field Goal,Restricted Area,Center(C),Less Than 8 ft.,2,-9,21,1,0,20251025,ORL,CHI,22500100590,22900,0,1629048|1630217|1630532|1641783|1642859,0,REG,2026,1630581,-3.0,PG,Helper,-0.7182221566927236,MISS Wagner 2' Running Layup,SF,Shot Creator,1.99193317232869,,590
Shot Chart Detail,22500100,674,1631094,Paolo Banchero,1610612753,Orlando Magic,4,4,43,Missed Shot,Driving Floating Jump Shot,2PT Field Goal,In The Paint (Non-RA),Center(C),8-16 ft.,12,1,124,1,0,20251025,ORL,CHI,22500100674,25970,0,1628976|1630217|1631094|1641710|1641783,0,REG,2026,1630581,-8.0,PG,Helper,-0.7182221566927236,MISS Banchero 12' Driving Floating Jump Shot,PF,Shot Creator,0.8514303355185546,,674
Shot Chart Detail,22500115,47,204001,Kristaps Porziņģis,1610612737,Atlanta Hawks,1,8,2,Made Shot,Turnaround Jump Shot,2PT Field Goal,In The Paint (Non-RA),Center(C),8-16 ft.,13,-67,122,1,1,20251027,CHI,ATL,2250011547,2380,0,204001|1629027|1630552|1630700|1642258,0,REG,2026,1630581,6.0,PG,Helper,-0.7182221566927236,Porzingis 14' Turnaround Jump Shot (10 PTS),C,Versatile Big,2.64627827352898,,47
Shot Chart Detail,22500115,51,1629027,Trae Young,1610612737,Atlanta Hawks,1,7,38,Made Shot,Driving Layup Shot,2PT Field Goal,Restricted Area,Center(C),Less Than 8 ft.,0,2,8,1,1,20251027,CHI,ATL,2250011551,2620,0,204001|1629027|1630552|1630700|1642258,0,REG,2026,1630581,8.0,PG,Helper,-0.7182221566927236,Young 1' Driving Layup (2 PTS),PG,Primary Ball Handler,2.9093000086770804,,51
Shot Chart Detail,22500115,57,1630700,Dyson Daniels,1610612737,Atlanta Hawks,1,6,53,Missed Shot,Driving Layup Shot,2PT Field Goal,Restricted Area,Center(C),Less Than 8 ft.,2,4,29,1,0,20251027,CHI,ATL,2250011557,3070,0,204001|1629027|1630552|1630700|1642258,0,REG,2026,1630581,6.0,PG,Helper,-0.7182221566927236,Giddey BLOCK (1 BLK),SG,Primary Ball Handler,-0.4024079394093366,,57
Shot Chart Detail,22500115,222,1630168,Onyeka Okongwu,1610612737,Atlanta Hawks,2,8,42,Made Shot,Jump Shot,3PT Field Goal,Above the Break 3,Left Side Center(LC),24+ ft.,25,-108,236,1,1,20251027,CHI,ATL,22500115222,9180,0,1628379|1630168|1630552|1630811|1642258,1,REG,2026,1630581,7.0,PG,Helper,-0.7182221566927236,Okongwu 26' 3PT Jump Shot (7 PTS) (Wallace 1 AST),C,Stationary Shooter,-1.3223022588690103,1630811.0,222
Shot Chart Detail,22500115,241,1630552,Jalen Johnson,1610612737,Atlanta Hawks,2,7,20,Made Shot,Running Dunk Shot,2PT Field Goal,Restricted Area,Center(C),Less Than 8 ft.,0,-4,-1,1,1,20251027,CHI,ATL,22500115241,10000,0,1628379|1630168|1630552|1630811|1642258,0,REG,2026,1630581,9.0,PG,Helper,-0.7182221566927236,Johnson Running Dunk (9 PTS),SF,Shot Creator,1.1753023542047327,,241
Shot Chart Detail,22500115,244,1642258,Zaccharie Risacher,1610612737,Atlanta Hawks,2,6,59,Missed Shot,Running Layup Shot,2PT Field Goal,Restricted Area,Center(C),Less Than 8 ft.,1,2,15,1,0,20251027,CHI,ATL,22500115244,10210,0,1628379|1630168|1630552|1630811|1642258,0,REG,2026,1630581|202696,9.0,,,,,SF,Stationary Shooter,-0.9999795486574228,,244
Shot Chart Detail,22500115,331,1629027,Trae Young,1610612737,Atlanta Hawks,2,2,21,Missed Shot,Step Back Jump shot,3PT Field Goal,Above the Break 3,Center(C),24+ ft.,25,13,254,1,0,20251027,CHI,ATL,22500115331,12990,0,204001|1629027|1629638|1630552|1630700,0,REG,2026,1630581,5.0,PG,Helper,-0.7182221566927236,MISS Young 25' 3PT Step Back Jump Shot,PG,Primary Ball Handler,2.9093000086770804,,331
Shot Chart Detail,22500115,437,1629638,Nickeil Alexander-Walker,1610612737,Atlanta Hawks,3,6,50,Missed Shot,Driving Floating Jump Shot,2PT Field Goal,In The Paint (Non-RA),Center(C),Less Than 8 ft.,6,-55,41,1,0,20251027,CHI,ATL,22500115437,17500,0,1629027|1629638|1630168|1630552|1630700,0,REG,2026,1630581,-3.0,PG,Helper,-0.7182221566927236,MISS Alexander-Walker 7' Driving Floating Jump Shot,SG,Primary Ball Handler,0.3772191884541307,,437
Shot Chart Detail,22500115,601,1630700,Dyson Daniels,1610612737,Atlanta Hawks,4,6,46,Missed Shot,Driving Finger Roll Layup Shot,2PT Field Goal,Restricted Area,Center(C),Less Than 8 ft.,1,11,16,1,0,20251027,CHI,ATL,22500115601,24740,0,1628379|1630168|1630552|1630700|1642258,0,REG,2026,1630581,1.0,PG,Helper,-0.7182221566927236,MISS Daniels 2' Driving Finger Roll Layup,SG,Primary Ball Handler,-0.4024079394093366,,601
Shot Chart Detail,22500115,665,1629638,Nickeil Alexander-Walker,1610612737,Atlanta Hawks,4,1,59,Missed Shot,Layup Shot,2PT Field Goal,Restricted Area,Center(C),Less Than 8 ft.,2,-9,26,1,0,20251027,CHI,ATL,22500115665,27610,0,204001|1629027|1629638|1630552|1630700,0,REG,2026,1630581,-5.0,PG,Helper,-0.7182221566927236,MISS Alexander-Walker 3' Layup,SG,Primary Ball Handler,0.3772191884541307,,665
Shot Chart Detail,22500115,676,1630552,Jalen Johnson,1610612737,Atlanta Hawks,4,1,23,Made Shot,Driving Layup Shot,2PT Field Goal,Restricted Area,Center(C),Less Than 8 ft.,1,-10,11,1,1,20251027,CHI,ATL,22500115676,27970,0,204001|1629027|1629638|1630552|1630700,0,REG,2026,1630581,-3.0,PG,Helper,-0.7182221566927236,Johnson 1' Driving Layup (25 PTS),SF,Shot Creator,1.1753023542047327,,676
Shot Chart Detail,22500115,684,1630700,Dyson Daniels,1610612737,Atlanta Hawks,4,0,39,Missed Shot,Reverse Layup Shot,2PT Field Goal,In The Paint (Non-RA),Center(C),Less Than 8 ft.,4,-39,11,1,0,20251027,CHI,ATL,22500115684,28410,0,204001|1629027|1629638|1630552|1630700,0,REG,2026,1630581,-3.0,PG,Helper,-0.7182221566927236,MISS Daniels 4' Reverse Layup,SG,Primary Ball Handler,-0.4024079394093366,,684
Shot Chart Detail,22500132,19,201942,DeMar DeRozan,1610612758,Sacramento Kings,1,10,35,Made Shot,Pullup Jump shot,2PT Field Goal,Mid-Range,Center(C),16-24 ft.,20,58,196,1,1,20251029,CHI,SAC,2250013219,850,0,201566|201942|203471|203897|1627734,1,REG,2026,1630581,1.0,PG,Helper,-0.7182221566927236,DeRozan 20' Pullup Jump Shot (2 PTS) (Westbrook 1 AST),PF,Shot Creator,0.1354367080723623,201566.0,19
Shot Chart Detail,22500132,23,203897,Zach LaVine,1610612758,Sacramento Kings,1,10,12,Made Shot,Running Layup Shot,2PT Field Goal,Restricted Area,Center(C),Less Than 8 ft.,1,15,-6,1,1,20251029,CHI,SAC,2250013223,1080,0,201566|201942|203471|203897|1627734,1,REG,2026,1630581|1641824,3.0,,,,,SG,Secondary Ball Handler,0.1901913694030292,203471.0,23
Shot Chart Detail,22500132,30,201566,Russell Westbrook,1610612758,Sacramento Kings,1,9,18,Missed Shot,Jump Shot,3PT Field Goal,Right Corner 3,Right Side(R),24+ ft.,22,229,1,1,0,20251029,CHI,SAC,2250013230,1620,0,201566|201942|203471|203897|1627734,0,REG,2026,1630581,1.0,PG,Helper,-0.7182221566927236,MISS Westbrook 3PT Jump Shot,SF,Shot Creator,0.1342343936182972,,30
Shot Chart Detail,22500132,34,201566,Russell Westbrook,1610612758,Sacramento Kings,1,8,50,Missed Shot,Jump Shot,3PT Field Goal,Right Corner 3,Right Side(R),24+ ft.,23,233,49,1,0,20251029,CHI,SAC,2250013234,1900,0,201566|201942|203471|203897|1627734,0,REG,2026,1630581,-1.0,PG,Helper,-0.7182221566927236,MISS Westbrook 24' 3PT Jump Shot,SF,Shot Creator,0.1342343936182972,,34
Shot Chart Detail,22500132,199,1642269,Devin Carter,1610612758,Sacramento Kings,2,9,11,Missed Shot,Driving Layup Shot,2PT Field Goal,Restricted Area,Center(C),Less Than 8 ft.,3,-15,28,1,0,20251029,CHI,SAC,22500132199,8890,0,201566|201942|1628370|1629234|1642269,0,REG,2026,1630581|1630188,0.0,,,,,PG,Shot Creator,-0.2943353651834176,,199
Shot Chart Detail,22500132,303,1631165,Keon Ellis,1610612758,Sacramento Kings,2,2,7,Made Shot,Running Dunk Shot,2PT Field Goal,Restricted Area,Center(C),Less Than 8 ft.,1,15,-8,1,1,20251029,CHI,SAC,22500132303,13130,0,201942|203471|203897|1627734|1631165,1,REG,2026,1630581,11.0,PG,Helper,-0.7182221566927236,Ellis 2' Running Dunk (4 PTS) (Schroder 7 AST),SG,Movement Shooter,-1.8403129503134568,203471.0,303
Shot Chart Detail,22500132,339,203471,Dennis Schröder,1610612758,Sacramento Kings,3,10,47,Missed Shot,Jump Shot,3PT Field Goal,Left Corner 3,Left Side(L),24+ ft.,22,-225,0,1,0,20251029,CHI,SAC,22500132339,15130,0,201566|201942|203471|203897|1627734,0,REG,2026,1630581,-1.0,PG,Helper,-0.7182221566927236,MISS Schroder 3PT Jump Shot,PG,Shot Creator,0.7805216949629489,,339
Shot Chart Detail,22500132,353,201566,Russell Westbrook,1610612758,Sacramento Kings,3,9,7,Missed Shot,Driving Floating Bank Jump Shot,2PT Field Goal,Restricted Area,Center(C),Less Than 8 ft.,3,-15,26,1,0,20251029,CHI,SAC,22500132353,16130,0,201566|201942|203471|203897|1627734,0,REG,2026,1630581,-9.0,PG,Helper,-0.7182221566927236,MISS Westbrook 3' Driving Floating Bank Jump Shot,SF,Shot Creator,0.1342343936182972,,353
Shot Chart Detail,22500132,388,1631165,Keon Ellis,1610612758,Sacramento Kings,3,6,50,Made Shot,Jump Shot,3PT Field Goal,Left Corner 3,Left Side(L),24+ ft.,22,-229,3,1,1,20251029,CHI,SAC,22500132388,17500,0,201942|203471|203897|1627734|1631165,1,REG,2026,1630581,-6.0,PG,Helper,-0.7182221566927236,Ellis 3PT Jump Shot (7 PTS) (LaVine 3 AST),SG,Movement Shooter,-1.8403129503134568,203897.0,388
Shot Chart Detail,22500132,414,203897,Zach LaVine,1610612758,Sacramento Kings,3,5,4,Made Shot,Driving Layup Shot,2PT Field Goal,Restricted Area,Center(C),Less Than 8 ft.,1,0,11,1,1,20251029,CHI,SAC,22500132414,18560,0,203471|203897|1628370|1629234|1631165,0,REG,2026,1630581|1630172,-6.0,,,,,SG,Secondary Ball Handler,0.1901913694030292,,414
Shot Chart Detail,22500132,419,203897,Zach LaVine,1610612758,Sacramento Kings,3,4,6,Made Shot,Fadeaway Jump Shot,2PT Field Goal,In The Paint (Non-RA),Center(C),Less Than 8 ft.,6,-50,41,1,1,20251029,CHI,SAC,22500132419,19140,0,203471|203897|1628370|1629234|1631165,0,REG,2026,1630581|202696,-7.0,,,,,SG,Secondary Ball Handler,0.1901913694030292,,419
Shot Chart Detail,22500132,549,201566,Russell Westbrook,1610612758,Sacramento Kings,4,8,53,Missed Shot,Fadeaway Bank shot,2PT Field Goal,In The Paint (Non-RA),Center(C),Less Than 8 ft.,5,-55,11,1,0,20251029,CHI,SAC,22500132549,23470,0,201566|201942|203471|203897|1627734,0,REG,2026,1630581,-15.0,PG,Helper,-0.7182221566927236,MISS Westbrook 6' Fadeaway Bank Shot,SF,Shot Creator,0.1342343936182972,,549
Shot Chart Detail,22500132,578,203897,Zach LaVine,1610612758,Sacramento Kings,4,6,41,Missed Shot,Pullup Jump shot,3PT Field Goal,Above the Break 3,Right Side Center(RC),24+ ft.,26,86,246,1,0,20251029,CHI,SAC,22500132578,24790,0,201566|201942|203471|203897|1627734,0,REG,2026,1630581,-15.0,PG,Helper,-0.7182221566927236,MISS LaVine 26' 3PT Pullup Jump Shot,SG,Secondary Ball Handler,0.1901913694030292,,578
Shot Chart Detail,22500132,586,203471,Dennis Schröder,1610612758,Sacramento Kings,4,5,55,Missed Shot,Running Jump Shot,3PT Field Goal,Above the Break 3,Left Side Center(LC),24+ ft.,26,-109,237,1,0,20251029,CHI,SAC,22500132586,25250,0,201566|201942|203471|203897|1627734,0,REG,2026,1630581,-13.0,PG,Helper,-0.7182221566927236,MISS Schroder 26' 3PT Running Jump Shot,PG,Shot Creator,0.7805216949629489,,586
Shot Chart Detail,22500153,7,1628384,OG Anunoby,1610612752,New York Knicks,1,11,42,Made Shot,Driving Layup Shot,2PT Field Goal,Restricted Area,Center(C),Less Than 8 ft.,1,-11,4,1,1,20251102,NYK,CHI,225001537,180,0,1626157|1628384|1628969|1628973|1629011,1,REG,2026,1630581|1630200,2.0,,,,,PF,Stationary Shooter,-0.319556866734344,1626157.0,7
Shot Chart Detail,22500153,207,1630540,Miles McBride,1610612752,New York Knicks,2,10,20,Missed Shot,Pullup Jump shot,2PT Field Goal,Mid-Range,Left Side(L),16-24 ft.,18,-173,75,1,0,20251102,NYK,CHI,22500153207,8200,0,203903|1626157|1628384|1628969|1630540,0,REG,2026,1630581,9.0,PG,Helper,-0.7182221566927236,MISS McBride 19' Pullup Jump Shot,SG,Secondary Ball Handler,1.805889569687728,,207
Shot Chart Detail,22500153,225,203903,Jordan Clarkson,1610612752,New York Knicks,2,8,59,Made Shot,Floating Jump shot,2PT Field Goal,In The Paint (Non-RA),Center(C),Less Than 8 ft.,7,1,75,1,1,20251102,NYK,CHI,22500153225,9010,0,203903|1626157|1628384|1628969|1630540,0,REG,2026,1630581,8.0,PG,Helper,-0.7182221566927236,Clarkson 8' Floating Jump Shot (5 PTS),SG,Movement Shooter,-0.0820645448184801,,225
Shot Chart Detail,22500153,291,203903,Jordan Clarkson,1610612752,New York Knicks,2,4,37,Missed Shot,Pullup Jump shot,3PT Field Goal,Above the Break 3,Left Side Center(LC),24+ ft.,25,-134,213,1,0,20251102,NYK,CHI,22500153291,11630,0,203903|1628384|1628404|1628973|1629011,0,REG,2026,1630581,6.0,PG,Helper,-0.7182221566927236,MISS Clarkson 25' 3PT Pullup Jump Shot,SG,Movement Shooter,-0.0820645448184801,,291
Shot Chart Detail,22500153,328,1628404,Josh Hart,1610612752,New York Knicks,2,1,21,Made Shot,Cutting Layup Shot,2PT Field Goal,Restricted Area,Center(C),Less Than 8 ft.,1,-12,0,1,1,20251102,NYK,CHI,22500153328,13590,0,1626157|1628384|1628404|1628969|1628973,1,REG,2026,1630581,7.0,PG,Helper,-0.7182221566927236,Hart 1' Cutting Layup Shot (4 PTS) (Towns 2 AST),SF,Stationary Shooter,0.306108207709196,1626157.0,328
Shot Chart Detail,22500153,340,1628404,Josh Hart,1610612752,New York Knicks,2,0,11,Made Shot,Jump Shot,3PT Field Goal,Right Corner 3,Right Side(R),24+ ft.,23,232,10,1,1,20251102,NYK,CHI,22500153340,14290,0,1626157|1628384|1628404|1628969|1628973,1,REG,2026,1630581,8.0,PG,Helper,-0.7182221566927236,Hart 3PT Jump Shot (8 PTS) (Bridges 4 AST),SF,Stationary Shooter,0.306108207709196,1628969.0,340
Shot Chart Detail,22500153,361,1628973,Jalen Brunson,1610612752,New York Knicks,3,11,3,Made Shot,Jump Shot,2PT Field Goal,Mid-Range,Right Side(R),16-24 ft.,20,204,15,1,1,20251102,NYK,CHI,22500153361,14970,0,1626157|1628384|1628969|1628973|1630540,1,REG,2026,1630581,8.0,PG,Helper,-0.7182221566927236,Brunson 20' Jump Shot (21 PTS) (Bridges 5 AST),PG,Shot Creator,3.980175116335245,1628969.0,361
Shot Chart Detail,22500153,406,1626157,Karl-Anthony Towns,1610612752,New York Knicks,3,7,29,Made Shot,Cutting Dunk Shot,2PT Field Goal,Restricted Area,Center(C),Less Than 8 ft.,1,-7,12,1,1,20251102,NYK,CHI,22500153406,17110,0,1626157|1628384|1628404|1628973|1629013,1,REG,2026,1630581,12.0,PG,Helper,-0.7182221566927236,Towns 1' Cutting Dunk Shot (14 PTS) (Brunson 2 AST),C,Versatile Big,1.780121465254871,1628973.0,406
Shot Chart Detail,22500153,451,1629011,Mitchell Robinson,1610612752,New York Knicks,3,4,57,Missed Shot,Tip Dunk Shot,2PT Field Goal,Restricted Area,Center(C),Less Than 8 ft.,0,0,0,1,0,20251102,NYK,CHI,22500153451,18630,0,1628404|1628969|1628973|1629011|1629013,0,REG,2026,1630581,12.0,PG,Helper,-0.7182221566927236,MISS Robinson Tip Dunk Shot,C,Athletic Finisher,0.5532643295858888,,451
Shot Chart Detail,22500153,457,1628404,Josh Hart,1610612752,New York Knicks,3,4,17,Made Shot,Driving Layup Shot,2PT Field Goal,Restricted Area,Center(C),Less Than 8 ft.,0,-5,4,1,1,20251102,NYK,CHI,22500153457,19030,0,1628404|1628969|1628973|1629011|1629013,1,REG,2026,1628989|1630581,12.0,,,,,SF,Stationary Shooter,0.306108207709196,1629013.0,457
Shot Chart Detail,22500153,550,1629013,Landry Shamet,1610612752,New York Knicks,4,9,53,Made Shot,Jump Shot,3PT Field Goal,Left Corner 3,Left Side(L),24+ ft.,23,-234,10,1,1,20251102,NYK,CHI,22500153550,22870,0,203903|1626157|1628384|1629013|1630540,1,REG,2026,1630581,18.0,PG,Helper,-0.7182221566927236,Shamet 3PT Jump Shot (6 PTS) (Clarkson 2 AST),SG,Movement Shooter,0.4547827437215816,203903.0,550
Shot Chart Detail,22500153,576,203903,Jordan Clarkson,1610612752,New York Knicks,4,8,4,Missed Shot,Running Jump Shot,3PT Field Goal,Right Corner 3,Right Side(R),24+ ft.,23,228,36,1,0,20251102,NYK,CHI,22500153576,23960,0,203903|1626157|1628384|1629013|1630540,0,REG,2026,1630581,23.0,PG,Helper,-0.7182221566927236,MISS Clarkson 3PT Running Jump Shot,SG,Movement Shooter,-0.0820645448184801,,576
Shot Chart Detail,22500153,597,1630540,Miles McBride,1610612752,New York Knicks,4,6,24,Missed Shot,Pullup Jump shot,3PT Field Goal,Above the Break 3,Center(C),24+ ft.,26,34,267,1,0,20251102,NYK,CHI,22500153597,24960,0,203903|1628404|1628973|1629011|1630540,0,REG,2026,1630581,20.0,PG,Helper,-0.7182221566927236,MISS McBride 27' 3PT Pullup Jump Shot,SG,Secondary Ball Handler,1.805889569687728,,597
Shot Chart Detail,22500153,632,1628384,OG Anunoby,1610612752,New York Knicks,4,4,18,Missed Shot,Running Jump Shot,3PT Field Goal,Above the Break 3,Right Side Center(RC),24+ ft.,26,173,197,1,0,20251102,NYK,CHI,22500153632,26220,0,1626157|1628384|1628404|1628969|1628973,0,REG,2026,1630581,16.0,PG,Helper,-0.7182221566927236,MISS Anunoby 26' 3PT Running Jump Shot,PF,Stationary Shooter,-0.319556866734344,,632
Shot Chart Detail,22500167,136,1642845,VJ Edgecombe,1610612755,Philadelphia 76ers,1,1,50,Made Shot,Running Jump Shot,3PT Field Goal,Above the Break 3,Left Side Center(LC),24+ ft.,25,-150,207,1,1,20251104,CHI,PHI,22500167136,6100,0,1629656|1630570|1641737|1642272|1642845,1,REG,2026,1630581,21.0,PG,Helper,-0.7182221566927236,Edgecombe 26' 3PT Running Jump Shot (6 PTS) (Grimes 2 AST),SG,Primary Ball Handler,-0.6233885320643092,1629656.0,136
Shot Chart Detail,22500167,193,1642272,Jared McCain,1610612755,Philadelphia 76ers,2,10,17,Missed Shot,Jump Shot,3PT Field Goal,Right Corner 3,Right Side(R),24+ ft.,23,230,12,1,0,20251104,CHI,PHI,22500167193,8230,0,1629656|1630178|1630570|1641737|1642272,0,REG,2026,1630581,15.0,PG,Helper,-0.7182221566927236,MISS McCain 3PT Jump Shot,SG,Shot Creator,-1.4543377940546427,,193
Shot Chart Detail,22500167,297,203954,Joel Embiid,1610612755,Philadelphia 76ers,2,4,50,Made Shot,Putback Layup Shot,2PT Field Goal,Restricted Area,Center(C),Less Than 8 ft.,0,0,0,1,1,20251104,CHI,PHI,22500167297,11500,0,203954|1629656|1630178|1631133|1642845,0,REG,2026,1630581|1630172,24.0,,,,,C,Shot Creator,2.064757915113105,,297
Shot Chart Detail,22500167,448,1630178,Tyrese Maxey,1610612755,Philadelphia 76ers,3,6,33,Missed Shot,Driving Layup Shot,2PT Field Goal,Restricted Area,Center(C),Less Than 8 ft.,1,7,13,1,0,20251104,CHI,PHI,22500167448,17670,0,203954|1626162|1630178|1631133|1642845,0,REG,2026,1630581,22.0,PG,Helper,-0.7182221566927236,MISS Maxey 1' Driving Layup,PG,Shot Creator,3.4988725666816403,,448
Shot Chart Detail,22500167,476,1630178,Tyrese Maxey,1610612755,Philadelphia 76ers,3,4,17,Missed Shot,Step Back Jump shot,3PT Field Goal,Above the Break 3,Center(C),24+ ft.,25,-11,257,1,0,20251104,CHI,PHI,22500167476,19030,0,1626162|1629656|1630178|1630570|1641737,0,REG,2026,1630581,15.0,PG,Helper,-0.7182221566927236,MISS Maxey 26' 3PT Step Back Jump Shot,PG,Shot Creator,3.4988725666816403,,476
Shot Chart Detail,22500167,572,1626162,Kelly Oubre Jr.,1610612755,Philadelphia 76ers,4,10,49,Missed Shot,Turnaround Jump Shot,2PT Field Goal,Mid-Range,Left Side(L),8-16 ft.,15,-110,110,1,0,20251104,CHI,PHI,22500167572,22310,0,1626162|1629656|1641737|1642272|1642845,0,REG,2026,1630581,10.0,PG,Helper,-0.7182221566927236,MISS Oubre Jr. 16' Turnaround Jump Shot,SF,Shot Creator,-1.876800854288554,,572
Shot Chart Detail,22500167,600,1630178,Tyrese Maxey,1610612755,Philadelphia 76ers,4,9,3,Made Shot,Driving Floating Jump Shot,2PT Field Goal,Mid-Range,Left Side(L),8-16 ft.,12,-121,4,1,1,20251104,CHI,PHI,22500167600,23370,0,1626162|1629656|1630178|1641737|1642845,0,REG,2026,1630581|1630188,10.0,,,,,PG,Shot Creator,3.4988725666816403,,600
Shot Chart Detail,22500167,684,1630178,Tyrese Maxey,1610612755,Philadelphia 76ers,4,3,16,Missed Shot,Step Back Jump shot,2PT Field Goal,Mid-Range,Center(C),16-24 ft.,17,-12,178,1,0,20251104,CHI,PHI,22500167684,26840,0,203954|1626162|1629656|1630178|1642845,0,REG,2026,1630581|1641824,5.0,,,,,PG,Shot Creator,3.4988725666816403,,684
Shot Chart Detail,22500167,704,1630178,Tyrese Maxey,1610612755,Philadelphia 76ers,4,1,45,Missed Shot,Step Back Jump shot,2PT Field Goal,Mid-Range,Right Side Center(RC),16-24 ft.,19,105,162,1,0,20251104,CHI,PHI,22500167704,27750,0,203954|1626162|1629656|1630178|1642845,0,REG,2026,1630581,3.0,PG,Helper,-0.7182221566927236,MISS Maxey 19' Step Back Jump Shot,PG,Shot Creator,3.4988725666816403,,704
Shot Chart Detail,22500186,58,1642281,Jaylon Tyson,1610612739,Cleveland Cavaliers,1,7,46,Made Shot,Driving Floating Bank Jump Shot,2PT Field Goal,Mid-Range,Right Side(R),8-16 ft.,8,86,21,1,1,20251108,CLE,CHI,2250018658,2540,0,1628378|1628386|1629631|1630596|1642281,1,REG,2026,1630581|1630172,5.0,,,,,SG,Movement Shooter,0.8197320175087925,1628378.0,58
Shot Chart Detail,22500186,82,1628366,Lonzo Ball,1610612739,Cleveland Cavaliers,1,6,16,Missed Shot,Step Back Jump shot,3PT Field Goal,Above the Break 3,Right Side Center(RC),24+ ft.,29,169,245,1,0,20251108,CLE,CHI,2250018682,3440,0,1628366|1629631|1629731|1630596|1642281,0,REG,2026,1630581,5.0,PG,Helper,-0.7182221566927236,MISS Ball 30' 3PT Step Back Jump Shot,PG,Primary Ball Handler,-0.5792545887035705,,82
Shot Chart Detail,22500186,104,1630596,Evan Mobley,1610612739,Cleveland Cavaliers,1,4,47,Made Shot,Dunk Shot,2PT Field Goal,Restricted Area,Center(C),Less Than 8 ft.,0,1,0,1,1,20251108,CLE,CHI,22500186104,4330,0,1628366|1629631|1629731|1630241|1630596,1,REG,2026,1630581|202696,5.0,,,,,PF,Shot Creator,0.913447256081984,1630241.0,104
Shot Chart Detail,22500186,108,1630596,Evan Mobley,1610612739,Cleveland Cavaliers,1,4,22,Made Shot,Driving Layup Shot,2PT Field Goal,Restricted Area,Center(C),Less Than 8 ft.,0,0,-4,1,1,20251108,CLE,CHI,22500186108,4580,0,1628366|1629631|1629731|1630241|1630596,1,REG,2026,1630581,7.0,PG,Helper,-0.7182221566927236,Mobley Driving Layup (11 PTS) (Ball 2 AST),PF,Shot Creator,0.913447256081984,1628366.0,108
Shot Chart Detail,22500186,238,1642281,Jaylon Tyson,1610612739,Cleveland Cavaliers,2,9,7,Missed Shot,Jump Shot,2PT Field Goal,Mid-Range,Left Side(L),16-24 ft.,21,-194,86,1,0,20251108,CLE,CHI,22500186238,8930,0,1628378|1630596|1641854|1642281|1642878,0,REG,2026,1630581,-4.0,PG,Helper,-0.7182221566927236,MISS Tyson 21' Jump Shot,SG,Movement Shooter,0.8197320175087925,,238
Shot Chart Detail,22500186,253,1642281,Jaylon Tyson,1610612739,Cleveland Cavaliers,2,8,1,Missed Shot,Jump Shot,3PT Field Goal,Above the Break 3,Center(C),24+ ft.,25,74,240,1,0,20251108,CLE,CHI,22500186253,9590,0,1628366|1630596|1641854|1642281|1642878,0,REG,2026,1630581,-5.0,PG,Helper,-0.7182221566927236,MISS Tyson 25' 3PT Jump Shot,SG,Movement Shooter,0.8197320175087925,,253
Shot Chart Detail,22500186,264,1642281,Jaylon Tyson,1610612739,Cleveland Cavaliers,2,7,29,Missed Shot,Cutting Dunk Shot,2PT Field Goal,Restricted Area,Center(C),Less Than 8 ft.,1,-7,13,1,0,20251108,CLE,CHI,22500186264,9910,0,1628366|1628386|1630241|1642281|1642878,0,REG,2026,1630581,-8.0,PG,Helper,-0.7182221566927236,MISS Tyson 1' Cutting Dunk Shot,SG,Movement Shooter,0.8197320175087925,,264
Shot Chart Detail,22500186,338,1642878,Tyrese Proctor,1610612739,Cleveland Cavaliers,2,2,19,Missed Shot,Jump Shot,3PT Field Goal,Above the Break 3,Left Side Center(LC),24+ ft.,25,-201,157,1,0,20251108,CLE,CHI,22500186338,13010,0,1628378|1629631|1630241|1630596|1642878,0,REG,2026,1630581,-15.0,PG,Helper,-0.7182221566927236,MISS Proctor 26' 3PT Jump Shot,PG,Secondary Ball Handler,0.5035695564241829,,338
Shot Chart Detail,22500186,402,1629631,De'Andre Hunter,1610612739,Cleveland Cavaliers,3,10,55,Missed Shot,Driving Floating Jump Shot,2PT Field Goal,In The Paint (Non-RA),Center(C),Less Than 8 ft.,6,21,64,1,0,20251108,CLE,CHI,22500186402,15050,0,1628378|1628386|1629631|1630596|1642281,0,REG,2026,1630581,-14.0,PG,Helper,-0.7182221566927236,MISS Hunter 7' Driving Floating Jump Shot,SF,Movement Shooter,-0.3027887923173379,,402
Shot Chart Detail,22500186,405,1629631,De'Andre Hunter,1610612739,Cleveland Cavaliers,3,10,53,Made Shot,Putback Layup Shot,2PT Field Goal,Restricted Area,Center(C),Less Than 8 ft.,1,11,8,1,1,20251108,CLE,CHI,22500186405,15070,0,1628378|1628386|1629631|1630596|1642281,0,REG,2026,1630581|1630200,-12.0,,,,,SF,Movement Shooter,-0.3027887923173379,,405
Shot Chart Detail,22500186,417,1630596,Evan Mobley,1610612739,Cleveland Cavaliers,3,9,54,Made Shot,Driving Layup Shot,2PT Field Goal,Restricted Area,Center(C),Less Than 8 ft.,1,-1,10,1,1,20251108,CLE,CHI,22500186417,15660,0,1628378|1628386|1629631|1630596|1642281,1,REG,2026,1630581,-7.0,PG,Helper,-0.7182221566927236,Mobley 1' Driving Layup (21 PTS) (Tyson 2 AST),PF,Shot Creator,0.913447256081984,1642281.0,417
Shot Chart Detail,22500186,599,1642281,Jaylon Tyson,1610612739,Cleveland Cavaliers,4,11,25,Made Shot,Running Layup Shot,2PT Field Goal,Restricted Area,Center(C),Less Than 8 ft.,0,5,6,1,1,20251108,CLE,CHI,22500186599,21950,0,1628378|1629731|1630596|1642281|1642878,0,REG,2026,1630581,0.0,PG,Helper,-0.7182221566927236,Tyson 1' Running Layup (7 PTS),SG,Movement Shooter,0.8197320175087925,,599
Shot Chart Detail,22500186,610,1628378,Donovan Mitchell,1610612739,Cleveland Cavaliers,4,10,39,Missed Shot,Running Layup Shot,2PT Field Goal,Restricted Area,Center(C),Less Than 8 ft.,0,-9,1,1,0,20251108,CLE,CHI,22500186610,22410,0,1628378|1629731|1630596|1642281|1642878,0,REG,2026,1630581|1630171,0.0,,,,,SG,Shot Creator,3.6991087536524696,,610
Shot Chart Detail,22500186,615,1629731,Dean Wade,1610612739,Cleveland Cavaliers,4,10,0,Missed Shot,Jump Shot,3PT Field Goal,Above the Break 3,Right Side Center(RC),24+ ft.,24,120,212,1,0,20251108,CLE,CHI,22500186615,22800,0,1628378|1629731|1630596|1642281|1642878,0,REG,2026,1630581,-1.0,PG,Helper,-0.7182221566927236,MISS Wade 24' 3PT Jump Shot,PF,Movement Shooter,-0.623042550657171,,615
Shot Chart Detail,22500186,722,1630596,Evan Mobley,1610612739,Cleveland Cavaliers,4,2,34,Missed Shot,Driving Floating Jump Shot,2PT Field Goal,In The Paint (Non-RA),Center(C),Less Than 8 ft.,6,47,41,1,0,20251108,CLE,CHI,22500186722,27260,0,1628378|1629631|1630241|1630596|1642281,0,REG,2026,1630581,-3.0,PG,Helper,-0.7182221566927236,MISS Mobley 6' Driving Floating Jump Shot,PF,Shot Creator,0.913447256081984,,722
Shot Chart Detail,22500240,35,1642846,Ace Bailey,1610612762,Utah Jazz,1,9,33,Made Shot,Jump Shot,3PT Field Goal,Above the Break 3,Left Side Center(LC),24+ ft.,27,-115,246,1,1,20251116,UTA,CHI,2250024035,1470,0,203994|1628374|1629004|1641718|1642846,1,REG,2026,1630581,7.0,PG,Helper,-0.7182221566927236,Bailey 27' 3PT Jump Shot (5 PTS) (George 2 AST),SF,Off Screen Shooter,-1.137320313253709,1641718.0,35
Shot Chart Detail,22500240,49,203994,Jusuf Nurkić,1610612762,Utah Jazz,1,8,26,Missed Shot,Hook Shot,2PT Field Goal,In The Paint (Non-RA),Center(C),Less Than 8 ft.,7,-10,79,1,0,20251116,UTA,CHI,2250024049,2140,0,203994|1628374|1629004|1641718|1642846,0,REG,2026,1630581|1628989|202696|1641824,5.0,,,,,C,Roll + Cut Big,-0.7939461897204795,,49
Shot Chart Detail,22500240,61,1641718,Keyonte George,1610612762,Utah Jazz,1,7,8,Missed Shot,Pullup Jump shot,3PT Field Goal,Above the Break 3,Left Side Center(LC),24+ ft.,25,-126,221,1,0,20251116,UTA,CHI,2250024061,2920,0,203994|1628374|1629004|1641718|1642846,0,REG,2026,1630171|1630581,5.0,,,,,PG,Primary Ball Handler,1.0403644856267389,,61
Shot Chart Detail,22500240,225,1629004,Svi Mykhailiuk,1610612762,Utah Jazz,2,10,11,Made Shot,Cutting Layup Shot,2PT Field Goal,Restricted Area,Center(C),Less Than 8 ft.,3,32,10,1,1,20251116,UTA,CHI,22500240225,8290,0,203994|1628374|1629004|1641729|1642268,1,REG,2026,1630581,-1.0,PG,Helper,-0.7182221566927236,Mykhailiuk 3' Cutting Layup Shot (5 PTS) (Nurkic 2 AST),SF,Movement Shooter,-0.8231377832773227,203994.0,225
Shot Chart Detail,22500240,364,1628374,Lauri Markkanen,1610612762,Utah Jazz,2,1,17,Made Shot,Tip Dunk Shot,2PT Field Goal,Restricted Area,Center(C),Less Than 8 ft.,0,0,0,1,1,20251116,UTA,CHI,22500240364,13630,0,203994|1628374|1629004|1641718|1642268,0,REG,2026,1630171|1630581|1641824,-5.0,,,,,PF,Off Screen Shooter,1.622779763878584,,364
Shot Chart Detail,22500240,385,1641718,Keyonte George,1610612762,Utah Jazz,2,0,7,Missed Shot,Driving Layup Shot,2PT Field Goal,In The Paint (Non-RA),Center(C),Less Than 8 ft.,6,-58,30,1,0,20251116,UTA,CHI,22500240385,14330,0,203994|1628374|1629004|1641718|1642268,0,REG,2026,1630581|202696,-9.0,,,,,PG,Primary Ball Handler,1.0403644856267389,,385
Shot Chart Detail,22500240,387,203994,Jusuf Nurkić,1610612762,Utah Jazz,2,0,5,Made Shot,Putback Layup Shot,2PT Field Goal,In The Paint (Non-RA),Center(C),Less Than 8 ft.,5,-1,50,1,1,20251116,UTA,CHI,22500240387,14350,0,203994|1628374|1629004|1641718|1642268,0,REG,2026,1630171|1630581,-7.0,,,,,C,Roll + Cut Big,-0.7939461897204795,,387
Shot Chart Detail,22500240,417,1628374,Lauri Markkanen,1610612762,Utah Jazz,3,10,29,Made Shot,Jump Shot,3PT Field Goal,Left Corner 3,Left Side(L),24+ ft.,23,-237,-20,1,1,20251116,UTA,CHI,22500240417,15310,0,203994|1628374|1629004|1641718|1642262,0,REG,2026,1630581,-8.0,PG,Helper,-0.7182221566927236,Markkanen 24' 3PT Jump Shot (21 PTS),PF,Off Screen Shooter,1.622779763878584,,417
Shot Chart Detail,22500240,423,1628374,Lauri Markkanen,1610612762,Utah Jazz,3,10,7,Missed Shot,Jump Shot,3PT Field Goal,Above the Break 3,Right Side Center(RC),24+ ft.,26,207,158,1,0,20251116,UTA,CHI,22500240423,15530,0,203994|1628374|1629004|1641718|1642262,0,REG,2026,1630581,-10.0,PG,Helper,-0.7182221566927236,MISS Markkanen 26' 3PT Jump Shot,PF,Off Screen Shooter,1.622779763878584,,423
Shot Chart Detail,22500240,434,1641718,Keyonte George,1610612762,Utah Jazz,3,8,56,Missed Shot,Driving Floating Jump Shot,2PT Field Goal,In The Paint (Non-RA),Left Side(L),8-16 ft.,9,-60,76,1,0,20251116,UTA,CHI,22500240434,16240,0,203994|1628374|1629004|1641718|1642262,0,REG,2026,1630581,-12.0,PG,Helper,-0.7182221566927236,MISS George 10' Driving Floating Jump Shot,PG,Primary Ball Handler,1.0403644856267389,,434
Shot Chart Detail,22500240,544,1628374,Lauri Markkanen,1610612762,Utah Jazz,3,2,4,Made Shot,Cutting Layup Shot,2PT Field Goal,In The Paint (Non-RA),Center(C),Less Than 8 ft.,4,6,41,1,1,20251116,UTA,CHI,22500240544,20360,0,201567|1628374|1642262|1642268|1642271,1,REG,2026,1630581,-5.0,PG,Helper,-0.7182221566927236,Markkanen 4' Cutting Layup Shot (30 PTS) (Love 2 AST),PF,Off Screen Shooter,1.622779763878584,201567.0,544
Shot Chart Detail,22500240,565,1642271,Kyle Filipowski,1610612762,Utah Jazz,3,1,4,Made Shot,Driving Layup Shot,2PT Field Goal,In The Paint (Non-RA),Center(C),Less Than 8 ft.,5,39,32,1,1,20251116,UTA,CHI,22500240565,20960,0,203994|1628374|1642262|1642268|1642271,1,REG,2026,1630581,-7.0,PG,Helper,-0.7182221566927236,Filipowski 5' Driving Layup (6 PTS) (Collier 3 AST),C,Stationary Shooter,-0.9834096736410736,1642268.0,565
Shot Chart Detail,22500240,577,1628374,Lauri Markkanen,1610612762,Utah Jazz,3,0,14,Missed Shot,Jump Shot,3PT Field Goal,Above the Break 3,Right Side Center(RC),24+ ft.,24,143,205,1,0,20251116,UTA,CHI,22500240577,21460,0,203994|1628374|1642262|1642268|1642271,0,REG,2026,1630581,-4.0,PG,Helper,-0.7182221566927236,MISS Markkanen 25' 3PT Jump Shot,PF,Off Screen Shooter,1.622779763878584,,577
Shot Chart Detail,22500240,606,1628374,Lauri Markkanen,1610612762,Utah Jazz,4,10,25,Missed Shot,Driving Layup Shot,2PT Field Goal,In The Paint (Non-RA),Center(C),Less Than 8 ft.,7,61,48,1,0,20251116,UTA,CHI,22500240606,22550,0,203994|1628374|1641729|1642268|1642846,0,REG,2026,1630581,-4.0,PG,Helper,-0.7182221566927236,MISS Markkanen 8' Driving Layup,PF,Off Screen Shooter,1.622779763878584,,606
Shot Chart Detail,22500240,620,1641729,Brice Sensabaugh,1610612762,Utah Jazz,4,9,23,Made Shot,Jump Shot,3PT Field Goal,Above the Break 3,Right Side Center(RC),24+ ft.,26,132,231,1,1,20251116,UTA,CHI,22500240620,23170,0,203994|1641729|1642268|1642271|1642846,1,REG,2026,1630581,1.0,PG,Helper,-0.7182221566927236,Sensabaugh 27' 3PT Jump Shot (9 PTS) (Collier 5 AST),SF,Movement Shooter,-0.3644651646310378,1642268.0,620
Shot Chart Detail,22500240,660,1642271,Kyle Filipowski,1610612762,Utah Jazz,4,6,59,Missed Shot,Driving Layup Shot,2PT Field Goal,In The Paint (Non-RA),Center(C),Less Than 8 ft.,4,-43,23,1,0,20251116,UTA,CHI,22500240660,24610,0,201567|1629004|1641718|1641729|1642271,0,REG,2026,1630581|1641824,-1.0,,,,,C,Stationary Shooter,-0.9834096736410736,,660
Shot Chart Detail,22500240,705,203994,Jusuf Nurkić,1610612762,Utah Jazz,4,4,41,Missed Shot,Floating Jump shot,2PT Field Goal,In The Paint (Non-RA),Center(C),Less Than 8 ft.,6,-43,54,1,0,20251116,UTA,CHI,22500240705,25990,0,203994|1628374|1629004|1641718|1641729,0,REG,2026,1630581|202696,0.0,,,,,C,Roll + Cut Big,-0.7939461897204795,,705
Shot Chart Detail,22500240,811,1641729,Brice Sensabaugh,1610612762,Utah Jazz,5,3,2,Made Shot,Pullup Jump shot,2PT Field Goal,Mid-Range,Left Side Center(LC),16-24 ft.,17,-62,160,1,1,20251116,UTA,CHI,22500240811,29980,1,203994|1628374|1641718|1641729|1642268,0,REG,2026,1630581,4.0,PG,Helper,-0.7182221566927236,Sensabaugh 17' Pullup Jump Shot (13 PTS),SF,Movement Shooter,-0.3644651646310378,,811
Shot Chart Detail,22500240,907,1628374,Lauri Markkanen,1610612762,Utah Jazz,6,1,59,Missed Shot,Turnaround Fadeaway shot,2PT Field Goal,Mid-Range,Right Side(R),16-24 ft.,16,161,7,1,0,20251116,UTA,CHI,22500240907,33610,2,203994|1628374|1641718|1641729|1642268,0,REG,2026,1630171|1630581,4.0,,,,,PF,Off Screen Shooter,1.622779763878584,,907
Shot Chart Detail,22500248,22,203932,Aaron Gordon,1610612743,Denver Nuggets,1,10,9,Missed Shot,Jump Shot,2PT Field Goal,Mid-Range,Right Side(R),16-24 ft.,16,157,59,1,0,20251117,DEN,CHI,2250024822,1110,0,203932|203999|1627750|1629661|1631212,0,REG,2026,1630581,4.0,PG,Helper,-0.7182221566927236,MISS Gordon 17' Jump Shot,PF,Shot Creator,1.319874685546075,,22
Shot Chart Detail,22500248,246,1629618,Jalen Pickett,1610612743,Denver Nuggets,2,5,24,Made Shot,Jump Shot,3PT Field Goal,Above the Break 3,Center(C),24+ ft.,26,-76,252,1,1,20251117,DEN,CHI,22500248246,11160,0,203932|203999|1629618|1629661|1631212,1,REG,2026,1630581,-13.0,PG,Helper,-0.7182221566927236,Pickett 26' 3PT Jump Shot (3 PTS) (Jokic 5 AST),SG,Secondary Ball Handler,-0.8639423428875124,203999.0,246
Shot Chart Detail,22500248,258,203932,Aaron Gordon,1610612743,Denver Nuggets,2,3,57,Made Shot,Cutting Finger Roll Layup Shot,2PT Field Goal,Restricted Area,Center(C),Less Than 8 ft.,2,-10,20,1,1,20251117,DEN,CHI,22500248258,12030,0,203932|203999|1629618|1629661|1631212,1,REG,2026,1630581|1628989,-9.0,,,,,PF,Shot Creator,1.319874685546075,203999.0,258
Shot Chart Detail,22500248,375,203932,Aaron Gordon,1610612743,Denver Nuggets,3,7,3,Made Shot,Tip Layup Shot,2PT Field Goal,Restricted Area,Center(C),Less Than 8 ft.,0,0,0,1,1,20251117,DEN,CHI,22500248375,17370,0,203932|203999|1627750|1629661|1631212,0,REG,2026,1630171|1630581,4.0,,,,,PF,Shot Creator,1.319874685546075,,375
Shot Chart Detail,22500248,381,203932,Aaron Gordon,1610612743,Denver Nuggets,3,6,35,Missed Shot,Alley Oop Layup shot,2PT Field Goal,In The Paint (Non-RA),Center(C),Less Than 8 ft.,4,40,6,1,0,20251117,DEN,CHI,22500248381,17650,0,203932|203999|1627750|1629661|1631212,0,REG,2026,1630581,1.0,PG,Helper,-0.7182221566927236,MISS Gordon 4' Alley Oop Layup,PF,Shot Creator,1.319874685546075,,381
Shot Chart Detail,22500248,383,203932,Aaron Gordon,1610612743,Denver Nuggets,3,6,33,Made Shot,Tip Layup Shot,2PT Field Goal,Restricted Area,Center(C),Less Than 8 ft.,0,0,0,1,1,20251117,DEN,CHI,22500248383,17670,0,203932|203999|1627750|1629661|1631212,0,REG,2026,1630581,3.0,PG,Helper,-0.7182221566927236,Gordon Tip Layup Shot (24 PTS),PF,Shot Creator,1.319874685546075,,383
Shot Chart Detail,22500248,400,1627750,Jamal Murray,1610612743,Denver Nuggets,3,4,31,Missed Shot,Jump Shot,3PT Field Goal,Above the Break 3,Left Side Center(LC),24+ ft.,25,-197,164,1,0,20251117,DEN,CHI,22500248400,18890,0,203932|203999|1627750|1629661|1631212,0,REG,2026,1630581,-2.0,PG,Helper,-0.7182221566927236,MISS Murray 26' 3PT Jump Shot,PG,Shot Creator,2.696785548735688,,400
Shot Chart Detail,22500248,684,203999,Nikola Jokić,1610612743,Denver Nuggets,4,0,1,Missed Shot,Jump Shot,3PT Field Goal,Above the Break 3,Center(C),24+ ft.,36,-102,346,1,0,20251117,DEN,CHI,22500248684,28790,0,203501|203932|203999|1627750|1629661,0,REG,2026,1630581,-3.0,PG,Helper,-0.7182221566927236,MISS Jokic 36' 3PT Jump Shot,C,Shot Creator,6.653151477340488,,684
Shot Chart Detail,22500263,30,1641739,Toumani Camara,1610612757,Portland Trail Blazers,1,9,45,Missed Shot,Running Alley Oop Layup Shot,2PT Field Goal,Restricted Area,Center(C),Less Than 8 ft.,1,-12,6,1,0,20251119,POR,CHI,2250026330,1350,0,203924|1630166|1631321|1641739|1642270,0,REG,2026,1630581,6.0,PG,Helper,-0.7182221566927236,MISS Camara 1' Running Alley Oop Layup Shot,PF,Stationary Shooter,-1.015757020705636,,30
Shot Chart Detail,22500263,38,203924,Jerami Grant,1610612757,Portland Trail Blazers,1,9,21,Made Shot,Jump Shot,3PT Field Goal,Right Corner 3,Right Side(R),24+ ft.,23,235,42,1,1,20251119,POR,CHI,2250026338,1590,0,203924|1630166|1631321|1641739|1642270,1,REG,2026,1630581,8.0,PG,Helper,-0.7182221566927236,Grant 24' 3PT Jump Shot (3 PTS) (Avdija 3 AST),PF,Shot Creator,1.691659689578078,1630166.0,38
Shot Chart Detail,22500263,56,203924,Jerami Grant,1610612757,Portland Trail Blazers,1,8,10,Made Shot,Driving Reverse Layup Shot,2PT Field Goal,Restricted Area,Center(C),Less Than 8 ft.,1,17,4,1,1,20251119,POR,CHI,2250026356,2300,0,203924|1630166|1631321|1641739|1642270,0,REG,2026,1630172|1630581,7.0,,,,,PF,Shot Creator,1.691659689578078,,56
Shot Chart Detail,22500263,66,1641739,Toumani Camara,1610612757,Portland Trail Blazers,1,7,22,Missed Shot,Pullup Jump shot,3PT Field Goal,Above the Break 3,Left Side Center(LC),24+ ft.,25,-217,125,1,0,20251119,POR,CHI,2250026366,2780,0,203924|1630166|1631321|1641739|1642270,0,REG,2026,1630581,4.0,PG,Helper,-0.7182221566927236,MISS Camara 25' 3PT Pullup Jump Shot,PF,Stationary Shooter,-1.015757020705636,,66
Shot Chart Detail,22500263,79,1631321,Sidy Cissoko,1610612757,Portland Trail Blazers,1,6,14,Missed Shot,Running Layup Shot,2PT Field Goal,Restricted Area,Center(C),Less Than 8 ft.,2,10,26,1,0,20251119,POR,CHI,2250026379,3460,0,203924|1630166|1631321|1641739|1642270,0,REG,2026,1628989|1630581,3.0,,,,,SF,Stationary Shooter,-1.8600476526981269,,79
Shot Chart Detail,22500263,93,1630166,Deni Avdija,1610612757,Portland Trail Blazers,1,5,46,Made Shot,Running Layup Shot,2PT Field Goal,Restricted Area,Center(C),Less Than 8 ft.,1,18,5,1,1,20251119,POR,CHI,2250026393,3740,0,1630166|1631126|1631200|1641739|1642270,0,REG,2026,1630172|1630581,5.0,,,,,SF,Shot Creator,2.8883126145210047,,93
Shot Chart Detail,22500263,101,1631200,Kris Murray,1610612757,Portland Trail Blazers,1,4,20,Missed Shot,Step Back Jump shot,3PT Field Goal,Above the Break 3,Right Side Center(RC),24+ ft.,25,124,221,1,0,20251119,POR,CHI,22500263101,4600,0,1630166|1631126|1631200|1641739|1642270,0,REG,2026,1630581,6.0,PG,Helper,-0.7182221566927236,MISS Murray 25' 3PT Step Back Jump Shot,SF,Stationary Shooter,-1.351578737579686,,101
Shot Chart Detail,22500263,236,1631321,Sidy Cissoko,1610612757,Portland Trail Blazers,2,9,3,Missed Shot,Driving Layup Shot,2PT Field Goal,Restricted Area,Center(C),Less Than 8 ft.,3,20,31,1,0,20251119,POR,CHI,22500263236,8970,0,203924|1631200|1631321|1631451|1642270,0,REG,2026,1630581,1.0,PG,Helper,-0.7182221566927236,MISS Cissoko 4' Driving Layup,SF,Stationary Shooter,-1.8600476526981269,,236
Shot Chart Detail,22500263,238,1642270,Donovan Clingan,1610612757,Portland Trail Blazers,2,9,1,Made Shot,Putback Layup Shot,2PT Field Goal,Restricted Area,Center(C),Less Than 8 ft.,0,0,0,1,1,20251119,POR,CHI,22500263238,8990,0,203924|1631200|1631321|1631451|1642270,0,REG,2026,1628989|1630581,3.0,,,,,C,Stretch Big,0.7339766619686584,,238
Shot Chart Detail,22500263,256,203924,Jerami Grant,1610612757,Portland Trail Blazers,2,7,52,Made Shot,Driving Layup Shot,2PT Field Goal,Restricted Area,Center(C),Less Than 8 ft.,0,-6,-4,1,1,20251119,POR,CHI,22500263256,9680,0,203924|1631126|1631200|1631321|1642270,1,REG,2026,1641824|1630581,5.0,,,,,PF,Shot Creator,1.691659689578078,1631126.0,256
Shot Chart Detail,22500263,281,1631126,Caleb Love,1610612757,Portland Trail Blazers,2,6,25,Missed Shot,Jump Shot,3PT Field Goal,Right Corner 3,Right Side(R),24+ ft.,24,232,63,1,0,20251119,POR,CHI,22500263281,10550,0,1630166|1631126|1631200|1641739|1642270,0,REG,2026,1630581,0.0,PG,Helper,-0.7182221566927236,MISS Love 24' 3PT Jump Shot,SG,Shot Creator,-0.0855691161742705,,281
Shot Chart Detail,22500263,357,203924,Jerami Grant,1610612757,Portland Trail Blazers,2,2,34,Missed Shot,Driving Layup Shot,2PT Field Goal,Restricted Area,Center(C),Less Than 8 ft.,3,-29,8,1,0,20251119,POR,CHI,22500263357,12860,0,203924|1630166|1631200|1631321|1641739,0,REG,2026,1630581,-9.0,PG,Helper,-0.7182221566927236,MISS Grant 3' Driving Layup,PF,Shot Creator,1.691659689578078,,357
Shot Chart Detail,22500263,363,1641739,Toumani Camara,1610612757,Portland Trail Blazers,2,2,23,Made Shot,Running Dunk Shot,2PT Field Goal,Restricted Area,Center(C),Less Than 8 ft.,0,1,9,1,1,20251119,POR,CHI,22500263363,12970,0,203924|1630166|1631200|1631321|1641739,1,REG,2026,1630581,-7.0,PG,Helper,-0.7182221566927236,Camara 1' Running Dunk (10 PTS) (Grant 2 AST),PF,Stationary Shooter,-1.015757020705636,203924.0,363
Shot Chart Detail,22500263,407,1630166,Deni Avdija,1610612757,Portland Trail Blazers,3,11,30,Made Shot,Turnaround Jump Shot,2PT Field Goal,In The Paint (Non-RA),Center(C),8-16 ft.,10,0,109,1,1,20251119,POR,CHI,22500263407,14700,0,203924|1630166|1631321|1641739|1642270,0,REG,2026,1630581,-5.0,PG,Helper,-0.7182221566927236,Avdija 11' Turnaround Jump Shot (14 PTS),SF,Shot Creator,2.8883126145210047,,407
Shot Chart Detail,22500263,441,203924,Jerami Grant,1610612757,Portland Trail Blazers,3,8,30,Missed Shot,Jump Shot,3PT Field Goal,Above the Break 3,Right Side Center(RC),24+ ft.,25,223,122,1,0,20251119,POR,CHI,22500263441,16500,0,203924|1630166|1631321|1641739|1642270,0,REG,2026,1630581,-6.0,PG,Helper,-0.7182221566927236,MISS Grant 25' 3PT Jump Shot,PF,Shot Creator,1.691659689578078,,441
Shot Chart Detail,22500263,468,1631126,Caleb Love,1610612757,Portland Trail Blazers,3,6,38,Missed Shot,Running Jump Shot,3PT Field Goal,Right Corner 3,Right Side(R),24+ ft.,22,221,44,1,0,20251119,POR,CHI,22500263468,17620,0,1630166|1631126|1631200|1641739|1642270,0,REG,2026,1628989|1630581,-9.0,,,,,SG,Shot Creator,-0.0855691161742705,,468
Shot Chart Detail,22500263,489,1631126,Caleb Love,1610612757,Portland Trail Blazers,3,4,58,Missed Shot,Jump Shot,3PT Field Goal,Above the Break 3,Left Side Center(LC),24+ ft.,27,-170,221,1,0,20251119,POR,CHI,22500263489,18620,0,1630166|1631126|1631200|1641739|1642270,0,REG,2026,1630581,-12.0,PG,Helper,-0.7182221566927236,MISS Love 28' 3PT Jump Shot,SG,Shot Creator,-0.0855691161742705,,489
Shot Chart Detail,22500263,495,1631126,Caleb Love,1610612757,Portland Trail Blazers,3,4,41,Missed Shot,Driving Dunk Shot,2PT Field Goal,Restricted Area,Center(C),Less Than 8 ft.,1,11,5,1,0,20251119,POR,CHI,22500263495,18790,0,1630166|1631126|1631200|1641739|1642270,0,REG,2026,1630581,-12.0,PG,Helper,-0.7182221566927236,MISS Love 1' Driving Dunk,SG,Shot Creator,-0.0855691161742705,,495
Shot Chart Detail,22500263,644,203924,Jerami Grant,1610612757,Portland Trail Blazers,4,9,6,Made Shot,Jump Shot,3PT Field Goal,Right Corner 3,Right Side(R),24+ ft.,22,225,39,1,1,20251119,POR,CHI,22500263644,23340,0,203924|1630166|1631200|1641739|1642270,1,REG,2026,1630581,-18.0,PG,Helper,-0.7182221566927236,Grant 3PT Jump Shot (27 PTS) (Camara 2 AST),PF,Shot Creator,1.691659689578078,1641739.0,644
Shot Chart Detail,22500263,651,1630166,Deni Avdija,1610612757,Portland Trail Blazers,4,8,16,Made Shot,Jump Shot,3PT Field Goal,Above the Break 3,Left Side Center(LC),24+ ft.,27,-120,251,1,1,20251119,POR,CHI,22500263651,23840,0,203924|1630166|1631200|1641739|1642270,1,REG,2026,1630581,-13.0,PG,Helper,-0.7182221566927236,Avdija 28' 3PT Jump Shot (24 PTS) (Grant 3 AST),SF,Shot Creator,2.8883126145210047,203924.0,651
Shot Chart Detail,22500263,679,1631200,Kris Murray,1610612757,Portland Trail Blazers,4,6,23,Made Shot,Cutting Dunk Shot,2PT Field Goal,Restricted Area,Center(C),Less Than 8 ft.,1,0,10,1,1,20251119,POR,CHI,22500263679,24970,0,203924|1630166|1631200|1641739|1642270,1,REG,2026,1630581,-8.0,PG,Helper,-0.7182221566927236,Murray 1' Cutting Dunk Shot (4 PTS) (Clingan 3 AST),SF,Stationary Shooter,-1.351578737579686,1642270.0,679
Shot Chart Detail,22500263,714,1631200,Kris Murray,1610612757,Portland Trail Blazers,4,3,54,Missed Shot,Running Layup Shot,2PT Field Goal,Restricted Area,Center(C),Less Than 8 ft.,3,-29,11,1,0,20251119,POR,CHI,22500263714,26460,0,203924|1630166|1631200|1641739|1642270,0,REG,2026,1630581,-3.0,PG,Helper,-0.7182221566927236,MISS Murray 3' Running Layup,SF,Stationary Shooter,-1.351578737579686,,714
Shot Chart Detail,22500263,724,203924,Jerami Grant,1610612757,Portland Trail Blazers,4,3,31,Missed Shot,Step Back Jump shot,2PT Field Goal,Mid-Range,Right Side Center(RC),16-24 ft.,19,112,159,1,0,20251119,POR,CHI,22500263724,26690,0,203924|1630166|1631200|1641739|1642270,0,REG,2026,1630581,-5.0,PG,Helper,-0.7182221566927236,MISS Grant 19' Step Back Jump Shot,PF,Shot Creator,1.691659689578078,,724
Shot Chart Detail,22500263,733,203924,Jerami Grant,1610612757,Portland Trail Blazers,4,2,22,Missed Shot,Driving Floating Bank Jump Shot,2PT Field Goal,In The Paint (Non-RA),Center(C),Less Than 8 ft.,5,-43,37,1,0,20251119,POR,CHI,22500263733,27380,0,203924|1630166|1631200|1641739|1642270,0,REG,2026,202696|1630581,-5.0,,,,,PF,Shot Creator,1.691659689578078,,733
Shot Chart Detail,22500271,37,1642259,Alex Sarr,1610612764,Washington Wizards,1,9,7,Missed Shot,Driving Layup Shot,2PT Field Goal,In The Paint (Non-RA),Center(C),Less Than 8 ft.,5,32,42,1,0,20251122,CHI,WAS,2250027137,1730,0,203468|1630557|1641731|1642259|1642273,0,REG,2026,1630581|1641824,7.0,,,,,C,Shot Creator,-0.7714462491335926,,37
Shot Chart Detail,22500271,88,1642259,Alex Sarr,1610612764,Washington Wizards,1,5,40,Made Shot,Cutting Dunk Shot,2PT Field Goal,Restricted Area,Center(C),Less Than 8 ft.,1,-1,13,1,1,20251122,CHI,WAS,2250027188,3800,0,203468|1630551|1630557|1641731|1642259,1,REG,2026,1630581|202696,2.0,,,,,C,Shot Creator,-0.7714462491335926,203468.0,88
Shot Chart Detail,22500271,136,1642267,Bub Carrington,1610612764,Washington Wizards,1,2,49,Missed Shot,Fadeaway Jump Shot,2PT Field Goal,Mid-Range,Center(C),16-24 ft.,17,-4,178,1,0,20251122,CHI,WAS,22500271136,5510,0,1630551|1630557|1641715|1641774|1642267,0,REG,2026,1630581,6.0,PG,Helper,-0.7182221566927236,MISS Carrington 18' Fadeaway Jumper,PG,Primary Ball Handler,-2.2969034089530136,,136
Shot Chart Detail,22500271,276,1641715,Cam Whitmore,1610612764,Washington Wizards,2,6,10,Missed Shot,Running Jump Shot,3PT Field Goal,Above the Break 3,Left Side Center(LC),24+ ft.,30,-162,263,1,0,20251122,CHI,WAS,22500271276,10700,0,1630557|1641715|1641774|1642267|1642273,0,REG,2026,1630581,16.0,PG,Helper,-0.7182221566927236,MISS Whitmore 31' 3PT Running Jump Shot,SF,Shot Creator,-0.3653725243560632,,276
Shot Chart Detail,22500271,377,203468,CJ McCollum,1610612764,Washington Wizards,2,0,0,Missed Shot,Driving Floating Jump Shot,2PT Field Goal,In The Paint (Non-RA),Center(C),Less Than 8 ft.,7,72,22,1,0,20251122,CHI,WAS,22500271377,14400,0,203468|1630557|1642259|1642267|1642273,0,REG,2026,1630581,6.0,PG,Helper,-0.7182221566927236,MISS McCollum 8' Driving Floating Jump Shot,PG,Primary Ball Handler,1.0929108709162092,,377
Shot Chart Detail,22500271,404,203468,CJ McCollum,1610612764,Washington Wizards,3,10,9,Made Shot,Driving Floating Jump Shot,2PT Field Goal,In The Paint (Non-RA),Center(C),8-16 ft.,8,15,84,1,1,20251122,CHI,WAS,22500271404,15510,0,203468|1630557|1641731|1642259|1642273,0,REG,2026,1630581,3.0,PG,Helper,-0.7182221566927236,McCollum 9' Driving Floating Jump Shot (10 PTS),PG,Primary Ball Handler,1.0929108709162092,,404
Shot Chart Detail,22500271,437,1642273,Kyshawn George,1610612764,Washington Wizards,3,7,4,Missed Shot,Jump Shot,3PT Field Goal,Left Corner 3,Left Side(L),24+ ft.,23,-232,-33,1,0,20251122,CHI,WAS,22500271437,17360,0,203468|1630557|1641731|1642259|1642273,0,REG,2026,1630581,6.0,PG,Helper,-0.7182221566927236,MISS George 3PT Jump Shot,SF,Primary Ball Handler,-1.1975471899092835,,437
Shot Chart Detail,22500271,451,1641731,Bilal Coulibaly,1610612764,Washington Wizards,3,5,40,Missed Shot,Driving Dunk Shot,2PT Field Goal,Restricted Area,Center(C),Less Than 8 ft.,1,-2,17,1,0,20251122,CHI,WAS,22500271451,18200,0,203468|1630557|1641731|1642259|1642273,0,REG,2026,1630581|1641824,7.0,,,,,SG,Secondary Ball Handler,-2.047549656837861,,451
Shot Chart Detail,22500271,492,1630551,Justin Champagnie,1610612764,Washington Wizards,3,3,41,Made Shot,Putback Layup Shot,2PT Field Goal,Restricted Area,Center(C),Less Than 8 ft.,0,0,0,1,1,20251122,CHI,WAS,22500271492,19390,0,1630551|1630557|1641731|1641774|1642267,0,REG,2026,1630581,10.0,PG,Helper,-0.7182221566927236,Champagnie Putback Layup (2 PTS),SF,Movement Shooter,-0.3161883028266079,,492
Shot Chart Detail,22500271,583,1641715,Cam Whitmore,1610612764,Washington Wizards,4,9,8,Missed Shot,Jump Shot,3PT Field Goal,Above the Break 3,Right Side Center(RC),24+ ft.,25,200,156,1,0,20251122,CHI,WAS,22500271583,23320,0,1630551|1641715|1641774|1642267|1642273,0,REG,2026,1630581,3.0,PG,Helper,-0.7182221566927236,MISS Whitmore 25' 3PT Jump Shot,SF,Shot Creator,-0.3653725243560632,,583
Shot Chart Detail,22500271,601,203468,CJ McCollum,1610612764,Washington Wizards,4,7,48,Made Shot,Driving Floating Bank Jump Shot,2PT Field Goal,In The Paint (Non-RA),Center(C),Less Than 8 ft.,5,48,16,1,1,20251122,CHI,WAS,22500271601,24120,0,203468|1630551|1630557|1641731|1641774,1,REG,2026,1630581|1628975,3.0,,,,,PG,Primary Ball Handler,1.0929108709162092,1630551.0,601
Shot Chart Detail,22500271,611,1630551,Justin Champagnie,1610612764,Washington Wizards,4,7,12,Missed Shot,Putback Layup Shot,2PT Field Goal,Restricted Area,Center(C),Less Than 8 ft.,0,0,0,1,0,20251122,CHI,WAS,22500271611,24480,0,203468|1630551|1630557|1641731|1641774,0,REG,2026,1630581|1628989,3.0,,,,,SF,Movement Shooter,-0.3161883028266079,,611
Shot Chart Detail,22500271,676,1642273,Kyshawn George,1610612764,Washington Wizards,4,3,22,Made Shot,Driving Layup Shot,2PT Field Goal,Restricted Area,Center(C),Less Than 8 ft.,0,7,3,1,1,20251122,CHI,WAS,22500271676,26780,0,203468|1630557|1641731|1642259|1642273,0,REG,2026,1630581,-2.0,PG,Helper,-0.7182221566927236,George 1' Driving Layup (14 PTS),SF,Primary Ball Handler,-1.1975471899092835,,676
Shot Chart Detail,22500271,680,203468,CJ McCollum,1610612764,Washington Wizards,4,2,41,Missed Shot,Driving Layup Shot,2PT Field Goal,Restricted Area,Center(C),Less Than 8 ft.,2,-23,5,1,0,20251122,CHI,WAS,22500271680,27190,0,203468|1630557|1641731|1642259|1642273,0,REG,2026,1630581|1629632,-5.0,,,,,PG,Primary Ball Handler,1.0929108709162092,,680
Shot Chart Detail,22500271,686,203468,CJ McCollum,1610612764,Washington Wizards,4,2,16,Made Shot,Jump Shot,3PT Field Goal,Above the Break 3,Left Side Center(LC),24+ ft.,25,-130,214,1,1,20251122,CHI,WAS,22500271686,27440,0,203468|1630557|1641731|1642259|1642273,1,REG,2026,1630581,-2.0,PG,Helper,-0.7182221566927236,McCollum 25' 3PT Jump Shot (18 PTS) (George 7 AST),PG,Primary Ball Handler,1.0929108709162092,1642273.0,686
Shot Chart Detail,22500271,697,1642259,Alex Sarr,1610612764,Washington Wizards,4,1,3,Missed Shot,Driving Layup Shot,2PT Field Goal,Restricted Area,Center(C),Less Than 8 ft.,1,-5,11,1,0,20251122,CHI,WAS,22500271697,28170,0,203468|1630557|1641731|1642259|1642273,0,REG,2026,1630581,1.0,PG,Helper,-0.7182221566927236,MISS Sarr 1' Driving Layup,C,Shot Creator,-0.7714462491335926,,697
Shot Chart Detail,22500289,39,1642852,Derik Queen,1610612740,New Orleans Pelicans,1,8,35,Missed Shot,Pullup Jump shot,2PT Field Goal,In The Paint (Non-RA),Center(C),8-16 ft.,11,7,113,1,0,20251124,NOP,CHI,2250028939,2050,0,1629627|1630180|1630530|1642847|1642852,0,REG,2026,1630581,1.0,PG,Helper,-0.7182221566927236,MISS Queen 11' Pullup Jump Shot,C,Shot Creator,-0.4415513322803213,,39
Shot Chart Detail,22500289,46,1642852,Derik Queen,1610612740,New Orleans Pelicans,1,8,8,Missed Shot,Driving Layup Shot,2PT Field Goal,In The Paint (Non-RA),Center(C),Less Than 8 ft.,5,-2,52,1,0,20251124,NOP,CHI,2250028946,2320,0,1629627|1630180|1630530|1642847|1642852,0,REG,2026,1630581,-1.0,PG,Helper,-0.7182221566927236,MISS Queen 5' Driving Layup,C,Shot Creator,-0.4415513322803213,,46
Shot Chart Detail,22500289,60,1630180,Saddiq Bey,1610612740,New Orleans Pelicans,1,7,36,Missed Shot,Turnaround Fadeaway shot,2PT Field Goal,In The Paint (Non-RA),Right Side(R),8-16 ft.,11,75,92,1,0,20251124,NOP,CHI,2250028960,2640,0,1630180|1630530|1630631|1642852|1642877,0,REG,2026,1630581,0.0,PG,Helper,-0.7182221566927236,MISS Bey 12' Turnaround Fadeaway Shot,SF,Shot Creator,1.7697795065006423,,60
Shot Chart Detail,22500289,68,1630180,Saddiq Bey,1610612740,New Orleans Pelicans,1,7,9,Made Shot,Jump Shot,3PT Field Goal,Above the Break 3,Left Side Center(LC),24+ ft.,26,-216,147,1,1,20251124,NOP,CHI,2250028968,2910,0,1630180|1630530|1630631|1642852|1642877,1,REG,2026,1630581,0.0,PG,Helper,-0.7182221566927236,Bey 26' 3PT Jump Shot (3 PTS) (Alvarado 2 AST),SF,Shot Creator,1.7697795065006423,1630631.0,68
Shot Chart Detail,22500289,162,1642877,Micah Peavy,1610612740,New Orleans Pelicans,1,1,7,Missed Shot,Running Layup Shot,2PT Field Goal,Restricted Area,Center(C),Less Than 8 ft.,2,-22,4,1,0,20251124,NOP,CHI,22500289162,6530,0,1629627|1630631|1631121|1642274|1642877,0,REG,2026,1630581,5.0,PG,Helper,-0.7182221566927236,MISS Peavy 2' Running Layup,SG,Movement Shooter,-0.738869468068941,,162
Shot Chart Detail,22500289,186,1630530,Trey Murphy III,1610612740,New Orleans Pelicans,2,11,20,Missed Shot,Driving Floating Jump Shot,2PT Field Goal,In The Paint (Non-RA),Center(C),Less Than 8 ft.,4,-45,8,1,0,20251124,NOP,CHI,22500289186,7600,0,1629627|1630180|1630530|1630631|1642274,0,REG,2026,1630245|1630581,7.0,,,,,SF,Secondary Ball Handler,1.8143304778249965,,186
Shot Chart Detail,22500289,194,1630631,Jose Alvarado,1610612740,New Orleans Pelicans,2,10,31,Missed Shot,Driving Layup Shot,2PT Field Goal,Restricted Area,Center(C),Less Than 8 ft.,2,22,0,1,0,20251124,NOP,CHI,22500289194,8090,0,1629627|1630180|1630530|1630631|1642274,0,REG,2026,1630581,5.0,PG,Helper,-0.7182221566927236,MISS Alvarado 2' Driving Layup,PG,Primary Ball Handler,-0.4051117234409035,,194
Shot Chart Detail,22500289,196,1642274,Yves Missi,1610612740,New Orleans Pelicans,2,10,27,Missed Shot,Tip Layup Shot,2PT Field Goal,Restricted Area,Center(C),Less Than 8 ft.,0,0,0,1,0,20251124,NOP,CHI,22500289196,8130,0,1629627|1630180|1630530|1630631|1642274,0,REG,2026,1641824|1630581,5.0,,,,,C,Athletic Finisher,-0.2839421863908014,,196
Shot Chart Detail,22500289,249,1631121,Bryce McGowens,1610612740,New Orleans Pelicans,2,7,10,Made Shot,Driving Layup Shot,2PT Field Goal,Restricted Area,Center(C),Less Than 8 ft.,1,0,11,1,1,20251124,NOP,CHI,22500289249,10100,0,1630530|1630631|1631121|1642852|1642877,0,REG,2026,1630581,20.0,PG,Helper,-0.7182221566927236,McGowens 1' Driving Layup (6 PTS),SG,Stationary Shooter,-0.4191200311770595,,249
Shot Chart Detail,22500289,356,1630530,Trey Murphy III,1610612740,New Orleans Pelicans,2,1,3,Missed Shot,Step Back Jump shot,3PT Field Goal,Left Corner 3,Left Side(L),24+ ft.,23,-233,-2,1,0,20251124,NOP,CHI,22500289356,13770,0,1629627|1630180|1630530|1630631|1642274,0,REG,2026,1630581,12.0,PG,Helper,-0.7182221566927236,MISS Murphy III 3PT Step Back Jump Shot,SF,Secondary Ball Handler,1.8143304778249965,,356
Shot Chart Detail,22500289,388,1630180,Saddiq Bey,1610612740,New Orleans Pelicans,3,11,8,Missed Shot,Driving Layup Shot,2PT Field Goal,Restricted Area,Center(C),Less Than 8 ft.,1,-15,6,1,0,20251124,NOP,CHI,22500289388,14920,0,1629627|1630180|1630530|1630631|1642274,0,REG,2026,1629632|1630581,13.0,,,,,SF,Shot Creator,1.7697795065006423,,388
Shot Chart Detail,22500289,390,1630180,Saddiq Bey,1610612740,New Orleans Pelicans,3,10,57,Made Shot,Putback Layup Shot,2PT Field Goal,Restricted Area,Center(C),Less Than 8 ft.,0,0,0,1,1,20251124,NOP,CHI,22500289390,15030,0,1629627|1630180|1630530|1630631|1642274,0,REG,2026,1630581,15.0,PG,Helper,-0.7182221566927236,Bey Putback Layup (6 PTS),SF,Shot Creator,1.7697795065006423,,390
Shot Chart Detail,22500289,408,1630631,Jose Alvarado,1610612740,New Orleans Pelicans,3,8,54,Missed Shot,Jump Shot,3PT Field Goal,Left Corner 3,Left Side(L),24+ ft.,22,-223,-8,1,0,20251124,NOP,CHI,22500289408,16260,0,1629627|1630180|1630530|1630631|1642274,0,REG,2026,1630581,12.0,PG,Helper,-0.7182221566927236,MISS Alvarado 3PT Jump Shot,PG,Primary Ball Handler,-0.4051117234409035,,408
Shot Chart Detail,22500289,643,1630180,Saddiq Bey,1610612740,New Orleans Pelicans,4,7,12,Made Shot,Turnaround Jump Shot,2PT Field Goal,In The Paint (Non-RA),Center(C),8-16 ft.,10,-37,100,1,1,20251124,NOP,CHI,22500289643,24480,0,1630180|1630530|1630631|1642274|1642877,0,REG,2026,1630581,14.0,PG,Helper,-0.7182221566927236,Bey 11' Turnaround Jump Shot (12 PTS),SF,Shot Creator,1.7697795065006423,,643
Shot Chart Detail,22500289,662,1630530,Trey Murphy III,1610612740,New Orleans Pelicans,4,5,36,Missed Shot,Jump Shot,3PT Field Goal,Above the Break 3,Center(C),24+ ft.,26,31,264,1,0,20251124,NOP,CHI,22500289662,25440,0,1630530|1630631|1631121|1642274|1642877,0,REG,2026,1630581,16.0,PG,Helper,-0.7182221566927236,MISS Murphy III 27' 3PT Jump Shot,SF,Secondary Ball Handler,1.8143304778249965,,662
Shot Chart Detail,22500289,667,1642274,Yves Missi,1610612740,New Orleans Pelicans,4,5,15,Made Shot,Dunk Shot,2PT Field Goal,Restricted Area,Center(C),Less Than 8 ft.,0,-2,8,1,1,20251124,NOP,CHI,22500289667,25650,0,1630530|1630631|1631121|1642274|1642877,1,REG,2026,1641824|1630581,18.0,,,,,C,Athletic Finisher,-0.2839421863908014,1631121.0,667
Shot Chart Detail,22500295,46,1629614,Andrew Nembhard,1610612754,Indiana Pacers,1,7,15,Made Shot,Pullup Jump shot,2PT Field Goal,Mid-Range,Left Side(L),16-24 ft.,17,-174,-1,1,1,20251129,IND,CHI,2250029546,2850,0,1627783|1629614|1630643|1631097|1641767,0,REG,2026,1630581,7.0,PG,Helper,-0.7182221566927236,Nembhard 17' Pullup Jump Shot (2 PTS),PG,Primary Ball Handler,0.633201327586231,,46
Shot Chart Detail,22500295,49,1627783,Pascal Siakam,1610612754,Indiana Pacers,1,6,54,Missed Shot,Driving Floating Jump Shot,2PT Field Goal,In The Paint (Non-RA),Center(C),8-16 ft.,9,42,87,1,0,20251129,IND,CHI,2250029549,3060,0,1627783|1629614|1630643|1631097|1641767,0,REG,2026,1630581|1641824,7.0,,,,,PF,Shot Creator,1.6971123662760468,,49
Shot Chart Detail,22500295,55,1630643,Jay Huff,1610612754,Indiana Pacers,1,6,34,Missed Shot,Jump Shot,3PT Field Goal,Left Corner 3,Left Side(L),24+ ft.,23,-234,-16,1,0,20251129,IND,CHI,2250029555,3260,0,1627783|1629614|1630643|1631097|1641767,0,REG,2026,1630581,7.0,PG,Helper,-0.7182221566927236,MISS Huff 3PT Jump Shot,C,Stretch Big,-1.315338749822216,,55
Shot Chart Detail,22500295,81,1629614,Andrew Nembhard,1610612754,Indiana Pacers,1,5,16,Missed Shot,Jump Shot,3PT Field Goal,Above the Break 3,Center(C),24+ ft.,28,-58,274,1,0,20251129,IND,CHI,2250029581,4040,0,1629614|1630526|1630543|1631097|1641716,0,REG,2026,1630581,4.0,PG,Helper,-0.7182221566927236,MISS Nembhard 28' 3PT Jump Shot,PG,Primary Ball Handler,0.633201327586231,,81
Shot Chart Detail,22500295,210,1630643,Jay Huff,1610612754,Indiana Pacers,2,7,32,Missed Shot,Jump Shot,3PT Field Goal,Above the Break 3,Center(C),24+ ft.,26,69,260,1,0,20251129,IND,CHI,22500295210,9880,0,1629614|1630526|1630643|1641716|1641767,0,REG,2026,1630581,4.0,PG,Helper,-0.7182221566927236,MISS Huff 27' 3PT Jump Shot,C,Stretch Big,-1.315338749822216,,210
Shot Chart Detail,22500295,217,1631097,Bennedict Mathurin,1610612754,Indiana Pacers,2,6,59,Missed Shot,Pullup Jump shot,2PT Field Goal,Mid-Range,Center(C),16-24 ft.,16,48,163,1,0,20251129,IND,CHI,22500295217,10210,0,1629614|1630526|1630643|1631097|1641767,0,REG,2026,1630581|1630200,1.0,,,,,SF,Secondary Ball Handler,-1.471461468563806,,217
Shot Chart Detail,22500295,239,1627783,Pascal Siakam,1610612754,Indiana Pacers,2,5,1,Made Shot,Driving Layup Shot,2PT Field Goal,Restricted Area,Center(C),Less Than 8 ft.,3,22,26,1,1,20251129,IND,CHI,22500295239,11390,0,1627783|1629614|1630643|1631097|1641767,1,REG,2026,1630581|1630200,4.0,,,,,PF,Shot Creator,1.6971123662760468,1629614.0,239
Shot Chart Detail,22500295,306,204456,T.J. McConnell,1610612754,Indiana Pacers,2,0,35,Missed Shot,Fadeaway Jump Shot,2PT Field Goal,In The Paint (Non-RA),Right Side(R),8-16 ft.,9,77,47,1,0,20251129,IND,CHI,22500295306,14050,0,204456|1627783|1629614|1630543|1631097,0,REG,2026,1630581|1641824,6.0,,,,,PG,Slasher,-0.0039441603396629,,306
Shot Chart Detail,22500295,318,1627783,Pascal Siakam,1610612754,Indiana Pacers,2,0,3,Missed Shot,Turnaround Bank shot,2PT Field Goal,In The Paint (Non-RA),Center(C),Less Than 8 ft.,6,61,19,1,0,20251129,IND,CHI,22500295318,14370,0,204456|1627783|1629614|1630543|1631097,0,REG,2026,1630581|1630172,7.0,,,,,PF,Shot Creator,1.6971123662760468,,318
Shot Chart Detail,22500295,389,1629614,Andrew Nembhard,1610612754,Indiana Pacers,3,6,19,Made Shot,Driving Layup Shot,2PT Field Goal,Restricted Area,Center(C),Less Than 8 ft.,3,33,20,1,1,20251129,IND,CHI,22500295389,17810,0,1627783|1629614|1630543|1631097|1641767,0,REG,2026,1630581,4.0,PG,Helper,-0.7182221566927236,Nembhard 4' Driving Layup (10 PTS),PG,Primary Ball Handler,0.633201327586231,,389
Shot Chart Detail,22500295,402,1629614,Andrew Nembhard,1610612754,Indiana Pacers,3,5,15,Missed Shot,Pullup Jump shot,3PT Field Goal,Above the Break 3,Right Side Center(RC),24+ ft.,25,112,228,1,0,20251129,IND,CHI,22500295402,18450,0,1629614|1630526|1630543|1631097|1641767,0,REG,2026,1630581,5.0,PG,Helper,-0.7182221566927236,MISS Nembhard 25' 3PT Pullup Jump Shot,PG,Primary Ball Handler,0.633201327586231,,402
Shot Chart Detail,22500295,494,1641716,Jarace Walker,1610612754,Indiana Pacers,4,11,18,Missed Shot,Jump Shot,3PT Field Goal,Right Corner 3,Right Side(R),24+ ft.,23,233,10,1,0,20251129,IND,CHI,22500295494,22020,0,204456|1627783|1630643|1631097|1641716,0,REG,2026,1630581,6.0,PG,Helper,-0.7182221566927236,MISS Walker 3PT Jump Shot,PF,Movement Shooter,-1.7635182710807786,,494
Shot Chart Detail,22500295,520,1641716,Jarace Walker,1610612754,Indiana Pacers,4,9,48,Missed Shot,Driving Layup Shot,2PT Field Goal,In The Paint (Non-RA),Center(C),Less Than 8 ft.,5,-47,34,1,0,20251129,IND,CHI,22500295520,22920,0,204456|1627783|1629726|1630643|1641716,0,REG,2026,1630581,2.0,PG,Helper,-0.7182221566927236,MISS Walker 6' Driving Layup,PF,Movement Shooter,-1.7635182710807786,,520
Shot Chart Detail,22500295,536,1627783,Pascal Siakam,1610612754,Indiana Pacers,4,8,27,Missed Shot,Turnaround Hook Shot,2PT Field Goal,In The Paint (Non-RA),Center(C),Less Than 8 ft.,7,-56,55,1,0,20251129,IND,CHI,22500295536,23730,0,204456|1627783|1629726|1630543|1641716,0,REG,2026,1630581,2.0,PG,Helper,-0.7182221566927236,MISS Siakam 8' Turnaround Hook Shot,PF,Shot Creator,1.6971123662760468,,536
Shot Chart Detail,22500295,632,1627783,Pascal Siakam,1610612754,Indiana Pacers,4,1,10,Made Shot,Turnaround Jump Shot,2PT Field Goal,Restricted Area,Center(C),Less Than 8 ft.,3,2,34,1,1,20251129,IND,CHI,22500295632,28100,0,204456|1627783|1629614|1630643|1631097,0,REG,2026,1630581,1.0,PG,Helper,-0.7182221566927236,Siakam 3' Turnaround Jump Shot (22 PTS),PF,Shot Creator,1.6971123662760468,,632
Shot Chart Detail,22500314,45,1630591,Jalen Suggs,1610612753,Orlando Magic,1,8,5,Missed Shot,Running Pull-Up Jump Shot,2PT Field Goal,Mid-Range,Right Side Center(RC),16-24 ft.,17,89,152,1,0,20251201,ORL,CHI,2250031445,2350,0,1630591,0,REG,2026,1630581|1628989,-3.0,,,,,PG,Primary Ball Handler,1.0826198229546689,,45
Shot Chart Detail,22500314,48,1630591,Jalen Suggs,1610612753,Orlando Magic,1,7,43,Missed Shot,Driving Floating Jump Shot,2PT Field Goal,Mid-Range,Center(C),8-16 ft.,15,-59,142,1,0,20251201,ORL,CHI,2250031448,2570,0,1630591,0,REG,2026,1630581|1641824,-5.0,,,,,PG,Primary Ball Handler,1.0826198229546689,,48
Shot Chart Detail,22500314,55,1630532,Franz Wagner,1610612753,Orlando Magic,1,7,2,Made Shot,Running Finger Roll Layup Shot,2PT Field Goal,Restricted Area,Center(C),Less Than 8 ft.,3,7,34,1,1,20251201,ORL,CHI,2250031455,2980,0,1630532,0,REG,2026,1630581,-3.0,PG,Helper,-0.7182221566927236,Wagner 3' Running Finger Roll Layup (6 PTS),SF,Shot Creator,1.99193317232869,,55
Shot Chart Detail,22500314,80,1630532,Franz Wagner,1610612753,Orlando Magic,1,5,19,Missed Shot,Cutting Layup Shot,2PT Field Goal,Restricted Area,Center(C),Less Than 8 ft.,3,17,33,1,0,20251201,ORL,CHI,2250031480,4010,0,1630532,0,REG,2026,1630581|1630200,-5.0,,,,,SF,Shot Creator,1.99193317232869,,80
Shot Chart Detail,22500314,204,1630217,Desmond Bane,1610612753,Orlando Magic,2,9,1,Made Shot,Putback Layup Shot,2PT Field Goal,Restricted Area,Center(C),Less Than 8 ft.,3,11,32,1,1,20251201,ORL,CHI,22500314204,8990,0,1630217,0,REG,2026,1630581,6.0,PG,Helper,-0.7182221566927236,Bane 3' Putback Layup (8 PTS),SG,Primary Ball Handler,0.7031571809019699,,204
Shot Chart Detail,22500314,490,1641710,Anthony Black,1610612753,Orlando Magic,3,3,10,Made Shot,Running Pull-Up Jump Shot,3PT Field Goal,Above the Break 3,Left Side Center(LC),24+ ft.,24,-121,218,1,1,20251201,ORL,CHI,22500314490,19700,0,1641710,0,REG,2026,1630581|1642950,-7.0,,,,,PG,Primary Ball Handler,0.4754484077457941,,490
Shot Chart Detail,22500314,571,1642869,Noah Penda,1610612753,Orlando Magic,4,10,33,Made Shot,Jump Shot,3PT Field Goal,Above the Break 3,Right Side Center(RC),24+ ft.,26,179,194,1,1,20251201,ORL,CHI,22500314571,22470,0,1642869,1,REG,2026,1630581,1.0,PG,Helper,-0.7182221566927236,Penda 26' 3PT Jump Shot (5 PTS) (Jones 5 AST),SF,Movement Shooter,-0.0908196633765656,1626145.0,571
Shot Chart Detail,22500314,583,1630217,Desmond Bane,1610612753,Orlando Magic,4,9,30,Made Shot,Jump Shot,3PT Field Goal,Above the Break 3,Right Side Center(RC),24+ ft.,27,162,224,1,1,20251201,ORL,CHI,22500314583,23100,0,1630217,1,REG,2026,1630581,0.0,PG,Helper,-0.7182221566927236,Bane 28' 3PT Jump Shot (22 PTS) (Bitadze 3 AST),SG,Primary Ball Handler,0.7031571809019699,1629048.0,583
Shot Chart Detail,22500314,627,1642869,Noah Penda,1610612753,Orlando Magic,4,6,13,Missed Shot,Driving Floating Jump Shot,2PT Field Goal,In The Paint (Non-RA),Center(C),Less Than 8 ft.,4,38,30,1,0,20251201,ORL,CHI,22500314627,25070,0,1642869,0,REG,2026,1630581,-5.0,PG,Helper,-0.7182221566927236,MISS Penda 5' Driving Floating Jump Shot,SF,Movement Shooter,-0.0908196633765656,,627
Shot Chart Detail,22500314,700,1630217,Desmond Bane,1610612753,Orlando Magic,4,1,32,Made Shot,Driving Layup Shot,2PT Field Goal,Restricted Area,Center(C),Less Than 8 ft.,1,-9,15,1,1,20251201,ORL,CHI,22500314700,27880,0,1630217,1,REG,2026,1630581|1641824,6.0,,,,,SG,Primary Ball Handler,0.7031571809019699,1641710.0,700
Shot Chart Detail,22500329,30,1642856,Egor Dëmin,1610612751,Brooklyn Nets,1,9,32,Missed Shot,Running Layup Shot,2PT Field Goal,Restricted Area,Center(C),Less Than 8 ft.,2,-16,22,1,0,20251203,CHI,BKN,2250032930,1480,0,1629008|1629651|1631213|1641730|1642856,0,REG,2026,1630581|1641824,0.0,,,,,PG,Primary Ball Handler,-1.1355755447020897,,30
Shot Chart Detail,22500329,58,1629651,Nic Claxton,1610612751,Brooklyn Nets,1,7,42,Made Shot,Alley Oop Layup shot,2PT Field Goal,Restricted Area,Center(C),Less Than 8 ft.,2,-15,16,1,1,20251203,CHI,BKN,2250032958,2580,0,1629008|1629651|1631213|1641730|1642856,1,REG,2026,202696|1630581,-2.0,,,,,C,Roll + Cut Big,-0.5540125288024514,1629008.0,58
Shot Chart Detail,22500329,132,1629008,Michael Porter Jr.,1610612751,Brooklyn Nets,1,3,24,Missed Shot,Step Back Jump shot,3PT Field Goal,Above the Break 3,Left Side Center(LC),24+ ft.,26,-135,225,1,0,20251203,CHI,BKN,22500329132,5160,0,1629008|1630533|1630549|1642874|1642879,0,REG,2026,1630581,0.0,PG,Helper,-0.7182221566927236,MISS Porter Jr. 26' 3PT Step Back Jump Shot,SF,Off Screen Shooter,1.7984862370984571,,132
Shot Chart Detail,22500329,143,1630533,Ziaire Williams,1610612751,Brooklyn Nets,1,2,46,Made Shot,Jump Shot,3PT Field Goal,Above the Break 3,Center(C),24+ ft.,28,-45,280,1,1,20251203,CHI,BKN,22500329143,5540,0,1630533|1630549|1642874|1642879|1642962,1,REG,2026,1630581,1.0,PG,Helper,-0.7182221566927236,Williams 28' 3PT Jump Shot (3 PTS) (Wolf 1 AST),SF,Movement Shooter,-2.163010684078212,1642874.0,143
Shot Chart Detail,22500329,229,1630533,Ziaire Williams,1610612751,Brooklyn Nets,2,8,38,Missed Shot,Jump Shot,3PT Field Goal,Above the Break 3,Left Side Center(LC),24+ ft.,27,-150,236,1,0,20251203,CHI,BKN,22500329229,9220,0,1629651|1630533|1642874|1642879|1642962,0,REG,2026,1630581,13.0,PG,Helper,-0.7182221566927236,MISS Williams 28' 3PT Jump Shot,SF,Movement Shooter,-2.163010684078212,,229
Shot Chart Detail,22500329,235,1642962,Drake Powell,1610612751,Brooklyn Nets,2,7,50,Missed Shot,Step Back Jump shot,2PT Field Goal,Mid-Range,Left Side(L),16-24 ft.,18,-154,109,1,0,20251203,CHI,BKN,22500329235,9700,0,1629651|1630533|1642874|1642879|1642962,0,REG,2026,1630581|1641763,11.0,,,,,SG,Secondary Ball Handler,-3.043695058440388,,235
Shot Chart Detail,22500329,263,1629008,Michael Porter Jr.,1610612751,Brooklyn Nets,2,6,16,Missed Shot,Jump Shot,3PT Field Goal,Above the Break 3,Center(C),24+ ft.,26,40,264,1,0,20251203,CHI,BKN,22500329263,10640,0,1629008|1629651|1631213|1641730|1642856,0,REG,2026,1630581,9.0,PG,Helper,-0.7182221566927236,MISS Porter Jr. 27' 3PT Jump Shot,SF,Off Screen Shooter,1.7984862370984571,,263
Shot Chart Detail,22500329,338,1642856,Egor Dëmin,1610612751,Brooklyn Nets,2,1,0,Made Shot,Pullup Jump shot,3PT Field Goal,Above the Break 3,Left Side Center(LC),24+ ft.,28,-148,247,1,1,20251203,CHI,BKN,22500329338,13800,0,1630533|1630549|1631213|1642856|1642874,0,REG,2026,1630581,13.0,PG,Helper,-0.7182221566927236,Demin 29' 3PT Pullup Jump Shot (7 PTS),PG,Primary Ball Handler,-1.1355755447020897,,338
Shot Chart Detail,22500329,383,1641730,Noah Clowney,1610612751,Brooklyn Nets,3,10,4,Made Shot,Jump Shot,3PT Field Goal,Left Corner 3,Left Side(L),24+ ft.,22,-225,0,1,1,20251203,CHI,BKN,22500329383,15560,0,1629008|1629651|1631213|1641730|1642856,1,REG,2026,1630581,8.0,PG,Helper,-0.7182221566927236,Clowney 3PT Jump Shot (5 PTS) (Demin 2 AST),PF,Movement Shooter,-2.139224234052707,1642856.0,383
Shot Chart Detail,22500329,391,1631213,Tyrese Martin,1610612751,Brooklyn Nets,3,9,15,Made Shot,Running Layup Shot,2PT Field Goal,Restricted Area,Center(C),Less Than 8 ft.,0,-9,-4,1,1,20251203,CHI,BKN,22500329391,16050,0,1629008|1629651|1631213|1641730|1642856,1,REG,2026,1630581,13.0,PG,Helper,-0.7182221566927236,Martin 1' Running Layup (4 PTS) (Porter Jr. 3 AST),SG,Secondary Ball Handler,-0.2756545470521356,1629008.0,391
Shot Chart Detail,22500329,400,1641730,Noah Clowney,1610612751,Brooklyn Nets,3,8,27,Made Shot,Jump Shot,3PT Field Goal,Left Corner 3,Left Side(L),24+ ft.,22,-229,-13,1,1,20251203,CHI,BKN,22500329400,16530,0,1629008|1629651|1631213|1641730|1642856,1,REG,2026,1630581,14.0,PG,Helper,-0.7182221566927236,Clowney 3PT Jump Shot (11 PTS) (Martin 1 AST),PF,Movement Shooter,-2.139224234052707,1631213.0,400
Shot Chart Detail,22500329,407,1642856,Egor Dëmin,1610612751,Brooklyn Nets,3,7,43,Missed Shot,Jump Shot,3PT Field Goal,Left Corner 3,Left Side(L),24+ ft.,22,-229,-21,1,0,20251203,CHI,BKN,22500329407,16970,0,1629008|1629651|1631213|1641730|1642856,0,REG,2026,1630581,17.0,PG,Helper,-0.7182221566927236,MISS Demin 3PT Jump Shot,PG,Primary Ball Handler,-1.1355755447020897,,407
Shot Chart Detail,22500329,431,1641730,Noah Clowney,1610612751,Brooklyn Nets,3,5,50,Missed Shot,Jump Shot,3PT Field Goal,Above the Break 3,Right Side Center(RC),24+ ft.,26,115,234,1,0,20251203,CHI,BKN,22500329431,18100,0,1629008|1629651|1631213|1641730|1642856,0,REG,2026,1630581,11.0,PG,Helper,-0.7182221566927236,MISS Clowney 26' 3PT Jump Shot,PF,Movement Shooter,-2.139224234052707,,431
Shot Chart Detail,22500329,451,1641730,Noah Clowney,1610612751,Brooklyn Nets,3,4,29,Missed Shot,Driving Finger Roll Layup Shot,2PT Field Goal,In The Paint (Non-RA),Center(C),Less Than 8 ft.,4,6,40,1,0,20251203,CHI,BKN,22500329451,18910,0,1629008|1629651|1641730|1642879|1642962,0,REG,2026,1630581,9.0,PG,Helper,-0.7182221566927236,MISS Clowney 4' Driving Finger Roll Layup,PF,Movement Shooter,-2.139224234052707,,451
Shot Chart Detail,22500329,573,1642874,Danny Wolf,1610612751,Brooklyn Nets,4,9,32,Missed Shot,Jump Shot,3PT Field Goal,Above the Break 3,Left Side Center(LC),24+ ft.,25,-167,197,1,0,20251203,CHI,BKN,22500329573,23080,0,1629008|1629651|1630533|1641730|1642874,0,REG,2026,1630581,13.0,PG,Helper,-0.7182221566927236,MISS Wolf 26' 3PT Jump Shot,PF,Movement Shooter,-1.6596423065250172,,573
Shot Chart Detail,22500329,603,1641730,Noah Clowney,1610612751,Brooklyn Nets,4,7,15,Made Shot,Jump Shot,3PT Field Goal,Left Corner 3,Left Side(L),24+ ft.,22,-228,-7,1,1,20251203,CHI,BKN,22500329603,24450,0,1630533|1630549|1641730|1642856|1642874,1,REG,2026,1630581,15.0,PG,Helper,-0.7182221566927236,Clowney 3PT Jump Shot (20 PTS) (Wolf 3 AST),PF,Movement Shooter,-2.139224234052707,1642874.0,603
Shot Chart Detail,22500329,619,1642874,Danny Wolf,1610612751,Brooklyn Nets,4,5,54,Made Shot,Jump Shot,3PT Field Goal,Above the Break 3,Right Side Center(RC),24+ ft.,25,173,188,1,1,20251203,CHI,BKN,22500329619,25260,0,1630533|1630549|1641730|1642856|1642874,1,REG,2026,1631207|1630581,14.0,,,,,PF,Movement Shooter,-1.6596423065250172,1642856.0,619
Shot Chart Detail,22500329,630,1630533,Ziaire Williams,1610612751,Brooklyn Nets,4,5,31,Made Shot,Pullup Jump shot,3PT Field Goal,Above the Break 3,Left Side Center(LC),24+ ft.,24,-151,192,1,1,20251203,CHI,BKN,22500329630,25490,0,1629008|1629651|1630533|1642856|1642874,1,REG,2026,1630581,17.0,PG,Helper,-0.7182221566927236,Williams 24' 3PT Pullup Jump Shot (6 PTS) (Claxton 8 AST),SF,Movement Shooter,-2.163010684078212,1629651.0,630
Shot Chart Detail,22500345,18,1630643,Jay Huff,1610612754,Indiana Pacers,1,10,33,Made Shot,Driving Finger Roll Layup Shot,2PT Field Goal,Restricted Area,Center(C),Less Than 8 ft.,0,2,0,1,1,20251205,CHI,IND,2250034518,870,0,1627783|1629614|1629726|1630643|1631097,1,REG,2026,1630581|1641824,-1.0,,,,,C,Stretch Big,-1.315338749822216,1629614.0,18
Shot Chart Detail,22500345,41,1641716,Jarace Walker,1610612754,Indiana Pacers,1,9,5,Missed Shot,Jump Shot,3PT Field Goal,Right Corner 3,Right Side(R),24+ ft.,23,235,38,1,0,20251205,CHI,IND,2250034541,1750,0,1629614|1629726|1630643|1631097|1641716,0,REG,2026,1630581,-2.0,PG,Helper,-0.7182221566927236,MISS Walker 24' 3PT Jump Shot,PF,Movement Shooter,-1.7635182710807786,,41
Shot Chart Detail,22500345,54,1629614,Andrew Nembhard,1610612754,Indiana Pacers,1,8,15,Missed Shot,Pullup Jump shot,3PT Field Goal,Above the Break 3,Right Side Center(RC),24+ ft.,26,127,235,1,0,20251205,CHI,IND,2250034554,2250,0,1629614|1629726|1630643|1631097|1641716,0,REG,2026,1630581,-5.0,PG,Helper,-0.7182221566927236,MISS Nembhard 27' 3PT Pullup Jump Shot,PG,Primary Ball Handler,0.633201327586231,,54
Shot Chart Detail,22500345,61,1629614,Andrew Nembhard,1610612754,Indiana Pacers,1,8,1,Made Shot,Running Dunk Shot,2PT Field Goal,Restricted Area,Center(C),Less Than 8 ft.,0,-4,0,1,1,20251205,CHI,IND,2250034561,2390,0,1629614|1629726|1630643|1631097|1641716,0,REG,2026,1630581,-3.0,PG,Helper,-0.7182221566927236,Nembhard Running Dunk (5 PTS),PG,Primary Ball Handler,0.633201327586231,,61
Shot Chart Detail,22500345,75,1631097,Bennedict Mathurin,1610612754,Indiana Pacers,1,6,44,Missed Shot,Running Pull-Up Jump Shot,3PT Field Goal,Above the Break 3,Center(C),24+ ft.,25,20,252,1,0,20251205,CHI,IND,2250034575,3160,0,1629614|1629726|1630643|1631097|1641716,0,REG,2026,1630581,-3.0,PG,Helper,-0.7182221566927236,MISS Mathurin 25' 3PT Running Pull-Up Jump Shot,SF,Secondary Ball Handler,-1.471461468563806,,75
Shot Chart Detail,22500345,98,1641716,Jarace Walker,1610612754,Indiana Pacers,1,5,45,Made Shot,Jump Shot,3PT Field Goal,Right Corner 3,Right Side(R),24+ ft.,24,230,82,1,1,20251205,CHI,IND,2250034598,3750,0,1629614|1630543|1630679|1631097|1641716,1,REG,2026,1630581,-4.0,PG,Helper,-0.7182221566927236,Walker 24' 3PT Jump Shot (3 PTS) (Nembhard 3 AST),PF,Movement Shooter,-1.7635182710807786,1629614.0,98
Shot Chart Detail,22500345,111,1630543,Isaiah Jackson,1610612754,Indiana Pacers,1,4,50,Made Shot,Running Layup Shot,2PT Field Goal,Restricted Area,Center(C),Less Than 8 ft.,0,-1,0,1,1,20251205,CHI,IND,22500345111,4300,0,1629614|1630543|1630679|1631097|1641716,1,REG,2026,1628380|1630581,-3.0,,,,,C,Roll + Cut Big,-1.143192040899674,1629614.0,111
Shot Chart Detail,22500345,122,1629614,Andrew Nembhard,1610612754,Indiana Pacers,1,4,1,Made Shot,Driving Finger Roll Layup Shot,2PT Field Goal,Restricted Area,Center(C),Less Than 8 ft.,1,13,-1,1,1,20251205,CHI,IND,22500345122,4790,0,1629614|1630543|1630679|1631097|1641716,0,REG,2026,1630581,-3.0,PG,Helper,-0.7182221566927236,Nembhard 1' Driving Finger Roll Layup (7 PTS),PG,Primary Ball Handler,0.633201327586231,,122
Shot Chart Detail,22500345,125,1631097,Bennedict Mathurin,1610612754,Indiana Pacers,1,3,35,Made Shot,Step Back Jump shot,3PT Field Goal,Above the Break 3,Right Side Center(RC),24+ ft.,24,221,101,1,1,20251205,CHI,IND,22500345125,5050,0,1629614|1630543|1630679|1631097|1641716,0,REG,2026,1630581,0.0,PG,Helper,-0.7182221566927236,Mathurin 24' 3PT Step Back Jump Shot (5 PTS),SF,Secondary Ball Handler,-1.471461468563806,,125
Shot Chart Detail,22500345,211,1627783,Pascal Siakam,1610612754,Indiana Pacers,2,8,24,Missed Shot,Turnaround Fadeaway shot,2PT Field Goal,In The Paint (Non-RA),Center(C),8-16 ft.,11,-9,117,1,0,20251205,CHI,IND,22500345211,9360,0,1627783|1629614|1630543|1630679|1642277,0,REG,2026,1630581,2.0,PG,Helper,-0.7182221566927236,MISS Siakam 12' Turnaround Fadeaway Shot,PF,Shot Creator,1.6971123662760468,,211
Shot Chart Detail,22500345,217,1629614,Andrew Nembhard,1610612754,Indiana Pacers,2,7,48,Missed Shot,Driving Layup Shot,2PT Field Goal,Restricted Area,Center(C),Less Than 8 ft.,1,16,5,1,0,20251205,CHI,IND,22500345217,9720,0,1627783|1629614|1630543|1630679|1642277,0,REG,2026,1630581|202696,2.0,,,,,PG,Primary Ball Handler,0.633201327586231,,217
Shot Chart Detail,22500345,253,1631097,Bennedict Mathurin,1610612754,Indiana Pacers,2,4,26,Missed Shot,Pullup Jump shot,3PT Field Goal,Above the Break 3,Left Side Center(LC),24+ ft.,25,-89,235,1,0,20251205,CHI,IND,22500345253,11740,0,1627783|1629614|1630643|1630679|1631097,0,REG,2026,1630581,3.0,PG,Helper,-0.7182221566927236,MISS Mathurin 25' 3PT Pullup Jump Shot,SF,Secondary Ball Handler,-1.471461468563806,,253
Shot Chart Detail,22500345,307,1630643,Jay Huff,1610612754,Indiana Pacers,2,1,43,Made Shot,Driving Finger Roll Layup Shot,2PT Field Goal,Restricted Area,Center(C),Less Than 8 ft.,0,0,0,1,1,20251205,CHI,IND,22500345307,13370,0,1627783|1629614|1630643|1630679|1631097,1,REG,2026,1630581|202696|1629632,9.0,,,,,C,Stretch Big,-1.315338749822216,1629614.0,307
Shot Chart Detail,22500345,354,1627783,Pascal Siakam,1610612754,Indiana Pacers,3,9,12,Made Shot,Tip Layup Shot,2PT Field Goal,Restricted Area,Center(C),Less Than 8 ft.,0,0,0,1,1,20251205,CHI,IND,22500345354,16080,0,1627783|1629614|1630643|1630679|1631097,0,REG,2026,1630581|202696,16.0,,,,,PF,Shot Creator,1.6971123662760468,,354
Shot Chart Detail,22500345,357,1630643,Jay Huff,1610612754,Indiana Pacers,3,8,40,Made Shot,Running Reverse Dunk Shot,2PT Field Goal,Restricted Area,Center(C),Less Than 8 ft.,0,2,6,1,1,20251205,CHI,IND,22500345357,16400,0,1627783|1629614|1630643|1630679|1631097,1,REG,2026,1630581,18.0,PG,Helper,-0.7182221566927236,Huff 1' Running Reverse Dunk Shot (6 PTS) (Mathurin 2 AST),C,Stretch Big,-1.315338749822216,1631097.0,357
Shot Chart Detail,22500345,368,1630643,Jay Huff,1610612754,Indiana Pacers,3,7,35,Made Shot,Running Jump Shot,3PT Field Goal,Above the Break 3,Center(C),24+ ft.,26,-16,262,1,1,20251205,CHI,IND,22500345368,17050,0,1627783|1629614|1630643|1630679|1631097,1,REG,2026,1630581,19.0,PG,Helper,-0.7182221566927236,Huff 26' 3PT Running Jump Shot (9 PTS) (Nembhard 7 AST),C,Stretch Big,-1.315338749822216,1629614.0,368
Shot Chart Detail,22500345,484,1629614,Andrew Nembhard,1610612754,Indiana Pacers,4,11,29,Made Shot,Driving Finger Roll Layup Shot,2PT Field Goal,Restricted Area,Center(C),Less Than 8 ft.,1,4,11,1,1,20251205,CHI,IND,22500345484,21910,0,1629614|1629726|1630543|1631097|1642277,0,REG,2026,1630581,11.0,PG,Helper,-0.7182221566927236,Nembhard 1' Driving Finger Roll Layup (13 PTS),PG,Primary Ball Handler,0.633201327586231,,484
Shot Chart Detail,22500345,490,1629614,Andrew Nembhard,1610612754,Indiana Pacers,4,10,53,Made Shot,Pullup Jump shot,2PT Field Goal,Mid-Range,Center(C),8-16 ft.,15,5,154,1,1,20251205,CHI,IND,22500345490,22270,0,1629614|1629726|1630543|1631097|1642277,0,REG,2026,1630581,11.0,PG,Helper,-0.7182221566927236,Nembhard 15' Pullup Jump Shot (15 PTS),PG,Primary Ball Handler,0.633201327586231,,490
Shot Chart Detail,22500345,509,1629726,Garrison Mathews,1610612754,Indiana Pacers,4,9,43,Made Shot,Jump Shot,3PT Field Goal,Above the Break 3,Left Side Center(LC),24+ ft.,26,-216,148,1,1,20251205,CHI,IND,22500345509,22970,0,1629614|1629726|1630643|1631097|1642277,1,REG,2026,1630581,12.0,PG,Helper,-0.7182221566927236,Mathews 26' 3PT Jump Shot (3 PTS) (Furphy 1 AST),SG,Off Screen Shooter,-0.4925411657658352,1642277.0,509
Shot Chart Detail,22500361,36,1642954,Will Richard,1610612744,Golden State Warriors,1,8,58,Made Shot,Step Back Jump shot,3PT Field Goal,Above the Break 3,Right Side Center(RC),24+ ft.,27,179,205,1,1,20251207,CHI,GSW,2250036136,1820,0,202710|1627741|1630311|1642366|1642954,0,REG,2026,1630581,8.0,PG,Helper,-0.7182221566927236,Richard 27' 3PT Step Back Jump Shot (3 PTS),SG,Movement Shooter,-0.8195777891700163,,36
Shot Chart Detail,22500361,49,1642366,Quinten Post,1610612744,Golden State Warriors,1,7,30,Missed Shot,Jump Shot,3PT Field Goal,Left Corner 3,Left Side(L),24+ ft.,23,-232,-23,1,0,20251207,CHI,GSW,2250036149,2700,0,202710|1627741|1630311|1642366|1642954,0,REG,2026,1630581,8.0,PG,Helper,-0.7182221566927236,MISS Post 3PT Jump Shot,PF,Stretch Big,-0.1241189872838736,,49
Shot Chart Detail,22500361,102,1629001,De'Anthony Melton,1610612744,Golden State Warriors,1,3,25,Missed Shot,Jump Shot,3PT Field Goal,Above the Break 3,Right Side Center(RC),24+ ft.,26,140,225,1,0,20251207,CHI,GSW,22500361102,5150,0,1629001|1630541|1630611|1631218|1641764,0,REG,2026,1630581,10.0,PG,Helper,-0.7182221566927236,MISS Melton 27' 3PT Jump Shot,PG,Shot Creator,0.574280197444428,,102
Shot Chart Detail,22500361,188,1641764,Brandin Podziemski,1610612744,Golden State Warriors,2,8,36,Missed Shot,Jump Shot,3PT Field Goal,Above the Break 3,Right Side Center(RC),24+ ft.,29,175,243,1,0,20251207,CHI,GSW,22500361188,9240,0,202710|1627741|1627780|1641764|1642366,0,REG,2026,1630581,12.0,PG,Helper,-0.7182221566927236,MISS Podziemski 30' 3PT Jump Shot,SG,Primary Ball Handler,-0.000224124406225,,188
Shot Chart Detail,22500361,230,1630611,Gui Santos,1610612744,Golden State Warriors,2,5,46,Missed Shot,Jump Shot,3PT Field Goal,Above the Break 3,Right Side Center(RC),24+ ft.,26,136,226,1,0,20251207,CHI,GSW,22500361230,10940,0,1629001|1630311|1630541|1630611|1631218,0,REG,2026,1630581,13.0,PG,Helper,-0.7182221566927236,MISS Santos 26' 3PT Jump Shot,PF,Stationary Shooter,-1.2171291890254257,,230
Shot Chart Detail,22500361,240,1630541,Moses Moody,1610612744,Golden State Warriors,2,4,55,Missed Shot,Layup Shot,2PT Field Goal,In The Paint (Non-RA),Center(C),Less Than 8 ft.,5,54,16,1,0,20251207,CHI,GSW,22500361240,11450,0,1629001|1630311|1630541|1630611|1631218,0,REG,2026,1630581,13.0,PG,Helper,-0.7182221566927236,Giddey BLOCK (1 BLK),SG,Movement Shooter,-0.5052250997437001,,240
Shot Chart Detail,22500361,291,1642366,Quinten Post,1610612744,Golden State Warriors,2,2,15,Missed Shot,Jump Shot,3PT Field Goal,Above the Break 3,Center(C),24+ ft.,25,-43,251,1,0,20251207,CHI,GSW,22500361291,13050,0,202710|1627741|1630541|1641764|1642366,0,REG,2026,1630581,8.0,PG,Helper,-0.7182221566927236,MISS Post 25' 3PT Jump Shot,PF,Stretch Big,-0.1241189872838736,,291
Shot Chart Detail,22500361,304,1641764,Brandin Podziemski,1610612744,Golden State Warriors,2,1,49,Missed Shot,Jump Shot,3PT Field Goal,Above the Break 3,Right Side Center(RC),24+ ft.,26,175,205,1,0,20251207,CHI,GSW,22500361304,13310,0,202710|1627741|1630311|1641764|1642366,0,REG,2026,1630581,10.0,PG,Helper,-0.7182221566927236,MISS Podziemski 27' 3PT Jump Shot,SG,Primary Ball Handler,-0.000224124406225,,304
Shot Chart Detail,22500361,367,1627741,Buddy Hield,1610612744,Golden State Warriors,3,11,20,Missed Shot,Jump Shot,3PT Field Goal,Above the Break 3,Center(C),24+ ft.,27,-25,269,1,0,20251207,CHI,GSW,22500361367,14800,0,202710|1627741|1630311|1642366|1642954,0,REG,2026,1630581,13.0,PG,Helper,-0.7182221566927236,MISS Hield 27' 3PT Jump Shot,SG,Movement Shooter,0.0250407187481907,,367
Shot Chart Detail,22500361,408,1642366,Quinten Post,1610612744,Golden State Warriors,3,7,25,Missed Shot,Jump Shot,3PT Field Goal,Right Corner 3,Right Side(R),24+ ft.,24,238,37,1,0,20251207,CHI,GSW,22500361408,17150,0,202710|1627741|1630311|1642366|1642954,0,REG,2026,1630581,20.0,PG,Helper,-0.7182221566927236,MISS Post 24' 3PT Jump Shot,PF,Stretch Big,-0.1241189872838736,,408
Shot Chart Detail,22500361,491,1641764,Brandin Podziemski,1610612744,Golden State Warriors,3,3,19,Made Shot,Jump Shot,3PT Field Goal,Above the Break 3,Right Side Center(RC),24+ ft.,25,103,228,1,1,20251207,CHI,GSW,22500361491,19610,0,1629001|1630541|1630611|1631218|1641764,1,REG,2026,1631207|1630581,22.0,,,,,SG,Primary Ball Handler,-0.000224124406225,1631218.0,491
Shot Chart Detail,22500361,497,1641764,Brandin Podziemski,1610612744,Golden State Warriors,3,2,41,Made Shot,Pullup Jump shot,2PT Field Goal,Mid-Range,Center(C),16-24 ft.,16,-28,163,1,1,20251207,CHI,GSW,22500361497,19990,0,1629001|1630541|1630611|1631218|1641764,0,REG,2026,1630581,24.0,PG,Helper,-0.7182221566927236,Podziemski 17' Pullup Jump Shot (14 PTS),SG,Primary Ball Handler,-0.000224124406225,,497
Shot Chart Detail,22500361,506,1630611,Gui Santos,1610612744,Golden State Warriors,3,2,21,Missed Shot,Reverse Layup Shot,2PT Field Goal,Restricted Area,Center(C),Less Than 8 ft.,3,33,15,1,0,20251207,CHI,GSW,22500361506,20190,0,202710|1630541|1630611|1631218|1641764,0,REG,2026,1630581,21.0,PG,Helper,-0.7182221566927236,Giddey BLOCK (2 BLK),PF,Stationary Shooter,-1.2171291890254257,,506
Shot Chart Detail,22500361,618,1630311,Pat Spencer,1610612744,Golden State Warriors,4,7,4,Made Shot,Driving Finger Roll Layup Shot,2PT Field Goal,Restricted Area,Center(C),Less Than 8 ft.,2,-1,20,1,1,20251207,CHI,GSW,22500361618,24560,0,202710|1630311|1631218|1641764|1642954,0,REG,2026,1630581,24.0,PG,Helper,-0.7182221566927236,Spencer 2' Driving Finger Roll Layup (12 PTS),PG,Secondary Ball Handler,0.2335888227260679,,618
Shot Chart Detail,22500361,621,1642954,Will Richard,1610612744,Golden State Warriors,4,6,32,Made Shot,Step Back Jump shot,3PT Field Goal,Above the Break 3,Right Side Center(RC),24+ ft.,24,183,164,1,1,20251207,CHI,GSW,22500361621,24880,0,202710|1630311|1631218|1641764|1642954,1,REG,2026,1630581,27.0,PG,Helper,-0.7182221566927236,Richard 25' 3PT Step Back Jump Shot (6 PTS) (Podziemski 4 AST),SG,Movement Shooter,-0.8195777891700163,1641764.0,621
Shot Chart Detail,22500361,651,1641764,Brandin Podziemski,1610612744,Golden State Warriors,4,4,37,Missed Shot,Pullup Jump shot,3PT Field Goal,Above the Break 3,Right Side Center(RC),24+ ft.,26,125,232,1,0,20251207,CHI,GSW,22500361651,26030,0,1629001|1630611|1631218|1641764|1642954,0,REG,2026,1630581,28.0,PG,Helper,-0.7182221566927236,MISS Podziemski 26' 3PT Pullup Jump Shot,SG,Primary Ball Handler,-0.000224124406225,,651
Shot Chart Detail,22500367,7,1628378,Donovan Mitchell,1610612739,Cleveland Cavaliers,1,11,42,Missed Shot,Jump Shot,3PT Field Goal,Above the Break 3,Right Side Center(RC),24+ ft.,26,107,243,1,0,20251217,CHI,CLE,225003677,180,0,1628378|1628386|1629636|1629731|1642281,0,REG,2026,1630581,0.0,PG,Helper,-0.7182221566927236,MISS Mitchell 27' 3PT Jump Shot,SG,Shot Creator,3.6991087536524696,,7
Shot Chart Detail,22500367,13,1628378,Donovan Mitchell,1610612739,Cleveland Cavaliers,1,10,48,Made Shot,Turnaround Hook Shot,2PT Field Goal,In The Paint (Non-RA),Center(C),Less Than 8 ft.,6,-32,52,1,1,20251217,CHI,CLE,2250036713,720,0,1628378|1628386|1629636|1629731|1642281,0,REG,2026,1630581,2.0,PG,Helper,-0.7182221566927236,Mitchell 6' Turnaround Hook Shot (2 PTS),SG,Shot Creator,3.6991087536524696,,13
Shot Chart Detail,22500367,18,1628378,Donovan Mitchell,1610612739,Cleveland Cavaliers,1,10,30,Missed Shot,Step Back Jump shot,3PT Field Goal,Above the Break 3,Left Side Center(LC),24+ ft.,26,-126,229,1,0,20251217,CHI,CLE,2250036718,900,0,1628378|1628386|1629636|1629731|1642281,0,REG,2026,1630581,2.0,PG,Helper,-0.7182221566927236,MISS Mitchell 26' 3PT Step Back Jump Shot,SG,Shot Creator,3.6991087536524696,,18
Shot Chart Detail,22500367,70,1629731,Dean Wade,1610612739,Cleveland Cavaliers,1,6,26,Missed Shot,Running Jump Shot,3PT Field Goal,Right Corner 3,Right Side(R),24+ ft.,24,227,83,1,0,20251217,CHI,CLE,2250036770,3340,0,1628386|1629631|1629636|1629731|1642281,0,REG,2026,1630581,7.0,PG,Helper,-0.7182221566927236,MISS Wade 24' 3PT Running Jump Shot,PF,Movement Shooter,-0.623042550657171,,70
Shot Chart Detail,22500367,103,1629631,De'Andre Hunter,1610612739,Cleveland Cavaliers,1,4,13,Missed Shot,Jump Shot,3PT Field Goal,Left Corner 3,Left Side(L),24+ ft.,22,-225,-11,1,0,20251217,CHI,CLE,22500367103,4670,0,1628366|1628418|1629631|1629636|1642281,0,REG,2026,1630581,7.0,PG,Helper,-0.7182221566927236,MISS Hunter 3PT Jump Shot,SF,Movement Shooter,-0.3027887923173379,,103
Shot Chart Detail,22500367,208,1629631,De'Andre Hunter,1610612739,Cleveland Cavaliers,2,9,17,Made Shot,Jump Shot,3PT Field Goal,Above the Break 3,Right Side Center(RC),24+ ft.,25,161,201,1,1,20251217,CHI,CLE,22500367208,8830,0,1628378|1629631|1629731|1641854|1642878,1,REG,2026,1630581,3.0,PG,Helper,-0.7182221566927236,Hunter 26' 3PT Jump Shot (3 PTS) (Porter Jr. 1 AST),SF,Movement Shooter,-0.3027887923173379,1641854.0,208
Shot Chart Detail,22500367,260,1642281,Jaylon Tyson,1610612739,Cleveland Cavaliers,2,4,40,Made Shot,Running Layup Shot,2PT Field Goal,Restricted Area,Center(C),Less Than 8 ft.,0,-7,4,1,1,20251217,CHI,CLE,22500367260,11600,0,1628366|1628386|1629636|1629731|1642281,0,REG,2026,1630581,-1.0,PG,Helper,-0.7182221566927236,Tyson 1' Running Layup (9 PTS),SG,Movement Shooter,0.8197320175087925,,260
Shot Chart Detail,22500367,377,1642281,Jaylon Tyson,1610612739,Cleveland Cavaliers,3,8,19,Missed Shot,Jump Shot,3PT Field Goal,Right Corner 3,Right Side(R),24+ ft.,22,223,-4,1,0,20251217,CHI,CLE,22500367377,16610,0,1628378|1628386|1629636|1629731|1642281,0,REG,2026,1630581,-12.0,PG,Helper,-0.7182221566927236,MISS Tyson 3PT Jump Shot,SG,Movement Shooter,0.8197320175087925,,377
Shot Chart Detail,22500367,385,1642281,Jaylon Tyson,1610612739,Cleveland Cavaliers,3,7,24,Made Shot,Driving Reverse Layup Shot,2PT Field Goal,Restricted Area,Center(C),Less Than 8 ft.,1,6,11,1,1,20251217,CHI,CLE,22500367385,17160,0,1628378|1628386|1629636|1629731|1642281,1,REG,2026,1630581,-12.0,PG,Helper,-0.7182221566927236,Tyson 1' Driving Reverse Layup (13 PTS) (Garland 6 AST),SG,Movement Shooter,0.8197320175087925,1629636.0,385
Shot Chart Detail,22500367,405,1642281,Jaylon Tyson,1610612739,Cleveland Cavaliers,3,6,42,Made Shot,Floating Jump shot,2PT Field Goal,In The Paint (Non-RA),Center(C),8-16 ft.,8,-9,80,1,1,20251217,CHI,CLE,22500367405,17580,0,1628366|1628386|1629631|1629636|1642281,1,REG,2026,1630581,-13.0,PG,Helper,-0.7182221566927236,Tyson 8' Floating Jump Shot (15 PTS) (Ball 1 AST),SG,Movement Shooter,0.8197320175087925,1628366.0,405
Shot Chart Detail,22500367,552,1628378,Donovan Mitchell,1610612739,Cleveland Cavaliers,4,8,42,Made Shot,Pullup Jump shot,3PT Field Goal,Above the Break 3,Left Side Center(LC),24+ ft.,28,-91,270,1,1,20251217,CHI,CLE,22500367552,23580,0,1628378|1628418|1629631|1641772|1641854,0,REG,2026,1630581,-9.0,PG,Helper,-0.7182221566927236,Mitchell 28' 3PT Pullup Jump Shot (30 PTS),SG,Shot Creator,3.6991087536524696,,552
Shot Chart Detail,22500367,638,1642281,Jaylon Tyson,1610612739,Cleveland Cavaliers,4,3,8,Missed Shot,Jump Shot,3PT Field Goal,Right Corner 3,Right Side(R),24+ ft.,22,228,-17,1,0,20251217,CHI,CLE,22500367638,26920,0,1628378|1628386|1629631|1629636|1642281,0,REG,2026,1630581,-19.0,PG,Helper,-0.7182221566927236,MISS Tyson 3PT Jump Shot,SG,Movement Shooter,0.8197320175087925,,638
Shot Chart Detail,22500367,651,1642281,Jaylon Tyson,1610612739,Cleveland Cavaliers,4,2,22,Made Shot,Driving Layup Shot,2PT Field Goal,Restricted Area,Center(C),Less Than 8 ft.,2,-21,15,1,1,20251217,CHI,CLE,22500367651,27380,0,1628418|1641772|1641854|1642281|1642878,1,REG,2026,1630581,-17.0,PG,Helper,-0.7182221566927236,Tyson 3' Driving Layup (21 PTS) (Porter Jr. 4 AST),SG,Movement Shooter,0.8197320175087925,1641854.0,651
Shot Chart Detail,22500367,679,1628418,Thomas Bryant,1610612739,Cleveland Cavaliers,4,0,37,Missed Shot,Jump Shot,3PT Field Goal,Above the Break 3,Center(C),24+ ft.,26,36,264,1,0,20251217,CHI,CLE,22500367679,28430,0,1628418|1641772|1641854|1642281|1642878,0,REG,2026,1630581,-16.0,PG,Helper,-0.7182221566927236,MISS Bryant 27' 3PT Jump Shot,C,Stretch Big,-0.1144353983184285,,679
Shot Chart Detail,22500367,681,1628418,Thomas Bryant,1610612739,Cleveland Cavaliers,4,0,29,Missed Shot,Cutting Dunk Shot,2PT Field Goal,Restricted Area,Center(C),Less Than 8 ft.,2,-25,7,1,0,20251217,CHI,CLE,22500367681,28510,0,1628418|1641772|1641854|1642281|1642878,0,REG,2026,1630581,-16.0,PG,Helper,-0.7182221566927236,Giddey BLOCK (1 BLK),C,Stretch Big,-0.1144353983184285,,681
Shot Chart Detail,22500384,18,1629636,Darius Garland,1610612739,Cleveland Cavaliers,1,10,42,Made Shot,Driving Layup Shot,2PT Field Goal,Restricted Area,Center(C),Less Than 8 ft.,1,-9,9,1,1,20251219,CLE,CHI,2250038418,780,0,1628386|1629636|1629731|1642281|1642878,0,REG,2026,1630581,5.0,PG,Helper,-0.7182221566927236,Garland 1' Driving Layup (2 PTS),PG,Primary Ball Handler,1.3778476852367472,,18
Shot Chart Detail,22500384,50,1628386,Jarrett Allen,1610612739,Cleveland Cavaliers,1,8,26,Missed Shot,Turnaround Bank shot,2PT Field Goal,Restricted Area,Center(C),Less Than 8 ft.,2,-23,13,1,0,20251219,CLE,CHI,2250038450,2140,0,1628386|1629636|1629731|1642281|1642878,0,REG,2026,202696|1630581,5.0,,,,,C,Roll + Cut Big,-0.0391559875113773,,50
Shot Chart Detail,22500384,126,1629631,De'Andre Hunter,1610612739,Cleveland Cavaliers,1,3,3,Missed Shot,Driving Floating Jump Shot,2PT Field Goal,In The Paint (Non-RA),Right Side(R),8-16 ft.,11,65,93,1,0,20251219,CLE,CHI,22500384126,5370,0,1628366|1628418|1629631|1641772|1642878,0,REG,2026,1630200|1630581,5.0,,,,,SF,Movement Shooter,-0.3027887923173379,,126
Shot Chart Detail,22500384,134,1641772,Nae'Qwan Tomlin,1610612739,Cleveland Cavaliers,1,2,43,Missed Shot,Running Layup Shot,2PT Field Goal,Restricted Area,Center(C),Less Than 8 ft.,3,39,6,1,0,20251219,CLE,CHI,22500384134,5570,0,1628366|1628418|1629631|1641772|1642878,0,REG,2026,1630188|1630581,5.0,,,,,PF,Stationary Shooter,-0.0736943002098834,,134
Shot Chart Detail,22500384,310,1629631,De'Andre Hunter,1610612739,Cleveland Cavaliers,2,3,28,Missed Shot,Pullup Jump shot,3PT Field Goal,Above the Break 3,Center(C),24+ ft.,24,-56,234,1,0,20251219,CLE,CHI,22500384310,12320,0,1628386|1629631|1629636|1629731|1642281,0,REG,2026,1630581,-4.0,PG,Helper,-0.7182221566927236,MISS Hunter 24' 3PT Pullup Jump Shot,SF,Movement Shooter,-0.3027887923173379,,310
Shot Chart Detail,22500384,405,1629636,Darius Garland,1610612739,Cleveland Cavaliers,3,8,31,Made Shot,Driving Floating Jump Shot,2PT Field Goal,In The Paint (Non-RA),Center(C),8-16 ft.,14,-42,134,1,1,20251219,CLE,CHI,22500384405,16490,0,1628386|1629636|1629731|1642281|1642878,0,REG,2026,1630581,-10.0,PG,Helper,-0.7182221566927236,Garland 14' Driving Floating Jump Shot (18 PTS),PG,Primary Ball Handler,1.3778476852367472,,405
Shot Chart Detail,22500384,415,1628386,Jarrett Allen,1610612739,Cleveland Cavaliers,3,7,30,Made Shot,Alley Oop Dunk Shot,2PT Field Goal,Restricted Area,Center(C),Less Than 8 ft.,1,4,15,1,1,20251219,CLE,CHI,22500384415,17100,0,1628386|1629636|1629731|1642281|1642878,1,REG,2026,202696|1630581,-11.0,,,,,C,Roll + Cut Big,-0.0391559875113773,1629636.0,415
Shot Chart Detail,22500384,440,1628386,Jarrett Allen,1610612739,Cleveland Cavaliers,3,6,13,Made Shot,Cutting Dunk Shot,2PT Field Goal,Restricted Area,Center(C),Less Than 8 ft.,0,-1,5,1,1,20251219,CLE,CHI,22500384440,17870,0,1628366|1628386|1629631|1629636|1642281,1,REG,2026,1630581,-8.0,PG,Helper,-0.7182221566927236,Allen 1' Cutting Dunk Shot (10 PTS) (Garland 7 AST),C,Roll + Cut Big,-0.0391559875113773,1629636.0,440
Shot Chart Detail,22500384,637,1628386,Jarrett Allen,1610612739,Cleveland Cavaliers,4,4,51,Missed Shot,Hook Shot,2PT Field Goal,In The Paint (Non-RA),Center(C),8-16 ft.,8,18,78,1,0,20251219,CLE,CHI,22500384637,25890,0,1628386|1629631|1629636|1629731|1642878,0,REG,2026,202696|1628380|1630581,-4.0,,,,,C,Roll + Cut Big,-0.0391559875113773,,637
Shot Chart Detail,22500384,646,1629636,Darius Garland,1610612739,Cleveland Cavaliers,4,4,20,Missed Shot,Driving Floating Jump Shot,2PT Field Goal,In The Paint (Non-RA),Left Side(L),8-16 ft.,10,-58,83,1,0,20251219,CLE,CHI,22500384646,26200,0,1628366|1628386|1629631|1629636|1629731,0,REG,2026,1628380|1630581,-4.0,,,,,PG,Primary Ball Handler,1.3778476852367472,,646
Shot Chart Detail,22500396,40,1630552,Jalen Johnson,1610612737,Atlanta Hawks,1,9,11,Missed Shot,Running Pull-Up Jump Shot,3PT Field Goal,Above the Break 3,Center(C),24+ ft.,24,-21,248,1,0,20251221,ATL,CHI,2250039640,1690,0,1629027|1630168|1630552|1630700|1642258,0,REG,2026,1630581,-5.0,PG,Helper,-0.7182221566927236,MISS Johnson 25' 3PT Running Pull-Up Jump Shot,SF,Shot Creator,1.1753023542047327,,40
Shot Chart Detail,22500396,63,1642258,Zaccharie Risacher,1610612737,Atlanta Hawks,1,6,39,Made Shot,Driving Layup Shot,2PT Field Goal,Restricted Area,Center(C),Less Than 8 ft.,2,-22,3,1,1,20251221,ATL,CHI,2250039663,3210,0,1629027|1630168|1630552|1630700|1642258,1,REG,2026,1630581,-6.0,PG,Helper,-0.7182221566927236,Risacher 2' Driving Layup (2 PTS) (Young 3 AST),SF,Stationary Shooter,-0.9999795486574228,1629027.0,63
Shot Chart Detail,22500396,184,1630700,Dyson Daniels,1610612737,Atlanta Hawks,2,11,28,Missed Shot,Turnaround Hook Shot,2PT Field Goal,Restricted Area,Center(C),Less Than 8 ft.,3,-17,29,1,0,20251221,ATL,CHI,22500396184,7520,0,1628379|1630168|1630249|1630700|1642854,0,REG,2026,1630581,-2.0,PG,Helper,-0.7182221566927236,MISS Daniels 3' Turnaround Hook Shot,SG,Primary Ball Handler,-0.4024079394093366,,184
Shot Chart Detail,22500396,199,1630249,Vít Krejčí,1610612737,Atlanta Hawks,2,10,14,Made Shot,Jump Shot,3PT Field Goal,Above the Break 3,Left Side Center(LC),24+ ft.,24,-110,224,1,1,20251221,ATL,CHI,22500396199,8260,0,1628379|1630168|1630249|1630700|1642854,1,REG,2026,1630581,2.0,PG,Helper,-0.7182221566927236,Krejci 25' 3PT Jump Shot (9 PTS) (Okongwu 2 AST),PG,Movement Shooter,-1.693552547708591,1630168.0,199
Shot Chart Detail,22500396,337,1630552,Jalen Johnson,1610612737,Atlanta Hawks,2,2,35,Missed Shot,Turnaround Jump Shot,2PT Field Goal,In The Paint (Non-RA),Center(C),8-16 ft.,10,33,99,1,0,20251221,ATL,CHI,22500396337,12850,0,1629027|1629638|1630168|1630552|1630700,0,REG,2026,1630581,-8.0,PG,Helper,-0.7182221566927236,MISS Johnson 10' Turnaround Jump Shot,SF,Shot Creator,1.1753023542047327,,337
Shot Chart Detail,22500396,344,1630700,Dyson Daniels,1610612737,Atlanta Hawks,2,2,3,Made Shot,Running Layup Shot,2PT Field Goal,Restricted Area,Center(C),Less Than 8 ft.,0,0,6,1,1,20251221,ATL,CHI,22500396344,13170,0,1629027|1629638|1630168|1630552|1630700,0,REG,2026,1630581,-4.0,PG,Helper,-0.7182221566927236,Daniels 1' Running Layup (4 PTS),SG,Primary Ball Handler,-0.4024079394093366,,344
Shot Chart Detail,22500396,371,1642258,Zaccharie Risacher,1610612737,Atlanta Hawks,2,0,29,Missed Shot,Jump Shot,3PT Field Goal,Left Corner 3,Left Side(L),24+ ft.,22,-227,26,1,0,20251221,ATL,CHI,22500396371,14110,0,1629027|1630168|1630552|1630700|1642258,0,REG,2026,1630581,-7.0,PG,Helper,-0.7182221566927236,MISS Risacher 3PT Jump Shot,SF,Stationary Shooter,-0.9999795486574228,,371
Shot Chart Detail,22500396,388,1629027,Trae Young,1610612737,Atlanta Hawks,3,11,15,Made Shot,Running Jump Shot,3PT Field Goal,Above the Break 3,Left Side Center(LC),24+ ft.,26,-142,225,1,1,20251221,ATL,CHI,22500396388,14850,0,1629027|1630168|1630552|1630700|1642258,1,REG,2026,1630581,-7.0,PG,Helper,-0.7182221566927236,Young 27' 3PT Running Jump Shot (18 PTS) (Daniels 5 AST),PG,Primary Ball Handler,2.9093000086770804,1630700.0,388
Shot Chart Detail,22500396,450,1630552,Jalen Johnson,1610612737,Atlanta Hawks,3,6,40,Made Shot,Driving Layup Shot,2PT Field Goal,Restricted Area,Center(C),Less Than 8 ft.,0,2,7,1,1,20251221,ATL,CHI,22500396450,17600,0,1629638|1630168|1630552|1630700|1642258,0,REG,2026,1630581,-4.0,PG,Helper,-0.7182221566927236,Johnson 1' Driving Layup (20 PTS),SF,Shot Creator,1.1753023542047327,,450
Shot Chart Detail,22500396,579,1630700,Dyson Daniels,1610612737,Atlanta Hawks,4,10,57,Missed Shot,Turnaround Fadeaway shot,2PT Field Goal,In The Paint (Non-RA),Center(C),8-16 ft.,8,4,86,1,0,20251221,ATL,CHI,22500396579,22230,0,1628379|1630168|1630249|1630700|1631243,0,REG,2026,1630581,2.0,PG,Helper,-0.7182221566927236,MISS Daniels 9' Turnaround Fadeaway Shot,SG,Primary Ball Handler,-0.4024079394093366,,579
Shot Chart Detail,22500396,618,1630700,Dyson Daniels,1610612737,Atlanta Hawks,4,8,42,Made Shot,Cutting Dunk Shot,2PT Field Goal,Restricted Area,Center(C),Less Than 8 ft.,0,1,0,1,1,20251221,ATL,CHI,22500396618,23580,0,1630168|1630249|1630552|1630700|1642258,1,REG,2026,1630581,1.0,PG,Helper,-0.7182221566927236,Daniels Cutting Dunk Shot (8 PTS) (Johnson 7 AST),SG,Primary Ball Handler,-0.4024079394093366,1630552.0,618
Shot Chart Detail,22500396,796,1629027,Trae Young,1610612737,Atlanta Hawks,4,0,1,Missed Shot,Pullup Jump shot,2PT Field Goal,Mid-Range,Left Side Center(LC),16-24 ft.,16,-120,117,1,0,20251221,ATL,CHI,22500396796,28790,0,1629027|1629638|1630168|1630249|1630552,0,REG,2026,1630581|1630200,-2.0,,,,,PG,Primary Ball Handler,2.9093000086770804,,796
Shot Chart Detail,22500411,12,1629638,Nickeil Alexander-Walker,1610612737,Atlanta Hawks,1,11,4,Made Shot,Jump Shot,3PT Field Goal,Left Corner 3,Left Side(L),24+ ft.,23,-235,-7,1,1,20251223,ATL,CHI,2250041112,560,0,1629027|1629638|1630168|1630552|1642258,1,REG,2026,1630581,5.0,PG,Helper,-0.7182221566927236,Alexander-Walker 24' 3PT Jump Shot (5 PTS) (Young 2 AST),SG,Primary Ball Handler,0.3772191884541307,1629027.0,12
Shot Chart Detail,22500411,30,1629638,Nickeil Alexander-Walker,1610612737,Atlanta Hawks,1,9,38,Made Shot,Turnaround Jump Shot,2PT Field Goal,In The Paint (Non-RA),Left Side(L),8-16 ft.,8,-48,71,1,1,20251223,ATL,CHI,2250041130,1420,0,1629027|1629638|1630168|1630552|1642258,1,REG,2026,1630581,6.0,PG,Helper,-0.7182221566927236,Alexander-Walker 9' Turnaround Jump Shot (7 PTS) (Young 4 AST),SG,Primary Ball Handler,0.3772191884541307,1629027.0,30
Shot Chart Detail,22500411,48,1629638,Nickeil Alexander-Walker,1610612737,Atlanta Hawks,1,8,5,Missed Shot,Jump Shot,3PT Field Goal,Above the Break 3,Left Side Center(LC),24+ ft.,24,-98,220,1,0,20251223,ATL,CHI,2250041148,2350,0,1629027|1629638|1630168|1630552|1642258,0,REG,2026,1630581,-3.0,PG,Helper,-0.7182221566927236,MISS Alexander-Walker 24' 3PT Jump Shot,SG,Primary Ball Handler,0.3772191884541307,,48
Shot Chart Detail,22500411,219,1642854,Asa Newell,1610612737,Atlanta Hawks,2,9,17,Made Shot,Putback Dunk Shot,2PT Field Goal,Restricted Area,Center(C),Less Than 8 ft.,0,1,8,1,1,20251223,ATL,CHI,22500411219,8830,0,1628379|1629638|1630168|1630811|1642854,0,REG,2026,1630581|1630172,10.0,,,,,PF,Stationary Shooter,-0.8542108999639058,,219
Shot Chart Detail,22500411,339,1629027,Trae Young,1610612737,Atlanta Hawks,2,0,54,Missed Shot,Driving Layup Shot,2PT Field Goal,Restricted Area,Center(C),Less Than 8 ft.,0,-1,-2,1,0,20251223,ATL,CHI,22500411339,13860,0,1629027|1629638|1630168|1630249|1630552,0,REG,2026,1630581|1630200,11.0,,,,,PG,Primary Ball Handler,2.9093000086770804,,339
Shot Chart Detail,22500411,396,1629027,Trae Young,1610612737,Atlanta Hawks,3,9,20,Made Shot,Driving Layup Shot,2PT Field Goal,Restricted Area,Center(C),Less Than 8 ft.,1,7,18,1,1,20251223,ATL,CHI,22500411396,16000,0,1629027|1629638|1630168|1630552|1642258,0,REG,2026,1630581|202696,9.0,,,,,PG,Primary Ball Handler,2.9093000086770804,,396
Shot Chart Detail,22500411,548,1630249,Vít Krejčí,1610612737,Atlanta Hawks,3,0,35,Made Shot,Jump Shot,3PT Field Goal,Right Corner 3,Right Side(R),24+ ft.,22,229,-11,1,1,20251223,ATL,CHI,22500411548,21250,0,1628379|1629027|1630168|1630249|1630552,1,REG,2026,1630581,15.0,PG,Helper,-0.7182221566927236,Krejci 3PT Jump Shot (16 PTS) (Young 14 AST),PG,Movement Shooter,-1.693552547708591,1629027.0,548
Shot Chart Detail,22500411,630,1628379,Luke Kennard,1610612737,Atlanta Hawks,4,7,20,Missed Shot,Jump Shot,3PT Field Goal,Above the Break 3,Right Side Center(RC),24+ ft.,26,180,189,1,0,20251223,ATL,CHI,22500411630,24400,0,1628379|1629638|1630249|1630552|1642854,0,REG,2026,1630581,7.0,PG,Helper,-0.7182221566927236,MISS Kennard 26' 3PT Jump Shot,SG,Off Screen Shooter,-1.0416233379672184,,630
Shot Chart Detail,22500411,696,1629027,Trae Young,1610612737,Atlanta Hawks,4,4,14,Missed Shot,Pullup Jump shot,3PT Field Goal,Above the Break 3,Right Side Center(RC),24+ ft.,27,124,246,1,0,20251223,ATL,CHI,22500411696,26260,0,1629027|1629638|1630168|1630249|1630552,0,REG,2026,1630581,8.0,PG,Helper,-0.7182221566927236,MISS Young 28' 3PT Pullup Jump Shot,PG,Primary Ball Handler,2.9093000086770804,,696
Shot Chart Detail,22500411,706,1629027,Trae Young,1610612737,Atlanta Hawks,4,3,6,Missed Shot,Jump Shot,3PT Field Goal,Above the Break 3,Center(C),24+ ft.,32,-23,323,1,0,20251223,ATL,CHI,22500411706,26940,0,1629027|1629638|1630168|1630249|1630552,0,REG,2026,1630581,4.0,PG,Helper,-0.7182221566927236,MISS Young 32' 3PT Jump Shot,PG,Primary Ball Handler,2.9093000086770804,,706
Shot Chart Detail,22500411,710,1630552,Jalen Johnson,1610612737,Atlanta Hawks,4,2,24,Missed Shot,Jump Shot,3PT Field Goal,Right Corner 3,Right Side(R),24+ ft.,23,230,-15,1,0,20251223,ATL,CHI,22500411710,27360,0,1629027|1629638|1630168|1630249|1630552,0,REG,2026,1630581,1.0,PG,Helper,-0.7182221566927236,MISS Johnson 3PT Jump Shot,SF,Shot Creator,1.1753023542047327,,710
Shot Chart Detail,22500411,728,1629638,Nickeil Alexander-Walker,1610612737,Atlanta Hawks,4,1,32,Missed Shot,Running Layup Shot,2PT Field Goal,Restricted Area,Center(C),Less Than 8 ft.,2,2,22,1,0,20251223,ATL,CHI,22500411728,27880,0,1629027|1629638|1630168|1630249|1630552,0,REG,2026,1630581,1.0,PG,Helper,-0.7182221566927236,MISS Alexander-Walker 2' Running Layup,SG,Primary Ball Handler,0.3772191884541307,,728
Shot Chart Detail,22500427,36,1631230,Dominick Barlow,1610612755,Philadelphia 76ers,1,9,22,Made Shot,Putback Layup Shot,2PT Field Goal,Restricted Area,Center(C),Less Than 8 ft.,0,0,0,1,1,20251226,CHI,PHI,2250042736,1580,0,202331|203954|1630178|1631230|1642845,0,REG,2026,1630581|1641824,7.0,,,,,PF,Athletic Finisher,-1.2289619371853235,,36
Shot Chart Detail,22500427,103,202331,Paul George,1610612755,Philadelphia 76ers,1,4,43,Made Shot,Driving Layup Shot,2PT Field Goal,Restricted Area,Center(C),Less Than 8 ft.,1,11,-1,1,1,20251226,CHI,PHI,22500427103,4370,0,202331|203954|1629656|1630178|1631133,0,REG,2026,1630581,0.0,PG,Helper,-0.7182221566927236,George 1' Driving Layup (2 PTS),PF,Shot Creator,1.3330587850457327,,103
Shot Chart Detail,22500427,194,1642272,Jared McCain,1610612755,Philadelphia 76ers,2,11,28,Missed Shot,Step Back Jump shot,2PT Field Goal,In The Paint (Non-RA),Center(C),8-16 ft.,14,-44,138,1,0,20251226,CHI,PHI,22500427194,7520,0,203083|1629656|1631230|1642272|1642845,0,REG,2026,1630581,-4.0,PG,Helper,-0.7182221566927236,MISS McCain 14' Step Back Jump Shot,SG,Shot Creator,-1.4543377940546427,,194
Shot Chart Detail,22500427,240,1642272,Jared McCain,1610612755,Philadelphia 76ers,2,7,57,Made Shot,Driving Finger Roll Layup Shot,2PT Field Goal,Restricted Area,Center(C),Less Than 8 ft.,1,12,10,1,1,20251226,CHI,PHI,22500427240,9630,0,203083|1631230|1642272|1642348|1642845,0,REG,2026,1630581,-9.0,PG,Helper,-0.7182221566927236,McCain 2' Driving Finger Roll Layup (6 PTS),SG,Shot Creator,-1.4543377940546427,,240
Shot Chart Detail,22500427,368,1631230,Dominick Barlow,1610612755,Philadelphia 76ers,2,0,32,Made Shot,Putback Layup Shot,2PT Field Goal,Restricted Area,Center(C),Less Than 8 ft.,0,0,0,1,1,20251226,CHI,PHI,22500427368,14080,0,202331|203954|1630178|1631230|1642845,0,REG,2026,1630581|202696,3.0,,,,,PF,Athletic Finisher,-1.2289619371853235,,368
Shot Chart Detail,22500427,410,1642845,VJ Edgecombe,1610612755,Philadelphia 76ers,3,8,25,Missed Shot,Jump Shot,3PT Field Goal,Left Corner 3,Left Side(L),24+ ft.,23,-235,-8,1,0,20251226,CHI,PHI,22500427410,16550,0,202331|203954|1630178|1631230|1642845,0,REG,2026,1630581,5.0,PG,Helper,-0.7182221566927236,MISS Edgecombe 24' 3PT Jump Shot,SG,Primary Ball Handler,-0.6233885320643092,,410
Shot Chart Detail,22500427,564,1642845,VJ Edgecombe,1610612755,Philadelphia 76ers,4,9,26,Missed Shot,Pullup Jump shot,2PT Field Goal,Mid-Range,Right Side Center(RC),16-24 ft.,20,131,152,1,0,20251226,CHI,PHI,22500427564,23140,0,202331|1629656|1631230|1641737|1642845,0,REG,2026,1630581,4.0,PG,Helper,-0.7182221566927236,MISS Edgecombe 20' Pullup Jump Shot,SG,Primary Ball Handler,-0.6233885320643092,,564
Shot Chart Detail,22500427,694,1642845,VJ Edgecombe,1610612755,Philadelphia 76ers,4,2,9,Missed Shot,Jump Shot,3PT Field Goal,Above the Break 3,Right Side Center(RC),24+ ft.,26,147,222,1,0,20251226,CHI,PHI,22500427694,27510,0,202331|203954|1629656|1630178|1642845,0,REG,2026,1630581,1.0,PG,Helper,-0.7182221566927236,MISS Edgecombe 27' 3PT Jump Shot,SG,Primary Ball Handler,-0.6233885320643092,,694
Shot Chart Detail,22500437,38,1626167,Myles Turner,1610612749,Milwaukee Bucks,1,8,29,Missed Shot,Driving Layup Shot,2PT Field Goal,Restricted Area,Center(C),Less Than 8 ft.,1,5,15,1,0,20251227,CHI,MIL,2250043738,2110,0,203507|1626167|1629645|1631157|1631260,0,REG,2026,202696|1630171|1630581,-7.0,,,,,C,Stretch Big,-0.5823942756013403,,38
Shot Chart Detail,22500437,40,203507,Giannis Antetokounmpo,1610612749,Milwaukee Bucks,1,8,27,Made Shot,Tip Layup Shot,2PT Field Goal,Restricted Area,Center(C),Less Than 8 ft.,0,0,0,1,1,20251227,CHI,MIL,2250043740,2130,0,203507|1626167|1629645|1631157|1631260,0,REG,2026,1641824|1629632|1630581,-5.0,,,,,PF,Shot Creator,4.4972252688372265,,40
Shot Chart Detail,22500437,50,1631157,Ryan Rollins,1610612749,Milwaukee Bucks,1,7,55,Made Shot,Jump Shot,3PT Field Goal,Left Corner 3,Left Side(L),24+ ft.,23,-237,-5,1,1,20251227,CHI,MIL,2250043750,2450,0,203507|1626167|1629645|1631157|1631260,0,REG,2026,1630581,-3.0,PG,Helper,-0.7182221566927236,Rollins 24' 3PT Jump Shot (6 PTS),PG,Primary Ball Handler,-0.0092256578323134,,50
Shot Chart Detail,22500437,240,1631260,AJ Green,1610612749,Milwaukee Bucks,2,5,31,Missed Shot,Jump Shot,3PT Field Goal,Right Corner 3,Right Side(R),24+ ft.,22,227,-1,1,0,20251227,CHI,MIL,22500437240,11090,0,203507|1626167|1629645|1631157|1631260,0,REG,2026,1630581,13.0,PG,Helper,-0.7182221566927236,MISS Green 3PT Jump Shot,SG,Movement Shooter,-1.036635736750534,,240
Shot Chart Detail,22500437,374,1631157,Ryan Rollins,1610612749,Milwaukee Bucks,3,6,31,Made Shot,Running Reverse Layup Shot,2PT Field Goal,Restricted Area,Center(C),Less Than 8 ft.,1,9,14,1,1,20251227,CHI,MIL,22500437374,17690,0,203914|1626167|1628398|1631157|1631260,0,REG,2026,202696|1630581,8.0,,,,,PG,Primary Ball Handler,-0.0092256578323134,,374
Shot Chart Detail,22500437,396,1631157,Ryan Rollins,1610612749,Milwaukee Bucks,3,5,32,Missed Shot,Jump Shot,3PT Field Goal,Above the Break 3,Right Side Center(RC),24+ ft.,29,125,267,1,0,20251227,CHI,MIL,22500437396,18280,0,203914|1626167|1626171|1628398|1631157,0,REG,2026,1630581,6.0,PG,Helper,-0.7182221566927236,MISS Rollins 29' 3PT Jump Shot,PG,Primary Ball Handler,-0.0092256578323134,,396
Shot Chart Detail,22500437,414,1626171,Bobby Portis,1610612749,Milwaukee Bucks,3,4,40,Missed Shot,Turnaround Hook Shot,2PT Field Goal,Mid-Range,Right Side(R),8-16 ft.,12,127,14,1,0,20251227,CHI,MIL,22500437414,18800,0,203914|1626171|1628398|1630579|1631157,0,REG,2026,1630200|1630581,3.0,,,,,PF,Versatile Big,-0.7647783238126211,,414
Shot Chart Detail,22500437,429,1626171,Bobby Portis,1610612749,Milwaukee Bucks,3,3,49,Made Shot,Putback Layup Shot,2PT Field Goal,Restricted Area,Center(C),Less Than 8 ft.,0,0,0,1,1,20251227,CHI,MIL,22500437429,19310,0,203914|1626171|1628398|1630579|1631157,0,REG,2026,1630200|1630581,5.0,,,,,PF,Versatile Big,-0.7647783238126211,,429
Shot Chart Detail,22500437,607,1629645,Kevin Porter Jr.,1610612749,Milwaukee Bucks,4,6,6,Missed Shot,Pullup Jump shot,2PT Field Goal,Mid-Range,Left Side(L),8-16 ft.,14,-114,82,1,0,20251227,CHI,MIL,22500437607,25140,0,1626171|1628398|1629645|1630579|1631157,0,REG,2026,1630581,3.0,PG,Helper,-0.7182221566927236,MISS Porter Jr. 14' Pullup Jump Shot,PG,Shot Creator,0.4863764043766996,,607
Shot Chart Detail,22500437,622,1631157,Ryan Rollins,1610612749,Milwaukee Bucks,4,5,14,Made Shot,Jump Shot,3PT Field Goal,Above the Break 3,Center(C),24+ ft.,25,11,256,1,1,20251227,CHI,MIL,22500437622,25660,0,203507|1626167|1628398|1629645|1631157,1,REG,2026,1630581,4.0,PG,Helper,-0.7182221566927236,Rollins 26' 3PT Jump Shot (16 PTS) (G. Antetokounmpo 1 AST),PG,Primary Ball Handler,-0.0092256578323134,203507.0,622
Shot Chart Detail,22500452,7,1630183,Jaden McDaniels,1610612750,Minnesota Timberwolves,1,11,43,Missed Shot,Pullup Jump shot,2PT Field Goal,Mid-Range,Right Side(R),16-24 ft.,18,159,85,1,0,20251229,CHI,MIN,225004527,170,0,203497|203944|1628978|1630162|1630183,0,REG,2026,1630581,0.0,PG,Helper,-0.7182221566927236,MISS McDaniels 18' Pullup Jump Shot,PF,Stationary Shooter,-1.1224771406723069,,7
Shot Chart Detail,22500452,30,1630183,Jaden McDaniels,1610612750,Minnesota Timberwolves,1,9,43,Made Shot,Driving Floating Jump Shot,2PT Field Goal,In The Paint (Non-RA),Center(C),Less Than 8 ft.,6,-28,57,1,1,20251229,CHI,MIN,2250045230,1370,0,203497|203944|1628978|1630162|1630183,0,REG,2026,1630581,3.0,PG,Helper,-0.7182221566927236,McDaniels 6' Driving Floating Jump Shot (2 PTS),PF,Stationary Shooter,-1.1224771406723069,,30
Shot Chart Detail,22500452,40,1630183,Jaden McDaniels,1610612750,Minnesota Timberwolves,1,8,47,Missed Shot,Jump Shot,2PT Field Goal,In The Paint (Non-RA),Center(C),Less Than 8 ft.,6,-60,35,1,0,20251229,CHI,MIN,2250045240,1930,0,203497|203944|1628978|1630162|1630183,0,REG,2026,1630581,2.0,PG,Helper,-0.7182221566927236,Buzelis BLOCK (1 BLK),PF,Stationary Shooter,-1.1224771406723069,,40
Shot Chart Detail,22500452,45,1628978,Donte DiVincenzo,1610612750,Minnesota Timberwolves,1,8,22,Missed Shot,Driving Finger Roll Layup Shot,2PT Field Goal,Restricted Area,Center(C),Less Than 8 ft.,3,-2,30,1,0,20251229,CHI,MIN,2250045245,2180,0,203497|203944|1628978|1630162|1630183,0,REG,2026,1630581,2.0,PG,Helper,-0.7182221566927236,MISS DiVincenzo 3' Driving Finger Roll Layup,SG,Movement Shooter,0.8114791449870694,,45
Shot Chart Detail,22500452,85,1629675,Naz Reid,1610612750,Minnesota Timberwolves,1,5,3,Made Shot,Running Jump Shot,3PT Field Goal,Above the Break 3,Left Side Center(LC),24+ ft.,25,-140,209,1,1,20251229,CHI,MIN,2250045285,4170,0,203497|1628978|1629675|1630162|1641740,1,REG,2026,1630581,2.0,PG,Helper,-0.7182221566927236,Reid 25' 3PT Running Jump Shot (3 PTS) (DiVincenzo 1 AST),C,Movement Shooter,0.6153461606213185,1628978.0,85
Shot Chart Detail,22500452,166,1630538,Bones Hyland,1610612750,Minnesota Timberwolves,2,10,53,Made Shot,Jump Shot,3PT Field Goal,Above the Break 3,Center(C),24+ ft.,25,7,253,1,1,20251229,CHI,MIN,22500452166,7870,0,201144|203497|1629675|1630183|1630538,1,REG,2026,1630581,-4.0,PG,Helper,-0.7182221566927236,Hyland 25' 3PT Jump Shot (3 PTS) (McDaniels 1 AST),PG,Secondary Ball Handler,1.932337178510965,1630183.0,166
Shot Chart Detail,22500452,191,1630538,Bones Hyland,1610612750,Minnesota Timberwolves,2,9,5,Made Shot,Pullup Jump shot,2PT Field Goal,In The Paint (Non-RA),Center(C),8-16 ft.,9,-16,96,1,1,20251229,CHI,MIN,22500452191,8950,0,201144|203497|1629675|1630183|1630538,0,REG,2026,1630581,-5.0,PG,Helper,-0.7182221566927236,Hyland 10' Pullup Jump Shot (7 PTS),PG,Secondary Ball Handler,1.932337178510965,,191
Shot Chart Detail,22500452,193,1629675,Naz Reid,1610612750,Minnesota Timberwolves,2,8,41,Missed Shot,Floating Jump shot,2PT Field Goal,In The Paint (Non-RA),Center(C),8-16 ft.,8,12,82,1,0,20251229,CHI,MIN,22500452193,9190,0,201144|203497|1629675|1630183|1630538,0,REG,2026,1630581,-5.0,PG,Helper,-0.7182221566927236,MISS Reid 8' Floating Jump Shot,C,Movement Shooter,0.6153461606213185,,193
Shot Chart Detail,22500452,211,203944,Julius Randle,1610612750,Minnesota Timberwolves,2,7,16,Made Shot,Floating Jump shot,2PT Field Goal,Mid-Range,Left Side(L),8-16 ft.,9,-94,11,1,1,20251229,CHI,MIN,22500452211,10040,0,203944|1628978|1629675|1630183|1630538,1,REG,2026,202696|1630581,-4.0,,,,,PF,Shot Creator,2.605771230692174,1629675.0,211
Shot Chart Detail,22500631,147,1630183,Jaden McDaniels,1610612750,Minnesota Timberwolves,1,2,18,Missed Shot,Driving Layup Shot,2PT Field Goal,In The Paint (Non-RA),Center(C),Less Than 8 ft.,4,36,31,1,0,20260122,MIN,CHI,22500631147,5820,0,201144|1629675|1630183|1630538|1642866,0,REG,2026,1630581,11.0,PG,Helper,-0.7182221566927236,MISS McDaniels 5' Driving Layup,PF,Stationary Shooter,-1.1224771406723069,,147
Shot Chart Detail,22500631,151,1630183,Jaden McDaniels,1610612750,Minnesota Timberwolves,1,1,46,Missed Shot,Driving Finger Roll Layup Shot,2PT Field Goal,Restricted Area,Center(C),Less Than 8 ft.,2,6,21,1,0,20260122,MIN,CHI,22500631151,6140,0,201144|1629675|1630183|1630538|1642866,0,REG,2026,1630581,9.0,PG,Helper,-0.7182221566927236,MISS McDaniels 2' Driving Finger Roll Layup,PF,Stationary Shooter,-1.1224771406723069,,151
Shot Chart Detail,22500631,165,1630183,Jaden McDaniels,1610612750,Minnesota Timberwolves,1,0,44,Made Shot,Jump Shot,3PT Field Goal,Above the Break 3,Center(C),24+ ft.,25,-50,252,1,1,20260122,MIN,CHI,22500631165,6760,0,201144|1629675|1630183|1630538|1642866,1,REG,2026,1630581,5.0,PG,Helper,-0.7182221566927236,McDaniels 26' 3PT Jump Shot (5 PTS) (Reid 2 AST),PF,Stationary Shooter,-1.1224771406723069,1629675.0,165
Shot Chart Detail,22500631,293,1630162,Anthony Edwards,1610612750,Minnesota Timberwolves,2,3,58,Made Shot,Step Back Jump shot,3PT Field Goal,Above the Break 3,Left Side Center(LC),24+ ft.,25,-158,194,1,1,20260122,MIN,CHI,22500631293,12020,0,203497|203944|1628978|1630162|1630183,0,REG,2026,1630581,5.0,PG,Helper,-0.7182221566927236,Edwards 25' 3PT Step Back Jump Shot (12 PTS),SG,Shot Creator,3.3392381624200187,,293
Shot Chart Detail,22500631,337,203497,Rudy Gobert,1610612750,Minnesota Timberwolves,2,0,57,Missed Shot,Turnaround Jump Shot,2PT Field Goal,In The Paint (Non-RA),Center(C),8-16 ft.,9,28,91,1,0,20260122,MIN,CHI,22500631337,13830,0,201144|203497|1628978|1629675|1630183,0,REG,2026,1630581,1.0,PG,Helper,-0.7182221566927236,MISS Gobert 10' Turnaround Jump Shot,C,Roll + Cut Big,-0.1527799110471909,,337
Shot Chart Detail,22500631,470,1629675,Naz Reid,1610612750,Minnesota Timberwolves,3,3,17,Made Shot,Step Back Jump shot,3PT Field Goal,Above the Break 3,Left Side Center(LC),24+ ft.,25,-98,239,1,1,20260122,MIN,CHI,22500631470,19630,0,201144|203497|1629675|1630162|1630183,1,REG,2026,1630581,2.0,PG,Helper,-0.7182221566927236,Reid 26' 3PT Step Back Jump Shot (14 PTS) (McDaniels 5 AST),C,Movement Shooter,0.6153461606213185,1630183.0,470
Shot Chart Detail,22500631,474,1630183,Jaden McDaniels,1610612750,Minnesota Timberwolves,3,2,53,Made Shot,Pullup Jump shot,2PT Field Goal,Mid-Range,Center(C),8-16 ft.,15,-42,150,1,1,20260122,MIN,CHI,22500631474,19870,0,201144|203497|1629675|1630162|1630183,0,REG,2026,1630188|1630581,1.0,,,,,PF,Stationary Shooter,-1.1224771406723069,,474
Shot Chart Detail,22500631,482,201144,Mike Conley,1610612750,Minnesota Timberwolves,3,2,3,Missed Shot,Jump Shot,3PT Field Goal,Right Corner 3,Right Side(R),24+ ft.,23,230,8,1,0,20260122,MIN,CHI,22500631482,20370,0,201144|203497|1629675|1630162|1630183,0,REG,2026,1630581,-2.0,PG,Helper,-0.7182221566927236,MISS Conley 3PT Jump Shot,PG,Primary Ball Handler,-0.98085482182495,,482
Shot Chart Detail,22500631,489,1629675,Naz Reid,1610612750,Minnesota Timberwolves,3,1,34,Made Shot,Driving Hook Shot,2PT Field Goal,In The Paint (Non-RA),Center(C),Less Than 8 ft.,6,-4,63,1,1,20260122,MIN,CHI,22500631489,20660,0,201144|203497|1629675|1630162|1641740,0,REG,2026,1630200|1630581,0.0,,,,,C,Movement Shooter,0.6153461606213185,,489
Shot Chart Detail,22500631,500,1641740,Jaylen Clark,1610612750,Minnesota Timberwolves,3,0,12,Missed Shot,Jump Shot,3PT Field Goal,Left Corner 3,Left Side(L),24+ ft.,22,-227,11,1,0,20260122,MIN,CHI,22500631500,21480,0,201144|203497|1629675|1630162|1641740,0,REG,2026,1630581,-3.0,PG,Helper,-0.7182221566927236,MISS Clark 3PT Jump Shot,SG,Stationary Shooter,-0.7509938164894007,,500
Shot Chart Detail,22500631,616,203497,Rudy Gobert,1610612750,Minnesota Timberwolves,4,5,43,Made Shot,Putback Layup Shot,2PT Field Goal,Restricted Area,Center(C),Less Than 8 ft.,2,24,6,1,1,20260122,MIN,CHI,22500631616,25370,0,203497|1628978|1629675|1630162|1630183,0,REG,2026,1630581|202696,3.0,,,,,C,Roll + Cut Big,-0.1527799110471909,,616
Shot Chart Detail,22500647,104,1631248,Baylor Scheierman,1610612738,Boston Celtics,1,3,33,Missed Shot,Driving Floating Jump Shot,2PT Field Goal,In The Paint (Non-RA),Center(C),Less Than 8 ft.,6,-5,62,1,0,20260124,CHI,BOS,22500647104,5070,0,1627759|1628401|1629014|1629674|1631248,0,REG,2026,1630581,-6.0,PG,Helper,-0.7182221566927236,MISS Scheierman 6' Driving Floating Jump Shot,SG,Movement Shooter,-2.299820346573287,,104
Shot Chart Detail,22500647,106,1631248,Baylor Scheierman,1610612738,Boston Celtics,1,3,28,Made Shot,Tip Layup Shot,2PT Field Goal,Restricted Area,Center(C),Less Than 8 ft.,0,0,0,1,1,20260124,CHI,BOS,22500647106,5120,0,1627759|1628401|1629014|1629674|1631248,0,REG,2026,1630581,-4.0,PG,Helper,-0.7182221566927236,Scheierman Tip Layup Shot (2 PTS),SG,Movement Shooter,-2.299820346573287,,106
Shot Chart Detail,22500647,128,1628401,Derrick White,1610612738,Boston Celtics,1,1,42,Made Shot,Running Layup Shot,2PT Field Goal,Restricted Area,Center(C),Less Than 8 ft.,0,5,7,1,1,20260124,CHI,BOS,22500647128,6180,0,1628401|1629014|1629674|1631248|1642864,1,REG,2026,1630581,-4.0,PG,Helper,-0.7182221566927236,White 1' Running Layup (5 PTS) (Simons 2 AST),SG,Primary Ball Handler,2.5866041688229955,1629014.0,128
Shot Chart Detail,22500647,159,1629014,Anfernee Simons,1610612738,Boston Celtics,2,10,58,Missed Shot,Pullup Jump shot,3PT Field Goal,Above the Break 3,Left Side Center(LC),24+ ft.,24,-110,223,1,0,20260124,CHI,BOS,22500647159,7820,0,1629014|1629674|1630202|1630573|1642864,0,REG,2026,1630581,0.0,PG,Helper,-0.7182221566927236,MISS Simons 25' 3PT Pullup Jump Shot,SG,Shot Creator,1.9331186743921656,,159
Shot Chart Detail,22500647,199,1629674,Neemias Queta,1610612738,Boston Celtics,2,8,15,Made Shot,Alley Oop Dunk Shot,2PT Field Goal,Restricted Area,Center(C),Less Than 8 ft.,0,2,7,1,1,20260124,CHI,BOS,22500647199,9450,0,1629014|1629674|1630202|1630573|1642864,1,REG,2026,1630581|1630172,0.0,,,,,C,Roll + Cut Big,0.5858145355185038,1630202.0,199
Shot Chart Detail,22500647,218,1641775,Jordan Walsh,1610612738,Boston Celtics,2,7,36,Made Shot,Jump Shot,3PT Field Goal,Left Corner 3,Left Side(L),24+ ft.,23,-230,-6,1,1,20260124,CHI,BOS,22500647218,9840,0,1627759|1629014|1630202|1630568|1641775,1,REG,2026,1630581,3.0,PG,Helper,-0.7182221566927236,Walsh 3PT Jump Shot (3 PTS) (Pritchard 5 AST),PF,Stationary Shooter,-0.8639567092679619,1630202.0,218
Shot Chart Detail,22500647,291,1629014,Anfernee Simons,1610612738,Boston Celtics,2,1,33,Made Shot,Jump Shot,3PT Field Goal,Above the Break 3,Right Side Center(RC),24+ ft.,26,157,211,1,1,20260124,CHI,BOS,22500647291,13470,0,1627759|1628401|1629014|1629674|1641775,1,REG,2026,1630581,8.0,PG,Helper,-0.7182221566927236,Simons 26' 3PT Jump Shot (12 PTS) (Brown 2 AST),SG,Shot Creator,1.9331186743921656,1627759.0,291
Shot Chart Detail,22500647,464,1628401,Derrick White,1610612738,Boston Celtics,3,0,0,Missed Shot,Driving Floating Jump Shot,2PT Field Goal,In The Paint (Non-RA),Center(C),8-16 ft.,11,43,108,1,0,20260124,CHI,BOS,22500647464,21600,0,1627759|1628401|1629014|1630202|1630573,0,REG,2026,1630581,-3.0,PG,Helper,-0.7182221566927236,MISS White 12' Driving Floating Jump Shot,SG,Primary Ball Handler,2.5866041688229955,,464
Shot Chart Detail,22500647,480,1629014,Anfernee Simons,1610612738,Boston Celtics,4,11,17,Made Shot,Step Back Jump shot,3PT Field Goal,Above the Break 3,Left Side Center(LC),24+ ft.,25,-102,239,1,1,20260124,CHI,BOS,22500647480,22030,0,1628401|1629014|1629674|1641775|1642864,0,REG,2026,1630581,0.0,PG,Helper,-0.7182221566927236,Simons 26' 3PT Step Back Jump Shot (21 PTS),SG,Shot Creator,1.9331186743921656,,480
Shot Chart Detail,22500647,486,1642864,Hugo González,1610612738,Boston Celtics,4,10,25,Made Shot,Jump Shot,3PT Field Goal,Left Corner 3,Left Side(L),24+ ft.,23,-233,-11,1,1,20260124,CHI,BOS,22500647486,22550,0,1628401|1629014|1629674|1641775|1642864,1,REG,2026,1630581,-2.0,PG,Helper,-0.7182221566927236,Gonzalez 3PT Jump Shot (3 PTS) (Simons 4 AST),SF,Stationary Shooter,-2.147376764841824,1629014.0,486
Shot Chart Detail,22500647,506,1629014,Anfernee Simons,1610612738,Boston Celtics,4,7,58,Missed Shot,Pullup Jump shot,3PT Field Goal,Above the Break 3,Center(C),24+ ft.,26,61,255,1,0,20260124,CHI,BOS,22500647506,24020,0,1628401|1629014|1629674|1641775|1642864,0,REG,2026,1630581,-1.0,PG,Helper,-0.7182221566927236,MISS Simons 26' 3PT Pullup Jump Shot,SG,Shot Creator,1.9331186743921656,,506
Shot Chart Detail,22500647,510,1629674,Neemias Queta,1610612738,Boston Celtics,4,7,32,Missed Shot,Layup Shot,2PT Field Goal,Restricted Area,Center(C),Less Than 8 ft.,1,-10,11,1,0,20260124,CHI,BOS,22500647510,24280,0,1628401|1629014|1629674|1641775|1642864,0,REG,2026,1630581|1630172|202696,-1.0,,,,,C,Roll + Cut Big,0.5858145355185038,,510
Shot Chart Detail,22500647,528,1628401,Derrick White,1610612738,Boston Celtics,4,6,32,Made Shot,Jump Shot,3PT Field Goal,Above the Break 3,Center(C),24+ ft.,26,-9,269,1,1,20260124,CHI,BOS,22500647528,24880,0,1627759|1628401|1629014|1630568|1630573,1,REG,2026,1630581,1.0,PG,Helper,-0.7182221566927236,White 27' 3PT Jump Shot (13 PTS) (Brown 5 AST),SG,Primary Ball Handler,2.5866041688229955,1627759.0,528
Shot Chart Detail,22500647,616,1627759,Jaylen Brown,1610612738,Boston Celtics,4,0,14,Made Shot,Running Layup Shot,2PT Field Goal,Restricted Area,Center(C),Less Than 8 ft.,0,-9,4,1,1,20260124,CHI,BOS,22500647616,28660,0,1627759|1628401|1629674|1630573|1642864,0,REG,2026,1630581,0.0,PG,Helper,-0.7182221566927236,Brown 1' Running Layup (33 PTS),SF,Shot Creator,2.15101098068354,,616
Shot Chart Detail,22501209,14,1642851,Kon Knueppel,1610612766,Charlotte Hornets,1,10,48,Made Shot,Jump Shot,3PT Field Goal,Above the Break 3,Left Side Center(LC),24+ ft.,25,-119,221,1,1,20251212,CHA,CHI,2250120914,720,0,1628970|1641706|1641750|1642354|1642851,1,REG,2026,1630581,0.0,PG,Helper,-0.7182221566927236,Knueppel 25' 3PT Jump Shot (5 PTS) (Miller 1 AST),SF,Movement Shooter,0.3978948799989575,1641706.0,14
Shot Chart Detail,22501209,25,1642851,Kon Knueppel,1610612766,Charlotte Hornets,1,9,40,Made Shot,Driving Dunk Shot,2PT Field Goal,Restricted Area,Center(C),Less Than 8 ft.,0,4,0,1,1,20251212,CHA,CHI,2250120925,1400,0,1628970|1641706|1641750|1642354|1642851,0,REG,2026,1630581,-3.0,PG,Helper,-0.7182221566927236,Knueppel Driving Dunk (7 PTS),SF,Movement Shooter,0.3978948799989575,,25
Shot Chart Detail,22501209,50,1642354,KJ Simpson,1610612766,Charlotte Hornets,1,7,30,Made Shot,Pullup Jump shot,3PT Field Goal,Above the Break 3,Left Side Center(LC),24+ ft.,25,-134,219,1,1,20251212,CHA,CHI,2250120950,2700,0,1628970|1641706|1641750|1642354|1642851,0,REG,2026,1630581|1631207,-4.0,,,,,PG,Primary Ball Handler,-0.6872673280221547,,50
Shot Chart Detail,22501209,182,1641809,Drew Peterson,1610612766,Charlotte Hornets,2,9,53,Missed Shot,Fadeaway Jump Shot,2PT Field Goal,In The Paint (Non-RA),Center(C),Less Than 8 ft.,7,76,10,1,0,20251212,CHA,CHI,22501209182,8470,0,1641750|1641809|1642275|1642354|1642851,0,REG,2026,1630581,1.0,PG,Helper,-0.7182221566927236,MISS Peterson 8' Fadeaway Jumper,PF,Low Minute,-0.2799546519261785,,182
Shot Chart Detail,22501209,283,1628970,Miles Bridges,1610612766,Charlotte Hornets,2,2,52,Made Shot,Jump Shot,3PT Field Goal,Above the Break 3,Left Side Center(LC),24+ ft.,25,-104,237,1,1,20251212,CHA,CHI,22501209283,12680,0,1628970|1641706|1641750|1642851|1642883,1,REG,2026,1630581,7.0,PG,Helper,-0.7182221566927236,Bridges 26' 3PT Jump Shot (15 PTS) (Knueppel 5 AST),PF,Shot Creator,0.8736467948282557,1642851.0,283
Shot Chart Detail,22501209,292,1628970,Miles Bridges,1610612766,Charlotte Hornets,2,1,26,Made Shot,Jump Shot,3PT Field Goal,Above the Break 3,Right Side Center(RC),24+ ft.,24,225,108,1,1,20251212,CHA,CHI,22501209292,13540,0,1628970|1641706|1641750|1642851|1642883,1,REG,2026,1630581,7.0,PG,Helper,-0.7182221566927236,Bridges 25' 3PT Jump Shot (20 PTS) (Miller 2 AST),PF,Shot Creator,0.8736467948282557,1641706.0,292
Shot Chart Detail,22501209,300,1628970,Miles Bridges,1610612766,Charlotte Hornets,2,0,29,Missed Shot,Step Back Jump shot,3PT Field Goal,Right Corner 3,Right Side(R),24+ ft.,25,237,85,1,0,20251212,CHA,CHI,22501209300,14110,0,1628970|1641706|1641750|1642851|1642883,0,REG,2026,1630581,8.0,PG,Helper,-0.7182221566927236,MISS Bridges 25' 3PT Step Back Jump Shot,PF,Shot Creator,0.8736467948282557,,300
Shot Chart Detail,22501209,316,1641706,Brandon Miller,1610612766,Charlotte Hornets,3,11,10,Made Shot,Pullup Jump shot,2PT Field Goal,In The Paint (Non-RA),Center(C),8-16 ft.,12,-44,113,1,1,20251212,CHA,CHI,22501209316,14900,0,1628970|1641706|1641750|1642354|1642851,0,REG,2026,1630581,8.0,PG,Helper,-0.7182221566927236,Miller 12' Pullup Jump Shot (6 PTS),SF,Shot Creator,0.467668046570714,,316
Shot Chart Detail,22501209,327,1642851,Kon Knueppel,1610612766,Charlotte Hornets,3,10,1,Made Shot,Running Jump Shot,3PT Field Goal,Above the Break 3,Right Side Center(RC),24+ ft.,25,208,147,1,1,20251212,CHA,CHI,22501209327,15590,0,1628970|1641706|1641750|1642354|1642851,1,REG,2026,1630581,7.0,PG,Helper,-0.7182221566927236,Knueppel 25' 3PT Running Jump Shot (20 PTS) (Bridges 3 AST),SF,Movement Shooter,0.3978948799989575,1628970.0,327
Shot Chart Detail,22501209,343,1642354,KJ Simpson,1610612766,Charlotte Hornets,3,8,47,Made Shot,Step Back Jump shot,3PT Field Goal,Above the Break 3,Right Side Center(RC),24+ ft.,26,148,217,1,1,20251212,CHA,CHI,22501209343,16330,0,1628970|1641706|1641750|1642354|1642851,0,REG,2026,1630581,8.0,PG,Helper,-0.7182221566927236,Simpson 26' 3PT Step Back Jump Shot (8 PTS),PG,Primary Ball Handler,-0.6872673280221547,,343
Shot Chart Detail,22501209,379,1642883,Sion James,1610612766,Charlotte Hornets,3,6,30,Made Shot,Driving Hook Shot,2PT Field Goal,Restricted Area,Center(C),Less Than 8 ft.,3,12,38,1,1,20251212,CHA,CHI,22501209379,17700,0,1628970|1641706|1641750|1642851|1642883,1,REG,2026,1630581,10.0,PG,Helper,-0.7182221566927236,James 4' Driving Hook Shot (5 PTS) (Knueppel 6 AST),SG,Movement Shooter,-1.3623650165149364,1642851.0,379
Shot Chart Detail,22501209,391,1642851,Kon Knueppel,1610612766,Charlotte Hornets,3,5,20,Made Shot,Jump Shot,3PT Field Goal,Above the Break 3,Center(C),24+ ft.,27,22,270,1,1,20251212,CHA,CHI,22501209391,18400,0,1628970|1641706|1641750|1642851|1642883,1,REG,2026,1630581,13.0,PG,Helper,-0.7182221566927236,Knueppel 27' 3PT Jump Shot (25 PTS) (Bridges 6 AST),SF,Movement Shooter,0.3978948799989575,1628970.0,391
Shot Chart Detail,22501209,438,1641706,Brandon Miller,1610612766,Charlotte Hornets,3,2,39,Missed Shot,Pullup Jump shot,2PT Field Goal,In The Paint (Non-RA),Center(C),8-16 ft.,9,5,92,1,0,20251212,CHA,CHI,22501209438,20010,0,1630182|1631217|1641706|1642275|1642883,0,REG,2026,1630581,8.0,PG,Helper,-0.7182221566927236,MISS Miller 9' Pullup Jump Shot,SF,Shot Creator,0.467668046570714,,438
Shot Chart Detail,22501209,454,1642883,Sion James,1610612766,Charlotte Hornets,3,1,9,Made Shot,Driving Layup Shot,2PT Field Goal,Restricted Area,Center(C),Less Than 8 ft.,1,10,12,1,1,20251212,CHA,CHI,22501209454,20910,0,1631217|1641706|1642275|1642851|1642883,1,REG,2026,1630581|1628380,8.0,,,,,SG,Movement Shooter,-1.3623650165149364,1641706.0,454
Shot Chart Detail,22501209,648,1628970,Miles Bridges,1610612766,Charlotte Hornets,4,0,37,Made Shot,Cutting Layup Shot,2PT Field Goal,Restricted Area,Center(C),Less Than 8 ft.,1,13,4,1,1,20251212,CHA,CHI,22501209648,28430,0,1628970|1641706|1642275|1642851|1642883,1,REG,2026,1630581,-3.0,PG,Helper,-0.7182221566927236,Bridges 1' Cutting Layup Shot (29 PTS) (James 1 AST),PF,Shot Creator,0.8736467948282557,1642883.0,648
Shot Chart Detail,22501223,19,1630529,Herbert Jones,1610612740,New Orleans Pelicans,1,10,47,Missed Shot,Jump Shot,3PT Field Goal,Above the Break 3,Right Side Center(RC),24+ ft.,25,103,232,1,0,20251214,CHI,NOP,2250122319,730,0,1630180|1630529|1630530|1642847|1642852,0,REG,2026,1630581,2.0,PG,Helper,-0.7182221566927236,MISS Jones 25' 3PT Jump Shot,SF,Movement Shooter,-0.5852087438421985,,19
Shot Chart Detail,22501223,28,1630529,Herbert Jones,1610612740,New Orleans Pelicans,1,9,31,Missed Shot,Jump Shot,3PT Field Goal,Right Corner 3,Right Side(R),24+ ft.,22,224,12,1,0,20251214,CHI,NOP,2250122328,1490,0,1630180|1630529|1630530|1642847|1642852,0,REG,2026,1630581,-1.0,PG,Helper,-0.7182221566927236,MISS Jones 3PT Jump Shot,SF,Movement Shooter,-0.5852087438421985,,28
Shot Chart Detail,22501223,42,1630529,Herbert Jones,1610612740,New Orleans Pelicans,1,8,19,Missed Shot,Jump Shot,3PT Field Goal,Above the Break 3,Left Side Center(LC),24+ ft.,25,-214,132,1,0,20251214,CHI,NOP,2250122342,2210,0,1630180|1630529|1630530|1642847|1642852,0,REG,2026,1630581,-5.0,PG,Helper,-0.7182221566927236,MISS Jones 25' 3PT Jump Shot,SF,Movement Shooter,-0.5852087438421985,,42
Shot Chart Detail,22501223,76,1630631,Jose Alvarado,1610612740,New Orleans Pelicans,1,6,35,Missed Shot,Jump Shot,3PT Field Goal,Above the Break 3,Right Side Center(RC),24+ ft.,26,118,233,1,0,20251214,CHI,NOP,2250122376,3250,0,1629627|1629673|1630530|1630631|1642852,0,REG,2026,1630581,-2.0,PG,Helper,-0.7182221566927236,MISS Alvarado 26' 3PT Jump Shot,PG,Primary Ball Handler,-0.4051117234409035,,76
Shot Chart Detail,22501223,234,1630529,Herbert Jones,1610612740,New Orleans Pelicans,2,8,23,Made Shot,Pullup Jump shot,3PT Field Goal,Above the Break 3,Right Side Center(RC),24+ ft.,26,172,197,1,1,20251214,CHI,NOP,22501223234,9370,0,1630180|1630529|1631121|1642274|1642847,0,REG,2026,1630581|1628989,2.0,,,,,SF,Movement Shooter,-0.5852087438421985,,234
Shot Chart Detail,22501223,400,1630180,Saddiq Bey,1610612740,New Orleans Pelicans,3,9,38,Made Shot,Turnaround Fadeaway shot,2PT Field Goal,Mid-Range,Left Side(L),8-16 ft.,10,-108,8,1,1,20251214,CHI,NOP,22501223400,15820,0,1630180|1630529|1630530|1642847|1642852,0,REG,2026,1630581,12.0,PG,Helper,-0.7182221566927236,Bey 11' Turnaround Fadeaway (8 PTS),SF,Shot Creator,1.7697795065006423,,400
Shot Chart Detail,22501223,491,1629673,Jordan Poole,1610612740,New Orleans Pelicans,3,2,50,Missed Shot,Driving Layup Shot,2PT Field Goal,Restricted Area,Center(C),Less Than 8 ft.,1,-5,14,1,0,20251214,CHI,NOP,22501223491,19900,0,1629627|1629673|1630631|1631121|1642274,0,REG,2026,1630581,6.0,PG,Helper,-0.7182221566927236,MISS Poole 1' Driving Layup,PG,Primary Ball Handler,1.2365995559031675,,491
Shot Chart Detail,22501223,633,1631255,Karlo Matković,1610612740,New Orleans Pelicans,4,5,39,Missed Shot,Running Alley Oop Dunk Shot,2PT Field Goal,Restricted Area,Center(C),Less Than 8 ft.,0,9,4,1,0,20251214,CHI,NOP,22501223633,25410,0,1629627|1630180|1630530|1631255|1642847,0,REG,2026,1630581,6.0,PG,Helper,-0.7182221566927236,MISS Matkovic 1' Running Alley Oop Dunk Shot,PF,Stretch Big,-1.3255727349890702,,633
